ISO-10303-21;
HEADER;
FILE_NAME('Open CASCADE Shape Model','2026-09-29T05:42:44',('Author'),(
    'Open CASCADE'),'Open CASCADE STEP processor 8.0','Open CASCADE 8.0'
  ,'Unknown');
FILE_DESCRIPTION(('Open CASCADE Model'),'2;1');
FILE_SCHEMA((''));
ENDSEC;
DATA;
#1 = APPLICATION_PROTOCOL_DEFINITION('international standard',
  'automotive_design',2000,#2);
#2 = APPLICATION_CONTEXT(
  'core data for automotive mechanical design processes');
#3 = SHAPE_DEFINITION_REPRESENTATION(#4,#10);
#4 = PRODUCT_DEFINITION_SHAPE('','',#5);
#5 = PRODUCT_DEFINITION('design','',#6,#9);
#6 = PRODUCT_DEFINITION_FORMATION('','',#7);
#7 = PRODUCT('Open CASCADE STEP translator 8.0 1',
  'Open CASCADE STEP translator 8.0 1','',(#8));
#8 = PRODUCT_CONTEXT('',#2,'mechanical');
#9 = PRODUCT_DEFINITION_CONTEXT('part definition',#2,'design');
#10 = ADVANCED_BREP_SHAPE_REPRESENTATION('',(#11,#15),#9901);
#11 = AXIS2_PLACEMENT_3D('',#12,#13,#14);
#12 = CARTESIAN_POINT('',(0.,0.,0.));
#13 = DIRECTION('',(0.,0.,1.));
#14 = DIRECTION('',(1.,0.,-0.));
#15 = MANIFOLD_SOLID_BREP('',#16);
#16 = CLOSED_SHELL('',(#17,#181,#831,#2042,#2620,#3664,#3875,#3928,#3996
    ,#4024,#4054,#4244,#4348,#4355,#4383,#4907,#4915,#4964,#5519,#5547,
    #6071,#6079,#6128,#6679,#6732,#7225,#7232,#7280,#7835,#7863,#8339,
    #8347,#8396,#8891,#8919,#9443,#9451,#9478,#9505,#9532,#9559,#9566,
    #9573,#9600,#9627,#9634,#9641,#9648,#9655,#9662,#9689,#9716,#9745,
    #9752,#9779,#9786,#9813,#9840,#9847,#9874));
#17 = ADVANCED_FACE('',(#18),#39,.T.);
#18 = FACE_BOUND('',#19,.T.);
#19 = EDGE_LOOP('',(#20,#76,#105,#154));
#20 = ORIENTED_EDGE('',*,*,#21,.F.);
#21 = EDGE_CURVE('',#22,#24,#26,.T.);
#22 = VERTEX_POINT('',#23);
#23 = CARTESIAN_POINT('',(94.615009380119,-16.24807680927,5.));
#24 = VERTEX_POINT('',#25);
#25 = CARTESIAN_POINT('',(94.615009380119,-16.24807680927,-5.));
#26 = SURFACE_CURVE('',#27,(#38,#57),.PCURVE_S1.);
#27 = B_SPLINE_CURVE_WITH_KNOTS('',5,(#28,#29,#30,#31,#32,#33,#34,#35,
    #36,#37),.UNSPECIFIED.,.F.,.F.,(6,4,6),(0.,0.499999961215,1.),
  .UNSPECIFIED.);
#28 = CARTESIAN_POINT('',(94.615009411547,-16.24807662626,5.000000597359
    ));
#29 = CARTESIAN_POINT('',(94.563030075078,-16.55076016981,4.016395632513
    ));
#30 = CARTESIAN_POINT('',(94.523128007605,-16.77586431643,3.020120946645
    ));
#31 = CARTESIAN_POINT('',(94.49624726876,-16.9252818412,2.016037779263)
  );
#32 = CARTESIAN_POINT('',(94.482802667999,-17.,1.008052285941));
#33 = CARTESIAN_POINT('',(94.482802667999,-17.,-1.00805244233));
#34 = CARTESIAN_POINT('',(94.496247270911,-16.92528181769,
    -2.016037330154));
#35 = CARTESIAN_POINT('',(94.523127983415,-16.77586447068,
    -3.020120834913));
#36 = CARTESIAN_POINT('',(94.563030114114,-16.55075994248,
    -4.016396371945));
#37 = CARTESIAN_POINT('',(94.615009411416,-16.24807662702,
    -5.000000596117));
#38 = PCURVE('',#39,#44);
#39 = CYLINDRICAL_SURFACE('',#40,96.);
#40 = AXIS2_PLACEMENT_3D('',#41,#42,#43);
#41 = CARTESIAN_POINT('',(0.,0.,-5.));
#42 = DIRECTION('',(0.,0.,1.));
#43 = DIRECTION('',(1.,0.,-0.));
#44 = DEFINITIONAL_REPRESENTATION('',(#45),#56);
#45 = B_SPLINE_CURVE_WITH_KNOTS('',5,(#46,#47,#48,#49,#50,#51,#52,#53,
    #54,#55),.UNSPECIFIED.,.F.,.F.,(6,4,6),(0.,0.499999961215,1.),
  .UNSPECIFIED.);
#46 = CARTESIAN_POINT('',(6.113115856501,10.0000006));
#47 = CARTESIAN_POINT('',(6.109916749452,9.016395635154));
#48 = CARTESIAN_POINT('',(6.107535392868,8.020120939873));
#49 = CARTESIAN_POINT('',(6.105953964705,7.016037783125));
#50 = CARTESIAN_POINT('',(6.105163153056,6.008052285941));
#51 = CARTESIAN_POINT('',(6.105163153056,3.99194755767));
#52 = CARTESIAN_POINT('',(6.105953964954,2.983962664342));
#53 = CARTESIAN_POINT('',(6.107535391238,1.979879174828));
#54 = CARTESIAN_POINT('',(6.109916751854,0.983603624172));
#55 = CARTESIAN_POINT('',(6.113115856492,-6.E-07));
#56 = ( GEOMETRIC_REPRESENTATION_CONTEXT(2) 
PARAMETRIC_REPRESENTATION_CONTEXT() REPRESENTATION_CONTEXT('2D SPACE',''
  ) );
#57 = PCURVE('',#58,#63);
#58 = CYLINDRICAL_SURFACE('',#59,17.);
#59 = AXIS2_PLACEMENT_3D('',#60,#61,#62);
#60 = CARTESIAN_POINT('',(40.,0.,0.));
#61 = DIRECTION('',(1.,0.,0.));
#62 = DIRECTION('',(-0.,0.,1.));
#63 = DEFINITIONAL_REPRESENTATION('',(#64),#75);
#64 = B_SPLINE_CURVE_WITH_KNOTS('',5,(#65,#66,#67,#68,#69,#70,#71,#72,
    #73,#74),.UNSPECIFIED.,.F.,.F.,(6,4,6),(0.,0.499999961215,1.),
  .UNSPECIFIED.);
#65 = CARTESIAN_POINT('',(1.272264089008,54.615009411547));
#66 = CARTESIAN_POINT('',(1.332800790518,54.563030075078));
#67 = CARTESIAN_POINT('',(1.392707660309,54.523128007605));
#68 = CARTESIAN_POINT('',(1.452205913283,54.49624726876));
#69 = CARTESIAN_POINT('',(1.511499133504,54.482802667999));
#70 = CARTESIAN_POINT('',(1.630093529285,54.482802667999));
#71 = CARTESIAN_POINT('',(1.689386714487,54.496247270911));
#72 = CARTESIAN_POINT('',(1.748884984963,54.523127983415));
#73 = CARTESIAN_POINT('',(1.808791908507,54.563030114114));
#74 = CARTESIAN_POINT('',(1.869328564429,54.615009411416));
#75 = ( GEOMETRIC_REPRESENTATION_CONTEXT(2) 
PARAMETRIC_REPRESENTATION_CONTEXT() REPRESENTATION_CONTEXT('2D SPACE',''
  ) );
#76 = ORIENTED_EDGE('',*,*,#77,.F.);
#77 = EDGE_CURVE('',#78,#22,#80,.T.);
#78 = VERTEX_POINT('',#79);
#79 = CARTESIAN_POINT('',(61.379689574914,-73.81418364845,5.));
#80 = SURFACE_CURVE('',#81,(#86,#93),.PCURVE_S1.);
#81 = CIRCLE('',#82,96.);
#82 = AXIS2_PLACEMENT_3D('',#83,#84,#85);
#83 = CARTESIAN_POINT('',(0.,0.,5.));
#84 = DIRECTION('',(0.,0.,1.));
#85 = DIRECTION('',(1.,0.,-0.));
#86 = PCURVE('',#39,#87);
#87 = DEFINITIONAL_REPRESENTATION('',(#88),#92);
#88 = LINE('',#89,#90);
#89 = CARTESIAN_POINT('',(0.,10.));
#90 = VECTOR('',#91,1.);
#91 = DIRECTION('',(1.,0.));
#92 = ( GEOMETRIC_REPRESENTATION_CONTEXT(2) 
PARAMETRIC_REPRESENTATION_CONTEXT() REPRESENTATION_CONTEXT('2D SPACE',''
  ) );
#93 = PCURVE('',#94,#99);
#94 = PLANE('',#95);
#95 = AXIS2_PLACEMENT_3D('',#96,#97,#98);
#96 = CARTESIAN_POINT('',(0.,0.,5.));
#97 = DIRECTION('',(0.,0.,1.));
#98 = DIRECTION('',(1.,0.,-0.));
#99 = DEFINITIONAL_REPRESENTATION('',(#100),#104);
#100 = CIRCLE('',#101,96.);
#101 = AXIS2_PLACEMENT_2D('',#102,#103);
#102 = CARTESIAN_POINT('',(0.,0.));
#103 = DIRECTION('',(1.,0.));
#104 = ( GEOMETRIC_REPRESENTATION_CONTEXT(2) 
PARAMETRIC_REPRESENTATION_CONTEXT() REPRESENTATION_CONTEXT('2D SPACE',''
  ) );
#105 = ORIENTED_EDGE('',*,*,#106,.F.);
#106 = EDGE_CURVE('',#107,#78,#109,.T.);
#107 = VERTEX_POINT('',#108);
#108 = CARTESIAN_POINT('',(61.379689574914,-73.81418364845,-5.));
#109 = SURFACE_CURVE('',#110,(#121,#135),.PCURVE_S1.);
#110 = B_SPLINE_CURVE_WITH_KNOTS('',5,(#111,#112,#113,#114,#115,#116,
    #117,#118,#119,#120),.UNSPECIFIED.,.F.,.F.,(6,4,6),(0.,
    0.499999965317,1.),.UNSPECIFIED.);
#111 = CARTESIAN_POINT('',(61.379689432728,-73.81418376668,
    -5.000000596126));
#112 = CARTESIAN_POINT('',(61.615828896206,-73.61782357963,
    -4.01639568128));
#113 = CARTESIAN_POINT('',(61.790821917391,-73.47071306794,
    -3.020120993445));
#114 = CARTESIAN_POINT('',(61.906779675992,-73.37272342915,
    -2.016037673238));
#115 = CARTESIAN_POINT('',(61.964764573816,-73.32372025007,
    -1.008052330424));
#116 = CARTESIAN_POINT('',(61.964764573816,-73.32372025007,
    1.008052470272));
#117 = CARTESIAN_POINT('',(61.906779659559,-73.37272344056,
    2.016037259922));
#118 = CARTESIAN_POINT('',(61.790822025181,-73.47071298106,
    3.020120905783));
#119 = CARTESIAN_POINT('',(61.615828737328,-73.61782371175,4.01639634307
    ));
#120 = CARTESIAN_POINT('',(61.379689432733,-73.81418376668,
    5.000000596117));
#121 = PCURVE('',#39,#122);
#122 = DEFINITIONAL_REPRESENTATION('',(#123),#134);
#123 = B_SPLINE_CURVE_WITH_KNOTS('',5,(#124,#125,#126,#127,#128,#129,
    #130,#131,#132,#133),.UNSPECIFIED.,.F.,.F.,(6,4,6),(0.,
    0.499999965317,1.),.UNSPECIFIED.);
#124 = CARTESIAN_POINT('',(5.406069908842,-6.E-07));
#125 = CARTESIAN_POINT('',(5.409269015726,0.983604314846));
#126 = CARTESIAN_POINT('',(5.411650372499,1.979879016467));
#127 = CARTESIAN_POINT('',(5.413231800671,2.983962321114));
#128 = CARTESIAN_POINT('',(5.414022612278,3.991947669576));
#129 = CARTESIAN_POINT('',(5.414022612278,6.008052470272));
#130 = CARTESIAN_POINT('',(5.41323180046,7.016037265427));
#131 = CARTESIAN_POINT('',(5.411650373945,8.020120896041));
#132 = CARTESIAN_POINT('',(5.409269013574,9.016396346953));
#133 = CARTESIAN_POINT('',(5.406069908842,10.0000006));
#134 = ( GEOMETRIC_REPRESENTATION_CONTEXT(2) 
PARAMETRIC_REPRESENTATION_CONTEXT() REPRESENTATION_CONTEXT('2D SPACE',''
  ) );
#135 = PCURVE('',#136,#141);
#136 = CYLINDRICAL_SURFACE('',#137,17.);
#137 = AXIS2_PLACEMENT_3D('',#138,#139,#140);
#138 = CARTESIAN_POINT('',(20.,-34.64,0.));
#139 = DIRECTION('',(0.500011000363,-0.866019052629,0.));
#140 = DIRECTION('',(-0.866019052629,-0.500011000363,0.));
#141 = DEFINITIONAL_REPRESENTATION('',(#142),#153);
#142 = B_SPLINE_CURVE_WITH_KNOTS('',5,(#143,#144,#145,#146,#147,#148,
    #149,#150,#151,#152),.UNSPECIFIED.,.F.,.F.,(6,4,6),(0.,
    0.499999965317,1.),.UNSPECIFIED.);
#143 = CARTESIAN_POINT('',(2.843060415954,54.615889421097));
#144 = CARTESIAN_POINT('',(2.903597114385,54.563910087296));
#145 = CARTESIAN_POINT('',(2.963503984247,54.524008016908));
#146 = CARTESIAN_POINT('',(3.023002246408,54.497127277634));
#147 = CARTESIAN_POINT('',(3.082295457683,54.483682677679));
#148 = CARTESIAN_POINT('',(3.200889857723,54.483682677679));
#149 = CARTESIAN_POINT('',(3.26018303709,54.497127279296));
#150 = CARTESIAN_POINT('',(3.319681316048,54.524007995565));
#151 = CARTESIAN_POINT('',(3.379588233525,54.563910122269));
#152 = CARTESIAN_POINT('',(3.440124891224,54.615889421096));
#153 = ( GEOMETRIC_REPRESENTATION_CONTEXT(2) 
PARAMETRIC_REPRESENTATION_CONTEXT() REPRESENTATION_CONTEXT('2D SPACE',''
  ) );
#154 = ORIENTED_EDGE('',*,*,#155,.T.);
#155 = EDGE_CURVE('',#107,#24,#156,.T.);
#156 = SURFACE_CURVE('',#157,(#162,#169),.PCURVE_S1.);
#157 = CIRCLE('',#158,96.);
#158 = AXIS2_PLACEMENT_3D('',#159,#160,#161);
#159 = CARTESIAN_POINT('',(0.,0.,-5.));
#160 = DIRECTION('',(0.,0.,1.));
#161 = DIRECTION('',(1.,0.,-0.));
#162 = PCURVE('',#39,#163);
#163 = DEFINITIONAL_REPRESENTATION('',(#164),#168);
#164 = LINE('',#165,#166);
#165 = CARTESIAN_POINT('',(0.,0.));
#166 = VECTOR('',#167,1.);
#167 = DIRECTION('',(1.,0.));
#168 = ( GEOMETRIC_REPRESENTATION_CONTEXT(2) 
PARAMETRIC_REPRESENTATION_CONTEXT() REPRESENTATION_CONTEXT('2D SPACE',''
  ) );
#169 = PCURVE('',#170,#175);
#170 = PLANE('',#171);
#171 = AXIS2_PLACEMENT_3D('',#172,#173,#174);
#172 = CARTESIAN_POINT('',(0.,0.,-5.));
#173 = DIRECTION('',(0.,0.,1.));
#174 = DIRECTION('',(1.,0.,-0.));
#175 = DEFINITIONAL_REPRESENTATION('',(#176),#180);
#176 = CIRCLE('',#177,96.);
#177 = AXIS2_PLACEMENT_2D('',#178,#179);
#178 = CARTESIAN_POINT('',(0.,0.));
#179 = DIRECTION('',(1.,0.));
#180 = ( GEOMETRIC_REPRESENTATION_CONTEXT(2) 
PARAMETRIC_REPRESENTATION_CONTEXT() REPRESENTATION_CONTEXT('2D SPACE',''
  ) );
#181 = ADVANCED_FACE('',(#182,#660),#58,.T.);
#182 = FACE_BOUND('',#183,.T.);
#183 = EDGE_LOOP('',(#184,#283,#306,#333,#334,#424,#447,#476,#495,#496,
    #517,#546,#567,#616,#637,#659));
#184 = ORIENTED_EDGE('',*,*,#185,.F.);
#185 = EDGE_CURVE('',#186,#188,#190,.T.);
#186 = VERTEX_POINT('',#187);
#187 = CARTESIAN_POINT('',(52.1,1.82472373073E-15,17.));
#188 = VERTEX_POINT('',#189);
#189 = CARTESIAN_POINT('',(47.9,4.163799117101E-15,17.));
#190 = SURFACE_CURVE('',#191,(#218,#248),.PCURVE_S1.);
#191 = B_SPLINE_CURVE_WITH_KNOTS('',7,(#192,#193,#194,#195,#196,#197,
    #198,#199,#200,#201,#202,#203,#204,#205,#206,#207,#208,#209,#210,
    #211,#212,#213,#214,#215,#216,#217),.UNSPECIFIED.,.F.,.F.,(8,6,6,6,8
    ),(0.,0.245388204781,0.500010346582,0.754645727992,1.),
  .UNSPECIFIED.);
#192 = CARTESIAN_POINT('',(52.1,1.82472373073E-15,17.));
#193 = CARTESIAN_POINT('',(52.1,0.27899941845,17.));
#194 = CARTESIAN_POINT('',(52.056755626913,0.550472901491,
    16.994657900753));
#195 = CARTESIAN_POINT('',(51.974463131763,0.806637734836,
    16.984493160459));
#196 = CARTESIAN_POINT('',(51.858790815705,1.041038338694,
    16.970884385458));
#197 = CARTESIAN_POINT('',(51.716819137908,1.248771335965,
    16.955713808497));
#198 = CARTESIAN_POINT('',(51.556945775955,1.426953058062,
    16.940660624667));
#199 = CARTESIAN_POINT('',(51.214235050869,1.7290932051,16.912543114244)
  );
#200 = CARTESIAN_POINT('',(51.026060501836,1.854901793688,
    16.899189425933));
#201 = CARTESIAN_POINT('',(50.828710521609,1.953857542309,
    16.887763503364));
#202 = CARTESIAN_POINT('',(50.62530589442,2.027149266282,16.8788642531)
  );
#203 = CARTESIAN_POINT('',(50.418166319286,2.075695874102,
    16.872820918917));
#204 = CARTESIAN_POINT('',(50.209160749736,2.1,16.869795493722));
#205 = CARTESIAN_POINT('',(49.790828374514,2.1,16.869795493722));
#206 = CARTESIAN_POINT('',(49.581824959155,2.075693391604,
    16.872821225149));
#207 = CARTESIAN_POINT('',(49.374691588935,2.027147035299,
    16.878864538349));
#208 = CARTESIAN_POINT('',(49.171291229214,1.953857720332,
    16.887763425674));
#209 = CARTESIAN_POINT('',(48.973941359071,1.854903362392,
    16.899189279712));
#210 = CARTESIAN_POINT('',(48.785765018643,1.729093266383,
    16.912543108541));
#211 = CARTESIAN_POINT('',(48.443086158607,1.426981212166,
    16.940658004614));
#212 = CARTESIAN_POINT('',(48.283199021748,1.248801523859,
    16.955711583142));
#213 = CARTESIAN_POINT('',(48.141199727498,1.04104297115,16.970884917));
#214 = CARTESIAN_POINT('',(48.025510572722,0.806600866758,16.98449640028
    ));
#215 = CARTESIAN_POINT('',(47.943223828592,0.550401825964,
    16.994660441865));
#216 = CARTESIAN_POINT('',(47.9,0.278933156591,17.));
#217 = CARTESIAN_POINT('',(47.9,2.467663300282E-15,17.));
#218 = PCURVE('',#58,#219);
#219 = DEFINITIONAL_REPRESENTATION('',(#220),#247);
#220 = B_SPLINE_CURVE_WITH_KNOTS('',7,(#221,#222,#223,#224,#225,#226,
    #227,#228,#229,#230,#231,#232,#233,#234,#235,#236,#237,#238,#239,
    #240,#241,#242,#243,#244,#245,#246),.UNSPECIFIED.,.F.,.F.,(8,6,6,6,8
    ),(0.,0.245388204781,0.500010346582,0.754645727992,1.),
  .UNSPECIFIED.);
#221 = CARTESIAN_POINT('',(6.28318530718,12.1));
#222 = CARTESIAN_POINT('',(6.266773576683,12.1));
#223 = CARTESIAN_POINT('',(6.25080454024,12.056755626913));
#224 = CARTESIAN_POINT('',(6.235728845604,11.974463131763));
#225 = CARTESIAN_POINT('',(6.221920532851,11.858790815705));
#226 = CARTESIAN_POINT('',(6.209669694371,11.716819137908));
#227 = CARTESIAN_POINT('',(6.199151467225,11.556945775955));
#228 = CARTESIAN_POINT('',(6.181301723075,11.214235050869));
#229 = CARTESIAN_POINT('',(6.173860270454,11.026060501836));
#230 = CARTESIAN_POINT('',(6.168000883341,10.828710521609));
#231 = CARTESIAN_POINT('',(6.163657966482,10.62530589442));
#232 = CARTESIAN_POINT('',(6.160780240153,10.418166319286));
#233 = CARTESIAN_POINT('',(6.159339551804,10.209160749736));
#234 = CARTESIAN_POINT('',(6.159339551804,9.790828374514));
#235 = CARTESIAN_POINT('',(6.160780387272,9.581824959155));
#236 = CARTESIAN_POINT('',(6.163658098814,9.374691588935));
#237 = CARTESIAN_POINT('',(6.168000872382,9.171291229214));
#238 = CARTESIAN_POINT('',(6.173860177808,8.973941359071));
#239 = CARTESIAN_POINT('',(6.181301719454,8.785765018643));
#240 = CARTESIAN_POINT('',(6.199149803946,8.443086158607));
#241 = CARTESIAN_POINT('',(6.209667913922,8.283199021748));
#242 = CARTESIAN_POINT('',(6.221920264532,8.141199727499));
#243 = CARTESIAN_POINT('',(6.23573101974,8.025510572722));
#244 = CARTESIAN_POINT('',(6.250808721168,7.943223828592));
#245 = CARTESIAN_POINT('',(6.266777474439,7.9));
#246 = CARTESIAN_POINT('',(6.28318530718,7.9));
#247 = ( GEOMETRIC_REPRESENTATION_CONTEXT(2) 
PARAMETRIC_REPRESENTATION_CONTEXT() REPRESENTATION_CONTEXT('2D SPACE',''
  ) );
#248 = PCURVE('',#249,#254);
#249 = CYLINDRICAL_SURFACE('',#250,2.1);
#250 = AXIS2_PLACEMENT_3D('',#251,#252,#253);
#251 = CARTESIAN_POINT('',(50.,0.,-20.));
#252 = DIRECTION('',(0.,0.,1.));
#253 = DIRECTION('',(1.,0.,-0.));
#254 = DEFINITIONAL_REPRESENTATION('',(#255),#282);
#255 = B_SPLINE_CURVE_WITH_KNOTS('',7,(#256,#257,#258,#259,#260,#261,
    #262,#263,#264,#265,#266,#267,#268,#269,#270,#271,#272,#273,#274,
    #275,#276,#277,#278,#279,#280,#281),.UNSPECIFIED.,.F.,.F.,(8,6,6,6,8
    ),(0.,0.245388204781,0.500010346582,0.754645727992,1.),
  .UNSPECIFIED.);
#256 = CARTESIAN_POINT('',(0.,37.));
#257 = CARTESIAN_POINT('',(0.132856865928,37.));
#258 = CARTESIAN_POINT('',(0.262129859914,36.994657900753));
#259 = CARTESIAN_POINT('',(0.387943671449,36.984493160459));
#260 = CARTESIAN_POINT('',(0.510124032445,36.970884385458));
#261 = CARTESIAN_POINT('',(0.62824054874,36.955713808497));
#262 = CARTESIAN_POINT('',(0.741457981802,36.940660624667));
#263 = CARTESIAN_POINT('',(0.959019873609,36.912543114244));
#264 = CARTESIAN_POINT('',(1.065853585147,36.899189425933));
#265 = CARTESIAN_POINT('',(1.16972863053,36.887763503364));
#266 = CARTESIAN_POINT('',(1.271417201678,36.8788642531));
#267 = CARTESIAN_POINT('',(1.371669661727,36.872820918917));
#268 = CARTESIAN_POINT('',(1.471195969778,36.869795493722));
#269 = CARTESIAN_POINT('',(1.67040186274,36.869795493722));
#270 = CARTESIAN_POINT('',(1.769927129815,36.872821225149));
#271 = CARTESIAN_POINT('',(1.870176923585,36.878864538349));
#272 = CARTESIAN_POINT('',(1.971863307638,36.887763425674));
#273 = CARTESIAN_POINT('',(2.07573791738,36.899189279712));
#274 = CARTESIAN_POINT('',(2.182572735853,36.912543108541));
#275 = CARTESIAN_POINT('',(2.400114398878,36.940658004614));
#276 = CARTESIAN_POINT('',(2.513336115462,36.955711583142));
#277 = CARTESIAN_POINT('',(2.631469387111,36.970884917));
#278 = CARTESIAN_POINT('',(2.753669231281,36.98449640028));
#279 = CARTESIAN_POINT('',(2.879496646385,36.994660441865));
#280 = CARTESIAN_POINT('',(3.008767340927,37.));
#281 = CARTESIAN_POINT('',(3.14159265359,37.));
#282 = ( GEOMETRIC_REPRESENTATION_CONTEXT(2) 
PARAMETRIC_REPRESENTATION_CONTEXT() REPRESENTATION_CONTEXT('2D SPACE',''
  ) );
#283 = ORIENTED_EDGE('',*,*,#284,.T.);
#284 = EDGE_CURVE('',#186,#285,#287,.T.);
#285 = VERTEX_POINT('',#286);
#286 = CARTESIAN_POINT('',(100.,4.163799117101E-15,17.));
#287 = SEAM_CURVE('',#288,(#292,#299),.PCURVE_S1.);
#288 = LINE('',#289,#290);
#289 = CARTESIAN_POINT('',(40.,4.163799117101E-15,17.));
#290 = VECTOR('',#291,1.);
#291 = DIRECTION('',(1.,0.,0.));
#292 = PCURVE('',#58,#293);
#293 = DEFINITIONAL_REPRESENTATION('',(#294),#298);
#294 = LINE('',#295,#296);
#295 = CARTESIAN_POINT('',(0.,-0.));
#296 = VECTOR('',#297,1.);
#297 = DIRECTION('',(0.,1.));
#298 = ( GEOMETRIC_REPRESENTATION_CONTEXT(2) 
PARAMETRIC_REPRESENTATION_CONTEXT() REPRESENTATION_CONTEXT('2D SPACE',''
  ) );
#299 = PCURVE('',#58,#300);
#300 = DEFINITIONAL_REPRESENTATION('',(#301),#305);
#301 = LINE('',#302,#303);
#302 = CARTESIAN_POINT('',(6.28318530718,-0.));
#303 = VECTOR('',#304,1.);
#304 = DIRECTION('',(0.,1.));
#305 = ( GEOMETRIC_REPRESENTATION_CONTEXT(2) 
PARAMETRIC_REPRESENTATION_CONTEXT() REPRESENTATION_CONTEXT('2D SPACE',''
  ) );
#306 = ORIENTED_EDGE('',*,*,#307,.F.);
#307 = EDGE_CURVE('',#285,#285,#308,.T.);
#308 = SURFACE_CURVE('',#309,(#314,#321),.PCURVE_S1.);
#309 = CIRCLE('',#310,17.);
#310 = AXIS2_PLACEMENT_3D('',#311,#312,#313);
#311 = CARTESIAN_POINT('',(100.,0.,0.));
#312 = DIRECTION('',(1.,0.,0.));
#313 = DIRECTION('',(-0.,0.,1.));
#314 = PCURVE('',#58,#315);
#315 = DEFINITIONAL_REPRESENTATION('',(#316),#320);
#316 = LINE('',#317,#318);
#317 = CARTESIAN_POINT('',(0.,60.));
#318 = VECTOR('',#319,1.);
#319 = DIRECTION('',(1.,0.));
#320 = ( GEOMETRIC_REPRESENTATION_CONTEXT(2) 
PARAMETRIC_REPRESENTATION_CONTEXT() REPRESENTATION_CONTEXT('2D SPACE',''
  ) );
#321 = PCURVE('',#322,#327);
#322 = PLANE('',#323);
#323 = AXIS2_PLACEMENT_3D('',#324,#325,#326);
#324 = CARTESIAN_POINT('',(100.,0.,0.));
#325 = DIRECTION('',(1.,0.,0.));
#326 = DIRECTION('',(-0.,0.,1.));
#327 = DEFINITIONAL_REPRESENTATION('',(#328),#332);
#328 = CIRCLE('',#329,17.);
#329 = AXIS2_PLACEMENT_2D('',#330,#331);
#330 = CARTESIAN_POINT('',(0.,0.));
#331 = DIRECTION('',(1.,0.));
#332 = ( GEOMETRIC_REPRESENTATION_CONTEXT(2) 
PARAMETRIC_REPRESENTATION_CONTEXT() REPRESENTATION_CONTEXT('2D SPACE',''
  ) );
#333 = ORIENTED_EDGE('',*,*,#284,.F.);
#334 = ORIENTED_EDGE('',*,*,#335,.F.);
#335 = EDGE_CURVE('',#188,#186,#336,.T.);
#336 = SURFACE_CURVE('',#337,(#364,#394),.PCURVE_S1.);
#337 = B_SPLINE_CURVE_WITH_KNOTS('',7,(#338,#339,#340,#341,#342,#343,
    #344,#345,#346,#347,#348,#349,#350,#351,#352,#353,#354,#355,#356,
    #357,#358,#359,#360,#361,#362,#363),.UNSPECIFIED.,.F.,.F.,(8,6,6,6,8
    ),(0.,0.245413444364,0.500053675056,0.754693175642,1.),
  .UNSPECIFIED.);
#338 = CARTESIAN_POINT('',(47.9,4.440892098501E-16,17.));
#339 = CARTESIAN_POINT('',(47.9,-0.27899941845,17.));
#340 = CARTESIAN_POINT('',(47.943244373087,-0.550472901491,
    16.994657900753));
#341 = CARTESIAN_POINT('',(48.025536868237,-0.806637734836,
    16.984493160459));
#342 = CARTESIAN_POINT('',(48.141209184295,-1.041038338694,
    16.970884385458));
#343 = CARTESIAN_POINT('',(48.283180862092,-1.248771335965,
    16.955713808497));
#344 = CARTESIAN_POINT('',(48.443054224045,-1.426953058062,
    16.940660624667));
#345 = CARTESIAN_POINT('',(48.785759397592,-1.72908831076,
    16.912543569717));
#346 = CARTESIAN_POINT('',(48.973938666959,-1.854903581117,
    16.899189364119));
#347 = CARTESIAN_POINT('',(49.17129534203,-1.953860779536,
    16.887763039315));
#348 = CARTESIAN_POINT('',(49.374698641669,-2.027148891724,
    16.878864306999));
#349 = CARTESIAN_POINT('',(49.581829095486,-2.075693230289,
    16.872821245869));
#350 = CARTESIAN_POINT('',(49.790827774773,-2.1,16.869795493722));
#351 = CARTESIAN_POINT('',(50.209171625486,-2.1,16.869795493722));
#352 = CARTESIAN_POINT('',(50.418175040843,-2.075693391604,
    16.872821225149));
#353 = CARTESIAN_POINT('',(50.625308411067,-2.027147035299,
    16.878864538349));
#354 = CARTESIAN_POINT('',(50.828708770784,-1.953857720333,
    16.887763425674));
#355 = CARTESIAN_POINT('',(51.02605864093,-1.854903362391,
    16.899189279712));
#356 = CARTESIAN_POINT('',(51.214234981357,-1.729093266383,
    16.912543108541));
#357 = CARTESIAN_POINT('',(51.556878602411,-1.427012279507,
    16.940655113451));
#358 = CARTESIAN_POINT('',(51.716790485894,-1.248826379457,
    16.955709905447));
#359 = CARTESIAN_POINT('',(51.858820169593,-1.041032242295,
    16.970886704407));
#360 = CARTESIAN_POINT('',(51.974520194983,-0.806547213737,
    16.984500225935));
#361 = CARTESIAN_POINT('',(52.056795725308,-0.550323989143,
    16.994662851203));
#362 = CARTESIAN_POINT('',(52.1,-0.27887005421,17.));
#363 = CARTESIAN_POINT('',(52.1,-4.440892098501E-16,17.));
#364 = PCURVE('',#58,#365);
#365 = DEFINITIONAL_REPRESENTATION('',(#366),#393);
#366 = B_SPLINE_CURVE_WITH_KNOTS('',7,(#367,#368,#369,#370,#371,#372,
    #373,#374,#375,#376,#377,#378,#379,#380,#381,#382,#383,#384,#385,
    #386,#387,#388,#389,#390,#391,#392),.UNSPECIFIED.,.F.,.F.,(8,6,6,6,8
    ),(0.,0.245413444364,0.500053675056,0.754693175642,1.),
  .UNSPECIFIED.);
#367 = CARTESIAN_POINT('',(0.,7.9));
#368 = CARTESIAN_POINT('',(1.641173049704E-02,7.9));
#369 = CARTESIAN_POINT('',(3.238076693968E-02,7.943244373087));
#370 = CARTESIAN_POINT('',(4.745646157512E-02,8.025536868238));
#371 = CARTESIAN_POINT('',(6.126477432894E-02,8.141209184295));
#372 = CARTESIAN_POINT('',(7.351561280852E-02,8.283180862092));
#373 = CARTESIAN_POINT('',(8.403383995422E-02,8.443054224045));
#374 = CARTESIAN_POINT('',(0.101883294959,8.785759397592));
#375 = CARTESIAN_POINT('',(0.109325141712,8.973938666959));
#376 = CARTESIAN_POINT('',(0.115184616033,9.17129534203));
#377 = CARTESIAN_POINT('',(0.119527318498,9.374698641669));
#378 = CARTESIAN_POINT('',(0.122404910313,9.581829095486));
#379 = CARTESIAN_POINT('',(0.123845755375,9.790827774773));
#380 = CARTESIAN_POINT('',(0.123845755375,10.209171625486));
#381 = CARTESIAN_POINT('',(0.122404919908,10.418175040843));
#382 = CARTESIAN_POINT('',(0.119527208365,10.625308411067));
#383 = CARTESIAN_POINT('',(0.115184434798,10.828708770784));
#384 = CARTESIAN_POINT('',(0.109325129372,11.02605864093));
#385 = CARTESIAN_POINT('',(0.101883587725,11.214234981357));
#386 = CARTESIAN_POINT('',(8.403733862083E-02,11.556878602411));
#387 = CARTESIAN_POINT('',(7.351885822398E-02,11.716790485894));
#388 = CARTESIAN_POINT('',(6.126440501339E-02,11.858820169593));
#389 = CARTESIAN_POINT('',(4.745112592597E-02,11.974520194983));
#390 = CARTESIAN_POINT('',(3.237200753587E-02,12.056795725309));
#391 = CARTESIAN_POINT('',(1.640412083591E-02,12.1));
#392 = CARTESIAN_POINT('',(0.,12.1));
#393 = ( GEOMETRIC_REPRESENTATION_CONTEXT(2) 
PARAMETRIC_REPRESENTATION_CONTEXT() REPRESENTATION_CONTEXT('2D SPACE',''
  ) );
#394 = PCURVE('',#249,#395);
#395 = DEFINITIONAL_REPRESENTATION('',(#396),#423);
#396 = B_SPLINE_CURVE_WITH_KNOTS('',7,(#397,#398,#399,#400,#401,#402,
    #403,#404,#405,#406,#407,#408,#409,#410,#411,#412,#413,#414,#415,
    #416,#417,#418,#419,#420,#421,#422),.UNSPECIFIED.,.F.,.F.,(8,6,6,6,8
    ),(0.,0.245413444364,0.500053675056,0.754693175642,1.),
  .UNSPECIFIED.);
#397 = CARTESIAN_POINT('',(3.14159265359,37.));
#398 = CARTESIAN_POINT('',(3.274449519518,37.));
#399 = CARTESIAN_POINT('',(3.403722513504,36.994657900753));
#400 = CARTESIAN_POINT('',(3.529536325039,36.984493160459));
#401 = CARTESIAN_POINT('',(3.651716686035,36.970884385458));
#402 = CARTESIAN_POINT('',(3.76983320233,36.955713808497));
#403 = CARTESIAN_POINT('',(3.883050635392,36.940660624667));
#404 = CARTESIAN_POINT('',(4.100609002934,36.912543569717));
#405 = CARTESIAN_POINT('',(4.207446494201,36.899189364119));
#406 = CARTESIAN_POINT('',(4.311324231844,36.887763039315));
#407 = CARTESIAN_POINT('',(4.413011756179,36.878864306999));
#408 = CARTESIAN_POINT('',(4.513260136265,36.872821245869));
#409 = CARTESIAN_POINT('',(4.612783158848,36.869795493722));
#410 = CARTESIAN_POINT('',(4.81199451633,36.869795493722));
#411 = CARTESIAN_POINT('',(4.911519783404,36.872821225149));
#412 = CARTESIAN_POINT('',(5.011769577175,36.878864538349));
#413 = CARTESIAN_POINT('',(5.113455961226,36.887763425674));
#414 = CARTESIAN_POINT('',(5.217330570971,36.899189279712));
#415 = CARTESIAN_POINT('',(5.324165389443,36.912543108541));
#416 = CARTESIAN_POINT('',(5.541684681824,36.940655113451));
#417 = CARTESIAN_POINT('',(5.65491720423,36.955709905447));
#418 = CARTESIAN_POINT('',(5.773071231937,36.970886704407));
#419 = CARTESIAN_POINT('',(5.895289999891,36.984500225935));
#420 = CARTESIAN_POINT('',(6.02112637111,36.994662851203));
#421 = CARTESIAN_POINT('',(6.15039004327,37.));
#422 = CARTESIAN_POINT('',(6.28318530718,37.));
#423 = ( GEOMETRIC_REPRESENTATION_CONTEXT(2) 
PARAMETRIC_REPRESENTATION_CONTEXT() REPRESENTATION_CONTEXT('2D SPACE',''
  ) );
#424 = ORIENTED_EDGE('',*,*,#425,.F.);
#425 = EDGE_CURVE('',#426,#188,#428,.T.);
#426 = VERTEX_POINT('',#427);
#427 = CARTESIAN_POINT('',(40.,4.163799117101E-15,17.));
#428 = SEAM_CURVE('',#429,(#433,#440),.PCURVE_S1.);
#429 = LINE('',#430,#431);
#430 = CARTESIAN_POINT('',(40.,4.163799117101E-15,17.));
#431 = VECTOR('',#432,1.);
#432 = DIRECTION('',(1.,0.,0.));
#433 = PCURVE('',#58,#434);
#434 = DEFINITIONAL_REPRESENTATION('',(#435),#439);
#435 = LINE('',#436,#437);
#436 = CARTESIAN_POINT('',(6.28318530718,-0.));
#437 = VECTOR('',#438,1.);
#438 = DIRECTION('',(0.,1.));
#439 = ( GEOMETRIC_REPRESENTATION_CONTEXT(2) 
PARAMETRIC_REPRESENTATION_CONTEXT() REPRESENTATION_CONTEXT('2D SPACE',''
  ) );
#440 = PCURVE('',#58,#441);
#441 = DEFINITIONAL_REPRESENTATION('',(#442),#446);
#442 = LINE('',#443,#444);
#443 = CARTESIAN_POINT('',(0.,-0.));
#444 = VECTOR('',#445,1.);
#445 = DIRECTION('',(0.,1.));
#446 = ( GEOMETRIC_REPRESENTATION_CONTEXT(2) 
PARAMETRIC_REPRESENTATION_CONTEXT() REPRESENTATION_CONTEXT('2D SPACE',''
  ) );
#447 = ORIENTED_EDGE('',*,*,#448,.T.);
#448 = EDGE_CURVE('',#426,#449,#451,.T.);
#449 = VERTEX_POINT('',#450);
#450 = CARTESIAN_POINT('',(40.,-16.24807680927,5.));
#451 = SURFACE_CURVE('',#452,(#457,#464),.PCURVE_S1.);
#452 = CIRCLE('',#453,17.);
#453 = AXIS2_PLACEMENT_3D('',#454,#455,#456);
#454 = CARTESIAN_POINT('',(40.,0.,0.));
#455 = DIRECTION('',(1.,0.,0.));
#456 = DIRECTION('',(-0.,0.,1.));
#457 = PCURVE('',#58,#458);
#458 = DEFINITIONAL_REPRESENTATION('',(#459),#463);
#459 = LINE('',#460,#461);
#460 = CARTESIAN_POINT('',(0.,0.));
#461 = VECTOR('',#462,1.);
#462 = DIRECTION('',(1.,0.));
#463 = ( GEOMETRIC_REPRESENTATION_CONTEXT(2) 
PARAMETRIC_REPRESENTATION_CONTEXT() REPRESENTATION_CONTEXT('2D SPACE',''
  ) );
#464 = PCURVE('',#465,#470);
#465 = PLANE('',#466);
#466 = AXIS2_PLACEMENT_3D('',#467,#468,#469);
#467 = CARTESIAN_POINT('',(40.,0.,0.));
#468 = DIRECTION('',(1.,0.,0.));
#469 = DIRECTION('',(-0.,0.,1.));
#470 = DEFINITIONAL_REPRESENTATION('',(#471),#475);
#471 = CIRCLE('',#472,17.);
#472 = AXIS2_PLACEMENT_2D('',#473,#474);
#473 = CARTESIAN_POINT('',(0.,0.));
#474 = DIRECTION('',(1.,0.));
#475 = ( GEOMETRIC_REPRESENTATION_CONTEXT(2) 
PARAMETRIC_REPRESENTATION_CONTEXT() REPRESENTATION_CONTEXT('2D SPACE',''
  ) );
#476 = ORIENTED_EDGE('',*,*,#477,.T.);
#477 = EDGE_CURVE('',#449,#22,#478,.T.);
#478 = SURFACE_CURVE('',#479,(#483,#489),.PCURVE_S1.);
#479 = LINE('',#480,#481);
#480 = CARTESIAN_POINT('',(40.,-16.24807680927,5.));
#481 = VECTOR('',#482,1.);
#482 = DIRECTION('',(1.,0.,0.));
#483 = PCURVE('',#58,#484);
#484 = DEFINITIONAL_REPRESENTATION('',(#485),#488);
#485 = B_SPLINE_CURVE_WITH_KNOTS('',1,(#486,#487),.UNSPECIFIED.,.F.,.F.,
  (2,2),(-5.999999999062E-07,60.0000006),.PIECEWISE_BEZIER_KNOTS.);
#486 = CARTESIAN_POINT('',(1.27226412561,-5.999999999062E-07));
#487 = CARTESIAN_POINT('',(1.27226412561,60.0000006));
#488 = ( GEOMETRIC_REPRESENTATION_CONTEXT(2) 
PARAMETRIC_REPRESENTATION_CONTEXT() REPRESENTATION_CONTEXT('2D SPACE',''
  ) );
#489 = PCURVE('',#94,#490);
#490 = DEFINITIONAL_REPRESENTATION('',(#491),#494);
#491 = B_SPLINE_CURVE_WITH_KNOTS('',1,(#492,#493),.UNSPECIFIED.,.F.,.F.,
  (2,2),(-5.999999999062E-07,60.0000006),.PIECEWISE_BEZIER_KNOTS.);
#492 = CARTESIAN_POINT('',(39.9999994,-16.24807680927));
#493 = CARTESIAN_POINT('',(100.0000006,-16.24807680927));
#494 = ( GEOMETRIC_REPRESENTATION_CONTEXT(2) 
PARAMETRIC_REPRESENTATION_CONTEXT() REPRESENTATION_CONTEXT('2D SPACE',''
  ) );
#495 = ORIENTED_EDGE('',*,*,#21,.T.);
#496 = ORIENTED_EDGE('',*,*,#497,.F.);
#497 = EDGE_CURVE('',#498,#24,#500,.T.);
#498 = VERTEX_POINT('',#499);
#499 = CARTESIAN_POINT('',(40.,-16.24807680927,-5.));
#500 = SURFACE_CURVE('',#501,(#505,#511),.PCURVE_S1.);
#501 = LINE('',#502,#503);
#502 = CARTESIAN_POINT('',(40.,-16.24807680927,-5.));
#503 = VECTOR('',#504,1.);
#504 = DIRECTION('',(1.,0.,0.));
#505 = PCURVE('',#58,#506);
#506 = DEFINITIONAL_REPRESENTATION('',(#507),#510);
#507 = B_SPLINE_CURVE_WITH_KNOTS('',1,(#508,#509),.UNSPECIFIED.,.F.,.F.,
  (2,2),(-5.999999999062E-07,60.0000006),.PIECEWISE_BEZIER_KNOTS.);
#508 = CARTESIAN_POINT('',(1.86932852798,-5.999999999062E-07));
#509 = CARTESIAN_POINT('',(1.86932852798,60.0000006));
#510 = ( GEOMETRIC_REPRESENTATION_CONTEXT(2) 
PARAMETRIC_REPRESENTATION_CONTEXT() REPRESENTATION_CONTEXT('2D SPACE',''
  ) );
#511 = PCURVE('',#170,#512);
#512 = DEFINITIONAL_REPRESENTATION('',(#513),#516);
#513 = B_SPLINE_CURVE_WITH_KNOTS('',1,(#514,#515),.UNSPECIFIED.,.F.,.F.,
  (2,2),(-5.999999999062E-07,60.0000006),.PIECEWISE_BEZIER_KNOTS.);
#514 = CARTESIAN_POINT('',(39.9999994,-16.24807680927));
#515 = CARTESIAN_POINT('',(100.0000006,-16.24807680927));
#516 = ( GEOMETRIC_REPRESENTATION_CONTEXT(2) 
PARAMETRIC_REPRESENTATION_CONTEXT() REPRESENTATION_CONTEXT('2D SPACE',''
  ) );
#517 = ORIENTED_EDGE('',*,*,#518,.T.);
#518 = EDGE_CURVE('',#498,#519,#521,.T.);
#519 = VERTEX_POINT('',#520);
#520 = CARTESIAN_POINT('',(40.,16.248076809272,-5.));
#521 = SURFACE_CURVE('',#522,(#527,#534),.PCURVE_S1.);
#522 = CIRCLE('',#523,17.);
#523 = AXIS2_PLACEMENT_3D('',#524,#525,#526);
#524 = CARTESIAN_POINT('',(40.,0.,0.));
#525 = DIRECTION('',(1.,0.,0.));
#526 = DIRECTION('',(-0.,0.,1.));
#527 = PCURVE('',#58,#528);
#528 = DEFINITIONAL_REPRESENTATION('',(#529),#533);
#529 = LINE('',#530,#531);
#530 = CARTESIAN_POINT('',(0.,0.));
#531 = VECTOR('',#532,1.);
#532 = DIRECTION('',(1.,0.));
#533 = ( GEOMETRIC_REPRESENTATION_CONTEXT(2) 
PARAMETRIC_REPRESENTATION_CONTEXT() REPRESENTATION_CONTEXT('2D SPACE',''
  ) );
#534 = PCURVE('',#535,#540);
#535 = PLANE('',#536);
#536 = AXIS2_PLACEMENT_3D('',#537,#538,#539);
#537 = CARTESIAN_POINT('',(40.,0.,0.));
#538 = DIRECTION('',(1.,0.,0.));
#539 = DIRECTION('',(-0.,0.,1.));
#540 = DEFINITIONAL_REPRESENTATION('',(#541),#545);
#541 = CIRCLE('',#542,17.);
#542 = AXIS2_PLACEMENT_2D('',#543,#544);
#543 = CARTESIAN_POINT('',(0.,0.));
#544 = DIRECTION('',(1.,0.));
#545 = ( GEOMETRIC_REPRESENTATION_CONTEXT(2) 
PARAMETRIC_REPRESENTATION_CONTEXT() REPRESENTATION_CONTEXT('2D SPACE',''
  ) );
#546 = ORIENTED_EDGE('',*,*,#547,.T.);
#547 = EDGE_CURVE('',#519,#548,#550,.T.);
#548 = VERTEX_POINT('',#549);
#549 = CARTESIAN_POINT('',(94.615009380119,16.248076809272,-5.));
#550 = SURFACE_CURVE('',#551,(#555,#561),.PCURVE_S1.);
#551 = LINE('',#552,#553);
#552 = CARTESIAN_POINT('',(40.,16.248076809272,-5.));
#553 = VECTOR('',#554,1.);
#554 = DIRECTION('',(1.,0.,0.));
#555 = PCURVE('',#58,#556);
#556 = DEFINITIONAL_REPRESENTATION('',(#557),#560);
#557 = B_SPLINE_CURVE_WITH_KNOTS('',1,(#558,#559),.UNSPECIFIED.,.F.,.F.,
  (2,2),(-5.999999999062E-07,60.0000006),.PIECEWISE_BEZIER_KNOTS.);
#558 = CARTESIAN_POINT('',(4.4138567792,-5.999999999062E-07));
#559 = CARTESIAN_POINT('',(4.4138567792,60.0000006));
#560 = ( GEOMETRIC_REPRESENTATION_CONTEXT(2) 
PARAMETRIC_REPRESENTATION_CONTEXT() REPRESENTATION_CONTEXT('2D SPACE',''
  ) );
#561 = PCURVE('',#170,#562);
#562 = DEFINITIONAL_REPRESENTATION('',(#563),#566);
#563 = B_SPLINE_CURVE_WITH_KNOTS('',1,(#564,#565),.UNSPECIFIED.,.F.,.F.,
  (2,2),(-5.999999999062E-07,60.0000006),.PIECEWISE_BEZIER_KNOTS.);
#564 = CARTESIAN_POINT('',(39.9999994,16.248076809272));
#565 = CARTESIAN_POINT('',(100.0000006,16.248076809272));
#566 = ( GEOMETRIC_REPRESENTATION_CONTEXT(2) 
PARAMETRIC_REPRESENTATION_CONTEXT() REPRESENTATION_CONTEXT('2D SPACE',''
  ) );
#567 = ORIENTED_EDGE('',*,*,#568,.T.);
#568 = EDGE_CURVE('',#548,#569,#571,.T.);
#569 = VERTEX_POINT('',#570);
#570 = CARTESIAN_POINT('',(94.615009380119,16.248076809272,5.));
#571 = SURFACE_CURVE('',#572,(#583,#597),.PCURVE_S1.);
#572 = B_SPLINE_CURVE_WITH_KNOTS('',5,(#573,#574,#575,#576,#577,#578,
    #579,#580,#581,#582),.UNSPECIFIED.,.F.,.F.,(6,4,6),(0.,
    0.499999968321,1.),.UNSPECIFIED.);
#573 = CARTESIAN_POINT('',(94.615009411547,16.24807662626,
    -5.000000597359));
#574 = CARTESIAN_POINT('',(94.563030073609,16.550760178371,
    -4.01639560471));
#575 = CARTESIAN_POINT('',(94.523128010029,16.775864302367,
    -3.020121017226));
#576 = CARTESIAN_POINT('',(94.496247267473,16.925281848652,
    -2.01603770804));
#577 = CARTESIAN_POINT('',(94.482802667999,17.,-1.008052314594));
#578 = CARTESIAN_POINT('',(94.482802667999,17.,1.008052442332));
#579 = CARTESIAN_POINT('',(94.496247270911,16.925281817695,
    2.016037330154));
#580 = CARTESIAN_POINT('',(94.523127983415,16.775864470685,3.02012083491
    ));
#581 = CARTESIAN_POINT('',(94.563030114115,16.550759942488,
    4.016396371947));
#582 = CARTESIAN_POINT('',(94.615009411416,16.248076627025,
    5.000000596117));
#583 = PCURVE('',#58,#584);
#584 = DEFINITIONAL_REPRESENTATION('',(#585),#596);
#585 = B_SPLINE_CURVE_WITH_KNOTS('',5,(#586,#587,#588,#589,#590,#591,
    #592,#593,#594,#595),.UNSPECIFIED.,.F.,.F.,(6,4,6),(0.,
    0.499999968321,1.),.UNSPECIFIED.);
#586 = CARTESIAN_POINT('',(4.413856742598,54.615009411547));
#587 = CARTESIAN_POINT('',(4.474393445819,54.563030073609));
#588 = CARTESIAN_POINT('',(4.534300309629,54.523128010029));
#589 = CARTESIAN_POINT('',(4.593798571122,54.496247267473));
#590 = CARTESIAN_POINT('',(4.653091785409,54.482802667999));
#591 = CARTESIAN_POINT('',(4.771686182875,54.482802667999));
#592 = CARTESIAN_POINT('',(4.830979368077,54.496247270911));
#593 = CARTESIAN_POINT('',(4.890477638553,54.523127983415));
#594 = CARTESIAN_POINT('',(4.950384562097,54.563030114115));
#595 = CARTESIAN_POINT('',(5.010921218019,54.615009411416));
#596 = ( GEOMETRIC_REPRESENTATION_CONTEXT(2) 
PARAMETRIC_REPRESENTATION_CONTEXT() REPRESENTATION_CONTEXT('2D SPACE',''
  ) );
#597 = PCURVE('',#598,#603);
#598 = CYLINDRICAL_SURFACE('',#599,96.);
#599 = AXIS2_PLACEMENT_3D('',#600,#601,#602);
#600 = CARTESIAN_POINT('',(0.,0.,-5.));
#601 = DIRECTION('',(0.,0.,1.));
#602 = DIRECTION('',(1.,0.,-0.));
#603 = DEFINITIONAL_REPRESENTATION('',(#604),#615);
#604 = B_SPLINE_CURVE_WITH_KNOTS('',5,(#605,#606,#607,#608,#609,#610,
    #611,#612,#613,#614),.UNSPECIFIED.,.F.,.F.,(6,4,6),(0.,
    0.499999968321,1.),.UNSPECIFIED.);
#605 = CARTESIAN_POINT('',(0.170069450679,-6.E-07));
#606 = CARTESIAN_POINT('',(0.173268557819,0.983604392649));
#607 = CARTESIAN_POINT('',(0.175649914162,1.979878989547));
#608 = CARTESIAN_POINT('',(0.177231342553,2.983962288098));
#609 = CARTESIAN_POINT('',(0.178022154124,3.991947685406));
#610 = CARTESIAN_POINT('',(0.178022154124,6.008052442332));
#611 = CARTESIAN_POINT('',(0.177231342226,7.016037335658));
#612 = CARTESIAN_POINT('',(0.175649915942,8.020120825169));
#613 = CARTESIAN_POINT('',(0.173268555325,9.01639637583));
#614 = CARTESIAN_POINT('',(0.170069450687,10.0000006));
#615 = ( GEOMETRIC_REPRESENTATION_CONTEXT(2) 
PARAMETRIC_REPRESENTATION_CONTEXT() REPRESENTATION_CONTEXT('2D SPACE',''
  ) );
#616 = ORIENTED_EDGE('',*,*,#617,.F.);
#617 = EDGE_CURVE('',#618,#569,#620,.T.);
#618 = VERTEX_POINT('',#619);
#619 = CARTESIAN_POINT('',(40.,16.248076809272,5.));
#620 = SURFACE_CURVE('',#621,(#625,#631),.PCURVE_S1.);
#621 = LINE('',#622,#623);
#622 = CARTESIAN_POINT('',(40.,16.248076809272,5.));
#623 = VECTOR('',#624,1.);
#624 = DIRECTION('',(1.,0.,0.));
#625 = PCURVE('',#58,#626);
#626 = DEFINITIONAL_REPRESENTATION('',(#627),#630);
#627 = B_SPLINE_CURVE_WITH_KNOTS('',1,(#628,#629),.UNSPECIFIED.,.F.,.F.,
  (2,2),(-5.999999999062E-07,60.0000006),.PIECEWISE_BEZIER_KNOTS.);
#628 = CARTESIAN_POINT('',(5.01092118157,-5.999999999062E-07));
#629 = CARTESIAN_POINT('',(5.01092118157,60.0000006));
#630 = ( GEOMETRIC_REPRESENTATION_CONTEXT(2) 
PARAMETRIC_REPRESENTATION_CONTEXT() REPRESENTATION_CONTEXT('2D SPACE',''
  ) );
#631 = PCURVE('',#94,#632);
#632 = DEFINITIONAL_REPRESENTATION('',(#633),#636);
#633 = B_SPLINE_CURVE_WITH_KNOTS('',1,(#634,#635),.UNSPECIFIED.,.F.,.F.,
  (2,2),(-5.999999999062E-07,60.0000006),.PIECEWISE_BEZIER_KNOTS.);
#634 = CARTESIAN_POINT('',(39.9999994,16.248076809272));
#635 = CARTESIAN_POINT('',(100.0000006,16.248076809272));
#636 = ( GEOMETRIC_REPRESENTATION_CONTEXT(2) 
PARAMETRIC_REPRESENTATION_CONTEXT() REPRESENTATION_CONTEXT('2D SPACE',''
  ) );
#637 = ORIENTED_EDGE('',*,*,#638,.T.);
#638 = EDGE_CURVE('',#618,#426,#639,.T.);
#639 = SURFACE_CURVE('',#640,(#645,#652),.PCURVE_S1.);
#640 = CIRCLE('',#641,17.);
#641 = AXIS2_PLACEMENT_3D('',#642,#643,#644);
#642 = CARTESIAN_POINT('',(40.,0.,0.));
#643 = DIRECTION('',(1.,0.,0.));
#644 = DIRECTION('',(-0.,0.,1.));
#645 = PCURVE('',#58,#646);
#646 = DEFINITIONAL_REPRESENTATION('',(#647),#651);
#647 = LINE('',#648,#649);
#648 = CARTESIAN_POINT('',(0.,0.));
#649 = VECTOR('',#650,1.);
#650 = DIRECTION('',(1.,0.));
#651 = ( GEOMETRIC_REPRESENTATION_CONTEXT(2) 
PARAMETRIC_REPRESENTATION_CONTEXT() REPRESENTATION_CONTEXT('2D SPACE',''
  ) );
#652 = PCURVE('',#465,#653);
#653 = DEFINITIONAL_REPRESENTATION('',(#654),#658);
#654 = CIRCLE('',#655,17.);
#655 = AXIS2_PLACEMENT_2D('',#656,#657);
#656 = CARTESIAN_POINT('',(0.,0.));
#657 = DIRECTION('',(1.,0.));
#658 = ( GEOMETRIC_REPRESENTATION_CONTEXT(2) 
PARAMETRIC_REPRESENTATION_CONTEXT() REPRESENTATION_CONTEXT('2D SPACE',''
  ) );
#659 = ORIENTED_EDGE('',*,*,#425,.T.);
#660 = FACE_BOUND('',#661,.T.);
#661 = EDGE_LOOP('',(#662));
#662 = ORIENTED_EDGE('',*,*,#663,.T.);
#663 = EDGE_CURVE('',#664,#664,#666,.T.);
#664 = VERTEX_POINT('',#665);
#665 = CARTESIAN_POINT('',(52.1,-5.143516556419E-16,-17.));
#666 = SURFACE_CURVE('',#667,(#718,#772),.PCURVE_S1.);
#667 = B_SPLINE_CURVE_WITH_KNOTS('',7,(#668,#669,#670,#671,#672,#673,
    #674,#675,#676,#677,#678,#679,#680,#681,#682,#683,#684,#685,#686,
    #687,#688,#689,#690,#691,#692,#693,#694,#695,#696,#697,#698,#699,
    #700,#701,#702,#703,#704,#705,#706,#707,#708,#709,#710,#711,#712,
    #713,#714,#715,#716,#717),.UNSPECIFIED.,.T.,.F.,(8,6,6,6,6,6,6,6,8),
  (0.,0.122694324199,0.250005625254,0.377323546126,0.500000903908,
    0.622707404262,0.75002728944,0.877346809565,1.),.UNSPECIFIED.);
#668 = CARTESIAN_POINT('',(52.1,-1.33226762955E-15,-17.));
#669 = CARTESIAN_POINT('',(52.1,0.278999418449,-17.));
#670 = CARTESIAN_POINT('',(52.056755626913,0.550472901491,
    -16.99465790075));
#671 = CARTESIAN_POINT('',(51.974463131763,0.806637734835,
    -16.98449316045));
#672 = CARTESIAN_POINT('',(51.858790815705,1.041038338695,
    -16.97088438545));
#673 = CARTESIAN_POINT('',(51.716819137908,1.248771335965,
    -16.95571380849));
#674 = CARTESIAN_POINT('',(51.556945775955,1.426953058062,
    -16.94066062466));
#675 = CARTESIAN_POINT('',(51.214235050869,1.7290932051,-16.91254311424)
  );
#676 = CARTESIAN_POINT('',(51.026060501835,1.854901793688,
    -16.89918942593));
#677 = CARTESIAN_POINT('',(50.828710521609,1.953857542309,
    -16.88776350336));
#678 = CARTESIAN_POINT('',(50.625305894419,2.027149266283,-16.8788642531
    ));
#679 = CARTESIAN_POINT('',(50.418166319286,2.075695874102,
    -16.87282091891));
#680 = CARTESIAN_POINT('',(50.209160749736,2.1,-16.86979549372));
#681 = CARTESIAN_POINT('',(49.790828374514,2.1,-16.86979549372));
#682 = CARTESIAN_POINT('',(49.581824959156,2.075693391604,
    -16.87282122514));
#683 = CARTESIAN_POINT('',(49.374691588934,2.027147035299,
    -16.87886453834));
#684 = CARTESIAN_POINT('',(49.171291229215,1.953857720333,
    -16.88776342567));
#685 = CARTESIAN_POINT('',(48.973941359071,1.854903362392,
    -16.89918927971));
#686 = CARTESIAN_POINT('',(48.785765018643,1.729093266383,
    -16.91254310854));
#687 = CARTESIAN_POINT('',(48.443086158607,1.426981212166,
    -16.94065800461));
#688 = CARTESIAN_POINT('',(48.283199021748,1.248801523859,
    -16.95571158314));
#689 = CARTESIAN_POINT('',(48.141199727498,1.04104297115,-16.970884917)
  );
#690 = CARTESIAN_POINT('',(48.025510572722,0.806600866758,
    -16.98449640028));
#691 = CARTESIAN_POINT('',(47.943223828592,0.550401825964,
    -16.99466044186));
#692 = CARTESIAN_POINT('',(47.9,0.278933156591,-17.));
#693 = CARTESIAN_POINT('',(47.9,-0.27899941845,-17.));
#694 = CARTESIAN_POINT('',(47.943244373087,-0.550472901491,
    -16.99465790075));
#695 = CARTESIAN_POINT('',(48.025536868238,-0.806637734836,
    -16.98449316045));
#696 = CARTESIAN_POINT('',(48.141209184295,-1.041038338694,
    -16.97088438545));
#697 = CARTESIAN_POINT('',(48.283180862092,-1.248771335965,
    -16.95571380849));
#698 = CARTESIAN_POINT('',(48.443054224045,-1.426953058062,
    -16.94066062466));
#699 = CARTESIAN_POINT('',(48.785759397591,-1.72908831076,
    -16.91254356971));
#700 = CARTESIAN_POINT('',(48.973938666959,-1.854903581117,
    -16.89918936411));
#701 = CARTESIAN_POINT('',(49.171295342029,-1.953860779536,
    -16.88776303931));
#702 = CARTESIAN_POINT('',(49.37469864167,-2.027148891724,
    -16.87886430699));
#703 = CARTESIAN_POINT('',(49.581829095486,-2.075693230289,
    -16.87282124586));
#704 = CARTESIAN_POINT('',(49.790827774773,-2.1,-16.86979549372));
#705 = CARTESIAN_POINT('',(50.209171625486,-2.1,-16.86979549372));
#706 = CARTESIAN_POINT('',(50.418175040845,-2.075693391604,
    -16.87282122514));
#707 = CARTESIAN_POINT('',(50.625308411065,-2.027147035299,
    -16.87886453834));
#708 = CARTESIAN_POINT('',(50.828708770786,-1.953857720332,
    -16.88776342567));
#709 = CARTESIAN_POINT('',(51.026058640929,-1.854903362392,
    -16.89918927971));
#710 = CARTESIAN_POINT('',(51.214234981357,-1.729093266383,
    -16.91254310854));
#711 = CARTESIAN_POINT('',(51.556878602395,-1.427012279522,
    -16.94065511345));
#712 = CARTESIAN_POINT('',(51.716790485898,-1.24882637946,
    -16.95570990544));
#713 = CARTESIAN_POINT('',(51.858820169604,-1.041032242281,
    -16.9708867044));
#714 = CARTESIAN_POINT('',(51.974520194987,-0.80654721372,
    -16.98450022593));
#715 = CARTESIAN_POINT('',(52.056795725302,-0.550323989146,
    -16.9946628512));
#716 = CARTESIAN_POINT('',(52.1,-0.278870054231,-17.));
#717 = CARTESIAN_POINT('',(52.1,-1.33226762955E-15,-17.));
#718 = PCURVE('',#58,#719);
#719 = DEFINITIONAL_REPRESENTATION('',(#720),#771);
#720 = B_SPLINE_CURVE_WITH_KNOTS('',7,(#721,#722,#723,#724,#725,#726,
    #727,#728,#729,#730,#731,#732,#733,#734,#735,#736,#737,#738,#739,
    #740,#741,#742,#743,#744,#745,#746,#747,#748,#749,#750,#751,#752,
    #753,#754,#755,#756,#757,#758,#759,#760,#761,#762,#763,#764,#765,
    #766,#767,#768,#769,#770),.UNSPECIFIED.,.T.,.F.,(8,6,6,6,6,6,6,6,8),
  (0.,0.122694324199,0.250005625254,0.377323546126,0.500000903908,
    0.622707404262,0.75002728944,0.877346809565,1.),.UNSPECIFIED.);
#721 = CARTESIAN_POINT('',(3.14159265359,12.1));
#722 = CARTESIAN_POINT('',(3.158004384087,12.1));
#723 = CARTESIAN_POINT('',(3.17397342053,12.056755626913));
#724 = CARTESIAN_POINT('',(3.189049115165,11.974463131763));
#725 = CARTESIAN_POINT('',(3.202857427919,11.858790815705));
#726 = CARTESIAN_POINT('',(3.215108266398,11.716819137908));
#727 = CARTESIAN_POINT('',(3.225626493544,11.556945775955));
#728 = CARTESIAN_POINT('',(3.243476237695,11.214235050869));
#729 = CARTESIAN_POINT('',(3.250917690315,11.026060501835));
#730 = CARTESIAN_POINT('',(3.256777077428,10.828710521609));
#731 = CARTESIAN_POINT('',(3.261119994288,10.62530589442));
#732 = CARTESIAN_POINT('',(3.263997720616,10.418166319286));
#733 = CARTESIAN_POINT('',(3.265438408965,10.209160749736));
#734 = CARTESIAN_POINT('',(3.265438408965,9.790828374514));
#735 = CARTESIAN_POINT('',(3.263997573498,9.581824959156));
#736 = CARTESIAN_POINT('',(3.261119861955,9.374691588934));
#737 = CARTESIAN_POINT('',(3.256777088388,9.171291229215));
#738 = CARTESIAN_POINT('',(3.250917782962,8.973941359071));
#739 = CARTESIAN_POINT('',(3.243476241315,8.785765018643));
#740 = CARTESIAN_POINT('',(3.225628156824,8.443086158607));
#741 = CARTESIAN_POINT('',(3.215110046847,8.283199021748));
#742 = CARTESIAN_POINT('',(3.202857696237,8.141199727498));
#743 = CARTESIAN_POINT('',(3.18904694103,8.025510572722));
#744 = CARTESIAN_POINT('',(3.173969239602,7.943223828592));
#745 = CARTESIAN_POINT('',(3.15800048633,7.9));
#746 = CARTESIAN_POINT('',(3.125180923093,7.9));
#747 = CARTESIAN_POINT('',(3.10921188665,7.943244373087));
#748 = CARTESIAN_POINT('',(3.094136192015,8.025536868238));
#749 = CARTESIAN_POINT('',(3.080327879261,8.141209184295));
#750 = CARTESIAN_POINT('',(3.068077040781,8.283180862092));
#751 = CARTESIAN_POINT('',(3.057558813636,8.443054224045));
#752 = CARTESIAN_POINT('',(3.039709358631,8.785759397591));
#753 = CARTESIAN_POINT('',(3.032267511878,8.973938666959));
#754 = CARTESIAN_POINT('',(3.026408037557,9.171295342029));
#755 = CARTESIAN_POINT('',(3.022065335092,9.37469864167));
#756 = CARTESIAN_POINT('',(3.019187743277,9.581829095486));
#757 = CARTESIAN_POINT('',(3.017746898214,9.790827774773));
#758 = CARTESIAN_POINT('',(3.017746898214,10.209171625486));
#759 = CARTESIAN_POINT('',(3.019187733682,10.418175040845));
#760 = CARTESIAN_POINT('',(3.022065445225,10.625308411065));
#761 = CARTESIAN_POINT('',(3.026408218792,10.828708770786));
#762 = CARTESIAN_POINT('',(3.032267524218,11.026058640929));
#763 = CARTESIAN_POINT('',(3.039709065864,11.214234981357));
#764 = CARTESIAN_POINT('',(3.057555314968,11.556878602395));
#765 = CARTESIAN_POINT('',(3.068073795366,11.716790485898));
#766 = CARTESIAN_POINT('',(3.080328248577,11.858820169604));
#767 = CARTESIAN_POINT('',(3.094141527665,11.974520194986));
#768 = CARTESIAN_POINT('',(3.109220646054,12.056795725302));
#769 = CARTESIAN_POINT('',(3.125188532753,12.1));
#770 = CARTESIAN_POINT('',(3.14159265359,12.1));
#771 = ( GEOMETRIC_REPRESENTATION_CONTEXT(2) 
PARAMETRIC_REPRESENTATION_CONTEXT() REPRESENTATION_CONTEXT('2D SPACE',''
  ) );
#772 = PCURVE('',#773,#778);
#773 = CYLINDRICAL_SURFACE('',#774,2.1);
#774 = AXIS2_PLACEMENT_3D('',#775,#776,#777);
#775 = CARTESIAN_POINT('',(50.,0.,-20.));
#776 = DIRECTION('',(0.,0.,1.));
#777 = DIRECTION('',(1.,0.,-0.));
#778 = DEFINITIONAL_REPRESENTATION('',(#779),#830);
#779 = B_SPLINE_CURVE_WITH_KNOTS('',7,(#780,#781,#782,#783,#784,#785,
    #786,#787,#788,#789,#790,#791,#792,#793,#794,#795,#796,#797,#798,
    #799,#800,#801,#802,#803,#804,#805,#806,#807,#808,#809,#810,#811,
    #812,#813,#814,#815,#816,#817,#818,#819,#820,#821,#822,#823,#824,
    #825,#826,#827,#828,#829),.UNSPECIFIED.,.F.,.F.,(8,6,6,6,6,6,6,6,8),
  (0.,0.122694324199,0.250005625254,0.377323546126,0.500000903908,
    0.622707404262,0.75002728944,0.877346809565,1.),.UNSPECIFIED.);
#780 = CARTESIAN_POINT('',(0.,3.));
#781 = CARTESIAN_POINT('',(0.132856865928,3.));
#782 = CARTESIAN_POINT('',(0.262129859914,3.005342099247));
#783 = CARTESIAN_POINT('',(0.387943671449,3.015506839541));
#784 = CARTESIAN_POINT('',(0.510124032445,3.029115614542));
#785 = CARTESIAN_POINT('',(0.62824054874,3.044286191503));
#786 = CARTESIAN_POINT('',(0.741457981802,3.059339375333));
#787 = CARTESIAN_POINT('',(0.959019873609,3.087456885756));
#788 = CARTESIAN_POINT('',(1.065853585147,3.100810574067));
#789 = CARTESIAN_POINT('',(1.16972863053,3.112236496636));
#790 = CARTESIAN_POINT('',(1.271417201678,3.1211357469));
#791 = CARTESIAN_POINT('',(1.371669661727,3.127179081083));
#792 = CARTESIAN_POINT('',(1.471195969778,3.130204506278));
#793 = CARTESIAN_POINT('',(1.670401862741,3.130204506278));
#794 = CARTESIAN_POINT('',(1.769927129814,3.127178774851));
#795 = CARTESIAN_POINT('',(1.870176923585,3.121135461651));
#796 = CARTESIAN_POINT('',(1.971863307637,3.112236574326));
#797 = CARTESIAN_POINT('',(2.07573791738,3.100810720288));
#798 = CARTESIAN_POINT('',(2.182572735853,3.087456891459));
#799 = CARTESIAN_POINT('',(2.400114398878,3.059341995386));
#800 = CARTESIAN_POINT('',(2.513336115462,3.044288416858));
#801 = CARTESIAN_POINT('',(2.631469387111,3.029115083));
#802 = CARTESIAN_POINT('',(2.753669231281,3.01550359972));
#803 = CARTESIAN_POINT('',(2.879496646385,3.005339558135));
#804 = CARTESIAN_POINT('',(3.008767340927,3.));
#805 = CARTESIAN_POINT('',(3.274449519518,3.));
#806 = CARTESIAN_POINT('',(3.403722513504,3.005342099247));
#807 = CARTESIAN_POINT('',(3.529536325039,3.015506839541));
#808 = CARTESIAN_POINT('',(3.651716686035,3.029115614542));
#809 = CARTESIAN_POINT('',(3.76983320233,3.044286191503));
#810 = CARTESIAN_POINT('',(3.883050635392,3.059339375333));
#811 = CARTESIAN_POINT('',(4.100609002934,3.087456430283));
#812 = CARTESIAN_POINT('',(4.207446494201,3.100810635881));
#813 = CARTESIAN_POINT('',(4.311324231844,3.112236960685));
#814 = CARTESIAN_POINT('',(4.413011756179,3.121135693001));
#815 = CARTESIAN_POINT('',(4.513260136265,3.127178754131));
#816 = CARTESIAN_POINT('',(4.612783158848,3.130204506278));
#817 = CARTESIAN_POINT('',(4.81199451633,3.130204506278));
#818 = CARTESIAN_POINT('',(4.911519783405,3.127178774851));
#819 = CARTESIAN_POINT('',(5.011769577174,3.121135461651));
#820 = CARTESIAN_POINT('',(5.113455961228,3.112236574326));
#821 = CARTESIAN_POINT('',(5.21733057097,3.100810720288));
#822 = CARTESIAN_POINT('',(5.324165389443,3.087456891459));
#823 = CARTESIAN_POINT('',(5.541684681813,3.05934488655));
#824 = CARTESIAN_POINT('',(5.65491720423,3.044290094553));
#825 = CARTESIAN_POINT('',(5.773071231945,3.029113295591));
#826 = CARTESIAN_POINT('',(5.895289999899,3.015499774064));
#827 = CARTESIAN_POINT('',(6.021126371109,3.005337148798));
#828 = CARTESIAN_POINT('',(6.15039004326,3.));
#829 = CARTESIAN_POINT('',(6.28318530718,3.));
#830 = ( GEOMETRIC_REPRESENTATION_CONTEXT(2) 
PARAMETRIC_REPRESENTATION_CONTEXT() REPRESENTATION_CONTEXT('2D SPACE',''
  ) );
#831 = ADVANCED_FACE('',(#832,#1918,#1949,#1980,#2011),#170,.F.);
#832 = FACE_BOUND('',#833,.F.);
#833 = EDGE_LOOP('',(#834,#855,#856,#880,#906,#932,#958,#984,#1005,#1026
    ,#1047,#1076,#1102,#1128,#1154,#1180,#1201,#1222,#1243,#1272,#1298,
    #1324,#1350,#1376,#1397,#1418,#1439,#1468,#1494,#1520,#1546,#1572,
    #1593,#1614,#1635,#1664,#1685,#1711,#1737,#1763,#1784,#1805,#1824,
    #1825,#1826,#1847,#1873,#1899));
#834 = ORIENTED_EDGE('',*,*,#835,.T.);
#835 = EDGE_CURVE('',#836,#519,#838,.T.);
#836 = VERTEX_POINT('',#837);
#837 = CARTESIAN_POINT('',(40.,14.142135623731,-5.));
#838 = SURFACE_CURVE('',#839,(#843,#849),.PCURVE_S1.);
#839 = LINE('',#840,#841);
#840 = CARTESIAN_POINT('',(40.,0.,-5.));
#841 = VECTOR('',#842,1.);
#842 = DIRECTION('',(0.,1.,0.));
#843 = PCURVE('',#170,#844);
#844 = DEFINITIONAL_REPRESENTATION('',(#845),#848);
#845 = B_SPLINE_CURVE_WITH_KNOTS('',1,(#846,#847),.UNSPECIFIED.,.F.,.F.,
  (2,2),(-17.,17.),.PIECEWISE_BEZIER_KNOTS.);
#846 = CARTESIAN_POINT('',(40.,-17.));
#847 = CARTESIAN_POINT('',(40.,17.));
#848 = ( GEOMETRIC_REPRESENTATION_CONTEXT(2) 
PARAMETRIC_REPRESENTATION_CONTEXT() REPRESENTATION_CONTEXT('2D SPACE',''
  ) );
#849 = PCURVE('',#535,#850);
#850 = DEFINITIONAL_REPRESENTATION('',(#851),#854);
#851 = B_SPLINE_CURVE_WITH_KNOTS('',1,(#852,#853),.UNSPECIFIED.,.F.,.F.,
  (2,2),(-17.,17.),.PIECEWISE_BEZIER_KNOTS.);
#852 = CARTESIAN_POINT('',(-5.,17.));
#853 = CARTESIAN_POINT('',(-5.,-17.));
#854 = ( GEOMETRIC_REPRESENTATION_CONTEXT(2) 
PARAMETRIC_REPRESENTATION_CONTEXT() REPRESENTATION_CONTEXT('2D SPACE',''
  ) );
#855 = ORIENTED_EDGE('',*,*,#547,.T.);
#856 = ORIENTED_EDGE('',*,*,#857,.T.);
#857 = EDGE_CURVE('',#548,#858,#860,.T.);
#858 = VERTEX_POINT('',#859);
#859 = CARTESIAN_POINT('',(61.379689574914,73.814183648451,-5.));
#860 = SURFACE_CURVE('',#861,(#866,#873),.PCURVE_S1.);
#861 = CIRCLE('',#862,96.);
#862 = AXIS2_PLACEMENT_3D('',#863,#864,#865);
#863 = CARTESIAN_POINT('',(0.,0.,-5.));
#864 = DIRECTION('',(0.,0.,1.));
#865 = DIRECTION('',(1.,0.,-0.));
#866 = PCURVE('',#170,#867);
#867 = DEFINITIONAL_REPRESENTATION('',(#868),#872);
#868 = CIRCLE('',#869,96.);
#869 = AXIS2_PLACEMENT_2D('',#870,#871);
#870 = CARTESIAN_POINT('',(0.,0.));
#871 = DIRECTION('',(1.,0.));
#872 = ( GEOMETRIC_REPRESENTATION_CONTEXT(2) 
PARAMETRIC_REPRESENTATION_CONTEXT() REPRESENTATION_CONTEXT('2D SPACE',''
  ) );
#873 = PCURVE('',#598,#874);
#874 = DEFINITIONAL_REPRESENTATION('',(#875),#879);
#875 = LINE('',#876,#877);
#876 = CARTESIAN_POINT('',(0.,0.));
#877 = VECTOR('',#878,1.);
#878 = DIRECTION('',(1.,0.));
#879 = ( GEOMETRIC_REPRESENTATION_CONTEXT(2) 
PARAMETRIC_REPRESENTATION_CONTEXT() REPRESENTATION_CONTEXT('2D SPACE',''
  ) );
#880 = ORIENTED_EDGE('',*,*,#881,.F.);
#881 = EDGE_CURVE('',#882,#858,#884,.T.);
#882 = VERTEX_POINT('',#883);
#883 = CARTESIAN_POINT('',(34.071144085405,26.515782860621,-5.));
#884 = SURFACE_CURVE('',#885,(#889,#895),.PCURVE_S1.);
#885 = LINE('',#886,#887);
#886 = CARTESIAN_POINT('',(34.071144085405,26.515782860621,-5.));
#887 = VECTOR('',#888,1.);
#888 = DIRECTION('',(0.500011000363,0.866019052629,0.));
#889 = PCURVE('',#170,#890);
#890 = DEFINITIONAL_REPRESENTATION('',(#891),#894);
#891 = B_SPLINE_CURVE_WITH_KNOTS('',1,(#892,#893),.UNSPECIFIED.,.F.,.F.,
  (2,2),(-5.999999967107E-07,59.99868058548),.PIECEWISE_BEZIER_KNOTS.);
#892 = CARTESIAN_POINT('',(34.071143785398,26.515782341009));
#893 = CARTESIAN_POINT('',(64.071144385411,78.475783380232));
#894 = ( GEOMETRIC_REPRESENTATION_CONTEXT(2) 
PARAMETRIC_REPRESENTATION_CONTEXT() REPRESENTATION_CONTEXT('2D SPACE',''
  ) );
#895 = PCURVE('',#896,#901);
#896 = CYLINDRICAL_SURFACE('',#897,17.);
#897 = AXIS2_PLACEMENT_3D('',#898,#899,#900);
#898 = CARTESIAN_POINT('',(20.,34.64,0.));
#899 = DIRECTION('',(0.500011000363,0.866019052629,0.));
#900 = DIRECTION('',(0.866019052629,-0.500011000363,0.));
#901 = DEFINITIONAL_REPRESENTATION('',(#902),#905);
#902 = B_SPLINE_CURVE_WITH_KNOTS('',1,(#903,#904),.UNSPECIFIED.,.F.,.F.,
  (2,2),(-5.999999967107E-07,59.99868058548),.PIECEWISE_BEZIER_KNOTS.);
#903 = CARTESIAN_POINT('',(0.298532201185,-5.999999993753E-07));
#904 = CARTESIAN_POINT('',(0.298532201185,59.99868058548));
#905 = ( GEOMETRIC_REPRESENTATION_CONTEXT(2) 
PARAMETRIC_REPRESENTATION_CONTEXT() REPRESENTATION_CONTEXT('2D SPACE',''
  ) );
#906 = ORIENTED_EDGE('',*,*,#907,.T.);
#907 = EDGE_CURVE('',#882,#908,#910,.T.);
#908 = VERTEX_POINT('',#909);
#909 = CARTESIAN_POINT('',(32.247358895011,27.568776619509,-5.));
#910 = SURFACE_CURVE('',#911,(#915,#921),.PCURVE_S1.);
#911 = LINE('',#912,#913);
#912 = CARTESIAN_POINT('',(20.,34.64,-5.));
#913 = VECTOR('',#914,1.);
#914 = DIRECTION('',(-0.866019052629,0.500011000363,0.));
#915 = PCURVE('',#170,#916);
#916 = DEFINITIONAL_REPRESENTATION('',(#917),#920);
#917 = B_SPLINE_CURVE_WITH_KNOTS('',1,(#918,#919),.UNSPECIFIED.,.F.,.F.,
  (2,2),(-17.,17.),.PIECEWISE_BEZIER_KNOTS.);
#918 = CARTESIAN_POINT('',(34.722323894689,26.139812993829));
#919 = CARTESIAN_POINT('',(5.277676105311,43.140187006171));
#920 = ( GEOMETRIC_REPRESENTATION_CONTEXT(2) 
PARAMETRIC_REPRESENTATION_CONTEXT() REPRESENTATION_CONTEXT('2D SPACE',''
  ) );
#921 = PCURVE('',#922,#927);
#922 = PLANE('',#923);
#923 = AXIS2_PLACEMENT_3D('',#924,#925,#926);
#924 = CARTESIAN_POINT('',(20.,34.64,0.));
#925 = DIRECTION('',(0.500011000363,0.866019052629,0.));
#926 = DIRECTION('',(0.866019052629,-0.500011000363,0.));
#927 = DEFINITIONAL_REPRESENTATION('',(#928),#931);
#928 = B_SPLINE_CURVE_WITH_KNOTS('',1,(#929,#930),.UNSPECIFIED.,.F.,.F.,
  (2,2),(-17.,17.),.PIECEWISE_BEZIER_KNOTS.);
#929 = CARTESIAN_POINT('',(17.,5.));
#930 = CARTESIAN_POINT('',(-17.,5.));
#931 = ( GEOMETRIC_REPRESENTATION_CONTEXT(2) 
PARAMETRIC_REPRESENTATION_CONTEXT() REPRESENTATION_CONTEXT('2D SPACE',''
  ) );
#932 = ORIENTED_EDGE('',*,*,#933,.F.);
#933 = EDGE_CURVE('',#934,#908,#936,.T.);
#934 = VERTEX_POINT('',#935);
#935 = CARTESIAN_POINT('',(29.747358895011,23.238776619509,-5.));
#936 = SURFACE_CURVE('',#937,(#941,#947),.PCURVE_S1.);
#937 = LINE('',#938,#939);
#938 = CARTESIAN_POINT('',(29.747358895011,23.238776619509,-5.));
#939 = VECTOR('',#940,1.);
#940 = DIRECTION('',(0.500011000363,0.866019052629,0.));
#941 = PCURVE('',#170,#942);
#942 = DEFINITIONAL_REPRESENTATION('',(#943),#946);
#943 = B_SPLINE_CURVE_WITH_KNOTS('',1,(#944,#945),.UNSPECIFIED.,.F.,.F.,
  (2,2),(-5.999999984871E-07,69.99846058306),.PIECEWISE_BEZIER_KNOTS.);
#944 = CARTESIAN_POINT('',(29.747358595004,23.238776099897));
#945 = CARTESIAN_POINT('',(64.747359195017,83.85877713912));
#946 = ( GEOMETRIC_REPRESENTATION_CONTEXT(2) 
PARAMETRIC_REPRESENTATION_CONTEXT() REPRESENTATION_CONTEXT('2D SPACE',''
  ) );
#947 = PCURVE('',#948,#953);
#948 = CYLINDRICAL_SURFACE('',#949,15.);
#949 = AXIS2_PLACEMENT_3D('',#950,#951,#952);
#950 = CARTESIAN_POINT('',(17.5,30.31,0.));
#951 = DIRECTION('',(0.500011000363,0.866019052629,0.));
#952 = DIRECTION('',(0.866019052629,-0.500011000363,0.));
#953 = DEFINITIONAL_REPRESENTATION('',(#954),#957);
#954 = B_SPLINE_CURVE_WITH_KNOTS('',1,(#955,#956),.UNSPECIFIED.,.F.,.F.,
  (2,2),(-5.999999984871E-07,69.99846058306),.PIECEWISE_BEZIER_KNOTS.);
#955 = CARTESIAN_POINT('',(0.339836909454,-6.000000002635E-07));
#956 = CARTESIAN_POINT('',(0.339836909454,69.99846058306));
#957 = ( GEOMETRIC_REPRESENTATION_CONTEXT(2) 
PARAMETRIC_REPRESENTATION_CONTEXT() REPRESENTATION_CONTEXT('2D SPACE',''
  ) );
#958 = ORIENTED_EDGE('',*,*,#959,.T.);
#959 = EDGE_CURVE('',#934,#960,#962,.T.);
#960 = VERTEX_POINT('',#961);
#961 = CARTESIAN_POINT('',(5.252641104989,37.381223380491,-5.));
#962 = SURFACE_CURVE('',#963,(#967,#973),.PCURVE_S1.);
#963 = LINE('',#964,#965);
#964 = CARTESIAN_POINT('',(17.5,30.31,-5.));
#965 = VECTOR('',#966,1.);
#966 = DIRECTION('',(-0.866019052629,0.500011000363,0.));
#967 = PCURVE('',#170,#968);
#968 = DEFINITIONAL_REPRESENTATION('',(#969),#972);
#969 = B_SPLINE_CURVE_WITH_KNOTS('',1,(#970,#971),.UNSPECIFIED.,.F.,.F.,
  (2,2),(-15.,15.),.PIECEWISE_BEZIER_KNOTS.);
#970 = CARTESIAN_POINT('',(30.490285789431,22.809834994555));
#971 = CARTESIAN_POINT('',(4.509714210569,37.810165005445));
#972 = ( GEOMETRIC_REPRESENTATION_CONTEXT(2) 
PARAMETRIC_REPRESENTATION_CONTEXT() REPRESENTATION_CONTEXT('2D SPACE',''
  ) );
#973 = PCURVE('',#974,#979);
#974 = PLANE('',#975);
#975 = AXIS2_PLACEMENT_3D('',#976,#977,#978);
#976 = CARTESIAN_POINT('',(17.5,30.31,0.));
#977 = DIRECTION('',(0.500011000363,0.866019052629,0.));
#978 = DIRECTION('',(0.866019052629,-0.500011000363,0.));
#979 = DEFINITIONAL_REPRESENTATION('',(#980),#983);
#980 = B_SPLINE_CURVE_WITH_KNOTS('',1,(#981,#982),.UNSPECIFIED.,.F.,.F.,
  (2,2),(-15.,15.),.PIECEWISE_BEZIER_KNOTS.);
#981 = CARTESIAN_POINT('',(15.,5.));
#982 = CARTESIAN_POINT('',(-15.,5.));
#983 = ( GEOMETRIC_REPRESENTATION_CONTEXT(2) 
PARAMETRIC_REPRESENTATION_CONTEXT() REPRESENTATION_CONTEXT('2D SPACE',''
  ) );
#984 = ORIENTED_EDGE('',*,*,#985,.T.);
#985 = EDGE_CURVE('',#960,#986,#988,.T.);
#986 = VERTEX_POINT('',#987);
#987 = CARTESIAN_POINT('',(7.752641104989,41.711223380491,-5.));
#988 = SURFACE_CURVE('',#989,(#993,#999),.PCURVE_S1.);
#989 = LINE('',#990,#991);
#990 = CARTESIAN_POINT('',(5.252641104989,37.381223380491,-5.));
#991 = VECTOR('',#992,1.);
#992 = DIRECTION('',(0.500011000363,0.866019052629,0.));
#993 = PCURVE('',#170,#994);
#994 = DEFINITIONAL_REPRESENTATION('',(#995),#998);
#995 = B_SPLINE_CURVE_WITH_KNOTS('',1,(#996,#997),.UNSPECIFIED.,.F.,.F.,
  (2,2),(-6.000000015638E-07,69.99846058306),.PIECEWISE_BEZIER_KNOTS.);
#996 = CARTESIAN_POINT('',(5.252640804983,37.38122286088));
#997 = CARTESIAN_POINT('',(40.252641404996,98.001223900103));
#998 = ( GEOMETRIC_REPRESENTATION_CONTEXT(2) 
PARAMETRIC_REPRESENTATION_CONTEXT() REPRESENTATION_CONTEXT('2D SPACE',''
  ) );
#999 = PCURVE('',#948,#1000);
#1000 = DEFINITIONAL_REPRESENTATION('',(#1001),#1004);
#1001 = B_SPLINE_CURVE_WITH_KNOTS('',1,(#1002,#1003),.UNSPECIFIED.,.F.,
  .F.,(2,2),(-6.000000015638E-07,69.99846058306),
  .PIECEWISE_BEZIER_KNOTS.);
#1002 = CARTESIAN_POINT('',(2.801755744136,-5.999999997875E-07));
#1003 = CARTESIAN_POINT('',(2.801755744136,69.99846058306));
#1004 = ( GEOMETRIC_REPRESENTATION_CONTEXT(2) 
PARAMETRIC_REPRESENTATION_CONTEXT() REPRESENTATION_CONTEXT('2D SPACE',''
  ) );
#1005 = ORIENTED_EDGE('',*,*,#1006,.T.);
#1006 = EDGE_CURVE('',#986,#1007,#1009,.T.);
#1007 = VERTEX_POINT('',#1008);
#1008 = CARTESIAN_POINT('',(5.928855914595,42.764217139379,-5.));
#1009 = SURFACE_CURVE('',#1010,(#1014,#1020),.PCURVE_S1.);
#1010 = LINE('',#1011,#1012);
#1011 = CARTESIAN_POINT('',(20.,34.64,-5.));
#1012 = VECTOR('',#1013,1.);
#1013 = DIRECTION('',(-0.866019052629,0.500011000363,0.));
#1014 = PCURVE('',#170,#1015);
#1015 = DEFINITIONAL_REPRESENTATION('',(#1016),#1019);
#1016 = B_SPLINE_CURVE_WITH_KNOTS('',1,(#1017,#1018),.UNSPECIFIED.,.F.,
  .F.,(2,2),(-17.,17.),.PIECEWISE_BEZIER_KNOTS.);
#1017 = CARTESIAN_POINT('',(34.722323894689,26.139812993829));
#1018 = CARTESIAN_POINT('',(5.277676105311,43.140187006171));
#1019 = ( GEOMETRIC_REPRESENTATION_CONTEXT(2) 
PARAMETRIC_REPRESENTATION_CONTEXT() REPRESENTATION_CONTEXT('2D SPACE',''
  ) );
#1020 = PCURVE('',#922,#1021);
#1021 = DEFINITIONAL_REPRESENTATION('',(#1022),#1025);
#1022 = B_SPLINE_CURVE_WITH_KNOTS('',1,(#1023,#1024),.UNSPECIFIED.,.F.,
  .F.,(2,2),(-17.,17.),.PIECEWISE_BEZIER_KNOTS.);
#1023 = CARTESIAN_POINT('',(17.,5.));
#1024 = CARTESIAN_POINT('',(-17.,5.));
#1025 = ( GEOMETRIC_REPRESENTATION_CONTEXT(2) 
PARAMETRIC_REPRESENTATION_CONTEXT() REPRESENTATION_CONTEXT('2D SPACE',''
  ) );
#1026 = ORIENTED_EDGE('',*,*,#1027,.T.);
#1027 = EDGE_CURVE('',#1007,#1028,#1030,.T.);
#1028 = VERTEX_POINT('',#1029);
#1029 = CARTESIAN_POINT('',(33.237401404105,90.062617927209,-5.));
#1030 = SURFACE_CURVE('',#1031,(#1035,#1041),.PCURVE_S1.);
#1031 = LINE('',#1032,#1033);
#1032 = CARTESIAN_POINT('',(5.928855914595,42.764217139379,-5.));
#1033 = VECTOR('',#1034,1.);
#1034 = DIRECTION('',(0.500011000363,0.866019052629,0.));
#1035 = PCURVE('',#170,#1036);
#1036 = DEFINITIONAL_REPRESENTATION('',(#1037),#1040);
#1037 = B_SPLINE_CURVE_WITH_KNOTS('',1,(#1038,#1039),.UNSPECIFIED.,.F.,
  .F.,(2,2),(-6.000000015638E-07,59.99868058548),
  .PIECEWISE_BEZIER_KNOTS.);
#1038 = CARTESIAN_POINT('',(5.928855614589,42.764216619768));
#1039 = CARTESIAN_POINT('',(35.928856214602,94.724217658991));
#1040 = ( GEOMETRIC_REPRESENTATION_CONTEXT(2) 
PARAMETRIC_REPRESENTATION_CONTEXT() REPRESENTATION_CONTEXT('2D SPACE',''
  ) );
#1041 = PCURVE('',#896,#1042);
#1042 = DEFINITIONAL_REPRESENTATION('',(#1043),#1046);
#1043 = B_SPLINE_CURVE_WITH_KNOTS('',1,(#1044,#1045),.UNSPECIFIED.,.F.,
  .F.,(2,2),(-6.000000015638E-07,59.99868058548),
  .PIECEWISE_BEZIER_KNOTS.);
#1044 = CARTESIAN_POINT('',(2.843060452405,-5.999999997875E-07));
#1045 = CARTESIAN_POINT('',(2.843060452405,59.99868058548));
#1046 = ( GEOMETRIC_REPRESENTATION_CONTEXT(2) 
PARAMETRIC_REPRESENTATION_CONTEXT() REPRESENTATION_CONTEXT('2D SPACE',''
  ) );
#1047 = ORIENTED_EDGE('',*,*,#1048,.T.);
#1048 = EDGE_CURVE('',#1028,#1049,#1051,.T.);
#1049 = VERTEX_POINT('',#1050);
#1050 = CARTESIAN_POINT('',(-33.2374014041,90.062617927209,-5.));
#1051 = SURFACE_CURVE('',#1052,(#1057,#1064),.PCURVE_S1.);
#1052 = CIRCLE('',#1053,96.);
#1053 = AXIS2_PLACEMENT_3D('',#1054,#1055,#1056);
#1054 = CARTESIAN_POINT('',(0.,0.,-5.));
#1055 = DIRECTION('',(0.,0.,1.));
#1056 = DIRECTION('',(1.,0.,-0.));
#1057 = PCURVE('',#170,#1058);
#1058 = DEFINITIONAL_REPRESENTATION('',(#1059),#1063);
#1059 = CIRCLE('',#1060,96.);
#1060 = AXIS2_PLACEMENT_2D('',#1061,#1062);
#1061 = CARTESIAN_POINT('',(0.,0.));
#1062 = DIRECTION('',(1.,0.));
#1063 = ( GEOMETRIC_REPRESENTATION_CONTEXT(2) 
PARAMETRIC_REPRESENTATION_CONTEXT() REPRESENTATION_CONTEXT('2D SPACE',''
  ) );
#1064 = PCURVE('',#1065,#1070);
#1065 = CYLINDRICAL_SURFACE('',#1066,96.);
#1066 = AXIS2_PLACEMENT_3D('',#1067,#1068,#1069);
#1067 = CARTESIAN_POINT('',(0.,0.,-5.));
#1068 = DIRECTION('',(0.,0.,1.));
#1069 = DIRECTION('',(1.,0.,-0.));
#1070 = DEFINITIONAL_REPRESENTATION('',(#1071),#1075);
#1071 = LINE('',#1072,#1073);
#1072 = CARTESIAN_POINT('',(0.,0.));
#1073 = VECTOR('',#1074,1.);
#1074 = DIRECTION('',(1.,0.));
#1075 = ( GEOMETRIC_REPRESENTATION_CONTEXT(2) 
PARAMETRIC_REPRESENTATION_CONTEXT() REPRESENTATION_CONTEXT('2D SPACE',''
  ) );
#1076 = ORIENTED_EDGE('',*,*,#1077,.F.);
#1077 = EDGE_CURVE('',#1078,#1049,#1080,.T.);
#1078 = VERTEX_POINT('',#1079);
#1079 = CARTESIAN_POINT('',(-5.928855914595,42.764217139379,-5.));
#1080 = SURFACE_CURVE('',#1081,(#1085,#1091),.PCURVE_S1.);
#1081 = LINE('',#1082,#1083);
#1082 = CARTESIAN_POINT('',(-5.928855914595,42.764217139379,-5.));
#1083 = VECTOR('',#1084,1.);
#1084 = DIRECTION('',(-0.500011000363,0.866019052629,0.));
#1085 = PCURVE('',#170,#1086);
#1086 = DEFINITIONAL_REPRESENTATION('',(#1087),#1090);
#1087 = B_SPLINE_CURVE_WITH_KNOTS('',1,(#1088,#1089),.UNSPECIFIED.,.F.,
  .F.,(2,2),(-6.000000015638E-07,59.99868058548),
  .PIECEWISE_BEZIER_KNOTS.);
#1088 = CARTESIAN_POINT('',(-5.928855614589,42.764216619768));
#1089 = CARTESIAN_POINT('',(-35.9288562146,94.724217658991));
#1090 = ( GEOMETRIC_REPRESENTATION_CONTEXT(2) 
PARAMETRIC_REPRESENTATION_CONTEXT() REPRESENTATION_CONTEXT('2D SPACE',''
  ) );
#1091 = PCURVE('',#1092,#1097);
#1092 = CYLINDRICAL_SURFACE('',#1093,17.);
#1093 = AXIS2_PLACEMENT_3D('',#1094,#1095,#1096);
#1094 = CARTESIAN_POINT('',(-20.,34.64,0.));
#1095 = DIRECTION('',(-0.500011000363,0.866019052629,0.));
#1096 = DIRECTION('',(0.866019052629,0.500011000363,0.));
#1097 = DEFINITIONAL_REPRESENTATION('',(#1098),#1101);
#1098 = B_SPLINE_CURVE_WITH_KNOTS('',1,(#1099,#1100),.UNSPECIFIED.,.F.,
  .F.,(2,2),(-6.000000015638E-07,59.99868058548),
  .PIECEWISE_BEZIER_KNOTS.);
#1099 = CARTESIAN_POINT('',(0.298532201185,-5.999999997875E-07));
#1100 = CARTESIAN_POINT('',(0.298532201185,59.99868058548));
#1101 = ( GEOMETRIC_REPRESENTATION_CONTEXT(2) 
PARAMETRIC_REPRESENTATION_CONTEXT() REPRESENTATION_CONTEXT('2D SPACE',''
  ) );
#1102 = ORIENTED_EDGE('',*,*,#1103,.T.);
#1103 = EDGE_CURVE('',#1078,#1104,#1106,.T.);
#1104 = VERTEX_POINT('',#1105);
#1105 = CARTESIAN_POINT('',(-7.752641104989,41.711223380491,-5.));
#1106 = SURFACE_CURVE('',#1107,(#1111,#1117),.PCURVE_S1.);
#1107 = LINE('',#1108,#1109);
#1108 = CARTESIAN_POINT('',(-20.,34.64,-5.));
#1109 = VECTOR('',#1110,1.);
#1110 = DIRECTION('',(-0.866019052629,-0.500011000363,0.));
#1111 = PCURVE('',#170,#1112);
#1112 = DEFINITIONAL_REPRESENTATION('',(#1113),#1116);
#1113 = B_SPLINE_CURVE_WITH_KNOTS('',1,(#1114,#1115),.UNSPECIFIED.,.F.,
  .F.,(2,2),(-17.,17.),.PIECEWISE_BEZIER_KNOTS.);
#1114 = CARTESIAN_POINT('',(-5.277676105311,43.140187006171));
#1115 = CARTESIAN_POINT('',(-34.72232389468,26.139812993829));
#1116 = ( GEOMETRIC_REPRESENTATION_CONTEXT(2) 
PARAMETRIC_REPRESENTATION_CONTEXT() REPRESENTATION_CONTEXT('2D SPACE',''
  ) );
#1117 = PCURVE('',#1118,#1123);
#1118 = PLANE('',#1119);
#1119 = AXIS2_PLACEMENT_3D('',#1120,#1121,#1122);
#1120 = CARTESIAN_POINT('',(-20.,34.64,0.));
#1121 = DIRECTION('',(-0.500011000363,0.866019052629,0.));
#1122 = DIRECTION('',(0.866019052629,0.500011000363,0.));
#1123 = DEFINITIONAL_REPRESENTATION('',(#1124),#1127);
#1124 = B_SPLINE_CURVE_WITH_KNOTS('',1,(#1125,#1126),.UNSPECIFIED.,.F.,
  .F.,(2,2),(-17.,17.),.PIECEWISE_BEZIER_KNOTS.);
#1125 = CARTESIAN_POINT('',(17.,5.));
#1126 = CARTESIAN_POINT('',(-17.,5.));
#1127 = ( GEOMETRIC_REPRESENTATION_CONTEXT(2) 
PARAMETRIC_REPRESENTATION_CONTEXT() REPRESENTATION_CONTEXT('2D SPACE',''
  ) );
#1128 = ORIENTED_EDGE('',*,*,#1129,.F.);
#1129 = EDGE_CURVE('',#1130,#1104,#1132,.T.);
#1130 = VERTEX_POINT('',#1131);
#1131 = CARTESIAN_POINT('',(-5.252641104989,37.381223380491,-5.));
#1132 = SURFACE_CURVE('',#1133,(#1137,#1143),.PCURVE_S1.);
#1133 = LINE('',#1134,#1135);
#1134 = CARTESIAN_POINT('',(-5.252641104989,37.381223380491,-5.));
#1135 = VECTOR('',#1136,1.);
#1136 = DIRECTION('',(-0.500011000363,0.866019052629,0.));
#1137 = PCURVE('',#170,#1138);
#1138 = DEFINITIONAL_REPRESENTATION('',(#1139),#1142);
#1139 = B_SPLINE_CURVE_WITH_KNOTS('',1,(#1140,#1141),.UNSPECIFIED.,.F.,
  .F.,(2,2),(-6.000000015638E-07,69.99846058306),
  .PIECEWISE_BEZIER_KNOTS.);
#1140 = CARTESIAN_POINT('',(-5.252640804983,37.38122286088));
#1141 = CARTESIAN_POINT('',(-40.25264140499,98.001223900103));
#1142 = ( GEOMETRIC_REPRESENTATION_CONTEXT(2) 
PARAMETRIC_REPRESENTATION_CONTEXT() REPRESENTATION_CONTEXT('2D SPACE',''
  ) );
#1143 = PCURVE('',#1144,#1149);
#1144 = CYLINDRICAL_SURFACE('',#1145,15.);
#1145 = AXIS2_PLACEMENT_3D('',#1146,#1147,#1148);
#1146 = CARTESIAN_POINT('',(-17.5,30.31,0.));
#1147 = DIRECTION('',(-0.500011000363,0.866019052629,0.));
#1148 = DIRECTION('',(0.866019052629,0.500011000363,0.));
#1149 = DEFINITIONAL_REPRESENTATION('',(#1150),#1153);
#1150 = B_SPLINE_CURVE_WITH_KNOTS('',1,(#1151,#1152),.UNSPECIFIED.,.F.,
  .F.,(2,2),(-6.000000015638E-07,69.99846058306),
  .PIECEWISE_BEZIER_KNOTS.);
#1151 = CARTESIAN_POINT('',(0.339836909454,-5.999999997875E-07));
#1152 = CARTESIAN_POINT('',(0.339836909454,69.99846058306));
#1153 = ( GEOMETRIC_REPRESENTATION_CONTEXT(2) 
PARAMETRIC_REPRESENTATION_CONTEXT() REPRESENTATION_CONTEXT('2D SPACE',''
  ) );
#1154 = ORIENTED_EDGE('',*,*,#1155,.T.);
#1155 = EDGE_CURVE('',#1130,#1156,#1158,.T.);
#1156 = VERTEX_POINT('',#1157);
#1157 = CARTESIAN_POINT('',(-29.74735889501,23.238776619509,-5.));
#1158 = SURFACE_CURVE('',#1159,(#1163,#1169),.PCURVE_S1.);
#1159 = LINE('',#1160,#1161);
#1160 = CARTESIAN_POINT('',(-17.5,30.31,-5.));
#1161 = VECTOR('',#1162,1.);
#1162 = DIRECTION('',(-0.866019052629,-0.500011000363,0.));
#1163 = PCURVE('',#170,#1164);
#1164 = DEFINITIONAL_REPRESENTATION('',(#1165),#1168);
#1165 = B_SPLINE_CURVE_WITH_KNOTS('',1,(#1166,#1167),.UNSPECIFIED.,.F.,
  .F.,(2,2),(-15.,15.),.PIECEWISE_BEZIER_KNOTS.);
#1166 = CARTESIAN_POINT('',(-4.509714210569,37.810165005445));
#1167 = CARTESIAN_POINT('',(-30.49028578943,22.809834994555));
#1168 = ( GEOMETRIC_REPRESENTATION_CONTEXT(2) 
PARAMETRIC_REPRESENTATION_CONTEXT() REPRESENTATION_CONTEXT('2D SPACE',''
  ) );
#1169 = PCURVE('',#1170,#1175);
#1170 = PLANE('',#1171);
#1171 = AXIS2_PLACEMENT_3D('',#1172,#1173,#1174);
#1172 = CARTESIAN_POINT('',(-17.5,30.31,0.));
#1173 = DIRECTION('',(-0.500011000363,0.866019052629,0.));
#1174 = DIRECTION('',(0.866019052629,0.500011000363,0.));
#1175 = DEFINITIONAL_REPRESENTATION('',(#1176),#1179);
#1176 = B_SPLINE_CURVE_WITH_KNOTS('',1,(#1177,#1178),.UNSPECIFIED.,.F.,
  .F.,(2,2),(-15.,15.),.PIECEWISE_BEZIER_KNOTS.);
#1177 = CARTESIAN_POINT('',(15.,5.));
#1178 = CARTESIAN_POINT('',(-15.,5.));
#1179 = ( GEOMETRIC_REPRESENTATION_CONTEXT(2) 
PARAMETRIC_REPRESENTATION_CONTEXT() REPRESENTATION_CONTEXT('2D SPACE',''
  ) );
#1180 = ORIENTED_EDGE('',*,*,#1181,.T.);
#1181 = EDGE_CURVE('',#1156,#1182,#1184,.T.);
#1182 = VERTEX_POINT('',#1183);
#1183 = CARTESIAN_POINT('',(-32.24735889501,27.568776619509,-5.));
#1184 = SURFACE_CURVE('',#1185,(#1189,#1195),.PCURVE_S1.);
#1185 = LINE('',#1186,#1187);
#1186 = CARTESIAN_POINT('',(-29.74735889501,23.238776619509,-5.));
#1187 = VECTOR('',#1188,1.);
#1188 = DIRECTION('',(-0.500011000363,0.866019052629,0.));
#1189 = PCURVE('',#170,#1190);
#1190 = DEFINITIONAL_REPRESENTATION('',(#1191),#1194);
#1191 = B_SPLINE_CURVE_WITH_KNOTS('',1,(#1192,#1193),.UNSPECIFIED.,.F.,
  .F.,(2,2),(-5.999999984871E-07,69.99846058306),
  .PIECEWISE_BEZIER_KNOTS.);
#1192 = CARTESIAN_POINT('',(-29.747358595,23.238776099897));
#1193 = CARTESIAN_POINT('',(-64.74735919501,83.85877713912));
#1194 = ( GEOMETRIC_REPRESENTATION_CONTEXT(2) 
PARAMETRIC_REPRESENTATION_CONTEXT() REPRESENTATION_CONTEXT('2D SPACE',''
  ) );
#1195 = PCURVE('',#1144,#1196);
#1196 = DEFINITIONAL_REPRESENTATION('',(#1197),#1200);
#1197 = B_SPLINE_CURVE_WITH_KNOTS('',1,(#1198,#1199),.UNSPECIFIED.,.F.,
  .F.,(2,2),(-5.999999984871E-07,69.99846058306),
  .PIECEWISE_BEZIER_KNOTS.);
#1198 = CARTESIAN_POINT('',(2.801755744136,-6.000000002635E-07));
#1199 = CARTESIAN_POINT('',(2.801755744136,69.99846058306));
#1200 = ( GEOMETRIC_REPRESENTATION_CONTEXT(2) 
PARAMETRIC_REPRESENTATION_CONTEXT() REPRESENTATION_CONTEXT('2D SPACE',''
  ) );
#1201 = ORIENTED_EDGE('',*,*,#1202,.T.);
#1202 = EDGE_CURVE('',#1182,#1203,#1205,.T.);
#1203 = VERTEX_POINT('',#1204);
#1204 = CARTESIAN_POINT('',(-34.0711440854,26.515782860621,-5.));
#1205 = SURFACE_CURVE('',#1206,(#1210,#1216),.PCURVE_S1.);
#1206 = LINE('',#1207,#1208);
#1207 = CARTESIAN_POINT('',(-20.,34.64,-5.));
#1208 = VECTOR('',#1209,1.);
#1209 = DIRECTION('',(-0.866019052629,-0.500011000363,0.));
#1210 = PCURVE('',#170,#1211);
#1211 = DEFINITIONAL_REPRESENTATION('',(#1212),#1215);
#1212 = B_SPLINE_CURVE_WITH_KNOTS('',1,(#1213,#1214),.UNSPECIFIED.,.F.,
  .F.,(2,2),(-17.,17.),.PIECEWISE_BEZIER_KNOTS.);
#1213 = CARTESIAN_POINT('',(-5.277676105311,43.140187006171));
#1214 = CARTESIAN_POINT('',(-34.72232389468,26.139812993829));
#1215 = ( GEOMETRIC_REPRESENTATION_CONTEXT(2) 
PARAMETRIC_REPRESENTATION_CONTEXT() REPRESENTATION_CONTEXT('2D SPACE',''
  ) );
#1216 = PCURVE('',#1118,#1217);
#1217 = DEFINITIONAL_REPRESENTATION('',(#1218),#1221);
#1218 = B_SPLINE_CURVE_WITH_KNOTS('',1,(#1219,#1220),.UNSPECIFIED.,.F.,
  .F.,(2,2),(-17.,17.),.PIECEWISE_BEZIER_KNOTS.);
#1219 = CARTESIAN_POINT('',(17.,5.));
#1220 = CARTESIAN_POINT('',(-17.,5.));
#1221 = ( GEOMETRIC_REPRESENTATION_CONTEXT(2) 
PARAMETRIC_REPRESENTATION_CONTEXT() REPRESENTATION_CONTEXT('2D SPACE',''
  ) );
#1222 = ORIENTED_EDGE('',*,*,#1223,.T.);
#1223 = EDGE_CURVE('',#1203,#1224,#1226,.T.);
#1224 = VERTEX_POINT('',#1225);
#1225 = CARTESIAN_POINT('',(-61.37968957491,73.814183648451,-5.));
#1226 = SURFACE_CURVE('',#1227,(#1231,#1237),.PCURVE_S1.);
#1227 = LINE('',#1228,#1229);
#1228 = CARTESIAN_POINT('',(-34.0711440854,26.515782860621,-5.));
#1229 = VECTOR('',#1230,1.);
#1230 = DIRECTION('',(-0.500011000363,0.866019052629,0.));
#1231 = PCURVE('',#170,#1232);
#1232 = DEFINITIONAL_REPRESENTATION('',(#1233),#1236);
#1233 = B_SPLINE_CURVE_WITH_KNOTS('',1,(#1234,#1235),.UNSPECIFIED.,.F.,
  .F.,(2,2),(-5.999999967107E-07,59.99868058548),
  .PIECEWISE_BEZIER_KNOTS.);
#1234 = CARTESIAN_POINT('',(-34.07114378539,26.515782341009));
#1235 = CARTESIAN_POINT('',(-64.07114438541,78.475783380232));
#1236 = ( GEOMETRIC_REPRESENTATION_CONTEXT(2) 
PARAMETRIC_REPRESENTATION_CONTEXT() REPRESENTATION_CONTEXT('2D SPACE',''
  ) );
#1237 = PCURVE('',#1092,#1238);
#1238 = DEFINITIONAL_REPRESENTATION('',(#1239),#1242);
#1239 = B_SPLINE_CURVE_WITH_KNOTS('',1,(#1240,#1241),.UNSPECIFIED.,.F.,
  .F.,(2,2),(-5.999999967107E-07,59.99868058548),
  .PIECEWISE_BEZIER_KNOTS.);
#1240 = CARTESIAN_POINT('',(2.843060452405,-5.999999993753E-07));
#1241 = CARTESIAN_POINT('',(2.843060452405,59.99868058548));
#1242 = ( GEOMETRIC_REPRESENTATION_CONTEXT(2) 
PARAMETRIC_REPRESENTATION_CONTEXT() REPRESENTATION_CONTEXT('2D SPACE',''
  ) );
#1243 = ORIENTED_EDGE('',*,*,#1244,.T.);
#1244 = EDGE_CURVE('',#1224,#1245,#1247,.T.);
#1245 = VERTEX_POINT('',#1246);
#1246 = CARTESIAN_POINT('',(-94.61500938011,16.248076809272,-5.));
#1247 = SURFACE_CURVE('',#1248,(#1253,#1260),.PCURVE_S1.);
#1248 = CIRCLE('',#1249,96.);
#1249 = AXIS2_PLACEMENT_3D('',#1250,#1251,#1252);
#1250 = CARTESIAN_POINT('',(0.,0.,-5.));
#1251 = DIRECTION('',(0.,0.,1.));
#1252 = DIRECTION('',(1.,0.,-0.));
#1253 = PCURVE('',#170,#1254);
#1254 = DEFINITIONAL_REPRESENTATION('',(#1255),#1259);
#1255 = CIRCLE('',#1256,96.);
#1256 = AXIS2_PLACEMENT_2D('',#1257,#1258);
#1257 = CARTESIAN_POINT('',(0.,0.));
#1258 = DIRECTION('',(1.,0.));
#1259 = ( GEOMETRIC_REPRESENTATION_CONTEXT(2) 
PARAMETRIC_REPRESENTATION_CONTEXT() REPRESENTATION_CONTEXT('2D SPACE',''
  ) );
#1260 = PCURVE('',#1261,#1266);
#1261 = CYLINDRICAL_SURFACE('',#1262,96.);
#1262 = AXIS2_PLACEMENT_3D('',#1263,#1264,#1265);
#1263 = CARTESIAN_POINT('',(0.,0.,-5.));
#1264 = DIRECTION('',(0.,0.,1.));
#1265 = DIRECTION('',(1.,0.,-0.));
#1266 = DEFINITIONAL_REPRESENTATION('',(#1267),#1271);
#1267 = LINE('',#1268,#1269);
#1268 = CARTESIAN_POINT('',(0.,0.));
#1269 = VECTOR('',#1270,1.);
#1270 = DIRECTION('',(1.,0.));
#1271 = ( GEOMETRIC_REPRESENTATION_CONTEXT(2) 
PARAMETRIC_REPRESENTATION_CONTEXT() REPRESENTATION_CONTEXT('2D SPACE',''
  ) );
#1272 = ORIENTED_EDGE('',*,*,#1273,.F.);
#1273 = EDGE_CURVE('',#1274,#1245,#1276,.T.);
#1274 = VERTEX_POINT('',#1275);
#1275 = CARTESIAN_POINT('',(-40.,16.248076809272,-5.));
#1276 = SURFACE_CURVE('',#1277,(#1281,#1287),.PCURVE_S1.);
#1277 = LINE('',#1278,#1279);
#1278 = CARTESIAN_POINT('',(-40.,16.248076809272,-5.));
#1279 = VECTOR('',#1280,1.);
#1280 = DIRECTION('',(-1.,0.,0.));
#1281 = PCURVE('',#170,#1282);
#1282 = DEFINITIONAL_REPRESENTATION('',(#1283),#1286);
#1283 = B_SPLINE_CURVE_WITH_KNOTS('',1,(#1284,#1285),.UNSPECIFIED.,.F.,
  .F.,(2,2),(-5.999999999062E-07,60.0000006),.PIECEWISE_BEZIER_KNOTS.);
#1284 = CARTESIAN_POINT('',(-39.9999994,16.248076809272));
#1285 = CARTESIAN_POINT('',(-100.0000006,16.248076809272));
#1286 = ( GEOMETRIC_REPRESENTATION_CONTEXT(2) 
PARAMETRIC_REPRESENTATION_CONTEXT() REPRESENTATION_CONTEXT('2D SPACE',''
  ) );
#1287 = PCURVE('',#1288,#1293);
#1288 = CYLINDRICAL_SURFACE('',#1289,17.);
#1289 = AXIS2_PLACEMENT_3D('',#1290,#1291,#1292);
#1290 = CARTESIAN_POINT('',(-40.,0.,0.));
#1291 = DIRECTION('',(-1.,0.,0.));
#1292 = DIRECTION('',(0.,0.,-1.));
#1293 = DEFINITIONAL_REPRESENTATION('',(#1294),#1297);
#1294 = B_SPLINE_CURVE_WITH_KNOTS('',1,(#1295,#1296),.UNSPECIFIED.,.F.,
  .F.,(2,2),(-5.999999999062E-07,60.0000006),.PIECEWISE_BEZIER_KNOTS.);
#1295 = CARTESIAN_POINT('',(5.01092118157,-5.999999999062E-07));
#1296 = CARTESIAN_POINT('',(5.01092118157,60.0000006));
#1297 = ( GEOMETRIC_REPRESENTATION_CONTEXT(2) 
PARAMETRIC_REPRESENTATION_CONTEXT() REPRESENTATION_CONTEXT('2D SPACE',''
  ) );
#1298 = ORIENTED_EDGE('',*,*,#1299,.T.);
#1299 = EDGE_CURVE('',#1274,#1300,#1302,.T.);
#1300 = VERTEX_POINT('',#1301);
#1301 = CARTESIAN_POINT('',(-40.,14.142135623731,-5.));
#1302 = SURFACE_CURVE('',#1303,(#1307,#1313),.PCURVE_S1.);
#1303 = LINE('',#1304,#1305);
#1304 = CARTESIAN_POINT('',(-40.,0.,-5.));
#1305 = VECTOR('',#1306,1.);
#1306 = DIRECTION('',(0.,-1.,0.));
#1307 = PCURVE('',#170,#1308);
#1308 = DEFINITIONAL_REPRESENTATION('',(#1309),#1312);
#1309 = B_SPLINE_CURVE_WITH_KNOTS('',1,(#1310,#1311),.UNSPECIFIED.,.F.,
  .F.,(2,2),(-17.,17.),.PIECEWISE_BEZIER_KNOTS.);
#1310 = CARTESIAN_POINT('',(-40.,17.));
#1311 = CARTESIAN_POINT('',(-40.,-17.));
#1312 = ( GEOMETRIC_REPRESENTATION_CONTEXT(2) 
PARAMETRIC_REPRESENTATION_CONTEXT() REPRESENTATION_CONTEXT('2D SPACE',''
  ) );
#1313 = PCURVE('',#1314,#1319);
#1314 = PLANE('',#1315);
#1315 = AXIS2_PLACEMENT_3D('',#1316,#1317,#1318);
#1316 = CARTESIAN_POINT('',(-40.,0.,0.));
#1317 = DIRECTION('',(-1.,0.,0.));
#1318 = DIRECTION('',(0.,0.,-1.));
#1319 = DEFINITIONAL_REPRESENTATION('',(#1320),#1323);
#1320 = B_SPLINE_CURVE_WITH_KNOTS('',1,(#1321,#1322),.UNSPECIFIED.,.F.,
  .F.,(2,2),(-17.,17.),.PIECEWISE_BEZIER_KNOTS.);
#1321 = CARTESIAN_POINT('',(5.,-17.));
#1322 = CARTESIAN_POINT('',(5.,17.));
#1323 = ( GEOMETRIC_REPRESENTATION_CONTEXT(2) 
PARAMETRIC_REPRESENTATION_CONTEXT() REPRESENTATION_CONTEXT('2D SPACE',''
  ) );
#1324 = ORIENTED_EDGE('',*,*,#1325,.F.);
#1325 = EDGE_CURVE('',#1326,#1300,#1328,.T.);
#1326 = VERTEX_POINT('',#1327);
#1327 = CARTESIAN_POINT('',(-35.,14.142135623731,-5.));
#1328 = SURFACE_CURVE('',#1329,(#1333,#1339),.PCURVE_S1.);
#1329 = LINE('',#1330,#1331);
#1330 = CARTESIAN_POINT('',(-35.,14.142135623731,-5.));
#1331 = VECTOR('',#1332,1.);
#1332 = DIRECTION('',(-1.,0.,0.));
#1333 = PCURVE('',#170,#1334);
#1334 = DEFINITIONAL_REPRESENTATION('',(#1335),#1338);
#1335 = B_SPLINE_CURVE_WITH_KNOTS('',1,(#1336,#1337),.UNSPECIFIED.,.F.,
  .F.,(2,2),(-5.999999999062E-07,70.0000006),.PIECEWISE_BEZIER_KNOTS.);
#1336 = CARTESIAN_POINT('',(-34.9999994,14.142135623731));
#1337 = CARTESIAN_POINT('',(-105.0000006,14.142135623731));
#1338 = ( GEOMETRIC_REPRESENTATION_CONTEXT(2) 
PARAMETRIC_REPRESENTATION_CONTEXT() REPRESENTATION_CONTEXT('2D SPACE',''
  ) );
#1339 = PCURVE('',#1340,#1345);
#1340 = CYLINDRICAL_SURFACE('',#1341,15.);
#1341 = AXIS2_PLACEMENT_3D('',#1342,#1343,#1344);
#1342 = CARTESIAN_POINT('',(-35.,0.,0.));
#1343 = DIRECTION('',(-1.,0.,0.));
#1344 = DIRECTION('',(0.,0.,-1.));
#1345 = DEFINITIONAL_REPRESENTATION('',(#1346),#1349);
#1346 = B_SPLINE_CURVE_WITH_KNOTS('',1,(#1347,#1348),.UNSPECIFIED.,.F.,
  .F.,(2,2),(-5.999999999062E-07,70.0000006),.PIECEWISE_BEZIER_KNOTS.);
#1347 = CARTESIAN_POINT('',(5.052225889839,-5.999999999062E-07));
#1348 = CARTESIAN_POINT('',(5.052225889839,70.0000006));
#1349 = ( GEOMETRIC_REPRESENTATION_CONTEXT(2) 
PARAMETRIC_REPRESENTATION_CONTEXT() REPRESENTATION_CONTEXT('2D SPACE',''
  ) );
#1350 = ORIENTED_EDGE('',*,*,#1351,.T.);
#1351 = EDGE_CURVE('',#1326,#1352,#1354,.T.);
#1352 = VERTEX_POINT('',#1353);
#1353 = CARTESIAN_POINT('',(-35.,-14.14213562373,-5.));
#1354 = SURFACE_CURVE('',#1355,(#1359,#1365),.PCURVE_S1.);
#1355 = LINE('',#1356,#1357);
#1356 = CARTESIAN_POINT('',(-35.,0.,-5.));
#1357 = VECTOR('',#1358,1.);
#1358 = DIRECTION('',(0.,-1.,0.));
#1359 = PCURVE('',#170,#1360);
#1360 = DEFINITIONAL_REPRESENTATION('',(#1361),#1364);
#1361 = B_SPLINE_CURVE_WITH_KNOTS('',1,(#1362,#1363),.UNSPECIFIED.,.F.,
  .F.,(2,2),(-15.,15.),.PIECEWISE_BEZIER_KNOTS.);
#1362 = CARTESIAN_POINT('',(-35.,15.));
#1363 = CARTESIAN_POINT('',(-35.,-15.));
#1364 = ( GEOMETRIC_REPRESENTATION_CONTEXT(2) 
PARAMETRIC_REPRESENTATION_CONTEXT() REPRESENTATION_CONTEXT('2D SPACE',''
  ) );
#1365 = PCURVE('',#1366,#1371);
#1366 = PLANE('',#1367);
#1367 = AXIS2_PLACEMENT_3D('',#1368,#1369,#1370);
#1368 = CARTESIAN_POINT('',(-35.,0.,0.));
#1369 = DIRECTION('',(-1.,0.,0.));
#1370 = DIRECTION('',(0.,0.,-1.));
#1371 = DEFINITIONAL_REPRESENTATION('',(#1372),#1375);
#1372 = B_SPLINE_CURVE_WITH_KNOTS('',1,(#1373,#1374),.UNSPECIFIED.,.F.,
  .F.,(2,2),(-15.,15.),.PIECEWISE_BEZIER_KNOTS.);
#1373 = CARTESIAN_POINT('',(5.,-15.));
#1374 = CARTESIAN_POINT('',(5.,15.));
#1375 = ( GEOMETRIC_REPRESENTATION_CONTEXT(2) 
PARAMETRIC_REPRESENTATION_CONTEXT() REPRESENTATION_CONTEXT('2D SPACE',''
  ) );
#1376 = ORIENTED_EDGE('',*,*,#1377,.T.);
#1377 = EDGE_CURVE('',#1352,#1378,#1380,.T.);
#1378 = VERTEX_POINT('',#1379);
#1379 = CARTESIAN_POINT('',(-40.,-14.14213562373,-5.));
#1380 = SURFACE_CURVE('',#1381,(#1385,#1391),.PCURVE_S1.);
#1381 = LINE('',#1382,#1383);
#1382 = CARTESIAN_POINT('',(-35.,-14.14213562373,-5.));
#1383 = VECTOR('',#1384,1.);
#1384 = DIRECTION('',(-1.,0.,0.));
#1385 = PCURVE('',#170,#1386);
#1386 = DEFINITIONAL_REPRESENTATION('',(#1387),#1390);
#1387 = B_SPLINE_CURVE_WITH_KNOTS('',1,(#1388,#1389),.UNSPECIFIED.,.F.,
  .F.,(2,2),(-5.999999999062E-07,70.0000006),.PIECEWISE_BEZIER_KNOTS.);
#1388 = CARTESIAN_POINT('',(-34.9999994,-14.14213562373));
#1389 = CARTESIAN_POINT('',(-105.0000006,-14.14213562373));
#1390 = ( GEOMETRIC_REPRESENTATION_CONTEXT(2) 
PARAMETRIC_REPRESENTATION_CONTEXT() REPRESENTATION_CONTEXT('2D SPACE',''
  ) );
#1391 = PCURVE('',#1340,#1392);
#1392 = DEFINITIONAL_REPRESENTATION('',(#1393),#1396);
#1393 = B_SPLINE_CURVE_WITH_KNOTS('',1,(#1394,#1395),.UNSPECIFIED.,.F.,
  .F.,(2,2),(-5.999999999062E-07,70.0000006),.PIECEWISE_BEZIER_KNOTS.);
#1394 = CARTESIAN_POINT('',(1.230959417341,-5.999999999062E-07));
#1395 = CARTESIAN_POINT('',(1.230959417341,70.0000006));
#1396 = ( GEOMETRIC_REPRESENTATION_CONTEXT(2) 
PARAMETRIC_REPRESENTATION_CONTEXT() REPRESENTATION_CONTEXT('2D SPACE',''
  ) );
#1397 = ORIENTED_EDGE('',*,*,#1398,.T.);
#1398 = EDGE_CURVE('',#1378,#1399,#1401,.T.);
#1399 = VERTEX_POINT('',#1400);
#1400 = CARTESIAN_POINT('',(-40.,-16.24807680927,-5.));
#1401 = SURFACE_CURVE('',#1402,(#1406,#1412),.PCURVE_S1.);
#1402 = LINE('',#1403,#1404);
#1403 = CARTESIAN_POINT('',(-40.,0.,-5.));
#1404 = VECTOR('',#1405,1.);
#1405 = DIRECTION('',(0.,-1.,0.));
#1406 = PCURVE('',#170,#1407);
#1407 = DEFINITIONAL_REPRESENTATION('',(#1408),#1411);
#1408 = B_SPLINE_CURVE_WITH_KNOTS('',1,(#1409,#1410),.UNSPECIFIED.,.F.,
  .F.,(2,2),(-17.,17.),.PIECEWISE_BEZIER_KNOTS.);
#1409 = CARTESIAN_POINT('',(-40.,17.));
#1410 = CARTESIAN_POINT('',(-40.,-17.));
#1411 = ( GEOMETRIC_REPRESENTATION_CONTEXT(2) 
PARAMETRIC_REPRESENTATION_CONTEXT() REPRESENTATION_CONTEXT('2D SPACE',''
  ) );
#1412 = PCURVE('',#1314,#1413);
#1413 = DEFINITIONAL_REPRESENTATION('',(#1414),#1417);
#1414 = B_SPLINE_CURVE_WITH_KNOTS('',1,(#1415,#1416),.UNSPECIFIED.,.F.,
  .F.,(2,2),(-17.,17.),.PIECEWISE_BEZIER_KNOTS.);
#1415 = CARTESIAN_POINT('',(5.,-17.));
#1416 = CARTESIAN_POINT('',(5.,17.));
#1417 = ( GEOMETRIC_REPRESENTATION_CONTEXT(2) 
PARAMETRIC_REPRESENTATION_CONTEXT() REPRESENTATION_CONTEXT('2D SPACE',''
  ) );
#1418 = ORIENTED_EDGE('',*,*,#1419,.T.);
#1419 = EDGE_CURVE('',#1399,#1420,#1422,.T.);
#1420 = VERTEX_POINT('',#1421);
#1421 = CARTESIAN_POINT('',(-94.61500938011,-16.24807680927,-5.));
#1422 = SURFACE_CURVE('',#1423,(#1427,#1433),.PCURVE_S1.);
#1423 = LINE('',#1424,#1425);
#1424 = CARTESIAN_POINT('',(-40.,-16.24807680927,-5.));
#1425 = VECTOR('',#1426,1.);
#1426 = DIRECTION('',(-1.,0.,0.));
#1427 = PCURVE('',#170,#1428);
#1428 = DEFINITIONAL_REPRESENTATION('',(#1429),#1432);
#1429 = B_SPLINE_CURVE_WITH_KNOTS('',1,(#1430,#1431),.UNSPECIFIED.,.F.,
  .F.,(2,2),(-5.999999999062E-07,60.0000006),.PIECEWISE_BEZIER_KNOTS.);
#1430 = CARTESIAN_POINT('',(-39.9999994,-16.24807680927));
#1431 = CARTESIAN_POINT('',(-100.0000006,-16.24807680927));
#1432 = ( GEOMETRIC_REPRESENTATION_CONTEXT(2) 
PARAMETRIC_REPRESENTATION_CONTEXT() REPRESENTATION_CONTEXT('2D SPACE',''
  ) );
#1433 = PCURVE('',#1288,#1434);
#1434 = DEFINITIONAL_REPRESENTATION('',(#1435),#1438);
#1435 = B_SPLINE_CURVE_WITH_KNOTS('',1,(#1436,#1437),.UNSPECIFIED.,.F.,
  .F.,(2,2),(-5.999999999062E-07,60.0000006),.PIECEWISE_BEZIER_KNOTS.);
#1436 = CARTESIAN_POINT('',(1.27226412561,-5.999999999062E-07));
#1437 = CARTESIAN_POINT('',(1.27226412561,60.0000006));
#1438 = ( GEOMETRIC_REPRESENTATION_CONTEXT(2) 
PARAMETRIC_REPRESENTATION_CONTEXT() REPRESENTATION_CONTEXT('2D SPACE',''
  ) );
#1439 = ORIENTED_EDGE('',*,*,#1440,.T.);
#1440 = EDGE_CURVE('',#1420,#1441,#1443,.T.);
#1441 = VERTEX_POINT('',#1442);
#1442 = CARTESIAN_POINT('',(-61.37968957491,-73.81418364845,-5.));
#1443 = SURFACE_CURVE('',#1444,(#1449,#1456),.PCURVE_S1.);
#1444 = CIRCLE('',#1445,96.);
#1445 = AXIS2_PLACEMENT_3D('',#1446,#1447,#1448);
#1446 = CARTESIAN_POINT('',(0.,0.,-5.));
#1447 = DIRECTION('',(0.,0.,1.));
#1448 = DIRECTION('',(1.,0.,-0.));
#1449 = PCURVE('',#170,#1450);
#1450 = DEFINITIONAL_REPRESENTATION('',(#1451),#1455);
#1451 = CIRCLE('',#1452,96.);
#1452 = AXIS2_PLACEMENT_2D('',#1453,#1454);
#1453 = CARTESIAN_POINT('',(0.,0.));
#1454 = DIRECTION('',(1.,0.));
#1455 = ( GEOMETRIC_REPRESENTATION_CONTEXT(2) 
PARAMETRIC_REPRESENTATION_CONTEXT() REPRESENTATION_CONTEXT('2D SPACE',''
  ) );
#1456 = PCURVE('',#1457,#1462);
#1457 = CYLINDRICAL_SURFACE('',#1458,96.);
#1458 = AXIS2_PLACEMENT_3D('',#1459,#1460,#1461);
#1459 = CARTESIAN_POINT('',(0.,0.,-5.));
#1460 = DIRECTION('',(0.,0.,1.));
#1461 = DIRECTION('',(1.,0.,-0.));
#1462 = DEFINITIONAL_REPRESENTATION('',(#1463),#1467);
#1463 = LINE('',#1464,#1465);
#1464 = CARTESIAN_POINT('',(0.,0.));
#1465 = VECTOR('',#1466,1.);
#1466 = DIRECTION('',(1.,0.));
#1467 = ( GEOMETRIC_REPRESENTATION_CONTEXT(2) 
PARAMETRIC_REPRESENTATION_CONTEXT() REPRESENTATION_CONTEXT('2D SPACE',''
  ) );
#1468 = ORIENTED_EDGE('',*,*,#1469,.F.);
#1469 = EDGE_CURVE('',#1470,#1441,#1472,.T.);
#1470 = VERTEX_POINT('',#1471);
#1471 = CARTESIAN_POINT('',(-34.0711440854,-26.51578286062,-5.));
#1472 = SURFACE_CURVE('',#1473,(#1477,#1483),.PCURVE_S1.);
#1473 = LINE('',#1474,#1475);
#1474 = CARTESIAN_POINT('',(-34.0711440854,-26.51578286062,-5.));
#1475 = VECTOR('',#1476,1.);
#1476 = DIRECTION('',(-0.500011000363,-0.866019052629,0.));
#1477 = PCURVE('',#170,#1478);
#1478 = DEFINITIONAL_REPRESENTATION('',(#1479),#1482);
#1479 = B_SPLINE_CURVE_WITH_KNOTS('',1,(#1480,#1481),.UNSPECIFIED.,.F.,
  .F.,(2,2),(-5.999999967107E-07,59.99868058548),
  .PIECEWISE_BEZIER_KNOTS.);
#1480 = CARTESIAN_POINT('',(-34.07114378539,-26.515782341));
#1481 = CARTESIAN_POINT('',(-64.07114438541,-78.47578338023));
#1482 = ( GEOMETRIC_REPRESENTATION_CONTEXT(2) 
PARAMETRIC_REPRESENTATION_CONTEXT() REPRESENTATION_CONTEXT('2D SPACE',''
  ) );
#1483 = PCURVE('',#1484,#1489);
#1484 = CYLINDRICAL_SURFACE('',#1485,17.);
#1485 = AXIS2_PLACEMENT_3D('',#1486,#1487,#1488);
#1486 = CARTESIAN_POINT('',(-20.,-34.64,0.));
#1487 = DIRECTION('',(-0.500011000363,-0.866019052629,0.));
#1488 = DIRECTION('',(-0.866019052629,0.500011000363,0.));
#1489 = DEFINITIONAL_REPRESENTATION('',(#1490),#1493);
#1490 = B_SPLINE_CURVE_WITH_KNOTS('',1,(#1491,#1492),.UNSPECIFIED.,.F.,
  .F.,(2,2),(-5.999999967107E-07,59.99868058548),
  .PIECEWISE_BEZIER_KNOTS.);
#1491 = CARTESIAN_POINT('',(0.298532201185,-5.999999993753E-07));
#1492 = CARTESIAN_POINT('',(0.298532201185,59.99868058548));
#1493 = ( GEOMETRIC_REPRESENTATION_CONTEXT(2) 
PARAMETRIC_REPRESENTATION_CONTEXT() REPRESENTATION_CONTEXT('2D SPACE',''
  ) );
#1494 = ORIENTED_EDGE('',*,*,#1495,.T.);
#1495 = EDGE_CURVE('',#1470,#1496,#1498,.T.);
#1496 = VERTEX_POINT('',#1497);
#1497 = CARTESIAN_POINT('',(-32.24735889501,-27.5687766195,-5.));
#1498 = SURFACE_CURVE('',#1499,(#1503,#1509),.PCURVE_S1.);
#1499 = LINE('',#1500,#1501);
#1500 = CARTESIAN_POINT('',(-20.,-34.64,-5.));
#1501 = VECTOR('',#1502,1.);
#1502 = DIRECTION('',(0.866019052629,-0.500011000363,0.));
#1503 = PCURVE('',#170,#1504);
#1504 = DEFINITIONAL_REPRESENTATION('',(#1505),#1508);
#1505 = B_SPLINE_CURVE_WITH_KNOTS('',1,(#1506,#1507),.UNSPECIFIED.,.F.,
  .F.,(2,2),(-17.,17.),.PIECEWISE_BEZIER_KNOTS.);
#1506 = CARTESIAN_POINT('',(-34.72232389468,-26.13981299382));
#1507 = CARTESIAN_POINT('',(-5.277676105311,-43.14018700617));
#1508 = ( GEOMETRIC_REPRESENTATION_CONTEXT(2) 
PARAMETRIC_REPRESENTATION_CONTEXT() REPRESENTATION_CONTEXT('2D SPACE',''
  ) );
#1509 = PCURVE('',#1510,#1515);
#1510 = PLANE('',#1511);
#1511 = AXIS2_PLACEMENT_3D('',#1512,#1513,#1514);
#1512 = CARTESIAN_POINT('',(-20.,-34.64,0.));
#1513 = DIRECTION('',(-0.500011000363,-0.866019052629,0.));
#1514 = DIRECTION('',(-0.866019052629,0.500011000363,0.));
#1515 = DEFINITIONAL_REPRESENTATION('',(#1516),#1519);
#1516 = B_SPLINE_CURVE_WITH_KNOTS('',1,(#1517,#1518),.UNSPECIFIED.,.F.,
  .F.,(2,2),(-17.,17.),.PIECEWISE_BEZIER_KNOTS.);
#1517 = CARTESIAN_POINT('',(17.,5.));
#1518 = CARTESIAN_POINT('',(-17.,5.));
#1519 = ( GEOMETRIC_REPRESENTATION_CONTEXT(2) 
PARAMETRIC_REPRESENTATION_CONTEXT() REPRESENTATION_CONTEXT('2D SPACE',''
  ) );
#1520 = ORIENTED_EDGE('',*,*,#1521,.F.);
#1521 = EDGE_CURVE('',#1522,#1496,#1524,.T.);
#1522 = VERTEX_POINT('',#1523);
#1523 = CARTESIAN_POINT('',(-29.74735889501,-23.2387766195,-5.));
#1524 = SURFACE_CURVE('',#1525,(#1529,#1535),.PCURVE_S1.);
#1525 = LINE('',#1526,#1527);
#1526 = CARTESIAN_POINT('',(-29.74735889501,-23.2387766195,-5.));
#1527 = VECTOR('',#1528,1.);
#1528 = DIRECTION('',(-0.500011000363,-0.866019052629,0.));
#1529 = PCURVE('',#170,#1530);
#1530 = DEFINITIONAL_REPRESENTATION('',(#1531),#1534);
#1531 = B_SPLINE_CURVE_WITH_KNOTS('',1,(#1532,#1533),.UNSPECIFIED.,.F.,
  .F.,(2,2),(-5.999999984871E-07,69.99846058306),
  .PIECEWISE_BEZIER_KNOTS.);
#1532 = CARTESIAN_POINT('',(-29.747358595,-23.23877609989));
#1533 = CARTESIAN_POINT('',(-64.74735919501,-83.85877713912));
#1534 = ( GEOMETRIC_REPRESENTATION_CONTEXT(2) 
PARAMETRIC_REPRESENTATION_CONTEXT() REPRESENTATION_CONTEXT('2D SPACE',''
  ) );
#1535 = PCURVE('',#1536,#1541);
#1536 = CYLINDRICAL_SURFACE('',#1537,15.);
#1537 = AXIS2_PLACEMENT_3D('',#1538,#1539,#1540);
#1538 = CARTESIAN_POINT('',(-17.5,-30.31,0.));
#1539 = DIRECTION('',(-0.500011000363,-0.866019052629,0.));
#1540 = DIRECTION('',(-0.866019052629,0.500011000363,0.));
#1541 = DEFINITIONAL_REPRESENTATION('',(#1542),#1545);
#1542 = B_SPLINE_CURVE_WITH_KNOTS('',1,(#1543,#1544),.UNSPECIFIED.,.F.,
  .F.,(2,2),(-5.999999984871E-07,69.99846058306),
  .PIECEWISE_BEZIER_KNOTS.);
#1543 = CARTESIAN_POINT('',(0.339836909454,-6.000000002635E-07));
#1544 = CARTESIAN_POINT('',(0.339836909454,69.99846058306));
#1545 = ( GEOMETRIC_REPRESENTATION_CONTEXT(2) 
PARAMETRIC_REPRESENTATION_CONTEXT() REPRESENTATION_CONTEXT('2D SPACE',''
  ) );
#1546 = ORIENTED_EDGE('',*,*,#1547,.T.);
#1547 = EDGE_CURVE('',#1522,#1548,#1550,.T.);
#1548 = VERTEX_POINT('',#1549);
#1549 = CARTESIAN_POINT('',(-5.252641104989,-37.38122338049,-5.));
#1550 = SURFACE_CURVE('',#1551,(#1555,#1561),.PCURVE_S1.);
#1551 = LINE('',#1552,#1553);
#1552 = CARTESIAN_POINT('',(-17.5,-30.31,-5.));
#1553 = VECTOR('',#1554,1.);
#1554 = DIRECTION('',(0.866019052629,-0.500011000363,0.));
#1555 = PCURVE('',#170,#1556);
#1556 = DEFINITIONAL_REPRESENTATION('',(#1557),#1560);
#1557 = B_SPLINE_CURVE_WITH_KNOTS('',1,(#1558,#1559),.UNSPECIFIED.,.F.,
  .F.,(2,2),(-15.,15.),.PIECEWISE_BEZIER_KNOTS.);
#1558 = CARTESIAN_POINT('',(-30.49028578943,-22.80983499455));
#1559 = CARTESIAN_POINT('',(-4.509714210569,-37.81016500544));
#1560 = ( GEOMETRIC_REPRESENTATION_CONTEXT(2) 
PARAMETRIC_REPRESENTATION_CONTEXT() REPRESENTATION_CONTEXT('2D SPACE',''
  ) );
#1561 = PCURVE('',#1562,#1567);
#1562 = PLANE('',#1563);
#1563 = AXIS2_PLACEMENT_3D('',#1564,#1565,#1566);
#1564 = CARTESIAN_POINT('',(-17.5,-30.31,0.));
#1565 = DIRECTION('',(-0.500011000363,-0.866019052629,0.));
#1566 = DIRECTION('',(-0.866019052629,0.500011000363,0.));
#1567 = DEFINITIONAL_REPRESENTATION('',(#1568),#1571);
#1568 = B_SPLINE_CURVE_WITH_KNOTS('',1,(#1569,#1570),.UNSPECIFIED.,.F.,
  .F.,(2,2),(-15.,15.),.PIECEWISE_BEZIER_KNOTS.);
#1569 = CARTESIAN_POINT('',(15.,5.));
#1570 = CARTESIAN_POINT('',(-15.,5.));
#1571 = ( GEOMETRIC_REPRESENTATION_CONTEXT(2) 
PARAMETRIC_REPRESENTATION_CONTEXT() REPRESENTATION_CONTEXT('2D SPACE',''
  ) );
#1572 = ORIENTED_EDGE('',*,*,#1573,.T.);
#1573 = EDGE_CURVE('',#1548,#1574,#1576,.T.);
#1574 = VERTEX_POINT('',#1575);
#1575 = CARTESIAN_POINT('',(-7.752641104989,-41.71122338049,-5.));
#1576 = SURFACE_CURVE('',#1577,(#1581,#1587),.PCURVE_S1.);
#1577 = LINE('',#1578,#1579);
#1578 = CARTESIAN_POINT('',(-5.252641104989,-37.38122338049,-5.));
#1579 = VECTOR('',#1580,1.);
#1580 = DIRECTION('',(-0.500011000363,-0.866019052629,0.));
#1581 = PCURVE('',#170,#1582);
#1582 = DEFINITIONAL_REPRESENTATION('',(#1583),#1586);
#1583 = B_SPLINE_CURVE_WITH_KNOTS('',1,(#1584,#1585),.UNSPECIFIED.,.F.,
  .F.,(2,2),(-6.000000015638E-07,69.99846058306),
  .PIECEWISE_BEZIER_KNOTS.);
#1584 = CARTESIAN_POINT('',(-5.252640804983,-37.38122286088));
#1585 = CARTESIAN_POINT('',(-40.25264140499,-98.0012239001));
#1586 = ( GEOMETRIC_REPRESENTATION_CONTEXT(2) 
PARAMETRIC_REPRESENTATION_CONTEXT() REPRESENTATION_CONTEXT('2D SPACE',''
  ) );
#1587 = PCURVE('',#1536,#1588);
#1588 = DEFINITIONAL_REPRESENTATION('',(#1589),#1592);
#1589 = B_SPLINE_CURVE_WITH_KNOTS('',1,(#1590,#1591),.UNSPECIFIED.,.F.,
  .F.,(2,2),(-6.000000015638E-07,69.99846058306),
  .PIECEWISE_BEZIER_KNOTS.);
#1590 = CARTESIAN_POINT('',(2.801755744136,-5.999999997875E-07));
#1591 = CARTESIAN_POINT('',(2.801755744136,69.99846058306));
#1592 = ( GEOMETRIC_REPRESENTATION_CONTEXT(2) 
PARAMETRIC_REPRESENTATION_CONTEXT() REPRESENTATION_CONTEXT('2D SPACE',''
  ) );
#1593 = ORIENTED_EDGE('',*,*,#1594,.T.);
#1594 = EDGE_CURVE('',#1574,#1595,#1597,.T.);
#1595 = VERTEX_POINT('',#1596);
#1596 = CARTESIAN_POINT('',(-5.928855914595,-42.76421713937,-5.));
#1597 = SURFACE_CURVE('',#1598,(#1602,#1608),.PCURVE_S1.);
#1598 = LINE('',#1599,#1600);
#1599 = CARTESIAN_POINT('',(-20.,-34.64,-5.));
#1600 = VECTOR('',#1601,1.);
#1601 = DIRECTION('',(0.866019052629,-0.500011000363,0.));
#1602 = PCURVE('',#170,#1603);
#1603 = DEFINITIONAL_REPRESENTATION('',(#1604),#1607);
#1604 = B_SPLINE_CURVE_WITH_KNOTS('',1,(#1605,#1606),.UNSPECIFIED.,.F.,
  .F.,(2,2),(-17.,17.),.PIECEWISE_BEZIER_KNOTS.);
#1605 = CARTESIAN_POINT('',(-34.72232389468,-26.13981299382));
#1606 = CARTESIAN_POINT('',(-5.277676105311,-43.14018700617));
#1607 = ( GEOMETRIC_REPRESENTATION_CONTEXT(2) 
PARAMETRIC_REPRESENTATION_CONTEXT() REPRESENTATION_CONTEXT('2D SPACE',''
  ) );
#1608 = PCURVE('',#1510,#1609);
#1609 = DEFINITIONAL_REPRESENTATION('',(#1610),#1613);
#1610 = B_SPLINE_CURVE_WITH_KNOTS('',1,(#1611,#1612),.UNSPECIFIED.,.F.,
  .F.,(2,2),(-17.,17.),.PIECEWISE_BEZIER_KNOTS.);
#1611 = CARTESIAN_POINT('',(17.,5.));
#1612 = CARTESIAN_POINT('',(-17.,5.));
#1613 = ( GEOMETRIC_REPRESENTATION_CONTEXT(2) 
PARAMETRIC_REPRESENTATION_CONTEXT() REPRESENTATION_CONTEXT('2D SPACE',''
  ) );
#1614 = ORIENTED_EDGE('',*,*,#1615,.T.);
#1615 = EDGE_CURVE('',#1595,#1616,#1618,.T.);
#1616 = VERTEX_POINT('',#1617);
#1617 = CARTESIAN_POINT('',(-33.2374014041,-90.0626179272,-5.));
#1618 = SURFACE_CURVE('',#1619,(#1623,#1629),.PCURVE_S1.);
#1619 = LINE('',#1620,#1621);
#1620 = CARTESIAN_POINT('',(-5.928855914595,-42.76421713937,-5.));
#1621 = VECTOR('',#1622,1.);
#1622 = DIRECTION('',(-0.500011000363,-0.866019052629,0.));
#1623 = PCURVE('',#170,#1624);
#1624 = DEFINITIONAL_REPRESENTATION('',(#1625),#1628);
#1625 = B_SPLINE_CURVE_WITH_KNOTS('',1,(#1626,#1627),.UNSPECIFIED.,.F.,
  .F.,(2,2),(-6.000000015638E-07,59.99868058548),
  .PIECEWISE_BEZIER_KNOTS.);
#1626 = CARTESIAN_POINT('',(-5.928855614589,-42.76421661976));
#1627 = CARTESIAN_POINT('',(-35.9288562146,-94.72421765899));
#1628 = ( GEOMETRIC_REPRESENTATION_CONTEXT(2) 
PARAMETRIC_REPRESENTATION_CONTEXT() REPRESENTATION_CONTEXT('2D SPACE',''
  ) );
#1629 = PCURVE('',#1484,#1630);
#1630 = DEFINITIONAL_REPRESENTATION('',(#1631),#1634);
#1631 = B_SPLINE_CURVE_WITH_KNOTS('',1,(#1632,#1633),.UNSPECIFIED.,.F.,
  .F.,(2,2),(-6.000000015638E-07,59.99868058548),
  .PIECEWISE_BEZIER_KNOTS.);
#1632 = CARTESIAN_POINT('',(2.843060452405,-5.999999997875E-07));
#1633 = CARTESIAN_POINT('',(2.843060452405,59.99868058548));
#1634 = ( GEOMETRIC_REPRESENTATION_CONTEXT(2) 
PARAMETRIC_REPRESENTATION_CONTEXT() REPRESENTATION_CONTEXT('2D SPACE',''
  ) );
#1635 = ORIENTED_EDGE('',*,*,#1636,.T.);
#1636 = EDGE_CURVE('',#1616,#1637,#1639,.T.);
#1637 = VERTEX_POINT('',#1638);
#1638 = CARTESIAN_POINT('',(33.237401404105,-90.0626179272,-5.));
#1639 = SURFACE_CURVE('',#1640,(#1645,#1652),.PCURVE_S1.);
#1640 = CIRCLE('',#1641,96.);
#1641 = AXIS2_PLACEMENT_3D('',#1642,#1643,#1644);
#1642 = CARTESIAN_POINT('',(0.,0.,-5.));
#1643 = DIRECTION('',(0.,0.,1.));
#1644 = DIRECTION('',(1.,0.,-0.));
#1645 = PCURVE('',#170,#1646);
#1646 = DEFINITIONAL_REPRESENTATION('',(#1647),#1651);
#1647 = CIRCLE('',#1648,96.);
#1648 = AXIS2_PLACEMENT_2D('',#1649,#1650);
#1649 = CARTESIAN_POINT('',(0.,0.));
#1650 = DIRECTION('',(1.,0.));
#1651 = ( GEOMETRIC_REPRESENTATION_CONTEXT(2) 
PARAMETRIC_REPRESENTATION_CONTEXT() REPRESENTATION_CONTEXT('2D SPACE',''
  ) );
#1652 = PCURVE('',#1653,#1658);
#1653 = CYLINDRICAL_SURFACE('',#1654,96.);
#1654 = AXIS2_PLACEMENT_3D('',#1655,#1656,#1657);
#1655 = CARTESIAN_POINT('',(0.,0.,-5.));
#1656 = DIRECTION('',(0.,0.,1.));
#1657 = DIRECTION('',(1.,0.,-0.));
#1658 = DEFINITIONAL_REPRESENTATION('',(#1659),#1663);
#1659 = LINE('',#1660,#1661);
#1660 = CARTESIAN_POINT('',(0.,0.));
#1661 = VECTOR('',#1662,1.);
#1662 = DIRECTION('',(1.,0.));
#1663 = ( GEOMETRIC_REPRESENTATION_CONTEXT(2) 
PARAMETRIC_REPRESENTATION_CONTEXT() REPRESENTATION_CONTEXT('2D SPACE',''
  ) );
#1664 = ORIENTED_EDGE('',*,*,#1665,.F.);
#1665 = EDGE_CURVE('',#1666,#1637,#1668,.T.);
#1666 = VERTEX_POINT('',#1667);
#1667 = CARTESIAN_POINT('',(5.928855914595,-42.76421713937,-5.));
#1668 = SURFACE_CURVE('',#1669,(#1673,#1679),.PCURVE_S1.);
#1669 = LINE('',#1670,#1671);
#1670 = CARTESIAN_POINT('',(5.928855914595,-42.76421713937,-5.));
#1671 = VECTOR('',#1672,1.);
#1672 = DIRECTION('',(0.500011000363,-0.866019052629,0.));
#1673 = PCURVE('',#170,#1674);
#1674 = DEFINITIONAL_REPRESENTATION('',(#1675),#1678);
#1675 = B_SPLINE_CURVE_WITH_KNOTS('',1,(#1676,#1677),.UNSPECIFIED.,.F.,
  .F.,(2,2),(-6.000000015638E-07,59.99868058548),
  .PIECEWISE_BEZIER_KNOTS.);
#1676 = CARTESIAN_POINT('',(5.928855614589,-42.76421661976));
#1677 = CARTESIAN_POINT('',(35.928856214602,-94.72421765899));
#1678 = ( GEOMETRIC_REPRESENTATION_CONTEXT(2) 
PARAMETRIC_REPRESENTATION_CONTEXT() REPRESENTATION_CONTEXT('2D SPACE',''
  ) );
#1679 = PCURVE('',#136,#1680);
#1680 = DEFINITIONAL_REPRESENTATION('',(#1681),#1684);
#1681 = B_SPLINE_CURVE_WITH_KNOTS('',1,(#1682,#1683),.UNSPECIFIED.,.F.,
  .F.,(2,2),(-6.000000015638E-07,59.99868058548),
  .PIECEWISE_BEZIER_KNOTS.);
#1682 = CARTESIAN_POINT('',(0.298532201185,-5.999999997875E-07));
#1683 = CARTESIAN_POINT('',(0.298532201185,59.99868058548));
#1684 = ( GEOMETRIC_REPRESENTATION_CONTEXT(2) 
PARAMETRIC_REPRESENTATION_CONTEXT() REPRESENTATION_CONTEXT('2D SPACE',''
  ) );
#1685 = ORIENTED_EDGE('',*,*,#1686,.T.);
#1686 = EDGE_CURVE('',#1666,#1687,#1689,.T.);
#1687 = VERTEX_POINT('',#1688);
#1688 = CARTESIAN_POINT('',(7.752641104989,-41.71122338049,-5.));
#1689 = SURFACE_CURVE('',#1690,(#1694,#1700),.PCURVE_S1.);
#1690 = LINE('',#1691,#1692);
#1691 = CARTESIAN_POINT('',(20.,-34.64,-5.));
#1692 = VECTOR('',#1693,1.);
#1693 = DIRECTION('',(0.866019052629,0.500011000363,-0.));
#1694 = PCURVE('',#170,#1695);
#1695 = DEFINITIONAL_REPRESENTATION('',(#1696),#1699);
#1696 = B_SPLINE_CURVE_WITH_KNOTS('',1,(#1697,#1698),.UNSPECIFIED.,.F.,
  .F.,(2,2),(-17.,17.),.PIECEWISE_BEZIER_KNOTS.);
#1697 = CARTESIAN_POINT('',(5.277676105311,-43.14018700617));
#1698 = CARTESIAN_POINT('',(34.722323894689,-26.13981299382));
#1699 = ( GEOMETRIC_REPRESENTATION_CONTEXT(2) 
PARAMETRIC_REPRESENTATION_CONTEXT() REPRESENTATION_CONTEXT('2D SPACE',''
  ) );
#1700 = PCURVE('',#1701,#1706);
#1701 = PLANE('',#1702);
#1702 = AXIS2_PLACEMENT_3D('',#1703,#1704,#1705);
#1703 = CARTESIAN_POINT('',(20.,-34.64,0.));
#1704 = DIRECTION('',(0.500011000363,-0.866019052629,0.));
#1705 = DIRECTION('',(-0.866019052629,-0.500011000363,0.));
#1706 = DEFINITIONAL_REPRESENTATION('',(#1707),#1710);
#1707 = B_SPLINE_CURVE_WITH_KNOTS('',1,(#1708,#1709),.UNSPECIFIED.,.F.,
  .F.,(2,2),(-17.,17.),.PIECEWISE_BEZIER_KNOTS.);
#1708 = CARTESIAN_POINT('',(17.,5.));
#1709 = CARTESIAN_POINT('',(-17.,5.));
#1710 = ( GEOMETRIC_REPRESENTATION_CONTEXT(2) 
PARAMETRIC_REPRESENTATION_CONTEXT() REPRESENTATION_CONTEXT('2D SPACE',''
  ) );
#1711 = ORIENTED_EDGE('',*,*,#1712,.F.);
#1712 = EDGE_CURVE('',#1713,#1687,#1715,.T.);
#1713 = VERTEX_POINT('',#1714);
#1714 = CARTESIAN_POINT('',(5.252641104989,-37.38122338049,-5.));
#1715 = SURFACE_CURVE('',#1716,(#1720,#1726),.PCURVE_S1.);
#1716 = LINE('',#1717,#1718);
#1717 = CARTESIAN_POINT('',(5.252641104989,-37.38122338049,-5.));
#1718 = VECTOR('',#1719,1.);
#1719 = DIRECTION('',(0.500011000363,-0.866019052629,0.));
#1720 = PCURVE('',#170,#1721);
#1721 = DEFINITIONAL_REPRESENTATION('',(#1722),#1725);
#1722 = B_SPLINE_CURVE_WITH_KNOTS('',1,(#1723,#1724),.UNSPECIFIED.,.F.,
  .F.,(2,2),(-6.000000015638E-07,69.99846058306),
  .PIECEWISE_BEZIER_KNOTS.);
#1723 = CARTESIAN_POINT('',(5.252640804983,-37.38122286088));
#1724 = CARTESIAN_POINT('',(40.252641404996,-98.0012239001));
#1725 = ( GEOMETRIC_REPRESENTATION_CONTEXT(2) 
PARAMETRIC_REPRESENTATION_CONTEXT() REPRESENTATION_CONTEXT('2D SPACE',''
  ) );
#1726 = PCURVE('',#1727,#1732);
#1727 = CYLINDRICAL_SURFACE('',#1728,15.);
#1728 = AXIS2_PLACEMENT_3D('',#1729,#1730,#1731);
#1729 = CARTESIAN_POINT('',(17.5,-30.31,0.));
#1730 = DIRECTION('',(0.500011000363,-0.866019052629,0.));
#1731 = DIRECTION('',(-0.866019052629,-0.500011000363,0.));
#1732 = DEFINITIONAL_REPRESENTATION('',(#1733),#1736);
#1733 = B_SPLINE_CURVE_WITH_KNOTS('',1,(#1734,#1735),.UNSPECIFIED.,.F.,
  .F.,(2,2),(-6.000000015638E-07,69.99846058306),
  .PIECEWISE_BEZIER_KNOTS.);
#1734 = CARTESIAN_POINT('',(0.339836909454,-5.999999997875E-07));
#1735 = CARTESIAN_POINT('',(0.339836909454,69.99846058306));
#1736 = ( GEOMETRIC_REPRESENTATION_CONTEXT(2) 
PARAMETRIC_REPRESENTATION_CONTEXT() REPRESENTATION_CONTEXT('2D SPACE',''
  ) );
#1737 = ORIENTED_EDGE('',*,*,#1738,.T.);
#1738 = EDGE_CURVE('',#1713,#1739,#1741,.T.);
#1739 = VERTEX_POINT('',#1740);
#1740 = CARTESIAN_POINT('',(29.747358895011,-23.2387766195,-5.));
#1741 = SURFACE_CURVE('',#1742,(#1746,#1752),.PCURVE_S1.);
#1742 = LINE('',#1743,#1744);
#1743 = CARTESIAN_POINT('',(17.5,-30.31,-5.));
#1744 = VECTOR('',#1745,1.);
#1745 = DIRECTION('',(0.866019052629,0.500011000363,-0.));
#1746 = PCURVE('',#170,#1747);
#1747 = DEFINITIONAL_REPRESENTATION('',(#1748),#1751);
#1748 = B_SPLINE_CURVE_WITH_KNOTS('',1,(#1749,#1750),.UNSPECIFIED.,.F.,
  .F.,(2,2),(-15.,15.),.PIECEWISE_BEZIER_KNOTS.);
#1749 = CARTESIAN_POINT('',(4.509714210569,-37.81016500544));
#1750 = CARTESIAN_POINT('',(30.490285789431,-22.80983499455));
#1751 = ( GEOMETRIC_REPRESENTATION_CONTEXT(2) 
PARAMETRIC_REPRESENTATION_CONTEXT() REPRESENTATION_CONTEXT('2D SPACE',''
  ) );
#1752 = PCURVE('',#1753,#1758);
#1753 = PLANE('',#1754);
#1754 = AXIS2_PLACEMENT_3D('',#1755,#1756,#1757);
#1755 = CARTESIAN_POINT('',(17.5,-30.31,0.));
#1756 = DIRECTION('',(0.500011000363,-0.866019052629,0.));
#1757 = DIRECTION('',(-0.866019052629,-0.500011000363,0.));
#1758 = DEFINITIONAL_REPRESENTATION('',(#1759),#1762);
#1759 = B_SPLINE_CURVE_WITH_KNOTS('',1,(#1760,#1761),.UNSPECIFIED.,.F.,
  .F.,(2,2),(-15.,15.),.PIECEWISE_BEZIER_KNOTS.);
#1760 = CARTESIAN_POINT('',(15.,5.));
#1761 = CARTESIAN_POINT('',(-15.,5.));
#1762 = ( GEOMETRIC_REPRESENTATION_CONTEXT(2) 
PARAMETRIC_REPRESENTATION_CONTEXT() REPRESENTATION_CONTEXT('2D SPACE',''
  ) );
#1763 = ORIENTED_EDGE('',*,*,#1764,.T.);
#1764 = EDGE_CURVE('',#1739,#1765,#1767,.T.);
#1765 = VERTEX_POINT('',#1766);
#1766 = CARTESIAN_POINT('',(32.247358895011,-27.5687766195,-5.));
#1767 = SURFACE_CURVE('',#1768,(#1772,#1778),.PCURVE_S1.);
#1768 = LINE('',#1769,#1770);
#1769 = CARTESIAN_POINT('',(29.747358895011,-23.2387766195,-5.));
#1770 = VECTOR('',#1771,1.);
#1771 = DIRECTION('',(0.500011000363,-0.866019052629,0.));
#1772 = PCURVE('',#170,#1773);
#1773 = DEFINITIONAL_REPRESENTATION('',(#1774),#1777);
#1774 = B_SPLINE_CURVE_WITH_KNOTS('',1,(#1775,#1776),.UNSPECIFIED.,.F.,
  .F.,(2,2),(-5.999999984871E-07,69.99846058306),
  .PIECEWISE_BEZIER_KNOTS.);
#1775 = CARTESIAN_POINT('',(29.747358595004,-23.23877609989));
#1776 = CARTESIAN_POINT('',(64.747359195017,-83.85877713912));
#1777 = ( GEOMETRIC_REPRESENTATION_CONTEXT(2) 
PARAMETRIC_REPRESENTATION_CONTEXT() REPRESENTATION_CONTEXT('2D SPACE',''
  ) );
#1778 = PCURVE('',#1727,#1779);
#1779 = DEFINITIONAL_REPRESENTATION('',(#1780),#1783);
#1780 = B_SPLINE_CURVE_WITH_KNOTS('',1,(#1781,#1782),.UNSPECIFIED.,.F.,
  .F.,(2,2),(-5.999999984871E-07,69.99846058306),
  .PIECEWISE_BEZIER_KNOTS.);
#1781 = CARTESIAN_POINT('',(2.801755744136,-6.000000002635E-07));
#1782 = CARTESIAN_POINT('',(2.801755744136,69.99846058306));
#1783 = ( GEOMETRIC_REPRESENTATION_CONTEXT(2) 
PARAMETRIC_REPRESENTATION_CONTEXT() REPRESENTATION_CONTEXT('2D SPACE',''
  ) );
#1784 = ORIENTED_EDGE('',*,*,#1785,.T.);
#1785 = EDGE_CURVE('',#1765,#1786,#1788,.T.);
#1786 = VERTEX_POINT('',#1787);
#1787 = CARTESIAN_POINT('',(34.071144085405,-26.51578286062,-5.));
#1788 = SURFACE_CURVE('',#1789,(#1793,#1799),.PCURVE_S1.);
#1789 = LINE('',#1790,#1791);
#1790 = CARTESIAN_POINT('',(20.,-34.64,-5.));
#1791 = VECTOR('',#1792,1.);
#1792 = DIRECTION('',(0.866019052629,0.500011000363,-0.));
#1793 = PCURVE('',#170,#1794);
#1794 = DEFINITIONAL_REPRESENTATION('',(#1795),#1798);
#1795 = B_SPLINE_CURVE_WITH_KNOTS('',1,(#1796,#1797),.UNSPECIFIED.,.F.,
  .F.,(2,2),(-17.,17.),.PIECEWISE_BEZIER_KNOTS.);
#1796 = CARTESIAN_POINT('',(5.277676105311,-43.14018700617));
#1797 = CARTESIAN_POINT('',(34.722323894689,-26.13981299382));
#1798 = ( GEOMETRIC_REPRESENTATION_CONTEXT(2) 
PARAMETRIC_REPRESENTATION_CONTEXT() REPRESENTATION_CONTEXT('2D SPACE',''
  ) );
#1799 = PCURVE('',#1701,#1800);
#1800 = DEFINITIONAL_REPRESENTATION('',(#1801),#1804);
#1801 = B_SPLINE_CURVE_WITH_KNOTS('',1,(#1802,#1803),.UNSPECIFIED.,.F.,
  .F.,(2,2),(-17.,17.),.PIECEWISE_BEZIER_KNOTS.);
#1802 = CARTESIAN_POINT('',(17.,5.));
#1803 = CARTESIAN_POINT('',(-17.,5.));
#1804 = ( GEOMETRIC_REPRESENTATION_CONTEXT(2) 
PARAMETRIC_REPRESENTATION_CONTEXT() REPRESENTATION_CONTEXT('2D SPACE',''
  ) );
#1805 = ORIENTED_EDGE('',*,*,#1806,.T.);
#1806 = EDGE_CURVE('',#1786,#107,#1807,.T.);
#1807 = SURFACE_CURVE('',#1808,(#1812,#1818),.PCURVE_S1.);
#1808 = LINE('',#1809,#1810);
#1809 = CARTESIAN_POINT('',(34.071144085405,-26.51578286062,-5.));
#1810 = VECTOR('',#1811,1.);
#1811 = DIRECTION('',(0.500011000363,-0.866019052629,0.));
#1812 = PCURVE('',#170,#1813);
#1813 = DEFINITIONAL_REPRESENTATION('',(#1814),#1817);
#1814 = B_SPLINE_CURVE_WITH_KNOTS('',1,(#1815,#1816),.UNSPECIFIED.,.F.,
  .F.,(2,2),(-5.999999967107E-07,59.99868058548),
  .PIECEWISE_BEZIER_KNOTS.);
#1815 = CARTESIAN_POINT('',(34.071143785398,-26.515782341));
#1816 = CARTESIAN_POINT('',(64.071144385411,-78.47578338023));
#1817 = ( GEOMETRIC_REPRESENTATION_CONTEXT(2) 
PARAMETRIC_REPRESENTATION_CONTEXT() REPRESENTATION_CONTEXT('2D SPACE',''
  ) );
#1818 = PCURVE('',#136,#1819);
#1819 = DEFINITIONAL_REPRESENTATION('',(#1820),#1823);
#1820 = B_SPLINE_CURVE_WITH_KNOTS('',1,(#1821,#1822),.UNSPECIFIED.,.F.,
  .F.,(2,2),(-5.999999967107E-07,59.99868058548),
  .PIECEWISE_BEZIER_KNOTS.);
#1821 = CARTESIAN_POINT('',(2.843060452405,-5.999999993753E-07));
#1822 = CARTESIAN_POINT('',(2.843060452405,59.99868058548));
#1823 = ( GEOMETRIC_REPRESENTATION_CONTEXT(2) 
PARAMETRIC_REPRESENTATION_CONTEXT() REPRESENTATION_CONTEXT('2D SPACE',''
  ) );
#1824 = ORIENTED_EDGE('',*,*,#155,.T.);
#1825 = ORIENTED_EDGE('',*,*,#497,.F.);
#1826 = ORIENTED_EDGE('',*,*,#1827,.T.);
#1827 = EDGE_CURVE('',#498,#1828,#1830,.T.);
#1828 = VERTEX_POINT('',#1829);
#1829 = CARTESIAN_POINT('',(40.,-14.14213562373,-5.));
#1830 = SURFACE_CURVE('',#1831,(#1835,#1841),.PCURVE_S1.);
#1831 = LINE('',#1832,#1833);
#1832 = CARTESIAN_POINT('',(40.,0.,-5.));
#1833 = VECTOR('',#1834,1.);
#1834 = DIRECTION('',(0.,1.,0.));
#1835 = PCURVE('',#170,#1836);
#1836 = DEFINITIONAL_REPRESENTATION('',(#1837),#1840);
#1837 = B_SPLINE_CURVE_WITH_KNOTS('',1,(#1838,#1839),.UNSPECIFIED.,.F.,
  .F.,(2,2),(-17.,17.),.PIECEWISE_BEZIER_KNOTS.);
#1838 = CARTESIAN_POINT('',(40.,-17.));
#1839 = CARTESIAN_POINT('',(40.,17.));
#1840 = ( GEOMETRIC_REPRESENTATION_CONTEXT(2) 
PARAMETRIC_REPRESENTATION_CONTEXT() REPRESENTATION_CONTEXT('2D SPACE',''
  ) );
#1841 = PCURVE('',#535,#1842);
#1842 = DEFINITIONAL_REPRESENTATION('',(#1843),#1846);
#1843 = B_SPLINE_CURVE_WITH_KNOTS('',1,(#1844,#1845),.UNSPECIFIED.,.F.,
  .F.,(2,2),(-17.,17.),.PIECEWISE_BEZIER_KNOTS.);
#1844 = CARTESIAN_POINT('',(-5.,17.));
#1845 = CARTESIAN_POINT('',(-5.,-17.));
#1846 = ( GEOMETRIC_REPRESENTATION_CONTEXT(2) 
PARAMETRIC_REPRESENTATION_CONTEXT() REPRESENTATION_CONTEXT('2D SPACE',''
  ) );
#1847 = ORIENTED_EDGE('',*,*,#1848,.F.);
#1848 = EDGE_CURVE('',#1849,#1828,#1851,.T.);
#1849 = VERTEX_POINT('',#1850);
#1850 = CARTESIAN_POINT('',(35.,-14.14213562373,-5.));
#1851 = SURFACE_CURVE('',#1852,(#1856,#1862),.PCURVE_S1.);
#1852 = LINE('',#1853,#1854);
#1853 = CARTESIAN_POINT('',(35.,-14.14213562373,-5.));
#1854 = VECTOR('',#1855,1.);
#1855 = DIRECTION('',(1.,0.,0.));
#1856 = PCURVE('',#170,#1857);
#1857 = DEFINITIONAL_REPRESENTATION('',(#1858),#1861);
#1858 = B_SPLINE_CURVE_WITH_KNOTS('',1,(#1859,#1860),.UNSPECIFIED.,.F.,
  .F.,(2,2),(-5.999999999062E-07,70.0000006),.PIECEWISE_BEZIER_KNOTS.);
#1859 = CARTESIAN_POINT('',(34.9999994,-14.14213562373));
#1860 = CARTESIAN_POINT('',(105.0000006,-14.14213562373));
#1861 = ( GEOMETRIC_REPRESENTATION_CONTEXT(2) 
PARAMETRIC_REPRESENTATION_CONTEXT() REPRESENTATION_CONTEXT('2D SPACE',''
  ) );
#1862 = PCURVE('',#1863,#1868);
#1863 = CYLINDRICAL_SURFACE('',#1864,15.);
#1864 = AXIS2_PLACEMENT_3D('',#1865,#1866,#1867);
#1865 = CARTESIAN_POINT('',(35.,0.,0.));
#1866 = DIRECTION('',(1.,0.,0.));
#1867 = DIRECTION('',(-0.,0.,1.));
#1868 = DEFINITIONAL_REPRESENTATION('',(#1869),#1872);
#1869 = B_SPLINE_CURVE_WITH_KNOTS('',1,(#1870,#1871),.UNSPECIFIED.,.F.,
  .F.,(2,2),(-5.999999999062E-07,70.0000006),.PIECEWISE_BEZIER_KNOTS.);
#1870 = CARTESIAN_POINT('',(1.910633236249,-5.999999999062E-07));
#1871 = CARTESIAN_POINT('',(1.910633236249,70.0000006));
#1872 = ( GEOMETRIC_REPRESENTATION_CONTEXT(2) 
PARAMETRIC_REPRESENTATION_CONTEXT() REPRESENTATION_CONTEXT('2D SPACE',''
  ) );
#1873 = ORIENTED_EDGE('',*,*,#1874,.T.);
#1874 = EDGE_CURVE('',#1849,#1875,#1877,.T.);
#1875 = VERTEX_POINT('',#1876);
#1876 = CARTESIAN_POINT('',(35.,14.142135623731,-5.));
#1877 = SURFACE_CURVE('',#1878,(#1882,#1888),.PCURVE_S1.);
#1878 = LINE('',#1879,#1880);
#1879 = CARTESIAN_POINT('',(35.,0.,-5.));
#1880 = VECTOR('',#1881,1.);
#1881 = DIRECTION('',(0.,1.,0.));
#1882 = PCURVE('',#170,#1883);
#1883 = DEFINITIONAL_REPRESENTATION('',(#1884),#1887);
#1884 = B_SPLINE_CURVE_WITH_KNOTS('',1,(#1885,#1886),.UNSPECIFIED.,.F.,
  .F.,(2,2),(-15.,15.),.PIECEWISE_BEZIER_KNOTS.);
#1885 = CARTESIAN_POINT('',(35.,-15.));
#1886 = CARTESIAN_POINT('',(35.,15.));
#1887 = ( GEOMETRIC_REPRESENTATION_CONTEXT(2) 
PARAMETRIC_REPRESENTATION_CONTEXT() REPRESENTATION_CONTEXT('2D SPACE',''
  ) );
#1888 = PCURVE('',#1889,#1894);
#1889 = PLANE('',#1890);
#1890 = AXIS2_PLACEMENT_3D('',#1891,#1892,#1893);
#1891 = CARTESIAN_POINT('',(35.,0.,0.));
#1892 = DIRECTION('',(1.,0.,0.));
#1893 = DIRECTION('',(-0.,0.,1.));
#1894 = DEFINITIONAL_REPRESENTATION('',(#1895),#1898);
#1895 = B_SPLINE_CURVE_WITH_KNOTS('',1,(#1896,#1897),.UNSPECIFIED.,.F.,
  .F.,(2,2),(-15.,15.),.PIECEWISE_BEZIER_KNOTS.);
#1896 = CARTESIAN_POINT('',(-5.,15.));
#1897 = CARTESIAN_POINT('',(-5.,-15.));
#1898 = ( GEOMETRIC_REPRESENTATION_CONTEXT(2) 
PARAMETRIC_REPRESENTATION_CONTEXT() REPRESENTATION_CONTEXT('2D SPACE',''
  ) );
#1899 = ORIENTED_EDGE('',*,*,#1900,.T.);
#1900 = EDGE_CURVE('',#1875,#836,#1901,.T.);
#1901 = SURFACE_CURVE('',#1902,(#1906,#1912),.PCURVE_S1.);
#1902 = LINE('',#1903,#1904);
#1903 = CARTESIAN_POINT('',(35.,14.142135623731,-5.));
#1904 = VECTOR('',#1905,1.);
#1905 = DIRECTION('',(1.,0.,0.));
#1906 = PCURVE('',#170,#1907);
#1907 = DEFINITIONAL_REPRESENTATION('',(#1908),#1911);
#1908 = B_SPLINE_CURVE_WITH_KNOTS('',1,(#1909,#1910),.UNSPECIFIED.,.F.,
  .F.,(2,2),(-5.999999999062E-07,70.0000006),.PIECEWISE_BEZIER_KNOTS.);
#1909 = CARTESIAN_POINT('',(34.9999994,14.142135623731));
#1910 = CARTESIAN_POINT('',(105.0000006,14.142135623731));
#1911 = ( GEOMETRIC_REPRESENTATION_CONTEXT(2) 
PARAMETRIC_REPRESENTATION_CONTEXT() REPRESENTATION_CONTEXT('2D SPACE',''
  ) );
#1912 = PCURVE('',#1863,#1913);
#1913 = DEFINITIONAL_REPRESENTATION('',(#1914),#1917);
#1914 = B_SPLINE_CURVE_WITH_KNOTS('',1,(#1915,#1916),.UNSPECIFIED.,.F.,
  .F.,(2,2),(-5.999999999062E-07,70.0000006),.PIECEWISE_BEZIER_KNOTS.);
#1915 = CARTESIAN_POINT('',(4.372552070931,-5.999999999062E-07));
#1916 = CARTESIAN_POINT('',(4.372552070931,70.0000006));
#1917 = ( GEOMETRIC_REPRESENTATION_CONTEXT(2) 
PARAMETRIC_REPRESENTATION_CONTEXT() REPRESENTATION_CONTEXT('2D SPACE',''
  ) );
#1918 = FACE_BOUND('',#1919,.F.);
#1919 = EDGE_LOOP('',(#1920));
#1920 = ORIENTED_EDGE('',*,*,#1921,.F.);
#1921 = EDGE_CURVE('',#1922,#1922,#1924,.T.);
#1922 = VERTEX_POINT('',#1923);
#1923 = CARTESIAN_POINT('',(-19.5,-22.,-5.));
#1924 = SURFACE_CURVE('',#1925,(#1930,#1937),.PCURVE_S1.);
#1925 = CIRCLE('',#1926,2.5);
#1926 = AXIS2_PLACEMENT_3D('',#1927,#1928,#1929);
#1927 = CARTESIAN_POINT('',(-22.,-22.,-5.));
#1928 = DIRECTION('',(0.,0.,1.));
#1929 = DIRECTION('',(1.,0.,-0.));
#1930 = PCURVE('',#170,#1931);
#1931 = DEFINITIONAL_REPRESENTATION('',(#1932),#1936);
#1932 = CIRCLE('',#1933,2.5);
#1933 = AXIS2_PLACEMENT_2D('',#1934,#1935);
#1934 = CARTESIAN_POINT('',(-22.,-22.));
#1935 = DIRECTION('',(1.,0.));
#1936 = ( GEOMETRIC_REPRESENTATION_CONTEXT(2) 
PARAMETRIC_REPRESENTATION_CONTEXT() REPRESENTATION_CONTEXT('2D SPACE',''
  ) );
#1937 = PCURVE('',#1938,#1943);
#1938 = CYLINDRICAL_SURFACE('',#1939,2.5);
#1939 = AXIS2_PLACEMENT_3D('',#1940,#1941,#1942);
#1940 = CARTESIAN_POINT('',(-22.,-22.,-6.));
#1941 = DIRECTION('',(0.,0.,1.));
#1942 = DIRECTION('',(1.,0.,-0.));
#1943 = DEFINITIONAL_REPRESENTATION('',(#1944),#1948);
#1944 = LINE('',#1945,#1946);
#1945 = CARTESIAN_POINT('',(0.,1.));
#1946 = VECTOR('',#1947,1.);
#1947 = DIRECTION('',(1.,0.));
#1948 = ( GEOMETRIC_REPRESENTATION_CONTEXT(2) 
PARAMETRIC_REPRESENTATION_CONTEXT() REPRESENTATION_CONTEXT('2D SPACE',''
  ) );
#1949 = FACE_BOUND('',#1950,.F.);
#1950 = EDGE_LOOP('',(#1951));
#1951 = ORIENTED_EDGE('',*,*,#1952,.F.);
#1952 = EDGE_CURVE('',#1953,#1953,#1955,.T.);
#1953 = VERTEX_POINT('',#1954);
#1954 = CARTESIAN_POINT('',(24.5,-22.,-5.));
#1955 = SURFACE_CURVE('',#1956,(#1961,#1968),.PCURVE_S1.);
#1956 = CIRCLE('',#1957,2.5);
#1957 = AXIS2_PLACEMENT_3D('',#1958,#1959,#1960);
#1958 = CARTESIAN_POINT('',(22.,-22.,-5.));
#1959 = DIRECTION('',(0.,0.,1.));
#1960 = DIRECTION('',(1.,0.,-0.));
#1961 = PCURVE('',#170,#1962);
#1962 = DEFINITIONAL_REPRESENTATION('',(#1963),#1967);
#1963 = CIRCLE('',#1964,2.5);
#1964 = AXIS2_PLACEMENT_2D('',#1965,#1966);
#1965 = CARTESIAN_POINT('',(22.,-22.));
#1966 = DIRECTION('',(1.,0.));
#1967 = ( GEOMETRIC_REPRESENTATION_CONTEXT(2) 
PARAMETRIC_REPRESENTATION_CONTEXT() REPRESENTATION_CONTEXT('2D SPACE',''
  ) );
#1968 = PCURVE('',#1969,#1974);
#1969 = CYLINDRICAL_SURFACE('',#1970,2.5);
#1970 = AXIS2_PLACEMENT_3D('',#1971,#1972,#1973);
#1971 = CARTESIAN_POINT('',(22.,-22.,-6.));
#1972 = DIRECTION('',(0.,0.,1.));
#1973 = DIRECTION('',(1.,0.,-0.));
#1974 = DEFINITIONAL_REPRESENTATION('',(#1975),#1979);
#1975 = LINE('',#1976,#1977);
#1976 = CARTESIAN_POINT('',(0.,1.));
#1977 = VECTOR('',#1978,1.);
#1978 = DIRECTION('',(1.,0.));
#1979 = ( GEOMETRIC_REPRESENTATION_CONTEXT(2) 
PARAMETRIC_REPRESENTATION_CONTEXT() REPRESENTATION_CONTEXT('2D SPACE',''
  ) );
#1980 = FACE_BOUND('',#1981,.F.);
#1981 = EDGE_LOOP('',(#1982));
#1982 = ORIENTED_EDGE('',*,*,#1983,.F.);
#1983 = EDGE_CURVE('',#1984,#1984,#1986,.T.);
#1984 = VERTEX_POINT('',#1985);
#1985 = CARTESIAN_POINT('',(-19.5,22.,-5.));
#1986 = SURFACE_CURVE('',#1987,(#1992,#1999),.PCURVE_S1.);
#1987 = CIRCLE('',#1988,2.5);
#1988 = AXIS2_PLACEMENT_3D('',#1989,#1990,#1991);
#1989 = CARTESIAN_POINT('',(-22.,22.,-5.));
#1990 = DIRECTION('',(0.,0.,1.));
#1991 = DIRECTION('',(1.,0.,-0.));
#1992 = PCURVE('',#170,#1993);
#1993 = DEFINITIONAL_REPRESENTATION('',(#1994),#1998);
#1994 = CIRCLE('',#1995,2.5);
#1995 = AXIS2_PLACEMENT_2D('',#1996,#1997);
#1996 = CARTESIAN_POINT('',(-22.,22.));
#1997 = DIRECTION('',(1.,0.));
#1998 = ( GEOMETRIC_REPRESENTATION_CONTEXT(2) 
PARAMETRIC_REPRESENTATION_CONTEXT() REPRESENTATION_CONTEXT('2D SPACE',''
  ) );
#1999 = PCURVE('',#2000,#2005);
#2000 = CYLINDRICAL_SURFACE('',#2001,2.5);
#2001 = AXIS2_PLACEMENT_3D('',#2002,#2003,#2004);
#2002 = CARTESIAN_POINT('',(-22.,22.,-6.));
#2003 = DIRECTION('',(0.,0.,1.));
#2004 = DIRECTION('',(1.,0.,-0.));
#2005 = DEFINITIONAL_REPRESENTATION('',(#2006),#2010);
#2006 = LINE('',#2007,#2008);
#2007 = CARTESIAN_POINT('',(0.,1.));
#2008 = VECTOR('',#2009,1.);
#2009 = DIRECTION('',(1.,0.));
#2010 = ( GEOMETRIC_REPRESENTATION_CONTEXT(2) 
PARAMETRIC_REPRESENTATION_CONTEXT() REPRESENTATION_CONTEXT('2D SPACE',''
  ) );
#2011 = FACE_BOUND('',#2012,.F.);
#2012 = EDGE_LOOP('',(#2013));
#2013 = ORIENTED_EDGE('',*,*,#2014,.F.);
#2014 = EDGE_CURVE('',#2015,#2015,#2017,.T.);
#2015 = VERTEX_POINT('',#2016);
#2016 = CARTESIAN_POINT('',(24.5,22.,-5.));
#2017 = SURFACE_CURVE('',#2018,(#2023,#2030),.PCURVE_S1.);
#2018 = CIRCLE('',#2019,2.5);
#2019 = AXIS2_PLACEMENT_3D('',#2020,#2021,#2022);
#2020 = CARTESIAN_POINT('',(22.,22.,-5.));
#2021 = DIRECTION('',(0.,0.,1.));
#2022 = DIRECTION('',(1.,0.,-0.));
#2023 = PCURVE('',#170,#2024);
#2024 = DEFINITIONAL_REPRESENTATION('',(#2025),#2029);
#2025 = CIRCLE('',#2026,2.5);
#2026 = AXIS2_PLACEMENT_2D('',#2027,#2028);
#2027 = CARTESIAN_POINT('',(22.,22.));
#2028 = DIRECTION('',(1.,0.));
#2029 = ( GEOMETRIC_REPRESENTATION_CONTEXT(2) 
PARAMETRIC_REPRESENTATION_CONTEXT() REPRESENTATION_CONTEXT('2D SPACE',''
  ) );
#2030 = PCURVE('',#2031,#2036);
#2031 = CYLINDRICAL_SURFACE('',#2032,2.5);
#2032 = AXIS2_PLACEMENT_3D('',#2033,#2034,#2035);
#2033 = CARTESIAN_POINT('',(22.,22.,-6.));
#2034 = DIRECTION('',(0.,0.,1.));
#2035 = DIRECTION('',(1.,0.,-0.));
#2036 = DEFINITIONAL_REPRESENTATION('',(#2037),#2041);
#2037 = LINE('',#2038,#2039);
#2038 = CARTESIAN_POINT('',(0.,1.));
#2039 = VECTOR('',#2040,1.);
#2040 = DIRECTION('',(1.,0.));
#2041 = ( GEOMETRIC_REPRESENTATION_CONTEXT(2) 
PARAMETRIC_REPRESENTATION_CONTEXT() REPRESENTATION_CONTEXT('2D SPACE',''
  ) );
#2042 = ADVANCED_FACE('',(#2043,#2254,#2425),#136,.T.);
#2043 = FACE_BOUND('',#2044,.T.);
#2044 = EDGE_LOOP('',(#2045,#2079,#2102,#2129,#2130,#2160,#2161,#2183,
    #2184,#2185,#2206,#2235));
#2045 = ORIENTED_EDGE('',*,*,#2046,.T.);
#2046 = EDGE_CURVE('',#2047,#2049,#2051,.T.);
#2047 = VERTEX_POINT('',#2048);
#2048 = CARTESIAN_POINT('',(33.237401404105,-90.0626179272,5.));
#2049 = VERTEX_POINT('',#2050);
#2050 = CARTESIAN_POINT('',(32.520116784439,-90.32409426242,
    4.163799117101E-15));
#2051 = SURFACE_CURVE('',#2052,(#2059,#2069),.PCURVE_S1.);
#2052 = B_SPLINE_CURVE_WITH_KNOTS('',5,(#2053,#2054,#2055,#2056,#2057,
    #2058),.UNSPECIFIED.,.F.,.F.,(6,6),(0.,1.),
  .PIECEWISE_BEZIER_KNOTS.);
#2053 = CARTESIAN_POINT('',(33.237401577589,-90.06261786318,
    5.000000596126));
#2054 = CARTESIAN_POINT('',(32.949281644902,-90.16894786038,
    4.01639570919));
#2055 = CARTESIAN_POINT('',(32.734385653858,-90.24694647364,
    3.020120922817));
#2056 = CARTESIAN_POINT('',(32.591546585105,-90.29837764016,
    2.01603774439));
#2057 = CARTESIAN_POINT('',(32.520116784439,-90.32409426242,
    1.008052301828));
#2058 = CARTESIAN_POINT('',(32.520116784439,-90.32409426242,
    4.302345607801E-15));
#2059 = PCURVE('',#136,#2060);
#2060 = DEFINITIONAL_REPRESENTATION('',(#2061),#2068);
#2061 = B_SPLINE_CURVE_WITH_KNOTS('',5,(#2062,#2063,#2064,#2065,#2066,
    #2067),.UNSPECIFIED.,.F.,.F.,(6,6),(0.,1.),
  .PIECEWISE_BEZIER_KNOTS.);
#2062 = CARTESIAN_POINT('',(5.984653069544,54.615889421097));
#2063 = CARTESIAN_POINT('',(6.045189766257,54.563910088771));
#2064 = CARTESIAN_POINT('',(6.10509664211,54.524008014479));
#2065 = CARTESIAN_POINT('',(6.164594895752,54.497127278921));
#2066 = CARTESIAN_POINT('',(6.223888112954,54.483682677679));
#2067 = CARTESIAN_POINT('',(6.28318530718,54.483682677679));
#2068 = ( GEOMETRIC_REPRESENTATION_CONTEXT(2) 
PARAMETRIC_REPRESENTATION_CONTEXT() REPRESENTATION_CONTEXT('2D SPACE',''
  ) );
#2069 = PCURVE('',#1653,#2070);
#2070 = DEFINITIONAL_REPRESENTATION('',(#2071),#2078);
#2071 = B_SPLINE_CURVE_WITH_KNOTS('',5,(#2072,#2073,#2074,#2075,#2076,
    #2077),.UNSPECIFIED.,.F.,.F.,(6,6),(0.,1.),
  .PIECEWISE_BEZIER_KNOTS.);
#2072 = CARTESIAN_POINT('',(5.065931007468,10.0000006));
#2073 = CARTESIAN_POINT('',(5.062731900674,9.016395713063));
#2074 = CARTESIAN_POINT('',(5.060350543662,8.020120912904));
#2075 = CARTESIAN_POINT('',(5.058769115717,7.016037750038));
#2076 = CARTESIAN_POINT('',(5.057978304031,6.008052301828));
#2077 = CARTESIAN_POINT('',(5.057978304031,5.));
#2078 = ( GEOMETRIC_REPRESENTATION_CONTEXT(2) 
PARAMETRIC_REPRESENTATION_CONTEXT() REPRESENTATION_CONTEXT('2D SPACE',''
  ) );
#2079 = ORIENTED_EDGE('',*,*,#2080,.T.);
#2080 = EDGE_CURVE('',#2049,#2081,#2083,.T.);
#2081 = VERTEX_POINT('',#2082);
#2082 = CARTESIAN_POINT('',(35.277676105311,-95.10018700617,
    4.163799117101E-15));
#2083 = SEAM_CURVE('',#2084,(#2088,#2095),.PCURVE_S1.);
#2084 = LINE('',#2085,#2086);
#2085 = CARTESIAN_POINT('',(5.277676105311,-43.14018700617,
    4.163799117101E-15));
#2086 = VECTOR('',#2087,1.);
#2087 = DIRECTION('',(0.500011000363,-0.866019052629,0.));
#2088 = PCURVE('',#136,#2089);
#2089 = DEFINITIONAL_REPRESENTATION('',(#2090),#2094);
#2090 = LINE('',#2091,#2092);
#2091 = CARTESIAN_POINT('',(0.,-0.));
#2092 = VECTOR('',#2093,1.);
#2093 = DIRECTION('',(0.,1.));
#2094 = ( GEOMETRIC_REPRESENTATION_CONTEXT(2) 
PARAMETRIC_REPRESENTATION_CONTEXT() REPRESENTATION_CONTEXT('2D SPACE',''
  ) );
#2095 = PCURVE('',#136,#2096);
#2096 = DEFINITIONAL_REPRESENTATION('',(#2097),#2101);
#2097 = LINE('',#2098,#2099);
#2098 = CARTESIAN_POINT('',(6.28318530718,-0.));
#2099 = VECTOR('',#2100,1.);
#2100 = DIRECTION('',(0.,1.));
#2101 = ( GEOMETRIC_REPRESENTATION_CONTEXT(2) 
PARAMETRIC_REPRESENTATION_CONTEXT() REPRESENTATION_CONTEXT('2D SPACE',''
  ) );
#2102 = ORIENTED_EDGE('',*,*,#2103,.F.);
#2103 = EDGE_CURVE('',#2081,#2081,#2104,.T.);
#2104 = SURFACE_CURVE('',#2105,(#2110,#2117),.PCURVE_S1.);
#2105 = CIRCLE('',#2106,17.);
#2106 = AXIS2_PLACEMENT_3D('',#2107,#2108,#2109);
#2107 = CARTESIAN_POINT('',(50.,-86.6,0.));
#2108 = DIRECTION('',(0.500011000363,-0.866019052629,0.));
#2109 = DIRECTION('',(-0.866019052629,-0.500011000363,0.));
#2110 = PCURVE('',#136,#2111);
#2111 = DEFINITIONAL_REPRESENTATION('',(#2112),#2116);
#2112 = LINE('',#2113,#2114);
#2113 = CARTESIAN_POINT('',(0.,59.99867998548));
#2114 = VECTOR('',#2115,1.);
#2115 = DIRECTION('',(1.,0.));
#2116 = ( GEOMETRIC_REPRESENTATION_CONTEXT(2) 
PARAMETRIC_REPRESENTATION_CONTEXT() REPRESENTATION_CONTEXT('2D SPACE',''
  ) );
#2117 = PCURVE('',#2118,#2123);
#2118 = PLANE('',#2119);
#2119 = AXIS2_PLACEMENT_3D('',#2120,#2121,#2122);
#2120 = CARTESIAN_POINT('',(50.,-86.6,0.));
#2121 = DIRECTION('',(0.500011000363,-0.866019052629,0.));
#2122 = DIRECTION('',(-0.866019052629,-0.500011000363,0.));
#2123 = DEFINITIONAL_REPRESENTATION('',(#2124),#2128);
#2124 = CIRCLE('',#2125,17.);
#2125 = AXIS2_PLACEMENT_2D('',#2126,#2127);
#2126 = CARTESIAN_POINT('',(0.,0.));
#2127 = DIRECTION('',(1.,0.));
#2128 = ( GEOMETRIC_REPRESENTATION_CONTEXT(2) 
PARAMETRIC_REPRESENTATION_CONTEXT() REPRESENTATION_CONTEXT('2D SPACE',''
  ) );
#2129 = ORIENTED_EDGE('',*,*,#2080,.F.);
#2130 = ORIENTED_EDGE('',*,*,#2131,.T.);
#2131 = EDGE_CURVE('',#2049,#1637,#2132,.T.);
#2132 = SURFACE_CURVE('',#2133,(#2140,#2150),.PCURVE_S1.);
#2133 = B_SPLINE_CURVE_WITH_KNOTS('',5,(#2134,#2135,#2136,#2137,#2138,
    #2139),.UNSPECIFIED.,.F.,.F.,(6,6),(0.,1.),
  .PIECEWISE_BEZIER_KNOTS.);
#2134 = CARTESIAN_POINT('',(32.520116784439,-90.32409426242,0.));
#2135 = CARTESIAN_POINT('',(32.520116784439,-90.32409426242,
    -1.008052470273));
#2136 = CARTESIAN_POINT('',(32.591546596104,-90.29837763424,
    -2.016037259922));
#2137 = CARTESIAN_POINT('',(32.734385538146,-90.24694651861,
    -3.020120905782));
#2138 = CARTESIAN_POINT('',(32.949281830579,-90.16894779186,
    -4.016396343071));
#2139 = CARTESIAN_POINT('',(33.237401577583,-90.06261786318,
    -5.000000596117));
#2140 = PCURVE('',#136,#2141);
#2141 = DEFINITIONAL_REPRESENTATION('',(#2142),#2149);
#2142 = B_SPLINE_CURVE_WITH_KNOTS('',5,(#2143,#2144,#2145,#2146,#2147,
    #2148),.UNSPECIFIED.,.F.,.F.,(6,6),(0.,1.),
  .PIECEWISE_BEZIER_KNOTS.);
#2143 = CARTESIAN_POINT('',(0.,54.483682677679));
#2144 = CARTESIAN_POINT('',(5.92972041337E-02,54.483682677679));
#2145 = CARTESIAN_POINT('',(0.1185903835,54.497127279296));
#2146 = CARTESIAN_POINT('',(0.178088662458,54.524007995565));
#2147 = CARTESIAN_POINT('',(0.237995579935,54.563910122269));
#2148 = CARTESIAN_POINT('',(0.298532237634,54.615889421096));
#2149 = ( GEOMETRIC_REPRESENTATION_CONTEXT(2) 
PARAMETRIC_REPRESENTATION_CONTEXT() REPRESENTATION_CONTEXT('2D SPACE',''
  ) );
#2150 = PCURVE('',#1653,#2151);
#2151 = DEFINITIONAL_REPRESENTATION('',(#2152),#2159);
#2152 = B_SPLINE_CURVE_WITH_KNOTS('',5,(#2153,#2154,#2155,#2156,#2157,
    #2158),.UNSPECIFIED.,.F.,.F.,(6,6),(0.,1.),
  .PIECEWISE_BEZIER_KNOTS.);
#2153 = CARTESIAN_POINT('',(5.057978304031,5.));
#2154 = CARTESIAN_POINT('',(5.057978304031,3.991947529727));
#2155 = CARTESIAN_POINT('',(5.05876911585,2.983962734574));
#2156 = CARTESIAN_POINT('',(5.060350542364,1.979879103959));
#2157 = CARTESIAN_POINT('',(5.062731902735,0.983603653046));
#2158 = CARTESIAN_POINT('',(5.065931007468,-6.E-07));
#2159 = ( GEOMETRIC_REPRESENTATION_CONTEXT(2) 
PARAMETRIC_REPRESENTATION_CONTEXT() REPRESENTATION_CONTEXT('2D SPACE',''
  ) );
#2160 = ORIENTED_EDGE('',*,*,#1665,.F.);
#2161 = ORIENTED_EDGE('',*,*,#2162,.T.);
#2162 = EDGE_CURVE('',#1666,#1786,#2163,.T.);
#2163 = SURFACE_CURVE('',#2164,(#2169,#2176),.PCURVE_S1.);
#2164 = CIRCLE('',#2165,17.);
#2165 = AXIS2_PLACEMENT_3D('',#2166,#2167,#2168);
#2166 = CARTESIAN_POINT('',(20.,-34.64,0.));
#2167 = DIRECTION('',(0.500011000363,-0.866019052629,0.));
#2168 = DIRECTION('',(-0.866019052629,-0.500011000363,0.));
#2169 = PCURVE('',#136,#2170);
#2170 = DEFINITIONAL_REPRESENTATION('',(#2171),#2175);
#2171 = LINE('',#2172,#2173);
#2172 = CARTESIAN_POINT('',(0.,0.));
#2173 = VECTOR('',#2174,1.);
#2174 = DIRECTION('',(1.,0.));
#2175 = ( GEOMETRIC_REPRESENTATION_CONTEXT(2) 
PARAMETRIC_REPRESENTATION_CONTEXT() REPRESENTATION_CONTEXT('2D SPACE',''
  ) );
#2176 = PCURVE('',#1701,#2177);
#2177 = DEFINITIONAL_REPRESENTATION('',(#2178),#2182);
#2178 = CIRCLE('',#2179,17.);
#2179 = AXIS2_PLACEMENT_2D('',#2180,#2181);
#2180 = CARTESIAN_POINT('',(0.,0.));
#2181 = DIRECTION('',(1.,0.));
#2182 = ( GEOMETRIC_REPRESENTATION_CONTEXT(2) 
PARAMETRIC_REPRESENTATION_CONTEXT() REPRESENTATION_CONTEXT('2D SPACE',''
  ) );
#2183 = ORIENTED_EDGE('',*,*,#1806,.T.);
#2184 = ORIENTED_EDGE('',*,*,#106,.T.);
#2185 = ORIENTED_EDGE('',*,*,#2186,.F.);
#2186 = EDGE_CURVE('',#2187,#78,#2189,.T.);
#2187 = VERTEX_POINT('',#2188);
#2188 = CARTESIAN_POINT('',(34.071144085405,-26.51578286062,5.));
#2189 = SURFACE_CURVE('',#2190,(#2194,#2200),.PCURVE_S1.);
#2190 = LINE('',#2191,#2192);
#2191 = CARTESIAN_POINT('',(34.071144085405,-26.51578286062,5.));
#2192 = VECTOR('',#2193,1.);
#2193 = DIRECTION('',(0.500011000363,-0.866019052629,0.));
#2194 = PCURVE('',#136,#2195);
#2195 = DEFINITIONAL_REPRESENTATION('',(#2196),#2199);
#2196 = B_SPLINE_CURVE_WITH_KNOTS('',1,(#2197,#2198),.UNSPECIFIED.,.F.,
  .F.,(2,2),(-5.999999967107E-07,59.99868058548),
  .PIECEWISE_BEZIER_KNOTS.);
#2197 = CARTESIAN_POINT('',(3.440124854775,-5.999999993753E-07));
#2198 = CARTESIAN_POINT('',(3.440124854775,59.99868058548));
#2199 = ( GEOMETRIC_REPRESENTATION_CONTEXT(2) 
PARAMETRIC_REPRESENTATION_CONTEXT() REPRESENTATION_CONTEXT('2D SPACE',''
  ) );
#2200 = PCURVE('',#94,#2201);
#2201 = DEFINITIONAL_REPRESENTATION('',(#2202),#2205);
#2202 = B_SPLINE_CURVE_WITH_KNOTS('',1,(#2203,#2204),.UNSPECIFIED.,.F.,
  .F.,(2,2),(-5.999999967107E-07,59.99868058548),
  .PIECEWISE_BEZIER_KNOTS.);
#2203 = CARTESIAN_POINT('',(34.071143785398,-26.515782341));
#2204 = CARTESIAN_POINT('',(64.071144385411,-78.47578338023));
#2205 = ( GEOMETRIC_REPRESENTATION_CONTEXT(2) 
PARAMETRIC_REPRESENTATION_CONTEXT() REPRESENTATION_CONTEXT('2D SPACE',''
  ) );
#2206 = ORIENTED_EDGE('',*,*,#2207,.T.);
#2207 = EDGE_CURVE('',#2187,#2208,#2210,.T.);
#2208 = VERTEX_POINT('',#2209);
#2209 = CARTESIAN_POINT('',(5.928855914595,-42.76421713937,5.));
#2210 = SURFACE_CURVE('',#2211,(#2216,#2223),.PCURVE_S1.);
#2211 = CIRCLE('',#2212,17.);
#2212 = AXIS2_PLACEMENT_3D('',#2213,#2214,#2215);
#2213 = CARTESIAN_POINT('',(20.,-34.64,0.));
#2214 = DIRECTION('',(0.500011000363,-0.866019052629,0.));
#2215 = DIRECTION('',(-0.866019052629,-0.500011000363,0.));
#2216 = PCURVE('',#136,#2217);
#2217 = DEFINITIONAL_REPRESENTATION('',(#2218),#2222);
#2218 = LINE('',#2219,#2220);
#2219 = CARTESIAN_POINT('',(0.,0.));
#2220 = VECTOR('',#2221,1.);
#2221 = DIRECTION('',(1.,0.));
#2222 = ( GEOMETRIC_REPRESENTATION_CONTEXT(2) 
PARAMETRIC_REPRESENTATION_CONTEXT() REPRESENTATION_CONTEXT('2D SPACE',''
  ) );
#2223 = PCURVE('',#2224,#2229);
#2224 = PLANE('',#2225);
#2225 = AXIS2_PLACEMENT_3D('',#2226,#2227,#2228);
#2226 = CARTESIAN_POINT('',(20.,-34.64,0.));
#2227 = DIRECTION('',(0.500011000363,-0.866019052629,0.));
#2228 = DIRECTION('',(-0.866019052629,-0.500011000363,0.));
#2229 = DEFINITIONAL_REPRESENTATION('',(#2230),#2234);
#2230 = CIRCLE('',#2231,17.);
#2231 = AXIS2_PLACEMENT_2D('',#2232,#2233);
#2232 = CARTESIAN_POINT('',(0.,0.));
#2233 = DIRECTION('',(1.,0.));
#2234 = ( GEOMETRIC_REPRESENTATION_CONTEXT(2) 
PARAMETRIC_REPRESENTATION_CONTEXT() REPRESENTATION_CONTEXT('2D SPACE',''
  ) );
#2235 = ORIENTED_EDGE('',*,*,#2236,.T.);
#2236 = EDGE_CURVE('',#2208,#2047,#2237,.T.);
#2237 = SURFACE_CURVE('',#2238,(#2242,#2248),.PCURVE_S1.);
#2238 = LINE('',#2239,#2240);
#2239 = CARTESIAN_POINT('',(5.928855914595,-42.76421713937,5.));
#2240 = VECTOR('',#2241,1.);
#2241 = DIRECTION('',(0.500011000363,-0.866019052629,0.));
#2242 = PCURVE('',#136,#2243);
#2243 = DEFINITIONAL_REPRESENTATION('',(#2244),#2247);
#2244 = B_SPLINE_CURVE_WITH_KNOTS('',1,(#2245,#2246),.UNSPECIFIED.,.F.,
  .F.,(2,2),(-5.999999997874E-07,59.99868058548),
  .PIECEWISE_BEZIER_KNOTS.);
#2245 = CARTESIAN_POINT('',(5.984653105995,-5.999999980111E-07));
#2246 = CARTESIAN_POINT('',(5.984653105995,59.99868058548));
#2247 = ( GEOMETRIC_REPRESENTATION_CONTEXT(2) 
PARAMETRIC_REPRESENTATION_CONTEXT() REPRESENTATION_CONTEXT('2D SPACE',''
  ) );
#2248 = PCURVE('',#94,#2249);
#2249 = DEFINITIONAL_REPRESENTATION('',(#2250),#2253);
#2250 = B_SPLINE_CURVE_WITH_KNOTS('',1,(#2251,#2252),.UNSPECIFIED.,.F.,
  .F.,(2,2),(-5.999999997874E-07,59.99868058548),
  .PIECEWISE_BEZIER_KNOTS.);
#2251 = CARTESIAN_POINT('',(5.928855614589,-42.76421661976));
#2252 = CARTESIAN_POINT('',(35.928856214602,-94.72421765899));
#2253 = ( GEOMETRIC_REPRESENTATION_CONTEXT(2) 
PARAMETRIC_REPRESENTATION_CONTEXT() REPRESENTATION_CONTEXT('2D SPACE',''
  ) );
#2254 = FACE_BOUND('',#2255,.T.);
#2255 = EDGE_LOOP('',(#2256));
#2256 = ORIENTED_EDGE('',*,*,#2257,.T.);
#2257 = EDGE_CURVE('',#2258,#2258,#2260,.T.);
#2258 = VERTEX_POINT('',#2259);
#2259 = CARTESIAN_POINT('',(27.1,-43.3,-16.90244208722));
#2260 = SURFACE_CURVE('',#2261,(#2312,#2366),.PCURVE_S1.);
#2261 = B_SPLINE_CURVE_WITH_KNOTS('',7,(#2262,#2263,#2264,#2265,#2266,
    #2267,#2268,#2269,#2270,#2271,#2272,#2273,#2274,#2275,#2276,#2277,
    #2278,#2279,#2280,#2281,#2282,#2283,#2284,#2285,#2286,#2287,#2288,
    #2289,#2290,#2291,#2292,#2293,#2294,#2295,#2296,#2297,#2298,#2299,
    #2300,#2301,#2302,#2303,#2304,#2305,#2306,#2307,#2308,#2309,#2310,
    #2311),.UNSPECIFIED.,.T.,.F.,(8,6,6,6,6,6,6,6,8),(0.,0.103292772625,
    0.251740046596,0.382752484213,0.493699007668,0.625008251487,
    0.742241075895,0.855222380729,1.),.UNSPECIFIED.);
#2262 = CARTESIAN_POINT('',(27.1,-43.3,-16.90244208722));
#2263 = CARTESIAN_POINT('',(27.1,-43.13842672266,-16.89374955362));
#2264 = CARTESIAN_POINT('',(27.085496960682,-42.97994894466,
    -16.88611921212));
#2265 = CARTESIAN_POINT('',(27.057489674705,-42.82542656137,
    -16.87978990646));
#2266 = CARTESIAN_POINT('',(27.016785990565,-42.67554187207,
    -16.87491992593));
#2267 = CARTESIAN_POINT('',(26.964022674675,-42.53087895722,
    -16.87160667197));
#2268 = CARTESIAN_POINT('',(26.899683600985,-42.39200012378,
    -16.8698985493));
#2269 = CARTESIAN_POINT('',(26.715514627587,-42.06912468867,
    -16.86965613114));
#2270 = CARTESIAN_POINT('',(26.583862090685,-41.89218811831,
    -16.87283566549));
#2271 = CARTESIAN_POINT('',(26.430214514526,-41.73033242653,-16.8793329)
  );
#2272 = CARTESIAN_POINT('',(26.255116089398,-41.58570306117,
    -16.88895923357));
#2273 = CARTESIAN_POINT('',(26.05896239917,-41.4611895226,
    -16.90132758746));
#2274 = CARTESIAN_POINT('',(25.842386796095,-41.36070328744,
    -16.91571223708));
#2275 = CARTESIAN_POINT('',(25.399148290249,-41.226887836,
    -16.94436915314));
#2276 = CARTESIAN_POINT('',(25.171667297563,-41.18555077321,
    -16.95877882855));
#2277 = CARTESIAN_POINT('',(24.929450044037,-41.17285238216,
    -16.97307765075));
#2278 = CARTESIAN_POINT('',(24.678785965926,-41.19389964633,
    -16.98573705069));
#2279 = CARTESIAN_POINT('',(24.426855943624,-41.25179849288,
    -16.99510315327));
#2280 = CARTESIAN_POINT('',(24.181307436537,-41.3477973236,-17.));
#2281 = CARTESIAN_POINT('',(23.754077033934,-41.59446614727,-17.));
#2282 = CARTESIAN_POINT('',(23.572398773843,-41.73218711642,
    -16.99648868398));
#2283 = CARTESIAN_POINT('',(23.40866922217,-41.89236487885,
    -16.98946476444));
#2284 = CARTESIAN_POINT('',(23.266156901461,-42.07216314499,
    -16.97932906418));
#2285 = CARTESIAN_POINT('',(23.147579967738,-42.2681762809,
    -16.96686268683));
#2286 = CARTESIAN_POINT('',(23.054988568638,-42.47654213475,
    -16.95310196164));
#2287 = CARTESIAN_POINT('',(22.912256860687,-42.94931406269,
    -16.92255035944));
#2288 = CARTESIAN_POINT('',(22.876447003239,-43.20565249184,
    -16.90639966293));
#2289 = CARTESIAN_POINT('',(22.877228794981,-43.45645346902,
    -16.89227357358));
#2290 = CARTESIAN_POINT('',(22.910617472357,-43.69839634473,
    -16.88116768127));
#2291 = CARTESIAN_POINT('',(22.973621390051,-43.92923395546,
    -16.87359133334));
#2292 = CARTESIAN_POINT('',(23.064213732629,-44.14712578389,
    -16.86979549372));
#2293 = CARTESIAN_POINT('',(23.285948106508,-44.53116971945,
    -16.86979549372));
#2294 = CARTESIAN_POINT('',(23.411502089293,-44.70001706698,
    -16.87282122528));
#2295 = CARTESIAN_POINT('',(23.557113128075,-44.8551248289,
    -16.87886453764));
#2296 = CARTESIAN_POINT('',(23.722285505435,-44.99462793546,
    -16.88776342706));
#2297 = CARTESIAN_POINT('',(23.90665893675,-45.11605841345,
    -16.89918927844));
#2298 = CARTESIAN_POINT('',(24.109703142569,-45.21611628453,
    -16.91254310901));
#2299 = CARTESIAN_POINT('',(24.542721479457,-45.36183693192,
    -16.94066062466));
#2300 = CARTESIAN_POINT('',(24.776968685265,-45.41119748826,
    -16.95571380849));
#2301 = CARTESIAN_POINT('',(25.0278568194,-45.43027888239,
    -16.97088438545));
#2302 = CARTESIAN_POINT('',(25.288689638756,-45.41325043154,
    -16.98449316045));
#2303 = CARTESIAN_POINT('',(25.551680417868,-45.35643206565,
    -16.99465790075));
#2304 = CARTESIAN_POINT('',(25.808404288713,-45.25814278884,-17.));
#2305 = CARTESIAN_POINT('',(26.359640664757,-44.93987698281,-17.));
#2306 = CARTESIAN_POINT('',(26.619253933626,-44.70798876403,
    -16.99122762817));
#2307 = CARTESIAN_POINT('',(26.822964332794,-44.44019666452,
    -16.97516510313));
#2308 = CARTESIAN_POINT('',(26.969201044018,-44.15171436029,
    -16.9551657543));
#2309 = CARTESIAN_POINT('',(27.059686473207,-43.85705623777,
    -16.93490065702));
#2310 = CARTESIAN_POINT('',(27.1,-43.56937634257,-16.9169343532));
#2311 = CARTESIAN_POINT('',(27.1,-43.3,-16.90244208722));
#2312 = PCURVE('',#136,#2313);
#2313 = DEFINITIONAL_REPRESENTATION('',(#2314),#2365);
#2314 = B_SPLINE_CURVE_WITH_KNOTS('',7,(#2315,#2316,#2317,#2318,#2319,
    #2320,#2321,#2322,#2323,#2324,#2325,#2326,#2327,#2328,#2329,#2330,
    #2331,#2332,#2333,#2334,#2335,#2336,#2337,#2338,#2339,#2340,#2341,
    #2342,#2343,#2344,#2345,#2346,#2347,#2348,#2349,#2350,#2351,#2352,
    #2353,#2354,#2355,#2356,#2357,#2358,#2359,#2360,#2361,#2362,#2363,
    #2364),.UNSPECIFIED.,.T.,.F.,(8,6,6,6,6,6,6,6,8),(0.,0.103292772625,
    0.251740046596,0.382752484213,0.493699007668,0.625008251487,
    0.742241075895,0.855222380729,1.),.UNSPECIFIED.);
#2315 = CARTESIAN_POINT('',(1.677980261668,11.049803098342));
#2316 = CARTESIAN_POINT('',(1.682759950639,10.909877561772));
#2317 = CARTESIAN_POINT('',(1.686707854087,10.765381107407));
#2318 = CARTESIAN_POINT('',(1.689848086219,10.617557828346));
#2319 = CARTESIAN_POINT('',(1.692200523216,10.46740254189));
#2320 = CARTESIAN_POINT('',(1.693779596007,10.315739463059));
#2321 = CARTESIAN_POINT('',(1.694593007422,10.163297502698));
#2322 = CARTESIAN_POINT('',(1.694708446226,9.791594711638));
#2323 = CARTESIAN_POINT('',(1.693194299536,9.572536553922));
#2324 = CARTESIAN_POINT('',(1.690103978392,9.355540962809));
#2325 = CARTESIAN_POINT('',(1.685403757371,9.142738038128));
#2326 = CARTESIAN_POINT('',(1.679032078976,8.936827938538));
#2327 = CARTESIAN_POINT('',(1.670911382429,8.741514760419));
#2328 = CARTESIAN_POINT('',(1.652191577503,8.404003901221));
#2329 = CARTESIAN_POINT('',(1.641784814052,8.254462218553));
#2330 = CARTESIAN_POINT('',(1.629790937666,8.122353878722));
#2331 = CARTESIAN_POINT('',(1.616384742103,8.015246414049));
#2332 = CARTESIAN_POINT('',(1.601841604902,7.939420135816));
#2333 = CARTESIAN_POINT('',(1.586509235909,7.89977999758));
#2334 = CARTESIAN_POINT('',(1.557490012744,7.89977999758));
#2335 = CARTESIAN_POINT('',(1.544184188159,7.928207852236));
#2336 = CARTESIAN_POINT('',(1.531128407002,7.98505826939));
#2337 = CARTESIAN_POINT('',(1.518568589734,8.069509265455));
#2338 = CARTESIAN_POINT('',(1.506741589027,8.179970604469));
#2339 = CARTESIAN_POINT('',(1.495866615119,8.314122685729));
#2340 = CARTESIAN_POINT('',(1.474614049921,8.652184758795));
#2341 = CARTESIAN_POINT('',(1.465203483799,8.856273399713));
#2342 = CARTESIAN_POINT('',(1.457820163057,9.073862728843));
#2343 = CARTESIAN_POINT('',(1.452365719772,9.300084574829));
#2344 = CARTESIAN_POINT('',(1.448758157083,9.531496995702));
#2345 = CARTESIAN_POINT('',(1.44695057142,9.76549263837));
#2346 = CARTESIAN_POINT('',(1.44695057142,10.208951629708));
#2347 = CARTESIAN_POINT('',(1.448391406986,10.417955022187));
#2348 = CARTESIAN_POINT('',(1.451269117959,10.625088420384));
#2349 = CARTESIAN_POINT('',(1.455611892881,10.828488774202));
#2350 = CARTESIAN_POINT('',(1.461471196629,11.025838625543));
#2351 = CARTESIAN_POINT('',(1.468912739371,11.214014984734));
#2352 = CARTESIAN_POINT('',(1.486762486841,11.556725773535));
#2353 = CARTESIAN_POINT('',(1.497280713986,11.716599135488));
#2354 = CARTESIAN_POINT('',(1.509531552466,11.858570813285));
#2355 = CARTESIAN_POINT('',(1.52333986522,11.974243129342));
#2356 = CARTESIAN_POINT('',(1.538415559855,12.056535624493));
#2357 = CARTESIAN_POINT('',(1.554384596298,12.09977999758));
#2358 = CARTESIAN_POINT('',(1.591826808546,12.09977999758));
#2359 = CARTESIAN_POINT('',(1.611872504924,12.028769872314));
#2360 = CARTESIAN_POINT('',(1.630141533179,11.898714252471));
#2361 = CARTESIAN_POINT('',(1.64611548025,11.722003044929));
#2362 = CARTESIAN_POINT('',(1.65944378389,11.512067206776));
#2363 = CARTESIAN_POINT('',(1.670011523551,11.283088143339));
#2364 = CARTESIAN_POINT('',(1.677980261668,11.049803098342));
#2365 = ( GEOMETRIC_REPRESENTATION_CONTEXT(2) 
PARAMETRIC_REPRESENTATION_CONTEXT() REPRESENTATION_CONTEXT('2D SPACE',''
  ) );
#2366 = PCURVE('',#2367,#2372);
#2367 = CYLINDRICAL_SURFACE('',#2368,2.1);
#2368 = AXIS2_PLACEMENT_3D('',#2369,#2370,#2371);
#2369 = CARTESIAN_POINT('',(25.,-43.3,-20.));
#2370 = DIRECTION('',(0.,0.,1.));
#2371 = DIRECTION('',(1.,0.,-0.));
#2372 = DEFINITIONAL_REPRESENTATION('',(#2373),#2424);
#2373 = B_SPLINE_CURVE_WITH_KNOTS('',7,(#2374,#2375,#2376,#2377,#2378,
    #2379,#2380,#2381,#2382,#2383,#2384,#2385,#2386,#2387,#2388,#2389,
    #2390,#2391,#2392,#2393,#2394,#2395,#2396,#2397,#2398,#2399,#2400,
    #2401,#2402,#2403,#2404,#2405,#2406,#2407,#2408,#2409,#2410,#2411,
    #2412,#2413,#2414,#2415,#2416,#2417,#2418,#2419,#2420,#2421,#2422,
    #2423),.UNSPECIFIED.,.F.,.F.,(8,6,6,6,6,6,6,6,8),(0.,0.103292772625,
    0.251740046596,0.382752484213,0.493699007668,0.625008251487,
    0.742241075895,0.855222380729,1.),.UNSPECIFIED.);
#2374 = CARTESIAN_POINT('',(-8.881784197001E-16,3.097557912771));
#2375 = CARTESIAN_POINT('',(7.693965587527E-02,3.106250446372));
#2376 = CARTESIAN_POINT('',(0.152405456404,3.11388078788));
#2377 = CARTESIAN_POINT('',(0.22673074391,3.120210093535));
#2378 = CARTESIAN_POINT('',(0.300209118655,3.125080074064));
#2379 = CARTESIAN_POINT('',(0.373120125896,3.128393328022));
#2380 = CARTESIAN_POINT('',(0.445744978409,3.130101450696));
#2381 = CARTESIAN_POINT('',(0.622748736753,3.130343868858));
#2382 = CARTESIAN_POINT('',(0.726996736367,3.127164334501));
#2383 = CARTESIAN_POINT('',(0.832054940467,3.120667099998));
#2384 = CARTESIAN_POINT('',(0.938739558008,3.11104076643));
#2385 = CARTESIAN_POINT('',(1.047918813278,3.09867241254));
#2386 = CARTESIAN_POINT('',(1.160478683532,3.084287762911));
#2387 = CARTESIAN_POINT('',(1.380953818833,3.055630846857));
#2388 = CARTESIAN_POINT('',(1.490344419129,3.041221171445));
#2389 = CARTESIAN_POINT('',(1.604314080204,3.026922349242));
#2390 = CARTESIAN_POINT('',(1.722047880969,3.014262949309));
#2391 = CARTESIAN_POINT('',(1.843089059743,3.00489684673));
#2392 = CARTESIAN_POINT('',(1.967208064121,3.));
#2393 = CARTESIAN_POINT('',(2.202125584978,3.));
#2394 = CARTESIAN_POINT('',(2.309838918031,3.00351131602));
#2395 = CARTESIAN_POINT('',(2.41754059207,3.010535235557));
#2396 = CARTESIAN_POINT('',(2.525242867232,3.020670935816));
#2397 = CARTESIAN_POINT('',(2.632960470634,3.033137313163));
#2398 = CARTESIAN_POINT('',(2.740690615099,3.046898038354));
#2399 = CARTESIAN_POINT('',(2.975856227751,3.077449640555));
#2400 = CARTESIAN_POINT('',(3.097641560375,3.093600337067));
#2401 = CARTESIAN_POINT('',(3.215246448357,3.107726426415));
#2402 = CARTESIAN_POINT('',(3.329746093672,3.118832318729));
#2403 = CARTESIAN_POINT('',(3.442212685629,3.126408666652));
#2404 = CARTESIAN_POINT('',(3.553638722212,3.130204506278));
#2405 = CARTESIAN_POINT('',(3.764809670469,3.130204506278));
#2406 = CARTESIAN_POINT('',(3.864334927045,3.127178774719));
#2407 = CARTESIAN_POINT('',(3.964584732192,3.12113546236));
#2408 = CARTESIAN_POINT('',(4.066271117648,3.112236572931));
#2409 = CARTESIAN_POINT('',(4.17014571342,3.100810721554));
#2410 = CARTESIAN_POINT('',(4.276980544098,3.087456890983));
#2411 = CARTESIAN_POINT('',(4.494542476353,3.059339375333));
#2412 = CARTESIAN_POINT('',(4.607759909415,3.044286191503));
#2413 = CARTESIAN_POINT('',(4.725876425709,3.029115614542));
#2414 = CARTESIAN_POINT('',(4.848056786706,3.015506839541));
#2415 = CARTESIAN_POINT('',(4.97387059824,3.005342099247));
#2416 = CARTESIAN_POINT('',(5.103143592226,3.));
#2417 = CARTESIAN_POINT('',(5.406247215184,3.));
#2418 = CARTESIAN_POINT('',(5.568523569705,3.008772371822));
#2419 = CARTESIAN_POINT('',(5.724342085752,3.024834896862));
#2420 = CARTESIAN_POINT('',(5.874155955669,3.044834245694));
#2421 = CARTESIAN_POINT('',(6.017921462642,3.065099342976));
#2422 = CARTESIAN_POINT('',(6.154910858335,3.083065646799));
#2423 = CARTESIAN_POINT('',(6.28318530718,3.097557912771));
#2424 = ( GEOMETRIC_REPRESENTATION_CONTEXT(2) 
PARAMETRIC_REPRESENTATION_CONTEXT() REPRESENTATION_CONTEXT('2D SPACE',''
  ) );
#2425 = FACE_BOUND('',#2426,.T.);
#2426 = EDGE_LOOP('',(#2427));
#2427 = ORIENTED_EDGE('',*,*,#2428,.F.);
#2428 = EDGE_CURVE('',#2429,#2429,#2431,.T.);
#2429 = VERTEX_POINT('',#2430);
#2430 = CARTESIAN_POINT('',(27.1,-43.3,16.902442087229));
#2431 = SURFACE_CURVE('',#2432,(#2491,#2553),.PCURVE_S1.);
#2432 = B_SPLINE_CURVE_WITH_KNOTS('',8,(#2433,#2434,#2435,#2436,#2437,
    #2438,#2439,#2440,#2441,#2442,#2443,#2444,#2445,#2446,#2447,#2448,
    #2449,#2450,#2451,#2452,#2453,#2454,#2455,#2456,#2457,#2458,#2459,
    #2460,#2461,#2462,#2463,#2464,#2465,#2466,#2467,#2468,#2469,#2470,
    #2471,#2472,#2473,#2474,#2475,#2476,#2477,#2478,#2479,#2480,#2481,
    #2482,#2483,#2484,#2485,#2486,#2487,#2488,#2489,#2490),
  .UNSPECIFIED.,.T.,.F.,(9,7,7,7,7,7,7,7,9),(0.,0.109575653444,
    0.279030749954,0.434773475728,0.542912005633,0.651052665183,
    0.76014328578,0.865277665278,1.),.UNSPECIFIED.);
#2433 = CARTESIAN_POINT('',(27.1,-43.3,16.902442087229));
#2434 = CARTESIAN_POINT('',(27.1,-43.15862338232,16.894836120328));
#2435 = CARTESIAN_POINT('',(27.089122720512,-43.01956838916,
    16.888026797497));
#2436 = CARTESIAN_POINT('',(27.067992406946,-42.8833724551,
    16.882163396086));
#2437 = CARTESIAN_POINT('',(27.037137832635,-42.75048421672,
    16.877354916201));
#2438 = CARTESIAN_POINT('',(26.996999747106,-42.621293279,
    16.873677455702));
#2439 = CARTESIAN_POINT('',(26.947937906253,-42.49615924886,
    16.871179641309));
#2440 = CARTESIAN_POINT('',(26.890237684378,-42.37544003563,
    16.869886115822));
#2441 = CARTESIAN_POINT('',(26.721861701359,-42.08025204725,
    16.869664485676));
#2442 = CARTESIAN_POINT('',(26.599610553182,-41.91270953907,
    16.87241520776));
#2443 = CARTESIAN_POINT('',(26.458176107283,-41.75810888734,
    16.878045782428));
#2444 = CARTESIAN_POINT('',(26.298019593445,-41.61804942861,
    16.886429821761));
#2445 = CARTESIAN_POINT('',(26.119461373619,-41.49462319039,
    16.897312071924));
#2446 = CARTESIAN_POINT('',(25.922895628189,-41.39054408878,
    16.910247072101));
#2447 = CARTESIAN_POINT('',(25.709072400461,-41.30931831046,
    16.924523109271));
#2448 = CARTESIAN_POINT('',(25.268525521556,-41.2059948766,
    16.952516825745));
#2449 = CARTESIAN_POINT('',(25.036488270075,-41.17782534739,
    16.966679314984));
#2450 = CARTESIAN_POINT('',(24.790280107488,-41.17921525209,
    16.980361195502));
#2451 = CARTESIAN_POINT('',(24.537764563149,-41.21524862131,
    16.99196238224));
#2452 = CARTESIAN_POINT('',(24.287400739177,-41.28805464053,
    16.99986221401));
#2453 = CARTESIAN_POINT('',(24.047494615787,-41.39713425836,
    17.003053721525));
#2454 = CARTESIAN_POINT('',(23.825601987174,-41.53958234578,
    17.001388130577));
#2455 = CARTESIAN_POINT('',(23.490452144851,-41.82888335845,
    16.991318761106));
#2456 = CARTESIAN_POINT('',(23.364818806357,-41.96099632253,
    16.985133364144));
#2457 = CARTESIAN_POINT('',(23.252461801173,-42.10531197935,
    16.977074190764));
#2458 = CARTESIAN_POINT('',(23.154745236792,-42.26027015258,
    16.967458821016));
#2459 = CARTESIAN_POINT('',(23.07281402283,-42.42413448741,
    16.956714258989));
#2460 = CARTESIAN_POINT('',(23.00757187341,-42.59502311483,
    16.945342720996));
#2461 = CARTESIAN_POINT('',(22.959655339877,-42.77094070833,
    16.933876174698));
#2462 = CARTESIAN_POINT('',(22.899151812033,-43.12868668016,
    16.911762865893));
#2463 = CARTESIAN_POINT('',(22.886555248313,-43.31057593588,
    16.901112860248));
#2464 = CARTESIAN_POINT('',(22.891973578666,-43.49341147603,
    16.891374877553));
#2465 = CARTESIAN_POINT('',(22.915461577801,-43.67510303055,
    16.883031232742));
#2466 = CARTESIAN_POINT('',(22.95678601183,-43.85357785356,
    16.876485885792));
#2467 = CARTESIAN_POINT('',(23.015438167655,-44.0268186789,
    16.872025290088));
#2468 = CARTESIAN_POINT('',(23.090642299055,-44.19290006094,
    16.869795493722));
#2469 = CARTESIAN_POINT('',(23.272874588973,-44.50852638708,
    16.869795493722));
#2470 = CARTESIAN_POINT('',(23.380113597763,-44.65780523984,
    16.872064792292));
#2471 = CARTESIAN_POINT('',(23.502508991673,-44.79695941493,
    16.876598295899));
#2472 = CARTESIAN_POINT('',(23.63969930933,-44.92487637632,
    16.883313982012));
#2473 = CARTESIAN_POINT('',(23.791425539047,-45.04016436791,
    16.892048120938));
#2474 = CARTESIAN_POINT('',(23.95741999996,-45.14107288399,
    16.902527736919));
#2475 = CARTESIAN_POINT('',(24.137266584818,-45.22539201793,
    16.914332907399));
#2476 = CARTESIAN_POINT('',(24.516157636004,-45.35289758654,
    16.938935734009));
#2477 = CARTESIAN_POINT('',(24.718406883814,-45.39885734918,
    16.951950512539));
#2478 = CARTESIAN_POINT('',(24.933773769098,-45.42312335959,
    16.965195419097));
#2479 = CARTESIAN_POINT('',(25.158273229078,-45.42176465697,
    16.977688772958));
#2480 = CARTESIAN_POINT('',(25.387311180924,-45.39194354433,
    16.988304938069));
#2481 = CARTESIAN_POINT('',(25.615861385579,-45.33185974645,
    16.995993425565));
#2482 = CARTESIAN_POINT('',(25.838606640219,-45.24070494155,17.));
#2483 = CARTESIAN_POINT('',(26.320938469257,-44.96222236127,17.));
#2484 = CARTESIAN_POINT('',(26.554350616409,-44.76596081872,
    16.993420721134));
#2485 = CARTESIAN_POINT('',(26.746572933106,-44.54061870184,
    16.981188550028));
#2486 = CARTESIAN_POINT('',(26.896082688406,-44.29595551241,
    16.965165428722));
#2487 = CARTESIAN_POINT('',(27.003133079964,-44.04121756434,
    16.947566342825));
#2488 = CARTESIAN_POINT('',(27.069764854905,-43.78513626397,
    16.930409081068));
#2489 = CARTESIAN_POINT('',(27.1,-43.53570429975,16.915122819955));
#2490 = CARTESIAN_POINT('',(27.1,-43.3,16.902442087229));
#2491 = PCURVE('',#136,#2492);
#2492 = DEFINITIONAL_REPRESENTATION('',(#2493),#2552);
#2493 = B_SPLINE_CURVE_WITH_KNOTS('',8,(#2494,#2495,#2496,#2497,#2498,
    #2499,#2500,#2501,#2502,#2503,#2504,#2505,#2506,#2507,#2508,#2509,
    #2510,#2511,#2512,#2513,#2514,#2515,#2516,#2517,#2518,#2519,#2520,
    #2521,#2522,#2523,#2524,#2525,#2526,#2527,#2528,#2529,#2530,#2531,
    #2532,#2533,#2534,#2535,#2536,#2537,#2538,#2539,#2540,#2541,#2542,
    #2543,#2544,#2545,#2546,#2547,#2548,#2549,#2550,#2551),
  .UNSPECIFIED.,.T.,.F.,(9,7,7,7,7,7,7,7,9),(0.,0.109575653444,
    0.279030749954,0.434773475728,0.542912005633,0.651052665183,
    0.76014328578,0.865277665278,1.),.UNSPECIFIED.);
#2494 = CARTESIAN_POINT('',(4.605205045512,11.049803098342));
#2495 = CARTESIAN_POINT('',(4.601022817662,10.927368253843));
#2496 = CARTESIAN_POINT('',(4.597464428955,10.801505220999));
#2497 = CARTESIAN_POINT('',(4.59451480801,10.672991557994));
#2498 = CARTESIAN_POINT('',(4.592161002462,10.542480185118));
#2499 = CARTESIAN_POINT('',(4.590392631667,10.410528887328));
#2500 = CARTESIAN_POINT('',(4.589202358319,10.277628972969));
#2501 = CARTESIAN_POINT('',(4.588586378971,10.144233088633));
#2502 = CARTESIAN_POINT('',(4.588480839358,9.804404822877));
#2503 = CARTESIAN_POINT('',(4.589790795904,9.598182899775));
#2504 = CARTESIAN_POINT('',(4.592469172581,9.393577011048));
#2505 = CARTESIAN_POINT('',(4.596538407998,9.192202832591));
#2506 = CARTESIAN_POINT('',(4.602041523816,8.996032284575));
#2507 = CARTESIAN_POINT('',(4.609034849862,8.807612764596));
#2508 = CARTESIAN_POINT('',(4.617579004511,8.630355727007));
#2509 = CARTESIAN_POINT('',(4.6370522315,8.320597379076));
#2510 = CARTESIAN_POINT('',(4.648075284188,8.180180851841));
#2511 = CARTESIAN_POINT('',(4.660682800637,8.058277746124));
#2512 = CARTESIAN_POINT('',(4.674619777231,7.963222780459));
#2513 = CARTESIAN_POINT('',(4.689517383992,7.901089514171));
#2514 = CARTESIAN_POINT('',(4.704943827915,7.875598840715));
#2515 = CARTESIAN_POINT('',(4.72043540505,7.888012843228));
#2516 = CARTESIAN_POINT('',(4.74602460456,7.97097442421));
#2517 = CARTESIAN_POINT('',(4.756316083873,8.022568716943));
#2518 = CARTESIAN_POINT('',(4.766294534231,8.091369086783));
#2519 = CARTESIAN_POINT('',(4.775845674901,8.176706460059));
#2520 = CARTESIAN_POINT('',(4.784860352805,8.277649587814));
#2521 = CARTESIAN_POINT('',(4.793236428598,8.393020602639));
#2522 = CARTESIAN_POINT('',(4.800881195582,8.521409796437));
#2523 = CARTESIAN_POINT('',(4.8145476019,8.800972194555));
#2524 = CARTESIAN_POINT('',(4.820571521752,8.952193335055));
#2525 = CARTESIAN_POINT('',(4.825704997225,9.113241621104));
#2526 = CARTESIAN_POINT('',(4.829881300659,9.282334226958));
#2527 = CARTESIAN_POINT('',(4.833048987891,9.457559495695));
#2528 = CARTESIAN_POINT('',(4.835172826622,9.63691607424));
#2529 = CARTESIAN_POINT('',(4.83623473576,9.818348608353));
#2530 = CARTESIAN_POINT('',(4.83623473576,10.18280516988));
#2531 = CARTESIAN_POINT('',(4.835154109159,10.365704184584));
#2532 = CARTESIAN_POINT('',(4.832995330578,10.547413394813));
#2533 = CARTESIAN_POINT('',(4.829744801966,10.726788588506));
#2534 = CARTESIAN_POINT('',(4.825376175648,10.902494969669));
#2535 = CARTESIAN_POINT('',(4.819853724345,11.072882723616));
#2536 = CARTESIAN_POINT('',(4.813136356148,11.235829970915));
#2537 = CARTESIAN_POINT('',(4.797517826848,11.535701916188));
#2538 = CARTESIAN_POINT('',(4.78853414998,11.676630795));
#2539 = CARTESIAN_POINT('',(4.778247819144,11.80533143411));
#2540 = CARTESIAN_POINT('',(4.766749598337,11.916406971313));
#2541 = CARTESIAN_POINT('',(4.754192056471,12.005102815024));
#2542 = CARTESIAN_POINT('',(4.740777488214,12.067346717765));
#2543 = CARTESIAN_POINT('',(4.72674924457,12.09977999758));
#2544 = CARTESIAN_POINT('',(4.693987308853,12.09977999758));
#2545 = CARTESIAN_POINT('',(4.67632422635,12.04652240363));
#2546 = CARTESIAN_POINT('',(4.659894659596,11.947485109911));
#2547 = CARTESIAN_POINT('',(4.645056800466,11.8103586487));
#2548 = CARTESIAN_POINT('',(4.632071713065,11.643277105622));
#2549 = CARTESIAN_POINT('',(4.621099588375,11.454822440917));
#2550 = CARTESIAN_POINT('',(4.612177691364,11.253927512714));
#2551 = CARTESIAN_POINT('',(4.605205045512,11.049803098342));
#2552 = ( GEOMETRIC_REPRESENTATION_CONTEXT(2) 
PARAMETRIC_REPRESENTATION_CONTEXT() REPRESENTATION_CONTEXT('2D SPACE',''
  ) );
#2553 = PCURVE('',#2554,#2559);
#2554 = CYLINDRICAL_SURFACE('',#2555,2.1);
#2555 = AXIS2_PLACEMENT_3D('',#2556,#2557,#2558);
#2556 = CARTESIAN_POINT('',(25.,-43.3,-20.));
#2557 = DIRECTION('',(0.,0.,1.));
#2558 = DIRECTION('',(1.,0.,-0.));
#2559 = DEFINITIONAL_REPRESENTATION('',(#2560),#2619);
#2560 = B_SPLINE_CURVE_WITH_KNOTS('',8,(#2561,#2562,#2563,#2564,#2565,
    #2566,#2567,#2568,#2569,#2570,#2571,#2572,#2573,#2574,#2575,#2576,
    #2577,#2578,#2579,#2580,#2581,#2582,#2583,#2584,#2585,#2586,#2587,
    #2588,#2589,#2590,#2591,#2592,#2593,#2594,#2595,#2596,#2597,#2598,
    #2599,#2600,#2601,#2602,#2603,#2604,#2605,#2606,#2607,#2608,#2609,
    #2610,#2611,#2612,#2613,#2614,#2615,#2616,#2617,#2618),
  .UNSPECIFIED.,.F.,.F.,(9,7,7,7,7,7,7,7,9),(0.,0.109575653444,
    0.279030749954,0.434773475728,0.542912005633,0.651052665183,
    0.76014328578,0.865277665278,1.),.UNSPECIFIED.);
#2561 = CARTESIAN_POINT('',(-8.881784197001E-16,36.902442087229));
#2562 = CARTESIAN_POINT('',(6.732219889089E-02,36.894836120328));
#2563 = CARTESIAN_POINT('',(0.133539006272,36.888026797497));
#2564 = CARTESIAN_POINT('',(0.198858761095,36.882163396086));
#2565 = CARTESIAN_POINT('',(0.263469931283,36.877354916201));
#2566 = CARTESIAN_POINT('',(0.327550746371,36.873677455702));
#2567 = CARTESIAN_POINT('',(0.391276339024,36.871179641309));
#2568 = CARTESIAN_POINT('',(0.454823395417,36.869886115822));
#2569 = CARTESIAN_POINT('',(0.616648600061,36.869664485676));
#2570 = CARTESIAN_POINT('',(0.714792674501,36.87241520776));
#2571 = CARTESIAN_POINT('',(0.813557598333,36.878045782428));
#2572 = CARTESIAN_POINT('',(0.913598989518,36.886429821761));
#2573 = CARTESIAN_POINT('',(1.015579178388,36.897312071924));
#2574 = CARTESIAN_POINT('',(1.120181445945,36.910247072101));
#2575 = CARTESIAN_POINT('',(1.228144278008,36.924523109271));
#2576 = CARTESIAN_POINT('',(1.443621012813,36.952516825745));
#2577 = CARTESIAN_POINT('',(1.554258984945,36.966679314984));
#2578 = CARTESIAN_POINT('',(1.669926104197,36.980361195502));
#2579 = CARTESIAN_POINT('',(1.789119212423,36.99196238224));
#2580 = CARTESIAN_POINT('',(1.910807627902,36.99986221401));
#2581 = CARTESIAN_POINT('',(2.034162208243,37.003053721525));
#2582 = CARTESIAN_POINT('',(2.158471767401,37.001388130577));
#2583 = CARTESIAN_POINT('',(2.369301298833,36.991318761106));
#2584 = CARTESIAN_POINT('',(2.455696076666,36.985133364144));
#2585 = CARTESIAN_POINT('',(2.542085425695,36.977074190764));
#2586 = CARTESIAN_POINT('',(2.628473328569,36.967458821016));
#2587 = CARTESIAN_POINT('',(2.714865625895,36.956714258989));
#2588 = CARTESIAN_POINT('',(2.8012652953,36.945342720996));
#2589 = CARTESIAN_POINT('',(2.887667405812,36.933876174698));
#2590 = CARTESIAN_POINT('',(3.060441790591,36.911762865893));
#2591 = CARTESIAN_POINT('',(3.146843041362,36.901112860248));
#2592 = CARTESIAN_POINT('',(3.233241165211,36.891374877553));
#2593 = CARTESIAN_POINT('',(3.319632561755,36.883031232742));
#2594 = CARTESIAN_POINT('',(3.406020928136,36.876485885792));
#2595 = CARTESIAN_POINT('',(3.492411965932,36.872025290088));
#2596 = CARTESIAN_POINT('',(3.578808231728,36.869795493722));
#2597 = CARTESIAN_POINT('',(3.752358975312,36.869795493722));
#2598 = CARTESIAN_POINT('',(3.839453617611,36.872064792292));
#2599 = CARTESIAN_POINT('',(3.926991055486,36.876598295899));
#2600 = CARTESIAN_POINT('',(4.015427920176,36.883313982012));
#2601 = CARTESIAN_POINT('',(4.105224090856,36.892048120938));
#2602 = CARTESIAN_POINT('',(4.196854426563,36.902527736919));
#2603 = CARTESIAN_POINT('',(4.290829278076,36.914332907399));
#2604 = CARTESIAN_POINT('',(4.481195972019,36.938935734009));
#2605 = CARTESIAN_POINT('',(4.579455551149,36.951950512539));
#2606 = CARTESIAN_POINT('',(4.681582732098,36.965195419097));
#2607 = CARTESIAN_POINT('',(4.786966606207,36.977688772958));
#2608 = CARTESIAN_POINT('',(4.895236966031,36.988304938069));
#2609 = CARTESIAN_POINT('',(5.006188846737,36.995993425565));
#2610 = CARTESIAN_POINT('',(5.119750700467,37.));
#2611 = CARTESIAN_POINT('',(5.384966370555,37.));
#2612 = CARTESIAN_POINT('',(5.527954481075,36.993420721134));
#2613 = CARTESIAN_POINT('',(5.665910142235,36.981188550028));
#2614 = CARTESIAN_POINT('',(5.79924902071,36.965165428722));
#2615 = CARTESIAN_POINT('',(5.928068020784,36.947566342825));
#2616 = CARTESIAN_POINT('',(6.052168811566,36.930409081068));
#2617 = CARTESIAN_POINT('',(6.17094516444,36.915122819955));
#2618 = CARTESIAN_POINT('',(6.28318530718,36.902442087229));
#2619 = ( GEOMETRIC_REPRESENTATION_CONTEXT(2) 
PARAMETRIC_REPRESENTATION_CONTEXT() REPRESENTATION_CONTEXT('2D SPACE',''
  ) );
#2620 = ADVANCED_FACE('',(#2621,#3560,#3586,#3612,#3638),#94,.T.);
#2621 = FACE_BOUND('',#2622,.T.);
#2622 = EDGE_LOOP('',(#2623,#2644,#2645,#2669,#2690,#2716,#2737,#2758,
    #2779,#2800,#2821,#2845,#2866,#2892,#2913,#2934,#2955,#2976,#2997,
    #3021,#3042,#3068,#3089,#3110,#3131,#3152,#3173,#3197,#3218,#3244,
    #3265,#3286,#3307,#3328,#3349,#3371,#3372,#3393,#3414,#3435,#3456,
    #3475,#3476,#3477,#3478,#3499,#3520,#3541));
#2623 = ORIENTED_EDGE('',*,*,#2624,.T.);
#2624 = EDGE_CURVE('',#2625,#618,#2627,.T.);
#2625 = VERTEX_POINT('',#2626);
#2626 = CARTESIAN_POINT('',(40.,14.142135623731,5.));
#2627 = SURFACE_CURVE('',#2628,(#2632,#2638),.PCURVE_S1.);
#2628 = LINE('',#2629,#2630);
#2629 = CARTESIAN_POINT('',(40.,0.,5.));
#2630 = VECTOR('',#2631,1.);
#2631 = DIRECTION('',(0.,1.,0.));
#2632 = PCURVE('',#94,#2633);
#2633 = DEFINITIONAL_REPRESENTATION('',(#2634),#2637);
#2634 = B_SPLINE_CURVE_WITH_KNOTS('',1,(#2635,#2636),.UNSPECIFIED.,.F.,
  .F.,(2,2),(-17.,17.),.PIECEWISE_BEZIER_KNOTS.);
#2635 = CARTESIAN_POINT('',(40.,-17.));
#2636 = CARTESIAN_POINT('',(40.,17.));
#2637 = ( GEOMETRIC_REPRESENTATION_CONTEXT(2) 
PARAMETRIC_REPRESENTATION_CONTEXT() REPRESENTATION_CONTEXT('2D SPACE',''
  ) );
#2638 = PCURVE('',#465,#2639);
#2639 = DEFINITIONAL_REPRESENTATION('',(#2640),#2643);
#2640 = B_SPLINE_CURVE_WITH_KNOTS('',1,(#2641,#2642),.UNSPECIFIED.,.F.,
  .F.,(2,2),(-17.,17.),.PIECEWISE_BEZIER_KNOTS.);
#2641 = CARTESIAN_POINT('',(5.,17.));
#2642 = CARTESIAN_POINT('',(5.,-17.));
#2643 = ( GEOMETRIC_REPRESENTATION_CONTEXT(2) 
PARAMETRIC_REPRESENTATION_CONTEXT() REPRESENTATION_CONTEXT('2D SPACE',''
  ) );
#2644 = ORIENTED_EDGE('',*,*,#617,.T.);
#2645 = ORIENTED_EDGE('',*,*,#2646,.T.);
#2646 = EDGE_CURVE('',#569,#2647,#2649,.T.);
#2647 = VERTEX_POINT('',#2648);
#2648 = CARTESIAN_POINT('',(61.379689574914,73.814183648451,5.));
#2649 = SURFACE_CURVE('',#2650,(#2655,#2662),.PCURVE_S1.);
#2650 = CIRCLE('',#2651,96.);
#2651 = AXIS2_PLACEMENT_3D('',#2652,#2653,#2654);
#2652 = CARTESIAN_POINT('',(0.,0.,5.));
#2653 = DIRECTION('',(0.,0.,1.));
#2654 = DIRECTION('',(1.,0.,-0.));
#2655 = PCURVE('',#94,#2656);
#2656 = DEFINITIONAL_REPRESENTATION('',(#2657),#2661);
#2657 = CIRCLE('',#2658,96.);
#2658 = AXIS2_PLACEMENT_2D('',#2659,#2660);
#2659 = CARTESIAN_POINT('',(0.,0.));
#2660 = DIRECTION('',(1.,0.));
#2661 = ( GEOMETRIC_REPRESENTATION_CONTEXT(2) 
PARAMETRIC_REPRESENTATION_CONTEXT() REPRESENTATION_CONTEXT('2D SPACE',''
  ) );
#2662 = PCURVE('',#598,#2663);
#2663 = DEFINITIONAL_REPRESENTATION('',(#2664),#2668);
#2664 = LINE('',#2665,#2666);
#2665 = CARTESIAN_POINT('',(0.,10.));
#2666 = VECTOR('',#2667,1.);
#2667 = DIRECTION('',(1.,0.));
#2668 = ( GEOMETRIC_REPRESENTATION_CONTEXT(2) 
PARAMETRIC_REPRESENTATION_CONTEXT() REPRESENTATION_CONTEXT('2D SPACE',''
  ) );
#2669 = ORIENTED_EDGE('',*,*,#2670,.F.);
#2670 = EDGE_CURVE('',#2671,#2647,#2673,.T.);
#2671 = VERTEX_POINT('',#2672);
#2672 = CARTESIAN_POINT('',(34.071144085405,26.515782860621,5.));
#2673 = SURFACE_CURVE('',#2674,(#2678,#2684),.PCURVE_S1.);
#2674 = LINE('',#2675,#2676);
#2675 = CARTESIAN_POINT('',(34.071144085405,26.515782860621,5.));
#2676 = VECTOR('',#2677,1.);
#2677 = DIRECTION('',(0.500011000363,0.866019052629,0.));
#2678 = PCURVE('',#94,#2679);
#2679 = DEFINITIONAL_REPRESENTATION('',(#2680),#2683);
#2680 = B_SPLINE_CURVE_WITH_KNOTS('',1,(#2681,#2682),.UNSPECIFIED.,.F.,
  .F.,(2,2),(-5.999999971868E-07,59.99868058548),
  .PIECEWISE_BEZIER_KNOTS.);
#2681 = CARTESIAN_POINT('',(34.071143785398,26.515782341009));
#2682 = CARTESIAN_POINT('',(64.071144385411,78.475783380232));
#2683 = ( GEOMETRIC_REPRESENTATION_CONTEXT(2) 
PARAMETRIC_REPRESENTATION_CONTEXT() REPRESENTATION_CONTEXT('2D SPACE',''
  ) );
#2684 = PCURVE('',#896,#2685);
#2685 = DEFINITIONAL_REPRESENTATION('',(#2686),#2689);
#2686 = B_SPLINE_CURVE_WITH_KNOTS('',1,(#2687,#2688),.UNSPECIFIED.,.F.,
  .F.,(2,2),(-5.999999971868E-07,59.99868058548),
  .PIECEWISE_BEZIER_KNOTS.);
#2687 = CARTESIAN_POINT('',(5.984653105995,-5.999999998513E-07));
#2688 = CARTESIAN_POINT('',(5.984653105995,59.99868058548));
#2689 = ( GEOMETRIC_REPRESENTATION_CONTEXT(2) 
PARAMETRIC_REPRESENTATION_CONTEXT() REPRESENTATION_CONTEXT('2D SPACE',''
  ) );
#2690 = ORIENTED_EDGE('',*,*,#2691,.T.);
#2691 = EDGE_CURVE('',#2671,#2692,#2694,.T.);
#2692 = VERTEX_POINT('',#2693);
#2693 = CARTESIAN_POINT('',(32.247358895011,27.568776619509,5.));
#2694 = SURFACE_CURVE('',#2695,(#2699,#2705),.PCURVE_S1.);
#2695 = LINE('',#2696,#2697);
#2696 = CARTESIAN_POINT('',(20.,34.64,5.));
#2697 = VECTOR('',#2698,1.);
#2698 = DIRECTION('',(-0.866019052629,0.500011000363,0.));
#2699 = PCURVE('',#94,#2700);
#2700 = DEFINITIONAL_REPRESENTATION('',(#2701),#2704);
#2701 = B_SPLINE_CURVE_WITH_KNOTS('',1,(#2702,#2703),.UNSPECIFIED.,.F.,
  .F.,(2,2),(-17.,17.),.PIECEWISE_BEZIER_KNOTS.);
#2702 = CARTESIAN_POINT('',(34.722323894689,26.139812993829));
#2703 = CARTESIAN_POINT('',(5.277676105311,43.140187006171));
#2704 = ( GEOMETRIC_REPRESENTATION_CONTEXT(2) 
PARAMETRIC_REPRESENTATION_CONTEXT() REPRESENTATION_CONTEXT('2D SPACE',''
  ) );
#2705 = PCURVE('',#2706,#2711);
#2706 = PLANE('',#2707);
#2707 = AXIS2_PLACEMENT_3D('',#2708,#2709,#2710);
#2708 = CARTESIAN_POINT('',(20.,34.64,0.));
#2709 = DIRECTION('',(0.500011000363,0.866019052629,0.));
#2710 = DIRECTION('',(0.866019052629,-0.500011000363,0.));
#2711 = DEFINITIONAL_REPRESENTATION('',(#2712),#2715);
#2712 = B_SPLINE_CURVE_WITH_KNOTS('',1,(#2713,#2714),.UNSPECIFIED.,.F.,
  .F.,(2,2),(-17.,17.),.PIECEWISE_BEZIER_KNOTS.);
#2713 = CARTESIAN_POINT('',(17.,-5.));
#2714 = CARTESIAN_POINT('',(-17.,-5.));
#2715 = ( GEOMETRIC_REPRESENTATION_CONTEXT(2) 
PARAMETRIC_REPRESENTATION_CONTEXT() REPRESENTATION_CONTEXT('2D SPACE',''
  ) );
#2716 = ORIENTED_EDGE('',*,*,#2717,.F.);
#2717 = EDGE_CURVE('',#2718,#2692,#2720,.T.);
#2718 = VERTEX_POINT('',#2719);
#2719 = CARTESIAN_POINT('',(29.747358895011,23.238776619509,5.));
#2720 = SURFACE_CURVE('',#2721,(#2725,#2731),.PCURVE_S1.);
#2721 = LINE('',#2722,#2723);
#2722 = CARTESIAN_POINT('',(29.747358895011,23.238776619509,5.));
#2723 = VECTOR('',#2724,1.);
#2724 = DIRECTION('',(0.500011000363,0.866019052629,0.));
#2725 = PCURVE('',#94,#2726);
#2726 = DEFINITIONAL_REPRESENTATION('',(#2727),#2730);
#2727 = B_SPLINE_CURVE_WITH_KNOTS('',1,(#2728,#2729),.UNSPECIFIED.,.F.,
  .F.,(2,2),(-5.999999984871E-07,69.99846058306),
  .PIECEWISE_BEZIER_KNOTS.);
#2728 = CARTESIAN_POINT('',(29.747358595004,23.238776099897));
#2729 = CARTESIAN_POINT('',(64.747359195017,83.85877713912));
#2730 = ( GEOMETRIC_REPRESENTATION_CONTEXT(2) 
PARAMETRIC_REPRESENTATION_CONTEXT() REPRESENTATION_CONTEXT('2D SPACE',''
  ) );
#2731 = PCURVE('',#948,#2732);
#2732 = DEFINITIONAL_REPRESENTATION('',(#2733),#2736);
#2733 = B_SPLINE_CURVE_WITH_KNOTS('',1,(#2734,#2735),.UNSPECIFIED.,.F.,
  .F.,(2,2),(-5.999999984871E-07,69.99846058306),
  .PIECEWISE_BEZIER_KNOTS.);
#2734 = CARTESIAN_POINT('',(5.943348397725,-6.000000002635E-07));
#2735 = CARTESIAN_POINT('',(5.943348397725,69.99846058306));
#2736 = ( GEOMETRIC_REPRESENTATION_CONTEXT(2) 
PARAMETRIC_REPRESENTATION_CONTEXT() REPRESENTATION_CONTEXT('2D SPACE',''
  ) );
#2737 = ORIENTED_EDGE('',*,*,#2738,.T.);
#2738 = EDGE_CURVE('',#2718,#2739,#2741,.T.);
#2739 = VERTEX_POINT('',#2740);
#2740 = CARTESIAN_POINT('',(5.252641104989,37.381223380491,5.));
#2741 = SURFACE_CURVE('',#2742,(#2746,#2752),.PCURVE_S1.);
#2742 = LINE('',#2743,#2744);
#2743 = CARTESIAN_POINT('',(17.5,30.31,5.));
#2744 = VECTOR('',#2745,1.);
#2745 = DIRECTION('',(-0.866019052629,0.500011000363,0.));
#2746 = PCURVE('',#94,#2747);
#2747 = DEFINITIONAL_REPRESENTATION('',(#2748),#2751);
#2748 = B_SPLINE_CURVE_WITH_KNOTS('',1,(#2749,#2750),.UNSPECIFIED.,.F.,
  .F.,(2,2),(-15.,15.),.PIECEWISE_BEZIER_KNOTS.);
#2749 = CARTESIAN_POINT('',(30.490285789431,22.809834994555));
#2750 = CARTESIAN_POINT('',(4.509714210569,37.810165005445));
#2751 = ( GEOMETRIC_REPRESENTATION_CONTEXT(2) 
PARAMETRIC_REPRESENTATION_CONTEXT() REPRESENTATION_CONTEXT('2D SPACE',''
  ) );
#2752 = PCURVE('',#974,#2753);
#2753 = DEFINITIONAL_REPRESENTATION('',(#2754),#2757);
#2754 = B_SPLINE_CURVE_WITH_KNOTS('',1,(#2755,#2756),.UNSPECIFIED.,.F.,
  .F.,(2,2),(-15.,15.),.PIECEWISE_BEZIER_KNOTS.);
#2755 = CARTESIAN_POINT('',(15.,-5.));
#2756 = CARTESIAN_POINT('',(-15.,-5.));
#2757 = ( GEOMETRIC_REPRESENTATION_CONTEXT(2) 
PARAMETRIC_REPRESENTATION_CONTEXT() REPRESENTATION_CONTEXT('2D SPACE',''
  ) );
#2758 = ORIENTED_EDGE('',*,*,#2759,.T.);
#2759 = EDGE_CURVE('',#2739,#2760,#2762,.T.);
#2760 = VERTEX_POINT('',#2761);
#2761 = CARTESIAN_POINT('',(7.752641104989,41.711223380491,5.));
#2762 = SURFACE_CURVE('',#2763,(#2767,#2773),.PCURVE_S1.);
#2763 = LINE('',#2764,#2765);
#2764 = CARTESIAN_POINT('',(5.252641104989,37.381223380491,5.));
#2765 = VECTOR('',#2766,1.);
#2766 = DIRECTION('',(0.500011000363,0.866019052629,0.));
#2767 = PCURVE('',#94,#2768);
#2768 = DEFINITIONAL_REPRESENTATION('',(#2769),#2772);
#2769 = B_SPLINE_CURVE_WITH_KNOTS('',1,(#2770,#2771),.UNSPECIFIED.,.F.,
  .F.,(2,2),(-6.00000002452E-07,69.99846058306),
  .PIECEWISE_BEZIER_KNOTS.);
#2770 = CARTESIAN_POINT('',(5.252640804983,37.38122286088));
#2771 = CARTESIAN_POINT('',(40.252641404996,98.001223900103));
#2772 = ( GEOMETRIC_REPRESENTATION_CONTEXT(2) 
PARAMETRIC_REPRESENTATION_CONTEXT() REPRESENTATION_CONTEXT('2D SPACE',''
  ) );
#2773 = PCURVE('',#948,#2774);
#2774 = DEFINITIONAL_REPRESENTATION('',(#2775),#2778);
#2775 = B_SPLINE_CURVE_WITH_KNOTS('',1,(#2776,#2777),.UNSPECIFIED.,.F.,
  .F.,(2,2),(-6.00000002452E-07,69.99846058306),
  .PIECEWISE_BEZIER_KNOTS.);
#2776 = CARTESIAN_POINT('',(3.481429563044,-6.000000006757E-07));
#2777 = CARTESIAN_POINT('',(3.481429563044,69.99846058306));
#2778 = ( GEOMETRIC_REPRESENTATION_CONTEXT(2) 
PARAMETRIC_REPRESENTATION_CONTEXT() REPRESENTATION_CONTEXT('2D SPACE',''
  ) );
#2779 = ORIENTED_EDGE('',*,*,#2780,.T.);
#2780 = EDGE_CURVE('',#2760,#2781,#2783,.T.);
#2781 = VERTEX_POINT('',#2782);
#2782 = CARTESIAN_POINT('',(5.928855914595,42.764217139379,5.));
#2783 = SURFACE_CURVE('',#2784,(#2788,#2794),.PCURVE_S1.);
#2784 = LINE('',#2785,#2786);
#2785 = CARTESIAN_POINT('',(20.,34.64,5.));
#2786 = VECTOR('',#2787,1.);
#2787 = DIRECTION('',(-0.866019052629,0.500011000363,0.));
#2788 = PCURVE('',#94,#2789);
#2789 = DEFINITIONAL_REPRESENTATION('',(#2790),#2793);
#2790 = B_SPLINE_CURVE_WITH_KNOTS('',1,(#2791,#2792),.UNSPECIFIED.,.F.,
  .F.,(2,2),(-17.,17.),.PIECEWISE_BEZIER_KNOTS.);
#2791 = CARTESIAN_POINT('',(34.722323894689,26.139812993829));
#2792 = CARTESIAN_POINT('',(5.277676105311,43.140187006171));
#2793 = ( GEOMETRIC_REPRESENTATION_CONTEXT(2) 
PARAMETRIC_REPRESENTATION_CONTEXT() REPRESENTATION_CONTEXT('2D SPACE',''
  ) );
#2794 = PCURVE('',#2706,#2795);
#2795 = DEFINITIONAL_REPRESENTATION('',(#2796),#2799);
#2796 = B_SPLINE_CURVE_WITH_KNOTS('',1,(#2797,#2798),.UNSPECIFIED.,.F.,
  .F.,(2,2),(-17.,17.),.PIECEWISE_BEZIER_KNOTS.);
#2797 = CARTESIAN_POINT('',(17.,-5.));
#2798 = CARTESIAN_POINT('',(-17.,-5.));
#2799 = ( GEOMETRIC_REPRESENTATION_CONTEXT(2) 
PARAMETRIC_REPRESENTATION_CONTEXT() REPRESENTATION_CONTEXT('2D SPACE',''
  ) );
#2800 = ORIENTED_EDGE('',*,*,#2801,.T.);
#2801 = EDGE_CURVE('',#2781,#2802,#2804,.T.);
#2802 = VERTEX_POINT('',#2803);
#2803 = CARTESIAN_POINT('',(33.237401404105,90.062617927209,5.));
#2804 = SURFACE_CURVE('',#2805,(#2809,#2815),.PCURVE_S1.);
#2805 = LINE('',#2806,#2807);
#2806 = CARTESIAN_POINT('',(5.928855914595,42.764217139379,5.));
#2807 = VECTOR('',#2808,1.);
#2808 = DIRECTION('',(0.500011000363,0.866019052629,0.));
#2809 = PCURVE('',#94,#2810);
#2810 = DEFINITIONAL_REPRESENTATION('',(#2811),#2814);
#2811 = B_SPLINE_CURVE_WITH_KNOTS('',1,(#2812,#2813),.UNSPECIFIED.,.F.,
  .F.,(2,2),(-6.000000015638E-07,59.99868058548),
  .PIECEWISE_BEZIER_KNOTS.);
#2812 = CARTESIAN_POINT('',(5.928855614589,42.764216619768));
#2813 = CARTESIAN_POINT('',(35.928856214602,94.724217658991));
#2814 = ( GEOMETRIC_REPRESENTATION_CONTEXT(2) 
PARAMETRIC_REPRESENTATION_CONTEXT() REPRESENTATION_CONTEXT('2D SPACE',''
  ) );
#2815 = PCURVE('',#896,#2816);
#2816 = DEFINITIONAL_REPRESENTATION('',(#2817),#2820);
#2817 = B_SPLINE_CURVE_WITH_KNOTS('',1,(#2818,#2819),.UNSPECIFIED.,.F.,
  .F.,(2,2),(-6.000000015638E-07,59.99868058548),
  .PIECEWISE_BEZIER_KNOTS.);
#2818 = CARTESIAN_POINT('',(3.440124854775,-5.999999997875E-07));
#2819 = CARTESIAN_POINT('',(3.440124854775,59.99868058548));
#2820 = ( GEOMETRIC_REPRESENTATION_CONTEXT(2) 
PARAMETRIC_REPRESENTATION_CONTEXT() REPRESENTATION_CONTEXT('2D SPACE',''
  ) );
#2821 = ORIENTED_EDGE('',*,*,#2822,.T.);
#2822 = EDGE_CURVE('',#2802,#2823,#2825,.T.);
#2823 = VERTEX_POINT('',#2824);
#2824 = CARTESIAN_POINT('',(-33.2374014041,90.062617927209,5.));
#2825 = SURFACE_CURVE('',#2826,(#2831,#2838),.PCURVE_S1.);
#2826 = CIRCLE('',#2827,96.);
#2827 = AXIS2_PLACEMENT_3D('',#2828,#2829,#2830);
#2828 = CARTESIAN_POINT('',(0.,0.,5.));
#2829 = DIRECTION('',(0.,0.,1.));
#2830 = DIRECTION('',(1.,0.,-0.));
#2831 = PCURVE('',#94,#2832);
#2832 = DEFINITIONAL_REPRESENTATION('',(#2833),#2837);
#2833 = CIRCLE('',#2834,96.);
#2834 = AXIS2_PLACEMENT_2D('',#2835,#2836);
#2835 = CARTESIAN_POINT('',(0.,0.));
#2836 = DIRECTION('',(1.,0.));
#2837 = ( GEOMETRIC_REPRESENTATION_CONTEXT(2) 
PARAMETRIC_REPRESENTATION_CONTEXT() REPRESENTATION_CONTEXT('2D SPACE',''
  ) );
#2838 = PCURVE('',#1065,#2839);
#2839 = DEFINITIONAL_REPRESENTATION('',(#2840),#2844);
#2840 = LINE('',#2841,#2842);
#2841 = CARTESIAN_POINT('',(0.,10.));
#2842 = VECTOR('',#2843,1.);
#2843 = DIRECTION('',(1.,0.));
#2844 = ( GEOMETRIC_REPRESENTATION_CONTEXT(2) 
PARAMETRIC_REPRESENTATION_CONTEXT() REPRESENTATION_CONTEXT('2D SPACE',''
  ) );
#2845 = ORIENTED_EDGE('',*,*,#2846,.F.);
#2846 = EDGE_CURVE('',#2847,#2823,#2849,.T.);
#2847 = VERTEX_POINT('',#2848);
#2848 = CARTESIAN_POINT('',(-5.928855914595,42.764217139379,5.));
#2849 = SURFACE_CURVE('',#2850,(#2854,#2860),.PCURVE_S1.);
#2850 = LINE('',#2851,#2852);
#2851 = CARTESIAN_POINT('',(-5.928855914595,42.764217139379,5.));
#2852 = VECTOR('',#2853,1.);
#2853 = DIRECTION('',(-0.500011000363,0.866019052629,0.));
#2854 = PCURVE('',#94,#2855);
#2855 = DEFINITIONAL_REPRESENTATION('',(#2856),#2859);
#2856 = B_SPLINE_CURVE_WITH_KNOTS('',1,(#2857,#2858),.UNSPECIFIED.,.F.,
  .F.,(2,2),(-5.999999997874E-07,59.99868058548),
  .PIECEWISE_BEZIER_KNOTS.);
#2857 = CARTESIAN_POINT('',(-5.928855614589,42.764216619768));
#2858 = CARTESIAN_POINT('',(-35.9288562146,94.724217658991));
#2859 = ( GEOMETRIC_REPRESENTATION_CONTEXT(2) 
PARAMETRIC_REPRESENTATION_CONTEXT() REPRESENTATION_CONTEXT('2D SPACE',''
  ) );
#2860 = PCURVE('',#1092,#2861);
#2861 = DEFINITIONAL_REPRESENTATION('',(#2862),#2865);
#2862 = B_SPLINE_CURVE_WITH_KNOTS('',1,(#2863,#2864),.UNSPECIFIED.,.F.,
  .F.,(2,2),(-5.999999997874E-07,59.99868058548),
  .PIECEWISE_BEZIER_KNOTS.);
#2863 = CARTESIAN_POINT('',(5.984653105995,-5.999999980111E-07));
#2864 = CARTESIAN_POINT('',(5.984653105995,59.99868058548));
#2865 = ( GEOMETRIC_REPRESENTATION_CONTEXT(2) 
PARAMETRIC_REPRESENTATION_CONTEXT() REPRESENTATION_CONTEXT('2D SPACE',''
  ) );
#2866 = ORIENTED_EDGE('',*,*,#2867,.T.);
#2867 = EDGE_CURVE('',#2847,#2868,#2870,.T.);
#2868 = VERTEX_POINT('',#2869);
#2869 = CARTESIAN_POINT('',(-7.752641104989,41.711223380491,5.));
#2870 = SURFACE_CURVE('',#2871,(#2875,#2881),.PCURVE_S1.);
#2871 = LINE('',#2872,#2873);
#2872 = CARTESIAN_POINT('',(-20.,34.64,5.));
#2873 = VECTOR('',#2874,1.);
#2874 = DIRECTION('',(-0.866019052629,-0.500011000363,0.));
#2875 = PCURVE('',#94,#2876);
#2876 = DEFINITIONAL_REPRESENTATION('',(#2877),#2880);
#2877 = B_SPLINE_CURVE_WITH_KNOTS('',1,(#2878,#2879),.UNSPECIFIED.,.F.,
  .F.,(2,2),(-17.,17.),.PIECEWISE_BEZIER_KNOTS.);
#2878 = CARTESIAN_POINT('',(-5.277676105311,43.140187006171));
#2879 = CARTESIAN_POINT('',(-34.72232389468,26.139812993829));
#2880 = ( GEOMETRIC_REPRESENTATION_CONTEXT(2) 
PARAMETRIC_REPRESENTATION_CONTEXT() REPRESENTATION_CONTEXT('2D SPACE',''
  ) );
#2881 = PCURVE('',#2882,#2887);
#2882 = PLANE('',#2883);
#2883 = AXIS2_PLACEMENT_3D('',#2884,#2885,#2886);
#2884 = CARTESIAN_POINT('',(-20.,34.64,0.));
#2885 = DIRECTION('',(-0.500011000363,0.866019052629,0.));
#2886 = DIRECTION('',(0.866019052629,0.500011000363,0.));
#2887 = DEFINITIONAL_REPRESENTATION('',(#2888),#2891);
#2888 = B_SPLINE_CURVE_WITH_KNOTS('',1,(#2889,#2890),.UNSPECIFIED.,.F.,
  .F.,(2,2),(-17.,17.),.PIECEWISE_BEZIER_KNOTS.);
#2889 = CARTESIAN_POINT('',(17.,-5.));
#2890 = CARTESIAN_POINT('',(-17.,-5.));
#2891 = ( GEOMETRIC_REPRESENTATION_CONTEXT(2) 
PARAMETRIC_REPRESENTATION_CONTEXT() REPRESENTATION_CONTEXT('2D SPACE',''
  ) );
#2892 = ORIENTED_EDGE('',*,*,#2893,.F.);
#2893 = EDGE_CURVE('',#2894,#2868,#2896,.T.);
#2894 = VERTEX_POINT('',#2895);
#2895 = CARTESIAN_POINT('',(-5.252641104989,37.381223380491,5.));
#2896 = SURFACE_CURVE('',#2897,(#2901,#2907),.PCURVE_S1.);
#2897 = LINE('',#2898,#2899);
#2898 = CARTESIAN_POINT('',(-5.252641104989,37.381223380491,5.));
#2899 = VECTOR('',#2900,1.);
#2900 = DIRECTION('',(-0.500011000363,0.866019052629,0.));
#2901 = PCURVE('',#94,#2902);
#2902 = DEFINITIONAL_REPRESENTATION('',(#2903),#2906);
#2903 = B_SPLINE_CURVE_WITH_KNOTS('',1,(#2904,#2905),.UNSPECIFIED.,.F.,
  .F.,(2,2),(-6.000000015638E-07,69.99846058306),
  .PIECEWISE_BEZIER_KNOTS.);
#2904 = CARTESIAN_POINT('',(-5.252640804983,37.38122286088));
#2905 = CARTESIAN_POINT('',(-40.25264140499,98.001223900103));
#2906 = ( GEOMETRIC_REPRESENTATION_CONTEXT(2) 
PARAMETRIC_REPRESENTATION_CONTEXT() REPRESENTATION_CONTEXT('2D SPACE',''
  ) );
#2907 = PCURVE('',#1144,#2908);
#2908 = DEFINITIONAL_REPRESENTATION('',(#2909),#2912);
#2909 = B_SPLINE_CURVE_WITH_KNOTS('',1,(#2910,#2911),.UNSPECIFIED.,.F.,
  .F.,(2,2),(-6.000000015638E-07,69.99846058306),
  .PIECEWISE_BEZIER_KNOTS.);
#2910 = CARTESIAN_POINT('',(5.943348397725,-5.999999997875E-07));
#2911 = CARTESIAN_POINT('',(5.943348397725,69.99846058306));
#2912 = ( GEOMETRIC_REPRESENTATION_CONTEXT(2) 
PARAMETRIC_REPRESENTATION_CONTEXT() REPRESENTATION_CONTEXT('2D SPACE',''
  ) );
#2913 = ORIENTED_EDGE('',*,*,#2914,.T.);
#2914 = EDGE_CURVE('',#2894,#2915,#2917,.T.);
#2915 = VERTEX_POINT('',#2916);
#2916 = CARTESIAN_POINT('',(-29.74735889501,23.238776619509,5.));
#2917 = SURFACE_CURVE('',#2918,(#2922,#2928),.PCURVE_S1.);
#2918 = LINE('',#2919,#2920);
#2919 = CARTESIAN_POINT('',(-17.5,30.31,5.));
#2920 = VECTOR('',#2921,1.);
#2921 = DIRECTION('',(-0.866019052629,-0.500011000363,0.));
#2922 = PCURVE('',#94,#2923);
#2923 = DEFINITIONAL_REPRESENTATION('',(#2924),#2927);
#2924 = B_SPLINE_CURVE_WITH_KNOTS('',1,(#2925,#2926),.UNSPECIFIED.,.F.,
  .F.,(2,2),(-15.,15.),.PIECEWISE_BEZIER_KNOTS.);
#2925 = CARTESIAN_POINT('',(-4.509714210569,37.810165005445));
#2926 = CARTESIAN_POINT('',(-30.49028578943,22.809834994555));
#2927 = ( GEOMETRIC_REPRESENTATION_CONTEXT(2) 
PARAMETRIC_REPRESENTATION_CONTEXT() REPRESENTATION_CONTEXT('2D SPACE',''
  ) );
#2928 = PCURVE('',#1170,#2929);
#2929 = DEFINITIONAL_REPRESENTATION('',(#2930),#2933);
#2930 = B_SPLINE_CURVE_WITH_KNOTS('',1,(#2931,#2932),.UNSPECIFIED.,.F.,
  .F.,(2,2),(-15.,15.),.PIECEWISE_BEZIER_KNOTS.);
#2931 = CARTESIAN_POINT('',(15.,-5.));
#2932 = CARTESIAN_POINT('',(-15.,-5.));
#2933 = ( GEOMETRIC_REPRESENTATION_CONTEXT(2) 
PARAMETRIC_REPRESENTATION_CONTEXT() REPRESENTATION_CONTEXT('2D SPACE',''
  ) );
#2934 = ORIENTED_EDGE('',*,*,#2935,.T.);
#2935 = EDGE_CURVE('',#2915,#2936,#2938,.T.);
#2936 = VERTEX_POINT('',#2937);
#2937 = CARTESIAN_POINT('',(-32.24735889501,27.568776619509,5.));
#2938 = SURFACE_CURVE('',#2939,(#2943,#2949),.PCURVE_S1.);
#2939 = LINE('',#2940,#2941);
#2940 = CARTESIAN_POINT('',(-29.74735889501,23.238776619509,5.));
#2941 = VECTOR('',#2942,1.);
#2942 = DIRECTION('',(-0.500011000363,0.866019052629,0.));
#2943 = PCURVE('',#94,#2944);
#2944 = DEFINITIONAL_REPRESENTATION('',(#2945),#2948);
#2945 = B_SPLINE_CURVE_WITH_KNOTS('',1,(#2946,#2947),.UNSPECIFIED.,.F.,
  .F.,(2,2),(-5.999999967107E-07,69.99846058306),
  .PIECEWISE_BEZIER_KNOTS.);
#2946 = CARTESIAN_POINT('',(-29.747358595,23.238776099897));
#2947 = CARTESIAN_POINT('',(-64.74735919501,83.85877713912));
#2948 = ( GEOMETRIC_REPRESENTATION_CONTEXT(2) 
PARAMETRIC_REPRESENTATION_CONTEXT() REPRESENTATION_CONTEXT('2D SPACE',''
  ) );
#2949 = PCURVE('',#1144,#2950);
#2950 = DEFINITIONAL_REPRESENTATION('',(#2951),#2954);
#2951 = B_SPLINE_CURVE_WITH_KNOTS('',1,(#2952,#2953),.UNSPECIFIED.,.F.,
  .F.,(2,2),(-5.999999967107E-07,69.99846058306),
  .PIECEWISE_BEZIER_KNOTS.);
#2952 = CARTESIAN_POINT('',(3.481429563044,-5.999999984871E-07));
#2953 = CARTESIAN_POINT('',(3.481429563044,69.99846058306));
#2954 = ( GEOMETRIC_REPRESENTATION_CONTEXT(2) 
PARAMETRIC_REPRESENTATION_CONTEXT() REPRESENTATION_CONTEXT('2D SPACE',''
  ) );
#2955 = ORIENTED_EDGE('',*,*,#2956,.T.);
#2956 = EDGE_CURVE('',#2936,#2957,#2959,.T.);
#2957 = VERTEX_POINT('',#2958);
#2958 = CARTESIAN_POINT('',(-34.0711440854,26.515782860621,5.));
#2959 = SURFACE_CURVE('',#2960,(#2964,#2970),.PCURVE_S1.);
#2960 = LINE('',#2961,#2962);
#2961 = CARTESIAN_POINT('',(-20.,34.64,5.));
#2962 = VECTOR('',#2963,1.);
#2963 = DIRECTION('',(-0.866019052629,-0.500011000363,0.));
#2964 = PCURVE('',#94,#2965);
#2965 = DEFINITIONAL_REPRESENTATION('',(#2966),#2969);
#2966 = B_SPLINE_CURVE_WITH_KNOTS('',1,(#2967,#2968),.UNSPECIFIED.,.F.,
  .F.,(2,2),(-17.,17.),.PIECEWISE_BEZIER_KNOTS.);
#2967 = CARTESIAN_POINT('',(-5.277676105311,43.140187006171));
#2968 = CARTESIAN_POINT('',(-34.72232389468,26.139812993829));
#2969 = ( GEOMETRIC_REPRESENTATION_CONTEXT(2) 
PARAMETRIC_REPRESENTATION_CONTEXT() REPRESENTATION_CONTEXT('2D SPACE',''
  ) );
#2970 = PCURVE('',#2882,#2971);
#2971 = DEFINITIONAL_REPRESENTATION('',(#2972),#2975);
#2972 = B_SPLINE_CURVE_WITH_KNOTS('',1,(#2973,#2974),.UNSPECIFIED.,.F.,
  .F.,(2,2),(-17.,17.),.PIECEWISE_BEZIER_KNOTS.);
#2973 = CARTESIAN_POINT('',(17.,-5.));
#2974 = CARTESIAN_POINT('',(-17.,-5.));
#2975 = ( GEOMETRIC_REPRESENTATION_CONTEXT(2) 
PARAMETRIC_REPRESENTATION_CONTEXT() REPRESENTATION_CONTEXT('2D SPACE',''
  ) );
#2976 = ORIENTED_EDGE('',*,*,#2977,.T.);
#2977 = EDGE_CURVE('',#2957,#2978,#2980,.T.);
#2978 = VERTEX_POINT('',#2979);
#2979 = CARTESIAN_POINT('',(-61.37968957491,73.814183648451,5.));
#2980 = SURFACE_CURVE('',#2981,(#2985,#2991),.PCURVE_S1.);
#2981 = LINE('',#2982,#2983);
#2982 = CARTESIAN_POINT('',(-34.0711440854,26.515782860621,5.));
#2983 = VECTOR('',#2984,1.);
#2984 = DIRECTION('',(-0.500011000363,0.866019052629,0.));
#2985 = PCURVE('',#94,#2986);
#2986 = DEFINITIONAL_REPRESENTATION('',(#2987),#2990);
#2987 = B_SPLINE_CURVE_WITH_KNOTS('',1,(#2988,#2989),.UNSPECIFIED.,.F.,
  .F.,(2,2),(-5.999999967107E-07,59.99868058548),
  .PIECEWISE_BEZIER_KNOTS.);
#2988 = CARTESIAN_POINT('',(-34.07114378539,26.515782341009));
#2989 = CARTESIAN_POINT('',(-64.07114438541,78.475783380232));
#2990 = ( GEOMETRIC_REPRESENTATION_CONTEXT(2) 
PARAMETRIC_REPRESENTATION_CONTEXT() REPRESENTATION_CONTEXT('2D SPACE',''
  ) );
#2991 = PCURVE('',#1092,#2992);
#2992 = DEFINITIONAL_REPRESENTATION('',(#2993),#2996);
#2993 = B_SPLINE_CURVE_WITH_KNOTS('',1,(#2994,#2995),.UNSPECIFIED.,.F.,
  .F.,(2,2),(-5.999999967107E-07,59.99868058548),
  .PIECEWISE_BEZIER_KNOTS.);
#2994 = CARTESIAN_POINT('',(3.440124854775,-5.999999993753E-07));
#2995 = CARTESIAN_POINT('',(3.440124854775,59.99868058548));
#2996 = ( GEOMETRIC_REPRESENTATION_CONTEXT(2) 
PARAMETRIC_REPRESENTATION_CONTEXT() REPRESENTATION_CONTEXT('2D SPACE',''
  ) );
#2997 = ORIENTED_EDGE('',*,*,#2998,.T.);
#2998 = EDGE_CURVE('',#2978,#2999,#3001,.T.);
#2999 = VERTEX_POINT('',#3000);
#3000 = CARTESIAN_POINT('',(-94.61500938011,16.248076809272,5.));
#3001 = SURFACE_CURVE('',#3002,(#3007,#3014),.PCURVE_S1.);
#3002 = CIRCLE('',#3003,96.);
#3003 = AXIS2_PLACEMENT_3D('',#3004,#3005,#3006);
#3004 = CARTESIAN_POINT('',(0.,0.,5.));
#3005 = DIRECTION('',(0.,0.,1.));
#3006 = DIRECTION('',(1.,0.,-0.));
#3007 = PCURVE('',#94,#3008);
#3008 = DEFINITIONAL_REPRESENTATION('',(#3009),#3013);
#3009 = CIRCLE('',#3010,96.);
#3010 = AXIS2_PLACEMENT_2D('',#3011,#3012);
#3011 = CARTESIAN_POINT('',(0.,0.));
#3012 = DIRECTION('',(1.,0.));
#3013 = ( GEOMETRIC_REPRESENTATION_CONTEXT(2) 
PARAMETRIC_REPRESENTATION_CONTEXT() REPRESENTATION_CONTEXT('2D SPACE',''
  ) );
#3014 = PCURVE('',#1261,#3015);
#3015 = DEFINITIONAL_REPRESENTATION('',(#3016),#3020);
#3016 = LINE('',#3017,#3018);
#3017 = CARTESIAN_POINT('',(0.,10.));
#3018 = VECTOR('',#3019,1.);
#3019 = DIRECTION('',(1.,0.));
#3020 = ( GEOMETRIC_REPRESENTATION_CONTEXT(2) 
PARAMETRIC_REPRESENTATION_CONTEXT() REPRESENTATION_CONTEXT('2D SPACE',''
  ) );
#3021 = ORIENTED_EDGE('',*,*,#3022,.F.);
#3022 = EDGE_CURVE('',#3023,#2999,#3025,.T.);
#3023 = VERTEX_POINT('',#3024);
#3024 = CARTESIAN_POINT('',(-40.,16.248076809272,5.));
#3025 = SURFACE_CURVE('',#3026,(#3030,#3036),.PCURVE_S1.);
#3026 = LINE('',#3027,#3028);
#3027 = CARTESIAN_POINT('',(-40.,16.248076809272,5.));
#3028 = VECTOR('',#3029,1.);
#3029 = DIRECTION('',(-1.,0.,0.));
#3030 = PCURVE('',#94,#3031);
#3031 = DEFINITIONAL_REPRESENTATION('',(#3032),#3035);
#3032 = B_SPLINE_CURVE_WITH_KNOTS('',1,(#3033,#3034),.UNSPECIFIED.,.F.,
  .F.,(2,2),(-5.999999999062E-07,60.0000006),.PIECEWISE_BEZIER_KNOTS.);
#3033 = CARTESIAN_POINT('',(-39.9999994,16.248076809272));
#3034 = CARTESIAN_POINT('',(-100.0000006,16.248076809272));
#3035 = ( GEOMETRIC_REPRESENTATION_CONTEXT(2) 
PARAMETRIC_REPRESENTATION_CONTEXT() REPRESENTATION_CONTEXT('2D SPACE',''
  ) );
#3036 = PCURVE('',#1288,#3037);
#3037 = DEFINITIONAL_REPRESENTATION('',(#3038),#3041);
#3038 = B_SPLINE_CURVE_WITH_KNOTS('',1,(#3039,#3040),.UNSPECIFIED.,.F.,
  .F.,(2,2),(-5.999999999062E-07,60.0000006),.PIECEWISE_BEZIER_KNOTS.);
#3039 = CARTESIAN_POINT('',(4.4138567792,-5.999999999062E-07));
#3040 = CARTESIAN_POINT('',(4.4138567792,60.0000006));
#3041 = ( GEOMETRIC_REPRESENTATION_CONTEXT(2) 
PARAMETRIC_REPRESENTATION_CONTEXT() REPRESENTATION_CONTEXT('2D SPACE',''
  ) );
#3042 = ORIENTED_EDGE('',*,*,#3043,.T.);
#3043 = EDGE_CURVE('',#3023,#3044,#3046,.T.);
#3044 = VERTEX_POINT('',#3045);
#3045 = CARTESIAN_POINT('',(-40.,14.142135623731,5.));
#3046 = SURFACE_CURVE('',#3047,(#3051,#3057),.PCURVE_S1.);
#3047 = LINE('',#3048,#3049);
#3048 = CARTESIAN_POINT('',(-40.,0.,5.));
#3049 = VECTOR('',#3050,1.);
#3050 = DIRECTION('',(0.,-1.,0.));
#3051 = PCURVE('',#94,#3052);
#3052 = DEFINITIONAL_REPRESENTATION('',(#3053),#3056);
#3053 = B_SPLINE_CURVE_WITH_KNOTS('',1,(#3054,#3055),.UNSPECIFIED.,.F.,
  .F.,(2,2),(-17.,17.),.PIECEWISE_BEZIER_KNOTS.);
#3054 = CARTESIAN_POINT('',(-40.,17.));
#3055 = CARTESIAN_POINT('',(-40.,-17.));
#3056 = ( GEOMETRIC_REPRESENTATION_CONTEXT(2) 
PARAMETRIC_REPRESENTATION_CONTEXT() REPRESENTATION_CONTEXT('2D SPACE',''
  ) );
#3057 = PCURVE('',#3058,#3063);
#3058 = PLANE('',#3059);
#3059 = AXIS2_PLACEMENT_3D('',#3060,#3061,#3062);
#3060 = CARTESIAN_POINT('',(-40.,0.,0.));
#3061 = DIRECTION('',(-1.,0.,0.));
#3062 = DIRECTION('',(0.,0.,-1.));
#3063 = DEFINITIONAL_REPRESENTATION('',(#3064),#3067);
#3064 = B_SPLINE_CURVE_WITH_KNOTS('',1,(#3065,#3066),.UNSPECIFIED.,.F.,
  .F.,(2,2),(-17.,17.),.PIECEWISE_BEZIER_KNOTS.);
#3065 = CARTESIAN_POINT('',(-5.,-17.));
#3066 = CARTESIAN_POINT('',(-5.,17.));
#3067 = ( GEOMETRIC_REPRESENTATION_CONTEXT(2) 
PARAMETRIC_REPRESENTATION_CONTEXT() REPRESENTATION_CONTEXT('2D SPACE',''
  ) );
#3068 = ORIENTED_EDGE('',*,*,#3069,.F.);
#3069 = EDGE_CURVE('',#3070,#3044,#3072,.T.);
#3070 = VERTEX_POINT('',#3071);
#3071 = CARTESIAN_POINT('',(-35.,14.142135623731,5.));
#3072 = SURFACE_CURVE('',#3073,(#3077,#3083),.PCURVE_S1.);
#3073 = LINE('',#3074,#3075);
#3074 = CARTESIAN_POINT('',(-35.,14.142135623731,5.));
#3075 = VECTOR('',#3076,1.);
#3076 = DIRECTION('',(-1.,0.,0.));
#3077 = PCURVE('',#94,#3078);
#3078 = DEFINITIONAL_REPRESENTATION('',(#3079),#3082);
#3079 = B_SPLINE_CURVE_WITH_KNOTS('',1,(#3080,#3081),.UNSPECIFIED.,.F.,
  .F.,(2,2),(-5.999999999062E-07,70.0000006),.PIECEWISE_BEZIER_KNOTS.);
#3080 = CARTESIAN_POINT('',(-34.9999994,14.142135623731));
#3081 = CARTESIAN_POINT('',(-105.0000006,14.142135623731));
#3082 = ( GEOMETRIC_REPRESENTATION_CONTEXT(2) 
PARAMETRIC_REPRESENTATION_CONTEXT() REPRESENTATION_CONTEXT('2D SPACE',''
  ) );
#3083 = PCURVE('',#1340,#3084);
#3084 = DEFINITIONAL_REPRESENTATION('',(#3085),#3088);
#3085 = B_SPLINE_CURVE_WITH_KNOTS('',1,(#3086,#3087),.UNSPECIFIED.,.F.,
  .F.,(2,2),(-5.999999999062E-07,70.0000006),.PIECEWISE_BEZIER_KNOTS.);
#3086 = CARTESIAN_POINT('',(4.372552070931,-5.999999999062E-07));
#3087 = CARTESIAN_POINT('',(4.372552070931,70.0000006));
#3088 = ( GEOMETRIC_REPRESENTATION_CONTEXT(2) 
PARAMETRIC_REPRESENTATION_CONTEXT() REPRESENTATION_CONTEXT('2D SPACE',''
  ) );
#3089 = ORIENTED_EDGE('',*,*,#3090,.T.);
#3090 = EDGE_CURVE('',#3070,#3091,#3093,.T.);
#3091 = VERTEX_POINT('',#3092);
#3092 = CARTESIAN_POINT('',(-35.,-14.14213562373,5.));
#3093 = SURFACE_CURVE('',#3094,(#3098,#3104),.PCURVE_S1.);
#3094 = LINE('',#3095,#3096);
#3095 = CARTESIAN_POINT('',(-35.,0.,5.));
#3096 = VECTOR('',#3097,1.);
#3097 = DIRECTION('',(0.,-1.,0.));
#3098 = PCURVE('',#94,#3099);
#3099 = DEFINITIONAL_REPRESENTATION('',(#3100),#3103);
#3100 = B_SPLINE_CURVE_WITH_KNOTS('',1,(#3101,#3102),.UNSPECIFIED.,.F.,
  .F.,(2,2),(-15.,15.),.PIECEWISE_BEZIER_KNOTS.);
#3101 = CARTESIAN_POINT('',(-35.,15.));
#3102 = CARTESIAN_POINT('',(-35.,-15.));
#3103 = ( GEOMETRIC_REPRESENTATION_CONTEXT(2) 
PARAMETRIC_REPRESENTATION_CONTEXT() REPRESENTATION_CONTEXT('2D SPACE',''
  ) );
#3104 = PCURVE('',#1366,#3105);
#3105 = DEFINITIONAL_REPRESENTATION('',(#3106),#3109);
#3106 = B_SPLINE_CURVE_WITH_KNOTS('',1,(#3107,#3108),.UNSPECIFIED.,.F.,
  .F.,(2,2),(-15.,15.),.PIECEWISE_BEZIER_KNOTS.);
#3107 = CARTESIAN_POINT('',(-5.,-15.));
#3108 = CARTESIAN_POINT('',(-5.,15.));
#3109 = ( GEOMETRIC_REPRESENTATION_CONTEXT(2) 
PARAMETRIC_REPRESENTATION_CONTEXT() REPRESENTATION_CONTEXT('2D SPACE',''
  ) );
#3110 = ORIENTED_EDGE('',*,*,#3111,.T.);
#3111 = EDGE_CURVE('',#3091,#3112,#3114,.T.);
#3112 = VERTEX_POINT('',#3113);
#3113 = CARTESIAN_POINT('',(-40.,-14.14213562373,5.));
#3114 = SURFACE_CURVE('',#3115,(#3119,#3125),.PCURVE_S1.);
#3115 = LINE('',#3116,#3117);
#3116 = CARTESIAN_POINT('',(-35.,-14.14213562373,5.));
#3117 = VECTOR('',#3118,1.);
#3118 = DIRECTION('',(-1.,0.,0.));
#3119 = PCURVE('',#94,#3120);
#3120 = DEFINITIONAL_REPRESENTATION('',(#3121),#3124);
#3121 = B_SPLINE_CURVE_WITH_KNOTS('',1,(#3122,#3123),.UNSPECIFIED.,.F.,
  .F.,(2,2),(-5.999999999062E-07,70.0000006),.PIECEWISE_BEZIER_KNOTS.);
#3122 = CARTESIAN_POINT('',(-34.9999994,-14.14213562373));
#3123 = CARTESIAN_POINT('',(-105.0000006,-14.14213562373));
#3124 = ( GEOMETRIC_REPRESENTATION_CONTEXT(2) 
PARAMETRIC_REPRESENTATION_CONTEXT() REPRESENTATION_CONTEXT('2D SPACE',''
  ) );
#3125 = PCURVE('',#1340,#3126);
#3126 = DEFINITIONAL_REPRESENTATION('',(#3127),#3130);
#3127 = B_SPLINE_CURVE_WITH_KNOTS('',1,(#3128,#3129),.UNSPECIFIED.,.F.,
  .F.,(2,2),(-5.999999999062E-07,70.0000006),.PIECEWISE_BEZIER_KNOTS.);
#3128 = CARTESIAN_POINT('',(1.910633236249,-5.999999999062E-07));
#3129 = CARTESIAN_POINT('',(1.910633236249,70.0000006));
#3130 = ( GEOMETRIC_REPRESENTATION_CONTEXT(2) 
PARAMETRIC_REPRESENTATION_CONTEXT() REPRESENTATION_CONTEXT('2D SPACE',''
  ) );
#3131 = ORIENTED_EDGE('',*,*,#3132,.T.);
#3132 = EDGE_CURVE('',#3112,#3133,#3135,.T.);
#3133 = VERTEX_POINT('',#3134);
#3134 = CARTESIAN_POINT('',(-40.,-16.24807680927,5.));
#3135 = SURFACE_CURVE('',#3136,(#3140,#3146),.PCURVE_S1.);
#3136 = LINE('',#3137,#3138);
#3137 = CARTESIAN_POINT('',(-40.,0.,5.));
#3138 = VECTOR('',#3139,1.);
#3139 = DIRECTION('',(0.,-1.,0.));
#3140 = PCURVE('',#94,#3141);
#3141 = DEFINITIONAL_REPRESENTATION('',(#3142),#3145);
#3142 = B_SPLINE_CURVE_WITH_KNOTS('',1,(#3143,#3144),.UNSPECIFIED.,.F.,
  .F.,(2,2),(-17.,17.),.PIECEWISE_BEZIER_KNOTS.);
#3143 = CARTESIAN_POINT('',(-40.,17.));
#3144 = CARTESIAN_POINT('',(-40.,-17.));
#3145 = ( GEOMETRIC_REPRESENTATION_CONTEXT(2) 
PARAMETRIC_REPRESENTATION_CONTEXT() REPRESENTATION_CONTEXT('2D SPACE',''
  ) );
#3146 = PCURVE('',#3058,#3147);
#3147 = DEFINITIONAL_REPRESENTATION('',(#3148),#3151);
#3148 = B_SPLINE_CURVE_WITH_KNOTS('',1,(#3149,#3150),.UNSPECIFIED.,.F.,
  .F.,(2,2),(-17.,17.),.PIECEWISE_BEZIER_KNOTS.);
#3149 = CARTESIAN_POINT('',(-5.,-17.));
#3150 = CARTESIAN_POINT('',(-5.,17.));
#3151 = ( GEOMETRIC_REPRESENTATION_CONTEXT(2) 
PARAMETRIC_REPRESENTATION_CONTEXT() REPRESENTATION_CONTEXT('2D SPACE',''
  ) );
#3152 = ORIENTED_EDGE('',*,*,#3153,.T.);
#3153 = EDGE_CURVE('',#3133,#3154,#3156,.T.);
#3154 = VERTEX_POINT('',#3155);
#3155 = CARTESIAN_POINT('',(-94.61500938011,-16.24807680927,5.));
#3156 = SURFACE_CURVE('',#3157,(#3161,#3167),.PCURVE_S1.);
#3157 = LINE('',#3158,#3159);
#3158 = CARTESIAN_POINT('',(-40.,-16.24807680927,5.));
#3159 = VECTOR('',#3160,1.);
#3160 = DIRECTION('',(-1.,0.,0.));
#3161 = PCURVE('',#94,#3162);
#3162 = DEFINITIONAL_REPRESENTATION('',(#3163),#3166);
#3163 = B_SPLINE_CURVE_WITH_KNOTS('',1,(#3164,#3165),.UNSPECIFIED.,.F.,
  .F.,(2,2),(-5.999999999062E-07,60.0000006),.PIECEWISE_BEZIER_KNOTS.);
#3164 = CARTESIAN_POINT('',(-39.9999994,-16.24807680927));
#3165 = CARTESIAN_POINT('',(-100.0000006,-16.24807680927));
#3166 = ( GEOMETRIC_REPRESENTATION_CONTEXT(2) 
PARAMETRIC_REPRESENTATION_CONTEXT() REPRESENTATION_CONTEXT('2D SPACE',''
  ) );
#3167 = PCURVE('',#1288,#3168);
#3168 = DEFINITIONAL_REPRESENTATION('',(#3169),#3172);
#3169 = B_SPLINE_CURVE_WITH_KNOTS('',1,(#3170,#3171),.UNSPECIFIED.,.F.,
  .F.,(2,2),(-5.999999999062E-07,60.0000006),.PIECEWISE_BEZIER_KNOTS.);
#3170 = CARTESIAN_POINT('',(1.86932852798,-5.999999999062E-07));
#3171 = CARTESIAN_POINT('',(1.86932852798,60.0000006));
#3172 = ( GEOMETRIC_REPRESENTATION_CONTEXT(2) 
PARAMETRIC_REPRESENTATION_CONTEXT() REPRESENTATION_CONTEXT('2D SPACE',''
  ) );
#3173 = ORIENTED_EDGE('',*,*,#3174,.T.);
#3174 = EDGE_CURVE('',#3154,#3175,#3177,.T.);
#3175 = VERTEX_POINT('',#3176);
#3176 = CARTESIAN_POINT('',(-61.37968957491,-73.81418364845,5.));
#3177 = SURFACE_CURVE('',#3178,(#3183,#3190),.PCURVE_S1.);
#3178 = CIRCLE('',#3179,96.);
#3179 = AXIS2_PLACEMENT_3D('',#3180,#3181,#3182);
#3180 = CARTESIAN_POINT('',(0.,0.,5.));
#3181 = DIRECTION('',(0.,0.,1.));
#3182 = DIRECTION('',(1.,0.,-0.));
#3183 = PCURVE('',#94,#3184);
#3184 = DEFINITIONAL_REPRESENTATION('',(#3185),#3189);
#3185 = CIRCLE('',#3186,96.);
#3186 = AXIS2_PLACEMENT_2D('',#3187,#3188);
#3187 = CARTESIAN_POINT('',(0.,0.));
#3188 = DIRECTION('',(1.,0.));
#3189 = ( GEOMETRIC_REPRESENTATION_CONTEXT(2) 
PARAMETRIC_REPRESENTATION_CONTEXT() REPRESENTATION_CONTEXT('2D SPACE',''
  ) );
#3190 = PCURVE('',#1457,#3191);
#3191 = DEFINITIONAL_REPRESENTATION('',(#3192),#3196);
#3192 = LINE('',#3193,#3194);
#3193 = CARTESIAN_POINT('',(0.,10.));
#3194 = VECTOR('',#3195,1.);
#3195 = DIRECTION('',(1.,0.));
#3196 = ( GEOMETRIC_REPRESENTATION_CONTEXT(2) 
PARAMETRIC_REPRESENTATION_CONTEXT() REPRESENTATION_CONTEXT('2D SPACE',''
  ) );
#3197 = ORIENTED_EDGE('',*,*,#3198,.F.);
#3198 = EDGE_CURVE('',#3199,#3175,#3201,.T.);
#3199 = VERTEX_POINT('',#3200);
#3200 = CARTESIAN_POINT('',(-34.0711440854,-26.51578286062,5.));
#3201 = SURFACE_CURVE('',#3202,(#3206,#3212),.PCURVE_S1.);
#3202 = LINE('',#3203,#3204);
#3203 = CARTESIAN_POINT('',(-34.0711440854,-26.51578286062,5.));
#3204 = VECTOR('',#3205,1.);
#3205 = DIRECTION('',(-0.500011000363,-0.866019052629,0.));
#3206 = PCURVE('',#94,#3207);
#3207 = DEFINITIONAL_REPRESENTATION('',(#3208),#3211);
#3208 = B_SPLINE_CURVE_WITH_KNOTS('',1,(#3209,#3210),.UNSPECIFIED.,.F.,
  .F.,(2,2),(-5.999999971868E-07,59.99868058548),
  .PIECEWISE_BEZIER_KNOTS.);
#3209 = CARTESIAN_POINT('',(-34.07114378539,-26.515782341));
#3210 = CARTESIAN_POINT('',(-64.07114438541,-78.47578338023));
#3211 = ( GEOMETRIC_REPRESENTATION_CONTEXT(2) 
PARAMETRIC_REPRESENTATION_CONTEXT() REPRESENTATION_CONTEXT('2D SPACE',''
  ) );
#3212 = PCURVE('',#1484,#3213);
#3213 = DEFINITIONAL_REPRESENTATION('',(#3214),#3217);
#3214 = B_SPLINE_CURVE_WITH_KNOTS('',1,(#3215,#3216),.UNSPECIFIED.,.F.,
  .F.,(2,2),(-5.999999971868E-07,59.99868058548),
  .PIECEWISE_BEZIER_KNOTS.);
#3215 = CARTESIAN_POINT('',(5.984653105995,-5.999999998513E-07));
#3216 = CARTESIAN_POINT('',(5.984653105995,59.99868058548));
#3217 = ( GEOMETRIC_REPRESENTATION_CONTEXT(2) 
PARAMETRIC_REPRESENTATION_CONTEXT() REPRESENTATION_CONTEXT('2D SPACE',''
  ) );
#3218 = ORIENTED_EDGE('',*,*,#3219,.T.);
#3219 = EDGE_CURVE('',#3199,#3220,#3222,.T.);
#3220 = VERTEX_POINT('',#3221);
#3221 = CARTESIAN_POINT('',(-32.24735889501,-27.5687766195,5.));
#3222 = SURFACE_CURVE('',#3223,(#3227,#3233),.PCURVE_S1.);
#3223 = LINE('',#3224,#3225);
#3224 = CARTESIAN_POINT('',(-20.,-34.64,5.));
#3225 = VECTOR('',#3226,1.);
#3226 = DIRECTION('',(0.866019052629,-0.500011000363,0.));
#3227 = PCURVE('',#94,#3228);
#3228 = DEFINITIONAL_REPRESENTATION('',(#3229),#3232);
#3229 = B_SPLINE_CURVE_WITH_KNOTS('',1,(#3230,#3231),.UNSPECIFIED.,.F.,
  .F.,(2,2),(-17.,17.),.PIECEWISE_BEZIER_KNOTS.);
#3230 = CARTESIAN_POINT('',(-34.72232389468,-26.13981299382));
#3231 = CARTESIAN_POINT('',(-5.277676105311,-43.14018700617));
#3232 = ( GEOMETRIC_REPRESENTATION_CONTEXT(2) 
PARAMETRIC_REPRESENTATION_CONTEXT() REPRESENTATION_CONTEXT('2D SPACE',''
  ) );
#3233 = PCURVE('',#3234,#3239);
#3234 = PLANE('',#3235);
#3235 = AXIS2_PLACEMENT_3D('',#3236,#3237,#3238);
#3236 = CARTESIAN_POINT('',(-20.,-34.64,0.));
#3237 = DIRECTION('',(-0.500011000363,-0.866019052629,0.));
#3238 = DIRECTION('',(-0.866019052629,0.500011000363,0.));
#3239 = DEFINITIONAL_REPRESENTATION('',(#3240),#3243);
#3240 = B_SPLINE_CURVE_WITH_KNOTS('',1,(#3241,#3242),.UNSPECIFIED.,.F.,
  .F.,(2,2),(-17.,17.),.PIECEWISE_BEZIER_KNOTS.);
#3241 = CARTESIAN_POINT('',(17.,-5.));
#3242 = CARTESIAN_POINT('',(-17.,-5.));
#3243 = ( GEOMETRIC_REPRESENTATION_CONTEXT(2) 
PARAMETRIC_REPRESENTATION_CONTEXT() REPRESENTATION_CONTEXT('2D SPACE',''
  ) );
#3244 = ORIENTED_EDGE('',*,*,#3245,.F.);
#3245 = EDGE_CURVE('',#3246,#3220,#3248,.T.);
#3246 = VERTEX_POINT('',#3247);
#3247 = CARTESIAN_POINT('',(-29.74735889501,-23.2387766195,5.));
#3248 = SURFACE_CURVE('',#3249,(#3253,#3259),.PCURVE_S1.);
#3249 = LINE('',#3250,#3251);
#3250 = CARTESIAN_POINT('',(-29.74735889501,-23.2387766195,5.));
#3251 = VECTOR('',#3252,1.);
#3252 = DIRECTION('',(-0.500011000363,-0.866019052629,0.));
#3253 = PCURVE('',#94,#3254);
#3254 = DEFINITIONAL_REPRESENTATION('',(#3255),#3258);
#3255 = B_SPLINE_CURVE_WITH_KNOTS('',1,(#3256,#3257),.UNSPECIFIED.,.F.,
  .F.,(2,2),(-5.999999984871E-07,69.99846058306),
  .PIECEWISE_BEZIER_KNOTS.);
#3256 = CARTESIAN_POINT('',(-29.747358595,-23.23877609989));
#3257 = CARTESIAN_POINT('',(-64.74735919501,-83.85877713912));
#3258 = ( GEOMETRIC_REPRESENTATION_CONTEXT(2) 
PARAMETRIC_REPRESENTATION_CONTEXT() REPRESENTATION_CONTEXT('2D SPACE',''
  ) );
#3259 = PCURVE('',#1536,#3260);
#3260 = DEFINITIONAL_REPRESENTATION('',(#3261),#3264);
#3261 = B_SPLINE_CURVE_WITH_KNOTS('',1,(#3262,#3263),.UNSPECIFIED.,.F.,
  .F.,(2,2),(-5.999999984871E-07,69.99846058306),
  .PIECEWISE_BEZIER_KNOTS.);
#3262 = CARTESIAN_POINT('',(5.943348397725,-6.000000002635E-07));
#3263 = CARTESIAN_POINT('',(5.943348397725,69.99846058306));
#3264 = ( GEOMETRIC_REPRESENTATION_CONTEXT(2) 
PARAMETRIC_REPRESENTATION_CONTEXT() REPRESENTATION_CONTEXT('2D SPACE',''
  ) );
#3265 = ORIENTED_EDGE('',*,*,#3266,.T.);
#3266 = EDGE_CURVE('',#3246,#3267,#3269,.T.);
#3267 = VERTEX_POINT('',#3268);
#3268 = CARTESIAN_POINT('',(-5.252641104989,-37.38122338049,5.));
#3269 = SURFACE_CURVE('',#3270,(#3274,#3280),.PCURVE_S1.);
#3270 = LINE('',#3271,#3272);
#3271 = CARTESIAN_POINT('',(-17.5,-30.31,5.));
#3272 = VECTOR('',#3273,1.);
#3273 = DIRECTION('',(0.866019052629,-0.500011000363,0.));
#3274 = PCURVE('',#94,#3275);
#3275 = DEFINITIONAL_REPRESENTATION('',(#3276),#3279);
#3276 = B_SPLINE_CURVE_WITH_KNOTS('',1,(#3277,#3278),.UNSPECIFIED.,.F.,
  .F.,(2,2),(-15.,15.),.PIECEWISE_BEZIER_KNOTS.);
#3277 = CARTESIAN_POINT('',(-30.49028578943,-22.80983499455));
#3278 = CARTESIAN_POINT('',(-4.509714210569,-37.81016500544));
#3279 = ( GEOMETRIC_REPRESENTATION_CONTEXT(2) 
PARAMETRIC_REPRESENTATION_CONTEXT() REPRESENTATION_CONTEXT('2D SPACE',''
  ) );
#3280 = PCURVE('',#1562,#3281);
#3281 = DEFINITIONAL_REPRESENTATION('',(#3282),#3285);
#3282 = B_SPLINE_CURVE_WITH_KNOTS('',1,(#3283,#3284),.UNSPECIFIED.,.F.,
  .F.,(2,2),(-15.,15.),.PIECEWISE_BEZIER_KNOTS.);
#3283 = CARTESIAN_POINT('',(15.,-5.));
#3284 = CARTESIAN_POINT('',(-15.,-5.));
#3285 = ( GEOMETRIC_REPRESENTATION_CONTEXT(2) 
PARAMETRIC_REPRESENTATION_CONTEXT() REPRESENTATION_CONTEXT('2D SPACE',''
  ) );
#3286 = ORIENTED_EDGE('',*,*,#3287,.T.);
#3287 = EDGE_CURVE('',#3267,#3288,#3290,.T.);
#3288 = VERTEX_POINT('',#3289);
#3289 = CARTESIAN_POINT('',(-7.752641104989,-41.71122338049,5.));
#3290 = SURFACE_CURVE('',#3291,(#3295,#3301),.PCURVE_S1.);
#3291 = LINE('',#3292,#3293);
#3292 = CARTESIAN_POINT('',(-5.252641104989,-37.38122338049,5.));
#3293 = VECTOR('',#3294,1.);
#3294 = DIRECTION('',(-0.500011000363,-0.866019052629,0.));
#3295 = PCURVE('',#94,#3296);
#3296 = DEFINITIONAL_REPRESENTATION('',(#3297),#3300);
#3297 = B_SPLINE_CURVE_WITH_KNOTS('',1,(#3298,#3299),.UNSPECIFIED.,.F.,
  .F.,(2,2),(-6.00000002452E-07,69.99846058306),
  .PIECEWISE_BEZIER_KNOTS.);
#3298 = CARTESIAN_POINT('',(-5.252640804983,-37.38122286088));
#3299 = CARTESIAN_POINT('',(-40.25264140499,-98.0012239001));
#3300 = ( GEOMETRIC_REPRESENTATION_CONTEXT(2) 
PARAMETRIC_REPRESENTATION_CONTEXT() REPRESENTATION_CONTEXT('2D SPACE',''
  ) );
#3301 = PCURVE('',#1536,#3302);
#3302 = DEFINITIONAL_REPRESENTATION('',(#3303),#3306);
#3303 = B_SPLINE_CURVE_WITH_KNOTS('',1,(#3304,#3305),.UNSPECIFIED.,.F.,
  .F.,(2,2),(-6.00000002452E-07,69.99846058306),
  .PIECEWISE_BEZIER_KNOTS.);
#3304 = CARTESIAN_POINT('',(3.481429563044,-6.000000006757E-07));
#3305 = CARTESIAN_POINT('',(3.481429563044,69.99846058306));
#3306 = ( GEOMETRIC_REPRESENTATION_CONTEXT(2) 
PARAMETRIC_REPRESENTATION_CONTEXT() REPRESENTATION_CONTEXT('2D SPACE',''
  ) );
#3307 = ORIENTED_EDGE('',*,*,#3308,.T.);
#3308 = EDGE_CURVE('',#3288,#3309,#3311,.T.);
#3309 = VERTEX_POINT('',#3310);
#3310 = CARTESIAN_POINT('',(-5.928855914595,-42.76421713937,5.));
#3311 = SURFACE_CURVE('',#3312,(#3316,#3322),.PCURVE_S1.);
#3312 = LINE('',#3313,#3314);
#3313 = CARTESIAN_POINT('',(-20.,-34.64,5.));
#3314 = VECTOR('',#3315,1.);
#3315 = DIRECTION('',(0.866019052629,-0.500011000363,0.));
#3316 = PCURVE('',#94,#3317);
#3317 = DEFINITIONAL_REPRESENTATION('',(#3318),#3321);
#3318 = B_SPLINE_CURVE_WITH_KNOTS('',1,(#3319,#3320),.UNSPECIFIED.,.F.,
  .F.,(2,2),(-17.,17.),.PIECEWISE_BEZIER_KNOTS.);
#3319 = CARTESIAN_POINT('',(-34.72232389468,-26.13981299382));
#3320 = CARTESIAN_POINT('',(-5.277676105311,-43.14018700617));
#3321 = ( GEOMETRIC_REPRESENTATION_CONTEXT(2) 
PARAMETRIC_REPRESENTATION_CONTEXT() REPRESENTATION_CONTEXT('2D SPACE',''
  ) );
#3322 = PCURVE('',#3234,#3323);
#3323 = DEFINITIONAL_REPRESENTATION('',(#3324),#3327);
#3324 = B_SPLINE_CURVE_WITH_KNOTS('',1,(#3325,#3326),.UNSPECIFIED.,.F.,
  .F.,(2,2),(-17.,17.),.PIECEWISE_BEZIER_KNOTS.);
#3325 = CARTESIAN_POINT('',(17.,-5.));
#3326 = CARTESIAN_POINT('',(-17.,-5.));
#3327 = ( GEOMETRIC_REPRESENTATION_CONTEXT(2) 
PARAMETRIC_REPRESENTATION_CONTEXT() REPRESENTATION_CONTEXT('2D SPACE',''
  ) );
#3328 = ORIENTED_EDGE('',*,*,#3329,.T.);
#3329 = EDGE_CURVE('',#3309,#3330,#3332,.T.);
#3330 = VERTEX_POINT('',#3331);
#3331 = CARTESIAN_POINT('',(-33.2374014041,-90.0626179272,5.));
#3332 = SURFACE_CURVE('',#3333,(#3337,#3343),.PCURVE_S1.);
#3333 = LINE('',#3334,#3335);
#3334 = CARTESIAN_POINT('',(-5.928855914595,-42.76421713937,5.));
#3335 = VECTOR('',#3336,1.);
#3336 = DIRECTION('',(-0.500011000363,-0.866019052629,0.));
#3337 = PCURVE('',#94,#3338);
#3338 = DEFINITIONAL_REPRESENTATION('',(#3339),#3342);
#3339 = B_SPLINE_CURVE_WITH_KNOTS('',1,(#3340,#3341),.UNSPECIFIED.,.F.,
  .F.,(2,2),(-6.000000015638E-07,59.99868058548),
  .PIECEWISE_BEZIER_KNOTS.);
#3340 = CARTESIAN_POINT('',(-5.928855614589,-42.76421661976));
#3341 = CARTESIAN_POINT('',(-35.9288562146,-94.72421765899));
#3342 = ( GEOMETRIC_REPRESENTATION_CONTEXT(2) 
PARAMETRIC_REPRESENTATION_CONTEXT() REPRESENTATION_CONTEXT('2D SPACE',''
  ) );
#3343 = PCURVE('',#1484,#3344);
#3344 = DEFINITIONAL_REPRESENTATION('',(#3345),#3348);
#3345 = B_SPLINE_CURVE_WITH_KNOTS('',1,(#3346,#3347),.UNSPECIFIED.,.F.,
  .F.,(2,2),(-6.000000015638E-07,59.99868058548),
  .PIECEWISE_BEZIER_KNOTS.);
#3346 = CARTESIAN_POINT('',(3.440124854775,-5.999999997875E-07));
#3347 = CARTESIAN_POINT('',(3.440124854775,59.99868058548));
#3348 = ( GEOMETRIC_REPRESENTATION_CONTEXT(2) 
PARAMETRIC_REPRESENTATION_CONTEXT() REPRESENTATION_CONTEXT('2D SPACE',''
  ) );
#3349 = ORIENTED_EDGE('',*,*,#3350,.T.);
#3350 = EDGE_CURVE('',#3330,#2047,#3351,.T.);
#3351 = SURFACE_CURVE('',#3352,(#3357,#3364),.PCURVE_S1.);
#3352 = CIRCLE('',#3353,96.);
#3353 = AXIS2_PLACEMENT_3D('',#3354,#3355,#3356);
#3354 = CARTESIAN_POINT('',(0.,0.,5.));
#3355 = DIRECTION('',(0.,0.,1.));
#3356 = DIRECTION('',(1.,0.,-0.));
#3357 = PCURVE('',#94,#3358);
#3358 = DEFINITIONAL_REPRESENTATION('',(#3359),#3363);
#3359 = CIRCLE('',#3360,96.);
#3360 = AXIS2_PLACEMENT_2D('',#3361,#3362);
#3361 = CARTESIAN_POINT('',(0.,0.));
#3362 = DIRECTION('',(1.,0.));
#3363 = ( GEOMETRIC_REPRESENTATION_CONTEXT(2) 
PARAMETRIC_REPRESENTATION_CONTEXT() REPRESENTATION_CONTEXT('2D SPACE',''
  ) );
#3364 = PCURVE('',#1653,#3365);
#3365 = DEFINITIONAL_REPRESENTATION('',(#3366),#3370);
#3366 = LINE('',#3367,#3368);
#3367 = CARTESIAN_POINT('',(0.,10.));
#3368 = VECTOR('',#3369,1.);
#3369 = DIRECTION('',(1.,0.));
#3370 = ( GEOMETRIC_REPRESENTATION_CONTEXT(2) 
PARAMETRIC_REPRESENTATION_CONTEXT() REPRESENTATION_CONTEXT('2D SPACE',''
  ) );
#3371 = ORIENTED_EDGE('',*,*,#2236,.F.);
#3372 = ORIENTED_EDGE('',*,*,#3373,.T.);
#3373 = EDGE_CURVE('',#2208,#3374,#3376,.T.);
#3374 = VERTEX_POINT('',#3375);
#3375 = CARTESIAN_POINT('',(7.752641104989,-41.71122338049,5.));
#3376 = SURFACE_CURVE('',#3377,(#3381,#3387),.PCURVE_S1.);
#3377 = LINE('',#3378,#3379);
#3378 = CARTESIAN_POINT('',(20.,-34.64,5.));
#3379 = VECTOR('',#3380,1.);
#3380 = DIRECTION('',(0.866019052629,0.500011000363,-0.));
#3381 = PCURVE('',#94,#3382);
#3382 = DEFINITIONAL_REPRESENTATION('',(#3383),#3386);
#3383 = B_SPLINE_CURVE_WITH_KNOTS('',1,(#3384,#3385),.UNSPECIFIED.,.F.,
  .F.,(2,2),(-17.,17.),.PIECEWISE_BEZIER_KNOTS.);
#3384 = CARTESIAN_POINT('',(5.277676105311,-43.14018700617));
#3385 = CARTESIAN_POINT('',(34.722323894689,-26.13981299382));
#3386 = ( GEOMETRIC_REPRESENTATION_CONTEXT(2) 
PARAMETRIC_REPRESENTATION_CONTEXT() REPRESENTATION_CONTEXT('2D SPACE',''
  ) );
#3387 = PCURVE('',#2224,#3388);
#3388 = DEFINITIONAL_REPRESENTATION('',(#3389),#3392);
#3389 = B_SPLINE_CURVE_WITH_KNOTS('',1,(#3390,#3391),.UNSPECIFIED.,.F.,
  .F.,(2,2),(-17.,17.),.PIECEWISE_BEZIER_KNOTS.);
#3390 = CARTESIAN_POINT('',(17.,-5.));
#3391 = CARTESIAN_POINT('',(-17.,-5.));
#3392 = ( GEOMETRIC_REPRESENTATION_CONTEXT(2) 
PARAMETRIC_REPRESENTATION_CONTEXT() REPRESENTATION_CONTEXT('2D SPACE',''
  ) );
#3393 = ORIENTED_EDGE('',*,*,#3394,.F.);
#3394 = EDGE_CURVE('',#3395,#3374,#3397,.T.);
#3395 = VERTEX_POINT('',#3396);
#3396 = CARTESIAN_POINT('',(5.252641104989,-37.38122338049,5.));
#3397 = SURFACE_CURVE('',#3398,(#3402,#3408),.PCURVE_S1.);
#3398 = LINE('',#3399,#3400);
#3399 = CARTESIAN_POINT('',(5.252641104989,-37.38122338049,5.));
#3400 = VECTOR('',#3401,1.);
#3401 = DIRECTION('',(0.500011000363,-0.866019052629,0.));
#3402 = PCURVE('',#94,#3403);
#3403 = DEFINITIONAL_REPRESENTATION('',(#3404),#3407);
#3404 = B_SPLINE_CURVE_WITH_KNOTS('',1,(#3405,#3406),.UNSPECIFIED.,.F.,
  .F.,(2,2),(-6.000000015638E-07,69.99846058306),
  .PIECEWISE_BEZIER_KNOTS.);
#3405 = CARTESIAN_POINT('',(5.252640804983,-37.38122286088));
#3406 = CARTESIAN_POINT('',(40.252641404996,-98.0012239001));
#3407 = ( GEOMETRIC_REPRESENTATION_CONTEXT(2) 
PARAMETRIC_REPRESENTATION_CONTEXT() REPRESENTATION_CONTEXT('2D SPACE',''
  ) );
#3408 = PCURVE('',#1727,#3409);
#3409 = DEFINITIONAL_REPRESENTATION('',(#3410),#3413);
#3410 = B_SPLINE_CURVE_WITH_KNOTS('',1,(#3411,#3412),.UNSPECIFIED.,.F.,
  .F.,(2,2),(-6.000000015638E-07,69.99846058306),
  .PIECEWISE_BEZIER_KNOTS.);
#3411 = CARTESIAN_POINT('',(5.943348397725,-5.999999997875E-07));
#3412 = CARTESIAN_POINT('',(5.943348397725,69.99846058306));
#3413 = ( GEOMETRIC_REPRESENTATION_CONTEXT(2) 
PARAMETRIC_REPRESENTATION_CONTEXT() REPRESENTATION_CONTEXT('2D SPACE',''
  ) );
#3414 = ORIENTED_EDGE('',*,*,#3415,.T.);
#3415 = EDGE_CURVE('',#3395,#3416,#3418,.T.);
#3416 = VERTEX_POINT('',#3417);
#3417 = CARTESIAN_POINT('',(29.747358895011,-23.2387766195,5.));
#3418 = SURFACE_CURVE('',#3419,(#3423,#3429),.PCURVE_S1.);
#3419 = LINE('',#3420,#3421);
#3420 = CARTESIAN_POINT('',(17.5,-30.31,5.));
#3421 = VECTOR('',#3422,1.);
#3422 = DIRECTION('',(0.866019052629,0.500011000363,-0.));
#3423 = PCURVE('',#94,#3424);
#3424 = DEFINITIONAL_REPRESENTATION('',(#3425),#3428);
#3425 = B_SPLINE_CURVE_WITH_KNOTS('',1,(#3426,#3427),.UNSPECIFIED.,.F.,
  .F.,(2,2),(-15.,15.),.PIECEWISE_BEZIER_KNOTS.);
#3426 = CARTESIAN_POINT('',(4.509714210569,-37.81016500544));
#3427 = CARTESIAN_POINT('',(30.490285789431,-22.80983499455));
#3428 = ( GEOMETRIC_REPRESENTATION_CONTEXT(2) 
PARAMETRIC_REPRESENTATION_CONTEXT() REPRESENTATION_CONTEXT('2D SPACE',''
  ) );
#3429 = PCURVE('',#1753,#3430);
#3430 = DEFINITIONAL_REPRESENTATION('',(#3431),#3434);
#3431 = B_SPLINE_CURVE_WITH_KNOTS('',1,(#3432,#3433),.UNSPECIFIED.,.F.,
  .F.,(2,2),(-15.,15.),.PIECEWISE_BEZIER_KNOTS.);
#3432 = CARTESIAN_POINT('',(15.,-5.));
#3433 = CARTESIAN_POINT('',(-15.,-5.));
#3434 = ( GEOMETRIC_REPRESENTATION_CONTEXT(2) 
PARAMETRIC_REPRESENTATION_CONTEXT() REPRESENTATION_CONTEXT('2D SPACE',''
  ) );
#3435 = ORIENTED_EDGE('',*,*,#3436,.T.);
#3436 = EDGE_CURVE('',#3416,#3437,#3439,.T.);
#3437 = VERTEX_POINT('',#3438);
#3438 = CARTESIAN_POINT('',(32.247358895011,-27.5687766195,5.));
#3439 = SURFACE_CURVE('',#3440,(#3444,#3450),.PCURVE_S1.);
#3440 = LINE('',#3441,#3442);
#3441 = CARTESIAN_POINT('',(29.747358895011,-23.2387766195,5.));
#3442 = VECTOR('',#3443,1.);
#3443 = DIRECTION('',(0.500011000363,-0.866019052629,0.));
#3444 = PCURVE('',#94,#3445);
#3445 = DEFINITIONAL_REPRESENTATION('',(#3446),#3449);
#3446 = B_SPLINE_CURVE_WITH_KNOTS('',1,(#3447,#3448),.UNSPECIFIED.,.F.,
  .F.,(2,2),(-5.999999967107E-07,69.99846058306),
  .PIECEWISE_BEZIER_KNOTS.);
#3447 = CARTESIAN_POINT('',(29.747358595004,-23.23877609989));
#3448 = CARTESIAN_POINT('',(64.747359195017,-83.85877713912));
#3449 = ( GEOMETRIC_REPRESENTATION_CONTEXT(2) 
PARAMETRIC_REPRESENTATION_CONTEXT() REPRESENTATION_CONTEXT('2D SPACE',''
  ) );
#3450 = PCURVE('',#1727,#3451);
#3451 = DEFINITIONAL_REPRESENTATION('',(#3452),#3455);
#3452 = B_SPLINE_CURVE_WITH_KNOTS('',1,(#3453,#3454),.UNSPECIFIED.,.F.,
  .F.,(2,2),(-5.999999967107E-07,69.99846058306),
  .PIECEWISE_BEZIER_KNOTS.);
#3453 = CARTESIAN_POINT('',(3.481429563044,-5.999999984871E-07));
#3454 = CARTESIAN_POINT('',(3.481429563044,69.99846058306));
#3455 = ( GEOMETRIC_REPRESENTATION_CONTEXT(2) 
PARAMETRIC_REPRESENTATION_CONTEXT() REPRESENTATION_CONTEXT('2D SPACE',''
  ) );
#3456 = ORIENTED_EDGE('',*,*,#3457,.T.);
#3457 = EDGE_CURVE('',#3437,#2187,#3458,.T.);
#3458 = SURFACE_CURVE('',#3459,(#3463,#3469),.PCURVE_S1.);
#3459 = LINE('',#3460,#3461);
#3460 = CARTESIAN_POINT('',(20.,-34.64,5.));
#3461 = VECTOR('',#3462,1.);
#3462 = DIRECTION('',(0.866019052629,0.500011000363,-0.));
#3463 = PCURVE('',#94,#3464);
#3464 = DEFINITIONAL_REPRESENTATION('',(#3465),#3468);
#3465 = B_SPLINE_CURVE_WITH_KNOTS('',1,(#3466,#3467),.UNSPECIFIED.,.F.,
  .F.,(2,2),(-17.,17.),.PIECEWISE_BEZIER_KNOTS.);
#3466 = CARTESIAN_POINT('',(5.277676105311,-43.14018700617));
#3467 = CARTESIAN_POINT('',(34.722323894689,-26.13981299382));
#3468 = ( GEOMETRIC_REPRESENTATION_CONTEXT(2) 
PARAMETRIC_REPRESENTATION_CONTEXT() REPRESENTATION_CONTEXT('2D SPACE',''
  ) );
#3469 = PCURVE('',#2224,#3470);
#3470 = DEFINITIONAL_REPRESENTATION('',(#3471),#3474);
#3471 = B_SPLINE_CURVE_WITH_KNOTS('',1,(#3472,#3473),.UNSPECIFIED.,.F.,
  .F.,(2,2),(-17.,17.),.PIECEWISE_BEZIER_KNOTS.);
#3472 = CARTESIAN_POINT('',(17.,-5.));
#3473 = CARTESIAN_POINT('',(-17.,-5.));
#3474 = ( GEOMETRIC_REPRESENTATION_CONTEXT(2) 
PARAMETRIC_REPRESENTATION_CONTEXT() REPRESENTATION_CONTEXT('2D SPACE',''
  ) );
#3475 = ORIENTED_EDGE('',*,*,#2186,.T.);
#3476 = ORIENTED_EDGE('',*,*,#77,.T.);
#3477 = ORIENTED_EDGE('',*,*,#477,.F.);
#3478 = ORIENTED_EDGE('',*,*,#3479,.T.);
#3479 = EDGE_CURVE('',#449,#3480,#3482,.T.);
#3480 = VERTEX_POINT('',#3481);
#3481 = CARTESIAN_POINT('',(40.,-14.14213562373,5.));
#3482 = SURFACE_CURVE('',#3483,(#3487,#3493),.PCURVE_S1.);
#3483 = LINE('',#3484,#3485);
#3484 = CARTESIAN_POINT('',(40.,0.,5.));
#3485 = VECTOR('',#3486,1.);
#3486 = DIRECTION('',(0.,1.,0.));
#3487 = PCURVE('',#94,#3488);
#3488 = DEFINITIONAL_REPRESENTATION('',(#3489),#3492);
#3489 = B_SPLINE_CURVE_WITH_KNOTS('',1,(#3490,#3491),.UNSPECIFIED.,.F.,
  .F.,(2,2),(-17.,17.),.PIECEWISE_BEZIER_KNOTS.);
#3490 = CARTESIAN_POINT('',(40.,-17.));
#3491 = CARTESIAN_POINT('',(40.,17.));
#3492 = ( GEOMETRIC_REPRESENTATION_CONTEXT(2) 
PARAMETRIC_REPRESENTATION_CONTEXT() REPRESENTATION_CONTEXT('2D SPACE',''
  ) );
#3493 = PCURVE('',#465,#3494);
#3494 = DEFINITIONAL_REPRESENTATION('',(#3495),#3498);
#3495 = B_SPLINE_CURVE_WITH_KNOTS('',1,(#3496,#3497),.UNSPECIFIED.,.F.,
  .F.,(2,2),(-17.,17.),.PIECEWISE_BEZIER_KNOTS.);
#3496 = CARTESIAN_POINT('',(5.,17.));
#3497 = CARTESIAN_POINT('',(5.,-17.));
#3498 = ( GEOMETRIC_REPRESENTATION_CONTEXT(2) 
PARAMETRIC_REPRESENTATION_CONTEXT() REPRESENTATION_CONTEXT('2D SPACE',''
  ) );
#3499 = ORIENTED_EDGE('',*,*,#3500,.F.);
#3500 = EDGE_CURVE('',#3501,#3480,#3503,.T.);
#3501 = VERTEX_POINT('',#3502);
#3502 = CARTESIAN_POINT('',(35.,-14.14213562373,5.));
#3503 = SURFACE_CURVE('',#3504,(#3508,#3514),.PCURVE_S1.);
#3504 = LINE('',#3505,#3506);
#3505 = CARTESIAN_POINT('',(35.,-14.14213562373,5.));
#3506 = VECTOR('',#3507,1.);
#3507 = DIRECTION('',(1.,0.,0.));
#3508 = PCURVE('',#94,#3509);
#3509 = DEFINITIONAL_REPRESENTATION('',(#3510),#3513);
#3510 = B_SPLINE_CURVE_WITH_KNOTS('',1,(#3511,#3512),.UNSPECIFIED.,.F.,
  .F.,(2,2),(-5.999999999062E-07,70.0000006),.PIECEWISE_BEZIER_KNOTS.);
#3511 = CARTESIAN_POINT('',(34.9999994,-14.14213562373));
#3512 = CARTESIAN_POINT('',(105.0000006,-14.14213562373));
#3513 = ( GEOMETRIC_REPRESENTATION_CONTEXT(2) 
PARAMETRIC_REPRESENTATION_CONTEXT() REPRESENTATION_CONTEXT('2D SPACE',''
  ) );
#3514 = PCURVE('',#1863,#3515);
#3515 = DEFINITIONAL_REPRESENTATION('',(#3516),#3519);
#3516 = B_SPLINE_CURVE_WITH_KNOTS('',1,(#3517,#3518),.UNSPECIFIED.,.F.,
  .F.,(2,2),(-5.999999999062E-07,70.0000006),.PIECEWISE_BEZIER_KNOTS.);
#3517 = CARTESIAN_POINT('',(1.230959417341,-5.999999999062E-07));
#3518 = CARTESIAN_POINT('',(1.230959417341,70.0000006));
#3519 = ( GEOMETRIC_REPRESENTATION_CONTEXT(2) 
PARAMETRIC_REPRESENTATION_CONTEXT() REPRESENTATION_CONTEXT('2D SPACE',''
  ) );
#3520 = ORIENTED_EDGE('',*,*,#3521,.T.);
#3521 = EDGE_CURVE('',#3501,#3522,#3524,.T.);
#3522 = VERTEX_POINT('',#3523);
#3523 = CARTESIAN_POINT('',(35.,14.142135623731,5.));
#3524 = SURFACE_CURVE('',#3525,(#3529,#3535),.PCURVE_S1.);
#3525 = LINE('',#3526,#3527);
#3526 = CARTESIAN_POINT('',(35.,0.,5.));
#3527 = VECTOR('',#3528,1.);
#3528 = DIRECTION('',(0.,1.,0.));
#3529 = PCURVE('',#94,#3530);
#3530 = DEFINITIONAL_REPRESENTATION('',(#3531),#3534);
#3531 = B_SPLINE_CURVE_WITH_KNOTS('',1,(#3532,#3533),.UNSPECIFIED.,.F.,
  .F.,(2,2),(-15.,15.),.PIECEWISE_BEZIER_KNOTS.);
#3532 = CARTESIAN_POINT('',(35.,-15.));
#3533 = CARTESIAN_POINT('',(35.,15.));
#3534 = ( GEOMETRIC_REPRESENTATION_CONTEXT(2) 
PARAMETRIC_REPRESENTATION_CONTEXT() REPRESENTATION_CONTEXT('2D SPACE',''
  ) );
#3535 = PCURVE('',#1889,#3536);
#3536 = DEFINITIONAL_REPRESENTATION('',(#3537),#3540);
#3537 = B_SPLINE_CURVE_WITH_KNOTS('',1,(#3538,#3539),.UNSPECIFIED.,.F.,
  .F.,(2,2),(-15.,15.),.PIECEWISE_BEZIER_KNOTS.);
#3538 = CARTESIAN_POINT('',(5.,15.));
#3539 = CARTESIAN_POINT('',(5.,-15.));
#3540 = ( GEOMETRIC_REPRESENTATION_CONTEXT(2) 
PARAMETRIC_REPRESENTATION_CONTEXT() REPRESENTATION_CONTEXT('2D SPACE',''
  ) );
#3541 = ORIENTED_EDGE('',*,*,#3542,.T.);
#3542 = EDGE_CURVE('',#3522,#2625,#3543,.T.);
#3543 = SURFACE_CURVE('',#3544,(#3548,#3554),.PCURVE_S1.);
#3544 = LINE('',#3545,#3546);
#3545 = CARTESIAN_POINT('',(35.,14.142135623731,5.));
#3546 = VECTOR('',#3547,1.);
#3547 = DIRECTION('',(1.,0.,0.));
#3548 = PCURVE('',#94,#3549);
#3549 = DEFINITIONAL_REPRESENTATION('',(#3550),#3553);
#3550 = B_SPLINE_CURVE_WITH_KNOTS('',1,(#3551,#3552),.UNSPECIFIED.,.F.,
  .F.,(2,2),(-5.999999999062E-07,70.0000006),.PIECEWISE_BEZIER_KNOTS.);
#3551 = CARTESIAN_POINT('',(34.9999994,14.142135623731));
#3552 = CARTESIAN_POINT('',(105.0000006,14.142135623731));
#3553 = ( GEOMETRIC_REPRESENTATION_CONTEXT(2) 
PARAMETRIC_REPRESENTATION_CONTEXT() REPRESENTATION_CONTEXT('2D SPACE',''
  ) );
#3554 = PCURVE('',#1863,#3555);
#3555 = DEFINITIONAL_REPRESENTATION('',(#3556),#3559);
#3556 = B_SPLINE_CURVE_WITH_KNOTS('',1,(#3557,#3558),.UNSPECIFIED.,.F.,
  .F.,(2,2),(-5.999999999062E-07,70.0000006),.PIECEWISE_BEZIER_KNOTS.);
#3557 = CARTESIAN_POINT('',(5.052225889839,-5.999999999062E-07));
#3558 = CARTESIAN_POINT('',(5.052225889839,70.0000006));
#3559 = ( GEOMETRIC_REPRESENTATION_CONTEXT(2) 
PARAMETRIC_REPRESENTATION_CONTEXT() REPRESENTATION_CONTEXT('2D SPACE',''
  ) );
#3560 = FACE_BOUND('',#3561,.T.);
#3561 = EDGE_LOOP('',(#3562));
#3562 = ORIENTED_EDGE('',*,*,#3563,.F.);
#3563 = EDGE_CURVE('',#3564,#3564,#3566,.T.);
#3564 = VERTEX_POINT('',#3565);
#3565 = CARTESIAN_POINT('',(-19.5,-22.,5.));
#3566 = SURFACE_CURVE('',#3567,(#3572,#3579),.PCURVE_S1.);
#3567 = CIRCLE('',#3568,2.5);
#3568 = AXIS2_PLACEMENT_3D('',#3569,#3570,#3571);
#3569 = CARTESIAN_POINT('',(-22.,-22.,5.));
#3570 = DIRECTION('',(0.,0.,1.));
#3571 = DIRECTION('',(1.,0.,-0.));
#3572 = PCURVE('',#94,#3573);
#3573 = DEFINITIONAL_REPRESENTATION('',(#3574),#3578);
#3574 = CIRCLE('',#3575,2.5);
#3575 = AXIS2_PLACEMENT_2D('',#3576,#3577);
#3576 = CARTESIAN_POINT('',(-22.,-22.));
#3577 = DIRECTION('',(1.,0.));
#3578 = ( GEOMETRIC_REPRESENTATION_CONTEXT(2) 
PARAMETRIC_REPRESENTATION_CONTEXT() REPRESENTATION_CONTEXT('2D SPACE',''
  ) );
#3579 = PCURVE('',#1938,#3580);
#3580 = DEFINITIONAL_REPRESENTATION('',(#3581),#3585);
#3581 = LINE('',#3582,#3583);
#3582 = CARTESIAN_POINT('',(0.,11.));
#3583 = VECTOR('',#3584,1.);
#3584 = DIRECTION('',(1.,0.));
#3585 = ( GEOMETRIC_REPRESENTATION_CONTEXT(2) 
PARAMETRIC_REPRESENTATION_CONTEXT() REPRESENTATION_CONTEXT('2D SPACE',''
  ) );
#3586 = FACE_BOUND('',#3587,.T.);
#3587 = EDGE_LOOP('',(#3588));
#3588 = ORIENTED_EDGE('',*,*,#3589,.F.);
#3589 = EDGE_CURVE('',#3590,#3590,#3592,.T.);
#3590 = VERTEX_POINT('',#3591);
#3591 = CARTESIAN_POINT('',(24.5,-22.,5.));
#3592 = SURFACE_CURVE('',#3593,(#3598,#3605),.PCURVE_S1.);
#3593 = CIRCLE('',#3594,2.5);
#3594 = AXIS2_PLACEMENT_3D('',#3595,#3596,#3597);
#3595 = CARTESIAN_POINT('',(22.,-22.,5.));
#3596 = DIRECTION('',(0.,0.,1.));
#3597 = DIRECTION('',(1.,0.,-0.));
#3598 = PCURVE('',#94,#3599);
#3599 = DEFINITIONAL_REPRESENTATION('',(#3600),#3604);
#3600 = CIRCLE('',#3601,2.5);
#3601 = AXIS2_PLACEMENT_2D('',#3602,#3603);
#3602 = CARTESIAN_POINT('',(22.,-22.));
#3603 = DIRECTION('',(1.,0.));
#3604 = ( GEOMETRIC_REPRESENTATION_CONTEXT(2) 
PARAMETRIC_REPRESENTATION_CONTEXT() REPRESENTATION_CONTEXT('2D SPACE',''
  ) );
#3605 = PCURVE('',#1969,#3606);
#3606 = DEFINITIONAL_REPRESENTATION('',(#3607),#3611);
#3607 = LINE('',#3608,#3609);
#3608 = CARTESIAN_POINT('',(0.,11.));
#3609 = VECTOR('',#3610,1.);
#3610 = DIRECTION('',(1.,0.));
#3611 = ( GEOMETRIC_REPRESENTATION_CONTEXT(2) 
PARAMETRIC_REPRESENTATION_CONTEXT() REPRESENTATION_CONTEXT('2D SPACE',''
  ) );
#3612 = FACE_BOUND('',#3613,.T.);
#3613 = EDGE_LOOP('',(#3614));
#3614 = ORIENTED_EDGE('',*,*,#3615,.F.);
#3615 = EDGE_CURVE('',#3616,#3616,#3618,.T.);
#3616 = VERTEX_POINT('',#3617);
#3617 = CARTESIAN_POINT('',(-19.5,22.,5.));
#3618 = SURFACE_CURVE('',#3619,(#3624,#3631),.PCURVE_S1.);
#3619 = CIRCLE('',#3620,2.5);
#3620 = AXIS2_PLACEMENT_3D('',#3621,#3622,#3623);
#3621 = CARTESIAN_POINT('',(-22.,22.,5.));
#3622 = DIRECTION('',(0.,0.,1.));
#3623 = DIRECTION('',(1.,0.,-0.));
#3624 = PCURVE('',#94,#3625);
#3625 = DEFINITIONAL_REPRESENTATION('',(#3626),#3630);
#3626 = CIRCLE('',#3627,2.5);
#3627 = AXIS2_PLACEMENT_2D('',#3628,#3629);
#3628 = CARTESIAN_POINT('',(-22.,22.));
#3629 = DIRECTION('',(1.,0.));
#3630 = ( GEOMETRIC_REPRESENTATION_CONTEXT(2) 
PARAMETRIC_REPRESENTATION_CONTEXT() REPRESENTATION_CONTEXT('2D SPACE',''
  ) );
#3631 = PCURVE('',#2000,#3632);
#3632 = DEFINITIONAL_REPRESENTATION('',(#3633),#3637);
#3633 = LINE('',#3634,#3635);
#3634 = CARTESIAN_POINT('',(0.,11.));
#3635 = VECTOR('',#3636,1.);
#3636 = DIRECTION('',(1.,0.));
#3637 = ( GEOMETRIC_REPRESENTATION_CONTEXT(2) 
PARAMETRIC_REPRESENTATION_CONTEXT() REPRESENTATION_CONTEXT('2D SPACE',''
  ) );
#3638 = FACE_BOUND('',#3639,.T.);
#3639 = EDGE_LOOP('',(#3640));
#3640 = ORIENTED_EDGE('',*,*,#3641,.F.);
#3641 = EDGE_CURVE('',#3642,#3642,#3644,.T.);
#3642 = VERTEX_POINT('',#3643);
#3643 = CARTESIAN_POINT('',(24.5,22.,5.));
#3644 = SURFACE_CURVE('',#3645,(#3650,#3657),.PCURVE_S1.);
#3645 = CIRCLE('',#3646,2.5);
#3646 = AXIS2_PLACEMENT_3D('',#3647,#3648,#3649);
#3647 = CARTESIAN_POINT('',(22.,22.,5.));
#3648 = DIRECTION('',(0.,0.,1.));
#3649 = DIRECTION('',(1.,0.,-0.));
#3650 = PCURVE('',#94,#3651);
#3651 = DEFINITIONAL_REPRESENTATION('',(#3652),#3656);
#3652 = CIRCLE('',#3653,2.5);
#3653 = AXIS2_PLACEMENT_2D('',#3654,#3655);
#3654 = CARTESIAN_POINT('',(22.,22.));
#3655 = DIRECTION('',(1.,0.));
#3656 = ( GEOMETRIC_REPRESENTATION_CONTEXT(2) 
PARAMETRIC_REPRESENTATION_CONTEXT() REPRESENTATION_CONTEXT('2D SPACE',''
  ) );
#3657 = PCURVE('',#2031,#3658);
#3658 = DEFINITIONAL_REPRESENTATION('',(#3659),#3663);
#3659 = LINE('',#3660,#3661);
#3660 = CARTESIAN_POINT('',(0.,11.));
#3661 = VECTOR('',#3662,1.);
#3662 = DIRECTION('',(1.,0.));
#3663 = ( GEOMETRIC_REPRESENTATION_CONTEXT(2) 
PARAMETRIC_REPRESENTATION_CONTEXT() REPRESENTATION_CONTEXT('2D SPACE',''
  ) );
#3664 = ADVANCED_FACE('',(#3665),#249,.F.);
#3665 = FACE_BOUND('',#3666,.F.);
#3666 = EDGE_LOOP('',(#3667,#3668,#3691,#3783,#3873,#3874));
#3667 = ORIENTED_EDGE('',*,*,#185,.F.);
#3668 = ORIENTED_EDGE('',*,*,#3669,.F.);
#3669 = EDGE_CURVE('',#3670,#186,#3672,.T.);
#3670 = VERTEX_POINT('',#3671);
#3671 = CARTESIAN_POINT('',(52.1,1.5797943709E-15,15.));
#3672 = SEAM_CURVE('',#3673,(#3677,#3684),.PCURVE_S1.);
#3673 = LINE('',#3674,#3675);
#3674 = CARTESIAN_POINT('',(52.1,-5.143516556419E-16,-20.));
#3675 = VECTOR('',#3676,1.);
#3676 = DIRECTION('',(0.,0.,1.));
#3677 = PCURVE('',#249,#3678);
#3678 = DEFINITIONAL_REPRESENTATION('',(#3679),#3683);
#3679 = LINE('',#3680,#3681);
#3680 = CARTESIAN_POINT('',(6.28318530718,-0.));
#3681 = VECTOR('',#3682,1.);
#3682 = DIRECTION('',(0.,1.));
#3683 = ( GEOMETRIC_REPRESENTATION_CONTEXT(2) 
PARAMETRIC_REPRESENTATION_CONTEXT() REPRESENTATION_CONTEXT('2D SPACE',''
  ) );
#3684 = PCURVE('',#249,#3685);
#3685 = DEFINITIONAL_REPRESENTATION('',(#3686),#3690);
#3686 = LINE('',#3687,#3688);
#3687 = CARTESIAN_POINT('',(0.,-0.));
#3688 = VECTOR('',#3689,1.);
#3689 = DIRECTION('',(0.,1.));
#3690 = ( GEOMETRIC_REPRESENTATION_CONTEXT(2) 
PARAMETRIC_REPRESENTATION_CONTEXT() REPRESENTATION_CONTEXT('2D SPACE',''
  ) );
#3691 = ORIENTED_EDGE('',*,*,#3692,.T.);
#3692 = EDGE_CURVE('',#3670,#3693,#3695,.T.);
#3693 = VERTEX_POINT('',#3694);
#3694 = CARTESIAN_POINT('',(47.9,3.673940397442E-15,15.));
#3695 = SURFACE_CURVE('',#3696,(#3723,#3753),.PCURVE_S1.);
#3696 = B_SPLINE_CURVE_WITH_KNOTS('',7,(#3697,#3698,#3699,#3700,#3701,
    #3702,#3703,#3704,#3705,#3706,#3707,#3708,#3709,#3710,#3711,#3712,
    #3713,#3714,#3715,#3716,#3717,#3718,#3719,#3720,#3721,#3722),
  .UNSPECIFIED.,.F.,.F.,(8,6,6,6,8),(0.,0.245431824219,0.500010262898,
    0.754602332378,1.),.UNSPECIFIED.);
#3697 = CARTESIAN_POINT('',(52.1,1.5797943709E-15,15.));
#3698 = CARTESIAN_POINT('',(52.1,0.279114841086,15.));
#3699 = CARTESIAN_POINT('',(52.056719856138,0.550621833632,
    14.993940588238));
#3700 = CARTESIAN_POINT('',(51.97440314705,0.806764978539,
    14.982417288711));
#3701 = CARTESIAN_POINT('',(51.858731309421,1.041123175926,
    14.966991604531));
#3702 = CARTESIAN_POINT('',(51.716777447742,1.248816226172,
    14.949789660226));
#3703 = CARTESIAN_POINT('',(51.556927443575,1.426969220229,
    14.932715298801));
#3704 = CARTESIAN_POINT('',(51.214315032154,1.729022692112,
    14.900818617246));
#3705 = CARTESIAN_POINT('',(51.026203302003,1.854812629014,
    14.885664837576));
#3706 = CARTESIAN_POINT('',(50.828882909753,1.953784201403,
    14.872690278901));
#3707 = CARTESIAN_POINT('',(50.62546965437,2.027106735307,
    14.862579213812));
#3708 = CARTESIAN_POINT('',(50.418288884081,2.075681346837,
    14.855711005963));
#3709 = CARTESIAN_POINT('',(50.209223235024,2.1,14.852272553384));
#3710 = CARTESIAN_POINT('',(49.790765562612,2.1,14.852272553384));
#3711 = CARTESIAN_POINT('',(49.581701979131,2.075678787251,
    14.855711364885));
#3712 = CARTESIAN_POINT('',(49.374527573713,2.02710437675,14.86257955539
    ));
#3713 = CARTESIAN_POINT('',(49.171118829964,1.953784318804,
    14.872690197728));
#3714 = CARTESIAN_POINT('',(48.973798725398,1.854814262741,
    14.885664660892));
#3715 = CARTESIAN_POINT('',(48.785685216538,1.729022911364,
    14.900818594093));
#3716 = CARTESIAN_POINT('',(48.443104723847,1.426997579627,
    14.932712304064));
#3717 = CARTESIAN_POINT('',(48.283240849849,1.248846638305,
    14.94978711743));
#3718 = CARTESIAN_POINT('',(48.141259143623,1.041127821908,
    14.966992217155));
#3719 = CARTESIAN_POINT('',(48.025570345575,0.806727799117,
    14.982420989786));
#3720 = CARTESIAN_POINT('',(47.943259460365,0.550550223874,
    14.993943487922));
#3721 = CARTESIAN_POINT('',(47.9,0.27904815939,15.));
#3722 = CARTESIAN_POINT('',(47.9,2.222733940452E-15,15.));
#3723 = PCURVE('',#249,#3724);
#3724 = DEFINITIONAL_REPRESENTATION('',(#3725),#3752);
#3725 = B_SPLINE_CURVE_WITH_KNOTS('',7,(#3726,#3727,#3728,#3729,#3730,
    #3731,#3732,#3733,#3734,#3735,#3736,#3737,#3738,#3739,#3740,#3741,
    #3742,#3743,#3744,#3745,#3746,#3747,#3748,#3749,#3750,#3751),
  .UNSPECIFIED.,.F.,.F.,(8,6,6,6,8),(0.,0.245431824219,0.500010262898,
    0.754602332378,1.),.UNSPECIFIED.);
#3726 = CARTESIAN_POINT('',(0.,35.));
#3727 = CARTESIAN_POINT('',(0.132911829089,35.));
#3728 = CARTESIAN_POINT('',(0.262200783289,34.993940588238));
#3729 = CARTESIAN_POINT('',(0.388008999379,34.982417288711));
#3730 = CARTESIAN_POINT('',(0.51017263393,34.966991604531));
#3731 = CARTESIAN_POINT('',(0.628269582204,34.949789660226));
#3732 = CARTESIAN_POINT('',(0.741469619685,34.932715298801));
#3733 = CARTESIAN_POINT('',(0.95896909936,34.900818617246));
#3734 = CARTESIAN_POINT('',(1.065774497183,34.885664837576));
#3735 = CARTESIAN_POINT('',(1.169640913773,34.872690278901));
#3736 = CARTESIAN_POINT('',(1.271337781005,34.862579213812));
#3737 = CARTESIAN_POINT('',(1.371611295788,34.855711005963));
#3738 = CARTESIAN_POINT('',(1.471166214879,34.852272553384));
#3739 = CARTESIAN_POINT('',(1.67043177317,34.852272553384));
#3740 = CARTESIAN_POINT('',(1.769985693489,34.855711364885));
#3741 = CARTESIAN_POINT('',(1.870256473944,34.86257955539));
#3742 = CARTESIAN_POINT('',(1.971951041641,34.872690197728));
#3743 = CARTESIAN_POINT('',(2.075816925156,34.885664660892));
#3744 = CARTESIAN_POINT('',(2.182623396353,34.900818594093));
#3745 = CARTESIAN_POINT('',(2.400102613169,34.932712304064));
#3746 = CARTESIAN_POINT('',(2.51330696195,34.94978711743));
#3747 = CARTESIAN_POINT('',(2.631420806018,34.966992217155));
#3748 = CARTESIAN_POINT('',(2.753604070727,34.982420989786));
#3749 = CARTESIAN_POINT('',(2.879425977551,34.993943487922));
#3750 = CARTESIAN_POINT('',(3.00871257769,35.));
#3751 = CARTESIAN_POINT('',(3.14159265359,35.));
#3752 = ( GEOMETRIC_REPRESENTATION_CONTEXT(2) 
PARAMETRIC_REPRESENTATION_CONTEXT() REPRESENTATION_CONTEXT('2D SPACE',''
  ) );
#3753 = PCURVE('',#1863,#3754);
#3754 = DEFINITIONAL_REPRESENTATION('',(#3755),#3782);
#3755 = B_SPLINE_CURVE_WITH_KNOTS('',7,(#3756,#3757,#3758,#3759,#3760,
    #3761,#3762,#3763,#3764,#3765,#3766,#3767,#3768,#3769,#3770,#3771,
    #3772,#3773,#3774,#3775,#3776,#3777,#3778,#3779,#3780,#3781),
  .UNSPECIFIED.,.F.,.F.,(8,6,6,6,8),(0.,0.245431824219,0.500010262898,
    0.754602332378,1.),.UNSPECIFIED.);
#3756 = CARTESIAN_POINT('',(6.28318530718,17.1));
#3757 = CARTESIAN_POINT('',(6.264577651107,17.1));
#3758 = CARTESIAN_POINT('',(6.246477173519,17.056719856138));
#3759 = CARTESIAN_POINT('',(6.229390504451,16.97440314705));
#3760 = CARTESIAN_POINT('',(6.213737445902,16.858731309421));
#3761 = CARTESIAN_POINT('',(6.199845719233,16.716777447742));
#3762 = CARTESIAN_POINT('',(6.187914996503,16.556927443575));
#3763 = CARTESIAN_POINT('',(6.16766613391,16.214315032154));
#3764 = CARTESIAN_POINT('',(6.159220415265,16.026203302003));
#3765 = CARTESIAN_POINT('',(6.152566170746,15.828882909753));
#3766 = CARTESIAN_POINT('',(6.147631781936,15.62546965437));
#3767 = CARTESIAN_POINT('',(6.144361260975,15.418288884081));
#3768 = CARTESIAN_POINT('',(6.14272389247,15.209223235024));
#3769 = CARTESIAN_POINT('',(6.14272389247,14.790765562612));
#3770 = CARTESIAN_POINT('',(6.14436143326,14.581701979131));
#3771 = CARTESIAN_POINT('',(6.147631940854,14.374527573713));
#3772 = CARTESIAN_POINT('',(6.152566162235,14.171118829964));
#3773 = CARTESIAN_POINT('',(6.159220305758,13.973798725398));
#3774 = CARTESIAN_POINT('',(6.167666119212,13.785685216538));
#3775 = CARTESIAN_POINT('',(6.187913095365,13.443104723847));
#3776 = CARTESIAN_POINT('',(6.199843684878,13.283240849849));
#3777 = CARTESIAN_POINT('',(6.213737142312,13.141259143623));
#3778 = CARTESIAN_POINT('',(6.229392991042,13.025570345575));
#3779 = CARTESIAN_POINT('',(6.246481947519,12.943259460365));
#3780 = CARTESIAN_POINT('',(6.264582096554,12.9));
#3781 = CARTESIAN_POINT('',(6.28318530718,12.9));
#3782 = ( GEOMETRIC_REPRESENTATION_CONTEXT(2) 
PARAMETRIC_REPRESENTATION_CONTEXT() REPRESENTATION_CONTEXT('2D SPACE',''
  ) );
#3783 = ORIENTED_EDGE('',*,*,#3784,.T.);
#3784 = EDGE_CURVE('',#3693,#3670,#3785,.T.);
#3785 = SURFACE_CURVE('',#3786,(#3813,#3843),.PCURVE_S1.);
#3786 = B_SPLINE_CURVE_WITH_KNOTS('',7,(#3787,#3788,#3789,#3790,#3791,
    #3792,#3793,#3794,#3795,#3796,#3797,#3798,#3799,#3800,#3801,#3802,
    #3803,#3804,#3805,#3806,#3807,#3808,#3809,#3810,#3811,#3812),
  .UNSPECIFIED.,.F.,.F.,(8,6,6,6,8),(0.,0.245457225641,0.500054032254,
    0.75465021961,1.),.UNSPECIFIED.);
#3787 = CARTESIAN_POINT('',(47.9,4.440892098501E-16,15.));
#3788 = CARTESIAN_POINT('',(47.9,-0.279114841086,15.));
#3789 = CARTESIAN_POINT('',(47.943280143862,-0.550621833631,
    14.993940588238));
#3790 = CARTESIAN_POINT('',(48.02559685295,-0.80676497854,
    14.982417288711));
#3791 = CARTESIAN_POINT('',(48.141268690579,-1.041123175925,
    14.966991604531));
#3792 = CARTESIAN_POINT('',(48.283222552258,-1.248816226172,
    14.949789660226));
#3793 = CARTESIAN_POINT('',(48.443072556425,-1.426969220229,
    14.932715298801));
#3794 = CARTESIAN_POINT('',(48.785679500338,-1.729017871856,
    14.900819126263));
#3795 = CARTESIAN_POINT('',(48.9737959696,-1.854814467231,
    14.885664760479));
#3796 = CARTESIAN_POINT('',(49.171122959857,-1.953787403224,
    14.872689755366));
#3797 = CARTESIAN_POINT('',(49.374534706005,-2.027106265677,
    14.862579288269));
#3798 = CARTESIAN_POINT('',(49.581706220102,-2.075678646908,
    14.855711385356));
#3799 = CARTESIAN_POINT('',(49.79076505369,-2.1,14.852272553384));
#3800 = CARTESIAN_POINT('',(50.209234437387,-2.1,14.852272553384));
#3801 = CARTESIAN_POINT('',(50.418298020869,-2.075678787251,
    14.855711364885));
#3802 = CARTESIAN_POINT('',(50.625472426286,-2.02710437675,
    14.86257955539));
#3803 = CARTESIAN_POINT('',(50.828881170037,-1.953784318804,
    14.872690197728));
#3804 = CARTESIAN_POINT('',(51.026201274601,-1.854814262741,
    14.885664660892));
#3805 = CARTESIAN_POINT('',(51.214314783462,-1.729022911364,
    14.900818594093));
#3806 = CARTESIAN_POINT('',(51.55685974602,-1.427028903653,
    14.932708996264));
#3807 = CARTESIAN_POINT('',(51.71674862236,-1.248871651567,
    14.949785204866));
#3808 = CARTESIAN_POINT('',(51.85876092356,-1.041116958032,
    14.966994265705));
#3809 = CARTESIAN_POINT('',(51.974460649573,-0.806673727462,
    14.982425356674));
#3810 = CARTESIAN_POINT('',(52.05676028448,-0.550471778571,
    14.993946245322));
#3811 = CARTESIAN_POINT('',(52.1,-0.278984464689,15.));
#3812 = CARTESIAN_POINT('',(52.1,-4.440892098501E-16,15.));
#3813 = PCURVE('',#249,#3814);
#3814 = DEFINITIONAL_REPRESENTATION('',(#3815),#3842);
#3815 = B_SPLINE_CURVE_WITH_KNOTS('',7,(#3816,#3817,#3818,#3819,#3820,
    #3821,#3822,#3823,#3824,#3825,#3826,#3827,#3828,#3829,#3830,#3831,
    #3832,#3833,#3834,#3835,#3836,#3837,#3838,#3839,#3840,#3841),
  .UNSPECIFIED.,.F.,.F.,(8,6,6,6,8),(0.,0.245457225641,0.500054032254,
    0.75465021961,1.),.UNSPECIFIED.);
#3816 = CARTESIAN_POINT('',(3.14159265359,35.));
#3817 = CARTESIAN_POINT('',(3.274504482679,35.));
#3818 = CARTESIAN_POINT('',(3.403793436878,34.993940588238));
#3819 = CARTESIAN_POINT('',(3.529601652969,34.982417288711));
#3820 = CARTESIAN_POINT('',(3.65176528752,34.966991604531));
#3821 = CARTESIAN_POINT('',(3.769862235794,34.949789660226));
#3822 = CARTESIAN_POINT('',(3.883062273274,34.932715298801));
#3823 = CARTESIAN_POINT('',(4.10055828203,34.900819126263));
#3824 = CARTESIAN_POINT('',(4.207367459136,34.885664760479));
#3825 = CARTESIAN_POINT('',(4.311236508755,34.872689755366));
#3826 = CARTESIAN_POINT('',(4.41293224598,34.862579288269));
#3827 = CARTESIAN_POINT('',(4.513201622414,34.855711385356));
#3828 = CARTESIAN_POINT('',(4.612753291666,34.852272553384));
#3829 = CARTESIAN_POINT('',(4.81202442676,34.852272553384));
#3830 = CARTESIAN_POINT('',(4.911578347079,34.855711364885));
#3831 = CARTESIAN_POINT('',(5.011849127534,34.86257955539));
#3832 = CARTESIAN_POINT('',(5.113543695231,34.872690197728));
#3833 = CARTESIAN_POINT('',(5.217409578746,34.885664660892));
#3834 = CARTESIAN_POINT('',(5.324216049943,34.900818594093));
#3835 = CARTESIAN_POINT('',(5.541672711285,34.932708996264));
#3836 = CARTESIAN_POINT('',(5.654887988964,34.949785204866));
#3837 = CARTESIAN_POINT('',(5.77302274194,34.966994265705));
#3838 = CARTESIAN_POINT('',(5.895225063659,34.982425356674));
#3839 = CARTESIAN_POINT('',(6.021055992288,34.993946245322));
#3840 = CARTESIAN_POINT('',(6.15033556209,35.));
#3841 = CARTESIAN_POINT('',(6.28318530718,35.));
#3842 = ( GEOMETRIC_REPRESENTATION_CONTEXT(2) 
PARAMETRIC_REPRESENTATION_CONTEXT() REPRESENTATION_CONTEXT('2D SPACE',''
  ) );
#3843 = PCURVE('',#1863,#3844);
#3844 = DEFINITIONAL_REPRESENTATION('',(#3845),#3872);
#3845 = B_SPLINE_CURVE_WITH_KNOTS('',7,(#3846,#3847,#3848,#3849,#3850,
    #3851,#3852,#3853,#3854,#3855,#3856,#3857,#3858,#3859,#3860,#3861,
    #3862,#3863,#3864,#3865,#3866,#3867,#3868,#3869,#3870,#3871),
  .UNSPECIFIED.,.F.,.F.,(8,6,6,6,8),(0.,0.245457225641,0.500054032254,
    0.75465021961,1.),.UNSPECIFIED.);
#3846 = CARTESIAN_POINT('',(0.,12.9));
#3847 = CARTESIAN_POINT('',(1.860765607243E-02,12.9));
#3848 = CARTESIAN_POINT('',(3.670813366067E-02,12.943280143862));
#3849 = CARTESIAN_POINT('',(5.379480272818E-02,13.025596852951));
#3850 = CARTESIAN_POINT('',(6.944786127729E-02,13.141268690578));
#3851 = CARTESIAN_POINT('',(8.333958794683E-02,13.283222552258));
#3852 = CARTESIAN_POINT('',(9.527031067627E-02,13.443072556425));
#3853 = CARTESIAN_POINT('',(0.115518850132,13.785679500338));
#3854 = CARTESIAN_POINT('',(0.123965014265,13.9737959696));
#3855 = CARTESIAN_POINT('',(0.130619352461,14.171122959857));
#3856 = CARTESIAN_POINT('',(0.135553493632,14.374534706005));
#3857 = CARTESIAN_POINT('',(0.138823864425,14.581706220102));
#3858 = CARTESIAN_POINT('',(0.14046141471,14.79076505369));
#3859 = CARTESIAN_POINT('',(0.14046141471,15.209234437387));
#3860 = CARTESIAN_POINT('',(0.13882387392,15.41829802087));
#3861 = CARTESIAN_POINT('',(0.135553366325,15.625472426285));
#3862 = CARTESIAN_POINT('',(0.130619144945,15.828881170037));
#3863 = CARTESIAN_POINT('',(0.123965001422,16.026201274601));
#3864 = CARTESIAN_POINT('',(0.115519187967,16.214314783462));
#3865 = CARTESIAN_POINT('',(9.527431169447E-02,16.55685974602));
#3866 = CARTESIAN_POINT('',(8.334329405054E-02,16.71674862236));
#3867 = CARTESIAN_POINT('',(6.944743101466E-02,16.85876092356));
#3868 = CARTESIAN_POINT('',(5.37887033701E-02,16.974460649572));
#3869 = CARTESIAN_POINT('',(3.669813020037E-02,17.05676028448));
#3870 = CARTESIAN_POINT('',(1.859896431258E-02,17.1));
#3871 = CARTESIAN_POINT('',(0.,17.1));
#3872 = ( GEOMETRIC_REPRESENTATION_CONTEXT(2) 
PARAMETRIC_REPRESENTATION_CONTEXT() REPRESENTATION_CONTEXT('2D SPACE',''
  ) );
#3873 = ORIENTED_EDGE('',*,*,#3669,.T.);
#3874 = ORIENTED_EDGE('',*,*,#335,.F.);
#3875 = ADVANCED_FACE('',(#3876),#465,.F.);
#3876 = FACE_BOUND('',#3877,.F.);
#3877 = EDGE_LOOP('',(#3878,#3879,#3880,#3881,#3882,#3906));
#3878 = ORIENTED_EDGE('',*,*,#2624,.T.);
#3879 = ORIENTED_EDGE('',*,*,#638,.T.);
#3880 = ORIENTED_EDGE('',*,*,#448,.T.);
#3881 = ORIENTED_EDGE('',*,*,#3479,.T.);
#3882 = ORIENTED_EDGE('',*,*,#3883,.F.);
#3883 = EDGE_CURVE('',#3884,#3480,#3886,.T.);
#3884 = VERTEX_POINT('',#3885);
#3885 = CARTESIAN_POINT('',(40.,3.673940397442E-15,15.));
#3886 = SURFACE_CURVE('',#3887,(#3892,#3899),.PCURVE_S1.);
#3887 = CIRCLE('',#3888,15.);
#3888 = AXIS2_PLACEMENT_3D('',#3889,#3890,#3891);
#3889 = CARTESIAN_POINT('',(40.,0.,0.));
#3890 = DIRECTION('',(1.,0.,0.));
#3891 = DIRECTION('',(-0.,0.,1.));
#3892 = PCURVE('',#465,#3893);
#3893 = DEFINITIONAL_REPRESENTATION('',(#3894),#3898);
#3894 = CIRCLE('',#3895,15.);
#3895 = AXIS2_PLACEMENT_2D('',#3896,#3897);
#3896 = CARTESIAN_POINT('',(0.,0.));
#3897 = DIRECTION('',(1.,0.));
#3898 = ( GEOMETRIC_REPRESENTATION_CONTEXT(2) 
PARAMETRIC_REPRESENTATION_CONTEXT() REPRESENTATION_CONTEXT('2D SPACE',''
  ) );
#3899 = PCURVE('',#1863,#3900);
#3900 = DEFINITIONAL_REPRESENTATION('',(#3901),#3905);
#3901 = LINE('',#3902,#3903);
#3902 = CARTESIAN_POINT('',(0.,5.));
#3903 = VECTOR('',#3904,1.);
#3904 = DIRECTION('',(1.,0.));
#3905 = ( GEOMETRIC_REPRESENTATION_CONTEXT(2) 
PARAMETRIC_REPRESENTATION_CONTEXT() REPRESENTATION_CONTEXT('2D SPACE',''
  ) );
#3906 = ORIENTED_EDGE('',*,*,#3907,.F.);
#3907 = EDGE_CURVE('',#2625,#3884,#3908,.T.);
#3908 = SURFACE_CURVE('',#3909,(#3914,#3921),.PCURVE_S1.);
#3909 = CIRCLE('',#3910,15.);
#3910 = AXIS2_PLACEMENT_3D('',#3911,#3912,#3913);
#3911 = CARTESIAN_POINT('',(40.,0.,0.));
#3912 = DIRECTION('',(1.,0.,0.));
#3913 = DIRECTION('',(-0.,0.,1.));
#3914 = PCURVE('',#465,#3915);
#3915 = DEFINITIONAL_REPRESENTATION('',(#3916),#3920);
#3916 = CIRCLE('',#3917,15.);
#3917 = AXIS2_PLACEMENT_2D('',#3918,#3919);
#3918 = CARTESIAN_POINT('',(0.,0.));
#3919 = DIRECTION('',(1.,0.));
#3920 = ( GEOMETRIC_REPRESENTATION_CONTEXT(2) 
PARAMETRIC_REPRESENTATION_CONTEXT() REPRESENTATION_CONTEXT('2D SPACE',''
  ) );
#3921 = PCURVE('',#1863,#3922);
#3922 = DEFINITIONAL_REPRESENTATION('',(#3923),#3927);
#3923 = LINE('',#3924,#3925);
#3924 = CARTESIAN_POINT('',(0.,5.));
#3925 = VECTOR('',#3926,1.);
#3926 = DIRECTION('',(1.,0.));
#3927 = ( GEOMETRIC_REPRESENTATION_CONTEXT(2) 
PARAMETRIC_REPRESENTATION_CONTEXT() REPRESENTATION_CONTEXT('2D SPACE',''
  ) );
#3928 = ADVANCED_FACE('',(#3929),#598,.T.);
#3929 = FACE_BOUND('',#3930,.T.);
#3930 = EDGE_LOOP('',(#3931,#3932,#3933,#3934,#3966));
#3931 = ORIENTED_EDGE('',*,*,#2646,.F.);
#3932 = ORIENTED_EDGE('',*,*,#568,.F.);
#3933 = ORIENTED_EDGE('',*,*,#857,.T.);
#3934 = ORIENTED_EDGE('',*,*,#3935,.F.);
#3935 = EDGE_CURVE('',#3936,#858,#3938,.T.);
#3936 = VERTEX_POINT('',#3937);
#3937 = CARTESIAN_POINT('',(61.964764573816,73.323720250077,
    4.163799117101E-15));
#3938 = SURFACE_CURVE('',#3939,(#3946,#3956),.PCURVE_S1.);
#3939 = B_SPLINE_CURVE_WITH_KNOTS('',5,(#3940,#3941,#3942,#3943,#3944,
    #3945),.UNSPECIFIED.,.F.,.F.,(6,6),(0.,1.),
  .PIECEWISE_BEZIER_KNOTS.);
#3940 = CARTESIAN_POINT('',(61.964764573816,73.323720250077,
    4.440892098501E-15));
#3941 = CARTESIAN_POINT('',(61.964764573816,73.323720250077,
    -1.008052470273));
#3942 = CARTESIAN_POINT('',(61.906779659559,73.372723440564,
    -2.016037259923));
#3943 = CARTESIAN_POINT('',(61.790822025181,73.470712981066,
    -3.020120905781));
#3944 = CARTESIAN_POINT('',(61.615828737328,73.617823711752,
    -4.016396343072));
#3945 = CARTESIAN_POINT('',(61.379689432733,73.81418376668,
    -5.000000596117));
#3946 = PCURVE('',#598,#3947);
#3947 = DEFINITIONAL_REPRESENTATION('',(#3948),#3955);
#3948 = B_SPLINE_CURVE_WITH_KNOTS('',5,(#3949,#3950,#3951,#3952,#3953,
    #3954),.UNSPECIFIED.,.F.,.F.,(6,6),(0.,1.),
  .PIECEWISE_BEZIER_KNOTS.);
#3949 = CARTESIAN_POINT('',(0.869162694901,5.));
#3950 = CARTESIAN_POINT('',(0.869162694901,3.991947529727));
#3951 = CARTESIAN_POINT('',(0.86995350672,2.983962734573));
#3952 = CARTESIAN_POINT('',(0.871534933235,1.979879103961));
#3953 = CARTESIAN_POINT('',(0.873916293606,0.983603653045));
#3954 = CARTESIAN_POINT('',(0.877115398338,-6.E-07));
#3955 = ( GEOMETRIC_REPRESENTATION_CONTEXT(2) 
PARAMETRIC_REPRESENTATION_CONTEXT() REPRESENTATION_CONTEXT('2D SPACE',''
  ) );
#3956 = PCURVE('',#896,#3957);
#3957 = DEFINITIONAL_REPRESENTATION('',(#3958),#3965);
#3958 = B_SPLINE_CURVE_WITH_KNOTS('',5,(#3959,#3960,#3961,#3962,#3963,
    #3964),.UNSPECIFIED.,.F.,.F.,(6,6),(0.,1.),
  .PIECEWISE_BEZIER_KNOTS.);
#3959 = CARTESIAN_POINT('',(0.,54.483682677679));
#3960 = CARTESIAN_POINT('',(5.929720413369E-02,54.483682677679));
#3961 = CARTESIAN_POINT('',(0.1185903835,54.497127279296));
#3962 = CARTESIAN_POINT('',(0.178088662458,54.524007995564));
#3963 = CARTESIAN_POINT('',(0.237995579935,54.563910122269));
#3964 = CARTESIAN_POINT('',(0.298532237634,54.615889421096));
#3965 = ( GEOMETRIC_REPRESENTATION_CONTEXT(2) 
PARAMETRIC_REPRESENTATION_CONTEXT() REPRESENTATION_CONTEXT('2D SPACE',''
  ) );
#3966 = ORIENTED_EDGE('',*,*,#3967,.F.);
#3967 = EDGE_CURVE('',#2647,#3936,#3968,.T.);
#3968 = SURFACE_CURVE('',#3969,(#3976,#3986),.PCURVE_S1.);
#3969 = B_SPLINE_CURVE_WITH_KNOTS('',5,(#3970,#3971,#3972,#3973,#3974,
    #3975),.UNSPECIFIED.,.F.,.F.,(6,6),(0.,1.),
  .PIECEWISE_BEZIER_KNOTS.);
#3970 = CARTESIAN_POINT('',(61.379689432728,73.814183766684,
    5.000000596126));
#3971 = CARTESIAN_POINT('',(61.615828889506,73.61782358521,4.01639570919
    ));
#3972 = CARTESIAN_POINT('',(61.790821928383,73.470713058794,
    3.020120922816));
#3973 = CARTESIAN_POINT('',(61.906779670183,73.372723433997,
    2.016037744391));
#3974 = CARTESIAN_POINT('',(61.964764573816,73.323720250077,
    1.008052301828));
#3975 = CARTESIAN_POINT('',(61.964764573816,73.323720250077,
    4.302345607801E-15));
#3976 = PCURVE('',#598,#3977);
#3977 = DEFINITIONAL_REPRESENTATION('',(#3978),#3985);
#3978 = B_SPLINE_CURVE_WITH_KNOTS('',5,(#3979,#3980,#3981,#3982,#3983,
    #3984),.UNSPECIFIED.,.F.,.F.,(6,6),(0.,1.),
  .PIECEWISE_BEZIER_KNOTS.);
#3979 = CARTESIAN_POINT('',(0.877115398338,10.0000006));
#3980 = CARTESIAN_POINT('',(0.873916291544,9.016395713064));
#3981 = CARTESIAN_POINT('',(0.871534934532,8.020120912904));
#3982 = CARTESIAN_POINT('',(0.869953506588,7.016037750039));
#3983 = CARTESIAN_POINT('',(0.869162694901,6.008052301828));
#3984 = CARTESIAN_POINT('',(0.869162694901,5.));
#3985 = ( GEOMETRIC_REPRESENTATION_CONTEXT(2) 
PARAMETRIC_REPRESENTATION_CONTEXT() REPRESENTATION_CONTEXT('2D SPACE',''
  ) );
#3986 = PCURVE('',#896,#3987);
#3987 = DEFINITIONAL_REPRESENTATION('',(#3988),#3995);
#3988 = B_SPLINE_CURVE_WITH_KNOTS('',5,(#3989,#3990,#3991,#3992,#3993,
    #3994),.UNSPECIFIED.,.F.,.F.,(6,6),(0.,1.),
  .PIECEWISE_BEZIER_KNOTS.);
#3989 = CARTESIAN_POINT('',(5.984653069544,54.615889421097));
#3990 = CARTESIAN_POINT('',(6.045189766257,54.563910088771));
#3991 = CARTESIAN_POINT('',(6.10509664211,54.524008014478));
#3992 = CARTESIAN_POINT('',(6.164594895752,54.497127278921));
#3993 = CARTESIAN_POINT('',(6.223888112954,54.483682677679));
#3994 = CARTESIAN_POINT('',(6.28318530718,54.483682677679));
#3995 = ( GEOMETRIC_REPRESENTATION_CONTEXT(2) 
PARAMETRIC_REPRESENTATION_CONTEXT() REPRESENTATION_CONTEXT('2D SPACE',''
  ) );
#3996 = ADVANCED_FACE('',(#3997),#535,.F.);
#3997 = FACE_BOUND('',#3998,.F.);
#3998 = EDGE_LOOP('',(#3999,#4000,#4001,#4002));
#3999 = ORIENTED_EDGE('',*,*,#1827,.F.);
#4000 = ORIENTED_EDGE('',*,*,#518,.T.);
#4001 = ORIENTED_EDGE('',*,*,#835,.F.);
#4002 = ORIENTED_EDGE('',*,*,#4003,.F.);
#4003 = EDGE_CURVE('',#1828,#836,#4004,.T.);
#4004 = SURFACE_CURVE('',#4005,(#4010,#4017),.PCURVE_S1.);
#4005 = CIRCLE('',#4006,15.);
#4006 = AXIS2_PLACEMENT_3D('',#4007,#4008,#4009);
#4007 = CARTESIAN_POINT('',(40.,0.,0.));
#4008 = DIRECTION('',(1.,0.,0.));
#4009 = DIRECTION('',(-0.,0.,1.));
#4010 = PCURVE('',#535,#4011);
#4011 = DEFINITIONAL_REPRESENTATION('',(#4012),#4016);
#4012 = CIRCLE('',#4013,15.);
#4013 = AXIS2_PLACEMENT_2D('',#4014,#4015);
#4014 = CARTESIAN_POINT('',(0.,0.));
#4015 = DIRECTION('',(1.,0.));
#4016 = ( GEOMETRIC_REPRESENTATION_CONTEXT(2) 
PARAMETRIC_REPRESENTATION_CONTEXT() REPRESENTATION_CONTEXT('2D SPACE',''
  ) );
#4017 = PCURVE('',#1863,#4018);
#4018 = DEFINITIONAL_REPRESENTATION('',(#4019),#4023);
#4019 = LINE('',#4020,#4021);
#4020 = CARTESIAN_POINT('',(0.,5.));
#4021 = VECTOR('',#4022,1.);
#4022 = DIRECTION('',(1.,0.));
#4023 = ( GEOMETRIC_REPRESENTATION_CONTEXT(2) 
PARAMETRIC_REPRESENTATION_CONTEXT() REPRESENTATION_CONTEXT('2D SPACE',''
  ) );
#4024 = ADVANCED_FACE('',(#4025,#4028),#322,.T.);
#4025 = FACE_BOUND('',#4026,.T.);
#4026 = EDGE_LOOP('',(#4027));
#4027 = ORIENTED_EDGE('',*,*,#307,.T.);
#4028 = FACE_BOUND('',#4029,.T.);
#4029 = EDGE_LOOP('',(#4030));
#4030 = ORIENTED_EDGE('',*,*,#4031,.F.);
#4031 = EDGE_CURVE('',#4032,#4032,#4034,.T.);
#4032 = VERTEX_POINT('',#4033);
#4033 = CARTESIAN_POINT('',(100.,3.673940397442E-15,15.));
#4034 = SURFACE_CURVE('',#4035,(#4040,#4047),.PCURVE_S1.);
#4035 = CIRCLE('',#4036,15.);
#4036 = AXIS2_PLACEMENT_3D('',#4037,#4038,#4039);
#4037 = CARTESIAN_POINT('',(100.,0.,0.));
#4038 = DIRECTION('',(1.,0.,0.));
#4039 = DIRECTION('',(-0.,0.,1.));
#4040 = PCURVE('',#322,#4041);
#4041 = DEFINITIONAL_REPRESENTATION('',(#4042),#4046);
#4042 = CIRCLE('',#4043,15.);
#4043 = AXIS2_PLACEMENT_2D('',#4044,#4045);
#4044 = CARTESIAN_POINT('',(0.,0.));
#4045 = DIRECTION('',(1.,0.));
#4046 = ( GEOMETRIC_REPRESENTATION_CONTEXT(2) 
PARAMETRIC_REPRESENTATION_CONTEXT() REPRESENTATION_CONTEXT('2D SPACE',''
  ) );
#4047 = PCURVE('',#1863,#4048);
#4048 = DEFINITIONAL_REPRESENTATION('',(#4049),#4053);
#4049 = LINE('',#4050,#4051);
#4050 = CARTESIAN_POINT('',(0.,65.));
#4051 = VECTOR('',#4052,1.);
#4052 = DIRECTION('',(1.,0.));
#4053 = ( GEOMETRIC_REPRESENTATION_CONTEXT(2) 
PARAMETRIC_REPRESENTATION_CONTEXT() REPRESENTATION_CONTEXT('2D SPACE',''
  ) );
#4054 = ADVANCED_FACE('',(#4055),#773,.F.);
#4055 = FACE_BOUND('',#4056,.F.);
#4056 = EDGE_LOOP('',(#4057,#4221,#4242,#4243));
#4057 = ORIENTED_EDGE('',*,*,#4058,.F.);
#4058 = EDGE_CURVE('',#4059,#4059,#4061,.T.);
#4059 = VERTEX_POINT('',#4060);
#4060 = CARTESIAN_POINT('',(52.1,-5.143516556419E-16,-15.));
#4061 = SURFACE_CURVE('',#4062,(#4113,#4167),.PCURVE_S1.);
#4062 = B_SPLINE_CURVE_WITH_KNOTS('',7,(#4063,#4064,#4065,#4066,#4067,
    #4068,#4069,#4070,#4071,#4072,#4073,#4074,#4075,#4076,#4077,#4078,
    #4079,#4080,#4081,#4082,#4083,#4084,#4085,#4086,#4087,#4088,#4089,
    #4090,#4091,#4092,#4093,#4094,#4095,#4096,#4097,#4098,#4099,#4100,
    #4101,#4102,#4103,#4104,#4105,#4106,#4107,#4108,#4109,#4110,#4111,
    #4112),.UNSPECIFIED.,.T.,.F.,(8,6,6,6,6,6,6,6,8),(0.,0.122716134388,
    0.250005584291,0.377301853736,0.500000917927,0.62272930244,
    0.750027468938,0.877325329938,1.),.UNSPECIFIED.);
#4063 = CARTESIAN_POINT('',(52.1,-1.33226762955E-15,-15.));
#4064 = CARTESIAN_POINT('',(52.1,0.279114841086,-15.));
#4065 = CARTESIAN_POINT('',(52.056719856138,0.550621833632,
    -14.99394058823));
#4066 = CARTESIAN_POINT('',(51.974403147051,0.806764978538,
    -14.98241728871));
#4067 = CARTESIAN_POINT('',(51.858731309419,1.041123175928,
    -14.96699160453));
#4068 = CARTESIAN_POINT('',(51.716777447743,1.248816226171,
    -14.94978966022));
#4069 = CARTESIAN_POINT('',(51.556927443575,1.426969220229,
    -14.9327152988));
#4070 = CARTESIAN_POINT('',(51.214315032154,1.729022692112,
    -14.90081861724));
#4071 = CARTESIAN_POINT('',(51.026203302002,1.854812629014,
    -14.88566483757));
#4072 = CARTESIAN_POINT('',(50.828882909754,1.953784201402,
    -14.8726902789));
#4073 = CARTESIAN_POINT('',(50.625469654369,2.027106735307,
    -14.86257921381));
#4074 = CARTESIAN_POINT('',(50.418288884082,2.075681346836,
    -14.85571100596));
#4075 = CARTESIAN_POINT('',(50.209223235023,2.1,-14.85227255338));
#4076 = CARTESIAN_POINT('',(49.790765555824,2.1,-14.85227255338));
#4077 = CARTESIAN_POINT('',(49.581701995711,2.075678785534,
    -14.85571136503));
#4078 = CARTESIAN_POINT('',(49.374527561739,2.027104384878,
    -14.86257955456));
#4079 = CARTESIAN_POINT('',(49.171118824008,1.953784303542,
    -14.87269019934));
#4080 = CARTESIAN_POINT('',(48.973798738612,1.854814276428,
    -14.88566465942));
#4081 = CARTESIAN_POINT('',(48.785685210636,1.729022906161,
    -14.90081859464));
#4082 = CARTESIAN_POINT('',(48.443104723847,1.426997579627,
    -14.93271230406));
#4083 = CARTESIAN_POINT('',(48.283240849849,1.248846638305,
    -14.94978711743));
#4084 = CARTESIAN_POINT('',(48.141259143623,1.041127821908,
    -14.96699221715));
#4085 = CARTESIAN_POINT('',(48.025570345575,0.806727799117,
    -14.98242098978));
#4086 = CARTESIAN_POINT('',(47.943259460365,0.550550223874,
    -14.99394348792));
#4087 = CARTESIAN_POINT('',(47.9,0.27904815939,-15.));
#4088 = CARTESIAN_POINT('',(47.9,-0.279114841086,-15.));
#4089 = CARTESIAN_POINT('',(47.943280143862,-0.550621833631,
    -14.99394058823));
#4090 = CARTESIAN_POINT('',(48.02559685295,-0.80676497854,
    -14.98241728871));
#4091 = CARTESIAN_POINT('',(48.141268690579,-1.041123175926,
    -14.96699160453));
#4092 = CARTESIAN_POINT('',(48.283222552258,-1.248816226172,
    -14.94978966022));
#4093 = CARTESIAN_POINT('',(48.443072556425,-1.426969220229,
    -14.9327152988));
#4094 = CARTESIAN_POINT('',(48.785679500338,-1.729017871856,
    -14.90081912626));
#4095 = CARTESIAN_POINT('',(48.9737959696,-1.854814467231,
    -14.88566476047));
#4096 = CARTESIAN_POINT('',(49.171122959857,-1.953787403224,
    -14.87268975536));
#4097 = CARTESIAN_POINT('',(49.374534706006,-2.027106265677,
    -14.86257928826));
#4098 = CARTESIAN_POINT('',(49.581706220102,-2.075678646908,
    -14.85571138535));
#4099 = CARTESIAN_POINT('',(49.79076505369,-2.1,-14.85227255338));
#4100 = CARTESIAN_POINT('',(50.209234444175,-2.1,-14.85227255338));
#4101 = CARTESIAN_POINT('',(50.418298004289,-2.075678785534,
    -14.85571136503));
#4102 = CARTESIAN_POINT('',(50.625472438261,-2.027104384877,
    -14.86257955456));
#4103 = CARTESIAN_POINT('',(50.828881175992,-1.953784303542,
    -14.87269019934));
#4104 = CARTESIAN_POINT('',(51.026201261388,-1.854814276428,
    -14.88566465942));
#4105 = CARTESIAN_POINT('',(51.214314789364,-1.729022906161,
    -14.90081859464));
#4106 = CARTESIAN_POINT('',(51.556859745943,-1.42702890372,
    -14.93270899625));
#4107 = CARTESIAN_POINT('',(51.716748622379,-1.248871651583,
    -14.94978520486));
#4108 = CARTESIAN_POINT('',(51.858760923615,-1.041116957967,
    -14.96699426571));
#4109 = CARTESIAN_POINT('',(51.974460649585,-0.806673727383,
    -14.98242535667));
#4110 = CARTESIAN_POINT('',(52.056760284451,-0.550471778583,
    -14.99394624531));
#4111 = CARTESIAN_POINT('',(52.1,-0.278984464782,-15.));
#4112 = CARTESIAN_POINT('',(52.1,-1.33226762955E-15,-15.));
#4113 = PCURVE('',#773,#4114);
#4114 = DEFINITIONAL_REPRESENTATION('',(#4115),#4166);
#4115 = B_SPLINE_CURVE_WITH_KNOTS('',7,(#4116,#4117,#4118,#4119,#4120,
    #4121,#4122,#4123,#4124,#4125,#4126,#4127,#4128,#4129,#4130,#4131,
    #4132,#4133,#4134,#4135,#4136,#4137,#4138,#4139,#4140,#4141,#4142,
    #4143,#4144,#4145,#4146,#4147,#4148,#4149,#4150,#4151,#4152,#4153,
    #4154,#4155,#4156,#4157,#4158,#4159,#4160,#4161,#4162,#4163,#4164,
    #4165),.UNSPECIFIED.,.F.,.F.,(8,6,6,6,6,6,6,6,8),(0.,0.122716134388,
    0.250005584291,0.377301853736,0.500000917927,0.62272930244,
    0.750027468938,0.877325329938,1.),.UNSPECIFIED.);
#4116 = CARTESIAN_POINT('',(0.,5.));
#4117 = CARTESIAN_POINT('',(0.132911829089,5.));
#4118 = CARTESIAN_POINT('',(0.262200783289,5.006059411762));
#4119 = CARTESIAN_POINT('',(0.388008999378,5.017582711288));
#4120 = CARTESIAN_POINT('',(0.510172633931,5.033008395469));
#4121 = CARTESIAN_POINT('',(0.628269582203,5.050210339774));
#4122 = CARTESIAN_POINT('',(0.741469619685,5.067284701199));
#4123 = CARTESIAN_POINT('',(0.95896909936,5.099181382754));
#4124 = CARTESIAN_POINT('',(1.065774497183,5.114335162424));
#4125 = CARTESIAN_POINT('',(1.169640913773,5.127309721099));
#4126 = CARTESIAN_POINT('',(1.271337781005,5.137420786188));
#4127 = CARTESIAN_POINT('',(1.371611295787,5.144288994037));
#4128 = CARTESIAN_POINT('',(1.471166214879,5.147727446616));
#4129 = CARTESIAN_POINT('',(1.670431776402,5.147727446616));
#4130 = CARTESIAN_POINT('',(1.769985685999,5.144288634962));
#4131 = CARTESIAN_POINT('',(1.87025647807,5.137420445431));
#4132 = CARTESIAN_POINT('',(1.971951047194,5.127309800656));
#4133 = CARTESIAN_POINT('',(2.07581691647,5.114335340572));
#4134 = CARTESIAN_POINT('',(2.1826234001,5.099181405357));
#4135 = CARTESIAN_POINT('',(2.400102613169,5.067287695936));
#4136 = CARTESIAN_POINT('',(2.51330696195,5.05021288257));
#4137 = CARTESIAN_POINT('',(2.631420806017,5.033007782845));
#4138 = CARTESIAN_POINT('',(2.753604070727,5.017579010214));
#4139 = CARTESIAN_POINT('',(2.879425977551,5.006056512078));
#4140 = CARTESIAN_POINT('',(3.00871257769,5.));
#4141 = CARTESIAN_POINT('',(3.274504482679,5.));
#4142 = CARTESIAN_POINT('',(3.403793436879,5.006059411762));
#4143 = CARTESIAN_POINT('',(3.529601652969,5.017582711289));
#4144 = CARTESIAN_POINT('',(3.65176528752,5.033008395469));
#4145 = CARTESIAN_POINT('',(3.769862235794,5.050210339774));
#4146 = CARTESIAN_POINT('',(3.883062273274,5.067284701199));
#4147 = CARTESIAN_POINT('',(4.10055828203,5.099180873737));
#4148 = CARTESIAN_POINT('',(4.207367459136,5.114335239521));
#4149 = CARTESIAN_POINT('',(4.311236508755,5.127310244634));
#4150 = CARTESIAN_POINT('',(4.41293224598,5.137420711731));
#4151 = CARTESIAN_POINT('',(4.513201622414,5.144288614644));
#4152 = CARTESIAN_POINT('',(4.612753291666,5.147727446616));
#4153 = CARTESIAN_POINT('',(4.812024429992,5.147727446616));
#4154 = CARTESIAN_POINT('',(4.911578339589,5.144288634962));
#4155 = CARTESIAN_POINT('',(5.011849131659,5.137420445431));
#4156 = CARTESIAN_POINT('',(5.113543700784,5.127309800656));
#4157 = CARTESIAN_POINT('',(5.21740957006,5.114335340572));
#4158 = CARTESIAN_POINT('',(5.32421605369,5.099181405357));
#4159 = CARTESIAN_POINT('',(5.541672711236,5.067291003743));
#4160 = CARTESIAN_POINT('',(5.654887988967,5.050214795134));
#4161 = CARTESIAN_POINT('',(5.773022741976,5.033005734287));
#4162 = CARTESIAN_POINT('',(5.895225063695,5.017574643324));
#4163 = CARTESIAN_POINT('',(6.021055992282,5.006053754682));
#4164 = CARTESIAN_POINT('',(6.150335562045,5.));
#4165 = CARTESIAN_POINT('',(6.28318530718,5.));
#4166 = ( GEOMETRIC_REPRESENTATION_CONTEXT(2) 
PARAMETRIC_REPRESENTATION_CONTEXT() REPRESENTATION_CONTEXT('2D SPACE',''
  ) );
#4167 = PCURVE('',#1863,#4168);
#4168 = DEFINITIONAL_REPRESENTATION('',(#4169),#4220);
#4169 = B_SPLINE_CURVE_WITH_KNOTS('',7,(#4170,#4171,#4172,#4173,#4174,
    #4175,#4176,#4177,#4178,#4179,#4180,#4181,#4182,#4183,#4184,#4185,
    #4186,#4187,#4188,#4189,#4190,#4191,#4192,#4193,#4194,#4195,#4196,
    #4197,#4198,#4199,#4200,#4201,#4202,#4203,#4204,#4205,#4206,#4207,
    #4208,#4209,#4210,#4211,#4212,#4213,#4214,#4215,#4216,#4217,#4218,
    #4219),.UNSPECIFIED.,.T.,.F.,(8,6,6,6,6,6,6,6,8),(0.,0.122716134388,
    0.250005584291,0.377301853736,0.500000917927,0.62272930244,
    0.750027468938,0.877325329938,1.),.UNSPECIFIED.);
#4170 = CARTESIAN_POINT('',(3.14159265359,17.1));
#4171 = CARTESIAN_POINT('',(3.160200309662,17.1));
#4172 = CARTESIAN_POINT('',(3.178300787251,17.056719856138));
#4173 = CARTESIAN_POINT('',(3.195387456318,16.974403147051));
#4174 = CARTESIAN_POINT('',(3.211040514867,16.85873130942));
#4175 = CARTESIAN_POINT('',(3.224932241537,16.716777447743));
#4176 = CARTESIAN_POINT('',(3.236862964266,16.556927443575));
#4177 = CARTESIAN_POINT('',(3.257111826859,16.214315032154));
#4178 = CARTESIAN_POINT('',(3.265557545504,16.026203302002));
#4179 = CARTESIAN_POINT('',(3.272211790023,15.828882909754));
#4180 = CARTESIAN_POINT('',(3.277146178834,15.625469654369));
#4181 = CARTESIAN_POINT('',(3.280416699794,15.418288884082));
#4182 = CARTESIAN_POINT('',(3.2820540683,15.209223235023));
#4183 = CARTESIAN_POINT('',(3.2820540683,14.790765555824));
#4184 = CARTESIAN_POINT('',(3.280416527395,14.581701995711));
#4185 = CARTESIAN_POINT('',(3.277146020459,14.374527561739));
#4186 = CARTESIAN_POINT('',(3.272211797511,14.171118824008));
#4187 = CARTESIAN_POINT('',(3.265557655929,13.973798738612));
#4188 = CARTESIAN_POINT('',(3.257111841208,13.785685210636));
#4189 = CARTESIAN_POINT('',(3.236864865405,13.443104723847));
#4190 = CARTESIAN_POINT('',(3.224934275892,13.283240849849));
#4191 = CARTESIAN_POINT('',(3.211040818457,13.141259143623));
#4192 = CARTESIAN_POINT('',(3.195384969728,13.025570345575));
#4193 = CARTESIAN_POINT('',(3.178296013251,12.943259460365));
#4194 = CARTESIAN_POINT('',(3.160195864216,12.9));
#4195 = CARTESIAN_POINT('',(3.122984997517,12.9));
#4196 = CARTESIAN_POINT('',(3.104884519929,12.943280143862));
#4197 = CARTESIAN_POINT('',(3.087797850862,13.025596852951));
#4198 = CARTESIAN_POINT('',(3.072144792312,13.141268690578));
#4199 = CARTESIAN_POINT('',(3.058253065643,13.283222552258));
#4200 = CARTESIAN_POINT('',(3.046322342914,13.443072556425));
#4201 = CARTESIAN_POINT('',(3.026073803458,13.785679500338));
#4202 = CARTESIAN_POINT('',(3.017627639325,13.9737959696));
#4203 = CARTESIAN_POINT('',(3.010973301129,14.171122959857));
#4204 = CARTESIAN_POINT('',(3.006039159958,14.374534706006));
#4205 = CARTESIAN_POINT('',(3.002768789165,14.581706220102));
#4206 = CARTESIAN_POINT('',(3.00113123888,14.79076505369));
#4207 = CARTESIAN_POINT('',(3.00113123888,15.209234444175));
#4208 = CARTESIAN_POINT('',(3.002768779785,15.418298004289));
#4209 = CARTESIAN_POINT('',(3.00603928672,15.625472438261));
#4210 = CARTESIAN_POINT('',(3.010973509668,15.828881175992));
#4211 = CARTESIAN_POINT('',(3.01762765125,16.026201261388));
#4212 = CARTESIAN_POINT('',(3.026073465971,16.214314789364));
#4213 = CARTESIAN_POINT('',(3.046318341891,16.556859745943));
#4214 = CARTESIAN_POINT('',(3.058249359538,16.716748622379));
#4215 = CARTESIAN_POINT('',(3.07214522258,16.858760923615));
#4216 = CARTESIAN_POINT('',(3.087803950225,16.974460649585));
#4217 = CARTESIAN_POINT('',(3.104894523389,17.056760284451));
#4218 = CARTESIAN_POINT('',(3.122993689271,17.1));
#4219 = CARTESIAN_POINT('',(3.14159265359,17.1));
#4220 = ( GEOMETRIC_REPRESENTATION_CONTEXT(2) 
PARAMETRIC_REPRESENTATION_CONTEXT() REPRESENTATION_CONTEXT('2D SPACE',''
  ) );
#4221 = ORIENTED_EDGE('',*,*,#4222,.F.);
#4222 = EDGE_CURVE('',#664,#4059,#4223,.T.);
#4223 = SEAM_CURVE('',#4224,(#4228,#4235),.PCURVE_S1.);
#4224 = LINE('',#4225,#4226);
#4225 = CARTESIAN_POINT('',(52.1,-5.143516556419E-16,-20.));
#4226 = VECTOR('',#4227,1.);
#4227 = DIRECTION('',(0.,0.,1.));
#4228 = PCURVE('',#773,#4229);
#4229 = DEFINITIONAL_REPRESENTATION('',(#4230),#4234);
#4230 = LINE('',#4231,#4232);
#4231 = CARTESIAN_POINT('',(6.28318530718,-0.));
#4232 = VECTOR('',#4233,1.);
#4233 = DIRECTION('',(0.,1.));
#4234 = ( GEOMETRIC_REPRESENTATION_CONTEXT(2) 
PARAMETRIC_REPRESENTATION_CONTEXT() REPRESENTATION_CONTEXT('2D SPACE',''
  ) );
#4235 = PCURVE('',#773,#4236);
#4236 = DEFINITIONAL_REPRESENTATION('',(#4237),#4241);
#4237 = LINE('',#4238,#4239);
#4238 = CARTESIAN_POINT('',(0.,-0.));
#4239 = VECTOR('',#4240,1.);
#4240 = DIRECTION('',(0.,1.));
#4241 = ( GEOMETRIC_REPRESENTATION_CONTEXT(2) 
PARAMETRIC_REPRESENTATION_CONTEXT() REPRESENTATION_CONTEXT('2D SPACE',''
  ) );
#4242 = ORIENTED_EDGE('',*,*,#663,.T.);
#4243 = ORIENTED_EDGE('',*,*,#4222,.T.);
#4244 = ADVANCED_FACE('',(#4245,#4345),#1863,.F.);
#4245 = FACE_BOUND('',#4246,.F.);
#4246 = EDGE_LOOP('',(#4247,#4248,#4269,#4270,#4291,#4292,#4293,#4315,
    #4316,#4317,#4318,#4340,#4341,#4342,#4343,#4344));
#4247 = ORIENTED_EDGE('',*,*,#4031,.F.);
#4248 = ORIENTED_EDGE('',*,*,#4249,.F.);
#4249 = EDGE_CURVE('',#3670,#4032,#4250,.T.);
#4250 = SEAM_CURVE('',#4251,(#4255,#4262),.PCURVE_S1.);
#4251 = LINE('',#4252,#4253);
#4252 = CARTESIAN_POINT('',(35.,3.673940397442E-15,15.));
#4253 = VECTOR('',#4254,1.);
#4254 = DIRECTION('',(1.,0.,0.));
#4255 = PCURVE('',#1863,#4256);
#4256 = DEFINITIONAL_REPRESENTATION('',(#4257),#4261);
#4257 = LINE('',#4258,#4259);
#4258 = CARTESIAN_POINT('',(6.28318530718,-0.));
#4259 = VECTOR('',#4260,1.);
#4260 = DIRECTION('',(0.,1.));
#4261 = ( GEOMETRIC_REPRESENTATION_CONTEXT(2) 
PARAMETRIC_REPRESENTATION_CONTEXT() REPRESENTATION_CONTEXT('2D SPACE',''
  ) );
#4262 = PCURVE('',#1863,#4263);
#4263 = DEFINITIONAL_REPRESENTATION('',(#4264),#4268);
#4264 = LINE('',#4265,#4266);
#4265 = CARTESIAN_POINT('',(0.,-0.));
#4266 = VECTOR('',#4267,1.);
#4267 = DIRECTION('',(0.,1.));
#4268 = ( GEOMETRIC_REPRESENTATION_CONTEXT(2) 
PARAMETRIC_REPRESENTATION_CONTEXT() REPRESENTATION_CONTEXT('2D SPACE',''
  ) );
#4269 = ORIENTED_EDGE('',*,*,#3784,.F.);
#4270 = ORIENTED_EDGE('',*,*,#4271,.F.);
#4271 = EDGE_CURVE('',#3884,#3693,#4272,.T.);
#4272 = SEAM_CURVE('',#4273,(#4277,#4284),.PCURVE_S1.);
#4273 = LINE('',#4274,#4275);
#4274 = CARTESIAN_POINT('',(35.,3.673940397442E-15,15.));
#4275 = VECTOR('',#4276,1.);
#4276 = DIRECTION('',(1.,0.,0.));
#4277 = PCURVE('',#1863,#4278);
#4278 = DEFINITIONAL_REPRESENTATION('',(#4279),#4283);
#4279 = LINE('',#4280,#4281);
#4280 = CARTESIAN_POINT('',(6.28318530718,-0.));
#4281 = VECTOR('',#4282,1.);
#4282 = DIRECTION('',(0.,1.));
#4283 = ( GEOMETRIC_REPRESENTATION_CONTEXT(2) 
PARAMETRIC_REPRESENTATION_CONTEXT() REPRESENTATION_CONTEXT('2D SPACE',''
  ) );
#4284 = PCURVE('',#1863,#4285);
#4285 = DEFINITIONAL_REPRESENTATION('',(#4286),#4290);
#4286 = LINE('',#4287,#4288);
#4287 = CARTESIAN_POINT('',(0.,-0.));
#4288 = VECTOR('',#4289,1.);
#4289 = DIRECTION('',(0.,1.));
#4290 = ( GEOMETRIC_REPRESENTATION_CONTEXT(2) 
PARAMETRIC_REPRESENTATION_CONTEXT() REPRESENTATION_CONTEXT('2D SPACE',''
  ) );
#4291 = ORIENTED_EDGE('',*,*,#3883,.T.);
#4292 = ORIENTED_EDGE('',*,*,#3500,.F.);
#4293 = ORIENTED_EDGE('',*,*,#4294,.T.);
#4294 = EDGE_CURVE('',#3501,#1849,#4295,.T.);
#4295 = SURFACE_CURVE('',#4296,(#4301,#4308),.PCURVE_S1.);
#4296 = CIRCLE('',#4297,15.);
#4297 = AXIS2_PLACEMENT_3D('',#4298,#4299,#4300);
#4298 = CARTESIAN_POINT('',(35.,0.,0.));
#4299 = DIRECTION('',(1.,0.,0.));
#4300 = DIRECTION('',(-0.,0.,1.));
#4301 = PCURVE('',#1863,#4302);
#4302 = DEFINITIONAL_REPRESENTATION('',(#4303),#4307);
#4303 = LINE('',#4304,#4305);
#4304 = CARTESIAN_POINT('',(0.,0.));
#4305 = VECTOR('',#4306,1.);
#4306 = DIRECTION('',(1.,0.));
#4307 = ( GEOMETRIC_REPRESENTATION_CONTEXT(2) 
PARAMETRIC_REPRESENTATION_CONTEXT() REPRESENTATION_CONTEXT('2D SPACE',''
  ) );
#4308 = PCURVE('',#1889,#4309);
#4309 = DEFINITIONAL_REPRESENTATION('',(#4310),#4314);
#4310 = CIRCLE('',#4311,15.);
#4311 = AXIS2_PLACEMENT_2D('',#4312,#4313);
#4312 = CARTESIAN_POINT('',(0.,0.));
#4313 = DIRECTION('',(1.,0.));
#4314 = ( GEOMETRIC_REPRESENTATION_CONTEXT(2) 
PARAMETRIC_REPRESENTATION_CONTEXT() REPRESENTATION_CONTEXT('2D SPACE',''
  ) );
#4315 = ORIENTED_EDGE('',*,*,#1848,.T.);
#4316 = ORIENTED_EDGE('',*,*,#4003,.T.);
#4317 = ORIENTED_EDGE('',*,*,#1900,.F.);
#4318 = ORIENTED_EDGE('',*,*,#4319,.T.);
#4319 = EDGE_CURVE('',#1875,#3522,#4320,.T.);
#4320 = SURFACE_CURVE('',#4321,(#4326,#4333),.PCURVE_S1.);
#4321 = CIRCLE('',#4322,15.);
#4322 = AXIS2_PLACEMENT_3D('',#4323,#4324,#4325);
#4323 = CARTESIAN_POINT('',(35.,0.,0.));
#4324 = DIRECTION('',(1.,0.,0.));
#4325 = DIRECTION('',(-0.,0.,1.));
#4326 = PCURVE('',#1863,#4327);
#4327 = DEFINITIONAL_REPRESENTATION('',(#4328),#4332);
#4328 = LINE('',#4329,#4330);
#4329 = CARTESIAN_POINT('',(0.,0.));
#4330 = VECTOR('',#4331,1.);
#4331 = DIRECTION('',(1.,0.));
#4332 = ( GEOMETRIC_REPRESENTATION_CONTEXT(2) 
PARAMETRIC_REPRESENTATION_CONTEXT() REPRESENTATION_CONTEXT('2D SPACE',''
  ) );
#4333 = PCURVE('',#1889,#4334);
#4334 = DEFINITIONAL_REPRESENTATION('',(#4335),#4339);
#4335 = CIRCLE('',#4336,15.);
#4336 = AXIS2_PLACEMENT_2D('',#4337,#4338);
#4337 = CARTESIAN_POINT('',(0.,0.));
#4338 = DIRECTION('',(1.,0.));
#4339 = ( GEOMETRIC_REPRESENTATION_CONTEXT(2) 
PARAMETRIC_REPRESENTATION_CONTEXT() REPRESENTATION_CONTEXT('2D SPACE',''
  ) );
#4340 = ORIENTED_EDGE('',*,*,#3542,.T.);
#4341 = ORIENTED_EDGE('',*,*,#3907,.T.);
#4342 = ORIENTED_EDGE('',*,*,#4271,.T.);
#4343 = ORIENTED_EDGE('',*,*,#3692,.F.);
#4344 = ORIENTED_EDGE('',*,*,#4249,.T.);
#4345 = FACE_BOUND('',#4346,.F.);
#4346 = EDGE_LOOP('',(#4347));
#4347 = ORIENTED_EDGE('',*,*,#4058,.T.);
#4348 = ADVANCED_FACE('',(#4349),#1889,.T.);
#4349 = FACE_BOUND('',#4350,.T.);
#4350 = EDGE_LOOP('',(#4351,#4352,#4353,#4354));
#4351 = ORIENTED_EDGE('',*,*,#3521,.F.);
#4352 = ORIENTED_EDGE('',*,*,#4294,.T.);
#4353 = ORIENTED_EDGE('',*,*,#1874,.T.);
#4354 = ORIENTED_EDGE('',*,*,#4319,.T.);
#4355 = ADVANCED_FACE('',(#4356),#1701,.F.);
#4356 = FACE_BOUND('',#4357,.F.);
#4357 = EDGE_LOOP('',(#4358,#4359,#4360,#4361));
#4358 = ORIENTED_EDGE('',*,*,#1686,.F.);
#4359 = ORIENTED_EDGE('',*,*,#2162,.T.);
#4360 = ORIENTED_EDGE('',*,*,#1785,.F.);
#4361 = ORIENTED_EDGE('',*,*,#4362,.F.);
#4362 = EDGE_CURVE('',#1687,#1765,#4363,.T.);
#4363 = SURFACE_CURVE('',#4364,(#4369,#4376),.PCURVE_S1.);
#4364 = CIRCLE('',#4365,15.);
#4365 = AXIS2_PLACEMENT_3D('',#4366,#4367,#4368);
#4366 = CARTESIAN_POINT('',(20.,-34.64,0.));
#4367 = DIRECTION('',(0.500011000363,-0.866019052629,0.));
#4368 = DIRECTION('',(-0.866019052629,-0.500011000363,0.));
#4369 = PCURVE('',#1701,#4370);
#4370 = DEFINITIONAL_REPRESENTATION('',(#4371),#4375);
#4371 = CIRCLE('',#4372,15.);
#4372 = AXIS2_PLACEMENT_2D('',#4373,#4374);
#4373 = CARTESIAN_POINT('',(0.,0.));
#4374 = DIRECTION('',(1.,0.));
#4375 = ( GEOMETRIC_REPRESENTATION_CONTEXT(2) 
PARAMETRIC_REPRESENTATION_CONTEXT() REPRESENTATION_CONTEXT('2D SPACE',''
  ) );
#4376 = PCURVE('',#1727,#4377);
#4377 = DEFINITIONAL_REPRESENTATION('',(#4378),#4382);
#4378 = LINE('',#4379,#4380);
#4379 = CARTESIAN_POINT('',(0.,4.99988999879));
#4380 = VECTOR('',#4381,1.);
#4381 = DIRECTION('',(1.,0.));
#4382 = ( GEOMETRIC_REPRESENTATION_CONTEXT(2) 
PARAMETRIC_REPRESENTATION_CONTEXT() REPRESENTATION_CONTEXT('2D SPACE',''
  ) );
#4383 = ADVANCED_FACE('',(#4384,#4527,#4717),#1727,.F.);
#4384 = FACE_BOUND('',#4385,.F.);
#4385 = EDGE_LOOP('',(#4386,#4410,#4433,#4455,#4456,#4457,#4458,#4480,
    #4481,#4503,#4504,#4526));
#4386 = ORIENTED_EDGE('',*,*,#4387,.F.);
#4387 = EDGE_CURVE('',#4388,#4388,#4390,.T.);
#4388 = VERTEX_POINT('',#4389);
#4389 = CARTESIAN_POINT('',(37.009714210569,-94.10016500544,
    3.673940397442E-15));
#4390 = SURFACE_CURVE('',#4391,(#4396,#4403),.PCURVE_S1.);
#4391 = CIRCLE('',#4392,15.);
#4392 = AXIS2_PLACEMENT_3D('',#4393,#4394,#4395);
#4393 = CARTESIAN_POINT('',(50.,-86.6,0.));
#4394 = DIRECTION('',(0.500011000363,-0.866019052629,0.));
#4395 = DIRECTION('',(-0.866019052629,-0.500011000363,0.));
#4396 = PCURVE('',#1727,#4397);
#4397 = DEFINITIONAL_REPRESENTATION('',(#4398),#4402);
#4398 = LINE('',#4399,#4400);
#4399 = CARTESIAN_POINT('',(0.,64.99856998427));
#4400 = VECTOR('',#4401,1.);
#4401 = DIRECTION('',(1.,0.));
#4402 = ( GEOMETRIC_REPRESENTATION_CONTEXT(2) 
PARAMETRIC_REPRESENTATION_CONTEXT() REPRESENTATION_CONTEXT('2D SPACE',''
  ) );
#4403 = PCURVE('',#2118,#4404);
#4404 = DEFINITIONAL_REPRESENTATION('',(#4405),#4409);
#4405 = CIRCLE('',#4406,15.);
#4406 = AXIS2_PLACEMENT_2D('',#4407,#4408);
#4407 = CARTESIAN_POINT('',(0.,0.));
#4408 = DIRECTION('',(1.,0.));
#4409 = ( GEOMETRIC_REPRESENTATION_CONTEXT(2) 
PARAMETRIC_REPRESENTATION_CONTEXT() REPRESENTATION_CONTEXT('2D SPACE',''
  ) );
#4410 = ORIENTED_EDGE('',*,*,#4411,.F.);
#4411 = EDGE_CURVE('',#4412,#4388,#4414,.T.);
#4412 = VERTEX_POINT('',#4413);
#4413 = CARTESIAN_POINT('',(4.509714210569,-37.81016500544,
    3.673940397442E-15));
#4414 = SEAM_CURVE('',#4415,(#4419,#4426),.PCURVE_S1.);
#4415 = LINE('',#4416,#4417);
#4416 = CARTESIAN_POINT('',(4.509714210569,-37.81016500544,
    3.673940397442E-15));
#4417 = VECTOR('',#4418,1.);
#4418 = DIRECTION('',(0.500011000363,-0.866019052629,0.));
#4419 = PCURVE('',#1727,#4420);
#4420 = DEFINITIONAL_REPRESENTATION('',(#4421),#4425);
#4421 = LINE('',#4422,#4423);
#4422 = CARTESIAN_POINT('',(6.28318530718,-0.));
#4423 = VECTOR('',#4424,1.);
#4424 = DIRECTION('',(0.,1.));
#4425 = ( GEOMETRIC_REPRESENTATION_CONTEXT(2) 
PARAMETRIC_REPRESENTATION_CONTEXT() REPRESENTATION_CONTEXT('2D SPACE',''
  ) );
#4426 = PCURVE('',#1727,#4427);
#4427 = DEFINITIONAL_REPRESENTATION('',(#4428),#4432);
#4428 = LINE('',#4429,#4430);
#4429 = CARTESIAN_POINT('',(0.,-0.));
#4430 = VECTOR('',#4431,1.);
#4431 = DIRECTION('',(0.,1.));
#4432 = ( GEOMETRIC_REPRESENTATION_CONTEXT(2) 
PARAMETRIC_REPRESENTATION_CONTEXT() REPRESENTATION_CONTEXT('2D SPACE',''
  ) );
#4433 = ORIENTED_EDGE('',*,*,#4434,.T.);
#4434 = EDGE_CURVE('',#4412,#1713,#4435,.T.);
#4435 = SURFACE_CURVE('',#4436,(#4441,#4448),.PCURVE_S1.);
#4436 = CIRCLE('',#4437,15.);
#4437 = AXIS2_PLACEMENT_3D('',#4438,#4439,#4440);
#4438 = CARTESIAN_POINT('',(17.5,-30.31,0.));
#4439 = DIRECTION('',(0.500011000363,-0.866019052629,0.));
#4440 = DIRECTION('',(-0.866019052629,-0.500011000363,0.));
#4441 = PCURVE('',#1727,#4442);
#4442 = DEFINITIONAL_REPRESENTATION('',(#4443),#4447);
#4443 = LINE('',#4444,#4445);
#4444 = CARTESIAN_POINT('',(0.,0.));
#4445 = VECTOR('',#4446,1.);
#4446 = DIRECTION('',(1.,0.));
#4447 = ( GEOMETRIC_REPRESENTATION_CONTEXT(2) 
PARAMETRIC_REPRESENTATION_CONTEXT() REPRESENTATION_CONTEXT('2D SPACE',''
  ) );
#4448 = PCURVE('',#1753,#4449);
#4449 = DEFINITIONAL_REPRESENTATION('',(#4450),#4454);
#4450 = CIRCLE('',#4451,15.);
#4451 = AXIS2_PLACEMENT_2D('',#4452,#4453);
#4452 = CARTESIAN_POINT('',(0.,0.));
#4453 = DIRECTION('',(1.,0.));
#4454 = ( GEOMETRIC_REPRESENTATION_CONTEXT(2) 
PARAMETRIC_REPRESENTATION_CONTEXT() REPRESENTATION_CONTEXT('2D SPACE',''
  ) );
#4455 = ORIENTED_EDGE('',*,*,#1712,.T.);
#4456 = ORIENTED_EDGE('',*,*,#4362,.T.);
#4457 = ORIENTED_EDGE('',*,*,#1764,.F.);
#4458 = ORIENTED_EDGE('',*,*,#4459,.T.);
#4459 = EDGE_CURVE('',#1739,#3416,#4460,.T.);
#4460 = SURFACE_CURVE('',#4461,(#4466,#4473),.PCURVE_S1.);
#4461 = CIRCLE('',#4462,15.);
#4462 = AXIS2_PLACEMENT_3D('',#4463,#4464,#4465);
#4463 = CARTESIAN_POINT('',(17.5,-30.31,0.));
#4464 = DIRECTION('',(0.500011000363,-0.866019052629,0.));
#4465 = DIRECTION('',(-0.866019052629,-0.500011000363,0.));
#4466 = PCURVE('',#1727,#4467);
#4467 = DEFINITIONAL_REPRESENTATION('',(#4468),#4472);
#4468 = LINE('',#4469,#4470);
#4469 = CARTESIAN_POINT('',(0.,0.));
#4470 = VECTOR('',#4471,1.);
#4471 = DIRECTION('',(1.,0.));
#4472 = ( GEOMETRIC_REPRESENTATION_CONTEXT(2) 
PARAMETRIC_REPRESENTATION_CONTEXT() REPRESENTATION_CONTEXT('2D SPACE',''
  ) );
#4473 = PCURVE('',#1753,#4474);
#4474 = DEFINITIONAL_REPRESENTATION('',(#4475),#4479);
#4475 = CIRCLE('',#4476,15.);
#4476 = AXIS2_PLACEMENT_2D('',#4477,#4478);
#4477 = CARTESIAN_POINT('',(0.,0.));
#4478 = DIRECTION('',(1.,0.));
#4479 = ( GEOMETRIC_REPRESENTATION_CONTEXT(2) 
PARAMETRIC_REPRESENTATION_CONTEXT() REPRESENTATION_CONTEXT('2D SPACE',''
  ) );
#4480 = ORIENTED_EDGE('',*,*,#3436,.T.);
#4481 = ORIENTED_EDGE('',*,*,#4482,.T.);
#4482 = EDGE_CURVE('',#3437,#3374,#4483,.T.);
#4483 = SURFACE_CURVE('',#4484,(#4489,#4496),.PCURVE_S1.);
#4484 = CIRCLE('',#4485,15.);
#4485 = AXIS2_PLACEMENT_3D('',#4486,#4487,#4488);
#4486 = CARTESIAN_POINT('',(20.,-34.64,0.));
#4487 = DIRECTION('',(0.500011000363,-0.866019052629,0.));
#4488 = DIRECTION('',(-0.866019052629,-0.500011000363,0.));
#4489 = PCURVE('',#1727,#4490);
#4490 = DEFINITIONAL_REPRESENTATION('',(#4491),#4495);
#4491 = LINE('',#4492,#4493);
#4492 = CARTESIAN_POINT('',(0.,4.99988999879));
#4493 = VECTOR('',#4494,1.);
#4494 = DIRECTION('',(1.,0.));
#4495 = ( GEOMETRIC_REPRESENTATION_CONTEXT(2) 
PARAMETRIC_REPRESENTATION_CONTEXT() REPRESENTATION_CONTEXT('2D SPACE',''
  ) );
#4496 = PCURVE('',#2224,#4497);
#4497 = DEFINITIONAL_REPRESENTATION('',(#4498),#4502);
#4498 = CIRCLE('',#4499,15.);
#4499 = AXIS2_PLACEMENT_2D('',#4500,#4501);
#4500 = CARTESIAN_POINT('',(0.,0.));
#4501 = DIRECTION('',(1.,0.));
#4502 = ( GEOMETRIC_REPRESENTATION_CONTEXT(2) 
PARAMETRIC_REPRESENTATION_CONTEXT() REPRESENTATION_CONTEXT('2D SPACE',''
  ) );
#4503 = ORIENTED_EDGE('',*,*,#3394,.F.);
#4504 = ORIENTED_EDGE('',*,*,#4505,.T.);
#4505 = EDGE_CURVE('',#3395,#4412,#4506,.T.);
#4506 = SURFACE_CURVE('',#4507,(#4512,#4519),.PCURVE_S1.);
#4507 = CIRCLE('',#4508,15.);
#4508 = AXIS2_PLACEMENT_3D('',#4509,#4510,#4511);
#4509 = CARTESIAN_POINT('',(17.5,-30.31,0.));
#4510 = DIRECTION('',(0.500011000363,-0.866019052629,0.));
#4511 = DIRECTION('',(-0.866019052629,-0.500011000363,0.));
#4512 = PCURVE('',#1727,#4513);
#4513 = DEFINITIONAL_REPRESENTATION('',(#4514),#4518);
#4514 = LINE('',#4515,#4516);
#4515 = CARTESIAN_POINT('',(0.,0.));
#4516 = VECTOR('',#4517,1.);
#4517 = DIRECTION('',(1.,0.));
#4518 = ( GEOMETRIC_REPRESENTATION_CONTEXT(2) 
PARAMETRIC_REPRESENTATION_CONTEXT() REPRESENTATION_CONTEXT('2D SPACE',''
  ) );
#4519 = PCURVE('',#1753,#4520);
#4520 = DEFINITIONAL_REPRESENTATION('',(#4521),#4525);
#4521 = CIRCLE('',#4522,15.);
#4522 = AXIS2_PLACEMENT_2D('',#4523,#4524);
#4523 = CARTESIAN_POINT('',(0.,0.));
#4524 = DIRECTION('',(1.,0.));
#4525 = ( GEOMETRIC_REPRESENTATION_CONTEXT(2) 
PARAMETRIC_REPRESENTATION_CONTEXT() REPRESENTATION_CONTEXT('2D SPACE',''
  ) );
#4526 = ORIENTED_EDGE('',*,*,#4411,.T.);
#4527 = FACE_BOUND('',#4528,.F.);
#4528 = EDGE_LOOP('',(#4529));
#4529 = ORIENTED_EDGE('',*,*,#4530,.T.);
#4530 = EDGE_CURVE('',#4531,#4531,#4533,.T.);
#4531 = VERTEX_POINT('',#4532);
#4532 = CARTESIAN_POINT('',(27.1,-43.3,-14.8893434547));
#4533 = SURFACE_CURVE('',#4534,(#4593,#4655),.PCURVE_S1.);
#4534 = B_SPLINE_CURVE_WITH_KNOTS('',8,(#4535,#4536,#4537,#4538,#4539,
    #4540,#4541,#4542,#4543,#4544,#4545,#4546,#4547,#4548,#4549,#4550,
    #4551,#4552,#4553,#4554,#4555,#4556,#4557,#4558,#4559,#4560,#4561,
    #4562,#4563,#4564,#4565,#4566,#4567,#4568,#4569,#4570,#4571,#4572,
    #4573,#4574,#4575,#4576,#4577,#4578,#4579,#4580,#4581,#4582,#4583,
    #4584,#4585,#4586,#4587,#4588,#4589,#4590,#4591,#4592),
  .UNSPECIFIED.,.T.,.F.,(9,7,7,7,7,7,7,7,9),(0.,0.109551709138,
    0.278999835198,0.43475187817,0.542860431287,0.650969825831,
    0.760060190213,0.865230954488,1.),.UNSPECIFIED.);
#4535 = CARTESIAN_POINT('',(27.1,-43.3,-14.8893434547));
#4536 = CARTESIAN_POINT('',(27.1,-43.15866733655,-14.88071181516));
#4537 = CARTESIAN_POINT('',(27.089129485678,-43.01963870428,
    -14.87298170024));
#4538 = CARTESIAN_POINT('',(27.068007760164,-42.88345279785,
    -14.86632328678));
#4539 = CARTESIAN_POINT('',(27.037159765415,-42.7505609069,
    -14.8608613558));
#4540 = CARTESIAN_POINT('',(26.997023743814,-42.62135618057,
    -14.85668333839));
#4541 = CARTESIAN_POINT('',(26.947958397145,-42.49620219519,
    -14.85384524862));
#4542 = CARTESIAN_POINT('',(26.890249542928,-42.37546082542,
    -14.85237550325));
#4543 = CARTESIAN_POINT('',(26.721825216966,-42.08018808471,
    -14.85212369475));
#4544 = CARTESIAN_POINT('',(26.59952462437,-41.91259230374,
    -14.85525036429));
#4545 = CARTESIAN_POINT('',(26.458036712587,-41.75796227117,
    -14.86165028379));
#4546 = CARTESIAN_POINT('',(26.297836890455,-41.61790341439,
    -14.87117747807));
#4547 = CARTESIAN_POINT('',(26.119261091604,-41.494505333,
    -14.88353754859));
#4548 = CARTESIAN_POINT('',(25.922716380674,-41.39047159581,
    -14.89822016313));
#4549 = CARTESIAN_POINT('',(25.708959853523,-41.30929191432,
    -14.91441536153));
#4550 = CARTESIAN_POINT('',(25.268607669896,-41.20601414322,
    -14.94616008557));
#4551 = CARTESIAN_POINT('',(25.036610459137,-41.17783355078,
    -14.96222103839));
#4552 = CARTESIAN_POINT('',(24.790421239969,-41.17920484816,
    -14.97773459002));
#4553 = CARTESIAN_POINT('',(24.537913848755,-41.2152178653,
    -14.99088516369));
#4554 = CARTESIAN_POINT('',(24.287545582424,-41.28800150524,
    -14.99983972249));
#4555 = CARTESIAN_POINT('',(24.047613898875,-41.39706530602,
    -15.0034607293));
#4556 = CARTESIAN_POINT('',(23.82567047971,-41.53952322309,
    -15.00157586382));
#4557 = CARTESIAN_POINT('',(23.490450890345,-41.82888444133,
    -14.99016066649));
#4558 = CARTESIAN_POINT('',(23.364818268502,-41.96099722413,
    -14.98314960242));
#4559 = CARTESIAN_POINT('',(23.252462233915,-42.10531183419,
    -14.97401389959));
#4560 = CARTESIAN_POINT('',(23.154745957503,-42.26026906534,
    -14.96311230462));
#4561 = CARTESIAN_POINT('',(23.07281432032,-42.42413339073,
    -14.95092769712));
#4562 = CARTESIAN_POINT('',(23.007571658673,-42.59502306956,
    -14.93802884234));
#4563 = CARTESIAN_POINT('',(22.959655154901,-42.77094180206,
    -14.92501910189));
#4564 = CARTESIAN_POINT('',(22.89915235732,-43.12868345598,
    -14.89992500501));
#4565 = CARTESIAN_POINT('',(22.886554759409,-43.3105749101,
    -14.8878364054));
#4566 = CARTESIAN_POINT('',(22.891973276299,-43.49341329554,
    -14.87678037747));
#4567 = CARTESIAN_POINT('',(22.91546214647,-43.67510567452,
    -14.86730556148));
#4568 = CARTESIAN_POINT('',(22.956786799172,-43.85357895478,
    -14.85987179164));
#4569 = CARTESIAN_POINT('',(23.01543801237,-44.02681741183,
    -14.85480530808));
#4570 = CARTESIAN_POINT('',(23.090641080132,-44.19289794977,
    -14.85227255338));
#4571 = CARTESIAN_POINT('',(23.272902069785,-44.50857398385,
    -14.85227255338));
#4572 = CARTESIAN_POINT('',(23.380177053683,-44.65789323944,
    -14.85485166201));
#4573 = CARTESIAN_POINT('',(23.502611139135,-44.79707205929,
    -14.86000398395));
#4574 = CARTESIAN_POINT('',(23.639833669918,-44.92499303133,
    -14.86763487655));
#4575 = CARTESIAN_POINT('',(23.7915748246,-45.04026435733,
    -14.87755562141));
#4576 = CARTESIAN_POINT('',(23.95755656794,-45.14114059646,
    -14.88945314419));
#4577 = CARTESIAN_POINT('',(24.137354811696,-45.2254217083,
    -14.90284860716));
#4578 = CARTESIAN_POINT('',(24.51613736826,-45.35289076598,
    -14.93075822378));
#4579 = CARTESIAN_POINT('',(24.718356302043,-45.39884515628,
    -14.94552106987));
#4580 = CARTESIAN_POINT('',(24.933686858321,-45.42311254125,
    -14.96054087541));
#4581 = CARTESIAN_POINT('',(25.158151522606,-45.42176593763,
    -14.97470444662));
#4582 = CARTESIAN_POINT('',(25.387168489173,-45.39196715,-14.98673852603
    ));
#4583 = CARTESIAN_POINT('',(25.615726248139,-45.33190679175,
    -14.99545544117));
#4584 = CARTESIAN_POINT('',(25.838519176792,-45.24075544006,-15.));
#4585 = CARTESIAN_POINT('',(26.321050720955,-44.96215755082,-15.));
#4586 = CARTESIAN_POINT('',(26.554465556199,-44.76584352054,
    -14.99253721225));
#4587 = CARTESIAN_POINT('',(26.746640081712,-44.54049997301,
    -14.97867098375));
#4588 = CARTESIAN_POINT('',(26.896098744627,-44.29587999465,
    -14.96050942902));
#4589 = CARTESIAN_POINT('',(27.003120685994,-44.04120486561,
    -14.94055526379));
#4590 = CARTESIAN_POINT('',(27.069751355749,-43.78517599767,
    -14.92109141042));
#4591 = CARTESIAN_POINT('',(27.1,-43.53575684709,-14.90374188231));
#4592 = CARTESIAN_POINT('',(27.1,-43.3,-14.8893434547));
#4593 = PCURVE('',#1727,#4594);
#4594 = DEFINITIONAL_REPRESENTATION('',(#4595),#4654);
#4595 = B_SPLINE_CURVE_WITH_KNOTS('',8,(#4596,#4597,#4598,#4599,#4600,
    #4601,#4602,#4603,#4604,#4605,#4606,#4607,#4608,#4609,#4610,#4611,
    #4612,#4613,#4614,#4615,#4616,#4617,#4618,#4619,#4620,#4621,#4622,
    #4623,#4624,#4625,#4626,#4627,#4628,#4629,#4630,#4631,#4632,#4633,
    #4634,#4635,#4636,#4637,#4638,#4639,#4640,#4641,#4642,#4643,#4644,
    #4645,#4646,#4647,#4648,#4649,#4650,#4651,#4652,#4653),
  .UNSPECIFIED.,.T.,.F.,(9,7,7,7,7,7,7,7,9),(0.,0.109551709138,
    0.278999835198,0.43475187817,0.542860431287,0.650969825831,
    0.760060190213,0.865230954488,1.),.UNSPECIFIED.);
#4596 = CARTESIAN_POINT('',(1.6923380166,16.049693097132));
#4597 = CARTESIAN_POINT('',(1.697084222277,15.927296317832));
#4598 = CARTESIAN_POINT('',(1.70112393064,15.801459496684));
#4599 = CARTESIAN_POINT('',(1.704473593084,15.672958811909));
#4600 = CARTESIAN_POINT('',(1.707147317098,15.542447565697));
#4601 = CARTESIAN_POINT('',(1.709156398764,15.410485358688));
#4602 = CARTESIAN_POINT('',(1.710508820931,15.277566409769));
#4603 = CARTESIAN_POINT('',(1.711208717098,15.144147021183));
#4604 = CARTESIAN_POINT('',(1.711328627553,14.804221186296));
#4605 = CARTESIAN_POINT('',(1.709839638258,14.597928405184));
#4606 = CARTESIAN_POINT('',(1.706795289435,14.393270338565));
#4607 = CARTESIAN_POINT('',(1.702171141948,14.191875026776));
#4608 = CARTESIAN_POINT('',(1.695920163515,13.995720073412));
#4609 = CARTESIAN_POINT('',(1.687980738024,13.807350357363));
#4610 = CARTESIAN_POINT('',(1.678286515404,13.630166591532));
#4611 = CARTESIAN_POINT('',(1.656203980649,13.320545138199));
#4612 = CARTESIAN_POINT('',(1.643703802498,13.1801390508));
#4613 = CARTESIAN_POINT('',(1.629409162328,13.058229302697));
#4614 = CARTESIAN_POINT('',(1.613610745331,12.963160788405));
#4615 = CARTESIAN_POINT('',(1.596726594198,12.901005920006));
#4616 = CARTESIAN_POINT('',(1.579243377981,12.875488768328));
#4617 = CARTESIAN_POINT('',(1.561683611172,12.887885887664));
#4618 = CARTESIAN_POINT('',(1.532674271252,12.970864733535));
#4619 = CARTESIAN_POINT('',(1.521008813388,13.022459227603));
#4620 = CARTESIAN_POINT('',(1.509696748894,13.091259176237));
#4621 = CARTESIAN_POINT('',(1.498867150409,13.176595877636));
#4622 = CARTESIAN_POINT('',(1.488643610222,13.277538785605));
#4623 = CARTESIAN_POINT('',(1.479142153242,13.392910454847));
#4624 = CARTESIAN_POINT('',(1.470468426353,13.521300649925));
#4625 = CARTESIAN_POINT('',(1.454959841585,13.800859673794));
#4626 = CARTESIAN_POINT('',(1.448122040998,13.952082201041));
#4627 = CARTESIAN_POINT('',(1.442293624266,14.113133044437));
#4628 = CARTESIAN_POINT('',(1.437551079544,14.282226799817));
#4629 = CARTESIAN_POINT('',(1.433953422235,14.457450841844));
#4630 = CARTESIAN_POINT('',(1.431541101471,14.636804898082));
#4631 = CARTESIAN_POINT('',(1.430334912085,14.818236169351));
#4632 = CARTESIAN_POINT('',(1.430334912085,15.182750129084));
#4633 = CARTESIAN_POINT('',(1.431563067677,15.365702121369));
#4634 = CARTESIAN_POINT('',(1.434016520122,15.547452020625));
#4635 = CARTESIAN_POINT('',(1.43771007116,15.726846794531));
#4636 = CARTESIAN_POINT('',(1.442672485671,15.902546205618));
#4637 = CARTESIAN_POINT('',(1.448942778737,16.072899648187));
#4638 = CARTESIAN_POINT('',(1.456565845169,16.235789796547));
#4639 = CARTESIAN_POINT('',(1.474283612799,16.535575874145));
#4640 = CARTESIAN_POINT('',(1.484474058166,16.67648494307));
#4641 = CARTESIAN_POINT('',(1.496139068017,16.805168607662));
#4642 = CARTESIAN_POINT('',(1.509174994792,16.916237224605));
#4643 = CARTESIAN_POINT('',(1.523409024967,17.004941909328));
#4644 = CARTESIAN_POINT('',(1.538613312531,17.067209888474));
#4645 = CARTESIAN_POINT('',(1.554514627732,17.09966999637));
#4646 = CARTESIAN_POINT('',(1.591660195734,17.09966999637));
#4647 = CARTESIAN_POINT('',(1.611680262558,17.046368291118));
#4648 = CARTESIAN_POINT('',(1.630300796567,16.947305862319));
#4649 = CARTESIAN_POINT('',(1.647120825052,16.81019127596));
#4650 = CARTESIAN_POINT('',(1.661846196894,16.643149909942));
#4651 = CARTESIAN_POINT('',(1.674294312985,16.454740100129));
#4652 = CARTESIAN_POINT('',(1.684420876578,16.253863018507));
#4653 = CARTESIAN_POINT('',(1.6923380166,16.049693097132));
#4654 = ( GEOMETRIC_REPRESENTATION_CONTEXT(2) 
PARAMETRIC_REPRESENTATION_CONTEXT() REPRESENTATION_CONTEXT('2D SPACE',''
  ) );
#4655 = PCURVE('',#2367,#4656);
#4656 = DEFINITIONAL_REPRESENTATION('',(#4657),#4716);
#4657 = B_SPLINE_CURVE_WITH_KNOTS('',8,(#4658,#4659,#4660,#4661,#4662,
    #4663,#4664,#4665,#4666,#4667,#4668,#4669,#4670,#4671,#4672,#4673,
    #4674,#4675,#4676,#4677,#4678,#4679,#4680,#4681,#4682,#4683,#4684,
    #4685,#4686,#4687,#4688,#4689,#4690,#4691,#4692,#4693,#4694,#4695,
    #4696,#4697,#4698,#4699,#4700,#4701,#4702,#4703,#4704,#4705,#4706,
    #4707,#4708,#4709,#4710,#4711,#4712,#4713,#4714,#4715),
  .UNSPECIFIED.,.F.,.F.,(9,7,7,7,7,7,7,7,9),(0.,0.109551709138,
    0.278999835198,0.43475187817,0.542860431287,0.650969825831,
    0.760060190213,0.865230954488,1.),.UNSPECIFIED.);
#4658 = CARTESIAN_POINT('',(-8.881784197001E-16,5.110656545296));
#4659 = CARTESIAN_POINT('',(6.730126830604E-02,5.119288184838));
#4660 = CARTESIAN_POINT('',(0.133505522194,5.127018299757));
#4661 = CARTESIAN_POINT('',(0.198820070067,5.133676713212));
#4662 = CARTESIAN_POINT('',(0.263432204044,5.139138644198));
#4663 = CARTESIAN_POINT('',(0.327518855454,5.143316661606));
#4664 = CARTESIAN_POINT('',(0.391253740801,5.146154751379));
#4665 = CARTESIAN_POINT('',(0.454811998232,5.147624496747));
#4666 = CARTESIAN_POINT('',(0.616683665005,5.147876305247));
#4667 = CARTESIAN_POINT('',(0.714861443878,5.144749635702));
#4668 = CARTESIAN_POINT('',(0.813652672196,5.138349716207));
#4669 = CARTESIAN_POINT('',(0.913708510409,5.128822521921));
#4670 = CARTESIAN_POINT('',(1.015688009509,5.116462451408));
#4671 = CARTESIAN_POINT('',(1.120272430876,5.101779836862));
#4672 = CARTESIAN_POINT('',(1.228199326058,5.085584638465));
#4673 = CARTESIAN_POINT('',(1.443580833079,5.053839914424));
#4674 = CARTESIAN_POINT('',(1.554201447841,5.037778961608));
#4675 = CARTESIAN_POINT('',(1.669859831665,5.022265409973));
#4676 = CARTESIAN_POINT('',(1.78904790835,5.009114836307));
#4677 = CARTESIAN_POINT('',(1.910735852882,5.000160277501));
#4678 = CARTESIAN_POINT('',(2.034097750523,4.996539270694));
#4679 = CARTESIAN_POINT('',(2.158428681451,4.998424136177));
#4680 = CARTESIAN_POINT('',(2.369302087993,5.009839333501));
#4681 = CARTESIAN_POINT('',(2.455696547691,5.016850397577));
#4682 = CARTESIAN_POINT('',(2.542085256667,5.025986100408));
#4683 = CARTESIAN_POINT('',(2.628472733015,5.036887695371));
#4684 = CARTESIAN_POINT('',(2.714865097918,5.049072302874));
#4685 = CARTESIAN_POINT('',(2.801265295544,5.061971157652));
#4686 = CARTESIAN_POINT('',(2.88766793403,5.074980898109));
#4687 = CARTESIAN_POINT('',(3.060440233465,5.100074994983));
#4688 = CARTESIAN_POINT('',(3.146842584492,5.112163594591));
#4689 = CARTESIAN_POINT('',(3.233242012694,5.12321962253));
#4690 = CARTESIAN_POINT('',(3.319633799764,5.132694438516));
#4691 = CARTESIAN_POINT('',(3.406021513369,5.140128208357));
#4692 = CARTESIAN_POINT('',(3.492411416644,5.145194691911));
#4693 = CARTESIAN_POINT('',(3.578807070875,5.147727446616));
#4694 = CARTESIAN_POINT('',(3.752385146938,5.147727446616));
#4695 = CARTESIAN_POINT('',(3.839505017974,5.14514833799));
#4696 = CARTESIAN_POINT('',(3.927062735838,5.139996016049));
#4697 = CARTESIAN_POINT('',(4.015511562358,5.132365123441));
#4698 = CARTESIAN_POINT('',(4.105308552524,5.122444378585));
#4699 = CARTESIAN_POINT('',(4.196926347521,5.110546855808));
#4700 = CARTESIAN_POINT('',(4.290873606014,5.097151392833));
#4701 = CARTESIAN_POINT('',(4.481185788872,5.069241776213));
#4702 = CARTESIAN_POINT('',(4.57943086658,5.05447893013));
#4703 = CARTESIAN_POINT('',(4.681541468622,5.039459124583));
#4704 = CARTESIAN_POINT('',(4.7869096415,5.025295553379));
#4705 = CARTESIAN_POINT('',(4.895169539809,5.013261473966));
#4706 = CARTESIAN_POINT('',(5.006121913416,5.004544558822));
#4707 = CARTESIAN_POINT('',(5.119702607702,5.));
#4708 = CARTESIAN_POINT('',(5.385028093434,5.));
#4709 = CARTESIAN_POINT('',(5.52802985003,5.007462787742));
#4710 = CARTESIAN_POINT('',(5.66597221928,5.021329016241));
#4711 = CARTESIAN_POINT('',(5.799283887361,5.039490570974));
#4712 = CARTESIAN_POINT('',(5.928072525815,5.059444736201));
#4713 = CARTESIAN_POINT('',(6.052149925947,5.078908589573));
#4714 = CARTESIAN_POINT('',(6.170920141895,5.096258117684));
#4715 = CARTESIAN_POINT('',(6.28318530718,5.110656545296));
#4716 = ( GEOMETRIC_REPRESENTATION_CONTEXT(2) 
PARAMETRIC_REPRESENTATION_CONTEXT() REPRESENTATION_CONTEXT('2D SPACE',''
  ) );
#4717 = FACE_BOUND('',#4718,.F.);
#4718 = EDGE_LOOP('',(#4719));
#4719 = ORIENTED_EDGE('',*,*,#4720,.F.);
#4720 = EDGE_CURVE('',#4721,#4721,#4723,.T.);
#4721 = VERTEX_POINT('',#4722);
#4722 = CARTESIAN_POINT('',(27.1,-43.3,14.889343454704));
#4723 = SURFACE_CURVE('',#4724,(#4783,#4845),.PCURVE_S1.);
#4724 = B_SPLINE_CURVE_WITH_KNOTS('',8,(#4725,#4726,#4727,#4728,#4729,
    #4730,#4731,#4732,#4733,#4734,#4735,#4736,#4737,#4738,#4739,#4740,
    #4741,#4742,#4743,#4744,#4745,#4746,#4747,#4748,#4749,#4750,#4751,
    #4752,#4753,#4754,#4755,#4756,#4757,#4758,#4759,#4760,#4761,#4762,
    #4763,#4764,#4765,#4766,#4767,#4768,#4769,#4770,#4771,#4772,#4773,
    #4774,#4775,#4776,#4777,#4778,#4779,#4780,#4781,#4782),
  .UNSPECIFIED.,.T.,.F.,(9,7,7,7,7,7,7,7,9),(0.,0.109551707008,
    0.278999829774,0.434751869718,0.542860420733,0.650969813175,
    0.760060178975,0.865230948177,1.),.UNSPECIFIED.);
#4725 = CARTESIAN_POINT('',(27.1,-43.3,14.889343454704));
#4726 = CARTESIAN_POINT('',(27.1,-43.15866733655,14.880711815162));
#4727 = CARTESIAN_POINT('',(27.089129485678,-43.01963870428,
    14.872981700243));
#4728 = CARTESIAN_POINT('',(27.068007760164,-42.88345279785,
    14.866323286788));
#4729 = CARTESIAN_POINT('',(27.037159765415,-42.7505609069,
    14.860861355802));
#4730 = CARTESIAN_POINT('',(26.997023743814,-42.62135618057,
    14.856683338394));
#4731 = CARTESIAN_POINT('',(26.947958397145,-42.49620219519,
    14.853845248621));
#4732 = CARTESIAN_POINT('',(26.890249542928,-42.37546082542,
    14.852375503253));
#4733 = CARTESIAN_POINT('',(26.721825216966,-42.08018808471,
    14.852123694753));
#4734 = CARTESIAN_POINT('',(26.59952462437,-41.91259230374,
    14.855250364298));
#4735 = CARTESIAN_POINT('',(26.458036712587,-41.75796227117,
    14.861650283793));
#4736 = CARTESIAN_POINT('',(26.297836890455,-41.61790341439,
    14.871177478079));
#4737 = CARTESIAN_POINT('',(26.119261091604,-41.494505333,
    14.883537548592));
#4738 = CARTESIAN_POINT('',(25.922716380674,-41.39047159581,
    14.898220163138));
#4739 = CARTESIAN_POINT('',(25.708959853523,-41.30929191432,
    14.914415361535));
#4740 = CARTESIAN_POINT('',(25.268607669897,-41.20601414322,
    14.946160085576));
#4741 = CARTESIAN_POINT('',(25.036610459137,-41.17783355078,
    14.962221038392));
#4742 = CARTESIAN_POINT('',(24.79042123997,-41.17920484816,
    14.977734590027));
#4743 = CARTESIAN_POINT('',(24.537913848754,-41.2152178653,
    14.990885163693));
#4744 = CARTESIAN_POINT('',(24.287545582425,-41.28800150524,
    14.999839722499));
#4745 = CARTESIAN_POINT('',(24.047613898875,-41.39706530603,
    15.003460729306));
#4746 = CARTESIAN_POINT('',(23.82567047971,-41.53952322309,
    15.001575863823));
#4747 = CARTESIAN_POINT('',(23.490450890345,-41.82888444133,
    14.990160666499));
#4748 = CARTESIAN_POINT('',(23.364818268502,-41.96099722413,
    14.983149602423));
#4749 = CARTESIAN_POINT('',(23.252462233915,-42.10531183419,
    14.974013899592));
#4750 = CARTESIAN_POINT('',(23.154745957503,-42.26026906534,
    14.963112304629));
#4751 = CARTESIAN_POINT('',(23.07281432032,-42.42413339073,
    14.950927697126));
#4752 = CARTESIAN_POINT('',(23.007571658673,-42.59502306956,
    14.938028842348));
#4753 = CARTESIAN_POINT('',(22.959655154901,-42.77094180206,
    14.925019101891));
#4754 = CARTESIAN_POINT('',(22.89915235732,-43.12868345598,
    14.899925005017));
#4755 = CARTESIAN_POINT('',(22.886554759409,-43.3105749101,
    14.887836405409));
#4756 = CARTESIAN_POINT('',(22.891973276299,-43.49341329554,
    14.87678037747));
#4757 = CARTESIAN_POINT('',(22.91546214647,-43.67510567452,
    14.867305561484));
#4758 = CARTESIAN_POINT('',(22.956786799172,-43.85357895478,
    14.859871791643));
#4759 = CARTESIAN_POINT('',(23.01543801237,-44.02681741183,
    14.854805308089));
#4760 = CARTESIAN_POINT('',(23.090641080132,-44.19289794977,
    14.852272553384));
#4761 = CARTESIAN_POINT('',(23.272902072754,-44.50857398899,
    14.852272553384));
#4762 = CARTESIAN_POINT('',(23.380177049429,-44.6578932295,
    14.854851662125));
#4763 = CARTESIAN_POINT('',(23.502611135926,-44.79707206261,
    14.860003983495));
#4764 = CARTESIAN_POINT('',(23.639833677489,-44.92499303731,
    14.867634876956));
#4765 = CARTESIAN_POINT('',(23.791574827799,-45.04026435406,
    14.877555621875));
#4766 = CARTESIAN_POINT('',(23.957556555959,-45.14114059363,
    14.889453143232));
#4767 = CARTESIAN_POINT('',(24.137354818221,-45.2254217105,
    14.902848607648));
#4768 = CARTESIAN_POINT('',(24.51613736826,-45.35289076598,
    14.930758223787));
#4769 = CARTESIAN_POINT('',(24.718356302042,-45.39884515628,
    14.94552106987));
#4770 = CARTESIAN_POINT('',(24.933686858322,-45.42311254125,
    14.960540875417));
#4771 = CARTESIAN_POINT('',(25.158151522606,-45.42176593763,
    14.974704446621));
#4772 = CARTESIAN_POINT('',(25.387168489173,-45.39196715,14.986738526034
    ));
#4773 = CARTESIAN_POINT('',(25.61572624814,-45.33190679175,
    14.995455441178));
#4774 = CARTESIAN_POINT('',(25.838519176791,-45.24075544006,15.));
#4775 = CARTESIAN_POINT('',(26.321050720955,-44.96215755082,15.));
#4776 = CARTESIAN_POINT('',(26.5544655562,-44.76584352054,
    14.992537212258));
#4777 = CARTESIAN_POINT('',(26.746640081712,-44.54049997301,
    14.978670983759));
#4778 = CARTESIAN_POINT('',(26.896098744627,-44.29587999465,
    14.960509429026));
#4779 = CARTESIAN_POINT('',(27.003120685994,-44.04120486561,
    14.940555263799));
#4780 = CARTESIAN_POINT('',(27.069751355749,-43.78517599767,
    14.921091410427));
#4781 = CARTESIAN_POINT('',(27.1,-43.53575684709,14.903741882316));
#4782 = CARTESIAN_POINT('',(27.1,-43.3,14.889343454704));
#4783 = PCURVE('',#1727,#4784);
#4784 = DEFINITIONAL_REPRESENTATION('',(#4785),#4844);
#4785 = B_SPLINE_CURVE_WITH_KNOTS('',8,(#4786,#4787,#4788,#4789,#4790,
    #4791,#4792,#4793,#4794,#4795,#4796,#4797,#4798,#4799,#4800,#4801,
    #4802,#4803,#4804,#4805,#4806,#4807,#4808,#4809,#4810,#4811,#4812,
    #4813,#4814,#4815,#4816,#4817,#4818,#4819,#4820,#4821,#4822,#4823,
    #4824,#4825,#4826,#4827,#4828,#4829,#4830,#4831,#4832,#4833,#4834,
    #4835,#4836,#4837,#4838,#4839,#4840,#4841,#4842,#4843),
  .UNSPECIFIED.,.T.,.F.,(9,7,7,7,7,7,7,7,9),(0.,0.109551707008,
    0.278999829774,0.434751869718,0.542860420733,0.650969813175,
    0.760060178975,0.865230948177,1.),.UNSPECIFIED.);
#4786 = CARTESIAN_POINT('',(4.59084729058,16.049693097132));
#4787 = CARTESIAN_POINT('',(4.586101084903,15.927296317832));
#4788 = CARTESIAN_POINT('',(4.58206137654,15.801459496684));
#4789 = CARTESIAN_POINT('',(4.578711714096,15.672958811909));
#4790 = CARTESIAN_POINT('',(4.576037990081,15.542447565697));
#4791 = CARTESIAN_POINT('',(4.574028908416,15.410485358688));
#4792 = CARTESIAN_POINT('',(4.572676486249,15.277566409769));
#4793 = CARTESIAN_POINT('',(4.571976590082,15.144147021183));
#4794 = CARTESIAN_POINT('',(4.571856679626,14.804221186296));
#4795 = CARTESIAN_POINT('',(4.573345668922,14.597928405184));
#4796 = CARTESIAN_POINT('',(4.576390017745,14.393270338566));
#4797 = CARTESIAN_POINT('',(4.581014165232,14.191875026776));
#4798 = CARTESIAN_POINT('',(4.587265143665,13.995720073412));
#4799 = CARTESIAN_POINT('',(4.595204569156,13.807350357363));
#4800 = CARTESIAN_POINT('',(4.604898791776,13.630166591532));
#4801 = CARTESIAN_POINT('',(4.62698132653,13.320545138199));
#4802 = CARTESIAN_POINT('',(4.639481504682,13.1801390508));
#4803 = CARTESIAN_POINT('',(4.653776144852,13.058229302697));
#4804 = CARTESIAN_POINT('',(4.669574561849,12.963160788405));
#4805 = CARTESIAN_POINT('',(4.686458712982,12.901005920006));
#4806 = CARTESIAN_POINT('',(4.703941929198,12.875488768328));
#4807 = CARTESIAN_POINT('',(4.721501696008,12.887885887664));
#4808 = CARTESIAN_POINT('',(4.750511035928,12.970864733535));
#4809 = CARTESIAN_POINT('',(4.762176493791,13.022459227603));
#4810 = CARTESIAN_POINT('',(4.773488558286,13.091259176238));
#4811 = CARTESIAN_POINT('',(4.78431815677,13.176595877636));
#4812 = CARTESIAN_POINT('',(4.794541696958,13.277538785605));
#4813 = CARTESIAN_POINT('',(4.804043153938,13.392910454847));
#4814 = CARTESIAN_POINT('',(4.812716880827,13.521300649925));
#4815 = CARTESIAN_POINT('',(4.828225465594,13.800859673794));
#4816 = CARTESIAN_POINT('',(4.835063266182,13.952082201041));
#4817 = CARTESIAN_POINT('',(4.840891682913,14.113133044437));
#4818 = CARTESIAN_POINT('',(4.845634227635,14.282226799817));
#4819 = CARTESIAN_POINT('',(4.849231884944,14.457450841844));
#4820 = CARTESIAN_POINT('',(4.851644205709,14.636804898082));
#4821 = CARTESIAN_POINT('',(4.852850395095,14.818236169351));
#4822 = CARTESIAN_POINT('',(4.852850395095,15.182750135023));
#4823 = CARTESIAN_POINT('',(4.851622239416,15.365702110631));
#4824 = CARTESIAN_POINT('',(4.849168787355,15.547452021891));
#4825 = CARTESIAN_POINT('',(4.84547523578,15.726846803497));
#4826 = CARTESIAN_POINT('',(4.840512821213,15.902546204386));
#4827 = CARTESIAN_POINT('',(4.834242529044,16.072899639752));
#4828 = CARTESIAN_POINT('',(4.826619461705,16.235789801711));
#4829 = CARTESIAN_POINT('',(4.808901694381,16.535575874145));
#4830 = CARTESIAN_POINT('',(4.798711249014,16.67648494307));
#4831 = CARTESIAN_POINT('',(4.787046239163,16.805168607662));
#4832 = CARTESIAN_POINT('',(4.774010312387,16.916237224605));
#4833 = CARTESIAN_POINT('',(4.759776282213,17.004941909328));
#4834 = CARTESIAN_POINT('',(4.744571994648,17.067209888473));
#4835 = CARTESIAN_POINT('',(4.728670679448,17.09966999637));
#4836 = CARTESIAN_POINT('',(4.691525111446,17.09966999637));
#4837 = CARTESIAN_POINT('',(4.671505044621,17.046368291118));
#4838 = CARTESIAN_POINT('',(4.652884510613,16.947305862319));
#4839 = CARTESIAN_POINT('',(4.636064482127,16.81019127596));
#4840 = CARTESIAN_POINT('',(4.621339110286,16.643149909942));
#4841 = CARTESIAN_POINT('',(4.608890994195,16.454740100128));
#4842 = CARTESIAN_POINT('',(4.598764430602,16.253863018507));
#4843 = CARTESIAN_POINT('',(4.59084729058,16.049693097132));
#4844 = ( GEOMETRIC_REPRESENTATION_CONTEXT(2) 
PARAMETRIC_REPRESENTATION_CONTEXT() REPRESENTATION_CONTEXT('2D SPACE',''
  ) );
#4845 = PCURVE('',#2554,#4846);
#4846 = DEFINITIONAL_REPRESENTATION('',(#4847),#4906);
#4847 = B_SPLINE_CURVE_WITH_KNOTS('',8,(#4848,#4849,#4850,#4851,#4852,
    #4853,#4854,#4855,#4856,#4857,#4858,#4859,#4860,#4861,#4862,#4863,
    #4864,#4865,#4866,#4867,#4868,#4869,#4870,#4871,#4872,#4873,#4874,
    #4875,#4876,#4877,#4878,#4879,#4880,#4881,#4882,#4883,#4884,#4885,
    #4886,#4887,#4888,#4889,#4890,#4891,#4892,#4893,#4894,#4895,#4896,
    #4897,#4898,#4899,#4900,#4901,#4902,#4903,#4904,#4905),
  .UNSPECIFIED.,.F.,.F.,(9,7,7,7,7,7,7,7,9),(0.,0.109551707008,
    0.278999829774,0.434751869718,0.542860420733,0.650969813175,
    0.760060178975,0.865230948177,1.),.UNSPECIFIED.);
#4848 = CARTESIAN_POINT('',(-8.881784197001E-16,34.889343454704));
#4849 = CARTESIAN_POINT('',(6.730126830604E-02,34.880711815162));
#4850 = CARTESIAN_POINT('',(0.133505522194,34.872981700243));
#4851 = CARTESIAN_POINT('',(0.198820070067,34.866323286788));
#4852 = CARTESIAN_POINT('',(0.263432204044,34.860861355802));
#4853 = CARTESIAN_POINT('',(0.327518855454,34.856683338394));
#4854 = CARTESIAN_POINT('',(0.391253740801,34.853845248621));
#4855 = CARTESIAN_POINT('',(0.454811998232,34.852375503253));
#4856 = CARTESIAN_POINT('',(0.616683665005,34.852123694753));
#4857 = CARTESIAN_POINT('',(0.714861443878,34.855250364298));
#4858 = CARTESIAN_POINT('',(0.813652672196,34.861650283793));
#4859 = CARTESIAN_POINT('',(0.913708510409,34.871177478079));
#4860 = CARTESIAN_POINT('',(1.015688009509,34.883537548592));
#4861 = CARTESIAN_POINT('',(1.120272430876,34.898220163138));
#4862 = CARTESIAN_POINT('',(1.228199326058,34.914415361535));
#4863 = CARTESIAN_POINT('',(1.443580833079,34.946160085576));
#4864 = CARTESIAN_POINT('',(1.554201447841,34.962221038392));
#4865 = CARTESIAN_POINT('',(1.669859831666,34.977734590027));
#4866 = CARTESIAN_POINT('',(1.78904790835,34.990885163693));
#4867 = CARTESIAN_POINT('',(1.910735852883,34.999839722499));
#4868 = CARTESIAN_POINT('',(2.034097750523,35.003460729306));
#4869 = CARTESIAN_POINT('',(2.158428681451,35.001575863823));
#4870 = CARTESIAN_POINT('',(2.369302087993,34.990160666499));
#4871 = CARTESIAN_POINT('',(2.455696547691,34.983149602423));
#4872 = CARTESIAN_POINT('',(2.542085256667,34.974013899592));
#4873 = CARTESIAN_POINT('',(2.628472733015,34.963112304629));
#4874 = CARTESIAN_POINT('',(2.714865097918,34.950927697126));
#4875 = CARTESIAN_POINT('',(2.801265295544,34.938028842349));
#4876 = CARTESIAN_POINT('',(2.88766793403,34.925019101891));
#4877 = CARTESIAN_POINT('',(3.060440233465,34.899925005017));
#4878 = CARTESIAN_POINT('',(3.146842584492,34.887836405409));
#4879 = CARTESIAN_POINT('',(3.233242012694,34.87678037747));
#4880 = CARTESIAN_POINT('',(3.319633799764,34.867305561484));
#4881 = CARTESIAN_POINT('',(3.406021513369,34.859871791643));
#4882 = CARTESIAN_POINT('',(3.492411416644,34.854805308089));
#4883 = CARTESIAN_POINT('',(3.578807070875,34.852272553384));
#4884 = CARTESIAN_POINT('',(3.752385149766,34.852272553384));
#4885 = CARTESIAN_POINT('',(3.839505013165,34.854851662125));
#4886 = CARTESIAN_POINT('',(3.927062735608,34.860003983495));
#4887 = CARTESIAN_POINT('',(4.015511567197,34.867634876956));
#4888 = CARTESIAN_POINT('',(4.105308552738,34.877555621875));
#4889 = CARTESIAN_POINT('',(4.196926341942,34.889453143232));
#4890 = CARTESIAN_POINT('',(4.290873609293,34.902848607648));
#4891 = CARTESIAN_POINT('',(4.481185788872,34.930758223787));
#4892 = CARTESIAN_POINT('',(4.57943086658,34.94552106987));
#4893 = CARTESIAN_POINT('',(4.681541468622,34.960540875417));
#4894 = CARTESIAN_POINT('',(4.7869096415,34.974704446621));
#4895 = CARTESIAN_POINT('',(4.895169539809,34.986738526034));
#4896 = CARTESIAN_POINT('',(5.006121913416,34.995455441178));
#4897 = CARTESIAN_POINT('',(5.119702607702,35.));
#4898 = CARTESIAN_POINT('',(5.385028093434,35.));
#4899 = CARTESIAN_POINT('',(5.52802985003,34.992537212258));
#4900 = CARTESIAN_POINT('',(5.66597221928,34.978670983759));
#4901 = CARTESIAN_POINT('',(5.799283887361,34.960509429026));
#4902 = CARTESIAN_POINT('',(5.928072525815,34.940555263799));
#4903 = CARTESIAN_POINT('',(6.052149925947,34.921091410427));
#4904 = CARTESIAN_POINT('',(6.170920141895,34.903741882316));
#4905 = CARTESIAN_POINT('',(6.28318530718,34.889343454704));
#4906 = ( GEOMETRIC_REPRESENTATION_CONTEXT(2) 
PARAMETRIC_REPRESENTATION_CONTEXT() REPRESENTATION_CONTEXT('2D SPACE',''
  ) );
#4907 = ADVANCED_FACE('',(#4908),#1753,.T.);
#4908 = FACE_BOUND('',#4909,.T.);
#4909 = EDGE_LOOP('',(#4910,#4911,#4912,#4913,#4914));
#4910 = ORIENTED_EDGE('',*,*,#4505,.T.);
#4911 = ORIENTED_EDGE('',*,*,#4434,.T.);
#4912 = ORIENTED_EDGE('',*,*,#1738,.T.);
#4913 = ORIENTED_EDGE('',*,*,#4459,.T.);
#4914 = ORIENTED_EDGE('',*,*,#3415,.F.);
#4915 = ADVANCED_FACE('',(#4916),#1653,.T.);
#4916 = FACE_BOUND('',#4917,.T.);
#4917 = EDGE_LOOP('',(#4918,#4919,#4920,#4962,#4963));
#4918 = ORIENTED_EDGE('',*,*,#2046,.F.);
#4919 = ORIENTED_EDGE('',*,*,#3350,.F.);
#4920 = ORIENTED_EDGE('',*,*,#4921,.F.);
#4921 = EDGE_CURVE('',#1616,#3330,#4922,.T.);
#4922 = SURFACE_CURVE('',#4923,(#4934,#4948),.PCURVE_S1.);
#4923 = B_SPLINE_CURVE_WITH_KNOTS('',5,(#4924,#4925,#4926,#4927,#4928,
    #4929,#4930,#4931,#4932,#4933),.UNSPECIFIED.,.F.,.F.,(6,4,6),(0.,
    0.499999972247,1.),.UNSPECIFIED.);
#4924 = CARTESIAN_POINT('',(-33.23740157758,-90.06261786318,
    -5.000000596126));
#4925 = CARTESIAN_POINT('',(-32.94928163672,-90.1689478634,
    -4.016395681279));
#4926 = CARTESIAN_POINT('',(-32.73438566727,-90.2469464687,
    -3.020120993445));
#4927 = CARTESIAN_POINT('',(-32.591546578,-90.29837764277,
    -2.016037673239));
#4928 = CARTESIAN_POINT('',(-32.52011678443,-90.32409426242,
    -1.008052330423));
#4929 = CARTESIAN_POINT('',(-32.52011678443,-90.32409426242,
    1.008052442329));
#4930 = CARTESIAN_POINT('',(-32.59154660324,-90.29837763161,
    2.016037330155));
#4931 = CARTESIAN_POINT('',(-32.7343855245,-90.24694652364,
    3.020120834914));
#4932 = CARTESIAN_POINT('',(-32.94928183903,-90.16894778874,
    4.016396371944));
#4933 = CARTESIAN_POINT('',(-33.23740157758,-90.06261786318,
    5.000000596117));
#4934 = PCURVE('',#1653,#4935);
#4935 = DEFINITIONAL_REPRESENTATION('',(#4936),#4947);
#4936 = B_SPLINE_CURVE_WITH_KNOTS('',5,(#4937,#4938,#4939,#4940,#4941,
    #4942,#4943,#4944,#4945,#4946),.UNSPECIFIED.,.F.,.F.,(6,4,6),(0.,
    0.499999972247,1.),.UNSPECIFIED.);
#4937 = CARTESIAN_POINT('',(4.358846953302,-6.E-07));
#4938 = CARTESIAN_POINT('',(4.362046060186,0.983604314847));
#4939 = CARTESIAN_POINT('',(4.364427416959,1.979879016467));
#4940 = CARTESIAN_POINT('',(4.366008845131,2.983962321113));
#4941 = CARTESIAN_POINT('',(4.366799656738,3.991947669577));
#4942 = CARTESIAN_POINT('',(4.366799656738,6.008052442329));
#4943 = CARTESIAN_POINT('',(4.366008844841,7.016037335659));
#4944 = CARTESIAN_POINT('',(4.364427418556,8.020120825173));
#4945 = CARTESIAN_POINT('',(4.36204605794,9.016396375827));
#4946 = CARTESIAN_POINT('',(4.358846953302,10.0000006));
#4947 = ( GEOMETRIC_REPRESENTATION_CONTEXT(2) 
PARAMETRIC_REPRESENTATION_CONTEXT() REPRESENTATION_CONTEXT('2D SPACE',''
  ) );
#4948 = PCURVE('',#1484,#4949);
#4949 = DEFINITIONAL_REPRESENTATION('',(#4950),#4961);
#4950 = B_SPLINE_CURVE_WITH_KNOTS('',5,(#4951,#4952,#4953,#4954,#4955,
    #4956,#4957,#4958,#4959,#4960),.UNSPECIFIED.,.F.,.F.,(6,4,6),(0.,
    0.499999972247,1.),.UNSPECIFIED.);
#4951 = CARTESIAN_POINT('',(2.843060415954,54.615889421097));
#4952 = CARTESIAN_POINT('',(2.903597114385,54.563910087296));
#4953 = CARTESIAN_POINT('',(2.963503984247,54.524008016908));
#4954 = CARTESIAN_POINT('',(3.023002246408,54.497127277634));
#4955 = CARTESIAN_POINT('',(3.082295457683,54.483682677679));
#4956 = CARTESIAN_POINT('',(3.20088985608,54.483682677679));
#4957 = CARTESIAN_POINT('',(3.260183041282,54.497127280591));
#4958 = CARTESIAN_POINT('',(3.319681311758,54.524007993095));
#4959 = CARTESIAN_POINT('',(3.379588235302,54.563910123795));
#4960 = CARTESIAN_POINT('',(3.440124891224,54.615889421096));
#4961 = ( GEOMETRIC_REPRESENTATION_CONTEXT(2) 
PARAMETRIC_REPRESENTATION_CONTEXT() REPRESENTATION_CONTEXT('2D SPACE',''
  ) );
#4962 = ORIENTED_EDGE('',*,*,#1636,.T.);
#4963 = ORIENTED_EDGE('',*,*,#2131,.F.);
#4964 = ADVANCED_FACE('',(#4965,#5129,#5324),#1484,.T.);
#4965 = FACE_BOUND('',#4966,.T.);
#4966 = EDGE_LOOP('',(#4967,#4999,#5022,#5049,#5050,#5080,#5081,#5103,
    #5104,#5105,#5106,#5128));
#4967 = ORIENTED_EDGE('',*,*,#4968,.T.);
#4968 = EDGE_CURVE('',#3175,#4969,#4971,.T.);
#4969 = VERTEX_POINT('',#4970);
#4970 = CARTESIAN_POINT('',(-61.96476457381,-73.32372025007,
    4.163799117101E-15));
#4971 = SURFACE_CURVE('',#4972,(#4979,#4989),.PCURVE_S1.);
#4972 = B_SPLINE_CURVE_WITH_KNOTS('',5,(#4973,#4974,#4975,#4976,#4977,
    #4978),.UNSPECIFIED.,.F.,.F.,(6,6),(0.,1.),
  .PIECEWISE_BEZIER_KNOTS.);
#4973 = CARTESIAN_POINT('',(-61.37968943272,-73.81418376668,
    5.000000596126));
#4974 = CARTESIAN_POINT('',(-61.6158288962,-73.61782357963,4.01639568128
    ));
#4975 = CARTESIAN_POINT('',(-61.79082191739,-73.47071306794,
    3.020120993445));
#4976 = CARTESIAN_POINT('',(-61.90677967599,-73.37272342915,
    2.016037673239));
#4977 = CARTESIAN_POINT('',(-61.96476457381,-73.32372025007,
    1.008052330423));
#4978 = CARTESIAN_POINT('',(-61.96476457381,-73.32372025007,
    4.302345607801E-15));
#4979 = PCURVE('',#1484,#4980);
#4980 = DEFINITIONAL_REPRESENTATION('',(#4981),#4988);
#4981 = B_SPLINE_CURVE_WITH_KNOTS('',5,(#4982,#4983,#4984,#4985,#4986,
    #4987),.UNSPECIFIED.,.F.,.F.,(6,6),(0.,1.),
  .PIECEWISE_BEZIER_KNOTS.);
#4982 = CARTESIAN_POINT('',(5.984653069544,54.615889421097));
#4983 = CARTESIAN_POINT('',(6.045189767975,54.563910087296));
#4984 = CARTESIAN_POINT('',(6.105096637836,54.524008016908));
#4985 = CARTESIAN_POINT('',(6.164594899997,54.497127277634));
#4986 = CARTESIAN_POINT('',(6.223888111272,54.483682677679));
#4987 = CARTESIAN_POINT('',(6.28318530718,54.483682677679));
#4988 = ( GEOMETRIC_REPRESENTATION_CONTEXT(2) 
PARAMETRIC_REPRESENTATION_CONTEXT() REPRESENTATION_CONTEXT('2D SPACE',''
  ) );
#4989 = PCURVE('',#1457,#4990);
#4990 = DEFINITIONAL_REPRESENTATION('',(#4991),#4998);
#4991 = B_SPLINE_CURVE_WITH_KNOTS('',5,(#4992,#4993,#4994,#4995,#4996,
    #4997),.UNSPECIFIED.,.F.,.F.,(6,6),(0.,1.),
  .PIECEWISE_BEZIER_KNOTS.);
#4992 = CARTESIAN_POINT('',(4.018708051928,10.0000006));
#4993 = CARTESIAN_POINT('',(4.015508945043,9.016395685153));
#4994 = CARTESIAN_POINT('',(4.013127588271,8.020120983533));
#4995 = CARTESIAN_POINT('',(4.011546160099,7.016037678887));
#4996 = CARTESIAN_POINT('',(4.010755348491,6.008052330423));
#4997 = CARTESIAN_POINT('',(4.010755348491,5.));
#4998 = ( GEOMETRIC_REPRESENTATION_CONTEXT(2) 
PARAMETRIC_REPRESENTATION_CONTEXT() REPRESENTATION_CONTEXT('2D SPACE',''
  ) );
#4999 = ORIENTED_EDGE('',*,*,#5000,.T.);
#5000 = EDGE_CURVE('',#4969,#5001,#5003,.T.);
#5001 = VERTEX_POINT('',#5002);
#5002 = CARTESIAN_POINT('',(-64.72232389468,-78.09981299382,
    4.163799117101E-15));
#5003 = SEAM_CURVE('',#5004,(#5008,#5015),.PCURVE_S1.);
#5004 = LINE('',#5005,#5006);
#5005 = CARTESIAN_POINT('',(-34.72232389468,-26.13981299382,
    4.163799117101E-15));
#5006 = VECTOR('',#5007,1.);
#5007 = DIRECTION('',(-0.500011000363,-0.866019052629,0.));
#5008 = PCURVE('',#1484,#5009);
#5009 = DEFINITIONAL_REPRESENTATION('',(#5010),#5014);
#5010 = LINE('',#5011,#5012);
#5011 = CARTESIAN_POINT('',(0.,-0.));
#5012 = VECTOR('',#5013,1.);
#5013 = DIRECTION('',(0.,1.));
#5014 = ( GEOMETRIC_REPRESENTATION_CONTEXT(2) 
PARAMETRIC_REPRESENTATION_CONTEXT() REPRESENTATION_CONTEXT('2D SPACE',''
  ) );
#5015 = PCURVE('',#1484,#5016);
#5016 = DEFINITIONAL_REPRESENTATION('',(#5017),#5021);
#5017 = LINE('',#5018,#5019);
#5018 = CARTESIAN_POINT('',(6.28318530718,-0.));
#5019 = VECTOR('',#5020,1.);
#5020 = DIRECTION('',(0.,1.));
#5021 = ( GEOMETRIC_REPRESENTATION_CONTEXT(2) 
PARAMETRIC_REPRESENTATION_CONTEXT() REPRESENTATION_CONTEXT('2D SPACE',''
  ) );
#5022 = ORIENTED_EDGE('',*,*,#5023,.F.);
#5023 = EDGE_CURVE('',#5001,#5001,#5024,.T.);
#5024 = SURFACE_CURVE('',#5025,(#5030,#5037),.PCURVE_S1.);
#5025 = CIRCLE('',#5026,17.);
#5026 = AXIS2_PLACEMENT_3D('',#5027,#5028,#5029);
#5027 = CARTESIAN_POINT('',(-50.,-86.6,0.));
#5028 = DIRECTION('',(-0.500011000363,-0.866019052629,0.));
#5029 = DIRECTION('',(-0.866019052629,0.500011000363,0.));
#5030 = PCURVE('',#1484,#5031);
#5031 = DEFINITIONAL_REPRESENTATION('',(#5032),#5036);
#5032 = LINE('',#5033,#5034);
#5033 = CARTESIAN_POINT('',(0.,59.99867998548));
#5034 = VECTOR('',#5035,1.);
#5035 = DIRECTION('',(1.,0.));
#5036 = ( GEOMETRIC_REPRESENTATION_CONTEXT(2) 
PARAMETRIC_REPRESENTATION_CONTEXT() REPRESENTATION_CONTEXT('2D SPACE',''
  ) );
#5037 = PCURVE('',#5038,#5043);
#5038 = PLANE('',#5039);
#5039 = AXIS2_PLACEMENT_3D('',#5040,#5041,#5042);
#5040 = CARTESIAN_POINT('',(-50.,-86.6,0.));
#5041 = DIRECTION('',(-0.500011000363,-0.866019052629,0.));
#5042 = DIRECTION('',(-0.866019052629,0.500011000363,0.));
#5043 = DEFINITIONAL_REPRESENTATION('',(#5044),#5048);
#5044 = CIRCLE('',#5045,17.);
#5045 = AXIS2_PLACEMENT_2D('',#5046,#5047);
#5046 = CARTESIAN_POINT('',(0.,0.));
#5047 = DIRECTION('',(1.,0.));
#5048 = ( GEOMETRIC_REPRESENTATION_CONTEXT(2) 
PARAMETRIC_REPRESENTATION_CONTEXT() REPRESENTATION_CONTEXT('2D SPACE',''
  ) );
#5049 = ORIENTED_EDGE('',*,*,#5000,.F.);
#5050 = ORIENTED_EDGE('',*,*,#5051,.T.);
#5051 = EDGE_CURVE('',#4969,#1441,#5052,.T.);
#5052 = SURFACE_CURVE('',#5053,(#5060,#5070),.PCURVE_S1.);
#5053 = B_SPLINE_CURVE_WITH_KNOTS('',5,(#5054,#5055,#5056,#5057,#5058,
    #5059),.UNSPECIFIED.,.F.,.F.,(6,6),(0.,1.),
  .PIECEWISE_BEZIER_KNOTS.);
#5054 = CARTESIAN_POINT('',(-61.96476457381,-73.32372025007,0.));
#5055 = CARTESIAN_POINT('',(-61.96476457381,-73.32372025007,
    -1.008052470273));
#5056 = CARTESIAN_POINT('',(-61.90677965955,-73.37272344056,
    -2.016037259922));
#5057 = CARTESIAN_POINT('',(-61.79082202518,-73.47071298106,
    -3.020120905782));
#5058 = CARTESIAN_POINT('',(-61.61582873732,-73.61782371175,
    -4.016396343071));
#5059 = CARTESIAN_POINT('',(-61.37968943273,-73.81418376668,
    -5.000000596117));
#5060 = PCURVE('',#1484,#5061);
#5061 = DEFINITIONAL_REPRESENTATION('',(#5062),#5069);
#5062 = B_SPLINE_CURVE_WITH_KNOTS('',5,(#5063,#5064,#5065,#5066,#5067,
    #5068),.UNSPECIFIED.,.F.,.F.,(6,6),(0.,1.),
  .PIECEWISE_BEZIER_KNOTS.);
#5063 = CARTESIAN_POINT('',(0.,54.483682677679));
#5064 = CARTESIAN_POINT('',(5.929720413369E-02,54.483682677679));
#5065 = CARTESIAN_POINT('',(0.1185903835,54.497127279296));
#5066 = CARTESIAN_POINT('',(0.178088662458,54.524007995565));
#5067 = CARTESIAN_POINT('',(0.237995579935,54.563910122269));
#5068 = CARTESIAN_POINT('',(0.298532237634,54.615889421096));
#5069 = ( GEOMETRIC_REPRESENTATION_CONTEXT(2) 
PARAMETRIC_REPRESENTATION_CONTEXT() REPRESENTATION_CONTEXT('2D SPACE',''
  ) );
#5070 = PCURVE('',#1457,#5071);
#5071 = DEFINITIONAL_REPRESENTATION('',(#5072),#5079);
#5072 = B_SPLINE_CURVE_WITH_KNOTS('',5,(#5073,#5074,#5075,#5076,#5077,
    #5078),.UNSPECIFIED.,.F.,.F.,(6,6),(0.,1.),
  .PIECEWISE_BEZIER_KNOTS.);
#5073 = CARTESIAN_POINT('',(4.010755348491,5.));
#5074 = CARTESIAN_POINT('',(4.010755348491,3.991947529727));
#5075 = CARTESIAN_POINT('',(4.01154616031,2.983962734573));
#5076 = CARTESIAN_POINT('',(4.013127586824,1.979879103959));
#5077 = CARTESIAN_POINT('',(4.015508947195,0.983603653046));
#5078 = CARTESIAN_POINT('',(4.018708051928,-6.E-07));
#5079 = ( GEOMETRIC_REPRESENTATION_CONTEXT(2) 
PARAMETRIC_REPRESENTATION_CONTEXT() REPRESENTATION_CONTEXT('2D SPACE',''
  ) );
#5080 = ORIENTED_EDGE('',*,*,#1469,.F.);
#5081 = ORIENTED_EDGE('',*,*,#5082,.T.);
#5082 = EDGE_CURVE('',#1470,#1595,#5083,.T.);
#5083 = SURFACE_CURVE('',#5084,(#5089,#5096),.PCURVE_S1.);
#5084 = CIRCLE('',#5085,17.);
#5085 = AXIS2_PLACEMENT_3D('',#5086,#5087,#5088);
#5086 = CARTESIAN_POINT('',(-20.,-34.64,0.));
#5087 = DIRECTION('',(-0.500011000363,-0.866019052629,0.));
#5088 = DIRECTION('',(-0.866019052629,0.500011000363,0.));
#5089 = PCURVE('',#1484,#5090);
#5090 = DEFINITIONAL_REPRESENTATION('',(#5091),#5095);
#5091 = LINE('',#5092,#5093);
#5092 = CARTESIAN_POINT('',(0.,0.));
#5093 = VECTOR('',#5094,1.);
#5094 = DIRECTION('',(1.,0.));
#5095 = ( GEOMETRIC_REPRESENTATION_CONTEXT(2) 
PARAMETRIC_REPRESENTATION_CONTEXT() REPRESENTATION_CONTEXT('2D SPACE',''
  ) );
#5096 = PCURVE('',#1510,#5097);
#5097 = DEFINITIONAL_REPRESENTATION('',(#5098),#5102);
#5098 = CIRCLE('',#5099,17.);
#5099 = AXIS2_PLACEMENT_2D('',#5100,#5101);
#5100 = CARTESIAN_POINT('',(0.,0.));
#5101 = DIRECTION('',(1.,0.));
#5102 = ( GEOMETRIC_REPRESENTATION_CONTEXT(2) 
PARAMETRIC_REPRESENTATION_CONTEXT() REPRESENTATION_CONTEXT('2D SPACE',''
  ) );
#5103 = ORIENTED_EDGE('',*,*,#1615,.T.);
#5104 = ORIENTED_EDGE('',*,*,#4921,.T.);
#5105 = ORIENTED_EDGE('',*,*,#3329,.F.);
#5106 = ORIENTED_EDGE('',*,*,#5107,.T.);
#5107 = EDGE_CURVE('',#3309,#3199,#5108,.T.);
#5108 = SURFACE_CURVE('',#5109,(#5114,#5121),.PCURVE_S1.);
#5109 = CIRCLE('',#5110,17.);
#5110 = AXIS2_PLACEMENT_3D('',#5111,#5112,#5113);
#5111 = CARTESIAN_POINT('',(-20.,-34.64,0.));
#5112 = DIRECTION('',(-0.500011000363,-0.866019052629,0.));
#5113 = DIRECTION('',(-0.866019052629,0.500011000363,0.));
#5114 = PCURVE('',#1484,#5115);
#5115 = DEFINITIONAL_REPRESENTATION('',(#5116),#5120);
#5116 = LINE('',#5117,#5118);
#5117 = CARTESIAN_POINT('',(0.,0.));
#5118 = VECTOR('',#5119,1.);
#5119 = DIRECTION('',(1.,0.));
#5120 = ( GEOMETRIC_REPRESENTATION_CONTEXT(2) 
PARAMETRIC_REPRESENTATION_CONTEXT() REPRESENTATION_CONTEXT('2D SPACE',''
  ) );
#5121 = PCURVE('',#3234,#5122);
#5122 = DEFINITIONAL_REPRESENTATION('',(#5123),#5127);
#5123 = CIRCLE('',#5124,17.);
#5124 = AXIS2_PLACEMENT_2D('',#5125,#5126);
#5125 = CARTESIAN_POINT('',(0.,0.));
#5126 = DIRECTION('',(1.,0.));
#5127 = ( GEOMETRIC_REPRESENTATION_CONTEXT(2) 
PARAMETRIC_REPRESENTATION_CONTEXT() REPRESENTATION_CONTEXT('2D SPACE',''
  ) );
#5128 = ORIENTED_EDGE('',*,*,#3198,.T.);
#5129 = FACE_BOUND('',#5130,.T.);
#5130 = EDGE_LOOP('',(#5131));
#5131 = ORIENTED_EDGE('',*,*,#5132,.T.);
#5132 = EDGE_CURVE('',#5133,#5133,#5135,.T.);
#5133 = VERTEX_POINT('',#5134);
#5134 = CARTESIAN_POINT('',(-22.9,-43.3,-16.90244208722));
#5135 = SURFACE_CURVE('',#5136,(#5195,#5257),.PCURVE_S1.);
#5136 = B_SPLINE_CURVE_WITH_KNOTS('',8,(#5137,#5138,#5139,#5140,#5141,
    #5142,#5143,#5144,#5145,#5146,#5147,#5148,#5149,#5150,#5151,#5152,
    #5153,#5154,#5155,#5156,#5157,#5158,#5159,#5160,#5161,#5162,#5163,
    #5164,#5165,#5166,#5167,#5168,#5169,#5170,#5171,#5172,#5173,#5174,
    #5175,#5176,#5177,#5178,#5179,#5180,#5181,#5182,#5183,#5184,#5185,
    #5186,#5187,#5188,#5189,#5190,#5191,#5192,#5193,#5194),
  .UNSPECIFIED.,.T.,.F.,(9,7,7,7,7,7,7,7,9),(0.,0.125044467112,
    0.238089472355,0.336885773185,0.429977519601,0.579116351904,
    0.700372626459,0.839119687169,1.),.UNSPECIFIED.);
#5137 = CARTESIAN_POINT('',(-22.9,-43.3,-16.90244208722));
#5138 = CARTESIAN_POINT('',(-22.9,-43.10870296226,-16.91273373913));
#5139 = CARTESIAN_POINT('',(-22.91991505018,-42.91137569281,
    -16.92457965196));
#5140 = CARTESIAN_POINT('',(-22.96194438627,-42.7103891832,
    -16.93759526021));
#5141 = CARTESIAN_POINT('',(-23.0280532828,-42.50858322062,
    -16.95118574925));
#5142 = CARTESIAN_POINT('',(-23.11995315377,-42.30928799526,
    -16.96455120896));
#5143 = CARTESIAN_POINT('',(-23.23906083402,-42.11638946462,
    -16.97671331913));
#5144 = CARTESIAN_POINT('',(-23.38640542368,-41.93448375526,
    -16.98660144082));
#5145 = CARTESIAN_POINT('',(-23.7216031162,-41.61971217018,
    -16.99923387334));
#5146 = CARTESIAN_POINT('',(-23.90063149343,-41.48717885687,
    -17.00243717664));
#5147 = CARTESIAN_POINT('',(-24.09615363733,-41.37639859794,
    -17.00226477477));
#5148 = CARTESIAN_POINT('',(-24.3034161481,-41.29072232228,
    -16.99851024746));
#5149 = CARTESIAN_POINT('',(-24.51674412884,-41.23185349931,
    -16.99152589749));
#5150 = CARTESIAN_POINT('',(-24.7300049137,-41.19964354067,
    -16.98213230301));
#5151 = CARTESIAN_POINT('',(-24.93702013746,-41.19188557945,
    -16.97137258178));
#5152 = CARTESIAN_POINT('',(-25.30214153443,-41.21485707065,
    -16.95049290589));
#5153 = CARTESIAN_POINT('',(-25.46629167048,-41.24105822404,
    -16.940282256));
#5154 = CARTESIAN_POINT('',(-25.62338671248,-41.28101398287,
    -16.93003162494));
#5155 = CARTESIAN_POINT('',(-25.77280268335,-41.33321111848,
    -16.92010223738));
#5156 = CARTESIAN_POINT('',(-25.91412413705,-41.39633316454,
    -16.9107835959));
#5157 = CARTESIAN_POINT('',(-26.04707169292,-41.46924168285,
    -16.90229824699));
#5158 = CARTESIAN_POINT('',(-26.17144838307,-41.55096215125,
    -16.8948112332));
#5159 = CARTESIAN_POINT('',(-26.39608317446,-41.72520675639,
    -16.88244486342));
#5160 = CARTESIAN_POINT('',(-26.49738526565,-41.81688594006,
    -16.87743605924));
#5161 = CARTESIAN_POINT('',(-26.59088812492,-41.91505709466,
    -16.87351996451));
#5162 = CARTESIAN_POINT('',(-26.67646432088,-42.01916567049,
    -16.87076578299));
#5163 = CARTESIAN_POINT('',(-26.75396603248,-42.12873569907,
    -16.86921535168));
#5164 = CARTESIAN_POINT('',(-26.8232090004,-42.2433485984,
    -16.86888646823));
#5165 = CARTESIAN_POINT('',(-26.88395634935,-42.36262258293,
    -16.86977397061));
#5166 = CARTESIAN_POINT('',(-27.01912293134,-42.68415974219,
    -16.87517220565));
#5167 = CARTESIAN_POINT('',(-27.07970712742,-42.89304279568,
    -16.88154048028));
#5168 = CARTESIAN_POINT('',(-27.11650858268,-43.11147119039,
    -16.89083092871));
#5169 = CARTESIAN_POINT('',(-27.12772683726,-43.33800583902,
    -16.90276558239));
#5170 = CARTESIAN_POINT('',(-27.11096567615,-43.57073831933,
    -16.91687728011));
#5171 = CARTESIAN_POINT('',(-27.06327127874,-43.80701918779,
    -16.93240268743));
#5172 = CARTESIAN_POINT('',(-26.9812092739,-44.04302806247,
    -16.94819123908));
#5173 = CARTESIAN_POINT('',(-26.76333699272,-44.45979219232,
    -16.97453109237));
#5174 = CARTESIAN_POINT('',(-26.63818578334,-44.64694781122,
    -16.98578294747));
#5175 = CARTESIAN_POINT('',(-26.48473597878,-44.82475705811,
    -16.99520261712));
#5176 = CARTESIAN_POINT('',(-26.30503468643,-44.98503937079,
    -17.00149068899));
#5177 = CARTESIAN_POINT('',(-26.10358483251,-45.12127001236,
    -17.00369406054));
#5178 = CARTESIAN_POINT('',(-25.886653063,-45.22899696343,
    -17.00166129417));
#5179 = CARTESIAN_POINT('',(-25.66167489129,-45.30626892163,
    -16.99596803578));
#5180 = CARTESIAN_POINT('',(-25.17914600367,-45.40884000898,
    -16.97804565056));
#5181 = CARTESIAN_POINT('',(-24.92598383508,-45.42409830084,
    -16.96515550497));
#5182 = CARTESIAN_POINT('',(-24.68245213791,-45.4051305533,
    -16.9503937955));
#5183 = CARTESIAN_POINT('',(-24.45195682202,-45.35666064982,
    -16.93515878179));
#5184 = CARTESIAN_POINT('',(-24.23678269928,-45.28293208235,
    -16.92057149759));
#5185 = CARTESIAN_POINT('',(-24.03844612294,-45.18772647336,
    -16.90744049254));
#5186 = CARTESIAN_POINT('',(-23.85786858288,-45.07437359268,
    -16.89631122044));
#5187 = CARTESIAN_POINT('',(-23.5074687753,-44.79665737418,
    -16.87728114255));
#5188 = CARTESIAN_POINT('',(-23.34286029794,-44.6261723959,
    -16.87011947138));
#5189 = CARTESIAN_POINT('',(-23.2022259159,-44.43768334414,
    -16.86652077441));
#5190 = CARTESIAN_POINT('',(-23.08622103039,-44.23356416658,
    -16.86670777389));
#5191 = CARTESIAN_POINT('',(-22.99595082681,-44.01576088079,
    -16.870702853));
#5192 = CARTESIAN_POINT('',(-22.93308845568,-43.78609499194,
    -16.87833403799));
#5193 = CARTESIAN_POINT('',(-22.9,-43.54657696992,-16.88917641216));
#5194 = CARTESIAN_POINT('',(-22.9,-43.3,-16.90244208722));
#5195 = PCURVE('',#1484,#5196);
#5196 = DEFINITIONAL_REPRESENTATION('',(#5197),#5256);
#5197 = B_SPLINE_CURVE_WITH_KNOTS('',8,(#5198,#5199,#5200,#5201,#5202,
    #5203,#5204,#5205,#5206,#5207,#5208,#5209,#5210,#5211,#5212,#5213,
    #5214,#5215,#5216,#5217,#5218,#5219,#5220,#5221,#5222,#5223,#5224,
    #5225,#5226,#5227,#5228,#5229,#5230,#5231,#5232,#5233,#5234,#5235,
    #5236,#5237,#5238,#5239,#5240,#5241,#5242,#5243,#5244,#5245,#5246,
    #5247,#5248,#5249,#5250,#5251,#5252,#5253,#5254,#5255),
  .UNSPECIFIED.,.T.,.F.,(9,7,7,7,7,7,7,7,9),(0.,0.125044467112,
    0.238089472355,0.336885773185,0.429977519601,0.579116351904,
    0.700372626459,0.839119687169,1.),.UNSPECIFIED.);
#5198 = CARTESIAN_POINT('',(1.677980261668,8.949756896818));
#5199 = CARTESIAN_POINT('',(1.672321279214,8.78409001743));
#5200 = CARTESIAN_POINT('',(1.665467470462,8.623158586643));
#5201 = CARTESIAN_POINT('',(1.657378944682,8.470115570387));
#5202 = CARTESIAN_POINT('',(1.648042129781,8.328402937347));
#5203 = CARTESIAN_POINT('',(1.637471094415,8.201760421496));
#5204 = CARTESIAN_POINT('',(1.625710307485,8.0942617691));
#5205 = CARTESIAN_POINT('',(1.612842661893,8.010401874687));
#5206 = CARTESIAN_POINT('',(1.58649824794,7.905406218335));
#5207 = CARTESIAN_POINT('',(1.573479862234,7.880146001887));
#5208 = CARTESIAN_POINT('',(1.560263800308,7.88197140977));
#5209 = CARTESIAN_POINT('',(1.547186836686,7.91140765803));
#5210 = CARTESIAN_POINT('',(1.534583964505,7.967092472788));
#5211 = CARTESIAN_POINT('',(1.522761072918,8.045830773298));
#5212 = CARTESIAN_POINT('',(1.511969007273,8.142622120198));
#5213 = CARTESIAN_POINT('',(1.494002501031,8.345080584193));
#5214 = CARTESIAN_POINT('',(1.486387655274,8.449848155967));
#5215 = CARTESIAN_POINT('',(1.479533922258,8.562999853482));
#5216 = CARTESIAN_POINT('',(1.473429859385,8.682913196475));
#5217 = CARTESIAN_POINT('',(1.468059301862,8.808240372445));
#5218 = CARTESIAN_POINT('',(1.463404292098,8.937855778802));
#5219 = CARTESIAN_POINT('',(1.459447288147,9.070816974694));
#5220 = CARTESIAN_POINT('',(1.45308709366,9.334035989322));
#5221 = CARTESIAN_POINT('',(1.450605509166,9.464084069063));
#5222 = CARTESIAN_POINT('',(1.448715627533,9.595854617564));
#5223 = CARTESIAN_POINT('',(1.447408186261,9.728803667124));
#5224 = CARTESIAN_POINT('',(1.446677078005,9.862445107821));
#5225 = CARTESIAN_POINT('',(1.446519533538,9.996324307977));
#5226 = CARTESIAN_POINT('',(1.44693634022,10.12999219378));
#5227 = CARTESIAN_POINT('',(1.449527359289,10.476034277703));
#5228 = CARTESIAN_POINT('',(1.45260768013,10.687223746286));
#5229 = CARTESIAN_POINT('',(1.457190109393,10.894788030198));
#5230 = CARTESIAN_POINT('',(1.46332175675,11.096580602689));
#5231 = CARTESIAN_POINT('',(1.471064956277,11.289750599867));
#5232 = CARTESIAN_POINT('',(1.480487384279,11.470526610365));
#5233 = CARTESIAN_POINT('',(1.491646481343,11.633882887295));
#5234 = CARTESIAN_POINT('',(1.51505476812,11.885870026934));
#5235 = CARTESIAN_POINT('',(1.526952709678,11.985373377304));
#5236 = CARTESIAN_POINT('',(1.540009439702,12.062632982561));
#5237 = CARTESIAN_POINT('',(1.55387940436,12.111587896191));
#5238 = CARTESIAN_POINT('',(1.568144763557,12.128839084354));
#5239 = CARTESIAN_POINT('',(1.582361754387,12.113664405383));
#5240 = CARTESIAN_POINT('',(1.596098184595,12.068091832721));
#5241 = CARTESIAN_POINT('',(1.623716306926,11.915650596819));
#5242 = CARTESIAN_POINT('',(1.637080962836,11.802280699111));
#5243 = CARTESIAN_POINT('',(1.648958561093,11.664085740825));
#5244 = CARTESIAN_POINT('',(1.659312345271,11.506859687459));
#5245 = CARTESIAN_POINT('',(1.668146469145,11.335419914944));
#5246 = CARTESIAN_POINT('',(1.675490456874,11.153799573698));
#5247 = CARTESIAN_POINT('',(1.681391895381,10.965343062903));
#5248 = CARTESIAN_POINT('',(1.691138261298,10.549631768147));
#5249 = CARTESIAN_POINT('',(1.694535502103,10.319682479339));
#5250 = CARTESIAN_POINT('',(1.696169612656,10.086128631254));
#5251 = CARTESIAN_POINT('',(1.696074933027,9.851353815622));
#5252 = CARTESIAN_POINT('',(1.694252110983,9.617595925618));
#5253 = CARTESIAN_POINT('',(1.69067122285,9.387269013059));
#5254 = CARTESIAN_POINT('',(1.685274544752,9.163297250715));
#5255 = CARTESIAN_POINT('',(1.677980261668,8.949756896818));
#5256 = ( GEOMETRIC_REPRESENTATION_CONTEXT(2) 
PARAMETRIC_REPRESENTATION_CONTEXT() REPRESENTATION_CONTEXT('2D SPACE',''
  ) );
#5257 = PCURVE('',#5258,#5263);
#5258 = CYLINDRICAL_SURFACE('',#5259,2.1);
#5259 = AXIS2_PLACEMENT_3D('',#5260,#5261,#5262);
#5260 = CARTESIAN_POINT('',(-25.,-43.3,-20.));
#5261 = DIRECTION('',(0.,0.,1.));
#5262 = DIRECTION('',(1.,0.,-0.));
#5263 = DEFINITIONAL_REPRESENTATION('',(#5264),#5323);
#5264 = B_SPLINE_CURVE_WITH_KNOTS('',8,(#5265,#5266,#5267,#5268,#5269,
    #5270,#5271,#5272,#5273,#5274,#5275,#5276,#5277,#5278,#5279,#5280,
    #5281,#5282,#5283,#5284,#5285,#5286,#5287,#5288,#5289,#5290,#5291,
    #5292,#5293,#5294,#5295,#5296,#5297,#5298,#5299,#5300,#5301,#5302,
    #5303,#5304,#5305,#5306,#5307,#5308,#5309,#5310,#5311,#5312,#5313,
    #5314,#5315,#5316,#5317,#5318,#5319,#5320,#5321,#5322),
  .UNSPECIFIED.,.F.,.F.,(9,7,7,7,7,7,7,7,9),(0.,0.125044467112,
    0.238089472355,0.336885773185,0.429977519601,0.579116351904,
    0.700372626459,0.839119687169,1.),.UNSPECIFIED.);
#5265 = CARTESIAN_POINT('',(8.881784197001E-16,3.097557912771));
#5266 = CARTESIAN_POINT('',(9.10938274916E-02,3.087266260861));
#5267 = CARTESIAN_POINT('',(0.185058806934,3.075420348036));
#5268 = CARTESIAN_POINT('',(0.281919980088,3.062404739784));
#5269 = CARTESIAN_POINT('',(0.381776543481,3.048814250743));
#5270 = CARTESIAN_POINT('',(0.484828382761,3.035448791038));
#5271 = CARTESIAN_POINT('',(0.591369797872,3.02328668087));
#5272 = CARTESIAN_POINT('',(0.701814266086,3.013398559177));
#5273 = CARTESIAN_POINT('',(0.920778351529,3.000766126655));
#5274 = CARTESIAN_POINT('',(1.026126306713,2.997562823354));
#5275 = CARTESIAN_POINT('',(1.131822579068,2.997735225221));
#5276 = CARTESIAN_POINT('',(1.237024181641,3.00148975254));
#5277 = CARTESIAN_POINT('',(1.340899683408,3.008474102508));
#5278 = CARTESIAN_POINT('',(1.44251115655,3.017867696982));
#5279 = CARTESIAN_POINT('',(1.54066380565,3.028627418215));
#5280 = CARTESIAN_POINT('',(1.714874903345,3.04950709411));
#5281 = CARTESIAN_POINT('',(1.793671297035,3.059717743991));
#5282 = CARTESIAN_POINT('',(1.870341412714,3.06996837506));
#5283 = CARTESIAN_POINT('',(1.945157999491,3.079897762614));
#5284 = CARTESIAN_POINT('',(2.018362474388,3.089216404097));
#5285 = CARTESIAN_POINT('',(2.090180035247,3.097701753001));
#5286 = CARTESIAN_POINT('',(2.160829915966,3.105188766792));
#5287 = CARTESIAN_POINT('',(2.296207084499,3.117555136571));
#5288 = CARTESIAN_POINT('',(2.361081094054,3.122563940755));
#5289 = CARTESIAN_POINT('',(2.425346506314,3.12648003549));
#5290 = CARTESIAN_POINT('',(2.489181954941,3.129234217004));
#5291 = CARTESIAN_POINT('',(2.55275835318,3.130784648316));
#5292 = CARTESIAN_POINT('',(2.616244954104,3.131113531762));
#5293 = CARTESIAN_POINT('',(2.679814131581,3.130226029381));
#5294 = CARTESIAN_POINT('',(2.845905758393,3.12482779435));
#5295 = CARTESIAN_POINT('',(2.948780731182,3.118459519714));
#5296 = CARTESIAN_POINT('',(3.053089253798,3.109169071282));
#5297 = CARTESIAN_POINT('',(3.159571533553,3.097234417606));
#5298 = CARTESIAN_POINT('',(3.268971323225,3.083122719884));
#5299 = CARTESIAN_POINT('',(3.38207235138,3.067597312567));
#5300 = CARTESIAN_POINT('',(3.499773873363,3.051808760914));
#5301 = CARTESIAN_POINT('',(3.723715410336,3.025468907626));
#5302 = CARTESIAN_POINT('',(3.830305933423,3.014217052523));
#5303 = CARTESIAN_POINT('',(3.940737254727,3.004797382874));
#5304 = CARTESIAN_POINT('',(4.053451130213,2.998509311006));
#5305 = CARTESIAN_POINT('',(4.167229373248,2.996305939451));
#5306 = CARTESIAN_POINT('',(4.280941216164,2.998338705828));
#5307 = CARTESIAN_POINT('',(4.39338330649,3.004031964214));
#5308 = CARTESIAN_POINT('',(4.628292926468,3.021954349435));
#5309 = CARTESIAN_POINT('',(4.747723307528,3.034844495021));
#5310 = CARTESIAN_POINT('',(4.862275759962,3.049606204491));
#5311 = CARTESIAN_POINT('',(4.972660053989,3.064841218201));
#5312 = CARTESIAN_POINT('',(5.079434974977,3.079428502403));
#5313 = CARTESIAN_POINT('',(5.18307514989,3.092559507456));
#5314 = CARTESIAN_POINT('',(5.283991937202,3.103688779555));
#5315 = CARTESIAN_POINT('',(5.496900913082,3.122718857445));
#5316 = CARTESIAN_POINT('',(5.608757387325,3.129880528611));
#5317 = CARTESIAN_POINT('',(5.719268291071,3.133479225585));
#5318 = CARTESIAN_POINT('',(5.829354520189,3.133292226105));
#5319 = CARTESIAN_POINT('',(5.939880970125,3.129297146999));
#5320 = CARTESIAN_POINT('',(6.051711295528,3.121665962004));
#5321 = CARTESIAN_POINT('',(6.165767702452,3.110823587836));
#5322 = CARTESIAN_POINT('',(6.28318530718,3.097557912771));
#5323 = ( GEOMETRIC_REPRESENTATION_CONTEXT(2) 
PARAMETRIC_REPRESENTATION_CONTEXT() REPRESENTATION_CONTEXT('2D SPACE',''
  ) );
#5324 = FACE_BOUND('',#5325,.T.);
#5325 = EDGE_LOOP('',(#5326));
#5326 = ORIENTED_EDGE('',*,*,#5327,.F.);
#5327 = EDGE_CURVE('',#5328,#5328,#5330,.T.);
#5328 = VERTEX_POINT('',#5329);
#5329 = CARTESIAN_POINT('',(-22.9,-43.3,16.902442087229));
#5330 = SURFACE_CURVE('',#5331,(#5390,#5452),.PCURVE_S1.);
#5331 = B_SPLINE_CURVE_WITH_KNOTS('',8,(#5332,#5333,#5334,#5335,#5336,
    #5337,#5338,#5339,#5340,#5341,#5342,#5343,#5344,#5345,#5346,#5347,
    #5348,#5349,#5350,#5351,#5352,#5353,#5354,#5355,#5356,#5357,#5358,
    #5359,#5360,#5361,#5362,#5363,#5364,#5365,#5366,#5367,#5368,#5369,
    #5370,#5371,#5372,#5373,#5374,#5375,#5376,#5377,#5378,#5379,#5380,
    #5381,#5382,#5383,#5384,#5385,#5386,#5387,#5388,#5389),
  .UNSPECIFIED.,.T.,.F.,(9,7,7,7,7,7,7,7,9),(0.,0.125044466487,
    0.238089471166,0.336885771502,0.429977517454,0.579116349011,
    0.700372622961,0.839119682978,1.),.UNSPECIFIED.);
#5332 = CARTESIAN_POINT('',(-22.9,-43.3,16.902442087229));
#5333 = CARTESIAN_POINT('',(-22.9,-43.10870296226,16.912733739139));
#5334 = CARTESIAN_POINT('',(-22.91991505018,-42.91137569281,
    16.924579651964));
#5335 = CARTESIAN_POINT('',(-22.96194438627,-42.71038918321,
    16.937595260216));
#5336 = CARTESIAN_POINT('',(-23.0280532828,-42.50858322062,
    16.951185749257));
#5337 = CARTESIAN_POINT('',(-23.11995315377,-42.30928799526,
    16.964551208962));
#5338 = CARTESIAN_POINT('',(-23.23906083402,-42.11638946462,
    16.97671331913));
#5339 = CARTESIAN_POINT('',(-23.38640542368,-41.93448375526,
    16.986601440823));
#5340 = CARTESIAN_POINT('',(-23.7216031162,-41.61971217018,
    16.999233873345));
#5341 = CARTESIAN_POINT('',(-23.90063149343,-41.48717885687,
    17.002437176646));
#5342 = CARTESIAN_POINT('',(-24.09615363733,-41.37639859794,
    17.002264774779));
#5343 = CARTESIAN_POINT('',(-24.3034161481,-41.29072232228,
    16.99851024746));
#5344 = CARTESIAN_POINT('',(-24.51674412884,-41.23185349931,
    16.991525897492));
#5345 = CARTESIAN_POINT('',(-24.7300049137,-41.19964354067,
    16.982132303018));
#5346 = CARTESIAN_POINT('',(-24.93702013746,-41.19188557945,
    16.971372581785));
#5347 = CARTESIAN_POINT('',(-25.30214153443,-41.21485707065,
    16.95049290589));
#5348 = CARTESIAN_POINT('',(-25.46629167048,-41.24105822404,
    16.940282256009));
#5349 = CARTESIAN_POINT('',(-25.62338671248,-41.28101398287,
    16.93003162494));
#5350 = CARTESIAN_POINT('',(-25.77280268335,-41.33321111848,
    16.920102237386));
#5351 = CARTESIAN_POINT('',(-25.91412413705,-41.39633316454,
    16.910783595903));
#5352 = CARTESIAN_POINT('',(-26.04707169292,-41.46924168285,
    16.902298246999));
#5353 = CARTESIAN_POINT('',(-26.17144838307,-41.55096215125,
    16.894811233208));
#5354 = CARTESIAN_POINT('',(-26.39608317446,-41.72520675639,
    16.882444863429));
#5355 = CARTESIAN_POINT('',(-26.49738526565,-41.81688594006,
    16.877436059245));
#5356 = CARTESIAN_POINT('',(-26.59088812492,-41.91505709466,
    16.87351996451));
#5357 = CARTESIAN_POINT('',(-26.67646432088,-42.01916567049,
    16.870765782996));
#5358 = CARTESIAN_POINT('',(-26.75396603248,-42.12873569907,
    16.869215351684));
#5359 = CARTESIAN_POINT('',(-26.8232090004,-42.2433485984,
    16.868886468238));
#5360 = CARTESIAN_POINT('',(-26.88395634935,-42.36262258293,
    16.869773970619));
#5361 = CARTESIAN_POINT('',(-27.01912293134,-42.68415974219,
    16.87517220565));
#5362 = CARTESIAN_POINT('',(-27.07970712742,-42.89304279568,
    16.881540480286));
#5363 = CARTESIAN_POINT('',(-27.11650858268,-43.11147119039,
    16.890830928718));
#5364 = CARTESIAN_POINT('',(-27.12772683726,-43.33800583902,
    16.902765582394));
#5365 = CARTESIAN_POINT('',(-27.11096567615,-43.57073831933,
    16.916877280116));
#5366 = CARTESIAN_POINT('',(-27.06327127874,-43.80701918779,
    16.932402687433));
#5367 = CARTESIAN_POINT('',(-26.9812092739,-44.04302806247,
    16.948191239086));
#5368 = CARTESIAN_POINT('',(-26.76333699272,-44.45979219232,
    16.974531092374));
#5369 = CARTESIAN_POINT('',(-26.63818578333,-44.64694781122,
    16.985782947477));
#5370 = CARTESIAN_POINT('',(-26.48473597878,-44.82475705811,
    16.995202617126));
#5371 = CARTESIAN_POINT('',(-26.30503468643,-44.98503937079,
    17.001490688994));
#5372 = CARTESIAN_POINT('',(-26.10358483251,-45.12127001235,
    17.003694060549));
#5373 = CARTESIAN_POINT('',(-25.886653063,-45.22899696343,
    17.001661294172));
#5374 = CARTESIAN_POINT('',(-25.66167489129,-45.30626892162,
    16.995968035786));
#5375 = CARTESIAN_POINT('',(-25.17914600367,-45.40884000898,
    16.978045650565));
#5376 = CARTESIAN_POINT('',(-24.92598383508,-45.42409830084,
    16.965155504979));
#5377 = CARTESIAN_POINT('',(-24.68245213791,-45.4051305533,
    16.950393795509));
#5378 = CARTESIAN_POINT('',(-24.45195682202,-45.35666064982,
    16.935158781799));
#5379 = CARTESIAN_POINT('',(-24.23678269927,-45.28293208235,
    16.920571497597));
#5380 = CARTESIAN_POINT('',(-24.03844612294,-45.18772647336,
    16.907440492544));
#5381 = CARTESIAN_POINT('',(-23.85786858288,-45.07437359268,
    16.896311220445));
#5382 = CARTESIAN_POINT('',(-23.50746876946,-44.79665736955,
    16.877281142238));
#5383 = CARTESIAN_POINT('',(-23.34286030889,-44.62617240957,
    16.87011947171));
#5384 = CARTESIAN_POINT('',(-23.20222591084,-44.43768333157,
    16.866520774612));
#5385 = CARTESIAN_POINT('',(-23.0862210266,-44.23356416503,
    16.866707773611));
#5386 = CARTESIAN_POINT('',(-22.9959508324,-44.01576089331,
    16.870702852858));
#5387 = CARTESIAN_POINT('',(-22.93308845355,-43.78609498161,
    16.878334038352));
#5388 = CARTESIAN_POINT('',(-22.9,-43.54657697316,16.88917641199));
#5389 = CARTESIAN_POINT('',(-22.9,-43.3,16.902442087229));
#5390 = PCURVE('',#1484,#5391);
#5391 = DEFINITIONAL_REPRESENTATION('',(#5392),#5451);
#5392 = B_SPLINE_CURVE_WITH_KNOTS('',8,(#5393,#5394,#5395,#5396,#5397,
    #5398,#5399,#5400,#5401,#5402,#5403,#5404,#5405,#5406,#5407,#5408,
    #5409,#5410,#5411,#5412,#5413,#5414,#5415,#5416,#5417,#5418,#5419,
    #5420,#5421,#5422,#5423,#5424,#5425,#5426,#5427,#5428,#5429,#5430,
    #5431,#5432,#5433,#5434,#5435,#5436,#5437,#5438,#5439,#5440,#5441,
    #5442,#5443,#5444,#5445,#5446,#5447,#5448,#5449,#5450),
  .UNSPECIFIED.,.T.,.F.,(9,7,7,7,7,7,7,7,9),(0.,0.125044466487,
    0.238089471166,0.336885771502,0.429977517454,0.579116349011,
    0.700372622961,0.839119682978,1.),.UNSPECIFIED.);
#5393 = CARTESIAN_POINT('',(4.605205045512,8.949756896818));
#5394 = CARTESIAN_POINT('',(4.610864027966,8.78409001743));
#5395 = CARTESIAN_POINT('',(4.617717836717,8.623158586643));
#5396 = CARTESIAN_POINT('',(4.625806362498,8.470115570387));
#5397 = CARTESIAN_POINT('',(4.635143177398,8.328402937347));
#5398 = CARTESIAN_POINT('',(4.645714212765,8.201760421496));
#5399 = CARTESIAN_POINT('',(4.657474999695,8.0942617691));
#5400 = CARTESIAN_POINT('',(4.670342645287,8.010401874687));
#5401 = CARTESIAN_POINT('',(4.69668705924,7.905406218335));
#5402 = CARTESIAN_POINT('',(4.709705444945,7.880146001887));
#5403 = CARTESIAN_POINT('',(4.722921506872,7.88197140977));
#5404 = CARTESIAN_POINT('',(4.735998470494,7.91140765803));
#5405 = CARTESIAN_POINT('',(4.748601342674,7.967092472789));
#5406 = CARTESIAN_POINT('',(4.760424234262,8.045830773297));
#5407 = CARTESIAN_POINT('',(4.771216299906,8.142622120198));
#5408 = CARTESIAN_POINT('',(4.789182806149,8.345080584193));
#5409 = CARTESIAN_POINT('',(4.796797651906,8.449848155967));
#5410 = CARTESIAN_POINT('',(4.803651384921,8.562999853482));
#5411 = CARTESIAN_POINT('',(4.809755447795,8.682913196475));
#5412 = CARTESIAN_POINT('',(4.815126005318,8.808240372445));
#5413 = CARTESIAN_POINT('',(4.819781015082,8.937855778802));
#5414 = CARTESIAN_POINT('',(4.823738019033,9.070816974693));
#5415 = CARTESIAN_POINT('',(4.83009821352,9.334035989322));
#5416 = CARTESIAN_POINT('',(4.832579798013,9.464084069063));
#5417 = CARTESIAN_POINT('',(4.834469679646,9.595854617564));
#5418 = CARTESIAN_POINT('',(4.835777120918,9.728803667124));
#5419 = CARTESIAN_POINT('',(4.836508229175,9.862445107821));
#5420 = CARTESIAN_POINT('',(4.836665773641,9.996324307977));
#5421 = CARTESIAN_POINT('',(4.83624896696,10.12999219378));
#5422 = CARTESIAN_POINT('',(4.83365794789,10.476034277703));
#5423 = CARTESIAN_POINT('',(4.83057762705,10.687223746285));
#5424 = CARTESIAN_POINT('',(4.825995197787,10.894788030199));
#5425 = CARTESIAN_POINT('',(4.81986355043,11.096580602689));
#5426 = CARTESIAN_POINT('',(4.812120350903,11.289750599867));
#5427 = CARTESIAN_POINT('',(4.8026979229,11.470526610365));
#5428 = CARTESIAN_POINT('',(4.791538825837,11.633882887295));
#5429 = CARTESIAN_POINT('',(4.76813053906,11.885870026934));
#5430 = CARTESIAN_POINT('',(4.756232597501,11.985373377305));
#5431 = CARTESIAN_POINT('',(4.743175867477,12.062632982562));
#5432 = CARTESIAN_POINT('',(4.729305902819,12.11158789619));
#5433 = CARTESIAN_POINT('',(4.715040543623,12.128839084355));
#5434 = CARTESIAN_POINT('',(4.700823552793,12.113664405382));
#5435 = CARTESIAN_POINT('',(4.687087122585,12.068091832721));
#5436 = CARTESIAN_POINT('',(4.659469000253,11.915650596819));
#5437 = CARTESIAN_POINT('',(4.646104344343,11.802280699111));
#5438 = CARTESIAN_POINT('',(4.634226746087,11.664085740825));
#5439 = CARTESIAN_POINT('',(4.623872961909,11.506859687459));
#5440 = CARTESIAN_POINT('',(4.615038838034,11.335419914944));
#5441 = CARTESIAN_POINT('',(4.607694850305,11.153799573698));
#5442 = CARTESIAN_POINT('',(4.601793411798,10.965343062903));
#5443 = CARTESIAN_POINT('',(4.592047045719,10.549631761216));
#5444 = CARTESIAN_POINT('',(4.588649805233,10.319682496654));
#5445 = CARTESIAN_POINT('',(4.587015694636,10.086128617831));
#5446 = CARTESIAN_POINT('',(4.587110374005,9.851353812395));
#5447 = CARTESIAN_POINT('',(4.588933196113,9.617595939246));
#5448 = CARTESIAN_POINT('',(4.592514084526,9.387269003043));
#5449 = CARTESIAN_POINT('',(4.597910762332,9.16329725352));
#5450 = CARTESIAN_POINT('',(4.605205045512,8.949756896818));
#5451 = ( GEOMETRIC_REPRESENTATION_CONTEXT(2) 
PARAMETRIC_REPRESENTATION_CONTEXT() REPRESENTATION_CONTEXT('2D SPACE',''
  ) );
#5452 = PCURVE('',#5453,#5458);
#5453 = CYLINDRICAL_SURFACE('',#5454,2.1);
#5454 = AXIS2_PLACEMENT_3D('',#5455,#5456,#5457);
#5455 = CARTESIAN_POINT('',(-25.,-43.3,-20.));
#5456 = DIRECTION('',(0.,0.,1.));
#5457 = DIRECTION('',(1.,0.,-0.));
#5458 = DEFINITIONAL_REPRESENTATION('',(#5459),#5518);
#5459 = B_SPLINE_CURVE_WITH_KNOTS('',8,(#5460,#5461,#5462,#5463,#5464,
    #5465,#5466,#5467,#5468,#5469,#5470,#5471,#5472,#5473,#5474,#5475,
    #5476,#5477,#5478,#5479,#5480,#5481,#5482,#5483,#5484,#5485,#5486,
    #5487,#5488,#5489,#5490,#5491,#5492,#5493,#5494,#5495,#5496,#5497,
    #5498,#5499,#5500,#5501,#5502,#5503,#5504,#5505,#5506,#5507,#5508,
    #5509,#5510,#5511,#5512,#5513,#5514,#5515,#5516,#5517),
  .UNSPECIFIED.,.F.,.F.,(9,7,7,7,7,7,7,7,9),(0.,0.125044466487,
    0.238089471166,0.336885771502,0.429977517454,0.579116349011,
    0.700372622961,0.839119682978,1.),.UNSPECIFIED.);
#5460 = CARTESIAN_POINT('',(8.881784197001E-16,36.902442087229));
#5461 = CARTESIAN_POINT('',(9.109382749157E-02,36.912733739139));
#5462 = CARTESIAN_POINT('',(0.185058806934,36.924579651964));
#5463 = CARTESIAN_POINT('',(0.281919980088,36.937595260216));
#5464 = CARTESIAN_POINT('',(0.381776543481,36.951185749257));
#5465 = CARTESIAN_POINT('',(0.484828382761,36.964551208962));
#5466 = CARTESIAN_POINT('',(0.591369797872,36.97671331913));
#5467 = CARTESIAN_POINT('',(0.701814266086,36.986601440823));
#5468 = CARTESIAN_POINT('',(0.920778351529,36.999233873345));
#5469 = CARTESIAN_POINT('',(1.026126306713,37.002437176646));
#5470 = CARTESIAN_POINT('',(1.131822579068,37.002264774779));
#5471 = CARTESIAN_POINT('',(1.237024181641,36.99851024746));
#5472 = CARTESIAN_POINT('',(1.340899683408,36.991525897492));
#5473 = CARTESIAN_POINT('',(1.44251115655,36.982132303018));
#5474 = CARTESIAN_POINT('',(1.54066380565,36.971372581785));
#5475 = CARTESIAN_POINT('',(1.714874903345,36.95049290589));
#5476 = CARTESIAN_POINT('',(1.793671297035,36.940282256009));
#5477 = CARTESIAN_POINT('',(1.870341412714,36.93003162494));
#5478 = CARTESIAN_POINT('',(1.945157999491,36.920102237386));
#5479 = CARTESIAN_POINT('',(2.018362474388,36.910783595903));
#5480 = CARTESIAN_POINT('',(2.090180035247,36.902298246999));
#5481 = CARTESIAN_POINT('',(2.160829915966,36.894811233208));
#5482 = CARTESIAN_POINT('',(2.296207084499,36.882444863429));
#5483 = CARTESIAN_POINT('',(2.361081094054,36.877436059245));
#5484 = CARTESIAN_POINT('',(2.425346506314,36.87351996451));
#5485 = CARTESIAN_POINT('',(2.489181954941,36.870765782996));
#5486 = CARTESIAN_POINT('',(2.55275835318,36.869215351684));
#5487 = CARTESIAN_POINT('',(2.616244954104,36.868886468238));
#5488 = CARTESIAN_POINT('',(2.679814131581,36.869773970619));
#5489 = CARTESIAN_POINT('',(2.845905758393,36.87517220565));
#5490 = CARTESIAN_POINT('',(2.948780731182,36.881540480286));
#5491 = CARTESIAN_POINT('',(3.053089253798,36.890830928718));
#5492 = CARTESIAN_POINT('',(3.159571533553,36.902765582394));
#5493 = CARTESIAN_POINT('',(3.268971323225,36.916877280116));
#5494 = CARTESIAN_POINT('',(3.38207235138,36.932402687433));
#5495 = CARTESIAN_POINT('',(3.499773873363,36.948191239086));
#5496 = CARTESIAN_POINT('',(3.723715410336,36.974531092374));
#5497 = CARTESIAN_POINT('',(3.830305933425,36.985782947477));
#5498 = CARTESIAN_POINT('',(3.940737254722,36.995202617126));
#5499 = CARTESIAN_POINT('',(4.053451130219,37.001490688994));
#5500 = CARTESIAN_POINT('',(4.167229373243,37.003694060549));
#5501 = CARTESIAN_POINT('',(4.280941216166,37.001661294172));
#5502 = CARTESIAN_POINT('',(4.39338330649,36.995968035786));
#5503 = CARTESIAN_POINT('',(4.628292926468,36.978045650565));
#5504 = CARTESIAN_POINT('',(4.747723307528,36.965155504979));
#5505 = CARTESIAN_POINT('',(4.862275759962,36.950393795509));
#5506 = CARTESIAN_POINT('',(4.972660053989,36.935158781799));
#5507 = CARTESIAN_POINT('',(5.079434974977,36.920571497597));
#5508 = CARTESIAN_POINT('',(5.18307514989,36.907440492544));
#5509 = CARTESIAN_POINT('',(5.283991937202,36.896311220445));
#5510 = CARTESIAN_POINT('',(5.496900916632,36.877281142238));
#5511 = CARTESIAN_POINT('',(5.608757378456,36.87011947171));
#5512 = CARTESIAN_POINT('',(5.719268298035,36.866520774612));
#5513 = CARTESIAN_POINT('',(5.829354521756,36.866707773611));
#5514 = CARTESIAN_POINT('',(5.93988096306,36.870702852858));
#5515 = CARTESIAN_POINT('',(6.051711300851,36.878334038352));
#5516 = CARTESIAN_POINT('',(6.16576770091,36.88917641199));
#5517 = CARTESIAN_POINT('',(6.28318530718,36.902442087229));
#5518 = ( GEOMETRIC_REPRESENTATION_CONTEXT(2) 
PARAMETRIC_REPRESENTATION_CONTEXT() REPRESENTATION_CONTEXT('2D SPACE',''
  ) );
#5519 = ADVANCED_FACE('',(#5520),#1510,.F.);
#5520 = FACE_BOUND('',#5521,.F.);
#5521 = EDGE_LOOP('',(#5522,#5523,#5524,#5525));
#5522 = ORIENTED_EDGE('',*,*,#1495,.F.);
#5523 = ORIENTED_EDGE('',*,*,#5082,.T.);
#5524 = ORIENTED_EDGE('',*,*,#1594,.F.);
#5525 = ORIENTED_EDGE('',*,*,#5526,.F.);
#5526 = EDGE_CURVE('',#1496,#1574,#5527,.T.);
#5527 = SURFACE_CURVE('',#5528,(#5533,#5540),.PCURVE_S1.);
#5528 = CIRCLE('',#5529,15.);
#5529 = AXIS2_PLACEMENT_3D('',#5530,#5531,#5532);
#5530 = CARTESIAN_POINT('',(-20.,-34.64,0.));
#5531 = DIRECTION('',(-0.500011000363,-0.866019052629,0.));
#5532 = DIRECTION('',(-0.866019052629,0.500011000363,0.));
#5533 = PCURVE('',#1510,#5534);
#5534 = DEFINITIONAL_REPRESENTATION('',(#5535),#5539);
#5535 = CIRCLE('',#5536,15.);
#5536 = AXIS2_PLACEMENT_2D('',#5537,#5538);
#5537 = CARTESIAN_POINT('',(0.,0.));
#5538 = DIRECTION('',(1.,0.));
#5539 = ( GEOMETRIC_REPRESENTATION_CONTEXT(2) 
PARAMETRIC_REPRESENTATION_CONTEXT() REPRESENTATION_CONTEXT('2D SPACE',''
  ) );
#5540 = PCURVE('',#1536,#5541);
#5541 = DEFINITIONAL_REPRESENTATION('',(#5542),#5546);
#5542 = LINE('',#5543,#5544);
#5543 = CARTESIAN_POINT('',(0.,4.99988999879));
#5544 = VECTOR('',#5545,1.);
#5545 = DIRECTION('',(1.,0.));
#5546 = ( GEOMETRIC_REPRESENTATION_CONTEXT(2) 
PARAMETRIC_REPRESENTATION_CONTEXT() REPRESENTATION_CONTEXT('2D SPACE',''
  ) );
#5547 = ADVANCED_FACE('',(#5548,#5691,#5881),#1536,.F.);
#5548 = FACE_BOUND('',#5549,.F.);
#5549 = EDGE_LOOP('',(#5550,#5574,#5597,#5619,#5620,#5621,#5622,#5644,
    #5645,#5667,#5668,#5690));
#5550 = ORIENTED_EDGE('',*,*,#5551,.F.);
#5551 = EDGE_CURVE('',#5552,#5552,#5554,.T.);
#5552 = VERTEX_POINT('',#5553);
#5553 = CARTESIAN_POINT('',(-62.99028578943,-79.09983499455,
    3.673940397442E-15));
#5554 = SURFACE_CURVE('',#5555,(#5560,#5567),.PCURVE_S1.);
#5555 = CIRCLE('',#5556,15.);
#5556 = AXIS2_PLACEMENT_3D('',#5557,#5558,#5559);
#5557 = CARTESIAN_POINT('',(-50.,-86.6,0.));
#5558 = DIRECTION('',(-0.500011000363,-0.866019052629,0.));
#5559 = DIRECTION('',(-0.866019052629,0.500011000363,0.));
#5560 = PCURVE('',#1536,#5561);
#5561 = DEFINITIONAL_REPRESENTATION('',(#5562),#5566);
#5562 = LINE('',#5563,#5564);
#5563 = CARTESIAN_POINT('',(0.,64.99856998427));
#5564 = VECTOR('',#5565,1.);
#5565 = DIRECTION('',(1.,0.));
#5566 = ( GEOMETRIC_REPRESENTATION_CONTEXT(2) 
PARAMETRIC_REPRESENTATION_CONTEXT() REPRESENTATION_CONTEXT('2D SPACE',''
  ) );
#5567 = PCURVE('',#5038,#5568);
#5568 = DEFINITIONAL_REPRESENTATION('',(#5569),#5573);
#5569 = CIRCLE('',#5570,15.);
#5570 = AXIS2_PLACEMENT_2D('',#5571,#5572);
#5571 = CARTESIAN_POINT('',(0.,0.));
#5572 = DIRECTION('',(1.,0.));
#5573 = ( GEOMETRIC_REPRESENTATION_CONTEXT(2) 
PARAMETRIC_REPRESENTATION_CONTEXT() REPRESENTATION_CONTEXT('2D SPACE',''
  ) );
#5574 = ORIENTED_EDGE('',*,*,#5575,.F.);
#5575 = EDGE_CURVE('',#5576,#5552,#5578,.T.);
#5576 = VERTEX_POINT('',#5577);
#5577 = CARTESIAN_POINT('',(-30.49028578943,-22.80983499455,
    3.673940397442E-15));
#5578 = SEAM_CURVE('',#5579,(#5583,#5590),.PCURVE_S1.);
#5579 = LINE('',#5580,#5581);
#5580 = CARTESIAN_POINT('',(-30.49028578943,-22.80983499455,
    3.673940397442E-15));
#5581 = VECTOR('',#5582,1.);
#5582 = DIRECTION('',(-0.500011000363,-0.866019052629,0.));
#5583 = PCURVE('',#1536,#5584);
#5584 = DEFINITIONAL_REPRESENTATION('',(#5585),#5589);
#5585 = LINE('',#5586,#5587);
#5586 = CARTESIAN_POINT('',(6.28318530718,-0.));
#5587 = VECTOR('',#5588,1.);
#5588 = DIRECTION('',(0.,1.));
#5589 = ( GEOMETRIC_REPRESENTATION_CONTEXT(2) 
PARAMETRIC_REPRESENTATION_CONTEXT() REPRESENTATION_CONTEXT('2D SPACE',''
  ) );
#5590 = PCURVE('',#1536,#5591);
#5591 = DEFINITIONAL_REPRESENTATION('',(#5592),#5596);
#5592 = LINE('',#5593,#5594);
#5593 = CARTESIAN_POINT('',(0.,-0.));
#5594 = VECTOR('',#5595,1.);
#5595 = DIRECTION('',(0.,1.));
#5596 = ( GEOMETRIC_REPRESENTATION_CONTEXT(2) 
PARAMETRIC_REPRESENTATION_CONTEXT() REPRESENTATION_CONTEXT('2D SPACE',''
  ) );
#5597 = ORIENTED_EDGE('',*,*,#5598,.T.);
#5598 = EDGE_CURVE('',#5576,#1522,#5599,.T.);
#5599 = SURFACE_CURVE('',#5600,(#5605,#5612),.PCURVE_S1.);
#5600 = CIRCLE('',#5601,15.);
#5601 = AXIS2_PLACEMENT_3D('',#5602,#5603,#5604);
#5602 = CARTESIAN_POINT('',(-17.5,-30.31,0.));
#5603 = DIRECTION('',(-0.500011000363,-0.866019052629,0.));
#5604 = DIRECTION('',(-0.866019052629,0.500011000363,0.));
#5605 = PCURVE('',#1536,#5606);
#5606 = DEFINITIONAL_REPRESENTATION('',(#5607),#5611);
#5607 = LINE('',#5608,#5609);
#5608 = CARTESIAN_POINT('',(0.,0.));
#5609 = VECTOR('',#5610,1.);
#5610 = DIRECTION('',(1.,0.));
#5611 = ( GEOMETRIC_REPRESENTATION_CONTEXT(2) 
PARAMETRIC_REPRESENTATION_CONTEXT() REPRESENTATION_CONTEXT('2D SPACE',''
  ) );
#5612 = PCURVE('',#1562,#5613);
#5613 = DEFINITIONAL_REPRESENTATION('',(#5614),#5618);
#5614 = CIRCLE('',#5615,15.);
#5615 = AXIS2_PLACEMENT_2D('',#5616,#5617);
#5616 = CARTESIAN_POINT('',(0.,0.));
#5617 = DIRECTION('',(1.,0.));
#5618 = ( GEOMETRIC_REPRESENTATION_CONTEXT(2) 
PARAMETRIC_REPRESENTATION_CONTEXT() REPRESENTATION_CONTEXT('2D SPACE',''
  ) );
#5619 = ORIENTED_EDGE('',*,*,#1521,.T.);
#5620 = ORIENTED_EDGE('',*,*,#5526,.T.);
#5621 = ORIENTED_EDGE('',*,*,#1573,.F.);
#5622 = ORIENTED_EDGE('',*,*,#5623,.T.);
#5623 = EDGE_CURVE('',#1548,#3267,#5624,.T.);
#5624 = SURFACE_CURVE('',#5625,(#5630,#5637),.PCURVE_S1.);
#5625 = CIRCLE('',#5626,15.);
#5626 = AXIS2_PLACEMENT_3D('',#5627,#5628,#5629);
#5627 = CARTESIAN_POINT('',(-17.5,-30.31,0.));
#5628 = DIRECTION('',(-0.500011000363,-0.866019052629,0.));
#5629 = DIRECTION('',(-0.866019052629,0.500011000363,0.));
#5630 = PCURVE('',#1536,#5631);
#5631 = DEFINITIONAL_REPRESENTATION('',(#5632),#5636);
#5632 = LINE('',#5633,#5634);
#5633 = CARTESIAN_POINT('',(0.,0.));
#5634 = VECTOR('',#5635,1.);
#5635 = DIRECTION('',(1.,0.));
#5636 = ( GEOMETRIC_REPRESENTATION_CONTEXT(2) 
PARAMETRIC_REPRESENTATION_CONTEXT() REPRESENTATION_CONTEXT('2D SPACE',''
  ) );
#5637 = PCURVE('',#1562,#5638);
#5638 = DEFINITIONAL_REPRESENTATION('',(#5639),#5643);
#5639 = CIRCLE('',#5640,15.);
#5640 = AXIS2_PLACEMENT_2D('',#5641,#5642);
#5641 = CARTESIAN_POINT('',(0.,0.));
#5642 = DIRECTION('',(1.,0.));
#5643 = ( GEOMETRIC_REPRESENTATION_CONTEXT(2) 
PARAMETRIC_REPRESENTATION_CONTEXT() REPRESENTATION_CONTEXT('2D SPACE',''
  ) );
#5644 = ORIENTED_EDGE('',*,*,#3287,.T.);
#5645 = ORIENTED_EDGE('',*,*,#5646,.T.);
#5646 = EDGE_CURVE('',#3288,#3220,#5647,.T.);
#5647 = SURFACE_CURVE('',#5648,(#5653,#5660),.PCURVE_S1.);
#5648 = CIRCLE('',#5649,15.);
#5649 = AXIS2_PLACEMENT_3D('',#5650,#5651,#5652);
#5650 = CARTESIAN_POINT('',(-20.,-34.64,0.));
#5651 = DIRECTION('',(-0.500011000363,-0.866019052629,0.));
#5652 = DIRECTION('',(-0.866019052629,0.500011000363,0.));
#5653 = PCURVE('',#1536,#5654);
#5654 = DEFINITIONAL_REPRESENTATION('',(#5655),#5659);
#5655 = LINE('',#5656,#5657);
#5656 = CARTESIAN_POINT('',(0.,4.99988999879));
#5657 = VECTOR('',#5658,1.);
#5658 = DIRECTION('',(1.,0.));
#5659 = ( GEOMETRIC_REPRESENTATION_CONTEXT(2) 
PARAMETRIC_REPRESENTATION_CONTEXT() REPRESENTATION_CONTEXT('2D SPACE',''
  ) );
#5660 = PCURVE('',#3234,#5661);
#5661 = DEFINITIONAL_REPRESENTATION('',(#5662),#5666);
#5662 = CIRCLE('',#5663,15.);
#5663 = AXIS2_PLACEMENT_2D('',#5664,#5665);
#5664 = CARTESIAN_POINT('',(0.,0.));
#5665 = DIRECTION('',(1.,0.));
#5666 = ( GEOMETRIC_REPRESENTATION_CONTEXT(2) 
PARAMETRIC_REPRESENTATION_CONTEXT() REPRESENTATION_CONTEXT('2D SPACE',''
  ) );
#5667 = ORIENTED_EDGE('',*,*,#3245,.F.);
#5668 = ORIENTED_EDGE('',*,*,#5669,.T.);
#5669 = EDGE_CURVE('',#3246,#5576,#5670,.T.);
#5670 = SURFACE_CURVE('',#5671,(#5676,#5683),.PCURVE_S1.);
#5671 = CIRCLE('',#5672,15.);
#5672 = AXIS2_PLACEMENT_3D('',#5673,#5674,#5675);
#5673 = CARTESIAN_POINT('',(-17.5,-30.31,0.));
#5674 = DIRECTION('',(-0.500011000363,-0.866019052629,0.));
#5675 = DIRECTION('',(-0.866019052629,0.500011000363,0.));
#5676 = PCURVE('',#1536,#5677);
#5677 = DEFINITIONAL_REPRESENTATION('',(#5678),#5682);
#5678 = LINE('',#5679,#5680);
#5679 = CARTESIAN_POINT('',(0.,0.));
#5680 = VECTOR('',#5681,1.);
#5681 = DIRECTION('',(1.,0.));
#5682 = ( GEOMETRIC_REPRESENTATION_CONTEXT(2) 
PARAMETRIC_REPRESENTATION_CONTEXT() REPRESENTATION_CONTEXT('2D SPACE',''
  ) );
#5683 = PCURVE('',#1562,#5684);
#5684 = DEFINITIONAL_REPRESENTATION('',(#5685),#5689);
#5685 = CIRCLE('',#5686,15.);
#5686 = AXIS2_PLACEMENT_2D('',#5687,#5688);
#5687 = CARTESIAN_POINT('',(0.,0.));
#5688 = DIRECTION('',(1.,0.));
#5689 = ( GEOMETRIC_REPRESENTATION_CONTEXT(2) 
PARAMETRIC_REPRESENTATION_CONTEXT() REPRESENTATION_CONTEXT('2D SPACE',''
  ) );
#5690 = ORIENTED_EDGE('',*,*,#5575,.T.);
#5691 = FACE_BOUND('',#5692,.F.);
#5692 = EDGE_LOOP('',(#5693));
#5693 = ORIENTED_EDGE('',*,*,#5694,.T.);
#5694 = EDGE_CURVE('',#5695,#5695,#5697,.T.);
#5695 = VERTEX_POINT('',#5696);
#5696 = CARTESIAN_POINT('',(-22.9,-43.3,-14.8893434547));
#5697 = SURFACE_CURVE('',#5698,(#5757,#5819),.PCURVE_S1.);
#5698 = B_SPLINE_CURVE_WITH_KNOTS('',8,(#5699,#5700,#5701,#5702,#5703,
    #5704,#5705,#5706,#5707,#5708,#5709,#5710,#5711,#5712,#5713,#5714,
    #5715,#5716,#5717,#5718,#5719,#5720,#5721,#5722,#5723,#5724,#5725,
    #5726,#5727,#5728,#5729,#5730,#5731,#5732,#5733,#5734,#5735,#5736,
    #5737,#5738,#5739,#5740,#5741,#5742,#5743,#5744,#5745,#5746,#5747,
    #5748,#5749,#5750,#5751,#5752,#5753,#5754,#5755,#5756),
  .UNSPECIFIED.,.T.,.F.,(9,7,7,7,7,7,7,7,9),(0.,0.125059442494,
    0.238114568587,0.336941387297,0.430007015325,0.579172399288,
    0.70044412605,0.839204752876,1.),.UNSPECIFIED.);
#5699 = CARTESIAN_POINT('',(-22.9,-43.3,-14.8893434547));
#5700 = CARTESIAN_POINT('',(-22.9,-43.10864619537,-14.90103004594));
#5701 = CARTESIAN_POINT('',(-22.91992686893,-42.91131071159,
    -14.91447655002));
#5702 = CARTESIAN_POINT('',(-22.9619628112,-42.71034676941,
    -14.92924469883));
#5703 = CARTESIAN_POINT('',(-23.02806569163,-42.50857605299,
    -14.94465917409));
#5704 = CARTESIAN_POINT('',(-23.11994810744,-42.30931220011,
    -14.95981393034));
#5705 = CARTESIAN_POINT('',(-23.23903598799,-42.11642795639,
    -14.97360213709));
#5706 = CARTESIAN_POINT('',(-23.38637475518,-41.9345125549,
    -14.98481237056));
#5707 = CARTESIAN_POINT('',(-23.72162603011,-41.61969065259,
    -14.99913303781));
#5708 = CARTESIAN_POINT('',(-23.90068148795,-41.48714214585,
    -15.00276309633));
#5709 = CARTESIAN_POINT('',(-24.09623046769,-41.37635671142,
    -15.00256606456));
#5710 = CARTESIAN_POINT('',(-24.30351578235,-41.29068366809,
    -14.99830959206));
#5711 = CARTESIAN_POINT('',(-24.51685906655,-41.23182550494,
    -14.99039213983));
#5712 = CARTESIAN_POINT('',(-24.73012038059,-41.19963251664,
    -14.9797423758));
#5713 = CARTESIAN_POINT('',(-24.9371057617,-41.19189096647,
    -14.9675434392));
#5714 = CARTESIAN_POINT('',(-25.30210403713,-41.21485471152,
    -14.94387197379));
#5715 = CARTESIAN_POINT('',(-25.46622367551,-41.24104695734,
    -14.9322924896));
#5716 = CARTESIAN_POINT('',(-25.62329790708,-41.28098993129,
    -14.92066463158));
#5717 = CARTESIAN_POINT('',(-25.77270497849,-41.33317390043,
    -14.90939778179));
#5718 = CARTESIAN_POINT('',(-25.91403094102,-41.39628666016,
    -14.89882060026));
#5719 = CARTESIAN_POINT('',(-26.04699694581,-41.46919467724,
    -14.88918633808));
#5720 = CARTESIAN_POINT('',(-26.17140537557,-41.55092879121,
    -14.88068339637));
#5721 = CARTESIAN_POINT('',(-26.39605945592,-41.72518835841,
    -14.86664047667));
#5722 = CARTESIAN_POINT('',(-26.4973524034,-41.81685474542,
    -14.86095259209));
#5723 = CARTESIAN_POINT('',(-26.59085636667,-41.91502044792,
    -14.85650435234));
#5724 = CARTESIAN_POINT('',(-26.67643954829,-42.01913092924,
    -14.85337527999));
#5725 = CARTESIAN_POINT('',(-26.75395024833,-42.12870871819,
    -14.85161359644));
#5726 = CARTESIAN_POINT('',(-26.82320124308,-42.24333249414,
    -14.85123983835));
#5727 = CARTESIAN_POINT('',(-26.88395393607,-42.36261684216,
    -14.85224803914));
#5728 = CARTESIAN_POINT('',(-27.01916497498,-42.68425975652,
    -14.85838136704));
#5729 = CARTESIAN_POINT('',(-27.07975664642,-42.89322605542,
    -14.86561908416));
#5730 = CARTESIAN_POINT('',(-27.11653855491,-43.11170905243,
    -14.87617568266));
#5731 = CARTESIAN_POINT('',(-27.12772215923,-43.33826152777,
    -14.88973130569));
#5732 = CARTESIAN_POINT('',(-27.1109262741,-43.57097262593,
    -14.90575057997));
#5733 = CARTESIAN_POINT('',(-27.0632124862,-43.80719663164,
    -14.92336390673));
#5734 = CARTESIAN_POINT('',(-26.98115984886,-44.04312260678,
    -14.94126665121));
#5735 = CARTESIAN_POINT('',(-26.76338211815,-44.45970587267,
    -14.97112422202));
#5736 = CARTESIAN_POINT('',(-26.63826075778,-44.64685267103,
    -14.98388122746));
#5737 = CARTESIAN_POINT('',(-26.48481868438,-44.82468296923,
    -14.99456083333));
#5738 = CARTESIAN_POINT('',(-26.30510735663,-44.98499231412,
    -15.001688607));
#5739 = CARTESIAN_POINT('',(-26.10363711594,-45.12124722671,
    -15.00418702727));
#5740 = CARTESIAN_POINT('',(-25.88667910305,-45.22899075255,
    -15.00188416534));
#5741 = CARTESIAN_POINT('',(-25.66167745679,-45.30626837628,
    -14.99543105823));
#5742 = CARTESIAN_POINT('',(-25.17915070411,-45.40883900981,
    -14.97511489462));
#5743 = CARTESIAN_POINT('',(-24.92601547309,-45.42409298564,
    -14.96050231934));
#5744 = CARTESIAN_POINT('',(-24.68252341425,-45.40513100036,
    -14.9437656008));
#5745 = CARTESIAN_POINT('',(-24.45206580814,-45.35668027727,
    -14.92648656458));
#5746 = CARTESIAN_POINT('',(-24.23691273947,-45.2829788352,
    -14.90993489314));
#5747 = CARTESIAN_POINT('',(-24.03856841137,-45.18779460026,
    -14.89502855279));
#5748 = CARTESIAN_POINT('',(-23.85794703777,-45.07443577364,
    -14.88238889877));
#5749 = CARTESIAN_POINT('',(-23.50749572655,-44.79667873492,
    -14.86077717929));
#5750 = CARTESIAN_POINT('',(-23.34287103099,-44.62619237286,
    -14.85264124936));
#5751 = CARTESIAN_POINT('',(-23.20220597144,-44.43767351251,
    -14.84855079205));
#5752 = CARTESIAN_POINT('',(-23.08617968838,-44.23350751744,
    -14.84876375867));
#5753 = CARTESIAN_POINT('',(-22.99590947141,-44.01566160796,
    -14.8533059138));
#5754 = CARTESIAN_POINT('',(-22.93306617826,-43.7859808154,
    -14.86197741934));
#5755 = CARTESIAN_POINT('',(-22.9,-43.54649396194,-14.87428927701));
#5756 = CARTESIAN_POINT('',(-22.9,-43.3,-14.8893434547));
#5757 = PCURVE('',#1536,#5758);
#5758 = DEFINITIONAL_REPRESENTATION('',(#5759),#5818);
#5759 = B_SPLINE_CURVE_WITH_KNOTS('',8,(#5760,#5761,#5762,#5763,#5764,
    #5765,#5766,#5767,#5768,#5769,#5770,#5771,#5772,#5773,#5774,#5775,
    #5776,#5777,#5778,#5779,#5780,#5781,#5782,#5783,#5784,#5785,#5786,
    #5787,#5788,#5789,#5790,#5791,#5792,#5793,#5794,#5795,#5796,#5797,
    #5798,#5799,#5800,#5801,#5802,#5803,#5804,#5805,#5806,#5807,#5808,
    #5809,#5810,#5811,#5812,#5813,#5814,#5815,#5816,#5817),
  .UNSPECIFIED.,.T.,.F.,(9,7,7,7,7,7,7,7,9),(0.,0.125059442494,
    0.238114568587,0.336941387297,0.430007015325,0.579172399288,
    0.70044412605,0.839204752876,1.),.UNSPECIFIED.);
#5760 = CARTESIAN_POINT('',(1.6923380166,13.949646895608));
#5761 = CARTESIAN_POINT('',(1.685912010808,13.783930855013));
#5762 = CARTESIAN_POINT('',(1.678131869654,13.622998219968));
#5763 = CARTESIAN_POINT('',(1.668953564724,13.469978050693));
#5764 = CARTESIAN_POINT('',(1.658362518814,13.328292933377));
#5765 = CARTESIAN_POINT('',(1.646375111673,13.201668858928));
#5766 = CARTESIAN_POINT('',(1.633041519793,13.094172679206));
#5767 = CARTESIAN_POINT('',(1.618454554724,13.010301479925));
#5768 = CARTESIAN_POINT('',(1.58858939729,12.905289039688));
#5769 = CARTESIAN_POINT('',(1.57383311281,12.880029206052));
#5770 = CARTESIAN_POINT('',(1.558854025844,12.881863550054));
#5771 = CARTESIAN_POINT('',(1.544032711835,12.911313999779));
#5772 = CARTESIAN_POINT('',(1.529747643061,12.967015698048));
#5773 = CARTESIAN_POINT('',(1.516345178266,13.045768959781));
#5774 = CARTESIAN_POINT('',(1.504110601881,13.142559597311));
#5775 = CARTESIAN_POINT('',(1.483741821578,13.344949790872));
#5776 = CARTESIAN_POINT('',(1.475105581656,13.449694399349));
#5777 = CARTESIAN_POINT('',(1.467330313766,13.562824619463));
#5778 = CARTESIAN_POINT('',(1.460403446881,13.682722110223));
#5779 = CARTESIAN_POINT('',(1.45430716612,13.808043498513));
#5780 = CARTESIAN_POINT('',(1.44902167496,13.937667695466));
#5781 = CARTESIAN_POINT('',(1.444527667997,14.070656578828));
#5782 = CARTESIAN_POINT('',(1.437305200772,14.333898195576));
#5783 = CARTESIAN_POINT('',(1.434487112992,14.46393062122));
#5784 = CARTESIAN_POINT('',(1.432340394331,14.595697000107));
#5785 = CARTESIAN_POINT('',(1.430854986779,14.728651192761));
#5786 = CARTESIAN_POINT('',(1.430024265023,14.862303848401));
#5787 = CARTESIAN_POINT('',(1.429845223362,14.996196481422));
#5788 = CARTESIAN_POINT('',(1.430318715407,15.129876014286));
#5789 = CARTESIAN_POINT('',(1.43326256084,15.476031913091));
#5790 = CARTESIAN_POINT('',(1.436763434557,15.687297211548));
#5791 = CARTESIAN_POINT('',(1.441970507726,15.894899008487));
#5792 = CARTESIAN_POINT('',(1.448935440287,16.096689693742));
#5793 = CARTESIAN_POINT('',(1.45772672454,16.289823811182));
#5794 = CARTESIAN_POINT('',(1.468418703749,16.470540881987));
#5795 = CARTESIAN_POINT('',(1.481074373191,16.633830050193));
#5796 = CARTESIAN_POINT('',(1.507608863429,16.885707834474));
#5797 = CARTESIAN_POINT('',(1.52109692143,16.985218470922));
#5798 = CARTESIAN_POINT('',(1.535897985038,17.062500172682));
#5799 = CARTESIAN_POINT('',(1.551619168634,17.111473478907));
#5800 = CARTESIAN_POINT('',(1.567787329992,17.128735492632));
#5801 = CARTESIAN_POINT('',(1.583901170855,17.11356204575));
#5802 = CARTESIAN_POINT('',(1.599471561697,17.067982642006));
#5803 = CARTESIAN_POINT('',(1.630778460024,16.915542080578));
#5804 = CARTESIAN_POINT('',(1.645929574894,16.802181914183));
#5805 = CARTESIAN_POINT('',(1.659398264511,16.664011765735));
#5806 = CARTESIAN_POINT('',(1.671143138269,16.506821178253));
#5807 = CARTESIAN_POINT('',(1.681168211183,16.335415424112));
#5808 = CARTESIAN_POINT('',(1.689505749591,16.153809717241));
#5809 = CARTESIAN_POINT('',(1.696208264784,15.965326139899));
#5810 = CARTESIAN_POINT('',(1.707276833572,15.549553741666));
#5811 = CARTESIAN_POINT('',(1.711136467265,15.319595145203));
#5812 = CARTESIAN_POINT('',(1.712993766945,15.086000143212));
#5813 = CARTESIAN_POINT('',(1.712885939752,14.851174083723));
#5814 = CARTESIAN_POINT('',(1.710813631984,14.617379274088));
#5815 = CARTESIAN_POINT('',(1.706744446143,14.38704899383));
#5816 = CARTESIAN_POINT('',(1.700615728298,14.163115363006));
#5817 = CARTESIAN_POINT('',(1.6923380166,13.949646895608));
#5818 = ( GEOMETRIC_REPRESENTATION_CONTEXT(2) 
PARAMETRIC_REPRESENTATION_CONTEXT() REPRESENTATION_CONTEXT('2D SPACE',''
  ) );
#5819 = PCURVE('',#5258,#5820);
#5820 = DEFINITIONAL_REPRESENTATION('',(#5821),#5880);
#5821 = B_SPLINE_CURVE_WITH_KNOTS('',8,(#5822,#5823,#5824,#5825,#5826,
    #5827,#5828,#5829,#5830,#5831,#5832,#5833,#5834,#5835,#5836,#5837,
    #5838,#5839,#5840,#5841,#5842,#5843,#5844,#5845,#5846,#5847,#5848,
    #5849,#5850,#5851,#5852,#5853,#5854,#5855,#5856,#5857,#5858,#5859,
    #5860,#5861,#5862,#5863,#5864,#5865,#5866,#5867,#5868,#5869,#5870,
    #5871,#5872,#5873,#5874,#5875,#5876,#5877,#5878,#5879),
  .UNSPECIFIED.,.F.,.F.,(9,7,7,7,7,7,7,7,9),(0.,0.125059442494,
    0.238114568587,0.336941387297,0.430007015325,0.579172399288,
    0.70044412605,0.839204752876,1.),.UNSPECIFIED.);
#5822 = CARTESIAN_POINT('',(8.881784197001E-16,5.110656545296));
#5823 = CARTESIAN_POINT('',(9.11208593435E-02,5.098969954056));
#5824 = CARTESIAN_POINT('',(0.185089744531,5.085523449977));
#5825 = CARTESIAN_POINT('',(0.281941219461,5.070755301166));
#5826 = CARTESIAN_POINT('',(0.381781766012,5.055340825907));
#5827 = CARTESIAN_POINT('',(0.484817551608,5.040186069656));
#5828 = CARTESIAN_POINT('',(0.591348619818,5.026397862903));
#5829 = CARTESIAN_POINT('',(0.701794232236,5.015187629431));
#5830 = CARTESIAN_POINT('',(0.920793319776,5.000866962184));
#5831 = CARTESIAN_POINT('',(1.026155615688,4.997236903667));
#5832 = CARTESIAN_POINT('',(1.131863678739,4.997433935439));
#5833 = CARTESIAN_POINT('',(1.237074255867,5.001690407936));
#5834 = CARTESIAN_POINT('',(1.340955123884,5.009607860162));
#5835 = CARTESIAN_POINT('',(1.442565691536,5.020257624199));
#5836 = CARTESIAN_POINT('',(1.540704659712,5.032456560795));
#5837 = CARTESIAN_POINT('',(1.714857012186,5.056128026208));
#5838 = CARTESIAN_POINT('',(1.793638645439,5.067707510393));
#5839 = CARTESIAN_POINT('',(1.87029794932,5.079335368415));
#5840 = CARTESIAN_POINT('',(1.945108648016,5.090602218203));
#5841 = CARTESIAN_POINT('',(2.018313259423,5.101179399734));
#5842 = CARTESIAN_POINT('',(2.090138191721,5.110813661917));
#5843 = CARTESIAN_POINT('',(2.1608039973,5.119316603628));
#5844 = CARTESIAN_POINT('',(2.296192790414,5.133359523322));
#5845 = CARTESIAN_POINT('',(2.361059624293,5.139047407906));
#5846 = CARTESIAN_POINT('',(2.425323579882,5.143495647654));
#5847 = CARTESIAN_POINT('',(2.489161779442,5.146624720005));
#5848 = CARTESIAN_POINT('',(2.552743540634,5.148386403555));
#5849 = CARTESIAN_POINT('',(2.61623645337,5.14876016165));
#5850 = CARTESIAN_POINT('',(2.679811166158,5.147751960853));
#5851 = CARTESIAN_POINT('',(2.845957421293,5.141618632955));
#5852 = CARTESIAN_POINT('',(2.948870322916,5.134380915831));
#5853 = CARTESIAN_POINT('',(3.053201654584,5.123824317339));
#5854 = CARTESIAN_POINT('',(3.159691057977,5.110268694305));
#5855 = CARTESIAN_POINT('',(3.269082415059,5.094249420021));
#5856 = CARTESIAN_POINT('',(3.382160209475,5.076636093265));
#5857 = CARTESIAN_POINT('',(3.499824675234,5.058733348786));
#5858 = CARTESIAN_POINT('',(3.723669027854,5.028875777978));
#5859 = CARTESIAN_POINT('',(3.830249248499,5.016118772534));
#5860 = CARTESIAN_POINT('',(3.940685578847,5.005439166665));
#5861 = CARTESIAN_POINT('',(4.053410694303,4.998311392999));
#5862 = CARTESIAN_POINT('',(4.167202724195,4.995812972722));
#5863 = CARTESIAN_POINT('',(4.280928466167,4.998115834653));
#5864 = CARTESIAN_POINT('',(4.39338205753,5.004568941769));
#5865 = CARTESIAN_POINT('',(4.628290638153,5.02488510538));
#5866 = CARTESIAN_POINT('',(4.747708049333,5.039497680654));
#5867 = CARTESIAN_POINT('',(4.862242423463,5.056234399198));
#5868 = CARTESIAN_POINT('',(4.972608504776,5.073513435411));
#5869 = CARTESIAN_POINT('',(5.079370490373,5.090065106853));
#5870 = CARTESIAN_POINT('',(5.183009364955,5.104971447209));
#5871 = CARTESIAN_POINT('',(5.283944266653,5.117611101224));
#5872 = CARTESIAN_POINT('',(5.496884537037,5.139222820706));
#5873 = CARTESIAN_POINT('',(5.608747468447,5.147358750635));
#5874 = CARTESIAN_POINT('',(5.719277677889,5.151449207949));
#5875 = CARTESIAN_POINT('',(5.829386706456,5.151236241326));
#5876 = CARTESIAN_POINT('',(5.939930734037,5.146694086199));
#5877 = CARTESIAN_POINT('',(6.051765664931,5.138022580657));
#5878 = CARTESIAN_POINT('',(6.165807230065,5.125710722986));
#5879 = CARTESIAN_POINT('',(6.28318530718,5.110656545296));
#5880 = ( GEOMETRIC_REPRESENTATION_CONTEXT(2) 
PARAMETRIC_REPRESENTATION_CONTEXT() REPRESENTATION_CONTEXT('2D SPACE',''
  ) );
#5881 = FACE_BOUND('',#5882,.F.);
#5882 = EDGE_LOOP('',(#5883));
#5883 = ORIENTED_EDGE('',*,*,#5884,.F.);
#5884 = EDGE_CURVE('',#5885,#5885,#5887,.T.);
#5885 = VERTEX_POINT('',#5886);
#5886 = CARTESIAN_POINT('',(-22.9,-43.3,14.889343454704));
#5887 = SURFACE_CURVE('',#5888,(#5947,#6009),.PCURVE_S1.);
#5888 = B_SPLINE_CURVE_WITH_KNOTS('',8,(#5889,#5890,#5891,#5892,#5893,
    #5894,#5895,#5896,#5897,#5898,#5899,#5900,#5901,#5902,#5903,#5904,
    #5905,#5906,#5907,#5908,#5909,#5910,#5911,#5912,#5913,#5914,#5915,
    #5916,#5917,#5918,#5919,#5920,#5921,#5922,#5923,#5924,#5925,#5926,
    #5927,#5928,#5929,#5930,#5931,#5932,#5933,#5934,#5935,#5936,#5937,
    #5938,#5939,#5940,#5941,#5942,#5943,#5944,#5945,#5946),
  .UNSPECIFIED.,.T.,.F.,(9,7,7,7,7,7,7,7,9),(0.,0.125059442494,
    0.238114568587,0.336941387296,0.430007015324,0.579172399287,
    0.700444126049,0.839204752876,1.),.UNSPECIFIED.);
#5889 = CARTESIAN_POINT('',(-22.9,-43.3,14.889343454704));
#5890 = CARTESIAN_POINT('',(-22.9,-43.10864619537,14.901030045944));
#5891 = CARTESIAN_POINT('',(-22.91992686893,-42.91131071159,
    14.914476550023));
#5892 = CARTESIAN_POINT('',(-22.9619628112,-42.71034676941,
    14.929244698834));
#5893 = CARTESIAN_POINT('',(-23.02806569163,-42.50857605299,
    14.944659174093));
#5894 = CARTESIAN_POINT('',(-23.11994810744,-42.30931220011,
    14.959813930344));
#5895 = CARTESIAN_POINT('',(-23.23903598799,-42.11642795639,
    14.973602137097));
#5896 = CARTESIAN_POINT('',(-23.38637475518,-41.9345125549,
    14.984812370569));
#5897 = CARTESIAN_POINT('',(-23.72162603011,-41.61969065259,
    14.999133037816));
#5898 = CARTESIAN_POINT('',(-23.90068148795,-41.48714214585,
    15.002763096333));
#5899 = CARTESIAN_POINT('',(-24.09623046769,-41.37635671142,
    15.002566064561));
#5900 = CARTESIAN_POINT('',(-24.30351578235,-41.29068366809,
    14.998309592064));
#5901 = CARTESIAN_POINT('',(-24.51685906655,-41.23182550494,
    14.990392139838));
#5902 = CARTESIAN_POINT('',(-24.73012038059,-41.19963251664,
    14.979742375801));
#5903 = CARTESIAN_POINT('',(-24.9371057617,-41.19189096647,
    14.967543439205));
#5904 = CARTESIAN_POINT('',(-25.30210403713,-41.21485471152,
    14.943871973792));
#5905 = CARTESIAN_POINT('',(-25.46622367551,-41.24104695734,
    14.932292489607));
#5906 = CARTESIAN_POINT('',(-25.62329790708,-41.28098993129,
    14.920664631585));
#5907 = CARTESIAN_POINT('',(-25.77270497849,-41.33317390043,
    14.909397781797));
#5908 = CARTESIAN_POINT('',(-25.91403094102,-41.39628666016,
    14.898820600266));
#5909 = CARTESIAN_POINT('',(-26.04699694581,-41.46919467724,
    14.889186338083));
#5910 = CARTESIAN_POINT('',(-26.17140537557,-41.55092879121,
    14.880683396372));
#5911 = CARTESIAN_POINT('',(-26.39605945592,-41.72518835841,
    14.866640476678));
#5912 = CARTESIAN_POINT('',(-26.4973524034,-41.81685474542,
    14.860952592094));
#5913 = CARTESIAN_POINT('',(-26.59085636667,-41.91502044792,
    14.856504352346));
#5914 = CARTESIAN_POINT('',(-26.67643954829,-42.01913092924,
    14.853375279995));
#5915 = CARTESIAN_POINT('',(-26.75395024833,-42.12870871819,
    14.851613596445));
#5916 = CARTESIAN_POINT('',(-26.82320124308,-42.24333249414,
    14.85123983835));
#5917 = CARTESIAN_POINT('',(-26.88395393607,-42.36261684216,
    14.852248039147));
#5918 = CARTESIAN_POINT('',(-27.01916497498,-42.68425975652,
    14.858381367045));
#5919 = CARTESIAN_POINT('',(-27.07975664642,-42.89322605542,
    14.865619084169));
#5920 = CARTESIAN_POINT('',(-27.11653855491,-43.11170905243,
    14.876175682661));
#5921 = CARTESIAN_POINT('',(-27.12772215923,-43.33826152777,
    14.889731305695));
#5922 = CARTESIAN_POINT('',(-27.1109262741,-43.57097262593,
    14.905750579979));
#5923 = CARTESIAN_POINT('',(-27.0632124862,-43.80719663164,
    14.923363906735));
#5924 = CARTESIAN_POINT('',(-26.98115984886,-44.04312260678,
    14.941266651214));
#5925 = CARTESIAN_POINT('',(-26.76338211815,-44.45970587267,
    14.971124222022));
#5926 = CARTESIAN_POINT('',(-26.63826075778,-44.64685267103,
    14.983881227466));
#5927 = CARTESIAN_POINT('',(-26.48481868438,-44.82468296923,
    14.994560833335));
#5928 = CARTESIAN_POINT('',(-26.30510735663,-44.98499231412,
    15.001688607001));
#5929 = CARTESIAN_POINT('',(-26.10363711594,-45.12124722671,
    15.004187027278));
#5930 = CARTESIAN_POINT('',(-25.88667910305,-45.22899075255,
    15.001884165347));
#5931 = CARTESIAN_POINT('',(-25.66167745679,-45.30626837628,
    14.995431058231));
#5932 = CARTESIAN_POINT('',(-25.17915070411,-45.40883900981,
    14.97511489462));
#5933 = CARTESIAN_POINT('',(-24.92601547309,-45.42409298564,
    14.960502319346));
#5934 = CARTESIAN_POINT('',(-24.68252341425,-45.40513100036,
    14.943765600802));
#5935 = CARTESIAN_POINT('',(-24.45206580814,-45.35668027727,
    14.926486564589));
#5936 = CARTESIAN_POINT('',(-24.23691273947,-45.2829788352,
    14.909934893147));
#5937 = CARTESIAN_POINT('',(-24.03856841137,-45.18779460026,
    14.895028552791));
#5938 = CARTESIAN_POINT('',(-23.85794703777,-45.07443577364,
    14.882388898776));
#5939 = CARTESIAN_POINT('',(-23.50749572655,-44.79667873492,
    14.860777179294));
#5940 = CARTESIAN_POINT('',(-23.342871031,-44.62619237286,
    14.852641249365));
#5941 = CARTESIAN_POINT('',(-23.20220597144,-44.43767351251,
    14.84855079205));
#5942 = CARTESIAN_POINT('',(-23.08617968838,-44.23350751744,
    14.848763758674));
#5943 = CARTESIAN_POINT('',(-22.99590947141,-44.01566160796,
    14.853305913801));
#5944 = CARTESIAN_POINT('',(-22.93306617826,-43.7859808154,
    14.861977419342));
#5945 = CARTESIAN_POINT('',(-22.9,-43.54649396194,14.874289277014));
#5946 = CARTESIAN_POINT('',(-22.9,-43.3,14.889343454704));
#5947 = PCURVE('',#1536,#5948);
#5948 = DEFINITIONAL_REPRESENTATION('',(#5949),#6008);
#5949 = B_SPLINE_CURVE_WITH_KNOTS('',8,(#5950,#5951,#5952,#5953,#5954,
    #5955,#5956,#5957,#5958,#5959,#5960,#5961,#5962,#5963,#5964,#5965,
    #5966,#5967,#5968,#5969,#5970,#5971,#5972,#5973,#5974,#5975,#5976,
    #5977,#5978,#5979,#5980,#5981,#5982,#5983,#5984,#5985,#5986,#5987,
    #5988,#5989,#5990,#5991,#5992,#5993,#5994,#5995,#5996,#5997,#5998,
    #5999,#6000,#6001,#6002,#6003,#6004,#6005,#6006,#6007),
  .UNSPECIFIED.,.T.,.F.,(9,7,7,7,7,7,7,7,9),(0.,0.125059442494,
    0.238114568587,0.336941387296,0.430007015324,0.579172399287,
    0.700444126049,0.839204752876,1.),.UNSPECIFIED.);
#5950 = CARTESIAN_POINT('',(4.59084729058,13.949646895608));
#5951 = CARTESIAN_POINT('',(4.597273296372,13.783930855012));
#5952 = CARTESIAN_POINT('',(4.605053437526,13.622998219968));
#5953 = CARTESIAN_POINT('',(4.614231742455,13.469978050693));
#5954 = CARTESIAN_POINT('',(4.624822788366,13.328292933377));
#5955 = CARTESIAN_POINT('',(4.636810195506,13.201668858928));
#5956 = CARTESIAN_POINT('',(4.650143787386,13.094172679206));
#5957 = CARTESIAN_POINT('',(4.664730752456,13.010301479925));
#5958 = CARTESIAN_POINT('',(4.694595909889,12.905289039688));
#5959 = CARTESIAN_POINT('',(4.70935219437,12.880029206052));
#5960 = CARTESIAN_POINT('',(4.724331281336,12.881863550054));
#5961 = CARTESIAN_POINT('',(4.739152595345,12.911313999779));
#5962 = CARTESIAN_POINT('',(4.753437664119,12.967015698048));
#5963 = CARTESIAN_POINT('',(4.766840128913,13.045768959781));
#5964 = CARTESIAN_POINT('',(4.779074705299,13.142559597311));
#5965 = CARTESIAN_POINT('',(4.799443485602,13.344949790872));
#5966 = CARTESIAN_POINT('',(4.808079725524,13.449694399349));
#5967 = CARTESIAN_POINT('',(4.815854993414,13.562824619463));
#5968 = CARTESIAN_POINT('',(4.822781860299,13.682722110223));
#5969 = CARTESIAN_POINT('',(4.82887814106,13.808043498513));
#5970 = CARTESIAN_POINT('',(4.83416363222,13.937667695466));
#5971 = CARTESIAN_POINT('',(4.838657639183,14.070656578828));
#5972 = CARTESIAN_POINT('',(4.845880106408,14.333898195576));
#5973 = CARTESIAN_POINT('',(4.848698194187,14.46393062122));
#5974 = CARTESIAN_POINT('',(4.850844912848,14.595697000107));
#5975 = CARTESIAN_POINT('',(4.8523303204,14.728651192761));
#5976 = CARTESIAN_POINT('',(4.853161042156,14.862303848402));
#5977 = CARTESIAN_POINT('',(4.853340083818,14.996196481422));
#5978 = CARTESIAN_POINT('',(4.852866591773,15.129876014286));
#5979 = CARTESIAN_POINT('',(4.84992274634,15.476031913091));
#5980 = CARTESIAN_POINT('',(4.846421872623,15.687297211547));
#5981 = CARTESIAN_POINT('',(4.841214799453,15.894899008487));
#5982 = CARTESIAN_POINT('',(4.834249866893,16.096689693742));
#5983 = CARTESIAN_POINT('',(4.82545858264,16.289823811182));
#5984 = CARTESIAN_POINT('',(4.814766603431,16.470540881988));
#5985 = CARTESIAN_POINT('',(4.802110933988,16.633830050193));
#5986 = CARTESIAN_POINT('',(4.77557644375,16.885707834474));
#5987 = CARTESIAN_POINT('',(4.76208838575,16.985218470921));
#5988 = CARTESIAN_POINT('',(4.747287322142,17.062500172684));
#5989 = CARTESIAN_POINT('',(4.731566138545,17.111473478905));
#5990 = CARTESIAN_POINT('',(4.715397977188,17.128735492633));
#5991 = CARTESIAN_POINT('',(4.699284136325,17.11356204575));
#5992 = CARTESIAN_POINT('',(4.683713745483,17.067982642006));
#5993 = CARTESIAN_POINT('',(4.652406847155,16.915542080578));
#5994 = CARTESIAN_POINT('',(4.637255732285,16.802181914183));
#5995 = CARTESIAN_POINT('',(4.623787042668,16.664011765735));
#5996 = CARTESIAN_POINT('',(4.612042168911,16.506821178253));
#5997 = CARTESIAN_POINT('',(4.602017095996,16.335415424112));
#5998 = CARTESIAN_POINT('',(4.593679557589,16.153809717241));
#5999 = CARTESIAN_POINT('',(4.586977042395,15.965326139899));
#6000 = CARTESIAN_POINT('',(4.575908473607,15.549553741665));
#6001 = CARTESIAN_POINT('',(4.572048839915,15.319595145205));
#6002 = CARTESIAN_POINT('',(4.570191540234,15.086000143212));
#6003 = CARTESIAN_POINT('',(4.570299367428,14.851174083722));
#6004 = CARTESIAN_POINT('',(4.572371675196,14.617379274088));
#6005 = CARTESIAN_POINT('',(4.576440861036,14.387048993831));
#6006 = CARTESIAN_POINT('',(4.582569578882,14.163115363006));
#6007 = CARTESIAN_POINT('',(4.59084729058,13.949646895608));
#6008 = ( GEOMETRIC_REPRESENTATION_CONTEXT(2) 
PARAMETRIC_REPRESENTATION_CONTEXT() REPRESENTATION_CONTEXT('2D SPACE',''
  ) );
#6009 = PCURVE('',#5453,#6010);
#6010 = DEFINITIONAL_REPRESENTATION('',(#6011),#6070);
#6011 = B_SPLINE_CURVE_WITH_KNOTS('',8,(#6012,#6013,#6014,#6015,#6016,
    #6017,#6018,#6019,#6020,#6021,#6022,#6023,#6024,#6025,#6026,#6027,
    #6028,#6029,#6030,#6031,#6032,#6033,#6034,#6035,#6036,#6037,#6038,
    #6039,#6040,#6041,#6042,#6043,#6044,#6045,#6046,#6047,#6048,#6049,
    #6050,#6051,#6052,#6053,#6054,#6055,#6056,#6057,#6058,#6059,#6060,
    #6061,#6062,#6063,#6064,#6065,#6066,#6067,#6068,#6069),
  .UNSPECIFIED.,.F.,.F.,(9,7,7,7,7,7,7,7,9),(0.,0.125059442494,
    0.238114568587,0.336941387296,0.430007015324,0.579172399287,
    0.700444126049,0.839204752876,1.),.UNSPECIFIED.);
#6012 = CARTESIAN_POINT('',(8.881784197001E-16,34.889343454704));
#6013 = CARTESIAN_POINT('',(9.11208593435E-02,34.901030045944));
#6014 = CARTESIAN_POINT('',(0.185089744531,34.914476550023));
#6015 = CARTESIAN_POINT('',(0.281941219461,34.929244698834));
#6016 = CARTESIAN_POINT('',(0.381781766012,34.944659174093));
#6017 = CARTESIAN_POINT('',(0.484817551608,34.959813930344));
#6018 = CARTESIAN_POINT('',(0.591348619818,34.973602137097));
#6019 = CARTESIAN_POINT('',(0.701794232236,34.984812370569));
#6020 = CARTESIAN_POINT('',(0.920793319776,34.999133037816));
#6021 = CARTESIAN_POINT('',(1.026155615688,35.002763096333));
#6022 = CARTESIAN_POINT('',(1.131863678739,35.002566064561));
#6023 = CARTESIAN_POINT('',(1.237074255867,34.998309592064));
#6024 = CARTESIAN_POINT('',(1.340955123884,34.990392139838));
#6025 = CARTESIAN_POINT('',(1.442565691537,34.979742375801));
#6026 = CARTESIAN_POINT('',(1.540704659712,34.967543439205));
#6027 = CARTESIAN_POINT('',(1.714857012186,34.943871973792));
#6028 = CARTESIAN_POINT('',(1.793638645439,34.932292489607));
#6029 = CARTESIAN_POINT('',(1.87029794932,34.920664631585));
#6030 = CARTESIAN_POINT('',(1.945108648016,34.909397781797));
#6031 = CARTESIAN_POINT('',(2.018313259423,34.898820600266));
#6032 = CARTESIAN_POINT('',(2.090138191721,34.889186338083));
#6033 = CARTESIAN_POINT('',(2.1608039973,34.880683396372));
#6034 = CARTESIAN_POINT('',(2.296192790414,34.866640476678));
#6035 = CARTESIAN_POINT('',(2.361059624293,34.860952592094));
#6036 = CARTESIAN_POINT('',(2.425323579882,34.856504352346));
#6037 = CARTESIAN_POINT('',(2.489161779442,34.853375279995));
#6038 = CARTESIAN_POINT('',(2.552743540634,34.851613596445));
#6039 = CARTESIAN_POINT('',(2.61623645337,34.85123983835));
#6040 = CARTESIAN_POINT('',(2.679811166158,34.852248039147));
#6041 = CARTESIAN_POINT('',(2.845957421293,34.858381367045));
#6042 = CARTESIAN_POINT('',(2.948870322916,34.865619084169));
#6043 = CARTESIAN_POINT('',(3.053201654584,34.876175682662));
#6044 = CARTESIAN_POINT('',(3.159691057977,34.889731305695));
#6045 = CARTESIAN_POINT('',(3.269082415059,34.905750579979));
#6046 = CARTESIAN_POINT('',(3.382160209475,34.923363906735));
#6047 = CARTESIAN_POINT('',(3.499824675234,34.941266651214));
#6048 = CARTESIAN_POINT('',(3.723669027854,34.971124222022));
#6049 = CARTESIAN_POINT('',(3.830249248499,34.983881227466));
#6050 = CARTESIAN_POINT('',(3.940685578846,34.994560833335));
#6051 = CARTESIAN_POINT('',(4.053410694305,35.001688607001));
#6052 = CARTESIAN_POINT('',(4.167202724194,35.004187027278));
#6053 = CARTESIAN_POINT('',(4.280928466167,35.001884165347));
#6054 = CARTESIAN_POINT('',(4.39338205753,34.995431058231));
#6055 = CARTESIAN_POINT('',(4.628290638153,34.97511489462));
#6056 = CARTESIAN_POINT('',(4.747708049333,34.960502319346));
#6057 = CARTESIAN_POINT('',(4.862242423464,34.943765600802));
#6058 = CARTESIAN_POINT('',(4.972608504776,34.926486564589));
#6059 = CARTESIAN_POINT('',(5.079370490373,34.909934893147));
#6060 = CARTESIAN_POINT('',(5.183009364955,34.895028552791));
#6061 = CARTESIAN_POINT('',(5.283944266653,34.882388898776));
#6062 = CARTESIAN_POINT('',(5.496884537037,34.860777179294));
#6063 = CARTESIAN_POINT('',(5.608747468445,34.852641249365));
#6064 = CARTESIAN_POINT('',(5.71927767789,34.84855079205));
#6065 = CARTESIAN_POINT('',(5.829386706457,34.848763758674));
#6066 = CARTESIAN_POINT('',(5.939930734036,34.853305913801));
#6067 = CARTESIAN_POINT('',(6.051765664931,34.861977419342));
#6068 = CARTESIAN_POINT('',(6.165807230065,34.874289277014));
#6069 = CARTESIAN_POINT('',(6.28318530718,34.889343454704));
#6070 = ( GEOMETRIC_REPRESENTATION_CONTEXT(2) 
PARAMETRIC_REPRESENTATION_CONTEXT() REPRESENTATION_CONTEXT('2D SPACE',''
  ) );
#6071 = ADVANCED_FACE('',(#6072),#1562,.T.);
#6072 = FACE_BOUND('',#6073,.T.);
#6073 = EDGE_LOOP('',(#6074,#6075,#6076,#6077,#6078));
#6074 = ORIENTED_EDGE('',*,*,#5669,.T.);
#6075 = ORIENTED_EDGE('',*,*,#5598,.T.);
#6076 = ORIENTED_EDGE('',*,*,#1547,.T.);
#6077 = ORIENTED_EDGE('',*,*,#5623,.T.);
#6078 = ORIENTED_EDGE('',*,*,#3266,.F.);
#6079 = ADVANCED_FACE('',(#6080),#1457,.T.);
#6080 = FACE_BOUND('',#6081,.T.);
#6081 = EDGE_LOOP('',(#6082,#6083,#6084,#6126,#6127));
#6082 = ORIENTED_EDGE('',*,*,#4968,.F.);
#6083 = ORIENTED_EDGE('',*,*,#3174,.F.);
#6084 = ORIENTED_EDGE('',*,*,#6085,.F.);
#6085 = EDGE_CURVE('',#1420,#3154,#6086,.T.);
#6086 = SURFACE_CURVE('',#6087,(#6098,#6112),.PCURVE_S1.);
#6087 = B_SPLINE_CURVE_WITH_KNOTS('',5,(#6088,#6089,#6090,#6091,#6092,
    #6093,#6094,#6095,#6096,#6097),.UNSPECIFIED.,.F.,.F.,(6,4,6),(0.,
    0.499999968321,1.),.UNSPECIFIED.);
#6088 = CARTESIAN_POINT('',(-94.61500941154,-16.24807662626,
    -5.000000597359));
#6089 = CARTESIAN_POINT('',(-94.5630300736,-16.55076017837,
    -4.016395604711));
#6090 = CARTESIAN_POINT('',(-94.52312801002,-16.77586430236,
    -3.020121017225));
#6091 = CARTESIAN_POINT('',(-94.49624726747,-16.92528184865,
    -2.016037708038));
#6092 = CARTESIAN_POINT('',(-94.48280266799,-17.,-1.008052314596));
#6093 = CARTESIAN_POINT('',(-94.48280266799,-17.,1.008052442333));
#6094 = CARTESIAN_POINT('',(-94.49624727091,-16.92528181769,
    2.016037330152));
#6095 = CARTESIAN_POINT('',(-94.52312798341,-16.77586447068,
    3.020120834911));
#6096 = CARTESIAN_POINT('',(-94.56303011411,-16.55075994248,
    4.016396371948));
#6097 = CARTESIAN_POINT('',(-94.61500941141,-16.24807662702,
    5.000000596117));
#6098 = PCURVE('',#1457,#6099);
#6099 = DEFINITIONAL_REPRESENTATION('',(#6100),#6111);
#6100 = B_SPLINE_CURVE_WITH_KNOTS('',5,(#6101,#6102,#6103,#6104,#6105,
    #6106,#6107,#6108,#6109,#6110),.UNSPECIFIED.,.F.,.F.,(6,4,6),(0.,
    0.499999968321,1.),.UNSPECIFIED.);
#6101 = CARTESIAN_POINT('',(3.311662104269,-6.E-07));
#6102 = CARTESIAN_POINT('',(3.314861211408,0.983604392648));
#6103 = CARTESIAN_POINT('',(3.317242567752,1.979878989547));
#6104 = CARTESIAN_POINT('',(3.318823996143,2.983962288099));
#6105 = CARTESIAN_POINT('',(3.319614807714,3.991947685404));
#6106 = CARTESIAN_POINT('',(3.319614807714,6.008052442333));
#6107 = CARTESIAN_POINT('',(3.318823995816,7.016037335657));
#6108 = CARTESIAN_POINT('',(3.317242569532,8.020120825169));
#6109 = CARTESIAN_POINT('',(3.314861208915,9.016396375831));
#6110 = CARTESIAN_POINT('',(3.311662104277,10.0000006));
#6111 = ( GEOMETRIC_REPRESENTATION_CONTEXT(2) 
PARAMETRIC_REPRESENTATION_CONTEXT() REPRESENTATION_CONTEXT('2D SPACE',''
  ) );
#6112 = PCURVE('',#1288,#6113);
#6113 = DEFINITIONAL_REPRESENTATION('',(#6114),#6125);
#6114 = B_SPLINE_CURVE_WITH_KNOTS('',5,(#6115,#6116,#6117,#6118,#6119,
    #6120,#6121,#6122,#6123,#6124),.UNSPECIFIED.,.F.,.F.,(6,4,6),(0.,
    0.499999968321,1.),.UNSPECIFIED.);
#6115 = CARTESIAN_POINT('',(1.272264089008,54.615009411547));
#6116 = CARTESIAN_POINT('',(1.332800792229,54.563030073609));
#6117 = CARTESIAN_POINT('',(1.392707656039,54.523128010029));
#6118 = CARTESIAN_POINT('',(1.452205917532,54.496247267473));
#6119 = CARTESIAN_POINT('',(1.511499131819,54.482802667999));
#6120 = CARTESIAN_POINT('',(1.630093529285,54.482802667999));
#6121 = CARTESIAN_POINT('',(1.689386714487,54.496247270911));
#6122 = CARTESIAN_POINT('',(1.748884984963,54.523127983415));
#6123 = CARTESIAN_POINT('',(1.808791908507,54.563030114115));
#6124 = CARTESIAN_POINT('',(1.869328564429,54.615009411416));
#6125 = ( GEOMETRIC_REPRESENTATION_CONTEXT(2) 
PARAMETRIC_REPRESENTATION_CONTEXT() REPRESENTATION_CONTEXT('2D SPACE',''
  ) );
#6126 = ORIENTED_EDGE('',*,*,#1440,.T.);
#6127 = ORIENTED_EDGE('',*,*,#5051,.F.);
#6128 = ADVANCED_FACE('',(#6129,#6508),#1288,.T.);
#6129 = FACE_BOUND('',#6130,.T.);
#6130 = EDGE_LOOP('',(#6131,#6155,#6178,#6275,#6298,#6325,#6326,#6416,
    #6417,#6439,#6440,#6441,#6442,#6464,#6465,#6507));
#6131 = ORIENTED_EDGE('',*,*,#6132,.T.);
#6132 = EDGE_CURVE('',#1274,#6133,#6135,.T.);
#6133 = VERTEX_POINT('',#6134);
#6134 = CARTESIAN_POINT('',(-40.,4.163799117101E-15,-17.));
#6135 = SURFACE_CURVE('',#6136,(#6141,#6148),.PCURVE_S1.);
#6136 = CIRCLE('',#6137,17.);
#6137 = AXIS2_PLACEMENT_3D('',#6138,#6139,#6140);
#6138 = CARTESIAN_POINT('',(-40.,0.,0.));
#6139 = DIRECTION('',(-1.,0.,0.));
#6140 = DIRECTION('',(0.,0.,-1.));
#6141 = PCURVE('',#1288,#6142);
#6142 = DEFINITIONAL_REPRESENTATION('',(#6143),#6147);
#6143 = LINE('',#6144,#6145);
#6144 = CARTESIAN_POINT('',(0.,0.));
#6145 = VECTOR('',#6146,1.);
#6146 = DIRECTION('',(1.,0.));
#6147 = ( GEOMETRIC_REPRESENTATION_CONTEXT(2) 
PARAMETRIC_REPRESENTATION_CONTEXT() REPRESENTATION_CONTEXT('2D SPACE',''
  ) );
#6148 = PCURVE('',#1314,#6149);
#6149 = DEFINITIONAL_REPRESENTATION('',(#6150),#6154);
#6150 = CIRCLE('',#6151,17.);
#6151 = AXIS2_PLACEMENT_2D('',#6152,#6153);
#6152 = CARTESIAN_POINT('',(0.,0.));
#6153 = DIRECTION('',(1.,0.));
#6154 = ( GEOMETRIC_REPRESENTATION_CONTEXT(2) 
PARAMETRIC_REPRESENTATION_CONTEXT() REPRESENTATION_CONTEXT('2D SPACE',''
  ) );
#6155 = ORIENTED_EDGE('',*,*,#6156,.T.);
#6156 = EDGE_CURVE('',#6133,#6157,#6159,.T.);
#6157 = VERTEX_POINT('',#6158);
#6158 = CARTESIAN_POINT('',(-47.9,1.82472373073E-15,-17.));
#6159 = SEAM_CURVE('',#6160,(#6164,#6171),.PCURVE_S1.);
#6160 = LINE('',#6161,#6162);
#6161 = CARTESIAN_POINT('',(-40.,4.163799117101E-15,-17.));
#6162 = VECTOR('',#6163,1.);
#6163 = DIRECTION('',(-1.,0.,0.));
#6164 = PCURVE('',#1288,#6165);
#6165 = DEFINITIONAL_REPRESENTATION('',(#6166),#6170);
#6166 = LINE('',#6167,#6168);
#6167 = CARTESIAN_POINT('',(0.,-0.));
#6168 = VECTOR('',#6169,1.);
#6169 = DIRECTION('',(0.,1.));
#6170 = ( GEOMETRIC_REPRESENTATION_CONTEXT(2) 
PARAMETRIC_REPRESENTATION_CONTEXT() REPRESENTATION_CONTEXT('2D SPACE',''
  ) );
#6171 = PCURVE('',#1288,#6172);
#6172 = DEFINITIONAL_REPRESENTATION('',(#6173),#6177);
#6173 = LINE('',#6174,#6175);
#6174 = CARTESIAN_POINT('',(6.28318530718,-0.));
#6175 = VECTOR('',#6176,1.);
#6176 = DIRECTION('',(0.,1.));
#6177 = ( GEOMETRIC_REPRESENTATION_CONTEXT(2) 
PARAMETRIC_REPRESENTATION_CONTEXT() REPRESENTATION_CONTEXT('2D SPACE',''
  ) );
#6178 = ORIENTED_EDGE('',*,*,#6179,.T.);
#6179 = EDGE_CURVE('',#6157,#6180,#6182,.T.);
#6180 = VERTEX_POINT('',#6181);
#6181 = CARTESIAN_POINT('',(-52.1,4.163799117101E-15,-17.));
#6182 = SURFACE_CURVE('',#6183,(#6210,#6240),.PCURVE_S1.);
#6183 = B_SPLINE_CURVE_WITH_KNOTS('',7,(#6184,#6185,#6186,#6187,#6188,
    #6189,#6190,#6191,#6192,#6193,#6194,#6195,#6196,#6197,#6198,#6199,
    #6200,#6201,#6202,#6203,#6204,#6205,#6206,#6207,#6208,#6209),
  .UNSPECIFIED.,.F.,.F.,(8,6,6,6,8),(0.,0.245388198885,0.500010334568,
    0.754645717946,1.),.UNSPECIFIED.);
#6184 = CARTESIAN_POINT('',(-47.9,1.82472373073E-15,-17.));
#6185 = CARTESIAN_POINT('',(-47.9,0.27899941845,-17.));
#6186 = CARTESIAN_POINT('',(-47.94324437308,0.550472901491,
    -16.99465790075));
#6187 = CARTESIAN_POINT('',(-48.02553686823,0.806637734836,
    -16.98449316045));
#6188 = CARTESIAN_POINT('',(-48.14120918429,1.041038338694,
    -16.97088438545));
#6189 = CARTESIAN_POINT('',(-48.28318086209,1.248771335965,
    -16.95571380849));
#6190 = CARTESIAN_POINT('',(-48.44305422404,1.426953058062,
    -16.94066062466));
#6191 = CARTESIAN_POINT('',(-48.78576494913,1.7290932051,-16.91254311424
    ));
#6192 = CARTESIAN_POINT('',(-48.97393949816,1.854901793689,
    -16.89918942593));
#6193 = CARTESIAN_POINT('',(-49.17128947839,1.953857542309,
    -16.88776350336));
#6194 = CARTESIAN_POINT('',(-49.37469410558,2.027149266283,
    -16.8788642531));
#6195 = CARTESIAN_POINT('',(-49.58183368071,2.075695874102,
    -16.87282091891));
#6196 = CARTESIAN_POINT('',(-49.79083925026,2.1,-16.86979549372));
#6197 = CARTESIAN_POINT('',(-50.20917163212,2.1,-16.86979549372));
#6198 = CARTESIAN_POINT('',(-50.4181750246,2.075693389921,
    -16.87282122528));
#6199 = CARTESIAN_POINT('',(-50.6253084228,2.027147043265,
    -16.87886453764));
#6200 = CARTESIAN_POINT('',(-50.82870877662,1.953857705366,
    -16.88776342707));
#6201 = CARTESIAN_POINT('',(-51.02605862796,1.854903375824,
    -16.89918927844));
#6202 = CARTESIAN_POINT('',(-51.21423498715,1.729093261272,
    -16.91254310901));
#6203 = CARTESIAN_POINT('',(-51.55691384139,1.426981212166,
    -16.94065800461));
#6204 = CARTESIAN_POINT('',(-51.71680097825,1.248801523859,
    -16.95571158314));
#6205 = CARTESIAN_POINT('',(-51.8588002725,1.04104297115,-16.970884917)
  );
#6206 = CARTESIAN_POINT('',(-51.97448942727,0.806600866758,
    -16.98449640028));
#6207 = CARTESIAN_POINT('',(-52.0567761714,0.550401825964,
    -16.99466044186));
#6208 = CARTESIAN_POINT('',(-52.1,0.278933156591,-17.));
#6209 = CARTESIAN_POINT('',(-52.1,2.467663300282E-15,-17.));
#6210 = PCURVE('',#1288,#6211);
#6211 = DEFINITIONAL_REPRESENTATION('',(#6212),#6239);
#6212 = B_SPLINE_CURVE_WITH_KNOTS('',7,(#6213,#6214,#6215,#6216,#6217,
    #6218,#6219,#6220,#6221,#6222,#6223,#6224,#6225,#6226,#6227,#6228,
    #6229,#6230,#6231,#6232,#6233,#6234,#6235,#6236,#6237,#6238),
  .UNSPECIFIED.,.F.,.F.,(8,6,6,6,8),(0.,0.245388198885,0.500010334568,
    0.754645717946,1.),.UNSPECIFIED.);
#6213 = CARTESIAN_POINT('',(6.28318530718,7.9));
#6214 = CARTESIAN_POINT('',(6.266773576683,7.9));
#6215 = CARTESIAN_POINT('',(6.25080454024,7.943244373087));
#6216 = CARTESIAN_POINT('',(6.235728845604,8.025536868238));
#6217 = CARTESIAN_POINT('',(6.221920532851,8.141209184295));
#6218 = CARTESIAN_POINT('',(6.209669694371,8.283180862092));
#6219 = CARTESIAN_POINT('',(6.199151467225,8.443054224045));
#6220 = CARTESIAN_POINT('',(6.181301723075,8.785764949131));
#6221 = CARTESIAN_POINT('',(6.173860270454,8.973939498165));
#6222 = CARTESIAN_POINT('',(6.168000883341,9.17128947839));
#6223 = CARTESIAN_POINT('',(6.163657966482,9.374694105582));
#6224 = CARTESIAN_POINT('',(6.160780240153,9.581833680713));
#6225 = CARTESIAN_POINT('',(6.159339551804,9.790839250264));
#6226 = CARTESIAN_POINT('',(6.159339551804,10.209171632128));
#6227 = CARTESIAN_POINT('',(6.160780387371,10.418175024608));
#6228 = CARTESIAN_POINT('',(6.163658098344,10.625308422803));
#6229 = CARTESIAN_POINT('',(6.168000873266,10.828708776622));
#6230 = CARTESIAN_POINT('',(6.173860177014,11.026058627962));
#6231 = CARTESIAN_POINT('',(6.181301719756,11.214234987154));
#6232 = CARTESIAN_POINT('',(6.199149803946,11.556913841393));
#6233 = CARTESIAN_POINT('',(6.209667913922,11.716800978251));
#6234 = CARTESIAN_POINT('',(6.221920264532,11.858800272502));
#6235 = CARTESIAN_POINT('',(6.23573101974,11.974489427277));
#6236 = CARTESIAN_POINT('',(6.250808721168,12.056776171408));
#6237 = CARTESIAN_POINT('',(6.266777474439,12.1));
#6238 = CARTESIAN_POINT('',(6.28318530718,12.1));
#6239 = ( GEOMETRIC_REPRESENTATION_CONTEXT(2) 
PARAMETRIC_REPRESENTATION_CONTEXT() REPRESENTATION_CONTEXT('2D SPACE',''
  ) );
#6240 = PCURVE('',#6241,#6246);
#6241 = CYLINDRICAL_SURFACE('',#6242,2.1);
#6242 = AXIS2_PLACEMENT_3D('',#6243,#6244,#6245);
#6243 = CARTESIAN_POINT('',(-50.,0.,-20.));
#6244 = DIRECTION('',(0.,0.,1.));
#6245 = DIRECTION('',(1.,0.,-0.));
#6246 = DEFINITIONAL_REPRESENTATION('',(#6247),#6274);
#6247 = B_SPLINE_CURVE_WITH_KNOTS('',7,(#6248,#6249,#6250,#6251,#6252,
    #6253,#6254,#6255,#6256,#6257,#6258,#6259,#6260,#6261,#6262,#6263,
    #6264,#6265,#6266,#6267,#6268,#6269,#6270,#6271,#6272,#6273),
  .UNSPECIFIED.,.F.,.F.,(8,6,6,6,8),(0.,0.245388198885,0.500010334568,
    0.754645717946,1.),.UNSPECIFIED.);
#6248 = CARTESIAN_POINT('',(0.,3.));
#6249 = CARTESIAN_POINT('',(0.132856865928,3.));
#6250 = CARTESIAN_POINT('',(0.262129859914,3.005342099247));
#6251 = CARTESIAN_POINT('',(0.38794367145,3.015506839541));
#6252 = CARTESIAN_POINT('',(0.510124032445,3.029115614542));
#6253 = CARTESIAN_POINT('',(0.62824054874,3.044286191503));
#6254 = CARTESIAN_POINT('',(0.741457981802,3.059339375333));
#6255 = CARTESIAN_POINT('',(0.959019873609,3.087456885756));
#6256 = CARTESIAN_POINT('',(1.065853585147,3.100810574067));
#6257 = CARTESIAN_POINT('',(1.16972863053,3.112236496636));
#6258 = CARTESIAN_POINT('',(1.271417201679,3.1211357469));
#6259 = CARTESIAN_POINT('',(1.371669661727,3.127179081083));
#6260 = CARTESIAN_POINT('',(1.471195969778,3.130204506278));
#6261 = CARTESIAN_POINT('',(1.670401865904,3.130204506278));
#6262 = CARTESIAN_POINT('',(1.76992712248,3.127178774719));
#6263 = CARTESIAN_POINT('',(1.870176927627,3.12113546236));
#6264 = CARTESIAN_POINT('',(1.971863313083,3.11223657293));
#6265 = CARTESIAN_POINT('',(2.075737908855,3.100810721554));
#6266 = CARTESIAN_POINT('',(2.182572739533,3.087456890983));
#6267 = CARTESIAN_POINT('',(2.400114398878,3.059341995386));
#6268 = CARTESIAN_POINT('',(2.513336115462,3.044288416858));
#6269 = CARTESIAN_POINT('',(2.631469387111,3.029115083));
#6270 = CARTESIAN_POINT('',(2.753669231281,3.01550359972));
#6271 = CARTESIAN_POINT('',(2.879496646385,3.005339558135));
#6272 = CARTESIAN_POINT('',(3.008767340927,3.));
#6273 = CARTESIAN_POINT('',(3.14159265359,3.));
#6274 = ( GEOMETRIC_REPRESENTATION_CONTEXT(2) 
PARAMETRIC_REPRESENTATION_CONTEXT() REPRESENTATION_CONTEXT('2D SPACE',''
  ) );
#6275 = ORIENTED_EDGE('',*,*,#6276,.T.);
#6276 = EDGE_CURVE('',#6180,#6277,#6279,.T.);
#6277 = VERTEX_POINT('',#6278);
#6278 = CARTESIAN_POINT('',(-100.,4.163799117101E-15,-17.));
#6279 = SEAM_CURVE('',#6280,(#6284,#6291),.PCURVE_S1.);
#6280 = LINE('',#6281,#6282);
#6281 = CARTESIAN_POINT('',(-40.,4.163799117101E-15,-17.));
#6282 = VECTOR('',#6283,1.);
#6283 = DIRECTION('',(-1.,0.,0.));
#6284 = PCURVE('',#1288,#6285);
#6285 = DEFINITIONAL_REPRESENTATION('',(#6286),#6290);
#6286 = LINE('',#6287,#6288);
#6287 = CARTESIAN_POINT('',(0.,-0.));
#6288 = VECTOR('',#6289,1.);
#6289 = DIRECTION('',(0.,1.));
#6290 = ( GEOMETRIC_REPRESENTATION_CONTEXT(2) 
PARAMETRIC_REPRESENTATION_CONTEXT() REPRESENTATION_CONTEXT('2D SPACE',''
  ) );
#6291 = PCURVE('',#1288,#6292);
#6292 = DEFINITIONAL_REPRESENTATION('',(#6293),#6297);
#6293 = LINE('',#6294,#6295);
#6294 = CARTESIAN_POINT('',(6.28318530718,-0.));
#6295 = VECTOR('',#6296,1.);
#6296 = DIRECTION('',(0.,1.));
#6297 = ( GEOMETRIC_REPRESENTATION_CONTEXT(2) 
PARAMETRIC_REPRESENTATION_CONTEXT() REPRESENTATION_CONTEXT('2D SPACE',''
  ) );
#6298 = ORIENTED_EDGE('',*,*,#6299,.F.);
#6299 = EDGE_CURVE('',#6277,#6277,#6300,.T.);
#6300 = SURFACE_CURVE('',#6301,(#6306,#6313),.PCURVE_S1.);
#6301 = CIRCLE('',#6302,17.);
#6302 = AXIS2_PLACEMENT_3D('',#6303,#6304,#6305);
#6303 = CARTESIAN_POINT('',(-100.,0.,0.));
#6304 = DIRECTION('',(-1.,0.,0.));
#6305 = DIRECTION('',(0.,0.,-1.));
#6306 = PCURVE('',#1288,#6307);
#6307 = DEFINITIONAL_REPRESENTATION('',(#6308),#6312);
#6308 = LINE('',#6309,#6310);
#6309 = CARTESIAN_POINT('',(0.,60.));
#6310 = VECTOR('',#6311,1.);
#6311 = DIRECTION('',(1.,0.));
#6312 = ( GEOMETRIC_REPRESENTATION_CONTEXT(2) 
PARAMETRIC_REPRESENTATION_CONTEXT() REPRESENTATION_CONTEXT('2D SPACE',''
  ) );
#6313 = PCURVE('',#6314,#6319);
#6314 = PLANE('',#6315);
#6315 = AXIS2_PLACEMENT_3D('',#6316,#6317,#6318);
#6316 = CARTESIAN_POINT('',(-100.,0.,0.));
#6317 = DIRECTION('',(-1.,0.,0.));
#6318 = DIRECTION('',(0.,0.,-1.));
#6319 = DEFINITIONAL_REPRESENTATION('',(#6320),#6324);
#6320 = CIRCLE('',#6321,17.);
#6321 = AXIS2_PLACEMENT_2D('',#6322,#6323);
#6322 = CARTESIAN_POINT('',(0.,0.));
#6323 = DIRECTION('',(1.,0.));
#6324 = ( GEOMETRIC_REPRESENTATION_CONTEXT(2) 
PARAMETRIC_REPRESENTATION_CONTEXT() REPRESENTATION_CONTEXT('2D SPACE',''
  ) );
#6325 = ORIENTED_EDGE('',*,*,#6276,.F.);
#6326 = ORIENTED_EDGE('',*,*,#6327,.T.);
#6327 = EDGE_CURVE('',#6180,#6157,#6328,.T.);
#6328 = SURFACE_CURVE('',#6329,(#6356,#6386),.PCURVE_S1.);
#6329 = B_SPLINE_CURVE_WITH_KNOTS('',7,(#6330,#6331,#6332,#6333,#6334,
    #6335,#6336,#6337,#6338,#6339,#6340,#6341,#6342,#6343,#6344,#6345,
    #6346,#6347,#6348,#6349,#6350,#6351,#6352,#6353,#6354,#6355),
  .UNSPECIFIED.,.F.,.F.,(8,6,6,6,8),(0.,0.245413444364,0.500053675057,
    0.754693175642,1.),.UNSPECIFIED.);
#6330 = CARTESIAN_POINT('',(-52.1,4.440892098501E-16,-17.));
#6331 = CARTESIAN_POINT('',(-52.1,-0.27899941845,-17.));
#6332 = CARTESIAN_POINT('',(-52.05675562691,-0.550472901491,
    -16.99465790075));
#6333 = CARTESIAN_POINT('',(-51.97446313176,-0.806637734836,
    -16.98449316045));
#6334 = CARTESIAN_POINT('',(-51.8587908157,-1.041038338694,
    -16.97088438545));
#6335 = CARTESIAN_POINT('',(-51.7168191379,-1.248771335965,
    -16.95571380849));
#6336 = CARTESIAN_POINT('',(-51.55694577595,-1.426953058062,
    -16.94066062466));
#6337 = CARTESIAN_POINT('',(-51.2142406024,-1.72908831076,
    -16.91254356971));
#6338 = CARTESIAN_POINT('',(-51.02606133304,-1.854903581117,
    -16.89918936411));
#6339 = CARTESIAN_POINT('',(-50.82870465797,-1.953860779536,
    -16.88776303931));
#6340 = CARTESIAN_POINT('',(-50.62530135833,-2.027148891724,
    -16.87886430699));
#6341 = CARTESIAN_POINT('',(-50.41817090451,-2.075693230289,
    -16.87282124586));
#6342 = CARTESIAN_POINT('',(-50.20917222522,-2.1,-16.86979549372));
#6343 = CARTESIAN_POINT('',(-49.79082837451,-2.1,-16.86979549372));
#6344 = CARTESIAN_POINT('',(-49.58182495915,-2.075693391604,
    -16.87282122514));
#6345 = CARTESIAN_POINT('',(-49.37469158893,-2.027147035299,
    -16.87886453834));
#6346 = CARTESIAN_POINT('',(-49.17129122921,-1.953857720333,
    -16.88776342567));
#6347 = CARTESIAN_POINT('',(-48.97394135907,-1.854903362392,
    -16.89918927971));
#6348 = CARTESIAN_POINT('',(-48.78576501864,-1.729093266383,
    -16.91254310854));
#6349 = CARTESIAN_POINT('',(-48.44312139758,-1.427012279507,
    -16.94065511345));
#6350 = CARTESIAN_POINT('',(-48.2832095141,-1.248826379457,
    -16.95570990544));
#6351 = CARTESIAN_POINT('',(-48.1411798304,-1.041032242295,
    -16.9708867044));
#6352 = CARTESIAN_POINT('',(-48.02547980501,-0.806547213738,
    -16.98450022593));
#6353 = CARTESIAN_POINT('',(-47.94320427469,-0.550323989143,
    -16.9946628512));
#6354 = CARTESIAN_POINT('',(-47.9,-0.278870054211,-17.));
#6355 = CARTESIAN_POINT('',(-47.9,-4.440892098501E-16,-17.));
#6356 = PCURVE('',#1288,#6357);
#6357 = DEFINITIONAL_REPRESENTATION('',(#6358),#6385);
#6358 = B_SPLINE_CURVE_WITH_KNOTS('',7,(#6359,#6360,#6361,#6362,#6363,
    #6364,#6365,#6366,#6367,#6368,#6369,#6370,#6371,#6372,#6373,#6374,
    #6375,#6376,#6377,#6378,#6379,#6380,#6381,#6382,#6383,#6384),
  .UNSPECIFIED.,.F.,.F.,(8,6,6,6,8),(0.,0.245413444364,0.500053675057,
    0.754693175642,1.),.UNSPECIFIED.);
#6359 = CARTESIAN_POINT('',(0.,12.1));
#6360 = CARTESIAN_POINT('',(1.641173049704E-02,12.1));
#6361 = CARTESIAN_POINT('',(3.238076693968E-02,12.056755626913));
#6362 = CARTESIAN_POINT('',(4.745646157511E-02,11.974463131763));
#6363 = CARTESIAN_POINT('',(6.126477432895E-02,11.858790815705));
#6364 = CARTESIAN_POINT('',(7.351561280852E-02,11.716819137908));
#6365 = CARTESIAN_POINT('',(8.403383995422E-02,11.556945775955));
#6366 = CARTESIAN_POINT('',(0.101883294959,11.214240602408));
#6367 = CARTESIAN_POINT('',(0.109325141712,11.026061333041));
#6368 = CARTESIAN_POINT('',(0.115184616033,10.82870465797));
#6369 = CARTESIAN_POINT('',(0.119527318498,10.625301358331));
#6370 = CARTESIAN_POINT('',(0.122404910313,10.418170904514));
#6371 = CARTESIAN_POINT('',(0.123845755375,10.209172225227));
#6372 = CARTESIAN_POINT('',(0.123845755375,9.790828374514));
#6373 = CARTESIAN_POINT('',(0.122404919908,9.581824959156));
#6374 = CARTESIAN_POINT('',(0.119527208365,9.374691588934));
#6375 = CARTESIAN_POINT('',(0.115184434798,9.171291229215));
#6376 = CARTESIAN_POINT('',(0.109325129372,8.973941359071));
#6377 = CARTESIAN_POINT('',(0.101883587725,8.785765018643));
#6378 = CARTESIAN_POINT('',(8.403733862082E-02,8.443121397589));
#6379 = CARTESIAN_POINT('',(7.351885822399E-02,8.283209514106));
#6380 = CARTESIAN_POINT('',(6.126440501336E-02,8.141179830407));
#6381 = CARTESIAN_POINT('',(4.745112592599E-02,8.025479805017));
#6382 = CARTESIAN_POINT('',(3.237200753587E-02,7.943204274692));
#6383 = CARTESIAN_POINT('',(1.640412083592E-02,7.9));
#6384 = CARTESIAN_POINT('',(0.,7.9));
#6385 = ( GEOMETRIC_REPRESENTATION_CONTEXT(2) 
PARAMETRIC_REPRESENTATION_CONTEXT() REPRESENTATION_CONTEXT('2D SPACE',''
  ) );
#6386 = PCURVE('',#6241,#6387);
#6387 = DEFINITIONAL_REPRESENTATION('',(#6388),#6415);
#6388 = B_SPLINE_CURVE_WITH_KNOTS('',7,(#6389,#6390,#6391,#6392,#6393,
    #6394,#6395,#6396,#6397,#6398,#6399,#6400,#6401,#6402,#6403,#6404,
    #6405,#6406,#6407,#6408,#6409,#6410,#6411,#6412,#6413,#6414),
  .UNSPECIFIED.,.F.,.F.,(8,6,6,6,8),(0.,0.245413444364,0.500053675057,
    0.754693175642,1.),.UNSPECIFIED.);
#6389 = CARTESIAN_POINT('',(3.14159265359,3.));
#6390 = CARTESIAN_POINT('',(3.274449519518,3.));
#6391 = CARTESIAN_POINT('',(3.403722513504,3.005342099247));
#6392 = CARTESIAN_POINT('',(3.529536325039,3.015506839541));
#6393 = CARTESIAN_POINT('',(3.651716686035,3.029115614542));
#6394 = CARTESIAN_POINT('',(3.76983320233,3.044286191503));
#6395 = CARTESIAN_POINT('',(3.883050635392,3.059339375333));
#6396 = CARTESIAN_POINT('',(4.100609002934,3.087456430283));
#6397 = CARTESIAN_POINT('',(4.207446494201,3.100810635881));
#6398 = CARTESIAN_POINT('',(4.311324231844,3.112236960685));
#6399 = CARTESIAN_POINT('',(4.413011756179,3.121135693001));
#6400 = CARTESIAN_POINT('',(4.513260136265,3.127178754131));
#6401 = CARTESIAN_POINT('',(4.612783158848,3.130204506278));
#6402 = CARTESIAN_POINT('',(4.81199451633,3.130204506278));
#6403 = CARTESIAN_POINT('',(4.911519783404,3.127178774851));
#6404 = CARTESIAN_POINT('',(5.011769577175,3.121135461651));
#6405 = CARTESIAN_POINT('',(5.113455961227,3.112236574326));
#6406 = CARTESIAN_POINT('',(5.21733057097,3.100810720288));
#6407 = CARTESIAN_POINT('',(5.324165389443,3.087456891459));
#6408 = CARTESIAN_POINT('',(5.541684681824,3.059344886549));
#6409 = CARTESIAN_POINT('',(5.654917204229,3.044290094553));
#6410 = CARTESIAN_POINT('',(5.773071231937,3.029113295593));
#6411 = CARTESIAN_POINT('',(5.895289999891,3.015499774065));
#6412 = CARTESIAN_POINT('',(6.02112637111,3.005337148797));
#6413 = CARTESIAN_POINT('',(6.15039004327,3.));
#6414 = CARTESIAN_POINT('',(6.28318530718,3.));
#6415 = ( GEOMETRIC_REPRESENTATION_CONTEXT(2) 
PARAMETRIC_REPRESENTATION_CONTEXT() REPRESENTATION_CONTEXT('2D SPACE',''
  ) );
#6416 = ORIENTED_EDGE('',*,*,#6156,.F.);
#6417 = ORIENTED_EDGE('',*,*,#6418,.T.);
#6418 = EDGE_CURVE('',#6133,#1399,#6419,.T.);
#6419 = SURFACE_CURVE('',#6420,(#6425,#6432),.PCURVE_S1.);
#6420 = CIRCLE('',#6421,17.);
#6421 = AXIS2_PLACEMENT_3D('',#6422,#6423,#6424);
#6422 = CARTESIAN_POINT('',(-40.,0.,0.));
#6423 = DIRECTION('',(-1.,0.,0.));
#6424 = DIRECTION('',(0.,0.,-1.));
#6425 = PCURVE('',#1288,#6426);
#6426 = DEFINITIONAL_REPRESENTATION('',(#6427),#6431);
#6427 = LINE('',#6428,#6429);
#6428 = CARTESIAN_POINT('',(0.,0.));
#6429 = VECTOR('',#6430,1.);
#6430 = DIRECTION('',(1.,0.));
#6431 = ( GEOMETRIC_REPRESENTATION_CONTEXT(2) 
PARAMETRIC_REPRESENTATION_CONTEXT() REPRESENTATION_CONTEXT('2D SPACE',''
  ) );
#6432 = PCURVE('',#1314,#6433);
#6433 = DEFINITIONAL_REPRESENTATION('',(#6434),#6438);
#6434 = CIRCLE('',#6435,17.);
#6435 = AXIS2_PLACEMENT_2D('',#6436,#6437);
#6436 = CARTESIAN_POINT('',(0.,0.));
#6437 = DIRECTION('',(1.,0.));
#6438 = ( GEOMETRIC_REPRESENTATION_CONTEXT(2) 
PARAMETRIC_REPRESENTATION_CONTEXT() REPRESENTATION_CONTEXT('2D SPACE',''
  ) );
#6439 = ORIENTED_EDGE('',*,*,#1419,.T.);
#6440 = ORIENTED_EDGE('',*,*,#6085,.T.);
#6441 = ORIENTED_EDGE('',*,*,#3153,.F.);
#6442 = ORIENTED_EDGE('',*,*,#6443,.T.);
#6443 = EDGE_CURVE('',#3133,#3023,#6444,.T.);
#6444 = SURFACE_CURVE('',#6445,(#6450,#6457),.PCURVE_S1.);
#6445 = CIRCLE('',#6446,17.);
#6446 = AXIS2_PLACEMENT_3D('',#6447,#6448,#6449);
#6447 = CARTESIAN_POINT('',(-40.,0.,0.));
#6448 = DIRECTION('',(-1.,0.,0.));
#6449 = DIRECTION('',(0.,0.,-1.));
#6450 = PCURVE('',#1288,#6451);
#6451 = DEFINITIONAL_REPRESENTATION('',(#6452),#6456);
#6452 = LINE('',#6453,#6454);
#6453 = CARTESIAN_POINT('',(0.,0.));
#6454 = VECTOR('',#6455,1.);
#6455 = DIRECTION('',(1.,0.));
#6456 = ( GEOMETRIC_REPRESENTATION_CONTEXT(2) 
PARAMETRIC_REPRESENTATION_CONTEXT() REPRESENTATION_CONTEXT('2D SPACE',''
  ) );
#6457 = PCURVE('',#3058,#6458);
#6458 = DEFINITIONAL_REPRESENTATION('',(#6459),#6463);
#6459 = CIRCLE('',#6460,17.);
#6460 = AXIS2_PLACEMENT_2D('',#6461,#6462);
#6461 = CARTESIAN_POINT('',(0.,0.));
#6462 = DIRECTION('',(1.,0.));
#6463 = ( GEOMETRIC_REPRESENTATION_CONTEXT(2) 
PARAMETRIC_REPRESENTATION_CONTEXT() REPRESENTATION_CONTEXT('2D SPACE',''
  ) );
#6464 = ORIENTED_EDGE('',*,*,#3022,.T.);
#6465 = ORIENTED_EDGE('',*,*,#6466,.T.);
#6466 = EDGE_CURVE('',#2999,#1245,#6467,.T.);
#6467 = SURFACE_CURVE('',#6468,(#6479,#6493),.PCURVE_S1.);
#6468 = B_SPLINE_CURVE_WITH_KNOTS('',5,(#6469,#6470,#6471,#6472,#6473,
    #6474,#6475,#6476,#6477,#6478),.UNSPECIFIED.,.F.,.F.,(6,4,6),(0.,
    0.499999961391,1.),.UNSPECIFIED.);
#6469 = CARTESIAN_POINT('',(-94.61500941154,16.24807662626,
    5.000000597359));
#6470 = CARTESIAN_POINT('',(-94.5630300736,16.550760178372,
    4.016395604709));
#6471 = CARTESIAN_POINT('',(-94.52312801002,16.775864302367,
    3.020121017226));
#6472 = CARTESIAN_POINT('',(-94.49624726747,16.925281848652,
    2.01603770804));
#6473 = CARTESIAN_POINT('',(-94.48280266799,17.,1.008052314594));
#6474 = CARTESIAN_POINT('',(-94.48280266799,17.,-1.008052470273));
#6475 = CARTESIAN_POINT('',(-94.49624726961,16.925281825192,
    -2.016037259922));
#6476 = CARTESIAN_POINT('',(-94.52312798588,16.775864456352,
    -3.020120905781));
#6477 = CARTESIAN_POINT('',(-94.56303011258,16.550759951374,
    -4.016396343072));
#6478 = CARTESIAN_POINT('',(-94.61500941141,16.248076627025,
    -5.000000596117));
#6479 = PCURVE('',#1288,#6480);
#6480 = DEFINITIONAL_REPRESENTATION('',(#6481),#6492);
#6481 = B_SPLINE_CURVE_WITH_KNOTS('',5,(#6482,#6483,#6484,#6485,#6486,
    #6487,#6488,#6489,#6490,#6491),.UNSPECIFIED.,.F.,.F.,(6,4,6),(0.,
    0.499999961391,1.),.UNSPECIFIED.);
#6482 = CARTESIAN_POINT('',(4.413856742598,54.615009411547));
#6483 = CARTESIAN_POINT('',(4.474393445819,54.563030073609));
#6484 = CARTESIAN_POINT('',(4.534300309629,54.523128010029));
#6485 = CARTESIAN_POINT('',(4.593798571122,54.496247267473));
#6486 = CARTESIAN_POINT('',(4.653091785409,54.482802667999));
#6487 = CARTESIAN_POINT('',(4.771686184518,54.482802667999));
#6488 = CARTESIAN_POINT('',(4.830979363885,54.496247269616));
#6489 = CARTESIAN_POINT('',(4.890477642843,54.523127985884));
#6490 = CARTESIAN_POINT('',(4.95038456032,54.563030112589));
#6491 = CARTESIAN_POINT('',(5.010921218019,54.615009411416));
#6492 = ( GEOMETRIC_REPRESENTATION_CONTEXT(2) 
PARAMETRIC_REPRESENTATION_CONTEXT() REPRESENTATION_CONTEXT('2D SPACE',''
  ) );
#6493 = PCURVE('',#1261,#6494);
#6494 = DEFINITIONAL_REPRESENTATION('',(#6495),#6506);
#6495 = B_SPLINE_CURVE_WITH_KNOTS('',5,(#6496,#6497,#6498,#6499,#6500,
    #6501,#6502,#6503,#6504,#6505),.UNSPECIFIED.,.F.,.F.,(6,4,6),(0.,
    0.499999961391,1.),.UNSPECIFIED.);
#6496 = CARTESIAN_POINT('',(2.971523202911,10.0000006));
#6497 = CARTESIAN_POINT('',(2.968324095771,9.016395607351));
#6498 = CARTESIAN_POINT('',(2.965942739427,8.020121010454));
#6499 = CARTESIAN_POINT('',(2.964361311036,7.016037711902));
#6500 = CARTESIAN_POINT('',(2.963570499466,6.008052314594));
#6501 = CARTESIAN_POINT('',(2.963570499466,3.991947529727));
#6502 = CARTESIAN_POINT('',(2.964361311285,2.983962734573));
#6503 = CARTESIAN_POINT('',(2.9659427378,1.979879103961));
#6504 = CARTESIAN_POINT('',(2.96832409817,0.983603653045));
#6505 = CARTESIAN_POINT('',(2.971523202903,-6.E-07));
#6506 = ( GEOMETRIC_REPRESENTATION_CONTEXT(2) 
PARAMETRIC_REPRESENTATION_CONTEXT() REPRESENTATION_CONTEXT('2D SPACE',''
  ) );
#6507 = ORIENTED_EDGE('',*,*,#1273,.F.);
#6508 = FACE_BOUND('',#6509,.T.);
#6509 = EDGE_LOOP('',(#6510));
#6510 = ORIENTED_EDGE('',*,*,#6511,.F.);
#6511 = EDGE_CURVE('',#6512,#6512,#6514,.T.);
#6512 = VERTEX_POINT('',#6513);
#6513 = CARTESIAN_POINT('',(-47.9,-5.143516556419E-16,17.));
#6514 = SURFACE_CURVE('',#6515,(#6566,#6620),.PCURVE_S1.);
#6515 = B_SPLINE_CURVE_WITH_KNOTS('',7,(#6516,#6517,#6518,#6519,#6520,
    #6521,#6522,#6523,#6524,#6525,#6526,#6527,#6528,#6529,#6530,#6531,
    #6532,#6533,#6534,#6535,#6536,#6537,#6538,#6539,#6540,#6541,#6542,
    #6543,#6544,#6545,#6546,#6547,#6548,#6549,#6550,#6551,#6552,#6553,
    #6554,#6555,#6556,#6557,#6558,#6559,#6560,#6561,#6562,#6563,#6564,
    #6565),.UNSPECIFIED.,.T.,.F.,(8,6,6,6,6,6,6,6,8),(0.,0.122694324198,
    0.250005625252,0.377323546123,0.500000903903,0.622707404256,
    0.750027289433,0.877346809557,1.),.UNSPECIFIED.);
#6516 = CARTESIAN_POINT('',(-47.9,-1.33226762955E-15,17.));
#6517 = CARTESIAN_POINT('',(-47.9,0.27899941845,17.));
#6518 = CARTESIAN_POINT('',(-47.94324437308,0.550472901491,
    16.994657900753));
#6519 = CARTESIAN_POINT('',(-48.02553686823,0.806637734835,
    16.984493160459));
#6520 = CARTESIAN_POINT('',(-48.14120918429,1.041038338695,
    16.970884385458));
#6521 = CARTESIAN_POINT('',(-48.28318086209,1.248771335965,
    16.955713808497));
#6522 = CARTESIAN_POINT('',(-48.44305422404,1.426953058062,
    16.940660624667));
#6523 = CARTESIAN_POINT('',(-48.78576494913,1.7290932051,16.912543114244
    ));
#6524 = CARTESIAN_POINT('',(-48.97393949816,1.854901793688,
    16.899189425933));
#6525 = CARTESIAN_POINT('',(-49.17128947839,1.953857542309,
    16.887763503364));
#6526 = CARTESIAN_POINT('',(-49.37469410558,2.027149266283,16.8788642531
    ));
#6527 = CARTESIAN_POINT('',(-49.58183368071,2.075695874102,
    16.872820918917));
#6528 = CARTESIAN_POINT('',(-49.79083925026,2.1,16.869795493722));
#6529 = CARTESIAN_POINT('',(-50.20917162548,2.1,16.869795493722));
#6530 = CARTESIAN_POINT('',(-50.41817504084,2.075693391604,
    16.872821225149));
#6531 = CARTESIAN_POINT('',(-50.62530841106,2.027147035299,
    16.878864538349));
#6532 = CARTESIAN_POINT('',(-50.82870877078,1.953857720332,
    16.887763425674));
#6533 = CARTESIAN_POINT('',(-51.02605864092,1.854903362392,
    16.899189279712));
#6534 = CARTESIAN_POINT('',(-51.21423498135,1.729093266383,
    16.912543108541));
#6535 = CARTESIAN_POINT('',(-51.55691384139,1.426981212166,
    16.940658004614));
#6536 = CARTESIAN_POINT('',(-51.71680097825,1.248801523859,
    16.955711583142));
#6537 = CARTESIAN_POINT('',(-51.8588002725,1.04104297115,16.970884917));
#6538 = CARTESIAN_POINT('',(-51.97448942727,0.806600866759,
    16.98449640028));
#6539 = CARTESIAN_POINT('',(-52.0567761714,0.550401825963,
    16.994660441865));
#6540 = CARTESIAN_POINT('',(-52.1,0.278933156592,17.));
#6541 = CARTESIAN_POINT('',(-52.1,-0.27899941845,17.));
#6542 = CARTESIAN_POINT('',(-52.05675562691,-0.550472901491,
    16.994657900753));
#6543 = CARTESIAN_POINT('',(-51.97446313176,-0.806637734836,
    16.984493160459));
#6544 = CARTESIAN_POINT('',(-51.8587908157,-1.041038338694,
    16.970884385458));
#6545 = CARTESIAN_POINT('',(-51.7168191379,-1.248771335965,
    16.955713808497));
#6546 = CARTESIAN_POINT('',(-51.55694577595,-1.426953058062,
    16.940660624667));
#6547 = CARTESIAN_POINT('',(-51.2142406024,-1.72908831076,
    16.912543569717));
#6548 = CARTESIAN_POINT('',(-51.02606133304,-1.854903581117,
    16.899189364119));
#6549 = CARTESIAN_POINT('',(-50.82870465797,-1.953860779536,
    16.887763039315));
#6550 = CARTESIAN_POINT('',(-50.62530135833,-2.027148891724,
    16.878864306999));
#6551 = CARTESIAN_POINT('',(-50.41817090451,-2.075693230289,
    16.872821245869));
#6552 = CARTESIAN_POINT('',(-50.20917222522,-2.1,16.869795493722));
#6553 = CARTESIAN_POINT('',(-49.79082837451,-2.1,16.869795493722));
#6554 = CARTESIAN_POINT('',(-49.58182495915,-2.075693391604,
    16.872821225149));
#6555 = CARTESIAN_POINT('',(-49.37469158893,-2.027147035299,
    16.878864538349));
#6556 = CARTESIAN_POINT('',(-49.17129122921,-1.953857720333,
    16.887763425674));
#6557 = CARTESIAN_POINT('',(-48.97394135907,-1.854903362392,
    16.899189279712));
#6558 = CARTESIAN_POINT('',(-48.78576501864,-1.729093266383,
    16.912543108541));
#6559 = CARTESIAN_POINT('',(-48.44312139759,-1.427012279511,
    16.940655113451));
#6560 = CARTESIAN_POINT('',(-48.2832095141,-1.248826379457,
    16.955709905447));
#6561 = CARTESIAN_POINT('',(-48.1411798304,-1.041032242292,
    16.970886704407));
#6562 = CARTESIAN_POINT('',(-48.02547980501,-0.806547213733,
    16.984500225935));
#6563 = CARTESIAN_POINT('',(-47.94320427469,-0.550323989144,
    16.994662851203));
#6564 = CARTESIAN_POINT('',(-47.9,-0.278870054215,17.));
#6565 = CARTESIAN_POINT('',(-47.9,-1.33226762955E-15,17.));
#6566 = PCURVE('',#1288,#6567);
#6567 = DEFINITIONAL_REPRESENTATION('',(#6568),#6619);
#6568 = B_SPLINE_CURVE_WITH_KNOTS('',7,(#6569,#6570,#6571,#6572,#6573,
    #6574,#6575,#6576,#6577,#6578,#6579,#6580,#6581,#6582,#6583,#6584,
    #6585,#6586,#6587,#6588,#6589,#6590,#6591,#6592,#6593,#6594,#6595,
    #6596,#6597,#6598,#6599,#6600,#6601,#6602,#6603,#6604,#6605,#6606,
    #6607,#6608,#6609,#6610,#6611,#6612,#6613,#6614,#6615,#6616,#6617,
    #6618),.UNSPECIFIED.,.T.,.F.,(8,6,6,6,6,6,6,6,8),(0.,0.122694324198,
    0.250005625252,0.377323546123,0.500000903903,0.622707404256,
    0.750027289433,0.877346809557,1.),.UNSPECIFIED.);
#6569 = CARTESIAN_POINT('',(3.14159265359,7.9));
#6570 = CARTESIAN_POINT('',(3.158004384087,7.9));
#6571 = CARTESIAN_POINT('',(3.173973420529,7.943244373087));
#6572 = CARTESIAN_POINT('',(3.189049115165,8.025536868237));
#6573 = CARTESIAN_POINT('',(3.202857427919,8.141209184295));
#6574 = CARTESIAN_POINT('',(3.215108266398,8.283180862092));
#6575 = CARTESIAN_POINT('',(3.225626493544,8.443054224045));
#6576 = CARTESIAN_POINT('',(3.243476237695,8.785764949131));
#6577 = CARTESIAN_POINT('',(3.250917690315,8.973939498165));
#6578 = CARTESIAN_POINT('',(3.256777077428,9.17128947839));
#6579 = CARTESIAN_POINT('',(3.261119994288,9.374694105582));
#6580 = CARTESIAN_POINT('',(3.263997720616,9.581833680714));
#6581 = CARTESIAN_POINT('',(3.265438408965,9.790839250264));
#6582 = CARTESIAN_POINT('',(3.265438408965,10.209171625486));
#6583 = CARTESIAN_POINT('',(3.263997573498,10.418175040845));
#6584 = CARTESIAN_POINT('',(3.261119861955,10.625308411065));
#6585 = CARTESIAN_POINT('',(3.256777088388,10.828708770786));
#6586 = CARTESIAN_POINT('',(3.250917782962,11.026058640929));
#6587 = CARTESIAN_POINT('',(3.243476241315,11.214234981357));
#6588 = CARTESIAN_POINT('',(3.225628156824,11.556913841393));
#6589 = CARTESIAN_POINT('',(3.215110046847,11.716800978251));
#6590 = CARTESIAN_POINT('',(3.202857696237,11.858800272502));
#6591 = CARTESIAN_POINT('',(3.18904694103,11.974489427277));
#6592 = CARTESIAN_POINT('',(3.173969239602,12.056776171408));
#6593 = CARTESIAN_POINT('',(3.15800048633,12.1));
#6594 = CARTESIAN_POINT('',(3.125180923093,12.1));
#6595 = CARTESIAN_POINT('',(3.10921188665,12.056755626913));
#6596 = CARTESIAN_POINT('',(3.094136192015,11.974463131763));
#6597 = CARTESIAN_POINT('',(3.080327879261,11.858790815704));
#6598 = CARTESIAN_POINT('',(3.068077040781,11.716819137908));
#6599 = CARTESIAN_POINT('',(3.057558813636,11.556945775955));
#6600 = CARTESIAN_POINT('',(3.039709358631,11.214240602408));
#6601 = CARTESIAN_POINT('',(3.032267511878,11.026061333041));
#6602 = CARTESIAN_POINT('',(3.026408037557,10.82870465797));
#6603 = CARTESIAN_POINT('',(3.022065335092,10.625301358331));
#6604 = CARTESIAN_POINT('',(3.019187743277,10.418170904514));
#6605 = CARTESIAN_POINT('',(3.017746898214,10.209172225227));
#6606 = CARTESIAN_POINT('',(3.017746898214,9.790828374514));
#6607 = CARTESIAN_POINT('',(3.019187733682,9.581824959156));
#6608 = CARTESIAN_POINT('',(3.022065445225,9.374691588934));
#6609 = CARTESIAN_POINT('',(3.026408218792,9.171291229215));
#6610 = CARTESIAN_POINT('',(3.032267524218,8.97394135907));
#6611 = CARTESIAN_POINT('',(3.039709065864,8.785765018643));
#6612 = CARTESIAN_POINT('',(3.057555314969,8.443121397593));
#6613 = CARTESIAN_POINT('',(3.068073795366,8.283209514105));
#6614 = CARTESIAN_POINT('',(3.080328248577,8.141179830404));
#6615 = CARTESIAN_POINT('',(3.094141527664,8.025479805016));
#6616 = CARTESIAN_POINT('',(3.109220646054,7.943204274693));
#6617 = CARTESIAN_POINT('',(3.125188532754,7.9));
#6618 = CARTESIAN_POINT('',(3.14159265359,7.9));
#6619 = ( GEOMETRIC_REPRESENTATION_CONTEXT(2) 
PARAMETRIC_REPRESENTATION_CONTEXT() REPRESENTATION_CONTEXT('2D SPACE',''
  ) );
#6620 = PCURVE('',#6621,#6626);
#6621 = CYLINDRICAL_SURFACE('',#6622,2.1);
#6622 = AXIS2_PLACEMENT_3D('',#6623,#6624,#6625);
#6623 = CARTESIAN_POINT('',(-50.,0.,-20.));
#6624 = DIRECTION('',(0.,0.,1.));
#6625 = DIRECTION('',(1.,0.,-0.));
#6626 = DEFINITIONAL_REPRESENTATION('',(#6627),#6678);
#6627 = B_SPLINE_CURVE_WITH_KNOTS('',7,(#6628,#6629,#6630,#6631,#6632,
    #6633,#6634,#6635,#6636,#6637,#6638,#6639,#6640,#6641,#6642,#6643,
    #6644,#6645,#6646,#6647,#6648,#6649,#6650,#6651,#6652,#6653,#6654,
    #6655,#6656,#6657,#6658,#6659,#6660,#6661,#6662,#6663,#6664,#6665,
    #6666,#6667,#6668,#6669,#6670,#6671,#6672,#6673,#6674,#6675,#6676,
    #6677),.UNSPECIFIED.,.F.,.F.,(8,6,6,6,6,6,6,6,8),(0.,0.122694324198,
    0.250005625252,0.377323546123,0.500000903903,0.622707404256,
    0.750027289433,0.877346809557,1.),.UNSPECIFIED.);
#6628 = CARTESIAN_POINT('',(0.,37.));
#6629 = CARTESIAN_POINT('',(0.132856865928,37.));
#6630 = CARTESIAN_POINT('',(0.262129859914,36.994657900753));
#6631 = CARTESIAN_POINT('',(0.387943671449,36.984493160459));
#6632 = CARTESIAN_POINT('',(0.510124032445,36.970884385458));
#6633 = CARTESIAN_POINT('',(0.62824054874,36.955713808497));
#6634 = CARTESIAN_POINT('',(0.741457981802,36.940660624667));
#6635 = CARTESIAN_POINT('',(0.959019873609,36.912543114244));
#6636 = CARTESIAN_POINT('',(1.065853585147,36.899189425933));
#6637 = CARTESIAN_POINT('',(1.16972863053,36.887763503364));
#6638 = CARTESIAN_POINT('',(1.271417201679,36.8788642531));
#6639 = CARTESIAN_POINT('',(1.371669661727,36.872820918917));
#6640 = CARTESIAN_POINT('',(1.471195969778,36.869795493722));
#6641 = CARTESIAN_POINT('',(1.67040186274,36.869795493722));
#6642 = CARTESIAN_POINT('',(1.769927129814,36.872821225149));
#6643 = CARTESIAN_POINT('',(1.870176923585,36.878864538349));
#6644 = CARTESIAN_POINT('',(1.971863307637,36.887763425674));
#6645 = CARTESIAN_POINT('',(2.07573791738,36.899189279712));
#6646 = CARTESIAN_POINT('',(2.182572735853,36.912543108541));
#6647 = CARTESIAN_POINT('',(2.400114398878,36.940658004614));
#6648 = CARTESIAN_POINT('',(2.513336115462,36.955711583142));
#6649 = CARTESIAN_POINT('',(2.631469387111,36.970884917));
#6650 = CARTESIAN_POINT('',(2.753669231281,36.98449640028));
#6651 = CARTESIAN_POINT('',(2.879496646385,36.994660441865));
#6652 = CARTESIAN_POINT('',(3.008767340927,37.));
#6653 = CARTESIAN_POINT('',(3.274449519518,37.));
#6654 = CARTESIAN_POINT('',(3.403722513504,36.994657900753));
#6655 = CARTESIAN_POINT('',(3.529536325039,36.984493160459));
#6656 = CARTESIAN_POINT('',(3.651716686035,36.970884385458));
#6657 = CARTESIAN_POINT('',(3.76983320233,36.955713808497));
#6658 = CARTESIAN_POINT('',(3.883050635392,36.940660624667));
#6659 = CARTESIAN_POINT('',(4.100609002934,36.912543569717));
#6660 = CARTESIAN_POINT('',(4.2074464942,36.899189364119));
#6661 = CARTESIAN_POINT('',(4.311324231845,36.887763039315));
#6662 = CARTESIAN_POINT('',(4.413011756178,36.878864306999));
#6663 = CARTESIAN_POINT('',(4.513260136265,36.872821245869));
#6664 = CARTESIAN_POINT('',(4.612783158848,36.869795493722));
#6665 = CARTESIAN_POINT('',(4.81199451633,36.869795493722));
#6666 = CARTESIAN_POINT('',(4.911519783404,36.872821225149));
#6667 = CARTESIAN_POINT('',(5.011769577175,36.878864538349));
#6668 = CARTESIAN_POINT('',(5.113455961227,36.887763425674));
#6669 = CARTESIAN_POINT('',(5.21733057097,36.899189279712));
#6670 = CARTESIAN_POINT('',(5.324165389443,36.912543108541));
#6671 = CARTESIAN_POINT('',(5.541684681821,36.940655113451));
#6672 = CARTESIAN_POINT('',(5.65491720423,36.955709905447));
#6673 = CARTESIAN_POINT('',(5.773071231939,36.970886704407));
#6674 = CARTESIAN_POINT('',(5.895289999893,36.984500225935));
#6675 = CARTESIAN_POINT('',(6.02112637111,36.994662851203));
#6676 = CARTESIAN_POINT('',(6.150390043268,37.));
#6677 = CARTESIAN_POINT('',(6.28318530718,37.));
#6678 = ( GEOMETRIC_REPRESENTATION_CONTEXT(2) 
PARAMETRIC_REPRESENTATION_CONTEXT() REPRESENTATION_CONTEXT('2D SPACE',''
  ) );
#6679 = ADVANCED_FACE('',(#6680),#1314,.F.);
#6680 = FACE_BOUND('',#6681,.F.);
#6681 = EDGE_LOOP('',(#6682,#6683,#6684,#6685,#6686,#6710));
#6682 = ORIENTED_EDGE('',*,*,#1299,.F.);
#6683 = ORIENTED_EDGE('',*,*,#6132,.T.);
#6684 = ORIENTED_EDGE('',*,*,#6418,.T.);
#6685 = ORIENTED_EDGE('',*,*,#1398,.F.);
#6686 = ORIENTED_EDGE('',*,*,#6687,.F.);
#6687 = EDGE_CURVE('',#6688,#1378,#6690,.T.);
#6688 = VERTEX_POINT('',#6689);
#6689 = CARTESIAN_POINT('',(-40.,3.673940397442E-15,-15.));
#6690 = SURFACE_CURVE('',#6691,(#6696,#6703),.PCURVE_S1.);
#6691 = CIRCLE('',#6692,15.);
#6692 = AXIS2_PLACEMENT_3D('',#6693,#6694,#6695);
#6693 = CARTESIAN_POINT('',(-40.,0.,0.));
#6694 = DIRECTION('',(-1.,0.,0.));
#6695 = DIRECTION('',(0.,0.,-1.));
#6696 = PCURVE('',#1314,#6697);
#6697 = DEFINITIONAL_REPRESENTATION('',(#6698),#6702);
#6698 = CIRCLE('',#6699,15.);
#6699 = AXIS2_PLACEMENT_2D('',#6700,#6701);
#6700 = CARTESIAN_POINT('',(0.,0.));
#6701 = DIRECTION('',(1.,0.));
#6702 = ( GEOMETRIC_REPRESENTATION_CONTEXT(2) 
PARAMETRIC_REPRESENTATION_CONTEXT() REPRESENTATION_CONTEXT('2D SPACE',''
  ) );
#6703 = PCURVE('',#1340,#6704);
#6704 = DEFINITIONAL_REPRESENTATION('',(#6705),#6709);
#6705 = LINE('',#6706,#6707);
#6706 = CARTESIAN_POINT('',(0.,5.));
#6707 = VECTOR('',#6708,1.);
#6708 = DIRECTION('',(1.,0.));
#6709 = ( GEOMETRIC_REPRESENTATION_CONTEXT(2) 
PARAMETRIC_REPRESENTATION_CONTEXT() REPRESENTATION_CONTEXT('2D SPACE',''
  ) );
#6710 = ORIENTED_EDGE('',*,*,#6711,.F.);
#6711 = EDGE_CURVE('',#1300,#6688,#6712,.T.);
#6712 = SURFACE_CURVE('',#6713,(#6718,#6725),.PCURVE_S1.);
#6713 = CIRCLE('',#6714,15.);
#6714 = AXIS2_PLACEMENT_3D('',#6715,#6716,#6717);
#6715 = CARTESIAN_POINT('',(-40.,0.,0.));
#6716 = DIRECTION('',(-1.,0.,0.));
#6717 = DIRECTION('',(0.,0.,-1.));
#6718 = PCURVE('',#1314,#6719);
#6719 = DEFINITIONAL_REPRESENTATION('',(#6720),#6724);
#6720 = CIRCLE('',#6721,15.);
#6721 = AXIS2_PLACEMENT_2D('',#6722,#6723);
#6722 = CARTESIAN_POINT('',(0.,0.));
#6723 = DIRECTION('',(1.,0.));
#6724 = ( GEOMETRIC_REPRESENTATION_CONTEXT(2) 
PARAMETRIC_REPRESENTATION_CONTEXT() REPRESENTATION_CONTEXT('2D SPACE',''
  ) );
#6725 = PCURVE('',#1340,#6726);
#6726 = DEFINITIONAL_REPRESENTATION('',(#6727),#6731);
#6727 = LINE('',#6728,#6729);
#6728 = CARTESIAN_POINT('',(0.,5.));
#6729 = VECTOR('',#6730,1.);
#6730 = DIRECTION('',(1.,0.));
#6731 = ( GEOMETRIC_REPRESENTATION_CONTEXT(2) 
PARAMETRIC_REPRESENTATION_CONTEXT() REPRESENTATION_CONTEXT('2D SPACE',''
  ) );
#6732 = ADVANCED_FACE('',(#6733,#7059),#1340,.F.);
#6733 = FACE_BOUND('',#6734,.F.);
#6734 = EDGE_LOOP('',(#6735,#6759,#6782,#6874,#6895,#6896,#6897,#6919,
    #6920,#6942,#6943,#6965,#6966,#6967,#6968,#7058));
#6735 = ORIENTED_EDGE('',*,*,#6736,.F.);
#6736 = EDGE_CURVE('',#6737,#6737,#6739,.T.);
#6737 = VERTEX_POINT('',#6738);
#6738 = CARTESIAN_POINT('',(-100.,3.673940397442E-15,-15.));
#6739 = SURFACE_CURVE('',#6740,(#6745,#6752),.PCURVE_S1.);
#6740 = CIRCLE('',#6741,15.);
#6741 = AXIS2_PLACEMENT_3D('',#6742,#6743,#6744);
#6742 = CARTESIAN_POINT('',(-100.,0.,0.));
#6743 = DIRECTION('',(-1.,0.,0.));
#6744 = DIRECTION('',(0.,0.,-1.));
#6745 = PCURVE('',#1340,#6746);
#6746 = DEFINITIONAL_REPRESENTATION('',(#6747),#6751);
#6747 = LINE('',#6748,#6749);
#6748 = CARTESIAN_POINT('',(0.,65.));
#6749 = VECTOR('',#6750,1.);
#6750 = DIRECTION('',(1.,0.));
#6751 = ( GEOMETRIC_REPRESENTATION_CONTEXT(2) 
PARAMETRIC_REPRESENTATION_CONTEXT() REPRESENTATION_CONTEXT('2D SPACE',''
  ) );
#6752 = PCURVE('',#6314,#6753);
#6753 = DEFINITIONAL_REPRESENTATION('',(#6754),#6758);
#6754 = CIRCLE('',#6755,15.);
#6755 = AXIS2_PLACEMENT_2D('',#6756,#6757);
#6756 = CARTESIAN_POINT('',(0.,0.));
#6757 = DIRECTION('',(1.,0.));
#6758 = ( GEOMETRIC_REPRESENTATION_CONTEXT(2) 
PARAMETRIC_REPRESENTATION_CONTEXT() REPRESENTATION_CONTEXT('2D SPACE',''
  ) );
#6759 = ORIENTED_EDGE('',*,*,#6760,.F.);
#6760 = EDGE_CURVE('',#6761,#6737,#6763,.T.);
#6761 = VERTEX_POINT('',#6762);
#6762 = CARTESIAN_POINT('',(-52.1,3.673940397442E-15,-15.));
#6763 = SEAM_CURVE('',#6764,(#6768,#6775),.PCURVE_S1.);
#6764 = LINE('',#6765,#6766);
#6765 = CARTESIAN_POINT('',(-35.,3.673940397442E-15,-15.));
#6766 = VECTOR('',#6767,1.);
#6767 = DIRECTION('',(-1.,0.,0.));
#6768 = PCURVE('',#1340,#6769);
#6769 = DEFINITIONAL_REPRESENTATION('',(#6770),#6774);
#6770 = LINE('',#6771,#6772);
#6771 = CARTESIAN_POINT('',(6.28318530718,-0.));
#6772 = VECTOR('',#6773,1.);
#6773 = DIRECTION('',(0.,1.));
#6774 = ( GEOMETRIC_REPRESENTATION_CONTEXT(2) 
PARAMETRIC_REPRESENTATION_CONTEXT() REPRESENTATION_CONTEXT('2D SPACE',''
  ) );
#6775 = PCURVE('',#1340,#6776);
#6776 = DEFINITIONAL_REPRESENTATION('',(#6777),#6781);
#6777 = LINE('',#6778,#6779);
#6778 = CARTESIAN_POINT('',(0.,-0.));
#6779 = VECTOR('',#6780,1.);
#6780 = DIRECTION('',(0.,1.));
#6781 = ( GEOMETRIC_REPRESENTATION_CONTEXT(2) 
PARAMETRIC_REPRESENTATION_CONTEXT() REPRESENTATION_CONTEXT('2D SPACE',''
  ) );
#6782 = ORIENTED_EDGE('',*,*,#6783,.T.);
#6783 = EDGE_CURVE('',#6761,#6784,#6786,.T.);
#6784 = VERTEX_POINT('',#6785);
#6785 = CARTESIAN_POINT('',(-47.9,1.5797943709E-15,-15.));
#6786 = SURFACE_CURVE('',#6787,(#6814,#6844),.PCURVE_S1.);
#6787 = B_SPLINE_CURVE_WITH_KNOTS('',7,(#6788,#6789,#6790,#6791,#6792,
    #6793,#6794,#6795,#6796,#6797,#6798,#6799,#6800,#6801,#6802,#6803,
    #6804,#6805,#6806,#6807,#6808,#6809,#6810,#6811,#6812,#6813),
  .UNSPECIFIED.,.F.,.F.,(8,6,6,6,8),(0.,0.245457225621,0.500054032213,
    0.754650219549,1.),.UNSPECIFIED.);
#6788 = CARTESIAN_POINT('',(-52.1,4.440892098501E-16,-15.));
#6789 = CARTESIAN_POINT('',(-52.1,-0.279114841086,-15.));
#6790 = CARTESIAN_POINT('',(-52.05671985613,-0.550621833631,
    -14.99394058823));
#6791 = CARTESIAN_POINT('',(-51.97440314704,-0.80676497854,
    -14.98241728871));
#6792 = CARTESIAN_POINT('',(-51.85873130942,-1.041123175925,
    -14.96699160453));
#6793 = CARTESIAN_POINT('',(-51.71677744774,-1.248816226172,
    -14.94978966022));
#6794 = CARTESIAN_POINT('',(-51.55692744357,-1.426969220229,
    -14.9327152988));
#6795 = CARTESIAN_POINT('',(-51.21432049966,-1.729017871856,
    -14.90081912626));
#6796 = CARTESIAN_POINT('',(-51.0262040304,-1.854814467231,
    -14.88566476047));
#6797 = CARTESIAN_POINT('',(-50.82887704014,-1.953787403224,
    -14.87268975536));
#6798 = CARTESIAN_POINT('',(-50.62546529399,-2.027106265677,
    -14.86257928826));
#6799 = CARTESIAN_POINT('',(-50.41829377989,-2.075678646908,
    -14.85571138535));
#6800 = CARTESIAN_POINT('',(-50.20923494631,-2.1,-14.85227255338));
#6801 = CARTESIAN_POINT('',(-49.79076556261,-2.1,-14.85227255338));
#6802 = CARTESIAN_POINT('',(-49.58170197913,-2.075678787251,
    -14.85571136488));
#6803 = CARTESIAN_POINT('',(-49.37452757371,-2.02710437675,
    -14.86257955539));
#6804 = CARTESIAN_POINT('',(-49.17111882996,-1.953784318804,
    -14.87269019772));
#6805 = CARTESIAN_POINT('',(-48.97379872539,-1.854814262741,
    -14.88566466089));
#6806 = CARTESIAN_POINT('',(-48.78568521653,-1.729022911364,
    -14.90081859409));
#6807 = CARTESIAN_POINT('',(-48.44314025392,-1.427028903604,
    -14.93270899626));
#6808 = CARTESIAN_POINT('',(-48.28325137765,-1.248871651554,
    -14.94978520486));
#6809 = CARTESIAN_POINT('',(-48.14123907648,-1.041116958083,
    -14.96699426569));
#6810 = CARTESIAN_POINT('',(-48.02553935043,-0.806673727518,
    -14.98242535667));
#6811 = CARTESIAN_POINT('',(-47.94323971549,-0.550471778564,
    -14.99394624532));
#6812 = CARTESIAN_POINT('',(-47.9,-0.27898446462,-15.));
#6813 = CARTESIAN_POINT('',(-47.9,-4.440892098501E-16,-15.));
#6814 = PCURVE('',#1340,#6815);
#6815 = DEFINITIONAL_REPRESENTATION('',(#6816),#6843);
#6816 = B_SPLINE_CURVE_WITH_KNOTS('',7,(#6817,#6818,#6819,#6820,#6821,
    #6822,#6823,#6824,#6825,#6826,#6827,#6828,#6829,#6830,#6831,#6832,
    #6833,#6834,#6835,#6836,#6837,#6838,#6839,#6840,#6841,#6842),
  .UNSPECIFIED.,.F.,.F.,(8,6,6,6,8),(0.,0.245457225621,0.500054032213,
    0.754650219549,1.),.UNSPECIFIED.);
#6817 = CARTESIAN_POINT('',(0.,17.1));
#6818 = CARTESIAN_POINT('',(1.860765607243E-02,17.1));
#6819 = CARTESIAN_POINT('',(3.670813366066E-02,17.056719856138));
#6820 = CARTESIAN_POINT('',(5.379480272818E-02,16.974403147049));
#6821 = CARTESIAN_POINT('',(6.944786127729E-02,16.858731309422));
#6822 = CARTESIAN_POINT('',(8.333958794684E-02,16.716777447742));
#6823 = CARTESIAN_POINT('',(9.527031067626E-02,16.556927443575));
#6824 = CARTESIAN_POINT('',(0.115518850132,16.214320499662));
#6825 = CARTESIAN_POINT('',(0.123965014265,16.0262040304));
#6826 = CARTESIAN_POINT('',(0.130619352461,15.828877040143));
#6827 = CARTESIAN_POINT('',(0.135553493632,15.625465293995));
#6828 = CARTESIAN_POINT('',(0.138823864425,15.418293779898));
#6829 = CARTESIAN_POINT('',(0.14046141471,15.20923494631));
#6830 = CARTESIAN_POINT('',(0.14046141471,14.790765562612));
#6831 = CARTESIAN_POINT('',(0.13882387392,14.581701979131));
#6832 = CARTESIAN_POINT('',(0.135553366325,14.374527573713));
#6833 = CARTESIAN_POINT('',(0.130619144945,14.171118829964));
#6834 = CARTESIAN_POINT('',(0.123965001422,13.973798725398));
#6835 = CARTESIAN_POINT('',(0.115519187967,13.785685216538));
#6836 = CARTESIAN_POINT('',(9.527431169119E-02,13.443140253925));
#6837 = CARTESIAN_POINT('',(8.334329404965E-02,13.283251377653));
#6838 = CARTESIAN_POINT('',(6.944743101806E-02,13.141239076481));
#6839 = CARTESIAN_POINT('',(5.378870337382E-02,13.025539350436));
#6840 = CARTESIAN_POINT('',(3.669813019989E-02,12.943239715499));
#6841 = CARTESIAN_POINT('',(1.859896430798E-02,12.9));
#6842 = CARTESIAN_POINT('',(0.,12.9));
#6843 = ( GEOMETRIC_REPRESENTATION_CONTEXT(2) 
PARAMETRIC_REPRESENTATION_CONTEXT() REPRESENTATION_CONTEXT('2D SPACE',''
  ) );
#6844 = PCURVE('',#6241,#6845);
#6845 = DEFINITIONAL_REPRESENTATION('',(#6846),#6873);
#6846 = B_SPLINE_CURVE_WITH_KNOTS('',7,(#6847,#6848,#6849,#6850,#6851,
    #6852,#6853,#6854,#6855,#6856,#6857,#6858,#6859,#6860,#6861,#6862,
    #6863,#6864,#6865,#6866,#6867,#6868,#6869,#6870,#6871,#6872),
  .UNSPECIFIED.,.F.,.F.,(8,6,6,6,8),(0.,0.245457225621,0.500054032213,
    0.754650219549,1.),.UNSPECIFIED.);
#6847 = CARTESIAN_POINT('',(3.14159265359,5.));
#6848 = CARTESIAN_POINT('',(3.274504482679,5.));
#6849 = CARTESIAN_POINT('',(3.403793436878,5.006059411762));
#6850 = CARTESIAN_POINT('',(3.529601652969,5.017582711289));
#6851 = CARTESIAN_POINT('',(3.65176528752,5.033008395469));
#6852 = CARTESIAN_POINT('',(3.769862235794,5.050210339774));
#6853 = CARTESIAN_POINT('',(3.883062273274,5.067284701199));
#6854 = CARTESIAN_POINT('',(4.10055828203,5.099180873737));
#6855 = CARTESIAN_POINT('',(4.207367459136,5.114335239521));
#6856 = CARTESIAN_POINT('',(4.311236508755,5.127310244634));
#6857 = CARTESIAN_POINT('',(4.41293224598,5.137420711731));
#6858 = CARTESIAN_POINT('',(4.513201622414,5.144288614644));
#6859 = CARTESIAN_POINT('',(4.612753291666,5.147727446616));
#6860 = CARTESIAN_POINT('',(4.81202442676,5.147727446616));
#6861 = CARTESIAN_POINT('',(4.911578347078,5.144288635115));
#6862 = CARTESIAN_POINT('',(5.011849127534,5.13742044461));
#6863 = CARTESIAN_POINT('',(5.113543695231,5.127309802272));
#6864 = CARTESIAN_POINT('',(5.217409578746,5.114335339108));
#6865 = CARTESIAN_POINT('',(5.324216049943,5.099181405907));
#6866 = CARTESIAN_POINT('',(5.54167271132,5.067291003731));
#6867 = CARTESIAN_POINT('',(5.654887988964,5.050214795134));
#6868 = CARTESIAN_POINT('',(5.77302274191,5.033005734301));
#6869 = CARTESIAN_POINT('',(5.895225063636,5.017574643327));
#6870 = CARTESIAN_POINT('',(6.021055992292,5.006053754675));
#6871 = CARTESIAN_POINT('',(6.150335562123,5.));
#6872 = CARTESIAN_POINT('',(6.28318530718,5.));
#6873 = ( GEOMETRIC_REPRESENTATION_CONTEXT(2) 
PARAMETRIC_REPRESENTATION_CONTEXT() REPRESENTATION_CONTEXT('2D SPACE',''
  ) );
#6874 = ORIENTED_EDGE('',*,*,#6875,.F.);
#6875 = EDGE_CURVE('',#6688,#6784,#6876,.T.);
#6876 = SEAM_CURVE('',#6877,(#6881,#6888),.PCURVE_S1.);
#6877 = LINE('',#6878,#6879);
#6878 = CARTESIAN_POINT('',(-35.,3.673940397442E-15,-15.));
#6879 = VECTOR('',#6880,1.);
#6880 = DIRECTION('',(-1.,0.,0.));
#6881 = PCURVE('',#1340,#6882);
#6882 = DEFINITIONAL_REPRESENTATION('',(#6883),#6887);
#6883 = LINE('',#6884,#6885);
#6884 = CARTESIAN_POINT('',(6.28318530718,-0.));
#6885 = VECTOR('',#6886,1.);
#6886 = DIRECTION('',(0.,1.));
#6887 = ( GEOMETRIC_REPRESENTATION_CONTEXT(2) 
PARAMETRIC_REPRESENTATION_CONTEXT() REPRESENTATION_CONTEXT('2D SPACE',''
  ) );
#6888 = PCURVE('',#1340,#6889);
#6889 = DEFINITIONAL_REPRESENTATION('',(#6890),#6894);
#6890 = LINE('',#6891,#6892);
#6891 = CARTESIAN_POINT('',(0.,-0.));
#6892 = VECTOR('',#6893,1.);
#6893 = DIRECTION('',(0.,1.));
#6894 = ( GEOMETRIC_REPRESENTATION_CONTEXT(2) 
PARAMETRIC_REPRESENTATION_CONTEXT() REPRESENTATION_CONTEXT('2D SPACE',''
  ) );
#6895 = ORIENTED_EDGE('',*,*,#6687,.T.);
#6896 = ORIENTED_EDGE('',*,*,#1377,.F.);
#6897 = ORIENTED_EDGE('',*,*,#6898,.T.);
#6898 = EDGE_CURVE('',#1352,#3091,#6899,.T.);
#6899 = SURFACE_CURVE('',#6900,(#6905,#6912),.PCURVE_S1.);
#6900 = CIRCLE('',#6901,15.);
#6901 = AXIS2_PLACEMENT_3D('',#6902,#6903,#6904);
#6902 = CARTESIAN_POINT('',(-35.,0.,0.));
#6903 = DIRECTION('',(-1.,0.,0.));
#6904 = DIRECTION('',(0.,0.,-1.));
#6905 = PCURVE('',#1340,#6906);
#6906 = DEFINITIONAL_REPRESENTATION('',(#6907),#6911);
#6907 = LINE('',#6908,#6909);
#6908 = CARTESIAN_POINT('',(0.,0.));
#6909 = VECTOR('',#6910,1.);
#6910 = DIRECTION('',(1.,0.));
#6911 = ( GEOMETRIC_REPRESENTATION_CONTEXT(2) 
PARAMETRIC_REPRESENTATION_CONTEXT() REPRESENTATION_CONTEXT('2D SPACE',''
  ) );
#6912 = PCURVE('',#1366,#6913);
#6913 = DEFINITIONAL_REPRESENTATION('',(#6914),#6918);
#6914 = CIRCLE('',#6915,15.);
#6915 = AXIS2_PLACEMENT_2D('',#6916,#6917);
#6916 = CARTESIAN_POINT('',(0.,0.));
#6917 = DIRECTION('',(1.,0.));
#6918 = ( GEOMETRIC_REPRESENTATION_CONTEXT(2) 
PARAMETRIC_REPRESENTATION_CONTEXT() REPRESENTATION_CONTEXT('2D SPACE',''
  ) );
#6919 = ORIENTED_EDGE('',*,*,#3111,.T.);
#6920 = ORIENTED_EDGE('',*,*,#6921,.T.);
#6921 = EDGE_CURVE('',#3112,#3044,#6922,.T.);
#6922 = SURFACE_CURVE('',#6923,(#6928,#6935),.PCURVE_S1.);
#6923 = CIRCLE('',#6924,15.);
#6924 = AXIS2_PLACEMENT_3D('',#6925,#6926,#6927);
#6925 = CARTESIAN_POINT('',(-40.,0.,0.));
#6926 = DIRECTION('',(-1.,0.,0.));
#6927 = DIRECTION('',(0.,0.,-1.));
#6928 = PCURVE('',#1340,#6929);
#6929 = DEFINITIONAL_REPRESENTATION('',(#6930),#6934);
#6930 = LINE('',#6931,#6932);
#6931 = CARTESIAN_POINT('',(0.,5.));
#6932 = VECTOR('',#6933,1.);
#6933 = DIRECTION('',(1.,0.));
#6934 = ( GEOMETRIC_REPRESENTATION_CONTEXT(2) 
PARAMETRIC_REPRESENTATION_CONTEXT() REPRESENTATION_CONTEXT('2D SPACE',''
  ) );
#6935 = PCURVE('',#3058,#6936);
#6936 = DEFINITIONAL_REPRESENTATION('',(#6937),#6941);
#6937 = CIRCLE('',#6938,15.);
#6938 = AXIS2_PLACEMENT_2D('',#6939,#6940);
#6939 = CARTESIAN_POINT('',(0.,0.));
#6940 = DIRECTION('',(1.,0.));
#6941 = ( GEOMETRIC_REPRESENTATION_CONTEXT(2) 
PARAMETRIC_REPRESENTATION_CONTEXT() REPRESENTATION_CONTEXT('2D SPACE',''
  ) );
#6942 = ORIENTED_EDGE('',*,*,#3069,.F.);
#6943 = ORIENTED_EDGE('',*,*,#6944,.T.);
#6944 = EDGE_CURVE('',#3070,#1326,#6945,.T.);
#6945 = SURFACE_CURVE('',#6946,(#6951,#6958),.PCURVE_S1.);
#6946 = CIRCLE('',#6947,15.);
#6947 = AXIS2_PLACEMENT_3D('',#6948,#6949,#6950);
#6948 = CARTESIAN_POINT('',(-35.,0.,0.));
#6949 = DIRECTION('',(-1.,0.,0.));
#6950 = DIRECTION('',(0.,0.,-1.));
#6951 = PCURVE('',#1340,#6952);
#6952 = DEFINITIONAL_REPRESENTATION('',(#6953),#6957);
#6953 = LINE('',#6954,#6955);
#6954 = CARTESIAN_POINT('',(0.,0.));
#6955 = VECTOR('',#6956,1.);
#6956 = DIRECTION('',(1.,0.));
#6957 = ( GEOMETRIC_REPRESENTATION_CONTEXT(2) 
PARAMETRIC_REPRESENTATION_CONTEXT() REPRESENTATION_CONTEXT('2D SPACE',''
  ) );
#6958 = PCURVE('',#1366,#6959);
#6959 = DEFINITIONAL_REPRESENTATION('',(#6960),#6964);
#6960 = CIRCLE('',#6961,15.);
#6961 = AXIS2_PLACEMENT_2D('',#6962,#6963);
#6962 = CARTESIAN_POINT('',(0.,0.));
#6963 = DIRECTION('',(1.,0.));
#6964 = ( GEOMETRIC_REPRESENTATION_CONTEXT(2) 
PARAMETRIC_REPRESENTATION_CONTEXT() REPRESENTATION_CONTEXT('2D SPACE',''
  ) );
#6965 = ORIENTED_EDGE('',*,*,#1325,.T.);
#6966 = ORIENTED_EDGE('',*,*,#6711,.T.);
#6967 = ORIENTED_EDGE('',*,*,#6875,.T.);
#6968 = ORIENTED_EDGE('',*,*,#6969,.T.);
#6969 = EDGE_CURVE('',#6784,#6761,#6970,.T.);
#6970 = SURFACE_CURVE('',#6971,(#6998,#7028),.PCURVE_S1.);
#6971 = B_SPLINE_CURVE_WITH_KNOTS('',7,(#6972,#6973,#6974,#6975,#6976,
    #6977,#6978,#6979,#6980,#6981,#6982,#6983,#6984,#6985,#6986,#6987,
    #6988,#6989,#6990,#6991,#6992,#6993,#6994,#6995,#6996,#6997),
  .UNSPECIFIED.,.F.,.F.,(8,6,6,6,8),(0.,0.245431824219,0.500010262898,
    0.754602332378,1.),.UNSPECIFIED.);
#6972 = CARTESIAN_POINT('',(-47.9,1.5797943709E-15,-15.));
#6973 = CARTESIAN_POINT('',(-47.9,0.279114841086,-15.));
#6974 = CARTESIAN_POINT('',(-47.94328014386,0.550621833632,
    -14.99394058823));
#6975 = CARTESIAN_POINT('',(-48.02559685295,0.806764978539,
    -14.98241728871));
#6976 = CARTESIAN_POINT('',(-48.14126869057,1.041123175926,
    -14.96699160453));
#6977 = CARTESIAN_POINT('',(-48.28322255225,1.248816226171,
    -14.94978966022));
#6978 = CARTESIAN_POINT('',(-48.44307255642,1.426969220229,
    -14.9327152988));
#6979 = CARTESIAN_POINT('',(-48.78568496784,1.729022692113,
    -14.90081861724));
#6980 = CARTESIAN_POINT('',(-48.97379669799,1.854812629013,
    -14.88566483757));
#6981 = CARTESIAN_POINT('',(-49.17111709024,1.953784201404,
    -14.8726902789));
#6982 = CARTESIAN_POINT('',(-49.37453034562,2.027106735307,
    -14.86257921381));
#6983 = CARTESIAN_POINT('',(-49.58171111592,2.075681346837,
    -14.85571100596));
#6984 = CARTESIAN_POINT('',(-49.79077676497,2.1,-14.85227255338));
#6985 = CARTESIAN_POINT('',(-50.20923443738,2.1,-14.85227255338));
#6986 = CARTESIAN_POINT('',(-50.41829802086,2.075678787251,
    -14.85571136488));
#6987 = CARTESIAN_POINT('',(-50.62547242628,2.02710437675,
    -14.86257955539));
#6988 = CARTESIAN_POINT('',(-50.82888117003,1.953784318803,
    -14.87269019772));
#6989 = CARTESIAN_POINT('',(-51.0262012746,1.854814262742,
    -14.88566466089));
#6990 = CARTESIAN_POINT('',(-51.21431478346,1.729022911364,
    -14.90081859409));
#6991 = CARTESIAN_POINT('',(-51.55689527615,1.426997579626,
    -14.93271230406));
#6992 = CARTESIAN_POINT('',(-51.71675915015,1.248846638306,
    -14.94978711743));
#6993 = CARTESIAN_POINT('',(-51.85874085637,1.041127821906,
    -14.96699221715));
#6994 = CARTESIAN_POINT('',(-51.97442965442,0.806727799118,
    -14.98242098978));
#6995 = CARTESIAN_POINT('',(-52.05674053963,0.550550223873,
    -14.99394348792));
#6996 = CARTESIAN_POINT('',(-52.1,0.27904815939,-15.));
#6997 = CARTESIAN_POINT('',(-52.1,2.222733940452E-15,-15.));
#6998 = PCURVE('',#1340,#6999);
#6999 = DEFINITIONAL_REPRESENTATION('',(#7000),#7027);
#7000 = B_SPLINE_CURVE_WITH_KNOTS('',7,(#7001,#7002,#7003,#7004,#7005,
    #7006,#7007,#7008,#7009,#7010,#7011,#7012,#7013,#7014,#7015,#7016,
    #7017,#7018,#7019,#7020,#7021,#7022,#7023,#7024,#7025,#7026),
  .UNSPECIFIED.,.F.,.F.,(8,6,6,6,8),(0.,0.245431824219,0.500010262898,
    0.754602332378,1.),.UNSPECIFIED.);
#7001 = CARTESIAN_POINT('',(6.28318530718,12.9));
#7002 = CARTESIAN_POINT('',(6.264577651107,12.9));
#7003 = CARTESIAN_POINT('',(6.246477173519,12.943280143862));
#7004 = CARTESIAN_POINT('',(6.229390504451,13.02559685295));
#7005 = CARTESIAN_POINT('',(6.213737445902,13.141268690579));
#7006 = CARTESIAN_POINT('',(6.199845719233,13.283222552258));
#7007 = CARTESIAN_POINT('',(6.187914996503,13.443072556425));
#7008 = CARTESIAN_POINT('',(6.16766613391,13.785684967846));
#7009 = CARTESIAN_POINT('',(6.159220415265,13.973796697996));
#7010 = CARTESIAN_POINT('',(6.152566170746,14.171117090248));
#7011 = CARTESIAN_POINT('',(6.147631781936,14.374530345629));
#7012 = CARTESIAN_POINT('',(6.144361260975,14.58171111592));
#7013 = CARTESIAN_POINT('',(6.14272389247,14.790776764976));
#7014 = CARTESIAN_POINT('',(6.14272389247,15.209234437387));
#7015 = CARTESIAN_POINT('',(6.14436143326,15.41829802087));
#7016 = CARTESIAN_POINT('',(6.147631940854,15.625472426285));
#7017 = CARTESIAN_POINT('',(6.152566162235,15.828881170038));
#7018 = CARTESIAN_POINT('',(6.159220305758,16.026201274601));
#7019 = CARTESIAN_POINT('',(6.167666119212,16.214314783462));
#7020 = CARTESIAN_POINT('',(6.187913095365,16.556895276153));
#7021 = CARTESIAN_POINT('',(6.199843684878,16.71675915015));
#7022 = CARTESIAN_POINT('',(6.213737142312,16.858740856378));
#7023 = CARTESIAN_POINT('',(6.229392991042,16.974429654424));
#7024 = CARTESIAN_POINT('',(6.246481947519,17.056740539635));
#7025 = CARTESIAN_POINT('',(6.264582096554,17.1));
#7026 = CARTESIAN_POINT('',(6.28318530718,17.1));
#7027 = ( GEOMETRIC_REPRESENTATION_CONTEXT(2) 
PARAMETRIC_REPRESENTATION_CONTEXT() REPRESENTATION_CONTEXT('2D SPACE',''
  ) );
#7028 = PCURVE('',#6241,#7029);
#7029 = DEFINITIONAL_REPRESENTATION('',(#7030),#7057);
#7030 = B_SPLINE_CURVE_WITH_KNOTS('',7,(#7031,#7032,#7033,#7034,#7035,
    #7036,#7037,#7038,#7039,#7040,#7041,#7042,#7043,#7044,#7045,#7046,
    #7047,#7048,#7049,#7050,#7051,#7052,#7053,#7054,#7055,#7056),
  .UNSPECIFIED.,.F.,.F.,(8,6,6,6,8),(0.,0.245431824219,0.500010262898,
    0.754602332378,1.),.UNSPECIFIED.);
#7031 = CARTESIAN_POINT('',(0.,5.));
#7032 = CARTESIAN_POINT('',(0.132911829089,5.));
#7033 = CARTESIAN_POINT('',(0.262200783289,5.006059411762));
#7034 = CARTESIAN_POINT('',(0.388008999379,5.017582711289));
#7035 = CARTESIAN_POINT('',(0.51017263393,5.033008395469));
#7036 = CARTESIAN_POINT('',(0.628269582204,5.050210339774));
#7037 = CARTESIAN_POINT('',(0.741469619685,5.067284701199));
#7038 = CARTESIAN_POINT('',(0.95896909936,5.099181382754));
#7039 = CARTESIAN_POINT('',(1.065774497183,5.114335162424));
#7040 = CARTESIAN_POINT('',(1.169640913774,5.127309721099));
#7041 = CARTESIAN_POINT('',(1.271337781004,5.137420786188));
#7042 = CARTESIAN_POINT('',(1.371611295788,5.144288994037));
#7043 = CARTESIAN_POINT('',(1.471166214879,5.147727446616));
#7044 = CARTESIAN_POINT('',(1.67043177317,5.147727446616));
#7045 = CARTESIAN_POINT('',(1.769985693489,5.144288635115));
#7046 = CARTESIAN_POINT('',(1.870256473944,5.13742044461));
#7047 = CARTESIAN_POINT('',(1.971951041642,5.127309802272));
#7048 = CARTESIAN_POINT('',(2.075816925156,5.114335339108));
#7049 = CARTESIAN_POINT('',(2.182623396354,5.099181405907));
#7050 = CARTESIAN_POINT('',(2.400102613169,5.067287695936));
#7051 = CARTESIAN_POINT('',(2.513306961949,5.05021288257));
#7052 = CARTESIAN_POINT('',(2.631420806019,5.033007782845));
#7053 = CARTESIAN_POINT('',(2.753604070726,5.017579010214));
#7054 = CARTESIAN_POINT('',(2.879425977551,5.006056512078));
#7055 = CARTESIAN_POINT('',(3.00871257769,5.));
#7056 = CARTESIAN_POINT('',(3.14159265359,5.));
#7057 = ( GEOMETRIC_REPRESENTATION_CONTEXT(2) 
PARAMETRIC_REPRESENTATION_CONTEXT() REPRESENTATION_CONTEXT('2D SPACE',''
  ) );
#7058 = ORIENTED_EDGE('',*,*,#6760,.T.);
#7059 = FACE_BOUND('',#7060,.F.);
#7060 = EDGE_LOOP('',(#7061));
#7061 = ORIENTED_EDGE('',*,*,#7062,.F.);
#7062 = EDGE_CURVE('',#7063,#7063,#7065,.T.);
#7063 = VERTEX_POINT('',#7064);
#7064 = CARTESIAN_POINT('',(-47.9,-5.143516556419E-16,15.));
#7065 = SURFACE_CURVE('',#7066,(#7117,#7171),.PCURVE_S1.);
#7066 = B_SPLINE_CURVE_WITH_KNOTS('',7,(#7067,#7068,#7069,#7070,#7071,
    #7072,#7073,#7074,#7075,#7076,#7077,#7078,#7079,#7080,#7081,#7082,
    #7083,#7084,#7085,#7086,#7087,#7088,#7089,#7090,#7091,#7092,#7093,
    #7094,#7095,#7096,#7097,#7098,#7099,#7100,#7101,#7102,#7103,#7104,
    #7105,#7106,#7107,#7108,#7109,#7110,#7111,#7112,#7113,#7114,#7115,
    #7116),.UNSPECIFIED.,.T.,.F.,(8,6,6,6,6,6,6,6,8),(0.,0.122716142368,
    0.250005600547,0.37730187414,0.500000938178,0.622729322537,
    0.75002748447,0.877325337532,1.),.UNSPECIFIED.);
#7067 = CARTESIAN_POINT('',(-47.9,-1.33226762955E-15,15.));
#7068 = CARTESIAN_POINT('',(-47.9,0.279114841086,15.));
#7069 = CARTESIAN_POINT('',(-47.94328014386,0.550621833632,
    14.993940588238));
#7070 = CARTESIAN_POINT('',(-48.02559685295,0.806764978539,
    14.982417288711));
#7071 = CARTESIAN_POINT('',(-48.14126869057,1.041123175927,
    14.966991604531));
#7072 = CARTESIAN_POINT('',(-48.28322255225,1.248816226171,
    14.949789660226));
#7073 = CARTESIAN_POINT('',(-48.44307255642,1.426969220229,
    14.932715298801));
#7074 = CARTESIAN_POINT('',(-48.78568496784,1.729022692112,
    14.900818617246));
#7075 = CARTESIAN_POINT('',(-48.97379669799,1.854812629014,
    14.885664837576));
#7076 = CARTESIAN_POINT('',(-49.17111709024,1.953784201403,
    14.872690278901));
#7077 = CARTESIAN_POINT('',(-49.37453034562,2.027106735307,
    14.862579213812));
#7078 = CARTESIAN_POINT('',(-49.58171111591,2.075681346837,
    14.855711005963));
#7079 = CARTESIAN_POINT('',(-49.79077676497,2.1,14.852272553384));
#7080 = CARTESIAN_POINT('',(-50.20923443738,2.1,14.852272553384));
#7081 = CARTESIAN_POINT('',(-50.41829802086,2.075678787251,
    14.855711364885));
#7082 = CARTESIAN_POINT('',(-50.62547242628,2.02710437675,14.86257955539
    ));
#7083 = CARTESIAN_POINT('',(-50.82888117003,1.953784318804,
    14.872690197728));
#7084 = CARTESIAN_POINT('',(-51.0262012746,1.854814262741,
    14.885664660892));
#7085 = CARTESIAN_POINT('',(-51.21431478346,1.729022911364,
    14.900818594093));
#7086 = CARTESIAN_POINT('',(-51.55689527615,1.426997579627,
    14.932712304064));
#7087 = CARTESIAN_POINT('',(-51.71675915015,1.248846638306,
    14.94978711743));
#7088 = CARTESIAN_POINT('',(-51.85874085637,1.041127821907,
    14.966992217155));
#7089 = CARTESIAN_POINT('',(-51.97442965442,0.806727799118,
    14.982420989786));
#7090 = CARTESIAN_POINT('',(-52.05674053963,0.550550223873,
    14.993943487922));
#7091 = CARTESIAN_POINT('',(-52.1,0.27904815939,15.));
#7092 = CARTESIAN_POINT('',(-52.1,-0.279114841086,15.));
#7093 = CARTESIAN_POINT('',(-52.05671985613,-0.550621833632,
    14.993940588238));
#7094 = CARTESIAN_POINT('',(-51.97440314705,-0.80676497854,
    14.982417288711));
#7095 = CARTESIAN_POINT('',(-51.85873130942,-1.041123175926,
    14.966991604531));
#7096 = CARTESIAN_POINT('',(-51.71677744774,-1.248816226172,
    14.949789660226));
#7097 = CARTESIAN_POINT('',(-51.55692744357,-1.426969220229,
    14.932715298801));
#7098 = CARTESIAN_POINT('',(-51.21432050569,-1.729017866534,
    14.900819126825));
#7099 = CARTESIAN_POINT('',(-51.02620401719,-1.854814480956,
    14.885664759014));
#7100 = CARTESIAN_POINT('',(-50.82887704564,-1.95378738837,
    14.872689756926));
#7101 = CARTESIAN_POINT('',(-50.62546530596,-2.027106273203,
    14.862579287524));
#7102 = CARTESIAN_POINT('',(-50.41829376457,-2.075678645466,
    14.855711385475));
#7103 = CARTESIAN_POINT('',(-50.20923495185,-2.1,14.852272553384));
#7104 = CARTESIAN_POINT('',(-49.79076555582,-2.1,14.852272553384));
#7105 = CARTESIAN_POINT('',(-49.58170199571,-2.075678785534,
    14.855711365038));
#7106 = CARTESIAN_POINT('',(-49.37452756173,-2.027104384878,
    14.862579554569));
#7107 = CARTESIAN_POINT('',(-49.171118824,-1.953784303542,
    14.872690199344));
#7108 = CARTESIAN_POINT('',(-48.97379873861,-1.854814276428,
    14.885664659428));
#7109 = CARTESIAN_POINT('',(-48.78568521063,-1.729022906161,
    14.900818594643));
#7110 = CARTESIAN_POINT('',(-48.44314025397,-1.427028903652,
    14.932708996264));
#7111 = CARTESIAN_POINT('',(-48.28325137764,-1.248871651567,
    14.949785204866));
#7112 = CARTESIAN_POINT('',(-48.14123907644,-1.041116958034,
    14.966994265705));
#7113 = CARTESIAN_POINT('',(-48.02553935042,-0.806673727464,
    14.982425356674));
#7114 = CARTESIAN_POINT('',(-47.94323971552,-0.550471778571,
    14.993946245322));
#7115 = CARTESIAN_POINT('',(-47.9,-0.278984464687,15.));
#7116 = CARTESIAN_POINT('',(-47.9,-1.33226762955E-15,15.));
#7117 = PCURVE('',#1340,#7118);
#7118 = DEFINITIONAL_REPRESENTATION('',(#7119),#7170);
#7119 = B_SPLINE_CURVE_WITH_KNOTS('',7,(#7120,#7121,#7122,#7123,#7124,
    #7125,#7126,#7127,#7128,#7129,#7130,#7131,#7132,#7133,#7134,#7135,
    #7136,#7137,#7138,#7139,#7140,#7141,#7142,#7143,#7144,#7145,#7146,
    #7147,#7148,#7149,#7150,#7151,#7152,#7153,#7154,#7155,#7156,#7157,
    #7158,#7159,#7160,#7161,#7162,#7163,#7164,#7165,#7166,#7167,#7168,
    #7169),.UNSPECIFIED.,.T.,.F.,(8,6,6,6,6,6,6,6,8),(0.,0.122716142368,
    0.250005600547,0.37730187414,0.500000938178,0.622729322537,
    0.75002748447,0.877325337532,1.),.UNSPECIFIED.);
#7120 = CARTESIAN_POINT('',(3.14159265359,12.9));
#7121 = CARTESIAN_POINT('',(3.160200309662,12.9));
#7122 = CARTESIAN_POINT('',(3.17830078725,12.943280143862));
#7123 = CARTESIAN_POINT('',(3.195387456318,13.02559685295));
#7124 = CARTESIAN_POINT('',(3.211040514867,13.141268690579));
#7125 = CARTESIAN_POINT('',(3.224932241537,13.283222552258));
#7126 = CARTESIAN_POINT('',(3.236862964266,13.443072556425));
#7127 = CARTESIAN_POINT('',(3.257111826859,13.785684967846));
#7128 = CARTESIAN_POINT('',(3.265557545504,13.973796697997));
#7129 = CARTESIAN_POINT('',(3.272211790023,14.171117090247));
#7130 = CARTESIAN_POINT('',(3.277146178834,14.374530345629));
#7131 = CARTESIAN_POINT('',(3.280416699794,14.581711115919));
#7132 = CARTESIAN_POINT('',(3.2820540683,14.790776764976));
#7133 = CARTESIAN_POINT('',(3.2820540683,15.209234437387));
#7134 = CARTESIAN_POINT('',(3.28041652751,15.418298020869));
#7135 = CARTESIAN_POINT('',(3.277146019915,15.625472426286));
#7136 = CARTESIAN_POINT('',(3.272211798534,15.828881170036));
#7137 = CARTESIAN_POINT('',(3.265557655012,16.026201274602));
#7138 = CARTESIAN_POINT('',(3.257111841557,16.214314783462));
#7139 = CARTESIAN_POINT('',(3.236864865405,16.556895276153));
#7140 = CARTESIAN_POINT('',(3.224934275892,16.716759150151));
#7141 = CARTESIAN_POINT('',(3.211040818457,16.858740856378));
#7142 = CARTESIAN_POINT('',(3.195384969728,16.974429654424));
#7143 = CARTESIAN_POINT('',(3.178296013251,17.056740539635));
#7144 = CARTESIAN_POINT('',(3.160195864216,17.1));
#7145 = CARTESIAN_POINT('',(3.122984997517,17.1));
#7146 = CARTESIAN_POINT('',(3.104884519929,17.056719856138));
#7147 = CARTESIAN_POINT('',(3.087797850862,16.97440314705));
#7148 = CARTESIAN_POINT('',(3.072144792312,16.858731309421));
#7149 = CARTESIAN_POINT('',(3.058253065643,16.716777447742));
#7150 = CARTESIAN_POINT('',(3.046322342914,16.556927443575));
#7151 = CARTESIAN_POINT('',(3.026073803814,16.214320505699));
#7152 = CARTESIAN_POINT('',(3.017627638405,16.02620401719));
#7153 = CARTESIAN_POINT('',(3.010973302125,15.828877045644));
#7154 = CARTESIAN_POINT('',(3.006039159453,15.625465305965));
#7155 = CARTESIAN_POINT('',(3.002768789262,15.418293764571));
#7156 = CARTESIAN_POINT('',(3.00113123888,15.209234951855));
#7157 = CARTESIAN_POINT('',(3.00113123888,14.790765555824));
#7158 = CARTESIAN_POINT('',(3.002768779785,14.581701995711));
#7159 = CARTESIAN_POINT('',(3.00603928672,14.374527561739));
#7160 = CARTESIAN_POINT('',(3.010973509668,14.171118824008));
#7161 = CARTESIAN_POINT('',(3.01762765125,13.973798738612));
#7162 = CARTESIAN_POINT('',(3.026073465971,13.785685210636));
#7163 = CARTESIAN_POINT('',(3.046318341895,13.443140253979));
#7164 = CARTESIAN_POINT('',(3.058249359539,13.28325137764));
#7165 = CARTESIAN_POINT('',(3.072145222575,13.141239076441));
#7166 = CARTESIAN_POINT('',(3.08780395022,13.025539350428));
#7167 = CARTESIAN_POINT('',(3.104894523389,12.94323971552));
#7168 = CARTESIAN_POINT('',(3.122993689277,12.9));
#7169 = CARTESIAN_POINT('',(3.14159265359,12.9));
#7170 = ( GEOMETRIC_REPRESENTATION_CONTEXT(2) 
PARAMETRIC_REPRESENTATION_CONTEXT() REPRESENTATION_CONTEXT('2D SPACE',''
  ) );
#7171 = PCURVE('',#6621,#7172);
#7172 = DEFINITIONAL_REPRESENTATION('',(#7173),#7224);
#7173 = B_SPLINE_CURVE_WITH_KNOTS('',7,(#7174,#7175,#7176,#7177,#7178,
    #7179,#7180,#7181,#7182,#7183,#7184,#7185,#7186,#7187,#7188,#7189,
    #7190,#7191,#7192,#7193,#7194,#7195,#7196,#7197,#7198,#7199,#7200,
    #7201,#7202,#7203,#7204,#7205,#7206,#7207,#7208,#7209,#7210,#7211,
    #7212,#7213,#7214,#7215,#7216,#7217,#7218,#7219,#7220,#7221,#7222,
    #7223),.UNSPECIFIED.,.F.,.F.,(8,6,6,6,6,6,6,6,8),(0.,0.122716142368,
    0.250005600547,0.37730187414,0.500000938178,0.622729322537,
    0.75002748447,0.877325337532,1.),.UNSPECIFIED.);
#7174 = CARTESIAN_POINT('',(0.,35.));
#7175 = CARTESIAN_POINT('',(0.132911829089,35.));
#7176 = CARTESIAN_POINT('',(0.262200783289,34.993940588238));
#7177 = CARTESIAN_POINT('',(0.388008999379,34.982417288711));
#7178 = CARTESIAN_POINT('',(0.51017263393,34.966991604531));
#7179 = CARTESIAN_POINT('',(0.628269582204,34.949789660226));
#7180 = CARTESIAN_POINT('',(0.741469619685,34.932715298801));
#7181 = CARTESIAN_POINT('',(0.95896909936,34.900818617246));
#7182 = CARTESIAN_POINT('',(1.065774497183,34.885664837576));
#7183 = CARTESIAN_POINT('',(1.169640913773,34.872690278901));
#7184 = CARTESIAN_POINT('',(1.271337781005,34.862579213812));
#7185 = CARTESIAN_POINT('',(1.371611295788,34.855711005963));
#7186 = CARTESIAN_POINT('',(1.471166214879,34.852272553384));
#7187 = CARTESIAN_POINT('',(1.67043177317,34.852272553384));
#7188 = CARTESIAN_POINT('',(1.769985693489,34.855711364885));
#7189 = CARTESIAN_POINT('',(1.870256473944,34.86257955539));
#7190 = CARTESIAN_POINT('',(1.971951041641,34.872690197728));
#7191 = CARTESIAN_POINT('',(2.075816925156,34.885664660892));
#7192 = CARTESIAN_POINT('',(2.182623396353,34.900818594093));
#7193 = CARTESIAN_POINT('',(2.400102613169,34.932712304064));
#7194 = CARTESIAN_POINT('',(2.513306961949,34.94978711743));
#7195 = CARTESIAN_POINT('',(2.631420806018,34.966992217155));
#7196 = CARTESIAN_POINT('',(2.753604070727,34.982420989786));
#7197 = CARTESIAN_POINT('',(2.879425977551,34.993943487922));
#7198 = CARTESIAN_POINT('',(3.00871257769,35.));
#7199 = CARTESIAN_POINT('',(3.274504482679,35.));
#7200 = CARTESIAN_POINT('',(3.403793436879,34.993940588238));
#7201 = CARTESIAN_POINT('',(3.529601652969,34.982417288711));
#7202 = CARTESIAN_POINT('',(3.65176528752,34.966991604531));
#7203 = CARTESIAN_POINT('',(3.769862235794,34.949789660226));
#7204 = CARTESIAN_POINT('',(3.883062273274,34.932715298801));
#7205 = CARTESIAN_POINT('',(4.100558278198,34.900819126825));
#7206 = CARTESIAN_POINT('',(4.20736746784,34.885664759014));
#7207 = CARTESIAN_POINT('',(4.311236503449,34.872689756926));
#7208 = CARTESIAN_POINT('',(4.412932241799,34.862579287524));
#7209 = CARTESIAN_POINT('',(4.513201629336,34.855711385475));
#7210 = CARTESIAN_POINT('',(4.612753289025,34.852272553384));
#7211 = CARTESIAN_POINT('',(4.812024429992,34.852272553384));
#7212 = CARTESIAN_POINT('',(4.911578339589,34.855711365038));
#7213 = CARTESIAN_POINT('',(5.011849131659,34.862579554569));
#7214 = CARTESIAN_POINT('',(5.113543700784,34.872690199344));
#7215 = CARTESIAN_POINT('',(5.217409570059,34.885664659428));
#7216 = CARTESIAN_POINT('',(5.32421605369,34.900818594643));
#7217 = CARTESIAN_POINT('',(5.541672711285,34.932708996264));
#7218 = CARTESIAN_POINT('',(5.654887988965,34.949785204866));
#7219 = CARTESIAN_POINT('',(5.773022741938,34.966994265705));
#7220 = CARTESIAN_POINT('',(5.895225063659,34.982425356674));
#7221 = CARTESIAN_POINT('',(6.021055992288,34.993946245322));
#7222 = CARTESIAN_POINT('',(6.150335562091,35.));
#7223 = CARTESIAN_POINT('',(6.28318530718,35.));
#7224 = ( GEOMETRIC_REPRESENTATION_CONTEXT(2) 
PARAMETRIC_REPRESENTATION_CONTEXT() REPRESENTATION_CONTEXT('2D SPACE',''
  ) );
#7225 = ADVANCED_FACE('',(#7226),#1366,.T.);
#7226 = FACE_BOUND('',#7227,.T.);
#7227 = EDGE_LOOP('',(#7228,#7229,#7230,#7231));
#7228 = ORIENTED_EDGE('',*,*,#1351,.T.);
#7229 = ORIENTED_EDGE('',*,*,#6898,.T.);
#7230 = ORIENTED_EDGE('',*,*,#3090,.F.);
#7231 = ORIENTED_EDGE('',*,*,#6944,.T.);
#7232 = ADVANCED_FACE('',(#7233),#1261,.T.);
#7233 = FACE_BOUND('',#7234,.T.);
#7234 = EDGE_LOOP('',(#7235,#7236,#7278,#7279));
#7235 = ORIENTED_EDGE('',*,*,#2998,.F.);
#7236 = ORIENTED_EDGE('',*,*,#7237,.F.);
#7237 = EDGE_CURVE('',#1224,#2978,#7238,.T.);
#7238 = SURFACE_CURVE('',#7239,(#7250,#7264),.PCURVE_S1.);
#7239 = B_SPLINE_CURVE_WITH_KNOTS('',5,(#7240,#7241,#7242,#7243,#7244,
    #7245,#7246,#7247,#7248,#7249),.UNSPECIFIED.,.F.,.F.,(6,4,6),(0.,
    0.499999958225,1.),.UNSPECIFIED.);
#7240 = CARTESIAN_POINT('',(-61.37968943272,73.814183766684,
    -5.000000596126));
#7241 = CARTESIAN_POINT('',(-61.6158288895,73.61782358521,
    -4.016395709189));
#7242 = CARTESIAN_POINT('',(-61.79082192838,73.470713058794,
    -3.020120922816));
#7243 = CARTESIAN_POINT('',(-61.90677967018,73.372723433997,
    -2.01603774439));
#7244 = CARTESIAN_POINT('',(-61.96476457381,73.323720250077,
    -1.008052301828));
#7245 = CARTESIAN_POINT('',(-61.96476457381,73.323720250077,
    1.008052470272));
#7246 = CARTESIAN_POINT('',(-61.90677965955,73.372723440563,
    2.016037259923));
#7247 = CARTESIAN_POINT('',(-61.79082202518,73.470712981066,
    3.020120905783));
#7248 = CARTESIAN_POINT('',(-61.61582873732,73.617823711752,
    4.01639634307));
#7249 = CARTESIAN_POINT('',(-61.37968943273,73.81418376668,
    5.000000596117));
#7250 = PCURVE('',#1261,#7251);
#7251 = DEFINITIONAL_REPRESENTATION('',(#7252),#7263);
#7252 = B_SPLINE_CURVE_WITH_KNOTS('',5,(#7253,#7254,#7255,#7256,#7257,
    #7258,#7259,#7260,#7261,#7262),.UNSPECIFIED.,.F.,.F.,(6,4,6),(0.,
    0.499999958225,1.),.UNSPECIFIED.);
#7253 = CARTESIAN_POINT('',(2.264477255252,-6.E-07));
#7254 = CARTESIAN_POINT('',(2.267676362046,0.983604286937));
#7255 = CARTESIAN_POINT('',(2.270057719058,1.979879087096));
#7256 = CARTESIAN_POINT('',(2.271639147002,2.983962249961));
#7257 = CARTESIAN_POINT('',(2.272429958689,3.991947698172));
#7258 = CARTESIAN_POINT('',(2.272429958689,6.008052470272));
#7259 = CARTESIAN_POINT('',(2.27163914687,7.016037265428));
#7260 = CARTESIAN_POINT('',(2.270057720355,8.020120896041));
#7261 = CARTESIAN_POINT('',(2.267676359984,9.016396346953));
#7262 = CARTESIAN_POINT('',(2.264477255252,10.0000006));
#7263 = ( GEOMETRIC_REPRESENTATION_CONTEXT(2) 
PARAMETRIC_REPRESENTATION_CONTEXT() REPRESENTATION_CONTEXT('2D SPACE',''
  ) );
#7264 = PCURVE('',#1092,#7265);
#7265 = DEFINITIONAL_REPRESENTATION('',(#7266),#7277);
#7266 = B_SPLINE_CURVE_WITH_KNOTS('',5,(#7267,#7268,#7269,#7270,#7271,
    #7272,#7273,#7274,#7275,#7276),.UNSPECIFIED.,.F.,.F.,(6,4,6),(0.,
    0.499999958225,1.),.UNSPECIFIED.);
#7267 = CARTESIAN_POINT('',(2.843060415954,54.615889421097));
#7268 = CARTESIAN_POINT('',(2.903597112667,54.563910088771));
#7269 = CARTESIAN_POINT('',(2.96350398852,54.524008014479));
#7270 = CARTESIAN_POINT('',(3.023002242162,54.497127278921));
#7271 = CARTESIAN_POINT('',(3.082295459365,54.483682677679));
#7272 = CARTESIAN_POINT('',(3.200889857723,54.483682677679));
#7273 = CARTESIAN_POINT('',(3.26018303709,54.497127279296));
#7274 = CARTESIAN_POINT('',(3.319681316048,54.524007995565));
#7275 = CARTESIAN_POINT('',(3.379588233525,54.563910122269));
#7276 = CARTESIAN_POINT('',(3.440124891224,54.615889421096));
#7277 = ( GEOMETRIC_REPRESENTATION_CONTEXT(2) 
PARAMETRIC_REPRESENTATION_CONTEXT() REPRESENTATION_CONTEXT('2D SPACE',''
  ) );
#7278 = ORIENTED_EDGE('',*,*,#1244,.T.);
#7279 = ORIENTED_EDGE('',*,*,#6466,.F.);
#7280 = ADVANCED_FACE('',(#7281,#7445,#7640),#1092,.T.);
#7281 = FACE_BOUND('',#7282,.T.);
#7282 = EDGE_LOOP('',(#7283,#7315,#7338,#7365,#7366,#7396,#7397,#7419,
    #7420,#7421,#7422,#7444));
#7283 = ORIENTED_EDGE('',*,*,#7284,.T.);
#7284 = EDGE_CURVE('',#2823,#7285,#7287,.T.);
#7285 = VERTEX_POINT('',#7286);
#7286 = CARTESIAN_POINT('',(-32.52011678443,90.32409426242,
    4.163799117101E-15));
#7287 = SURFACE_CURVE('',#7288,(#7295,#7305),.PCURVE_S1.);
#7288 = B_SPLINE_CURVE_WITH_KNOTS('',5,(#7289,#7290,#7291,#7292,#7293,
    #7294),.UNSPECIFIED.,.F.,.F.,(6,6),(0.,1.),
  .PIECEWISE_BEZIER_KNOTS.);
#7289 = CARTESIAN_POINT('',(-33.23740157758,90.062617863185,
    5.000000596126));
#7290 = CARTESIAN_POINT('',(-32.94928163672,90.168947863402,
    4.01639568128));
#7291 = CARTESIAN_POINT('',(-32.73438566727,90.246946468703,
    3.020120993445));
#7292 = CARTESIAN_POINT('',(-32.591546578,90.298377642772,2.01603767324)
  );
#7293 = CARTESIAN_POINT('',(-32.52011678443,90.32409426242,
    1.008052330422));
#7294 = CARTESIAN_POINT('',(-32.52011678443,90.32409426242,
    4.302345607801E-15));
#7295 = PCURVE('',#1092,#7296);
#7296 = DEFINITIONAL_REPRESENTATION('',(#7297),#7304);
#7297 = B_SPLINE_CURVE_WITH_KNOTS('',5,(#7298,#7299,#7300,#7301,#7302,
    #7303),.UNSPECIFIED.,.F.,.F.,(6,6),(0.,1.),
  .PIECEWISE_BEZIER_KNOTS.);
#7298 = CARTESIAN_POINT('',(5.984653069544,54.615889421097));
#7299 = CARTESIAN_POINT('',(6.045189767975,54.563910087296));
#7300 = CARTESIAN_POINT('',(6.105096637836,54.524008016908));
#7301 = CARTESIAN_POINT('',(6.164594899997,54.497127277634));
#7302 = CARTESIAN_POINT('',(6.223888111272,54.483682677679));
#7303 = CARTESIAN_POINT('',(6.28318530718,54.483682677679));
#7304 = ( GEOMETRIC_REPRESENTATION_CONTEXT(2) 
PARAMETRIC_REPRESENTATION_CONTEXT() REPRESENTATION_CONTEXT('2D SPACE',''
  ) );
#7305 = PCURVE('',#1065,#7306);
#7306 = DEFINITIONAL_REPRESENTATION('',(#7307),#7314);
#7307 = B_SPLINE_CURVE_WITH_KNOTS('',5,(#7308,#7309,#7310,#7311,#7312,
    #7313),.UNSPECIFIED.,.F.,.F.,(6,6),(0.,1.),
  .PIECEWISE_BEZIER_KNOTS.);
#7308 = CARTESIAN_POINT('',(1.924338353878,10.0000006));
#7309 = CARTESIAN_POINT('',(1.921139246993,9.016395685153));
#7310 = CARTESIAN_POINT('',(1.918757890221,8.020120983533));
#7311 = CARTESIAN_POINT('',(1.917176462049,7.016037678888));
#7312 = CARTESIAN_POINT('',(1.916385650441,6.008052330422));
#7313 = CARTESIAN_POINT('',(1.916385650441,5.));
#7314 = ( GEOMETRIC_REPRESENTATION_CONTEXT(2) 
PARAMETRIC_REPRESENTATION_CONTEXT() REPRESENTATION_CONTEXT('2D SPACE',''
  ) );
#7315 = ORIENTED_EDGE('',*,*,#7316,.T.);
#7316 = EDGE_CURVE('',#7285,#7317,#7319,.T.);
#7317 = VERTEX_POINT('',#7318);
#7318 = CARTESIAN_POINT('',(-35.27767610531,95.100187006171,
    4.163799117101E-15));
#7319 = SEAM_CURVE('',#7320,(#7324,#7331),.PCURVE_S1.);
#7320 = LINE('',#7321,#7322);
#7321 = CARTESIAN_POINT('',(-5.277676105311,43.140187006171,
    4.163799117101E-15));
#7322 = VECTOR('',#7323,1.);
#7323 = DIRECTION('',(-0.500011000363,0.866019052629,0.));
#7324 = PCURVE('',#1092,#7325);
#7325 = DEFINITIONAL_REPRESENTATION('',(#7326),#7330);
#7326 = LINE('',#7327,#7328);
#7327 = CARTESIAN_POINT('',(0.,-0.));
#7328 = VECTOR('',#7329,1.);
#7329 = DIRECTION('',(0.,1.));
#7330 = ( GEOMETRIC_REPRESENTATION_CONTEXT(2) 
PARAMETRIC_REPRESENTATION_CONTEXT() REPRESENTATION_CONTEXT('2D SPACE',''
  ) );
#7331 = PCURVE('',#1092,#7332);
#7332 = DEFINITIONAL_REPRESENTATION('',(#7333),#7337);
#7333 = LINE('',#7334,#7335);
#7334 = CARTESIAN_POINT('',(6.28318530718,-0.));
#7335 = VECTOR('',#7336,1.);
#7336 = DIRECTION('',(0.,1.));
#7337 = ( GEOMETRIC_REPRESENTATION_CONTEXT(2) 
PARAMETRIC_REPRESENTATION_CONTEXT() REPRESENTATION_CONTEXT('2D SPACE',''
  ) );
#7338 = ORIENTED_EDGE('',*,*,#7339,.F.);
#7339 = EDGE_CURVE('',#7317,#7317,#7340,.T.);
#7340 = SURFACE_CURVE('',#7341,(#7346,#7353),.PCURVE_S1.);
#7341 = CIRCLE('',#7342,17.);
#7342 = AXIS2_PLACEMENT_3D('',#7343,#7344,#7345);
#7343 = CARTESIAN_POINT('',(-50.,86.6,0.));
#7344 = DIRECTION('',(-0.500011000363,0.866019052629,0.));
#7345 = DIRECTION('',(0.866019052629,0.500011000363,0.));
#7346 = PCURVE('',#1092,#7347);
#7347 = DEFINITIONAL_REPRESENTATION('',(#7348),#7352);
#7348 = LINE('',#7349,#7350);
#7349 = CARTESIAN_POINT('',(0.,59.99867998548));
#7350 = VECTOR('',#7351,1.);
#7351 = DIRECTION('',(1.,0.));
#7352 = ( GEOMETRIC_REPRESENTATION_CONTEXT(2) 
PARAMETRIC_REPRESENTATION_CONTEXT() REPRESENTATION_CONTEXT('2D SPACE',''
  ) );
#7353 = PCURVE('',#7354,#7359);
#7354 = PLANE('',#7355);
#7355 = AXIS2_PLACEMENT_3D('',#7356,#7357,#7358);
#7356 = CARTESIAN_POINT('',(-50.,86.6,0.));
#7357 = DIRECTION('',(-0.500011000363,0.866019052629,0.));
#7358 = DIRECTION('',(0.866019052629,0.500011000363,0.));
#7359 = DEFINITIONAL_REPRESENTATION('',(#7360),#7364);
#7360 = CIRCLE('',#7361,17.);
#7361 = AXIS2_PLACEMENT_2D('',#7362,#7363);
#7362 = CARTESIAN_POINT('',(0.,0.));
#7363 = DIRECTION('',(1.,0.));
#7364 = ( GEOMETRIC_REPRESENTATION_CONTEXT(2) 
PARAMETRIC_REPRESENTATION_CONTEXT() REPRESENTATION_CONTEXT('2D SPACE',''
  ) );
#7365 = ORIENTED_EDGE('',*,*,#7316,.F.);
#7366 = ORIENTED_EDGE('',*,*,#7367,.T.);
#7367 = EDGE_CURVE('',#7285,#1049,#7368,.T.);
#7368 = SURFACE_CURVE('',#7369,(#7376,#7386),.PCURVE_S1.);
#7369 = B_SPLINE_CURVE_WITH_KNOTS('',5,(#7370,#7371,#7372,#7373,#7374,
    #7375),.UNSPECIFIED.,.F.,.F.,(6,6),(0.,1.),
  .PIECEWISE_BEZIER_KNOTS.);
#7370 = CARTESIAN_POINT('',(-32.52011678443,90.32409426242,
    4.440892098501E-15));
#7371 = CARTESIAN_POINT('',(-32.52011678443,90.32409426242,
    -1.008052470273));
#7372 = CARTESIAN_POINT('',(-32.5915465961,90.298377634244,
    -2.016037259923));
#7373 = CARTESIAN_POINT('',(-32.73438553814,90.246946518615,
    -3.020120905781));
#7374 = CARTESIAN_POINT('',(-32.94928183057,90.168947791861,
    -4.016396343072));
#7375 = CARTESIAN_POINT('',(-33.23740157758,90.062617863187,
    -5.000000596117));
#7376 = PCURVE('',#1092,#7377);
#7377 = DEFINITIONAL_REPRESENTATION('',(#7378),#7385);
#7378 = B_SPLINE_CURVE_WITH_KNOTS('',5,(#7379,#7380,#7381,#7382,#7383,
    #7384),.UNSPECIFIED.,.F.,.F.,(6,6),(0.,1.),
  .PIECEWISE_BEZIER_KNOTS.);
#7379 = CARTESIAN_POINT('',(0.,54.483682677679));
#7380 = CARTESIAN_POINT('',(5.929720413369E-02,54.483682677679));
#7381 = CARTESIAN_POINT('',(0.1185903835,54.497127279296));
#7382 = CARTESIAN_POINT('',(0.178088662458,54.524007995565));
#7383 = CARTESIAN_POINT('',(0.237995579935,54.563910122269));
#7384 = CARTESIAN_POINT('',(0.298532237634,54.615889421096));
#7385 = ( GEOMETRIC_REPRESENTATION_CONTEXT(2) 
PARAMETRIC_REPRESENTATION_CONTEXT() REPRESENTATION_CONTEXT('2D SPACE',''
  ) );
#7386 = PCURVE('',#1065,#7387);
#7387 = DEFINITIONAL_REPRESENTATION('',(#7388),#7395);
#7388 = B_SPLINE_CURVE_WITH_KNOTS('',5,(#7389,#7390,#7391,#7392,#7393,
    #7394),.UNSPECIFIED.,.F.,.F.,(6,6),(0.,1.),
  .PIECEWISE_BEZIER_KNOTS.);
#7389 = CARTESIAN_POINT('',(1.916385650441,5.));
#7390 = CARTESIAN_POINT('',(1.916385650441,3.991947529727));
#7391 = CARTESIAN_POINT('',(1.91717646226,2.983962734573));
#7392 = CARTESIAN_POINT('',(1.918757888775,1.97987910396));
#7393 = CARTESIAN_POINT('',(1.921139249146,0.983603653045));
#7394 = CARTESIAN_POINT('',(1.924338353878,-6.E-07));
#7395 = ( GEOMETRIC_REPRESENTATION_CONTEXT(2) 
PARAMETRIC_REPRESENTATION_CONTEXT() REPRESENTATION_CONTEXT('2D SPACE',''
  ) );
#7396 = ORIENTED_EDGE('',*,*,#1077,.F.);
#7397 = ORIENTED_EDGE('',*,*,#7398,.T.);
#7398 = EDGE_CURVE('',#1078,#1203,#7399,.T.);
#7399 = SURFACE_CURVE('',#7400,(#7405,#7412),.PCURVE_S1.);
#7400 = CIRCLE('',#7401,17.);
#7401 = AXIS2_PLACEMENT_3D('',#7402,#7403,#7404);
#7402 = CARTESIAN_POINT('',(-20.,34.64,0.));
#7403 = DIRECTION('',(-0.500011000363,0.866019052629,0.));
#7404 = DIRECTION('',(0.866019052629,0.500011000363,0.));
#7405 = PCURVE('',#1092,#7406);
#7406 = DEFINITIONAL_REPRESENTATION('',(#7407),#7411);
#7407 = LINE('',#7408,#7409);
#7408 = CARTESIAN_POINT('',(0.,0.));
#7409 = VECTOR('',#7410,1.);
#7410 = DIRECTION('',(1.,0.));
#7411 = ( GEOMETRIC_REPRESENTATION_CONTEXT(2) 
PARAMETRIC_REPRESENTATION_CONTEXT() REPRESENTATION_CONTEXT('2D SPACE',''
  ) );
#7412 = PCURVE('',#1118,#7413);
#7413 = DEFINITIONAL_REPRESENTATION('',(#7414),#7418);
#7414 = CIRCLE('',#7415,17.);
#7415 = AXIS2_PLACEMENT_2D('',#7416,#7417);
#7416 = CARTESIAN_POINT('',(0.,0.));
#7417 = DIRECTION('',(1.,0.));
#7418 = ( GEOMETRIC_REPRESENTATION_CONTEXT(2) 
PARAMETRIC_REPRESENTATION_CONTEXT() REPRESENTATION_CONTEXT('2D SPACE',''
  ) );
#7419 = ORIENTED_EDGE('',*,*,#1223,.T.);
#7420 = ORIENTED_EDGE('',*,*,#7237,.T.);
#7421 = ORIENTED_EDGE('',*,*,#2977,.F.);
#7422 = ORIENTED_EDGE('',*,*,#7423,.T.);
#7423 = EDGE_CURVE('',#2957,#2847,#7424,.T.);
#7424 = SURFACE_CURVE('',#7425,(#7430,#7437),.PCURVE_S1.);
#7425 = CIRCLE('',#7426,17.);
#7426 = AXIS2_PLACEMENT_3D('',#7427,#7428,#7429);
#7427 = CARTESIAN_POINT('',(-20.,34.64,0.));
#7428 = DIRECTION('',(-0.500011000363,0.866019052629,0.));
#7429 = DIRECTION('',(0.866019052629,0.500011000363,0.));
#7430 = PCURVE('',#1092,#7431);
#7431 = DEFINITIONAL_REPRESENTATION('',(#7432),#7436);
#7432 = LINE('',#7433,#7434);
#7433 = CARTESIAN_POINT('',(0.,0.));
#7434 = VECTOR('',#7435,1.);
#7435 = DIRECTION('',(1.,0.));
#7436 = ( GEOMETRIC_REPRESENTATION_CONTEXT(2) 
PARAMETRIC_REPRESENTATION_CONTEXT() REPRESENTATION_CONTEXT('2D SPACE',''
  ) );
#7437 = PCURVE('',#2882,#7438);
#7438 = DEFINITIONAL_REPRESENTATION('',(#7439),#7443);
#7439 = CIRCLE('',#7440,17.);
#7440 = AXIS2_PLACEMENT_2D('',#7441,#7442);
#7441 = CARTESIAN_POINT('',(0.,0.));
#7442 = DIRECTION('',(1.,0.));
#7443 = ( GEOMETRIC_REPRESENTATION_CONTEXT(2) 
PARAMETRIC_REPRESENTATION_CONTEXT() REPRESENTATION_CONTEXT('2D SPACE',''
  ) );
#7444 = ORIENTED_EDGE('',*,*,#2846,.T.);
#7445 = FACE_BOUND('',#7446,.T.);
#7446 = EDGE_LOOP('',(#7447));
#7447 = ORIENTED_EDGE('',*,*,#7448,.T.);
#7448 = EDGE_CURVE('',#7449,#7449,#7451,.T.);
#7449 = VERTEX_POINT('',#7450);
#7450 = CARTESIAN_POINT('',(-22.9,43.3,-16.90244208722));
#7451 = SURFACE_CURVE('',#7452,(#7511,#7573),.PCURVE_S1.);
#7452 = B_SPLINE_CURVE_WITH_KNOTS('',8,(#7453,#7454,#7455,#7456,#7457,
    #7458,#7459,#7460,#7461,#7462,#7463,#7464,#7465,#7466,#7467,#7468,
    #7469,#7470,#7471,#7472,#7473,#7474,#7475,#7476,#7477,#7478,#7479,
    #7480,#7481,#7482,#7483,#7484,#7485,#7486,#7487,#7488,#7489,#7490,
    #7491,#7492,#7493,#7494,#7495,#7496,#7497,#7498,#7499,#7500,#7501,
    #7502,#7503,#7504,#7505,#7506,#7507,#7508,#7509,#7510),
  .UNSPECIFIED.,.T.,.F.,(9,7,7,7,7,7,7,7,9),(0.,0.109575653444,
    0.279030749954,0.434773475727,0.542912005633,0.651052665183,
    0.76014328578,0.865277665278,1.),.UNSPECIFIED.);
#7453 = CARTESIAN_POINT('',(-22.9,43.3,-16.90244208722));
#7454 = CARTESIAN_POINT('',(-22.9,43.441376617671,-16.89483612032));
#7455 = CARTESIAN_POINT('',(-22.91087727948,43.580431610838,
    -16.88802679749));
#7456 = CARTESIAN_POINT('',(-22.93200759305,43.716627544892,
    -16.88216339608));
#7457 = CARTESIAN_POINT('',(-22.96286216736,43.849515783274,
    -16.8773549162));
#7458 = CARTESIAN_POINT('',(-23.00300025289,43.978706720993,
    -16.8736774557));
#7459 = CARTESIAN_POINT('',(-23.05206209374,44.103840751134,
    -16.8711796413));
#7460 = CARTESIAN_POINT('',(-23.10976231562,44.224559964364,
    -16.86988611582));
#7461 = CARTESIAN_POINT('',(-23.27813829864,44.51974795275,
    -16.86966448567));
#7462 = CARTESIAN_POINT('',(-23.40038944681,44.687290460927,
    -16.87241520776));
#7463 = CARTESIAN_POINT('',(-23.54182389271,44.841891112658,
    -16.87804578242));
#7464 = CARTESIAN_POINT('',(-23.70198040655,44.981950571383,
    -16.88642982176));
#7465 = CARTESIAN_POINT('',(-23.88053862638,45.105376809609,
    -16.89731207192));
#7466 = CARTESIAN_POINT('',(-24.07710437181,45.209455911213,
    -16.9102470721));
#7467 = CARTESIAN_POINT('',(-24.29092759953,45.290681689536,
    -16.92452310927));
#7468 = CARTESIAN_POINT('',(-24.73147447844,45.394005123392,
    -16.95251682574));
#7469 = CARTESIAN_POINT('',(-24.96351172992,45.422174652603,
    -16.96667931498));
#7470 = CARTESIAN_POINT('',(-25.20971989251,45.420784747898,
    -16.9803611955));
#7471 = CARTESIAN_POINT('',(-25.46223543684,45.38475137869,
    -16.99196238224));
#7472 = CARTESIAN_POINT('',(-25.71259926082,45.311945359466,
    -16.99986221401));
#7473 = CARTESIAN_POINT('',(-25.95250538421,45.202865741639,
    -17.00305372152));
#7474 = CARTESIAN_POINT('',(-26.17439801282,45.060417654215,
    -17.00138813057));
#7475 = CARTESIAN_POINT('',(-26.50954785514,44.771116641549,
    -16.9913187611));
#7476 = CARTESIAN_POINT('',(-26.63518119364,44.63900367747,
    -16.98513336414));
#7477 = CARTESIAN_POINT('',(-26.74753819882,44.494688020649,
    -16.97707419076));
#7478 = CARTESIAN_POINT('',(-26.8452547632,44.339729847411,
    -16.96745882101));
#7479 = CARTESIAN_POINT('',(-26.92718597717,44.175865512582,
    -16.95671425898));
#7480 = CARTESIAN_POINT('',(-26.99242812659,44.004976885163,
    -16.94534272099));
#7481 = CARTESIAN_POINT('',(-27.04034466012,43.829059291662,
    -16.93387617469));
#7482 = CARTESIAN_POINT('',(-27.10084818796,43.471313319838,
    -16.91176286589));
#7483 = CARTESIAN_POINT('',(-27.11344475168,43.289424064113,
    -16.90111286024));
#7484 = CARTESIAN_POINT('',(-27.10802642133,43.106588523961,
    -16.89137487755));
#7485 = CARTESIAN_POINT('',(-27.08453842219,42.924896969448,
    -16.88303123274));
#7486 = CARTESIAN_POINT('',(-27.04321398817,42.74642214644,
    -16.87648588579));
#7487 = CARTESIAN_POINT('',(-26.98456183234,42.5731813211,
    -16.87202529008));
#7488 = CARTESIAN_POINT('',(-26.90935770094,42.407099939053,
    -16.86979549372));
#7489 = CARTESIAN_POINT('',(-26.72712541102,42.091473612915,
    -16.86979549372));
#7490 = CARTESIAN_POINT('',(-26.61988640223,41.942194760158,
    -16.87206479229));
#7491 = CARTESIAN_POINT('',(-26.49749100832,41.80304058507,
    -16.87659829589));
#7492 = CARTESIAN_POINT('',(-26.36030069067,41.675123623677,
    -16.88331398201));
#7493 = CARTESIAN_POINT('',(-26.20857446095,41.559835632081,
    -16.89204812093));
#7494 = CARTESIAN_POINT('',(-26.04258000004,41.458927116009,
    -16.90252773691));
#7495 = CARTESIAN_POINT('',(-25.86273341518,41.37460798207,
    -16.91433290739));
#7496 = CARTESIAN_POINT('',(-25.48384236399,41.247102413451,
    -16.938935734));
#7497 = CARTESIAN_POINT('',(-25.28159311618,41.20114265082,
    -16.95195051253));
#7498 = CARTESIAN_POINT('',(-25.0662262309,41.176876640401,
    -16.96519541909));
#7499 = CARTESIAN_POINT('',(-24.84172677092,41.178235343028,
    -16.97768877295));
#7500 = CARTESIAN_POINT('',(-24.61268881907,41.208056455664,
    -16.98830493806));
#7501 = CARTESIAN_POINT('',(-24.38413861442,41.268140253549,
    -16.99599342556));
#7502 = CARTESIAN_POINT('',(-24.16139335978,41.35929505845,-17.));
#7503 = CARTESIAN_POINT('',(-23.67906153074,41.637777638726,-17.));
#7504 = CARTESIAN_POINT('',(-23.44564938359,41.834039181273,
    -16.99342072113));
#7505 = CARTESIAN_POINT('',(-23.25342706689,42.059381298158,
    -16.98118855002));
#7506 = CARTESIAN_POINT('',(-23.10391731159,42.304044487588,
    -16.96516542872));
#7507 = CARTESIAN_POINT('',(-22.99686692003,42.558782435652,
    -16.94756634282));
#7508 = CARTESIAN_POINT('',(-22.93023514509,42.814863736029,
    -16.93040908106));
#7509 = CARTESIAN_POINT('',(-22.9,43.064295700248,-16.91512281995));
#7510 = CARTESIAN_POINT('',(-22.9,43.3,-16.90244208722));
#7511 = PCURVE('',#1092,#7512);
#7512 = DEFINITIONAL_REPRESENTATION('',(#7513),#7572);
#7513 = B_SPLINE_CURVE_WITH_KNOTS('',8,(#7514,#7515,#7516,#7517,#7518,
    #7519,#7520,#7521,#7522,#7523,#7524,#7525,#7526,#7527,#7528,#7529,
    #7530,#7531,#7532,#7533,#7534,#7535,#7536,#7537,#7538,#7539,#7540,
    #7541,#7542,#7543,#7544,#7545,#7546,#7547,#7548,#7549,#7550,#7551,
    #7552,#7553,#7554,#7555,#7556,#7557,#7558,#7559,#7560,#7561,#7562,
    #7563,#7564,#7565,#7566,#7567,#7568,#7569,#7570,#7571),
  .UNSPECIFIED.,.T.,.F.,(9,7,7,7,7,7,7,7,9),(0.,0.109575653444,
    0.279030749954,0.434773475727,0.542912005633,0.651052665183,
    0.76014328578,0.865277665278,1.),.UNSPECIFIED.);
#7514 = CARTESIAN_POINT('',(1.463612391922,8.949756896818));
#7515 = CARTESIAN_POINT('',(1.459430164072,9.072191741317));
#7516 = CARTESIAN_POINT('',(1.455871775365,9.198054774161));
#7517 = CARTESIAN_POINT('',(1.45292215442,9.326568437166));
#7518 = CARTESIAN_POINT('',(1.450568348872,9.457079810042));
#7519 = CARTESIAN_POINT('',(1.448799978077,9.589031107832));
#7520 = CARTESIAN_POINT('',(1.447609704729,9.721931022191));
#7521 = CARTESIAN_POINT('',(1.446993725381,9.855326906527));
#7522 = CARTESIAN_POINT('',(1.446888185768,10.195155172283));
#7523 = CARTESIAN_POINT('',(1.448198142314,10.401377095385));
#7524 = CARTESIAN_POINT('',(1.450876518991,10.605982984112));
#7525 = CARTESIAN_POINT('',(1.454945754408,10.807357162568));
#7526 = CARTESIAN_POINT('',(1.460448870226,11.003527710584));
#7527 = CARTESIAN_POINT('',(1.467442196273,11.191947230564));
#7528 = CARTESIAN_POINT('',(1.475986350922,11.369204268153));
#7529 = CARTESIAN_POINT('',(1.495459577911,11.678962616084));
#7530 = CARTESIAN_POINT('',(1.506482630598,11.819379143318));
#7531 = CARTESIAN_POINT('',(1.519090147047,11.941282249037));
#7532 = CARTESIAN_POINT('',(1.533027123641,12.0363372147));
#7533 = CARTESIAN_POINT('',(1.547924730402,12.098470480989));
#7534 = CARTESIAN_POINT('',(1.563351174325,12.123961154445));
#7535 = CARTESIAN_POINT('',(1.57884275146,12.111547151932));
#7536 = CARTESIAN_POINT('',(1.60443195097,12.02858557095));
#7537 = CARTESIAN_POINT('',(1.614723430284,11.976991278217));
#7538 = CARTESIAN_POINT('',(1.624701880641,11.908190908377));
#7539 = CARTESIAN_POINT('',(1.634253021311,11.822853535101));
#7540 = CARTESIAN_POINT('',(1.643267699215,11.721910407346));
#7541 = CARTESIAN_POINT('',(1.651643775009,11.606539392521));
#7542 = CARTESIAN_POINT('',(1.659288541992,11.478150198723));
#7543 = CARTESIAN_POINT('',(1.672954948311,11.198587800605));
#7544 = CARTESIAN_POINT('',(1.678978868163,11.047366660105));
#7545 = CARTESIAN_POINT('',(1.684112343636,10.886318374056));
#7546 = CARTESIAN_POINT('',(1.688288647069,10.717225768202));
#7547 = CARTESIAN_POINT('',(1.691456334301,10.542000499465));
#7548 = CARTESIAN_POINT('',(1.693580173032,10.36264392092));
#7549 = CARTESIAN_POINT('',(1.69464208217,10.181211386807));
#7550 = CARTESIAN_POINT('',(1.69464208217,9.81675482528));
#7551 = CARTESIAN_POINT('',(1.69356145557,9.633855810575));
#7552 = CARTESIAN_POINT('',(1.691402676988,9.452146600347));
#7553 = CARTESIAN_POINT('',(1.688152148376,9.272771406654));
#7554 = CARTESIAN_POINT('',(1.683783522058,9.09706502549));
#7555 = CARTESIAN_POINT('',(1.678261070755,8.926677271544));
#7556 = CARTESIAN_POINT('',(1.671543702558,8.763730024245));
#7557 = CARTESIAN_POINT('',(1.655925173258,8.463858078972));
#7558 = CARTESIAN_POINT('',(1.64694149639,8.322929200161));
#7559 = CARTESIAN_POINT('',(1.636655165554,8.194228561049));
#7560 = CARTESIAN_POINT('',(1.625156944747,8.083153023846));
#7561 = CARTESIAN_POINT('',(1.612599402882,7.994457180136));
#7562 = CARTESIAN_POINT('',(1.599184834624,7.932213277395));
#7563 = CARTESIAN_POINT('',(1.58515659098,7.89977999758));
#7564 = CARTESIAN_POINT('',(1.552394655263,7.89977999758));
#7565 = CARTESIAN_POINT('',(1.53473157276,7.95303759153));
#7566 = CARTESIAN_POINT('',(1.518302006007,8.052074885248));
#7567 = CARTESIAN_POINT('',(1.503464146876,8.18920134646));
#7568 = CARTESIAN_POINT('',(1.490479059475,8.356282889538));
#7569 = CARTESIAN_POINT('',(1.479506934785,8.544737554243));
#7570 = CARTESIAN_POINT('',(1.470585037774,8.745632482446));
#7571 = CARTESIAN_POINT('',(1.463612391922,8.949756896818));
#7572 = ( GEOMETRIC_REPRESENTATION_CONTEXT(2) 
PARAMETRIC_REPRESENTATION_CONTEXT() REPRESENTATION_CONTEXT('2D SPACE',''
  ) );
#7573 = PCURVE('',#7574,#7579);
#7574 = CYLINDRICAL_SURFACE('',#7575,2.1);
#7575 = AXIS2_PLACEMENT_3D('',#7576,#7577,#7578);
#7576 = CARTESIAN_POINT('',(-25.,43.3,-20.));
#7577 = DIRECTION('',(0.,0.,1.));
#7578 = DIRECTION('',(1.,0.,-0.));
#7579 = DEFINITIONAL_REPRESENTATION('',(#7580),#7639);
#7580 = B_SPLINE_CURVE_WITH_KNOTS('',8,(#7581,#7582,#7583,#7584,#7585,
    #7586,#7587,#7588,#7589,#7590,#7591,#7592,#7593,#7594,#7595,#7596,
    #7597,#7598,#7599,#7600,#7601,#7602,#7603,#7604,#7605,#7606,#7607,
    #7608,#7609,#7610,#7611,#7612,#7613,#7614,#7615,#7616,#7617,#7618,
    #7619,#7620,#7621,#7622,#7623,#7624,#7625,#7626,#7627,#7628,#7629,
    #7630,#7631,#7632,#7633,#7634,#7635,#7636,#7637,#7638),
  .UNSPECIFIED.,.F.,.F.,(9,7,7,7,7,7,7,7,9),(0.,0.109575653444,
    0.279030749954,0.434773475727,0.542912005633,0.651052665183,
    0.76014328578,0.865277665278,1.),.UNSPECIFIED.);
#7581 = CARTESIAN_POINT('',(-8.881784197001E-16,3.097557912771));
#7582 = CARTESIAN_POINT('',(6.732219889083E-02,3.105163879672));
#7583 = CARTESIAN_POINT('',(0.133539006272,3.111973202503));
#7584 = CARTESIAN_POINT('',(0.198858761095,3.117836603914));
#7585 = CARTESIAN_POINT('',(0.263469931283,3.122645083799));
#7586 = CARTESIAN_POINT('',(0.327550746371,3.126322544298));
#7587 = CARTESIAN_POINT('',(0.391276339024,3.128820358691));
#7588 = CARTESIAN_POINT('',(0.454823395416,3.130113884178));
#7589 = CARTESIAN_POINT('',(0.616648600061,3.130335514324));
#7590 = CARTESIAN_POINT('',(0.714792674502,3.12758479224));
#7591 = CARTESIAN_POINT('',(0.813557598333,3.121954217572));
#7592 = CARTESIAN_POINT('',(0.913598989518,3.113570178239));
#7593 = CARTESIAN_POINT('',(1.015579178388,3.102687928076));
#7594 = CARTESIAN_POINT('',(1.120181445945,3.089752927899));
#7595 = CARTESIAN_POINT('',(1.228144278008,3.075476890729));
#7596 = CARTESIAN_POINT('',(1.443621012813,3.047483174255));
#7597 = CARTESIAN_POINT('',(1.554258984945,3.033320685016));
#7598 = CARTESIAN_POINT('',(1.669926104199,3.019638804498));
#7599 = CARTESIAN_POINT('',(1.789119212421,3.00803761776));
#7600 = CARTESIAN_POINT('',(1.910807627904,3.00013778599));
#7601 = CARTESIAN_POINT('',(2.034162208242,2.996946278475));
#7602 = CARTESIAN_POINT('',(2.158471767401,2.998611869423));
#7603 = CARTESIAN_POINT('',(2.369301298833,3.008681238894));
#7604 = CARTESIAN_POINT('',(2.455696076666,3.014866635856));
#7605 = CARTESIAN_POINT('',(2.542085425695,3.022925809236));
#7606 = CARTESIAN_POINT('',(2.628473328569,3.032541178984));
#7607 = CARTESIAN_POINT('',(2.714865625895,3.043285741011));
#7608 = CARTESIAN_POINT('',(2.8012652953,3.054657279004));
#7609 = CARTESIAN_POINT('',(2.887667405812,3.066123825302));
#7610 = CARTESIAN_POINT('',(3.060441790591,3.088237134107));
#7611 = CARTESIAN_POINT('',(3.146843041362,3.098887139752));
#7612 = CARTESIAN_POINT('',(3.233241165211,3.108625122447));
#7613 = CARTESIAN_POINT('',(3.319632561755,3.116968767258));
#7614 = CARTESIAN_POINT('',(3.406020928136,3.123514114208));
#7615 = CARTESIAN_POINT('',(3.492411965932,3.127974709912));
#7616 = CARTESIAN_POINT('',(3.578808231728,3.130204506278));
#7617 = CARTESIAN_POINT('',(3.752358975312,3.130204506278));
#7618 = CARTESIAN_POINT('',(3.839453617611,3.127935207708));
#7619 = CARTESIAN_POINT('',(3.926991055486,3.123401704101));
#7620 = CARTESIAN_POINT('',(4.015427920176,3.116686017988));
#7621 = CARTESIAN_POINT('',(4.105224090856,3.107951879062));
#7622 = CARTESIAN_POINT('',(4.196854426563,3.097472263081));
#7623 = CARTESIAN_POINT('',(4.290829278076,3.085667092601));
#7624 = CARTESIAN_POINT('',(4.48119597202,3.061064265991));
#7625 = CARTESIAN_POINT('',(4.579455551149,3.048049487461));
#7626 = CARTESIAN_POINT('',(4.681582732099,3.034804580903));
#7627 = CARTESIAN_POINT('',(4.786966606207,3.022311227042));
#7628 = CARTESIAN_POINT('',(4.895236966031,3.011695061931));
#7629 = CARTESIAN_POINT('',(5.006188846738,3.004006574435));
#7630 = CARTESIAN_POINT('',(5.119750700467,3.));
#7631 = CARTESIAN_POINT('',(5.384966370555,3.));
#7632 = CARTESIAN_POINT('',(5.527954481075,3.006579278866));
#7633 = CARTESIAN_POINT('',(5.665910142234,3.018811449972));
#7634 = CARTESIAN_POINT('',(5.79924902071,3.034834571278));
#7635 = CARTESIAN_POINT('',(5.928068020784,3.052433657175));
#7636 = CARTESIAN_POINT('',(6.052168811565,3.069590918932));
#7637 = CARTESIAN_POINT('',(6.170945164441,3.084877180045));
#7638 = CARTESIAN_POINT('',(6.28318530718,3.097557912771));
#7639 = ( GEOMETRIC_REPRESENTATION_CONTEXT(2) 
PARAMETRIC_REPRESENTATION_CONTEXT() REPRESENTATION_CONTEXT('2D SPACE',''
  ) );
#7640 = FACE_BOUND('',#7641,.T.);
#7641 = EDGE_LOOP('',(#7642));
#7642 = ORIENTED_EDGE('',*,*,#7643,.F.);
#7643 = EDGE_CURVE('',#7644,#7644,#7646,.T.);
#7644 = VERTEX_POINT('',#7645);
#7645 = CARTESIAN_POINT('',(-22.9,43.3,16.902442087229));
#7646 = SURFACE_CURVE('',#7647,(#7706,#7768),.PCURVE_S1.);
#7647 = B_SPLINE_CURVE_WITH_KNOTS('',8,(#7648,#7649,#7650,#7651,#7652,
    #7653,#7654,#7655,#7656,#7657,#7658,#7659,#7660,#7661,#7662,#7663,
    #7664,#7665,#7666,#7667,#7668,#7669,#7670,#7671,#7672,#7673,#7674,
    #7675,#7676,#7677,#7678,#7679,#7680,#7681,#7682,#7683,#7684,#7685,
    #7686,#7687,#7688,#7689,#7690,#7691,#7692,#7693,#7694,#7695,#7696,
    #7697,#7698,#7699,#7700,#7701,#7702,#7703,#7704,#7705),
  .UNSPECIFIED.,.T.,.F.,(9,7,7,7,7,7,7,7,9),(0.,0.109575653444,
    0.279030749954,0.434773475728,0.542912005633,0.651052665183,
    0.76014328578,0.865277665278,1.),.UNSPECIFIED.);
#7648 = CARTESIAN_POINT('',(-22.9,43.3,16.902442087229));
#7649 = CARTESIAN_POINT('',(-22.9,43.441376617671,16.894836120328));
#7650 = CARTESIAN_POINT('',(-22.91087727948,43.580431610838,
    16.888026797497));
#7651 = CARTESIAN_POINT('',(-22.93200759305,43.716627544892,
    16.882163396086));
#7652 = CARTESIAN_POINT('',(-22.96286216736,43.849515783274,
    16.877354916201));
#7653 = CARTESIAN_POINT('',(-23.00300025289,43.978706720993,
    16.873677455702));
#7654 = CARTESIAN_POINT('',(-23.05206209374,44.103840751134,
    16.871179641309));
#7655 = CARTESIAN_POINT('',(-23.10976231562,44.224559964364,
    16.869886115822));
#7656 = CARTESIAN_POINT('',(-23.27813829864,44.51974795275,
    16.869664485676));
#7657 = CARTESIAN_POINT('',(-23.40038944681,44.687290460927,
    16.87241520776));
#7658 = CARTESIAN_POINT('',(-23.54182389271,44.841891112657,
    16.878045782428));
#7659 = CARTESIAN_POINT('',(-23.70198040655,44.981950571383,
    16.886429821761));
#7660 = CARTESIAN_POINT('',(-23.88053862638,45.105376809609,
    16.897312071924));
#7661 = CARTESIAN_POINT('',(-24.07710437181,45.209455911213,
    16.910247072101));
#7662 = CARTESIAN_POINT('',(-24.29092759953,45.290681689536,
    16.924523109271));
#7663 = CARTESIAN_POINT('',(-24.73147447844,45.394005123392,
    16.952516825745));
#7664 = CARTESIAN_POINT('',(-24.96351172992,45.422174652604,
    16.966679314984));
#7665 = CARTESIAN_POINT('',(-25.20971989251,45.420784747898,
    16.980361195502));
#7666 = CARTESIAN_POINT('',(-25.46223543684,45.38475137869,
    16.99196238224));
#7667 = CARTESIAN_POINT('',(-25.71259926082,45.311945359465,
    16.99986221401));
#7668 = CARTESIAN_POINT('',(-25.95250538421,45.20286574164,
    17.003053721525));
#7669 = CARTESIAN_POINT('',(-26.17439801282,45.060417654215,
    17.001388130577));
#7670 = CARTESIAN_POINT('',(-26.50954785514,44.771116641549,
    16.991318761106));
#7671 = CARTESIAN_POINT('',(-26.63518119364,44.63900367747,
    16.985133364144));
#7672 = CARTESIAN_POINT('',(-26.74753819882,44.494688020649,
    16.977074190764));
#7673 = CARTESIAN_POINT('',(-26.8452547632,44.339729847411,
    16.967458821016));
#7674 = CARTESIAN_POINT('',(-26.92718597717,44.175865512582,
    16.956714258989));
#7675 = CARTESIAN_POINT('',(-26.99242812659,44.004976885163,
    16.945342720996));
#7676 = CARTESIAN_POINT('',(-27.04034466012,43.829059291662,
    16.933876174698));
#7677 = CARTESIAN_POINT('',(-27.10084818796,43.471313319838,
    16.911762865893));
#7678 = CARTESIAN_POINT('',(-27.11344475168,43.289424064113,
    16.901112860248));
#7679 = CARTESIAN_POINT('',(-27.10802642133,43.106588523961,
    16.891374877553));
#7680 = CARTESIAN_POINT('',(-27.08453842219,42.924896969448,
    16.883031232742));
#7681 = CARTESIAN_POINT('',(-27.04321398817,42.74642214644,
    16.876485885792));
#7682 = CARTESIAN_POINT('',(-26.98456183234,42.573181321101,
    16.872025290088));
#7683 = CARTESIAN_POINT('',(-26.90935770094,42.407099939053,
    16.869795493722));
#7684 = CARTESIAN_POINT('',(-26.72712541102,42.091473612915,
    16.869795493722));
#7685 = CARTESIAN_POINT('',(-26.61988640223,41.942194760159,
    16.872064792292));
#7686 = CARTESIAN_POINT('',(-26.49749100832,41.80304058507,
    16.876598295899));
#7687 = CARTESIAN_POINT('',(-26.36030069067,41.675123623677,
    16.883313982012));
#7688 = CARTESIAN_POINT('',(-26.20857446095,41.559835632081,
    16.892048120938));
#7689 = CARTESIAN_POINT('',(-26.04258000004,41.458927116009,
    16.902527736919));
#7690 = CARTESIAN_POINT('',(-25.86273341518,41.37460798207,
    16.914332907399));
#7691 = CARTESIAN_POINT('',(-25.48384236399,41.247102413451,
    16.938935734009));
#7692 = CARTESIAN_POINT('',(-25.28159311618,41.20114265082,
    16.951950512539));
#7693 = CARTESIAN_POINT('',(-25.0662262309,41.176876640401,
    16.965195419097));
#7694 = CARTESIAN_POINT('',(-24.84172677092,41.178235343028,
    16.977688772958));
#7695 = CARTESIAN_POINT('',(-24.61268881907,41.208056455664,
    16.988304938069));
#7696 = CARTESIAN_POINT('',(-24.38413861442,41.268140253549,
    16.995993425565));
#7697 = CARTESIAN_POINT('',(-24.16139335978,41.35929505845,17.));
#7698 = CARTESIAN_POINT('',(-23.67906153074,41.637777638726,17.));
#7699 = CARTESIAN_POINT('',(-23.44564938359,41.834039181273,
    16.993420721134));
#7700 = CARTESIAN_POINT('',(-23.25342706689,42.059381298158,
    16.981188550028));
#7701 = CARTESIAN_POINT('',(-23.10391731159,42.304044487588,
    16.965165428722));
#7702 = CARTESIAN_POINT('',(-22.99686692003,42.558782435651,
    16.947566342825));
#7703 = CARTESIAN_POINT('',(-22.93023514509,42.814863736029,
    16.930409081068));
#7704 = CARTESIAN_POINT('',(-22.9,43.064295700248,16.915122819955));
#7705 = CARTESIAN_POINT('',(-22.9,43.3,16.902442087229));
#7706 = PCURVE('',#1092,#7707);
#7707 = DEFINITIONAL_REPRESENTATION('',(#7708),#7767);
#7708 = B_SPLINE_CURVE_WITH_KNOTS('',8,(#7709,#7710,#7711,#7712,#7713,
    #7714,#7715,#7716,#7717,#7718,#7719,#7720,#7721,#7722,#7723,#7724,
    #7725,#7726,#7727,#7728,#7729,#7730,#7731,#7732,#7733,#7734,#7735,
    #7736,#7737,#7738,#7739,#7740,#7741,#7742,#7743,#7744,#7745,#7746,
    #7747,#7748,#7749,#7750,#7751,#7752,#7753,#7754,#7755,#7756,#7757,
    #7758,#7759,#7760,#7761,#7762,#7763,#7764,#7765,#7766),
  .UNSPECIFIED.,.T.,.F.,(9,7,7,7,7,7,7,7,9),(0.,0.109575653444,
    0.279030749954,0.434773475728,0.542912005633,0.651052665183,
    0.76014328578,0.865277665278,1.),.UNSPECIFIED.);
#7709 = CARTESIAN_POINT('',(4.819572915257,8.949756896818));
#7710 = CARTESIAN_POINT('',(4.823755143107,9.072191741317));
#7711 = CARTESIAN_POINT('',(4.827313531815,9.198054774161));
#7712 = CARTESIAN_POINT('',(4.830263152759,9.326568437166));
#7713 = CARTESIAN_POINT('',(4.832616958308,9.457079810042));
#7714 = CARTESIAN_POINT('',(4.834385329102,9.589031107832));
#7715 = CARTESIAN_POINT('',(4.83557560245,9.721931022191));
#7716 = CARTESIAN_POINT('',(4.836191581799,9.855326906527));
#7717 = CARTESIAN_POINT('',(4.836297121412,10.195155172283));
#7718 = CARTESIAN_POINT('',(4.834987164866,10.401377095385));
#7719 = CARTESIAN_POINT('',(4.832308788188,10.605982984112));
#7720 = CARTESIAN_POINT('',(4.828239552772,10.807357162568));
#7721 = CARTESIAN_POINT('',(4.822736436954,11.003527710585));
#7722 = CARTESIAN_POINT('',(4.815743110907,11.191947230564));
#7723 = CARTESIAN_POINT('',(4.807198956258,11.369204268152));
#7724 = CARTESIAN_POINT('',(4.787725729269,11.678962616084));
#7725 = CARTESIAN_POINT('',(4.776702676582,11.819379143319));
#7726 = CARTESIAN_POINT('',(4.764095160133,11.941282249036));
#7727 = CARTESIAN_POINT('',(4.750158183539,12.036337214701));
#7728 = CARTESIAN_POINT('',(4.735260576778,12.098470480989));
#7729 = CARTESIAN_POINT('',(4.719834132854,12.123961154445));
#7730 = CARTESIAN_POINT('',(4.70434255572,12.111547151932));
#7731 = CARTESIAN_POINT('',(4.67875335621,12.02858557095));
#7732 = CARTESIAN_POINT('',(4.668461876896,11.976991278217));
#7733 = CARTESIAN_POINT('',(4.658483426538,11.908190908377));
#7734 = CARTESIAN_POINT('',(4.648932285869,11.822853535101));
#7735 = CARTESIAN_POINT('',(4.639917607964,11.721910407346));
#7736 = CARTESIAN_POINT('',(4.631541532171,11.606539392521));
#7737 = CARTESIAN_POINT('',(4.623896765188,11.478150198723));
#7738 = CARTESIAN_POINT('',(4.610230358869,11.198587800605));
#7739 = CARTESIAN_POINT('',(4.604206439017,11.047366660105));
#7740 = CARTESIAN_POINT('',(4.599072963544,10.886318374056));
#7741 = CARTESIAN_POINT('',(4.594896660111,10.717225768202));
#7742 = CARTESIAN_POINT('',(4.591728972879,10.542000499465));
#7743 = CARTESIAN_POINT('',(4.589605134148,10.36264392092));
#7744 = CARTESIAN_POINT('',(4.588543225009,10.181211386807));
#7745 = CARTESIAN_POINT('',(4.588543225009,9.81675482528));
#7746 = CARTESIAN_POINT('',(4.58962385161,9.633855810575));
#7747 = CARTESIAN_POINT('',(4.591782630191,9.452146600347));
#7748 = CARTESIAN_POINT('',(4.595033158803,9.272771406654));
#7749 = CARTESIAN_POINT('',(4.599401785122,9.097065025491));
#7750 = CARTESIAN_POINT('',(4.604924236424,8.926677271544));
#7751 = CARTESIAN_POINT('',(4.611641604622,8.763730024245));
#7752 = CARTESIAN_POINT('',(4.627260133921,8.463858078972));
#7753 = CARTESIAN_POINT('',(4.63624381079,8.322929200161));
#7754 = CARTESIAN_POINT('',(4.646530141626,8.194228561049));
#7755 = CARTESIAN_POINT('',(4.658028362433,8.083153023846));
#7756 = CARTESIAN_POINT('',(4.670585904298,7.994457180136));
#7757 = CARTESIAN_POINT('',(4.684000472556,7.932213277395));
#7758 = CARTESIAN_POINT('',(4.6980287162,7.89977999758));
#7759 = CARTESIAN_POINT('',(4.730790651917,7.89977999758));
#7760 = CARTESIAN_POINT('',(4.748453734419,7.95303759153));
#7761 = CARTESIAN_POINT('',(4.764883301173,8.052074885248));
#7762 = CARTESIAN_POINT('',(4.779721160304,8.18920134646));
#7763 = CARTESIAN_POINT('',(4.792706247704,8.356282889538));
#7764 = CARTESIAN_POINT('',(4.803678372395,8.544737554243));
#7765 = CARTESIAN_POINT('',(4.812600269405,8.745632482446));
#7766 = CARTESIAN_POINT('',(4.819572915257,8.949756896818));
#7767 = ( GEOMETRIC_REPRESENTATION_CONTEXT(2) 
PARAMETRIC_REPRESENTATION_CONTEXT() REPRESENTATION_CONTEXT('2D SPACE',''
  ) );
#7768 = PCURVE('',#7769,#7774);
#7769 = CYLINDRICAL_SURFACE('',#7770,2.1);
#7770 = AXIS2_PLACEMENT_3D('',#7771,#7772,#7773);
#7771 = CARTESIAN_POINT('',(-25.,43.3,-20.));
#7772 = DIRECTION('',(0.,0.,1.));
#7773 = DIRECTION('',(1.,0.,-0.));
#7774 = DEFINITIONAL_REPRESENTATION('',(#7775),#7834);
#7775 = B_SPLINE_CURVE_WITH_KNOTS('',8,(#7776,#7777,#7778,#7779,#7780,
    #7781,#7782,#7783,#7784,#7785,#7786,#7787,#7788,#7789,#7790,#7791,
    #7792,#7793,#7794,#7795,#7796,#7797,#7798,#7799,#7800,#7801,#7802,
    #7803,#7804,#7805,#7806,#7807,#7808,#7809,#7810,#7811,#7812,#7813,
    #7814,#7815,#7816,#7817,#7818,#7819,#7820,#7821,#7822,#7823,#7824,
    #7825,#7826,#7827,#7828,#7829,#7830,#7831,#7832,#7833),
  .UNSPECIFIED.,.F.,.F.,(9,7,7,7,7,7,7,7,9),(0.,0.109575653444,
    0.279030749954,0.434773475728,0.542912005633,0.651052665183,
    0.76014328578,0.865277665278,1.),.UNSPECIFIED.);
#7776 = CARTESIAN_POINT('',(-8.881784197001E-16,36.902442087229));
#7777 = CARTESIAN_POINT('',(6.732219889086E-02,36.894836120328));
#7778 = CARTESIAN_POINT('',(0.133539006272,36.888026797497));
#7779 = CARTESIAN_POINT('',(0.198858761095,36.882163396086));
#7780 = CARTESIAN_POINT('',(0.263469931283,36.877354916201));
#7781 = CARTESIAN_POINT('',(0.327550746371,36.873677455702));
#7782 = CARTESIAN_POINT('',(0.391276339024,36.871179641309));
#7783 = CARTESIAN_POINT('',(0.454823395416,36.869886115822));
#7784 = CARTESIAN_POINT('',(0.616648600061,36.869664485676));
#7785 = CARTESIAN_POINT('',(0.714792674502,36.87241520776));
#7786 = CARTESIAN_POINT('',(0.813557598333,36.878045782428));
#7787 = CARTESIAN_POINT('',(0.913598989518,36.886429821761));
#7788 = CARTESIAN_POINT('',(1.015579178388,36.897312071924));
#7789 = CARTESIAN_POINT('',(1.120181445945,36.910247072101));
#7790 = CARTESIAN_POINT('',(1.228144278008,36.924523109271));
#7791 = CARTESIAN_POINT('',(1.443621012813,36.952516825745));
#7792 = CARTESIAN_POINT('',(1.554258984945,36.966679314984));
#7793 = CARTESIAN_POINT('',(1.669926104199,36.980361195502));
#7794 = CARTESIAN_POINT('',(1.78911921242,36.99196238224));
#7795 = CARTESIAN_POINT('',(1.910807627904,36.99986221401));
#7796 = CARTESIAN_POINT('',(2.034162208242,37.003053721525));
#7797 = CARTESIAN_POINT('',(2.158471767401,37.001388130577));
#7798 = CARTESIAN_POINT('',(2.369301298833,36.991318761106));
#7799 = CARTESIAN_POINT('',(2.455696076666,36.985133364144));
#7800 = CARTESIAN_POINT('',(2.542085425695,36.977074190764));
#7801 = CARTESIAN_POINT('',(2.628473328569,36.967458821016));
#7802 = CARTESIAN_POINT('',(2.714865625895,36.956714258989));
#7803 = CARTESIAN_POINT('',(2.8012652953,36.945342720996));
#7804 = CARTESIAN_POINT('',(2.887667405812,36.933876174698));
#7805 = CARTESIAN_POINT('',(3.060441790591,36.911762865893));
#7806 = CARTESIAN_POINT('',(3.146843041362,36.901112860248));
#7807 = CARTESIAN_POINT('',(3.233241165211,36.891374877553));
#7808 = CARTESIAN_POINT('',(3.319632561755,36.883031232742));
#7809 = CARTESIAN_POINT('',(3.406020928136,36.876485885792));
#7810 = CARTESIAN_POINT('',(3.492411965932,36.872025290088));
#7811 = CARTESIAN_POINT('',(3.578808231728,36.869795493722));
#7812 = CARTESIAN_POINT('',(3.752358975312,36.869795493722));
#7813 = CARTESIAN_POINT('',(3.839453617611,36.872064792292));
#7814 = CARTESIAN_POINT('',(3.926991055486,36.876598295899));
#7815 = CARTESIAN_POINT('',(4.015427920176,36.883313982012));
#7816 = CARTESIAN_POINT('',(4.105224090856,36.892048120938));
#7817 = CARTESIAN_POINT('',(4.196854426563,36.902527736919));
#7818 = CARTESIAN_POINT('',(4.290829278076,36.914332907399));
#7819 = CARTESIAN_POINT('',(4.48119597202,36.938935734009));
#7820 = CARTESIAN_POINT('',(4.579455551149,36.951950512539));
#7821 = CARTESIAN_POINT('',(4.681582732099,36.965195419097));
#7822 = CARTESIAN_POINT('',(4.786966606207,36.977688772958));
#7823 = CARTESIAN_POINT('',(4.895236966031,36.988304938069));
#7824 = CARTESIAN_POINT('',(5.006188846738,36.995993425565));
#7825 = CARTESIAN_POINT('',(5.119750700467,37.));
#7826 = CARTESIAN_POINT('',(5.384966370555,37.));
#7827 = CARTESIAN_POINT('',(5.527954481075,36.993420721134));
#7828 = CARTESIAN_POINT('',(5.665910142234,36.981188550028));
#7829 = CARTESIAN_POINT('',(5.799249020711,36.965165428722));
#7830 = CARTESIAN_POINT('',(5.928068020784,36.947566342825));
#7831 = CARTESIAN_POINT('',(6.052168811565,36.930409081068));
#7832 = CARTESIAN_POINT('',(6.170945164441,36.915122819955));
#7833 = CARTESIAN_POINT('',(6.28318530718,36.902442087229));
#7834 = ( GEOMETRIC_REPRESENTATION_CONTEXT(2) 
PARAMETRIC_REPRESENTATION_CONTEXT() REPRESENTATION_CONTEXT('2D SPACE',''
  ) );
#7835 = ADVANCED_FACE('',(#7836),#1118,.F.);
#7836 = FACE_BOUND('',#7837,.F.);
#7837 = EDGE_LOOP('',(#7838,#7839,#7840,#7841));
#7838 = ORIENTED_EDGE('',*,*,#1103,.F.);
#7839 = ORIENTED_EDGE('',*,*,#7398,.T.);
#7840 = ORIENTED_EDGE('',*,*,#1202,.F.);
#7841 = ORIENTED_EDGE('',*,*,#7842,.F.);
#7842 = EDGE_CURVE('',#1104,#1182,#7843,.T.);
#7843 = SURFACE_CURVE('',#7844,(#7849,#7856),.PCURVE_S1.);
#7844 = CIRCLE('',#7845,15.);
#7845 = AXIS2_PLACEMENT_3D('',#7846,#7847,#7848);
#7846 = CARTESIAN_POINT('',(-20.,34.64,0.));
#7847 = DIRECTION('',(-0.500011000363,0.866019052629,0.));
#7848 = DIRECTION('',(0.866019052629,0.500011000363,0.));
#7849 = PCURVE('',#1118,#7850);
#7850 = DEFINITIONAL_REPRESENTATION('',(#7851),#7855);
#7851 = CIRCLE('',#7852,15.);
#7852 = AXIS2_PLACEMENT_2D('',#7853,#7854);
#7853 = CARTESIAN_POINT('',(0.,0.));
#7854 = DIRECTION('',(1.,0.));
#7855 = ( GEOMETRIC_REPRESENTATION_CONTEXT(2) 
PARAMETRIC_REPRESENTATION_CONTEXT() REPRESENTATION_CONTEXT('2D SPACE',''
  ) );
#7856 = PCURVE('',#1144,#7857);
#7857 = DEFINITIONAL_REPRESENTATION('',(#7858),#7862);
#7858 = LINE('',#7859,#7860);
#7859 = CARTESIAN_POINT('',(0.,4.99988999879));
#7860 = VECTOR('',#7861,1.);
#7861 = DIRECTION('',(1.,0.));
#7862 = ( GEOMETRIC_REPRESENTATION_CONTEXT(2) 
PARAMETRIC_REPRESENTATION_CONTEXT() REPRESENTATION_CONTEXT('2D SPACE',''
  ) );
#7863 = ADVANCED_FACE('',(#7864,#8007,#8173),#1144,.F.);
#7864 = FACE_BOUND('',#7865,.F.);
#7865 = EDGE_LOOP('',(#7866,#7890,#7913,#7935,#7936,#7937,#7938,#7960,
    #7961,#7983,#7984,#8006));
#7866 = ORIENTED_EDGE('',*,*,#7867,.F.);
#7867 = EDGE_CURVE('',#7868,#7868,#7870,.T.);
#7868 = VERTEX_POINT('',#7869);
#7869 = CARTESIAN_POINT('',(-37.00971421056,94.100165005445,
    3.673940397442E-15));
#7870 = SURFACE_CURVE('',#7871,(#7876,#7883),.PCURVE_S1.);
#7871 = CIRCLE('',#7872,15.);
#7872 = AXIS2_PLACEMENT_3D('',#7873,#7874,#7875);
#7873 = CARTESIAN_POINT('',(-50.,86.6,0.));
#7874 = DIRECTION('',(-0.500011000363,0.866019052629,0.));
#7875 = DIRECTION('',(0.866019052629,0.500011000363,0.));
#7876 = PCURVE('',#1144,#7877);
#7877 = DEFINITIONAL_REPRESENTATION('',(#7878),#7882);
#7878 = LINE('',#7879,#7880);
#7879 = CARTESIAN_POINT('',(0.,64.99856998427));
#7880 = VECTOR('',#7881,1.);
#7881 = DIRECTION('',(1.,0.));
#7882 = ( GEOMETRIC_REPRESENTATION_CONTEXT(2) 
PARAMETRIC_REPRESENTATION_CONTEXT() REPRESENTATION_CONTEXT('2D SPACE',''
  ) );
#7883 = PCURVE('',#7354,#7884);
#7884 = DEFINITIONAL_REPRESENTATION('',(#7885),#7889);
#7885 = CIRCLE('',#7886,15.);
#7886 = AXIS2_PLACEMENT_2D('',#7887,#7888);
#7887 = CARTESIAN_POINT('',(0.,0.));
#7888 = DIRECTION('',(1.,0.));
#7889 = ( GEOMETRIC_REPRESENTATION_CONTEXT(2) 
PARAMETRIC_REPRESENTATION_CONTEXT() REPRESENTATION_CONTEXT('2D SPACE',''
  ) );
#7890 = ORIENTED_EDGE('',*,*,#7891,.F.);
#7891 = EDGE_CURVE('',#7892,#7868,#7894,.T.);
#7892 = VERTEX_POINT('',#7893);
#7893 = CARTESIAN_POINT('',(-4.509714210569,37.810165005445,
    3.673940397442E-15));
#7894 = SEAM_CURVE('',#7895,(#7899,#7906),.PCURVE_S1.);
#7895 = LINE('',#7896,#7897);
#7896 = CARTESIAN_POINT('',(-4.509714210569,37.810165005445,
    3.673940397442E-15));
#7897 = VECTOR('',#7898,1.);
#7898 = DIRECTION('',(-0.500011000363,0.866019052629,0.));
#7899 = PCURVE('',#1144,#7900);
#7900 = DEFINITIONAL_REPRESENTATION('',(#7901),#7905);
#7901 = LINE('',#7902,#7903);
#7902 = CARTESIAN_POINT('',(6.28318530718,-0.));
#7903 = VECTOR('',#7904,1.);
#7904 = DIRECTION('',(0.,1.));
#7905 = ( GEOMETRIC_REPRESENTATION_CONTEXT(2) 
PARAMETRIC_REPRESENTATION_CONTEXT() REPRESENTATION_CONTEXT('2D SPACE',''
  ) );
#7906 = PCURVE('',#1144,#7907);
#7907 = DEFINITIONAL_REPRESENTATION('',(#7908),#7912);
#7908 = LINE('',#7909,#7910);
#7909 = CARTESIAN_POINT('',(0.,-0.));
#7910 = VECTOR('',#7911,1.);
#7911 = DIRECTION('',(0.,1.));
#7912 = ( GEOMETRIC_REPRESENTATION_CONTEXT(2) 
PARAMETRIC_REPRESENTATION_CONTEXT() REPRESENTATION_CONTEXT('2D SPACE',''
  ) );
#7913 = ORIENTED_EDGE('',*,*,#7914,.T.);
#7914 = EDGE_CURVE('',#7892,#1130,#7915,.T.);
#7915 = SURFACE_CURVE('',#7916,(#7921,#7928),.PCURVE_S1.);
#7916 = CIRCLE('',#7917,15.);
#7917 = AXIS2_PLACEMENT_3D('',#7918,#7919,#7920);
#7918 = CARTESIAN_POINT('',(-17.5,30.31,0.));
#7919 = DIRECTION('',(-0.500011000363,0.866019052629,0.));
#7920 = DIRECTION('',(0.866019052629,0.500011000363,0.));
#7921 = PCURVE('',#1144,#7922);
#7922 = DEFINITIONAL_REPRESENTATION('',(#7923),#7927);
#7923 = LINE('',#7924,#7925);
#7924 = CARTESIAN_POINT('',(0.,0.));
#7925 = VECTOR('',#7926,1.);
#7926 = DIRECTION('',(1.,0.));
#7927 = ( GEOMETRIC_REPRESENTATION_CONTEXT(2) 
PARAMETRIC_REPRESENTATION_CONTEXT() REPRESENTATION_CONTEXT('2D SPACE',''
  ) );
#7928 = PCURVE('',#1170,#7929);
#7929 = DEFINITIONAL_REPRESENTATION('',(#7930),#7934);
#7930 = CIRCLE('',#7931,15.);
#7931 = AXIS2_PLACEMENT_2D('',#7932,#7933);
#7932 = CARTESIAN_POINT('',(0.,0.));
#7933 = DIRECTION('',(1.,0.));
#7934 = ( GEOMETRIC_REPRESENTATION_CONTEXT(2) 
PARAMETRIC_REPRESENTATION_CONTEXT() REPRESENTATION_CONTEXT('2D SPACE',''
  ) );
#7935 = ORIENTED_EDGE('',*,*,#1129,.T.);
#7936 = ORIENTED_EDGE('',*,*,#7842,.T.);
#7937 = ORIENTED_EDGE('',*,*,#1181,.F.);
#7938 = ORIENTED_EDGE('',*,*,#7939,.T.);
#7939 = EDGE_CURVE('',#1156,#2915,#7940,.T.);
#7940 = SURFACE_CURVE('',#7941,(#7946,#7953),.PCURVE_S1.);
#7941 = CIRCLE('',#7942,15.);
#7942 = AXIS2_PLACEMENT_3D('',#7943,#7944,#7945);
#7943 = CARTESIAN_POINT('',(-17.5,30.31,0.));
#7944 = DIRECTION('',(-0.500011000363,0.866019052629,0.));
#7945 = DIRECTION('',(0.866019052629,0.500011000363,0.));
#7946 = PCURVE('',#1144,#7947);
#7947 = DEFINITIONAL_REPRESENTATION('',(#7948),#7952);
#7948 = LINE('',#7949,#7950);
#7949 = CARTESIAN_POINT('',(0.,0.));
#7950 = VECTOR('',#7951,1.);
#7951 = DIRECTION('',(1.,0.));
#7952 = ( GEOMETRIC_REPRESENTATION_CONTEXT(2) 
PARAMETRIC_REPRESENTATION_CONTEXT() REPRESENTATION_CONTEXT('2D SPACE',''
  ) );
#7953 = PCURVE('',#1170,#7954);
#7954 = DEFINITIONAL_REPRESENTATION('',(#7955),#7959);
#7955 = CIRCLE('',#7956,15.);
#7956 = AXIS2_PLACEMENT_2D('',#7957,#7958);
#7957 = CARTESIAN_POINT('',(0.,0.));
#7958 = DIRECTION('',(1.,0.));
#7959 = ( GEOMETRIC_REPRESENTATION_CONTEXT(2) 
PARAMETRIC_REPRESENTATION_CONTEXT() REPRESENTATION_CONTEXT('2D SPACE',''
  ) );
#7960 = ORIENTED_EDGE('',*,*,#2935,.T.);
#7961 = ORIENTED_EDGE('',*,*,#7962,.T.);
#7962 = EDGE_CURVE('',#2936,#2868,#7963,.T.);
#7963 = SURFACE_CURVE('',#7964,(#7969,#7976),.PCURVE_S1.);
#7964 = CIRCLE('',#7965,15.);
#7965 = AXIS2_PLACEMENT_3D('',#7966,#7967,#7968);
#7966 = CARTESIAN_POINT('',(-20.,34.64,0.));
#7967 = DIRECTION('',(-0.500011000363,0.866019052629,0.));
#7968 = DIRECTION('',(0.866019052629,0.500011000363,0.));
#7969 = PCURVE('',#1144,#7970);
#7970 = DEFINITIONAL_REPRESENTATION('',(#7971),#7975);
#7971 = LINE('',#7972,#7973);
#7972 = CARTESIAN_POINT('',(0.,4.99988999879));
#7973 = VECTOR('',#7974,1.);
#7974 = DIRECTION('',(1.,0.));
#7975 = ( GEOMETRIC_REPRESENTATION_CONTEXT(2) 
PARAMETRIC_REPRESENTATION_CONTEXT() REPRESENTATION_CONTEXT('2D SPACE',''
  ) );
#7976 = PCURVE('',#2882,#7977);
#7977 = DEFINITIONAL_REPRESENTATION('',(#7978),#7982);
#7978 = CIRCLE('',#7979,15.);
#7979 = AXIS2_PLACEMENT_2D('',#7980,#7981);
#7980 = CARTESIAN_POINT('',(0.,0.));
#7981 = DIRECTION('',(1.,0.));
#7982 = ( GEOMETRIC_REPRESENTATION_CONTEXT(2) 
PARAMETRIC_REPRESENTATION_CONTEXT() REPRESENTATION_CONTEXT('2D SPACE',''
  ) );
#7983 = ORIENTED_EDGE('',*,*,#2893,.F.);
#7984 = ORIENTED_EDGE('',*,*,#7985,.T.);
#7985 = EDGE_CURVE('',#2894,#7892,#7986,.T.);
#7986 = SURFACE_CURVE('',#7987,(#7992,#7999),.PCURVE_S1.);
#7987 = CIRCLE('',#7988,15.);
#7988 = AXIS2_PLACEMENT_3D('',#7989,#7990,#7991);
#7989 = CARTESIAN_POINT('',(-17.5,30.31,0.));
#7990 = DIRECTION('',(-0.500011000363,0.866019052629,0.));
#7991 = DIRECTION('',(0.866019052629,0.500011000363,0.));
#7992 = PCURVE('',#1144,#7993);
#7993 = DEFINITIONAL_REPRESENTATION('',(#7994),#7998);
#7994 = LINE('',#7995,#7996);
#7995 = CARTESIAN_POINT('',(0.,0.));
#7996 = VECTOR('',#7997,1.);
#7997 = DIRECTION('',(1.,0.));
#7998 = ( GEOMETRIC_REPRESENTATION_CONTEXT(2) 
PARAMETRIC_REPRESENTATION_CONTEXT() REPRESENTATION_CONTEXT('2D SPACE',''
  ) );
#7999 = PCURVE('',#1170,#8000);
#8000 = DEFINITIONAL_REPRESENTATION('',(#8001),#8005);
#8001 = CIRCLE('',#8002,15.);
#8002 = AXIS2_PLACEMENT_2D('',#8003,#8004);
#8003 = CARTESIAN_POINT('',(0.,0.));
#8004 = DIRECTION('',(1.,0.));
#8005 = ( GEOMETRIC_REPRESENTATION_CONTEXT(2) 
PARAMETRIC_REPRESENTATION_CONTEXT() REPRESENTATION_CONTEXT('2D SPACE',''
  ) );
#8006 = ORIENTED_EDGE('',*,*,#7891,.T.);
#8007 = FACE_BOUND('',#8008,.F.);
#8008 = EDGE_LOOP('',(#8009));
#8009 = ORIENTED_EDGE('',*,*,#8010,.T.);
#8010 = EDGE_CURVE('',#8011,#8011,#8013,.T.);
#8011 = VERTEX_POINT('',#8012);
#8012 = CARTESIAN_POINT('',(-22.9,43.3,-14.8893434547));
#8013 = SURFACE_CURVE('',#8014,(#8065,#8119),.PCURVE_S1.);
#8014 = B_SPLINE_CURVE_WITH_KNOTS('',7,(#8015,#8016,#8017,#8018,#8019,
    #8020,#8021,#8022,#8023,#8024,#8025,#8026,#8027,#8028,#8029,#8030,
    #8031,#8032,#8033,#8034,#8035,#8036,#8037,#8038,#8039,#8040,#8041,
    #8042,#8043,#8044,#8045,#8046,#8047,#8048,#8049,#8050,#8051,#8052,
    #8053,#8054,#8055,#8056,#8057,#8058,#8059,#8060,#8061,#8062,#8063,
    #8064),.UNSPECIFIED.,.T.,.F.,(8,6,6,6,6,6,6,6,8),(0.,0.103297779299,
    0.251772823721,0.382852578021,0.493812379446,0.625074643235,
    0.742258619901,0.855232194209,1.),.UNSPECIFIED.);
#8015 = CARTESIAN_POINT('',(-22.9,43.3,-14.8893434547));
#8016 = CARTESIAN_POINT('',(-22.9,43.461523043934,-14.87947872379));
#8017 = CARTESIAN_POINT('',(-22.91449401909,43.619974046306,
    -14.87081602572));
#8018 = CARTESIAN_POINT('',(-22.94249117228,43.774491095653,
    -14.86362764342));
#8019 = CARTESIAN_POINT('',(-22.98318929689,43.924387090533,
    -14.85809506817));
#8020 = CARTESIAN_POINT('',(-23.03595452167,44.069071700925,
    -14.85433045541));
#8021 = CARTESIAN_POINT('',(-23.10030284638,44.207976116451,
    -14.85238962822));
#8022 = CARTESIAN_POINT('',(-23.28451990397,44.530935850251,
    -14.85211420826));
#8023 = CARTESIAN_POINT('',(-23.41622033983,44.707922118597,
    -14.85572800195));
#8024 = CARTESIAN_POINT('',(-23.56991857785,44.869800709981,
    -14.86311243328));
#8025 = CARTESIAN_POINT('',(-23.74505170917,45.014419227304,
    -14.87404984089));
#8026 = CARTESIAN_POINT('',(-23.9412034182,45.138893877057,
    -14.88809409721));
#8027 = CARTESIAN_POINT('',(-24.15772506753,45.239330484623,
    -14.90441651698));
#8028 = CARTESIAN_POINT('',(-24.60082083488,45.373102842754,
    -14.93692171144));
#8029 = CARTESIAN_POINT('',(-24.82826452917,45.414436781583,
    -14.9532649861));
#8030 = CARTESIAN_POINT('',(-25.07044250624,45.427142327791,
    -14.96947786699));
#8031 = CARTESIAN_POINT('',(-25.3210761674,45.406115666724,
    -14.9838276032));
#8032 = CARTESIAN_POINT('',(-25.57300437621,45.348245096932,
    -14.9944457299));
#8033 = CARTESIAN_POINT('',(-25.81859890476,45.252256751861,-15.));
#8034 = CARTESIAN_POINT('',(-26.24592507639,45.005532634287,-15.));
#8035 = CARTESIAN_POINT('',(-26.42760169438,44.867811895072,
    -14.99602037572));
#8036 = CARTESIAN_POINT('',(-26.59132933901,44.707635945156,
    -14.98806017587));
#8037 = CARTESIAN_POINT('',(-26.73384189415,44.527838878642,
    -14.97657155238));
#8038 = CARTESIAN_POINT('',(-26.85242040377,44.331824420633,
    -14.96243703135));
#8039 = CARTESIAN_POINT('',(-26.94501207937,44.123455718816,
    -14.94682968457));
#8040 = CARTESIAN_POINT('',(-27.08770543865,43.650810813634,
    -14.91217832644));
#8041 = CARTESIAN_POINT('',(-27.12352988333,43.394558215579,
    -14.8938551218));
#8042 = CARTESIAN_POINT('',(-27.12278729066,43.143788168768,
    -14.87781684468));
#8043 = CARTESIAN_POINT('',(-27.08943456387,42.901820833108,
    -14.86519849401));
#8044 = CARTESIAN_POINT('',(-27.0264415342,42.670918875302,
    -14.85658712194));
#8045 = CARTESIAN_POINT('',(-26.9358283452,42.452947094916,
    -14.85227255338));
#8046 = CARTESIAN_POINT('',(-26.71402049017,42.068775889994,
    -14.85227255338));
#8047 = CARTESIAN_POINT('',(-26.58842376503,41.899883717405,
    -14.85571136488));
#8048 = CARTESIAN_POINT('',(-26.44276791836,41.744754474683,
    -14.86257955539));
#8049 = CARTESIAN_POINT('',(-26.2775647418,41.605259462645,
    -14.87269019772));
#8050 = CARTESIAN_POINT('',(-26.09319256473,41.483862609362,
    -14.88566466089));
#8051 = CARTESIAN_POINT('',(-25.89019603403,41.383849786072,
    -14.90081859409));
#8052 = CARTESIAN_POINT('',(-25.45730168367,41.23817086301,
    -14.9327152988));
#8053 = CARTESIAN_POINT('',(-25.22309103605,41.188816170614,
    -14.94978966022));
#8054 = CARTESIAN_POINT('',(-24.97224640505,41.169730231628,
    -14.96699160453));
#8055 = CARTESIAN_POINT('',(-24.71145054973,41.186737893107,
    -14.98241728871));
#8056 = CARTESIAN_POINT('',(-24.44846644598,41.243524444809,
    -14.99394058823));
#8057 = CARTESIAN_POINT('',(-24.19169566949,41.341799498572,-15.));
#8058 = CARTESIAN_POINT('',(-23.64023104758,41.660197086275,-15.));
#8059 = CARTESIAN_POINT('',(-23.38063557587,41.892142943851,
    -14.99004961634));
#8060 = CARTESIAN_POINT('',(-23.17699452373,42.159914276862,
    -14.9718438042));
#8061 = CARTESIAN_POINT('',(-23.030807987,42.448325733829,
    -14.94917505384));
#8062 = CARTESIAN_POINT('',(-22.94033152566,42.74291080199,
    -14.92618894705));
#8063 = CARTESIAN_POINT('',(-22.9,43.030563603317,-14.90579880054));
#8064 = CARTESIAN_POINT('',(-22.9,43.3,-14.8893434547));
#8065 = PCURVE('',#1144,#8066);
#8066 = DEFINITIONAL_REPRESENTATION('',(#8067),#8118);
#8067 = B_SPLINE_CURVE_WITH_KNOTS('',7,(#8068,#8069,#8070,#8071,#8072,
    #8073,#8074,#8075,#8076,#8077,#8078,#8079,#8080,#8081,#8082,#8083,
    #8084,#8085,#8086,#8087,#8088,#8089,#8090,#8091,#8092,#8093,#8094,
    #8095,#8096,#8097,#8098,#8099,#8100,#8101,#8102,#8103,#8104,#8105,
    #8106,#8107,#8108,#8109,#8110,#8111,#8112,#8113,#8114,#8115,#8116,
    #8117),.UNSPECIFIED.,.T.,.F.,(8,6,6,6,6,6,6,6,8),(0.,0.103297779299,
    0.251772823721,0.382852578021,0.493812379446,0.625074643235,
    0.742258619901,0.855232194209,1.),.UNSPECIFIED.);
#8068 = CARTESIAN_POINT('',(1.44925463699,13.949646895608));
#8069 = CARTESIAN_POINT('',(1.443830401931,14.089528929093));
#8070 = CARTESIAN_POINT('',(1.43934816329,14.233997685043));
#8071 = CARTESIAN_POINT('',(1.435781598836,14.381811278304));
#8072 = CARTESIAN_POINT('',(1.433109074146,14.531973575783));
#8073 = CARTESIAN_POINT('',(1.431314889292,14.683656397834));
#8074 = CARTESIAN_POINT('',(1.430390662761,14.836125138383));
#8075 = CARTESIAN_POINT('',(1.430259508599,15.207924976332));
#8076 = CARTESIAN_POINT('',(1.431980455297,15.427050123459));
#8077 = CARTESIAN_POINT('',(1.435492765713,15.644090877558));
#8078 = CARTESIAN_POINT('',(1.440833251634,15.856901761107));
#8079 = CARTESIAN_POINT('',(1.448069175248,16.062777191617));
#8080 = CARTESIAN_POINT('',(1.457285269846,16.258020413837));
#8081 = CARTESIAN_POINT('',(1.478518918931,16.595422582578));
#8082 = CARTESIAN_POINT('',(1.490322279839,16.744942910234));
#8083 = CARTESIAN_POINT('',(1.503921971946,16.877037807907));
#8084 = CARTESIAN_POINT('',(1.51911894102,16.984147906449));
#8085 = CARTESIAN_POINT('',(1.535602158896,17.059997766131));
#8086 = CARTESIAN_POINT('',(1.55298115323,17.09966999637));
#8087 = CARTESIAN_POINT('',(1.585876978507,17.09966999637));
#8088 = CARTESIAN_POINT('',(1.600956814175,17.071241519771));
#8089 = CARTESIAN_POINT('',(1.615754422949,17.014391718746));
#8090 = CARTESIAN_POINT('',(1.629992598528,16.929941878798));
#8091 = CARTESIAN_POINT('',(1.643403514478,16.819480182789));
#8092 = CARTESIAN_POINT('',(1.655738188499,16.685325773389));
#8093 = CARTESIAN_POINT('',(1.679842660766,16.347354529692));
#8094 = CARTESIAN_POINT('',(1.690521142716,16.143347513909));
#8095 = CARTESIAN_POINT('',(1.698905287935,15.925804571039));
#8096 = CARTESIAN_POINT('',(1.705102724553,15.699579517958));
#8097 = CARTESIAN_POINT('',(1.709203138725,15.468116815428));
#8098 = CARTESIAN_POINT('',(1.711257741505,15.234041509402));
#8099 = CARTESIAN_POINT('',(1.711257741505,14.790435558982));
#8100 = CARTESIAN_POINT('',(1.709620200715,14.581371975501));
#8101 = CARTESIAN_POINT('',(1.70634969312,14.374197570083));
#8102 = CARTESIAN_POINT('',(1.70141547174,14.170788826334));
#8103 = CARTESIAN_POINT('',(1.694761328217,13.973468721768));
#8104 = CARTESIAN_POINT('',(1.686315514762,13.785355212908));
#8105 = CARTESIAN_POINT('',(1.666066637471,13.442742552795));
#8106 = CARTESIAN_POINT('',(1.654135914742,13.282892548628));
#8107 = CARTESIAN_POINT('',(1.640244188072,13.140938686948));
#8108 = CARTESIAN_POINT('',(1.624591129523,13.02526684932));
#8109 = CARTESIAN_POINT('',(1.607504460456,12.942950140232));
#8110 = CARTESIAN_POINT('',(1.589403982867,12.89966999637));
#8111 = CARTESIAN_POINT('',(1.54695190515,12.89966999637));
#8112 = CARTESIAN_POINT('',(1.524232552992,12.970738936706));
#8113 = CARTESIAN_POINT('',(1.503527439441,13.10081124665));
#8114 = CARTESIAN_POINT('',(1.485416217633,13.277486186909));
#8115 = CARTESIAN_POINT('',(1.470296855135,13.487363242612));
#8116 = CARTESIAN_POINT('',(1.458302797015,13.716309842608));
#8117 = CARTESIAN_POINT('',(1.44925463699,13.949646895608));
#8118 = ( GEOMETRIC_REPRESENTATION_CONTEXT(2) 
PARAMETRIC_REPRESENTATION_CONTEXT() REPRESENTATION_CONTEXT('2D SPACE',''
  ) );
#8119 = PCURVE('',#7574,#8120);
#8120 = DEFINITIONAL_REPRESENTATION('',(#8121),#8172);
#8121 = B_SPLINE_CURVE_WITH_KNOTS('',7,(#8122,#8123,#8124,#8125,#8126,
    #8127,#8128,#8129,#8130,#8131,#8132,#8133,#8134,#8135,#8136,#8137,
    #8138,#8139,#8140,#8141,#8142,#8143,#8144,#8145,#8146,#8147,#8148,
    #8149,#8150,#8151,#8152,#8153,#8154,#8155,#8156,#8157,#8158,#8159,
    #8160,#8161,#8162,#8163,#8164,#8165,#8166,#8167,#8168,#8169,#8170,
    #8171),.UNSPECIFIED.,.F.,.F.,(8,6,6,6,6,6,6,6,8),(0.,0.103297779299,
    0.251772823721,0.382852578021,0.493812379446,0.625074643235,
    0.742258619901,0.855232194209,1.),.UNSPECIFIED.);
#8122 = CARTESIAN_POINT('',(-8.881784197001E-16,5.110656545296));
#8123 = CARTESIAN_POINT('',(7.691573520677E-02,5.120521276202));
#8124 = CARTESIAN_POINT('',(0.152368784523,5.129183974275));
#8125 = CARTESIAN_POINT('',(0.226690841393,5.136372356574));
#8126 = CARTESIAN_POINT('',(0.300173566696,5.141904931821));
#8127 = CARTESIAN_POINT('',(0.373094336717,5.145669544581));
#8128 = CARTESIAN_POINT('',(0.445731953054,5.147610371776));
#8129 = CARTESIAN_POINT('',(0.622781924837,5.147885791735));
#8130 = CARTESIAN_POINT('',(0.727061784916,5.144271998042));
#8131 = CARTESIAN_POINT('',(0.832143173542,5.136887566714));
#8132 = CARTESIAN_POINT('',(0.938836610426,5.125950159105));
#8133 = CARTESIAN_POINT('',(1.048005884057,5.111905902781));
#8134 = CARTESIAN_POINT('',(1.160534326599,5.095583483017));
#8135 = CARTESIAN_POINT('',(1.380938461094,5.063078288557));
#8136 = CARTESIAN_POINT('',(1.490311625247,5.046735013896));
#8137 = CARTESIAN_POINT('',(1.604263575726,5.030522133002));
#8138 = CARTESIAN_POINT('',(1.721983305101,5.016172396793));
#8139 = CARTESIAN_POINT('',(1.843021076958,5.005554270096));
#8140 = CARTESIAN_POINT('',(1.967156564812,5.));
#8141 = CARTESIAN_POINT('',(2.202126745368,5.));
#8142 = CARTESIAN_POINT('',(2.309839332381,5.003979624279));
#8143 = CARTESIAN_POINT('',(2.417539902923,5.011939824125));
#8144 = CARTESIAN_POINT('',(2.525241796668,5.023428447615));
#8145 = CARTESIAN_POINT('',(2.632960218383,5.037562968646));
#8146 = CARTESIAN_POINT('',(2.740691682772,5.053170315421));
#8147 = CARTESIAN_POINT('',(2.975794111927,5.087821673554));
#8148 = CARTESIAN_POINT('',(3.097542322546,5.1061448782));
#8149 = CARTESIAN_POINT('',(3.215133577025,5.122183155313));
#8150 = CARTESIAN_POINT('',(3.32964171207,5.134801505989));
#8151 = CARTESIAN_POINT('',(3.442134673194,5.143412878053));
#8152 = CARTESIAN_POINT('',(3.553598648964,5.147727446616));
#8153 = CARTESIAN_POINT('',(3.764839577735,5.147727446616));
#8154 = CARTESIAN_POINT('',(3.864393498053,5.144288635115));
#8155 = CARTESIAN_POINT('',(3.96466427851,5.13742044461));
#8156 = CARTESIAN_POINT('',(4.066358846205,5.127309802272));
#8157 = CARTESIAN_POINT('',(4.170224729721,5.114335339108));
#8158 = CARTESIAN_POINT('',(4.277031200918,5.099181405907));
#8159 = CARTESIAN_POINT('',(4.49453083847,5.067284701199));
#8160 = CARTESIAN_POINT('',(4.60773087595,5.050210339774));
#8161 = CARTESIAN_POINT('',(4.725827824225,5.033008395469));
#8162 = CARTESIAN_POINT('',(4.847991458775,5.017582711289));
#8163 = CARTESIAN_POINT('',(4.973799674866,5.006059411762));
#8164 = CARTESIAN_POINT('',(5.103088629066,5.));
#8165 = CARTESIAN_POINT('',(5.406317755617,5.));
#8166 = CARTESIAN_POINT('',(5.568600548168,5.009950383656));
#8167 = CARTESIAN_POINT('',(5.724395221948,5.028156195792));
#8168 = CARTESIAN_POINT('',(5.874172552775,5.050824946155));
#8169 = CARTESIAN_POINT('',(6.017905814216,5.073811052946));
#8170 = CARTESIAN_POINT('',(6.15488226114,5.094201199454));
#8171 = CARTESIAN_POINT('',(6.28318530718,5.110656545296));
#8172 = ( GEOMETRIC_REPRESENTATION_CONTEXT(2) 
PARAMETRIC_REPRESENTATION_CONTEXT() REPRESENTATION_CONTEXT('2D SPACE',''
  ) );
#8173 = FACE_BOUND('',#8174,.F.);
#8174 = EDGE_LOOP('',(#8175));
#8175 = ORIENTED_EDGE('',*,*,#8176,.F.);
#8176 = EDGE_CURVE('',#8177,#8177,#8179,.T.);
#8177 = VERTEX_POINT('',#8178);
#8178 = CARTESIAN_POINT('',(-22.9,43.3,14.889343454704));
#8179 = SURFACE_CURVE('',#8180,(#8231,#8285),.PCURVE_S1.);
#8180 = B_SPLINE_CURVE_WITH_KNOTS('',7,(#8181,#8182,#8183,#8184,#8185,
    #8186,#8187,#8188,#8189,#8190,#8191,#8192,#8193,#8194,#8195,#8196,
    #8197,#8198,#8199,#8200,#8201,#8202,#8203,#8204,#8205,#8206,#8207,
    #8208,#8209,#8210,#8211,#8212,#8213,#8214,#8215,#8216,#8217,#8218,
    #8219,#8220,#8221,#8222,#8223,#8224,#8225,#8226,#8227,#8228,#8229,
    #8230),.UNSPECIFIED.,.T.,.F.,(8,6,6,6,6,6,6,6,8),(0.,0.103297777141,
    0.251772818463,0.382852570026,0.493812369133,0.625074630181,
    0.742258608202,0.855232187638,1.),.UNSPECIFIED.);
#8181 = CARTESIAN_POINT('',(-22.9,43.3,14.889343454704));
#8182 = CARTESIAN_POINT('',(-22.9,43.461523043934,14.879478723798));
#8183 = CARTESIAN_POINT('',(-22.91449401909,43.619974046306,
    14.870816025725));
#8184 = CARTESIAN_POINT('',(-22.94249117228,43.774491095653,
    14.863627643426));
#8185 = CARTESIAN_POINT('',(-22.98318929689,43.924387090533,
    14.858095068179));
#8186 = CARTESIAN_POINT('',(-23.03595452167,44.069071700925,
    14.854330455419));
#8187 = CARTESIAN_POINT('',(-23.10030284638,44.207976116451,
    14.852389628224));
#8188 = CARTESIAN_POINT('',(-23.28451990397,44.530935850251,
    14.852114208265));
#8189 = CARTESIAN_POINT('',(-23.41622033983,44.707922118597,
    14.855728001958));
#8190 = CARTESIAN_POINT('',(-23.56991857785,44.869800709981,
    14.863112433286));
#8191 = CARTESIAN_POINT('',(-23.74505170917,45.014419227304,
    14.874049840895));
#8192 = CARTESIAN_POINT('',(-23.9412034182,45.138893877057,
    14.888094097219));
#8193 = CARTESIAN_POINT('',(-24.15772506753,45.239330484623,
    14.904416516982));
#8194 = CARTESIAN_POINT('',(-24.60082083488,45.373102842754,
    14.936921711443));
#8195 = CARTESIAN_POINT('',(-24.82826452917,45.414436781583,
    14.953264986104));
#8196 = CARTESIAN_POINT('',(-25.07044250624,45.427142327791,
    14.969477866998));
#8197 = CARTESIAN_POINT('',(-25.3210761674,45.406115666724,
    14.983827603207));
#8198 = CARTESIAN_POINT('',(-25.57300437621,45.348245096932,
    14.994445729905));
#8199 = CARTESIAN_POINT('',(-25.81859890476,45.252256751861,15.));
#8200 = CARTESIAN_POINT('',(-26.24592507639,45.005532634287,15.));
#8201 = CARTESIAN_POINT('',(-26.42760169438,44.867811895072,
    14.996020375721));
#8202 = CARTESIAN_POINT('',(-26.59132933901,44.707635945156,
    14.988060175875));
#8203 = CARTESIAN_POINT('',(-26.73384189415,44.527838878642,
    14.976571552385));
#8204 = CARTESIAN_POINT('',(-26.85242040377,44.331824420633,
    14.962437031354));
#8205 = CARTESIAN_POINT('',(-26.94501207937,44.123455718816,
    14.946829684579));
#8206 = CARTESIAN_POINT('',(-27.08770543865,43.650810813634,
    14.912178326446));
#8207 = CARTESIAN_POINT('',(-27.12352988333,43.394558215579,
    14.8938551218));
#8208 = CARTESIAN_POINT('',(-27.12278729066,43.143788168768,
    14.877816844687));
#8209 = CARTESIAN_POINT('',(-27.08943456387,42.901820833108,
    14.865198494011));
#8210 = CARTESIAN_POINT('',(-27.0264415342,42.670918875302,
    14.856587121947));
#8211 = CARTESIAN_POINT('',(-26.9358283452,42.452947094917,
    14.852272553384));
#8212 = CARTESIAN_POINT('',(-26.71402048677,42.068775884115,
    14.852272553384));
#8213 = CARTESIAN_POINT('',(-26.58842377183,41.899883732622,
    14.855711365038));
#8214 = CARTESIAN_POINT('',(-26.44276791941,41.744754460249,
    14.862579554569));
#8215 = CARTESIAN_POINT('',(-26.2775647256,41.605259465118,
    14.872690199344));
#8216 = CARTESIAN_POINT('',(-26.09319258319,41.483862613962,
    14.885664659428));
#8217 = CARTESIAN_POINT('',(-25.89019602658,41.383849783562,
    14.900818594643));
#8218 = CARTESIAN_POINT('',(-25.45730168367,41.23817086301,
    14.932715298801));
#8219 = CARTESIAN_POINT('',(-25.22309103605,41.188816170614,
    14.949789660226));
#8220 = CARTESIAN_POINT('',(-24.97224640505,41.169730231628,
    14.966991604531));
#8221 = CARTESIAN_POINT('',(-24.71145054973,41.186737893107,
    14.982417288711));
#8222 = CARTESIAN_POINT('',(-24.44846644598,41.243524444809,
    14.993940588238));
#8223 = CARTESIAN_POINT('',(-24.19169566949,41.341799498572,15.));
#8224 = CARTESIAN_POINT('',(-23.64023104758,41.660197086275,15.));
#8225 = CARTESIAN_POINT('',(-23.38063557587,41.89214294385,
    14.990049616344));
#8226 = CARTESIAN_POINT('',(-23.17699452373,42.159914276862,
    14.971843804208));
#8227 = CARTESIAN_POINT('',(-23.03080798701,42.448325733829,
    14.949175053845));
#8228 = CARTESIAN_POINT('',(-22.94033152566,42.742910801989,
    14.926188947054));
#8229 = CARTESIAN_POINT('',(-22.9,43.030563603317,14.905798800546));
#8230 = CARTESIAN_POINT('',(-22.9,43.3,14.889343454704));
#8231 = PCURVE('',#1144,#8232);
#8232 = DEFINITIONAL_REPRESENTATION('',(#8233),#8284);
#8233 = B_SPLINE_CURVE_WITH_KNOTS('',7,(#8234,#8235,#8236,#8237,#8238,
    #8239,#8240,#8241,#8242,#8243,#8244,#8245,#8246,#8247,#8248,#8249,
    #8250,#8251,#8252,#8253,#8254,#8255,#8256,#8257,#8258,#8259,#8260,
    #8261,#8262,#8263,#8264,#8265,#8266,#8267,#8268,#8269,#8270,#8271,
    #8272,#8273,#8274,#8275,#8276,#8277,#8278,#8279,#8280,#8281,#8282,
    #8283),.UNSPECIFIED.,.T.,.F.,(8,6,6,6,6,6,6,6,8),(0.,0.103297777141,
    0.251772818463,0.382852570026,0.493812369133,0.625074630181,
    0.742258608202,0.855232187638,1.),.UNSPECIFIED.);
#8234 = CARTESIAN_POINT('',(4.833930670189,13.949646895608));
#8235 = CARTESIAN_POINT('',(4.839354905249,14.089528929093));
#8236 = CARTESIAN_POINT('',(4.84383714389,14.233997685043));
#8237 = CARTESIAN_POINT('',(4.847403708343,14.381811278304));
#8238 = CARTESIAN_POINT('',(4.850076233033,14.531973575783));
#8239 = CARTESIAN_POINT('',(4.851870417888,14.683656397834));
#8240 = CARTESIAN_POINT('',(4.852794644419,14.836125138383));
#8241 = CARTESIAN_POINT('',(4.85292579858,15.207924976332));
#8242 = CARTESIAN_POINT('',(4.851204851882,15.427050123459));
#8243 = CARTESIAN_POINT('',(4.847692541467,15.644090877559));
#8244 = CARTESIAN_POINT('',(4.842352055546,15.856901761106));
#8245 = CARTESIAN_POINT('',(4.835116131931,16.062777191618));
#8246 = CARTESIAN_POINT('',(4.825900037333,16.258020413837));
#8247 = CARTESIAN_POINT('',(4.804666388248,16.595422582578));
#8248 = CARTESIAN_POINT('',(4.792863027341,16.744942910234));
#8249 = CARTESIAN_POINT('',(4.779263335234,16.877037807907));
#8250 = CARTESIAN_POINT('',(4.764066366159,16.984147906449));
#8251 = CARTESIAN_POINT('',(4.747583148284,17.059997766131));
#8252 = CARTESIAN_POINT('',(4.73020415395,17.09966999637));
#8253 = CARTESIAN_POINT('',(4.697308328672,17.09966999637));
#8254 = CARTESIAN_POINT('',(4.682228493005,17.071241519771));
#8255 = CARTESIAN_POINT('',(4.66743088423,17.014391718746));
#8256 = CARTESIAN_POINT('',(4.653192708652,16.929941878798));
#8257 = CARTESIAN_POINT('',(4.639781792701,16.819480182789));
#8258 = CARTESIAN_POINT('',(4.62744711868,16.685325773389));
#8259 = CARTESIAN_POINT('',(4.603342646414,16.347354529692));
#8260 = CARTESIAN_POINT('',(4.592664164464,16.143347513909));
#8261 = CARTESIAN_POINT('',(4.584280019245,15.92580457104));
#8262 = CARTESIAN_POINT('',(4.578082582626,15.699579517958));
#8263 = CARTESIAN_POINT('',(4.573982168454,15.468116815428));
#8264 = CARTESIAN_POINT('',(4.571927565675,15.234041509402));
#8265 = CARTESIAN_POINT('',(4.571927565675,14.790435552194));
#8266 = CARTESIAN_POINT('',(4.57356510658,14.581371992081));
#8267 = CARTESIAN_POINT('',(4.576835613515,14.374197558109));
#8268 = CARTESIAN_POINT('',(4.581769836463,14.170788820378));
#8269 = CARTESIAN_POINT('',(4.588423978045,13.973468734982));
#8270 = CARTESIAN_POINT('',(4.596869792766,13.785355207006));
#8271 = CARTESIAN_POINT('',(4.617118669708,13.442742552795));
#8272 = CARTESIAN_POINT('',(4.629049392438,13.282892548628));
#8273 = CARTESIAN_POINT('',(4.642941119107,13.140938686949));
#8274 = CARTESIAN_POINT('',(4.658594177657,13.02526684932));
#8275 = CARTESIAN_POINT('',(4.675680846724,12.942950140232));
#8276 = CARTESIAN_POINT('',(4.693781324312,12.89966999637));
#8277 = CARTESIAN_POINT('',(4.736233402029,12.89966999637));
#8278 = CARTESIAN_POINT('',(4.758952754187,12.970738936706));
#8279 = CARTESIAN_POINT('',(4.779657867738,13.100811246649));
#8280 = CARTESIAN_POINT('',(4.797769089546,13.27748618691));
#8281 = CARTESIAN_POINT('',(4.812888452045,13.487363242612));
#8282 = CARTESIAN_POINT('',(4.824882510165,13.716309842608));
#8283 = CARTESIAN_POINT('',(4.833930670189,13.949646895608));
#8284 = ( GEOMETRIC_REPRESENTATION_CONTEXT(2) 
PARAMETRIC_REPRESENTATION_CONTEXT() REPRESENTATION_CONTEXT('2D SPACE',''
  ) );
#8285 = PCURVE('',#7769,#8286);
#8286 = DEFINITIONAL_REPRESENTATION('',(#8287),#8338);
#8287 = B_SPLINE_CURVE_WITH_KNOTS('',7,(#8288,#8289,#8290,#8291,#8292,
    #8293,#8294,#8295,#8296,#8297,#8298,#8299,#8300,#8301,#8302,#8303,
    #8304,#8305,#8306,#8307,#8308,#8309,#8310,#8311,#8312,#8313,#8314,
    #8315,#8316,#8317,#8318,#8319,#8320,#8321,#8322,#8323,#8324,#8325,
    #8326,#8327,#8328,#8329,#8330,#8331,#8332,#8333,#8334,#8335,#8336,
    #8337),.UNSPECIFIED.,.F.,.F.,(8,6,6,6,6,6,6,6,8),(0.,0.103297777141,
    0.251772818463,0.382852570026,0.493812369133,0.625074630181,
    0.742258608202,0.855232187638,1.),.UNSPECIFIED.);
#8288 = CARTESIAN_POINT('',(-8.881784197001E-16,34.889343454704));
#8289 = CARTESIAN_POINT('',(7.691573520683E-02,34.879478723798));
#8290 = CARTESIAN_POINT('',(0.152368784523,34.870816025725));
#8291 = CARTESIAN_POINT('',(0.226690841393,34.863627643426));
#8292 = CARTESIAN_POINT('',(0.300173566696,34.858095068179));
#8293 = CARTESIAN_POINT('',(0.373094336717,34.854330455419));
#8294 = CARTESIAN_POINT('',(0.445731953054,34.852389628224));
#8295 = CARTESIAN_POINT('',(0.622781924837,34.852114208265));
#8296 = CARTESIAN_POINT('',(0.727061784915,34.855728001958));
#8297 = CARTESIAN_POINT('',(0.832143173542,34.863112433286));
#8298 = CARTESIAN_POINT('',(0.938836610426,34.874049840895));
#8299 = CARTESIAN_POINT('',(1.048005884057,34.888094097219));
#8300 = CARTESIAN_POINT('',(1.160534326599,34.904416516983));
#8301 = CARTESIAN_POINT('',(1.380938461094,34.936921711443));
#8302 = CARTESIAN_POINT('',(1.490311625248,34.953264986104));
#8303 = CARTESIAN_POINT('',(1.604263575726,34.969477866998));
#8304 = CARTESIAN_POINT('',(1.721983305101,34.983827603207));
#8305 = CARTESIAN_POINT('',(1.843021076958,34.994445729905));
#8306 = CARTESIAN_POINT('',(1.967156564812,35.));
#8307 = CARTESIAN_POINT('',(2.202126745368,35.));
#8308 = CARTESIAN_POINT('',(2.309839332381,34.996020375721));
#8309 = CARTESIAN_POINT('',(2.417539902923,34.988060175875));
#8310 = CARTESIAN_POINT('',(2.525241796668,34.976571552385));
#8311 = CARTESIAN_POINT('',(2.632960218383,34.962437031354));
#8312 = CARTESIAN_POINT('',(2.740691682772,34.946829684579));
#8313 = CARTESIAN_POINT('',(2.975794111926,34.912178326446));
#8314 = CARTESIAN_POINT('',(3.097542322546,34.8938551218));
#8315 = CARTESIAN_POINT('',(3.215133577024,34.877816844687));
#8316 = CARTESIAN_POINT('',(3.329641712071,34.865198494011));
#8317 = CARTESIAN_POINT('',(3.442134673193,34.856587121947));
#8318 = CARTESIAN_POINT('',(3.553598648964,34.852272553384));
#8319 = CARTESIAN_POINT('',(3.764839580967,34.852272553384));
#8320 = CARTESIAN_POINT('',(3.864393490563,34.855711365039));
#8321 = CARTESIAN_POINT('',(3.964664282635,34.862579554569));
#8322 = CARTESIAN_POINT('',(4.066358851759,34.872690199344));
#8323 = CARTESIAN_POINT('',(4.170224721035,34.885664659428));
#8324 = CARTESIAN_POINT('',(4.277031204665,34.900818594643));
#8325 = CARTESIAN_POINT('',(4.49453083847,34.932715298801));
#8326 = CARTESIAN_POINT('',(4.607730875951,34.949789660226));
#8327 = CARTESIAN_POINT('',(4.725827824225,34.966991604531));
#8328 = CARTESIAN_POINT('',(4.847991458776,34.982417288711));
#8329 = CARTESIAN_POINT('',(4.973799674866,34.993940588238));
#8330 = CARTESIAN_POINT('',(5.103088629066,35.));
#8331 = CARTESIAN_POINT('',(5.406317755617,35.));
#8332 = CARTESIAN_POINT('',(5.568600548167,34.990049616344));
#8333 = CARTESIAN_POINT('',(5.724395221949,34.971843804208));
#8334 = CARTESIAN_POINT('',(5.874172552774,34.949175053845));
#8335 = CARTESIAN_POINT('',(6.017905814217,34.926188947054));
#8336 = CARTESIAN_POINT('',(6.15488226114,34.905798800546));
#8337 = CARTESIAN_POINT('',(6.28318530718,34.889343454704));
#8338 = ( GEOMETRIC_REPRESENTATION_CONTEXT(2) 
PARAMETRIC_REPRESENTATION_CONTEXT() REPRESENTATION_CONTEXT('2D SPACE',''
  ) );
#8339 = ADVANCED_FACE('',(#8340),#1170,.T.);
#8340 = FACE_BOUND('',#8341,.T.);
#8341 = EDGE_LOOP('',(#8342,#8343,#8344,#8345,#8346));
#8342 = ORIENTED_EDGE('',*,*,#7985,.T.);
#8343 = ORIENTED_EDGE('',*,*,#7914,.T.);
#8344 = ORIENTED_EDGE('',*,*,#1155,.T.);
#8345 = ORIENTED_EDGE('',*,*,#7939,.T.);
#8346 = ORIENTED_EDGE('',*,*,#2914,.F.);
#8347 = ADVANCED_FACE('',(#8348),#1065,.T.);
#8348 = FACE_BOUND('',#8349,.T.);
#8349 = EDGE_LOOP('',(#8350,#8351,#8393,#8394,#8395));
#8350 = ORIENTED_EDGE('',*,*,#2822,.F.);
#8351 = ORIENTED_EDGE('',*,*,#8352,.F.);
#8352 = EDGE_CURVE('',#1028,#2802,#8353,.T.);
#8353 = SURFACE_CURVE('',#8354,(#8365,#8379),.PCURVE_S1.);
#8354 = B_SPLINE_CURVE_WITH_KNOTS('',5,(#8355,#8356,#8357,#8358,#8359,
    #8360,#8361,#8362,#8363,#8364),.UNSPECIFIED.,.F.,.F.,(6,4,6),(0.,
    0.499999965155,1.),.UNSPECIFIED.);
#8355 = CARTESIAN_POINT('',(33.237401577589,90.062617863185,
    -5.000000596126));
#8356 = CARTESIAN_POINT('',(32.949281644902,90.168947860385,
    -4.016395709189));
#8357 = CARTESIAN_POINT('',(32.734385653858,90.246946473647,
    -3.020120922816));
#8358 = CARTESIAN_POINT('',(32.591546585105,90.298377640162,
    -2.016037744391));
#8359 = CARTESIAN_POINT('',(32.520116784439,90.32409426242,
    -1.008052301828));
#8360 = CARTESIAN_POINT('',(32.520116784439,90.32409426242,
    1.008052442329));
#8361 = CARTESIAN_POINT('',(32.591546603244,90.298377631617,
    2.016037330155));
#8362 = CARTESIAN_POINT('',(32.734385524499,90.246946523643,
    3.020120834914));
#8363 = CARTESIAN_POINT('',(32.949281839036,90.16894778874,
    4.016396371943));
#8364 = CARTESIAN_POINT('',(33.237401577583,90.062617863187,
    5.000000596117));
#8365 = PCURVE('',#1065,#8366);
#8366 = DEFINITIONAL_REPRESENTATION('',(#8367),#8378);
#8367 = B_SPLINE_CURVE_WITH_KNOTS('',5,(#8368,#8369,#8370,#8371,#8372,
    #8373,#8374,#8375,#8376,#8377),.UNSPECIFIED.,.F.,.F.,(6,4,6),(0.,
    0.499999965155,1.),.UNSPECIFIED.);
#8368 = CARTESIAN_POINT('',(1.217254299712,-6.E-07));
#8369 = CARTESIAN_POINT('',(1.220453406506,0.983604286937));
#8370 = CARTESIAN_POINT('',(1.222834763518,1.979879087096));
#8371 = CARTESIAN_POINT('',(1.224416191462,2.983962249961));
#8372 = CARTESIAN_POINT('',(1.225207003149,3.991947698172));
#8373 = CARTESIAN_POINT('',(1.225207003149,6.008052442329));
#8374 = CARTESIAN_POINT('',(1.224416191251,7.016037335659));
#8375 = CARTESIAN_POINT('',(1.222834764967,8.020120825173));
#8376 = CARTESIAN_POINT('',(1.22045340435,9.016396375826));
#8377 = CARTESIAN_POINT('',(1.217254299712,10.0000006));
#8378 = ( GEOMETRIC_REPRESENTATION_CONTEXT(2) 
PARAMETRIC_REPRESENTATION_CONTEXT() REPRESENTATION_CONTEXT('2D SPACE',''
  ) );
#8379 = PCURVE('',#896,#8380);
#8380 = DEFINITIONAL_REPRESENTATION('',(#8381),#8392);
#8381 = B_SPLINE_CURVE_WITH_KNOTS('',5,(#8382,#8383,#8384,#8385,#8386,
    #8387,#8388,#8389,#8390,#8391),.UNSPECIFIED.,.F.,.F.,(6,4,6),(0.,
    0.499999965155,1.),.UNSPECIFIED.);
#8382 = CARTESIAN_POINT('',(2.843060415954,54.615889421097));
#8383 = CARTESIAN_POINT('',(2.903597112667,54.563910088771));
#8384 = CARTESIAN_POINT('',(2.96350398852,54.524008014479));
#8385 = CARTESIAN_POINT('',(3.023002242162,54.497127278921));
#8386 = CARTESIAN_POINT('',(3.082295459365,54.483682677679));
#8387 = CARTESIAN_POINT('',(3.20088985608,54.483682677679));
#8388 = CARTESIAN_POINT('',(3.260183041282,54.497127280591));
#8389 = CARTESIAN_POINT('',(3.319681311758,54.524007993095));
#8390 = CARTESIAN_POINT('',(3.379588235302,54.563910123795));
#8391 = CARTESIAN_POINT('',(3.440124891224,54.615889421096));
#8392 = ( GEOMETRIC_REPRESENTATION_CONTEXT(2) 
PARAMETRIC_REPRESENTATION_CONTEXT() REPRESENTATION_CONTEXT('2D SPACE',''
  ) );
#8393 = ORIENTED_EDGE('',*,*,#1048,.T.);
#8394 = ORIENTED_EDGE('',*,*,#7367,.F.);
#8395 = ORIENTED_EDGE('',*,*,#7284,.F.);
#8396 = ADVANCED_FACE('',(#8397,#8501,#8696),#896,.T.);
#8397 = FACE_BOUND('',#8398,.T.);
#8398 = EDGE_LOOP('',(#8399,#8400,#8423,#8450,#8451,#8452,#8453,#8475,
    #8476,#8477,#8478,#8500));
#8399 = ORIENTED_EDGE('',*,*,#3967,.T.);
#8400 = ORIENTED_EDGE('',*,*,#8401,.T.);
#8401 = EDGE_CURVE('',#3936,#8402,#8404,.T.);
#8402 = VERTEX_POINT('',#8403);
#8403 = CARTESIAN_POINT('',(64.722323894689,78.099812993829,
    4.163799117101E-15));
#8404 = SEAM_CURVE('',#8405,(#8409,#8416),.PCURVE_S1.);
#8405 = LINE('',#8406,#8407);
#8406 = CARTESIAN_POINT('',(34.722323894689,26.139812993829,
    4.163799117101E-15));
#8407 = VECTOR('',#8408,1.);
#8408 = DIRECTION('',(0.500011000363,0.866019052629,0.));
#8409 = PCURVE('',#896,#8410);
#8410 = DEFINITIONAL_REPRESENTATION('',(#8411),#8415);
#8411 = LINE('',#8412,#8413);
#8412 = CARTESIAN_POINT('',(0.,-0.));
#8413 = VECTOR('',#8414,1.);
#8414 = DIRECTION('',(0.,1.));
#8415 = ( GEOMETRIC_REPRESENTATION_CONTEXT(2) 
PARAMETRIC_REPRESENTATION_CONTEXT() REPRESENTATION_CONTEXT('2D SPACE',''
  ) );
#8416 = PCURVE('',#896,#8417);
#8417 = DEFINITIONAL_REPRESENTATION('',(#8418),#8422);
#8418 = LINE('',#8419,#8420);
#8419 = CARTESIAN_POINT('',(6.28318530718,-0.));
#8420 = VECTOR('',#8421,1.);
#8421 = DIRECTION('',(0.,1.));
#8422 = ( GEOMETRIC_REPRESENTATION_CONTEXT(2) 
PARAMETRIC_REPRESENTATION_CONTEXT() REPRESENTATION_CONTEXT('2D SPACE',''
  ) );
#8423 = ORIENTED_EDGE('',*,*,#8424,.F.);
#8424 = EDGE_CURVE('',#8402,#8402,#8425,.T.);
#8425 = SURFACE_CURVE('',#8426,(#8431,#8438),.PCURVE_S1.);
#8426 = CIRCLE('',#8427,17.);
#8427 = AXIS2_PLACEMENT_3D('',#8428,#8429,#8430);
#8428 = CARTESIAN_POINT('',(50.,86.6,0.));
#8429 = DIRECTION('',(0.500011000363,0.866019052629,0.));
#8430 = DIRECTION('',(0.866019052629,-0.500011000363,0.));
#8431 = PCURVE('',#896,#8432);
#8432 = DEFINITIONAL_REPRESENTATION('',(#8433),#8437);
#8433 = LINE('',#8434,#8435);
#8434 = CARTESIAN_POINT('',(0.,59.99867998548));
#8435 = VECTOR('',#8436,1.);
#8436 = DIRECTION('',(1.,0.));
#8437 = ( GEOMETRIC_REPRESENTATION_CONTEXT(2) 
PARAMETRIC_REPRESENTATION_CONTEXT() REPRESENTATION_CONTEXT('2D SPACE',''
  ) );
#8438 = PCURVE('',#8439,#8444);
#8439 = PLANE('',#8440);
#8440 = AXIS2_PLACEMENT_3D('',#8441,#8442,#8443);
#8441 = CARTESIAN_POINT('',(50.,86.6,0.));
#8442 = DIRECTION('',(0.500011000363,0.866019052629,0.));
#8443 = DIRECTION('',(0.866019052629,-0.500011000363,0.));
#8444 = DEFINITIONAL_REPRESENTATION('',(#8445),#8449);
#8445 = CIRCLE('',#8446,17.);
#8446 = AXIS2_PLACEMENT_2D('',#8447,#8448);
#8447 = CARTESIAN_POINT('',(0.,0.));
#8448 = DIRECTION('',(1.,0.));
#8449 = ( GEOMETRIC_REPRESENTATION_CONTEXT(2) 
PARAMETRIC_REPRESENTATION_CONTEXT() REPRESENTATION_CONTEXT('2D SPACE',''
  ) );
#8450 = ORIENTED_EDGE('',*,*,#8401,.F.);
#8451 = ORIENTED_EDGE('',*,*,#3935,.T.);
#8452 = ORIENTED_EDGE('',*,*,#881,.F.);
#8453 = ORIENTED_EDGE('',*,*,#8454,.T.);
#8454 = EDGE_CURVE('',#882,#1007,#8455,.T.);
#8455 = SURFACE_CURVE('',#8456,(#8461,#8468),.PCURVE_S1.);
#8456 = CIRCLE('',#8457,17.);
#8457 = AXIS2_PLACEMENT_3D('',#8458,#8459,#8460);
#8458 = CARTESIAN_POINT('',(20.,34.64,0.));
#8459 = DIRECTION('',(0.500011000363,0.866019052629,0.));
#8460 = DIRECTION('',(0.866019052629,-0.500011000363,0.));
#8461 = PCURVE('',#896,#8462);
#8462 = DEFINITIONAL_REPRESENTATION('',(#8463),#8467);
#8463 = LINE('',#8464,#8465);
#8464 = CARTESIAN_POINT('',(0.,0.));
#8465 = VECTOR('',#8466,1.);
#8466 = DIRECTION('',(1.,0.));
#8467 = ( GEOMETRIC_REPRESENTATION_CONTEXT(2) 
PARAMETRIC_REPRESENTATION_CONTEXT() REPRESENTATION_CONTEXT('2D SPACE',''
  ) );
#8468 = PCURVE('',#922,#8469);
#8469 = DEFINITIONAL_REPRESENTATION('',(#8470),#8474);
#8470 = CIRCLE('',#8471,17.);
#8471 = AXIS2_PLACEMENT_2D('',#8472,#8473);
#8472 = CARTESIAN_POINT('',(0.,0.));
#8473 = DIRECTION('',(1.,0.));
#8474 = ( GEOMETRIC_REPRESENTATION_CONTEXT(2) 
PARAMETRIC_REPRESENTATION_CONTEXT() REPRESENTATION_CONTEXT('2D SPACE',''
  ) );
#8475 = ORIENTED_EDGE('',*,*,#1027,.T.);
#8476 = ORIENTED_EDGE('',*,*,#8352,.T.);
#8477 = ORIENTED_EDGE('',*,*,#2801,.F.);
#8478 = ORIENTED_EDGE('',*,*,#8479,.T.);
#8479 = EDGE_CURVE('',#2781,#2671,#8480,.T.);
#8480 = SURFACE_CURVE('',#8481,(#8486,#8493),.PCURVE_S1.);
#8481 = CIRCLE('',#8482,17.);
#8482 = AXIS2_PLACEMENT_3D('',#8483,#8484,#8485);
#8483 = CARTESIAN_POINT('',(20.,34.64,0.));
#8484 = DIRECTION('',(0.500011000363,0.866019052629,0.));
#8485 = DIRECTION('',(0.866019052629,-0.500011000363,0.));
#8486 = PCURVE('',#896,#8487);
#8487 = DEFINITIONAL_REPRESENTATION('',(#8488),#8492);
#8488 = LINE('',#8489,#8490);
#8489 = CARTESIAN_POINT('',(0.,0.));
#8490 = VECTOR('',#8491,1.);
#8491 = DIRECTION('',(1.,0.));
#8492 = ( GEOMETRIC_REPRESENTATION_CONTEXT(2) 
PARAMETRIC_REPRESENTATION_CONTEXT() REPRESENTATION_CONTEXT('2D SPACE',''
  ) );
#8493 = PCURVE('',#2706,#8494);
#8494 = DEFINITIONAL_REPRESENTATION('',(#8495),#8499);
#8495 = CIRCLE('',#8496,17.);
#8496 = AXIS2_PLACEMENT_2D('',#8497,#8498);
#8497 = CARTESIAN_POINT('',(0.,0.));
#8498 = DIRECTION('',(1.,0.));
#8499 = ( GEOMETRIC_REPRESENTATION_CONTEXT(2) 
PARAMETRIC_REPRESENTATION_CONTEXT() REPRESENTATION_CONTEXT('2D SPACE',''
  ) );
#8500 = ORIENTED_EDGE('',*,*,#2670,.T.);
#8501 = FACE_BOUND('',#8502,.T.);
#8502 = EDGE_LOOP('',(#8503));
#8503 = ORIENTED_EDGE('',*,*,#8504,.T.);
#8504 = EDGE_CURVE('',#8505,#8505,#8507,.T.);
#8505 = VERTEX_POINT('',#8506);
#8506 = CARTESIAN_POINT('',(27.1,43.3,-16.90244208722));
#8507 = SURFACE_CURVE('',#8508,(#8567,#8629),.PCURVE_S1.);
#8508 = B_SPLINE_CURVE_WITH_KNOTS('',8,(#8509,#8510,#8511,#8512,#8513,
    #8514,#8515,#8516,#8517,#8518,#8519,#8520,#8521,#8522,#8523,#8524,
    #8525,#8526,#8527,#8528,#8529,#8530,#8531,#8532,#8533,#8534,#8535,
    #8536,#8537,#8538,#8539,#8540,#8541,#8542,#8543,#8544,#8545,#8546,
    #8547,#8548,#8549,#8550,#8551,#8552,#8553,#8554,#8555,#8556,#8557,
    #8558,#8559,#8560,#8561,#8562,#8563,#8564,#8565,#8566),
  .UNSPECIFIED.,.T.,.F.,(9,7,7,7,7,7,7,7,9),(0.,0.125044467112,
    0.238089472355,0.336885773185,0.429977519602,0.579116351905,
    0.700372626461,0.839119687171,1.),.UNSPECIFIED.);
#8509 = CARTESIAN_POINT('',(27.1,43.3,-16.90244208722));
#8510 = CARTESIAN_POINT('',(27.1,43.491297037733,-16.91273373913));
#8511 = CARTESIAN_POINT('',(27.080084949813,43.688624307189,
    -16.92457965196));
#8512 = CARTESIAN_POINT('',(27.038055613729,43.889610816791,
    -16.93759526021));
#8513 = CARTESIAN_POINT('',(26.971946717194,44.091416779373,
    -16.95118574925));
#8514 = CARTESIAN_POINT('',(26.880046846227,44.290712004739,
    -16.96455120896));
#8515 = CARTESIAN_POINT('',(26.760939165972,44.483610535372,
    -16.97671331913));
#8516 = CARTESIAN_POINT('',(26.613594576313,44.665516244731,
    -16.98660144082));
#8517 = CARTESIAN_POINT('',(26.278396883791,44.980287829814,
    -16.99923387334));
#8518 = CARTESIAN_POINT('',(26.099368506567,45.112821143128,
    -17.00243717664));
#8519 = CARTESIAN_POINT('',(25.903846362661,45.223601402054,
    -17.00226477477));
#8520 = CARTESIAN_POINT('',(25.696583851896,45.309277677719,
    -16.99851024746));
#8521 = CARTESIAN_POINT('',(25.483255871158,45.368146500687,
    -16.99152589749));
#8522 = CARTESIAN_POINT('',(25.2699950863,45.400356459326,
    -16.98213230301));
#8523 = CARTESIAN_POINT('',(25.062979862534,45.408114420544,
    -16.97137258178));
#8524 = CARTESIAN_POINT('',(24.697858465569,45.385142929347,
    -16.95049290589));
#8525 = CARTESIAN_POINT('',(24.533708329516,45.358941775957,
    -16.940282256));
#8526 = CARTESIAN_POINT('',(24.376613287515,45.318986017124,
    -16.93003162494));
#8527 = CARTESIAN_POINT('',(24.227197316642,45.266788881519,
    -16.92010223738));
#8528 = CARTESIAN_POINT('',(24.085875862948,45.203666835451,
    -16.9107835959));
#8529 = CARTESIAN_POINT('',(23.952928307076,45.130758317148,
    -16.90229824699));
#8530 = CARTESIAN_POINT('',(23.828551616922,45.049037848746,
    -16.8948112332));
#8531 = CARTESIAN_POINT('',(23.60391682554,44.874793243601,
    -16.88244486342));
#8532 = CARTESIAN_POINT('',(23.502614734346,44.783114059935,
    -16.87743605924));
#8533 = CARTESIAN_POINT('',(23.409111875074,44.684942905337,
    -16.87351996451));
#8534 = CARTESIAN_POINT('',(23.323535679115,44.580834329507,
    -16.87076578299));
#8535 = CARTESIAN_POINT('',(23.246033967511,44.471264300927,
    -16.86921535168));
#8536 = CARTESIAN_POINT('',(23.176790999592,44.356651401595,
    -16.86888646823));
#8537 = CARTESIAN_POINT('',(23.116043650644,44.237377417064,
    -16.86977397061));
#8538 = CARTESIAN_POINT('',(22.980877068658,43.915840257803,
    -16.87517220565));
#8539 = CARTESIAN_POINT('',(22.920292872571,43.706957204316,
    -16.88154048028));
#8540 = CARTESIAN_POINT('',(22.883491417315,43.488528809604,
    -16.89083092871));
#8541 = CARTESIAN_POINT('',(22.872273162735,43.261994160972,
    -16.90276558239));
#8542 = CARTESIAN_POINT('',(22.889034323842,43.029261680667,
    -16.91687728011));
#8543 = CARTESIAN_POINT('',(22.936728721256,42.792980812204,
    -16.93240268743));
#8544 = CARTESIAN_POINT('',(23.018790726092,42.556971937527,
    -16.94819123908));
#8545 = CARTESIAN_POINT('',(23.236663007274,42.140207807674,
    -16.97453109237));
#8546 = CARTESIAN_POINT('',(23.36181421666,41.953052188777,
    -16.98578294747));
#8547 = CARTESIAN_POINT('',(23.515264021217,41.775242941887,
    -16.99520261712));
#8548 = CARTESIAN_POINT('',(23.694965313563,41.614960629208,
    -17.00149068899));
#8549 = CARTESIAN_POINT('',(23.896415167486,41.478729987641,
    -17.00369406055));
#8550 = CARTESIAN_POINT('',(24.113346936997,41.371003036567,
    -17.00166129417));
#8551 = CARTESIAN_POINT('',(24.338325108702,41.293731078371,
    -16.99596803578));
#8552 = CARTESIAN_POINT('',(24.820853996324,41.191159991012,
    -16.97804565056));
#8553 = CARTESIAN_POINT('',(25.074016164911,41.175901699151,
    -16.96515550497));
#8554 = CARTESIAN_POINT('',(25.317547862088,41.194869446697,
    -16.9503937955));
#8555 = CARTESIAN_POINT('',(25.548043177975,41.243339350174,
    -16.93515878179));
#8556 = CARTESIAN_POINT('',(25.763217300721,41.317067917641,
    -16.92057149759));
#8557 = CARTESIAN_POINT('',(25.961553877056,41.412273526632,
    -16.90744049254));
#8558 = CARTESIAN_POINT('',(26.142131417119,41.525626407319,
    -16.89631122044));
#8559 = CARTESIAN_POINT('',(26.49253122469,41.803342625816,
    -16.87728114255));
#8560 = CARTESIAN_POINT('',(26.657139702067,41.973827604096,
    -16.87011947138));
#8561 = CARTESIAN_POINT('',(26.79777408409,42.162316655855,
    -16.86652077441));
#8562 = CARTESIAN_POINT('',(26.913778969606,42.366435833417,
    -16.86670777389));
#8563 = CARTESIAN_POINT('',(27.004049173184,42.584239119203,
    -16.870702853));
#8564 = CARTESIAN_POINT('',(27.066911544313,42.813905008056,
    -16.87833403799));
#8565 = CARTESIAN_POINT('',(27.1,43.05342303007,-16.88917641216));
#8566 = CARTESIAN_POINT('',(27.1,43.3,-16.90244208722));
#8567 = PCURVE('',#896,#8568);
#8568 = DEFINITIONAL_REPRESENTATION('',(#8569),#8628);
#8569 = B_SPLINE_CURVE_WITH_KNOTS('',8,(#8570,#8571,#8572,#8573,#8574,
    #8575,#8576,#8577,#8578,#8579,#8580,#8581,#8582,#8583,#8584,#8585,
    #8586,#8587,#8588,#8589,#8590,#8591,#8592,#8593,#8594,#8595,#8596,
    #8597,#8598,#8599,#8600,#8601,#8602,#8603,#8604,#8605,#8606,#8607,
    #8608,#8609,#8610,#8611,#8612,#8613,#8614,#8615,#8616,#8617,#8618,
    #8619,#8620,#8621,#8622,#8623,#8624,#8625,#8626,#8627),
  .UNSPECIFIED.,.T.,.F.,(9,7,7,7,7,7,7,7,9),(0.,0.125044467112,
    0.238089472355,0.336885773185,0.429977519602,0.579116351905,
    0.700372626461,0.839119687171,1.),.UNSPECIFIED.);
#8570 = CARTESIAN_POINT('',(1.463612391922,11.049803098342));
#8571 = CARTESIAN_POINT('',(1.469271374376,11.21546997773));
#8572 = CARTESIAN_POINT('',(1.476125183127,11.376401408516));
#8573 = CARTESIAN_POINT('',(1.484213708908,11.529444424773));
#8574 = CARTESIAN_POINT('',(1.493550523808,11.671157057813));
#8575 = CARTESIAN_POINT('',(1.504121559175,11.797799573663));
#8576 = CARTESIAN_POINT('',(1.515882346105,11.905298226061));
#8577 = CARTESIAN_POINT('',(1.528749991697,11.989158120473));
#8578 = CARTESIAN_POINT('',(1.55509440565,12.094153776825));
#8579 = CARTESIAN_POINT('',(1.568112791355,12.119413993273));
#8580 = CARTESIAN_POINT('',(1.581328853282,12.11758858539));
#8581 = CARTESIAN_POINT('',(1.594405816904,12.08815233713));
#8582 = CARTESIAN_POINT('',(1.607008689085,12.032467522371));
#8583 = CARTESIAN_POINT('',(1.618831580672,11.953729221863));
#8584 = CARTESIAN_POINT('',(1.629623646317,11.856937874961));
#8585 = CARTESIAN_POINT('',(1.647590152559,11.654479410967));
#8586 = CARTESIAN_POINT('',(1.655204998316,11.549711839193));
#8587 = CARTESIAN_POINT('',(1.662058731332,11.436560141678));
#8588 = CARTESIAN_POINT('',(1.668162794205,11.316646798685));
#8589 = CARTESIAN_POINT('',(1.673533351728,11.191319622714));
#8590 = CARTESIAN_POINT('',(1.678188361492,11.061704216358));
#8591 = CARTESIAN_POINT('',(1.682145365443,10.928743020467));
#8592 = CARTESIAN_POINT('',(1.68850555993,10.665524005838));
#8593 = CARTESIAN_POINT('',(1.690987144423,10.535475926097));
#8594 = CARTESIAN_POINT('',(1.692877026056,10.403705377595));
#8595 = CARTESIAN_POINT('',(1.694184467329,10.270756328036));
#8596 = CARTESIAN_POINT('',(1.694915575585,10.137114887339));
#8597 = CARTESIAN_POINT('',(1.695073120052,10.003235687183));
#8598 = CARTESIAN_POINT('',(1.69465631337,9.86956780138));
#8599 = CARTESIAN_POINT('',(1.6920652943,9.523525717457));
#8600 = CARTESIAN_POINT('',(1.68898497346,9.312336248874));
#8601 = CARTESIAN_POINT('',(1.684402544197,9.104771964961));
#8602 = CARTESIAN_POINT('',(1.67827089684,8.902979392471));
#8603 = CARTESIAN_POINT('',(1.670527697313,8.709809395293));
#8604 = CARTESIAN_POINT('',(1.661105269311,8.529033384795));
#8605 = CARTESIAN_POINT('',(1.649946172247,8.365677107865));
#8606 = CARTESIAN_POINT('',(1.62653788547,8.113689968225));
#8607 = CARTESIAN_POINT('',(1.614639943911,8.014186617856));
#8608 = CARTESIAN_POINT('',(1.601583213887,7.936927012597));
#8609 = CARTESIAN_POINT('',(1.58771324923,7.887972098971));
#8610 = CARTESIAN_POINT('',(1.573447890033,7.870720910805));
#8611 = CARTESIAN_POINT('',(1.559230899203,7.885895589777));
#8612 = CARTESIAN_POINT('',(1.545494468995,7.931468162439));
#8613 = CARTESIAN_POINT('',(1.517876346664,8.083909398341));
#8614 = CARTESIAN_POINT('',(1.504511690754,8.197279296049));
#8615 = CARTESIAN_POINT('',(1.492634092497,8.335474254335));
#8616 = CARTESIAN_POINT('',(1.482280308319,8.492700307701));
#8617 = CARTESIAN_POINT('',(1.473446184445,8.664140080216));
#8618 = CARTESIAN_POINT('',(1.466102196716,8.845760421461));
#8619 = CARTESIAN_POINT('',(1.460200758209,9.034216932257));
#8620 = CARTESIAN_POINT('',(1.450454392292,9.44992822701));
#8621 = CARTESIAN_POINT('',(1.447057151486,9.679877515828));
#8622 = CARTESIAN_POINT('',(1.445423040934,9.913431363904));
#8623 = CARTESIAN_POINT('',(1.445517720563,10.148206179534));
#8624 = CARTESIAN_POINT('',(1.447340542607,10.381964069544));
#8625 = CARTESIAN_POINT('',(1.45092143074,10.612290982103));
#8626 = CARTESIAN_POINT('',(1.456318108838,10.836262744443));
#8627 = CARTESIAN_POINT('',(1.463612391922,11.049803098342));
#8628 = ( GEOMETRIC_REPRESENTATION_CONTEXT(2) 
PARAMETRIC_REPRESENTATION_CONTEXT() REPRESENTATION_CONTEXT('2D SPACE',''
  ) );
#8629 = PCURVE('',#8630,#8635);
#8630 = CYLINDRICAL_SURFACE('',#8631,2.1);
#8631 = AXIS2_PLACEMENT_3D('',#8632,#8633,#8634);
#8632 = CARTESIAN_POINT('',(25.,43.3,-20.));
#8633 = DIRECTION('',(0.,0.,1.));
#8634 = DIRECTION('',(1.,0.,-0.));
#8635 = DEFINITIONAL_REPRESENTATION('',(#8636),#8695);
#8636 = B_SPLINE_CURVE_WITH_KNOTS('',8,(#8637,#8638,#8639,#8640,#8641,
    #8642,#8643,#8644,#8645,#8646,#8647,#8648,#8649,#8650,#8651,#8652,
    #8653,#8654,#8655,#8656,#8657,#8658,#8659,#8660,#8661,#8662,#8663,
    #8664,#8665,#8666,#8667,#8668,#8669,#8670,#8671,#8672,#8673,#8674,
    #8675,#8676,#8677,#8678,#8679,#8680,#8681,#8682,#8683,#8684,#8685,
    #8686,#8687,#8688,#8689,#8690,#8691,#8692,#8693,#8694),
  .UNSPECIFIED.,.F.,.F.,(9,7,7,7,7,7,7,7,9),(0.,0.125044467112,
    0.238089472355,0.336885773185,0.429977519602,0.579116351905,
    0.700372626461,0.839119687171,1.),.UNSPECIFIED.);
#8637 = CARTESIAN_POINT('',(8.881784197001E-16,3.097557912771));
#8638 = CARTESIAN_POINT('',(9.109382749168E-02,3.087266260861));
#8639 = CARTESIAN_POINT('',(0.185058806933,3.075420348036));
#8640 = CARTESIAN_POINT('',(0.281919980088,3.062404739784));
#8641 = CARTESIAN_POINT('',(0.381776543481,3.048814250743));
#8642 = CARTESIAN_POINT('',(0.484828382761,3.035448791038));
#8643 = CARTESIAN_POINT('',(0.591369797873,3.02328668087));
#8644 = CARTESIAN_POINT('',(0.701814266085,3.013398559177));
#8645 = CARTESIAN_POINT('',(0.920778351529,3.000766126655));
#8646 = CARTESIAN_POINT('',(1.026126306713,2.997562823354));
#8647 = CARTESIAN_POINT('',(1.131822579068,2.997735225221));
#8648 = CARTESIAN_POINT('',(1.237024181641,3.00148975254));
#8649 = CARTESIAN_POINT('',(1.340899683408,3.008474102508));
#8650 = CARTESIAN_POINT('',(1.44251115655,3.017867696982));
#8651 = CARTESIAN_POINT('',(1.54066380565,3.028627418215));
#8652 = CARTESIAN_POINT('',(1.714874903345,3.04950709411));
#8653 = CARTESIAN_POINT('',(1.793671297035,3.059717743991));
#8654 = CARTESIAN_POINT('',(1.870341412714,3.06996837506));
#8655 = CARTESIAN_POINT('',(1.945157999491,3.079897762614));
#8656 = CARTESIAN_POINT('',(2.018362474388,3.089216404097));
#8657 = CARTESIAN_POINT('',(2.090180035247,3.097701753001));
#8658 = CARTESIAN_POINT('',(2.160829915966,3.105188766792));
#8659 = CARTESIAN_POINT('',(2.296207084499,3.117555136571));
#8660 = CARTESIAN_POINT('',(2.361081094054,3.122563940755));
#8661 = CARTESIAN_POINT('',(2.425346506314,3.12648003549));
#8662 = CARTESIAN_POINT('',(2.489181954941,3.129234217004));
#8663 = CARTESIAN_POINT('',(2.55275835318,3.130784648316));
#8664 = CARTESIAN_POINT('',(2.616244954104,3.131113531762));
#8665 = CARTESIAN_POINT('',(2.679814131581,3.130226029381));
#8666 = CARTESIAN_POINT('',(2.845905758393,3.12482779435));
#8667 = CARTESIAN_POINT('',(2.948780731182,3.118459519714));
#8668 = CARTESIAN_POINT('',(3.053089253798,3.109169071282));
#8669 = CARTESIAN_POINT('',(3.159571533553,3.097234417606));
#8670 = CARTESIAN_POINT('',(3.268971323225,3.083122719884));
#8671 = CARTESIAN_POINT('',(3.38207235138,3.067597312567));
#8672 = CARTESIAN_POINT('',(3.499773873363,3.051808760914));
#8673 = CARTESIAN_POINT('',(3.723715410336,3.025468907626));
#8674 = CARTESIAN_POINT('',(3.830305933424,3.014217052523));
#8675 = CARTESIAN_POINT('',(3.940737254726,3.004797382874));
#8676 = CARTESIAN_POINT('',(4.053451130214,2.998509311006));
#8677 = CARTESIAN_POINT('',(4.167229373247,2.99630593945));
#8678 = CARTESIAN_POINT('',(4.280941216164,2.998338705828));
#8679 = CARTESIAN_POINT('',(4.39338330649,3.004031964214));
#8680 = CARTESIAN_POINT('',(4.628292926468,3.021954349435));
#8681 = CARTESIAN_POINT('',(4.747723307528,3.034844495021));
#8682 = CARTESIAN_POINT('',(4.862275759962,3.049606204491));
#8683 = CARTESIAN_POINT('',(4.972660053989,3.064841218201));
#8684 = CARTESIAN_POINT('',(5.079434974977,3.079428502403));
#8685 = CARTESIAN_POINT('',(5.18307514989,3.092559507456));
#8686 = CARTESIAN_POINT('',(5.283991937202,3.103688779555));
#8687 = CARTESIAN_POINT('',(5.49690091308,3.122718857445));
#8688 = CARTESIAN_POINT('',(5.60875738733,3.129880528611));
#8689 = CARTESIAN_POINT('',(5.71926829107,3.133479225584));
#8690 = CARTESIAN_POINT('',(5.829354520186,3.133292226105));
#8691 = CARTESIAN_POINT('',(5.939880970126,3.129297146999));
#8692 = CARTESIAN_POINT('',(6.051711295529,3.121665962004));
#8693 = CARTESIAN_POINT('',(6.165767702451,3.110823587836));
#8694 = CARTESIAN_POINT('',(6.28318530718,3.097557912771));
#8695 = ( GEOMETRIC_REPRESENTATION_CONTEXT(2) 
PARAMETRIC_REPRESENTATION_CONTEXT() REPRESENTATION_CONTEXT('2D SPACE',''
  ) );
#8696 = FACE_BOUND('',#8697,.T.);
#8697 = EDGE_LOOP('',(#8698));
#8698 = ORIENTED_EDGE('',*,*,#8699,.F.);
#8699 = EDGE_CURVE('',#8700,#8700,#8702,.T.);
#8700 = VERTEX_POINT('',#8701);
#8701 = CARTESIAN_POINT('',(27.1,43.3,16.902442087229));
#8702 = SURFACE_CURVE('',#8703,(#8762,#8824),.PCURVE_S1.);
#8703 = B_SPLINE_CURVE_WITH_KNOTS('',8,(#8704,#8705,#8706,#8707,#8708,
    #8709,#8710,#8711,#8712,#8713,#8714,#8715,#8716,#8717,#8718,#8719,
    #8720,#8721,#8722,#8723,#8724,#8725,#8726,#8727,#8728,#8729,#8730,
    #8731,#8732,#8733,#8734,#8735,#8736,#8737,#8738,#8739,#8740,#8741,
    #8742,#8743,#8744,#8745,#8746,#8747,#8748,#8749,#8750,#8751,#8752,
    #8753,#8754,#8755,#8756,#8757,#8758,#8759,#8760,#8761),
  .UNSPECIFIED.,.T.,.F.,(9,7,7,7,7,7,7,7,9),(0.,0.125044464046,
    0.238089466518,0.336885766658,0.429977513991,0.579116347762,
    0.70037262351,0.839119685586,1.),.UNSPECIFIED.);
#8704 = CARTESIAN_POINT('',(27.1,43.3,16.902442087229));
#8705 = CARTESIAN_POINT('',(27.1,43.491297037732,16.912733739139));
#8706 = CARTESIAN_POINT('',(27.080084949813,43.68862430719,
    16.924579651964));
#8707 = CARTESIAN_POINT('',(27.038055613729,43.88961081679,
    16.937595260216));
#8708 = CARTESIAN_POINT('',(26.971946717194,44.091416779373,
    16.951185749257));
#8709 = CARTESIAN_POINT('',(26.880046846226,44.29071200474,
    16.964551208962));
#8710 = CARTESIAN_POINT('',(26.760939165973,44.483610535371,
    16.97671331913));
#8711 = CARTESIAN_POINT('',(26.613594576313,44.665516244731,
    16.986601440823));
#8712 = CARTESIAN_POINT('',(26.278396883791,44.980287829814,
    16.999233873345));
#8713 = CARTESIAN_POINT('',(26.099368506567,45.112821143128,
    17.002437176646));
#8714 = CARTESIAN_POINT('',(25.903846362661,45.223601402054,
    17.002264774779));
#8715 = CARTESIAN_POINT('',(25.696583851897,45.309277677719,
    16.99851024746));
#8716 = CARTESIAN_POINT('',(25.483255871158,45.368146500687,
    16.991525897492));
#8717 = CARTESIAN_POINT('',(25.2699950863,45.400356459326,
    16.982132303018));
#8718 = CARTESIAN_POINT('',(25.062979862535,45.408114420544,
    16.971372581785));
#8719 = CARTESIAN_POINT('',(24.697858462583,45.385142929159,
    16.950492905719));
#8720 = CARTESIAN_POINT('',(24.533708334076,45.358941777146,
    16.940282256275));
#8721 = CARTESIAN_POINT('',(24.376613287976,45.318986016518,
    16.930031624966));
#8722 = CARTESIAN_POINT('',(24.227197312609,45.266788880106,
    16.92010223715));
#8723 = CARTESIAN_POINT('',(24.085875862455,45.203666836035,
    16.910783595871));
#8724 = CARTESIAN_POINT('',(23.952928311128,45.130758318962,
    16.902298247233));
#8725 = CARTESIAN_POINT('',(23.828551614977,45.049037847237,
    16.894811233101));
#8726 = CARTESIAN_POINT('',(23.60391682554,44.874793243602,
    16.882444863429));
#8727 = CARTESIAN_POINT('',(23.502614734346,44.783114059935,
    16.877436059245));
#8728 = CARTESIAN_POINT('',(23.409111875074,44.684942905337,
    16.87351996451));
#8729 = CARTESIAN_POINT('',(23.323535679115,44.580834329507,
    16.870765782996));
#8730 = CARTESIAN_POINT('',(23.246033967511,44.471264300927,
    16.869215351684));
#8731 = CARTESIAN_POINT('',(23.176790999592,44.356651401595,
    16.868886468238));
#8732 = CARTESIAN_POINT('',(23.116043650644,44.237377417065,
    16.869773970619));
#8733 = CARTESIAN_POINT('',(22.980877068658,43.915840257803,
    16.87517220565));
#8734 = CARTESIAN_POINT('',(22.920292872572,43.706957204316,
    16.881540480286));
#8735 = CARTESIAN_POINT('',(22.883491417315,43.488528809604,
    16.890830928718));
#8736 = CARTESIAN_POINT('',(22.872273162735,43.261994160972,
    16.902765582394));
#8737 = CARTESIAN_POINT('',(22.889034323842,43.029261680667,
    16.916877280116));
#8738 = CARTESIAN_POINT('',(22.936728721256,42.792980812204,
    16.932402687433));
#8739 = CARTESIAN_POINT('',(23.018790726092,42.556971937527,
    16.948191239086));
#8740 = CARTESIAN_POINT('',(23.236663007274,42.140207807674,
    16.974531092374));
#8741 = CARTESIAN_POINT('',(23.361814216661,41.953052188776,
    16.985782947477));
#8742 = CARTESIAN_POINT('',(23.515264021216,41.775242941888,
    16.995202617126));
#8743 = CARTESIAN_POINT('',(23.694965313564,41.614960629207,
    17.001490688994));
#8744 = CARTESIAN_POINT('',(23.896415167485,41.478729987641,
    17.003694060549));
#8745 = CARTESIAN_POINT('',(24.113346936998,41.371003036567,
    17.001661294172));
#8746 = CARTESIAN_POINT('',(24.338325108702,41.293731078371,
    16.995968035786));
#8747 = CARTESIAN_POINT('',(24.820853996324,41.191159991012,
    16.978045650565));
#8748 = CARTESIAN_POINT('',(25.074016164911,41.175901699152,
    16.965155504979));
#8749 = CARTESIAN_POINT('',(25.317547862088,41.194869446697,
    16.950393795509));
#8750 = CARTESIAN_POINT('',(25.548043177975,41.243339350174,
    16.935158781799));
#8751 = CARTESIAN_POINT('',(25.763217300721,41.317067917641,
    16.920571497597));
#8752 = CARTESIAN_POINT('',(25.961553877056,41.412273526632,
    16.907440492544));
#8753 = CARTESIAN_POINT('',(26.142131417119,41.525626407319,
    16.896311220445));
#8754 = CARTESIAN_POINT('',(26.492531224693,41.803342625819,
    16.877281142555));
#8755 = CARTESIAN_POINT('',(26.65713970206,41.973827604091,
    16.870119471389));
#8756 = CARTESIAN_POINT('',(26.797774084092,42.162316655853,
    16.866520774415));
#8757 = CARTESIAN_POINT('',(26.913778969608,42.366435833419,
    16.866707773895));
#8758 = CARTESIAN_POINT('',(27.004049173181,42.584239119203,
    16.870702853001));
#8759 = CARTESIAN_POINT('',(27.066911544313,42.813905008054,
    16.878334037996));
#8760 = CARTESIAN_POINT('',(27.1,43.053423030072,16.889176412164));
#8761 = CARTESIAN_POINT('',(27.1,43.3,16.902442087229));
#8762 = PCURVE('',#896,#8763);
#8763 = DEFINITIONAL_REPRESENTATION('',(#8764),#8823);
#8764 = B_SPLINE_CURVE_WITH_KNOTS('',8,(#8765,#8766,#8767,#8768,#8769,
    #8770,#8771,#8772,#8773,#8774,#8775,#8776,#8777,#8778,#8779,#8780,
    #8781,#8782,#8783,#8784,#8785,#8786,#8787,#8788,#8789,#8790,#8791,
    #8792,#8793,#8794,#8795,#8796,#8797,#8798,#8799,#8800,#8801,#8802,
    #8803,#8804,#8805,#8806,#8807,#8808,#8809,#8810,#8811,#8812,#8813,
    #8814,#8815,#8816,#8817,#8818,#8819,#8820,#8821,#8822),
  .UNSPECIFIED.,.T.,.F.,(9,7,7,7,7,7,7,7,9),(0.,0.125044464046,
    0.238089466518,0.336885766658,0.429977513991,0.579116347762,
    0.70037262351,0.839119685586,1.),.UNSPECIFIED.);
#8765 = CARTESIAN_POINT('',(4.819572915257,11.049803098342));
#8766 = CARTESIAN_POINT('',(4.813913932803,11.21546997773));
#8767 = CARTESIAN_POINT('',(4.807060124052,11.376401408517));
#8768 = CARTESIAN_POINT('',(4.798971598272,11.529444424772));
#8769 = CARTESIAN_POINT('',(4.789634783371,11.671157057813));
#8770 = CARTESIAN_POINT('',(4.779063748005,11.797799573664));
#8771 = CARTESIAN_POINT('',(4.767302961075,11.90529822606));
#8772 = CARTESIAN_POINT('',(4.754435315483,11.989158120473));
#8773 = CARTESIAN_POINT('',(4.72809090153,12.094153776825));
#8774 = CARTESIAN_POINT('',(4.715072515824,12.119413993273));
#8775 = CARTESIAN_POINT('',(4.701856453898,12.11758858539));
#8776 = CARTESIAN_POINT('',(4.688779490276,12.08815233713));
#8777 = CARTESIAN_POINT('',(4.676176618095,12.032467522371));
#8778 = CARTESIAN_POINT('',(4.664353726508,11.953729221862));
#8779 = CARTESIAN_POINT('',(4.653561660863,11.856937874962));
#8780 = CARTESIAN_POINT('',(4.635595154474,11.654479409311));
#8781 = CARTESIAN_POINT('',(4.627980309061,11.549711842502));
#8782 = CARTESIAN_POINT('',(4.621126575889,11.436560141384));
#8783 = CARTESIAN_POINT('',(4.61502251281,11.316646795445));
#8784 = CARTESIAN_POINT('',(4.609651955409,11.191319622974));
#8785 = CARTESIAN_POINT('',(4.604996945842,11.061704219955));
#8786 = CARTESIAN_POINT('',(4.601039941681,10.928743018187));
#8787 = CARTESIAN_POINT('',(4.594679747249,10.665524005838));
#8788 = CARTESIAN_POINT('',(4.592198162756,10.535475926097));
#8789 = CARTESIAN_POINT('',(4.590308281123,10.403705377595));
#8790 = CARTESIAN_POINT('',(4.589000839851,10.270756328036));
#8791 = CARTESIAN_POINT('',(4.588269731595,10.137114887339));
#8792 = CARTESIAN_POINT('',(4.588112187128,10.003235687183));
#8793 = CARTESIAN_POINT('',(4.58852899381,9.86956780138));
#8794 = CARTESIAN_POINT('',(4.591120012879,9.523525717457));
#8795 = CARTESIAN_POINT('',(4.59420033372,9.312336248874));
#8796 = CARTESIAN_POINT('',(4.598782762983,9.104771964961));
#8797 = CARTESIAN_POINT('',(4.60491441034,8.902979392471));
#8798 = CARTESIAN_POINT('',(4.612657609867,8.709809395293));
#8799 = CARTESIAN_POINT('',(4.622080037869,8.529033384795));
#8800 = CARTESIAN_POINT('',(4.633239134932,8.365677107865));
#8801 = CARTESIAN_POINT('',(4.65664742171,8.113689968226));
#8802 = CARTESIAN_POINT('',(4.668545363268,8.014186617856));
#8803 = CARTESIAN_POINT('',(4.681602093292,7.936927012598));
#8804 = CARTESIAN_POINT('',(4.69547205795,7.887972098971));
#8805 = CARTESIAN_POINT('',(4.709737417146,7.870720910805));
#8806 = CARTESIAN_POINT('',(4.723954407976,7.885895589778));
#8807 = CARTESIAN_POINT('',(4.737690838185,7.931468162439));
#8808 = CARTESIAN_POINT('',(4.765308960516,8.083909398341));
#8809 = CARTESIAN_POINT('',(4.778673616426,8.197279296049));
#8810 = CARTESIAN_POINT('',(4.790551214682,8.335474254335));
#8811 = CARTESIAN_POINT('',(4.800904998861,8.492700307701));
#8812 = CARTESIAN_POINT('',(4.809739122735,8.664140080216));
#8813 = CARTESIAN_POINT('',(4.817083110464,8.845760421461));
#8814 = CARTESIAN_POINT('',(4.822984548971,9.034216932257));
#8815 = CARTESIAN_POINT('',(4.832730914888,9.449928227014));
#8816 = CARTESIAN_POINT('',(4.836128155693,9.679877515821));
#8817 = CARTESIAN_POINT('',(4.837762266246,9.913431363904));
#8818 = CARTESIAN_POINT('',(4.837667586617,10.148206179537));
#8819 = CARTESIAN_POINT('',(4.835844764572,10.381964069543));
#8820 = CARTESIAN_POINT('',(4.83226387644,10.612290982101));
#8821 = CARTESIAN_POINT('',(4.826867198342,10.836262744445));
#8822 = CARTESIAN_POINT('',(4.819572915257,11.049803098342));
#8823 = ( GEOMETRIC_REPRESENTATION_CONTEXT(2) 
PARAMETRIC_REPRESENTATION_CONTEXT() REPRESENTATION_CONTEXT('2D SPACE',''
  ) );
#8824 = PCURVE('',#8825,#8830);
#8825 = CYLINDRICAL_SURFACE('',#8826,2.1);
#8826 = AXIS2_PLACEMENT_3D('',#8827,#8828,#8829);
#8827 = CARTESIAN_POINT('',(25.,43.3,-20.));
#8828 = DIRECTION('',(0.,0.,1.));
#8829 = DIRECTION('',(1.,0.,-0.));
#8830 = DEFINITIONAL_REPRESENTATION('',(#8831),#8890);
#8831 = B_SPLINE_CURVE_WITH_KNOTS('',8,(#8832,#8833,#8834,#8835,#8836,
    #8837,#8838,#8839,#8840,#8841,#8842,#8843,#8844,#8845,#8846,#8847,
    #8848,#8849,#8850,#8851,#8852,#8853,#8854,#8855,#8856,#8857,#8858,
    #8859,#8860,#8861,#8862,#8863,#8864,#8865,#8866,#8867,#8868,#8869,
    #8870,#8871,#8872,#8873,#8874,#8875,#8876,#8877,#8878,#8879,#8880,
    #8881,#8882,#8883,#8884,#8885,#8886,#8887,#8888,#8889),
  .UNSPECIFIED.,.F.,.F.,(9,7,7,7,7,7,7,7,9),(0.,0.125044464046,
    0.238089466518,0.336885766658,0.429977513991,0.579116347762,
    0.70037262351,0.839119685586,1.),.UNSPECIFIED.);
#8832 = CARTESIAN_POINT('',(8.881784197001E-16,36.902442087229));
#8833 = CARTESIAN_POINT('',(9.109382749153E-02,36.912733739139));
#8834 = CARTESIAN_POINT('',(0.185058806934,36.924579651964));
#8835 = CARTESIAN_POINT('',(0.281919980088,36.937595260216));
#8836 = CARTESIAN_POINT('',(0.381776543481,36.951185749257));
#8837 = CARTESIAN_POINT('',(0.484828382761,36.964551208962));
#8838 = CARTESIAN_POINT('',(0.591369797872,36.97671331913));
#8839 = CARTESIAN_POINT('',(0.701814266086,36.986601440823));
#8840 = CARTESIAN_POINT('',(0.920778351528,36.999233873345));
#8841 = CARTESIAN_POINT('',(1.026126306713,37.002437176646));
#8842 = CARTESIAN_POINT('',(1.131822579068,37.002264774779));
#8843 = CARTESIAN_POINT('',(1.237024181641,36.99851024746));
#8844 = CARTESIAN_POINT('',(1.340899683407,36.991525897492));
#8845 = CARTESIAN_POINT('',(1.44251115655,36.982132303018));
#8846 = CARTESIAN_POINT('',(1.54066380565,36.971372581785));
#8847 = CARTESIAN_POINT('',(1.71487490477,36.950492905719));
#8848 = CARTESIAN_POINT('',(1.79367129472,36.940282256275));
#8849 = CARTESIAN_POINT('',(1.870341412602,36.930031624966));
#8850 = CARTESIAN_POINT('',(1.945158001597,36.92010223715));
#8851 = CARTESIAN_POINT('',(2.018362474509,36.910783595871));
#8852 = CARTESIAN_POINT('',(2.090180033059,36.902298247233));
#8853 = CARTESIAN_POINT('',(2.160829917138,36.894811233101));
#8854 = CARTESIAN_POINT('',(2.296207084499,36.882444863429));
#8855 = CARTESIAN_POINT('',(2.361081094054,36.877436059245));
#8856 = CARTESIAN_POINT('',(2.425346506314,36.87351996451));
#8857 = CARTESIAN_POINT('',(2.489181954941,36.870765782996));
#8858 = CARTESIAN_POINT('',(2.55275835318,36.869215351684));
#8859 = CARTESIAN_POINT('',(2.616244954104,36.868886468238));
#8860 = CARTESIAN_POINT('',(2.679814131581,36.869773970619));
#8861 = CARTESIAN_POINT('',(2.845905758393,36.87517220565));
#8862 = CARTESIAN_POINT('',(2.948780731182,36.881540480286));
#8863 = CARTESIAN_POINT('',(3.053089253798,36.890830928718));
#8864 = CARTESIAN_POINT('',(3.159571533553,36.902765582394));
#8865 = CARTESIAN_POINT('',(3.268971323225,36.916877280116));
#8866 = CARTESIAN_POINT('',(3.38207235138,36.932402687433));
#8867 = CARTESIAN_POINT('',(3.499773873363,36.948191239086));
#8868 = CARTESIAN_POINT('',(3.723715410336,36.974531092374));
#8869 = CARTESIAN_POINT('',(3.830305933424,36.985782947477));
#8870 = CARTESIAN_POINT('',(3.940737254724,36.995202617126));
#8871 = CARTESIAN_POINT('',(4.053451130217,37.001490688994));
#8872 = CARTESIAN_POINT('',(4.167229373245,37.003694060549));
#8873 = CARTESIAN_POINT('',(4.280941216165,37.001661294172));
#8874 = CARTESIAN_POINT('',(4.39338330649,36.995968035786));
#8875 = CARTESIAN_POINT('',(4.628292926468,36.978045650565));
#8876 = CARTESIAN_POINT('',(4.747723307528,36.965155504979));
#8877 = CARTESIAN_POINT('',(4.862275759962,36.950393795509));
#8878 = CARTESIAN_POINT('',(4.972660053989,36.935158781799));
#8879 = CARTESIAN_POINT('',(5.079434974977,36.920571497597));
#8880 = CARTESIAN_POINT('',(5.18307514989,36.907440492544));
#8881 = CARTESIAN_POINT('',(5.283991937202,36.896311220445));
#8882 = CARTESIAN_POINT('',(5.496900913082,36.877281142555));
#8883 = CARTESIAN_POINT('',(5.608757387325,36.870119471389));
#8884 = CARTESIAN_POINT('',(5.719268291071,36.866520774415));
#8885 = CARTESIAN_POINT('',(5.829354520188,36.866707773895));
#8886 = CARTESIAN_POINT('',(5.939880970125,36.870702853001));
#8887 = CARTESIAN_POINT('',(6.051711295528,36.878334037996));
#8888 = CARTESIAN_POINT('',(6.165767702452,36.889176412164));
#8889 = CARTESIAN_POINT('',(6.28318530718,36.902442087229));
#8890 = ( GEOMETRIC_REPRESENTATION_CONTEXT(2) 
PARAMETRIC_REPRESENTATION_CONTEXT() REPRESENTATION_CONTEXT('2D SPACE',''
  ) );
#8891 = ADVANCED_FACE('',(#8892),#922,.F.);
#8892 = FACE_BOUND('',#8893,.F.);
#8893 = EDGE_LOOP('',(#8894,#8895,#8896,#8897));
#8894 = ORIENTED_EDGE('',*,*,#907,.F.);
#8895 = ORIENTED_EDGE('',*,*,#8454,.T.);
#8896 = ORIENTED_EDGE('',*,*,#1006,.F.);
#8897 = ORIENTED_EDGE('',*,*,#8898,.F.);
#8898 = EDGE_CURVE('',#908,#986,#8899,.T.);
#8899 = SURFACE_CURVE('',#8900,(#8905,#8912),.PCURVE_S1.);
#8900 = CIRCLE('',#8901,15.);
#8901 = AXIS2_PLACEMENT_3D('',#8902,#8903,#8904);
#8902 = CARTESIAN_POINT('',(20.,34.64,0.));
#8903 = DIRECTION('',(0.500011000363,0.866019052629,0.));
#8904 = DIRECTION('',(0.866019052629,-0.500011000363,0.));
#8905 = PCURVE('',#922,#8906);
#8906 = DEFINITIONAL_REPRESENTATION('',(#8907),#8911);
#8907 = CIRCLE('',#8908,15.);
#8908 = AXIS2_PLACEMENT_2D('',#8909,#8910);
#8909 = CARTESIAN_POINT('',(0.,0.));
#8910 = DIRECTION('',(1.,0.));
#8911 = ( GEOMETRIC_REPRESENTATION_CONTEXT(2) 
PARAMETRIC_REPRESENTATION_CONTEXT() REPRESENTATION_CONTEXT('2D SPACE',''
  ) );
#8912 = PCURVE('',#948,#8913);
#8913 = DEFINITIONAL_REPRESENTATION('',(#8914),#8918);
#8914 = LINE('',#8915,#8916);
#8915 = CARTESIAN_POINT('',(0.,4.99988999879));
#8916 = VECTOR('',#8917,1.);
#8917 = DIRECTION('',(1.,0.));
#8918 = ( GEOMETRIC_REPRESENTATION_CONTEXT(2) 
PARAMETRIC_REPRESENTATION_CONTEXT() REPRESENTATION_CONTEXT('2D SPACE',''
  ) );
#8919 = ADVANCED_FACE('',(#8920,#9063,#9253),#948,.F.);
#8920 = FACE_BOUND('',#8921,.F.);
#8921 = EDGE_LOOP('',(#8922,#8946,#8969,#8991,#8992,#8993,#8994,#9016,
    #9017,#9039,#9040,#9062));
#8922 = ORIENTED_EDGE('',*,*,#8923,.F.);
#8923 = EDGE_CURVE('',#8924,#8924,#8926,.T.);
#8924 = VERTEX_POINT('',#8925);
#8925 = CARTESIAN_POINT('',(62.990285789431,79.099834994555,
    3.673940397442E-15));
#8926 = SURFACE_CURVE('',#8927,(#8932,#8939),.PCURVE_S1.);
#8927 = CIRCLE('',#8928,15.);
#8928 = AXIS2_PLACEMENT_3D('',#8929,#8930,#8931);
#8929 = CARTESIAN_POINT('',(50.,86.6,0.));
#8930 = DIRECTION('',(0.500011000363,0.866019052629,0.));
#8931 = DIRECTION('',(0.866019052629,-0.500011000363,0.));
#8932 = PCURVE('',#948,#8933);
#8933 = DEFINITIONAL_REPRESENTATION('',(#8934),#8938);
#8934 = LINE('',#8935,#8936);
#8935 = CARTESIAN_POINT('',(0.,64.99856998427));
#8936 = VECTOR('',#8937,1.);
#8937 = DIRECTION('',(1.,0.));
#8938 = ( GEOMETRIC_REPRESENTATION_CONTEXT(2) 
PARAMETRIC_REPRESENTATION_CONTEXT() REPRESENTATION_CONTEXT('2D SPACE',''
  ) );
#8939 = PCURVE('',#8439,#8940);
#8940 = DEFINITIONAL_REPRESENTATION('',(#8941),#8945);
#8941 = CIRCLE('',#8942,15.);
#8942 = AXIS2_PLACEMENT_2D('',#8943,#8944);
#8943 = CARTESIAN_POINT('',(0.,0.));
#8944 = DIRECTION('',(1.,0.));
#8945 = ( GEOMETRIC_REPRESENTATION_CONTEXT(2) 
PARAMETRIC_REPRESENTATION_CONTEXT() REPRESENTATION_CONTEXT('2D SPACE',''
  ) );
#8946 = ORIENTED_EDGE('',*,*,#8947,.F.);
#8947 = EDGE_CURVE('',#8948,#8924,#8950,.T.);
#8948 = VERTEX_POINT('',#8949);
#8949 = CARTESIAN_POINT('',(30.490285789431,22.809834994555,
    3.673940397442E-15));
#8950 = SEAM_CURVE('',#8951,(#8955,#8962),.PCURVE_S1.);
#8951 = LINE('',#8952,#8953);
#8952 = CARTESIAN_POINT('',(30.490285789431,22.809834994555,
    3.673940397442E-15));
#8953 = VECTOR('',#8954,1.);
#8954 = DIRECTION('',(0.500011000363,0.866019052629,0.));
#8955 = PCURVE('',#948,#8956);
#8956 = DEFINITIONAL_REPRESENTATION('',(#8957),#8961);
#8957 = LINE('',#8958,#8959);
#8958 = CARTESIAN_POINT('',(6.28318530718,-0.));
#8959 = VECTOR('',#8960,1.);
#8960 = DIRECTION('',(0.,1.));
#8961 = ( GEOMETRIC_REPRESENTATION_CONTEXT(2) 
PARAMETRIC_REPRESENTATION_CONTEXT() REPRESENTATION_CONTEXT('2D SPACE',''
  ) );
#8962 = PCURVE('',#948,#8963);
#8963 = DEFINITIONAL_REPRESENTATION('',(#8964),#8968);
#8964 = LINE('',#8965,#8966);
#8965 = CARTESIAN_POINT('',(0.,-0.));
#8966 = VECTOR('',#8967,1.);
#8967 = DIRECTION('',(0.,1.));
#8968 = ( GEOMETRIC_REPRESENTATION_CONTEXT(2) 
PARAMETRIC_REPRESENTATION_CONTEXT() REPRESENTATION_CONTEXT('2D SPACE',''
  ) );
#8969 = ORIENTED_EDGE('',*,*,#8970,.T.);
#8970 = EDGE_CURVE('',#8948,#934,#8971,.T.);
#8971 = SURFACE_CURVE('',#8972,(#8977,#8984),.PCURVE_S1.);
#8972 = CIRCLE('',#8973,15.);
#8973 = AXIS2_PLACEMENT_3D('',#8974,#8975,#8976);
#8974 = CARTESIAN_POINT('',(17.5,30.31,0.));
#8975 = DIRECTION('',(0.500011000363,0.866019052629,0.));
#8976 = DIRECTION('',(0.866019052629,-0.500011000363,0.));
#8977 = PCURVE('',#948,#8978);
#8978 = DEFINITIONAL_REPRESENTATION('',(#8979),#8983);
#8979 = LINE('',#8980,#8981);
#8980 = CARTESIAN_POINT('',(0.,0.));
#8981 = VECTOR('',#8982,1.);
#8982 = DIRECTION('',(1.,0.));
#8983 = ( GEOMETRIC_REPRESENTATION_CONTEXT(2) 
PARAMETRIC_REPRESENTATION_CONTEXT() REPRESENTATION_CONTEXT('2D SPACE',''
  ) );
#8984 = PCURVE('',#974,#8985);
#8985 = DEFINITIONAL_REPRESENTATION('',(#8986),#8990);
#8986 = CIRCLE('',#8987,15.);
#8987 = AXIS2_PLACEMENT_2D('',#8988,#8989);
#8988 = CARTESIAN_POINT('',(0.,0.));
#8989 = DIRECTION('',(1.,0.));
#8990 = ( GEOMETRIC_REPRESENTATION_CONTEXT(2) 
PARAMETRIC_REPRESENTATION_CONTEXT() REPRESENTATION_CONTEXT('2D SPACE',''
  ) );
#8991 = ORIENTED_EDGE('',*,*,#933,.T.);
#8992 = ORIENTED_EDGE('',*,*,#8898,.T.);
#8993 = ORIENTED_EDGE('',*,*,#985,.F.);
#8994 = ORIENTED_EDGE('',*,*,#8995,.T.);
#8995 = EDGE_CURVE('',#960,#2739,#8996,.T.);
#8996 = SURFACE_CURVE('',#8997,(#9002,#9009),.PCURVE_S1.);
#8997 = CIRCLE('',#8998,15.);
#8998 = AXIS2_PLACEMENT_3D('',#8999,#9000,#9001);
#8999 = CARTESIAN_POINT('',(17.5,30.31,0.));
#9000 = DIRECTION('',(0.500011000363,0.866019052629,0.));
#9001 = DIRECTION('',(0.866019052629,-0.500011000363,0.));
#9002 = PCURVE('',#948,#9003);
#9003 = DEFINITIONAL_REPRESENTATION('',(#9004),#9008);
#9004 = LINE('',#9005,#9006);
#9005 = CARTESIAN_POINT('',(0.,0.));
#9006 = VECTOR('',#9007,1.);
#9007 = DIRECTION('',(1.,0.));
#9008 = ( GEOMETRIC_REPRESENTATION_CONTEXT(2) 
PARAMETRIC_REPRESENTATION_CONTEXT() REPRESENTATION_CONTEXT('2D SPACE',''
  ) );
#9009 = PCURVE('',#974,#9010);
#9010 = DEFINITIONAL_REPRESENTATION('',(#9011),#9015);
#9011 = CIRCLE('',#9012,15.);
#9012 = AXIS2_PLACEMENT_2D('',#9013,#9014);
#9013 = CARTESIAN_POINT('',(0.,0.));
#9014 = DIRECTION('',(1.,0.));
#9015 = ( GEOMETRIC_REPRESENTATION_CONTEXT(2) 
PARAMETRIC_REPRESENTATION_CONTEXT() REPRESENTATION_CONTEXT('2D SPACE',''
  ) );
#9016 = ORIENTED_EDGE('',*,*,#2759,.T.);
#9017 = ORIENTED_EDGE('',*,*,#9018,.T.);
#9018 = EDGE_CURVE('',#2760,#2692,#9019,.T.);
#9019 = SURFACE_CURVE('',#9020,(#9025,#9032),.PCURVE_S1.);
#9020 = CIRCLE('',#9021,15.);
#9021 = AXIS2_PLACEMENT_3D('',#9022,#9023,#9024);
#9022 = CARTESIAN_POINT('',(20.,34.64,0.));
#9023 = DIRECTION('',(0.500011000363,0.866019052629,0.));
#9024 = DIRECTION('',(0.866019052629,-0.500011000363,0.));
#9025 = PCURVE('',#948,#9026);
#9026 = DEFINITIONAL_REPRESENTATION('',(#9027),#9031);
#9027 = LINE('',#9028,#9029);
#9028 = CARTESIAN_POINT('',(0.,4.99988999879));
#9029 = VECTOR('',#9030,1.);
#9030 = DIRECTION('',(1.,0.));
#9031 = ( GEOMETRIC_REPRESENTATION_CONTEXT(2) 
PARAMETRIC_REPRESENTATION_CONTEXT() REPRESENTATION_CONTEXT('2D SPACE',''
  ) );
#9032 = PCURVE('',#2706,#9033);
#9033 = DEFINITIONAL_REPRESENTATION('',(#9034),#9038);
#9034 = CIRCLE('',#9035,15.);
#9035 = AXIS2_PLACEMENT_2D('',#9036,#9037);
#9036 = CARTESIAN_POINT('',(0.,0.));
#9037 = DIRECTION('',(1.,0.));
#9038 = ( GEOMETRIC_REPRESENTATION_CONTEXT(2) 
PARAMETRIC_REPRESENTATION_CONTEXT() REPRESENTATION_CONTEXT('2D SPACE',''
  ) );
#9039 = ORIENTED_EDGE('',*,*,#2717,.F.);
#9040 = ORIENTED_EDGE('',*,*,#9041,.T.);
#9041 = EDGE_CURVE('',#2718,#8948,#9042,.T.);
#9042 = SURFACE_CURVE('',#9043,(#9048,#9055),.PCURVE_S1.);
#9043 = CIRCLE('',#9044,15.);
#9044 = AXIS2_PLACEMENT_3D('',#9045,#9046,#9047);
#9045 = CARTESIAN_POINT('',(17.5,30.31,0.));
#9046 = DIRECTION('',(0.500011000363,0.866019052629,0.));
#9047 = DIRECTION('',(0.866019052629,-0.500011000363,0.));
#9048 = PCURVE('',#948,#9049);
#9049 = DEFINITIONAL_REPRESENTATION('',(#9050),#9054);
#9050 = LINE('',#9051,#9052);
#9051 = CARTESIAN_POINT('',(0.,0.));
#9052 = VECTOR('',#9053,1.);
#9053 = DIRECTION('',(1.,0.));
#9054 = ( GEOMETRIC_REPRESENTATION_CONTEXT(2) 
PARAMETRIC_REPRESENTATION_CONTEXT() REPRESENTATION_CONTEXT('2D SPACE',''
  ) );
#9055 = PCURVE('',#974,#9056);
#9056 = DEFINITIONAL_REPRESENTATION('',(#9057),#9061);
#9057 = CIRCLE('',#9058,15.);
#9058 = AXIS2_PLACEMENT_2D('',#9059,#9060);
#9059 = CARTESIAN_POINT('',(0.,0.));
#9060 = DIRECTION('',(1.,0.));
#9061 = ( GEOMETRIC_REPRESENTATION_CONTEXT(2) 
PARAMETRIC_REPRESENTATION_CONTEXT() REPRESENTATION_CONTEXT('2D SPACE',''
  ) );
#9062 = ORIENTED_EDGE('',*,*,#8947,.T.);
#9063 = FACE_BOUND('',#9064,.F.);
#9064 = EDGE_LOOP('',(#9065));
#9065 = ORIENTED_EDGE('',*,*,#9066,.F.);
#9066 = EDGE_CURVE('',#9067,#9067,#9069,.T.);
#9067 = VERTEX_POINT('',#9068);
#9068 = CARTESIAN_POINT('',(27.1,43.3,14.889343454704));
#9069 = SURFACE_CURVE('',#9070,(#9129,#9191),.PCURVE_S1.);
#9070 = B_SPLINE_CURVE_WITH_KNOTS('',8,(#9071,#9072,#9073,#9074,#9075,
    #9076,#9077,#9078,#9079,#9080,#9081,#9082,#9083,#9084,#9085,#9086,
    #9087,#9088,#9089,#9090,#9091,#9092,#9093,#9094,#9095,#9096,#9097,
    #9098,#9099,#9100,#9101,#9102,#9103,#9104,#9105,#9106,#9107,#9108,
    #9109,#9110,#9111,#9112,#9113,#9114,#9115,#9116,#9117,#9118,#9119,
    #9120,#9121,#9122,#9123,#9124,#9125,#9126,#9127,#9128),
  .UNSPECIFIED.,.T.,.F.,(9,7,7,7,7,7,7,7,9),(0.,0.125059441871,
    0.238114567401,0.336941385617,0.430007013181,0.5791723964,
    0.700444122558,0.839204748692,1.),.UNSPECIFIED.);
#9071 = CARTESIAN_POINT('',(27.1,43.3,14.889343454704));
#9072 = CARTESIAN_POINT('',(27.1,43.491353804621,14.901030045944));
#9073 = CARTESIAN_POINT('',(27.080073131064,43.688689288403,
    14.914476550023));
#9074 = CARTESIAN_POINT('',(27.038037188795,43.889653230585,
    14.929244698834));
#9075 = CARTESIAN_POINT('',(26.971934308369,44.091423947007,
    14.944659174093));
#9076 = CARTESIAN_POINT('',(26.880051892558,44.290687799888,
    14.959813930344));
#9077 = CARTESIAN_POINT('',(26.760964012006,44.483572043601,
    14.973602137097));
#9078 = CARTESIAN_POINT('',(26.613625244813,44.665487445092,
    14.984812370569));
#9079 = CARTESIAN_POINT('',(26.278373969887,44.980309347403,
    14.999133037816));
#9080 = CARTESIAN_POINT('',(26.099318512041,45.112857854142,
    15.002763096333));
#9081 = CARTESIAN_POINT('',(25.903769532307,45.223643288577,
    15.002566064561));
#9082 = CARTESIAN_POINT('',(25.69648421765,45.309316331904,
    14.998309592064));
#9083 = CARTESIAN_POINT('',(25.483140933443,45.368174495051,
    14.990392139838));
#9084 = CARTESIAN_POINT('',(25.269879619408,45.400367483359,
    14.979742375801));
#9085 = CARTESIAN_POINT('',(25.062894238299,45.408109033524,
    14.967543439205));
#9086 = CARTESIAN_POINT('',(24.697895962864,45.385145288477,
    14.943871973792));
#9087 = CARTESIAN_POINT('',(24.533776324487,45.358953042654,
    14.932292489607));
#9088 = CARTESIAN_POINT('',(24.37670209292,45.319010068708,
    14.920664631585));
#9089 = CARTESIAN_POINT('',(24.227295021502,45.266826099565,
    14.909397781797));
#9090 = CARTESIAN_POINT('',(24.085969058972,45.203713339838,
    14.898820600266));
#9091 = CARTESIAN_POINT('',(23.953003054184,45.130805322753,
    14.889186338083));
#9092 = CARTESIAN_POINT('',(23.828594624426,45.049071208786,
    14.880683396372));
#9093 = CARTESIAN_POINT('',(23.603940544079,44.874811641587,
    14.866640476678));
#9094 = CARTESIAN_POINT('',(23.50264759659,44.783145254572,
    14.860952592094));
#9095 = CARTESIAN_POINT('',(23.409143633328,44.684979552073,
    14.856504352346));
#9096 = CARTESIAN_POINT('',(23.323560451709,44.580869070757,
    14.853375279995));
#9097 = CARTESIAN_POINT('',(23.246049751666,44.471291281809,
    14.851613596445));
#9098 = CARTESIAN_POINT('',(23.176798756914,44.356667505858,
    14.85123983835));
#9099 = CARTESIAN_POINT('',(23.116046063927,44.237383157834,
    14.852248039147));
#9100 = CARTESIAN_POINT('',(22.980835025012,43.915740243477,
    14.858381367045));
#9101 = CARTESIAN_POINT('',(22.920243353574,43.706773944573,
    14.865619084169));
#9102 = CARTESIAN_POINT('',(22.883461445088,43.488290947569,
    14.876175682661));
#9103 = CARTESIAN_POINT('',(22.872277840763,43.261738472223,
    14.889731305695));
#9104 = CARTESIAN_POINT('',(22.889073725891,43.029027374063,
    14.905750579979));
#9105 = CARTESIAN_POINT('',(22.936787513799,42.792803368358,
    14.923363906735));
#9106 = CARTESIAN_POINT('',(23.018840151133,42.556877393218,
    14.941266651214));
#9107 = CARTESIAN_POINT('',(23.236617881849,42.140294127322,
    14.971124222022));
#9108 = CARTESIAN_POINT('',(23.361739242216,41.953147328969,
    14.983881227466));
#9109 = CARTESIAN_POINT('',(23.515181315614,41.775317030765,
    14.994560833335));
#9110 = CARTESIAN_POINT('',(23.694892643364,41.615007685878,
    15.001688607001));
#9111 = CARTESIAN_POINT('',(23.896362884056,41.478752773285,
    15.004187027278));
#9112 = CARTESIAN_POINT('',(24.113320896946,41.371009247441,
    15.001884165347));
#9113 = CARTESIAN_POINT('',(24.338322543208,41.293731623717,
    14.995431058231));
#9114 = CARTESIAN_POINT('',(24.820849295886,41.191160990183,
    14.97511489462));
#9115 = CARTESIAN_POINT('',(25.073984526908,41.175907014355,
    14.960502319346));
#9116 = CARTESIAN_POINT('',(25.317476585748,41.194868999634,
    14.943765600802));
#9117 = CARTESIAN_POINT('',(25.547934191856,41.243319722724,
    14.926486564589));
#9118 = CARTESIAN_POINT('',(25.76308726053,41.317021164799,
    14.909934893147));
#9119 = CARTESIAN_POINT('',(25.961431588629,41.412205399731,
    14.895028552791));
#9120 = CARTESIAN_POINT('',(26.142052962225,41.52556422636,
    14.882388898776));
#9121 = CARTESIAN_POINT('',(26.492504279276,41.803321269702,
    14.860777178934));
#9122 = CARTESIAN_POINT('',(26.657128958061,41.97380761348,
    14.852641249728));
#9123 = CARTESIAN_POINT('',(26.797794033619,42.162326500048,
    14.848550792274));
#9124 = CARTESIAN_POINT('',(26.913820315393,42.366492484096,
    14.848763758352));
#9125 = CARTESIAN_POINT('',(27.00409052301,42.584338379533,
    14.853305913639));
#9126 = CARTESIAN_POINT('',(27.06693382387,42.814019194919,
    14.861977419746));
#9127 = CARTESIAN_POINT('',(27.1,43.053506034825,14.874289276816));
#9128 = CARTESIAN_POINT('',(27.1,43.3,14.889343454704));
#9129 = PCURVE('',#948,#9130);
#9130 = DEFINITIONAL_REPRESENTATION('',(#9131),#9190);
#9131 = B_SPLINE_CURVE_WITH_KNOTS('',8,(#9132,#9133,#9134,#9135,#9136,
    #9137,#9138,#9139,#9140,#9141,#9142,#9143,#9144,#9145,#9146,#9147,
    #9148,#9149,#9150,#9151,#9152,#9153,#9154,#9155,#9156,#9157,#9158,
    #9159,#9160,#9161,#9162,#9163,#9164,#9165,#9166,#9167,#9168,#9169,
    #9170,#9171,#9172,#9173,#9174,#9175,#9176,#9177,#9178,#9179,#9180,
    #9181,#9182,#9183,#9184,#9185,#9186,#9187,#9188,#9189),
  .UNSPECIFIED.,.T.,.F.,(9,7,7,7,7,7,7,7,9),(0.,0.125059441871,
    0.238114567401,0.336941385617,0.430007013181,0.5791723964,
    0.700444122558,0.839204748692,1.),.UNSPECIFIED.);
#9132 = CARTESIAN_POINT('',(4.833930670189,16.049693097132));
#9133 = CARTESIAN_POINT('',(4.827504664398,16.215409137727));
#9134 = CARTESIAN_POINT('',(4.819724523243,16.376341772772));
#9135 = CARTESIAN_POINT('',(4.810546218314,16.529361942047));
#9136 = CARTESIAN_POINT('',(4.799955172404,16.671047059363));
#9137 = CARTESIAN_POINT('',(4.787967765263,16.797671133812));
#9138 = CARTESIAN_POINT('',(4.774634173383,16.905167313533));
#9139 = CARTESIAN_POINT('',(4.760047208314,16.989038512815));
#9140 = CARTESIAN_POINT('',(4.73018205088,17.094050953052));
#9141 = CARTESIAN_POINT('',(4.7154257664,17.119310786688));
#9142 = CARTESIAN_POINT('',(4.700446679434,17.117476442686));
#9143 = CARTESIAN_POINT('',(4.685625365424,17.088025992961));
#9144 = CARTESIAN_POINT('',(4.671340296651,17.032324294692));
#9145 = CARTESIAN_POINT('',(4.657937831856,16.953571032958));
#9146 = CARTESIAN_POINT('',(4.645703255471,16.856780395429));
#9147 = CARTESIAN_POINT('',(4.625334475168,16.654390201868));
#9148 = CARTESIAN_POINT('',(4.616698235246,16.549645593391));
#9149 = CARTESIAN_POINT('',(4.608922967356,16.436515373277));
#9150 = CARTESIAN_POINT('',(4.601996100471,16.316617882517));
#9151 = CARTESIAN_POINT('',(4.595899819709,16.191296494227));
#9152 = CARTESIAN_POINT('',(4.59061432855,16.061672297274));
#9153 = CARTESIAN_POINT('',(4.586120321587,15.928683413911));
#9154 = CARTESIAN_POINT('',(4.578897854362,15.665441797164));
#9155 = CARTESIAN_POINT('',(4.576079766582,15.53540937152));
#9156 = CARTESIAN_POINT('',(4.573933047921,15.403642992633));
#9157 = CARTESIAN_POINT('',(4.572447640369,15.270688799979));
#9158 = CARTESIAN_POINT('',(4.571616918613,15.137036144338));
#9159 = CARTESIAN_POINT('',(4.571437876951,15.003143511318));
#9160 = CARTESIAN_POINT('',(4.571911368997,14.869463978454));
#9161 = CARTESIAN_POINT('',(4.574855214429,14.523308079649));
#9162 = CARTESIAN_POINT('',(4.578356088147,14.312042781192));
#9163 = CARTESIAN_POINT('',(4.583563161316,14.104440984253));
#9164 = CARTESIAN_POINT('',(4.590528093877,13.902650298998));
#9165 = CARTESIAN_POINT('',(4.599319378129,13.709516181558));
#9166 = CARTESIAN_POINT('',(4.610011357338,13.528799110752));
#9167 = CARTESIAN_POINT('',(4.622667026781,13.365509942547));
#9168 = CARTESIAN_POINT('',(4.649201517019,13.113632158266));
#9169 = CARTESIAN_POINT('',(4.66268957502,13.014121521818));
#9170 = CARTESIAN_POINT('',(4.677490638627,12.936839820057));
#9171 = CARTESIAN_POINT('',(4.693211822224,12.887866513834));
#9172 = CARTESIAN_POINT('',(4.709379983581,12.870604500107));
#9173 = CARTESIAN_POINT('',(4.725493824445,12.88577794699));
#9174 = CARTESIAN_POINT('',(4.741064215287,12.931357350734));
#9175 = CARTESIAN_POINT('',(4.772371113614,13.083797912162));
#9176 = CARTESIAN_POINT('',(4.787522228484,13.197158078557));
#9177 = CARTESIAN_POINT('',(4.800990918101,13.335328227005));
#9178 = CARTESIAN_POINT('',(4.812735791859,13.492518814487));
#9179 = CARTESIAN_POINT('',(4.822760864773,13.663924568628));
#9180 = CARTESIAN_POINT('',(4.831098403181,13.845530275499));
#9181 = CARTESIAN_POINT('',(4.837800918374,14.034013852841));
#9182 = CARTESIAN_POINT('',(4.848869487346,14.449786257994));
#9183 = CARTESIAN_POINT('',(4.852729120676,14.679744830244));
#9184 = CARTESIAN_POINT('',(4.854586420408,14.913339862937));
#9185 = CARTESIAN_POINT('',(4.85447859351,15.148165912239));
#9186 = CARTESIAN_POINT('',(4.852406285669,15.381960705039));
#9187 = CARTESIAN_POINT('',(4.84833709951,15.612291008915));
#9188 = CARTESIAN_POINT('',(4.842208381996,15.836224626932));
#9189 = CARTESIAN_POINT('',(4.833930670189,16.049693097132));
#9190 = ( GEOMETRIC_REPRESENTATION_CONTEXT(2) 
PARAMETRIC_REPRESENTATION_CONTEXT() REPRESENTATION_CONTEXT('2D SPACE',''
  ) );
#9191 = PCURVE('',#8825,#9192);
#9192 = DEFINITIONAL_REPRESENTATION('',(#9193),#9252);
#9193 = B_SPLINE_CURVE_WITH_KNOTS('',8,(#9194,#9195,#9196,#9197,#9198,
    #9199,#9200,#9201,#9202,#9203,#9204,#9205,#9206,#9207,#9208,#9209,
    #9210,#9211,#9212,#9213,#9214,#9215,#9216,#9217,#9218,#9219,#9220,
    #9221,#9222,#9223,#9224,#9225,#9226,#9227,#9228,#9229,#9230,#9231,
    #9232,#9233,#9234,#9235,#9236,#9237,#9238,#9239,#9240,#9241,#9242,
    #9243,#9244,#9245,#9246,#9247,#9248,#9249,#9250,#9251),
  .UNSPECIFIED.,.F.,.F.,(9,7,7,7,7,7,7,7,9),(0.,0.125059441871,
    0.238114567401,0.336941385617,0.430007013181,0.5791723964,
    0.700444122558,0.839204748692,1.),.UNSPECIFIED.);
#9194 = CARTESIAN_POINT('',(8.881784197001E-16,34.889343454704));
#9195 = CARTESIAN_POINT('',(9.112085934351E-02,34.901030045944));
#9196 = CARTESIAN_POINT('',(0.185089744531,34.914476550023));
#9197 = CARTESIAN_POINT('',(0.281941219462,34.929244698834));
#9198 = CARTESIAN_POINT('',(0.381781766012,34.944659174093));
#9199 = CARTESIAN_POINT('',(0.484817551608,34.959813930344));
#9200 = CARTESIAN_POINT('',(0.591348619818,34.973602137097));
#9201 = CARTESIAN_POINT('',(0.701794232236,34.984812370569));
#9202 = CARTESIAN_POINT('',(0.920793319776,34.999133037816));
#9203 = CARTESIAN_POINT('',(1.026155615689,35.002763096333));
#9204 = CARTESIAN_POINT('',(1.131863678739,35.002566064561));
#9205 = CARTESIAN_POINT('',(1.237074255867,34.998309592064));
#9206 = CARTESIAN_POINT('',(1.340955123884,34.990392139838));
#9207 = CARTESIAN_POINT('',(1.442565691537,34.979742375801));
#9208 = CARTESIAN_POINT('',(1.540704659712,34.967543439205));
#9209 = CARTESIAN_POINT('',(1.714857012186,34.943871973792));
#9210 = CARTESIAN_POINT('',(1.793638645439,34.932292489607));
#9211 = CARTESIAN_POINT('',(1.87029794932,34.920664631585));
#9212 = CARTESIAN_POINT('',(1.945108648016,34.909397781797));
#9213 = CARTESIAN_POINT('',(2.018313259423,34.898820600266));
#9214 = CARTESIAN_POINT('',(2.090138191721,34.889186338083));
#9215 = CARTESIAN_POINT('',(2.1608039973,34.880683396372));
#9216 = CARTESIAN_POINT('',(2.296192790414,34.866640476678));
#9217 = CARTESIAN_POINT('',(2.361059624293,34.860952592094));
#9218 = CARTESIAN_POINT('',(2.425323579882,34.856504352346));
#9219 = CARTESIAN_POINT('',(2.489161779442,34.853375279995));
#9220 = CARTESIAN_POINT('',(2.552743540634,34.851613596445));
#9221 = CARTESIAN_POINT('',(2.61623645337,34.85123983835));
#9222 = CARTESIAN_POINT('',(2.679811166158,34.852248039147));
#9223 = CARTESIAN_POINT('',(2.845957421293,34.858381367045));
#9224 = CARTESIAN_POINT('',(2.948870322916,34.865619084169));
#9225 = CARTESIAN_POINT('',(3.053201654584,34.876175682662));
#9226 = CARTESIAN_POINT('',(3.159691057977,34.889731305695));
#9227 = CARTESIAN_POINT('',(3.269082415059,34.905750579979));
#9228 = CARTESIAN_POINT('',(3.382160209475,34.923363906735));
#9229 = CARTESIAN_POINT('',(3.499824675234,34.941266651214));
#9230 = CARTESIAN_POINT('',(3.723669027854,34.971124222022));
#9231 = CARTESIAN_POINT('',(3.830249248499,34.983881227466));
#9232 = CARTESIAN_POINT('',(3.940685578846,34.994560833335));
#9233 = CARTESIAN_POINT('',(4.053410694305,35.001688607001));
#9234 = CARTESIAN_POINT('',(4.167202724193,35.004187027278));
#9235 = CARTESIAN_POINT('',(4.280928466168,35.001884165347));
#9236 = CARTESIAN_POINT('',(4.39338205753,34.995431058231));
#9237 = CARTESIAN_POINT('',(4.628290638153,34.97511489462));
#9238 = CARTESIAN_POINT('',(4.747708049334,34.960502319346));
#9239 = CARTESIAN_POINT('',(4.862242423463,34.943765600802));
#9240 = CARTESIAN_POINT('',(4.972608504776,34.926486564589));
#9241 = CARTESIAN_POINT('',(5.079370490374,34.909934893147));
#9242 = CARTESIAN_POINT('',(5.183009364955,34.895028552791));
#9243 = CARTESIAN_POINT('',(5.283944266653,34.882388898776));
#9244 = CARTESIAN_POINT('',(5.496884540581,34.860777178934));
#9245 = CARTESIAN_POINT('',(5.608747459588,34.852641249728));
#9246 = CARTESIAN_POINT('',(5.719277684846,34.848550792274));
#9247 = CARTESIAN_POINT('',(5.829386708021,34.848763758352));
#9248 = CARTESIAN_POINT('',(5.939930726979,34.853305913639));
#9249 = CARTESIAN_POINT('',(6.051765670248,34.861977419746));
#9250 = CARTESIAN_POINT('',(6.165807228525,34.874289276816));
#9251 = CARTESIAN_POINT('',(6.28318530718,34.889343454704));
#9252 = ( GEOMETRIC_REPRESENTATION_CONTEXT(2) 
PARAMETRIC_REPRESENTATION_CONTEXT() REPRESENTATION_CONTEXT('2D SPACE',''
  ) );
#9253 = FACE_BOUND('',#9254,.F.);
#9254 = EDGE_LOOP('',(#9255));
#9255 = ORIENTED_EDGE('',*,*,#9256,.T.);
#9256 = EDGE_CURVE('',#9257,#9257,#9259,.T.);
#9257 = VERTEX_POINT('',#9258);
#9258 = CARTESIAN_POINT('',(27.1,43.3,-14.8893434547));
#9259 = SURFACE_CURVE('',#9260,(#9319,#9381),.PCURVE_S1.);
#9260 = B_SPLINE_CURVE_WITH_KNOTS('',8,(#9261,#9262,#9263,#9264,#9265,
    #9266,#9267,#9268,#9269,#9270,#9271,#9272,#9273,#9274,#9275,#9276,
    #9277,#9278,#9279,#9280,#9281,#9282,#9283,#9284,#9285,#9286,#9287,
    #9288,#9289,#9290,#9291,#9292,#9293,#9294,#9295,#9296,#9297,#9298,
    #9299,#9300,#9301,#9302,#9303,#9304,#9305,#9306,#9307,#9308,#9309,
    #9310,#9311,#9312,#9313,#9314,#9315,#9316,#9317,#9318),
  .UNSPECIFIED.,.T.,.F.,(9,7,7,7,7,7,7,7,9),(0.,0.125059441871,
    0.2381145674,0.336941385616,0.43000701318,0.579172396399,
    0.700444122556,0.839204748691,1.),.UNSPECIFIED.);
#9261 = CARTESIAN_POINT('',(27.1,43.3,-14.8893434547));
#9262 = CARTESIAN_POINT('',(27.1,43.491353804621,-14.90103004594));
#9263 = CARTESIAN_POINT('',(27.080073131064,43.688689288403,
    -14.91447655002));
#9264 = CARTESIAN_POINT('',(27.038037188795,43.889653230585,
    -14.92924469883));
#9265 = CARTESIAN_POINT('',(26.971934308369,44.091423947007,
    -14.94465917409));
#9266 = CARTESIAN_POINT('',(26.880051892557,44.290687799888,
    -14.95981393034));
#9267 = CARTESIAN_POINT('',(26.760964012006,44.483572043601,
    -14.97360213709));
#9268 = CARTESIAN_POINT('',(26.613625244813,44.665487445092,
    -14.98481237056));
#9269 = CARTESIAN_POINT('',(26.278373969886,44.980309347403,
    -14.99913303781));
#9270 = CARTESIAN_POINT('',(26.099318512041,45.112857854142,
    -15.00276309633));
#9271 = CARTESIAN_POINT('',(25.903769532307,45.223643288577,
    -15.00256606456));
#9272 = CARTESIAN_POINT('',(25.69648421765,45.309316331904,
    -14.99830959206));
#9273 = CARTESIAN_POINT('',(25.483140933443,45.368174495051,
    -14.99039213983));
#9274 = CARTESIAN_POINT('',(25.269879619408,45.400367483359,
    -14.9797423758));
#9275 = CARTESIAN_POINT('',(25.062894238299,45.408109033524,
    -14.9675434392));
#9276 = CARTESIAN_POINT('',(24.697895962865,45.385145288477,
    -14.94387197379));
#9277 = CARTESIAN_POINT('',(24.533776324487,45.358953042655,
    -14.9322924896));
#9278 = CARTESIAN_POINT('',(24.37670209292,45.319010068708,
    -14.92066463158));
#9279 = CARTESIAN_POINT('',(24.227295021502,45.266826099565,
    -14.90939778179));
#9280 = CARTESIAN_POINT('',(24.085969058972,45.203713339838,
    -14.89882060026));
#9281 = CARTESIAN_POINT('',(23.953003054184,45.130805322753,
    -14.88918633808));
#9282 = CARTESIAN_POINT('',(23.828594624426,45.049071208786,
    -14.88068339637));
#9283 = CARTESIAN_POINT('',(23.603940544079,44.874811641587,
    -14.86664047667));
#9284 = CARTESIAN_POINT('',(23.502647596591,44.783145254572,
    -14.86095259209));
#9285 = CARTESIAN_POINT('',(23.409143633328,44.684979552073,
    -14.85650435234));
#9286 = CARTESIAN_POINT('',(23.323560451709,44.580869070757,
    -14.85337527999));
#9287 = CARTESIAN_POINT('',(23.246049751666,44.471291281809,
    -14.85161359644));
#9288 = CARTESIAN_POINT('',(23.176798756914,44.356667505858,
    -14.85123983835));
#9289 = CARTESIAN_POINT('',(23.116046063927,44.237383157834,
    -14.85224803914));
#9290 = CARTESIAN_POINT('',(22.980835025012,43.915740243477,
    -14.85838136704));
#9291 = CARTESIAN_POINT('',(22.920243353574,43.706773944573,
    -14.86561908416));
#9292 = CARTESIAN_POINT('',(22.883461445088,43.488290947569,
    -14.87617568266));
#9293 = CARTESIAN_POINT('',(22.872277840763,43.261738472223,
    -14.88973130569));
#9294 = CARTESIAN_POINT('',(22.889073725892,43.029027374063,
    -14.90575057997));
#9295 = CARTESIAN_POINT('',(22.936787513799,42.792803368358,
    -14.92336390673));
#9296 = CARTESIAN_POINT('',(23.018840151133,42.556877393218,
    -14.94126665121));
#9297 = CARTESIAN_POINT('',(23.236617881849,42.140294127322,
    -14.97112422202));
#9298 = CARTESIAN_POINT('',(23.361739242216,41.953147328969,
    -14.98388122746));
#9299 = CARTESIAN_POINT('',(23.515181315614,41.775317030765,
    -14.99456083333));
#9300 = CARTESIAN_POINT('',(23.694892643363,41.615007685878,
    -15.001688607));
#9301 = CARTESIAN_POINT('',(23.896362884057,41.478752773285,
    -15.00418702727));
#9302 = CARTESIAN_POINT('',(24.113320896946,41.371009247441,
    -15.00188416534));
#9303 = CARTESIAN_POINT('',(24.338322543208,41.293731623717,
    -14.99543105823));
#9304 = CARTESIAN_POINT('',(24.820849295886,41.191160990183,
    -14.97511489462));
#9305 = CARTESIAN_POINT('',(25.073984526908,41.175907014355,
    -14.96050231934));
#9306 = CARTESIAN_POINT('',(25.317476585748,41.194868999634,
    -14.9437656008));
#9307 = CARTESIAN_POINT('',(25.547934191856,41.243319722724,
    -14.92648656458));
#9308 = CARTESIAN_POINT('',(25.763087260529,41.317021164799,
    -14.90993489314));
#9309 = CARTESIAN_POINT('',(25.961431588629,41.412205399731,
    -14.89502855279));
#9310 = CARTESIAN_POINT('',(26.142052962225,41.525564226359,
    -14.88238889877));
#9311 = CARTESIAN_POINT('',(26.492504279279,41.803321269704,
    -14.86077717893));
#9312 = CARTESIAN_POINT('',(26.657128958057,41.973807613478,
    -14.85264124972));
#9313 = CARTESIAN_POINT('',(26.79779403362,42.162326500046,
    -14.84855079227));
#9314 = CARTESIAN_POINT('',(26.913820315395,42.366492484099,
    -14.84876375835));
#9315 = CARTESIAN_POINT('',(27.004090523008,42.584338379535,
    -14.85330591363));
#9316 = CARTESIAN_POINT('',(27.06693382387,42.814019194915,
    -14.86197741974));
#9317 = CARTESIAN_POINT('',(27.1,43.053506034826,-14.87428927681));
#9318 = CARTESIAN_POINT('',(27.1,43.3,-14.8893434547));
#9319 = PCURVE('',#948,#9320);
#9320 = DEFINITIONAL_REPRESENTATION('',(#9321),#9380);
#9321 = B_SPLINE_CURVE_WITH_KNOTS('',8,(#9322,#9323,#9324,#9325,#9326,
    #9327,#9328,#9329,#9330,#9331,#9332,#9333,#9334,#9335,#9336,#9337,
    #9338,#9339,#9340,#9341,#9342,#9343,#9344,#9345,#9346,#9347,#9348,
    #9349,#9350,#9351,#9352,#9353,#9354,#9355,#9356,#9357,#9358,#9359,
    #9360,#9361,#9362,#9363,#9364,#9365,#9366,#9367,#9368,#9369,#9370,
    #9371,#9372,#9373,#9374,#9375,#9376,#9377,#9378,#9379),
  .UNSPECIFIED.,.T.,.F.,(9,7,7,7,7,7,7,7,9),(0.,0.125059441871,
    0.2381145674,0.336941385616,0.43000701318,0.579172396399,
    0.700444122556,0.839204748691,1.),.UNSPECIFIED.);
#9322 = CARTESIAN_POINT('',(1.44925463699,16.049693097132));
#9323 = CARTESIAN_POINT('',(1.455680642782,16.215409137727));
#9324 = CARTESIAN_POINT('',(1.463460783936,16.376341772772));
#9325 = CARTESIAN_POINT('',(1.472639088866,16.529361942047));
#9326 = CARTESIAN_POINT('',(1.483230134776,16.671047059362));
#9327 = CARTESIAN_POINT('',(1.495217541916,16.797671133812));
#9328 = CARTESIAN_POINT('',(1.508551133797,16.905167313534));
#9329 = CARTESIAN_POINT('',(1.523138098866,16.989038512815));
#9330 = CARTESIAN_POINT('',(1.553003256299,17.094050953052));
#9331 = CARTESIAN_POINT('',(1.56775954078,17.119310786688));
#9332 = CARTESIAN_POINT('',(1.582738627746,17.117476442686));
#9333 = CARTESIAN_POINT('',(1.597559941755,17.088025992961));
#9334 = CARTESIAN_POINT('',(1.611845010529,17.032324294692));
#9335 = CARTESIAN_POINT('',(1.625247475323,16.953571032958));
#9336 = CARTESIAN_POINT('',(1.637482051709,16.856780395429));
#9337 = CARTESIAN_POINT('',(1.657850832012,16.654390201868));
#9338 = CARTESIAN_POINT('',(1.666487071934,16.549645593391));
#9339 = CARTESIAN_POINT('',(1.674262339824,16.436515373277));
#9340 = CARTESIAN_POINT('',(1.681189206709,16.316617882516));
#9341 = CARTESIAN_POINT('',(1.68728548747,16.191296494227));
#9342 = CARTESIAN_POINT('',(1.69257097863,16.061672297274));
#9343 = CARTESIAN_POINT('',(1.697064985593,15.928683413911));
#9344 = CARTESIAN_POINT('',(1.704287452818,15.665441797164));
#9345 = CARTESIAN_POINT('',(1.707105540597,15.53540937152));
#9346 = CARTESIAN_POINT('',(1.709252259259,15.403642992633));
#9347 = CARTESIAN_POINT('',(1.710737666811,15.270688799979));
#9348 = CARTESIAN_POINT('',(1.711568388567,15.137036144338));
#9349 = CARTESIAN_POINT('',(1.711747430228,15.003143511318));
#9350 = CARTESIAN_POINT('',(1.711273938183,14.869463978454));
#9351 = CARTESIAN_POINT('',(1.70833009275,14.523308079649));
#9352 = CARTESIAN_POINT('',(1.704829219033,14.312042781192));
#9353 = CARTESIAN_POINT('',(1.699622145863,14.104440984253));
#9354 = CARTESIAN_POINT('',(1.692657213303,13.902650298998));
#9355 = CARTESIAN_POINT('',(1.68386592905,13.709516181558));
#9356 = CARTESIAN_POINT('',(1.673173949841,13.528799110752));
#9357 = CARTESIAN_POINT('',(1.660518280399,13.365509942547));
#9358 = CARTESIAN_POINT('',(1.633983790161,13.113632158266));
#9359 = CARTESIAN_POINT('',(1.62049573216,13.014121521818));
#9360 = CARTESIAN_POINT('',(1.605694668552,12.936839820057));
#9361 = CARTESIAN_POINT('',(1.589973484956,12.887866513834));
#9362 = CARTESIAN_POINT('',(1.573805323598,12.870604500107));
#9363 = CARTESIAN_POINT('',(1.557691482735,12.88577794699));
#9364 = CARTESIAN_POINT('',(1.542121091893,12.931357350734));
#9365 = CARTESIAN_POINT('',(1.510814193566,13.083797912162));
#9366 = CARTESIAN_POINT('',(1.495663078696,13.197158078557));
#9367 = CARTESIAN_POINT('',(1.482194389079,13.335328227005));
#9368 = CARTESIAN_POINT('',(1.470449515321,13.492518814486));
#9369 = CARTESIAN_POINT('',(1.460424442407,13.663924568628));
#9370 = CARTESIAN_POINT('',(1.452086903999,13.845530275499));
#9371 = CARTESIAN_POINT('',(1.445384388806,14.034013852841));
#9372 = CARTESIAN_POINT('',(1.434315819833,14.449786257997));
#9373 = CARTESIAN_POINT('',(1.430456186503,14.679744830239));
#9374 = CARTESIAN_POINT('',(1.428598886772,14.913339862936));
#9375 = CARTESIAN_POINT('',(1.42870671367,15.148165912243));
#9376 = CARTESIAN_POINT('',(1.430779021511,15.381960705039));
#9377 = CARTESIAN_POINT('',(1.434848207669,15.612291008912));
#9378 = CARTESIAN_POINT('',(1.440976925184,15.836224626934));
#9379 = CARTESIAN_POINT('',(1.44925463699,16.049693097132));
#9380 = ( GEOMETRIC_REPRESENTATION_CONTEXT(2) 
PARAMETRIC_REPRESENTATION_CONTEXT() REPRESENTATION_CONTEXT('2D SPACE',''
  ) );
#9381 = PCURVE('',#8630,#9382);
#9382 = DEFINITIONAL_REPRESENTATION('',(#9383),#9442);
#9383 = B_SPLINE_CURVE_WITH_KNOTS('',8,(#9384,#9385,#9386,#9387,#9388,
    #9389,#9390,#9391,#9392,#9393,#9394,#9395,#9396,#9397,#9398,#9399,
    #9400,#9401,#9402,#9403,#9404,#9405,#9406,#9407,#9408,#9409,#9410,
    #9411,#9412,#9413,#9414,#9415,#9416,#9417,#9418,#9419,#9420,#9421,
    #9422,#9423,#9424,#9425,#9426,#9427,#9428,#9429,#9430,#9431,#9432,
    #9433,#9434,#9435,#9436,#9437,#9438,#9439,#9440,#9441),
  .UNSPECIFIED.,.F.,.F.,(9,7,7,7,7,7,7,7,9),(0.,0.125059441871,
    0.2381145674,0.336941385616,0.43000701318,0.579172396399,
    0.700444122556,0.839204748691,1.),.UNSPECIFIED.);
#9384 = CARTESIAN_POINT('',(8.881784197001E-16,5.110656545296));
#9385 = CARTESIAN_POINT('',(9.112085934348E-02,5.098969954056));
#9386 = CARTESIAN_POINT('',(0.185089744531,5.085523449977));
#9387 = CARTESIAN_POINT('',(0.281941219461,5.070755301166));
#9388 = CARTESIAN_POINT('',(0.381781766012,5.055340825907));
#9389 = CARTESIAN_POINT('',(0.484817551608,5.040186069656));
#9390 = CARTESIAN_POINT('',(0.591348619818,5.026397862903));
#9391 = CARTESIAN_POINT('',(0.701794232236,5.015187629431));
#9392 = CARTESIAN_POINT('',(0.920793319776,5.000866962184));
#9393 = CARTESIAN_POINT('',(1.026155615688,4.997236903667));
#9394 = CARTESIAN_POINT('',(1.131863678739,4.997433935439));
#9395 = CARTESIAN_POINT('',(1.237074255867,5.001690407936));
#9396 = CARTESIAN_POINT('',(1.340955123884,5.009607860162));
#9397 = CARTESIAN_POINT('',(1.442565691537,5.020257624199));
#9398 = CARTESIAN_POINT('',(1.540704659712,5.032456560795));
#9399 = CARTESIAN_POINT('',(1.714857012186,5.056128026208));
#9400 = CARTESIAN_POINT('',(1.793638645439,5.067707510393));
#9401 = CARTESIAN_POINT('',(1.87029794932,5.079335368415));
#9402 = CARTESIAN_POINT('',(1.945108648016,5.090602218203));
#9403 = CARTESIAN_POINT('',(2.018313259423,5.101179399734));
#9404 = CARTESIAN_POINT('',(2.090138191721,5.110813661917));
#9405 = CARTESIAN_POINT('',(2.1608039973,5.119316603628));
#9406 = CARTESIAN_POINT('',(2.296192790414,5.133359523322));
#9407 = CARTESIAN_POINT('',(2.361059624293,5.139047407906));
#9408 = CARTESIAN_POINT('',(2.425323579882,5.143495647654));
#9409 = CARTESIAN_POINT('',(2.489161779442,5.146624720005));
#9410 = CARTESIAN_POINT('',(2.552743540634,5.148386403555));
#9411 = CARTESIAN_POINT('',(2.61623645337,5.14876016165));
#9412 = CARTESIAN_POINT('',(2.679811166158,5.147751960853));
#9413 = CARTESIAN_POINT('',(2.845957421293,5.141618632955));
#9414 = CARTESIAN_POINT('',(2.948870322916,5.134380915831));
#9415 = CARTESIAN_POINT('',(3.053201654584,5.123824317339));
#9416 = CARTESIAN_POINT('',(3.159691057977,5.110268694305));
#9417 = CARTESIAN_POINT('',(3.269082415059,5.094249420021));
#9418 = CARTESIAN_POINT('',(3.382160209475,5.076636093265));
#9419 = CARTESIAN_POINT('',(3.499824675234,5.058733348786));
#9420 = CARTESIAN_POINT('',(3.723669027854,5.028875777978));
#9421 = CARTESIAN_POINT('',(3.830249248499,5.016118772534));
#9422 = CARTESIAN_POINT('',(3.940685578847,5.005439166665));
#9423 = CARTESIAN_POINT('',(4.053410694304,4.998311392999));
#9424 = CARTESIAN_POINT('',(4.167202724195,4.995812972722));
#9425 = CARTESIAN_POINT('',(4.280928466167,4.998115834653));
#9426 = CARTESIAN_POINT('',(4.39338205753,5.004568941769));
#9427 = CARTESIAN_POINT('',(4.628290638153,5.02488510538));
#9428 = CARTESIAN_POINT('',(4.747708049333,5.039497680654));
#9429 = CARTESIAN_POINT('',(4.862242423463,5.056234399198));
#9430 = CARTESIAN_POINT('',(4.972608504776,5.073513435411));
#9431 = CARTESIAN_POINT('',(5.079370490373,5.090065106853));
#9432 = CARTESIAN_POINT('',(5.183009364955,5.104971447209));
#9433 = CARTESIAN_POINT('',(5.283944266653,5.117611101224));
#9434 = CARTESIAN_POINT('',(5.496884540583,5.139222821066));
#9435 = CARTESIAN_POINT('',(5.608747459586,5.147358750271));
#9436 = CARTESIAN_POINT('',(5.719277684846,5.151449207726));
#9437 = CARTESIAN_POINT('',(5.829386708023,5.151236241648));
#9438 = CARTESIAN_POINT('',(5.939930726979,5.146694086361));
#9439 = CARTESIAN_POINT('',(6.051765670247,5.138022580254));
#9440 = CARTESIAN_POINT('',(6.165807228525,5.125710723183));
#9441 = CARTESIAN_POINT('',(6.28318530718,5.110656545296));
#9442 = ( GEOMETRIC_REPRESENTATION_CONTEXT(2) 
PARAMETRIC_REPRESENTATION_CONTEXT() REPRESENTATION_CONTEXT('2D SPACE',''
  ) );
#9443 = ADVANCED_FACE('',(#9444),#974,.T.);
#9444 = FACE_BOUND('',#9445,.T.);
#9445 = EDGE_LOOP('',(#9446,#9447,#9448,#9449,#9450));
#9446 = ORIENTED_EDGE('',*,*,#9041,.T.);
#9447 = ORIENTED_EDGE('',*,*,#8970,.T.);
#9448 = ORIENTED_EDGE('',*,*,#959,.T.);
#9449 = ORIENTED_EDGE('',*,*,#8995,.T.);
#9450 = ORIENTED_EDGE('',*,*,#2738,.F.);
#9451 = ADVANCED_FACE('',(#9452),#1938,.F.);
#9452 = FACE_BOUND('',#9453,.F.);
#9453 = EDGE_LOOP('',(#9454,#9455,#9476,#9477));
#9454 = ORIENTED_EDGE('',*,*,#3563,.F.);
#9455 = ORIENTED_EDGE('',*,*,#9456,.F.);
#9456 = EDGE_CURVE('',#1922,#3564,#9457,.T.);
#9457 = SEAM_CURVE('',#9458,(#9462,#9469),.PCURVE_S1.);
#9458 = LINE('',#9459,#9460);
#9459 = CARTESIAN_POINT('',(-19.5,-22.,-6.));
#9460 = VECTOR('',#9461,1.);
#9461 = DIRECTION('',(0.,0.,1.));
#9462 = PCURVE('',#1938,#9463);
#9463 = DEFINITIONAL_REPRESENTATION('',(#9464),#9468);
#9464 = LINE('',#9465,#9466);
#9465 = CARTESIAN_POINT('',(6.28318530718,-0.));
#9466 = VECTOR('',#9467,1.);
#9467 = DIRECTION('',(0.,1.));
#9468 = ( GEOMETRIC_REPRESENTATION_CONTEXT(2) 
PARAMETRIC_REPRESENTATION_CONTEXT() REPRESENTATION_CONTEXT('2D SPACE',''
  ) );
#9469 = PCURVE('',#1938,#9470);
#9470 = DEFINITIONAL_REPRESENTATION('',(#9471),#9475);
#9471 = LINE('',#9472,#9473);
#9472 = CARTESIAN_POINT('',(0.,-0.));
#9473 = VECTOR('',#9474,1.);
#9474 = DIRECTION('',(0.,1.));
#9475 = ( GEOMETRIC_REPRESENTATION_CONTEXT(2) 
PARAMETRIC_REPRESENTATION_CONTEXT() REPRESENTATION_CONTEXT('2D SPACE',''
  ) );
#9476 = ORIENTED_EDGE('',*,*,#1921,.T.);
#9477 = ORIENTED_EDGE('',*,*,#9456,.T.);
#9478 = ADVANCED_FACE('',(#9479),#1969,.F.);
#9479 = FACE_BOUND('',#9480,.F.);
#9480 = EDGE_LOOP('',(#9481,#9482,#9503,#9504));
#9481 = ORIENTED_EDGE('',*,*,#3589,.F.);
#9482 = ORIENTED_EDGE('',*,*,#9483,.F.);
#9483 = EDGE_CURVE('',#1953,#3590,#9484,.T.);
#9484 = SEAM_CURVE('',#9485,(#9489,#9496),.PCURVE_S1.);
#9485 = LINE('',#9486,#9487);
#9486 = CARTESIAN_POINT('',(24.5,-22.,-6.));
#9487 = VECTOR('',#9488,1.);
#9488 = DIRECTION('',(0.,0.,1.));
#9489 = PCURVE('',#1969,#9490);
#9490 = DEFINITIONAL_REPRESENTATION('',(#9491),#9495);
#9491 = LINE('',#9492,#9493);
#9492 = CARTESIAN_POINT('',(6.28318530718,-0.));
#9493 = VECTOR('',#9494,1.);
#9494 = DIRECTION('',(0.,1.));
#9495 = ( GEOMETRIC_REPRESENTATION_CONTEXT(2) 
PARAMETRIC_REPRESENTATION_CONTEXT() REPRESENTATION_CONTEXT('2D SPACE',''
  ) );
#9496 = PCURVE('',#1969,#9497);
#9497 = DEFINITIONAL_REPRESENTATION('',(#9498),#9502);
#9498 = LINE('',#9499,#9500);
#9499 = CARTESIAN_POINT('',(0.,-0.));
#9500 = VECTOR('',#9501,1.);
#9501 = DIRECTION('',(0.,1.));
#9502 = ( GEOMETRIC_REPRESENTATION_CONTEXT(2) 
PARAMETRIC_REPRESENTATION_CONTEXT() REPRESENTATION_CONTEXT('2D SPACE',''
  ) );
#9503 = ORIENTED_EDGE('',*,*,#1952,.T.);
#9504 = ORIENTED_EDGE('',*,*,#9483,.T.);
#9505 = ADVANCED_FACE('',(#9506),#2000,.F.);
#9506 = FACE_BOUND('',#9507,.F.);
#9507 = EDGE_LOOP('',(#9508,#9509,#9530,#9531));
#9508 = ORIENTED_EDGE('',*,*,#3615,.F.);
#9509 = ORIENTED_EDGE('',*,*,#9510,.F.);
#9510 = EDGE_CURVE('',#1984,#3616,#9511,.T.);
#9511 = SEAM_CURVE('',#9512,(#9516,#9523),.PCURVE_S1.);
#9512 = LINE('',#9513,#9514);
#9513 = CARTESIAN_POINT('',(-19.5,22.,-6.));
#9514 = VECTOR('',#9515,1.);
#9515 = DIRECTION('',(0.,0.,1.));
#9516 = PCURVE('',#2000,#9517);
#9517 = DEFINITIONAL_REPRESENTATION('',(#9518),#9522);
#9518 = LINE('',#9519,#9520);
#9519 = CARTESIAN_POINT('',(6.28318530718,-0.));
#9520 = VECTOR('',#9521,1.);
#9521 = DIRECTION('',(0.,1.));
#9522 = ( GEOMETRIC_REPRESENTATION_CONTEXT(2) 
PARAMETRIC_REPRESENTATION_CONTEXT() REPRESENTATION_CONTEXT('2D SPACE',''
  ) );
#9523 = PCURVE('',#2000,#9524);
#9524 = DEFINITIONAL_REPRESENTATION('',(#9525),#9529);
#9525 = LINE('',#9526,#9527);
#9526 = CARTESIAN_POINT('',(0.,-0.));
#9527 = VECTOR('',#9528,1.);
#9528 = DIRECTION('',(0.,1.));
#9529 = ( GEOMETRIC_REPRESENTATION_CONTEXT(2) 
PARAMETRIC_REPRESENTATION_CONTEXT() REPRESENTATION_CONTEXT('2D SPACE',''
  ) );
#9530 = ORIENTED_EDGE('',*,*,#1983,.T.);
#9531 = ORIENTED_EDGE('',*,*,#9510,.T.);
#9532 = ADVANCED_FACE('',(#9533),#2031,.F.);
#9533 = FACE_BOUND('',#9534,.F.);
#9534 = EDGE_LOOP('',(#9535,#9536,#9557,#9558));
#9535 = ORIENTED_EDGE('',*,*,#3641,.F.);
#9536 = ORIENTED_EDGE('',*,*,#9537,.F.);
#9537 = EDGE_CURVE('',#2015,#3642,#9538,.T.);
#9538 = SEAM_CURVE('',#9539,(#9543,#9550),.PCURVE_S1.);
#9539 = LINE('',#9540,#9541);
#9540 = CARTESIAN_POINT('',(24.5,22.,-6.));
#9541 = VECTOR('',#9542,1.);
#9542 = DIRECTION('',(0.,0.,1.));
#9543 = PCURVE('',#2031,#9544);
#9544 = DEFINITIONAL_REPRESENTATION('',(#9545),#9549);
#9545 = LINE('',#9546,#9547);
#9546 = CARTESIAN_POINT('',(6.28318530718,-0.));
#9547 = VECTOR('',#9548,1.);
#9548 = DIRECTION('',(0.,1.));
#9549 = ( GEOMETRIC_REPRESENTATION_CONTEXT(2) 
PARAMETRIC_REPRESENTATION_CONTEXT() REPRESENTATION_CONTEXT('2D SPACE',''
  ) );
#9550 = PCURVE('',#2031,#9551);
#9551 = DEFINITIONAL_REPRESENTATION('',(#9552),#9556);
#9552 = LINE('',#9553,#9554);
#9553 = CARTESIAN_POINT('',(0.,-0.));
#9554 = VECTOR('',#9555,1.);
#9555 = DIRECTION('',(0.,1.));
#9556 = ( GEOMETRIC_REPRESENTATION_CONTEXT(2) 
PARAMETRIC_REPRESENTATION_CONTEXT() REPRESENTATION_CONTEXT('2D SPACE',''
  ) );
#9557 = ORIENTED_EDGE('',*,*,#2014,.T.);
#9558 = ORIENTED_EDGE('',*,*,#9537,.T.);
#9559 = ADVANCED_FACE('',(#9560),#2224,.F.);
#9560 = FACE_BOUND('',#9561,.F.);
#9561 = EDGE_LOOP('',(#9562,#9563,#9564,#9565));
#9562 = ORIENTED_EDGE('',*,*,#3457,.T.);
#9563 = ORIENTED_EDGE('',*,*,#2207,.T.);
#9564 = ORIENTED_EDGE('',*,*,#3373,.T.);
#9565 = ORIENTED_EDGE('',*,*,#4482,.F.);
#9566 = ADVANCED_FACE('',(#9567,#9570),#2118,.T.);
#9567 = FACE_BOUND('',#9568,.T.);
#9568 = EDGE_LOOP('',(#9569));
#9569 = ORIENTED_EDGE('',*,*,#2103,.T.);
#9570 = FACE_BOUND('',#9571,.T.);
#9571 = EDGE_LOOP('',(#9572));
#9572 = ORIENTED_EDGE('',*,*,#4387,.F.);
#9573 = ADVANCED_FACE('',(#9574),#2367,.F.);
#9574 = FACE_BOUND('',#9575,.F.);
#9575 = EDGE_LOOP('',(#9576,#9577,#9598,#9599));
#9576 = ORIENTED_EDGE('',*,*,#4530,.F.);
#9577 = ORIENTED_EDGE('',*,*,#9578,.F.);
#9578 = EDGE_CURVE('',#2258,#4531,#9579,.T.);
#9579 = SEAM_CURVE('',#9580,(#9584,#9591),.PCURVE_S1.);
#9580 = LINE('',#9581,#9582);
#9581 = CARTESIAN_POINT('',(27.1,-43.3,-20.));
#9582 = VECTOR('',#9583,1.);
#9583 = DIRECTION('',(0.,0.,1.));
#9584 = PCURVE('',#2367,#9585);
#9585 = DEFINITIONAL_REPRESENTATION('',(#9586),#9590);
#9586 = LINE('',#9587,#9588);
#9587 = CARTESIAN_POINT('',(6.28318530718,-0.));
#9588 = VECTOR('',#9589,1.);
#9589 = DIRECTION('',(0.,1.));
#9590 = ( GEOMETRIC_REPRESENTATION_CONTEXT(2) 
PARAMETRIC_REPRESENTATION_CONTEXT() REPRESENTATION_CONTEXT('2D SPACE',''
  ) );
#9591 = PCURVE('',#2367,#9592);
#9592 = DEFINITIONAL_REPRESENTATION('',(#9593),#9597);
#9593 = LINE('',#9594,#9595);
#9594 = CARTESIAN_POINT('',(0.,-0.));
#9595 = VECTOR('',#9596,1.);
#9596 = DIRECTION('',(0.,1.));
#9597 = ( GEOMETRIC_REPRESENTATION_CONTEXT(2) 
PARAMETRIC_REPRESENTATION_CONTEXT() REPRESENTATION_CONTEXT('2D SPACE',''
  ) );
#9598 = ORIENTED_EDGE('',*,*,#2257,.T.);
#9599 = ORIENTED_EDGE('',*,*,#9578,.T.);
#9600 = ADVANCED_FACE('',(#9601),#2554,.F.);
#9601 = FACE_BOUND('',#9602,.F.);
#9602 = EDGE_LOOP('',(#9603,#9604,#9625,#9626));
#9603 = ORIENTED_EDGE('',*,*,#2428,.F.);
#9604 = ORIENTED_EDGE('',*,*,#9605,.F.);
#9605 = EDGE_CURVE('',#4721,#2429,#9606,.T.);
#9606 = SEAM_CURVE('',#9607,(#9611,#9618),.PCURVE_S1.);
#9607 = LINE('',#9608,#9609);
#9608 = CARTESIAN_POINT('',(27.1,-43.3,-20.));
#9609 = VECTOR('',#9610,1.);
#9610 = DIRECTION('',(0.,0.,1.));
#9611 = PCURVE('',#2554,#9612);
#9612 = DEFINITIONAL_REPRESENTATION('',(#9613),#9617);
#9613 = LINE('',#9614,#9615);
#9614 = CARTESIAN_POINT('',(6.28318530718,-0.));
#9615 = VECTOR('',#9616,1.);
#9616 = DIRECTION('',(0.,1.));
#9617 = ( GEOMETRIC_REPRESENTATION_CONTEXT(2) 
PARAMETRIC_REPRESENTATION_CONTEXT() REPRESENTATION_CONTEXT('2D SPACE',''
  ) );
#9618 = PCURVE('',#2554,#9619);
#9619 = DEFINITIONAL_REPRESENTATION('',(#9620),#9624);
#9620 = LINE('',#9621,#9622);
#9621 = CARTESIAN_POINT('',(0.,-0.));
#9622 = VECTOR('',#9623,1.);
#9623 = DIRECTION('',(0.,1.));
#9624 = ( GEOMETRIC_REPRESENTATION_CONTEXT(2) 
PARAMETRIC_REPRESENTATION_CONTEXT() REPRESENTATION_CONTEXT('2D SPACE',''
  ) );
#9625 = ORIENTED_EDGE('',*,*,#4720,.T.);
#9626 = ORIENTED_EDGE('',*,*,#9605,.T.);
#9627 = ADVANCED_FACE('',(#9628),#3234,.F.);
#9628 = FACE_BOUND('',#9629,.F.);
#9629 = EDGE_LOOP('',(#9630,#9631,#9632,#9633));
#9630 = ORIENTED_EDGE('',*,*,#3308,.T.);
#9631 = ORIENTED_EDGE('',*,*,#5107,.T.);
#9632 = ORIENTED_EDGE('',*,*,#3219,.T.);
#9633 = ORIENTED_EDGE('',*,*,#5646,.F.);
#9634 = ADVANCED_FACE('',(#9635),#3058,.F.);
#9635 = FACE_BOUND('',#9636,.F.);
#9636 = EDGE_LOOP('',(#9637,#9638,#9639,#9640));
#9637 = ORIENTED_EDGE('',*,*,#6443,.T.);
#9638 = ORIENTED_EDGE('',*,*,#3043,.T.);
#9639 = ORIENTED_EDGE('',*,*,#6921,.F.);
#9640 = ORIENTED_EDGE('',*,*,#3132,.T.);
#9641 = ADVANCED_FACE('',(#9642),#2882,.F.);
#9642 = FACE_BOUND('',#9643,.F.);
#9643 = EDGE_LOOP('',(#9644,#9645,#9646,#9647));
#9644 = ORIENTED_EDGE('',*,*,#2956,.T.);
#9645 = ORIENTED_EDGE('',*,*,#7423,.T.);
#9646 = ORIENTED_EDGE('',*,*,#2867,.T.);
#9647 = ORIENTED_EDGE('',*,*,#7962,.F.);
#9648 = ADVANCED_FACE('',(#9649),#2706,.F.);
#9649 = FACE_BOUND('',#9650,.F.);
#9650 = EDGE_LOOP('',(#9651,#9652,#9653,#9654));
#9651 = ORIENTED_EDGE('',*,*,#2780,.T.);
#9652 = ORIENTED_EDGE('',*,*,#8479,.T.);
#9653 = ORIENTED_EDGE('',*,*,#2691,.T.);
#9654 = ORIENTED_EDGE('',*,*,#9018,.F.);
#9655 = ADVANCED_FACE('',(#9656,#9659),#5038,.T.);
#9656 = FACE_BOUND('',#9657,.T.);
#9657 = EDGE_LOOP('',(#9658));
#9658 = ORIENTED_EDGE('',*,*,#5023,.T.);
#9659 = FACE_BOUND('',#9660,.T.);
#9660 = EDGE_LOOP('',(#9661));
#9661 = ORIENTED_EDGE('',*,*,#5551,.F.);
#9662 = ADVANCED_FACE('',(#9663),#5258,.F.);
#9663 = FACE_BOUND('',#9664,.F.);
#9664 = EDGE_LOOP('',(#9665,#9666,#9687,#9688));
#9665 = ORIENTED_EDGE('',*,*,#5694,.F.);
#9666 = ORIENTED_EDGE('',*,*,#9667,.F.);
#9667 = EDGE_CURVE('',#5133,#5695,#9668,.T.);
#9668 = SEAM_CURVE('',#9669,(#9673,#9680),.PCURVE_S1.);
#9669 = LINE('',#9670,#9671);
#9670 = CARTESIAN_POINT('',(-22.9,-43.3,-20.));
#9671 = VECTOR('',#9672,1.);
#9672 = DIRECTION('',(0.,0.,1.));
#9673 = PCURVE('',#5258,#9674);
#9674 = DEFINITIONAL_REPRESENTATION('',(#9675),#9679);
#9675 = LINE('',#9676,#9677);
#9676 = CARTESIAN_POINT('',(6.28318530718,-0.));
#9677 = VECTOR('',#9678,1.);
#9678 = DIRECTION('',(0.,1.));
#9679 = ( GEOMETRIC_REPRESENTATION_CONTEXT(2) 
PARAMETRIC_REPRESENTATION_CONTEXT() REPRESENTATION_CONTEXT('2D SPACE',''
  ) );
#9680 = PCURVE('',#5258,#9681);
#9681 = DEFINITIONAL_REPRESENTATION('',(#9682),#9686);
#9682 = LINE('',#9683,#9684);
#9683 = CARTESIAN_POINT('',(0.,-0.));
#9684 = VECTOR('',#9685,1.);
#9685 = DIRECTION('',(0.,1.));
#9686 = ( GEOMETRIC_REPRESENTATION_CONTEXT(2) 
PARAMETRIC_REPRESENTATION_CONTEXT() REPRESENTATION_CONTEXT('2D SPACE',''
  ) );
#9687 = ORIENTED_EDGE('',*,*,#5132,.T.);
#9688 = ORIENTED_EDGE('',*,*,#9667,.T.);
#9689 = ADVANCED_FACE('',(#9690),#5453,.F.);
#9690 = FACE_BOUND('',#9691,.F.);
#9691 = EDGE_LOOP('',(#9692,#9693,#9714,#9715));
#9692 = ORIENTED_EDGE('',*,*,#5327,.F.);
#9693 = ORIENTED_EDGE('',*,*,#9694,.F.);
#9694 = EDGE_CURVE('',#5885,#5328,#9695,.T.);
#9695 = SEAM_CURVE('',#9696,(#9700,#9707),.PCURVE_S1.);
#9696 = LINE('',#9697,#9698);
#9697 = CARTESIAN_POINT('',(-22.9,-43.3,-20.));
#9698 = VECTOR('',#9699,1.);
#9699 = DIRECTION('',(0.,0.,1.));
#9700 = PCURVE('',#5453,#9701);
#9701 = DEFINITIONAL_REPRESENTATION('',(#9702),#9706);
#9702 = LINE('',#9703,#9704);
#9703 = CARTESIAN_POINT('',(6.28318530718,-0.));
#9704 = VECTOR('',#9705,1.);
#9705 = DIRECTION('',(0.,1.));
#9706 = ( GEOMETRIC_REPRESENTATION_CONTEXT(2) 
PARAMETRIC_REPRESENTATION_CONTEXT() REPRESENTATION_CONTEXT('2D SPACE',''
  ) );
#9707 = PCURVE('',#5453,#9708);
#9708 = DEFINITIONAL_REPRESENTATION('',(#9709),#9713);
#9709 = LINE('',#9710,#9711);
#9710 = CARTESIAN_POINT('',(0.,-0.));
#9711 = VECTOR('',#9712,1.);
#9712 = DIRECTION('',(0.,1.));
#9713 = ( GEOMETRIC_REPRESENTATION_CONTEXT(2) 
PARAMETRIC_REPRESENTATION_CONTEXT() REPRESENTATION_CONTEXT('2D SPACE',''
  ) );
#9714 = ORIENTED_EDGE('',*,*,#5884,.T.);
#9715 = ORIENTED_EDGE('',*,*,#9694,.T.);
#9716 = ADVANCED_FACE('',(#9717),#6241,.F.);
#9717 = FACE_BOUND('',#9718,.F.);
#9718 = EDGE_LOOP('',(#9719,#9720,#9741,#9742,#9743,#9744));
#9719 = ORIENTED_EDGE('',*,*,#6969,.F.);
#9720 = ORIENTED_EDGE('',*,*,#9721,.F.);
#9721 = EDGE_CURVE('',#6157,#6784,#9722,.T.);
#9722 = SEAM_CURVE('',#9723,(#9727,#9734),.PCURVE_S1.);
#9723 = LINE('',#9724,#9725);
#9724 = CARTESIAN_POINT('',(-47.9,-5.143516556419E-16,-20.));
#9725 = VECTOR('',#9726,1.);
#9726 = DIRECTION('',(0.,0.,1.));
#9727 = PCURVE('',#6241,#9728);
#9728 = DEFINITIONAL_REPRESENTATION('',(#9729),#9733);
#9729 = LINE('',#9730,#9731);
#9730 = CARTESIAN_POINT('',(6.28318530718,-0.));
#9731 = VECTOR('',#9732,1.);
#9732 = DIRECTION('',(0.,1.));
#9733 = ( GEOMETRIC_REPRESENTATION_CONTEXT(2) 
PARAMETRIC_REPRESENTATION_CONTEXT() REPRESENTATION_CONTEXT('2D SPACE',''
  ) );
#9734 = PCURVE('',#6241,#9735);
#9735 = DEFINITIONAL_REPRESENTATION('',(#9736),#9740);
#9736 = LINE('',#9737,#9738);
#9737 = CARTESIAN_POINT('',(0.,-0.));
#9738 = VECTOR('',#9739,1.);
#9739 = DIRECTION('',(0.,1.));
#9740 = ( GEOMETRIC_REPRESENTATION_CONTEXT(2) 
PARAMETRIC_REPRESENTATION_CONTEXT() REPRESENTATION_CONTEXT('2D SPACE',''
  ) );
#9741 = ORIENTED_EDGE('',*,*,#6179,.T.);
#9742 = ORIENTED_EDGE('',*,*,#6327,.T.);
#9743 = ORIENTED_EDGE('',*,*,#9721,.T.);
#9744 = ORIENTED_EDGE('',*,*,#6783,.F.);
#9745 = ADVANCED_FACE('',(#9746,#9749),#6314,.T.);
#9746 = FACE_BOUND('',#9747,.T.);
#9747 = EDGE_LOOP('',(#9748));
#9748 = ORIENTED_EDGE('',*,*,#6299,.T.);
#9749 = FACE_BOUND('',#9750,.T.);
#9750 = EDGE_LOOP('',(#9751));
#9751 = ORIENTED_EDGE('',*,*,#6736,.F.);
#9752 = ADVANCED_FACE('',(#9753),#6621,.F.);
#9753 = FACE_BOUND('',#9754,.F.);
#9754 = EDGE_LOOP('',(#9755,#9756,#9777,#9778));
#9755 = ORIENTED_EDGE('',*,*,#6511,.F.);
#9756 = ORIENTED_EDGE('',*,*,#9757,.F.);
#9757 = EDGE_CURVE('',#7063,#6512,#9758,.T.);
#9758 = SEAM_CURVE('',#9759,(#9763,#9770),.PCURVE_S1.);
#9759 = LINE('',#9760,#9761);
#9760 = CARTESIAN_POINT('',(-47.9,-5.143516556419E-16,-20.));
#9761 = VECTOR('',#9762,1.);
#9762 = DIRECTION('',(0.,0.,1.));
#9763 = PCURVE('',#6621,#9764);
#9764 = DEFINITIONAL_REPRESENTATION('',(#9765),#9769);
#9765 = LINE('',#9766,#9767);
#9766 = CARTESIAN_POINT('',(6.28318530718,-0.));
#9767 = VECTOR('',#9768,1.);
#9768 = DIRECTION('',(0.,1.));
#9769 = ( GEOMETRIC_REPRESENTATION_CONTEXT(2) 
PARAMETRIC_REPRESENTATION_CONTEXT() REPRESENTATION_CONTEXT('2D SPACE',''
  ) );
#9770 = PCURVE('',#6621,#9771);
#9771 = DEFINITIONAL_REPRESENTATION('',(#9772),#9776);
#9772 = LINE('',#9773,#9774);
#9773 = CARTESIAN_POINT('',(0.,-0.));
#9774 = VECTOR('',#9775,1.);
#9775 = DIRECTION('',(0.,1.));
#9776 = ( GEOMETRIC_REPRESENTATION_CONTEXT(2) 
PARAMETRIC_REPRESENTATION_CONTEXT() REPRESENTATION_CONTEXT('2D SPACE',''
  ) );
#9777 = ORIENTED_EDGE('',*,*,#7062,.T.);
#9778 = ORIENTED_EDGE('',*,*,#9757,.T.);
#9779 = ADVANCED_FACE('',(#9780,#9783),#7354,.T.);
#9780 = FACE_BOUND('',#9781,.T.);
#9781 = EDGE_LOOP('',(#9782));
#9782 = ORIENTED_EDGE('',*,*,#7339,.T.);
#9783 = FACE_BOUND('',#9784,.T.);
#9784 = EDGE_LOOP('',(#9785));
#9785 = ORIENTED_EDGE('',*,*,#7867,.F.);
#9786 = ADVANCED_FACE('',(#9787),#7574,.F.);
#9787 = FACE_BOUND('',#9788,.F.);
#9788 = EDGE_LOOP('',(#9789,#9790,#9811,#9812));
#9789 = ORIENTED_EDGE('',*,*,#8010,.F.);
#9790 = ORIENTED_EDGE('',*,*,#9791,.F.);
#9791 = EDGE_CURVE('',#7449,#8011,#9792,.T.);
#9792 = SEAM_CURVE('',#9793,(#9797,#9804),.PCURVE_S1.);
#9793 = LINE('',#9794,#9795);
#9794 = CARTESIAN_POINT('',(-22.9,43.3,-20.));
#9795 = VECTOR('',#9796,1.);
#9796 = DIRECTION('',(0.,0.,1.));
#9797 = PCURVE('',#7574,#9798);
#9798 = DEFINITIONAL_REPRESENTATION('',(#9799),#9803);
#9799 = LINE('',#9800,#9801);
#9800 = CARTESIAN_POINT('',(6.28318530718,-0.));
#9801 = VECTOR('',#9802,1.);
#9802 = DIRECTION('',(0.,1.));
#9803 = ( GEOMETRIC_REPRESENTATION_CONTEXT(2) 
PARAMETRIC_REPRESENTATION_CONTEXT() REPRESENTATION_CONTEXT('2D SPACE',''
  ) );
#9804 = PCURVE('',#7574,#9805);
#9805 = DEFINITIONAL_REPRESENTATION('',(#9806),#9810);
#9806 = LINE('',#9807,#9808);
#9807 = CARTESIAN_POINT('',(0.,-0.));
#9808 = VECTOR('',#9809,1.);
#9809 = DIRECTION('',(0.,1.));
#9810 = ( GEOMETRIC_REPRESENTATION_CONTEXT(2) 
PARAMETRIC_REPRESENTATION_CONTEXT() REPRESENTATION_CONTEXT('2D SPACE',''
  ) );
#9811 = ORIENTED_EDGE('',*,*,#7448,.T.);
#9812 = ORIENTED_EDGE('',*,*,#9791,.T.);
#9813 = ADVANCED_FACE('',(#9814),#7769,.F.);
#9814 = FACE_BOUND('',#9815,.F.);
#9815 = EDGE_LOOP('',(#9816,#9817,#9838,#9839));
#9816 = ORIENTED_EDGE('',*,*,#7643,.F.);
#9817 = ORIENTED_EDGE('',*,*,#9818,.F.);
#9818 = EDGE_CURVE('',#8177,#7644,#9819,.T.);
#9819 = SEAM_CURVE('',#9820,(#9824,#9831),.PCURVE_S1.);
#9820 = LINE('',#9821,#9822);
#9821 = CARTESIAN_POINT('',(-22.9,43.3,-20.));
#9822 = VECTOR('',#9823,1.);
#9823 = DIRECTION('',(0.,0.,1.));
#9824 = PCURVE('',#7769,#9825);
#9825 = DEFINITIONAL_REPRESENTATION('',(#9826),#9830);
#9826 = LINE('',#9827,#9828);
#9827 = CARTESIAN_POINT('',(6.28318530718,-0.));
#9828 = VECTOR('',#9829,1.);
#9829 = DIRECTION('',(0.,1.));
#9830 = ( GEOMETRIC_REPRESENTATION_CONTEXT(2) 
PARAMETRIC_REPRESENTATION_CONTEXT() REPRESENTATION_CONTEXT('2D SPACE',''
  ) );
#9831 = PCURVE('',#7769,#9832);
#9832 = DEFINITIONAL_REPRESENTATION('',(#9833),#9837);
#9833 = LINE('',#9834,#9835);
#9834 = CARTESIAN_POINT('',(0.,-0.));
#9835 = VECTOR('',#9836,1.);
#9836 = DIRECTION('',(0.,1.));
#9837 = ( GEOMETRIC_REPRESENTATION_CONTEXT(2) 
PARAMETRIC_REPRESENTATION_CONTEXT() REPRESENTATION_CONTEXT('2D SPACE',''
  ) );
#9838 = ORIENTED_EDGE('',*,*,#8176,.T.);
#9839 = ORIENTED_EDGE('',*,*,#9818,.T.);
#9840 = ADVANCED_FACE('',(#9841,#9844),#8439,.T.);
#9841 = FACE_BOUND('',#9842,.T.);
#9842 = EDGE_LOOP('',(#9843));
#9843 = ORIENTED_EDGE('',*,*,#8424,.T.);
#9844 = FACE_BOUND('',#9845,.T.);
#9845 = EDGE_LOOP('',(#9846));
#9846 = ORIENTED_EDGE('',*,*,#8923,.F.);
#9847 = ADVANCED_FACE('',(#9848),#8630,.F.);
#9848 = FACE_BOUND('',#9849,.F.);
#9849 = EDGE_LOOP('',(#9850,#9851,#9872,#9873));
#9850 = ORIENTED_EDGE('',*,*,#9256,.F.);
#9851 = ORIENTED_EDGE('',*,*,#9852,.F.);
#9852 = EDGE_CURVE('',#8505,#9257,#9853,.T.);
#9853 = SEAM_CURVE('',#9854,(#9858,#9865),.PCURVE_S1.);
#9854 = LINE('',#9855,#9856);
#9855 = CARTESIAN_POINT('',(27.1,43.3,-20.));
#9856 = VECTOR('',#9857,1.);
#9857 = DIRECTION('',(0.,0.,1.));
#9858 = PCURVE('',#8630,#9859);
#9859 = DEFINITIONAL_REPRESENTATION('',(#9860),#9864);
#9860 = LINE('',#9861,#9862);
#9861 = CARTESIAN_POINT('',(6.28318530718,-0.));
#9862 = VECTOR('',#9863,1.);
#9863 = DIRECTION('',(0.,1.));
#9864 = ( GEOMETRIC_REPRESENTATION_CONTEXT(2) 
PARAMETRIC_REPRESENTATION_CONTEXT() REPRESENTATION_CONTEXT('2D SPACE',''
  ) );
#9865 = PCURVE('',#8630,#9866);
#9866 = DEFINITIONAL_REPRESENTATION('',(#9867),#9871);
#9867 = LINE('',#9868,#9869);
#9868 = CARTESIAN_POINT('',(0.,-0.));
#9869 = VECTOR('',#9870,1.);
#9870 = DIRECTION('',(0.,1.));
#9871 = ( GEOMETRIC_REPRESENTATION_CONTEXT(2) 
PARAMETRIC_REPRESENTATION_CONTEXT() REPRESENTATION_CONTEXT('2D SPACE',''
  ) );
#9872 = ORIENTED_EDGE('',*,*,#8504,.T.);
#9873 = ORIENTED_EDGE('',*,*,#9852,.T.);
#9874 = ADVANCED_FACE('',(#9875),#8825,.F.);
#9875 = FACE_BOUND('',#9876,.F.);
#9876 = EDGE_LOOP('',(#9877,#9878,#9899,#9900));
#9877 = ORIENTED_EDGE('',*,*,#8699,.F.);
#9878 = ORIENTED_EDGE('',*,*,#9879,.F.);
#9879 = EDGE_CURVE('',#9067,#8700,#9880,.T.);
#9880 = SEAM_CURVE('',#9881,(#9885,#9892),.PCURVE_S1.);
#9881 = LINE('',#9882,#9883);
#9882 = CARTESIAN_POINT('',(27.1,43.3,-20.));
#9883 = VECTOR('',#9884,1.);
#9884 = DIRECTION('',(0.,0.,1.));
#9885 = PCURVE('',#8825,#9886);
#9886 = DEFINITIONAL_REPRESENTATION('',(#9887),#9891);
#9887 = LINE('',#9888,#9889);
#9888 = CARTESIAN_POINT('',(6.28318530718,-0.));
#9889 = VECTOR('',#9890,1.);
#9890 = DIRECTION('',(0.,1.));
#9891 = ( GEOMETRIC_REPRESENTATION_CONTEXT(2) 
PARAMETRIC_REPRESENTATION_CONTEXT() REPRESENTATION_CONTEXT('2D SPACE',''
  ) );
#9892 = PCURVE('',#8825,#9893);
#9893 = DEFINITIONAL_REPRESENTATION('',(#9894),#9898);
#9894 = LINE('',#9895,#9896);
#9895 = CARTESIAN_POINT('',(0.,-0.));
#9896 = VECTOR('',#9897,1.);
#9897 = DIRECTION('',(0.,1.));
#9898 = ( GEOMETRIC_REPRESENTATION_CONTEXT(2) 
PARAMETRIC_REPRESENTATION_CONTEXT() REPRESENTATION_CONTEXT('2D SPACE',''
  ) );
#9899 = ORIENTED_EDGE('',*,*,#9066,.T.);
#9900 = ORIENTED_EDGE('',*,*,#9879,.T.);
#9901 = ( GEOMETRIC_REPRESENTATION_CONTEXT(3) 
GLOBAL_UNCERTAINTY_ASSIGNED_CONTEXT((#9905)) 
GLOBAL_UNIT_ASSIGNED_CONTEXT((#9902,#9903,#9904)) REPRESENTATION_CONTEXT
('Context #1','3D Context with UNIT and UNCERTAINTY') );
#9902 = ( LENGTH_UNIT() NAMED_UNIT(*) SI_UNIT(.MILLI.,.METRE.) );
#9903 = ( NAMED_UNIT(*) PLANE_ANGLE_UNIT() SI_UNIT($,.RADIAN.) );
#9904 = ( NAMED_UNIT(*) SI_UNIT($,.STERADIAN.) SOLID_ANGLE_UNIT() );
#9905 = UNCERTAINTY_MEASURE_WITH_UNIT(LENGTH_MEASURE(1.E-07),#9902,
  'distance_accuracy_value','confusion accuracy');
#9906 = PRODUCT_RELATED_PRODUCT_CATEGORY('part',$,(#7));
ENDSEC;
END-ISO-10303-21;
