ISO-10303-21;
HEADER;
FILE_NAME('Open CASCADE Shape Model','2026-09-29T01:00:37',('Author'),(
    'Open CASCADE'),'Open CASCADE STEP processor 8.0','Open CASCADE 8.0'
  ,'Unknown');
FILE_DESCRIPTION(('Open CASCADE Model'),'2;1');
FILE_SCHEMA((''));
ENDSEC;
DATA;
#1 = APPLICATION_PROTOCOL_DEFINITION('international standard',
  'automotive_design',2000,#2);
#2 = APPLICATION_CONTEXT(
  'core data for automotive mechanical design processes');
#3 = SHAPE_DEFINITION_REPRESENTATION(#4,#10);
#4 = PRODUCT_DEFINITION_SHAPE('','',#5);
#5 = PRODUCT_DEFINITION('design','',#6,#9);
#6 = PRODUCT_DEFINITION_FORMATION('','',#7);
#7 = PRODUCT('Open CASCADE STEP translator 8.0 1',
  'Open CASCADE STEP translator 8.0 1','',(#8));
#8 = PRODUCT_CONTEXT('',#2,'mechanical');
#9 = PRODUCT_DEFINITION_CONTEXT('part definition',#2,'design');
#10 = ADVANCED_BREP_SHAPE_REPRESENTATION('',(#11,#15),#10621);
#11 = AXIS2_PLACEMENT_3D('',#12,#13,#14);
#12 = CARTESIAN_POINT('',(0.,0.,0.));
#13 = DIRECTION('',(0.,0.,1.));
#14 = DIRECTION('',(1.,0.,-0.));
#15 = MANIFOLD_SOLID_BREP('',#16);
#16 = CLOSED_SHELL('',(#17,#105,#1813,#3431,#3675,#3703,#4324,#4332,
    #4339,#4347,#4567,#4595,#5208,#5215,#5222,#5229,#5473,#5501,#6098,
    #6106,#6113,#6121,#6369,#6421,#7011,#7018,#7026,#7033,#7253,#7281,
    #7878,#7886,#7893,#7901,#8145,#8173,#8794,#8802,#8809,#8817,#9056,
    #9063,#9070,#9313,#9321,#9329,#9544,#9551,#9558,#9773,#9780,#9787,
    #10026,#10033,#10040,#10279,#10286,#10293,#10320,#10347,#10374,
    #10403,#10430,#10457,#10486,#10513,#10540,#10567,#10594));
#17 = ADVANCED_FACE('',(#18),#31,.T.);
#18 = FACE_BOUND('',#19,.T.);
#19 = EDGE_LOOP('',(#20,#54,#77,#104));
#20 = ORIENTED_EDGE('',*,*,#21,.F.);
#21 = EDGE_CURVE('',#22,#22,#24,.T.);
#22 = VERTEX_POINT('',#23);
#23 = CARTESIAN_POINT('',(110.,-2.694222958124E-14,5.));
#24 = SURFACE_CURVE('',#25,(#30,#42),.PCURVE_S1.);
#25 = CIRCLE('',#26,110.);
#26 = AXIS2_PLACEMENT_3D('',#27,#28,#29);
#27 = CARTESIAN_POINT('',(0.,0.,5.));
#28 = DIRECTION('',(0.,0.,1.));
#29 = DIRECTION('',(1.,0.,-0.));
#30 = PCURVE('',#31,#36);
#31 = CYLINDRICAL_SURFACE('',#32,110.);
#32 = AXIS2_PLACEMENT_3D('',#33,#34,#35);
#33 = CARTESIAN_POINT('',(0.,0.,-5.));
#34 = DIRECTION('',(0.,0.,1.));
#35 = DIRECTION('',(1.,0.,-0.));
#36 = DEFINITIONAL_REPRESENTATION('',(#37),#41);
#37 = LINE('',#38,#39);
#38 = CARTESIAN_POINT('',(0.,10.));
#39 = VECTOR('',#40,1.);
#40 = DIRECTION('',(1.,0.));
#41 = ( GEOMETRIC_REPRESENTATION_CONTEXT(2) 
PARAMETRIC_REPRESENTATION_CONTEXT() REPRESENTATION_CONTEXT('2D SPACE',''
  ) );
#42 = PCURVE('',#43,#48);
#43 = PLANE('',#44);
#44 = AXIS2_PLACEMENT_3D('',#45,#46,#47);
#45 = CARTESIAN_POINT('',(0.,0.,5.));
#46 = DIRECTION('',(0.,0.,1.));
#47 = DIRECTION('',(1.,0.,-0.));
#48 = DEFINITIONAL_REPRESENTATION('',(#49),#53);
#49 = CIRCLE('',#50,110.);
#50 = AXIS2_PLACEMENT_2D('',#51,#52);
#51 = CARTESIAN_POINT('',(0.,0.));
#52 = DIRECTION('',(1.,0.));
#53 = ( GEOMETRIC_REPRESENTATION_CONTEXT(2) 
PARAMETRIC_REPRESENTATION_CONTEXT() REPRESENTATION_CONTEXT('2D SPACE',''
  ) );
#54 = ORIENTED_EDGE('',*,*,#55,.F.);
#55 = EDGE_CURVE('',#56,#22,#58,.T.);
#56 = VERTEX_POINT('',#57);
#57 = CARTESIAN_POINT('',(110.,-2.694222958124E-14,-5.));
#58 = SEAM_CURVE('',#59,(#63,#70),.PCURVE_S1.);
#59 = LINE('',#60,#61);
#60 = CARTESIAN_POINT('',(110.,-2.694222958124E-14,-5.));
#61 = VECTOR('',#62,1.);
#62 = DIRECTION('',(0.,0.,1.));
#63 = PCURVE('',#31,#64);
#64 = DEFINITIONAL_REPRESENTATION('',(#65),#69);
#65 = LINE('',#66,#67);
#66 = CARTESIAN_POINT('',(6.28318530718,-0.));
#67 = VECTOR('',#68,1.);
#68 = DIRECTION('',(0.,1.));
#69 = ( GEOMETRIC_REPRESENTATION_CONTEXT(2) 
PARAMETRIC_REPRESENTATION_CONTEXT() REPRESENTATION_CONTEXT('2D SPACE',''
  ) );
#70 = PCURVE('',#31,#71);
#71 = DEFINITIONAL_REPRESENTATION('',(#72),#76);
#72 = LINE('',#73,#74);
#73 = CARTESIAN_POINT('',(0.,-0.));
#74 = VECTOR('',#75,1.);
#75 = DIRECTION('',(0.,1.));
#76 = ( GEOMETRIC_REPRESENTATION_CONTEXT(2) 
PARAMETRIC_REPRESENTATION_CONTEXT() REPRESENTATION_CONTEXT('2D SPACE',''
  ) );
#77 = ORIENTED_EDGE('',*,*,#78,.T.);
#78 = EDGE_CURVE('',#56,#56,#79,.T.);
#79 = SURFACE_CURVE('',#80,(#85,#92),.PCURVE_S1.);
#80 = CIRCLE('',#81,110.);
#81 = AXIS2_PLACEMENT_3D('',#82,#83,#84);
#82 = CARTESIAN_POINT('',(0.,0.,-5.));
#83 = DIRECTION('',(0.,0.,1.));
#84 = DIRECTION('',(1.,0.,-0.));
#85 = PCURVE('',#31,#86);
#86 = DEFINITIONAL_REPRESENTATION('',(#87),#91);
#87 = LINE('',#88,#89);
#88 = CARTESIAN_POINT('',(0.,0.));
#89 = VECTOR('',#90,1.);
#90 = DIRECTION('',(1.,0.));
#91 = ( GEOMETRIC_REPRESENTATION_CONTEXT(2) 
PARAMETRIC_REPRESENTATION_CONTEXT() REPRESENTATION_CONTEXT('2D SPACE',''
  ) );
#92 = PCURVE('',#93,#98);
#93 = PLANE('',#94);
#94 = AXIS2_PLACEMENT_3D('',#95,#96,#97);
#95 = CARTESIAN_POINT('',(0.,0.,-5.));
#96 = DIRECTION('',(0.,0.,1.));
#97 = DIRECTION('',(1.,0.,-0.));
#98 = DEFINITIONAL_REPRESENTATION('',(#99),#103);
#99 = CIRCLE('',#100,110.);
#100 = AXIS2_PLACEMENT_2D('',#101,#102);
#101 = CARTESIAN_POINT('',(0.,0.));
#102 = DIRECTION('',(1.,0.));
#103 = ( GEOMETRIC_REPRESENTATION_CONTEXT(2) 
PARAMETRIC_REPRESENTATION_CONTEXT() REPRESENTATION_CONTEXT('2D SPACE',''
  ) );
#104 = ORIENTED_EDGE('',*,*,#55,.T.);
#105 = ADVANCED_FACE('',(#106,#109,#393,#677,#961,#1245,#1529),#43,.T.);
#106 = FACE_BOUND('',#107,.T.);
#107 = EDGE_LOOP('',(#108));
#108 = ORIENTED_EDGE('',*,*,#21,.T.);
#109 = FACE_BOUND('',#110,.T.);
#110 = EDGE_LOOP('',(#111,#139,#165,#191,#217,#238,#259,#280,#306,#327,
    #353,#374));
#111 = ORIENTED_EDGE('',*,*,#112,.F.);
#112 = EDGE_CURVE('',#113,#115,#117,.T.);
#113 = VERTEX_POINT('',#114);
#114 = CARTESIAN_POINT('',(-34.0711440854,-26.51578286062,5.));
#115 = VERTEX_POINT('',#116);
#116 = CARTESIAN_POINT('',(-64.0711440854,-78.47578286062,5.));
#117 = SURFACE_CURVE('',#118,(#122,#128),.PCURVE_S1.);
#118 = LINE('',#119,#120);
#119 = CARTESIAN_POINT('',(-34.0711440854,-26.51578286062,5.));
#120 = VECTOR('',#121,1.);
#121 = DIRECTION('',(-0.500011000363,-0.866019052629,0.));
#122 = PCURVE('',#43,#123);
#123 = DEFINITIONAL_REPRESENTATION('',(#124),#127);
#124 = B_SPLINE_CURVE_WITH_KNOTS('',1,(#125,#126),.UNSPECIFIED.,.F.,.F.,
  (2,2),(-5.999999971868E-07,59.99868058548),.PIECEWISE_BEZIER_KNOTS.);
#125 = CARTESIAN_POINT('',(-34.07114378539,-26.515782341));
#126 = CARTESIAN_POINT('',(-64.07114438541,-78.47578338023));
#127 = ( GEOMETRIC_REPRESENTATION_CONTEXT(2) 
PARAMETRIC_REPRESENTATION_CONTEXT() REPRESENTATION_CONTEXT('2D SPACE',''
  ) );
#128 = PCURVE('',#129,#134);
#129 = CYLINDRICAL_SURFACE('',#130,17.);
#130 = AXIS2_PLACEMENT_3D('',#131,#132,#133);
#131 = CARTESIAN_POINT('',(-20.,-34.64,0.));
#132 = DIRECTION('',(-0.500011000363,-0.866019052629,0.));
#133 = DIRECTION('',(-0.866019052629,0.500011000363,0.));
#134 = DEFINITIONAL_REPRESENTATION('',(#135),#138);
#135 = B_SPLINE_CURVE_WITH_KNOTS('',1,(#136,#137),.UNSPECIFIED.,.F.,.F.,
  (2,2),(-5.999999971868E-07,59.99868058548),.PIECEWISE_BEZIER_KNOTS.);
#136 = CARTESIAN_POINT('',(5.984653105995,-5.999999998513E-07));
#137 = CARTESIAN_POINT('',(5.984653105995,59.99868058548));
#138 = ( GEOMETRIC_REPRESENTATION_CONTEXT(2) 
PARAMETRIC_REPRESENTATION_CONTEXT() REPRESENTATION_CONTEXT('2D SPACE',''
  ) );
#139 = ORIENTED_EDGE('',*,*,#140,.T.);
#140 = EDGE_CURVE('',#113,#141,#143,.T.);
#141 = VERTEX_POINT('',#142);
#142 = CARTESIAN_POINT('',(-32.24735889501,-27.5687766195,5.));
#143 = SURFACE_CURVE('',#144,(#148,#154),.PCURVE_S1.);
#144 = LINE('',#145,#146);
#145 = CARTESIAN_POINT('',(-20.,-34.64,5.));
#146 = VECTOR('',#147,1.);
#147 = DIRECTION('',(0.866019052629,-0.500011000363,0.));
#148 = PCURVE('',#43,#149);
#149 = DEFINITIONAL_REPRESENTATION('',(#150),#153);
#150 = B_SPLINE_CURVE_WITH_KNOTS('',1,(#151,#152),.UNSPECIFIED.,.F.,.F.,
  (2,2),(-17.,17.),.PIECEWISE_BEZIER_KNOTS.);
#151 = CARTESIAN_POINT('',(-34.72232389468,-26.13981299382));
#152 = CARTESIAN_POINT('',(-5.277676105311,-43.14018700617));
#153 = ( GEOMETRIC_REPRESENTATION_CONTEXT(2) 
PARAMETRIC_REPRESENTATION_CONTEXT() REPRESENTATION_CONTEXT('2D SPACE',''
  ) );
#154 = PCURVE('',#155,#160);
#155 = PLANE('',#156);
#156 = AXIS2_PLACEMENT_3D('',#157,#158,#159);
#157 = CARTESIAN_POINT('',(-20.,-34.64,0.));
#158 = DIRECTION('',(-0.500011000363,-0.866019052629,0.));
#159 = DIRECTION('',(-0.866019052629,0.500011000363,0.));
#160 = DEFINITIONAL_REPRESENTATION('',(#161),#164);
#161 = B_SPLINE_CURVE_WITH_KNOTS('',1,(#162,#163),.UNSPECIFIED.,.F.,.F.,
  (2,2),(-17.,17.),.PIECEWISE_BEZIER_KNOTS.);
#162 = CARTESIAN_POINT('',(17.,-5.));
#163 = CARTESIAN_POINT('',(-17.,-5.));
#164 = ( GEOMETRIC_REPRESENTATION_CONTEXT(2) 
PARAMETRIC_REPRESENTATION_CONTEXT() REPRESENTATION_CONTEXT('2D SPACE',''
  ) );
#165 = ORIENTED_EDGE('',*,*,#166,.F.);
#166 = EDGE_CURVE('',#167,#141,#169,.T.);
#167 = VERTEX_POINT('',#168);
#168 = CARTESIAN_POINT('',(-29.74735889501,-23.2387766195,5.));
#169 = SURFACE_CURVE('',#170,(#174,#180),.PCURVE_S1.);
#170 = LINE('',#171,#172);
#171 = CARTESIAN_POINT('',(-29.74735889501,-23.2387766195,5.));
#172 = VECTOR('',#173,1.);
#173 = DIRECTION('',(-0.500011000363,-0.866019052629,0.));
#174 = PCURVE('',#43,#175);
#175 = DEFINITIONAL_REPRESENTATION('',(#176),#179);
#176 = B_SPLINE_CURVE_WITH_KNOTS('',1,(#177,#178),.UNSPECIFIED.,.F.,.F.,
  (2,2),(-5.999999984871E-07,69.99846058306),.PIECEWISE_BEZIER_KNOTS.);
#177 = CARTESIAN_POINT('',(-29.747358595,-23.23877609989));
#178 = CARTESIAN_POINT('',(-64.74735919501,-83.85877713912));
#179 = ( GEOMETRIC_REPRESENTATION_CONTEXT(2) 
PARAMETRIC_REPRESENTATION_CONTEXT() REPRESENTATION_CONTEXT('2D SPACE',''
  ) );
#180 = PCURVE('',#181,#186);
#181 = CYLINDRICAL_SURFACE('',#182,15.);
#182 = AXIS2_PLACEMENT_3D('',#183,#184,#185);
#183 = CARTESIAN_POINT('',(-17.5,-30.31,0.));
#184 = DIRECTION('',(-0.500011000363,-0.866019052629,0.));
#185 = DIRECTION('',(-0.866019052629,0.500011000363,0.));
#186 = DEFINITIONAL_REPRESENTATION('',(#187),#190);
#187 = B_SPLINE_CURVE_WITH_KNOTS('',1,(#188,#189),.UNSPECIFIED.,.F.,.F.,
  (2,2),(-5.999999984871E-07,69.99846058306),.PIECEWISE_BEZIER_KNOTS.);
#188 = CARTESIAN_POINT('',(5.943348397725,-6.000000002635E-07));
#189 = CARTESIAN_POINT('',(5.943348397725,69.99846058306));
#190 = ( GEOMETRIC_REPRESENTATION_CONTEXT(2) 
PARAMETRIC_REPRESENTATION_CONTEXT() REPRESENTATION_CONTEXT('2D SPACE',''
  ) );
#191 = ORIENTED_EDGE('',*,*,#192,.T.);
#192 = EDGE_CURVE('',#167,#193,#195,.T.);
#193 = VERTEX_POINT('',#194);
#194 = CARTESIAN_POINT('',(-5.252641104989,-37.38122338049,5.));
#195 = SURFACE_CURVE('',#196,(#200,#206),.PCURVE_S1.);
#196 = LINE('',#197,#198);
#197 = CARTESIAN_POINT('',(-17.5,-30.31,5.));
#198 = VECTOR('',#199,1.);
#199 = DIRECTION('',(0.866019052629,-0.500011000363,0.));
#200 = PCURVE('',#43,#201);
#201 = DEFINITIONAL_REPRESENTATION('',(#202),#205);
#202 = B_SPLINE_CURVE_WITH_KNOTS('',1,(#203,#204),.UNSPECIFIED.,.F.,.F.,
  (2,2),(-15.,15.),.PIECEWISE_BEZIER_KNOTS.);
#203 = CARTESIAN_POINT('',(-30.49028578943,-22.80983499455));
#204 = CARTESIAN_POINT('',(-4.509714210569,-37.81016500544));
#205 = ( GEOMETRIC_REPRESENTATION_CONTEXT(2) 
PARAMETRIC_REPRESENTATION_CONTEXT() REPRESENTATION_CONTEXT('2D SPACE',''
  ) );
#206 = PCURVE('',#207,#212);
#207 = PLANE('',#208);
#208 = AXIS2_PLACEMENT_3D('',#209,#210,#211);
#209 = CARTESIAN_POINT('',(-17.5,-30.31,0.));
#210 = DIRECTION('',(-0.500011000363,-0.866019052629,0.));
#211 = DIRECTION('',(-0.866019052629,0.500011000363,0.));
#212 = DEFINITIONAL_REPRESENTATION('',(#213),#216);
#213 = B_SPLINE_CURVE_WITH_KNOTS('',1,(#214,#215),.UNSPECIFIED.,.F.,.F.,
  (2,2),(-15.,15.),.PIECEWISE_BEZIER_KNOTS.);
#214 = CARTESIAN_POINT('',(15.,-5.));
#215 = CARTESIAN_POINT('',(-15.,-5.));
#216 = ( GEOMETRIC_REPRESENTATION_CONTEXT(2) 
PARAMETRIC_REPRESENTATION_CONTEXT() REPRESENTATION_CONTEXT('2D SPACE',''
  ) );
#217 = ORIENTED_EDGE('',*,*,#218,.T.);
#218 = EDGE_CURVE('',#193,#219,#221,.T.);
#219 = VERTEX_POINT('',#220);
#220 = CARTESIAN_POINT('',(-7.752641104989,-41.71122338049,5.));
#221 = SURFACE_CURVE('',#222,(#226,#232),.PCURVE_S1.);
#222 = LINE('',#223,#224);
#223 = CARTESIAN_POINT('',(-5.252641104989,-37.38122338049,5.));
#224 = VECTOR('',#225,1.);
#225 = DIRECTION('',(-0.500011000363,-0.866019052629,0.));
#226 = PCURVE('',#43,#227);
#227 = DEFINITIONAL_REPRESENTATION('',(#228),#231);
#228 = B_SPLINE_CURVE_WITH_KNOTS('',1,(#229,#230),.UNSPECIFIED.,.F.,.F.,
  (2,2),(-6.00000002452E-07,69.99846058306),.PIECEWISE_BEZIER_KNOTS.);
#229 = CARTESIAN_POINT('',(-5.252640804983,-37.38122286088));
#230 = CARTESIAN_POINT('',(-40.25264140499,-98.0012239001));
#231 = ( GEOMETRIC_REPRESENTATION_CONTEXT(2) 
PARAMETRIC_REPRESENTATION_CONTEXT() REPRESENTATION_CONTEXT('2D SPACE',''
  ) );
#232 = PCURVE('',#181,#233);
#233 = DEFINITIONAL_REPRESENTATION('',(#234),#237);
#234 = B_SPLINE_CURVE_WITH_KNOTS('',1,(#235,#236),.UNSPECIFIED.,.F.,.F.,
  (2,2),(-6.00000002452E-07,69.99846058306),.PIECEWISE_BEZIER_KNOTS.);
#235 = CARTESIAN_POINT('',(3.481429563044,-6.000000006757E-07));
#236 = CARTESIAN_POINT('',(3.481429563044,69.99846058306));
#237 = ( GEOMETRIC_REPRESENTATION_CONTEXT(2) 
PARAMETRIC_REPRESENTATION_CONTEXT() REPRESENTATION_CONTEXT('2D SPACE',''
  ) );
#238 = ORIENTED_EDGE('',*,*,#239,.T.);
#239 = EDGE_CURVE('',#219,#240,#242,.T.);
#240 = VERTEX_POINT('',#241);
#241 = CARTESIAN_POINT('',(-5.928855914595,-42.76421713937,5.));
#242 = SURFACE_CURVE('',#243,(#247,#253),.PCURVE_S1.);
#243 = LINE('',#244,#245);
#244 = CARTESIAN_POINT('',(-20.,-34.64,5.));
#245 = VECTOR('',#246,1.);
#246 = DIRECTION('',(0.866019052629,-0.500011000363,0.));
#247 = PCURVE('',#43,#248);
#248 = DEFINITIONAL_REPRESENTATION('',(#249),#252);
#249 = B_SPLINE_CURVE_WITH_KNOTS('',1,(#250,#251),.UNSPECIFIED.,.F.,.F.,
  (2,2),(-17.,17.),.PIECEWISE_BEZIER_KNOTS.);
#250 = CARTESIAN_POINT('',(-34.72232389468,-26.13981299382));
#251 = CARTESIAN_POINT('',(-5.277676105311,-43.14018700617));
#252 = ( GEOMETRIC_REPRESENTATION_CONTEXT(2) 
PARAMETRIC_REPRESENTATION_CONTEXT() REPRESENTATION_CONTEXT('2D SPACE',''
  ) );
#253 = PCURVE('',#155,#254);
#254 = DEFINITIONAL_REPRESENTATION('',(#255),#258);
#255 = B_SPLINE_CURVE_WITH_KNOTS('',1,(#256,#257),.UNSPECIFIED.,.F.,.F.,
  (2,2),(-17.,17.),.PIECEWISE_BEZIER_KNOTS.);
#256 = CARTESIAN_POINT('',(17.,-5.));
#257 = CARTESIAN_POINT('',(-17.,-5.));
#258 = ( GEOMETRIC_REPRESENTATION_CONTEXT(2) 
PARAMETRIC_REPRESENTATION_CONTEXT() REPRESENTATION_CONTEXT('2D SPACE',''
  ) );
#259 = ORIENTED_EDGE('',*,*,#260,.T.);
#260 = EDGE_CURVE('',#240,#261,#263,.T.);
#261 = VERTEX_POINT('',#262);
#262 = CARTESIAN_POINT('',(-35.92885591459,-94.72421713937,5.));
#263 = SURFACE_CURVE('',#264,(#268,#274),.PCURVE_S1.);
#264 = LINE('',#265,#266);
#265 = CARTESIAN_POINT('',(-5.928855914595,-42.76421713937,5.));
#266 = VECTOR('',#267,1.);
#267 = DIRECTION('',(-0.500011000363,-0.866019052629,0.));
#268 = PCURVE('',#43,#269);
#269 = DEFINITIONAL_REPRESENTATION('',(#270),#273);
#270 = B_SPLINE_CURVE_WITH_KNOTS('',1,(#271,#272),.UNSPECIFIED.,.F.,.F.,
  (2,2),(-6.000000015638E-07,59.99868058548),.PIECEWISE_BEZIER_KNOTS.);
#271 = CARTESIAN_POINT('',(-5.928855614589,-42.76421661976));
#272 = CARTESIAN_POINT('',(-35.9288562146,-94.72421765899));
#273 = ( GEOMETRIC_REPRESENTATION_CONTEXT(2) 
PARAMETRIC_REPRESENTATION_CONTEXT() REPRESENTATION_CONTEXT('2D SPACE',''
  ) );
#274 = PCURVE('',#129,#275);
#275 = DEFINITIONAL_REPRESENTATION('',(#276),#279);
#276 = B_SPLINE_CURVE_WITH_KNOTS('',1,(#277,#278),.UNSPECIFIED.,.F.,.F.,
  (2,2),(-6.000000015638E-07,59.99868058548),.PIECEWISE_BEZIER_KNOTS.);
#277 = CARTESIAN_POINT('',(3.440124854775,-5.999999997875E-07));
#278 = CARTESIAN_POINT('',(3.440124854775,59.99868058548));
#279 = ( GEOMETRIC_REPRESENTATION_CONTEXT(2) 
PARAMETRIC_REPRESENTATION_CONTEXT() REPRESENTATION_CONTEXT('2D SPACE',''
  ) );
#280 = ORIENTED_EDGE('',*,*,#281,.F.);
#281 = EDGE_CURVE('',#282,#261,#284,.T.);
#282 = VERTEX_POINT('',#283);
#283 = CARTESIAN_POINT('',(-37.75264110498,-93.67122338049,5.));
#284 = SURFACE_CURVE('',#285,(#289,#295),.PCURVE_S1.);
#285 = LINE('',#286,#287);
#286 = CARTESIAN_POINT('',(-50.,-86.6,5.));
#287 = VECTOR('',#288,1.);
#288 = DIRECTION('',(0.866019052629,-0.500011000363,0.));
#289 = PCURVE('',#43,#290);
#290 = DEFINITIONAL_REPRESENTATION('',(#291),#294);
#291 = B_SPLINE_CURVE_WITH_KNOTS('',1,(#292,#293),.UNSPECIFIED.,.F.,.F.,
  (2,2),(-17.,17.),.PIECEWISE_BEZIER_KNOTS.);
#292 = CARTESIAN_POINT('',(-64.72232389468,-78.09981299382));
#293 = CARTESIAN_POINT('',(-35.27767610531,-95.10018700617));
#294 = ( GEOMETRIC_REPRESENTATION_CONTEXT(2) 
PARAMETRIC_REPRESENTATION_CONTEXT() REPRESENTATION_CONTEXT('2D SPACE',''
  ) );
#295 = PCURVE('',#296,#301);
#296 = PLANE('',#297);
#297 = AXIS2_PLACEMENT_3D('',#298,#299,#300);
#298 = CARTESIAN_POINT('',(-50.,-86.6,0.));
#299 = DIRECTION('',(-0.500011000363,-0.866019052629,0.));
#300 = DIRECTION('',(-0.866019052629,0.500011000363,0.));
#301 = DEFINITIONAL_REPRESENTATION('',(#302),#305);
#302 = B_SPLINE_CURVE_WITH_KNOTS('',1,(#303,#304),.UNSPECIFIED.,.F.,.F.,
  (2,2),(-17.,17.),.PIECEWISE_BEZIER_KNOTS.);
#303 = CARTESIAN_POINT('',(17.,-5.));
#304 = CARTESIAN_POINT('',(-17.,-5.));
#305 = ( GEOMETRIC_REPRESENTATION_CONTEXT(2) 
PARAMETRIC_REPRESENTATION_CONTEXT() REPRESENTATION_CONTEXT('2D SPACE',''
  ) );
#306 = ORIENTED_EDGE('',*,*,#307,.T.);
#307 = EDGE_CURVE('',#282,#308,#310,.T.);
#308 = VERTEX_POINT('',#309);
#309 = CARTESIAN_POINT('',(-40.25264110498,-98.00122338049,5.));
#310 = SURFACE_CURVE('',#311,(#315,#321),.PCURVE_S1.);
#311 = LINE('',#312,#313);
#312 = CARTESIAN_POINT('',(-5.252641104989,-37.38122338049,5.));
#313 = VECTOR('',#314,1.);
#314 = DIRECTION('',(-0.500011000363,-0.866019052629,0.));
#315 = PCURVE('',#43,#316);
#316 = DEFINITIONAL_REPRESENTATION('',(#317),#320);
#317 = B_SPLINE_CURVE_WITH_KNOTS('',1,(#318,#319),.UNSPECIFIED.,.F.,.F.,
  (2,2),(-6.00000002452E-07,69.99846058306),.PIECEWISE_BEZIER_KNOTS.);
#318 = CARTESIAN_POINT('',(-5.252640804983,-37.38122286088));
#319 = CARTESIAN_POINT('',(-40.25264140499,-98.0012239001));
#320 = ( GEOMETRIC_REPRESENTATION_CONTEXT(2) 
PARAMETRIC_REPRESENTATION_CONTEXT() REPRESENTATION_CONTEXT('2D SPACE',''
  ) );
#321 = PCURVE('',#181,#322);
#322 = DEFINITIONAL_REPRESENTATION('',(#323),#326);
#323 = B_SPLINE_CURVE_WITH_KNOTS('',1,(#324,#325),.UNSPECIFIED.,.F.,.F.,
  (2,2),(-6.00000002452E-07,69.99846058306),.PIECEWISE_BEZIER_KNOTS.);
#324 = CARTESIAN_POINT('',(3.481429563044,-6.000000006757E-07));
#325 = CARTESIAN_POINT('',(3.481429563044,69.99846058306));
#326 = ( GEOMETRIC_REPRESENTATION_CONTEXT(2) 
PARAMETRIC_REPRESENTATION_CONTEXT() REPRESENTATION_CONTEXT('2D SPACE',''
  ) );
#327 = ORIENTED_EDGE('',*,*,#328,.F.);
#328 = EDGE_CURVE('',#329,#308,#331,.T.);
#329 = VERTEX_POINT('',#330);
#330 = CARTESIAN_POINT('',(-64.74735889501,-83.8587766195,5.));
#331 = SURFACE_CURVE('',#332,(#336,#342),.PCURVE_S1.);
#332 = LINE('',#333,#334);
#333 = CARTESIAN_POINT('',(-52.5,-90.93,5.));
#334 = VECTOR('',#335,1.);
#335 = DIRECTION('',(0.866019052629,-0.500011000363,0.));
#336 = PCURVE('',#43,#337);
#337 = DEFINITIONAL_REPRESENTATION('',(#338),#341);
#338 = B_SPLINE_CURVE_WITH_KNOTS('',1,(#339,#340),.UNSPECIFIED.,.F.,.F.,
  (2,2),(-15.,15.),.PIECEWISE_BEZIER_KNOTS.);
#339 = CARTESIAN_POINT('',(-65.49028578943,-83.42983499455));
#340 = CARTESIAN_POINT('',(-39.50971421056,-98.43016500544));
#341 = ( GEOMETRIC_REPRESENTATION_CONTEXT(2) 
PARAMETRIC_REPRESENTATION_CONTEXT() REPRESENTATION_CONTEXT('2D SPACE',''
  ) );
#342 = PCURVE('',#343,#348);
#343 = PLANE('',#344);
#344 = AXIS2_PLACEMENT_3D('',#345,#346,#347);
#345 = CARTESIAN_POINT('',(-52.5,-90.93,0.));
#346 = DIRECTION('',(-0.500011000363,-0.866019052629,0.));
#347 = DIRECTION('',(-0.866019052629,0.500011000363,0.));
#348 = DEFINITIONAL_REPRESENTATION('',(#349),#352);
#349 = B_SPLINE_CURVE_WITH_KNOTS('',1,(#350,#351),.UNSPECIFIED.,.F.,.F.,
  (2,2),(-15.,15.),.PIECEWISE_BEZIER_KNOTS.);
#350 = CARTESIAN_POINT('',(15.,-5.));
#351 = CARTESIAN_POINT('',(-15.,-5.));
#352 = ( GEOMETRIC_REPRESENTATION_CONTEXT(2) 
PARAMETRIC_REPRESENTATION_CONTEXT() REPRESENTATION_CONTEXT('2D SPACE',''
  ) );
#353 = ORIENTED_EDGE('',*,*,#354,.F.);
#354 = EDGE_CURVE('',#355,#329,#357,.T.);
#355 = VERTEX_POINT('',#356);
#356 = CARTESIAN_POINT('',(-62.24735889501,-79.5287766195,5.));
#357 = SURFACE_CURVE('',#358,(#362,#368),.PCURVE_S1.);
#358 = LINE('',#359,#360);
#359 = CARTESIAN_POINT('',(-29.74735889501,-23.2387766195,5.));
#360 = VECTOR('',#361,1.);
#361 = DIRECTION('',(-0.500011000363,-0.866019052629,0.));
#362 = PCURVE('',#43,#363);
#363 = DEFINITIONAL_REPRESENTATION('',(#364),#367);
#364 = B_SPLINE_CURVE_WITH_KNOTS('',1,(#365,#366),.UNSPECIFIED.,.F.,.F.,
  (2,2),(-5.999999984871E-07,69.99846058306),.PIECEWISE_BEZIER_KNOTS.);
#365 = CARTESIAN_POINT('',(-29.747358595,-23.23877609989));
#366 = CARTESIAN_POINT('',(-64.74735919501,-83.85877713912));
#367 = ( GEOMETRIC_REPRESENTATION_CONTEXT(2) 
PARAMETRIC_REPRESENTATION_CONTEXT() REPRESENTATION_CONTEXT('2D SPACE',''
  ) );
#368 = PCURVE('',#181,#369);
#369 = DEFINITIONAL_REPRESENTATION('',(#370),#373);
#370 = B_SPLINE_CURVE_WITH_KNOTS('',1,(#371,#372),.UNSPECIFIED.,.F.,.F.,
  (2,2),(-5.999999984871E-07,69.99846058306),.PIECEWISE_BEZIER_KNOTS.);
#371 = CARTESIAN_POINT('',(5.943348397725,-6.000000002635E-07));
#372 = CARTESIAN_POINT('',(5.943348397725,69.99846058306));
#373 = ( GEOMETRIC_REPRESENTATION_CONTEXT(2) 
PARAMETRIC_REPRESENTATION_CONTEXT() REPRESENTATION_CONTEXT('2D SPACE',''
  ) );
#374 = ORIENTED_EDGE('',*,*,#375,.F.);
#375 = EDGE_CURVE('',#115,#355,#376,.T.);
#376 = SURFACE_CURVE('',#377,(#381,#387),.PCURVE_S1.);
#377 = LINE('',#378,#379);
#378 = CARTESIAN_POINT('',(-50.,-86.6,5.));
#379 = VECTOR('',#380,1.);
#380 = DIRECTION('',(0.866019052629,-0.500011000363,0.));
#381 = PCURVE('',#43,#382);
#382 = DEFINITIONAL_REPRESENTATION('',(#383),#386);
#383 = B_SPLINE_CURVE_WITH_KNOTS('',1,(#384,#385),.UNSPECIFIED.,.F.,.F.,
  (2,2),(-17.,17.),.PIECEWISE_BEZIER_KNOTS.);
#384 = CARTESIAN_POINT('',(-64.72232389468,-78.09981299382));
#385 = CARTESIAN_POINT('',(-35.27767610531,-95.10018700617));
#386 = ( GEOMETRIC_REPRESENTATION_CONTEXT(2) 
PARAMETRIC_REPRESENTATION_CONTEXT() REPRESENTATION_CONTEXT('2D SPACE',''
  ) );
#387 = PCURVE('',#296,#388);
#388 = DEFINITIONAL_REPRESENTATION('',(#389),#392);
#389 = B_SPLINE_CURVE_WITH_KNOTS('',1,(#390,#391),.UNSPECIFIED.,.F.,.F.,
  (2,2),(-17.,17.),.PIECEWISE_BEZIER_KNOTS.);
#390 = CARTESIAN_POINT('',(17.,-5.));
#391 = CARTESIAN_POINT('',(-17.,-5.));
#392 = ( GEOMETRIC_REPRESENTATION_CONTEXT(2) 
PARAMETRIC_REPRESENTATION_CONTEXT() REPRESENTATION_CONTEXT('2D SPACE',''
  ) );
#393 = FACE_BOUND('',#394,.T.);
#394 = EDGE_LOOP('',(#395,#423,#449,#475,#501,#522,#543,#564,#590,#611,
    #637,#658));
#395 = ORIENTED_EDGE('',*,*,#396,.F.);
#396 = EDGE_CURVE('',#397,#399,#401,.T.);
#397 = VERTEX_POINT('',#398);
#398 = CARTESIAN_POINT('',(-40.,16.248076809272,5.));
#399 = VERTEX_POINT('',#400);
#400 = CARTESIAN_POINT('',(-100.,16.248076809272,5.));
#401 = SURFACE_CURVE('',#402,(#406,#412),.PCURVE_S1.);
#402 = LINE('',#403,#404);
#403 = CARTESIAN_POINT('',(-40.,16.248076809272,5.));
#404 = VECTOR('',#405,1.);
#405 = DIRECTION('',(-1.,0.,0.));
#406 = PCURVE('',#43,#407);
#407 = DEFINITIONAL_REPRESENTATION('',(#408),#411);
#408 = B_SPLINE_CURVE_WITH_KNOTS('',1,(#409,#410),.UNSPECIFIED.,.F.,.F.,
  (2,2),(-5.999999999062E-07,60.0000006),.PIECEWISE_BEZIER_KNOTS.);
#409 = CARTESIAN_POINT('',(-39.9999994,16.248076809272));
#410 = CARTESIAN_POINT('',(-100.0000006,16.248076809272));
#411 = ( GEOMETRIC_REPRESENTATION_CONTEXT(2) 
PARAMETRIC_REPRESENTATION_CONTEXT() REPRESENTATION_CONTEXT('2D SPACE',''
  ) );
#412 = PCURVE('',#413,#418);
#413 = CYLINDRICAL_SURFACE('',#414,17.);
#414 = AXIS2_PLACEMENT_3D('',#415,#416,#417);
#415 = CARTESIAN_POINT('',(-40.,0.,0.));
#416 = DIRECTION('',(-1.,0.,0.));
#417 = DIRECTION('',(0.,0.,-1.));
#418 = DEFINITIONAL_REPRESENTATION('',(#419),#422);
#419 = B_SPLINE_CURVE_WITH_KNOTS('',1,(#420,#421),.UNSPECIFIED.,.F.,.F.,
  (2,2),(-5.999999999062E-07,60.0000006),.PIECEWISE_BEZIER_KNOTS.);
#420 = CARTESIAN_POINT('',(4.4138567792,-5.999999999062E-07));
#421 = CARTESIAN_POINT('',(4.4138567792,60.0000006));
#422 = ( GEOMETRIC_REPRESENTATION_CONTEXT(2) 
PARAMETRIC_REPRESENTATION_CONTEXT() REPRESENTATION_CONTEXT('2D SPACE',''
  ) );
#423 = ORIENTED_EDGE('',*,*,#424,.T.);
#424 = EDGE_CURVE('',#397,#425,#427,.T.);
#425 = VERTEX_POINT('',#426);
#426 = CARTESIAN_POINT('',(-40.,14.142135623731,5.));
#427 = SURFACE_CURVE('',#428,(#432,#438),.PCURVE_S1.);
#428 = LINE('',#429,#430);
#429 = CARTESIAN_POINT('',(-40.,0.,5.));
#430 = VECTOR('',#431,1.);
#431 = DIRECTION('',(0.,-1.,0.));
#432 = PCURVE('',#43,#433);
#433 = DEFINITIONAL_REPRESENTATION('',(#434),#437);
#434 = B_SPLINE_CURVE_WITH_KNOTS('',1,(#435,#436),.UNSPECIFIED.,.F.,.F.,
  (2,2),(-17.,17.),.PIECEWISE_BEZIER_KNOTS.);
#435 = CARTESIAN_POINT('',(-40.,17.));
#436 = CARTESIAN_POINT('',(-40.,-17.));
#437 = ( GEOMETRIC_REPRESENTATION_CONTEXT(2) 
PARAMETRIC_REPRESENTATION_CONTEXT() REPRESENTATION_CONTEXT('2D SPACE',''
  ) );
#438 = PCURVE('',#439,#444);
#439 = PLANE('',#440);
#440 = AXIS2_PLACEMENT_3D('',#441,#442,#443);
#441 = CARTESIAN_POINT('',(-40.,0.,0.));
#442 = DIRECTION('',(-1.,0.,0.));
#443 = DIRECTION('',(0.,0.,-1.));
#444 = DEFINITIONAL_REPRESENTATION('',(#445),#448);
#445 = B_SPLINE_CURVE_WITH_KNOTS('',1,(#446,#447),.UNSPECIFIED.,.F.,.F.,
  (2,2),(-17.,17.),.PIECEWISE_BEZIER_KNOTS.);
#446 = CARTESIAN_POINT('',(-5.,-17.));
#447 = CARTESIAN_POINT('',(-5.,17.));
#448 = ( GEOMETRIC_REPRESENTATION_CONTEXT(2) 
PARAMETRIC_REPRESENTATION_CONTEXT() REPRESENTATION_CONTEXT('2D SPACE',''
  ) );
#449 = ORIENTED_EDGE('',*,*,#450,.F.);
#450 = EDGE_CURVE('',#451,#425,#453,.T.);
#451 = VERTEX_POINT('',#452);
#452 = CARTESIAN_POINT('',(-35.,14.142135623731,5.));
#453 = SURFACE_CURVE('',#454,(#458,#464),.PCURVE_S1.);
#454 = LINE('',#455,#456);
#455 = CARTESIAN_POINT('',(-35.,14.142135623731,5.));
#456 = VECTOR('',#457,1.);
#457 = DIRECTION('',(-1.,0.,0.));
#458 = PCURVE('',#43,#459);
#459 = DEFINITIONAL_REPRESENTATION('',(#460),#463);
#460 = B_SPLINE_CURVE_WITH_KNOTS('',1,(#461,#462),.UNSPECIFIED.,.F.,.F.,
  (2,2),(-5.999999999062E-07,70.0000006),.PIECEWISE_BEZIER_KNOTS.);
#461 = CARTESIAN_POINT('',(-34.9999994,14.142135623731));
#462 = CARTESIAN_POINT('',(-105.0000006,14.142135623731));
#463 = ( GEOMETRIC_REPRESENTATION_CONTEXT(2) 
PARAMETRIC_REPRESENTATION_CONTEXT() REPRESENTATION_CONTEXT('2D SPACE',''
  ) );
#464 = PCURVE('',#465,#470);
#465 = CYLINDRICAL_SURFACE('',#466,15.);
#466 = AXIS2_PLACEMENT_3D('',#467,#468,#469);
#467 = CARTESIAN_POINT('',(-35.,0.,0.));
#468 = DIRECTION('',(-1.,0.,0.));
#469 = DIRECTION('',(0.,0.,-1.));
#470 = DEFINITIONAL_REPRESENTATION('',(#471),#474);
#471 = B_SPLINE_CURVE_WITH_KNOTS('',1,(#472,#473),.UNSPECIFIED.,.F.,.F.,
  (2,2),(-5.999999999062E-07,70.0000006),.PIECEWISE_BEZIER_KNOTS.);
#472 = CARTESIAN_POINT('',(4.372552070931,-5.999999999062E-07));
#473 = CARTESIAN_POINT('',(4.372552070931,70.0000006));
#474 = ( GEOMETRIC_REPRESENTATION_CONTEXT(2) 
PARAMETRIC_REPRESENTATION_CONTEXT() REPRESENTATION_CONTEXT('2D SPACE',''
  ) );
#475 = ORIENTED_EDGE('',*,*,#476,.T.);
#476 = EDGE_CURVE('',#451,#477,#479,.T.);
#477 = VERTEX_POINT('',#478);
#478 = CARTESIAN_POINT('',(-35.,-14.14213562373,5.));
#479 = SURFACE_CURVE('',#480,(#484,#490),.PCURVE_S1.);
#480 = LINE('',#481,#482);
#481 = CARTESIAN_POINT('',(-35.,0.,5.));
#482 = VECTOR('',#483,1.);
#483 = DIRECTION('',(0.,-1.,0.));
#484 = PCURVE('',#43,#485);
#485 = DEFINITIONAL_REPRESENTATION('',(#486),#489);
#486 = B_SPLINE_CURVE_WITH_KNOTS('',1,(#487,#488),.UNSPECIFIED.,.F.,.F.,
  (2,2),(-15.,15.),.PIECEWISE_BEZIER_KNOTS.);
#487 = CARTESIAN_POINT('',(-35.,15.));
#488 = CARTESIAN_POINT('',(-35.,-15.));
#489 = ( GEOMETRIC_REPRESENTATION_CONTEXT(2) 
PARAMETRIC_REPRESENTATION_CONTEXT() REPRESENTATION_CONTEXT('2D SPACE',''
  ) );
#490 = PCURVE('',#491,#496);
#491 = PLANE('',#492);
#492 = AXIS2_PLACEMENT_3D('',#493,#494,#495);
#493 = CARTESIAN_POINT('',(-35.,0.,0.));
#494 = DIRECTION('',(-1.,0.,0.));
#495 = DIRECTION('',(0.,0.,-1.));
#496 = DEFINITIONAL_REPRESENTATION('',(#497),#500);
#497 = B_SPLINE_CURVE_WITH_KNOTS('',1,(#498,#499),.UNSPECIFIED.,.F.,.F.,
  (2,2),(-15.,15.),.PIECEWISE_BEZIER_KNOTS.);
#498 = CARTESIAN_POINT('',(-5.,-15.));
#499 = CARTESIAN_POINT('',(-5.,15.));
#500 = ( GEOMETRIC_REPRESENTATION_CONTEXT(2) 
PARAMETRIC_REPRESENTATION_CONTEXT() REPRESENTATION_CONTEXT('2D SPACE',''
  ) );
#501 = ORIENTED_EDGE('',*,*,#502,.T.);
#502 = EDGE_CURVE('',#477,#503,#505,.T.);
#503 = VERTEX_POINT('',#504);
#504 = CARTESIAN_POINT('',(-40.,-14.14213562373,5.));
#505 = SURFACE_CURVE('',#506,(#510,#516),.PCURVE_S1.);
#506 = LINE('',#507,#508);
#507 = CARTESIAN_POINT('',(-35.,-14.14213562373,5.));
#508 = VECTOR('',#509,1.);
#509 = DIRECTION('',(-1.,0.,0.));
#510 = PCURVE('',#43,#511);
#511 = DEFINITIONAL_REPRESENTATION('',(#512),#515);
#512 = B_SPLINE_CURVE_WITH_KNOTS('',1,(#513,#514),.UNSPECIFIED.,.F.,.F.,
  (2,2),(-5.999999999062E-07,70.0000006),.PIECEWISE_BEZIER_KNOTS.);
#513 = CARTESIAN_POINT('',(-34.9999994,-14.14213562373));
#514 = CARTESIAN_POINT('',(-105.0000006,-14.14213562373));
#515 = ( GEOMETRIC_REPRESENTATION_CONTEXT(2) 
PARAMETRIC_REPRESENTATION_CONTEXT() REPRESENTATION_CONTEXT('2D SPACE',''
  ) );
#516 = PCURVE('',#465,#517);
#517 = DEFINITIONAL_REPRESENTATION('',(#518),#521);
#518 = B_SPLINE_CURVE_WITH_KNOTS('',1,(#519,#520),.UNSPECIFIED.,.F.,.F.,
  (2,2),(-5.999999999062E-07,70.0000006),.PIECEWISE_BEZIER_KNOTS.);
#519 = CARTESIAN_POINT('',(1.910633236249,-5.999999999062E-07));
#520 = CARTESIAN_POINT('',(1.910633236249,70.0000006));
#521 = ( GEOMETRIC_REPRESENTATION_CONTEXT(2) 
PARAMETRIC_REPRESENTATION_CONTEXT() REPRESENTATION_CONTEXT('2D SPACE',''
  ) );
#522 = ORIENTED_EDGE('',*,*,#523,.T.);
#523 = EDGE_CURVE('',#503,#524,#526,.T.);
#524 = VERTEX_POINT('',#525);
#525 = CARTESIAN_POINT('',(-40.,-16.24807680927,5.));
#526 = SURFACE_CURVE('',#527,(#531,#537),.PCURVE_S1.);
#527 = LINE('',#528,#529);
#528 = CARTESIAN_POINT('',(-40.,0.,5.));
#529 = VECTOR('',#530,1.);
#530 = DIRECTION('',(0.,-1.,0.));
#531 = PCURVE('',#43,#532);
#532 = DEFINITIONAL_REPRESENTATION('',(#533),#536);
#533 = B_SPLINE_CURVE_WITH_KNOTS('',1,(#534,#535),.UNSPECIFIED.,.F.,.F.,
  (2,2),(-17.,17.),.PIECEWISE_BEZIER_KNOTS.);
#534 = CARTESIAN_POINT('',(-40.,17.));
#535 = CARTESIAN_POINT('',(-40.,-17.));
#536 = ( GEOMETRIC_REPRESENTATION_CONTEXT(2) 
PARAMETRIC_REPRESENTATION_CONTEXT() REPRESENTATION_CONTEXT('2D SPACE',''
  ) );
#537 = PCURVE('',#439,#538);
#538 = DEFINITIONAL_REPRESENTATION('',(#539),#542);
#539 = B_SPLINE_CURVE_WITH_KNOTS('',1,(#540,#541),.UNSPECIFIED.,.F.,.F.,
  (2,2),(-17.,17.),.PIECEWISE_BEZIER_KNOTS.);
#540 = CARTESIAN_POINT('',(-5.,-17.));
#541 = CARTESIAN_POINT('',(-5.,17.));
#542 = ( GEOMETRIC_REPRESENTATION_CONTEXT(2) 
PARAMETRIC_REPRESENTATION_CONTEXT() REPRESENTATION_CONTEXT('2D SPACE',''
  ) );
#543 = ORIENTED_EDGE('',*,*,#544,.T.);
#544 = EDGE_CURVE('',#524,#545,#547,.T.);
#545 = VERTEX_POINT('',#546);
#546 = CARTESIAN_POINT('',(-100.,-16.24807680927,5.));
#547 = SURFACE_CURVE('',#548,(#552,#558),.PCURVE_S1.);
#548 = LINE('',#549,#550);
#549 = CARTESIAN_POINT('',(-40.,-16.24807680927,5.));
#550 = VECTOR('',#551,1.);
#551 = DIRECTION('',(-1.,0.,0.));
#552 = PCURVE('',#43,#553);
#553 = DEFINITIONAL_REPRESENTATION('',(#554),#557);
#554 = B_SPLINE_CURVE_WITH_KNOTS('',1,(#555,#556),.UNSPECIFIED.,.F.,.F.,
  (2,2),(-5.999999999062E-07,60.0000006),.PIECEWISE_BEZIER_KNOTS.);
#555 = CARTESIAN_POINT('',(-39.9999994,-16.24807680927));
#556 = CARTESIAN_POINT('',(-100.0000006,-16.24807680927));
#557 = ( GEOMETRIC_REPRESENTATION_CONTEXT(2) 
PARAMETRIC_REPRESENTATION_CONTEXT() REPRESENTATION_CONTEXT('2D SPACE',''
  ) );
#558 = PCURVE('',#413,#559);
#559 = DEFINITIONAL_REPRESENTATION('',(#560),#563);
#560 = B_SPLINE_CURVE_WITH_KNOTS('',1,(#561,#562),.UNSPECIFIED.,.F.,.F.,
  (2,2),(-5.999999999062E-07,60.0000006),.PIECEWISE_BEZIER_KNOTS.);
#561 = CARTESIAN_POINT('',(1.86932852798,-5.999999999062E-07));
#562 = CARTESIAN_POINT('',(1.86932852798,60.0000006));
#563 = ( GEOMETRIC_REPRESENTATION_CONTEXT(2) 
PARAMETRIC_REPRESENTATION_CONTEXT() REPRESENTATION_CONTEXT('2D SPACE',''
  ) );
#564 = ORIENTED_EDGE('',*,*,#565,.F.);
#565 = EDGE_CURVE('',#566,#545,#568,.T.);
#566 = VERTEX_POINT('',#567);
#567 = CARTESIAN_POINT('',(-100.,-14.14213562373,5.));
#568 = SURFACE_CURVE('',#569,(#573,#579),.PCURVE_S1.);
#569 = LINE('',#570,#571);
#570 = CARTESIAN_POINT('',(-100.,0.,5.));
#571 = VECTOR('',#572,1.);
#572 = DIRECTION('',(0.,-1.,0.));
#573 = PCURVE('',#43,#574);
#574 = DEFINITIONAL_REPRESENTATION('',(#575),#578);
#575 = B_SPLINE_CURVE_WITH_KNOTS('',1,(#576,#577),.UNSPECIFIED.,.F.,.F.,
  (2,2),(-17.,17.),.PIECEWISE_BEZIER_KNOTS.);
#576 = CARTESIAN_POINT('',(-100.,17.));
#577 = CARTESIAN_POINT('',(-100.,-17.));
#578 = ( GEOMETRIC_REPRESENTATION_CONTEXT(2) 
PARAMETRIC_REPRESENTATION_CONTEXT() REPRESENTATION_CONTEXT('2D SPACE',''
  ) );
#579 = PCURVE('',#580,#585);
#580 = PLANE('',#581);
#581 = AXIS2_PLACEMENT_3D('',#582,#583,#584);
#582 = CARTESIAN_POINT('',(-100.,0.,0.));
#583 = DIRECTION('',(-1.,0.,0.));
#584 = DIRECTION('',(0.,0.,-1.));
#585 = DEFINITIONAL_REPRESENTATION('',(#586),#589);
#586 = B_SPLINE_CURVE_WITH_KNOTS('',1,(#587,#588),.UNSPECIFIED.,.F.,.F.,
  (2,2),(-17.,17.),.PIECEWISE_BEZIER_KNOTS.);
#587 = CARTESIAN_POINT('',(-5.,-17.));
#588 = CARTESIAN_POINT('',(-5.,17.));
#589 = ( GEOMETRIC_REPRESENTATION_CONTEXT(2) 
PARAMETRIC_REPRESENTATION_CONTEXT() REPRESENTATION_CONTEXT('2D SPACE',''
  ) );
#590 = ORIENTED_EDGE('',*,*,#591,.T.);
#591 = EDGE_CURVE('',#566,#592,#594,.T.);
#592 = VERTEX_POINT('',#593);
#593 = CARTESIAN_POINT('',(-105.,-14.14213562373,5.));
#594 = SURFACE_CURVE('',#595,(#599,#605),.PCURVE_S1.);
#595 = LINE('',#596,#597);
#596 = CARTESIAN_POINT('',(-35.,-14.14213562373,5.));
#597 = VECTOR('',#598,1.);
#598 = DIRECTION('',(-1.,0.,0.));
#599 = PCURVE('',#43,#600);
#600 = DEFINITIONAL_REPRESENTATION('',(#601),#604);
#601 = B_SPLINE_CURVE_WITH_KNOTS('',1,(#602,#603),.UNSPECIFIED.,.F.,.F.,
  (2,2),(-5.999999999062E-07,70.0000006),.PIECEWISE_BEZIER_KNOTS.);
#602 = CARTESIAN_POINT('',(-34.9999994,-14.14213562373));
#603 = CARTESIAN_POINT('',(-105.0000006,-14.14213562373));
#604 = ( GEOMETRIC_REPRESENTATION_CONTEXT(2) 
PARAMETRIC_REPRESENTATION_CONTEXT() REPRESENTATION_CONTEXT('2D SPACE',''
  ) );
#605 = PCURVE('',#465,#606);
#606 = DEFINITIONAL_REPRESENTATION('',(#607),#610);
#607 = B_SPLINE_CURVE_WITH_KNOTS('',1,(#608,#609),.UNSPECIFIED.,.F.,.F.,
  (2,2),(-5.999999999062E-07,70.0000006),.PIECEWISE_BEZIER_KNOTS.);
#608 = CARTESIAN_POINT('',(1.910633236249,-5.999999999062E-07));
#609 = CARTESIAN_POINT('',(1.910633236249,70.0000006));
#610 = ( GEOMETRIC_REPRESENTATION_CONTEXT(2) 
PARAMETRIC_REPRESENTATION_CONTEXT() REPRESENTATION_CONTEXT('2D SPACE',''
  ) );
#611 = ORIENTED_EDGE('',*,*,#612,.F.);
#612 = EDGE_CURVE('',#613,#592,#615,.T.);
#613 = VERTEX_POINT('',#614);
#614 = CARTESIAN_POINT('',(-105.,14.142135623731,5.));
#615 = SURFACE_CURVE('',#616,(#620,#626),.PCURVE_S1.);
#616 = LINE('',#617,#618);
#617 = CARTESIAN_POINT('',(-105.,0.,5.));
#618 = VECTOR('',#619,1.);
#619 = DIRECTION('',(0.,-1.,0.));
#620 = PCURVE('',#43,#621);
#621 = DEFINITIONAL_REPRESENTATION('',(#622),#625);
#622 = B_SPLINE_CURVE_WITH_KNOTS('',1,(#623,#624),.UNSPECIFIED.,.F.,.F.,
  (2,2),(-15.,15.),.PIECEWISE_BEZIER_KNOTS.);
#623 = CARTESIAN_POINT('',(-105.,15.));
#624 = CARTESIAN_POINT('',(-105.,-15.));
#625 = ( GEOMETRIC_REPRESENTATION_CONTEXT(2) 
PARAMETRIC_REPRESENTATION_CONTEXT() REPRESENTATION_CONTEXT('2D SPACE',''
  ) );
#626 = PCURVE('',#627,#632);
#627 = PLANE('',#628);
#628 = AXIS2_PLACEMENT_3D('',#629,#630,#631);
#629 = CARTESIAN_POINT('',(-105.,0.,0.));
#630 = DIRECTION('',(-1.,0.,0.));
#631 = DIRECTION('',(0.,0.,-1.));
#632 = DEFINITIONAL_REPRESENTATION('',(#633),#636);
#633 = B_SPLINE_CURVE_WITH_KNOTS('',1,(#634,#635),.UNSPECIFIED.,.F.,.F.,
  (2,2),(-15.,15.),.PIECEWISE_BEZIER_KNOTS.);
#634 = CARTESIAN_POINT('',(-5.,-15.));
#635 = CARTESIAN_POINT('',(-5.,15.));
#636 = ( GEOMETRIC_REPRESENTATION_CONTEXT(2) 
PARAMETRIC_REPRESENTATION_CONTEXT() REPRESENTATION_CONTEXT('2D SPACE',''
  ) );
#637 = ORIENTED_EDGE('',*,*,#638,.F.);
#638 = EDGE_CURVE('',#639,#613,#641,.T.);
#639 = VERTEX_POINT('',#640);
#640 = CARTESIAN_POINT('',(-100.,14.142135623731,5.));
#641 = SURFACE_CURVE('',#642,(#646,#652),.PCURVE_S1.);
#642 = LINE('',#643,#644);
#643 = CARTESIAN_POINT('',(-35.,14.142135623731,5.));
#644 = VECTOR('',#645,1.);
#645 = DIRECTION('',(-1.,0.,0.));
#646 = PCURVE('',#43,#647);
#647 = DEFINITIONAL_REPRESENTATION('',(#648),#651);
#648 = B_SPLINE_CURVE_WITH_KNOTS('',1,(#649,#650),.UNSPECIFIED.,.F.,.F.,
  (2,2),(-5.999999999062E-07,70.0000006),.PIECEWISE_BEZIER_KNOTS.);
#649 = CARTESIAN_POINT('',(-34.9999994,14.142135623731));
#650 = CARTESIAN_POINT('',(-105.0000006,14.142135623731));
#651 = ( GEOMETRIC_REPRESENTATION_CONTEXT(2) 
PARAMETRIC_REPRESENTATION_CONTEXT() REPRESENTATION_CONTEXT('2D SPACE',''
  ) );
#652 = PCURVE('',#465,#653);
#653 = DEFINITIONAL_REPRESENTATION('',(#654),#657);
#654 = B_SPLINE_CURVE_WITH_KNOTS('',1,(#655,#656),.UNSPECIFIED.,.F.,.F.,
  (2,2),(-5.999999999062E-07,70.0000006),.PIECEWISE_BEZIER_KNOTS.);
#655 = CARTESIAN_POINT('',(4.372552070931,-5.999999999062E-07));
#656 = CARTESIAN_POINT('',(4.372552070931,70.0000006));
#657 = ( GEOMETRIC_REPRESENTATION_CONTEXT(2) 
PARAMETRIC_REPRESENTATION_CONTEXT() REPRESENTATION_CONTEXT('2D SPACE',''
  ) );
#658 = ORIENTED_EDGE('',*,*,#659,.F.);
#659 = EDGE_CURVE('',#399,#639,#660,.T.);
#660 = SURFACE_CURVE('',#661,(#665,#671),.PCURVE_S1.);
#661 = LINE('',#662,#663);
#662 = CARTESIAN_POINT('',(-100.,0.,5.));
#663 = VECTOR('',#664,1.);
#664 = DIRECTION('',(0.,-1.,0.));
#665 = PCURVE('',#43,#666);
#666 = DEFINITIONAL_REPRESENTATION('',(#667),#670);
#667 = B_SPLINE_CURVE_WITH_KNOTS('',1,(#668,#669),.UNSPECIFIED.,.F.,.F.,
  (2,2),(-17.,17.),.PIECEWISE_BEZIER_KNOTS.);
#668 = CARTESIAN_POINT('',(-100.,17.));
#669 = CARTESIAN_POINT('',(-100.,-17.));
#670 = ( GEOMETRIC_REPRESENTATION_CONTEXT(2) 
PARAMETRIC_REPRESENTATION_CONTEXT() REPRESENTATION_CONTEXT('2D SPACE',''
  ) );
#671 = PCURVE('',#580,#672);
#672 = DEFINITIONAL_REPRESENTATION('',(#673),#676);
#673 = B_SPLINE_CURVE_WITH_KNOTS('',1,(#674,#675),.UNSPECIFIED.,.F.,.F.,
  (2,2),(-17.,17.),.PIECEWISE_BEZIER_KNOTS.);
#674 = CARTESIAN_POINT('',(-5.,-17.));
#675 = CARTESIAN_POINT('',(-5.,17.));
#676 = ( GEOMETRIC_REPRESENTATION_CONTEXT(2) 
PARAMETRIC_REPRESENTATION_CONTEXT() REPRESENTATION_CONTEXT('2D SPACE',''
  ) );
#677 = FACE_BOUND('',#678,.T.);
#678 = EDGE_LOOP('',(#679,#707,#733,#759,#785,#806,#827,#848,#874,#895,
    #921,#942));
#679 = ORIENTED_EDGE('',*,*,#680,.F.);
#680 = EDGE_CURVE('',#681,#683,#685,.T.);
#681 = VERTEX_POINT('',#682);
#682 = CARTESIAN_POINT('',(5.928855914595,-42.76421713937,5.));
#683 = VERTEX_POINT('',#684);
#684 = CARTESIAN_POINT('',(35.928855914595,-94.72421713937,5.));
#685 = SURFACE_CURVE('',#686,(#690,#696),.PCURVE_S1.);
#686 = LINE('',#687,#688);
#687 = CARTESIAN_POINT('',(5.928855914595,-42.76421713937,5.));
#688 = VECTOR('',#689,1.);
#689 = DIRECTION('',(0.500011000363,-0.866019052629,0.));
#690 = PCURVE('',#43,#691);
#691 = DEFINITIONAL_REPRESENTATION('',(#692),#695);
#692 = B_SPLINE_CURVE_WITH_KNOTS('',1,(#693,#694),.UNSPECIFIED.,.F.,.F.,
  (2,2),(-5.999999997874E-07,59.99868058548),.PIECEWISE_BEZIER_KNOTS.);
#693 = CARTESIAN_POINT('',(5.928855614589,-42.76421661976));
#694 = CARTESIAN_POINT('',(35.928856214602,-94.72421765899));
#695 = ( GEOMETRIC_REPRESENTATION_CONTEXT(2) 
PARAMETRIC_REPRESENTATION_CONTEXT() REPRESENTATION_CONTEXT('2D SPACE',''
  ) );
#696 = PCURVE('',#697,#702);
#697 = CYLINDRICAL_SURFACE('',#698,17.);
#698 = AXIS2_PLACEMENT_3D('',#699,#700,#701);
#699 = CARTESIAN_POINT('',(20.,-34.64,0.));
#700 = DIRECTION('',(0.500011000363,-0.866019052629,0.));
#701 = DIRECTION('',(-0.866019052629,-0.500011000363,0.));
#702 = DEFINITIONAL_REPRESENTATION('',(#703),#706);
#703 = B_SPLINE_CURVE_WITH_KNOTS('',1,(#704,#705),.UNSPECIFIED.,.F.,.F.,
  (2,2),(-5.999999997874E-07,59.99868058548),.PIECEWISE_BEZIER_KNOTS.);
#704 = CARTESIAN_POINT('',(5.984653105995,-5.999999980111E-07));
#705 = CARTESIAN_POINT('',(5.984653105995,59.99868058548));
#706 = ( GEOMETRIC_REPRESENTATION_CONTEXT(2) 
PARAMETRIC_REPRESENTATION_CONTEXT() REPRESENTATION_CONTEXT('2D SPACE',''
  ) );
#707 = ORIENTED_EDGE('',*,*,#708,.T.);
#708 = EDGE_CURVE('',#681,#709,#711,.T.);
#709 = VERTEX_POINT('',#710);
#710 = CARTESIAN_POINT('',(7.752641104989,-41.71122338049,5.));
#711 = SURFACE_CURVE('',#712,(#716,#722),.PCURVE_S1.);
#712 = LINE('',#713,#714);
#713 = CARTESIAN_POINT('',(20.,-34.64,5.));
#714 = VECTOR('',#715,1.);
#715 = DIRECTION('',(0.866019052629,0.500011000363,-0.));
#716 = PCURVE('',#43,#717);
#717 = DEFINITIONAL_REPRESENTATION('',(#718),#721);
#718 = B_SPLINE_CURVE_WITH_KNOTS('',1,(#719,#720),.UNSPECIFIED.,.F.,.F.,
  (2,2),(-17.,17.),.PIECEWISE_BEZIER_KNOTS.);
#719 = CARTESIAN_POINT('',(5.277676105311,-43.14018700617));
#720 = CARTESIAN_POINT('',(34.722323894689,-26.13981299382));
#721 = ( GEOMETRIC_REPRESENTATION_CONTEXT(2) 
PARAMETRIC_REPRESENTATION_CONTEXT() REPRESENTATION_CONTEXT('2D SPACE',''
  ) );
#722 = PCURVE('',#723,#728);
#723 = PLANE('',#724);
#724 = AXIS2_PLACEMENT_3D('',#725,#726,#727);
#725 = CARTESIAN_POINT('',(20.,-34.64,0.));
#726 = DIRECTION('',(0.500011000363,-0.866019052629,0.));
#727 = DIRECTION('',(-0.866019052629,-0.500011000363,0.));
#728 = DEFINITIONAL_REPRESENTATION('',(#729),#732);
#729 = B_SPLINE_CURVE_WITH_KNOTS('',1,(#730,#731),.UNSPECIFIED.,.F.,.F.,
  (2,2),(-17.,17.),.PIECEWISE_BEZIER_KNOTS.);
#730 = CARTESIAN_POINT('',(17.,-5.));
#731 = CARTESIAN_POINT('',(-17.,-5.));
#732 = ( GEOMETRIC_REPRESENTATION_CONTEXT(2) 
PARAMETRIC_REPRESENTATION_CONTEXT() REPRESENTATION_CONTEXT('2D SPACE',''
  ) );
#733 = ORIENTED_EDGE('',*,*,#734,.F.);
#734 = EDGE_CURVE('',#735,#709,#737,.T.);
#735 = VERTEX_POINT('',#736);
#736 = CARTESIAN_POINT('',(5.252641104989,-37.38122338049,5.));
#737 = SURFACE_CURVE('',#738,(#742,#748),.PCURVE_S1.);
#738 = LINE('',#739,#740);
#739 = CARTESIAN_POINT('',(5.252641104989,-37.38122338049,5.));
#740 = VECTOR('',#741,1.);
#741 = DIRECTION('',(0.500011000363,-0.866019052629,0.));
#742 = PCURVE('',#43,#743);
#743 = DEFINITIONAL_REPRESENTATION('',(#744),#747);
#744 = B_SPLINE_CURVE_WITH_KNOTS('',1,(#745,#746),.UNSPECIFIED.,.F.,.F.,
  (2,2),(-6.000000015638E-07,69.99846058306),.PIECEWISE_BEZIER_KNOTS.);
#745 = CARTESIAN_POINT('',(5.252640804983,-37.38122286088));
#746 = CARTESIAN_POINT('',(40.252641404996,-98.0012239001));
#747 = ( GEOMETRIC_REPRESENTATION_CONTEXT(2) 
PARAMETRIC_REPRESENTATION_CONTEXT() REPRESENTATION_CONTEXT('2D SPACE',''
  ) );
#748 = PCURVE('',#749,#754);
#749 = CYLINDRICAL_SURFACE('',#750,15.);
#750 = AXIS2_PLACEMENT_3D('',#751,#752,#753);
#751 = CARTESIAN_POINT('',(17.5,-30.31,0.));
#752 = DIRECTION('',(0.500011000363,-0.866019052629,0.));
#753 = DIRECTION('',(-0.866019052629,-0.500011000363,0.));
#754 = DEFINITIONAL_REPRESENTATION('',(#755),#758);
#755 = B_SPLINE_CURVE_WITH_KNOTS('',1,(#756,#757),.UNSPECIFIED.,.F.,.F.,
  (2,2),(-6.000000015638E-07,69.99846058306),.PIECEWISE_BEZIER_KNOTS.);
#756 = CARTESIAN_POINT('',(5.943348397725,-5.999999997875E-07));
#757 = CARTESIAN_POINT('',(5.943348397725,69.99846058306));
#758 = ( GEOMETRIC_REPRESENTATION_CONTEXT(2) 
PARAMETRIC_REPRESENTATION_CONTEXT() REPRESENTATION_CONTEXT('2D SPACE',''
  ) );
#759 = ORIENTED_EDGE('',*,*,#760,.T.);
#760 = EDGE_CURVE('',#735,#761,#763,.T.);
#761 = VERTEX_POINT('',#762);
#762 = CARTESIAN_POINT('',(29.747358895011,-23.2387766195,5.));
#763 = SURFACE_CURVE('',#764,(#768,#774),.PCURVE_S1.);
#764 = LINE('',#765,#766);
#765 = CARTESIAN_POINT('',(17.5,-30.31,5.));
#766 = VECTOR('',#767,1.);
#767 = DIRECTION('',(0.866019052629,0.500011000363,-0.));
#768 = PCURVE('',#43,#769);
#769 = DEFINITIONAL_REPRESENTATION('',(#770),#773);
#770 = B_SPLINE_CURVE_WITH_KNOTS('',1,(#771,#772),.UNSPECIFIED.,.F.,.F.,
  (2,2),(-15.,15.),.PIECEWISE_BEZIER_KNOTS.);
#771 = CARTESIAN_POINT('',(4.509714210569,-37.81016500544));
#772 = CARTESIAN_POINT('',(30.490285789431,-22.80983499455));
#773 = ( GEOMETRIC_REPRESENTATION_CONTEXT(2) 
PARAMETRIC_REPRESENTATION_CONTEXT() REPRESENTATION_CONTEXT('2D SPACE',''
  ) );
#774 = PCURVE('',#775,#780);
#775 = PLANE('',#776);
#776 = AXIS2_PLACEMENT_3D('',#777,#778,#779);
#777 = CARTESIAN_POINT('',(17.5,-30.31,0.));
#778 = DIRECTION('',(0.500011000363,-0.866019052629,0.));
#779 = DIRECTION('',(-0.866019052629,-0.500011000363,0.));
#780 = DEFINITIONAL_REPRESENTATION('',(#781),#784);
#781 = B_SPLINE_CURVE_WITH_KNOTS('',1,(#782,#783),.UNSPECIFIED.,.F.,.F.,
  (2,2),(-15.,15.),.PIECEWISE_BEZIER_KNOTS.);
#782 = CARTESIAN_POINT('',(15.,-5.));
#783 = CARTESIAN_POINT('',(-15.,-5.));
#784 = ( GEOMETRIC_REPRESENTATION_CONTEXT(2) 
PARAMETRIC_REPRESENTATION_CONTEXT() REPRESENTATION_CONTEXT('2D SPACE',''
  ) );
#785 = ORIENTED_EDGE('',*,*,#786,.T.);
#786 = EDGE_CURVE('',#761,#787,#789,.T.);
#787 = VERTEX_POINT('',#788);
#788 = CARTESIAN_POINT('',(32.247358895011,-27.5687766195,5.));
#789 = SURFACE_CURVE('',#790,(#794,#800),.PCURVE_S1.);
#790 = LINE('',#791,#792);
#791 = CARTESIAN_POINT('',(29.747358895011,-23.2387766195,5.));
#792 = VECTOR('',#793,1.);
#793 = DIRECTION('',(0.500011000363,-0.866019052629,0.));
#794 = PCURVE('',#43,#795);
#795 = DEFINITIONAL_REPRESENTATION('',(#796),#799);
#796 = B_SPLINE_CURVE_WITH_KNOTS('',1,(#797,#798),.UNSPECIFIED.,.F.,.F.,
  (2,2),(-5.999999967107E-07,69.99846058306),.PIECEWISE_BEZIER_KNOTS.);
#797 = CARTESIAN_POINT('',(29.747358595004,-23.23877609989));
#798 = CARTESIAN_POINT('',(64.747359195017,-83.85877713912));
#799 = ( GEOMETRIC_REPRESENTATION_CONTEXT(2) 
PARAMETRIC_REPRESENTATION_CONTEXT() REPRESENTATION_CONTEXT('2D SPACE',''
  ) );
#800 = PCURVE('',#749,#801);
#801 = DEFINITIONAL_REPRESENTATION('',(#802),#805);
#802 = B_SPLINE_CURVE_WITH_KNOTS('',1,(#803,#804),.UNSPECIFIED.,.F.,.F.,
  (2,2),(-5.999999967107E-07,69.99846058306),.PIECEWISE_BEZIER_KNOTS.);
#803 = CARTESIAN_POINT('',(3.481429563044,-5.999999984871E-07));
#804 = CARTESIAN_POINT('',(3.481429563044,69.99846058306));
#805 = ( GEOMETRIC_REPRESENTATION_CONTEXT(2) 
PARAMETRIC_REPRESENTATION_CONTEXT() REPRESENTATION_CONTEXT('2D SPACE',''
  ) );
#806 = ORIENTED_EDGE('',*,*,#807,.T.);
#807 = EDGE_CURVE('',#787,#808,#810,.T.);
#808 = VERTEX_POINT('',#809);
#809 = CARTESIAN_POINT('',(34.071144085405,-26.51578286062,5.));
#810 = SURFACE_CURVE('',#811,(#815,#821),.PCURVE_S1.);
#811 = LINE('',#812,#813);
#812 = CARTESIAN_POINT('',(20.,-34.64,5.));
#813 = VECTOR('',#814,1.);
#814 = DIRECTION('',(0.866019052629,0.500011000363,-0.));
#815 = PCURVE('',#43,#816);
#816 = DEFINITIONAL_REPRESENTATION('',(#817),#820);
#817 = B_SPLINE_CURVE_WITH_KNOTS('',1,(#818,#819),.UNSPECIFIED.,.F.,.F.,
  (2,2),(-17.,17.),.PIECEWISE_BEZIER_KNOTS.);
#818 = CARTESIAN_POINT('',(5.277676105311,-43.14018700617));
#819 = CARTESIAN_POINT('',(34.722323894689,-26.13981299382));
#820 = ( GEOMETRIC_REPRESENTATION_CONTEXT(2) 
PARAMETRIC_REPRESENTATION_CONTEXT() REPRESENTATION_CONTEXT('2D SPACE',''
  ) );
#821 = PCURVE('',#723,#822);
#822 = DEFINITIONAL_REPRESENTATION('',(#823),#826);
#823 = B_SPLINE_CURVE_WITH_KNOTS('',1,(#824,#825),.UNSPECIFIED.,.F.,.F.,
  (2,2),(-17.,17.),.PIECEWISE_BEZIER_KNOTS.);
#824 = CARTESIAN_POINT('',(17.,-5.));
#825 = CARTESIAN_POINT('',(-17.,-5.));
#826 = ( GEOMETRIC_REPRESENTATION_CONTEXT(2) 
PARAMETRIC_REPRESENTATION_CONTEXT() REPRESENTATION_CONTEXT('2D SPACE',''
  ) );
#827 = ORIENTED_EDGE('',*,*,#828,.T.);
#828 = EDGE_CURVE('',#808,#829,#831,.T.);
#829 = VERTEX_POINT('',#830);
#830 = CARTESIAN_POINT('',(64.071144085405,-78.47578286062,5.));
#831 = SURFACE_CURVE('',#832,(#836,#842),.PCURVE_S1.);
#832 = LINE('',#833,#834);
#833 = CARTESIAN_POINT('',(34.071144085405,-26.51578286062,5.));
#834 = VECTOR('',#835,1.);
#835 = DIRECTION('',(0.500011000363,-0.866019052629,0.));
#836 = PCURVE('',#43,#837);
#837 = DEFINITIONAL_REPRESENTATION('',(#838),#841);
#838 = B_SPLINE_CURVE_WITH_KNOTS('',1,(#839,#840),.UNSPECIFIED.,.F.,.F.,
  (2,2),(-5.999999967107E-07,59.99868058548),.PIECEWISE_BEZIER_KNOTS.);
#839 = CARTESIAN_POINT('',(34.071143785398,-26.515782341));
#840 = CARTESIAN_POINT('',(64.071144385411,-78.47578338023));
#841 = ( GEOMETRIC_REPRESENTATION_CONTEXT(2) 
PARAMETRIC_REPRESENTATION_CONTEXT() REPRESENTATION_CONTEXT('2D SPACE',''
  ) );
#842 = PCURVE('',#697,#843);
#843 = DEFINITIONAL_REPRESENTATION('',(#844),#847);
#844 = B_SPLINE_CURVE_WITH_KNOTS('',1,(#845,#846),.UNSPECIFIED.,.F.,.F.,
  (2,2),(-5.999999967107E-07,59.99868058548),.PIECEWISE_BEZIER_KNOTS.);
#845 = CARTESIAN_POINT('',(3.440124854775,-5.999999993753E-07));
#846 = CARTESIAN_POINT('',(3.440124854775,59.99868058548));
#847 = ( GEOMETRIC_REPRESENTATION_CONTEXT(2) 
PARAMETRIC_REPRESENTATION_CONTEXT() REPRESENTATION_CONTEXT('2D SPACE',''
  ) );
#848 = ORIENTED_EDGE('',*,*,#849,.F.);
#849 = EDGE_CURVE('',#850,#829,#852,.T.);
#850 = VERTEX_POINT('',#851);
#851 = CARTESIAN_POINT('',(62.247358895011,-79.5287766195,5.));
#852 = SURFACE_CURVE('',#853,(#857,#863),.PCURVE_S1.);
#853 = LINE('',#854,#855);
#854 = CARTESIAN_POINT('',(50.,-86.6,5.));
#855 = VECTOR('',#856,1.);
#856 = DIRECTION('',(0.866019052629,0.500011000363,-0.));
#857 = PCURVE('',#43,#858);
#858 = DEFINITIONAL_REPRESENTATION('',(#859),#862);
#859 = B_SPLINE_CURVE_WITH_KNOTS('',1,(#860,#861),.UNSPECIFIED.,.F.,.F.,
  (2,2),(-17.,17.),.PIECEWISE_BEZIER_KNOTS.);
#860 = CARTESIAN_POINT('',(35.277676105311,-95.10018700617));
#861 = CARTESIAN_POINT('',(64.722323894689,-78.09981299382));
#862 = ( GEOMETRIC_REPRESENTATION_CONTEXT(2) 
PARAMETRIC_REPRESENTATION_CONTEXT() REPRESENTATION_CONTEXT('2D SPACE',''
  ) );
#863 = PCURVE('',#864,#869);
#864 = PLANE('',#865);
#865 = AXIS2_PLACEMENT_3D('',#866,#867,#868);
#866 = CARTESIAN_POINT('',(50.,-86.6,0.));
#867 = DIRECTION('',(0.500011000363,-0.866019052629,0.));
#868 = DIRECTION('',(-0.866019052629,-0.500011000363,0.));
#869 = DEFINITIONAL_REPRESENTATION('',(#870),#873);
#870 = B_SPLINE_CURVE_WITH_KNOTS('',1,(#871,#872),.UNSPECIFIED.,.F.,.F.,
  (2,2),(-17.,17.),.PIECEWISE_BEZIER_KNOTS.);
#871 = CARTESIAN_POINT('',(17.,-5.));
#872 = CARTESIAN_POINT('',(-17.,-5.));
#873 = ( GEOMETRIC_REPRESENTATION_CONTEXT(2) 
PARAMETRIC_REPRESENTATION_CONTEXT() REPRESENTATION_CONTEXT('2D SPACE',''
  ) );
#874 = ORIENTED_EDGE('',*,*,#875,.T.);
#875 = EDGE_CURVE('',#850,#876,#878,.T.);
#876 = VERTEX_POINT('',#877);
#877 = CARTESIAN_POINT('',(64.747358895011,-83.8587766195,5.));
#878 = SURFACE_CURVE('',#879,(#883,#889),.PCURVE_S1.);
#879 = LINE('',#880,#881);
#880 = CARTESIAN_POINT('',(29.747358895011,-23.2387766195,5.));
#881 = VECTOR('',#882,1.);
#882 = DIRECTION('',(0.500011000363,-0.866019052629,0.));
#883 = PCURVE('',#43,#884);
#884 = DEFINITIONAL_REPRESENTATION('',(#885),#888);
#885 = B_SPLINE_CURVE_WITH_KNOTS('',1,(#886,#887),.UNSPECIFIED.,.F.,.F.,
  (2,2),(-5.999999967107E-07,69.99846058306),.PIECEWISE_BEZIER_KNOTS.);
#886 = CARTESIAN_POINT('',(29.747358595004,-23.23877609989));
#887 = CARTESIAN_POINT('',(64.747359195017,-83.85877713912));
#888 = ( GEOMETRIC_REPRESENTATION_CONTEXT(2) 
PARAMETRIC_REPRESENTATION_CONTEXT() REPRESENTATION_CONTEXT('2D SPACE',''
  ) );
#889 = PCURVE('',#749,#890);
#890 = DEFINITIONAL_REPRESENTATION('',(#891),#894);
#891 = B_SPLINE_CURVE_WITH_KNOTS('',1,(#892,#893),.UNSPECIFIED.,.F.,.F.,
  (2,2),(-5.999999967107E-07,69.99846058306),.PIECEWISE_BEZIER_KNOTS.);
#892 = CARTESIAN_POINT('',(3.481429563044,-5.999999984871E-07));
#893 = CARTESIAN_POINT('',(3.481429563044,69.99846058306));
#894 = ( GEOMETRIC_REPRESENTATION_CONTEXT(2) 
PARAMETRIC_REPRESENTATION_CONTEXT() REPRESENTATION_CONTEXT('2D SPACE',''
  ) );
#895 = ORIENTED_EDGE('',*,*,#896,.F.);
#896 = EDGE_CURVE('',#897,#876,#899,.T.);
#897 = VERTEX_POINT('',#898);
#898 = CARTESIAN_POINT('',(40.252641104989,-98.00122338049,5.));
#899 = SURFACE_CURVE('',#900,(#904,#910),.PCURVE_S1.);
#900 = LINE('',#901,#902);
#901 = CARTESIAN_POINT('',(52.5,-90.93,5.));
#902 = VECTOR('',#903,1.);
#903 = DIRECTION('',(0.866019052629,0.500011000363,-0.));
#904 = PCURVE('',#43,#905);
#905 = DEFINITIONAL_REPRESENTATION('',(#906),#909);
#906 = B_SPLINE_CURVE_WITH_KNOTS('',1,(#907,#908),.UNSPECIFIED.,.F.,.F.,
  (2,2),(-15.,15.),.PIECEWISE_BEZIER_KNOTS.);
#907 = CARTESIAN_POINT('',(39.509714210569,-98.43016500544));
#908 = CARTESIAN_POINT('',(65.490285789431,-83.42983499455));
#909 = ( GEOMETRIC_REPRESENTATION_CONTEXT(2) 
PARAMETRIC_REPRESENTATION_CONTEXT() REPRESENTATION_CONTEXT('2D SPACE',''
  ) );
#910 = PCURVE('',#911,#916);
#911 = PLANE('',#912);
#912 = AXIS2_PLACEMENT_3D('',#913,#914,#915);
#913 = CARTESIAN_POINT('',(52.5,-90.93,0.));
#914 = DIRECTION('',(0.500011000363,-0.866019052629,0.));
#915 = DIRECTION('',(-0.866019052629,-0.500011000363,0.));
#916 = DEFINITIONAL_REPRESENTATION('',(#917),#920);
#917 = B_SPLINE_CURVE_WITH_KNOTS('',1,(#918,#919),.UNSPECIFIED.,.F.,.F.,
  (2,2),(-15.,15.),.PIECEWISE_BEZIER_KNOTS.);
#918 = CARTESIAN_POINT('',(15.,-5.));
#919 = CARTESIAN_POINT('',(-15.,-5.));
#920 = ( GEOMETRIC_REPRESENTATION_CONTEXT(2) 
PARAMETRIC_REPRESENTATION_CONTEXT() REPRESENTATION_CONTEXT('2D SPACE',''
  ) );
#921 = ORIENTED_EDGE('',*,*,#922,.F.);
#922 = EDGE_CURVE('',#923,#897,#925,.T.);
#923 = VERTEX_POINT('',#924);
#924 = CARTESIAN_POINT('',(37.752641104989,-93.67122338049,5.));
#925 = SURFACE_CURVE('',#926,(#930,#936),.PCURVE_S1.);
#926 = LINE('',#927,#928);
#927 = CARTESIAN_POINT('',(5.252641104989,-37.38122338049,5.));
#928 = VECTOR('',#929,1.);
#929 = DIRECTION('',(0.500011000363,-0.866019052629,0.));
#930 = PCURVE('',#43,#931);
#931 = DEFINITIONAL_REPRESENTATION('',(#932),#935);
#932 = B_SPLINE_CURVE_WITH_KNOTS('',1,(#933,#934),.UNSPECIFIED.,.F.,.F.,
  (2,2),(-6.000000015638E-07,69.99846058306),.PIECEWISE_BEZIER_KNOTS.);
#933 = CARTESIAN_POINT('',(5.252640804983,-37.38122286088));
#934 = CARTESIAN_POINT('',(40.252641404996,-98.0012239001));
#935 = ( GEOMETRIC_REPRESENTATION_CONTEXT(2) 
PARAMETRIC_REPRESENTATION_CONTEXT() REPRESENTATION_CONTEXT('2D SPACE',''
  ) );
#936 = PCURVE('',#749,#937);
#937 = DEFINITIONAL_REPRESENTATION('',(#938),#941);
#938 = B_SPLINE_CURVE_WITH_KNOTS('',1,(#939,#940),.UNSPECIFIED.,.F.,.F.,
  (2,2),(-6.000000015638E-07,69.99846058306),.PIECEWISE_BEZIER_KNOTS.);
#939 = CARTESIAN_POINT('',(5.943348397725,-5.999999997875E-07));
#940 = CARTESIAN_POINT('',(5.943348397725,69.99846058306));
#941 = ( GEOMETRIC_REPRESENTATION_CONTEXT(2) 
PARAMETRIC_REPRESENTATION_CONTEXT() REPRESENTATION_CONTEXT('2D SPACE',''
  ) );
#942 = ORIENTED_EDGE('',*,*,#943,.F.);
#943 = EDGE_CURVE('',#683,#923,#944,.T.);
#944 = SURFACE_CURVE('',#945,(#949,#955),.PCURVE_S1.);
#945 = LINE('',#946,#947);
#946 = CARTESIAN_POINT('',(50.,-86.6,5.));
#947 = VECTOR('',#948,1.);
#948 = DIRECTION('',(0.866019052629,0.500011000363,-0.));
#949 = PCURVE('',#43,#950);
#950 = DEFINITIONAL_REPRESENTATION('',(#951),#954);
#951 = B_SPLINE_CURVE_WITH_KNOTS('',1,(#952,#953),.UNSPECIFIED.,.F.,.F.,
  (2,2),(-17.,17.),.PIECEWISE_BEZIER_KNOTS.);
#952 = CARTESIAN_POINT('',(35.277676105311,-95.10018700617));
#953 = CARTESIAN_POINT('',(64.722323894689,-78.09981299382));
#954 = ( GEOMETRIC_REPRESENTATION_CONTEXT(2) 
PARAMETRIC_REPRESENTATION_CONTEXT() REPRESENTATION_CONTEXT('2D SPACE',''
  ) );
#955 = PCURVE('',#864,#956);
#956 = DEFINITIONAL_REPRESENTATION('',(#957),#960);
#957 = B_SPLINE_CURVE_WITH_KNOTS('',1,(#958,#959),.UNSPECIFIED.,.F.,.F.,
  (2,2),(-17.,17.),.PIECEWISE_BEZIER_KNOTS.);
#958 = CARTESIAN_POINT('',(17.,-5.));
#959 = CARTESIAN_POINT('',(-17.,-5.));
#960 = ( GEOMETRIC_REPRESENTATION_CONTEXT(2) 
PARAMETRIC_REPRESENTATION_CONTEXT() REPRESENTATION_CONTEXT('2D SPACE',''
  ) );
#961 = FACE_BOUND('',#962,.T.);
#962 = EDGE_LOOP('',(#963,#991,#1017,#1043,#1069,#1090,#1111,#1132,#1158
    ,#1179,#1205,#1226));
#963 = ORIENTED_EDGE('',*,*,#964,.F.);
#964 = EDGE_CURVE('',#965,#967,#969,.T.);
#965 = VERTEX_POINT('',#966);
#966 = CARTESIAN_POINT('',(40.,-16.24807680927,5.));
#967 = VERTEX_POINT('',#968);
#968 = CARTESIAN_POINT('',(100.,-16.24807680927,5.));
#969 = SURFACE_CURVE('',#970,(#974,#980),.PCURVE_S1.);
#970 = LINE('',#971,#972);
#971 = CARTESIAN_POINT('',(40.,-16.24807680927,5.));
#972 = VECTOR('',#973,1.);
#973 = DIRECTION('',(1.,0.,0.));
#974 = PCURVE('',#43,#975);
#975 = DEFINITIONAL_REPRESENTATION('',(#976),#979);
#976 = B_SPLINE_CURVE_WITH_KNOTS('',1,(#977,#978),.UNSPECIFIED.,.F.,.F.,
  (2,2),(-5.999999999062E-07,60.0000006),.PIECEWISE_BEZIER_KNOTS.);
#977 = CARTESIAN_POINT('',(39.9999994,-16.24807680927));
#978 = CARTESIAN_POINT('',(100.0000006,-16.24807680927));
#979 = ( GEOMETRIC_REPRESENTATION_CONTEXT(2) 
PARAMETRIC_REPRESENTATION_CONTEXT() REPRESENTATION_CONTEXT('2D SPACE',''
  ) );
#980 = PCURVE('',#981,#986);
#981 = CYLINDRICAL_SURFACE('',#982,17.);
#982 = AXIS2_PLACEMENT_3D('',#983,#984,#985);
#983 = CARTESIAN_POINT('',(40.,0.,0.));
#984 = DIRECTION('',(1.,0.,0.));
#985 = DIRECTION('',(-0.,0.,1.));
#986 = DEFINITIONAL_REPRESENTATION('',(#987),#990);
#987 = B_SPLINE_CURVE_WITH_KNOTS('',1,(#988,#989),.UNSPECIFIED.,.F.,.F.,
  (2,2),(0.,60.),.PIECEWISE_BEZIER_KNOTS.);
#988 = CARTESIAN_POINT('',(7.55544943279,0.));
#989 = CARTESIAN_POINT('',(7.55544943279,60.));
#990 = ( GEOMETRIC_REPRESENTATION_CONTEXT(2) 
PARAMETRIC_REPRESENTATION_CONTEXT() REPRESENTATION_CONTEXT('2D SPACE',''
  ) );
#991 = ORIENTED_EDGE('',*,*,#992,.T.);
#992 = EDGE_CURVE('',#965,#993,#995,.T.);
#993 = VERTEX_POINT('',#994);
#994 = CARTESIAN_POINT('',(40.,-14.14213562373,5.));
#995 = SURFACE_CURVE('',#996,(#1000,#1006),.PCURVE_S1.);
#996 = LINE('',#997,#998);
#997 = CARTESIAN_POINT('',(40.,0.,5.));
#998 = VECTOR('',#999,1.);
#999 = DIRECTION('',(0.,1.,0.));
#1000 = PCURVE('',#43,#1001);
#1001 = DEFINITIONAL_REPRESENTATION('',(#1002),#1005);
#1002 = B_SPLINE_CURVE_WITH_KNOTS('',1,(#1003,#1004),.UNSPECIFIED.,.F.,
  .F.,(2,2),(-17.,17.),.PIECEWISE_BEZIER_KNOTS.);
#1003 = CARTESIAN_POINT('',(40.,-17.));
#1004 = CARTESIAN_POINT('',(40.,17.));
#1005 = ( GEOMETRIC_REPRESENTATION_CONTEXT(2) 
PARAMETRIC_REPRESENTATION_CONTEXT() REPRESENTATION_CONTEXT('2D SPACE',''
  ) );
#1006 = PCURVE('',#1007,#1012);
#1007 = PLANE('',#1008);
#1008 = AXIS2_PLACEMENT_3D('',#1009,#1010,#1011);
#1009 = CARTESIAN_POINT('',(40.,0.,0.));
#1010 = DIRECTION('',(1.,0.,0.));
#1011 = DIRECTION('',(-0.,0.,1.));
#1012 = DEFINITIONAL_REPRESENTATION('',(#1013),#1016);
#1013 = B_SPLINE_CURVE_WITH_KNOTS('',1,(#1014,#1015),.UNSPECIFIED.,.F.,
  .F.,(2,2),(-17.,17.),.PIECEWISE_BEZIER_KNOTS.);
#1014 = CARTESIAN_POINT('',(5.,17.));
#1015 = CARTESIAN_POINT('',(5.,-17.));
#1016 = ( GEOMETRIC_REPRESENTATION_CONTEXT(2) 
PARAMETRIC_REPRESENTATION_CONTEXT() REPRESENTATION_CONTEXT('2D SPACE',''
  ) );
#1017 = ORIENTED_EDGE('',*,*,#1018,.F.);
#1018 = EDGE_CURVE('',#1019,#993,#1021,.T.);
#1019 = VERTEX_POINT('',#1020);
#1020 = CARTESIAN_POINT('',(35.,-14.14213562373,5.));
#1021 = SURFACE_CURVE('',#1022,(#1026,#1032),.PCURVE_S1.);
#1022 = LINE('',#1023,#1024);
#1023 = CARTESIAN_POINT('',(35.,-14.14213562373,5.));
#1024 = VECTOR('',#1025,1.);
#1025 = DIRECTION('',(1.,0.,0.));
#1026 = PCURVE('',#43,#1027);
#1027 = DEFINITIONAL_REPRESENTATION('',(#1028),#1031);
#1028 = B_SPLINE_CURVE_WITH_KNOTS('',1,(#1029,#1030),.UNSPECIFIED.,.F.,
  .F.,(2,2),(-5.999999999062E-07,70.0000006),.PIECEWISE_BEZIER_KNOTS.);
#1029 = CARTESIAN_POINT('',(34.9999994,-14.14213562373));
#1030 = CARTESIAN_POINT('',(105.0000006,-14.14213562373));
#1031 = ( GEOMETRIC_REPRESENTATION_CONTEXT(2) 
PARAMETRIC_REPRESENTATION_CONTEXT() REPRESENTATION_CONTEXT('2D SPACE',''
  ) );
#1032 = PCURVE('',#1033,#1038);
#1033 = CYLINDRICAL_SURFACE('',#1034,15.);
#1034 = AXIS2_PLACEMENT_3D('',#1035,#1036,#1037);
#1035 = CARTESIAN_POINT('',(35.,0.,0.));
#1036 = DIRECTION('',(1.,0.,0.));
#1037 = DIRECTION('',(-0.,0.,1.));
#1038 = DEFINITIONAL_REPRESENTATION('',(#1039),#1042);
#1039 = B_SPLINE_CURVE_WITH_KNOTS('',1,(#1040,#1041),.UNSPECIFIED.,.F.,
  .F.,(2,2),(-5.999999999062E-07,70.0000006),.PIECEWISE_BEZIER_KNOTS.);
#1040 = CARTESIAN_POINT('',(1.230959417341,-5.999999999062E-07));
#1041 = CARTESIAN_POINT('',(1.230959417341,70.0000006));
#1042 = ( GEOMETRIC_REPRESENTATION_CONTEXT(2) 
PARAMETRIC_REPRESENTATION_CONTEXT() REPRESENTATION_CONTEXT('2D SPACE',''
  ) );
#1043 = ORIENTED_EDGE('',*,*,#1044,.T.);
#1044 = EDGE_CURVE('',#1019,#1045,#1047,.T.);
#1045 = VERTEX_POINT('',#1046);
#1046 = CARTESIAN_POINT('',(35.,14.142135623731,5.));
#1047 = SURFACE_CURVE('',#1048,(#1052,#1058),.PCURVE_S1.);
#1048 = LINE('',#1049,#1050);
#1049 = CARTESIAN_POINT('',(35.,0.,5.));
#1050 = VECTOR('',#1051,1.);
#1051 = DIRECTION('',(0.,1.,0.));
#1052 = PCURVE('',#43,#1053);
#1053 = DEFINITIONAL_REPRESENTATION('',(#1054),#1057);
#1054 = B_SPLINE_CURVE_WITH_KNOTS('',1,(#1055,#1056),.UNSPECIFIED.,.F.,
  .F.,(2,2),(-15.,15.),.PIECEWISE_BEZIER_KNOTS.);
#1055 = CARTESIAN_POINT('',(35.,-15.));
#1056 = CARTESIAN_POINT('',(35.,15.));
#1057 = ( GEOMETRIC_REPRESENTATION_CONTEXT(2) 
PARAMETRIC_REPRESENTATION_CONTEXT() REPRESENTATION_CONTEXT('2D SPACE',''
  ) );
#1058 = PCURVE('',#1059,#1064);
#1059 = PLANE('',#1060);
#1060 = AXIS2_PLACEMENT_3D('',#1061,#1062,#1063);
#1061 = CARTESIAN_POINT('',(35.,0.,0.));
#1062 = DIRECTION('',(1.,0.,0.));
#1063 = DIRECTION('',(-0.,0.,1.));
#1064 = DEFINITIONAL_REPRESENTATION('',(#1065),#1068);
#1065 = B_SPLINE_CURVE_WITH_KNOTS('',1,(#1066,#1067),.UNSPECIFIED.,.F.,
  .F.,(2,2),(-15.,15.),.PIECEWISE_BEZIER_KNOTS.);
#1066 = CARTESIAN_POINT('',(5.,15.));
#1067 = CARTESIAN_POINT('',(5.,-15.));
#1068 = ( GEOMETRIC_REPRESENTATION_CONTEXT(2) 
PARAMETRIC_REPRESENTATION_CONTEXT() REPRESENTATION_CONTEXT('2D SPACE',''
  ) );
#1069 = ORIENTED_EDGE('',*,*,#1070,.T.);
#1070 = EDGE_CURVE('',#1045,#1071,#1073,.T.);
#1071 = VERTEX_POINT('',#1072);
#1072 = CARTESIAN_POINT('',(40.,14.142135623731,5.));
#1073 = SURFACE_CURVE('',#1074,(#1078,#1084),.PCURVE_S1.);
#1074 = LINE('',#1075,#1076);
#1075 = CARTESIAN_POINT('',(35.,14.142135623731,5.));
#1076 = VECTOR('',#1077,1.);
#1077 = DIRECTION('',(1.,0.,0.));
#1078 = PCURVE('',#43,#1079);
#1079 = DEFINITIONAL_REPRESENTATION('',(#1080),#1083);
#1080 = B_SPLINE_CURVE_WITH_KNOTS('',1,(#1081,#1082),.UNSPECIFIED.,.F.,
  .F.,(2,2),(-5.999999999062E-07,70.0000006),.PIECEWISE_BEZIER_KNOTS.);
#1081 = CARTESIAN_POINT('',(34.9999994,14.142135623731));
#1082 = CARTESIAN_POINT('',(105.0000006,14.142135623731));
#1083 = ( GEOMETRIC_REPRESENTATION_CONTEXT(2) 
PARAMETRIC_REPRESENTATION_CONTEXT() REPRESENTATION_CONTEXT('2D SPACE',''
  ) );
#1084 = PCURVE('',#1033,#1085);
#1085 = DEFINITIONAL_REPRESENTATION('',(#1086),#1089);
#1086 = B_SPLINE_CURVE_WITH_KNOTS('',1,(#1087,#1088),.UNSPECIFIED.,.F.,
  .F.,(2,2),(-5.999999999062E-07,70.0000006),.PIECEWISE_BEZIER_KNOTS.);
#1087 = CARTESIAN_POINT('',(5.052225889839,-5.999999999062E-07));
#1088 = CARTESIAN_POINT('',(5.052225889839,70.0000006));
#1089 = ( GEOMETRIC_REPRESENTATION_CONTEXT(2) 
PARAMETRIC_REPRESENTATION_CONTEXT() REPRESENTATION_CONTEXT('2D SPACE',''
  ) );
#1090 = ORIENTED_EDGE('',*,*,#1091,.T.);
#1091 = EDGE_CURVE('',#1071,#1092,#1094,.T.);
#1092 = VERTEX_POINT('',#1093);
#1093 = CARTESIAN_POINT('',(40.,16.248076809272,5.));
#1094 = SURFACE_CURVE('',#1095,(#1099,#1105),.PCURVE_S1.);
#1095 = LINE('',#1096,#1097);
#1096 = CARTESIAN_POINT('',(40.,0.,5.));
#1097 = VECTOR('',#1098,1.);
#1098 = DIRECTION('',(0.,1.,0.));
#1099 = PCURVE('',#43,#1100);
#1100 = DEFINITIONAL_REPRESENTATION('',(#1101),#1104);
#1101 = B_SPLINE_CURVE_WITH_KNOTS('',1,(#1102,#1103),.UNSPECIFIED.,.F.,
  .F.,(2,2),(-17.,17.),.PIECEWISE_BEZIER_KNOTS.);
#1102 = CARTESIAN_POINT('',(40.,-17.));
#1103 = CARTESIAN_POINT('',(40.,17.));
#1104 = ( GEOMETRIC_REPRESENTATION_CONTEXT(2) 
PARAMETRIC_REPRESENTATION_CONTEXT() REPRESENTATION_CONTEXT('2D SPACE',''
  ) );
#1105 = PCURVE('',#1007,#1106);
#1106 = DEFINITIONAL_REPRESENTATION('',(#1107),#1110);
#1107 = B_SPLINE_CURVE_WITH_KNOTS('',1,(#1108,#1109),.UNSPECIFIED.,.F.,
  .F.,(2,2),(-17.,17.),.PIECEWISE_BEZIER_KNOTS.);
#1108 = CARTESIAN_POINT('',(5.,17.));
#1109 = CARTESIAN_POINT('',(5.,-17.));
#1110 = ( GEOMETRIC_REPRESENTATION_CONTEXT(2) 
PARAMETRIC_REPRESENTATION_CONTEXT() REPRESENTATION_CONTEXT('2D SPACE',''
  ) );
#1111 = ORIENTED_EDGE('',*,*,#1112,.T.);
#1112 = EDGE_CURVE('',#1092,#1113,#1115,.T.);
#1113 = VERTEX_POINT('',#1114);
#1114 = CARTESIAN_POINT('',(100.,16.248076809272,5.));
#1115 = SURFACE_CURVE('',#1116,(#1120,#1126),.PCURVE_S1.);
#1116 = LINE('',#1117,#1118);
#1117 = CARTESIAN_POINT('',(40.,16.248076809272,5.));
#1118 = VECTOR('',#1119,1.);
#1119 = DIRECTION('',(1.,0.,0.));
#1120 = PCURVE('',#43,#1121);
#1121 = DEFINITIONAL_REPRESENTATION('',(#1122),#1125);
#1122 = B_SPLINE_CURVE_WITH_KNOTS('',1,(#1123,#1124),.UNSPECIFIED.,.F.,
  .F.,(2,2),(-5.999999999062E-07,60.0000006),.PIECEWISE_BEZIER_KNOTS.);
#1123 = CARTESIAN_POINT('',(39.9999994,16.248076809272));
#1124 = CARTESIAN_POINT('',(100.0000006,16.248076809272));
#1125 = ( GEOMETRIC_REPRESENTATION_CONTEXT(2) 
PARAMETRIC_REPRESENTATION_CONTEXT() REPRESENTATION_CONTEXT('2D SPACE',''
  ) );
#1126 = PCURVE('',#981,#1127);
#1127 = DEFINITIONAL_REPRESENTATION('',(#1128),#1131);
#1128 = B_SPLINE_CURVE_WITH_KNOTS('',1,(#1129,#1130),.UNSPECIFIED.,.F.,
  .F.,(2,2),(0.,60.),.PIECEWISE_BEZIER_KNOTS.);
#1129 = CARTESIAN_POINT('',(5.01092118157,0.));
#1130 = CARTESIAN_POINT('',(5.01092118157,60.));
#1131 = ( GEOMETRIC_REPRESENTATION_CONTEXT(2) 
PARAMETRIC_REPRESENTATION_CONTEXT() REPRESENTATION_CONTEXT('2D SPACE',''
  ) );
#1132 = ORIENTED_EDGE('',*,*,#1133,.F.);
#1133 = EDGE_CURVE('',#1134,#1113,#1136,.T.);
#1134 = VERTEX_POINT('',#1135);
#1135 = CARTESIAN_POINT('',(100.,14.142135623731,5.));
#1136 = SURFACE_CURVE('',#1137,(#1141,#1147),.PCURVE_S1.);
#1137 = LINE('',#1138,#1139);
#1138 = CARTESIAN_POINT('',(100.,0.,5.));
#1139 = VECTOR('',#1140,1.);
#1140 = DIRECTION('',(0.,1.,0.));
#1141 = PCURVE('',#43,#1142);
#1142 = DEFINITIONAL_REPRESENTATION('',(#1143),#1146);
#1143 = B_SPLINE_CURVE_WITH_KNOTS('',1,(#1144,#1145),.UNSPECIFIED.,.F.,
  .F.,(2,2),(-17.,17.),.PIECEWISE_BEZIER_KNOTS.);
#1144 = CARTESIAN_POINT('',(100.,-17.));
#1145 = CARTESIAN_POINT('',(100.,17.));
#1146 = ( GEOMETRIC_REPRESENTATION_CONTEXT(2) 
PARAMETRIC_REPRESENTATION_CONTEXT() REPRESENTATION_CONTEXT('2D SPACE',''
  ) );
#1147 = PCURVE('',#1148,#1153);
#1148 = PLANE('',#1149);
#1149 = AXIS2_PLACEMENT_3D('',#1150,#1151,#1152);
#1150 = CARTESIAN_POINT('',(100.,0.,0.));
#1151 = DIRECTION('',(1.,0.,0.));
#1152 = DIRECTION('',(-0.,0.,1.));
#1153 = DEFINITIONAL_REPRESENTATION('',(#1154),#1157);
#1154 = B_SPLINE_CURVE_WITH_KNOTS('',1,(#1155,#1156),.UNSPECIFIED.,.F.,
  .F.,(2,2),(-17.,17.),.PIECEWISE_BEZIER_KNOTS.);
#1155 = CARTESIAN_POINT('',(5.,17.));
#1156 = CARTESIAN_POINT('',(5.,-17.));
#1157 = ( GEOMETRIC_REPRESENTATION_CONTEXT(2) 
PARAMETRIC_REPRESENTATION_CONTEXT() REPRESENTATION_CONTEXT('2D SPACE',''
  ) );
#1158 = ORIENTED_EDGE('',*,*,#1159,.T.);
#1159 = EDGE_CURVE('',#1134,#1160,#1162,.T.);
#1160 = VERTEX_POINT('',#1161);
#1161 = CARTESIAN_POINT('',(105.,14.142135623731,5.));
#1162 = SURFACE_CURVE('',#1163,(#1167,#1173),.PCURVE_S1.);
#1163 = LINE('',#1164,#1165);
#1164 = CARTESIAN_POINT('',(35.,14.142135623731,5.));
#1165 = VECTOR('',#1166,1.);
#1166 = DIRECTION('',(1.,0.,0.));
#1167 = PCURVE('',#43,#1168);
#1168 = DEFINITIONAL_REPRESENTATION('',(#1169),#1172);
#1169 = B_SPLINE_CURVE_WITH_KNOTS('',1,(#1170,#1171),.UNSPECIFIED.,.F.,
  .F.,(2,2),(-5.999999999062E-07,70.0000006),.PIECEWISE_BEZIER_KNOTS.);
#1170 = CARTESIAN_POINT('',(34.9999994,14.142135623731));
#1171 = CARTESIAN_POINT('',(105.0000006,14.142135623731));
#1172 = ( GEOMETRIC_REPRESENTATION_CONTEXT(2) 
PARAMETRIC_REPRESENTATION_CONTEXT() REPRESENTATION_CONTEXT('2D SPACE',''
  ) );
#1173 = PCURVE('',#1033,#1174);
#1174 = DEFINITIONAL_REPRESENTATION('',(#1175),#1178);
#1175 = B_SPLINE_CURVE_WITH_KNOTS('',1,(#1176,#1177),.UNSPECIFIED.,.F.,
  .F.,(2,2),(-5.999999999062E-07,70.0000006),.PIECEWISE_BEZIER_KNOTS.);
#1176 = CARTESIAN_POINT('',(5.052225889839,-5.999999999062E-07));
#1177 = CARTESIAN_POINT('',(5.052225889839,70.0000006));
#1178 = ( GEOMETRIC_REPRESENTATION_CONTEXT(2) 
PARAMETRIC_REPRESENTATION_CONTEXT() REPRESENTATION_CONTEXT('2D SPACE',''
  ) );
#1179 = ORIENTED_EDGE('',*,*,#1180,.F.);
#1180 = EDGE_CURVE('',#1181,#1160,#1183,.T.);
#1181 = VERTEX_POINT('',#1182);
#1182 = CARTESIAN_POINT('',(105.,-14.14213562373,5.));
#1183 = SURFACE_CURVE('',#1184,(#1188,#1194),.PCURVE_S1.);
#1184 = LINE('',#1185,#1186);
#1185 = CARTESIAN_POINT('',(105.,0.,5.));
#1186 = VECTOR('',#1187,1.);
#1187 = DIRECTION('',(0.,1.,0.));
#1188 = PCURVE('',#43,#1189);
#1189 = DEFINITIONAL_REPRESENTATION('',(#1190),#1193);
#1190 = B_SPLINE_CURVE_WITH_KNOTS('',1,(#1191,#1192),.UNSPECIFIED.,.F.,
  .F.,(2,2),(-15.,15.),.PIECEWISE_BEZIER_KNOTS.);
#1191 = CARTESIAN_POINT('',(105.,-15.));
#1192 = CARTESIAN_POINT('',(105.,15.));
#1193 = ( GEOMETRIC_REPRESENTATION_CONTEXT(2) 
PARAMETRIC_REPRESENTATION_CONTEXT() REPRESENTATION_CONTEXT('2D SPACE',''
  ) );
#1194 = PCURVE('',#1195,#1200);
#1195 = PLANE('',#1196);
#1196 = AXIS2_PLACEMENT_3D('',#1197,#1198,#1199);
#1197 = CARTESIAN_POINT('',(105.,0.,0.));
#1198 = DIRECTION('',(1.,0.,0.));
#1199 = DIRECTION('',(-0.,0.,1.));
#1200 = DEFINITIONAL_REPRESENTATION('',(#1201),#1204);
#1201 = B_SPLINE_CURVE_WITH_KNOTS('',1,(#1202,#1203),.UNSPECIFIED.,.F.,
  .F.,(2,2),(-15.,15.),.PIECEWISE_BEZIER_KNOTS.);
#1202 = CARTESIAN_POINT('',(5.,15.));
#1203 = CARTESIAN_POINT('',(5.,-15.));
#1204 = ( GEOMETRIC_REPRESENTATION_CONTEXT(2) 
PARAMETRIC_REPRESENTATION_CONTEXT() REPRESENTATION_CONTEXT('2D SPACE',''
  ) );
#1205 = ORIENTED_EDGE('',*,*,#1206,.F.);
#1206 = EDGE_CURVE('',#1207,#1181,#1209,.T.);
#1207 = VERTEX_POINT('',#1208);
#1208 = CARTESIAN_POINT('',(100.,-14.14213562373,5.));
#1209 = SURFACE_CURVE('',#1210,(#1214,#1220),.PCURVE_S1.);
#1210 = LINE('',#1211,#1212);
#1211 = CARTESIAN_POINT('',(35.,-14.14213562373,5.));
#1212 = VECTOR('',#1213,1.);
#1213 = DIRECTION('',(1.,0.,0.));
#1214 = PCURVE('',#43,#1215);
#1215 = DEFINITIONAL_REPRESENTATION('',(#1216),#1219);
#1216 = B_SPLINE_CURVE_WITH_KNOTS('',1,(#1217,#1218),.UNSPECIFIED.,.F.,
  .F.,(2,2),(-5.999999999062E-07,70.0000006),.PIECEWISE_BEZIER_KNOTS.);
#1217 = CARTESIAN_POINT('',(34.9999994,-14.14213562373));
#1218 = CARTESIAN_POINT('',(105.0000006,-14.14213562373));
#1219 = ( GEOMETRIC_REPRESENTATION_CONTEXT(2) 
PARAMETRIC_REPRESENTATION_CONTEXT() REPRESENTATION_CONTEXT('2D SPACE',''
  ) );
#1220 = PCURVE('',#1033,#1221);
#1221 = DEFINITIONAL_REPRESENTATION('',(#1222),#1225);
#1222 = B_SPLINE_CURVE_WITH_KNOTS('',1,(#1223,#1224),.UNSPECIFIED.,.F.,
  .F.,(2,2),(-5.999999999062E-07,70.0000006),.PIECEWISE_BEZIER_KNOTS.);
#1223 = CARTESIAN_POINT('',(1.230959417341,-5.999999999062E-07));
#1224 = CARTESIAN_POINT('',(1.230959417341,70.0000006));
#1225 = ( GEOMETRIC_REPRESENTATION_CONTEXT(2) 
PARAMETRIC_REPRESENTATION_CONTEXT() REPRESENTATION_CONTEXT('2D SPACE',''
  ) );
#1226 = ORIENTED_EDGE('',*,*,#1227,.F.);
#1227 = EDGE_CURVE('',#967,#1207,#1228,.T.);
#1228 = SURFACE_CURVE('',#1229,(#1233,#1239),.PCURVE_S1.);
#1229 = LINE('',#1230,#1231);
#1230 = CARTESIAN_POINT('',(100.,0.,5.));
#1231 = VECTOR('',#1232,1.);
#1232 = DIRECTION('',(0.,1.,0.));
#1233 = PCURVE('',#43,#1234);
#1234 = DEFINITIONAL_REPRESENTATION('',(#1235),#1238);
#1235 = B_SPLINE_CURVE_WITH_KNOTS('',1,(#1236,#1237),.UNSPECIFIED.,.F.,
  .F.,(2,2),(-17.,17.),.PIECEWISE_BEZIER_KNOTS.);
#1236 = CARTESIAN_POINT('',(100.,-17.));
#1237 = CARTESIAN_POINT('',(100.,17.));
#1238 = ( GEOMETRIC_REPRESENTATION_CONTEXT(2) 
PARAMETRIC_REPRESENTATION_CONTEXT() REPRESENTATION_CONTEXT('2D SPACE',''
  ) );
#1239 = PCURVE('',#1148,#1240);
#1240 = DEFINITIONAL_REPRESENTATION('',(#1241),#1244);
#1241 = B_SPLINE_CURVE_WITH_KNOTS('',1,(#1242,#1243),.UNSPECIFIED.,.F.,
  .F.,(2,2),(-17.,17.),.PIECEWISE_BEZIER_KNOTS.);
#1242 = CARTESIAN_POINT('',(5.,17.));
#1243 = CARTESIAN_POINT('',(5.,-17.));
#1244 = ( GEOMETRIC_REPRESENTATION_CONTEXT(2) 
PARAMETRIC_REPRESENTATION_CONTEXT() REPRESENTATION_CONTEXT('2D SPACE',''
  ) );
#1245 = FACE_BOUND('',#1246,.T.);
#1246 = EDGE_LOOP('',(#1247,#1275,#1301,#1327,#1353,#1374,#1395,#1416,
    #1442,#1463,#1489,#1510));
#1247 = ORIENTED_EDGE('',*,*,#1248,.F.);
#1248 = EDGE_CURVE('',#1249,#1251,#1253,.T.);
#1249 = VERTEX_POINT('',#1250);
#1250 = CARTESIAN_POINT('',(-5.928855914595,42.764217139379,5.));
#1251 = VERTEX_POINT('',#1252);
#1252 = CARTESIAN_POINT('',(-35.92885591459,94.724217139379,5.));
#1253 = SURFACE_CURVE('',#1254,(#1258,#1264),.PCURVE_S1.);
#1254 = LINE('',#1255,#1256);
#1255 = CARTESIAN_POINT('',(-5.928855914595,42.764217139379,5.));
#1256 = VECTOR('',#1257,1.);
#1257 = DIRECTION('',(-0.500011000363,0.866019052629,0.));
#1258 = PCURVE('',#43,#1259);
#1259 = DEFINITIONAL_REPRESENTATION('',(#1260),#1263);
#1260 = B_SPLINE_CURVE_WITH_KNOTS('',1,(#1261,#1262),.UNSPECIFIED.,.F.,
  .F.,(2,2),(-5.999999997874E-07,59.99868058548),
  .PIECEWISE_BEZIER_KNOTS.);
#1261 = CARTESIAN_POINT('',(-5.928855614589,42.764216619768));
#1262 = CARTESIAN_POINT('',(-35.9288562146,94.724217658991));
#1263 = ( GEOMETRIC_REPRESENTATION_CONTEXT(2) 
PARAMETRIC_REPRESENTATION_CONTEXT() REPRESENTATION_CONTEXT('2D SPACE',''
  ) );
#1264 = PCURVE('',#1265,#1270);
#1265 = CYLINDRICAL_SURFACE('',#1266,17.);
#1266 = AXIS2_PLACEMENT_3D('',#1267,#1268,#1269);
#1267 = CARTESIAN_POINT('',(-20.,34.64,0.));
#1268 = DIRECTION('',(-0.500011000363,0.866019052629,0.));
#1269 = DIRECTION('',(0.866019052629,0.500011000363,0.));
#1270 = DEFINITIONAL_REPRESENTATION('',(#1271),#1274);
#1271 = B_SPLINE_CURVE_WITH_KNOTS('',1,(#1272,#1273),.UNSPECIFIED.,.F.,
  .F.,(2,2),(-5.999999997874E-07,59.99868058548),
  .PIECEWISE_BEZIER_KNOTS.);
#1272 = CARTESIAN_POINT('',(5.984653105995,-5.999999980111E-07));
#1273 = CARTESIAN_POINT('',(5.984653105995,59.99868058548));
#1274 = ( GEOMETRIC_REPRESENTATION_CONTEXT(2) 
PARAMETRIC_REPRESENTATION_CONTEXT() REPRESENTATION_CONTEXT('2D SPACE',''
  ) );
#1275 = ORIENTED_EDGE('',*,*,#1276,.T.);
#1276 = EDGE_CURVE('',#1249,#1277,#1279,.T.);
#1277 = VERTEX_POINT('',#1278);
#1278 = CARTESIAN_POINT('',(-7.752641104989,41.711223380491,5.));
#1279 = SURFACE_CURVE('',#1280,(#1284,#1290),.PCURVE_S1.);
#1280 = LINE('',#1281,#1282);
#1281 = CARTESIAN_POINT('',(-20.,34.64,5.));
#1282 = VECTOR('',#1283,1.);
#1283 = DIRECTION('',(-0.866019052629,-0.500011000363,0.));
#1284 = PCURVE('',#43,#1285);
#1285 = DEFINITIONAL_REPRESENTATION('',(#1286),#1289);
#1286 = B_SPLINE_CURVE_WITH_KNOTS('',1,(#1287,#1288),.UNSPECIFIED.,.F.,
  .F.,(2,2),(-17.,17.),.PIECEWISE_BEZIER_KNOTS.);
#1287 = CARTESIAN_POINT('',(-5.277676105311,43.140187006171));
#1288 = CARTESIAN_POINT('',(-34.72232389468,26.139812993829));
#1289 = ( GEOMETRIC_REPRESENTATION_CONTEXT(2) 
PARAMETRIC_REPRESENTATION_CONTEXT() REPRESENTATION_CONTEXT('2D SPACE',''
  ) );
#1290 = PCURVE('',#1291,#1296);
#1291 = PLANE('',#1292);
#1292 = AXIS2_PLACEMENT_3D('',#1293,#1294,#1295);
#1293 = CARTESIAN_POINT('',(-20.,34.64,0.));
#1294 = DIRECTION('',(-0.500011000363,0.866019052629,0.));
#1295 = DIRECTION('',(0.866019052629,0.500011000363,0.));
#1296 = DEFINITIONAL_REPRESENTATION('',(#1297),#1300);
#1297 = B_SPLINE_CURVE_WITH_KNOTS('',1,(#1298,#1299),.UNSPECIFIED.,.F.,
  .F.,(2,2),(-17.,17.),.PIECEWISE_BEZIER_KNOTS.);
#1298 = CARTESIAN_POINT('',(17.,-5.));
#1299 = CARTESIAN_POINT('',(-17.,-5.));
#1300 = ( GEOMETRIC_REPRESENTATION_CONTEXT(2) 
PARAMETRIC_REPRESENTATION_CONTEXT() REPRESENTATION_CONTEXT('2D SPACE',''
  ) );
#1301 = ORIENTED_EDGE('',*,*,#1302,.F.);
#1302 = EDGE_CURVE('',#1303,#1277,#1305,.T.);
#1303 = VERTEX_POINT('',#1304);
#1304 = CARTESIAN_POINT('',(-5.252641104989,37.381223380491,5.));
#1305 = SURFACE_CURVE('',#1306,(#1310,#1316),.PCURVE_S1.);
#1306 = LINE('',#1307,#1308);
#1307 = CARTESIAN_POINT('',(-5.252641104989,37.381223380491,5.));
#1308 = VECTOR('',#1309,1.);
#1309 = DIRECTION('',(-0.500011000363,0.866019052629,0.));
#1310 = PCURVE('',#43,#1311);
#1311 = DEFINITIONAL_REPRESENTATION('',(#1312),#1315);
#1312 = B_SPLINE_CURVE_WITH_KNOTS('',1,(#1313,#1314),.UNSPECIFIED.,.F.,
  .F.,(2,2),(-6.000000015638E-07,69.99846058306),
  .PIECEWISE_BEZIER_KNOTS.);
#1313 = CARTESIAN_POINT('',(-5.252640804983,37.38122286088));
#1314 = CARTESIAN_POINT('',(-40.25264140499,98.001223900103));
#1315 = ( GEOMETRIC_REPRESENTATION_CONTEXT(2) 
PARAMETRIC_REPRESENTATION_CONTEXT() REPRESENTATION_CONTEXT('2D SPACE',''
  ) );
#1316 = PCURVE('',#1317,#1322);
#1317 = CYLINDRICAL_SURFACE('',#1318,15.);
#1318 = AXIS2_PLACEMENT_3D('',#1319,#1320,#1321);
#1319 = CARTESIAN_POINT('',(-17.5,30.31,0.));
#1320 = DIRECTION('',(-0.500011000363,0.866019052629,0.));
#1321 = DIRECTION('',(0.866019052629,0.500011000363,0.));
#1322 = DEFINITIONAL_REPRESENTATION('',(#1323),#1326);
#1323 = B_SPLINE_CURVE_WITH_KNOTS('',1,(#1324,#1325),.UNSPECIFIED.,.F.,
  .F.,(2,2),(-6.000000015638E-07,69.99846058306),
  .PIECEWISE_BEZIER_KNOTS.);
#1324 = CARTESIAN_POINT('',(5.943348397725,-5.999999997875E-07));
#1325 = CARTESIAN_POINT('',(5.943348397725,69.99846058306));
#1326 = ( GEOMETRIC_REPRESENTATION_CONTEXT(2) 
PARAMETRIC_REPRESENTATION_CONTEXT() REPRESENTATION_CONTEXT('2D SPACE',''
  ) );
#1327 = ORIENTED_EDGE('',*,*,#1328,.T.);
#1328 = EDGE_CURVE('',#1303,#1329,#1331,.T.);
#1329 = VERTEX_POINT('',#1330);
#1330 = CARTESIAN_POINT('',(-29.74735889501,23.238776619509,5.));
#1331 = SURFACE_CURVE('',#1332,(#1336,#1342),.PCURVE_S1.);
#1332 = LINE('',#1333,#1334);
#1333 = CARTESIAN_POINT('',(-17.5,30.31,5.));
#1334 = VECTOR('',#1335,1.);
#1335 = DIRECTION('',(-0.866019052629,-0.500011000363,0.));
#1336 = PCURVE('',#43,#1337);
#1337 = DEFINITIONAL_REPRESENTATION('',(#1338),#1341);
#1338 = B_SPLINE_CURVE_WITH_KNOTS('',1,(#1339,#1340),.UNSPECIFIED.,.F.,
  .F.,(2,2),(-15.,15.),.PIECEWISE_BEZIER_KNOTS.);
#1339 = CARTESIAN_POINT('',(-4.509714210569,37.810165005445));
#1340 = CARTESIAN_POINT('',(-30.49028578943,22.809834994555));
#1341 = ( GEOMETRIC_REPRESENTATION_CONTEXT(2) 
PARAMETRIC_REPRESENTATION_CONTEXT() REPRESENTATION_CONTEXT('2D SPACE',''
  ) );
#1342 = PCURVE('',#1343,#1348);
#1343 = PLANE('',#1344);
#1344 = AXIS2_PLACEMENT_3D('',#1345,#1346,#1347);
#1345 = CARTESIAN_POINT('',(-17.5,30.31,0.));
#1346 = DIRECTION('',(-0.500011000363,0.866019052629,0.));
#1347 = DIRECTION('',(0.866019052629,0.500011000363,0.));
#1348 = DEFINITIONAL_REPRESENTATION('',(#1349),#1352);
#1349 = B_SPLINE_CURVE_WITH_KNOTS('',1,(#1350,#1351),.UNSPECIFIED.,.F.,
  .F.,(2,2),(-15.,15.),.PIECEWISE_BEZIER_KNOTS.);
#1350 = CARTESIAN_POINT('',(15.,-5.));
#1351 = CARTESIAN_POINT('',(-15.,-5.));
#1352 = ( GEOMETRIC_REPRESENTATION_CONTEXT(2) 
PARAMETRIC_REPRESENTATION_CONTEXT() REPRESENTATION_CONTEXT('2D SPACE',''
  ) );
#1353 = ORIENTED_EDGE('',*,*,#1354,.T.);
#1354 = EDGE_CURVE('',#1329,#1355,#1357,.T.);
#1355 = VERTEX_POINT('',#1356);
#1356 = CARTESIAN_POINT('',(-32.24735889501,27.568776619509,5.));
#1357 = SURFACE_CURVE('',#1358,(#1362,#1368),.PCURVE_S1.);
#1358 = LINE('',#1359,#1360);
#1359 = CARTESIAN_POINT('',(-29.74735889501,23.238776619509,5.));
#1360 = VECTOR('',#1361,1.);
#1361 = DIRECTION('',(-0.500011000363,0.866019052629,0.));
#1362 = PCURVE('',#43,#1363);
#1363 = DEFINITIONAL_REPRESENTATION('',(#1364),#1367);
#1364 = B_SPLINE_CURVE_WITH_KNOTS('',1,(#1365,#1366),.UNSPECIFIED.,.F.,
  .F.,(2,2),(-5.999999967107E-07,69.99846058306),
  .PIECEWISE_BEZIER_KNOTS.);
#1365 = CARTESIAN_POINT('',(-29.747358595,23.238776099897));
#1366 = CARTESIAN_POINT('',(-64.74735919501,83.85877713912));
#1367 = ( GEOMETRIC_REPRESENTATION_CONTEXT(2) 
PARAMETRIC_REPRESENTATION_CONTEXT() REPRESENTATION_CONTEXT('2D SPACE',''
  ) );
#1368 = PCURVE('',#1317,#1369);
#1369 = DEFINITIONAL_REPRESENTATION('',(#1370),#1373);
#1370 = B_SPLINE_CURVE_WITH_KNOTS('',1,(#1371,#1372),.UNSPECIFIED.,.F.,
  .F.,(2,2),(-5.999999967107E-07,69.99846058306),
  .PIECEWISE_BEZIER_KNOTS.);
#1371 = CARTESIAN_POINT('',(3.481429563044,-5.999999984871E-07));
#1372 = CARTESIAN_POINT('',(3.481429563044,69.99846058306));
#1373 = ( GEOMETRIC_REPRESENTATION_CONTEXT(2) 
PARAMETRIC_REPRESENTATION_CONTEXT() REPRESENTATION_CONTEXT('2D SPACE',''
  ) );
#1374 = ORIENTED_EDGE('',*,*,#1375,.T.);
#1375 = EDGE_CURVE('',#1355,#1376,#1378,.T.);
#1376 = VERTEX_POINT('',#1377);
#1377 = CARTESIAN_POINT('',(-34.0711440854,26.515782860621,5.));
#1378 = SURFACE_CURVE('',#1379,(#1383,#1389),.PCURVE_S1.);
#1379 = LINE('',#1380,#1381);
#1380 = CARTESIAN_POINT('',(-20.,34.64,5.));
#1381 = VECTOR('',#1382,1.);
#1382 = DIRECTION('',(-0.866019052629,-0.500011000363,0.));
#1383 = PCURVE('',#43,#1384);
#1384 = DEFINITIONAL_REPRESENTATION('',(#1385),#1388);
#1385 = B_SPLINE_CURVE_WITH_KNOTS('',1,(#1386,#1387),.UNSPECIFIED.,.F.,
  .F.,(2,2),(-17.,17.),.PIECEWISE_BEZIER_KNOTS.);
#1386 = CARTESIAN_POINT('',(-5.277676105311,43.140187006171));
#1387 = CARTESIAN_POINT('',(-34.72232389468,26.139812993829));
#1388 = ( GEOMETRIC_REPRESENTATION_CONTEXT(2) 
PARAMETRIC_REPRESENTATION_CONTEXT() REPRESENTATION_CONTEXT('2D SPACE',''
  ) );
#1389 = PCURVE('',#1291,#1390);
#1390 = DEFINITIONAL_REPRESENTATION('',(#1391),#1394);
#1391 = B_SPLINE_CURVE_WITH_KNOTS('',1,(#1392,#1393),.UNSPECIFIED.,.F.,
  .F.,(2,2),(-17.,17.),.PIECEWISE_BEZIER_KNOTS.);
#1392 = CARTESIAN_POINT('',(17.,-5.));
#1393 = CARTESIAN_POINT('',(-17.,-5.));
#1394 = ( GEOMETRIC_REPRESENTATION_CONTEXT(2) 
PARAMETRIC_REPRESENTATION_CONTEXT() REPRESENTATION_CONTEXT('2D SPACE',''
  ) );
#1395 = ORIENTED_EDGE('',*,*,#1396,.T.);
#1396 = EDGE_CURVE('',#1376,#1397,#1399,.T.);
#1397 = VERTEX_POINT('',#1398);
#1398 = CARTESIAN_POINT('',(-64.0711440854,78.475782860621,5.));
#1399 = SURFACE_CURVE('',#1400,(#1404,#1410),.PCURVE_S1.);
#1400 = LINE('',#1401,#1402);
#1401 = CARTESIAN_POINT('',(-34.0711440854,26.515782860621,5.));
#1402 = VECTOR('',#1403,1.);
#1403 = DIRECTION('',(-0.500011000363,0.866019052629,0.));
#1404 = PCURVE('',#43,#1405);
#1405 = DEFINITIONAL_REPRESENTATION('',(#1406),#1409);
#1406 = B_SPLINE_CURVE_WITH_KNOTS('',1,(#1407,#1408),.UNSPECIFIED.,.F.,
  .F.,(2,2),(-5.999999967107E-07,59.99868058548),
  .PIECEWISE_BEZIER_KNOTS.);
#1407 = CARTESIAN_POINT('',(-34.07114378539,26.515782341009));
#1408 = CARTESIAN_POINT('',(-64.07114438541,78.475783380232));
#1409 = ( GEOMETRIC_REPRESENTATION_CONTEXT(2) 
PARAMETRIC_REPRESENTATION_CONTEXT() REPRESENTATION_CONTEXT('2D SPACE',''
  ) );
#1410 = PCURVE('',#1265,#1411);
#1411 = DEFINITIONAL_REPRESENTATION('',(#1412),#1415);
#1412 = B_SPLINE_CURVE_WITH_KNOTS('',1,(#1413,#1414),.UNSPECIFIED.,.F.,
  .F.,(2,2),(-5.999999967107E-07,59.99868058548),
  .PIECEWISE_BEZIER_KNOTS.);
#1413 = CARTESIAN_POINT('',(3.440124854775,-5.999999993753E-07));
#1414 = CARTESIAN_POINT('',(3.440124854775,59.99868058548));
#1415 = ( GEOMETRIC_REPRESENTATION_CONTEXT(2) 
PARAMETRIC_REPRESENTATION_CONTEXT() REPRESENTATION_CONTEXT('2D SPACE',''
  ) );
#1416 = ORIENTED_EDGE('',*,*,#1417,.F.);
#1417 = EDGE_CURVE('',#1418,#1397,#1420,.T.);
#1418 = VERTEX_POINT('',#1419);
#1419 = CARTESIAN_POINT('',(-62.24735889501,79.528776619509,5.));
#1420 = SURFACE_CURVE('',#1421,(#1425,#1431),.PCURVE_S1.);
#1421 = LINE('',#1422,#1423);
#1422 = CARTESIAN_POINT('',(-50.,86.6,5.));
#1423 = VECTOR('',#1424,1.);
#1424 = DIRECTION('',(-0.866019052629,-0.500011000363,0.));
#1425 = PCURVE('',#43,#1426);
#1426 = DEFINITIONAL_REPRESENTATION('',(#1427),#1430);
#1427 = B_SPLINE_CURVE_WITH_KNOTS('',1,(#1428,#1429),.UNSPECIFIED.,.F.,
  .F.,(2,2),(-17.,17.),.PIECEWISE_BEZIER_KNOTS.);
#1428 = CARTESIAN_POINT('',(-35.27767610531,95.100187006171));
#1429 = CARTESIAN_POINT('',(-64.72232389468,78.099812993829));
#1430 = ( GEOMETRIC_REPRESENTATION_CONTEXT(2) 
PARAMETRIC_REPRESENTATION_CONTEXT() REPRESENTATION_CONTEXT('2D SPACE',''
  ) );
#1431 = PCURVE('',#1432,#1437);
#1432 = PLANE('',#1433);
#1433 = AXIS2_PLACEMENT_3D('',#1434,#1435,#1436);
#1434 = CARTESIAN_POINT('',(-50.,86.6,0.));
#1435 = DIRECTION('',(-0.500011000363,0.866019052629,0.));
#1436 = DIRECTION('',(0.866019052629,0.500011000363,0.));
#1437 = DEFINITIONAL_REPRESENTATION('',(#1438),#1441);
#1438 = B_SPLINE_CURVE_WITH_KNOTS('',1,(#1439,#1440),.UNSPECIFIED.,.F.,
  .F.,(2,2),(-17.,17.),.PIECEWISE_BEZIER_KNOTS.);
#1439 = CARTESIAN_POINT('',(17.,-5.));
#1440 = CARTESIAN_POINT('',(-17.,-5.));
#1441 = ( GEOMETRIC_REPRESENTATION_CONTEXT(2) 
PARAMETRIC_REPRESENTATION_CONTEXT() REPRESENTATION_CONTEXT('2D SPACE',''
  ) );
#1442 = ORIENTED_EDGE('',*,*,#1443,.T.);
#1443 = EDGE_CURVE('',#1418,#1444,#1446,.T.);
#1444 = VERTEX_POINT('',#1445);
#1445 = CARTESIAN_POINT('',(-64.74735889501,83.858776619509,5.));
#1446 = SURFACE_CURVE('',#1447,(#1451,#1457),.PCURVE_S1.);
#1447 = LINE('',#1448,#1449);
#1448 = CARTESIAN_POINT('',(-29.74735889501,23.238776619509,5.));
#1449 = VECTOR('',#1450,1.);
#1450 = DIRECTION('',(-0.500011000363,0.866019052629,0.));
#1451 = PCURVE('',#43,#1452);
#1452 = DEFINITIONAL_REPRESENTATION('',(#1453),#1456);
#1453 = B_SPLINE_CURVE_WITH_KNOTS('',1,(#1454,#1455),.UNSPECIFIED.,.F.,
  .F.,(2,2),(-5.999999967107E-07,69.99846058306),
  .PIECEWISE_BEZIER_KNOTS.);
#1454 = CARTESIAN_POINT('',(-29.747358595,23.238776099897));
#1455 = CARTESIAN_POINT('',(-64.74735919501,83.85877713912));
#1456 = ( GEOMETRIC_REPRESENTATION_CONTEXT(2) 
PARAMETRIC_REPRESENTATION_CONTEXT() REPRESENTATION_CONTEXT('2D SPACE',''
  ) );
#1457 = PCURVE('',#1317,#1458);
#1458 = DEFINITIONAL_REPRESENTATION('',(#1459),#1462);
#1459 = B_SPLINE_CURVE_WITH_KNOTS('',1,(#1460,#1461),.UNSPECIFIED.,.F.,
  .F.,(2,2),(-5.999999967107E-07,69.99846058306),
  .PIECEWISE_BEZIER_KNOTS.);
#1460 = CARTESIAN_POINT('',(3.481429563044,-5.999999984871E-07));
#1461 = CARTESIAN_POINT('',(3.481429563044,69.99846058306));
#1462 = ( GEOMETRIC_REPRESENTATION_CONTEXT(2) 
PARAMETRIC_REPRESENTATION_CONTEXT() REPRESENTATION_CONTEXT('2D SPACE',''
  ) );
#1463 = ORIENTED_EDGE('',*,*,#1464,.F.);
#1464 = EDGE_CURVE('',#1465,#1444,#1467,.T.);
#1465 = VERTEX_POINT('',#1466);
#1466 = CARTESIAN_POINT('',(-40.25264110498,98.001223380491,5.));
#1467 = SURFACE_CURVE('',#1468,(#1472,#1478),.PCURVE_S1.);
#1468 = LINE('',#1469,#1470);
#1469 = CARTESIAN_POINT('',(-52.5,90.93,5.));
#1470 = VECTOR('',#1471,1.);
#1471 = DIRECTION('',(-0.866019052629,-0.500011000363,0.));
#1472 = PCURVE('',#43,#1473);
#1473 = DEFINITIONAL_REPRESENTATION('',(#1474),#1477);
#1474 = B_SPLINE_CURVE_WITH_KNOTS('',1,(#1475,#1476),.UNSPECIFIED.,.F.,
  .F.,(2,2),(-15.,15.),.PIECEWISE_BEZIER_KNOTS.);
#1475 = CARTESIAN_POINT('',(-39.50971421056,98.430165005445));
#1476 = CARTESIAN_POINT('',(-65.49028578943,83.429834994555));
#1477 = ( GEOMETRIC_REPRESENTATION_CONTEXT(2) 
PARAMETRIC_REPRESENTATION_CONTEXT() REPRESENTATION_CONTEXT('2D SPACE',''
  ) );
#1478 = PCURVE('',#1479,#1484);
#1479 = PLANE('',#1480);
#1480 = AXIS2_PLACEMENT_3D('',#1481,#1482,#1483);
#1481 = CARTESIAN_POINT('',(-52.5,90.93,0.));
#1482 = DIRECTION('',(-0.500011000363,0.866019052629,0.));
#1483 = DIRECTION('',(0.866019052629,0.500011000363,0.));
#1484 = DEFINITIONAL_REPRESENTATION('',(#1485),#1488);
#1485 = B_SPLINE_CURVE_WITH_KNOTS('',1,(#1486,#1487),.UNSPECIFIED.,.F.,
  .F.,(2,2),(-15.,15.),.PIECEWISE_BEZIER_KNOTS.);
#1486 = CARTESIAN_POINT('',(15.,-5.));
#1487 = CARTESIAN_POINT('',(-15.,-5.));
#1488 = ( GEOMETRIC_REPRESENTATION_CONTEXT(2) 
PARAMETRIC_REPRESENTATION_CONTEXT() REPRESENTATION_CONTEXT('2D SPACE',''
  ) );
#1489 = ORIENTED_EDGE('',*,*,#1490,.F.);
#1490 = EDGE_CURVE('',#1491,#1465,#1493,.T.);
#1491 = VERTEX_POINT('',#1492);
#1492 = CARTESIAN_POINT('',(-37.75264110498,93.671223380491,5.));
#1493 = SURFACE_CURVE('',#1494,(#1498,#1504),.PCURVE_S1.);
#1494 = LINE('',#1495,#1496);
#1495 = CARTESIAN_POINT('',(-5.252641104989,37.381223380491,5.));
#1496 = VECTOR('',#1497,1.);
#1497 = DIRECTION('',(-0.500011000363,0.866019052629,0.));
#1498 = PCURVE('',#43,#1499);
#1499 = DEFINITIONAL_REPRESENTATION('',(#1500),#1503);
#1500 = B_SPLINE_CURVE_WITH_KNOTS('',1,(#1501,#1502),.UNSPECIFIED.,.F.,
  .F.,(2,2),(-6.000000015638E-07,69.99846058306),
  .PIECEWISE_BEZIER_KNOTS.);
#1501 = CARTESIAN_POINT('',(-5.252640804983,37.38122286088));
#1502 = CARTESIAN_POINT('',(-40.25264140499,98.001223900103));
#1503 = ( GEOMETRIC_REPRESENTATION_CONTEXT(2) 
PARAMETRIC_REPRESENTATION_CONTEXT() REPRESENTATION_CONTEXT('2D SPACE',''
  ) );
#1504 = PCURVE('',#1317,#1505);
#1505 = DEFINITIONAL_REPRESENTATION('',(#1506),#1509);
#1506 = B_SPLINE_CURVE_WITH_KNOTS('',1,(#1507,#1508),.UNSPECIFIED.,.F.,
  .F.,(2,2),(-6.000000015638E-07,69.99846058306),
  .PIECEWISE_BEZIER_KNOTS.);
#1507 = CARTESIAN_POINT('',(5.943348397725,-5.999999997875E-07));
#1508 = CARTESIAN_POINT('',(5.943348397725,69.99846058306));
#1509 = ( GEOMETRIC_REPRESENTATION_CONTEXT(2) 
PARAMETRIC_REPRESENTATION_CONTEXT() REPRESENTATION_CONTEXT('2D SPACE',''
  ) );
#1510 = ORIENTED_EDGE('',*,*,#1511,.F.);
#1511 = EDGE_CURVE('',#1251,#1491,#1512,.T.);
#1512 = SURFACE_CURVE('',#1513,(#1517,#1523),.PCURVE_S1.);
#1513 = LINE('',#1514,#1515);
#1514 = CARTESIAN_POINT('',(-50.,86.6,5.));
#1515 = VECTOR('',#1516,1.);
#1516 = DIRECTION('',(-0.866019052629,-0.500011000363,0.));
#1517 = PCURVE('',#43,#1518);
#1518 = DEFINITIONAL_REPRESENTATION('',(#1519),#1522);
#1519 = B_SPLINE_CURVE_WITH_KNOTS('',1,(#1520,#1521),.UNSPECIFIED.,.F.,
  .F.,(2,2),(-17.,17.),.PIECEWISE_BEZIER_KNOTS.);
#1520 = CARTESIAN_POINT('',(-35.27767610531,95.100187006171));
#1521 = CARTESIAN_POINT('',(-64.72232389468,78.099812993829));
#1522 = ( GEOMETRIC_REPRESENTATION_CONTEXT(2) 
PARAMETRIC_REPRESENTATION_CONTEXT() REPRESENTATION_CONTEXT('2D SPACE',''
  ) );
#1523 = PCURVE('',#1432,#1524);
#1524 = DEFINITIONAL_REPRESENTATION('',(#1525),#1528);
#1525 = B_SPLINE_CURVE_WITH_KNOTS('',1,(#1526,#1527),.UNSPECIFIED.,.F.,
  .F.,(2,2),(-17.,17.),.PIECEWISE_BEZIER_KNOTS.);
#1526 = CARTESIAN_POINT('',(17.,-5.));
#1527 = CARTESIAN_POINT('',(-17.,-5.));
#1528 = ( GEOMETRIC_REPRESENTATION_CONTEXT(2) 
PARAMETRIC_REPRESENTATION_CONTEXT() REPRESENTATION_CONTEXT('2D SPACE',''
  ) );
#1529 = FACE_BOUND('',#1530,.T.);
#1530 = EDGE_LOOP('',(#1531,#1559,#1585,#1611,#1637,#1658,#1679,#1700,
    #1726,#1747,#1773,#1794));
#1531 = ORIENTED_EDGE('',*,*,#1532,.F.);
#1532 = EDGE_CURVE('',#1533,#1535,#1537,.T.);
#1533 = VERTEX_POINT('',#1534);
#1534 = CARTESIAN_POINT('',(34.071144085405,26.515782860621,5.));
#1535 = VERTEX_POINT('',#1536);
#1536 = CARTESIAN_POINT('',(64.071144085405,78.475782860621,5.));
#1537 = SURFACE_CURVE('',#1538,(#1542,#1548),.PCURVE_S1.);
#1538 = LINE('',#1539,#1540);
#1539 = CARTESIAN_POINT('',(34.071144085405,26.515782860621,5.));
#1540 = VECTOR('',#1541,1.);
#1541 = DIRECTION('',(0.500011000363,0.866019052629,0.));
#1542 = PCURVE('',#43,#1543);
#1543 = DEFINITIONAL_REPRESENTATION('',(#1544),#1547);
#1544 = B_SPLINE_CURVE_WITH_KNOTS('',1,(#1545,#1546),.UNSPECIFIED.,.F.,
  .F.,(2,2),(-5.999999971868E-07,59.99868058548),
  .PIECEWISE_BEZIER_KNOTS.);
#1545 = CARTESIAN_POINT('',(34.071143785398,26.515782341009));
#1546 = CARTESIAN_POINT('',(64.071144385411,78.475783380232));
#1547 = ( GEOMETRIC_REPRESENTATION_CONTEXT(2) 
PARAMETRIC_REPRESENTATION_CONTEXT() REPRESENTATION_CONTEXT('2D SPACE',''
  ) );
#1548 = PCURVE('',#1549,#1554);
#1549 = CYLINDRICAL_SURFACE('',#1550,17.);
#1550 = AXIS2_PLACEMENT_3D('',#1551,#1552,#1553);
#1551 = CARTESIAN_POINT('',(20.,34.64,0.));
#1552 = DIRECTION('',(0.500011000363,0.866019052629,0.));
#1553 = DIRECTION('',(0.866019052629,-0.500011000363,0.));
#1554 = DEFINITIONAL_REPRESENTATION('',(#1555),#1558);
#1555 = B_SPLINE_CURVE_WITH_KNOTS('',1,(#1556,#1557),.UNSPECIFIED.,.F.,
  .F.,(2,2),(-5.999999971868E-07,59.99868058548),
  .PIECEWISE_BEZIER_KNOTS.);
#1556 = CARTESIAN_POINT('',(5.984653105995,-5.999999998513E-07));
#1557 = CARTESIAN_POINT('',(5.984653105995,59.99868058548));
#1558 = ( GEOMETRIC_REPRESENTATION_CONTEXT(2) 
PARAMETRIC_REPRESENTATION_CONTEXT() REPRESENTATION_CONTEXT('2D SPACE',''
  ) );
#1559 = ORIENTED_EDGE('',*,*,#1560,.T.);
#1560 = EDGE_CURVE('',#1533,#1561,#1563,.T.);
#1561 = VERTEX_POINT('',#1562);
#1562 = CARTESIAN_POINT('',(32.247358895011,27.568776619509,5.));
#1563 = SURFACE_CURVE('',#1564,(#1568,#1574),.PCURVE_S1.);
#1564 = LINE('',#1565,#1566);
#1565 = CARTESIAN_POINT('',(20.,34.64,5.));
#1566 = VECTOR('',#1567,1.);
#1567 = DIRECTION('',(-0.866019052629,0.500011000363,0.));
#1568 = PCURVE('',#43,#1569);
#1569 = DEFINITIONAL_REPRESENTATION('',(#1570),#1573);
#1570 = B_SPLINE_CURVE_WITH_KNOTS('',1,(#1571,#1572),.UNSPECIFIED.,.F.,
  .F.,(2,2),(-17.,17.),.PIECEWISE_BEZIER_KNOTS.);
#1571 = CARTESIAN_POINT('',(34.722323894689,26.139812993829));
#1572 = CARTESIAN_POINT('',(5.277676105311,43.140187006171));
#1573 = ( GEOMETRIC_REPRESENTATION_CONTEXT(2) 
PARAMETRIC_REPRESENTATION_CONTEXT() REPRESENTATION_CONTEXT('2D SPACE',''
  ) );
#1574 = PCURVE('',#1575,#1580);
#1575 = PLANE('',#1576);
#1576 = AXIS2_PLACEMENT_3D('',#1577,#1578,#1579);
#1577 = CARTESIAN_POINT('',(20.,34.64,0.));
#1578 = DIRECTION('',(0.500011000363,0.866019052629,0.));
#1579 = DIRECTION('',(0.866019052629,-0.500011000363,0.));
#1580 = DEFINITIONAL_REPRESENTATION('',(#1581),#1584);
#1581 = B_SPLINE_CURVE_WITH_KNOTS('',1,(#1582,#1583),.UNSPECIFIED.,.F.,
  .F.,(2,2),(-17.,17.),.PIECEWISE_BEZIER_KNOTS.);
#1582 = CARTESIAN_POINT('',(17.,-5.));
#1583 = CARTESIAN_POINT('',(-17.,-5.));
#1584 = ( GEOMETRIC_REPRESENTATION_CONTEXT(2) 
PARAMETRIC_REPRESENTATION_CONTEXT() REPRESENTATION_CONTEXT('2D SPACE',''
  ) );
#1585 = ORIENTED_EDGE('',*,*,#1586,.F.);
#1586 = EDGE_CURVE('',#1587,#1561,#1589,.T.);
#1587 = VERTEX_POINT('',#1588);
#1588 = CARTESIAN_POINT('',(29.747358895011,23.238776619509,5.));
#1589 = SURFACE_CURVE('',#1590,(#1594,#1600),.PCURVE_S1.);
#1590 = LINE('',#1591,#1592);
#1591 = CARTESIAN_POINT('',(29.747358895011,23.238776619509,5.));
#1592 = VECTOR('',#1593,1.);
#1593 = DIRECTION('',(0.500011000363,0.866019052629,0.));
#1594 = PCURVE('',#43,#1595);
#1595 = DEFINITIONAL_REPRESENTATION('',(#1596),#1599);
#1596 = B_SPLINE_CURVE_WITH_KNOTS('',1,(#1597,#1598),.UNSPECIFIED.,.F.,
  .F.,(2,2),(-5.999999984871E-07,69.99846058306),
  .PIECEWISE_BEZIER_KNOTS.);
#1597 = CARTESIAN_POINT('',(29.747358595004,23.238776099897));
#1598 = CARTESIAN_POINT('',(64.747359195017,83.85877713912));
#1599 = ( GEOMETRIC_REPRESENTATION_CONTEXT(2) 
PARAMETRIC_REPRESENTATION_CONTEXT() REPRESENTATION_CONTEXT('2D SPACE',''
  ) );
#1600 = PCURVE('',#1601,#1606);
#1601 = CYLINDRICAL_SURFACE('',#1602,15.);
#1602 = AXIS2_PLACEMENT_3D('',#1603,#1604,#1605);
#1603 = CARTESIAN_POINT('',(17.5,30.31,0.));
#1604 = DIRECTION('',(0.500011000363,0.866019052629,0.));
#1605 = DIRECTION('',(0.866019052629,-0.500011000363,0.));
#1606 = DEFINITIONAL_REPRESENTATION('',(#1607),#1610);
#1607 = B_SPLINE_CURVE_WITH_KNOTS('',1,(#1608,#1609),.UNSPECIFIED.,.F.,
  .F.,(2,2),(-5.999999984871E-07,69.99846058306),
  .PIECEWISE_BEZIER_KNOTS.);
#1608 = CARTESIAN_POINT('',(5.943348397725,-6.000000002635E-07));
#1609 = CARTESIAN_POINT('',(5.943348397725,69.99846058306));
#1610 = ( GEOMETRIC_REPRESENTATION_CONTEXT(2) 
PARAMETRIC_REPRESENTATION_CONTEXT() REPRESENTATION_CONTEXT('2D SPACE',''
  ) );
#1611 = ORIENTED_EDGE('',*,*,#1612,.T.);
#1612 = EDGE_CURVE('',#1587,#1613,#1615,.T.);
#1613 = VERTEX_POINT('',#1614);
#1614 = CARTESIAN_POINT('',(5.252641104989,37.381223380491,5.));
#1615 = SURFACE_CURVE('',#1616,(#1620,#1626),.PCURVE_S1.);
#1616 = LINE('',#1617,#1618);
#1617 = CARTESIAN_POINT('',(17.5,30.31,5.));
#1618 = VECTOR('',#1619,1.);
#1619 = DIRECTION('',(-0.866019052629,0.500011000363,0.));
#1620 = PCURVE('',#43,#1621);
#1621 = DEFINITIONAL_REPRESENTATION('',(#1622),#1625);
#1622 = B_SPLINE_CURVE_WITH_KNOTS('',1,(#1623,#1624),.UNSPECIFIED.,.F.,
  .F.,(2,2),(-15.,15.),.PIECEWISE_BEZIER_KNOTS.);
#1623 = CARTESIAN_POINT('',(30.490285789431,22.809834994555));
#1624 = CARTESIAN_POINT('',(4.509714210569,37.810165005445));
#1625 = ( GEOMETRIC_REPRESENTATION_CONTEXT(2) 
PARAMETRIC_REPRESENTATION_CONTEXT() REPRESENTATION_CONTEXT('2D SPACE',''
  ) );
#1626 = PCURVE('',#1627,#1632);
#1627 = PLANE('',#1628);
#1628 = AXIS2_PLACEMENT_3D('',#1629,#1630,#1631);
#1629 = CARTESIAN_POINT('',(17.5,30.31,0.));
#1630 = DIRECTION('',(0.500011000363,0.866019052629,0.));
#1631 = DIRECTION('',(0.866019052629,-0.500011000363,0.));
#1632 = DEFINITIONAL_REPRESENTATION('',(#1633),#1636);
#1633 = B_SPLINE_CURVE_WITH_KNOTS('',1,(#1634,#1635),.UNSPECIFIED.,.F.,
  .F.,(2,2),(-15.,15.),.PIECEWISE_BEZIER_KNOTS.);
#1634 = CARTESIAN_POINT('',(15.,-5.));
#1635 = CARTESIAN_POINT('',(-15.,-5.));
#1636 = ( GEOMETRIC_REPRESENTATION_CONTEXT(2) 
PARAMETRIC_REPRESENTATION_CONTEXT() REPRESENTATION_CONTEXT('2D SPACE',''
  ) );
#1637 = ORIENTED_EDGE('',*,*,#1638,.T.);
#1638 = EDGE_CURVE('',#1613,#1639,#1641,.T.);
#1639 = VERTEX_POINT('',#1640);
#1640 = CARTESIAN_POINT('',(7.752641104989,41.711223380491,5.));
#1641 = SURFACE_CURVE('',#1642,(#1646,#1652),.PCURVE_S1.);
#1642 = LINE('',#1643,#1644);
#1643 = CARTESIAN_POINT('',(5.252641104989,37.381223380491,5.));
#1644 = VECTOR('',#1645,1.);
#1645 = DIRECTION('',(0.500011000363,0.866019052629,0.));
#1646 = PCURVE('',#43,#1647);
#1647 = DEFINITIONAL_REPRESENTATION('',(#1648),#1651);
#1648 = B_SPLINE_CURVE_WITH_KNOTS('',1,(#1649,#1650),.UNSPECIFIED.,.F.,
  .F.,(2,2),(-6.00000002452E-07,69.99846058306),
  .PIECEWISE_BEZIER_KNOTS.);
#1649 = CARTESIAN_POINT('',(5.252640804983,37.38122286088));
#1650 = CARTESIAN_POINT('',(40.252641404996,98.001223900103));
#1651 = ( GEOMETRIC_REPRESENTATION_CONTEXT(2) 
PARAMETRIC_REPRESENTATION_CONTEXT() REPRESENTATION_CONTEXT('2D SPACE',''
  ) );
#1652 = PCURVE('',#1601,#1653);
#1653 = DEFINITIONAL_REPRESENTATION('',(#1654),#1657);
#1654 = B_SPLINE_CURVE_WITH_KNOTS('',1,(#1655,#1656),.UNSPECIFIED.,.F.,
  .F.,(2,2),(-6.00000002452E-07,69.99846058306),
  .PIECEWISE_BEZIER_KNOTS.);
#1655 = CARTESIAN_POINT('',(3.481429563044,-6.000000006757E-07));
#1656 = CARTESIAN_POINT('',(3.481429563044,69.99846058306));
#1657 = ( GEOMETRIC_REPRESENTATION_CONTEXT(2) 
PARAMETRIC_REPRESENTATION_CONTEXT() REPRESENTATION_CONTEXT('2D SPACE',''
  ) );
#1658 = ORIENTED_EDGE('',*,*,#1659,.T.);
#1659 = EDGE_CURVE('',#1639,#1660,#1662,.T.);
#1660 = VERTEX_POINT('',#1661);
#1661 = CARTESIAN_POINT('',(5.928855914595,42.764217139379,5.));
#1662 = SURFACE_CURVE('',#1663,(#1667,#1673),.PCURVE_S1.);
#1663 = LINE('',#1664,#1665);
#1664 = CARTESIAN_POINT('',(20.,34.64,5.));
#1665 = VECTOR('',#1666,1.);
#1666 = DIRECTION('',(-0.866019052629,0.500011000363,0.));
#1667 = PCURVE('',#43,#1668);
#1668 = DEFINITIONAL_REPRESENTATION('',(#1669),#1672);
#1669 = B_SPLINE_CURVE_WITH_KNOTS('',1,(#1670,#1671),.UNSPECIFIED.,.F.,
  .F.,(2,2),(-17.,17.),.PIECEWISE_BEZIER_KNOTS.);
#1670 = CARTESIAN_POINT('',(34.722323894689,26.139812993829));
#1671 = CARTESIAN_POINT('',(5.277676105311,43.140187006171));
#1672 = ( GEOMETRIC_REPRESENTATION_CONTEXT(2) 
PARAMETRIC_REPRESENTATION_CONTEXT() REPRESENTATION_CONTEXT('2D SPACE',''
  ) );
#1673 = PCURVE('',#1575,#1674);
#1674 = DEFINITIONAL_REPRESENTATION('',(#1675),#1678);
#1675 = B_SPLINE_CURVE_WITH_KNOTS('',1,(#1676,#1677),.UNSPECIFIED.,.F.,
  .F.,(2,2),(-17.,17.),.PIECEWISE_BEZIER_KNOTS.);
#1676 = CARTESIAN_POINT('',(17.,-5.));
#1677 = CARTESIAN_POINT('',(-17.,-5.));
#1678 = ( GEOMETRIC_REPRESENTATION_CONTEXT(2) 
PARAMETRIC_REPRESENTATION_CONTEXT() REPRESENTATION_CONTEXT('2D SPACE',''
  ) );
#1679 = ORIENTED_EDGE('',*,*,#1680,.T.);
#1680 = EDGE_CURVE('',#1660,#1681,#1683,.T.);
#1681 = VERTEX_POINT('',#1682);
#1682 = CARTESIAN_POINT('',(35.928855914595,94.724217139379,5.));
#1683 = SURFACE_CURVE('',#1684,(#1688,#1694),.PCURVE_S1.);
#1684 = LINE('',#1685,#1686);
#1685 = CARTESIAN_POINT('',(5.928855914595,42.764217139379,5.));
#1686 = VECTOR('',#1687,1.);
#1687 = DIRECTION('',(0.500011000363,0.866019052629,0.));
#1688 = PCURVE('',#43,#1689);
#1689 = DEFINITIONAL_REPRESENTATION('',(#1690),#1693);
#1690 = B_SPLINE_CURVE_WITH_KNOTS('',1,(#1691,#1692),.UNSPECIFIED.,.F.,
  .F.,(2,2),(-6.000000015638E-07,59.99868058548),
  .PIECEWISE_BEZIER_KNOTS.);
#1691 = CARTESIAN_POINT('',(5.928855614589,42.764216619768));
#1692 = CARTESIAN_POINT('',(35.928856214602,94.724217658991));
#1693 = ( GEOMETRIC_REPRESENTATION_CONTEXT(2) 
PARAMETRIC_REPRESENTATION_CONTEXT() REPRESENTATION_CONTEXT('2D SPACE',''
  ) );
#1694 = PCURVE('',#1549,#1695);
#1695 = DEFINITIONAL_REPRESENTATION('',(#1696),#1699);
#1696 = B_SPLINE_CURVE_WITH_KNOTS('',1,(#1697,#1698),.UNSPECIFIED.,.F.,
  .F.,(2,2),(-6.000000015638E-07,59.99868058548),
  .PIECEWISE_BEZIER_KNOTS.);
#1697 = CARTESIAN_POINT('',(3.440124854775,-5.999999997875E-07));
#1698 = CARTESIAN_POINT('',(3.440124854775,59.99868058548));
#1699 = ( GEOMETRIC_REPRESENTATION_CONTEXT(2) 
PARAMETRIC_REPRESENTATION_CONTEXT() REPRESENTATION_CONTEXT('2D SPACE',''
  ) );
#1700 = ORIENTED_EDGE('',*,*,#1701,.F.);
#1701 = EDGE_CURVE('',#1702,#1681,#1704,.T.);
#1702 = VERTEX_POINT('',#1703);
#1703 = CARTESIAN_POINT('',(37.752641104989,93.671223380491,5.));
#1704 = SURFACE_CURVE('',#1705,(#1709,#1715),.PCURVE_S1.);
#1705 = LINE('',#1706,#1707);
#1706 = CARTESIAN_POINT('',(50.,86.6,5.));
#1707 = VECTOR('',#1708,1.);
#1708 = DIRECTION('',(-0.866019052629,0.500011000363,0.));
#1709 = PCURVE('',#43,#1710);
#1710 = DEFINITIONAL_REPRESENTATION('',(#1711),#1714);
#1711 = B_SPLINE_CURVE_WITH_KNOTS('',1,(#1712,#1713),.UNSPECIFIED.,.F.,
  .F.,(2,2),(-17.,17.),.PIECEWISE_BEZIER_KNOTS.);
#1712 = CARTESIAN_POINT('',(64.722323894689,78.099812993829));
#1713 = CARTESIAN_POINT('',(35.277676105311,95.100187006171));
#1714 = ( GEOMETRIC_REPRESENTATION_CONTEXT(2) 
PARAMETRIC_REPRESENTATION_CONTEXT() REPRESENTATION_CONTEXT('2D SPACE',''
  ) );
#1715 = PCURVE('',#1716,#1721);
#1716 = PLANE('',#1717);
#1717 = AXIS2_PLACEMENT_3D('',#1718,#1719,#1720);
#1718 = CARTESIAN_POINT('',(50.,86.6,0.));
#1719 = DIRECTION('',(0.500011000363,0.866019052629,0.));
#1720 = DIRECTION('',(0.866019052629,-0.500011000363,0.));
#1721 = DEFINITIONAL_REPRESENTATION('',(#1722),#1725);
#1722 = B_SPLINE_CURVE_WITH_KNOTS('',1,(#1723,#1724),.UNSPECIFIED.,.F.,
  .F.,(2,2),(-17.,17.),.PIECEWISE_BEZIER_KNOTS.);
#1723 = CARTESIAN_POINT('',(17.,-5.));
#1724 = CARTESIAN_POINT('',(-17.,-5.));
#1725 = ( GEOMETRIC_REPRESENTATION_CONTEXT(2) 
PARAMETRIC_REPRESENTATION_CONTEXT() REPRESENTATION_CONTEXT('2D SPACE',''
  ) );
#1726 = ORIENTED_EDGE('',*,*,#1727,.T.);
#1727 = EDGE_CURVE('',#1702,#1728,#1730,.T.);
#1728 = VERTEX_POINT('',#1729);
#1729 = CARTESIAN_POINT('',(40.252641104989,98.001223380491,5.));
#1730 = SURFACE_CURVE('',#1731,(#1735,#1741),.PCURVE_S1.);
#1731 = LINE('',#1732,#1733);
#1732 = CARTESIAN_POINT('',(5.252641104989,37.381223380491,5.));
#1733 = VECTOR('',#1734,1.);
#1734 = DIRECTION('',(0.500011000363,0.866019052629,0.));
#1735 = PCURVE('',#43,#1736);
#1736 = DEFINITIONAL_REPRESENTATION('',(#1737),#1740);
#1737 = B_SPLINE_CURVE_WITH_KNOTS('',1,(#1738,#1739),.UNSPECIFIED.,.F.,
  .F.,(2,2),(-6.00000002452E-07,69.99846058306),
  .PIECEWISE_BEZIER_KNOTS.);
#1738 = CARTESIAN_POINT('',(5.252640804983,37.38122286088));
#1739 = CARTESIAN_POINT('',(40.252641404996,98.001223900103));
#1740 = ( GEOMETRIC_REPRESENTATION_CONTEXT(2) 
PARAMETRIC_REPRESENTATION_CONTEXT() REPRESENTATION_CONTEXT('2D SPACE',''
  ) );
#1741 = PCURVE('',#1601,#1742);
#1742 = DEFINITIONAL_REPRESENTATION('',(#1743),#1746);
#1743 = B_SPLINE_CURVE_WITH_KNOTS('',1,(#1744,#1745),.UNSPECIFIED.,.F.,
  .F.,(2,2),(-6.00000002452E-07,69.99846058306),
  .PIECEWISE_BEZIER_KNOTS.);
#1744 = CARTESIAN_POINT('',(3.481429563044,-6.000000006757E-07));
#1745 = CARTESIAN_POINT('',(3.481429563044,69.99846058306));
#1746 = ( GEOMETRIC_REPRESENTATION_CONTEXT(2) 
PARAMETRIC_REPRESENTATION_CONTEXT() REPRESENTATION_CONTEXT('2D SPACE',''
  ) );
#1747 = ORIENTED_EDGE('',*,*,#1748,.F.);
#1748 = EDGE_CURVE('',#1749,#1728,#1751,.T.);
#1749 = VERTEX_POINT('',#1750);
#1750 = CARTESIAN_POINT('',(64.747358895011,83.858776619509,5.));
#1751 = SURFACE_CURVE('',#1752,(#1756,#1762),.PCURVE_S1.);
#1752 = LINE('',#1753,#1754);
#1753 = CARTESIAN_POINT('',(52.5,90.93,5.));
#1754 = VECTOR('',#1755,1.);
#1755 = DIRECTION('',(-0.866019052629,0.500011000363,0.));
#1756 = PCURVE('',#43,#1757);
#1757 = DEFINITIONAL_REPRESENTATION('',(#1758),#1761);
#1758 = B_SPLINE_CURVE_WITH_KNOTS('',1,(#1759,#1760),.UNSPECIFIED.,.F.,
  .F.,(2,2),(-15.,15.),.PIECEWISE_BEZIER_KNOTS.);
#1759 = CARTESIAN_POINT('',(65.490285789431,83.429834994555));
#1760 = CARTESIAN_POINT('',(39.509714210569,98.430165005445));
#1761 = ( GEOMETRIC_REPRESENTATION_CONTEXT(2) 
PARAMETRIC_REPRESENTATION_CONTEXT() REPRESENTATION_CONTEXT('2D SPACE',''
  ) );
#1762 = PCURVE('',#1763,#1768);
#1763 = PLANE('',#1764);
#1764 = AXIS2_PLACEMENT_3D('',#1765,#1766,#1767);
#1765 = CARTESIAN_POINT('',(52.5,90.93,0.));
#1766 = DIRECTION('',(0.500011000363,0.866019052629,0.));
#1767 = DIRECTION('',(0.866019052629,-0.500011000363,0.));
#1768 = DEFINITIONAL_REPRESENTATION('',(#1769),#1772);
#1769 = B_SPLINE_CURVE_WITH_KNOTS('',1,(#1770,#1771),.UNSPECIFIED.,.F.,
  .F.,(2,2),(-15.,15.),.PIECEWISE_BEZIER_KNOTS.);
#1770 = CARTESIAN_POINT('',(15.,-5.));
#1771 = CARTESIAN_POINT('',(-15.,-5.));
#1772 = ( GEOMETRIC_REPRESENTATION_CONTEXT(2) 
PARAMETRIC_REPRESENTATION_CONTEXT() REPRESENTATION_CONTEXT('2D SPACE',''
  ) );
#1773 = ORIENTED_EDGE('',*,*,#1774,.F.);
#1774 = EDGE_CURVE('',#1775,#1749,#1777,.T.);
#1775 = VERTEX_POINT('',#1776);
#1776 = CARTESIAN_POINT('',(62.247358895011,79.528776619509,5.));
#1777 = SURFACE_CURVE('',#1778,(#1782,#1788),.PCURVE_S1.);
#1778 = LINE('',#1779,#1780);
#1779 = CARTESIAN_POINT('',(29.747358895011,23.238776619509,5.));
#1780 = VECTOR('',#1781,1.);
#1781 = DIRECTION('',(0.500011000363,0.866019052629,0.));
#1782 = PCURVE('',#43,#1783);
#1783 = DEFINITIONAL_REPRESENTATION('',(#1784),#1787);
#1784 = B_SPLINE_CURVE_WITH_KNOTS('',1,(#1785,#1786),.UNSPECIFIED.,.F.,
  .F.,(2,2),(-5.999999984871E-07,69.99846058306),
  .PIECEWISE_BEZIER_KNOTS.);
#1785 = CARTESIAN_POINT('',(29.747358595004,23.238776099897));
#1786 = CARTESIAN_POINT('',(64.747359195017,83.85877713912));
#1787 = ( GEOMETRIC_REPRESENTATION_CONTEXT(2) 
PARAMETRIC_REPRESENTATION_CONTEXT() REPRESENTATION_CONTEXT('2D SPACE',''
  ) );
#1788 = PCURVE('',#1601,#1789);
#1789 = DEFINITIONAL_REPRESENTATION('',(#1790),#1793);
#1790 = B_SPLINE_CURVE_WITH_KNOTS('',1,(#1791,#1792),.UNSPECIFIED.,.F.,
  .F.,(2,2),(-5.999999984871E-07,69.99846058306),
  .PIECEWISE_BEZIER_KNOTS.);
#1791 = CARTESIAN_POINT('',(5.943348397725,-6.000000002635E-07));
#1792 = CARTESIAN_POINT('',(5.943348397725,69.99846058306));
#1793 = ( GEOMETRIC_REPRESENTATION_CONTEXT(2) 
PARAMETRIC_REPRESENTATION_CONTEXT() REPRESENTATION_CONTEXT('2D SPACE',''
  ) );
#1794 = ORIENTED_EDGE('',*,*,#1795,.F.);
#1795 = EDGE_CURVE('',#1535,#1775,#1796,.T.);
#1796 = SURFACE_CURVE('',#1797,(#1801,#1807),.PCURVE_S1.);
#1797 = LINE('',#1798,#1799);
#1798 = CARTESIAN_POINT('',(50.,86.6,5.));
#1799 = VECTOR('',#1800,1.);
#1800 = DIRECTION('',(-0.866019052629,0.500011000363,0.));
#1801 = PCURVE('',#43,#1802);
#1802 = DEFINITIONAL_REPRESENTATION('',(#1803),#1806);
#1803 = B_SPLINE_CURVE_WITH_KNOTS('',1,(#1804,#1805),.UNSPECIFIED.,.F.,
  .F.,(2,2),(-17.,17.),.PIECEWISE_BEZIER_KNOTS.);
#1804 = CARTESIAN_POINT('',(64.722323894689,78.099812993829));
#1805 = CARTESIAN_POINT('',(35.277676105311,95.100187006171));
#1806 = ( GEOMETRIC_REPRESENTATION_CONTEXT(2) 
PARAMETRIC_REPRESENTATION_CONTEXT() REPRESENTATION_CONTEXT('2D SPACE',''
  ) );
#1807 = PCURVE('',#1716,#1808);
#1808 = DEFINITIONAL_REPRESENTATION('',(#1809),#1812);
#1809 = B_SPLINE_CURVE_WITH_KNOTS('',1,(#1810,#1811),.UNSPECIFIED.,.F.,
  .F.,(2,2),(-17.,17.),.PIECEWISE_BEZIER_KNOTS.);
#1810 = CARTESIAN_POINT('',(17.,-5.));
#1811 = CARTESIAN_POINT('',(-17.,-5.));
#1812 = ( GEOMETRIC_REPRESENTATION_CONTEXT(2) 
PARAMETRIC_REPRESENTATION_CONTEXT() REPRESENTATION_CONTEXT('2D SPACE',''
  ) );
#1813 = ADVANCED_FACE('',(#1814,#1817,#2086,#2355,#2624,#2893,#3162),#93
  ,.F.);
#1814 = FACE_BOUND('',#1815,.F.);
#1815 = EDGE_LOOP('',(#1816));
#1816 = ORIENTED_EDGE('',*,*,#78,.T.);
#1817 = FACE_BOUND('',#1818,.F.);
#1818 = EDGE_LOOP('',(#1819,#1847,#1873,#1894,#1915,#1936,#1957,#1978,
    #2004,#2025,#2046,#2067));
#1819 = ORIENTED_EDGE('',*,*,#1820,.F.);
#1820 = EDGE_CURVE('',#1821,#1823,#1825,.T.);
#1821 = VERTEX_POINT('',#1822);
#1822 = CARTESIAN_POINT('',(-34.0711440854,-26.51578286062,-5.));
#1823 = VERTEX_POINT('',#1824);
#1824 = CARTESIAN_POINT('',(-64.0711440854,-78.47578286062,-5.));
#1825 = SURFACE_CURVE('',#1826,(#1830,#1836),.PCURVE_S1.);
#1826 = LINE('',#1827,#1828);
#1827 = CARTESIAN_POINT('',(-34.0711440854,-26.51578286062,-5.));
#1828 = VECTOR('',#1829,1.);
#1829 = DIRECTION('',(-0.500011000363,-0.866019052629,0.));
#1830 = PCURVE('',#93,#1831);
#1831 = DEFINITIONAL_REPRESENTATION('',(#1832),#1835);
#1832 = B_SPLINE_CURVE_WITH_KNOTS('',1,(#1833,#1834),.UNSPECIFIED.,.F.,
  .F.,(2,2),(-5.999999967107E-07,59.99868058548),
  .PIECEWISE_BEZIER_KNOTS.);
#1833 = CARTESIAN_POINT('',(-34.07114378539,-26.515782341));
#1834 = CARTESIAN_POINT('',(-64.07114438541,-78.47578338023));
#1835 = ( GEOMETRIC_REPRESENTATION_CONTEXT(2) 
PARAMETRIC_REPRESENTATION_CONTEXT() REPRESENTATION_CONTEXT('2D SPACE',''
  ) );
#1836 = PCURVE('',#1837,#1842);
#1837 = CYLINDRICAL_SURFACE('',#1838,17.);
#1838 = AXIS2_PLACEMENT_3D('',#1839,#1840,#1841);
#1839 = CARTESIAN_POINT('',(-20.,-34.64,0.));
#1840 = DIRECTION('',(-0.500011000363,-0.866019052629,0.));
#1841 = DIRECTION('',(-0.866019052629,0.500011000363,0.));
#1842 = DEFINITIONAL_REPRESENTATION('',(#1843),#1846);
#1843 = B_SPLINE_CURVE_WITH_KNOTS('',1,(#1844,#1845),.UNSPECIFIED.,.F.,
  .F.,(2,2),(-5.999999967107E-07,59.99868058548),
  .PIECEWISE_BEZIER_KNOTS.);
#1844 = CARTESIAN_POINT('',(0.298532201185,-5.999999993753E-07));
#1845 = CARTESIAN_POINT('',(0.298532201185,59.99868058548));
#1846 = ( GEOMETRIC_REPRESENTATION_CONTEXT(2) 
PARAMETRIC_REPRESENTATION_CONTEXT() REPRESENTATION_CONTEXT('2D SPACE',''
  ) );
#1847 = ORIENTED_EDGE('',*,*,#1848,.T.);
#1848 = EDGE_CURVE('',#1821,#1849,#1851,.T.);
#1849 = VERTEX_POINT('',#1850);
#1850 = CARTESIAN_POINT('',(-32.24735889501,-27.5687766195,-5.));
#1851 = SURFACE_CURVE('',#1852,(#1856,#1862),.PCURVE_S1.);
#1852 = LINE('',#1853,#1854);
#1853 = CARTESIAN_POINT('',(-20.,-34.64,-5.));
#1854 = VECTOR('',#1855,1.);
#1855 = DIRECTION('',(0.866019052629,-0.500011000363,0.));
#1856 = PCURVE('',#93,#1857);
#1857 = DEFINITIONAL_REPRESENTATION('',(#1858),#1861);
#1858 = B_SPLINE_CURVE_WITH_KNOTS('',1,(#1859,#1860),.UNSPECIFIED.,.F.,
  .F.,(2,2),(-17.,17.),.PIECEWISE_BEZIER_KNOTS.);
#1859 = CARTESIAN_POINT('',(-34.72232389468,-26.13981299382));
#1860 = CARTESIAN_POINT('',(-5.277676105311,-43.14018700617));
#1861 = ( GEOMETRIC_REPRESENTATION_CONTEXT(2) 
PARAMETRIC_REPRESENTATION_CONTEXT() REPRESENTATION_CONTEXT('2D SPACE',''
  ) );
#1862 = PCURVE('',#1863,#1868);
#1863 = PLANE('',#1864);
#1864 = AXIS2_PLACEMENT_3D('',#1865,#1866,#1867);
#1865 = CARTESIAN_POINT('',(-20.,-34.64,0.));
#1866 = DIRECTION('',(-0.500011000363,-0.866019052629,0.));
#1867 = DIRECTION('',(-0.866019052629,0.500011000363,0.));
#1868 = DEFINITIONAL_REPRESENTATION('',(#1869),#1872);
#1869 = B_SPLINE_CURVE_WITH_KNOTS('',1,(#1870,#1871),.UNSPECIFIED.,.F.,
  .F.,(2,2),(-17.,17.),.PIECEWISE_BEZIER_KNOTS.);
#1870 = CARTESIAN_POINT('',(17.,5.));
#1871 = CARTESIAN_POINT('',(-17.,5.));
#1872 = ( GEOMETRIC_REPRESENTATION_CONTEXT(2) 
PARAMETRIC_REPRESENTATION_CONTEXT() REPRESENTATION_CONTEXT('2D SPACE',''
  ) );
#1873 = ORIENTED_EDGE('',*,*,#1874,.F.);
#1874 = EDGE_CURVE('',#1875,#1849,#1877,.T.);
#1875 = VERTEX_POINT('',#1876);
#1876 = CARTESIAN_POINT('',(-29.74735889501,-23.2387766195,-5.));
#1877 = SURFACE_CURVE('',#1878,(#1882,#1888),.PCURVE_S1.);
#1878 = LINE('',#1879,#1880);
#1879 = CARTESIAN_POINT('',(-29.74735889501,-23.2387766195,-5.));
#1880 = VECTOR('',#1881,1.);
#1881 = DIRECTION('',(-0.500011000363,-0.866019052629,0.));
#1882 = PCURVE('',#93,#1883);
#1883 = DEFINITIONAL_REPRESENTATION('',(#1884),#1887);
#1884 = B_SPLINE_CURVE_WITH_KNOTS('',1,(#1885,#1886),.UNSPECIFIED.,.F.,
  .F.,(2,2),(-5.999999984871E-07,69.99846058306),
  .PIECEWISE_BEZIER_KNOTS.);
#1885 = CARTESIAN_POINT('',(-29.747358595,-23.23877609989));
#1886 = CARTESIAN_POINT('',(-64.74735919501,-83.85877713912));
#1887 = ( GEOMETRIC_REPRESENTATION_CONTEXT(2) 
PARAMETRIC_REPRESENTATION_CONTEXT() REPRESENTATION_CONTEXT('2D SPACE',''
  ) );
#1888 = PCURVE('',#181,#1889);
#1889 = DEFINITIONAL_REPRESENTATION('',(#1890),#1893);
#1890 = B_SPLINE_CURVE_WITH_KNOTS('',1,(#1891,#1892),.UNSPECIFIED.,.F.,
  .F.,(2,2),(-5.999999984871E-07,69.99846058306),
  .PIECEWISE_BEZIER_KNOTS.);
#1891 = CARTESIAN_POINT('',(0.339836909454,-6.000000002635E-07));
#1892 = CARTESIAN_POINT('',(0.339836909454,69.99846058306));
#1893 = ( GEOMETRIC_REPRESENTATION_CONTEXT(2) 
PARAMETRIC_REPRESENTATION_CONTEXT() REPRESENTATION_CONTEXT('2D SPACE',''
  ) );
#1894 = ORIENTED_EDGE('',*,*,#1895,.T.);
#1895 = EDGE_CURVE('',#1875,#1896,#1898,.T.);
#1896 = VERTEX_POINT('',#1897);
#1897 = CARTESIAN_POINT('',(-5.252641104989,-37.38122338049,-5.));
#1898 = SURFACE_CURVE('',#1899,(#1903,#1909),.PCURVE_S1.);
#1899 = LINE('',#1900,#1901);
#1900 = CARTESIAN_POINT('',(-17.5,-30.31,-5.));
#1901 = VECTOR('',#1902,1.);
#1902 = DIRECTION('',(0.866019052629,-0.500011000363,0.));
#1903 = PCURVE('',#93,#1904);
#1904 = DEFINITIONAL_REPRESENTATION('',(#1905),#1908);
#1905 = B_SPLINE_CURVE_WITH_KNOTS('',1,(#1906,#1907),.UNSPECIFIED.,.F.,
  .F.,(2,2),(-15.,15.),.PIECEWISE_BEZIER_KNOTS.);
#1906 = CARTESIAN_POINT('',(-30.49028578943,-22.80983499455));
#1907 = CARTESIAN_POINT('',(-4.509714210569,-37.81016500544));
#1908 = ( GEOMETRIC_REPRESENTATION_CONTEXT(2) 
PARAMETRIC_REPRESENTATION_CONTEXT() REPRESENTATION_CONTEXT('2D SPACE',''
  ) );
#1909 = PCURVE('',#207,#1910);
#1910 = DEFINITIONAL_REPRESENTATION('',(#1911),#1914);
#1911 = B_SPLINE_CURVE_WITH_KNOTS('',1,(#1912,#1913),.UNSPECIFIED.,.F.,
  .F.,(2,2),(-15.,15.),.PIECEWISE_BEZIER_KNOTS.);
#1912 = CARTESIAN_POINT('',(15.,5.));
#1913 = CARTESIAN_POINT('',(-15.,5.));
#1914 = ( GEOMETRIC_REPRESENTATION_CONTEXT(2) 
PARAMETRIC_REPRESENTATION_CONTEXT() REPRESENTATION_CONTEXT('2D SPACE',''
  ) );
#1915 = ORIENTED_EDGE('',*,*,#1916,.T.);
#1916 = EDGE_CURVE('',#1896,#1917,#1919,.T.);
#1917 = VERTEX_POINT('',#1918);
#1918 = CARTESIAN_POINT('',(-7.752641104989,-41.71122338049,-5.));
#1919 = SURFACE_CURVE('',#1920,(#1924,#1930),.PCURVE_S1.);
#1920 = LINE('',#1921,#1922);
#1921 = CARTESIAN_POINT('',(-5.252641104989,-37.38122338049,-5.));
#1922 = VECTOR('',#1923,1.);
#1923 = DIRECTION('',(-0.500011000363,-0.866019052629,0.));
#1924 = PCURVE('',#93,#1925);
#1925 = DEFINITIONAL_REPRESENTATION('',(#1926),#1929);
#1926 = B_SPLINE_CURVE_WITH_KNOTS('',1,(#1927,#1928),.UNSPECIFIED.,.F.,
  .F.,(2,2),(-6.000000015638E-07,69.99846058306),
  .PIECEWISE_BEZIER_KNOTS.);
#1927 = CARTESIAN_POINT('',(-5.252640804983,-37.38122286088));
#1928 = CARTESIAN_POINT('',(-40.25264140499,-98.0012239001));
#1929 = ( GEOMETRIC_REPRESENTATION_CONTEXT(2) 
PARAMETRIC_REPRESENTATION_CONTEXT() REPRESENTATION_CONTEXT('2D SPACE',''
  ) );
#1930 = PCURVE('',#181,#1931);
#1931 = DEFINITIONAL_REPRESENTATION('',(#1932),#1935);
#1932 = B_SPLINE_CURVE_WITH_KNOTS('',1,(#1933,#1934),.UNSPECIFIED.,.F.,
  .F.,(2,2),(-6.000000015638E-07,69.99846058306),
  .PIECEWISE_BEZIER_KNOTS.);
#1933 = CARTESIAN_POINT('',(2.801755744136,-5.999999997875E-07));
#1934 = CARTESIAN_POINT('',(2.801755744136,69.99846058306));
#1935 = ( GEOMETRIC_REPRESENTATION_CONTEXT(2) 
PARAMETRIC_REPRESENTATION_CONTEXT() REPRESENTATION_CONTEXT('2D SPACE',''
  ) );
#1936 = ORIENTED_EDGE('',*,*,#1937,.T.);
#1937 = EDGE_CURVE('',#1917,#1938,#1940,.T.);
#1938 = VERTEX_POINT('',#1939);
#1939 = CARTESIAN_POINT('',(-5.928855914595,-42.76421713937,-5.));
#1940 = SURFACE_CURVE('',#1941,(#1945,#1951),.PCURVE_S1.);
#1941 = LINE('',#1942,#1943);
#1942 = CARTESIAN_POINT('',(-20.,-34.64,-5.));
#1943 = VECTOR('',#1944,1.);
#1944 = DIRECTION('',(0.866019052629,-0.500011000363,0.));
#1945 = PCURVE('',#93,#1946);
#1946 = DEFINITIONAL_REPRESENTATION('',(#1947),#1950);
#1947 = B_SPLINE_CURVE_WITH_KNOTS('',1,(#1948,#1949),.UNSPECIFIED.,.F.,
  .F.,(2,2),(-17.,17.),.PIECEWISE_BEZIER_KNOTS.);
#1948 = CARTESIAN_POINT('',(-34.72232389468,-26.13981299382));
#1949 = CARTESIAN_POINT('',(-5.277676105311,-43.14018700617));
#1950 = ( GEOMETRIC_REPRESENTATION_CONTEXT(2) 
PARAMETRIC_REPRESENTATION_CONTEXT() REPRESENTATION_CONTEXT('2D SPACE',''
  ) );
#1951 = PCURVE('',#1863,#1952);
#1952 = DEFINITIONAL_REPRESENTATION('',(#1953),#1956);
#1953 = B_SPLINE_CURVE_WITH_KNOTS('',1,(#1954,#1955),.UNSPECIFIED.,.F.,
  .F.,(2,2),(-17.,17.),.PIECEWISE_BEZIER_KNOTS.);
#1954 = CARTESIAN_POINT('',(17.,5.));
#1955 = CARTESIAN_POINT('',(-17.,5.));
#1956 = ( GEOMETRIC_REPRESENTATION_CONTEXT(2) 
PARAMETRIC_REPRESENTATION_CONTEXT() REPRESENTATION_CONTEXT('2D SPACE',''
  ) );
#1957 = ORIENTED_EDGE('',*,*,#1958,.T.);
#1958 = EDGE_CURVE('',#1938,#1959,#1961,.T.);
#1959 = VERTEX_POINT('',#1960);
#1960 = CARTESIAN_POINT('',(-35.92885591459,-94.72421713937,-5.));
#1961 = SURFACE_CURVE('',#1962,(#1966,#1972),.PCURVE_S1.);
#1962 = LINE('',#1963,#1964);
#1963 = CARTESIAN_POINT('',(-5.928855914595,-42.76421713937,-5.));
#1964 = VECTOR('',#1965,1.);
#1965 = DIRECTION('',(-0.500011000363,-0.866019052629,0.));
#1966 = PCURVE('',#93,#1967);
#1967 = DEFINITIONAL_REPRESENTATION('',(#1968),#1971);
#1968 = B_SPLINE_CURVE_WITH_KNOTS('',1,(#1969,#1970),.UNSPECIFIED.,.F.,
  .F.,(2,2),(-6.000000015638E-07,59.99868058548),
  .PIECEWISE_BEZIER_KNOTS.);
#1969 = CARTESIAN_POINT('',(-5.928855614589,-42.76421661976));
#1970 = CARTESIAN_POINT('',(-35.9288562146,-94.72421765899));
#1971 = ( GEOMETRIC_REPRESENTATION_CONTEXT(2) 
PARAMETRIC_REPRESENTATION_CONTEXT() REPRESENTATION_CONTEXT('2D SPACE',''
  ) );
#1972 = PCURVE('',#1837,#1973);
#1973 = DEFINITIONAL_REPRESENTATION('',(#1974),#1977);
#1974 = B_SPLINE_CURVE_WITH_KNOTS('',1,(#1975,#1976),.UNSPECIFIED.,.F.,
  .F.,(2,2),(-6.000000015638E-07,59.99868058548),
  .PIECEWISE_BEZIER_KNOTS.);
#1975 = CARTESIAN_POINT('',(2.843060452405,-5.999999997875E-07));
#1976 = CARTESIAN_POINT('',(2.843060452405,59.99868058548));
#1977 = ( GEOMETRIC_REPRESENTATION_CONTEXT(2) 
PARAMETRIC_REPRESENTATION_CONTEXT() REPRESENTATION_CONTEXT('2D SPACE',''
  ) );
#1978 = ORIENTED_EDGE('',*,*,#1979,.F.);
#1979 = EDGE_CURVE('',#1980,#1959,#1982,.T.);
#1980 = VERTEX_POINT('',#1981);
#1981 = CARTESIAN_POINT('',(-37.75264110498,-93.67122338049,-5.));
#1982 = SURFACE_CURVE('',#1983,(#1987,#1993),.PCURVE_S1.);
#1983 = LINE('',#1984,#1985);
#1984 = CARTESIAN_POINT('',(-50.,-86.6,-5.));
#1985 = VECTOR('',#1986,1.);
#1986 = DIRECTION('',(0.866019052629,-0.500011000363,0.));
#1987 = PCURVE('',#93,#1988);
#1988 = DEFINITIONAL_REPRESENTATION('',(#1989),#1992);
#1989 = B_SPLINE_CURVE_WITH_KNOTS('',1,(#1990,#1991),.UNSPECIFIED.,.F.,
  .F.,(2,2),(-17.,17.),.PIECEWISE_BEZIER_KNOTS.);
#1990 = CARTESIAN_POINT('',(-64.72232389468,-78.09981299382));
#1991 = CARTESIAN_POINT('',(-35.27767610531,-95.10018700617));
#1992 = ( GEOMETRIC_REPRESENTATION_CONTEXT(2) 
PARAMETRIC_REPRESENTATION_CONTEXT() REPRESENTATION_CONTEXT('2D SPACE',''
  ) );
#1993 = PCURVE('',#1994,#1999);
#1994 = PLANE('',#1995);
#1995 = AXIS2_PLACEMENT_3D('',#1996,#1997,#1998);
#1996 = CARTESIAN_POINT('',(-50.,-86.6,0.));
#1997 = DIRECTION('',(-0.500011000363,-0.866019052629,0.));
#1998 = DIRECTION('',(-0.866019052629,0.500011000363,0.));
#1999 = DEFINITIONAL_REPRESENTATION('',(#2000),#2003);
#2000 = B_SPLINE_CURVE_WITH_KNOTS('',1,(#2001,#2002),.UNSPECIFIED.,.F.,
  .F.,(2,2),(-17.,17.),.PIECEWISE_BEZIER_KNOTS.);
#2001 = CARTESIAN_POINT('',(17.,5.));
#2002 = CARTESIAN_POINT('',(-17.,5.));
#2003 = ( GEOMETRIC_REPRESENTATION_CONTEXT(2) 
PARAMETRIC_REPRESENTATION_CONTEXT() REPRESENTATION_CONTEXT('2D SPACE',''
  ) );
#2004 = ORIENTED_EDGE('',*,*,#2005,.T.);
#2005 = EDGE_CURVE('',#1980,#2006,#2008,.T.);
#2006 = VERTEX_POINT('',#2007);
#2007 = CARTESIAN_POINT('',(-40.25264110498,-98.00122338049,-5.));
#2008 = SURFACE_CURVE('',#2009,(#2013,#2019),.PCURVE_S1.);
#2009 = LINE('',#2010,#2011);
#2010 = CARTESIAN_POINT('',(-5.252641104989,-37.38122338049,-5.));
#2011 = VECTOR('',#2012,1.);
#2012 = DIRECTION('',(-0.500011000363,-0.866019052629,0.));
#2013 = PCURVE('',#93,#2014);
#2014 = DEFINITIONAL_REPRESENTATION('',(#2015),#2018);
#2015 = B_SPLINE_CURVE_WITH_KNOTS('',1,(#2016,#2017),.UNSPECIFIED.,.F.,
  .F.,(2,2),(-6.000000015638E-07,69.99846058306),
  .PIECEWISE_BEZIER_KNOTS.);
#2016 = CARTESIAN_POINT('',(-5.252640804983,-37.38122286088));
#2017 = CARTESIAN_POINT('',(-40.25264140499,-98.0012239001));
#2018 = ( GEOMETRIC_REPRESENTATION_CONTEXT(2) 
PARAMETRIC_REPRESENTATION_CONTEXT() REPRESENTATION_CONTEXT('2D SPACE',''
  ) );
#2019 = PCURVE('',#181,#2020);
#2020 = DEFINITIONAL_REPRESENTATION('',(#2021),#2024);
#2021 = B_SPLINE_CURVE_WITH_KNOTS('',1,(#2022,#2023),.UNSPECIFIED.,.F.,
  .F.,(2,2),(-6.000000015638E-07,69.99846058306),
  .PIECEWISE_BEZIER_KNOTS.);
#2022 = CARTESIAN_POINT('',(2.801755744136,-5.999999997875E-07));
#2023 = CARTESIAN_POINT('',(2.801755744136,69.99846058306));
#2024 = ( GEOMETRIC_REPRESENTATION_CONTEXT(2) 
PARAMETRIC_REPRESENTATION_CONTEXT() REPRESENTATION_CONTEXT('2D SPACE',''
  ) );
#2025 = ORIENTED_EDGE('',*,*,#2026,.F.);
#2026 = EDGE_CURVE('',#2027,#2006,#2029,.T.);
#2027 = VERTEX_POINT('',#2028);
#2028 = CARTESIAN_POINT('',(-64.74735889501,-83.8587766195,-5.));
#2029 = SURFACE_CURVE('',#2030,(#2034,#2040),.PCURVE_S1.);
#2030 = LINE('',#2031,#2032);
#2031 = CARTESIAN_POINT('',(-52.5,-90.93,-5.));
#2032 = VECTOR('',#2033,1.);
#2033 = DIRECTION('',(0.866019052629,-0.500011000363,0.));
#2034 = PCURVE('',#93,#2035);
#2035 = DEFINITIONAL_REPRESENTATION('',(#2036),#2039);
#2036 = B_SPLINE_CURVE_WITH_KNOTS('',1,(#2037,#2038),.UNSPECIFIED.,.F.,
  .F.,(2,2),(-15.,15.),.PIECEWISE_BEZIER_KNOTS.);
#2037 = CARTESIAN_POINT('',(-65.49028578943,-83.42983499455));
#2038 = CARTESIAN_POINT('',(-39.50971421056,-98.43016500544));
#2039 = ( GEOMETRIC_REPRESENTATION_CONTEXT(2) 
PARAMETRIC_REPRESENTATION_CONTEXT() REPRESENTATION_CONTEXT('2D SPACE',''
  ) );
#2040 = PCURVE('',#343,#2041);
#2041 = DEFINITIONAL_REPRESENTATION('',(#2042),#2045);
#2042 = B_SPLINE_CURVE_WITH_KNOTS('',1,(#2043,#2044),.UNSPECIFIED.,.F.,
  .F.,(2,2),(-15.,15.),.PIECEWISE_BEZIER_KNOTS.);
#2043 = CARTESIAN_POINT('',(15.,5.));
#2044 = CARTESIAN_POINT('',(-15.,5.));
#2045 = ( GEOMETRIC_REPRESENTATION_CONTEXT(2) 
PARAMETRIC_REPRESENTATION_CONTEXT() REPRESENTATION_CONTEXT('2D SPACE',''
  ) );
#2046 = ORIENTED_EDGE('',*,*,#2047,.F.);
#2047 = EDGE_CURVE('',#2048,#2027,#2050,.T.);
#2048 = VERTEX_POINT('',#2049);
#2049 = CARTESIAN_POINT('',(-62.24735889501,-79.5287766195,-5.));
#2050 = SURFACE_CURVE('',#2051,(#2055,#2061),.PCURVE_S1.);
#2051 = LINE('',#2052,#2053);
#2052 = CARTESIAN_POINT('',(-29.74735889501,-23.2387766195,-5.));
#2053 = VECTOR('',#2054,1.);
#2054 = DIRECTION('',(-0.500011000363,-0.866019052629,0.));
#2055 = PCURVE('',#93,#2056);
#2056 = DEFINITIONAL_REPRESENTATION('',(#2057),#2060);
#2057 = B_SPLINE_CURVE_WITH_KNOTS('',1,(#2058,#2059),.UNSPECIFIED.,.F.,
  .F.,(2,2),(-5.999999984871E-07,69.99846058306),
  .PIECEWISE_BEZIER_KNOTS.);
#2058 = CARTESIAN_POINT('',(-29.747358595,-23.23877609989));
#2059 = CARTESIAN_POINT('',(-64.74735919501,-83.85877713912));
#2060 = ( GEOMETRIC_REPRESENTATION_CONTEXT(2) 
PARAMETRIC_REPRESENTATION_CONTEXT() REPRESENTATION_CONTEXT('2D SPACE',''
  ) );
#2061 = PCURVE('',#181,#2062);
#2062 = DEFINITIONAL_REPRESENTATION('',(#2063),#2066);
#2063 = B_SPLINE_CURVE_WITH_KNOTS('',1,(#2064,#2065),.UNSPECIFIED.,.F.,
  .F.,(2,2),(-5.999999984871E-07,69.99846058306),
  .PIECEWISE_BEZIER_KNOTS.);
#2064 = CARTESIAN_POINT('',(0.339836909454,-6.000000002635E-07));
#2065 = CARTESIAN_POINT('',(0.339836909454,69.99846058306));
#2066 = ( GEOMETRIC_REPRESENTATION_CONTEXT(2) 
PARAMETRIC_REPRESENTATION_CONTEXT() REPRESENTATION_CONTEXT('2D SPACE',''
  ) );
#2067 = ORIENTED_EDGE('',*,*,#2068,.F.);
#2068 = EDGE_CURVE('',#1823,#2048,#2069,.T.);
#2069 = SURFACE_CURVE('',#2070,(#2074,#2080),.PCURVE_S1.);
#2070 = LINE('',#2071,#2072);
#2071 = CARTESIAN_POINT('',(-50.,-86.6,-5.));
#2072 = VECTOR('',#2073,1.);
#2073 = DIRECTION('',(0.866019052629,-0.500011000363,0.));
#2074 = PCURVE('',#93,#2075);
#2075 = DEFINITIONAL_REPRESENTATION('',(#2076),#2079);
#2076 = B_SPLINE_CURVE_WITH_KNOTS('',1,(#2077,#2078),.UNSPECIFIED.,.F.,
  .F.,(2,2),(-17.,17.),.PIECEWISE_BEZIER_KNOTS.);
#2077 = CARTESIAN_POINT('',(-64.72232389468,-78.09981299382));
#2078 = CARTESIAN_POINT('',(-35.27767610531,-95.10018700617));
#2079 = ( GEOMETRIC_REPRESENTATION_CONTEXT(2) 
PARAMETRIC_REPRESENTATION_CONTEXT() REPRESENTATION_CONTEXT('2D SPACE',''
  ) );
#2080 = PCURVE('',#1994,#2081);
#2081 = DEFINITIONAL_REPRESENTATION('',(#2082),#2085);
#2082 = B_SPLINE_CURVE_WITH_KNOTS('',1,(#2083,#2084),.UNSPECIFIED.,.F.,
  .F.,(2,2),(-17.,17.),.PIECEWISE_BEZIER_KNOTS.);
#2083 = CARTESIAN_POINT('',(17.,5.));
#2084 = CARTESIAN_POINT('',(-17.,5.));
#2085 = ( GEOMETRIC_REPRESENTATION_CONTEXT(2) 
PARAMETRIC_REPRESENTATION_CONTEXT() REPRESENTATION_CONTEXT('2D SPACE',''
  ) );
#2086 = FACE_BOUND('',#2087,.F.);
#2087 = EDGE_LOOP('',(#2088,#2116,#2142,#2163,#2184,#2205,#2226,#2247,
    #2273,#2294,#2315,#2336));
#2088 = ORIENTED_EDGE('',*,*,#2089,.F.);
#2089 = EDGE_CURVE('',#2090,#2092,#2094,.T.);
#2090 = VERTEX_POINT('',#2091);
#2091 = CARTESIAN_POINT('',(-40.,16.248076809272,-5.));
#2092 = VERTEX_POINT('',#2093);
#2093 = CARTESIAN_POINT('',(-100.,16.248076809272,-5.));
#2094 = SURFACE_CURVE('',#2095,(#2099,#2105),.PCURVE_S1.);
#2095 = LINE('',#2096,#2097);
#2096 = CARTESIAN_POINT('',(-40.,16.248076809272,-5.));
#2097 = VECTOR('',#2098,1.);
#2098 = DIRECTION('',(-1.,0.,0.));
#2099 = PCURVE('',#93,#2100);
#2100 = DEFINITIONAL_REPRESENTATION('',(#2101),#2104);
#2101 = B_SPLINE_CURVE_WITH_KNOTS('',1,(#2102,#2103),.UNSPECIFIED.,.F.,
  .F.,(2,2),(-5.999999999062E-07,60.0000006),.PIECEWISE_BEZIER_KNOTS.);
#2102 = CARTESIAN_POINT('',(-39.9999994,16.248076809272));
#2103 = CARTESIAN_POINT('',(-100.0000006,16.248076809272));
#2104 = ( GEOMETRIC_REPRESENTATION_CONTEXT(2) 
PARAMETRIC_REPRESENTATION_CONTEXT() REPRESENTATION_CONTEXT('2D SPACE',''
  ) );
#2105 = PCURVE('',#2106,#2111);
#2106 = CYLINDRICAL_SURFACE('',#2107,17.);
#2107 = AXIS2_PLACEMENT_3D('',#2108,#2109,#2110);
#2108 = CARTESIAN_POINT('',(-40.,0.,0.));
#2109 = DIRECTION('',(-1.,0.,0.));
#2110 = DIRECTION('',(0.,0.,-1.));
#2111 = DEFINITIONAL_REPRESENTATION('',(#2112),#2115);
#2112 = B_SPLINE_CURVE_WITH_KNOTS('',1,(#2113,#2114),.UNSPECIFIED.,.F.,
  .F.,(2,2),(-0.,60.),.PIECEWISE_BEZIER_KNOTS.);
#2113 = CARTESIAN_POINT('',(5.01092118157,0.));
#2114 = CARTESIAN_POINT('',(5.01092118157,60.));
#2115 = ( GEOMETRIC_REPRESENTATION_CONTEXT(2) 
PARAMETRIC_REPRESENTATION_CONTEXT() REPRESENTATION_CONTEXT('2D SPACE',''
  ) );
#2116 = ORIENTED_EDGE('',*,*,#2117,.T.);
#2117 = EDGE_CURVE('',#2090,#2118,#2120,.T.);
#2118 = VERTEX_POINT('',#2119);
#2119 = CARTESIAN_POINT('',(-40.,14.142135623731,-5.));
#2120 = SURFACE_CURVE('',#2121,(#2125,#2131),.PCURVE_S1.);
#2121 = LINE('',#2122,#2123);
#2122 = CARTESIAN_POINT('',(-40.,0.,-5.));
#2123 = VECTOR('',#2124,1.);
#2124 = DIRECTION('',(0.,-1.,0.));
#2125 = PCURVE('',#93,#2126);
#2126 = DEFINITIONAL_REPRESENTATION('',(#2127),#2130);
#2127 = B_SPLINE_CURVE_WITH_KNOTS('',1,(#2128,#2129),.UNSPECIFIED.,.F.,
  .F.,(2,2),(-17.,17.),.PIECEWISE_BEZIER_KNOTS.);
#2128 = CARTESIAN_POINT('',(-40.,17.));
#2129 = CARTESIAN_POINT('',(-40.,-17.));
#2130 = ( GEOMETRIC_REPRESENTATION_CONTEXT(2) 
PARAMETRIC_REPRESENTATION_CONTEXT() REPRESENTATION_CONTEXT('2D SPACE',''
  ) );
#2131 = PCURVE('',#2132,#2137);
#2132 = PLANE('',#2133);
#2133 = AXIS2_PLACEMENT_3D('',#2134,#2135,#2136);
#2134 = CARTESIAN_POINT('',(-40.,0.,0.));
#2135 = DIRECTION('',(-1.,0.,0.));
#2136 = DIRECTION('',(0.,0.,-1.));
#2137 = DEFINITIONAL_REPRESENTATION('',(#2138),#2141);
#2138 = B_SPLINE_CURVE_WITH_KNOTS('',1,(#2139,#2140),.UNSPECIFIED.,.F.,
  .F.,(2,2),(-17.,17.),.PIECEWISE_BEZIER_KNOTS.);
#2139 = CARTESIAN_POINT('',(5.,-17.));
#2140 = CARTESIAN_POINT('',(5.,17.));
#2141 = ( GEOMETRIC_REPRESENTATION_CONTEXT(2) 
PARAMETRIC_REPRESENTATION_CONTEXT() REPRESENTATION_CONTEXT('2D SPACE',''
  ) );
#2142 = ORIENTED_EDGE('',*,*,#2143,.F.);
#2143 = EDGE_CURVE('',#2144,#2118,#2146,.T.);
#2144 = VERTEX_POINT('',#2145);
#2145 = CARTESIAN_POINT('',(-35.,14.142135623731,-5.));
#2146 = SURFACE_CURVE('',#2147,(#2151,#2157),.PCURVE_S1.);
#2147 = LINE('',#2148,#2149);
#2148 = CARTESIAN_POINT('',(-35.,14.142135623731,-5.));
#2149 = VECTOR('',#2150,1.);
#2150 = DIRECTION('',(-1.,0.,0.));
#2151 = PCURVE('',#93,#2152);
#2152 = DEFINITIONAL_REPRESENTATION('',(#2153),#2156);
#2153 = B_SPLINE_CURVE_WITH_KNOTS('',1,(#2154,#2155),.UNSPECIFIED.,.F.,
  .F.,(2,2),(-5.999999999062E-07,70.0000006),.PIECEWISE_BEZIER_KNOTS.);
#2154 = CARTESIAN_POINT('',(-34.9999994,14.142135623731));
#2155 = CARTESIAN_POINT('',(-105.0000006,14.142135623731));
#2156 = ( GEOMETRIC_REPRESENTATION_CONTEXT(2) 
PARAMETRIC_REPRESENTATION_CONTEXT() REPRESENTATION_CONTEXT('2D SPACE',''
  ) );
#2157 = PCURVE('',#465,#2158);
#2158 = DEFINITIONAL_REPRESENTATION('',(#2159),#2162);
#2159 = B_SPLINE_CURVE_WITH_KNOTS('',1,(#2160,#2161),.UNSPECIFIED.,.F.,
  .F.,(2,2),(-5.999999999062E-07,70.0000006),.PIECEWISE_BEZIER_KNOTS.);
#2160 = CARTESIAN_POINT('',(5.052225889839,-5.999999999062E-07));
#2161 = CARTESIAN_POINT('',(5.052225889839,70.0000006));
#2162 = ( GEOMETRIC_REPRESENTATION_CONTEXT(2) 
PARAMETRIC_REPRESENTATION_CONTEXT() REPRESENTATION_CONTEXT('2D SPACE',''
  ) );
#2163 = ORIENTED_EDGE('',*,*,#2164,.T.);
#2164 = EDGE_CURVE('',#2144,#2165,#2167,.T.);
#2165 = VERTEX_POINT('',#2166);
#2166 = CARTESIAN_POINT('',(-35.,-14.14213562373,-5.));
#2167 = SURFACE_CURVE('',#2168,(#2172,#2178),.PCURVE_S1.);
#2168 = LINE('',#2169,#2170);
#2169 = CARTESIAN_POINT('',(-35.,0.,-5.));
#2170 = VECTOR('',#2171,1.);
#2171 = DIRECTION('',(0.,-1.,0.));
#2172 = PCURVE('',#93,#2173);
#2173 = DEFINITIONAL_REPRESENTATION('',(#2174),#2177);
#2174 = B_SPLINE_CURVE_WITH_KNOTS('',1,(#2175,#2176),.UNSPECIFIED.,.F.,
  .F.,(2,2),(-15.,15.),.PIECEWISE_BEZIER_KNOTS.);
#2175 = CARTESIAN_POINT('',(-35.,15.));
#2176 = CARTESIAN_POINT('',(-35.,-15.));
#2177 = ( GEOMETRIC_REPRESENTATION_CONTEXT(2) 
PARAMETRIC_REPRESENTATION_CONTEXT() REPRESENTATION_CONTEXT('2D SPACE',''
  ) );
#2178 = PCURVE('',#491,#2179);
#2179 = DEFINITIONAL_REPRESENTATION('',(#2180),#2183);
#2180 = B_SPLINE_CURVE_WITH_KNOTS('',1,(#2181,#2182),.UNSPECIFIED.,.F.,
  .F.,(2,2),(-15.,15.),.PIECEWISE_BEZIER_KNOTS.);
#2181 = CARTESIAN_POINT('',(5.,-15.));
#2182 = CARTESIAN_POINT('',(5.,15.));
#2183 = ( GEOMETRIC_REPRESENTATION_CONTEXT(2) 
PARAMETRIC_REPRESENTATION_CONTEXT() REPRESENTATION_CONTEXT('2D SPACE',''
  ) );
#2184 = ORIENTED_EDGE('',*,*,#2185,.T.);
#2185 = EDGE_CURVE('',#2165,#2186,#2188,.T.);
#2186 = VERTEX_POINT('',#2187);
#2187 = CARTESIAN_POINT('',(-40.,-14.14213562373,-5.));
#2188 = SURFACE_CURVE('',#2189,(#2193,#2199),.PCURVE_S1.);
#2189 = LINE('',#2190,#2191);
#2190 = CARTESIAN_POINT('',(-35.,-14.14213562373,-5.));
#2191 = VECTOR('',#2192,1.);
#2192 = DIRECTION('',(-1.,0.,0.));
#2193 = PCURVE('',#93,#2194);
#2194 = DEFINITIONAL_REPRESENTATION('',(#2195),#2198);
#2195 = B_SPLINE_CURVE_WITH_KNOTS('',1,(#2196,#2197),.UNSPECIFIED.,.F.,
  .F.,(2,2),(-5.999999999062E-07,70.0000006),.PIECEWISE_BEZIER_KNOTS.);
#2196 = CARTESIAN_POINT('',(-34.9999994,-14.14213562373));
#2197 = CARTESIAN_POINT('',(-105.0000006,-14.14213562373));
#2198 = ( GEOMETRIC_REPRESENTATION_CONTEXT(2) 
PARAMETRIC_REPRESENTATION_CONTEXT() REPRESENTATION_CONTEXT('2D SPACE',''
  ) );
#2199 = PCURVE('',#465,#2200);
#2200 = DEFINITIONAL_REPRESENTATION('',(#2201),#2204);
#2201 = B_SPLINE_CURVE_WITH_KNOTS('',1,(#2202,#2203),.UNSPECIFIED.,.F.,
  .F.,(2,2),(-5.999999999062E-07,70.0000006),.PIECEWISE_BEZIER_KNOTS.);
#2202 = CARTESIAN_POINT('',(1.230959417341,-5.999999999062E-07));
#2203 = CARTESIAN_POINT('',(1.230959417341,70.0000006));
#2204 = ( GEOMETRIC_REPRESENTATION_CONTEXT(2) 
PARAMETRIC_REPRESENTATION_CONTEXT() REPRESENTATION_CONTEXT('2D SPACE',''
  ) );
#2205 = ORIENTED_EDGE('',*,*,#2206,.T.);
#2206 = EDGE_CURVE('',#2186,#2207,#2209,.T.);
#2207 = VERTEX_POINT('',#2208);
#2208 = CARTESIAN_POINT('',(-40.,-16.24807680927,-5.));
#2209 = SURFACE_CURVE('',#2210,(#2214,#2220),.PCURVE_S1.);
#2210 = LINE('',#2211,#2212);
#2211 = CARTESIAN_POINT('',(-40.,0.,-5.));
#2212 = VECTOR('',#2213,1.);
#2213 = DIRECTION('',(0.,-1.,0.));
#2214 = PCURVE('',#93,#2215);
#2215 = DEFINITIONAL_REPRESENTATION('',(#2216),#2219);
#2216 = B_SPLINE_CURVE_WITH_KNOTS('',1,(#2217,#2218),.UNSPECIFIED.,.F.,
  .F.,(2,2),(-17.,17.),.PIECEWISE_BEZIER_KNOTS.);
#2217 = CARTESIAN_POINT('',(-40.,17.));
#2218 = CARTESIAN_POINT('',(-40.,-17.));
#2219 = ( GEOMETRIC_REPRESENTATION_CONTEXT(2) 
PARAMETRIC_REPRESENTATION_CONTEXT() REPRESENTATION_CONTEXT('2D SPACE',''
  ) );
#2220 = PCURVE('',#2132,#2221);
#2221 = DEFINITIONAL_REPRESENTATION('',(#2222),#2225);
#2222 = B_SPLINE_CURVE_WITH_KNOTS('',1,(#2223,#2224),.UNSPECIFIED.,.F.,
  .F.,(2,2),(-17.,17.),.PIECEWISE_BEZIER_KNOTS.);
#2223 = CARTESIAN_POINT('',(5.,-17.));
#2224 = CARTESIAN_POINT('',(5.,17.));
#2225 = ( GEOMETRIC_REPRESENTATION_CONTEXT(2) 
PARAMETRIC_REPRESENTATION_CONTEXT() REPRESENTATION_CONTEXT('2D SPACE',''
  ) );
#2226 = ORIENTED_EDGE('',*,*,#2227,.T.);
#2227 = EDGE_CURVE('',#2207,#2228,#2230,.T.);
#2228 = VERTEX_POINT('',#2229);
#2229 = CARTESIAN_POINT('',(-100.,-16.24807680927,-5.));
#2230 = SURFACE_CURVE('',#2231,(#2235,#2241),.PCURVE_S1.);
#2231 = LINE('',#2232,#2233);
#2232 = CARTESIAN_POINT('',(-40.,-16.24807680927,-5.));
#2233 = VECTOR('',#2234,1.);
#2234 = DIRECTION('',(-1.,0.,0.));
#2235 = PCURVE('',#93,#2236);
#2236 = DEFINITIONAL_REPRESENTATION('',(#2237),#2240);
#2237 = B_SPLINE_CURVE_WITH_KNOTS('',1,(#2238,#2239),.UNSPECIFIED.,.F.,
  .F.,(2,2),(-5.999999999062E-07,60.0000006),.PIECEWISE_BEZIER_KNOTS.);
#2238 = CARTESIAN_POINT('',(-39.9999994,-16.24807680927));
#2239 = CARTESIAN_POINT('',(-100.0000006,-16.24807680927));
#2240 = ( GEOMETRIC_REPRESENTATION_CONTEXT(2) 
PARAMETRIC_REPRESENTATION_CONTEXT() REPRESENTATION_CONTEXT('2D SPACE',''
  ) );
#2241 = PCURVE('',#2106,#2242);
#2242 = DEFINITIONAL_REPRESENTATION('',(#2243),#2246);
#2243 = B_SPLINE_CURVE_WITH_KNOTS('',1,(#2244,#2245),.UNSPECIFIED.,.F.,
  .F.,(2,2),(0.,60.),.PIECEWISE_BEZIER_KNOTS.);
#2244 = CARTESIAN_POINT('',(7.55544943279,0.));
#2245 = CARTESIAN_POINT('',(7.55544943279,60.));
#2246 = ( GEOMETRIC_REPRESENTATION_CONTEXT(2) 
PARAMETRIC_REPRESENTATION_CONTEXT() REPRESENTATION_CONTEXT('2D SPACE',''
  ) );
#2247 = ORIENTED_EDGE('',*,*,#2248,.F.);
#2248 = EDGE_CURVE('',#2249,#2228,#2251,.T.);
#2249 = VERTEX_POINT('',#2250);
#2250 = CARTESIAN_POINT('',(-100.,-14.14213562373,-5.));
#2251 = SURFACE_CURVE('',#2252,(#2256,#2262),.PCURVE_S1.);
#2252 = LINE('',#2253,#2254);
#2253 = CARTESIAN_POINT('',(-100.,0.,-5.));
#2254 = VECTOR('',#2255,1.);
#2255 = DIRECTION('',(0.,-1.,0.));
#2256 = PCURVE('',#93,#2257);
#2257 = DEFINITIONAL_REPRESENTATION('',(#2258),#2261);
#2258 = B_SPLINE_CURVE_WITH_KNOTS('',1,(#2259,#2260),.UNSPECIFIED.,.F.,
  .F.,(2,2),(-17.,17.),.PIECEWISE_BEZIER_KNOTS.);
#2259 = CARTESIAN_POINT('',(-100.,17.));
#2260 = CARTESIAN_POINT('',(-100.,-17.));
#2261 = ( GEOMETRIC_REPRESENTATION_CONTEXT(2) 
PARAMETRIC_REPRESENTATION_CONTEXT() REPRESENTATION_CONTEXT('2D SPACE',''
  ) );
#2262 = PCURVE('',#2263,#2268);
#2263 = PLANE('',#2264);
#2264 = AXIS2_PLACEMENT_3D('',#2265,#2266,#2267);
#2265 = CARTESIAN_POINT('',(-100.,0.,0.));
#2266 = DIRECTION('',(-1.,0.,0.));
#2267 = DIRECTION('',(0.,0.,-1.));
#2268 = DEFINITIONAL_REPRESENTATION('',(#2269),#2272);
#2269 = B_SPLINE_CURVE_WITH_KNOTS('',1,(#2270,#2271),.UNSPECIFIED.,.F.,
  .F.,(2,2),(-17.,17.),.PIECEWISE_BEZIER_KNOTS.);
#2270 = CARTESIAN_POINT('',(5.,-17.));
#2271 = CARTESIAN_POINT('',(5.,17.));
#2272 = ( GEOMETRIC_REPRESENTATION_CONTEXT(2) 
PARAMETRIC_REPRESENTATION_CONTEXT() REPRESENTATION_CONTEXT('2D SPACE',''
  ) );
#2273 = ORIENTED_EDGE('',*,*,#2274,.T.);
#2274 = EDGE_CURVE('',#2249,#2275,#2277,.T.);
#2275 = VERTEX_POINT('',#2276);
#2276 = CARTESIAN_POINT('',(-105.,-14.14213562373,-5.));
#2277 = SURFACE_CURVE('',#2278,(#2282,#2288),.PCURVE_S1.);
#2278 = LINE('',#2279,#2280);
#2279 = CARTESIAN_POINT('',(-35.,-14.14213562373,-5.));
#2280 = VECTOR('',#2281,1.);
#2281 = DIRECTION('',(-1.,0.,0.));
#2282 = PCURVE('',#93,#2283);
#2283 = DEFINITIONAL_REPRESENTATION('',(#2284),#2287);
#2284 = B_SPLINE_CURVE_WITH_KNOTS('',1,(#2285,#2286),.UNSPECIFIED.,.F.,
  .F.,(2,2),(-5.999999999062E-07,70.0000006),.PIECEWISE_BEZIER_KNOTS.);
#2285 = CARTESIAN_POINT('',(-34.9999994,-14.14213562373));
#2286 = CARTESIAN_POINT('',(-105.0000006,-14.14213562373));
#2287 = ( GEOMETRIC_REPRESENTATION_CONTEXT(2) 
PARAMETRIC_REPRESENTATION_CONTEXT() REPRESENTATION_CONTEXT('2D SPACE',''
  ) );
#2288 = PCURVE('',#465,#2289);
#2289 = DEFINITIONAL_REPRESENTATION('',(#2290),#2293);
#2290 = B_SPLINE_CURVE_WITH_KNOTS('',1,(#2291,#2292),.UNSPECIFIED.,.F.,
  .F.,(2,2),(-5.999999999062E-07,70.0000006),.PIECEWISE_BEZIER_KNOTS.);
#2291 = CARTESIAN_POINT('',(1.230959417341,-5.999999999062E-07));
#2292 = CARTESIAN_POINT('',(1.230959417341,70.0000006));
#2293 = ( GEOMETRIC_REPRESENTATION_CONTEXT(2) 
PARAMETRIC_REPRESENTATION_CONTEXT() REPRESENTATION_CONTEXT('2D SPACE',''
  ) );
#2294 = ORIENTED_EDGE('',*,*,#2295,.F.);
#2295 = EDGE_CURVE('',#2296,#2275,#2298,.T.);
#2296 = VERTEX_POINT('',#2297);
#2297 = CARTESIAN_POINT('',(-105.,14.142135623731,-5.));
#2298 = SURFACE_CURVE('',#2299,(#2303,#2309),.PCURVE_S1.);
#2299 = LINE('',#2300,#2301);
#2300 = CARTESIAN_POINT('',(-105.,0.,-5.));
#2301 = VECTOR('',#2302,1.);
#2302 = DIRECTION('',(0.,-1.,0.));
#2303 = PCURVE('',#93,#2304);
#2304 = DEFINITIONAL_REPRESENTATION('',(#2305),#2308);
#2305 = B_SPLINE_CURVE_WITH_KNOTS('',1,(#2306,#2307),.UNSPECIFIED.,.F.,
  .F.,(2,2),(-15.,15.),.PIECEWISE_BEZIER_KNOTS.);
#2306 = CARTESIAN_POINT('',(-105.,15.));
#2307 = CARTESIAN_POINT('',(-105.,-15.));
#2308 = ( GEOMETRIC_REPRESENTATION_CONTEXT(2) 
PARAMETRIC_REPRESENTATION_CONTEXT() REPRESENTATION_CONTEXT('2D SPACE',''
  ) );
#2309 = PCURVE('',#627,#2310);
#2310 = DEFINITIONAL_REPRESENTATION('',(#2311),#2314);
#2311 = B_SPLINE_CURVE_WITH_KNOTS('',1,(#2312,#2313),.UNSPECIFIED.,.F.,
  .F.,(2,2),(-15.,15.),.PIECEWISE_BEZIER_KNOTS.);
#2312 = CARTESIAN_POINT('',(5.,-15.));
#2313 = CARTESIAN_POINT('',(5.,15.));
#2314 = ( GEOMETRIC_REPRESENTATION_CONTEXT(2) 
PARAMETRIC_REPRESENTATION_CONTEXT() REPRESENTATION_CONTEXT('2D SPACE',''
  ) );
#2315 = ORIENTED_EDGE('',*,*,#2316,.F.);
#2316 = EDGE_CURVE('',#2317,#2296,#2319,.T.);
#2317 = VERTEX_POINT('',#2318);
#2318 = CARTESIAN_POINT('',(-100.,14.142135623731,-5.));
#2319 = SURFACE_CURVE('',#2320,(#2324,#2330),.PCURVE_S1.);
#2320 = LINE('',#2321,#2322);
#2321 = CARTESIAN_POINT('',(-35.,14.142135623731,-5.));
#2322 = VECTOR('',#2323,1.);
#2323 = DIRECTION('',(-1.,0.,0.));
#2324 = PCURVE('',#93,#2325);
#2325 = DEFINITIONAL_REPRESENTATION('',(#2326),#2329);
#2326 = B_SPLINE_CURVE_WITH_KNOTS('',1,(#2327,#2328),.UNSPECIFIED.,.F.,
  .F.,(2,2),(-5.999999999062E-07,70.0000006),.PIECEWISE_BEZIER_KNOTS.);
#2327 = CARTESIAN_POINT('',(-34.9999994,14.142135623731));
#2328 = CARTESIAN_POINT('',(-105.0000006,14.142135623731));
#2329 = ( GEOMETRIC_REPRESENTATION_CONTEXT(2) 
PARAMETRIC_REPRESENTATION_CONTEXT() REPRESENTATION_CONTEXT('2D SPACE',''
  ) );
#2330 = PCURVE('',#465,#2331);
#2331 = DEFINITIONAL_REPRESENTATION('',(#2332),#2335);
#2332 = B_SPLINE_CURVE_WITH_KNOTS('',1,(#2333,#2334),.UNSPECIFIED.,.F.,
  .F.,(2,2),(-5.999999999062E-07,70.0000006),.PIECEWISE_BEZIER_KNOTS.);
#2333 = CARTESIAN_POINT('',(5.052225889839,-5.999999999062E-07));
#2334 = CARTESIAN_POINT('',(5.052225889839,70.0000006));
#2335 = ( GEOMETRIC_REPRESENTATION_CONTEXT(2) 
PARAMETRIC_REPRESENTATION_CONTEXT() REPRESENTATION_CONTEXT('2D SPACE',''
  ) );
#2336 = ORIENTED_EDGE('',*,*,#2337,.F.);
#2337 = EDGE_CURVE('',#2092,#2317,#2338,.T.);
#2338 = SURFACE_CURVE('',#2339,(#2343,#2349),.PCURVE_S1.);
#2339 = LINE('',#2340,#2341);
#2340 = CARTESIAN_POINT('',(-100.,0.,-5.));
#2341 = VECTOR('',#2342,1.);
#2342 = DIRECTION('',(0.,-1.,0.));
#2343 = PCURVE('',#93,#2344);
#2344 = DEFINITIONAL_REPRESENTATION('',(#2345),#2348);
#2345 = B_SPLINE_CURVE_WITH_KNOTS('',1,(#2346,#2347),.UNSPECIFIED.,.F.,
  .F.,(2,2),(-17.,17.),.PIECEWISE_BEZIER_KNOTS.);
#2346 = CARTESIAN_POINT('',(-100.,17.));
#2347 = CARTESIAN_POINT('',(-100.,-17.));
#2348 = ( GEOMETRIC_REPRESENTATION_CONTEXT(2) 
PARAMETRIC_REPRESENTATION_CONTEXT() REPRESENTATION_CONTEXT('2D SPACE',''
  ) );
#2349 = PCURVE('',#2263,#2350);
#2350 = DEFINITIONAL_REPRESENTATION('',(#2351),#2354);
#2351 = B_SPLINE_CURVE_WITH_KNOTS('',1,(#2352,#2353),.UNSPECIFIED.,.F.,
  .F.,(2,2),(-17.,17.),.PIECEWISE_BEZIER_KNOTS.);
#2352 = CARTESIAN_POINT('',(5.,-17.));
#2353 = CARTESIAN_POINT('',(5.,17.));
#2354 = ( GEOMETRIC_REPRESENTATION_CONTEXT(2) 
PARAMETRIC_REPRESENTATION_CONTEXT() REPRESENTATION_CONTEXT('2D SPACE',''
  ) );
#2355 = FACE_BOUND('',#2356,.F.);
#2356 = EDGE_LOOP('',(#2357,#2385,#2411,#2432,#2453,#2474,#2495,#2516,
    #2542,#2563,#2584,#2605));
#2357 = ORIENTED_EDGE('',*,*,#2358,.F.);
#2358 = EDGE_CURVE('',#2359,#2361,#2363,.T.);
#2359 = VERTEX_POINT('',#2360);
#2360 = CARTESIAN_POINT('',(5.928855914595,-42.76421713937,-5.));
#2361 = VERTEX_POINT('',#2362);
#2362 = CARTESIAN_POINT('',(35.928855914595,-94.72421713937,-5.));
#2363 = SURFACE_CURVE('',#2364,(#2368,#2374),.PCURVE_S1.);
#2364 = LINE('',#2365,#2366);
#2365 = CARTESIAN_POINT('',(5.928855914595,-42.76421713937,-5.));
#2366 = VECTOR('',#2367,1.);
#2367 = DIRECTION('',(0.500011000363,-0.866019052629,0.));
#2368 = PCURVE('',#93,#2369);
#2369 = DEFINITIONAL_REPRESENTATION('',(#2370),#2373);
#2370 = B_SPLINE_CURVE_WITH_KNOTS('',1,(#2371,#2372),.UNSPECIFIED.,.F.,
  .F.,(2,2),(-6.000000015638E-07,59.99868058548),
  .PIECEWISE_BEZIER_KNOTS.);
#2371 = CARTESIAN_POINT('',(5.928855614589,-42.76421661976));
#2372 = CARTESIAN_POINT('',(35.928856214602,-94.72421765899));
#2373 = ( GEOMETRIC_REPRESENTATION_CONTEXT(2) 
PARAMETRIC_REPRESENTATION_CONTEXT() REPRESENTATION_CONTEXT('2D SPACE',''
  ) );
#2374 = PCURVE('',#2375,#2380);
#2375 = CYLINDRICAL_SURFACE('',#2376,17.);
#2376 = AXIS2_PLACEMENT_3D('',#2377,#2378,#2379);
#2377 = CARTESIAN_POINT('',(20.,-34.64,0.));
#2378 = DIRECTION('',(0.500011000363,-0.866019052629,0.));
#2379 = DIRECTION('',(-0.866019052629,-0.500011000363,0.));
#2380 = DEFINITIONAL_REPRESENTATION('',(#2381),#2384);
#2381 = B_SPLINE_CURVE_WITH_KNOTS('',1,(#2382,#2383),.UNSPECIFIED.,.F.,
  .F.,(2,2),(-6.000000015638E-07,59.99868058548),
  .PIECEWISE_BEZIER_KNOTS.);
#2382 = CARTESIAN_POINT('',(0.298532201185,-5.999999997875E-07));
#2383 = CARTESIAN_POINT('',(0.298532201185,59.99868058548));
#2384 = ( GEOMETRIC_REPRESENTATION_CONTEXT(2) 
PARAMETRIC_REPRESENTATION_CONTEXT() REPRESENTATION_CONTEXT('2D SPACE',''
  ) );
#2385 = ORIENTED_EDGE('',*,*,#2386,.T.);
#2386 = EDGE_CURVE('',#2359,#2387,#2389,.T.);
#2387 = VERTEX_POINT('',#2388);
#2388 = CARTESIAN_POINT('',(7.752641104989,-41.71122338049,-5.));
#2389 = SURFACE_CURVE('',#2390,(#2394,#2400),.PCURVE_S1.);
#2390 = LINE('',#2391,#2392);
#2391 = CARTESIAN_POINT('',(20.,-34.64,-5.));
#2392 = VECTOR('',#2393,1.);
#2393 = DIRECTION('',(0.866019052629,0.500011000363,-0.));
#2394 = PCURVE('',#93,#2395);
#2395 = DEFINITIONAL_REPRESENTATION('',(#2396),#2399);
#2396 = B_SPLINE_CURVE_WITH_KNOTS('',1,(#2397,#2398),.UNSPECIFIED.,.F.,
  .F.,(2,2),(-17.,17.),.PIECEWISE_BEZIER_KNOTS.);
#2397 = CARTESIAN_POINT('',(5.277676105311,-43.14018700617));
#2398 = CARTESIAN_POINT('',(34.722323894689,-26.13981299382));
#2399 = ( GEOMETRIC_REPRESENTATION_CONTEXT(2) 
PARAMETRIC_REPRESENTATION_CONTEXT() REPRESENTATION_CONTEXT('2D SPACE',''
  ) );
#2400 = PCURVE('',#2401,#2406);
#2401 = PLANE('',#2402);
#2402 = AXIS2_PLACEMENT_3D('',#2403,#2404,#2405);
#2403 = CARTESIAN_POINT('',(20.,-34.64,0.));
#2404 = DIRECTION('',(0.500011000363,-0.866019052629,0.));
#2405 = DIRECTION('',(-0.866019052629,-0.500011000363,0.));
#2406 = DEFINITIONAL_REPRESENTATION('',(#2407),#2410);
#2407 = B_SPLINE_CURVE_WITH_KNOTS('',1,(#2408,#2409),.UNSPECIFIED.,.F.,
  .F.,(2,2),(-17.,17.),.PIECEWISE_BEZIER_KNOTS.);
#2408 = CARTESIAN_POINT('',(17.,5.));
#2409 = CARTESIAN_POINT('',(-17.,5.));
#2410 = ( GEOMETRIC_REPRESENTATION_CONTEXT(2) 
PARAMETRIC_REPRESENTATION_CONTEXT() REPRESENTATION_CONTEXT('2D SPACE',''
  ) );
#2411 = ORIENTED_EDGE('',*,*,#2412,.F.);
#2412 = EDGE_CURVE('',#2413,#2387,#2415,.T.);
#2413 = VERTEX_POINT('',#2414);
#2414 = CARTESIAN_POINT('',(5.252641104989,-37.38122338049,-5.));
#2415 = SURFACE_CURVE('',#2416,(#2420,#2426),.PCURVE_S1.);
#2416 = LINE('',#2417,#2418);
#2417 = CARTESIAN_POINT('',(5.252641104989,-37.38122338049,-5.));
#2418 = VECTOR('',#2419,1.);
#2419 = DIRECTION('',(0.500011000363,-0.866019052629,0.));
#2420 = PCURVE('',#93,#2421);
#2421 = DEFINITIONAL_REPRESENTATION('',(#2422),#2425);
#2422 = B_SPLINE_CURVE_WITH_KNOTS('',1,(#2423,#2424),.UNSPECIFIED.,.F.,
  .F.,(2,2),(-6.000000015638E-07,69.99846058306),
  .PIECEWISE_BEZIER_KNOTS.);
#2423 = CARTESIAN_POINT('',(5.252640804983,-37.38122286088));
#2424 = CARTESIAN_POINT('',(40.252641404996,-98.0012239001));
#2425 = ( GEOMETRIC_REPRESENTATION_CONTEXT(2) 
PARAMETRIC_REPRESENTATION_CONTEXT() REPRESENTATION_CONTEXT('2D SPACE',''
  ) );
#2426 = PCURVE('',#749,#2427);
#2427 = DEFINITIONAL_REPRESENTATION('',(#2428),#2431);
#2428 = B_SPLINE_CURVE_WITH_KNOTS('',1,(#2429,#2430),.UNSPECIFIED.,.F.,
  .F.,(2,2),(-6.000000015638E-07,69.99846058306),
  .PIECEWISE_BEZIER_KNOTS.);
#2429 = CARTESIAN_POINT('',(0.339836909454,-5.999999997875E-07));
#2430 = CARTESIAN_POINT('',(0.339836909454,69.99846058306));
#2431 = ( GEOMETRIC_REPRESENTATION_CONTEXT(2) 
PARAMETRIC_REPRESENTATION_CONTEXT() REPRESENTATION_CONTEXT('2D SPACE',''
  ) );
#2432 = ORIENTED_EDGE('',*,*,#2433,.T.);
#2433 = EDGE_CURVE('',#2413,#2434,#2436,.T.);
#2434 = VERTEX_POINT('',#2435);
#2435 = CARTESIAN_POINT('',(29.747358895011,-23.2387766195,-5.));
#2436 = SURFACE_CURVE('',#2437,(#2441,#2447),.PCURVE_S1.);
#2437 = LINE('',#2438,#2439);
#2438 = CARTESIAN_POINT('',(17.5,-30.31,-5.));
#2439 = VECTOR('',#2440,1.);
#2440 = DIRECTION('',(0.866019052629,0.500011000363,-0.));
#2441 = PCURVE('',#93,#2442);
#2442 = DEFINITIONAL_REPRESENTATION('',(#2443),#2446);
#2443 = B_SPLINE_CURVE_WITH_KNOTS('',1,(#2444,#2445),.UNSPECIFIED.,.F.,
  .F.,(2,2),(-15.,15.),.PIECEWISE_BEZIER_KNOTS.);
#2444 = CARTESIAN_POINT('',(4.509714210569,-37.81016500544));
#2445 = CARTESIAN_POINT('',(30.490285789431,-22.80983499455));
#2446 = ( GEOMETRIC_REPRESENTATION_CONTEXT(2) 
PARAMETRIC_REPRESENTATION_CONTEXT() REPRESENTATION_CONTEXT('2D SPACE',''
  ) );
#2447 = PCURVE('',#775,#2448);
#2448 = DEFINITIONAL_REPRESENTATION('',(#2449),#2452);
#2449 = B_SPLINE_CURVE_WITH_KNOTS('',1,(#2450,#2451),.UNSPECIFIED.,.F.,
  .F.,(2,2),(-15.,15.),.PIECEWISE_BEZIER_KNOTS.);
#2450 = CARTESIAN_POINT('',(15.,5.));
#2451 = CARTESIAN_POINT('',(-15.,5.));
#2452 = ( GEOMETRIC_REPRESENTATION_CONTEXT(2) 
PARAMETRIC_REPRESENTATION_CONTEXT() REPRESENTATION_CONTEXT('2D SPACE',''
  ) );
#2453 = ORIENTED_EDGE('',*,*,#2454,.T.);
#2454 = EDGE_CURVE('',#2434,#2455,#2457,.T.);
#2455 = VERTEX_POINT('',#2456);
#2456 = CARTESIAN_POINT('',(32.247358895011,-27.5687766195,-5.));
#2457 = SURFACE_CURVE('',#2458,(#2462,#2468),.PCURVE_S1.);
#2458 = LINE('',#2459,#2460);
#2459 = CARTESIAN_POINT('',(29.747358895011,-23.2387766195,-5.));
#2460 = VECTOR('',#2461,1.);
#2461 = DIRECTION('',(0.500011000363,-0.866019052629,0.));
#2462 = PCURVE('',#93,#2463);
#2463 = DEFINITIONAL_REPRESENTATION('',(#2464),#2467);
#2464 = B_SPLINE_CURVE_WITH_KNOTS('',1,(#2465,#2466),.UNSPECIFIED.,.F.,
  .F.,(2,2),(-5.999999984871E-07,69.99846058306),
  .PIECEWISE_BEZIER_KNOTS.);
#2465 = CARTESIAN_POINT('',(29.747358595004,-23.23877609989));
#2466 = CARTESIAN_POINT('',(64.747359195017,-83.85877713912));
#2467 = ( GEOMETRIC_REPRESENTATION_CONTEXT(2) 
PARAMETRIC_REPRESENTATION_CONTEXT() REPRESENTATION_CONTEXT('2D SPACE',''
  ) );
#2468 = PCURVE('',#749,#2469);
#2469 = DEFINITIONAL_REPRESENTATION('',(#2470),#2473);
#2470 = B_SPLINE_CURVE_WITH_KNOTS('',1,(#2471,#2472),.UNSPECIFIED.,.F.,
  .F.,(2,2),(-5.999999984871E-07,69.99846058306),
  .PIECEWISE_BEZIER_KNOTS.);
#2471 = CARTESIAN_POINT('',(2.801755744136,-6.000000002635E-07));
#2472 = CARTESIAN_POINT('',(2.801755744136,69.99846058306));
#2473 = ( GEOMETRIC_REPRESENTATION_CONTEXT(2) 
PARAMETRIC_REPRESENTATION_CONTEXT() REPRESENTATION_CONTEXT('2D SPACE',''
  ) );
#2474 = ORIENTED_EDGE('',*,*,#2475,.T.);
#2475 = EDGE_CURVE('',#2455,#2476,#2478,.T.);
#2476 = VERTEX_POINT('',#2477);
#2477 = CARTESIAN_POINT('',(34.071144085405,-26.51578286062,-5.));
#2478 = SURFACE_CURVE('',#2479,(#2483,#2489),.PCURVE_S1.);
#2479 = LINE('',#2480,#2481);
#2480 = CARTESIAN_POINT('',(20.,-34.64,-5.));
#2481 = VECTOR('',#2482,1.);
#2482 = DIRECTION('',(0.866019052629,0.500011000363,-0.));
#2483 = PCURVE('',#93,#2484);
#2484 = DEFINITIONAL_REPRESENTATION('',(#2485),#2488);
#2485 = B_SPLINE_CURVE_WITH_KNOTS('',1,(#2486,#2487),.UNSPECIFIED.,.F.,
  .F.,(2,2),(-17.,17.),.PIECEWISE_BEZIER_KNOTS.);
#2486 = CARTESIAN_POINT('',(5.277676105311,-43.14018700617));
#2487 = CARTESIAN_POINT('',(34.722323894689,-26.13981299382));
#2488 = ( GEOMETRIC_REPRESENTATION_CONTEXT(2) 
PARAMETRIC_REPRESENTATION_CONTEXT() REPRESENTATION_CONTEXT('2D SPACE',''
  ) );
#2489 = PCURVE('',#2401,#2490);
#2490 = DEFINITIONAL_REPRESENTATION('',(#2491),#2494);
#2491 = B_SPLINE_CURVE_WITH_KNOTS('',1,(#2492,#2493),.UNSPECIFIED.,.F.,
  .F.,(2,2),(-17.,17.),.PIECEWISE_BEZIER_KNOTS.);
#2492 = CARTESIAN_POINT('',(17.,5.));
#2493 = CARTESIAN_POINT('',(-17.,5.));
#2494 = ( GEOMETRIC_REPRESENTATION_CONTEXT(2) 
PARAMETRIC_REPRESENTATION_CONTEXT() REPRESENTATION_CONTEXT('2D SPACE',''
  ) );
#2495 = ORIENTED_EDGE('',*,*,#2496,.T.);
#2496 = EDGE_CURVE('',#2476,#2497,#2499,.T.);
#2497 = VERTEX_POINT('',#2498);
#2498 = CARTESIAN_POINT('',(64.071144085405,-78.47578286062,-5.));
#2499 = SURFACE_CURVE('',#2500,(#2504,#2510),.PCURVE_S1.);
#2500 = LINE('',#2501,#2502);
#2501 = CARTESIAN_POINT('',(34.071144085405,-26.51578286062,-5.));
#2502 = VECTOR('',#2503,1.);
#2503 = DIRECTION('',(0.500011000363,-0.866019052629,0.));
#2504 = PCURVE('',#93,#2505);
#2505 = DEFINITIONAL_REPRESENTATION('',(#2506),#2509);
#2506 = B_SPLINE_CURVE_WITH_KNOTS('',1,(#2507,#2508),.UNSPECIFIED.,.F.,
  .F.,(2,2),(-5.999999967107E-07,59.99868058548),
  .PIECEWISE_BEZIER_KNOTS.);
#2507 = CARTESIAN_POINT('',(34.071143785398,-26.515782341));
#2508 = CARTESIAN_POINT('',(64.071144385411,-78.47578338023));
#2509 = ( GEOMETRIC_REPRESENTATION_CONTEXT(2) 
PARAMETRIC_REPRESENTATION_CONTEXT() REPRESENTATION_CONTEXT('2D SPACE',''
  ) );
#2510 = PCURVE('',#2375,#2511);
#2511 = DEFINITIONAL_REPRESENTATION('',(#2512),#2515);
#2512 = B_SPLINE_CURVE_WITH_KNOTS('',1,(#2513,#2514),.UNSPECIFIED.,.F.,
  .F.,(2,2),(-5.999999967107E-07,59.99868058548),
  .PIECEWISE_BEZIER_KNOTS.);
#2513 = CARTESIAN_POINT('',(2.843060452405,-5.999999993753E-07));
#2514 = CARTESIAN_POINT('',(2.843060452405,59.99868058548));
#2515 = ( GEOMETRIC_REPRESENTATION_CONTEXT(2) 
PARAMETRIC_REPRESENTATION_CONTEXT() REPRESENTATION_CONTEXT('2D SPACE',''
  ) );
#2516 = ORIENTED_EDGE('',*,*,#2517,.F.);
#2517 = EDGE_CURVE('',#2518,#2497,#2520,.T.);
#2518 = VERTEX_POINT('',#2519);
#2519 = CARTESIAN_POINT('',(62.247358895011,-79.5287766195,-5.));
#2520 = SURFACE_CURVE('',#2521,(#2525,#2531),.PCURVE_S1.);
#2521 = LINE('',#2522,#2523);
#2522 = CARTESIAN_POINT('',(50.,-86.6,-5.));
#2523 = VECTOR('',#2524,1.);
#2524 = DIRECTION('',(0.866019052629,0.500011000363,-0.));
#2525 = PCURVE('',#93,#2526);
#2526 = DEFINITIONAL_REPRESENTATION('',(#2527),#2530);
#2527 = B_SPLINE_CURVE_WITH_KNOTS('',1,(#2528,#2529),.UNSPECIFIED.,.F.,
  .F.,(2,2),(-17.,17.),.PIECEWISE_BEZIER_KNOTS.);
#2528 = CARTESIAN_POINT('',(35.277676105311,-95.10018700617));
#2529 = CARTESIAN_POINT('',(64.722323894689,-78.09981299382));
#2530 = ( GEOMETRIC_REPRESENTATION_CONTEXT(2) 
PARAMETRIC_REPRESENTATION_CONTEXT() REPRESENTATION_CONTEXT('2D SPACE',''
  ) );
#2531 = PCURVE('',#2532,#2537);
#2532 = PLANE('',#2533);
#2533 = AXIS2_PLACEMENT_3D('',#2534,#2535,#2536);
#2534 = CARTESIAN_POINT('',(50.,-86.6,0.));
#2535 = DIRECTION('',(0.500011000363,-0.866019052629,0.));
#2536 = DIRECTION('',(-0.866019052629,-0.500011000363,0.));
#2537 = DEFINITIONAL_REPRESENTATION('',(#2538),#2541);
#2538 = B_SPLINE_CURVE_WITH_KNOTS('',1,(#2539,#2540),.UNSPECIFIED.,.F.,
  .F.,(2,2),(-17.,17.),.PIECEWISE_BEZIER_KNOTS.);
#2539 = CARTESIAN_POINT('',(17.,5.));
#2540 = CARTESIAN_POINT('',(-17.,5.));
#2541 = ( GEOMETRIC_REPRESENTATION_CONTEXT(2) 
PARAMETRIC_REPRESENTATION_CONTEXT() REPRESENTATION_CONTEXT('2D SPACE',''
  ) );
#2542 = ORIENTED_EDGE('',*,*,#2543,.T.);
#2543 = EDGE_CURVE('',#2518,#2544,#2546,.T.);
#2544 = VERTEX_POINT('',#2545);
#2545 = CARTESIAN_POINT('',(64.747358895011,-83.8587766195,-5.));
#2546 = SURFACE_CURVE('',#2547,(#2551,#2557),.PCURVE_S1.);
#2547 = LINE('',#2548,#2549);
#2548 = CARTESIAN_POINT('',(29.747358895011,-23.2387766195,-5.));
#2549 = VECTOR('',#2550,1.);
#2550 = DIRECTION('',(0.500011000363,-0.866019052629,0.));
#2551 = PCURVE('',#93,#2552);
#2552 = DEFINITIONAL_REPRESENTATION('',(#2553),#2556);
#2553 = B_SPLINE_CURVE_WITH_KNOTS('',1,(#2554,#2555),.UNSPECIFIED.,.F.,
  .F.,(2,2),(-5.999999984871E-07,69.99846058306),
  .PIECEWISE_BEZIER_KNOTS.);
#2554 = CARTESIAN_POINT('',(29.747358595004,-23.23877609989));
#2555 = CARTESIAN_POINT('',(64.747359195017,-83.85877713912));
#2556 = ( GEOMETRIC_REPRESENTATION_CONTEXT(2) 
PARAMETRIC_REPRESENTATION_CONTEXT() REPRESENTATION_CONTEXT('2D SPACE',''
  ) );
#2557 = PCURVE('',#749,#2558);
#2558 = DEFINITIONAL_REPRESENTATION('',(#2559),#2562);
#2559 = B_SPLINE_CURVE_WITH_KNOTS('',1,(#2560,#2561),.UNSPECIFIED.,.F.,
  .F.,(2,2),(-5.999999984871E-07,69.99846058306),
  .PIECEWISE_BEZIER_KNOTS.);
#2560 = CARTESIAN_POINT('',(2.801755744136,-6.000000002635E-07));
#2561 = CARTESIAN_POINT('',(2.801755744136,69.99846058306));
#2562 = ( GEOMETRIC_REPRESENTATION_CONTEXT(2) 
PARAMETRIC_REPRESENTATION_CONTEXT() REPRESENTATION_CONTEXT('2D SPACE',''
  ) );
#2563 = ORIENTED_EDGE('',*,*,#2564,.F.);
#2564 = EDGE_CURVE('',#2565,#2544,#2567,.T.);
#2565 = VERTEX_POINT('',#2566);
#2566 = CARTESIAN_POINT('',(40.252641104989,-98.00122338049,-5.));
#2567 = SURFACE_CURVE('',#2568,(#2572,#2578),.PCURVE_S1.);
#2568 = LINE('',#2569,#2570);
#2569 = CARTESIAN_POINT('',(52.5,-90.93,-5.));
#2570 = VECTOR('',#2571,1.);
#2571 = DIRECTION('',(0.866019052629,0.500011000363,-0.));
#2572 = PCURVE('',#93,#2573);
#2573 = DEFINITIONAL_REPRESENTATION('',(#2574),#2577);
#2574 = B_SPLINE_CURVE_WITH_KNOTS('',1,(#2575,#2576),.UNSPECIFIED.,.F.,
  .F.,(2,2),(-15.,15.),.PIECEWISE_BEZIER_KNOTS.);
#2575 = CARTESIAN_POINT('',(39.509714210569,-98.43016500544));
#2576 = CARTESIAN_POINT('',(65.490285789431,-83.42983499455));
#2577 = ( GEOMETRIC_REPRESENTATION_CONTEXT(2) 
PARAMETRIC_REPRESENTATION_CONTEXT() REPRESENTATION_CONTEXT('2D SPACE',''
  ) );
#2578 = PCURVE('',#911,#2579);
#2579 = DEFINITIONAL_REPRESENTATION('',(#2580),#2583);
#2580 = B_SPLINE_CURVE_WITH_KNOTS('',1,(#2581,#2582),.UNSPECIFIED.,.F.,
  .F.,(2,2),(-15.,15.),.PIECEWISE_BEZIER_KNOTS.);
#2581 = CARTESIAN_POINT('',(15.,5.));
#2582 = CARTESIAN_POINT('',(-15.,5.));
#2583 = ( GEOMETRIC_REPRESENTATION_CONTEXT(2) 
PARAMETRIC_REPRESENTATION_CONTEXT() REPRESENTATION_CONTEXT('2D SPACE',''
  ) );
#2584 = ORIENTED_EDGE('',*,*,#2585,.F.);
#2585 = EDGE_CURVE('',#2586,#2565,#2588,.T.);
#2586 = VERTEX_POINT('',#2587);
#2587 = CARTESIAN_POINT('',(37.752641104989,-93.67122338049,-5.));
#2588 = SURFACE_CURVE('',#2589,(#2593,#2599),.PCURVE_S1.);
#2589 = LINE('',#2590,#2591);
#2590 = CARTESIAN_POINT('',(5.252641104989,-37.38122338049,-5.));
#2591 = VECTOR('',#2592,1.);
#2592 = DIRECTION('',(0.500011000363,-0.866019052629,0.));
#2593 = PCURVE('',#93,#2594);
#2594 = DEFINITIONAL_REPRESENTATION('',(#2595),#2598);
#2595 = B_SPLINE_CURVE_WITH_KNOTS('',1,(#2596,#2597),.UNSPECIFIED.,.F.,
  .F.,(2,2),(-6.000000015638E-07,69.99846058306),
  .PIECEWISE_BEZIER_KNOTS.);
#2596 = CARTESIAN_POINT('',(5.252640804983,-37.38122286088));
#2597 = CARTESIAN_POINT('',(40.252641404996,-98.0012239001));
#2598 = ( GEOMETRIC_REPRESENTATION_CONTEXT(2) 
PARAMETRIC_REPRESENTATION_CONTEXT() REPRESENTATION_CONTEXT('2D SPACE',''
  ) );
#2599 = PCURVE('',#749,#2600);
#2600 = DEFINITIONAL_REPRESENTATION('',(#2601),#2604);
#2601 = B_SPLINE_CURVE_WITH_KNOTS('',1,(#2602,#2603),.UNSPECIFIED.,.F.,
  .F.,(2,2),(-6.000000015638E-07,69.99846058306),
  .PIECEWISE_BEZIER_KNOTS.);
#2602 = CARTESIAN_POINT('',(0.339836909454,-5.999999997875E-07));
#2603 = CARTESIAN_POINT('',(0.339836909454,69.99846058306));
#2604 = ( GEOMETRIC_REPRESENTATION_CONTEXT(2) 
PARAMETRIC_REPRESENTATION_CONTEXT() REPRESENTATION_CONTEXT('2D SPACE',''
  ) );
#2605 = ORIENTED_EDGE('',*,*,#2606,.F.);
#2606 = EDGE_CURVE('',#2361,#2586,#2607,.T.);
#2607 = SURFACE_CURVE('',#2608,(#2612,#2618),.PCURVE_S1.);
#2608 = LINE('',#2609,#2610);
#2609 = CARTESIAN_POINT('',(50.,-86.6,-5.));
#2610 = VECTOR('',#2611,1.);
#2611 = DIRECTION('',(0.866019052629,0.500011000363,-0.));
#2612 = PCURVE('',#93,#2613);
#2613 = DEFINITIONAL_REPRESENTATION('',(#2614),#2617);
#2614 = B_SPLINE_CURVE_WITH_KNOTS('',1,(#2615,#2616),.UNSPECIFIED.,.F.,
  .F.,(2,2),(-17.,17.),.PIECEWISE_BEZIER_KNOTS.);
#2615 = CARTESIAN_POINT('',(35.277676105311,-95.10018700617));
#2616 = CARTESIAN_POINT('',(64.722323894689,-78.09981299382));
#2617 = ( GEOMETRIC_REPRESENTATION_CONTEXT(2) 
PARAMETRIC_REPRESENTATION_CONTEXT() REPRESENTATION_CONTEXT('2D SPACE',''
  ) );
#2618 = PCURVE('',#2532,#2619);
#2619 = DEFINITIONAL_REPRESENTATION('',(#2620),#2623);
#2620 = B_SPLINE_CURVE_WITH_KNOTS('',1,(#2621,#2622),.UNSPECIFIED.,.F.,
  .F.,(2,2),(-17.,17.),.PIECEWISE_BEZIER_KNOTS.);
#2621 = CARTESIAN_POINT('',(17.,5.));
#2622 = CARTESIAN_POINT('',(-17.,5.));
#2623 = ( GEOMETRIC_REPRESENTATION_CONTEXT(2) 
PARAMETRIC_REPRESENTATION_CONTEXT() REPRESENTATION_CONTEXT('2D SPACE',''
  ) );
#2624 = FACE_BOUND('',#2625,.F.);
#2625 = EDGE_LOOP('',(#2626,#2654,#2680,#2701,#2722,#2743,#2764,#2785,
    #2811,#2832,#2853,#2874));
#2626 = ORIENTED_EDGE('',*,*,#2627,.F.);
#2627 = EDGE_CURVE('',#2628,#2630,#2632,.T.);
#2628 = VERTEX_POINT('',#2629);
#2629 = CARTESIAN_POINT('',(40.,-16.24807680927,-5.));
#2630 = VERTEX_POINT('',#2631);
#2631 = CARTESIAN_POINT('',(100.,-16.24807680927,-5.));
#2632 = SURFACE_CURVE('',#2633,(#2637,#2643),.PCURVE_S1.);
#2633 = LINE('',#2634,#2635);
#2634 = CARTESIAN_POINT('',(40.,-16.24807680927,-5.));
#2635 = VECTOR('',#2636,1.);
#2636 = DIRECTION('',(1.,0.,0.));
#2637 = PCURVE('',#93,#2638);
#2638 = DEFINITIONAL_REPRESENTATION('',(#2639),#2642);
#2639 = B_SPLINE_CURVE_WITH_KNOTS('',1,(#2640,#2641),.UNSPECIFIED.,.F.,
  .F.,(2,2),(-5.999999999062E-07,60.0000006),.PIECEWISE_BEZIER_KNOTS.);
#2640 = CARTESIAN_POINT('',(39.9999994,-16.24807680927));
#2641 = CARTESIAN_POINT('',(100.0000006,-16.24807680927));
#2642 = ( GEOMETRIC_REPRESENTATION_CONTEXT(2) 
PARAMETRIC_REPRESENTATION_CONTEXT() REPRESENTATION_CONTEXT('2D SPACE',''
  ) );
#2643 = PCURVE('',#2644,#2649);
#2644 = CYLINDRICAL_SURFACE('',#2645,17.);
#2645 = AXIS2_PLACEMENT_3D('',#2646,#2647,#2648);
#2646 = CARTESIAN_POINT('',(40.,0.,0.));
#2647 = DIRECTION('',(1.,0.,0.));
#2648 = DIRECTION('',(-0.,0.,1.));
#2649 = DEFINITIONAL_REPRESENTATION('',(#2650),#2653);
#2650 = B_SPLINE_CURVE_WITH_KNOTS('',1,(#2651,#2652),.UNSPECIFIED.,.F.,
  .F.,(2,2),(-5.999999999062E-07,60.0000006),.PIECEWISE_BEZIER_KNOTS.);
#2651 = CARTESIAN_POINT('',(1.86932852798,-5.999999999062E-07));
#2652 = CARTESIAN_POINT('',(1.86932852798,60.0000006));
#2653 = ( GEOMETRIC_REPRESENTATION_CONTEXT(2) 
PARAMETRIC_REPRESENTATION_CONTEXT() REPRESENTATION_CONTEXT('2D SPACE',''
  ) );
#2654 = ORIENTED_EDGE('',*,*,#2655,.T.);
#2655 = EDGE_CURVE('',#2628,#2656,#2658,.T.);
#2656 = VERTEX_POINT('',#2657);
#2657 = CARTESIAN_POINT('',(40.,-14.14213562373,-5.));
#2658 = SURFACE_CURVE('',#2659,(#2663,#2669),.PCURVE_S1.);
#2659 = LINE('',#2660,#2661);
#2660 = CARTESIAN_POINT('',(40.,0.,-5.));
#2661 = VECTOR('',#2662,1.);
#2662 = DIRECTION('',(0.,1.,0.));
#2663 = PCURVE('',#93,#2664);
#2664 = DEFINITIONAL_REPRESENTATION('',(#2665),#2668);
#2665 = B_SPLINE_CURVE_WITH_KNOTS('',1,(#2666,#2667),.UNSPECIFIED.,.F.,
  .F.,(2,2),(-17.,17.),.PIECEWISE_BEZIER_KNOTS.);
#2666 = CARTESIAN_POINT('',(40.,-17.));
#2667 = CARTESIAN_POINT('',(40.,17.));
#2668 = ( GEOMETRIC_REPRESENTATION_CONTEXT(2) 
PARAMETRIC_REPRESENTATION_CONTEXT() REPRESENTATION_CONTEXT('2D SPACE',''
  ) );
#2669 = PCURVE('',#2670,#2675);
#2670 = PLANE('',#2671);
#2671 = AXIS2_PLACEMENT_3D('',#2672,#2673,#2674);
#2672 = CARTESIAN_POINT('',(40.,0.,0.));
#2673 = DIRECTION('',(1.,0.,0.));
#2674 = DIRECTION('',(-0.,0.,1.));
#2675 = DEFINITIONAL_REPRESENTATION('',(#2676),#2679);
#2676 = B_SPLINE_CURVE_WITH_KNOTS('',1,(#2677,#2678),.UNSPECIFIED.,.F.,
  .F.,(2,2),(-17.,17.),.PIECEWISE_BEZIER_KNOTS.);
#2677 = CARTESIAN_POINT('',(-5.,17.));
#2678 = CARTESIAN_POINT('',(-5.,-17.));
#2679 = ( GEOMETRIC_REPRESENTATION_CONTEXT(2) 
PARAMETRIC_REPRESENTATION_CONTEXT() REPRESENTATION_CONTEXT('2D SPACE',''
  ) );
#2680 = ORIENTED_EDGE('',*,*,#2681,.F.);
#2681 = EDGE_CURVE('',#2682,#2656,#2684,.T.);
#2682 = VERTEX_POINT('',#2683);
#2683 = CARTESIAN_POINT('',(35.,-14.14213562373,-5.));
#2684 = SURFACE_CURVE('',#2685,(#2689,#2695),.PCURVE_S1.);
#2685 = LINE('',#2686,#2687);
#2686 = CARTESIAN_POINT('',(35.,-14.14213562373,-5.));
#2687 = VECTOR('',#2688,1.);
#2688 = DIRECTION('',(1.,0.,0.));
#2689 = PCURVE('',#93,#2690);
#2690 = DEFINITIONAL_REPRESENTATION('',(#2691),#2694);
#2691 = B_SPLINE_CURVE_WITH_KNOTS('',1,(#2692,#2693),.UNSPECIFIED.,.F.,
  .F.,(2,2),(-5.999999999062E-07,70.0000006),.PIECEWISE_BEZIER_KNOTS.);
#2692 = CARTESIAN_POINT('',(34.9999994,-14.14213562373));
#2693 = CARTESIAN_POINT('',(105.0000006,-14.14213562373));
#2694 = ( GEOMETRIC_REPRESENTATION_CONTEXT(2) 
PARAMETRIC_REPRESENTATION_CONTEXT() REPRESENTATION_CONTEXT('2D SPACE',''
  ) );
#2695 = PCURVE('',#1033,#2696);
#2696 = DEFINITIONAL_REPRESENTATION('',(#2697),#2700);
#2697 = B_SPLINE_CURVE_WITH_KNOTS('',1,(#2698,#2699),.UNSPECIFIED.,.F.,
  .F.,(2,2),(-5.999999999062E-07,70.0000006),.PIECEWISE_BEZIER_KNOTS.);
#2698 = CARTESIAN_POINT('',(1.910633236249,-5.999999999062E-07));
#2699 = CARTESIAN_POINT('',(1.910633236249,70.0000006));
#2700 = ( GEOMETRIC_REPRESENTATION_CONTEXT(2) 
PARAMETRIC_REPRESENTATION_CONTEXT() REPRESENTATION_CONTEXT('2D SPACE',''
  ) );
#2701 = ORIENTED_EDGE('',*,*,#2702,.T.);
#2702 = EDGE_CURVE('',#2682,#2703,#2705,.T.);
#2703 = VERTEX_POINT('',#2704);
#2704 = CARTESIAN_POINT('',(35.,14.142135623731,-5.));
#2705 = SURFACE_CURVE('',#2706,(#2710,#2716),.PCURVE_S1.);
#2706 = LINE('',#2707,#2708);
#2707 = CARTESIAN_POINT('',(35.,0.,-5.));
#2708 = VECTOR('',#2709,1.);
#2709 = DIRECTION('',(0.,1.,0.));
#2710 = PCURVE('',#93,#2711);
#2711 = DEFINITIONAL_REPRESENTATION('',(#2712),#2715);
#2712 = B_SPLINE_CURVE_WITH_KNOTS('',1,(#2713,#2714),.UNSPECIFIED.,.F.,
  .F.,(2,2),(-15.,15.),.PIECEWISE_BEZIER_KNOTS.);
#2713 = CARTESIAN_POINT('',(35.,-15.));
#2714 = CARTESIAN_POINT('',(35.,15.));
#2715 = ( GEOMETRIC_REPRESENTATION_CONTEXT(2) 
PARAMETRIC_REPRESENTATION_CONTEXT() REPRESENTATION_CONTEXT('2D SPACE',''
  ) );
#2716 = PCURVE('',#1059,#2717);
#2717 = DEFINITIONAL_REPRESENTATION('',(#2718),#2721);
#2718 = B_SPLINE_CURVE_WITH_KNOTS('',1,(#2719,#2720),.UNSPECIFIED.,.F.,
  .F.,(2,2),(-15.,15.),.PIECEWISE_BEZIER_KNOTS.);
#2719 = CARTESIAN_POINT('',(-5.,15.));
#2720 = CARTESIAN_POINT('',(-5.,-15.));
#2721 = ( GEOMETRIC_REPRESENTATION_CONTEXT(2) 
PARAMETRIC_REPRESENTATION_CONTEXT() REPRESENTATION_CONTEXT('2D SPACE',''
  ) );
#2722 = ORIENTED_EDGE('',*,*,#2723,.T.);
#2723 = EDGE_CURVE('',#2703,#2724,#2726,.T.);
#2724 = VERTEX_POINT('',#2725);
#2725 = CARTESIAN_POINT('',(40.,14.142135623731,-5.));
#2726 = SURFACE_CURVE('',#2727,(#2731,#2737),.PCURVE_S1.);
#2727 = LINE('',#2728,#2729);
#2728 = CARTESIAN_POINT('',(35.,14.142135623731,-5.));
#2729 = VECTOR('',#2730,1.);
#2730 = DIRECTION('',(1.,0.,0.));
#2731 = PCURVE('',#93,#2732);
#2732 = DEFINITIONAL_REPRESENTATION('',(#2733),#2736);
#2733 = B_SPLINE_CURVE_WITH_KNOTS('',1,(#2734,#2735),.UNSPECIFIED.,.F.,
  .F.,(2,2),(-5.999999999062E-07,70.0000006),.PIECEWISE_BEZIER_KNOTS.);
#2734 = CARTESIAN_POINT('',(34.9999994,14.142135623731));
#2735 = CARTESIAN_POINT('',(105.0000006,14.142135623731));
#2736 = ( GEOMETRIC_REPRESENTATION_CONTEXT(2) 
PARAMETRIC_REPRESENTATION_CONTEXT() REPRESENTATION_CONTEXT('2D SPACE',''
  ) );
#2737 = PCURVE('',#1033,#2738);
#2738 = DEFINITIONAL_REPRESENTATION('',(#2739),#2742);
#2739 = B_SPLINE_CURVE_WITH_KNOTS('',1,(#2740,#2741),.UNSPECIFIED.,.F.,
  .F.,(2,2),(-5.999999999062E-07,70.0000006),.PIECEWISE_BEZIER_KNOTS.);
#2740 = CARTESIAN_POINT('',(4.372552070931,-5.999999999062E-07));
#2741 = CARTESIAN_POINT('',(4.372552070931,70.0000006));
#2742 = ( GEOMETRIC_REPRESENTATION_CONTEXT(2) 
PARAMETRIC_REPRESENTATION_CONTEXT() REPRESENTATION_CONTEXT('2D SPACE',''
  ) );
#2743 = ORIENTED_EDGE('',*,*,#2744,.T.);
#2744 = EDGE_CURVE('',#2724,#2745,#2747,.T.);
#2745 = VERTEX_POINT('',#2746);
#2746 = CARTESIAN_POINT('',(40.,16.248076809272,-5.));
#2747 = SURFACE_CURVE('',#2748,(#2752,#2758),.PCURVE_S1.);
#2748 = LINE('',#2749,#2750);
#2749 = CARTESIAN_POINT('',(40.,0.,-5.));
#2750 = VECTOR('',#2751,1.);
#2751 = DIRECTION('',(0.,1.,0.));
#2752 = PCURVE('',#93,#2753);
#2753 = DEFINITIONAL_REPRESENTATION('',(#2754),#2757);
#2754 = B_SPLINE_CURVE_WITH_KNOTS('',1,(#2755,#2756),.UNSPECIFIED.,.F.,
  .F.,(2,2),(-17.,17.),.PIECEWISE_BEZIER_KNOTS.);
#2755 = CARTESIAN_POINT('',(40.,-17.));
#2756 = CARTESIAN_POINT('',(40.,17.));
#2757 = ( GEOMETRIC_REPRESENTATION_CONTEXT(2) 
PARAMETRIC_REPRESENTATION_CONTEXT() REPRESENTATION_CONTEXT('2D SPACE',''
  ) );
#2758 = PCURVE('',#2670,#2759);
#2759 = DEFINITIONAL_REPRESENTATION('',(#2760),#2763);
#2760 = B_SPLINE_CURVE_WITH_KNOTS('',1,(#2761,#2762),.UNSPECIFIED.,.F.,
  .F.,(2,2),(-17.,17.),.PIECEWISE_BEZIER_KNOTS.);
#2761 = CARTESIAN_POINT('',(-5.,17.));
#2762 = CARTESIAN_POINT('',(-5.,-17.));
#2763 = ( GEOMETRIC_REPRESENTATION_CONTEXT(2) 
PARAMETRIC_REPRESENTATION_CONTEXT() REPRESENTATION_CONTEXT('2D SPACE',''
  ) );
#2764 = ORIENTED_EDGE('',*,*,#2765,.T.);
#2765 = EDGE_CURVE('',#2745,#2766,#2768,.T.);
#2766 = VERTEX_POINT('',#2767);
#2767 = CARTESIAN_POINT('',(100.,16.248076809272,-5.));
#2768 = SURFACE_CURVE('',#2769,(#2773,#2779),.PCURVE_S1.);
#2769 = LINE('',#2770,#2771);
#2770 = CARTESIAN_POINT('',(40.,16.248076809272,-5.));
#2771 = VECTOR('',#2772,1.);
#2772 = DIRECTION('',(1.,0.,0.));
#2773 = PCURVE('',#93,#2774);
#2774 = DEFINITIONAL_REPRESENTATION('',(#2775),#2778);
#2775 = B_SPLINE_CURVE_WITH_KNOTS('',1,(#2776,#2777),.UNSPECIFIED.,.F.,
  .F.,(2,2),(-5.999999999062E-07,60.0000006),.PIECEWISE_BEZIER_KNOTS.);
#2776 = CARTESIAN_POINT('',(39.9999994,16.248076809272));
#2777 = CARTESIAN_POINT('',(100.0000006,16.248076809272));
#2778 = ( GEOMETRIC_REPRESENTATION_CONTEXT(2) 
PARAMETRIC_REPRESENTATION_CONTEXT() REPRESENTATION_CONTEXT('2D SPACE',''
  ) );
#2779 = PCURVE('',#2644,#2780);
#2780 = DEFINITIONAL_REPRESENTATION('',(#2781),#2784);
#2781 = B_SPLINE_CURVE_WITH_KNOTS('',1,(#2782,#2783),.UNSPECIFIED.,.F.,
  .F.,(2,2),(-5.999999999062E-07,60.0000006),.PIECEWISE_BEZIER_KNOTS.);
#2782 = CARTESIAN_POINT('',(4.4138567792,-5.999999999062E-07));
#2783 = CARTESIAN_POINT('',(4.4138567792,60.0000006));
#2784 = ( GEOMETRIC_REPRESENTATION_CONTEXT(2) 
PARAMETRIC_REPRESENTATION_CONTEXT() REPRESENTATION_CONTEXT('2D SPACE',''
  ) );
#2785 = ORIENTED_EDGE('',*,*,#2786,.F.);
#2786 = EDGE_CURVE('',#2787,#2766,#2789,.T.);
#2787 = VERTEX_POINT('',#2788);
#2788 = CARTESIAN_POINT('',(100.,14.142135623731,-5.));
#2789 = SURFACE_CURVE('',#2790,(#2794,#2800),.PCURVE_S1.);
#2790 = LINE('',#2791,#2792);
#2791 = CARTESIAN_POINT('',(100.,0.,-5.));
#2792 = VECTOR('',#2793,1.);
#2793 = DIRECTION('',(0.,1.,0.));
#2794 = PCURVE('',#93,#2795);
#2795 = DEFINITIONAL_REPRESENTATION('',(#2796),#2799);
#2796 = B_SPLINE_CURVE_WITH_KNOTS('',1,(#2797,#2798),.UNSPECIFIED.,.F.,
  .F.,(2,2),(-17.,17.),.PIECEWISE_BEZIER_KNOTS.);
#2797 = CARTESIAN_POINT('',(100.,-17.));
#2798 = CARTESIAN_POINT('',(100.,17.));
#2799 = ( GEOMETRIC_REPRESENTATION_CONTEXT(2) 
PARAMETRIC_REPRESENTATION_CONTEXT() REPRESENTATION_CONTEXT('2D SPACE',''
  ) );
#2800 = PCURVE('',#2801,#2806);
#2801 = PLANE('',#2802);
#2802 = AXIS2_PLACEMENT_3D('',#2803,#2804,#2805);
#2803 = CARTESIAN_POINT('',(100.,0.,0.));
#2804 = DIRECTION('',(1.,0.,0.));
#2805 = DIRECTION('',(-0.,0.,1.));
#2806 = DEFINITIONAL_REPRESENTATION('',(#2807),#2810);
#2807 = B_SPLINE_CURVE_WITH_KNOTS('',1,(#2808,#2809),.UNSPECIFIED.,.F.,
  .F.,(2,2),(-17.,17.),.PIECEWISE_BEZIER_KNOTS.);
#2808 = CARTESIAN_POINT('',(-5.,17.));
#2809 = CARTESIAN_POINT('',(-5.,-17.));
#2810 = ( GEOMETRIC_REPRESENTATION_CONTEXT(2) 
PARAMETRIC_REPRESENTATION_CONTEXT() REPRESENTATION_CONTEXT('2D SPACE',''
  ) );
#2811 = ORIENTED_EDGE('',*,*,#2812,.T.);
#2812 = EDGE_CURVE('',#2787,#2813,#2815,.T.);
#2813 = VERTEX_POINT('',#2814);
#2814 = CARTESIAN_POINT('',(105.,14.142135623731,-5.));
#2815 = SURFACE_CURVE('',#2816,(#2820,#2826),.PCURVE_S1.);
#2816 = LINE('',#2817,#2818);
#2817 = CARTESIAN_POINT('',(35.,14.142135623731,-5.));
#2818 = VECTOR('',#2819,1.);
#2819 = DIRECTION('',(1.,0.,0.));
#2820 = PCURVE('',#93,#2821);
#2821 = DEFINITIONAL_REPRESENTATION('',(#2822),#2825);
#2822 = B_SPLINE_CURVE_WITH_KNOTS('',1,(#2823,#2824),.UNSPECIFIED.,.F.,
  .F.,(2,2),(-5.999999999062E-07,70.0000006),.PIECEWISE_BEZIER_KNOTS.);
#2823 = CARTESIAN_POINT('',(34.9999994,14.142135623731));
#2824 = CARTESIAN_POINT('',(105.0000006,14.142135623731));
#2825 = ( GEOMETRIC_REPRESENTATION_CONTEXT(2) 
PARAMETRIC_REPRESENTATION_CONTEXT() REPRESENTATION_CONTEXT('2D SPACE',''
  ) );
#2826 = PCURVE('',#1033,#2827);
#2827 = DEFINITIONAL_REPRESENTATION('',(#2828),#2831);
#2828 = B_SPLINE_CURVE_WITH_KNOTS('',1,(#2829,#2830),.UNSPECIFIED.,.F.,
  .F.,(2,2),(-5.999999999062E-07,70.0000006),.PIECEWISE_BEZIER_KNOTS.);
#2829 = CARTESIAN_POINT('',(4.372552070931,-5.999999999062E-07));
#2830 = CARTESIAN_POINT('',(4.372552070931,70.0000006));
#2831 = ( GEOMETRIC_REPRESENTATION_CONTEXT(2) 
PARAMETRIC_REPRESENTATION_CONTEXT() REPRESENTATION_CONTEXT('2D SPACE',''
  ) );
#2832 = ORIENTED_EDGE('',*,*,#2833,.F.);
#2833 = EDGE_CURVE('',#2834,#2813,#2836,.T.);
#2834 = VERTEX_POINT('',#2835);
#2835 = CARTESIAN_POINT('',(105.,-14.14213562373,-5.));
#2836 = SURFACE_CURVE('',#2837,(#2841,#2847),.PCURVE_S1.);
#2837 = LINE('',#2838,#2839);
#2838 = CARTESIAN_POINT('',(105.,0.,-5.));
#2839 = VECTOR('',#2840,1.);
#2840 = DIRECTION('',(0.,1.,0.));
#2841 = PCURVE('',#93,#2842);
#2842 = DEFINITIONAL_REPRESENTATION('',(#2843),#2846);
#2843 = B_SPLINE_CURVE_WITH_KNOTS('',1,(#2844,#2845),.UNSPECIFIED.,.F.,
  .F.,(2,2),(-15.,15.),.PIECEWISE_BEZIER_KNOTS.);
#2844 = CARTESIAN_POINT('',(105.,-15.));
#2845 = CARTESIAN_POINT('',(105.,15.));
#2846 = ( GEOMETRIC_REPRESENTATION_CONTEXT(2) 
PARAMETRIC_REPRESENTATION_CONTEXT() REPRESENTATION_CONTEXT('2D SPACE',''
  ) );
#2847 = PCURVE('',#1195,#2848);
#2848 = DEFINITIONAL_REPRESENTATION('',(#2849),#2852);
#2849 = B_SPLINE_CURVE_WITH_KNOTS('',1,(#2850,#2851),.UNSPECIFIED.,.F.,
  .F.,(2,2),(-15.,15.),.PIECEWISE_BEZIER_KNOTS.);
#2850 = CARTESIAN_POINT('',(-5.,15.));
#2851 = CARTESIAN_POINT('',(-5.,-15.));
#2852 = ( GEOMETRIC_REPRESENTATION_CONTEXT(2) 
PARAMETRIC_REPRESENTATION_CONTEXT() REPRESENTATION_CONTEXT('2D SPACE',''
  ) );
#2853 = ORIENTED_EDGE('',*,*,#2854,.F.);
#2854 = EDGE_CURVE('',#2855,#2834,#2857,.T.);
#2855 = VERTEX_POINT('',#2856);
#2856 = CARTESIAN_POINT('',(100.,-14.14213562373,-5.));
#2857 = SURFACE_CURVE('',#2858,(#2862,#2868),.PCURVE_S1.);
#2858 = LINE('',#2859,#2860);
#2859 = CARTESIAN_POINT('',(35.,-14.14213562373,-5.));
#2860 = VECTOR('',#2861,1.);
#2861 = DIRECTION('',(1.,0.,0.));
#2862 = PCURVE('',#93,#2863);
#2863 = DEFINITIONAL_REPRESENTATION('',(#2864),#2867);
#2864 = B_SPLINE_CURVE_WITH_KNOTS('',1,(#2865,#2866),.UNSPECIFIED.,.F.,
  .F.,(2,2),(-5.999999999062E-07,70.0000006),.PIECEWISE_BEZIER_KNOTS.);
#2865 = CARTESIAN_POINT('',(34.9999994,-14.14213562373));
#2866 = CARTESIAN_POINT('',(105.0000006,-14.14213562373));
#2867 = ( GEOMETRIC_REPRESENTATION_CONTEXT(2) 
PARAMETRIC_REPRESENTATION_CONTEXT() REPRESENTATION_CONTEXT('2D SPACE',''
  ) );
#2868 = PCURVE('',#1033,#2869);
#2869 = DEFINITIONAL_REPRESENTATION('',(#2870),#2873);
#2870 = B_SPLINE_CURVE_WITH_KNOTS('',1,(#2871,#2872),.UNSPECIFIED.,.F.,
  .F.,(2,2),(-5.999999999062E-07,70.0000006),.PIECEWISE_BEZIER_KNOTS.);
#2871 = CARTESIAN_POINT('',(1.910633236249,-5.999999999062E-07));
#2872 = CARTESIAN_POINT('',(1.910633236249,70.0000006));
#2873 = ( GEOMETRIC_REPRESENTATION_CONTEXT(2) 
PARAMETRIC_REPRESENTATION_CONTEXT() REPRESENTATION_CONTEXT('2D SPACE',''
  ) );
#2874 = ORIENTED_EDGE('',*,*,#2875,.F.);
#2875 = EDGE_CURVE('',#2630,#2855,#2876,.T.);
#2876 = SURFACE_CURVE('',#2877,(#2881,#2887),.PCURVE_S1.);
#2877 = LINE('',#2878,#2879);
#2878 = CARTESIAN_POINT('',(100.,0.,-5.));
#2879 = VECTOR('',#2880,1.);
#2880 = DIRECTION('',(0.,1.,0.));
#2881 = PCURVE('',#93,#2882);
#2882 = DEFINITIONAL_REPRESENTATION('',(#2883),#2886);
#2883 = B_SPLINE_CURVE_WITH_KNOTS('',1,(#2884,#2885),.UNSPECIFIED.,.F.,
  .F.,(2,2),(-17.,17.),.PIECEWISE_BEZIER_KNOTS.);
#2884 = CARTESIAN_POINT('',(100.,-17.));
#2885 = CARTESIAN_POINT('',(100.,17.));
#2886 = ( GEOMETRIC_REPRESENTATION_CONTEXT(2) 
PARAMETRIC_REPRESENTATION_CONTEXT() REPRESENTATION_CONTEXT('2D SPACE',''
  ) );
#2887 = PCURVE('',#2801,#2888);
#2888 = DEFINITIONAL_REPRESENTATION('',(#2889),#2892);
#2889 = B_SPLINE_CURVE_WITH_KNOTS('',1,(#2890,#2891),.UNSPECIFIED.,.F.,
  .F.,(2,2),(-17.,17.),.PIECEWISE_BEZIER_KNOTS.);
#2890 = CARTESIAN_POINT('',(-5.,17.));
#2891 = CARTESIAN_POINT('',(-5.,-17.));
#2892 = ( GEOMETRIC_REPRESENTATION_CONTEXT(2) 
PARAMETRIC_REPRESENTATION_CONTEXT() REPRESENTATION_CONTEXT('2D SPACE',''
  ) );
#2893 = FACE_BOUND('',#2894,.F.);
#2894 = EDGE_LOOP('',(#2895,#2923,#2949,#2970,#2991,#3012,#3033,#3054,
    #3080,#3101,#3122,#3143));
#2895 = ORIENTED_EDGE('',*,*,#2896,.F.);
#2896 = EDGE_CURVE('',#2897,#2899,#2901,.T.);
#2897 = VERTEX_POINT('',#2898);
#2898 = CARTESIAN_POINT('',(-5.928855914595,42.764217139379,-5.));
#2899 = VERTEX_POINT('',#2900);
#2900 = CARTESIAN_POINT('',(-35.92885591459,94.724217139379,-5.));
#2901 = SURFACE_CURVE('',#2902,(#2906,#2912),.PCURVE_S1.);
#2902 = LINE('',#2903,#2904);
#2903 = CARTESIAN_POINT('',(-5.928855914595,42.764217139379,-5.));
#2904 = VECTOR('',#2905,1.);
#2905 = DIRECTION('',(-0.500011000363,0.866019052629,0.));
#2906 = PCURVE('',#93,#2907);
#2907 = DEFINITIONAL_REPRESENTATION('',(#2908),#2911);
#2908 = B_SPLINE_CURVE_WITH_KNOTS('',1,(#2909,#2910),.UNSPECIFIED.,.F.,
  .F.,(2,2),(-6.000000015638E-07,59.99868058548),
  .PIECEWISE_BEZIER_KNOTS.);
#2909 = CARTESIAN_POINT('',(-5.928855614589,42.764216619768));
#2910 = CARTESIAN_POINT('',(-35.9288562146,94.724217658991));
#2911 = ( GEOMETRIC_REPRESENTATION_CONTEXT(2) 
PARAMETRIC_REPRESENTATION_CONTEXT() REPRESENTATION_CONTEXT('2D SPACE',''
  ) );
#2912 = PCURVE('',#2913,#2918);
#2913 = CYLINDRICAL_SURFACE('',#2914,17.);
#2914 = AXIS2_PLACEMENT_3D('',#2915,#2916,#2917);
#2915 = CARTESIAN_POINT('',(-20.,34.64,0.));
#2916 = DIRECTION('',(-0.500011000363,0.866019052629,0.));
#2917 = DIRECTION('',(0.866019052629,0.500011000363,0.));
#2918 = DEFINITIONAL_REPRESENTATION('',(#2919),#2922);
#2919 = B_SPLINE_CURVE_WITH_KNOTS('',1,(#2920,#2921),.UNSPECIFIED.,.F.,
  .F.,(2,2),(-6.000000015638E-07,59.99868058548),
  .PIECEWISE_BEZIER_KNOTS.);
#2920 = CARTESIAN_POINT('',(0.298532201185,-5.999999997875E-07));
#2921 = CARTESIAN_POINT('',(0.298532201185,59.99868058548));
#2922 = ( GEOMETRIC_REPRESENTATION_CONTEXT(2) 
PARAMETRIC_REPRESENTATION_CONTEXT() REPRESENTATION_CONTEXT('2D SPACE',''
  ) );
#2923 = ORIENTED_EDGE('',*,*,#2924,.T.);
#2924 = EDGE_CURVE('',#2897,#2925,#2927,.T.);
#2925 = VERTEX_POINT('',#2926);
#2926 = CARTESIAN_POINT('',(-7.752641104989,41.711223380491,-5.));
#2927 = SURFACE_CURVE('',#2928,(#2932,#2938),.PCURVE_S1.);
#2928 = LINE('',#2929,#2930);
#2929 = CARTESIAN_POINT('',(-20.,34.64,-5.));
#2930 = VECTOR('',#2931,1.);
#2931 = DIRECTION('',(-0.866019052629,-0.500011000363,0.));
#2932 = PCURVE('',#93,#2933);
#2933 = DEFINITIONAL_REPRESENTATION('',(#2934),#2937);
#2934 = B_SPLINE_CURVE_WITH_KNOTS('',1,(#2935,#2936),.UNSPECIFIED.,.F.,
  .F.,(2,2),(-17.,17.),.PIECEWISE_BEZIER_KNOTS.);
#2935 = CARTESIAN_POINT('',(-5.277676105311,43.140187006171));
#2936 = CARTESIAN_POINT('',(-34.72232389468,26.139812993829));
#2937 = ( GEOMETRIC_REPRESENTATION_CONTEXT(2) 
PARAMETRIC_REPRESENTATION_CONTEXT() REPRESENTATION_CONTEXT('2D SPACE',''
  ) );
#2938 = PCURVE('',#2939,#2944);
#2939 = PLANE('',#2940);
#2940 = AXIS2_PLACEMENT_3D('',#2941,#2942,#2943);
#2941 = CARTESIAN_POINT('',(-20.,34.64,0.));
#2942 = DIRECTION('',(-0.500011000363,0.866019052629,0.));
#2943 = DIRECTION('',(0.866019052629,0.500011000363,0.));
#2944 = DEFINITIONAL_REPRESENTATION('',(#2945),#2948);
#2945 = B_SPLINE_CURVE_WITH_KNOTS('',1,(#2946,#2947),.UNSPECIFIED.,.F.,
  .F.,(2,2),(-17.,17.),.PIECEWISE_BEZIER_KNOTS.);
#2946 = CARTESIAN_POINT('',(17.,5.));
#2947 = CARTESIAN_POINT('',(-17.,5.));
#2948 = ( GEOMETRIC_REPRESENTATION_CONTEXT(2) 
PARAMETRIC_REPRESENTATION_CONTEXT() REPRESENTATION_CONTEXT('2D SPACE',''
  ) );
#2949 = ORIENTED_EDGE('',*,*,#2950,.F.);
#2950 = EDGE_CURVE('',#2951,#2925,#2953,.T.);
#2951 = VERTEX_POINT('',#2952);
#2952 = CARTESIAN_POINT('',(-5.252641104989,37.381223380491,-5.));
#2953 = SURFACE_CURVE('',#2954,(#2958,#2964),.PCURVE_S1.);
#2954 = LINE('',#2955,#2956);
#2955 = CARTESIAN_POINT('',(-5.252641104989,37.381223380491,-5.));
#2956 = VECTOR('',#2957,1.);
#2957 = DIRECTION('',(-0.500011000363,0.866019052629,0.));
#2958 = PCURVE('',#93,#2959);
#2959 = DEFINITIONAL_REPRESENTATION('',(#2960),#2963);
#2960 = B_SPLINE_CURVE_WITH_KNOTS('',1,(#2961,#2962),.UNSPECIFIED.,.F.,
  .F.,(2,2),(-6.000000015638E-07,69.99846058306),
  .PIECEWISE_BEZIER_KNOTS.);
#2961 = CARTESIAN_POINT('',(-5.252640804983,37.38122286088));
#2962 = CARTESIAN_POINT('',(-40.25264140499,98.001223900103));
#2963 = ( GEOMETRIC_REPRESENTATION_CONTEXT(2) 
PARAMETRIC_REPRESENTATION_CONTEXT() REPRESENTATION_CONTEXT('2D SPACE',''
  ) );
#2964 = PCURVE('',#1317,#2965);
#2965 = DEFINITIONAL_REPRESENTATION('',(#2966),#2969);
#2966 = B_SPLINE_CURVE_WITH_KNOTS('',1,(#2967,#2968),.UNSPECIFIED.,.F.,
  .F.,(2,2),(-6.000000015638E-07,69.99846058306),
  .PIECEWISE_BEZIER_KNOTS.);
#2967 = CARTESIAN_POINT('',(0.339836909454,-5.999999997875E-07));
#2968 = CARTESIAN_POINT('',(0.339836909454,69.99846058306));
#2969 = ( GEOMETRIC_REPRESENTATION_CONTEXT(2) 
PARAMETRIC_REPRESENTATION_CONTEXT() REPRESENTATION_CONTEXT('2D SPACE',''
  ) );
#2970 = ORIENTED_EDGE('',*,*,#2971,.T.);
#2971 = EDGE_CURVE('',#2951,#2972,#2974,.T.);
#2972 = VERTEX_POINT('',#2973);
#2973 = CARTESIAN_POINT('',(-29.74735889501,23.238776619509,-5.));
#2974 = SURFACE_CURVE('',#2975,(#2979,#2985),.PCURVE_S1.);
#2975 = LINE('',#2976,#2977);
#2976 = CARTESIAN_POINT('',(-17.5,30.31,-5.));
#2977 = VECTOR('',#2978,1.);
#2978 = DIRECTION('',(-0.866019052629,-0.500011000363,0.));
#2979 = PCURVE('',#93,#2980);
#2980 = DEFINITIONAL_REPRESENTATION('',(#2981),#2984);
#2981 = B_SPLINE_CURVE_WITH_KNOTS('',1,(#2982,#2983),.UNSPECIFIED.,.F.,
  .F.,(2,2),(-15.,15.),.PIECEWISE_BEZIER_KNOTS.);
#2982 = CARTESIAN_POINT('',(-4.509714210569,37.810165005445));
#2983 = CARTESIAN_POINT('',(-30.49028578943,22.809834994555));
#2984 = ( GEOMETRIC_REPRESENTATION_CONTEXT(2) 
PARAMETRIC_REPRESENTATION_CONTEXT() REPRESENTATION_CONTEXT('2D SPACE',''
  ) );
#2985 = PCURVE('',#1343,#2986);
#2986 = DEFINITIONAL_REPRESENTATION('',(#2987),#2990);
#2987 = B_SPLINE_CURVE_WITH_KNOTS('',1,(#2988,#2989),.UNSPECIFIED.,.F.,
  .F.,(2,2),(-15.,15.),.PIECEWISE_BEZIER_KNOTS.);
#2988 = CARTESIAN_POINT('',(15.,5.));
#2989 = CARTESIAN_POINT('',(-15.,5.));
#2990 = ( GEOMETRIC_REPRESENTATION_CONTEXT(2) 
PARAMETRIC_REPRESENTATION_CONTEXT() REPRESENTATION_CONTEXT('2D SPACE',''
  ) );
#2991 = ORIENTED_EDGE('',*,*,#2992,.T.);
#2992 = EDGE_CURVE('',#2972,#2993,#2995,.T.);
#2993 = VERTEX_POINT('',#2994);
#2994 = CARTESIAN_POINT('',(-32.24735889501,27.568776619509,-5.));
#2995 = SURFACE_CURVE('',#2996,(#3000,#3006),.PCURVE_S1.);
#2996 = LINE('',#2997,#2998);
#2997 = CARTESIAN_POINT('',(-29.74735889501,23.238776619509,-5.));
#2998 = VECTOR('',#2999,1.);
#2999 = DIRECTION('',(-0.500011000363,0.866019052629,0.));
#3000 = PCURVE('',#93,#3001);
#3001 = DEFINITIONAL_REPRESENTATION('',(#3002),#3005);
#3002 = B_SPLINE_CURVE_WITH_KNOTS('',1,(#3003,#3004),.UNSPECIFIED.,.F.,
  .F.,(2,2),(-5.999999984871E-07,69.99846058306),
  .PIECEWISE_BEZIER_KNOTS.);
#3003 = CARTESIAN_POINT('',(-29.747358595,23.238776099897));
#3004 = CARTESIAN_POINT('',(-64.74735919501,83.85877713912));
#3005 = ( GEOMETRIC_REPRESENTATION_CONTEXT(2) 
PARAMETRIC_REPRESENTATION_CONTEXT() REPRESENTATION_CONTEXT('2D SPACE',''
  ) );
#3006 = PCURVE('',#1317,#3007);
#3007 = DEFINITIONAL_REPRESENTATION('',(#3008),#3011);
#3008 = B_SPLINE_CURVE_WITH_KNOTS('',1,(#3009,#3010),.UNSPECIFIED.,.F.,
  .F.,(2,2),(-5.999999984871E-07,69.99846058306),
  .PIECEWISE_BEZIER_KNOTS.);
#3009 = CARTESIAN_POINT('',(2.801755744136,-6.000000002635E-07));
#3010 = CARTESIAN_POINT('',(2.801755744136,69.99846058306));
#3011 = ( GEOMETRIC_REPRESENTATION_CONTEXT(2) 
PARAMETRIC_REPRESENTATION_CONTEXT() REPRESENTATION_CONTEXT('2D SPACE',''
  ) );
#3012 = ORIENTED_EDGE('',*,*,#3013,.T.);
#3013 = EDGE_CURVE('',#2993,#3014,#3016,.T.);
#3014 = VERTEX_POINT('',#3015);
#3015 = CARTESIAN_POINT('',(-34.0711440854,26.515782860621,-5.));
#3016 = SURFACE_CURVE('',#3017,(#3021,#3027),.PCURVE_S1.);
#3017 = LINE('',#3018,#3019);
#3018 = CARTESIAN_POINT('',(-20.,34.64,-5.));
#3019 = VECTOR('',#3020,1.);
#3020 = DIRECTION('',(-0.866019052629,-0.500011000363,0.));
#3021 = PCURVE('',#93,#3022);
#3022 = DEFINITIONAL_REPRESENTATION('',(#3023),#3026);
#3023 = B_SPLINE_CURVE_WITH_KNOTS('',1,(#3024,#3025),.UNSPECIFIED.,.F.,
  .F.,(2,2),(-17.,17.),.PIECEWISE_BEZIER_KNOTS.);
#3024 = CARTESIAN_POINT('',(-5.277676105311,43.140187006171));
#3025 = CARTESIAN_POINT('',(-34.72232389468,26.139812993829));
#3026 = ( GEOMETRIC_REPRESENTATION_CONTEXT(2) 
PARAMETRIC_REPRESENTATION_CONTEXT() REPRESENTATION_CONTEXT('2D SPACE',''
  ) );
#3027 = PCURVE('',#2939,#3028);
#3028 = DEFINITIONAL_REPRESENTATION('',(#3029),#3032);
#3029 = B_SPLINE_CURVE_WITH_KNOTS('',1,(#3030,#3031),.UNSPECIFIED.,.F.,
  .F.,(2,2),(-17.,17.),.PIECEWISE_BEZIER_KNOTS.);
#3030 = CARTESIAN_POINT('',(17.,5.));
#3031 = CARTESIAN_POINT('',(-17.,5.));
#3032 = ( GEOMETRIC_REPRESENTATION_CONTEXT(2) 
PARAMETRIC_REPRESENTATION_CONTEXT() REPRESENTATION_CONTEXT('2D SPACE',''
  ) );
#3033 = ORIENTED_EDGE('',*,*,#3034,.T.);
#3034 = EDGE_CURVE('',#3014,#3035,#3037,.T.);
#3035 = VERTEX_POINT('',#3036);
#3036 = CARTESIAN_POINT('',(-64.0711440854,78.475782860621,-5.));
#3037 = SURFACE_CURVE('',#3038,(#3042,#3048),.PCURVE_S1.);
#3038 = LINE('',#3039,#3040);
#3039 = CARTESIAN_POINT('',(-34.0711440854,26.515782860621,-5.));
#3040 = VECTOR('',#3041,1.);
#3041 = DIRECTION('',(-0.500011000363,0.866019052629,0.));
#3042 = PCURVE('',#93,#3043);
#3043 = DEFINITIONAL_REPRESENTATION('',(#3044),#3047);
#3044 = B_SPLINE_CURVE_WITH_KNOTS('',1,(#3045,#3046),.UNSPECIFIED.,.F.,
  .F.,(2,2),(-5.999999967107E-07,59.99868058548),
  .PIECEWISE_BEZIER_KNOTS.);
#3045 = CARTESIAN_POINT('',(-34.07114378539,26.515782341009));
#3046 = CARTESIAN_POINT('',(-64.07114438541,78.475783380232));
#3047 = ( GEOMETRIC_REPRESENTATION_CONTEXT(2) 
PARAMETRIC_REPRESENTATION_CONTEXT() REPRESENTATION_CONTEXT('2D SPACE',''
  ) );
#3048 = PCURVE('',#2913,#3049);
#3049 = DEFINITIONAL_REPRESENTATION('',(#3050),#3053);
#3050 = B_SPLINE_CURVE_WITH_KNOTS('',1,(#3051,#3052),.UNSPECIFIED.,.F.,
  .F.,(2,2),(-5.999999967107E-07,59.99868058548),
  .PIECEWISE_BEZIER_KNOTS.);
#3051 = CARTESIAN_POINT('',(2.843060452405,-5.999999993753E-07));
#3052 = CARTESIAN_POINT('',(2.843060452405,59.99868058548));
#3053 = ( GEOMETRIC_REPRESENTATION_CONTEXT(2) 
PARAMETRIC_REPRESENTATION_CONTEXT() REPRESENTATION_CONTEXT('2D SPACE',''
  ) );
#3054 = ORIENTED_EDGE('',*,*,#3055,.F.);
#3055 = EDGE_CURVE('',#3056,#3035,#3058,.T.);
#3056 = VERTEX_POINT('',#3057);
#3057 = CARTESIAN_POINT('',(-62.24735889501,79.528776619509,-5.));
#3058 = SURFACE_CURVE('',#3059,(#3063,#3069),.PCURVE_S1.);
#3059 = LINE('',#3060,#3061);
#3060 = CARTESIAN_POINT('',(-50.,86.6,-5.));
#3061 = VECTOR('',#3062,1.);
#3062 = DIRECTION('',(-0.866019052629,-0.500011000363,0.));
#3063 = PCURVE('',#93,#3064);
#3064 = DEFINITIONAL_REPRESENTATION('',(#3065),#3068);
#3065 = B_SPLINE_CURVE_WITH_KNOTS('',1,(#3066,#3067),.UNSPECIFIED.,.F.,
  .F.,(2,2),(-17.,17.),.PIECEWISE_BEZIER_KNOTS.);
#3066 = CARTESIAN_POINT('',(-35.27767610531,95.100187006171));
#3067 = CARTESIAN_POINT('',(-64.72232389468,78.099812993829));
#3068 = ( GEOMETRIC_REPRESENTATION_CONTEXT(2) 
PARAMETRIC_REPRESENTATION_CONTEXT() REPRESENTATION_CONTEXT('2D SPACE',''
  ) );
#3069 = PCURVE('',#3070,#3075);
#3070 = PLANE('',#3071);
#3071 = AXIS2_PLACEMENT_3D('',#3072,#3073,#3074);
#3072 = CARTESIAN_POINT('',(-50.,86.6,0.));
#3073 = DIRECTION('',(-0.500011000363,0.866019052629,0.));
#3074 = DIRECTION('',(0.866019052629,0.500011000363,0.));
#3075 = DEFINITIONAL_REPRESENTATION('',(#3076),#3079);
#3076 = B_SPLINE_CURVE_WITH_KNOTS('',1,(#3077,#3078),.UNSPECIFIED.,.F.,
  .F.,(2,2),(-17.,17.),.PIECEWISE_BEZIER_KNOTS.);
#3077 = CARTESIAN_POINT('',(17.,5.));
#3078 = CARTESIAN_POINT('',(-17.,5.));
#3079 = ( GEOMETRIC_REPRESENTATION_CONTEXT(2) 
PARAMETRIC_REPRESENTATION_CONTEXT() REPRESENTATION_CONTEXT('2D SPACE',''
  ) );
#3080 = ORIENTED_EDGE('',*,*,#3081,.T.);
#3081 = EDGE_CURVE('',#3056,#3082,#3084,.T.);
#3082 = VERTEX_POINT('',#3083);
#3083 = CARTESIAN_POINT('',(-64.74735889501,83.858776619509,-5.));
#3084 = SURFACE_CURVE('',#3085,(#3089,#3095),.PCURVE_S1.);
#3085 = LINE('',#3086,#3087);
#3086 = CARTESIAN_POINT('',(-29.74735889501,23.238776619509,-5.));
#3087 = VECTOR('',#3088,1.);
#3088 = DIRECTION('',(-0.500011000363,0.866019052629,0.));
#3089 = PCURVE('',#93,#3090);
#3090 = DEFINITIONAL_REPRESENTATION('',(#3091),#3094);
#3091 = B_SPLINE_CURVE_WITH_KNOTS('',1,(#3092,#3093),.UNSPECIFIED.,.F.,
  .F.,(2,2),(-5.999999984871E-07,69.99846058306),
  .PIECEWISE_BEZIER_KNOTS.);
#3092 = CARTESIAN_POINT('',(-29.747358595,23.238776099897));
#3093 = CARTESIAN_POINT('',(-64.74735919501,83.85877713912));
#3094 = ( GEOMETRIC_REPRESENTATION_CONTEXT(2) 
PARAMETRIC_REPRESENTATION_CONTEXT() REPRESENTATION_CONTEXT('2D SPACE',''
  ) );
#3095 = PCURVE('',#1317,#3096);
#3096 = DEFINITIONAL_REPRESENTATION('',(#3097),#3100);
#3097 = B_SPLINE_CURVE_WITH_KNOTS('',1,(#3098,#3099),.UNSPECIFIED.,.F.,
  .F.,(2,2),(-5.999999984871E-07,69.99846058306),
  .PIECEWISE_BEZIER_KNOTS.);
#3098 = CARTESIAN_POINT('',(2.801755744136,-6.000000002635E-07));
#3099 = CARTESIAN_POINT('',(2.801755744136,69.99846058306));
#3100 = ( GEOMETRIC_REPRESENTATION_CONTEXT(2) 
PARAMETRIC_REPRESENTATION_CONTEXT() REPRESENTATION_CONTEXT('2D SPACE',''
  ) );
#3101 = ORIENTED_EDGE('',*,*,#3102,.F.);
#3102 = EDGE_CURVE('',#3103,#3082,#3105,.T.);
#3103 = VERTEX_POINT('',#3104);
#3104 = CARTESIAN_POINT('',(-40.25264110498,98.001223380491,-5.));
#3105 = SURFACE_CURVE('',#3106,(#3110,#3116),.PCURVE_S1.);
#3106 = LINE('',#3107,#3108);
#3107 = CARTESIAN_POINT('',(-52.5,90.93,-5.));
#3108 = VECTOR('',#3109,1.);
#3109 = DIRECTION('',(-0.866019052629,-0.500011000363,0.));
#3110 = PCURVE('',#93,#3111);
#3111 = DEFINITIONAL_REPRESENTATION('',(#3112),#3115);
#3112 = B_SPLINE_CURVE_WITH_KNOTS('',1,(#3113,#3114),.UNSPECIFIED.,.F.,
  .F.,(2,2),(-15.,15.),.PIECEWISE_BEZIER_KNOTS.);
#3113 = CARTESIAN_POINT('',(-39.50971421056,98.430165005445));
#3114 = CARTESIAN_POINT('',(-65.49028578943,83.429834994555));
#3115 = ( GEOMETRIC_REPRESENTATION_CONTEXT(2) 
PARAMETRIC_REPRESENTATION_CONTEXT() REPRESENTATION_CONTEXT('2D SPACE',''
  ) );
#3116 = PCURVE('',#1479,#3117);
#3117 = DEFINITIONAL_REPRESENTATION('',(#3118),#3121);
#3118 = B_SPLINE_CURVE_WITH_KNOTS('',1,(#3119,#3120),.UNSPECIFIED.,.F.,
  .F.,(2,2),(-15.,15.),.PIECEWISE_BEZIER_KNOTS.);
#3119 = CARTESIAN_POINT('',(15.,5.));
#3120 = CARTESIAN_POINT('',(-15.,5.));
#3121 = ( GEOMETRIC_REPRESENTATION_CONTEXT(2) 
PARAMETRIC_REPRESENTATION_CONTEXT() REPRESENTATION_CONTEXT('2D SPACE',''
  ) );
#3122 = ORIENTED_EDGE('',*,*,#3123,.F.);
#3123 = EDGE_CURVE('',#3124,#3103,#3126,.T.);
#3124 = VERTEX_POINT('',#3125);
#3125 = CARTESIAN_POINT('',(-37.75264110498,93.671223380491,-5.));
#3126 = SURFACE_CURVE('',#3127,(#3131,#3137),.PCURVE_S1.);
#3127 = LINE('',#3128,#3129);
#3128 = CARTESIAN_POINT('',(-5.252641104989,37.381223380491,-5.));
#3129 = VECTOR('',#3130,1.);
#3130 = DIRECTION('',(-0.500011000363,0.866019052629,0.));
#3131 = PCURVE('',#93,#3132);
#3132 = DEFINITIONAL_REPRESENTATION('',(#3133),#3136);
#3133 = B_SPLINE_CURVE_WITH_KNOTS('',1,(#3134,#3135),.UNSPECIFIED.,.F.,
  .F.,(2,2),(-6.000000015638E-07,69.99846058306),
  .PIECEWISE_BEZIER_KNOTS.);
#3134 = CARTESIAN_POINT('',(-5.252640804983,37.38122286088));
#3135 = CARTESIAN_POINT('',(-40.25264140499,98.001223900103));
#3136 = ( GEOMETRIC_REPRESENTATION_CONTEXT(2) 
PARAMETRIC_REPRESENTATION_CONTEXT() REPRESENTATION_CONTEXT('2D SPACE',''
  ) );
#3137 = PCURVE('',#1317,#3138);
#3138 = DEFINITIONAL_REPRESENTATION('',(#3139),#3142);
#3139 = B_SPLINE_CURVE_WITH_KNOTS('',1,(#3140,#3141),.UNSPECIFIED.,.F.,
  .F.,(2,2),(-6.000000015638E-07,69.99846058306),
  .PIECEWISE_BEZIER_KNOTS.);
#3140 = CARTESIAN_POINT('',(0.339836909454,-5.999999997875E-07));
#3141 = CARTESIAN_POINT('',(0.339836909454,69.99846058306));
#3142 = ( GEOMETRIC_REPRESENTATION_CONTEXT(2) 
PARAMETRIC_REPRESENTATION_CONTEXT() REPRESENTATION_CONTEXT('2D SPACE',''
  ) );
#3143 = ORIENTED_EDGE('',*,*,#3144,.F.);
#3144 = EDGE_CURVE('',#2899,#3124,#3145,.T.);
#3145 = SURFACE_CURVE('',#3146,(#3150,#3156),.PCURVE_S1.);
#3146 = LINE('',#3147,#3148);
#3147 = CARTESIAN_POINT('',(-50.,86.6,-5.));
#3148 = VECTOR('',#3149,1.);
#3149 = DIRECTION('',(-0.866019052629,-0.500011000363,0.));
#3150 = PCURVE('',#93,#3151);
#3151 = DEFINITIONAL_REPRESENTATION('',(#3152),#3155);
#3152 = B_SPLINE_CURVE_WITH_KNOTS('',1,(#3153,#3154),.UNSPECIFIED.,.F.,
  .F.,(2,2),(-17.,17.),.PIECEWISE_BEZIER_KNOTS.);
#3153 = CARTESIAN_POINT('',(-35.27767610531,95.100187006171));
#3154 = CARTESIAN_POINT('',(-64.72232389468,78.099812993829));
#3155 = ( GEOMETRIC_REPRESENTATION_CONTEXT(2) 
PARAMETRIC_REPRESENTATION_CONTEXT() REPRESENTATION_CONTEXT('2D SPACE',''
  ) );
#3156 = PCURVE('',#3070,#3157);
#3157 = DEFINITIONAL_REPRESENTATION('',(#3158),#3161);
#3158 = B_SPLINE_CURVE_WITH_KNOTS('',1,(#3159,#3160),.UNSPECIFIED.,.F.,
  .F.,(2,2),(-17.,17.),.PIECEWISE_BEZIER_KNOTS.);
#3159 = CARTESIAN_POINT('',(17.,5.));
#3160 = CARTESIAN_POINT('',(-17.,5.));
#3161 = ( GEOMETRIC_REPRESENTATION_CONTEXT(2) 
PARAMETRIC_REPRESENTATION_CONTEXT() REPRESENTATION_CONTEXT('2D SPACE',''
  ) );
#3162 = FACE_BOUND('',#3163,.F.);
#3163 = EDGE_LOOP('',(#3164,#3192,#3218,#3239,#3260,#3281,#3302,#3323,
    #3349,#3370,#3391,#3412));
#3164 = ORIENTED_EDGE('',*,*,#3165,.F.);
#3165 = EDGE_CURVE('',#3166,#3168,#3170,.T.);
#3166 = VERTEX_POINT('',#3167);
#3167 = CARTESIAN_POINT('',(34.071144085405,26.515782860621,-5.));
#3168 = VERTEX_POINT('',#3169);
#3169 = CARTESIAN_POINT('',(64.071144085405,78.475782860621,-5.));
#3170 = SURFACE_CURVE('',#3171,(#3175,#3181),.PCURVE_S1.);
#3171 = LINE('',#3172,#3173);
#3172 = CARTESIAN_POINT('',(34.071144085405,26.515782860621,-5.));
#3173 = VECTOR('',#3174,1.);
#3174 = DIRECTION('',(0.500011000363,0.866019052629,0.));
#3175 = PCURVE('',#93,#3176);
#3176 = DEFINITIONAL_REPRESENTATION('',(#3177),#3180);
#3177 = B_SPLINE_CURVE_WITH_KNOTS('',1,(#3178,#3179),.UNSPECIFIED.,.F.,
  .F.,(2,2),(-5.999999967107E-07,59.99868058548),
  .PIECEWISE_BEZIER_KNOTS.);
#3178 = CARTESIAN_POINT('',(34.071143785398,26.515782341009));
#3179 = CARTESIAN_POINT('',(64.071144385411,78.475783380232));
#3180 = ( GEOMETRIC_REPRESENTATION_CONTEXT(2) 
PARAMETRIC_REPRESENTATION_CONTEXT() REPRESENTATION_CONTEXT('2D SPACE',''
  ) );
#3181 = PCURVE('',#3182,#3187);
#3182 = CYLINDRICAL_SURFACE('',#3183,17.);
#3183 = AXIS2_PLACEMENT_3D('',#3184,#3185,#3186);
#3184 = CARTESIAN_POINT('',(20.,34.64,0.));
#3185 = DIRECTION('',(0.500011000363,0.866019052629,0.));
#3186 = DIRECTION('',(0.866019052629,-0.500011000363,0.));
#3187 = DEFINITIONAL_REPRESENTATION('',(#3188),#3191);
#3188 = B_SPLINE_CURVE_WITH_KNOTS('',1,(#3189,#3190),.UNSPECIFIED.,.F.,
  .F.,(2,2),(-5.999999967107E-07,59.99868058548),
  .PIECEWISE_BEZIER_KNOTS.);
#3189 = CARTESIAN_POINT('',(0.298532201185,-5.999999993753E-07));
#3190 = CARTESIAN_POINT('',(0.298532201185,59.99868058548));
#3191 = ( GEOMETRIC_REPRESENTATION_CONTEXT(2) 
PARAMETRIC_REPRESENTATION_CONTEXT() REPRESENTATION_CONTEXT('2D SPACE',''
  ) );
#3192 = ORIENTED_EDGE('',*,*,#3193,.T.);
#3193 = EDGE_CURVE('',#3166,#3194,#3196,.T.);
#3194 = VERTEX_POINT('',#3195);
#3195 = CARTESIAN_POINT('',(32.247358895011,27.568776619509,-5.));
#3196 = SURFACE_CURVE('',#3197,(#3201,#3207),.PCURVE_S1.);
#3197 = LINE('',#3198,#3199);
#3198 = CARTESIAN_POINT('',(20.,34.64,-5.));
#3199 = VECTOR('',#3200,1.);
#3200 = DIRECTION('',(-0.866019052629,0.500011000363,0.));
#3201 = PCURVE('',#93,#3202);
#3202 = DEFINITIONAL_REPRESENTATION('',(#3203),#3206);
#3203 = B_SPLINE_CURVE_WITH_KNOTS('',1,(#3204,#3205),.UNSPECIFIED.,.F.,
  .F.,(2,2),(-17.,17.),.PIECEWISE_BEZIER_KNOTS.);
#3204 = CARTESIAN_POINT('',(34.722323894689,26.139812993829));
#3205 = CARTESIAN_POINT('',(5.277676105311,43.140187006171));
#3206 = ( GEOMETRIC_REPRESENTATION_CONTEXT(2) 
PARAMETRIC_REPRESENTATION_CONTEXT() REPRESENTATION_CONTEXT('2D SPACE',''
  ) );
#3207 = PCURVE('',#3208,#3213);
#3208 = PLANE('',#3209);
#3209 = AXIS2_PLACEMENT_3D('',#3210,#3211,#3212);
#3210 = CARTESIAN_POINT('',(20.,34.64,0.));
#3211 = DIRECTION('',(0.500011000363,0.866019052629,0.));
#3212 = DIRECTION('',(0.866019052629,-0.500011000363,0.));
#3213 = DEFINITIONAL_REPRESENTATION('',(#3214),#3217);
#3214 = B_SPLINE_CURVE_WITH_KNOTS('',1,(#3215,#3216),.UNSPECIFIED.,.F.,
  .F.,(2,2),(-17.,17.),.PIECEWISE_BEZIER_KNOTS.);
#3215 = CARTESIAN_POINT('',(17.,5.));
#3216 = CARTESIAN_POINT('',(-17.,5.));
#3217 = ( GEOMETRIC_REPRESENTATION_CONTEXT(2) 
PARAMETRIC_REPRESENTATION_CONTEXT() REPRESENTATION_CONTEXT('2D SPACE',''
  ) );
#3218 = ORIENTED_EDGE('',*,*,#3219,.F.);
#3219 = EDGE_CURVE('',#3220,#3194,#3222,.T.);
#3220 = VERTEX_POINT('',#3221);
#3221 = CARTESIAN_POINT('',(29.747358895011,23.238776619509,-5.));
#3222 = SURFACE_CURVE('',#3223,(#3227,#3233),.PCURVE_S1.);
#3223 = LINE('',#3224,#3225);
#3224 = CARTESIAN_POINT('',(29.747358895011,23.238776619509,-5.));
#3225 = VECTOR('',#3226,1.);
#3226 = DIRECTION('',(0.500011000363,0.866019052629,0.));
#3227 = PCURVE('',#93,#3228);
#3228 = DEFINITIONAL_REPRESENTATION('',(#3229),#3232);
#3229 = B_SPLINE_CURVE_WITH_KNOTS('',1,(#3230,#3231),.UNSPECIFIED.,.F.,
  .F.,(2,2),(-5.999999984871E-07,69.99846058306),
  .PIECEWISE_BEZIER_KNOTS.);
#3230 = CARTESIAN_POINT('',(29.747358595004,23.238776099897));
#3231 = CARTESIAN_POINT('',(64.747359195017,83.85877713912));
#3232 = ( GEOMETRIC_REPRESENTATION_CONTEXT(2) 
PARAMETRIC_REPRESENTATION_CONTEXT() REPRESENTATION_CONTEXT('2D SPACE',''
  ) );
#3233 = PCURVE('',#1601,#3234);
#3234 = DEFINITIONAL_REPRESENTATION('',(#3235),#3238);
#3235 = B_SPLINE_CURVE_WITH_KNOTS('',1,(#3236,#3237),.UNSPECIFIED.,.F.,
  .F.,(2,2),(-5.999999984871E-07,69.99846058306),
  .PIECEWISE_BEZIER_KNOTS.);
#3236 = CARTESIAN_POINT('',(0.339836909454,-6.000000002635E-07));
#3237 = CARTESIAN_POINT('',(0.339836909454,69.99846058306));
#3238 = ( GEOMETRIC_REPRESENTATION_CONTEXT(2) 
PARAMETRIC_REPRESENTATION_CONTEXT() REPRESENTATION_CONTEXT('2D SPACE',''
  ) );
#3239 = ORIENTED_EDGE('',*,*,#3240,.T.);
#3240 = EDGE_CURVE('',#3220,#3241,#3243,.T.);
#3241 = VERTEX_POINT('',#3242);
#3242 = CARTESIAN_POINT('',(5.252641104989,37.381223380491,-5.));
#3243 = SURFACE_CURVE('',#3244,(#3248,#3254),.PCURVE_S1.);
#3244 = LINE('',#3245,#3246);
#3245 = CARTESIAN_POINT('',(17.5,30.31,-5.));
#3246 = VECTOR('',#3247,1.);
#3247 = DIRECTION('',(-0.866019052629,0.500011000363,0.));
#3248 = PCURVE('',#93,#3249);
#3249 = DEFINITIONAL_REPRESENTATION('',(#3250),#3253);
#3250 = B_SPLINE_CURVE_WITH_KNOTS('',1,(#3251,#3252),.UNSPECIFIED.,.F.,
  .F.,(2,2),(-15.,15.),.PIECEWISE_BEZIER_KNOTS.);
#3251 = CARTESIAN_POINT('',(30.490285789431,22.809834994555));
#3252 = CARTESIAN_POINT('',(4.509714210569,37.810165005445));
#3253 = ( GEOMETRIC_REPRESENTATION_CONTEXT(2) 
PARAMETRIC_REPRESENTATION_CONTEXT() REPRESENTATION_CONTEXT('2D SPACE',''
  ) );
#3254 = PCURVE('',#1627,#3255);
#3255 = DEFINITIONAL_REPRESENTATION('',(#3256),#3259);
#3256 = B_SPLINE_CURVE_WITH_KNOTS('',1,(#3257,#3258),.UNSPECIFIED.,.F.,
  .F.,(2,2),(-15.,15.),.PIECEWISE_BEZIER_KNOTS.);
#3257 = CARTESIAN_POINT('',(15.,5.));
#3258 = CARTESIAN_POINT('',(-15.,5.));
#3259 = ( GEOMETRIC_REPRESENTATION_CONTEXT(2) 
PARAMETRIC_REPRESENTATION_CONTEXT() REPRESENTATION_CONTEXT('2D SPACE',''
  ) );
#3260 = ORIENTED_EDGE('',*,*,#3261,.T.);
#3261 = EDGE_CURVE('',#3241,#3262,#3264,.T.);
#3262 = VERTEX_POINT('',#3263);
#3263 = CARTESIAN_POINT('',(7.752641104989,41.711223380491,-5.));
#3264 = SURFACE_CURVE('',#3265,(#3269,#3275),.PCURVE_S1.);
#3265 = LINE('',#3266,#3267);
#3266 = CARTESIAN_POINT('',(5.252641104989,37.381223380491,-5.));
#3267 = VECTOR('',#3268,1.);
#3268 = DIRECTION('',(0.500011000363,0.866019052629,0.));
#3269 = PCURVE('',#93,#3270);
#3270 = DEFINITIONAL_REPRESENTATION('',(#3271),#3274);
#3271 = B_SPLINE_CURVE_WITH_KNOTS('',1,(#3272,#3273),.UNSPECIFIED.,.F.,
  .F.,(2,2),(-6.000000015638E-07,69.99846058306),
  .PIECEWISE_BEZIER_KNOTS.);
#3272 = CARTESIAN_POINT('',(5.252640804983,37.38122286088));
#3273 = CARTESIAN_POINT('',(40.252641404996,98.001223900103));
#3274 = ( GEOMETRIC_REPRESENTATION_CONTEXT(2) 
PARAMETRIC_REPRESENTATION_CONTEXT() REPRESENTATION_CONTEXT('2D SPACE',''
  ) );
#3275 = PCURVE('',#1601,#3276);
#3276 = DEFINITIONAL_REPRESENTATION('',(#3277),#3280);
#3277 = B_SPLINE_CURVE_WITH_KNOTS('',1,(#3278,#3279),.UNSPECIFIED.,.F.,
  .F.,(2,2),(-6.000000015638E-07,69.99846058306),
  .PIECEWISE_BEZIER_KNOTS.);
#3278 = CARTESIAN_POINT('',(2.801755744136,-5.999999997875E-07));
#3279 = CARTESIAN_POINT('',(2.801755744136,69.99846058306));
#3280 = ( GEOMETRIC_REPRESENTATION_CONTEXT(2) 
PARAMETRIC_REPRESENTATION_CONTEXT() REPRESENTATION_CONTEXT('2D SPACE',''
  ) );
#3281 = ORIENTED_EDGE('',*,*,#3282,.T.);
#3282 = EDGE_CURVE('',#3262,#3283,#3285,.T.);
#3283 = VERTEX_POINT('',#3284);
#3284 = CARTESIAN_POINT('',(5.928855914595,42.764217139379,-5.));
#3285 = SURFACE_CURVE('',#3286,(#3290,#3296),.PCURVE_S1.);
#3286 = LINE('',#3287,#3288);
#3287 = CARTESIAN_POINT('',(20.,34.64,-5.));
#3288 = VECTOR('',#3289,1.);
#3289 = DIRECTION('',(-0.866019052629,0.500011000363,0.));
#3290 = PCURVE('',#93,#3291);
#3291 = DEFINITIONAL_REPRESENTATION('',(#3292),#3295);
#3292 = B_SPLINE_CURVE_WITH_KNOTS('',1,(#3293,#3294),.UNSPECIFIED.,.F.,
  .F.,(2,2),(-17.,17.),.PIECEWISE_BEZIER_KNOTS.);
#3293 = CARTESIAN_POINT('',(34.722323894689,26.139812993829));
#3294 = CARTESIAN_POINT('',(5.277676105311,43.140187006171));
#3295 = ( GEOMETRIC_REPRESENTATION_CONTEXT(2) 
PARAMETRIC_REPRESENTATION_CONTEXT() REPRESENTATION_CONTEXT('2D SPACE',''
  ) );
#3296 = PCURVE('',#3208,#3297);
#3297 = DEFINITIONAL_REPRESENTATION('',(#3298),#3301);
#3298 = B_SPLINE_CURVE_WITH_KNOTS('',1,(#3299,#3300),.UNSPECIFIED.,.F.,
  .F.,(2,2),(-17.,17.),.PIECEWISE_BEZIER_KNOTS.);
#3299 = CARTESIAN_POINT('',(17.,5.));
#3300 = CARTESIAN_POINT('',(-17.,5.));
#3301 = ( GEOMETRIC_REPRESENTATION_CONTEXT(2) 
PARAMETRIC_REPRESENTATION_CONTEXT() REPRESENTATION_CONTEXT('2D SPACE',''
  ) );
#3302 = ORIENTED_EDGE('',*,*,#3303,.T.);
#3303 = EDGE_CURVE('',#3283,#3304,#3306,.T.);
#3304 = VERTEX_POINT('',#3305);
#3305 = CARTESIAN_POINT('',(35.928855914595,94.724217139379,-5.));
#3306 = SURFACE_CURVE('',#3307,(#3311,#3317),.PCURVE_S1.);
#3307 = LINE('',#3308,#3309);
#3308 = CARTESIAN_POINT('',(5.928855914595,42.764217139379,-5.));
#3309 = VECTOR('',#3310,1.);
#3310 = DIRECTION('',(0.500011000363,0.866019052629,0.));
#3311 = PCURVE('',#93,#3312);
#3312 = DEFINITIONAL_REPRESENTATION('',(#3313),#3316);
#3313 = B_SPLINE_CURVE_WITH_KNOTS('',1,(#3314,#3315),.UNSPECIFIED.,.F.,
  .F.,(2,2),(-6.000000015638E-07,59.99868058548),
  .PIECEWISE_BEZIER_KNOTS.);
#3314 = CARTESIAN_POINT('',(5.928855614589,42.764216619768));
#3315 = CARTESIAN_POINT('',(35.928856214602,94.724217658991));
#3316 = ( GEOMETRIC_REPRESENTATION_CONTEXT(2) 
PARAMETRIC_REPRESENTATION_CONTEXT() REPRESENTATION_CONTEXT('2D SPACE',''
  ) );
#3317 = PCURVE('',#3182,#3318);
#3318 = DEFINITIONAL_REPRESENTATION('',(#3319),#3322);
#3319 = B_SPLINE_CURVE_WITH_KNOTS('',1,(#3320,#3321),.UNSPECIFIED.,.F.,
  .F.,(2,2),(-6.000000015638E-07,59.99868058548),
  .PIECEWISE_BEZIER_KNOTS.);
#3320 = CARTESIAN_POINT('',(2.843060452405,-5.999999997875E-07));
#3321 = CARTESIAN_POINT('',(2.843060452405,59.99868058548));
#3322 = ( GEOMETRIC_REPRESENTATION_CONTEXT(2) 
PARAMETRIC_REPRESENTATION_CONTEXT() REPRESENTATION_CONTEXT('2D SPACE',''
  ) );
#3323 = ORIENTED_EDGE('',*,*,#3324,.F.);
#3324 = EDGE_CURVE('',#3325,#3304,#3327,.T.);
#3325 = VERTEX_POINT('',#3326);
#3326 = CARTESIAN_POINT('',(37.752641104989,93.671223380491,-5.));
#3327 = SURFACE_CURVE('',#3328,(#3332,#3338),.PCURVE_S1.);
#3328 = LINE('',#3329,#3330);
#3329 = CARTESIAN_POINT('',(50.,86.6,-5.));
#3330 = VECTOR('',#3331,1.);
#3331 = DIRECTION('',(-0.866019052629,0.500011000363,0.));
#3332 = PCURVE('',#93,#3333);
#3333 = DEFINITIONAL_REPRESENTATION('',(#3334),#3337);
#3334 = B_SPLINE_CURVE_WITH_KNOTS('',1,(#3335,#3336),.UNSPECIFIED.,.F.,
  .F.,(2,2),(-17.,17.),.PIECEWISE_BEZIER_KNOTS.);
#3335 = CARTESIAN_POINT('',(64.722323894689,78.099812993829));
#3336 = CARTESIAN_POINT('',(35.277676105311,95.100187006171));
#3337 = ( GEOMETRIC_REPRESENTATION_CONTEXT(2) 
PARAMETRIC_REPRESENTATION_CONTEXT() REPRESENTATION_CONTEXT('2D SPACE',''
  ) );
#3338 = PCURVE('',#3339,#3344);
#3339 = PLANE('',#3340);
#3340 = AXIS2_PLACEMENT_3D('',#3341,#3342,#3343);
#3341 = CARTESIAN_POINT('',(50.,86.6,0.));
#3342 = DIRECTION('',(0.500011000363,0.866019052629,0.));
#3343 = DIRECTION('',(0.866019052629,-0.500011000363,0.));
#3344 = DEFINITIONAL_REPRESENTATION('',(#3345),#3348);
#3345 = B_SPLINE_CURVE_WITH_KNOTS('',1,(#3346,#3347),.UNSPECIFIED.,.F.,
  .F.,(2,2),(-17.,17.),.PIECEWISE_BEZIER_KNOTS.);
#3346 = CARTESIAN_POINT('',(17.,5.));
#3347 = CARTESIAN_POINT('',(-17.,5.));
#3348 = ( GEOMETRIC_REPRESENTATION_CONTEXT(2) 
PARAMETRIC_REPRESENTATION_CONTEXT() REPRESENTATION_CONTEXT('2D SPACE',''
  ) );
#3349 = ORIENTED_EDGE('',*,*,#3350,.T.);
#3350 = EDGE_CURVE('',#3325,#3351,#3353,.T.);
#3351 = VERTEX_POINT('',#3352);
#3352 = CARTESIAN_POINT('',(40.252641104989,98.001223380491,-5.));
#3353 = SURFACE_CURVE('',#3354,(#3358,#3364),.PCURVE_S1.);
#3354 = LINE('',#3355,#3356);
#3355 = CARTESIAN_POINT('',(5.252641104989,37.381223380491,-5.));
#3356 = VECTOR('',#3357,1.);
#3357 = DIRECTION('',(0.500011000363,0.866019052629,0.));
#3358 = PCURVE('',#93,#3359);
#3359 = DEFINITIONAL_REPRESENTATION('',(#3360),#3363);
#3360 = B_SPLINE_CURVE_WITH_KNOTS('',1,(#3361,#3362),.UNSPECIFIED.,.F.,
  .F.,(2,2),(-6.000000015638E-07,69.99846058306),
  .PIECEWISE_BEZIER_KNOTS.);
#3361 = CARTESIAN_POINT('',(5.252640804983,37.38122286088));
#3362 = CARTESIAN_POINT('',(40.252641404996,98.001223900103));
#3363 = ( GEOMETRIC_REPRESENTATION_CONTEXT(2) 
PARAMETRIC_REPRESENTATION_CONTEXT() REPRESENTATION_CONTEXT('2D SPACE',''
  ) );
#3364 = PCURVE('',#1601,#3365);
#3365 = DEFINITIONAL_REPRESENTATION('',(#3366),#3369);
#3366 = B_SPLINE_CURVE_WITH_KNOTS('',1,(#3367,#3368),.UNSPECIFIED.,.F.,
  .F.,(2,2),(-6.000000015638E-07,69.99846058306),
  .PIECEWISE_BEZIER_KNOTS.);
#3367 = CARTESIAN_POINT('',(2.801755744136,-5.999999997875E-07));
#3368 = CARTESIAN_POINT('',(2.801755744136,69.99846058306));
#3369 = ( GEOMETRIC_REPRESENTATION_CONTEXT(2) 
PARAMETRIC_REPRESENTATION_CONTEXT() REPRESENTATION_CONTEXT('2D SPACE',''
  ) );
#3370 = ORIENTED_EDGE('',*,*,#3371,.F.);
#3371 = EDGE_CURVE('',#3372,#3351,#3374,.T.);
#3372 = VERTEX_POINT('',#3373);
#3373 = CARTESIAN_POINT('',(64.747358895011,83.858776619509,-5.));
#3374 = SURFACE_CURVE('',#3375,(#3379,#3385),.PCURVE_S1.);
#3375 = LINE('',#3376,#3377);
#3376 = CARTESIAN_POINT('',(52.5,90.93,-5.));
#3377 = VECTOR('',#3378,1.);
#3378 = DIRECTION('',(-0.866019052629,0.500011000363,0.));
#3379 = PCURVE('',#93,#3380);
#3380 = DEFINITIONAL_REPRESENTATION('',(#3381),#3384);
#3381 = B_SPLINE_CURVE_WITH_KNOTS('',1,(#3382,#3383),.UNSPECIFIED.,.F.,
  .F.,(2,2),(-15.,15.),.PIECEWISE_BEZIER_KNOTS.);
#3382 = CARTESIAN_POINT('',(65.490285789431,83.429834994555));
#3383 = CARTESIAN_POINT('',(39.509714210569,98.430165005445));
#3384 = ( GEOMETRIC_REPRESENTATION_CONTEXT(2) 
PARAMETRIC_REPRESENTATION_CONTEXT() REPRESENTATION_CONTEXT('2D SPACE',''
  ) );
#3385 = PCURVE('',#1763,#3386);
#3386 = DEFINITIONAL_REPRESENTATION('',(#3387),#3390);
#3387 = B_SPLINE_CURVE_WITH_KNOTS('',1,(#3388,#3389),.UNSPECIFIED.,.F.,
  .F.,(2,2),(-15.,15.),.PIECEWISE_BEZIER_KNOTS.);
#3388 = CARTESIAN_POINT('',(15.,5.));
#3389 = CARTESIAN_POINT('',(-15.,5.));
#3390 = ( GEOMETRIC_REPRESENTATION_CONTEXT(2) 
PARAMETRIC_REPRESENTATION_CONTEXT() REPRESENTATION_CONTEXT('2D SPACE',''
  ) );
#3391 = ORIENTED_EDGE('',*,*,#3392,.F.);
#3392 = EDGE_CURVE('',#3393,#3372,#3395,.T.);
#3393 = VERTEX_POINT('',#3394);
#3394 = CARTESIAN_POINT('',(62.247358895011,79.528776619509,-5.));
#3395 = SURFACE_CURVE('',#3396,(#3400,#3406),.PCURVE_S1.);
#3396 = LINE('',#3397,#3398);
#3397 = CARTESIAN_POINT('',(29.747358895011,23.238776619509,-5.));
#3398 = VECTOR('',#3399,1.);
#3399 = DIRECTION('',(0.500011000363,0.866019052629,0.));
#3400 = PCURVE('',#93,#3401);
#3401 = DEFINITIONAL_REPRESENTATION('',(#3402),#3405);
#3402 = B_SPLINE_CURVE_WITH_KNOTS('',1,(#3403,#3404),.UNSPECIFIED.,.F.,
  .F.,(2,2),(-5.999999984871E-07,69.99846058306),
  .PIECEWISE_BEZIER_KNOTS.);
#3403 = CARTESIAN_POINT('',(29.747358595004,23.238776099897));
#3404 = CARTESIAN_POINT('',(64.747359195017,83.85877713912));
#3405 = ( GEOMETRIC_REPRESENTATION_CONTEXT(2) 
PARAMETRIC_REPRESENTATION_CONTEXT() REPRESENTATION_CONTEXT('2D SPACE',''
  ) );
#3406 = PCURVE('',#1601,#3407);
#3407 = DEFINITIONAL_REPRESENTATION('',(#3408),#3411);
#3408 = B_SPLINE_CURVE_WITH_KNOTS('',1,(#3409,#3410),.UNSPECIFIED.,.F.,
  .F.,(2,2),(-5.999999984871E-07,69.99846058306),
  .PIECEWISE_BEZIER_KNOTS.);
#3409 = CARTESIAN_POINT('',(0.339836909454,-6.000000002635E-07));
#3410 = CARTESIAN_POINT('',(0.339836909454,69.99846058306));
#3411 = ( GEOMETRIC_REPRESENTATION_CONTEXT(2) 
PARAMETRIC_REPRESENTATION_CONTEXT() REPRESENTATION_CONTEXT('2D SPACE',''
  ) );
#3412 = ORIENTED_EDGE('',*,*,#3413,.F.);
#3413 = EDGE_CURVE('',#3168,#3393,#3414,.T.);
#3414 = SURFACE_CURVE('',#3415,(#3419,#3425),.PCURVE_S1.);
#3415 = LINE('',#3416,#3417);
#3416 = CARTESIAN_POINT('',(50.,86.6,-5.));
#3417 = VECTOR('',#3418,1.);
#3418 = DIRECTION('',(-0.866019052629,0.500011000363,0.));
#3419 = PCURVE('',#93,#3420);
#3420 = DEFINITIONAL_REPRESENTATION('',(#3421),#3424);
#3421 = B_SPLINE_CURVE_WITH_KNOTS('',1,(#3422,#3423),.UNSPECIFIED.,.F.,
  .F.,(2,2),(-17.,17.),.PIECEWISE_BEZIER_KNOTS.);
#3422 = CARTESIAN_POINT('',(64.722323894689,78.099812993829));
#3423 = CARTESIAN_POINT('',(35.277676105311,95.100187006171));
#3424 = ( GEOMETRIC_REPRESENTATION_CONTEXT(2) 
PARAMETRIC_REPRESENTATION_CONTEXT() REPRESENTATION_CONTEXT('2D SPACE',''
  ) );
#3425 = PCURVE('',#3339,#3426);
#3426 = DEFINITIONAL_REPRESENTATION('',(#3427),#3430);
#3427 = B_SPLINE_CURVE_WITH_KNOTS('',1,(#3428,#3429),.UNSPECIFIED.,.F.,
  .F.,(2,2),(-17.,17.),.PIECEWISE_BEZIER_KNOTS.);
#3428 = CARTESIAN_POINT('',(17.,5.));
#3429 = CARTESIAN_POINT('',(-17.,5.));
#3430 = ( GEOMETRIC_REPRESENTATION_CONTEXT(2) 
PARAMETRIC_REPRESENTATION_CONTEXT() REPRESENTATION_CONTEXT('2D SPACE',''
  ) );
#3431 = ADVANCED_FACE('',(#3432,#3480),#129,.T.);
#3432 = FACE_BOUND('',#3433,.T.);
#3433 = EDGE_LOOP('',(#3434,#3435,#3457,#3458));
#3434 = ORIENTED_EDGE('',*,*,#112,.T.);
#3435 = ORIENTED_EDGE('',*,*,#3436,.F.);
#3436 = EDGE_CURVE('',#261,#115,#3437,.T.);
#3437 = SURFACE_CURVE('',#3438,(#3443,#3450),.PCURVE_S1.);
#3438 = CIRCLE('',#3439,17.);
#3439 = AXIS2_PLACEMENT_3D('',#3440,#3441,#3442);
#3440 = CARTESIAN_POINT('',(-50.,-86.6,0.));
#3441 = DIRECTION('',(-0.500011000363,-0.866019052629,0.));
#3442 = DIRECTION('',(-0.866019052629,0.500011000363,0.));
#3443 = PCURVE('',#129,#3444);
#3444 = DEFINITIONAL_REPRESENTATION('',(#3445),#3449);
#3445 = LINE('',#3446,#3447);
#3446 = CARTESIAN_POINT('',(0.,59.99867998548));
#3447 = VECTOR('',#3448,1.);
#3448 = DIRECTION('',(1.,0.));
#3449 = ( GEOMETRIC_REPRESENTATION_CONTEXT(2) 
PARAMETRIC_REPRESENTATION_CONTEXT() REPRESENTATION_CONTEXT('2D SPACE',''
  ) );
#3450 = PCURVE('',#296,#3451);
#3451 = DEFINITIONAL_REPRESENTATION('',(#3452),#3456);
#3452 = CIRCLE('',#3453,17.);
#3453 = AXIS2_PLACEMENT_2D('',#3454,#3455);
#3454 = CARTESIAN_POINT('',(0.,0.));
#3455 = DIRECTION('',(1.,0.));
#3456 = ( GEOMETRIC_REPRESENTATION_CONTEXT(2) 
PARAMETRIC_REPRESENTATION_CONTEXT() REPRESENTATION_CONTEXT('2D SPACE',''
  ) );
#3457 = ORIENTED_EDGE('',*,*,#260,.F.);
#3458 = ORIENTED_EDGE('',*,*,#3459,.T.);
#3459 = EDGE_CURVE('',#240,#113,#3460,.T.);
#3460 = SURFACE_CURVE('',#3461,(#3466,#3473),.PCURVE_S1.);
#3461 = CIRCLE('',#3462,17.);
#3462 = AXIS2_PLACEMENT_3D('',#3463,#3464,#3465);
#3463 = CARTESIAN_POINT('',(-20.,-34.64,0.));
#3464 = DIRECTION('',(-0.500011000363,-0.866019052629,0.));
#3465 = DIRECTION('',(-0.866019052629,0.500011000363,0.));
#3466 = PCURVE('',#129,#3467);
#3467 = DEFINITIONAL_REPRESENTATION('',(#3468),#3472);
#3468 = LINE('',#3469,#3470);
#3469 = CARTESIAN_POINT('',(0.,0.));
#3470 = VECTOR('',#3471,1.);
#3471 = DIRECTION('',(1.,0.));
#3472 = ( GEOMETRIC_REPRESENTATION_CONTEXT(2) 
PARAMETRIC_REPRESENTATION_CONTEXT() REPRESENTATION_CONTEXT('2D SPACE',''
  ) );
#3473 = PCURVE('',#155,#3474);
#3474 = DEFINITIONAL_REPRESENTATION('',(#3475),#3479);
#3475 = CIRCLE('',#3476,17.);
#3476 = AXIS2_PLACEMENT_2D('',#3477,#3478);
#3477 = CARTESIAN_POINT('',(0.,0.));
#3478 = DIRECTION('',(1.,0.));
#3479 = ( GEOMETRIC_REPRESENTATION_CONTEXT(2) 
PARAMETRIC_REPRESENTATION_CONTEXT() REPRESENTATION_CONTEXT('2D SPACE',''
  ) );
#3480 = FACE_BOUND('',#3481,.T.);
#3481 = EDGE_LOOP('',(#3482));
#3482 = ORIENTED_EDGE('',*,*,#3483,.F.);
#3483 = EDGE_CURVE('',#3484,#3484,#3486,.T.);
#3484 = VERTEX_POINT('',#3485);
#3485 = CARTESIAN_POINT('',(-32.9,-60.62,16.902442087229));
#3486 = SURFACE_CURVE('',#3487,(#3546,#3608),.PCURVE_S1.);
#3487 = B_SPLINE_CURVE_WITH_KNOTS('',8,(#3488,#3489,#3490,#3491,#3492,
    #3493,#3494,#3495,#3496,#3497,#3498,#3499,#3500,#3501,#3502,#3503,
    #3504,#3505,#3506,#3507,#3508,#3509,#3510,#3511,#3512,#3513,#3514,
    #3515,#3516,#3517,#3518,#3519,#3520,#3521,#3522,#3523,#3524,#3525,
    #3526,#3527,#3528,#3529,#3530,#3531,#3532,#3533,#3534,#3535,#3536,
    #3537,#3538,#3539,#3540,#3541,#3542,#3543,#3544,#3545),
  .UNSPECIFIED.,.T.,.F.,(9,7,7,7,7,7,7,7,9),(0.,0.125044463422,
    0.238089465329,0.336885764976,0.429977511844,0.579116344869,
    0.700372620012,0.839119681394,1.),.UNSPECIFIED.);
#3488 = CARTESIAN_POINT('',(-32.9,-60.62,16.902442087229));
#3489 = CARTESIAN_POINT('',(-32.9,-60.42870296226,16.912733739139));
#3490 = CARTESIAN_POINT('',(-32.91991505018,-60.23137569281,
    16.924579651964));
#3491 = CARTESIAN_POINT('',(-32.96194438627,-60.03038918321,
    16.937595260216));
#3492 = CARTESIAN_POINT('',(-33.0280532828,-59.82858322062,
    16.951185749257));
#3493 = CARTESIAN_POINT('',(-33.11995315377,-59.62928799526,
    16.964551208962));
#3494 = CARTESIAN_POINT('',(-33.23906083402,-59.43638946462,
    16.97671331913));
#3495 = CARTESIAN_POINT('',(-33.38640542368,-59.25448375526,
    16.986601440823));
#3496 = CARTESIAN_POINT('',(-33.7216031162,-58.93971217018,
    16.999233873345));
#3497 = CARTESIAN_POINT('',(-33.90063149343,-58.80717885687,
    17.002437176646));
#3498 = CARTESIAN_POINT('',(-34.09615363733,-58.69639859794,
    17.002264774779));
#3499 = CARTESIAN_POINT('',(-34.3034161481,-58.61072232228,
    16.99851024746));
#3500 = CARTESIAN_POINT('',(-34.51674412884,-58.55185349931,
    16.991525897492));
#3501 = CARTESIAN_POINT('',(-34.7300049137,-58.51964354067,
    16.982132303018));
#3502 = CARTESIAN_POINT('',(-34.93702013746,-58.51188557945,
    16.971372581785));
#3503 = CARTESIAN_POINT('',(-35.30214153741,-58.53485707084,
    16.950492905719));
#3504 = CARTESIAN_POINT('',(-35.46629166592,-58.56105822285,
    16.940282256275));
#3505 = CARTESIAN_POINT('',(-35.62338671202,-58.60101398348,
    16.930031624966));
#3506 = CARTESIAN_POINT('',(-35.77280268739,-58.65321111989,
    16.92010223715));
#3507 = CARTESIAN_POINT('',(-35.91412413754,-58.71633316396,
    16.910783595871));
#3508 = CARTESIAN_POINT('',(-36.04707168887,-58.78924168103,
    16.902298247233));
#3509 = CARTESIAN_POINT('',(-36.17144838502,-58.87096215276,
    16.894811233101));
#3510 = CARTESIAN_POINT('',(-36.39608317446,-59.04520675639,
    16.882444863429));
#3511 = CARTESIAN_POINT('',(-36.49738526565,-59.13688594006,
    16.877436059245));
#3512 = CARTESIAN_POINT('',(-36.59088812492,-59.23505709466,
    16.87351996451));
#3513 = CARTESIAN_POINT('',(-36.67646432088,-59.33916567049,
    16.870765782996));
#3514 = CARTESIAN_POINT('',(-36.75396603248,-59.44873569907,
    16.869215351684));
#3515 = CARTESIAN_POINT('',(-36.8232090004,-59.5633485984,
    16.868886468238));
#3516 = CARTESIAN_POINT('',(-36.88395634935,-59.68262258293,
    16.869773970619));
#3517 = CARTESIAN_POINT('',(-37.01912293134,-60.00415974219,
    16.87517220565));
#3518 = CARTESIAN_POINT('',(-37.07970712742,-60.21304279568,
    16.881540480286));
#3519 = CARTESIAN_POINT('',(-37.11650858268,-60.43147119039,
    16.890830928718));
#3520 = CARTESIAN_POINT('',(-37.12772683726,-60.65800583902,
    16.902765582394));
#3521 = CARTESIAN_POINT('',(-37.11096567615,-60.89073831933,
    16.916877280116));
#3522 = CARTESIAN_POINT('',(-37.06327127874,-61.12701918779,
    16.932402687433));
#3523 = CARTESIAN_POINT('',(-36.9812092739,-61.36302806247,
    16.948191239086));
#3524 = CARTESIAN_POINT('',(-36.76333699272,-61.77979219232,
    16.974531092374));
#3525 = CARTESIAN_POINT('',(-36.63818578333,-61.96694781122,
    16.985782947477));
#3526 = CARTESIAN_POINT('',(-36.48473597878,-62.14475705811,
    16.995202617126));
#3527 = CARTESIAN_POINT('',(-36.30503468643,-62.30503937079,
    17.001490688994));
#3528 = CARTESIAN_POINT('',(-36.10358483251,-62.44127001235,
    17.00369406055));
#3529 = CARTESIAN_POINT('',(-35.886653063,-62.54899696343,
    17.001661294171));
#3530 = CARTESIAN_POINT('',(-35.66167489129,-62.62626892162,
    16.995968035786));
#3531 = CARTESIAN_POINT('',(-35.17914600367,-62.72884000898,
    16.978045650565));
#3532 = CARTESIAN_POINT('',(-34.92598383508,-62.74409830084,
    16.965155504979));
#3533 = CARTESIAN_POINT('',(-34.68245213791,-62.7251305533,
    16.950393795509));
#3534 = CARTESIAN_POINT('',(-34.45195682202,-62.67666064982,
    16.935158781799));
#3535 = CARTESIAN_POINT('',(-34.23678269927,-62.60293208235,
    16.920571497597));
#3536 = CARTESIAN_POINT('',(-34.03844612294,-62.50772647336,
    16.907440492544));
#3537 = CARTESIAN_POINT('',(-33.85786858288,-62.39437359268,
    16.896311220445));
#3538 = CARTESIAN_POINT('',(-33.50746876946,-62.11665736955,
    16.877281142238));
#3539 = CARTESIAN_POINT('',(-33.34286030889,-61.94617240957,
    16.87011947171));
#3540 = CARTESIAN_POINT('',(-33.20222591084,-61.75768333157,
    16.866520774612));
#3541 = CARTESIAN_POINT('',(-33.0862210266,-61.55356416503,
    16.866707773611));
#3542 = CARTESIAN_POINT('',(-32.9959508324,-61.3357608933,
    16.870702852857));
#3543 = CARTESIAN_POINT('',(-32.93308845355,-61.10609498161,
    16.878334038352));
#3544 = CARTESIAN_POINT('',(-32.9,-60.86657697316,16.88917641199));
#3545 = CARTESIAN_POINT('',(-32.9,-60.62,16.902442087229));
#3546 = PCURVE('',#129,#3547);
#3547 = DEFINITIONAL_REPRESENTATION('',(#3548),#3607);
#3548 = B_SPLINE_CURVE_WITH_KNOTS('',8,(#3549,#3550,#3551,#3552,#3553,
    #3554,#3555,#3556,#3557,#3558,#3559,#3560,#3561,#3562,#3563,#3564,
    #3565,#3566,#3567,#3568,#3569,#3570,#3571,#3572,#3573,#3574,#3575,
    #3576,#3577,#3578,#3579,#3580,#3581,#3582,#3583,#3584,#3585,#3586,
    #3587,#3588,#3589,#3590,#3591,#3592,#3593,#3594,#3595,#3596,#3597,
    #3598,#3599,#3600,#3601,#3602,#3603,#3604,#3605,#3606),
  .UNSPECIFIED.,.T.,.F.,(9,7,7,7,7,7,7,7,9),(0.,0.125044463422,
    0.238089465329,0.336885764976,0.429977511844,0.579116344869,
    0.700372620012,0.839119681394,1.),.UNSPECIFIED.);
#3549 = CARTESIAN_POINT('',(4.605205045512,28.949316891977));
#3550 = CARTESIAN_POINT('',(4.610864027966,28.78365001259));
#3551 = CARTESIAN_POINT('',(4.617717836717,28.622718581803));
#3552 = CARTESIAN_POINT('',(4.625806362498,28.469675565547));
#3553 = CARTESIAN_POINT('',(4.635143177398,28.327962932506));
#3554 = CARTESIAN_POINT('',(4.645714212765,28.201320416656));
#3555 = CARTESIAN_POINT('',(4.657474999695,28.09382176426));
#3556 = CARTESIAN_POINT('',(4.670342645287,28.009961869847));
#3557 = CARTESIAN_POINT('',(4.69668705924,27.904966213495));
#3558 = CARTESIAN_POINT('',(4.709705444945,27.879705997047));
#3559 = CARTESIAN_POINT('',(4.722921506872,27.88153140493));
#3560 = CARTESIAN_POINT('',(4.735998470494,27.91096765319));
#3561 = CARTESIAN_POINT('',(4.748601342674,27.966652467948));
#3562 = CARTESIAN_POINT('',(4.760424234262,28.045390768458));
#3563 = CARTESIAN_POINT('',(4.771216299906,28.142182115358));
#3564 = CARTESIAN_POINT('',(4.789182806295,28.344640581009));
#3565 = CARTESIAN_POINT('',(4.796797651708,28.449408147817));
#3566 = CARTESIAN_POINT('',(4.80365138488,28.562559848936));
#3567 = CARTESIAN_POINT('',(4.809755447959,28.682473194875));
#3568 = CARTESIAN_POINT('',(4.81512600536,28.807800367346));
#3569 = CARTESIAN_POINT('',(4.819781014928,28.937415770365));
#3570 = CARTESIAN_POINT('',(4.823738019088,29.070376972133));
#3571 = CARTESIAN_POINT('',(4.83009821352,29.333595984482));
#3572 = CARTESIAN_POINT('',(4.832579798013,29.463644064223));
#3573 = CARTESIAN_POINT('',(4.834469679646,29.595414612724));
#3574 = CARTESIAN_POINT('',(4.835777120918,29.728363662284));
#3575 = CARTESIAN_POINT('',(4.836508229175,29.862005102981));
#3576 = CARTESIAN_POINT('',(4.836665773641,29.995884303137));
#3577 = CARTESIAN_POINT('',(4.83624896696,30.12955218894));
#3578 = CARTESIAN_POINT('',(4.83365794789,30.475594272863));
#3579 = CARTESIAN_POINT('',(4.83057762705,30.686783741445));
#3580 = CARTESIAN_POINT('',(4.825995197787,30.894348025359));
#3581 = CARTESIAN_POINT('',(4.81986355043,31.096140597849));
#3582 = CARTESIAN_POINT('',(4.812120350903,31.289310595027));
#3583 = CARTESIAN_POINT('',(4.8026979229,31.470086605525));
#3584 = CARTESIAN_POINT('',(4.791538825837,31.633442882455));
#3585 = CARTESIAN_POINT('',(4.76813053906,31.885430022094));
#3586 = CARTESIAN_POINT('',(4.756232597501,31.984933372464));
#3587 = CARTESIAN_POINT('',(4.743175867477,32.062192977722));
#3588 = CARTESIAN_POINT('',(4.729305902819,32.111147891349));
#3589 = CARTESIAN_POINT('',(4.715040543623,32.128399079515));
#3590 = CARTESIAN_POINT('',(4.700823552793,32.113224400542));
#3591 = CARTESIAN_POINT('',(4.687087122585,32.067651827881));
#3592 = CARTESIAN_POINT('',(4.659469000253,31.915210591979));
#3593 = CARTESIAN_POINT('',(4.646104344343,31.801840694271));
#3594 = CARTESIAN_POINT('',(4.634226746087,31.663645735985));
#3595 = CARTESIAN_POINT('',(4.623872961909,31.506419682619));
#3596 = CARTESIAN_POINT('',(4.615038838034,31.334979910103));
#3597 = CARTESIAN_POINT('',(4.607694850305,31.153359568858));
#3598 = CARTESIAN_POINT('',(4.601793411798,30.964903058063));
#3599 = CARTESIAN_POINT('',(4.592047045719,30.549191756375));
#3600 = CARTESIAN_POINT('',(4.588649805233,30.319242491813));
#3601 = CARTESIAN_POINT('',(4.587015694636,30.085688612992));
#3602 = CARTESIAN_POINT('',(4.587110374005,29.850913807555));
#3603 = CARTESIAN_POINT('',(4.588933196113,29.617155934405));
#3604 = CARTESIAN_POINT('',(4.592514084526,29.386828998203));
#3605 = CARTESIAN_POINT('',(4.597910762332,29.16285724868));
#3606 = CARTESIAN_POINT('',(4.605205045512,28.949316891977));
#3607 = ( GEOMETRIC_REPRESENTATION_CONTEXT(2) 
PARAMETRIC_REPRESENTATION_CONTEXT() REPRESENTATION_CONTEXT('2D SPACE',''
  ) );
#3608 = PCURVE('',#3609,#3614);
#3609 = CYLINDRICAL_SURFACE('',#3610,2.1);
#3610 = AXIS2_PLACEMENT_3D('',#3611,#3612,#3613);
#3611 = CARTESIAN_POINT('',(-35.,-60.62,-20.));
#3612 = DIRECTION('',(0.,0.,1.));
#3613 = DIRECTION('',(1.,0.,-0.));
#3614 = DEFINITIONAL_REPRESENTATION('',(#3615),#3674);
#3615 = B_SPLINE_CURVE_WITH_KNOTS('',8,(#3616,#3617,#3618,#3619,#3620,
    #3621,#3622,#3623,#3624,#3625,#3626,#3627,#3628,#3629,#3630,#3631,
    #3632,#3633,#3634,#3635,#3636,#3637,#3638,#3639,#3640,#3641,#3642,
    #3643,#3644,#3645,#3646,#3647,#3648,#3649,#3650,#3651,#3652,#3653,
    #3654,#3655,#3656,#3657,#3658,#3659,#3660,#3661,#3662,#3663,#3664,
    #3665,#3666,#3667,#3668,#3669,#3670,#3671,#3672,#3673),
  .UNSPECIFIED.,.F.,.F.,(9,7,7,7,7,7,7,7,9),(0.,0.125044463422,
    0.238089465329,0.336885764976,0.429977511844,0.579116344869,
    0.700372620012,0.839119681394,1.),.UNSPECIFIED.);
#3616 = CARTESIAN_POINT('',(8.881784197001E-16,36.902442087229));
#3617 = CARTESIAN_POINT('',(9.109382749143E-02,36.912733739139));
#3618 = CARTESIAN_POINT('',(0.185058806934,36.924579651964));
#3619 = CARTESIAN_POINT('',(0.281919980088,36.937595260216));
#3620 = CARTESIAN_POINT('',(0.381776543481,36.951185749257));
#3621 = CARTESIAN_POINT('',(0.484828382761,36.964551208962));
#3622 = CARTESIAN_POINT('',(0.591369797872,36.97671331913));
#3623 = CARTESIAN_POINT('',(0.701814266086,36.986601440823));
#3624 = CARTESIAN_POINT('',(0.920778351528,36.999233873345));
#3625 = CARTESIAN_POINT('',(1.026126306713,37.002437176646));
#3626 = CARTESIAN_POINT('',(1.131822579068,37.002264774779));
#3627 = CARTESIAN_POINT('',(1.237024181641,36.99851024746));
#3628 = CARTESIAN_POINT('',(1.340899683408,36.991525897492));
#3629 = CARTESIAN_POINT('',(1.44251115655,36.982132303018));
#3630 = CARTESIAN_POINT('',(1.54066380565,36.971372581785));
#3631 = CARTESIAN_POINT('',(1.71487490477,36.950492905719));
#3632 = CARTESIAN_POINT('',(1.79367129472,36.940282256275));
#3633 = CARTESIAN_POINT('',(1.870341412602,36.930031624966));
#3634 = CARTESIAN_POINT('',(1.945158001597,36.92010223715));
#3635 = CARTESIAN_POINT('',(2.018362474509,36.910783595871));
#3636 = CARTESIAN_POINT('',(2.090180033059,36.902298247233));
#3637 = CARTESIAN_POINT('',(2.160829917138,36.894811233101));
#3638 = CARTESIAN_POINT('',(2.296207084499,36.882444863429));
#3639 = CARTESIAN_POINT('',(2.361081094054,36.877436059245));
#3640 = CARTESIAN_POINT('',(2.425346506314,36.87351996451));
#3641 = CARTESIAN_POINT('',(2.489181954941,36.870765782996));
#3642 = CARTESIAN_POINT('',(2.55275835318,36.869215351684));
#3643 = CARTESIAN_POINT('',(2.616244954104,36.868886468238));
#3644 = CARTESIAN_POINT('',(2.679814131581,36.869773970619));
#3645 = CARTESIAN_POINT('',(2.845905758393,36.87517220565));
#3646 = CARTESIAN_POINT('',(2.948780731182,36.881540480286));
#3647 = CARTESIAN_POINT('',(3.053089253798,36.890830928718));
#3648 = CARTESIAN_POINT('',(3.159571533553,36.902765582394));
#3649 = CARTESIAN_POINT('',(3.268971323225,36.916877280116));
#3650 = CARTESIAN_POINT('',(3.38207235138,36.932402687433));
#3651 = CARTESIAN_POINT('',(3.499773873363,36.948191239086));
#3652 = CARTESIAN_POINT('',(3.723715410336,36.974531092374));
#3653 = CARTESIAN_POINT('',(3.830305933425,36.985782947477));
#3654 = CARTESIAN_POINT('',(3.940737254723,36.995202617126));
#3655 = CARTESIAN_POINT('',(4.053451130218,37.001490688994));
#3656 = CARTESIAN_POINT('',(4.167229373243,37.00369406055));
#3657 = CARTESIAN_POINT('',(4.280941216166,37.001661294171));
#3658 = CARTESIAN_POINT('',(4.39338330649,36.995968035786));
#3659 = CARTESIAN_POINT('',(4.628292926468,36.978045650565));
#3660 = CARTESIAN_POINT('',(4.747723307528,36.965155504979));
#3661 = CARTESIAN_POINT('',(4.862275759962,36.950393795509));
#3662 = CARTESIAN_POINT('',(4.972660053989,36.935158781799));
#3663 = CARTESIAN_POINT('',(5.079434974977,36.920571497597));
#3664 = CARTESIAN_POINT('',(5.18307514989,36.907440492544));
#3665 = CARTESIAN_POINT('',(5.283991937202,36.896311220445));
#3666 = CARTESIAN_POINT('',(5.496900916632,36.877281142238));
#3667 = CARTESIAN_POINT('',(5.608757378457,36.87011947171));
#3668 = CARTESIAN_POINT('',(5.719268298035,36.866520774612));
#3669 = CARTESIAN_POINT('',(5.829354521756,36.866707773611));
#3670 = CARTESIAN_POINT('',(5.93988096306,36.870702852857));
#3671 = CARTESIAN_POINT('',(6.051711300851,36.878334038352));
#3672 = CARTESIAN_POINT('',(6.16576770091,36.88917641199));
#3673 = CARTESIAN_POINT('',(6.28318530718,36.902442087229));
#3674 = ( GEOMETRIC_REPRESENTATION_CONTEXT(2) 
PARAMETRIC_REPRESENTATION_CONTEXT() REPRESENTATION_CONTEXT('2D SPACE',''
  ) );
#3675 = ADVANCED_FACE('',(#3676),#296,.T.);
#3676 = FACE_BOUND('',#3677,.T.);
#3677 = EDGE_LOOP('',(#3678,#3679,#3680,#3681));
#3678 = ORIENTED_EDGE('',*,*,#281,.T.);
#3679 = ORIENTED_EDGE('',*,*,#3436,.T.);
#3680 = ORIENTED_EDGE('',*,*,#375,.T.);
#3681 = ORIENTED_EDGE('',*,*,#3682,.F.);
#3682 = EDGE_CURVE('',#282,#355,#3683,.T.);
#3683 = SURFACE_CURVE('',#3684,(#3689,#3696),.PCURVE_S1.);
#3684 = CIRCLE('',#3685,15.);
#3685 = AXIS2_PLACEMENT_3D('',#3686,#3687,#3688);
#3686 = CARTESIAN_POINT('',(-50.,-86.6,0.));
#3687 = DIRECTION('',(-0.500011000363,-0.866019052629,0.));
#3688 = DIRECTION('',(-0.866019052629,0.500011000363,0.));
#3689 = PCURVE('',#296,#3690);
#3690 = DEFINITIONAL_REPRESENTATION('',(#3691),#3695);
#3691 = CIRCLE('',#3692,15.);
#3692 = AXIS2_PLACEMENT_2D('',#3693,#3694);
#3693 = CARTESIAN_POINT('',(0.,0.));
#3694 = DIRECTION('',(1.,0.));
#3695 = ( GEOMETRIC_REPRESENTATION_CONTEXT(2) 
PARAMETRIC_REPRESENTATION_CONTEXT() REPRESENTATION_CONTEXT('2D SPACE',''
  ) );
#3696 = PCURVE('',#181,#3697);
#3697 = DEFINITIONAL_REPRESENTATION('',(#3698),#3702);
#3698 = LINE('',#3699,#3700);
#3699 = CARTESIAN_POINT('',(0.,64.99856998427));
#3700 = VECTOR('',#3701,1.);
#3701 = DIRECTION('',(1.,0.));
#3702 = ( GEOMETRIC_REPRESENTATION_CONTEXT(2) 
PARAMETRIC_REPRESENTATION_CONTEXT() REPRESENTATION_CONTEXT('2D SPACE',''
  ) );
#3703 = ADVANCED_FACE('',(#3704,#3939,#4129),#181,.F.);
#3704 = FACE_BOUND('',#3705,.F.);
#3705 = EDGE_LOOP('',(#3706,#3731,#3753,#3754,#3755,#3756,#3778,#3779,
    #3801,#3802,#3824,#3825,#3847,#3848,#3870,#3871,#3893,#3894,#3916,
    #3917));
#3706 = ORIENTED_EDGE('',*,*,#3707,.T.);
#3707 = EDGE_CURVE('',#3708,#3710,#3712,.T.);
#3708 = VERTEX_POINT('',#3709);
#3709 = CARTESIAN_POINT('',(-30.49028578943,-22.80983499455,
    3.673940397442E-15));
#3710 = VERTEX_POINT('',#3711);
#3711 = CARTESIAN_POINT('',(-65.49028578943,-83.42983499455,
    3.673940397442E-15));
#3712 = SEAM_CURVE('',#3713,(#3717,#3724),.PCURVE_S1.);
#3713 = LINE('',#3714,#3715);
#3714 = CARTESIAN_POINT('',(-30.49028578943,-22.80983499455,
    3.673940397442E-15));
#3715 = VECTOR('',#3716,1.);
#3716 = DIRECTION('',(-0.500011000363,-0.866019052629,0.));
#3717 = PCURVE('',#181,#3718);
#3718 = DEFINITIONAL_REPRESENTATION('',(#3719),#3723);
#3719 = LINE('',#3720,#3721);
#3720 = CARTESIAN_POINT('',(6.28318530718,-0.));
#3721 = VECTOR('',#3722,1.);
#3722 = DIRECTION('',(0.,1.));
#3723 = ( GEOMETRIC_REPRESENTATION_CONTEXT(2) 
PARAMETRIC_REPRESENTATION_CONTEXT() REPRESENTATION_CONTEXT('2D SPACE',''
  ) );
#3724 = PCURVE('',#181,#3725);
#3725 = DEFINITIONAL_REPRESENTATION('',(#3726),#3730);
#3726 = LINE('',#3727,#3728);
#3727 = CARTESIAN_POINT('',(0.,-0.));
#3728 = VECTOR('',#3729,1.);
#3729 = DIRECTION('',(0.,1.));
#3730 = ( GEOMETRIC_REPRESENTATION_CONTEXT(2) 
PARAMETRIC_REPRESENTATION_CONTEXT() REPRESENTATION_CONTEXT('2D SPACE',''
  ) );
#3731 = ORIENTED_EDGE('',*,*,#3732,.F.);
#3732 = EDGE_CURVE('',#329,#3710,#3733,.T.);
#3733 = SURFACE_CURVE('',#3734,(#3739,#3746),.PCURVE_S1.);
#3734 = CIRCLE('',#3735,15.);
#3735 = AXIS2_PLACEMENT_3D('',#3736,#3737,#3738);
#3736 = CARTESIAN_POINT('',(-52.5,-90.93,0.));
#3737 = DIRECTION('',(-0.500011000363,-0.866019052629,0.));
#3738 = DIRECTION('',(-0.866019052629,0.500011000363,0.));
#3739 = PCURVE('',#181,#3740);
#3740 = DEFINITIONAL_REPRESENTATION('',(#3741),#3745);
#3741 = LINE('',#3742,#3743);
#3742 = CARTESIAN_POINT('',(0.,69.99845998306));
#3743 = VECTOR('',#3744,1.);
#3744 = DIRECTION('',(1.,0.));
#3745 = ( GEOMETRIC_REPRESENTATION_CONTEXT(2) 
PARAMETRIC_REPRESENTATION_CONTEXT() REPRESENTATION_CONTEXT('2D SPACE',''
  ) );
#3746 = PCURVE('',#343,#3747);
#3747 = DEFINITIONAL_REPRESENTATION('',(#3748),#3752);
#3748 = CIRCLE('',#3749,15.);
#3749 = AXIS2_PLACEMENT_2D('',#3750,#3751);
#3750 = CARTESIAN_POINT('',(0.,0.));
#3751 = DIRECTION('',(1.,0.));
#3752 = ( GEOMETRIC_REPRESENTATION_CONTEXT(2) 
PARAMETRIC_REPRESENTATION_CONTEXT() REPRESENTATION_CONTEXT('2D SPACE',''
  ) );
#3753 = ORIENTED_EDGE('',*,*,#354,.F.);
#3754 = ORIENTED_EDGE('',*,*,#3682,.F.);
#3755 = ORIENTED_EDGE('',*,*,#307,.T.);
#3756 = ORIENTED_EDGE('',*,*,#3757,.F.);
#3757 = EDGE_CURVE('',#2006,#308,#3758,.T.);
#3758 = SURFACE_CURVE('',#3759,(#3764,#3771),.PCURVE_S1.);
#3759 = CIRCLE('',#3760,15.);
#3760 = AXIS2_PLACEMENT_3D('',#3761,#3762,#3763);
#3761 = CARTESIAN_POINT('',(-52.5,-90.93,0.));
#3762 = DIRECTION('',(-0.500011000363,-0.866019052629,0.));
#3763 = DIRECTION('',(-0.866019052629,0.500011000363,0.));
#3764 = PCURVE('',#181,#3765);
#3765 = DEFINITIONAL_REPRESENTATION('',(#3766),#3770);
#3766 = LINE('',#3767,#3768);
#3767 = CARTESIAN_POINT('',(0.,69.99845998306));
#3768 = VECTOR('',#3769,1.);
#3769 = DIRECTION('',(1.,0.));
#3770 = ( GEOMETRIC_REPRESENTATION_CONTEXT(2) 
PARAMETRIC_REPRESENTATION_CONTEXT() REPRESENTATION_CONTEXT('2D SPACE',''
  ) );
#3771 = PCURVE('',#343,#3772);
#3772 = DEFINITIONAL_REPRESENTATION('',(#3773),#3777);
#3773 = CIRCLE('',#3774,15.);
#3774 = AXIS2_PLACEMENT_2D('',#3775,#3776);
#3775 = CARTESIAN_POINT('',(0.,0.));
#3776 = DIRECTION('',(1.,0.));
#3777 = ( GEOMETRIC_REPRESENTATION_CONTEXT(2) 
PARAMETRIC_REPRESENTATION_CONTEXT() REPRESENTATION_CONTEXT('2D SPACE',''
  ) );
#3778 = ORIENTED_EDGE('',*,*,#2005,.F.);
#3779 = ORIENTED_EDGE('',*,*,#3780,.F.);
#3780 = EDGE_CURVE('',#2048,#1980,#3781,.T.);
#3781 = SURFACE_CURVE('',#3782,(#3787,#3794),.PCURVE_S1.);
#3782 = CIRCLE('',#3783,15.);
#3783 = AXIS2_PLACEMENT_3D('',#3784,#3785,#3786);
#3784 = CARTESIAN_POINT('',(-50.,-86.6,0.));
#3785 = DIRECTION('',(-0.500011000363,-0.866019052629,0.));
#3786 = DIRECTION('',(-0.866019052629,0.500011000363,0.));
#3787 = PCURVE('',#181,#3788);
#3788 = DEFINITIONAL_REPRESENTATION('',(#3789),#3793);
#3789 = LINE('',#3790,#3791);
#3790 = CARTESIAN_POINT('',(0.,64.99856998427));
#3791 = VECTOR('',#3792,1.);
#3792 = DIRECTION('',(1.,0.));
#3793 = ( GEOMETRIC_REPRESENTATION_CONTEXT(2) 
PARAMETRIC_REPRESENTATION_CONTEXT() REPRESENTATION_CONTEXT('2D SPACE',''
  ) );
#3794 = PCURVE('',#1994,#3795);
#3795 = DEFINITIONAL_REPRESENTATION('',(#3796),#3800);
#3796 = CIRCLE('',#3797,15.);
#3797 = AXIS2_PLACEMENT_2D('',#3798,#3799);
#3798 = CARTESIAN_POINT('',(0.,0.));
#3799 = DIRECTION('',(1.,0.));
#3800 = ( GEOMETRIC_REPRESENTATION_CONTEXT(2) 
PARAMETRIC_REPRESENTATION_CONTEXT() REPRESENTATION_CONTEXT('2D SPACE',''
  ) );
#3801 = ORIENTED_EDGE('',*,*,#2047,.T.);
#3802 = ORIENTED_EDGE('',*,*,#3803,.F.);
#3803 = EDGE_CURVE('',#3710,#2027,#3804,.T.);
#3804 = SURFACE_CURVE('',#3805,(#3810,#3817),.PCURVE_S1.);
#3805 = CIRCLE('',#3806,15.);
#3806 = AXIS2_PLACEMENT_3D('',#3807,#3808,#3809);
#3807 = CARTESIAN_POINT('',(-52.5,-90.93,0.));
#3808 = DIRECTION('',(-0.500011000363,-0.866019052629,0.));
#3809 = DIRECTION('',(-0.866019052629,0.500011000363,0.));
#3810 = PCURVE('',#181,#3811);
#3811 = DEFINITIONAL_REPRESENTATION('',(#3812),#3816);
#3812 = LINE('',#3813,#3814);
#3813 = CARTESIAN_POINT('',(0.,69.99845998306));
#3814 = VECTOR('',#3815,1.);
#3815 = DIRECTION('',(1.,0.));
#3816 = ( GEOMETRIC_REPRESENTATION_CONTEXT(2) 
PARAMETRIC_REPRESENTATION_CONTEXT() REPRESENTATION_CONTEXT('2D SPACE',''
  ) );
#3817 = PCURVE('',#343,#3818);
#3818 = DEFINITIONAL_REPRESENTATION('',(#3819),#3823);
#3819 = CIRCLE('',#3820,15.);
#3820 = AXIS2_PLACEMENT_2D('',#3821,#3822);
#3821 = CARTESIAN_POINT('',(0.,0.));
#3822 = DIRECTION('',(1.,0.));
#3823 = ( GEOMETRIC_REPRESENTATION_CONTEXT(2) 
PARAMETRIC_REPRESENTATION_CONTEXT() REPRESENTATION_CONTEXT('2D SPACE',''
  ) );
#3824 = ORIENTED_EDGE('',*,*,#3707,.F.);
#3825 = ORIENTED_EDGE('',*,*,#3826,.T.);
#3826 = EDGE_CURVE('',#3708,#1875,#3827,.T.);
#3827 = SURFACE_CURVE('',#3828,(#3833,#3840),.PCURVE_S1.);
#3828 = CIRCLE('',#3829,15.);
#3829 = AXIS2_PLACEMENT_3D('',#3830,#3831,#3832);
#3830 = CARTESIAN_POINT('',(-17.5,-30.31,0.));
#3831 = DIRECTION('',(-0.500011000363,-0.866019052629,0.));
#3832 = DIRECTION('',(-0.866019052629,0.500011000363,0.));
#3833 = PCURVE('',#181,#3834);
#3834 = DEFINITIONAL_REPRESENTATION('',(#3835),#3839);
#3835 = LINE('',#3836,#3837);
#3836 = CARTESIAN_POINT('',(0.,0.));
#3837 = VECTOR('',#3838,1.);
#3838 = DIRECTION('',(1.,0.));
#3839 = ( GEOMETRIC_REPRESENTATION_CONTEXT(2) 
PARAMETRIC_REPRESENTATION_CONTEXT() REPRESENTATION_CONTEXT('2D SPACE',''
  ) );
#3840 = PCURVE('',#207,#3841);
#3841 = DEFINITIONAL_REPRESENTATION('',(#3842),#3846);
#3842 = CIRCLE('',#3843,15.);
#3843 = AXIS2_PLACEMENT_2D('',#3844,#3845);
#3844 = CARTESIAN_POINT('',(0.,0.));
#3845 = DIRECTION('',(1.,0.));
#3846 = ( GEOMETRIC_REPRESENTATION_CONTEXT(2) 
PARAMETRIC_REPRESENTATION_CONTEXT() REPRESENTATION_CONTEXT('2D SPACE',''
  ) );
#3847 = ORIENTED_EDGE('',*,*,#1874,.T.);
#3848 = ORIENTED_EDGE('',*,*,#3849,.T.);
#3849 = EDGE_CURVE('',#1849,#1917,#3850,.T.);
#3850 = SURFACE_CURVE('',#3851,(#3856,#3863),.PCURVE_S1.);
#3851 = CIRCLE('',#3852,15.);
#3852 = AXIS2_PLACEMENT_3D('',#3853,#3854,#3855);
#3853 = CARTESIAN_POINT('',(-20.,-34.64,0.));
#3854 = DIRECTION('',(-0.500011000363,-0.866019052629,0.));
#3855 = DIRECTION('',(-0.866019052629,0.500011000363,0.));
#3856 = PCURVE('',#181,#3857);
#3857 = DEFINITIONAL_REPRESENTATION('',(#3858),#3862);
#3858 = LINE('',#3859,#3860);
#3859 = CARTESIAN_POINT('',(0.,4.99988999879));
#3860 = VECTOR('',#3861,1.);
#3861 = DIRECTION('',(1.,0.));
#3862 = ( GEOMETRIC_REPRESENTATION_CONTEXT(2) 
PARAMETRIC_REPRESENTATION_CONTEXT() REPRESENTATION_CONTEXT('2D SPACE',''
  ) );
#3863 = PCURVE('',#1863,#3864);
#3864 = DEFINITIONAL_REPRESENTATION('',(#3865),#3869);
#3865 = CIRCLE('',#3866,15.);
#3866 = AXIS2_PLACEMENT_2D('',#3867,#3868);
#3867 = CARTESIAN_POINT('',(0.,0.));
#3868 = DIRECTION('',(1.,0.));
#3869 = ( GEOMETRIC_REPRESENTATION_CONTEXT(2) 
PARAMETRIC_REPRESENTATION_CONTEXT() REPRESENTATION_CONTEXT('2D SPACE',''
  ) );
#3870 = ORIENTED_EDGE('',*,*,#1916,.F.);
#3871 = ORIENTED_EDGE('',*,*,#3872,.T.);
#3872 = EDGE_CURVE('',#1896,#193,#3873,.T.);
#3873 = SURFACE_CURVE('',#3874,(#3879,#3886),.PCURVE_S1.);
#3874 = CIRCLE('',#3875,15.);
#3875 = AXIS2_PLACEMENT_3D('',#3876,#3877,#3878);
#3876 = CARTESIAN_POINT('',(-17.5,-30.31,0.));
#3877 = DIRECTION('',(-0.500011000363,-0.866019052629,0.));
#3878 = DIRECTION('',(-0.866019052629,0.500011000363,0.));
#3879 = PCURVE('',#181,#3880);
#3880 = DEFINITIONAL_REPRESENTATION('',(#3881),#3885);
#3881 = LINE('',#3882,#3883);
#3882 = CARTESIAN_POINT('',(0.,0.));
#3883 = VECTOR('',#3884,1.);
#3884 = DIRECTION('',(1.,0.));
#3885 = ( GEOMETRIC_REPRESENTATION_CONTEXT(2) 
PARAMETRIC_REPRESENTATION_CONTEXT() REPRESENTATION_CONTEXT('2D SPACE',''
  ) );
#3886 = PCURVE('',#207,#3887);
#3887 = DEFINITIONAL_REPRESENTATION('',(#3888),#3892);
#3888 = CIRCLE('',#3889,15.);
#3889 = AXIS2_PLACEMENT_2D('',#3890,#3891);
#3890 = CARTESIAN_POINT('',(0.,0.));
#3891 = DIRECTION('',(1.,0.));
#3892 = ( GEOMETRIC_REPRESENTATION_CONTEXT(2) 
PARAMETRIC_REPRESENTATION_CONTEXT() REPRESENTATION_CONTEXT('2D SPACE',''
  ) );
#3893 = ORIENTED_EDGE('',*,*,#218,.T.);
#3894 = ORIENTED_EDGE('',*,*,#3895,.T.);
#3895 = EDGE_CURVE('',#219,#141,#3896,.T.);
#3896 = SURFACE_CURVE('',#3897,(#3902,#3909),.PCURVE_S1.);
#3897 = CIRCLE('',#3898,15.);
#3898 = AXIS2_PLACEMENT_3D('',#3899,#3900,#3901);
#3899 = CARTESIAN_POINT('',(-20.,-34.64,0.));
#3900 = DIRECTION('',(-0.500011000363,-0.866019052629,0.));
#3901 = DIRECTION('',(-0.866019052629,0.500011000363,0.));
#3902 = PCURVE('',#181,#3903);
#3903 = DEFINITIONAL_REPRESENTATION('',(#3904),#3908);
#3904 = LINE('',#3905,#3906);
#3905 = CARTESIAN_POINT('',(0.,4.99988999879));
#3906 = VECTOR('',#3907,1.);
#3907 = DIRECTION('',(1.,0.));
#3908 = ( GEOMETRIC_REPRESENTATION_CONTEXT(2) 
PARAMETRIC_REPRESENTATION_CONTEXT() REPRESENTATION_CONTEXT('2D SPACE',''
  ) );
#3909 = PCURVE('',#155,#3910);
#3910 = DEFINITIONAL_REPRESENTATION('',(#3911),#3915);
#3911 = CIRCLE('',#3912,15.);
#3912 = AXIS2_PLACEMENT_2D('',#3913,#3914);
#3913 = CARTESIAN_POINT('',(0.,0.));
#3914 = DIRECTION('',(1.,0.));
#3915 = ( GEOMETRIC_REPRESENTATION_CONTEXT(2) 
PARAMETRIC_REPRESENTATION_CONTEXT() REPRESENTATION_CONTEXT('2D SPACE',''
  ) );
#3916 = ORIENTED_EDGE('',*,*,#166,.F.);
#3917 = ORIENTED_EDGE('',*,*,#3918,.T.);
#3918 = EDGE_CURVE('',#167,#3708,#3919,.T.);
#3919 = SURFACE_CURVE('',#3920,(#3925,#3932),.PCURVE_S1.);
#3920 = CIRCLE('',#3921,15.);
#3921 = AXIS2_PLACEMENT_3D('',#3922,#3923,#3924);
#3922 = CARTESIAN_POINT('',(-17.5,-30.31,0.));
#3923 = DIRECTION('',(-0.500011000363,-0.866019052629,0.));
#3924 = DIRECTION('',(-0.866019052629,0.500011000363,0.));
#3925 = PCURVE('',#181,#3926);
#3926 = DEFINITIONAL_REPRESENTATION('',(#3927),#3931);
#3927 = LINE('',#3928,#3929);
#3928 = CARTESIAN_POINT('',(0.,0.));
#3929 = VECTOR('',#3930,1.);
#3930 = DIRECTION('',(1.,0.));
#3931 = ( GEOMETRIC_REPRESENTATION_CONTEXT(2) 
PARAMETRIC_REPRESENTATION_CONTEXT() REPRESENTATION_CONTEXT('2D SPACE',''
  ) );
#3932 = PCURVE('',#207,#3933);
#3933 = DEFINITIONAL_REPRESENTATION('',(#3934),#3938);
#3934 = CIRCLE('',#3935,15.);
#3935 = AXIS2_PLACEMENT_2D('',#3936,#3937);
#3936 = CARTESIAN_POINT('',(0.,0.));
#3937 = DIRECTION('',(1.,0.));
#3938 = ( GEOMETRIC_REPRESENTATION_CONTEXT(2) 
PARAMETRIC_REPRESENTATION_CONTEXT() REPRESENTATION_CONTEXT('2D SPACE',''
  ) );
#3939 = FACE_BOUND('',#3940,.F.);
#3940 = EDGE_LOOP('',(#3941));
#3941 = ORIENTED_EDGE('',*,*,#3942,.F.);
#3942 = EDGE_CURVE('',#3943,#3943,#3945,.T.);
#3943 = VERTEX_POINT('',#3944);
#3944 = CARTESIAN_POINT('',(-32.9,-60.62,14.889343454704));
#3945 = SURFACE_CURVE('',#3946,(#4005,#4067),.PCURVE_S1.);
#3946 = B_SPLINE_CURVE_WITH_KNOTS('',8,(#3947,#3948,#3949,#3950,#3951,
    #3952,#3953,#3954,#3955,#3956,#3957,#3958,#3959,#3960,#3961,#3962,
    #3963,#3964,#3965,#3966,#3967,#3968,#3969,#3970,#3971,#3972,#3973,
    #3974,#3975,#3976,#3977,#3978,#3979,#3980,#3981,#3982,#3983,#3984,
    #3985,#3986,#3987,#3988,#3989,#3990,#3991,#3992,#3993,#3994,#3995,
    #3996,#3997,#3998,#3999,#4000,#4001,#4002,#4003,#4004),
  .UNSPECIFIED.,.T.,.F.,(9,7,7,7,7,7,7,7,9),(0.,0.125059441933,
    0.238114567454,0.336941385663,0.430007013221,0.579172396429,
    0.700444122578,0.839204748703,1.),.UNSPECIFIED.);
#3947 = CARTESIAN_POINT('',(-32.9,-60.62,14.889343454704));
#3948 = CARTESIAN_POINT('',(-32.9,-60.42864619552,14.901030045936));
#3949 = CARTESIAN_POINT('',(-32.9199268689,-60.23131071163,
    14.914476550018));
#3950 = CARTESIAN_POINT('',(-32.9619628112,-60.03034676932,
    14.92924469884));
#3951 = CARTESIAN_POINT('',(-33.02806569168,-59.82857605287,
    14.944659174103));
#3952 = CARTESIAN_POINT('',(-33.11994810749,-59.62931220007,
    14.959813930346));
#3953 = CARTESIAN_POINT('',(-33.23903598797,-59.43642795646,
    14.97360213709));
#3954 = CARTESIAN_POINT('',(-33.38637475508,-59.254512555,
    14.984812370564));
#3955 = CARTESIAN_POINT('',(-33.72162603011,-58.93969065259,
    14.999133037816));
#3956 = CARTESIAN_POINT('',(-33.90068148795,-58.80714214585,
    15.002763096333));
#3957 = CARTESIAN_POINT('',(-34.09623046769,-58.69635671142,
    15.002566064561));
#3958 = CARTESIAN_POINT('',(-34.30351578235,-58.61068366809,
    14.998309592064));
#3959 = CARTESIAN_POINT('',(-34.51685906655,-58.55182550494,
    14.990392139838));
#3960 = CARTESIAN_POINT('',(-34.73012038059,-58.51963251664,
    14.979742375801));
#3961 = CARTESIAN_POINT('',(-34.9371057617,-58.51189096647,
    14.967543439205));
#3962 = CARTESIAN_POINT('',(-35.30210403713,-58.53485471152,
    14.943871973792));
#3963 = CARTESIAN_POINT('',(-35.46622367551,-58.56104695734,
    14.932292489607));
#3964 = CARTESIAN_POINT('',(-35.62329790708,-58.60098993129,
    14.920664631585));
#3965 = CARTESIAN_POINT('',(-35.77270497849,-58.65317390043,
    14.909397781797));
#3966 = CARTESIAN_POINT('',(-35.91403094102,-58.71628666016,
    14.898820600266));
#3967 = CARTESIAN_POINT('',(-36.04699694581,-58.78919467724,
    14.889186338083));
#3968 = CARTESIAN_POINT('',(-36.17140537557,-58.87092879121,
    14.880683396372));
#3969 = CARTESIAN_POINT('',(-36.39605945592,-59.04518835841,
    14.866640476678));
#3970 = CARTESIAN_POINT('',(-36.4973524034,-59.13685474542,
    14.860952592094));
#3971 = CARTESIAN_POINT('',(-36.59085636667,-59.23502044792,
    14.856504352346));
#3972 = CARTESIAN_POINT('',(-36.67643954829,-59.33913092924,
    14.853375279995));
#3973 = CARTESIAN_POINT('',(-36.75395024833,-59.44870871819,
    14.851613596445));
#3974 = CARTESIAN_POINT('',(-36.82320124308,-59.56333249414,
    14.85123983835));
#3975 = CARTESIAN_POINT('',(-36.88395393607,-59.68261684216,
    14.852248039147));
#3976 = CARTESIAN_POINT('',(-37.01916497498,-60.00425975652,
    14.858381367045));
#3977 = CARTESIAN_POINT('',(-37.07975664642,-60.21322605542,
    14.865619084169));
#3978 = CARTESIAN_POINT('',(-37.11653855491,-60.43170905243,
    14.876175682661));
#3979 = CARTESIAN_POINT('',(-37.12772215923,-60.65826152777,
    14.889731305695));
#3980 = CARTESIAN_POINT('',(-37.1109262741,-60.89097262593,
    14.905750579979));
#3981 = CARTESIAN_POINT('',(-37.0632124862,-61.12719663164,
    14.923363906735));
#3982 = CARTESIAN_POINT('',(-36.98115984886,-61.36312260678,
    14.941266651214));
#3983 = CARTESIAN_POINT('',(-36.76338211815,-61.77970587267,
    14.971124222022));
#3984 = CARTESIAN_POINT('',(-36.63826075778,-61.96685267103,
    14.983881227466));
#3985 = CARTESIAN_POINT('',(-36.48481868438,-62.14468296923,
    14.994560833335));
#3986 = CARTESIAN_POINT('',(-36.30510735663,-62.30499231412,
    15.001688607001));
#3987 = CARTESIAN_POINT('',(-36.10363711594,-62.44124722671,
    15.004187027278));
#3988 = CARTESIAN_POINT('',(-35.88667910305,-62.54899075255,
    15.001884165347));
#3989 = CARTESIAN_POINT('',(-35.66167745679,-62.62626837628,
    14.995431058231));
#3990 = CARTESIAN_POINT('',(-35.17915070411,-62.72883900981,
    14.97511489462));
#3991 = CARTESIAN_POINT('',(-34.92601547309,-62.74409298564,
    14.960502319346));
#3992 = CARTESIAN_POINT('',(-34.68252341425,-62.72513100036,
    14.943765600802));
#3993 = CARTESIAN_POINT('',(-34.45206580814,-62.67668027727,
    14.926486564589));
#3994 = CARTESIAN_POINT('',(-34.23691273947,-62.6029788352,
    14.909934893147));
#3995 = CARTESIAN_POINT('',(-34.03856841137,-62.50779460026,
    14.895028552791));
#3996 = CARTESIAN_POINT('',(-33.85794703777,-62.39443577364,
    14.882388898776));
#3997 = CARTESIAN_POINT('',(-33.50749572072,-62.11667873029,
    14.860777178934));
#3998 = CARTESIAN_POINT('',(-33.34287104194,-61.94619238652,
    14.852641249728));
#3999 = CARTESIAN_POINT('',(-33.20220596638,-61.75767349995,
    14.848550792274));
#4000 = CARTESIAN_POINT('',(-33.0861796846,-61.5535075159,
    14.848763758352));
#4001 = CARTESIAN_POINT('',(-32.99590947699,-61.33566162046,
    14.853305913639));
#4002 = CARTESIAN_POINT('',(-32.93306617613,-61.10598080508,
    14.861977419746));
#4003 = CARTESIAN_POINT('',(-32.9,-60.86649396517,14.874289276817));
#4004 = CARTESIAN_POINT('',(-32.9,-60.62,14.889343454704));
#4005 = PCURVE('',#181,#4006);
#4006 = DEFINITIONAL_REPRESENTATION('',(#4007),#4066);
#4007 = B_SPLINE_CURVE_WITH_KNOTS('',8,(#4008,#4009,#4010,#4011,#4012,
    #4013,#4014,#4015,#4016,#4017,#4018,#4019,#4020,#4021,#4022,#4023,
    #4024,#4025,#4026,#4027,#4028,#4029,#4030,#4031,#4032,#4033,#4034,
    #4035,#4036,#4037,#4038,#4039,#4040,#4041,#4042,#4043,#4044,#4045,
    #4046,#4047,#4048,#4049,#4050,#4051,#4052,#4053,#4054,#4055,#4056,
    #4057,#4058,#4059,#4060,#4061,#4062,#4063,#4064,#4065),
  .UNSPECIFIED.,.T.,.F.,(9,7,7,7,7,7,7,7,9),(0.,0.125059441933,
    0.238114567454,0.336941385663,0.430007013221,0.579172396429,
    0.700444122578,0.839204748703,1.),.UNSPECIFIED.);
#4008 = CARTESIAN_POINT('',(4.59084729058,33.949206890767));
#4009 = CARTESIAN_POINT('',(4.597273296367,33.783490850295));
#4010 = CARTESIAN_POINT('',(4.605053437523,33.622558215146));
#4011 = CARTESIAN_POINT('',(4.614231742458,33.469538045775));
#4012 = CARTESIAN_POINT('',(4.624822788373,33.32785292846));
#4013 = CARTESIAN_POINT('',(4.636810195511,33.20122885408));
#4014 = CARTESIAN_POINT('',(4.650143787383,33.093732674415));
#4015 = CARTESIAN_POINT('',(4.664730752447,33.009861475116));
#4016 = CARTESIAN_POINT('',(4.694595909889,32.904849034848));
#4017 = CARTESIAN_POINT('',(4.70935219437,32.879589201212));
#4018 = CARTESIAN_POINT('',(4.724331281336,32.881423545214));
#4019 = CARTESIAN_POINT('',(4.739152595345,32.910873994939));
#4020 = CARTESIAN_POINT('',(4.753437664119,32.966575693208));
#4021 = CARTESIAN_POINT('',(4.766840128913,33.045328954941));
#4022 = CARTESIAN_POINT('',(4.779074705299,33.14211959247));
#4023 = CARTESIAN_POINT('',(4.799443485602,33.344509786031));
#4024 = CARTESIAN_POINT('',(4.808079725524,33.449254394509));
#4025 = CARTESIAN_POINT('',(4.815854993414,33.562384614623));
#4026 = CARTESIAN_POINT('',(4.822781860299,33.682282105383));
#4027 = CARTESIAN_POINT('',(4.82887814106,33.807603493673));
#4028 = CARTESIAN_POINT('',(4.83416363222,33.937227690626));
#4029 = CARTESIAN_POINT('',(4.838657639183,34.070216573988));
#4030 = CARTESIAN_POINT('',(4.845880106408,34.333458190736));
#4031 = CARTESIAN_POINT('',(4.848698194187,34.46349061638));
#4032 = CARTESIAN_POINT('',(4.850844912848,34.595256995267));
#4033 = CARTESIAN_POINT('',(4.8523303204,34.728211187921));
#4034 = CARTESIAN_POINT('',(4.853161042156,34.861863843561));
#4035 = CARTESIAN_POINT('',(4.853340083818,34.995756476582));
#4036 = CARTESIAN_POINT('',(4.852866591773,35.129436009446));
#4037 = CARTESIAN_POINT('',(4.84992274634,35.475591908251));
#4038 = CARTESIAN_POINT('',(4.846421872623,35.686857206708));
#4039 = CARTESIAN_POINT('',(4.841214799453,35.894459003646));
#4040 = CARTESIAN_POINT('',(4.834249866893,36.096249688902));
#4041 = CARTESIAN_POINT('',(4.82545858264,36.289383806342));
#4042 = CARTESIAN_POINT('',(4.814766603431,36.470100877148));
#4043 = CARTESIAN_POINT('',(4.802110933988,36.633390045353));
#4044 = CARTESIAN_POINT('',(4.77557644375,36.885267829634));
#4045 = CARTESIAN_POINT('',(4.76208838575,36.984778466082));
#4046 = CARTESIAN_POINT('',(4.747287322142,37.062060167842));
#4047 = CARTESIAN_POINT('',(4.731566138546,37.111033474067));
#4048 = CARTESIAN_POINT('',(4.715397977188,37.128295487791));
#4049 = CARTESIAN_POINT('',(4.699284136325,37.11312204091));
#4050 = CARTESIAN_POINT('',(4.683713745483,37.067542637166));
#4051 = CARTESIAN_POINT('',(4.652406847155,36.915102075738));
#4052 = CARTESIAN_POINT('',(4.637255732285,36.801741909343));
#4053 = CARTESIAN_POINT('',(4.623787042668,36.663571760894));
#4054 = CARTESIAN_POINT('',(4.612042168911,36.506381173413));
#4055 = CARTESIAN_POINT('',(4.602017095996,36.334975419272));
#4056 = CARTESIAN_POINT('',(4.593679557589,36.153369712401));
#4057 = CARTESIAN_POINT('',(4.586977042395,35.964886135059));
#4058 = CARTESIAN_POINT('',(4.575908473423,35.549113729904));
#4059 = CARTESIAN_POINT('',(4.572048840093,35.319155157657));
#4060 = CARTESIAN_POINT('',(4.570191540362,35.085560124963));
#4061 = CARTESIAN_POINT('',(4.57029936726,34.850734075659));
#4062 = CARTESIAN_POINT('',(4.572371675101,34.616939282861));
#4063 = CARTESIAN_POINT('',(4.576440861259,34.386608978986));
#4064 = CARTESIAN_POINT('',(4.582569578773,34.162675360966));
#4065 = CARTESIAN_POINT('',(4.59084729058,33.949206890767));
#4066 = ( GEOMETRIC_REPRESENTATION_CONTEXT(2) 
PARAMETRIC_REPRESENTATION_CONTEXT() REPRESENTATION_CONTEXT('2D SPACE',''
  ) );
#4067 = PCURVE('',#3609,#4068);
#4068 = DEFINITIONAL_REPRESENTATION('',(#4069),#4128);
#4069 = B_SPLINE_CURVE_WITH_KNOTS('',8,(#4070,#4071,#4072,#4073,#4074,
    #4075,#4076,#4077,#4078,#4079,#4080,#4081,#4082,#4083,#4084,#4085,
    #4086,#4087,#4088,#4089,#4090,#4091,#4092,#4093,#4094,#4095,#4096,
    #4097,#4098,#4099,#4100,#4101,#4102,#4103,#4104,#4105,#4106,#4107,
    #4108,#4109,#4110,#4111,#4112,#4113,#4114,#4115,#4116,#4117,#4118,
    #4119,#4120,#4121,#4122,#4123,#4124,#4125,#4126,#4127),
  .UNSPECIFIED.,.F.,.F.,(9,7,7,7,7,7,7,7,9),(0.,0.125059441933,
    0.238114567454,0.336941385663,0.430007013221,0.579172396429,
    0.700444122578,0.839204748703,1.),.UNSPECIFIED.);
#4070 = CARTESIAN_POINT('',(8.881784197001E-16,34.889343454704));
#4071 = CARTESIAN_POINT('',(9.11208592762E-02,34.901030045936));
#4072 = CARTESIAN_POINT('',(0.185089744513,34.914476550018));
#4073 = CARTESIAN_POINT('',(0.281941219502,34.92924469884));
#4074 = CARTESIAN_POINT('',(0.38178176607,34.944659174103));
#4075 = CARTESIAN_POINT('',(0.484817551636,34.959813930346));
#4076 = CARTESIAN_POINT('',(0.591348619789,34.97360213709));
#4077 = CARTESIAN_POINT('',(0.701794232171,34.984812370564));
#4078 = CARTESIAN_POINT('',(0.920793319776,34.999133037816));
#4079 = CARTESIAN_POINT('',(1.026155615689,35.002763096333));
#4080 = CARTESIAN_POINT('',(1.131863678739,35.002566064561));
#4081 = CARTESIAN_POINT('',(1.237074255867,34.998309592064));
#4082 = CARTESIAN_POINT('',(1.340955123884,34.990392139838));
#4083 = CARTESIAN_POINT('',(1.442565691537,34.979742375801));
#4084 = CARTESIAN_POINT('',(1.540704659712,34.967543439205));
#4085 = CARTESIAN_POINT('',(1.714857012186,34.943871973792));
#4086 = CARTESIAN_POINT('',(1.793638645439,34.932292489607));
#4087 = CARTESIAN_POINT('',(1.87029794932,34.920664631585));
#4088 = CARTESIAN_POINT('',(1.945108648016,34.909397781797));
#4089 = CARTESIAN_POINT('',(2.018313259423,34.898820600266));
#4090 = CARTESIAN_POINT('',(2.090138191721,34.889186338083));
#4091 = CARTESIAN_POINT('',(2.1608039973,34.880683396372));
#4092 = CARTESIAN_POINT('',(2.296192790414,34.866640476678));
#4093 = CARTESIAN_POINT('',(2.361059624293,34.860952592094));
#4094 = CARTESIAN_POINT('',(2.425323579882,34.856504352346));
#4095 = CARTESIAN_POINT('',(2.489161779442,34.853375279995));
#4096 = CARTESIAN_POINT('',(2.552743540634,34.851613596445));
#4097 = CARTESIAN_POINT('',(2.61623645337,34.85123983835));
#4098 = CARTESIAN_POINT('',(2.679811166158,34.852248039147));
#4099 = CARTESIAN_POINT('',(2.845957421293,34.858381367045));
#4100 = CARTESIAN_POINT('',(2.948870322916,34.865619084169));
#4101 = CARTESIAN_POINT('',(3.053201654584,34.876175682661));
#4102 = CARTESIAN_POINT('',(3.159691057977,34.889731305695));
#4103 = CARTESIAN_POINT('',(3.269082415059,34.905750579979));
#4104 = CARTESIAN_POINT('',(3.382160209475,34.923363906735));
#4105 = CARTESIAN_POINT('',(3.499824675234,34.941266651214));
#4106 = CARTESIAN_POINT('',(3.723669027854,34.971124222022));
#4107 = CARTESIAN_POINT('',(3.830249248499,34.983881227466));
#4108 = CARTESIAN_POINT('',(3.940685578847,34.994560833335));
#4109 = CARTESIAN_POINT('',(4.053410694303,35.001688607001));
#4110 = CARTESIAN_POINT('',(4.167202724196,35.004187027278));
#4111 = CARTESIAN_POINT('',(4.280928466167,35.001884165347));
#4112 = CARTESIAN_POINT('',(4.39338205753,34.995431058231));
#4113 = CARTESIAN_POINT('',(4.628290638153,34.97511489462));
#4114 = CARTESIAN_POINT('',(4.747708049333,34.960502319346));
#4115 = CARTESIAN_POINT('',(4.862242423464,34.943765600802));
#4116 = CARTESIAN_POINT('',(4.972608504776,34.926486564589));
#4117 = CARTESIAN_POINT('',(5.079370490373,34.909934893147));
#4118 = CARTESIAN_POINT('',(5.183009364955,34.895028552791));
#4119 = CARTESIAN_POINT('',(5.283944266653,34.882388898776));
#4120 = CARTESIAN_POINT('',(5.496884540582,34.860777178934));
#4121 = CARTESIAN_POINT('',(5.608747459588,34.852641249728));
#4122 = CARTESIAN_POINT('',(5.719277684845,34.848550792274));
#4123 = CARTESIAN_POINT('',(5.829386708022,34.848763758352));
#4124 = CARTESIAN_POINT('',(5.93993072698,34.853305913639));
#4125 = CARTESIAN_POINT('',(6.051765670247,34.861977419746));
#4126 = CARTESIAN_POINT('',(6.165807228525,34.874289276817));
#4127 = CARTESIAN_POINT('',(6.28318530718,34.889343454704));
#4128 = ( GEOMETRIC_REPRESENTATION_CONTEXT(2) 
PARAMETRIC_REPRESENTATION_CONTEXT() REPRESENTATION_CONTEXT('2D SPACE',''
  ) );
#4129 = FACE_BOUND('',#4130,.F.);
#4130 = EDGE_LOOP('',(#4131));
#4131 = ORIENTED_EDGE('',*,*,#4132,.T.);
#4132 = EDGE_CURVE('',#4133,#4133,#4135,.T.);
#4133 = VERTEX_POINT('',#4134);
#4134 = CARTESIAN_POINT('',(-32.9,-60.62,-14.8893434547));
#4135 = SURFACE_CURVE('',#4136,(#4195,#4257),.PCURVE_S1.);
#4136 = B_SPLINE_CURVE_WITH_KNOTS('',8,(#4137,#4138,#4139,#4140,#4141,
    #4142,#4143,#4144,#4145,#4146,#4147,#4148,#4149,#4150,#4151,#4152,
    #4153,#4154,#4155,#4156,#4157,#4158,#4159,#4160,#4161,#4162,#4163,
    #4164,#4165,#4166,#4167,#4168,#4169,#4170,#4171,#4172,#4173,#4174,
    #4175,#4176,#4177,#4178,#4179,#4180,#4181,#4182,#4183,#4184,#4185,
    #4186,#4187,#4188,#4189,#4190,#4191,#4192,#4193,#4194),
  .UNSPECIFIED.,.T.,.F.,(9,7,7,7,7,7,7,7,9),(0.,0.125059441871,
    0.2381145674,0.336941385616,0.43000701318,0.579172396399,
    0.700444122556,0.839204748691,1.),.UNSPECIFIED.);
#4137 = CARTESIAN_POINT('',(-32.9,-60.62,-14.8893434547));
#4138 = CARTESIAN_POINT('',(-32.9,-60.42864619537,-14.90103004594));
#4139 = CARTESIAN_POINT('',(-32.91992686893,-60.23131071159,
    -14.91447655002));
#4140 = CARTESIAN_POINT('',(-32.9619628112,-60.03034676941,
    -14.92924469883));
#4141 = CARTESIAN_POINT('',(-33.02806569163,-59.82857605299,
    -14.94465917409));
#4142 = CARTESIAN_POINT('',(-33.11994810744,-59.62931220011,
    -14.95981393034));
#4143 = CARTESIAN_POINT('',(-33.23903598799,-59.43642795639,
    -14.97360213709));
#4144 = CARTESIAN_POINT('',(-33.38637475518,-59.2545125549,
    -14.98481237056));
#4145 = CARTESIAN_POINT('',(-33.72162603011,-58.93969065259,
    -14.99913303781));
#4146 = CARTESIAN_POINT('',(-33.90068148795,-58.80714214585,
    -15.00276309633));
#4147 = CARTESIAN_POINT('',(-34.09623046769,-58.69635671142,
    -15.00256606456));
#4148 = CARTESIAN_POINT('',(-34.30351578235,-58.61068366809,
    -14.99830959206));
#4149 = CARTESIAN_POINT('',(-34.51685906655,-58.55182550494,
    -14.99039213983));
#4150 = CARTESIAN_POINT('',(-34.73012038059,-58.51963251664,
    -14.9797423758));
#4151 = CARTESIAN_POINT('',(-34.9371057617,-58.51189096647,
    -14.9675434392));
#4152 = CARTESIAN_POINT('',(-35.30210403713,-58.53485471152,
    -14.94387197379));
#4153 = CARTESIAN_POINT('',(-35.46622367551,-58.56104695734,
    -14.9322924896));
#4154 = CARTESIAN_POINT('',(-35.62329790708,-58.60098993129,
    -14.92066463158));
#4155 = CARTESIAN_POINT('',(-35.77270497849,-58.65317390043,
    -14.90939778179));
#4156 = CARTESIAN_POINT('',(-35.91403094102,-58.71628666016,
    -14.89882060026));
#4157 = CARTESIAN_POINT('',(-36.04699694581,-58.78919467724,
    -14.88918633808));
#4158 = CARTESIAN_POINT('',(-36.17140537557,-58.87092879121,
    -14.88068339637));
#4159 = CARTESIAN_POINT('',(-36.39605945592,-59.04518835841,
    -14.86664047667));
#4160 = CARTESIAN_POINT('',(-36.4973524034,-59.13685474542,
    -14.86095259209));
#4161 = CARTESIAN_POINT('',(-36.59085636667,-59.23502044792,
    -14.85650435234));
#4162 = CARTESIAN_POINT('',(-36.67643954829,-59.33913092924,
    -14.85337527999));
#4163 = CARTESIAN_POINT('',(-36.75395024833,-59.44870871819,
    -14.85161359644));
#4164 = CARTESIAN_POINT('',(-36.82320124308,-59.56333249414,
    -14.85123983835));
#4165 = CARTESIAN_POINT('',(-36.88395393607,-59.68261684216,
    -14.85224803914));
#4166 = CARTESIAN_POINT('',(-37.01916497498,-60.00425975652,
    -14.85838136704));
#4167 = CARTESIAN_POINT('',(-37.07975664642,-60.21322605542,
    -14.86561908416));
#4168 = CARTESIAN_POINT('',(-37.11653855491,-60.43170905243,
    -14.87617568266));
#4169 = CARTESIAN_POINT('',(-37.12772215923,-60.65826152777,
    -14.88973130569));
#4170 = CARTESIAN_POINT('',(-37.1109262741,-60.89097262593,
    -14.90575057997));
#4171 = CARTESIAN_POINT('',(-37.0632124862,-61.12719663164,
    -14.92336390673));
#4172 = CARTESIAN_POINT('',(-36.98115984886,-61.36312260678,
    -14.94126665121));
#4173 = CARTESIAN_POINT('',(-36.76338211815,-61.77970587267,
    -14.97112422202));
#4174 = CARTESIAN_POINT('',(-36.63826075778,-61.96685267103,
    -14.98388122746));
#4175 = CARTESIAN_POINT('',(-36.48481868438,-62.14468296923,
    -14.99456083333));
#4176 = CARTESIAN_POINT('',(-36.30510735663,-62.30499231412,
    -15.001688607));
#4177 = CARTESIAN_POINT('',(-36.10363711594,-62.44124722671,
    -15.00418702727));
#4178 = CARTESIAN_POINT('',(-35.88667910305,-62.54899075255,
    -15.00188416534));
#4179 = CARTESIAN_POINT('',(-35.66167745679,-62.62626837628,
    -14.99543105823));
#4180 = CARTESIAN_POINT('',(-35.17915070411,-62.72883900981,
    -14.97511489462));
#4181 = CARTESIAN_POINT('',(-34.92601547309,-62.74409298564,
    -14.96050231934));
#4182 = CARTESIAN_POINT('',(-34.68252341425,-62.72513100036,
    -14.9437656008));
#4183 = CARTESIAN_POINT('',(-34.45206580814,-62.67668027727,
    -14.92648656458));
#4184 = CARTESIAN_POINT('',(-34.23691273947,-62.6029788352,
    -14.90993489314));
#4185 = CARTESIAN_POINT('',(-34.03856841137,-62.50779460026,
    -14.89502855279));
#4186 = CARTESIAN_POINT('',(-33.85794703777,-62.39443577364,
    -14.88238889877));
#4187 = CARTESIAN_POINT('',(-33.50749572072,-62.11667873029,
    -14.86077717893));
#4188 = CARTESIAN_POINT('',(-33.34287104194,-61.94619238652,
    -14.85264124972));
#4189 = CARTESIAN_POINT('',(-33.20220596638,-61.75767349995,
    -14.84855079227));
#4190 = CARTESIAN_POINT('',(-33.0861796846,-61.5535075159,
    -14.84876375835));
#4191 = CARTESIAN_POINT('',(-32.99590947699,-61.33566162046,
    -14.85330591363));
#4192 = CARTESIAN_POINT('',(-32.93306617612,-61.10598080508,
    -14.86197741974));
#4193 = CARTESIAN_POINT('',(-32.9,-60.86649396517,-14.87428927681));
#4194 = CARTESIAN_POINT('',(-32.9,-60.62,-14.8893434547));
#4195 = PCURVE('',#181,#4196);
#4196 = DEFINITIONAL_REPRESENTATION('',(#4197),#4256);
#4197 = B_SPLINE_CURVE_WITH_KNOTS('',8,(#4198,#4199,#4200,#4201,#4202,
    #4203,#4204,#4205,#4206,#4207,#4208,#4209,#4210,#4211,#4212,#4213,
    #4214,#4215,#4216,#4217,#4218,#4219,#4220,#4221,#4222,#4223,#4224,
    #4225,#4226,#4227,#4228,#4229,#4230,#4231,#4232,#4233,#4234,#4235,
    #4236,#4237,#4238,#4239,#4240,#4241,#4242,#4243,#4244,#4245,#4246,
    #4247,#4248,#4249,#4250,#4251,#4252,#4253,#4254,#4255),
  .UNSPECIFIED.,.T.,.F.,(9,7,7,7,7,7,7,7,9),(0.,0.125059441871,
    0.2381145674,0.336941385616,0.43000701318,0.579172396399,
    0.700444122556,0.839204748691,1.),.UNSPECIFIED.);
#4198 = CARTESIAN_POINT('',(1.6923380166,33.949206890767));
#4199 = CARTESIAN_POINT('',(1.685912010808,33.783490850172));
#4200 = CARTESIAN_POINT('',(1.678131869654,33.622558215128));
#4201 = CARTESIAN_POINT('',(1.668953564724,33.469538045853));
#4202 = CARTESIAN_POINT('',(1.658362518814,33.327852928537));
#4203 = CARTESIAN_POINT('',(1.646375111673,33.201228854088));
#4204 = CARTESIAN_POINT('',(1.633041519793,33.093732674366));
#4205 = CARTESIAN_POINT('',(1.618454554724,33.009861475085));
#4206 = CARTESIAN_POINT('',(1.58858939729,32.904849034848));
#4207 = CARTESIAN_POINT('',(1.57383311281,32.879589201212));
#4208 = CARTESIAN_POINT('',(1.558854025844,32.881423545214));
#4209 = CARTESIAN_POINT('',(1.544032711835,32.910873994939));
#4210 = CARTESIAN_POINT('',(1.529747643061,32.966575693208));
#4211 = CARTESIAN_POINT('',(1.516345178266,33.045328954941));
#4212 = CARTESIAN_POINT('',(1.504110601881,33.14211959247));
#4213 = CARTESIAN_POINT('',(1.483741821578,33.344509786032));
#4214 = CARTESIAN_POINT('',(1.475105581656,33.449254394509));
#4215 = CARTESIAN_POINT('',(1.467330313766,33.562384614623));
#4216 = CARTESIAN_POINT('',(1.460403446881,33.682282105383));
#4217 = CARTESIAN_POINT('',(1.45430716612,33.807603493673));
#4218 = CARTESIAN_POINT('',(1.44902167496,33.937227690626));
#4219 = CARTESIAN_POINT('',(1.444527667997,34.070216573988));
#4220 = CARTESIAN_POINT('',(1.437305200772,34.333458190736));
#4221 = CARTESIAN_POINT('',(1.434487112992,34.46349061638));
#4222 = CARTESIAN_POINT('',(1.432340394331,34.595256995267));
#4223 = CARTESIAN_POINT('',(1.430854986779,34.728211187921));
#4224 = CARTESIAN_POINT('',(1.430024265023,34.861863843561));
#4225 = CARTESIAN_POINT('',(1.429845223362,34.995756476582));
#4226 = CARTESIAN_POINT('',(1.430318715407,35.129436009446));
#4227 = CARTESIAN_POINT('',(1.43326256084,35.47559190825));
#4228 = CARTESIAN_POINT('',(1.436763434557,35.686857206708));
#4229 = CARTESIAN_POINT('',(1.441970507726,35.894459003646));
#4230 = CARTESIAN_POINT('',(1.448935440287,36.096249688902));
#4231 = CARTESIAN_POINT('',(1.45772672454,36.289383806342));
#4232 = CARTESIAN_POINT('',(1.468418703749,36.470100877148));
#4233 = CARTESIAN_POINT('',(1.481074373191,36.633390045353));
#4234 = CARTESIAN_POINT('',(1.507608863429,36.885267829634));
#4235 = CARTESIAN_POINT('',(1.52109692143,36.984778466081));
#4236 = CARTESIAN_POINT('',(1.535897985038,37.062060167844));
#4237 = CARTESIAN_POINT('',(1.551619168634,37.111033474065));
#4238 = CARTESIAN_POINT('',(1.567787329992,37.128295487793));
#4239 = CARTESIAN_POINT('',(1.583901170855,37.113122040909));
#4240 = CARTESIAN_POINT('',(1.599471561697,37.067542637166));
#4241 = CARTESIAN_POINT('',(1.630778460024,36.915102075738));
#4242 = CARTESIAN_POINT('',(1.645929574894,36.801741909343));
#4243 = CARTESIAN_POINT('',(1.659398264511,36.663571760895));
#4244 = CARTESIAN_POINT('',(1.671143138269,36.506381173413));
#4245 = CARTESIAN_POINT('',(1.681168211183,36.334975419272));
#4246 = CARTESIAN_POINT('',(1.689505749591,36.153369712401));
#4247 = CARTESIAN_POINT('',(1.696208264784,35.964886135059));
#4248 = CARTESIAN_POINT('',(1.707276833757,35.549113729903));
#4249 = CARTESIAN_POINT('',(1.711136467086,35.319155157659));
#4250 = CARTESIAN_POINT('',(1.712993766818,35.085560124964));
#4251 = CARTESIAN_POINT('',(1.71288593992,34.850734075658));
#4252 = CARTESIAN_POINT('',(1.710813632079,34.61693928286));
#4253 = CARTESIAN_POINT('',(1.706744445921,34.386608978987));
#4254 = CARTESIAN_POINT('',(1.700615728406,34.162675360966));
#4255 = CARTESIAN_POINT('',(1.6923380166,33.949206890767));
#4256 = ( GEOMETRIC_REPRESENTATION_CONTEXT(2) 
PARAMETRIC_REPRESENTATION_CONTEXT() REPRESENTATION_CONTEXT('2D SPACE',''
  ) );
#4257 = PCURVE('',#4258,#4263);
#4258 = CYLINDRICAL_SURFACE('',#4259,2.1);
#4259 = AXIS2_PLACEMENT_3D('',#4260,#4261,#4262);
#4260 = CARTESIAN_POINT('',(-35.,-60.62,-20.));
#4261 = DIRECTION('',(0.,0.,1.));
#4262 = DIRECTION('',(1.,0.,-0.));
#4263 = DEFINITIONAL_REPRESENTATION('',(#4264),#4323);
#4264 = B_SPLINE_CURVE_WITH_KNOTS('',8,(#4265,#4266,#4267,#4268,#4269,
    #4270,#4271,#4272,#4273,#4274,#4275,#4276,#4277,#4278,#4279,#4280,
    #4281,#4282,#4283,#4284,#4285,#4286,#4287,#4288,#4289,#4290,#4291,
    #4292,#4293,#4294,#4295,#4296,#4297,#4298,#4299,#4300,#4301,#4302,
    #4303,#4304,#4305,#4306,#4307,#4308,#4309,#4310,#4311,#4312,#4313,
    #4314,#4315,#4316,#4317,#4318,#4319,#4320,#4321,#4322),
  .UNSPECIFIED.,.F.,.F.,(9,7,7,7,7,7,7,7,9),(0.,0.125059441871,
    0.2381145674,0.336941385616,0.43000701318,0.579172396399,
    0.700444122556,0.839204748691,1.),.UNSPECIFIED.);
#4265 = CARTESIAN_POINT('',(8.881784197001E-16,5.110656545296));
#4266 = CARTESIAN_POINT('',(9.112085934353E-02,5.098969954056));
#4267 = CARTESIAN_POINT('',(0.185089744531,5.085523449977));
#4268 = CARTESIAN_POINT('',(0.281941219462,5.070755301166));
#4269 = CARTESIAN_POINT('',(0.381781766012,5.055340825907));
#4270 = CARTESIAN_POINT('',(0.484817551608,5.040186069656));
#4271 = CARTESIAN_POINT('',(0.591348619818,5.026397862903));
#4272 = CARTESIAN_POINT('',(0.701794232236,5.015187629431));
#4273 = CARTESIAN_POINT('',(0.920793319776,5.000866962184));
#4274 = CARTESIAN_POINT('',(1.026155615688,4.997236903667));
#4275 = CARTESIAN_POINT('',(1.131863678739,4.997433935439));
#4276 = CARTESIAN_POINT('',(1.237074255867,5.001690407936));
#4277 = CARTESIAN_POINT('',(1.340955123884,5.009607860162));
#4278 = CARTESIAN_POINT('',(1.442565691537,5.020257624199));
#4279 = CARTESIAN_POINT('',(1.540704659712,5.032456560795));
#4280 = CARTESIAN_POINT('',(1.714857012186,5.056128026208));
#4281 = CARTESIAN_POINT('',(1.793638645439,5.067707510393));
#4282 = CARTESIAN_POINT('',(1.87029794932,5.079335368415));
#4283 = CARTESIAN_POINT('',(1.945108648016,5.090602218203));
#4284 = CARTESIAN_POINT('',(2.018313259423,5.101179399734));
#4285 = CARTESIAN_POINT('',(2.090138191721,5.110813661917));
#4286 = CARTESIAN_POINT('',(2.1608039973,5.119316603628));
#4287 = CARTESIAN_POINT('',(2.296192790414,5.133359523322));
#4288 = CARTESIAN_POINT('',(2.361059624293,5.139047407906));
#4289 = CARTESIAN_POINT('',(2.425323579882,5.143495647654));
#4290 = CARTESIAN_POINT('',(2.489161779442,5.146624720005));
#4291 = CARTESIAN_POINT('',(2.552743540634,5.148386403555));
#4292 = CARTESIAN_POINT('',(2.61623645337,5.14876016165));
#4293 = CARTESIAN_POINT('',(2.679811166158,5.147751960853));
#4294 = CARTESIAN_POINT('',(2.845957421293,5.141618632955));
#4295 = CARTESIAN_POINT('',(2.948870322916,5.134380915831));
#4296 = CARTESIAN_POINT('',(3.053201654584,5.123824317339));
#4297 = CARTESIAN_POINT('',(3.159691057977,5.110268694305));
#4298 = CARTESIAN_POINT('',(3.269082415059,5.094249420021));
#4299 = CARTESIAN_POINT('',(3.382160209475,5.076636093265));
#4300 = CARTESIAN_POINT('',(3.499824675234,5.058733348786));
#4301 = CARTESIAN_POINT('',(3.723669027854,5.028875777978));
#4302 = CARTESIAN_POINT('',(3.830249248499,5.016118772534));
#4303 = CARTESIAN_POINT('',(3.940685578847,5.005439166665));
#4304 = CARTESIAN_POINT('',(4.053410694304,4.998311392999));
#4305 = CARTESIAN_POINT('',(4.167202724195,4.995812972722));
#4306 = CARTESIAN_POINT('',(4.280928466167,4.998115834653));
#4307 = CARTESIAN_POINT('',(4.39338205753,5.004568941769));
#4308 = CARTESIAN_POINT('',(4.628290638153,5.02488510538));
#4309 = CARTESIAN_POINT('',(4.747708049333,5.039497680654));
#4310 = CARTESIAN_POINT('',(4.862242423463,5.056234399198));
#4311 = CARTESIAN_POINT('',(4.972608504776,5.073513435411));
#4312 = CARTESIAN_POINT('',(5.079370490373,5.090065106853));
#4313 = CARTESIAN_POINT('',(5.183009364955,5.104971447209));
#4314 = CARTESIAN_POINT('',(5.283944266653,5.117611101224));
#4315 = CARTESIAN_POINT('',(5.496884540582,5.139222821066));
#4316 = CARTESIAN_POINT('',(5.608747459587,5.147358750271));
#4317 = CARTESIAN_POINT('',(5.719277684846,5.151449207726));
#4318 = CARTESIAN_POINT('',(5.829386708022,5.151236241648));
#4319 = CARTESIAN_POINT('',(5.939930726979,5.146694086361));
#4320 = CARTESIAN_POINT('',(6.051765670247,5.138022580254));
#4321 = CARTESIAN_POINT('',(6.165807228525,5.125710723183));
#4322 = CARTESIAN_POINT('',(6.28318530718,5.110656545296));
#4323 = ( GEOMETRIC_REPRESENTATION_CONTEXT(2) 
PARAMETRIC_REPRESENTATION_CONTEXT() REPRESENTATION_CONTEXT('2D SPACE',''
  ) );
#4324 = ADVANCED_FACE('',(#4325),#343,.F.);
#4325 = FACE_BOUND('',#4326,.F.);
#4326 = EDGE_LOOP('',(#4327,#4328,#4329,#4330,#4331));
#4327 = ORIENTED_EDGE('',*,*,#3732,.T.);
#4328 = ORIENTED_EDGE('',*,*,#3803,.T.);
#4329 = ORIENTED_EDGE('',*,*,#2026,.T.);
#4330 = ORIENTED_EDGE('',*,*,#3757,.T.);
#4331 = ORIENTED_EDGE('',*,*,#328,.F.);
#4332 = ADVANCED_FACE('',(#4333),#155,.F.);
#4333 = FACE_BOUND('',#4334,.F.);
#4334 = EDGE_LOOP('',(#4335,#4336,#4337,#4338));
#4335 = ORIENTED_EDGE('',*,*,#239,.T.);
#4336 = ORIENTED_EDGE('',*,*,#3459,.T.);
#4337 = ORIENTED_EDGE('',*,*,#140,.T.);
#4338 = ORIENTED_EDGE('',*,*,#3895,.F.);
#4339 = ADVANCED_FACE('',(#4340),#207,.T.);
#4340 = FACE_BOUND('',#4341,.T.);
#4341 = EDGE_LOOP('',(#4342,#4343,#4344,#4345,#4346));
#4342 = ORIENTED_EDGE('',*,*,#3918,.T.);
#4343 = ORIENTED_EDGE('',*,*,#3826,.T.);
#4344 = ORIENTED_EDGE('',*,*,#1895,.T.);
#4345 = ORIENTED_EDGE('',*,*,#3872,.T.);
#4346 = ORIENTED_EDGE('',*,*,#192,.F.);
#4347 = ADVANCED_FACE('',(#4348,#4396),#413,.T.);
#4348 = FACE_BOUND('',#4349,.T.);
#4349 = EDGE_LOOP('',(#4350,#4372,#4373,#4395));
#4350 = ORIENTED_EDGE('',*,*,#4351,.F.);
#4351 = EDGE_CURVE('',#545,#399,#4352,.T.);
#4352 = SURFACE_CURVE('',#4353,(#4358,#4365),.PCURVE_S1.);
#4353 = CIRCLE('',#4354,17.);
#4354 = AXIS2_PLACEMENT_3D('',#4355,#4356,#4357);
#4355 = CARTESIAN_POINT('',(-100.,0.,0.));
#4356 = DIRECTION('',(-1.,0.,0.));
#4357 = DIRECTION('',(0.,0.,-1.));
#4358 = PCURVE('',#413,#4359);
#4359 = DEFINITIONAL_REPRESENTATION('',(#4360),#4364);
#4360 = LINE('',#4361,#4362);
#4361 = CARTESIAN_POINT('',(0.,60.));
#4362 = VECTOR('',#4363,1.);
#4363 = DIRECTION('',(1.,0.));
#4364 = ( GEOMETRIC_REPRESENTATION_CONTEXT(2) 
PARAMETRIC_REPRESENTATION_CONTEXT() REPRESENTATION_CONTEXT('2D SPACE',''
  ) );
#4365 = PCURVE('',#580,#4366);
#4366 = DEFINITIONAL_REPRESENTATION('',(#4367),#4371);
#4367 = CIRCLE('',#4368,17.);
#4368 = AXIS2_PLACEMENT_2D('',#4369,#4370);
#4369 = CARTESIAN_POINT('',(0.,0.));
#4370 = DIRECTION('',(1.,0.));
#4371 = ( GEOMETRIC_REPRESENTATION_CONTEXT(2) 
PARAMETRIC_REPRESENTATION_CONTEXT() REPRESENTATION_CONTEXT('2D SPACE',''
  ) );
#4372 = ORIENTED_EDGE('',*,*,#544,.F.);
#4373 = ORIENTED_EDGE('',*,*,#4374,.T.);
#4374 = EDGE_CURVE('',#524,#397,#4375,.T.);
#4375 = SURFACE_CURVE('',#4376,(#4381,#4388),.PCURVE_S1.);
#4376 = CIRCLE('',#4377,17.);
#4377 = AXIS2_PLACEMENT_3D('',#4378,#4379,#4380);
#4378 = CARTESIAN_POINT('',(-40.,0.,0.));
#4379 = DIRECTION('',(-1.,0.,0.));
#4380 = DIRECTION('',(0.,0.,-1.));
#4381 = PCURVE('',#413,#4382);
#4382 = DEFINITIONAL_REPRESENTATION('',(#4383),#4387);
#4383 = LINE('',#4384,#4385);
#4384 = CARTESIAN_POINT('',(0.,0.));
#4385 = VECTOR('',#4386,1.);
#4386 = DIRECTION('',(1.,0.));
#4387 = ( GEOMETRIC_REPRESENTATION_CONTEXT(2) 
PARAMETRIC_REPRESENTATION_CONTEXT() REPRESENTATION_CONTEXT('2D SPACE',''
  ) );
#4388 = PCURVE('',#439,#4389);
#4389 = DEFINITIONAL_REPRESENTATION('',(#4390),#4394);
#4390 = CIRCLE('',#4391,17.);
#4391 = AXIS2_PLACEMENT_2D('',#4392,#4393);
#4392 = CARTESIAN_POINT('',(0.,0.));
#4393 = DIRECTION('',(1.,0.));
#4394 = ( GEOMETRIC_REPRESENTATION_CONTEXT(2) 
PARAMETRIC_REPRESENTATION_CONTEXT() REPRESENTATION_CONTEXT('2D SPACE',''
  ) );
#4395 = ORIENTED_EDGE('',*,*,#396,.T.);
#4396 = FACE_BOUND('',#4397,.T.);
#4397 = EDGE_LOOP('',(#4398));
#4398 = ORIENTED_EDGE('',*,*,#4399,.F.);
#4399 = EDGE_CURVE('',#4400,#4400,#4402,.T.);
#4400 = VERTEX_POINT('',#4401);
#4401 = CARTESIAN_POINT('',(-67.9,-5.143516556419E-16,17.));
#4402 = SURFACE_CURVE('',#4403,(#4454,#4508),.PCURVE_S1.);
#4403 = B_SPLINE_CURVE_WITH_KNOTS('',7,(#4404,#4405,#4406,#4407,#4408,
    #4409,#4410,#4411,#4412,#4413,#4414,#4415,#4416,#4417,#4418,#4419,
    #4420,#4421,#4422,#4423,#4424,#4425,#4426,#4427,#4428,#4429,#4430,
    #4431,#4432,#4433,#4434,#4435,#4436,#4437,#4438,#4439,#4440,#4441,
    #4442,#4443,#4444,#4445,#4446,#4447,#4448,#4449,#4450,#4451,#4452,
    #4453),.UNSPECIFIED.,.T.,.F.,(8,6,6,6,6,6,6,6,8),(0.,0.122694318738,
    0.250005614126,0.377323533374,0.500000893666,0.622707396531,
    0.750027284314,0.877346807044,1.),.UNSPECIFIED.);
#4404 = CARTESIAN_POINT('',(-67.9,-1.33226762955E-15,17.));
#4405 = CARTESIAN_POINT('',(-67.9,0.27899941845,17.));
#4406 = CARTESIAN_POINT('',(-67.94324437308,0.550472901491,
    16.994657900753));
#4407 = CARTESIAN_POINT('',(-68.02553686823,0.806637734836,
    16.984493160459));
#4408 = CARTESIAN_POINT('',(-68.14120918429,1.041038338695,
    16.970884385458));
#4409 = CARTESIAN_POINT('',(-68.28318086209,1.248771335965,
    16.955713808497));
#4410 = CARTESIAN_POINT('',(-68.44305422404,1.426953058062,
    16.940660624667));
#4411 = CARTESIAN_POINT('',(-68.78576494913,1.7290932051,16.912543114244
    ));
#4412 = CARTESIAN_POINT('',(-68.97393949816,1.854901793688,
    16.899189425933));
#4413 = CARTESIAN_POINT('',(-69.17128947839,1.953857542309,
    16.887763503364));
#4414 = CARTESIAN_POINT('',(-69.37469410558,2.027149266282,16.8788642531
    ));
#4415 = CARTESIAN_POINT('',(-69.58183368071,2.075695874102,
    16.872820918917));
#4416 = CARTESIAN_POINT('',(-69.79083925026,2.1,16.869795493722));
#4417 = CARTESIAN_POINT('',(-70.20917163212,2.1,16.869795493722));
#4418 = CARTESIAN_POINT('',(-70.4181750246,2.075693389921,
    16.872821225281));
#4419 = CARTESIAN_POINT('',(-70.6253084228,2.027147043265,16.87886453764
    ));
#4420 = CARTESIAN_POINT('',(-70.82870877662,1.953857705366,
    16.887763427069));
#4421 = CARTESIAN_POINT('',(-71.02605862796,1.854903375824,
    16.899189278446));
#4422 = CARTESIAN_POINT('',(-71.21423498715,1.729093261273,
    16.912543109017));
#4423 = CARTESIAN_POINT('',(-71.55691384139,1.426981212166,
    16.940658004614));
#4424 = CARTESIAN_POINT('',(-71.71680097825,1.248801523859,
    16.955711583142));
#4425 = CARTESIAN_POINT('',(-71.8588002725,1.041042971151,16.970884917)
  );
#4426 = CARTESIAN_POINT('',(-71.97448942727,0.806600866758,
    16.98449640028));
#4427 = CARTESIAN_POINT('',(-72.0567761714,0.550401825964,
    16.994660441865));
#4428 = CARTESIAN_POINT('',(-72.1,0.278933156591,17.));
#4429 = CARTESIAN_POINT('',(-72.1,-0.27899941845,17.));
#4430 = CARTESIAN_POINT('',(-72.05675562691,-0.55047290149,
    16.994657900753));
#4431 = CARTESIAN_POINT('',(-71.97446313176,-0.806637734836,
    16.984493160459));
#4432 = CARTESIAN_POINT('',(-71.8587908157,-1.041038338694,
    16.970884385458));
#4433 = CARTESIAN_POINT('',(-71.7168191379,-1.248771335965,
    16.955713808497));
#4434 = CARTESIAN_POINT('',(-71.55694577595,-1.426953058062,
    16.940660624667));
#4435 = CARTESIAN_POINT('',(-71.2142406024,-1.72908831076,
    16.912543569717));
#4436 = CARTESIAN_POINT('',(-71.02606133304,-1.854903581117,
    16.899189364119));
#4437 = CARTESIAN_POINT('',(-70.82870465797,-1.953860779536,
    16.887763039315));
#4438 = CARTESIAN_POINT('',(-70.62530135833,-2.027148891724,
    16.878864306999));
#4439 = CARTESIAN_POINT('',(-70.41817090451,-2.075693230289,
    16.872821245869));
#4440 = CARTESIAN_POINT('',(-70.20917222522,-2.1,16.869795493722));
#4441 = CARTESIAN_POINT('',(-69.79082837451,-2.1,16.869795493722));
#4442 = CARTESIAN_POINT('',(-69.58182495915,-2.075693391604,
    16.872821225149));
#4443 = CARTESIAN_POINT('',(-69.37469158893,-2.027147035299,
    16.878864538349));
#4444 = CARTESIAN_POINT('',(-69.17129122921,-1.953857720332,
    16.887763425674));
#4445 = CARTESIAN_POINT('',(-68.97394135907,-1.854903362392,
    16.899189279712));
#4446 = CARTESIAN_POINT('',(-68.78576501864,-1.729093266383,
    16.912543108541));
#4447 = CARTESIAN_POINT('',(-68.44312139759,-1.427012279509,
    16.940655113451));
#4448 = CARTESIAN_POINT('',(-68.2832095141,-1.248826379457,
    16.955709905447));
#4449 = CARTESIAN_POINT('',(-68.1411798304,-1.041032242294,
    16.970886704407));
#4450 = CARTESIAN_POINT('',(-68.02547980501,-0.806547213734,
    16.984500225935));
#4451 = CARTESIAN_POINT('',(-67.94320427469,-0.550323989145,
    16.994662851203));
#4452 = CARTESIAN_POINT('',(-67.9,-0.278870054212,17.));
#4453 = CARTESIAN_POINT('',(-67.9,-1.33226762955E-15,17.));
#4454 = PCURVE('',#413,#4455);
#4455 = DEFINITIONAL_REPRESENTATION('',(#4456),#4507);
#4456 = B_SPLINE_CURVE_WITH_KNOTS('',7,(#4457,#4458,#4459,#4460,#4461,
    #4462,#4463,#4464,#4465,#4466,#4467,#4468,#4469,#4470,#4471,#4472,
    #4473,#4474,#4475,#4476,#4477,#4478,#4479,#4480,#4481,#4482,#4483,
    #4484,#4485,#4486,#4487,#4488,#4489,#4490,#4491,#4492,#4493,#4494,
    #4495,#4496,#4497,#4498,#4499,#4500,#4501,#4502,#4503,#4504,#4505,
    #4506),.UNSPECIFIED.,.T.,.F.,(8,6,6,6,6,6,6,6,8),(0.,0.122694318738,
    0.250005614126,0.377323533374,0.500000893666,0.622707396531,
    0.750027284314,0.877346807044,1.),.UNSPECIFIED.);
#4457 = CARTESIAN_POINT('',(3.14159265359,27.9));
#4458 = CARTESIAN_POINT('',(3.158004384087,27.9));
#4459 = CARTESIAN_POINT('',(3.173973420529,27.943244373087));
#4460 = CARTESIAN_POINT('',(3.189049115165,28.025536868237));
#4461 = CARTESIAN_POINT('',(3.202857427919,28.141209184295));
#4462 = CARTESIAN_POINT('',(3.215108266398,28.283180862092));
#4463 = CARTESIAN_POINT('',(3.225626493544,28.443054224045));
#4464 = CARTESIAN_POINT('',(3.243476237695,28.785764949131));
#4465 = CARTESIAN_POINT('',(3.250917690315,28.973939498165));
#4466 = CARTESIAN_POINT('',(3.256777077428,29.17128947839));
#4467 = CARTESIAN_POINT('',(3.261119994288,29.374694105581));
#4468 = CARTESIAN_POINT('',(3.263997720616,29.581833680714));
#4469 = CARTESIAN_POINT('',(3.265438408965,29.790839250264));
#4470 = CARTESIAN_POINT('',(3.265438408965,30.209171632129));
#4471 = CARTESIAN_POINT('',(3.263997573398,30.418175024607));
#4472 = CARTESIAN_POINT('',(3.261119862425,30.625308422805));
#4473 = CARTESIAN_POINT('',(3.256777087503,30.828708776621));
#4474 = CARTESIAN_POINT('',(3.250917783755,31.026058627963));
#4475 = CARTESIAN_POINT('',(3.243476241013,31.214234987154));
#4476 = CARTESIAN_POINT('',(3.225628156824,31.556913841393));
#4477 = CARTESIAN_POINT('',(3.215110046847,31.716800978251));
#4478 = CARTESIAN_POINT('',(3.202857696237,31.858800272502));
#4479 = CARTESIAN_POINT('',(3.18904694103,31.974489427277));
#4480 = CARTESIAN_POINT('',(3.173969239602,32.056776171408));
#4481 = CARTESIAN_POINT('',(3.15800048633,32.1));
#4482 = CARTESIAN_POINT('',(3.125180923093,32.1));
#4483 = CARTESIAN_POINT('',(3.10921188665,32.056755626913));
#4484 = CARTESIAN_POINT('',(3.094136192015,31.974463131763));
#4485 = CARTESIAN_POINT('',(3.080327879261,31.858790815704));
#4486 = CARTESIAN_POINT('',(3.068077040781,31.716819137908));
#4487 = CARTESIAN_POINT('',(3.057558813636,31.556945775955));
#4488 = CARTESIAN_POINT('',(3.039709358631,31.214240602408));
#4489 = CARTESIAN_POINT('',(3.032267511878,31.026061333041));
#4490 = CARTESIAN_POINT('',(3.026408037557,30.82870465797));
#4491 = CARTESIAN_POINT('',(3.022065335092,30.625301358331));
#4492 = CARTESIAN_POINT('',(3.019187743277,30.418170904514));
#4493 = CARTESIAN_POINT('',(3.017746898214,30.209172225227));
#4494 = CARTESIAN_POINT('',(3.017746898214,29.790828374514));
#4495 = CARTESIAN_POINT('',(3.019187733682,29.581824959155));
#4496 = CARTESIAN_POINT('',(3.022065445225,29.374691588934));
#4497 = CARTESIAN_POINT('',(3.026408218792,29.171291229215));
#4498 = CARTESIAN_POINT('',(3.032267524218,28.973941359071));
#4499 = CARTESIAN_POINT('',(3.039709065864,28.785765018643));
#4500 = CARTESIAN_POINT('',(3.057555314969,28.443121397591));
#4501 = CARTESIAN_POINT('',(3.068073795366,28.283209514105));
#4502 = CARTESIAN_POINT('',(3.080328248576,28.141179830406));
#4503 = CARTESIAN_POINT('',(3.094141527664,28.025479805016));
#4504 = CARTESIAN_POINT('',(3.109220646054,27.943204274692));
#4505 = CARTESIAN_POINT('',(3.125188532754,27.9));
#4506 = CARTESIAN_POINT('',(3.14159265359,27.9));
#4507 = ( GEOMETRIC_REPRESENTATION_CONTEXT(2) 
PARAMETRIC_REPRESENTATION_CONTEXT() REPRESENTATION_CONTEXT('2D SPACE',''
  ) );
#4508 = PCURVE('',#4509,#4514);
#4509 = CYLINDRICAL_SURFACE('',#4510,2.1);
#4510 = AXIS2_PLACEMENT_3D('',#4511,#4512,#4513);
#4511 = CARTESIAN_POINT('',(-70.,0.,-20.));
#4512 = DIRECTION('',(0.,0.,1.));
#4513 = DIRECTION('',(1.,0.,-0.));
#4514 = DEFINITIONAL_REPRESENTATION('',(#4515),#4566);
#4515 = B_SPLINE_CURVE_WITH_KNOTS('',7,(#4516,#4517,#4518,#4519,#4520,
    #4521,#4522,#4523,#4524,#4525,#4526,#4527,#4528,#4529,#4530,#4531,
    #4532,#4533,#4534,#4535,#4536,#4537,#4538,#4539,#4540,#4541,#4542,
    #4543,#4544,#4545,#4546,#4547,#4548,#4549,#4550,#4551,#4552,#4553,
    #4554,#4555,#4556,#4557,#4558,#4559,#4560,#4561,#4562,#4563,#4564,
    #4565),.UNSPECIFIED.,.F.,.F.,(8,6,6,6,6,6,6,6,8),(0.,0.122694318738,
    0.250005614126,0.377323533374,0.500000893666,0.622707396531,
    0.750027284314,0.877346807044,1.),.UNSPECIFIED.);
#4516 = CARTESIAN_POINT('',(0.,37.));
#4517 = CARTESIAN_POINT('',(0.132856865928,37.));
#4518 = CARTESIAN_POINT('',(0.262129859914,36.994657900753));
#4519 = CARTESIAN_POINT('',(0.387943671449,36.984493160459));
#4520 = CARTESIAN_POINT('',(0.510124032445,36.970884385458));
#4521 = CARTESIAN_POINT('',(0.62824054874,36.955713808497));
#4522 = CARTESIAN_POINT('',(0.741457981802,36.940660624667));
#4523 = CARTESIAN_POINT('',(0.959019873609,36.912543114244));
#4524 = CARTESIAN_POINT('',(1.065853585147,36.899189425933));
#4525 = CARTESIAN_POINT('',(1.16972863053,36.887763503364));
#4526 = CARTESIAN_POINT('',(1.271417201679,36.8788642531));
#4527 = CARTESIAN_POINT('',(1.371669661727,36.872820918917));
#4528 = CARTESIAN_POINT('',(1.471195969778,36.869795493722));
#4529 = CARTESIAN_POINT('',(1.670401865904,36.869795493722));
#4530 = CARTESIAN_POINT('',(1.76992712248,36.872821225281));
#4531 = CARTESIAN_POINT('',(1.870176927628,36.87886453764));
#4532 = CARTESIAN_POINT('',(1.971863313083,36.887763427069));
#4533 = CARTESIAN_POINT('',(2.075737908855,36.899189278446));
#4534 = CARTESIAN_POINT('',(2.182572739533,36.912543109017));
#4535 = CARTESIAN_POINT('',(2.400114398878,36.940658004614));
#4536 = CARTESIAN_POINT('',(2.513336115462,36.955711583142));
#4537 = CARTESIAN_POINT('',(2.631469387111,36.970884917));
#4538 = CARTESIAN_POINT('',(2.753669231281,36.98449640028));
#4539 = CARTESIAN_POINT('',(2.879496646385,36.994660441865));
#4540 = CARTESIAN_POINT('',(3.008767340927,37.));
#4541 = CARTESIAN_POINT('',(3.274449519518,37.));
#4542 = CARTESIAN_POINT('',(3.403722513503,36.994657900753));
#4543 = CARTESIAN_POINT('',(3.52953632504,36.984493160459));
#4544 = CARTESIAN_POINT('',(3.651716686035,36.970884385458));
#4545 = CARTESIAN_POINT('',(3.76983320233,36.955713808497));
#4546 = CARTESIAN_POINT('',(3.883050635392,36.940660624667));
#4547 = CARTESIAN_POINT('',(4.100609002934,36.912543569717));
#4548 = CARTESIAN_POINT('',(4.2074464942,36.899189364119));
#4549 = CARTESIAN_POINT('',(4.311324231845,36.887763039315));
#4550 = CARTESIAN_POINT('',(4.413011756179,36.878864306999));
#4551 = CARTESIAN_POINT('',(4.513260136265,36.872821245869));
#4552 = CARTESIAN_POINT('',(4.612783158848,36.869795493722));
#4553 = CARTESIAN_POINT('',(4.81199451633,36.869795493722));
#4554 = CARTESIAN_POINT('',(4.911519783404,36.872821225149));
#4555 = CARTESIAN_POINT('',(5.011769577175,36.878864538349));
#4556 = CARTESIAN_POINT('',(5.113455961227,36.887763425674));
#4557 = CARTESIAN_POINT('',(5.21733057097,36.899189279712));
#4558 = CARTESIAN_POINT('',(5.324165389443,36.912543108541));
#4559 = CARTESIAN_POINT('',(5.541684681823,36.940655113451));
#4560 = CARTESIAN_POINT('',(5.65491720423,36.955709905447));
#4561 = CARTESIAN_POINT('',(5.773071231937,36.970886704407));
#4562 = CARTESIAN_POINT('',(5.895289999893,36.984500225935));
#4563 = CARTESIAN_POINT('',(6.021126371109,36.994662851203));
#4564 = CARTESIAN_POINT('',(6.150390043269,37.));
#4565 = CARTESIAN_POINT('',(6.28318530718,37.));
#4566 = ( GEOMETRIC_REPRESENTATION_CONTEXT(2) 
PARAMETRIC_REPRESENTATION_CONTEXT() REPRESENTATION_CONTEXT('2D SPACE',''
  ) );
#4567 = ADVANCED_FACE('',(#4568),#580,.T.);
#4568 = FACE_BOUND('',#4569,.T.);
#4569 = EDGE_LOOP('',(#4570,#4571,#4572,#4594));
#4570 = ORIENTED_EDGE('',*,*,#4351,.T.);
#4571 = ORIENTED_EDGE('',*,*,#659,.T.);
#4572 = ORIENTED_EDGE('',*,*,#4573,.F.);
#4573 = EDGE_CURVE('',#566,#639,#4574,.T.);
#4574 = SURFACE_CURVE('',#4575,(#4580,#4587),.PCURVE_S1.);
#4575 = CIRCLE('',#4576,15.);
#4576 = AXIS2_PLACEMENT_3D('',#4577,#4578,#4579);
#4577 = CARTESIAN_POINT('',(-100.,0.,0.));
#4578 = DIRECTION('',(-1.,0.,0.));
#4579 = DIRECTION('',(0.,0.,-1.));
#4580 = PCURVE('',#580,#4581);
#4581 = DEFINITIONAL_REPRESENTATION('',(#4582),#4586);
#4582 = CIRCLE('',#4583,15.);
#4583 = AXIS2_PLACEMENT_2D('',#4584,#4585);
#4584 = CARTESIAN_POINT('',(0.,0.));
#4585 = DIRECTION('',(1.,0.));
#4586 = ( GEOMETRIC_REPRESENTATION_CONTEXT(2) 
PARAMETRIC_REPRESENTATION_CONTEXT() REPRESENTATION_CONTEXT('2D SPACE',''
  ) );
#4587 = PCURVE('',#465,#4588);
#4588 = DEFINITIONAL_REPRESENTATION('',(#4589),#4593);
#4589 = LINE('',#4590,#4591);
#4590 = CARTESIAN_POINT('',(0.,65.));
#4591 = VECTOR('',#4592,1.);
#4592 = DIRECTION('',(1.,0.));
#4593 = ( GEOMETRIC_REPRESENTATION_CONTEXT(2) 
PARAMETRIC_REPRESENTATION_CONTEXT() REPRESENTATION_CONTEXT('2D SPACE',''
  ) );
#4594 = ORIENTED_EDGE('',*,*,#565,.T.);
#4595 = ADVANCED_FACE('',(#4596,#5042),#465,.F.);
#4596 = FACE_BOUND('',#4597,.F.);
#4597 = EDGE_LOOP('',(#4598,#4620,#4621,#4645,#4668,#4765,#4788,#4810,
    #4811,#4833,#4834,#4856,#4857,#4879,#4880,#4902,#4903,#4993,#4994,
    #5016,#5017,#5039,#5040,#5041));
#4598 = ORIENTED_EDGE('',*,*,#4599,.F.);
#4599 = EDGE_CURVE('',#2275,#592,#4600,.T.);
#4600 = SURFACE_CURVE('',#4601,(#4606,#4613),.PCURVE_S1.);
#4601 = CIRCLE('',#4602,15.);
#4602 = AXIS2_PLACEMENT_3D('',#4603,#4604,#4605);
#4603 = CARTESIAN_POINT('',(-105.,0.,0.));
#4604 = DIRECTION('',(-1.,0.,0.));
#4605 = DIRECTION('',(0.,0.,-1.));
#4606 = PCURVE('',#465,#4607);
#4607 = DEFINITIONAL_REPRESENTATION('',(#4608),#4612);
#4608 = LINE('',#4609,#4610);
#4609 = CARTESIAN_POINT('',(0.,70.));
#4610 = VECTOR('',#4611,1.);
#4611 = DIRECTION('',(1.,0.));
#4612 = ( GEOMETRIC_REPRESENTATION_CONTEXT(2) 
PARAMETRIC_REPRESENTATION_CONTEXT() REPRESENTATION_CONTEXT('2D SPACE',''
  ) );
#4613 = PCURVE('',#627,#4614);
#4614 = DEFINITIONAL_REPRESENTATION('',(#4615),#4619);
#4615 = CIRCLE('',#4616,15.);
#4616 = AXIS2_PLACEMENT_2D('',#4617,#4618);
#4617 = CARTESIAN_POINT('',(0.,0.));
#4618 = DIRECTION('',(1.,0.));
#4619 = ( GEOMETRIC_REPRESENTATION_CONTEXT(2) 
PARAMETRIC_REPRESENTATION_CONTEXT() REPRESENTATION_CONTEXT('2D SPACE',''
  ) );
#4620 = ORIENTED_EDGE('',*,*,#2274,.F.);
#4621 = ORIENTED_EDGE('',*,*,#4622,.F.);
#4622 = EDGE_CURVE('',#4623,#2249,#4625,.T.);
#4623 = VERTEX_POINT('',#4624);
#4624 = CARTESIAN_POINT('',(-100.,3.673940397442E-15,-15.));
#4625 = SURFACE_CURVE('',#4626,(#4631,#4638),.PCURVE_S1.);
#4626 = CIRCLE('',#4627,15.);
#4627 = AXIS2_PLACEMENT_3D('',#4628,#4629,#4630);
#4628 = CARTESIAN_POINT('',(-100.,0.,0.));
#4629 = DIRECTION('',(-1.,0.,0.));
#4630 = DIRECTION('',(0.,0.,-1.));
#4631 = PCURVE('',#465,#4632);
#4632 = DEFINITIONAL_REPRESENTATION('',(#4633),#4637);
#4633 = LINE('',#4634,#4635);
#4634 = CARTESIAN_POINT('',(0.,65.));
#4635 = VECTOR('',#4636,1.);
#4636 = DIRECTION('',(1.,0.));
#4637 = ( GEOMETRIC_REPRESENTATION_CONTEXT(2) 
PARAMETRIC_REPRESENTATION_CONTEXT() REPRESENTATION_CONTEXT('2D SPACE',''
  ) );
#4638 = PCURVE('',#2263,#4639);
#4639 = DEFINITIONAL_REPRESENTATION('',(#4640),#4644);
#4640 = CIRCLE('',#4641,15.);
#4641 = AXIS2_PLACEMENT_2D('',#4642,#4643);
#4642 = CARTESIAN_POINT('',(0.,0.));
#4643 = DIRECTION('',(1.,0.));
#4644 = ( GEOMETRIC_REPRESENTATION_CONTEXT(2) 
PARAMETRIC_REPRESENTATION_CONTEXT() REPRESENTATION_CONTEXT('2D SPACE',''
  ) );
#4645 = ORIENTED_EDGE('',*,*,#4646,.F.);
#4646 = EDGE_CURVE('',#4647,#4623,#4649,.T.);
#4647 = VERTEX_POINT('',#4648);
#4648 = CARTESIAN_POINT('',(-72.1,3.673940397442E-15,-15.));
#4649 = SEAM_CURVE('',#4650,(#4654,#4661),.PCURVE_S1.);
#4650 = LINE('',#4651,#4652);
#4651 = CARTESIAN_POINT('',(-35.,3.673940397442E-15,-15.));
#4652 = VECTOR('',#4653,1.);
#4653 = DIRECTION('',(-1.,0.,0.));
#4654 = PCURVE('',#465,#4655);
#4655 = DEFINITIONAL_REPRESENTATION('',(#4656),#4660);
#4656 = LINE('',#4657,#4658);
#4657 = CARTESIAN_POINT('',(6.28318530718,-0.));
#4658 = VECTOR('',#4659,1.);
#4659 = DIRECTION('',(0.,1.));
#4660 = ( GEOMETRIC_REPRESENTATION_CONTEXT(2) 
PARAMETRIC_REPRESENTATION_CONTEXT() REPRESENTATION_CONTEXT('2D SPACE',''
  ) );
#4661 = PCURVE('',#465,#4662);
#4662 = DEFINITIONAL_REPRESENTATION('',(#4663),#4667);
#4663 = LINE('',#4664,#4665);
#4664 = CARTESIAN_POINT('',(0.,-0.));
#4665 = VECTOR('',#4666,1.);
#4666 = DIRECTION('',(0.,1.));
#4667 = ( GEOMETRIC_REPRESENTATION_CONTEXT(2) 
PARAMETRIC_REPRESENTATION_CONTEXT() REPRESENTATION_CONTEXT('2D SPACE',''
  ) );
#4668 = ORIENTED_EDGE('',*,*,#4669,.T.);
#4669 = EDGE_CURVE('',#4647,#4670,#4672,.T.);
#4670 = VERTEX_POINT('',#4671);
#4671 = CARTESIAN_POINT('',(-67.9,1.5797943709E-15,-15.));
#4672 = SURFACE_CURVE('',#4673,(#4700,#4730),.PCURVE_S1.);
#4673 = B_SPLINE_CURVE_WITH_KNOTS('',7,(#4674,#4675,#4676,#4677,#4678,
    #4679,#4680,#4681,#4682,#4683,#4684,#4685,#4686,#4687,#4688,#4689,
    #4690,#4691,#4692,#4693,#4694,#4695,#4696,#4697,#4698,#4699),
  .UNSPECIFIED.,.F.,.F.,(8,6,6,6,8),(0.,0.24545722564,0.500054032253,
    0.754650219609,1.),.UNSPECIFIED.);
#4674 = CARTESIAN_POINT('',(-72.1,4.440892098501E-16,-15.));
#4675 = CARTESIAN_POINT('',(-72.1,-0.279114841086,-15.));
#4676 = CARTESIAN_POINT('',(-72.05671985613,-0.550621833632,
    -14.99394058823));
#4677 = CARTESIAN_POINT('',(-71.97440314705,-0.806764978539,
    -14.98241728871));
#4678 = CARTESIAN_POINT('',(-71.85873130942,-1.041123175926,
    -14.96699160453));
#4679 = CARTESIAN_POINT('',(-71.71677744774,-1.248816226171,
    -14.94978966022));
#4680 = CARTESIAN_POINT('',(-71.55692744357,-1.426969220229,
    -14.9327152988));
#4681 = CARTESIAN_POINT('',(-71.21432049966,-1.729017871856,
    -14.90081912626));
#4682 = CARTESIAN_POINT('',(-71.0262040304,-1.854814467231,
    -14.88566476047));
#4683 = CARTESIAN_POINT('',(-70.82887704014,-1.953787403224,
    -14.87268975536));
#4684 = CARTESIAN_POINT('',(-70.62546529399,-2.027106265677,
    -14.86257928826));
#4685 = CARTESIAN_POINT('',(-70.41829377989,-2.075678646908,
    -14.85571138535));
#4686 = CARTESIAN_POINT('',(-70.20923494631,-2.1,-14.85227255338));
#4687 = CARTESIAN_POINT('',(-69.79076556261,-2.1,-14.85227255338));
#4688 = CARTESIAN_POINT('',(-69.58170197913,-2.075678787251,
    -14.85571136488));
#4689 = CARTESIAN_POINT('',(-69.37452757371,-2.02710437675,
    -14.86257955539));
#4690 = CARTESIAN_POINT('',(-69.17111882996,-1.953784318804,
    -14.87269019772));
#4691 = CARTESIAN_POINT('',(-68.97379872539,-1.854814262741,
    -14.88566466089));
#4692 = CARTESIAN_POINT('',(-68.78568521653,-1.729022911364,
    -14.90081859409));
#4693 = CARTESIAN_POINT('',(-68.44314025397,-1.427028903651,
    -14.93270899626));
#4694 = CARTESIAN_POINT('',(-68.28325137764,-1.248871651566,
    -14.94978520486));
#4695 = CARTESIAN_POINT('',(-68.14123907644,-1.041116958034,
    -14.9669942657));
#4696 = CARTESIAN_POINT('',(-68.02553935042,-0.806673727463,
    -14.98242535667));
#4697 = CARTESIAN_POINT('',(-67.94323971552,-0.550471778571,
    -14.99394624532));
#4698 = CARTESIAN_POINT('',(-67.9,-0.278984464687,-15.));
#4699 = CARTESIAN_POINT('',(-67.9,-4.440892098501E-16,-15.));
#4700 = PCURVE('',#465,#4701);
#4701 = DEFINITIONAL_REPRESENTATION('',(#4702),#4729);
#4702 = B_SPLINE_CURVE_WITH_KNOTS('',7,(#4703,#4704,#4705,#4706,#4707,
    #4708,#4709,#4710,#4711,#4712,#4713,#4714,#4715,#4716,#4717,#4718,
    #4719,#4720,#4721,#4722,#4723,#4724,#4725,#4726,#4727,#4728),
  .UNSPECIFIED.,.F.,.F.,(8,6,6,6,8),(0.,0.24545722564,0.500054032253,
    0.754650219609,1.),.UNSPECIFIED.);
#4703 = CARTESIAN_POINT('',(0.,37.1));
#4704 = CARTESIAN_POINT('',(1.860765607243E-02,37.1));
#4705 = CARTESIAN_POINT('',(3.670813366069E-02,37.056719856138));
#4706 = CARTESIAN_POINT('',(5.379480272813E-02,36.97440314705));
#4707 = CARTESIAN_POINT('',(6.944786127734E-02,36.858731309421));
#4708 = CARTESIAN_POINT('',(8.333958794681E-02,36.716777447743));
#4709 = CARTESIAN_POINT('',(9.527031067627E-02,36.556927443575));
#4710 = CARTESIAN_POINT('',(0.115518850132,36.214320499662));
#4711 = CARTESIAN_POINT('',(0.123965014265,36.0262040304));
#4712 = CARTESIAN_POINT('',(0.130619352461,35.828877040142));
#4713 = CARTESIAN_POINT('',(0.135553493632,35.625465293995));
#4714 = CARTESIAN_POINT('',(0.138823864425,35.418293779898));
#4715 = CARTESIAN_POINT('',(0.14046141471,35.20923494631));
#4716 = CARTESIAN_POINT('',(0.14046141471,34.790765562613));
#4717 = CARTESIAN_POINT('',(0.13882387392,34.581701979131));
#4718 = CARTESIAN_POINT('',(0.135553366325,34.374527573714));
#4719 = CARTESIAN_POINT('',(0.130619144945,34.171118829963));
#4720 = CARTESIAN_POINT('',(0.123965001422,33.973798725399));
#4721 = CARTESIAN_POINT('',(0.115519187967,33.785685216538));
#4722 = CARTESIAN_POINT('',(9.527431169439E-02,33.443140253979));
#4723 = CARTESIAN_POINT('',(8.334329405049E-02,33.28325137764));
#4724 = CARTESIAN_POINT('',(6.94474310148E-02,33.141239076441));
#4725 = CARTESIAN_POINT('',(5.378870337015E-02,33.025539350428));
#4726 = CARTESIAN_POINT('',(3.66981302004E-02,32.94323971552));
#4727 = CARTESIAN_POINT('',(1.859896431244E-02,32.9));
#4728 = CARTESIAN_POINT('',(0.,32.9));
#4729 = ( GEOMETRIC_REPRESENTATION_CONTEXT(2) 
PARAMETRIC_REPRESENTATION_CONTEXT() REPRESENTATION_CONTEXT('2D SPACE',''
  ) );
#4730 = PCURVE('',#4731,#4736);
#4731 = CYLINDRICAL_SURFACE('',#4732,2.1);
#4732 = AXIS2_PLACEMENT_3D('',#4733,#4734,#4735);
#4733 = CARTESIAN_POINT('',(-70.,0.,-20.));
#4734 = DIRECTION('',(0.,0.,1.));
#4735 = DIRECTION('',(1.,0.,-0.));
#4736 = DEFINITIONAL_REPRESENTATION('',(#4737),#4764);
#4737 = B_SPLINE_CURVE_WITH_KNOTS('',7,(#4738,#4739,#4740,#4741,#4742,
    #4743,#4744,#4745,#4746,#4747,#4748,#4749,#4750,#4751,#4752,#4753,
    #4754,#4755,#4756,#4757,#4758,#4759,#4760,#4761,#4762,#4763),
  .UNSPECIFIED.,.F.,.F.,(8,6,6,6,8),(0.,0.24545722564,0.500054032253,
    0.754650219609,1.),.UNSPECIFIED.);
#4738 = CARTESIAN_POINT('',(3.14159265359,5.));
#4739 = CARTESIAN_POINT('',(3.274504482679,5.));
#4740 = CARTESIAN_POINT('',(3.403793436879,5.006059411762));
#4741 = CARTESIAN_POINT('',(3.529601652969,5.017582711289));
#4742 = CARTESIAN_POINT('',(3.65176528752,5.033008395469));
#4743 = CARTESIAN_POINT('',(3.769862235794,5.050210339774));
#4744 = CARTESIAN_POINT('',(3.883062273274,5.067284701199));
#4745 = CARTESIAN_POINT('',(4.10055828203,5.099180873737));
#4746 = CARTESIAN_POINT('',(4.207367459136,5.114335239521));
#4747 = CARTESIAN_POINT('',(4.311236508755,5.127310244634));
#4748 = CARTESIAN_POINT('',(4.412932245979,5.137420711731));
#4749 = CARTESIAN_POINT('',(4.513201622414,5.144288614644));
#4750 = CARTESIAN_POINT('',(4.612753291666,5.147727446616));
#4751 = CARTESIAN_POINT('',(4.81202442676,5.147727446616));
#4752 = CARTESIAN_POINT('',(4.911578347079,5.144288635115));
#4753 = CARTESIAN_POINT('',(5.011849127534,5.13742044461));
#4754 = CARTESIAN_POINT('',(5.113543695231,5.127309802272));
#4755 = CARTESIAN_POINT('',(5.217409578746,5.114335339108));
#4756 = CARTESIAN_POINT('',(5.324216049943,5.099181405907));
#4757 = CARTESIAN_POINT('',(5.541672711285,5.067291003736));
#4758 = CARTESIAN_POINT('',(5.654887988965,5.050214795134));
#4759 = CARTESIAN_POINT('',(5.773022741938,5.033005734295));
#4760 = CARTESIAN_POINT('',(5.895225063659,5.017574643326));
#4761 = CARTESIAN_POINT('',(6.021055992288,5.006053754678));
#4762 = CARTESIAN_POINT('',(6.150335562091,5.));
#4763 = CARTESIAN_POINT('',(6.28318530718,5.));
#4764 = ( GEOMETRIC_REPRESENTATION_CONTEXT(2) 
PARAMETRIC_REPRESENTATION_CONTEXT() REPRESENTATION_CONTEXT('2D SPACE',''
  ) );
#4765 = ORIENTED_EDGE('',*,*,#4766,.F.);
#4766 = EDGE_CURVE('',#4767,#4670,#4769,.T.);
#4767 = VERTEX_POINT('',#4768);
#4768 = CARTESIAN_POINT('',(-40.,3.673940397442E-15,-15.));
#4769 = SEAM_CURVE('',#4770,(#4774,#4781),.PCURVE_S1.);
#4770 = LINE('',#4771,#4772);
#4771 = CARTESIAN_POINT('',(-35.,3.673940397442E-15,-15.));
#4772 = VECTOR('',#4773,1.);
#4773 = DIRECTION('',(-1.,0.,0.));
#4774 = PCURVE('',#465,#4775);
#4775 = DEFINITIONAL_REPRESENTATION('',(#4776),#4780);
#4776 = LINE('',#4777,#4778);
#4777 = CARTESIAN_POINT('',(6.28318530718,-0.));
#4778 = VECTOR('',#4779,1.);
#4779 = DIRECTION('',(0.,1.));
#4780 = ( GEOMETRIC_REPRESENTATION_CONTEXT(2) 
PARAMETRIC_REPRESENTATION_CONTEXT() REPRESENTATION_CONTEXT('2D SPACE',''
  ) );
#4781 = PCURVE('',#465,#4782);
#4782 = DEFINITIONAL_REPRESENTATION('',(#4783),#4787);
#4783 = LINE('',#4784,#4785);
#4784 = CARTESIAN_POINT('',(0.,-0.));
#4785 = VECTOR('',#4786,1.);
#4786 = DIRECTION('',(0.,1.));
#4787 = ( GEOMETRIC_REPRESENTATION_CONTEXT(2) 
PARAMETRIC_REPRESENTATION_CONTEXT() REPRESENTATION_CONTEXT('2D SPACE',''
  ) );
#4788 = ORIENTED_EDGE('',*,*,#4789,.T.);
#4789 = EDGE_CURVE('',#4767,#2186,#4790,.T.);
#4790 = SURFACE_CURVE('',#4791,(#4796,#4803),.PCURVE_S1.);
#4791 = CIRCLE('',#4792,15.);
#4792 = AXIS2_PLACEMENT_3D('',#4793,#4794,#4795);
#4793 = CARTESIAN_POINT('',(-40.,0.,0.));
#4794 = DIRECTION('',(-1.,0.,0.));
#4795 = DIRECTION('',(0.,0.,-1.));
#4796 = PCURVE('',#465,#4797);
#4797 = DEFINITIONAL_REPRESENTATION('',(#4798),#4802);
#4798 = LINE('',#4799,#4800);
#4799 = CARTESIAN_POINT('',(0.,5.));
#4800 = VECTOR('',#4801,1.);
#4801 = DIRECTION('',(1.,0.));
#4802 = ( GEOMETRIC_REPRESENTATION_CONTEXT(2) 
PARAMETRIC_REPRESENTATION_CONTEXT() REPRESENTATION_CONTEXT('2D SPACE',''
  ) );
#4803 = PCURVE('',#2132,#4804);
#4804 = DEFINITIONAL_REPRESENTATION('',(#4805),#4809);
#4805 = CIRCLE('',#4806,15.);
#4806 = AXIS2_PLACEMENT_2D('',#4807,#4808);
#4807 = CARTESIAN_POINT('',(0.,0.));
#4808 = DIRECTION('',(1.,0.));
#4809 = ( GEOMETRIC_REPRESENTATION_CONTEXT(2) 
PARAMETRIC_REPRESENTATION_CONTEXT() REPRESENTATION_CONTEXT('2D SPACE',''
  ) );
#4810 = ORIENTED_EDGE('',*,*,#2185,.F.);
#4811 = ORIENTED_EDGE('',*,*,#4812,.T.);
#4812 = EDGE_CURVE('',#2165,#477,#4813,.T.);
#4813 = SURFACE_CURVE('',#4814,(#4819,#4826),.PCURVE_S1.);
#4814 = CIRCLE('',#4815,15.);
#4815 = AXIS2_PLACEMENT_3D('',#4816,#4817,#4818);
#4816 = CARTESIAN_POINT('',(-35.,0.,0.));
#4817 = DIRECTION('',(-1.,0.,0.));
#4818 = DIRECTION('',(0.,0.,-1.));
#4819 = PCURVE('',#465,#4820);
#4820 = DEFINITIONAL_REPRESENTATION('',(#4821),#4825);
#4821 = LINE('',#4822,#4823);
#4822 = CARTESIAN_POINT('',(0.,0.));
#4823 = VECTOR('',#4824,1.);
#4824 = DIRECTION('',(1.,0.));
#4825 = ( GEOMETRIC_REPRESENTATION_CONTEXT(2) 
PARAMETRIC_REPRESENTATION_CONTEXT() REPRESENTATION_CONTEXT('2D SPACE',''
  ) );
#4826 = PCURVE('',#491,#4827);
#4827 = DEFINITIONAL_REPRESENTATION('',(#4828),#4832);
#4828 = CIRCLE('',#4829,15.);
#4829 = AXIS2_PLACEMENT_2D('',#4830,#4831);
#4830 = CARTESIAN_POINT('',(0.,0.));
#4831 = DIRECTION('',(1.,0.));
#4832 = ( GEOMETRIC_REPRESENTATION_CONTEXT(2) 
PARAMETRIC_REPRESENTATION_CONTEXT() REPRESENTATION_CONTEXT('2D SPACE',''
  ) );
#4833 = ORIENTED_EDGE('',*,*,#502,.T.);
#4834 = ORIENTED_EDGE('',*,*,#4835,.T.);
#4835 = EDGE_CURVE('',#503,#425,#4836,.T.);
#4836 = SURFACE_CURVE('',#4837,(#4842,#4849),.PCURVE_S1.);
#4837 = CIRCLE('',#4838,15.);
#4838 = AXIS2_PLACEMENT_3D('',#4839,#4840,#4841);
#4839 = CARTESIAN_POINT('',(-40.,0.,0.));
#4840 = DIRECTION('',(-1.,0.,0.));
#4841 = DIRECTION('',(0.,0.,-1.));
#4842 = PCURVE('',#465,#4843);
#4843 = DEFINITIONAL_REPRESENTATION('',(#4844),#4848);
#4844 = LINE('',#4845,#4846);
#4845 = CARTESIAN_POINT('',(0.,5.));
#4846 = VECTOR('',#4847,1.);
#4847 = DIRECTION('',(1.,0.));
#4848 = ( GEOMETRIC_REPRESENTATION_CONTEXT(2) 
PARAMETRIC_REPRESENTATION_CONTEXT() REPRESENTATION_CONTEXT('2D SPACE',''
  ) );
#4849 = PCURVE('',#439,#4850);
#4850 = DEFINITIONAL_REPRESENTATION('',(#4851),#4855);
#4851 = CIRCLE('',#4852,15.);
#4852 = AXIS2_PLACEMENT_2D('',#4853,#4854);
#4853 = CARTESIAN_POINT('',(0.,0.));
#4854 = DIRECTION('',(1.,0.));
#4855 = ( GEOMETRIC_REPRESENTATION_CONTEXT(2) 
PARAMETRIC_REPRESENTATION_CONTEXT() REPRESENTATION_CONTEXT('2D SPACE',''
  ) );
#4856 = ORIENTED_EDGE('',*,*,#450,.F.);
#4857 = ORIENTED_EDGE('',*,*,#4858,.T.);
#4858 = EDGE_CURVE('',#451,#2144,#4859,.T.);
#4859 = SURFACE_CURVE('',#4860,(#4865,#4872),.PCURVE_S1.);
#4860 = CIRCLE('',#4861,15.);
#4861 = AXIS2_PLACEMENT_3D('',#4862,#4863,#4864);
#4862 = CARTESIAN_POINT('',(-35.,0.,0.));
#4863 = DIRECTION('',(-1.,0.,0.));
#4864 = DIRECTION('',(0.,0.,-1.));
#4865 = PCURVE('',#465,#4866);
#4866 = DEFINITIONAL_REPRESENTATION('',(#4867),#4871);
#4867 = LINE('',#4868,#4869);
#4868 = CARTESIAN_POINT('',(0.,0.));
#4869 = VECTOR('',#4870,1.);
#4870 = DIRECTION('',(1.,0.));
#4871 = ( GEOMETRIC_REPRESENTATION_CONTEXT(2) 
PARAMETRIC_REPRESENTATION_CONTEXT() REPRESENTATION_CONTEXT('2D SPACE',''
  ) );
#4872 = PCURVE('',#491,#4873);
#4873 = DEFINITIONAL_REPRESENTATION('',(#4874),#4878);
#4874 = CIRCLE('',#4875,15.);
#4875 = AXIS2_PLACEMENT_2D('',#4876,#4877);
#4876 = CARTESIAN_POINT('',(0.,0.));
#4877 = DIRECTION('',(1.,0.));
#4878 = ( GEOMETRIC_REPRESENTATION_CONTEXT(2) 
PARAMETRIC_REPRESENTATION_CONTEXT() REPRESENTATION_CONTEXT('2D SPACE',''
  ) );
#4879 = ORIENTED_EDGE('',*,*,#2143,.T.);
#4880 = ORIENTED_EDGE('',*,*,#4881,.T.);
#4881 = EDGE_CURVE('',#2118,#4767,#4882,.T.);
#4882 = SURFACE_CURVE('',#4883,(#4888,#4895),.PCURVE_S1.);
#4883 = CIRCLE('',#4884,15.);
#4884 = AXIS2_PLACEMENT_3D('',#4885,#4886,#4887);
#4885 = CARTESIAN_POINT('',(-40.,0.,0.));
#4886 = DIRECTION('',(-1.,0.,0.));
#4887 = DIRECTION('',(0.,0.,-1.));
#4888 = PCURVE('',#465,#4889);
#4889 = DEFINITIONAL_REPRESENTATION('',(#4890),#4894);
#4890 = LINE('',#4891,#4892);
#4891 = CARTESIAN_POINT('',(0.,5.));
#4892 = VECTOR('',#4893,1.);
#4893 = DIRECTION('',(1.,0.));
#4894 = ( GEOMETRIC_REPRESENTATION_CONTEXT(2) 
PARAMETRIC_REPRESENTATION_CONTEXT() REPRESENTATION_CONTEXT('2D SPACE',''
  ) );
#4895 = PCURVE('',#2132,#4896);
#4896 = DEFINITIONAL_REPRESENTATION('',(#4897),#4901);
#4897 = CIRCLE('',#4898,15.);
#4898 = AXIS2_PLACEMENT_2D('',#4899,#4900);
#4899 = CARTESIAN_POINT('',(0.,0.));
#4900 = DIRECTION('',(1.,0.));
#4901 = ( GEOMETRIC_REPRESENTATION_CONTEXT(2) 
PARAMETRIC_REPRESENTATION_CONTEXT() REPRESENTATION_CONTEXT('2D SPACE',''
  ) );
#4902 = ORIENTED_EDGE('',*,*,#4766,.T.);
#4903 = ORIENTED_EDGE('',*,*,#4904,.T.);
#4904 = EDGE_CURVE('',#4670,#4647,#4905,.T.);
#4905 = SURFACE_CURVE('',#4906,(#4933,#4963),.PCURVE_S1.);
#4906 = B_SPLINE_CURVE_WITH_KNOTS('',7,(#4907,#4908,#4909,#4910,#4911,
    #4912,#4913,#4914,#4915,#4916,#4917,#4918,#4919,#4920,#4921,#4922,
    #4923,#4924,#4925,#4926,#4927,#4928,#4929,#4930,#4931,#4932),
  .UNSPECIFIED.,.F.,.F.,(8,6,6,6,8),(0.,0.245431824219,0.500010262898,
    0.754602332378,1.),.UNSPECIFIED.);
#4907 = CARTESIAN_POINT('',(-67.9,1.5797943709E-15,-15.));
#4908 = CARTESIAN_POINT('',(-67.9,0.279114841086,-15.));
#4909 = CARTESIAN_POINT('',(-67.94328014386,0.550621833631,
    -14.99394058823));
#4910 = CARTESIAN_POINT('',(-68.02559685295,0.80676497854,
    -14.98241728871));
#4911 = CARTESIAN_POINT('',(-68.14126869057,1.041123175926,
    -14.96699160453));
#4912 = CARTESIAN_POINT('',(-68.28322255225,1.248816226172,
    -14.94978966022));
#4913 = CARTESIAN_POINT('',(-68.44307255642,1.426969220229,
    -14.9327152988));
#4914 = CARTESIAN_POINT('',(-68.78568496784,1.729022692113,
    -14.90081861724));
#4915 = CARTESIAN_POINT('',(-68.97379669799,1.854812629013,
    -14.88566483757));
#4916 = CARTESIAN_POINT('',(-69.17111709024,1.953784201403,
    -14.8726902789));
#4917 = CARTESIAN_POINT('',(-69.37453034562,2.027106735307,
    -14.86257921381));
#4918 = CARTESIAN_POINT('',(-69.58171111592,2.075681346837,
    -14.85571100596));
#4919 = CARTESIAN_POINT('',(-69.79077676497,2.1,-14.85227255338));
#4920 = CARTESIAN_POINT('',(-70.20923443738,2.1,-14.85227255338));
#4921 = CARTESIAN_POINT('',(-70.41829802086,2.075678787251,
    -14.85571136488));
#4922 = CARTESIAN_POINT('',(-70.62547242628,2.027104376749,
    -14.86257955539));
#4923 = CARTESIAN_POINT('',(-70.82888117003,1.953784318804,
    -14.87269019772));
#4924 = CARTESIAN_POINT('',(-71.0262012746,1.854814262741,
    -14.88566466089));
#4925 = CARTESIAN_POINT('',(-71.21431478346,1.729022911364,
    -14.90081859409));
#4926 = CARTESIAN_POINT('',(-71.55689527615,1.426997579627,
    -14.93271230406));
#4927 = CARTESIAN_POINT('',(-71.71675915015,1.248846638305,
    -14.94978711743));
#4928 = CARTESIAN_POINT('',(-71.85874085637,1.041127821907,
    -14.96699221715));
#4929 = CARTESIAN_POINT('',(-71.97442965442,0.806727799118,
    -14.98242098978));
#4930 = CARTESIAN_POINT('',(-72.05674053963,0.550550223873,
    -14.99394348792));
#4931 = CARTESIAN_POINT('',(-72.1,0.27904815939,-15.));
#4932 = CARTESIAN_POINT('',(-72.1,2.222733940452E-15,-15.));
#4933 = PCURVE('',#465,#4934);
#4934 = DEFINITIONAL_REPRESENTATION('',(#4935),#4962);
#4935 = B_SPLINE_CURVE_WITH_KNOTS('',7,(#4936,#4937,#4938,#4939,#4940,
    #4941,#4942,#4943,#4944,#4945,#4946,#4947,#4948,#4949,#4950,#4951,
    #4952,#4953,#4954,#4955,#4956,#4957,#4958,#4959,#4960,#4961),
  .UNSPECIFIED.,.F.,.F.,(8,6,6,6,8),(0.,0.245431824219,0.500010262898,
    0.754602332378,1.),.UNSPECIFIED.);
#4936 = CARTESIAN_POINT('',(6.28318530718,32.9));
#4937 = CARTESIAN_POINT('',(6.264577651107,32.9));
#4938 = CARTESIAN_POINT('',(6.246477173519,32.943280143862));
#4939 = CARTESIAN_POINT('',(6.229390504451,33.025596852951));
#4940 = CARTESIAN_POINT('',(6.213737445902,33.141268690578));
#4941 = CARTESIAN_POINT('',(6.199845719233,33.283222552258));
#4942 = CARTESIAN_POINT('',(6.187914996503,33.443072556425));
#4943 = CARTESIAN_POINT('',(6.16766613391,33.785684967846));
#4944 = CARTESIAN_POINT('',(6.159220415265,33.973796697997));
#4945 = CARTESIAN_POINT('',(6.152566170746,34.171117090248));
#4946 = CARTESIAN_POINT('',(6.147631781936,34.374530345629));
#4947 = CARTESIAN_POINT('',(6.144361260975,34.58171111592));
#4948 = CARTESIAN_POINT('',(6.14272389247,34.790776764976));
#4949 = CARTESIAN_POINT('',(6.14272389247,35.209234437387));
#4950 = CARTESIAN_POINT('',(6.14436143326,35.418298020869));
#4951 = CARTESIAN_POINT('',(6.147631940854,35.625472426286));
#4952 = CARTESIAN_POINT('',(6.152566162235,35.828881170037));
#4953 = CARTESIAN_POINT('',(6.159220305758,36.026201274601));
#4954 = CARTESIAN_POINT('',(6.167666119212,36.214314783462));
#4955 = CARTESIAN_POINT('',(6.187913095365,36.556895276153));
#4956 = CARTESIAN_POINT('',(6.199843684878,36.716759150151));
#4957 = CARTESIAN_POINT('',(6.213737142312,36.858740856377));
#4958 = CARTESIAN_POINT('',(6.229392991042,36.974429654425));
#4959 = CARTESIAN_POINT('',(6.246481947519,37.056740539635));
#4960 = CARTESIAN_POINT('',(6.264582096554,37.1));
#4961 = CARTESIAN_POINT('',(6.28318530718,37.1));
#4962 = ( GEOMETRIC_REPRESENTATION_CONTEXT(2) 
PARAMETRIC_REPRESENTATION_CONTEXT() REPRESENTATION_CONTEXT('2D SPACE',''
  ) );
#4963 = PCURVE('',#4731,#4964);
#4964 = DEFINITIONAL_REPRESENTATION('',(#4965),#4992);
#4965 = B_SPLINE_CURVE_WITH_KNOTS('',7,(#4966,#4967,#4968,#4969,#4970,
    #4971,#4972,#4973,#4974,#4975,#4976,#4977,#4978,#4979,#4980,#4981,
    #4982,#4983,#4984,#4985,#4986,#4987,#4988,#4989,#4990,#4991),
  .UNSPECIFIED.,.F.,.F.,(8,6,6,6,8),(0.,0.245431824219,0.500010262898,
    0.754602332378,1.),.UNSPECIFIED.);
#4966 = CARTESIAN_POINT('',(0.,5.));
#4967 = CARTESIAN_POINT('',(0.132911829089,5.));
#4968 = CARTESIAN_POINT('',(0.262200783289,5.006059411762));
#4969 = CARTESIAN_POINT('',(0.388008999379,5.017582711289));
#4970 = CARTESIAN_POINT('',(0.51017263393,5.033008395469));
#4971 = CARTESIAN_POINT('',(0.628269582204,5.050210339774));
#4972 = CARTESIAN_POINT('',(0.741469619685,5.067284701199));
#4973 = CARTESIAN_POINT('',(0.95896909936,5.099181382754));
#4974 = CARTESIAN_POINT('',(1.065774497183,5.114335162424));
#4975 = CARTESIAN_POINT('',(1.169640913774,5.127309721099));
#4976 = CARTESIAN_POINT('',(1.271337781005,5.137420786188));
#4977 = CARTESIAN_POINT('',(1.371611295788,5.144288994037));
#4978 = CARTESIAN_POINT('',(1.471166214879,5.147727446616));
#4979 = CARTESIAN_POINT('',(1.67043177317,5.147727446616));
#4980 = CARTESIAN_POINT('',(1.769985693489,5.144288635115));
#4981 = CARTESIAN_POINT('',(1.870256473944,5.13742044461));
#4982 = CARTESIAN_POINT('',(1.971951041641,5.127309802272));
#4983 = CARTESIAN_POINT('',(2.075816925156,5.114335339108));
#4984 = CARTESIAN_POINT('',(2.182623396354,5.099181405907));
#4985 = CARTESIAN_POINT('',(2.400102613169,5.067287695936));
#4986 = CARTESIAN_POINT('',(2.513306961949,5.05021288257));
#4987 = CARTESIAN_POINT('',(2.631420806018,5.033007782845));
#4988 = CARTESIAN_POINT('',(2.753604070727,5.017579010214));
#4989 = CARTESIAN_POINT('',(2.879425977551,5.006056512078));
#4990 = CARTESIAN_POINT('',(3.00871257769,5.));
#4991 = CARTESIAN_POINT('',(3.14159265359,5.));
#4992 = ( GEOMETRIC_REPRESENTATION_CONTEXT(2) 
PARAMETRIC_REPRESENTATION_CONTEXT() REPRESENTATION_CONTEXT('2D SPACE',''
  ) );
#4993 = ORIENTED_EDGE('',*,*,#4646,.T.);
#4994 = ORIENTED_EDGE('',*,*,#4995,.F.);
#4995 = EDGE_CURVE('',#2317,#4623,#4996,.T.);
#4996 = SURFACE_CURVE('',#4997,(#5002,#5009),.PCURVE_S1.);
#4997 = CIRCLE('',#4998,15.);
#4998 = AXIS2_PLACEMENT_3D('',#4999,#5000,#5001);
#4999 = CARTESIAN_POINT('',(-100.,0.,0.));
#5000 = DIRECTION('',(-1.,0.,0.));
#5001 = DIRECTION('',(0.,0.,-1.));
#5002 = PCURVE('',#465,#5003);
#5003 = DEFINITIONAL_REPRESENTATION('',(#5004),#5008);
#5004 = LINE('',#5005,#5006);
#5005 = CARTESIAN_POINT('',(0.,65.));
#5006 = VECTOR('',#5007,1.);
#5007 = DIRECTION('',(1.,0.));
#5008 = ( GEOMETRIC_REPRESENTATION_CONTEXT(2) 
PARAMETRIC_REPRESENTATION_CONTEXT() REPRESENTATION_CONTEXT('2D SPACE',''
  ) );
#5009 = PCURVE('',#2263,#5010);
#5010 = DEFINITIONAL_REPRESENTATION('',(#5011),#5015);
#5011 = CIRCLE('',#5012,15.);
#5012 = AXIS2_PLACEMENT_2D('',#5013,#5014);
#5013 = CARTESIAN_POINT('',(0.,0.));
#5014 = DIRECTION('',(1.,0.));
#5015 = ( GEOMETRIC_REPRESENTATION_CONTEXT(2) 
PARAMETRIC_REPRESENTATION_CONTEXT() REPRESENTATION_CONTEXT('2D SPACE',''
  ) );
#5016 = ORIENTED_EDGE('',*,*,#2316,.T.);
#5017 = ORIENTED_EDGE('',*,*,#5018,.F.);
#5018 = EDGE_CURVE('',#613,#2296,#5019,.T.);
#5019 = SURFACE_CURVE('',#5020,(#5025,#5032),.PCURVE_S1.);
#5020 = CIRCLE('',#5021,15.);
#5021 = AXIS2_PLACEMENT_3D('',#5022,#5023,#5024);
#5022 = CARTESIAN_POINT('',(-105.,0.,0.));
#5023 = DIRECTION('',(-1.,0.,0.));
#5024 = DIRECTION('',(0.,0.,-1.));
#5025 = PCURVE('',#465,#5026);
#5026 = DEFINITIONAL_REPRESENTATION('',(#5027),#5031);
#5027 = LINE('',#5028,#5029);
#5028 = CARTESIAN_POINT('',(0.,70.));
#5029 = VECTOR('',#5030,1.);
#5030 = DIRECTION('',(1.,0.));
#5031 = ( GEOMETRIC_REPRESENTATION_CONTEXT(2) 
PARAMETRIC_REPRESENTATION_CONTEXT() REPRESENTATION_CONTEXT('2D SPACE',''
  ) );
#5032 = PCURVE('',#627,#5033);
#5033 = DEFINITIONAL_REPRESENTATION('',(#5034),#5038);
#5034 = CIRCLE('',#5035,15.);
#5035 = AXIS2_PLACEMENT_2D('',#5036,#5037);
#5036 = CARTESIAN_POINT('',(0.,0.));
#5037 = DIRECTION('',(1.,0.));
#5038 = ( GEOMETRIC_REPRESENTATION_CONTEXT(2) 
PARAMETRIC_REPRESENTATION_CONTEXT() REPRESENTATION_CONTEXT('2D SPACE',''
  ) );
#5039 = ORIENTED_EDGE('',*,*,#638,.F.);
#5040 = ORIENTED_EDGE('',*,*,#4573,.F.);
#5041 = ORIENTED_EDGE('',*,*,#591,.T.);
#5042 = FACE_BOUND('',#5043,.F.);
#5043 = EDGE_LOOP('',(#5044));
#5044 = ORIENTED_EDGE('',*,*,#5045,.F.);
#5045 = EDGE_CURVE('',#5046,#5046,#5048,.T.);
#5046 = VERTEX_POINT('',#5047);
#5047 = CARTESIAN_POINT('',(-67.9,-5.143516556419E-16,15.));
#5048 = SURFACE_CURVE('',#5049,(#5100,#5154),.PCURVE_S1.);
#5049 = B_SPLINE_CURVE_WITH_KNOTS('',7,(#5050,#5051,#5052,#5053,#5054,
    #5055,#5056,#5057,#5058,#5059,#5060,#5061,#5062,#5063,#5064,#5065,
    #5066,#5067,#5068,#5069,#5070,#5071,#5072,#5073,#5074,#5075,#5076,
    #5077,#5078,#5079,#5080,#5081,#5082,#5083,#5084,#5085,#5086,#5087,
    #5088,#5089,#5090,#5091,#5092,#5093,#5094,#5095,#5096,#5097,#5098,
    #5099),.UNSPECIFIED.,.T.,.F.,(8,6,6,6,6,6,6,6,8),(0.,0.122716142367,
    0.250005600545,0.377301874136,0.500000938173,0.622729322531,
    0.750027484462,0.877325337522,1.),.UNSPECIFIED.);
#5050 = CARTESIAN_POINT('',(-67.9,-1.33226762955E-15,15.));
#5051 = CARTESIAN_POINT('',(-67.9,0.279114841086,15.));
#5052 = CARTESIAN_POINT('',(-67.94328014386,0.550621833632,
    14.993940588238));
#5053 = CARTESIAN_POINT('',(-68.02559685295,0.806764978539,
    14.982417288711));
#5054 = CARTESIAN_POINT('',(-68.14126869057,1.041123175926,
    14.966991604531));
#5055 = CARTESIAN_POINT('',(-68.28322255225,1.248816226172,
    14.949789660226));
#5056 = CARTESIAN_POINT('',(-68.44307255642,1.426969220229,
    14.932715298801));
#5057 = CARTESIAN_POINT('',(-68.78568496784,1.729022692112,
    14.900818617246));
#5058 = CARTESIAN_POINT('',(-68.97379669799,1.854812629014,
    14.885664837576));
#5059 = CARTESIAN_POINT('',(-69.17111709024,1.953784201403,
    14.872690278901));
#5060 = CARTESIAN_POINT('',(-69.37453034562,2.027106735307,
    14.862579213812));
#5061 = CARTESIAN_POINT('',(-69.58171111592,2.075681346837,
    14.855711005963));
#5062 = CARTESIAN_POINT('',(-69.79077676497,2.1,14.852272553384));
#5063 = CARTESIAN_POINT('',(-70.20923443738,2.1,14.852272553384));
#5064 = CARTESIAN_POINT('',(-70.41829802086,2.075678787251,
    14.855711364885));
#5065 = CARTESIAN_POINT('',(-70.62547242628,2.02710437675,14.86257955539
    ));
#5066 = CARTESIAN_POINT('',(-70.82888117003,1.953784318804,
    14.872690197728));
#5067 = CARTESIAN_POINT('',(-71.0262012746,1.854814262741,
    14.885664660892));
#5068 = CARTESIAN_POINT('',(-71.21431478346,1.729022911364,
    14.900818594093));
#5069 = CARTESIAN_POINT('',(-71.55689527615,1.426997579627,
    14.932712304064));
#5070 = CARTESIAN_POINT('',(-71.71675915015,1.248846638305,
    14.94978711743));
#5071 = CARTESIAN_POINT('',(-71.85874085637,1.041127821908,
    14.966992217155));
#5072 = CARTESIAN_POINT('',(-71.97442965442,0.806727799116,
    14.982420989786));
#5073 = CARTESIAN_POINT('',(-72.05674053963,0.550550223874,
    14.993943487922));
#5074 = CARTESIAN_POINT('',(-72.1,0.27904815939,15.));
#5075 = CARTESIAN_POINT('',(-72.1,-0.279114841087,15.));
#5076 = CARTESIAN_POINT('',(-72.05671985613,-0.550621833631,
    14.993940588238));
#5077 = CARTESIAN_POINT('',(-71.97440314704,-0.806764978541,
    14.982417288711));
#5078 = CARTESIAN_POINT('',(-71.85873130942,-1.041123175925,
    14.966991604531));
#5079 = CARTESIAN_POINT('',(-71.71677744774,-1.248816226172,
    14.949789660226));
#5080 = CARTESIAN_POINT('',(-71.55692744357,-1.426969220229,
    14.932715298801));
#5081 = CARTESIAN_POINT('',(-71.21432050569,-1.729017866534,
    14.900819126825));
#5082 = CARTESIAN_POINT('',(-71.02620401719,-1.854814480956,
    14.885664759014));
#5083 = CARTESIAN_POINT('',(-70.82887704564,-1.95378738837,
    14.872689756926));
#5084 = CARTESIAN_POINT('',(-70.62546530596,-2.027106273203,
    14.862579287524));
#5085 = CARTESIAN_POINT('',(-70.41829376457,-2.075678645466,
    14.855711385475));
#5086 = CARTESIAN_POINT('',(-70.20923495185,-2.1,14.852272553384));
#5087 = CARTESIAN_POINT('',(-69.79076555582,-2.1,14.852272553384));
#5088 = CARTESIAN_POINT('',(-69.58170199571,-2.075678785534,
    14.855711365038));
#5089 = CARTESIAN_POINT('',(-69.37452756173,-2.027104384878,
    14.862579554569));
#5090 = CARTESIAN_POINT('',(-69.171118824,-1.953784303542,
    14.872690199344));
#5091 = CARTESIAN_POINT('',(-68.97379873861,-1.854814276428,
    14.885664659428));
#5092 = CARTESIAN_POINT('',(-68.78568521063,-1.729022906161,
    14.900818594643));
#5093 = CARTESIAN_POINT('',(-68.44314025396,-1.427028903638,
    14.932708996266));
#5094 = CARTESIAN_POINT('',(-68.28325137764,-1.248871651563,
    14.949785204866));
#5095 = CARTESIAN_POINT('',(-68.14123907645,-1.041116958048,
    14.966994265703));
#5096 = CARTESIAN_POINT('',(-68.02553935043,-0.806673727479,
    14.982425356674));
#5097 = CARTESIAN_POINT('',(-67.94323971551,-0.550471778569,
    14.993946245323));
#5098 = CARTESIAN_POINT('',(-67.9,-0.278984464668,15.));
#5099 = CARTESIAN_POINT('',(-67.9,-1.33226762955E-15,15.));
#5100 = PCURVE('',#465,#5101);
#5101 = DEFINITIONAL_REPRESENTATION('',(#5102),#5153);
#5102 = B_SPLINE_CURVE_WITH_KNOTS('',7,(#5103,#5104,#5105,#5106,#5107,
    #5108,#5109,#5110,#5111,#5112,#5113,#5114,#5115,#5116,#5117,#5118,
    #5119,#5120,#5121,#5122,#5123,#5124,#5125,#5126,#5127,#5128,#5129,
    #5130,#5131,#5132,#5133,#5134,#5135,#5136,#5137,#5138,#5139,#5140,
    #5141,#5142,#5143,#5144,#5145,#5146,#5147,#5148,#5149,#5150,#5151,
    #5152),.UNSPECIFIED.,.T.,.F.,(8,6,6,6,6,6,6,6,8),(0.,0.122716142367,
    0.250005600545,0.377301874136,0.500000938173,0.622729322531,
    0.750027484462,0.877325337522,1.),.UNSPECIFIED.);
#5103 = CARTESIAN_POINT('',(3.14159265359,32.9));
#5104 = CARTESIAN_POINT('',(3.160200309662,32.9));
#5105 = CARTESIAN_POINT('',(3.17830078725,32.943280143862));
#5106 = CARTESIAN_POINT('',(3.195387456318,33.02559685295));
#5107 = CARTESIAN_POINT('',(3.211040514867,33.141268690579));
#5108 = CARTESIAN_POINT('',(3.224932241537,33.283222552258));
#5109 = CARTESIAN_POINT('',(3.236862964266,33.443072556425));
#5110 = CARTESIAN_POINT('',(3.257111826859,33.785684967846));
#5111 = CARTESIAN_POINT('',(3.265557545504,33.973796697997));
#5112 = CARTESIAN_POINT('',(3.272211790023,34.171117090248));
#5113 = CARTESIAN_POINT('',(3.277146178834,34.374530345629));
#5114 = CARTESIAN_POINT('',(3.280416699794,34.58171111592));
#5115 = CARTESIAN_POINT('',(3.2820540683,34.790776764976));
#5116 = CARTESIAN_POINT('',(3.2820540683,35.209234437388));
#5117 = CARTESIAN_POINT('',(3.28041652751,35.418298020869));
#5118 = CARTESIAN_POINT('',(3.277146019915,35.625472426286));
#5119 = CARTESIAN_POINT('',(3.272211798534,35.828881170036));
#5120 = CARTESIAN_POINT('',(3.265557655012,36.026201274602));
#5121 = CARTESIAN_POINT('',(3.257111841557,36.214314783462));
#5122 = CARTESIAN_POINT('',(3.236864865405,36.556895276153));
#5123 = CARTESIAN_POINT('',(3.224934275892,36.716759150151));
#5124 = CARTESIAN_POINT('',(3.211040818457,36.858740856377));
#5125 = CARTESIAN_POINT('',(3.195384969728,36.974429654425));
#5126 = CARTESIAN_POINT('',(3.178296013251,37.056740539635));
#5127 = CARTESIAN_POINT('',(3.160195864216,37.1));
#5128 = CARTESIAN_POINT('',(3.122984997517,37.1));
#5129 = CARTESIAN_POINT('',(3.104884519929,37.056719856138));
#5130 = CARTESIAN_POINT('',(3.087797850862,36.97440314705));
#5131 = CARTESIAN_POINT('',(3.072144792313,36.858731309422));
#5132 = CARTESIAN_POINT('',(3.058253065643,36.716777447742));
#5133 = CARTESIAN_POINT('',(3.046322342914,36.556927443575));
#5134 = CARTESIAN_POINT('',(3.026073803814,36.214320505699));
#5135 = CARTESIAN_POINT('',(3.017627638405,36.02620401719));
#5136 = CARTESIAN_POINT('',(3.010973302125,35.828877045644));
#5137 = CARTESIAN_POINT('',(3.006039159453,35.625465305965));
#5138 = CARTESIAN_POINT('',(3.002768789262,35.418293764571));
#5139 = CARTESIAN_POINT('',(3.00113123888,35.209234951855));
#5140 = CARTESIAN_POINT('',(3.00113123888,34.790765555824));
#5141 = CARTESIAN_POINT('',(3.002768779785,34.581701995711));
#5142 = CARTESIAN_POINT('',(3.00603928672,34.374527561739));
#5143 = CARTESIAN_POINT('',(3.010973509668,34.171118824007));
#5144 = CARTESIAN_POINT('',(3.01762765125,33.973798738612));
#5145 = CARTESIAN_POINT('',(3.026073465971,33.785685210636));
#5146 = CARTESIAN_POINT('',(3.046318341896,33.443140253964));
#5147 = CARTESIAN_POINT('',(3.05824935954,33.283251377644));
#5148 = CARTESIAN_POINT('',(3.072145222574,33.141239076452));
#5149 = CARTESIAN_POINT('',(3.087803950219,33.02553935043));
#5150 = CARTESIAN_POINT('',(3.10489452339,32.943239715514));
#5151 = CARTESIAN_POINT('',(3.122993689279,32.9));
#5152 = CARTESIAN_POINT('',(3.14159265359,32.9));
#5153 = ( GEOMETRIC_REPRESENTATION_CONTEXT(2) 
PARAMETRIC_REPRESENTATION_CONTEXT() REPRESENTATION_CONTEXT('2D SPACE',''
  ) );
#5154 = PCURVE('',#4509,#5155);
#5155 = DEFINITIONAL_REPRESENTATION('',(#5156),#5207);
#5156 = B_SPLINE_CURVE_WITH_KNOTS('',7,(#5157,#5158,#5159,#5160,#5161,
    #5162,#5163,#5164,#5165,#5166,#5167,#5168,#5169,#5170,#5171,#5172,
    #5173,#5174,#5175,#5176,#5177,#5178,#5179,#5180,#5181,#5182,#5183,
    #5184,#5185,#5186,#5187,#5188,#5189,#5190,#5191,#5192,#5193,#5194,
    #5195,#5196,#5197,#5198,#5199,#5200,#5201,#5202,#5203,#5204,#5205,
    #5206),.UNSPECIFIED.,.F.,.F.,(8,6,6,6,6,6,6,6,8),(0.,0.122716142367,
    0.250005600545,0.377301874136,0.500000938173,0.622729322531,
    0.750027484462,0.877325337522,1.),.UNSPECIFIED.);
#5157 = CARTESIAN_POINT('',(0.,35.));
#5158 = CARTESIAN_POINT('',(0.132911829089,35.));
#5159 = CARTESIAN_POINT('',(0.262200783289,34.993940588238));
#5160 = CARTESIAN_POINT('',(0.388008999379,34.982417288711));
#5161 = CARTESIAN_POINT('',(0.51017263393,34.966991604531));
#5162 = CARTESIAN_POINT('',(0.628269582204,34.949789660226));
#5163 = CARTESIAN_POINT('',(0.741469619685,34.932715298801));
#5164 = CARTESIAN_POINT('',(0.95896909936,34.900818617246));
#5165 = CARTESIAN_POINT('',(1.065774497183,34.885664837576));
#5166 = CARTESIAN_POINT('',(1.169640913773,34.872690278901));
#5167 = CARTESIAN_POINT('',(1.271337781005,34.862579213812));
#5168 = CARTESIAN_POINT('',(1.371611295788,34.855711005963));
#5169 = CARTESIAN_POINT('',(1.471166214879,34.852272553384));
#5170 = CARTESIAN_POINT('',(1.67043177317,34.852272553384));
#5171 = CARTESIAN_POINT('',(1.769985693489,34.855711364885));
#5172 = CARTESIAN_POINT('',(1.870256473944,34.86257955539));
#5173 = CARTESIAN_POINT('',(1.971951041641,34.872690197728));
#5174 = CARTESIAN_POINT('',(2.075816925156,34.885664660892));
#5175 = CARTESIAN_POINT('',(2.182623396353,34.900818594093));
#5176 = CARTESIAN_POINT('',(2.400102613169,34.932712304064));
#5177 = CARTESIAN_POINT('',(2.51330696195,34.94978711743));
#5178 = CARTESIAN_POINT('',(2.631420806017,34.966992217155));
#5179 = CARTESIAN_POINT('',(2.753604070727,34.982420989786));
#5180 = CARTESIAN_POINT('',(2.879425977551,34.993943487922));
#5181 = CARTESIAN_POINT('',(3.00871257769,35.));
#5182 = CARTESIAN_POINT('',(3.274504482679,35.));
#5183 = CARTESIAN_POINT('',(3.403793436878,34.993940588238));
#5184 = CARTESIAN_POINT('',(3.52960165297,34.982417288711));
#5185 = CARTESIAN_POINT('',(3.651765287519,34.966991604531));
#5186 = CARTESIAN_POINT('',(3.769862235794,34.949789660226));
#5187 = CARTESIAN_POINT('',(3.883062273274,34.932715298801));
#5188 = CARTESIAN_POINT('',(4.100558278198,34.900819126825));
#5189 = CARTESIAN_POINT('',(4.20736746784,34.885664759014));
#5190 = CARTESIAN_POINT('',(4.311236503448,34.872689756926));
#5191 = CARTESIAN_POINT('',(4.4129322418,34.862579287524));
#5192 = CARTESIAN_POINT('',(4.513201629335,34.855711385475));
#5193 = CARTESIAN_POINT('',(4.612753289025,34.852272553384));
#5194 = CARTESIAN_POINT('',(4.812024429992,34.852272553384));
#5195 = CARTESIAN_POINT('',(4.911578339589,34.855711365038));
#5196 = CARTESIAN_POINT('',(5.011849131658,34.862579554569));
#5197 = CARTESIAN_POINT('',(5.113543700785,34.872690199344));
#5198 = CARTESIAN_POINT('',(5.217409570059,34.885664659428));
#5199 = CARTESIAN_POINT('',(5.32421605369,34.900818594643));
#5200 = CARTESIAN_POINT('',(5.541672711295,34.932708996266));
#5201 = CARTESIAN_POINT('',(5.654887988965,34.949785204866));
#5202 = CARTESIAN_POINT('',(5.773022741931,34.966994265703));
#5203 = CARTESIAN_POINT('',(5.895225063652,34.982425356674));
#5204 = CARTESIAN_POINT('',(6.021055992289,34.993946245323));
#5205 = CARTESIAN_POINT('',(6.1503355621,35.));
#5206 = CARTESIAN_POINT('',(6.28318530718,35.));
#5207 = ( GEOMETRIC_REPRESENTATION_CONTEXT(2) 
PARAMETRIC_REPRESENTATION_CONTEXT() REPRESENTATION_CONTEXT('2D SPACE',''
  ) );
#5208 = ADVANCED_FACE('',(#5209),#627,.F.);
#5209 = FACE_BOUND('',#5210,.F.);
#5210 = EDGE_LOOP('',(#5211,#5212,#5213,#5214));
#5211 = ORIENTED_EDGE('',*,*,#2295,.T.);
#5212 = ORIENTED_EDGE('',*,*,#4599,.T.);
#5213 = ORIENTED_EDGE('',*,*,#612,.F.);
#5214 = ORIENTED_EDGE('',*,*,#5018,.T.);
#5215 = ADVANCED_FACE('',(#5216),#439,.F.);
#5216 = FACE_BOUND('',#5217,.F.);
#5217 = EDGE_LOOP('',(#5218,#5219,#5220,#5221));
#5218 = ORIENTED_EDGE('',*,*,#4374,.T.);
#5219 = ORIENTED_EDGE('',*,*,#424,.T.);
#5220 = ORIENTED_EDGE('',*,*,#4835,.F.);
#5221 = ORIENTED_EDGE('',*,*,#523,.T.);
#5222 = ADVANCED_FACE('',(#5223),#491,.T.);
#5223 = FACE_BOUND('',#5224,.T.);
#5224 = EDGE_LOOP('',(#5225,#5226,#5227,#5228));
#5225 = ORIENTED_EDGE('',*,*,#2164,.T.);
#5226 = ORIENTED_EDGE('',*,*,#4812,.T.);
#5227 = ORIENTED_EDGE('',*,*,#476,.F.);
#5228 = ORIENTED_EDGE('',*,*,#4858,.T.);
#5229 = ADVANCED_FACE('',(#5230,#5278),#697,.T.);
#5230 = FACE_BOUND('',#5231,.T.);
#5231 = EDGE_LOOP('',(#5232,#5233,#5255,#5256));
#5232 = ORIENTED_EDGE('',*,*,#680,.T.);
#5233 = ORIENTED_EDGE('',*,*,#5234,.F.);
#5234 = EDGE_CURVE('',#829,#683,#5235,.T.);
#5235 = SURFACE_CURVE('',#5236,(#5241,#5248),.PCURVE_S1.);
#5236 = CIRCLE('',#5237,17.);
#5237 = AXIS2_PLACEMENT_3D('',#5238,#5239,#5240);
#5238 = CARTESIAN_POINT('',(50.,-86.6,0.));
#5239 = DIRECTION('',(0.500011000363,-0.866019052629,0.));
#5240 = DIRECTION('',(-0.866019052629,-0.500011000363,0.));
#5241 = PCURVE('',#697,#5242);
#5242 = DEFINITIONAL_REPRESENTATION('',(#5243),#5247);
#5243 = LINE('',#5244,#5245);
#5244 = CARTESIAN_POINT('',(0.,59.99867998548));
#5245 = VECTOR('',#5246,1.);
#5246 = DIRECTION('',(1.,0.));
#5247 = ( GEOMETRIC_REPRESENTATION_CONTEXT(2) 
PARAMETRIC_REPRESENTATION_CONTEXT() REPRESENTATION_CONTEXT('2D SPACE',''
  ) );
#5248 = PCURVE('',#864,#5249);
#5249 = DEFINITIONAL_REPRESENTATION('',(#5250),#5254);
#5250 = CIRCLE('',#5251,17.);
#5251 = AXIS2_PLACEMENT_2D('',#5252,#5253);
#5252 = CARTESIAN_POINT('',(0.,0.));
#5253 = DIRECTION('',(1.,0.));
#5254 = ( GEOMETRIC_REPRESENTATION_CONTEXT(2) 
PARAMETRIC_REPRESENTATION_CONTEXT() REPRESENTATION_CONTEXT('2D SPACE',''
  ) );
#5255 = ORIENTED_EDGE('',*,*,#828,.F.);
#5256 = ORIENTED_EDGE('',*,*,#5257,.T.);
#5257 = EDGE_CURVE('',#808,#681,#5258,.T.);
#5258 = SURFACE_CURVE('',#5259,(#5264,#5271),.PCURVE_S1.);
#5259 = CIRCLE('',#5260,17.);
#5260 = AXIS2_PLACEMENT_3D('',#5261,#5262,#5263);
#5261 = CARTESIAN_POINT('',(20.,-34.64,0.));
#5262 = DIRECTION('',(0.500011000363,-0.866019052629,0.));
#5263 = DIRECTION('',(-0.866019052629,-0.500011000363,0.));
#5264 = PCURVE('',#697,#5265);
#5265 = DEFINITIONAL_REPRESENTATION('',(#5266),#5270);
#5266 = LINE('',#5267,#5268);
#5267 = CARTESIAN_POINT('',(0.,0.));
#5268 = VECTOR('',#5269,1.);
#5269 = DIRECTION('',(1.,0.));
#5270 = ( GEOMETRIC_REPRESENTATION_CONTEXT(2) 
PARAMETRIC_REPRESENTATION_CONTEXT() REPRESENTATION_CONTEXT('2D SPACE',''
  ) );
#5271 = PCURVE('',#723,#5272);
#5272 = DEFINITIONAL_REPRESENTATION('',(#5273),#5277);
#5273 = CIRCLE('',#5274,17.);
#5274 = AXIS2_PLACEMENT_2D('',#5275,#5276);
#5275 = CARTESIAN_POINT('',(0.,0.));
#5276 = DIRECTION('',(1.,0.));
#5277 = ( GEOMETRIC_REPRESENTATION_CONTEXT(2) 
PARAMETRIC_REPRESENTATION_CONTEXT() REPRESENTATION_CONTEXT('2D SPACE',''
  ) );
#5278 = FACE_BOUND('',#5279,.T.);
#5279 = EDGE_LOOP('',(#5280));
#5280 = ORIENTED_EDGE('',*,*,#5281,.F.);
#5281 = EDGE_CURVE('',#5282,#5282,#5284,.T.);
#5282 = VERTEX_POINT('',#5283);
#5283 = CARTESIAN_POINT('',(37.1,-60.62,16.902442087229));
#5284 = SURFACE_CURVE('',#5285,(#5344,#5406),.PCURVE_S1.);
#5285 = B_SPLINE_CURVE_WITH_KNOTS('',8,(#5286,#5287,#5288,#5289,#5290,
    #5291,#5292,#5293,#5294,#5295,#5296,#5297,#5298,#5299,#5300,#5301,
    #5302,#5303,#5304,#5305,#5306,#5307,#5308,#5309,#5310,#5311,#5312,
    #5313,#5314,#5315,#5316,#5317,#5318,#5319,#5320,#5321,#5322,#5323,
    #5324,#5325,#5326,#5327,#5328,#5329,#5330,#5331,#5332,#5333,#5334,
    #5335,#5336,#5337,#5338,#5339,#5340,#5341,#5342,#5343),
  .UNSPECIFIED.,.T.,.F.,(9,7,7,7,7,7,7,7,9),(0.,0.109575651357,
    0.279030744639,0.434773467446,0.542911995292,0.651052652781,
    0.760143274765,0.865277659091,1.),.UNSPECIFIED.);
#5286 = CARTESIAN_POINT('',(37.1,-60.62,16.902442087229));
#5287 = CARTESIAN_POINT('',(37.1,-60.47862338232,16.894836120328));
#5288 = CARTESIAN_POINT('',(37.089122720511,-60.33956838916,
    16.888026797497));
#5289 = CARTESIAN_POINT('',(37.067992406946,-60.2033724551,
    16.882163396086));
#5290 = CARTESIAN_POINT('',(37.037137832635,-60.07048421672,
    16.877354916201));
#5291 = CARTESIAN_POINT('',(36.996999747106,-59.941293279,
    16.873677455702));
#5292 = CARTESIAN_POINT('',(36.947937906253,-59.81615924886,
    16.871179641309));
#5293 = CARTESIAN_POINT('',(36.890237684378,-59.69544003563,
    16.869886115822));
#5294 = CARTESIAN_POINT('',(36.721861701359,-59.40025204725,
    16.869664485676));
#5295 = CARTESIAN_POINT('',(36.599610553182,-59.23270953907,
    16.87241520776));
#5296 = CARTESIAN_POINT('',(36.458176107282,-59.07810888734,
    16.878045782428));
#5297 = CARTESIAN_POINT('',(36.298019593445,-58.93804942861,
    16.886429821761));
#5298 = CARTESIAN_POINT('',(36.11946137362,-58.81462319039,
    16.897312071924));
#5299 = CARTESIAN_POINT('',(35.922895628188,-58.71054408878,
    16.910247072101));
#5300 = CARTESIAN_POINT('',(35.709072400462,-58.62931831046,
    16.924523109271));
#5301 = CARTESIAN_POINT('',(35.268525521556,-58.5259948766,
    16.952516825745));
#5302 = CARTESIAN_POINT('',(35.036488270074,-58.49782534739,
    16.966679314984));
#5303 = CARTESIAN_POINT('',(34.790280107488,-58.4992152521,
    16.980361195502));
#5304 = CARTESIAN_POINT('',(34.537764563149,-58.53524862131,
    16.99196238224));
#5305 = CARTESIAN_POINT('',(34.287400739177,-58.60805464053,
    16.99986221401));
#5306 = CARTESIAN_POINT('',(34.047494615786,-58.71713425836,
    17.003053721525));
#5307 = CARTESIAN_POINT('',(33.825601987174,-58.85958234578,
    17.001388130577));
#5308 = CARTESIAN_POINT('',(33.490452144851,-59.14888335845,
    16.991318761106));
#5309 = CARTESIAN_POINT('',(33.364818806357,-59.28099632253,
    16.985133364144));
#5310 = CARTESIAN_POINT('',(33.252461801173,-59.42531197935,
    16.977074190764));
#5311 = CARTESIAN_POINT('',(33.154745236792,-59.58027015258,
    16.967458821016));
#5312 = CARTESIAN_POINT('',(33.07281402283,-59.74413448741,
    16.956714258989));
#5313 = CARTESIAN_POINT('',(33.00757187341,-59.91502311483,
    16.945342720996));
#5314 = CARTESIAN_POINT('',(32.959655339877,-60.09094070833,
    16.933876174698));
#5315 = CARTESIAN_POINT('',(32.899151812033,-60.44868668016,
    16.911762865893));
#5316 = CARTESIAN_POINT('',(32.886555248313,-60.63057593588,
    16.901112860248));
#5317 = CARTESIAN_POINT('',(32.891973578666,-60.81341147603,
    16.891374877553));
#5318 = CARTESIAN_POINT('',(32.915461577801,-60.99510303055,
    16.883031232742));
#5319 = CARTESIAN_POINT('',(32.95678601183,-61.17357785356,
    16.876485885792));
#5320 = CARTESIAN_POINT('',(33.015438167655,-61.34681867889,
    16.872025290088));
#5321 = CARTESIAN_POINT('',(33.090642299055,-61.51290006094,
    16.869795493722));
#5322 = CARTESIAN_POINT('',(33.272874591879,-61.82852639211,
    16.869795493722));
#5323 = CARTESIAN_POINT('',(33.380113593597,-61.9778052301,
    16.872064792391));
#5324 = CARTESIAN_POINT('',(33.502508988532,-62.11695941818,
    16.876598295506));
#5325 = CARTESIAN_POINT('',(33.639699316755,-62.24487638218,
    16.883313982355));
#5326 = CARTESIAN_POINT('',(33.791425542178,-62.3601643647,
    16.892048121336));
#5327 = CARTESIAN_POINT('',(33.957419988205,-62.46107288122,
    16.902527736089));
#5328 = CARTESIAN_POINT('',(34.137266591227,-62.54539202008,
    16.914332907815));
#5329 = CARTESIAN_POINT('',(34.516157636005,-62.67289758654,
    16.938935734009));
#5330 = CARTESIAN_POINT('',(34.718406883813,-62.71885734918,
    16.951950512539));
#5331 = CARTESIAN_POINT('',(34.933773769099,-62.74312335959,
    16.965195419097));
#5332 = CARTESIAN_POINT('',(35.158273229078,-62.74176465697,
    16.977688772958));
#5333 = CARTESIAN_POINT('',(35.387311180923,-62.71194354433,
    16.988304938069));
#5334 = CARTESIAN_POINT('',(35.615861385579,-62.65185974645,
    16.995993425565));
#5335 = CARTESIAN_POINT('',(35.838606640219,-62.56070494155,17.));
#5336 = CARTESIAN_POINT('',(36.320938469258,-62.28222236127,17.));
#5337 = CARTESIAN_POINT('',(36.554350616409,-62.08596081872,
    16.993420721134));
#5338 = CARTESIAN_POINT('',(36.746572933106,-61.86061870184,
    16.981188550028));
#5339 = CARTESIAN_POINT('',(36.896082688406,-61.61595551241,
    16.965165428722));
#5340 = CARTESIAN_POINT('',(37.003133079963,-61.36121756434,
    16.947566342825));
#5341 = CARTESIAN_POINT('',(37.069764854905,-61.10513626397,
    16.930409081068));
#5342 = CARTESIAN_POINT('',(37.1,-60.85570429975,16.915122819955));
#5343 = CARTESIAN_POINT('',(37.1,-60.62,16.902442087229));
#5344 = PCURVE('',#697,#5345);
#5345 = DEFINITIONAL_REPRESENTATION('',(#5346),#5405);
#5346 = B_SPLINE_CURVE_WITH_KNOTS('',8,(#5347,#5348,#5349,#5350,#5351,
    #5352,#5353,#5354,#5355,#5356,#5357,#5358,#5359,#5360,#5361,#5362,
    #5363,#5364,#5365,#5366,#5367,#5368,#5369,#5370,#5371,#5372,#5373,
    #5374,#5375,#5376,#5377,#5378,#5379,#5380,#5381,#5382,#5383,#5384,
    #5385,#5386,#5387,#5388,#5389,#5390,#5391,#5392,#5393,#5394,#5395,
    #5396,#5397,#5398,#5399,#5400,#5401,#5402,#5403,#5404),
  .UNSPECIFIED.,.T.,.F.,(9,7,7,7,7,7,7,7,9),(0.,0.109575651357,
    0.279030744639,0.434773467446,0.542911995292,0.651052652781,
    0.760143274765,0.865277659091,1.),.UNSPECIFIED.);
#5347 = CARTESIAN_POINT('',(4.605205045512,31.049363093502));
#5348 = CARTESIAN_POINT('',(4.601022817662,30.926928249003));
#5349 = CARTESIAN_POINT('',(4.597464428955,30.801065216158));
#5350 = CARTESIAN_POINT('',(4.59451480801,30.672551553154));
#5351 = CARTESIAN_POINT('',(4.592161002462,30.542040180278));
#5352 = CARTESIAN_POINT('',(4.590392631667,30.410088882488));
#5353 = CARTESIAN_POINT('',(4.589202358319,30.277188968129));
#5354 = CARTESIAN_POINT('',(4.588586378971,30.143793083793));
#5355 = CARTESIAN_POINT('',(4.588480839358,29.803964818037));
#5356 = CARTESIAN_POINT('',(4.589790795904,29.597742894935));
#5357 = CARTESIAN_POINT('',(4.592469172581,29.393137006207));
#5358 = CARTESIAN_POINT('',(4.596538407998,29.191762827751));
#5359 = CARTESIAN_POINT('',(4.602041523816,28.995592279736));
#5360 = CARTESIAN_POINT('',(4.609034849862,28.807172759755));
#5361 = CARTESIAN_POINT('',(4.617579004511,28.629915722167));
#5362 = CARTESIAN_POINT('',(4.6370522315,28.320157374236));
#5363 = CARTESIAN_POINT('',(4.648075284188,28.179740847001));
#5364 = CARTESIAN_POINT('',(4.660682800637,28.057837741284));
#5365 = CARTESIAN_POINT('',(4.674619777231,27.962782775619));
#5366 = CARTESIAN_POINT('',(4.689517383992,27.900649509331));
#5367 = CARTESIAN_POINT('',(4.704943827915,27.875158835875));
#5368 = CARTESIAN_POINT('',(4.72043540505,27.887572838388));
#5369 = CARTESIAN_POINT('',(4.74602460456,27.97053441937));
#5370 = CARTESIAN_POINT('',(4.756316083873,28.022128712103));
#5371 = CARTESIAN_POINT('',(4.766294534231,28.090929081943));
#5372 = CARTESIAN_POINT('',(4.775845674901,28.176266455219));
#5373 = CARTESIAN_POINT('',(4.784860352805,28.277209582974));
#5374 = CARTESIAN_POINT('',(4.793236428598,28.392580597798));
#5375 = CARTESIAN_POINT('',(4.800881195582,28.520969791597));
#5376 = CARTESIAN_POINT('',(4.8145476019,28.800532189715));
#5377 = CARTESIAN_POINT('',(4.820571521752,28.951753330214));
#5378 = CARTESIAN_POINT('',(4.825704997225,29.112801616264));
#5379 = CARTESIAN_POINT('',(4.829881300659,29.281894222118));
#5380 = CARTESIAN_POINT('',(4.833048987891,29.457119490855));
#5381 = CARTESIAN_POINT('',(4.835172826622,29.6364760694));
#5382 = CARTESIAN_POINT('',(4.83623473576,29.817908603513));
#5383 = CARTESIAN_POINT('',(4.83623473576,30.182365170852));
#5384 = CARTESIAN_POINT('',(4.835154109085,30.365264169227));
#5385 = CARTESIAN_POINT('',(4.832995330835,30.54697339122));
#5386 = CARTESIAN_POINT('',(4.829744801759,30.726348592453));
#5387 = CARTESIAN_POINT('',(4.825376175393,30.902054963614));
#5388 = CARTESIAN_POINT('',(4.819853724865,31.072442710501));
#5389 = CARTESIAN_POINT('',(4.813136355884,31.235389971147));
#5390 = CARTESIAN_POINT('',(4.797517826848,31.535261911348));
#5391 = CARTESIAN_POINT('',(4.78853414998,31.67619079016));
#5392 = CARTESIAN_POINT('',(4.778247819143,31.804891429271));
#5393 = CARTESIAN_POINT('',(4.766749598337,31.915966966473));
#5394 = CARTESIAN_POINT('',(4.754192056472,32.004662810184));
#5395 = CARTESIAN_POINT('',(4.740777488214,32.066906712925));
#5396 = CARTESIAN_POINT('',(4.72674924457,32.09933999274));
#5397 = CARTESIAN_POINT('',(4.693987308853,32.09933999274));
#5398 = CARTESIAN_POINT('',(4.67632422635,32.04608239879));
#5399 = CARTESIAN_POINT('',(4.659894659596,31.947045105072));
#5400 = CARTESIAN_POINT('',(4.645056800465,31.80991864386));
#5401 = CARTESIAN_POINT('',(4.632071713065,31.642837100782));
#5402 = CARTESIAN_POINT('',(4.621099588375,31.454382436077));
#5403 = CARTESIAN_POINT('',(4.612177691364,31.253487507874));
#5404 = CARTESIAN_POINT('',(4.605205045512,31.049363093502));
#5405 = ( GEOMETRIC_REPRESENTATION_CONTEXT(2) 
PARAMETRIC_REPRESENTATION_CONTEXT() REPRESENTATION_CONTEXT('2D SPACE',''
  ) );
#5406 = PCURVE('',#5407,#5412);
#5407 = CYLINDRICAL_SURFACE('',#5408,2.1);
#5408 = AXIS2_PLACEMENT_3D('',#5409,#5410,#5411);
#5409 = CARTESIAN_POINT('',(35.,-60.62,-20.));
#5410 = DIRECTION('',(0.,0.,1.));
#5411 = DIRECTION('',(1.,0.,-0.));
#5412 = DEFINITIONAL_REPRESENTATION('',(#5413),#5472);
#5413 = B_SPLINE_CURVE_WITH_KNOTS('',8,(#5414,#5415,#5416,#5417,#5418,
    #5419,#5420,#5421,#5422,#5423,#5424,#5425,#5426,#5427,#5428,#5429,
    #5430,#5431,#5432,#5433,#5434,#5435,#5436,#5437,#5438,#5439,#5440,
    #5441,#5442,#5443,#5444,#5445,#5446,#5447,#5448,#5449,#5450,#5451,
    #5452,#5453,#5454,#5455,#5456,#5457,#5458,#5459,#5460,#5461,#5462,
    #5463,#5464,#5465,#5466,#5467,#5468,#5469,#5470,#5471),
  .UNSPECIFIED.,.F.,.F.,(9,7,7,7,7,7,7,7,9),(0.,0.109575651357,
    0.279030744639,0.434773467446,0.542911995292,0.651052652781,
    0.760143274765,0.865277659091,1.),.UNSPECIFIED.);
#5414 = CARTESIAN_POINT('',(-8.881784197001E-16,36.902442087229));
#5415 = CARTESIAN_POINT('',(6.732219889087E-02,36.894836120328));
#5416 = CARTESIAN_POINT('',(0.133539006272,36.888026797497));
#5417 = CARTESIAN_POINT('',(0.198858761095,36.882163396086));
#5418 = CARTESIAN_POINT('',(0.263469931283,36.877354916201));
#5419 = CARTESIAN_POINT('',(0.327550746371,36.873677455702));
#5420 = CARTESIAN_POINT('',(0.391276339024,36.871179641309));
#5421 = CARTESIAN_POINT('',(0.454823395416,36.869886115822));
#5422 = CARTESIAN_POINT('',(0.616648600061,36.869664485676));
#5423 = CARTESIAN_POINT('',(0.714792674501,36.87241520776));
#5424 = CARTESIAN_POINT('',(0.813557598333,36.878045782428));
#5425 = CARTESIAN_POINT('',(0.913598989518,36.886429821761));
#5426 = CARTESIAN_POINT('',(1.015579178388,36.897312071924));
#5427 = CARTESIAN_POINT('',(1.120181445945,36.910247072101));
#5428 = CARTESIAN_POINT('',(1.228144278008,36.924523109271));
#5429 = CARTESIAN_POINT('',(1.443621012813,36.952516825745));
#5430 = CARTESIAN_POINT('',(1.554258984946,36.966679314984));
#5431 = CARTESIAN_POINT('',(1.669926104197,36.980361195502));
#5432 = CARTESIAN_POINT('',(1.789119212423,36.99196238224));
#5433 = CARTESIAN_POINT('',(1.910807627902,36.99986221401));
#5434 = CARTESIAN_POINT('',(2.034162208243,37.003053721525));
#5435 = CARTESIAN_POINT('',(2.1584717674,37.001388130577));
#5436 = CARTESIAN_POINT('',(2.369301298833,36.991318761106));
#5437 = CARTESIAN_POINT('',(2.455696076666,36.985133364144));
#5438 = CARTESIAN_POINT('',(2.542085425695,36.977074190764));
#5439 = CARTESIAN_POINT('',(2.628473328569,36.967458821016));
#5440 = CARTESIAN_POINT('',(2.714865625895,36.956714258989));
#5441 = CARTESIAN_POINT('',(2.8012652953,36.945342720996));
#5442 = CARTESIAN_POINT('',(2.887667405812,36.933876174698));
#5443 = CARTESIAN_POINT('',(3.060441790591,36.911762865893));
#5444 = CARTESIAN_POINT('',(3.146843041362,36.901112860248));
#5445 = CARTESIAN_POINT('',(3.233241165211,36.891374877553));
#5446 = CARTESIAN_POINT('',(3.319632561755,36.883031232742));
#5447 = CARTESIAN_POINT('',(3.406020928136,36.876485885792));
#5448 = CARTESIAN_POINT('',(3.492411965932,36.872025290088));
#5449 = CARTESIAN_POINT('',(3.578808231728,36.869795493722));
#5450 = CARTESIAN_POINT('',(3.75235897808,36.869795493722));
#5451 = CARTESIAN_POINT('',(3.839453612901,36.872064792391));
#5452 = CARTESIAN_POINT('',(3.926991055262,36.876598295506));
#5453 = CARTESIAN_POINT('',(4.01542792492,36.883313982355));
#5454 = CARTESIAN_POINT('',(4.105224091062,36.892048121336));
#5455 = CARTESIAN_POINT('',(4.19685442109,36.902527736089));
#5456 = CARTESIAN_POINT('',(4.290829281296,36.914332907815));
#5457 = CARTESIAN_POINT('',(4.481195972019,36.938935734009));
#5458 = CARTESIAN_POINT('',(4.579455551149,36.951950512539));
#5459 = CARTESIAN_POINT('',(4.681582732099,36.965195419097));
#5460 = CARTESIAN_POINT('',(4.786966606207,36.977688772958));
#5461 = CARTESIAN_POINT('',(4.895236966031,36.988304938069));
#5462 = CARTESIAN_POINT('',(5.006188846737,36.995993425565));
#5463 = CARTESIAN_POINT('',(5.119750700467,37.));
#5464 = CARTESIAN_POINT('',(5.384966370555,37.));
#5465 = CARTESIAN_POINT('',(5.527954481074,36.993420721134));
#5466 = CARTESIAN_POINT('',(5.665910142234,36.981188550028));
#5467 = CARTESIAN_POINT('',(5.799249020711,36.965165428722));
#5468 = CARTESIAN_POINT('',(5.928068020784,36.947566342825));
#5469 = CARTESIAN_POINT('',(6.052168811565,36.930409081068));
#5470 = CARTESIAN_POINT('',(6.170945164441,36.915122819955));
#5471 = CARTESIAN_POINT('',(6.28318530718,36.902442087229));
#5472 = ( GEOMETRIC_REPRESENTATION_CONTEXT(2) 
PARAMETRIC_REPRESENTATION_CONTEXT() REPRESENTATION_CONTEXT('2D SPACE',''
  ) );
#5473 = ADVANCED_FACE('',(#5474),#864,.T.);
#5474 = FACE_BOUND('',#5475,.T.);
#5475 = EDGE_LOOP('',(#5476,#5477,#5478,#5479));
#5476 = ORIENTED_EDGE('',*,*,#849,.T.);
#5477 = ORIENTED_EDGE('',*,*,#5234,.T.);
#5478 = ORIENTED_EDGE('',*,*,#943,.T.);
#5479 = ORIENTED_EDGE('',*,*,#5480,.F.);
#5480 = EDGE_CURVE('',#850,#923,#5481,.T.);
#5481 = SURFACE_CURVE('',#5482,(#5487,#5494),.PCURVE_S1.);
#5482 = CIRCLE('',#5483,15.);
#5483 = AXIS2_PLACEMENT_3D('',#5484,#5485,#5486);
#5484 = CARTESIAN_POINT('',(50.,-86.6,0.));
#5485 = DIRECTION('',(0.500011000363,-0.866019052629,0.));
#5486 = DIRECTION('',(-0.866019052629,-0.500011000363,0.));
#5487 = PCURVE('',#864,#5488);
#5488 = DEFINITIONAL_REPRESENTATION('',(#5489),#5493);
#5489 = CIRCLE('',#5490,15.);
#5490 = AXIS2_PLACEMENT_2D('',#5491,#5492);
#5491 = CARTESIAN_POINT('',(0.,0.));
#5492 = DIRECTION('',(1.,0.));
#5493 = ( GEOMETRIC_REPRESENTATION_CONTEXT(2) 
PARAMETRIC_REPRESENTATION_CONTEXT() REPRESENTATION_CONTEXT('2D SPACE',''
  ) );
#5494 = PCURVE('',#749,#5495);
#5495 = DEFINITIONAL_REPRESENTATION('',(#5496),#5500);
#5496 = LINE('',#5497,#5498);
#5497 = CARTESIAN_POINT('',(0.,64.99856998427));
#5498 = VECTOR('',#5499,1.);
#5499 = DIRECTION('',(1.,0.));
#5500 = ( GEOMETRIC_REPRESENTATION_CONTEXT(2) 
PARAMETRIC_REPRESENTATION_CONTEXT() REPRESENTATION_CONTEXT('2D SPACE',''
  ) );
#5501 = ADVANCED_FACE('',(#5502,#5737,#5908),#749,.F.);
#5502 = FACE_BOUND('',#5503,.F.);
#5503 = EDGE_LOOP('',(#5504,#5529,#5551,#5552,#5553,#5554,#5576,#5577,
    #5599,#5600,#5622,#5623,#5645,#5646,#5668,#5669,#5691,#5692,#5714,
    #5715));
#5504 = ORIENTED_EDGE('',*,*,#5505,.T.);
#5505 = EDGE_CURVE('',#5506,#5508,#5510,.T.);
#5506 = VERTEX_POINT('',#5507);
#5507 = CARTESIAN_POINT('',(4.509714210569,-37.81016500544,
    3.673940397442E-15));
#5508 = VERTEX_POINT('',#5509);
#5509 = CARTESIAN_POINT('',(39.509714210569,-98.43016500544,
    3.673940397442E-15));
#5510 = SEAM_CURVE('',#5511,(#5515,#5522),.PCURVE_S1.);
#5511 = LINE('',#5512,#5513);
#5512 = CARTESIAN_POINT('',(4.509714210569,-37.81016500544,
    3.673940397442E-15));
#5513 = VECTOR('',#5514,1.);
#5514 = DIRECTION('',(0.500011000363,-0.866019052629,0.));
#5515 = PCURVE('',#749,#5516);
#5516 = DEFINITIONAL_REPRESENTATION('',(#5517),#5521);
#5517 = LINE('',#5518,#5519);
#5518 = CARTESIAN_POINT('',(6.28318530718,-0.));
#5519 = VECTOR('',#5520,1.);
#5520 = DIRECTION('',(0.,1.));
#5521 = ( GEOMETRIC_REPRESENTATION_CONTEXT(2) 
PARAMETRIC_REPRESENTATION_CONTEXT() REPRESENTATION_CONTEXT('2D SPACE',''
  ) );
#5522 = PCURVE('',#749,#5523);
#5523 = DEFINITIONAL_REPRESENTATION('',(#5524),#5528);
#5524 = LINE('',#5525,#5526);
#5525 = CARTESIAN_POINT('',(0.,-0.));
#5526 = VECTOR('',#5527,1.);
#5527 = DIRECTION('',(0.,1.));
#5528 = ( GEOMETRIC_REPRESENTATION_CONTEXT(2) 
PARAMETRIC_REPRESENTATION_CONTEXT() REPRESENTATION_CONTEXT('2D SPACE',''
  ) );
#5529 = ORIENTED_EDGE('',*,*,#5530,.F.);
#5530 = EDGE_CURVE('',#897,#5508,#5531,.T.);
#5531 = SURFACE_CURVE('',#5532,(#5537,#5544),.PCURVE_S1.);
#5532 = CIRCLE('',#5533,15.);
#5533 = AXIS2_PLACEMENT_3D('',#5534,#5535,#5536);
#5534 = CARTESIAN_POINT('',(52.5,-90.93,0.));
#5535 = DIRECTION('',(0.500011000363,-0.866019052629,0.));
#5536 = DIRECTION('',(-0.866019052629,-0.500011000363,0.));
#5537 = PCURVE('',#749,#5538);
#5538 = DEFINITIONAL_REPRESENTATION('',(#5539),#5543);
#5539 = LINE('',#5540,#5541);
#5540 = CARTESIAN_POINT('',(0.,69.99845998306));
#5541 = VECTOR('',#5542,1.);
#5542 = DIRECTION('',(1.,0.));
#5543 = ( GEOMETRIC_REPRESENTATION_CONTEXT(2) 
PARAMETRIC_REPRESENTATION_CONTEXT() REPRESENTATION_CONTEXT('2D SPACE',''
  ) );
#5544 = PCURVE('',#911,#5545);
#5545 = DEFINITIONAL_REPRESENTATION('',(#5546),#5550);
#5546 = CIRCLE('',#5547,15.);
#5547 = AXIS2_PLACEMENT_2D('',#5548,#5549);
#5548 = CARTESIAN_POINT('',(0.,0.));
#5549 = DIRECTION('',(1.,0.));
#5550 = ( GEOMETRIC_REPRESENTATION_CONTEXT(2) 
PARAMETRIC_REPRESENTATION_CONTEXT() REPRESENTATION_CONTEXT('2D SPACE',''
  ) );
#5551 = ORIENTED_EDGE('',*,*,#922,.F.);
#5552 = ORIENTED_EDGE('',*,*,#5480,.F.);
#5553 = ORIENTED_EDGE('',*,*,#875,.T.);
#5554 = ORIENTED_EDGE('',*,*,#5555,.F.);
#5555 = EDGE_CURVE('',#2544,#876,#5556,.T.);
#5556 = SURFACE_CURVE('',#5557,(#5562,#5569),.PCURVE_S1.);
#5557 = CIRCLE('',#5558,15.);
#5558 = AXIS2_PLACEMENT_3D('',#5559,#5560,#5561);
#5559 = CARTESIAN_POINT('',(52.5,-90.93,0.));
#5560 = DIRECTION('',(0.500011000363,-0.866019052629,0.));
#5561 = DIRECTION('',(-0.866019052629,-0.500011000363,0.));
#5562 = PCURVE('',#749,#5563);
#5563 = DEFINITIONAL_REPRESENTATION('',(#5564),#5568);
#5564 = LINE('',#5565,#5566);
#5565 = CARTESIAN_POINT('',(0.,69.99845998306));
#5566 = VECTOR('',#5567,1.);
#5567 = DIRECTION('',(1.,0.));
#5568 = ( GEOMETRIC_REPRESENTATION_CONTEXT(2) 
PARAMETRIC_REPRESENTATION_CONTEXT() REPRESENTATION_CONTEXT('2D SPACE',''
  ) );
#5569 = PCURVE('',#911,#5570);
#5570 = DEFINITIONAL_REPRESENTATION('',(#5571),#5575);
#5571 = CIRCLE('',#5572,15.);
#5572 = AXIS2_PLACEMENT_2D('',#5573,#5574);
#5573 = CARTESIAN_POINT('',(0.,0.));
#5574 = DIRECTION('',(1.,0.));
#5575 = ( GEOMETRIC_REPRESENTATION_CONTEXT(2) 
PARAMETRIC_REPRESENTATION_CONTEXT() REPRESENTATION_CONTEXT('2D SPACE',''
  ) );
#5576 = ORIENTED_EDGE('',*,*,#2543,.F.);
#5577 = ORIENTED_EDGE('',*,*,#5578,.F.);
#5578 = EDGE_CURVE('',#2586,#2518,#5579,.T.);
#5579 = SURFACE_CURVE('',#5580,(#5585,#5592),.PCURVE_S1.);
#5580 = CIRCLE('',#5581,15.);
#5581 = AXIS2_PLACEMENT_3D('',#5582,#5583,#5584);
#5582 = CARTESIAN_POINT('',(50.,-86.6,0.));
#5583 = DIRECTION('',(0.500011000363,-0.866019052629,0.));
#5584 = DIRECTION('',(-0.866019052629,-0.500011000363,0.));
#5585 = PCURVE('',#749,#5586);
#5586 = DEFINITIONAL_REPRESENTATION('',(#5587),#5591);
#5587 = LINE('',#5588,#5589);
#5588 = CARTESIAN_POINT('',(0.,64.99856998427));
#5589 = VECTOR('',#5590,1.);
#5590 = DIRECTION('',(1.,0.));
#5591 = ( GEOMETRIC_REPRESENTATION_CONTEXT(2) 
PARAMETRIC_REPRESENTATION_CONTEXT() REPRESENTATION_CONTEXT('2D SPACE',''
  ) );
#5592 = PCURVE('',#2532,#5593);
#5593 = DEFINITIONAL_REPRESENTATION('',(#5594),#5598);
#5594 = CIRCLE('',#5595,15.);
#5595 = AXIS2_PLACEMENT_2D('',#5596,#5597);
#5596 = CARTESIAN_POINT('',(0.,0.));
#5597 = DIRECTION('',(1.,0.));
#5598 = ( GEOMETRIC_REPRESENTATION_CONTEXT(2) 
PARAMETRIC_REPRESENTATION_CONTEXT() REPRESENTATION_CONTEXT('2D SPACE',''
  ) );
#5599 = ORIENTED_EDGE('',*,*,#2585,.T.);
#5600 = ORIENTED_EDGE('',*,*,#5601,.F.);
#5601 = EDGE_CURVE('',#5508,#2565,#5602,.T.);
#5602 = SURFACE_CURVE('',#5603,(#5608,#5615),.PCURVE_S1.);
#5603 = CIRCLE('',#5604,15.);
#5604 = AXIS2_PLACEMENT_3D('',#5605,#5606,#5607);
#5605 = CARTESIAN_POINT('',(52.5,-90.93,0.));
#5606 = DIRECTION('',(0.500011000363,-0.866019052629,0.));
#5607 = DIRECTION('',(-0.866019052629,-0.500011000363,0.));
#5608 = PCURVE('',#749,#5609);
#5609 = DEFINITIONAL_REPRESENTATION('',(#5610),#5614);
#5610 = LINE('',#5611,#5612);
#5611 = CARTESIAN_POINT('',(0.,69.99845998306));
#5612 = VECTOR('',#5613,1.);
#5613 = DIRECTION('',(1.,0.));
#5614 = ( GEOMETRIC_REPRESENTATION_CONTEXT(2) 
PARAMETRIC_REPRESENTATION_CONTEXT() REPRESENTATION_CONTEXT('2D SPACE',''
  ) );
#5615 = PCURVE('',#911,#5616);
#5616 = DEFINITIONAL_REPRESENTATION('',(#5617),#5621);
#5617 = CIRCLE('',#5618,15.);
#5618 = AXIS2_PLACEMENT_2D('',#5619,#5620);
#5619 = CARTESIAN_POINT('',(0.,0.));
#5620 = DIRECTION('',(1.,0.));
#5621 = ( GEOMETRIC_REPRESENTATION_CONTEXT(2) 
PARAMETRIC_REPRESENTATION_CONTEXT() REPRESENTATION_CONTEXT('2D SPACE',''
  ) );
#5622 = ORIENTED_EDGE('',*,*,#5505,.F.);
#5623 = ORIENTED_EDGE('',*,*,#5624,.T.);
#5624 = EDGE_CURVE('',#5506,#2413,#5625,.T.);
#5625 = SURFACE_CURVE('',#5626,(#5631,#5638),.PCURVE_S1.);
#5626 = CIRCLE('',#5627,15.);
#5627 = AXIS2_PLACEMENT_3D('',#5628,#5629,#5630);
#5628 = CARTESIAN_POINT('',(17.5,-30.31,0.));
#5629 = DIRECTION('',(0.500011000363,-0.866019052629,0.));
#5630 = DIRECTION('',(-0.866019052629,-0.500011000363,0.));
#5631 = PCURVE('',#749,#5632);
#5632 = DEFINITIONAL_REPRESENTATION('',(#5633),#5637);
#5633 = LINE('',#5634,#5635);
#5634 = CARTESIAN_POINT('',(0.,0.));
#5635 = VECTOR('',#5636,1.);
#5636 = DIRECTION('',(1.,0.));
#5637 = ( GEOMETRIC_REPRESENTATION_CONTEXT(2) 
PARAMETRIC_REPRESENTATION_CONTEXT() REPRESENTATION_CONTEXT('2D SPACE',''
  ) );
#5638 = PCURVE('',#775,#5639);
#5639 = DEFINITIONAL_REPRESENTATION('',(#5640),#5644);
#5640 = CIRCLE('',#5641,15.);
#5641 = AXIS2_PLACEMENT_2D('',#5642,#5643);
#5642 = CARTESIAN_POINT('',(0.,0.));
#5643 = DIRECTION('',(1.,0.));
#5644 = ( GEOMETRIC_REPRESENTATION_CONTEXT(2) 
PARAMETRIC_REPRESENTATION_CONTEXT() REPRESENTATION_CONTEXT('2D SPACE',''
  ) );
#5645 = ORIENTED_EDGE('',*,*,#2412,.T.);
#5646 = ORIENTED_EDGE('',*,*,#5647,.T.);
#5647 = EDGE_CURVE('',#2387,#2455,#5648,.T.);
#5648 = SURFACE_CURVE('',#5649,(#5654,#5661),.PCURVE_S1.);
#5649 = CIRCLE('',#5650,15.);
#5650 = AXIS2_PLACEMENT_3D('',#5651,#5652,#5653);
#5651 = CARTESIAN_POINT('',(20.,-34.64,0.));
#5652 = DIRECTION('',(0.500011000363,-0.866019052629,0.));
#5653 = DIRECTION('',(-0.866019052629,-0.500011000363,0.));
#5654 = PCURVE('',#749,#5655);
#5655 = DEFINITIONAL_REPRESENTATION('',(#5656),#5660);
#5656 = LINE('',#5657,#5658);
#5657 = CARTESIAN_POINT('',(0.,4.99988999879));
#5658 = VECTOR('',#5659,1.);
#5659 = DIRECTION('',(1.,0.));
#5660 = ( GEOMETRIC_REPRESENTATION_CONTEXT(2) 
PARAMETRIC_REPRESENTATION_CONTEXT() REPRESENTATION_CONTEXT('2D SPACE',''
  ) );
#5661 = PCURVE('',#2401,#5662);
#5662 = DEFINITIONAL_REPRESENTATION('',(#5663),#5667);
#5663 = CIRCLE('',#5664,15.);
#5664 = AXIS2_PLACEMENT_2D('',#5665,#5666);
#5665 = CARTESIAN_POINT('',(0.,0.));
#5666 = DIRECTION('',(1.,0.));
#5667 = ( GEOMETRIC_REPRESENTATION_CONTEXT(2) 
PARAMETRIC_REPRESENTATION_CONTEXT() REPRESENTATION_CONTEXT('2D SPACE',''
  ) );
#5668 = ORIENTED_EDGE('',*,*,#2454,.F.);
#5669 = ORIENTED_EDGE('',*,*,#5670,.T.);
#5670 = EDGE_CURVE('',#2434,#761,#5671,.T.);
#5671 = SURFACE_CURVE('',#5672,(#5677,#5684),.PCURVE_S1.);
#5672 = CIRCLE('',#5673,15.);
#5673 = AXIS2_PLACEMENT_3D('',#5674,#5675,#5676);
#5674 = CARTESIAN_POINT('',(17.5,-30.31,0.));
#5675 = DIRECTION('',(0.500011000363,-0.866019052629,0.));
#5676 = DIRECTION('',(-0.866019052629,-0.500011000363,0.));
#5677 = PCURVE('',#749,#5678);
#5678 = DEFINITIONAL_REPRESENTATION('',(#5679),#5683);
#5679 = LINE('',#5680,#5681);
#5680 = CARTESIAN_POINT('',(0.,0.));
#5681 = VECTOR('',#5682,1.);
#5682 = DIRECTION('',(1.,0.));
#5683 = ( GEOMETRIC_REPRESENTATION_CONTEXT(2) 
PARAMETRIC_REPRESENTATION_CONTEXT() REPRESENTATION_CONTEXT('2D SPACE',''
  ) );
#5684 = PCURVE('',#775,#5685);
#5685 = DEFINITIONAL_REPRESENTATION('',(#5686),#5690);
#5686 = CIRCLE('',#5687,15.);
#5687 = AXIS2_PLACEMENT_2D('',#5688,#5689);
#5688 = CARTESIAN_POINT('',(0.,0.));
#5689 = DIRECTION('',(1.,0.));
#5690 = ( GEOMETRIC_REPRESENTATION_CONTEXT(2) 
PARAMETRIC_REPRESENTATION_CONTEXT() REPRESENTATION_CONTEXT('2D SPACE',''
  ) );
#5691 = ORIENTED_EDGE('',*,*,#786,.T.);
#5692 = ORIENTED_EDGE('',*,*,#5693,.T.);
#5693 = EDGE_CURVE('',#787,#709,#5694,.T.);
#5694 = SURFACE_CURVE('',#5695,(#5700,#5707),.PCURVE_S1.);
#5695 = CIRCLE('',#5696,15.);
#5696 = AXIS2_PLACEMENT_3D('',#5697,#5698,#5699);
#5697 = CARTESIAN_POINT('',(20.,-34.64,0.));
#5698 = DIRECTION('',(0.500011000363,-0.866019052629,0.));
#5699 = DIRECTION('',(-0.866019052629,-0.500011000363,0.));
#5700 = PCURVE('',#749,#5701);
#5701 = DEFINITIONAL_REPRESENTATION('',(#5702),#5706);
#5702 = LINE('',#5703,#5704);
#5703 = CARTESIAN_POINT('',(0.,4.99988999879));
#5704 = VECTOR('',#5705,1.);
#5705 = DIRECTION('',(1.,0.));
#5706 = ( GEOMETRIC_REPRESENTATION_CONTEXT(2) 
PARAMETRIC_REPRESENTATION_CONTEXT() REPRESENTATION_CONTEXT('2D SPACE',''
  ) );
#5707 = PCURVE('',#723,#5708);
#5708 = DEFINITIONAL_REPRESENTATION('',(#5709),#5713);
#5709 = CIRCLE('',#5710,15.);
#5710 = AXIS2_PLACEMENT_2D('',#5711,#5712);
#5711 = CARTESIAN_POINT('',(0.,0.));
#5712 = DIRECTION('',(1.,0.));
#5713 = ( GEOMETRIC_REPRESENTATION_CONTEXT(2) 
PARAMETRIC_REPRESENTATION_CONTEXT() REPRESENTATION_CONTEXT('2D SPACE',''
  ) );
#5714 = ORIENTED_EDGE('',*,*,#734,.F.);
#5715 = ORIENTED_EDGE('',*,*,#5716,.T.);
#5716 = EDGE_CURVE('',#735,#5506,#5717,.T.);
#5717 = SURFACE_CURVE('',#5718,(#5723,#5730),.PCURVE_S1.);
#5718 = CIRCLE('',#5719,15.);
#5719 = AXIS2_PLACEMENT_3D('',#5720,#5721,#5722);
#5720 = CARTESIAN_POINT('',(17.5,-30.31,0.));
#5721 = DIRECTION('',(0.500011000363,-0.866019052629,0.));
#5722 = DIRECTION('',(-0.866019052629,-0.500011000363,0.));
#5723 = PCURVE('',#749,#5724);
#5724 = DEFINITIONAL_REPRESENTATION('',(#5725),#5729);
#5725 = LINE('',#5726,#5727);
#5726 = CARTESIAN_POINT('',(0.,0.));
#5727 = VECTOR('',#5728,1.);
#5728 = DIRECTION('',(1.,0.));
#5729 = ( GEOMETRIC_REPRESENTATION_CONTEXT(2) 
PARAMETRIC_REPRESENTATION_CONTEXT() REPRESENTATION_CONTEXT('2D SPACE',''
  ) );
#5730 = PCURVE('',#775,#5731);
#5731 = DEFINITIONAL_REPRESENTATION('',(#5732),#5736);
#5732 = CIRCLE('',#5733,15.);
#5733 = AXIS2_PLACEMENT_2D('',#5734,#5735);
#5734 = CARTESIAN_POINT('',(0.,0.));
#5735 = DIRECTION('',(1.,0.));
#5736 = ( GEOMETRIC_REPRESENTATION_CONTEXT(2) 
PARAMETRIC_REPRESENTATION_CONTEXT() REPRESENTATION_CONTEXT('2D SPACE',''
  ) );
#5737 = FACE_BOUND('',#5738,.F.);
#5738 = EDGE_LOOP('',(#5739));
#5739 = ORIENTED_EDGE('',*,*,#5740,.T.);
#5740 = EDGE_CURVE('',#5741,#5741,#5743,.T.);
#5741 = VERTEX_POINT('',#5742);
#5742 = CARTESIAN_POINT('',(37.1,-60.62,-14.8893434547));
#5743 = SURFACE_CURVE('',#5744,(#5795,#5849),.PCURVE_S1.);
#5744 = B_SPLINE_CURVE_WITH_KNOTS('',7,(#5745,#5746,#5747,#5748,#5749,
    #5750,#5751,#5752,#5753,#5754,#5755,#5756,#5757,#5758,#5759,#5760,
    #5761,#5762,#5763,#5764,#5765,#5766,#5767,#5768,#5769,#5770,#5771,
    #5772,#5773,#5774,#5775,#5776,#5777,#5778,#5779,#5780,#5781,#5782,
    #5783,#5784,#5785,#5786,#5787,#5788,#5789,#5790,#5791,#5792,#5793,
    #5794),.UNSPECIFIED.,.T.,.F.,(8,6,6,6,6,6,6,6,8),(0.,0.103297779299,
    0.251772823722,0.38285257802,0.493812379445,0.625074643235,
    0.742258619901,0.855232194209,1.),.UNSPECIFIED.);
#5745 = CARTESIAN_POINT('',(37.1,-60.62,-14.8893434547));
#5746 = CARTESIAN_POINT('',(37.1,-60.45847695606,-14.87947872379));
#5747 = CARTESIAN_POINT('',(37.085505980903,-60.30002595369,
    -14.87081602572));
#5748 = CARTESIAN_POINT('',(37.05750882772,-60.14550890434,
    -14.86362764342));
#5749 = CARTESIAN_POINT('',(37.01681070311,-59.99561290946,
    -14.85809506817));
#5750 = CARTESIAN_POINT('',(36.964045478322,-59.85092829907,
    -14.85433045541));
#5751 = CARTESIAN_POINT('',(36.899697153613,-59.71202388354,
    -14.85238962822));
#5752 = CARTESIAN_POINT('',(36.71548009603,-59.38906414974,
    -14.85211420826));
#5753 = CARTESIAN_POINT('',(36.583779660164,-59.2120778814,
    -14.85572800195));
#5754 = CARTESIAN_POINT('',(36.430081422142,-59.05019929001,
    -14.86311243328));
#5755 = CARTESIAN_POINT('',(36.254948290829,-58.90558077269,
    -14.87404984089));
#5756 = CARTESIAN_POINT('',(36.058796581799,-58.78110612294,
    -14.88809409721));
#5757 = CARTESIAN_POINT('',(35.842274932461,-58.68066951537,
    -14.90441651698));
#5758 = CARTESIAN_POINT('',(35.399179165125,-58.54689715724,
    -14.93692171144));
#5759 = CARTESIAN_POINT('',(35.171735470819,-58.50556321841,
    -14.9532649861));
#5760 = CARTESIAN_POINT('',(34.929557493749,-58.49285767221,
    -14.96947786699));
#5761 = CARTESIAN_POINT('',(34.678923832601,-58.51388433327,
    -14.9838276032));
#5762 = CARTESIAN_POINT('',(34.426995623789,-58.57175490306,
    -14.9944457299));
#5763 = CARTESIAN_POINT('',(34.181401095235,-58.66774324814,-15.));
#5764 = CARTESIAN_POINT('',(33.754074923602,-58.91446736571,-15.));
#5765 = CARTESIAN_POINT('',(33.572398305612,-59.05218810492,
    -14.99602037572));
#5766 = CARTESIAN_POINT('',(33.408670660989,-59.21236405484,
    -14.98806017587));
#5767 = CARTESIAN_POINT('',(33.266158105849,-59.39216112135,
    -14.97657155238));
#5768 = CARTESIAN_POINT('',(33.147579596228,-59.58817557936,
    -14.96243703135));
#5769 = CARTESIAN_POINT('',(33.054987920623,-59.79654428118,
    -14.94682968457));
#5770 = CARTESIAN_POINT('',(32.912294561342,-60.26918918636,
    -14.91217832644));
#5771 = CARTESIAN_POINT('',(32.876470116669,-60.52544178442,
    -14.8938551218));
#5772 = CARTESIAN_POINT('',(32.877212709336,-60.77621183123,
    -14.87781684468));
#5773 = CARTESIAN_POINT('',(32.910565436124,-61.01817916689,
    -14.86519849401));
#5774 = CARTESIAN_POINT('',(32.973558465792,-61.24908112469,
    -14.85658712194));
#5775 = CARTESIAN_POINT('',(33.064171654792,-61.46705290508,
    -14.85227255338));
#5776 = CARTESIAN_POINT('',(33.285979509828,-61.85122411,-14.85227255338
    ));
#5777 = CARTESIAN_POINT('',(33.411576234968,-62.02011628259,
    -14.85571136488));
#5778 = CARTESIAN_POINT('',(33.557232081634,-62.17524552531,
    -14.86257955539));
#5779 = CARTESIAN_POINT('',(33.722435258201,-62.31474053735,
    -14.87269019772));
#5780 = CARTESIAN_POINT('',(33.906807435266,-62.43613739063,
    -14.88566466089));
#5781 = CARTESIAN_POINT('',(34.109803965962,-62.53615021392,
    -14.90081859409));
#5782 = CARTESIAN_POINT('',(34.542698316321,-62.68182913699,
    -14.9327152988));
#5783 = CARTESIAN_POINT('',(34.77690896395,-62.73118382938,
    -14.94978966022));
#5784 = CARTESIAN_POINT('',(35.027753594944,-62.75026976837,
    -14.96699160453));
#5785 = CARTESIAN_POINT('',(35.288549450267,-62.73326210689,
    -14.98241728871));
#5786 = CARTESIAN_POINT('',(35.551533554016,-62.67647555519,
    -14.99394058823));
#5787 = CARTESIAN_POINT('',(35.80830433051,-62.57820050142,-15.));
#5788 = CARTESIAN_POINT('',(36.359768952411,-62.25980291372,-15.));
#5789 = CARTESIAN_POINT('',(36.61936442413,-62.02785705614,
    -14.99004961634));
#5790 = CARTESIAN_POINT('',(36.823005476261,-61.76008572313,
    -14.9718438042));
#5791 = CARTESIAN_POINT('',(36.969192012992,-61.47167426617,
    -14.94917505384));
#5792 = CARTESIAN_POINT('',(37.059668474332,-61.17708919801,
    -14.92618894705));
#5793 = CARTESIAN_POINT('',(37.1,-60.88943639668,-14.90579880054));
#5794 = CARTESIAN_POINT('',(37.1,-60.62,-14.8893434547));
#5795 = PCURVE('',#749,#5796);
#5796 = DEFINITIONAL_REPRESENTATION('',(#5797),#5848);
#5797 = B_SPLINE_CURVE_WITH_KNOTS('',7,(#5798,#5799,#5800,#5801,#5802,
    #5803,#5804,#5805,#5806,#5807,#5808,#5809,#5810,#5811,#5812,#5813,
    #5814,#5815,#5816,#5817,#5818,#5819,#5820,#5821,#5822,#5823,#5824,
    #5825,#5826,#5827,#5828,#5829,#5830,#5831,#5832,#5833,#5834,#5835,
    #5836,#5837,#5838,#5839,#5840,#5841,#5842,#5843,#5844,#5845,#5846,
    #5847),.UNSPECIFIED.,.T.,.F.,(8,6,6,6,6,6,6,6,8),(0.,0.103297779299,
    0.251772823722,0.38285257802,0.493812379445,0.625074643235,
    0.742258619901,0.855232194209,1.),.UNSPECIFIED.);
#5798 = CARTESIAN_POINT('',(1.6923380166,36.049253092292));
#5799 = CARTESIAN_POINT('',(1.697762251659,35.909371058806));
#5800 = CARTESIAN_POINT('',(1.7022444903,35.764902302857));
#5801 = CARTESIAN_POINT('',(1.705811054754,35.617088709596));
#5802 = CARTESIAN_POINT('',(1.708483579443,35.466926412117));
#5803 = CARTESIAN_POINT('',(1.710277764298,35.315243590066));
#5804 = CARTESIAN_POINT('',(1.711201990829,35.162774849516));
#5805 = CARTESIAN_POINT('',(1.711333144991,34.790975011568));
#5806 = CARTESIAN_POINT('',(1.709612198292,34.57184986444));
#5807 = CARTESIAN_POINT('',(1.706099887877,34.354809110342));
#5808 = CARTESIAN_POINT('',(1.700759401956,34.141998226792));
#5809 = CARTESIAN_POINT('',(1.693523478341,33.936122796283));
#5810 = CARTESIAN_POINT('',(1.684307383743,33.740879574063));
#5811 = CARTESIAN_POINT('',(1.663073734659,33.403477405326));
#5812 = CARTESIAN_POINT('',(1.651270373751,33.253957077659));
#5813 = CARTESIAN_POINT('',(1.637670681644,33.121862179994));
#5814 = CARTESIAN_POINT('',(1.62247371257,33.014752081454));
#5815 = CARTESIAN_POINT('',(1.605990494695,32.938902221768));
#5816 = CARTESIAN_POINT('',(1.58861150036,32.89922999153));
#5817 = CARTESIAN_POINT('',(1.555715675082,32.89922999153));
#5818 = CARTESIAN_POINT('',(1.540635839415,32.927658468129));
#5819 = CARTESIAN_POINT('',(1.52583823064,32.984508269154));
#5820 = CARTESIAN_POINT('',(1.511600055062,33.068958109102));
#5821 = CARTESIAN_POINT('',(1.498189139112,33.179419805111));
#5822 = CARTESIAN_POINT('',(1.485854465091,33.313574214511));
#5823 = CARTESIAN_POINT('',(1.461749992824,33.651545458208));
#5824 = CARTESIAN_POINT('',(1.451071510874,33.85555247399));
#5825 = CARTESIAN_POINT('',(1.442687365655,34.073095416861));
#5826 = CARTESIAN_POINT('',(1.436489929037,34.299320469941));
#5827 = CARTESIAN_POINT('',(1.432389514864,34.530783172472));
#5828 = CARTESIAN_POINT('',(1.430334912085,34.764858478498));
#5829 = CARTESIAN_POINT('',(1.430334912085,35.208464428917));
#5830 = CARTESIAN_POINT('',(1.431972452875,35.417528012399));
#5831 = CARTESIAN_POINT('',(1.43524296047,35.624702417816));
#5832 = CARTESIAN_POINT('',(1.44017718185,35.828111161567));
#5833 = CARTESIAN_POINT('',(1.446831325373,36.025431266131));
#5834 = CARTESIAN_POINT('',(1.455277138827,36.213544774992));
#5835 = CARTESIAN_POINT('',(1.475526016119,36.556157435105));
#5836 = CARTESIAN_POINT('',(1.487456738848,36.716007439272));
#5837 = CARTESIAN_POINT('',(1.501348465518,36.857961300951));
#5838 = CARTESIAN_POINT('',(1.517001524067,36.97363313858));
#5839 = CARTESIAN_POINT('',(1.534088193134,37.055949847668));
#5840 = CARTESIAN_POINT('',(1.552188670722,37.09922999153));
#5841 = CARTESIAN_POINT('',(1.59464074844,37.09922999153));
#5842 = CARTESIAN_POINT('',(1.617360100598,37.028161051194));
#5843 = CARTESIAN_POINT('',(1.638065214148,36.89808874125));
#5844 = CARTESIAN_POINT('',(1.656176435957,36.721413800991));
#5845 = CARTESIAN_POINT('',(1.671295798455,36.511536745287));
#5846 = CARTESIAN_POINT('',(1.683289856575,36.282590145292));
#5847 = CARTESIAN_POINT('',(1.6923380166,36.049253092292));
#5848 = ( GEOMETRIC_REPRESENTATION_CONTEXT(2) 
PARAMETRIC_REPRESENTATION_CONTEXT() REPRESENTATION_CONTEXT('2D SPACE',''
  ) );
#5849 = PCURVE('',#5850,#5855);
#5850 = CYLINDRICAL_SURFACE('',#5851,2.1);
#5851 = AXIS2_PLACEMENT_3D('',#5852,#5853,#5854);
#5852 = CARTESIAN_POINT('',(35.,-60.62,-20.));
#5853 = DIRECTION('',(0.,0.,1.));
#5854 = DIRECTION('',(1.,0.,-0.));
#5855 = DEFINITIONAL_REPRESENTATION('',(#5856),#5907);
#5856 = B_SPLINE_CURVE_WITH_KNOTS('',7,(#5857,#5858,#5859,#5860,#5861,
    #5862,#5863,#5864,#5865,#5866,#5867,#5868,#5869,#5870,#5871,#5872,
    #5873,#5874,#5875,#5876,#5877,#5878,#5879,#5880,#5881,#5882,#5883,
    #5884,#5885,#5886,#5887,#5888,#5889,#5890,#5891,#5892,#5893,#5894,
    #5895,#5896,#5897,#5898,#5899,#5900,#5901,#5902,#5903,#5904,#5905,
    #5906),.UNSPECIFIED.,.F.,.F.,(8,6,6,6,6,6,6,6,8),(0.,0.103297779299,
    0.251772823722,0.38285257802,0.493812379445,0.625074643235,
    0.742258619901,0.855232194209,1.),.UNSPECIFIED.);
#5857 = CARTESIAN_POINT('',(-8.881784197001E-16,5.110656545296));
#5858 = CARTESIAN_POINT('',(7.691573520687E-02,5.120521276202));
#5859 = CARTESIAN_POINT('',(0.152368784523,5.129183974275));
#5860 = CARTESIAN_POINT('',(0.226690841393,5.136372356574));
#5861 = CARTESIAN_POINT('',(0.300173566696,5.141904931821));
#5862 = CARTESIAN_POINT('',(0.373094336717,5.145669544581));
#5863 = CARTESIAN_POINT('',(0.445731953054,5.147610371776));
#5864 = CARTESIAN_POINT('',(0.622781924837,5.147885791735));
#5865 = CARTESIAN_POINT('',(0.727061784916,5.144271998042));
#5866 = CARTESIAN_POINT('',(0.832143173542,5.136887566714));
#5867 = CARTESIAN_POINT('',(0.938836610426,5.125950159105));
#5868 = CARTESIAN_POINT('',(1.048005884057,5.111905902781));
#5869 = CARTESIAN_POINT('',(1.160534326599,5.095583483017));
#5870 = CARTESIAN_POINT('',(1.380938461091,5.063078288558));
#5871 = CARTESIAN_POINT('',(1.490311625251,5.046735013895));
#5872 = CARTESIAN_POINT('',(1.604263575727,5.030522133001));
#5873 = CARTESIAN_POINT('',(1.7219833051,5.016172396793));
#5874 = CARTESIAN_POINT('',(1.843021076955,5.005554270095));
#5875 = CARTESIAN_POINT('',(1.967156564815,5.));
#5876 = CARTESIAN_POINT('',(2.202126745368,5.));
#5877 = CARTESIAN_POINT('',(2.309839332381,5.003979624279));
#5878 = CARTESIAN_POINT('',(2.417539902923,5.011939824125));
#5879 = CARTESIAN_POINT('',(2.525241796668,5.023428447615));
#5880 = CARTESIAN_POINT('',(2.632960218383,5.037562968646));
#5881 = CARTESIAN_POINT('',(2.740691682772,5.053170315421));
#5882 = CARTESIAN_POINT('',(2.975794111927,5.087821673554));
#5883 = CARTESIAN_POINT('',(3.097542322546,5.1061448782));
#5884 = CARTESIAN_POINT('',(3.215133577025,5.122183155313));
#5885 = CARTESIAN_POINT('',(3.32964171207,5.134801505989));
#5886 = CARTESIAN_POINT('',(3.442134673194,5.143412878053));
#5887 = CARTESIAN_POINT('',(3.553598648964,5.147727446616));
#5888 = CARTESIAN_POINT('',(3.764839577735,5.147727446616));
#5889 = CARTESIAN_POINT('',(3.864393498054,5.144288635115));
#5890 = CARTESIAN_POINT('',(3.964664278509,5.13742044461));
#5891 = CARTESIAN_POINT('',(4.066358846207,5.127309802272));
#5892 = CARTESIAN_POINT('',(4.170224729721,5.114335339108));
#5893 = CARTESIAN_POINT('',(4.277031200918,5.099181405907));
#5894 = CARTESIAN_POINT('',(4.49453083847,5.067284701199));
#5895 = CARTESIAN_POINT('',(4.607730875951,5.050210339774));
#5896 = CARTESIAN_POINT('',(4.725827824225,5.033008395469));
#5897 = CARTESIAN_POINT('',(4.847991458775,5.017582711289));
#5898 = CARTESIAN_POINT('',(4.973799674866,5.006059411762));
#5899 = CARTESIAN_POINT('',(5.103088629066,5.));
#5900 = CARTESIAN_POINT('',(5.406317755617,5.));
#5901 = CARTESIAN_POINT('',(5.568600548168,5.009950383656));
#5902 = CARTESIAN_POINT('',(5.724395221948,5.028156195792));
#5903 = CARTESIAN_POINT('',(5.874172552774,5.050824946155));
#5904 = CARTESIAN_POINT('',(6.017905814217,5.073811052946));
#5905 = CARTESIAN_POINT('',(6.15488226114,5.094201199454));
#5906 = CARTESIAN_POINT('',(6.28318530718,5.110656545296));
#5907 = ( GEOMETRIC_REPRESENTATION_CONTEXT(2) 
PARAMETRIC_REPRESENTATION_CONTEXT() REPRESENTATION_CONTEXT('2D SPACE',''
  ) );
#5908 = FACE_BOUND('',#5909,.F.);
#5909 = EDGE_LOOP('',(#5910));
#5910 = ORIENTED_EDGE('',*,*,#5911,.F.);
#5911 = EDGE_CURVE('',#5912,#5912,#5914,.T.);
#5912 = VERTEX_POINT('',#5913);
#5913 = CARTESIAN_POINT('',(37.1,-60.62,14.889343454704));
#5914 = SURFACE_CURVE('',#5915,(#5974,#6036),.PCURVE_S1.);
#5915 = B_SPLINE_CURVE_WITH_KNOTS('',8,(#5916,#5917,#5918,#5919,#5920,
    #5921,#5922,#5923,#5924,#5925,#5926,#5927,#5928,#5929,#5930,#5931,
    #5932,#5933,#5934,#5935,#5936,#5937,#5938,#5939,#5940,#5941,#5942,
    #5943,#5944,#5945,#5946,#5947,#5948,#5949,#5950,#5951,#5952,#5953,
    #5954,#5955,#5956,#5957,#5958,#5959,#5960,#5961,#5962,#5963,#5964,
    #5965,#5966,#5967,#5968,#5969,#5970,#5971,#5972,#5973),
  .UNSPECIFIED.,.T.,.F.,(9,7,7,7,7,7,7,7,9),(0.,0.109551707008,
    0.278999829774,0.434751869718,0.542860420733,0.650969813175,
    0.760060178975,0.865230948177,1.),.UNSPECIFIED.);
#5916 = CARTESIAN_POINT('',(37.1,-60.62,14.889343454704));
#5917 = CARTESIAN_POINT('',(37.1,-60.47866733655,14.880711815162));
#5918 = CARTESIAN_POINT('',(37.089129485678,-60.33963870428,
    14.872981700243));
#5919 = CARTESIAN_POINT('',(37.068007760164,-60.20345279785,
    14.866323286788));
#5920 = CARTESIAN_POINT('',(37.037159765415,-60.0705609069,
    14.860861355802));
#5921 = CARTESIAN_POINT('',(36.997023743814,-59.94135618057,
    14.856683338394));
#5922 = CARTESIAN_POINT('',(36.947958397145,-59.81620219519,
    14.853845248621));
#5923 = CARTESIAN_POINT('',(36.890249542928,-59.69546082542,
    14.852375503253));
#5924 = CARTESIAN_POINT('',(36.721825216966,-59.40018808471,
    14.852123694753));
#5925 = CARTESIAN_POINT('',(36.59952462437,-59.23259230374,
    14.855250364298));
#5926 = CARTESIAN_POINT('',(36.458036712587,-59.07796227117,
    14.861650283793));
#5927 = CARTESIAN_POINT('',(36.297836890456,-58.93790341439,
    14.871177478079));
#5928 = CARTESIAN_POINT('',(36.119261091604,-58.814505333,
    14.883537548592));
#5929 = CARTESIAN_POINT('',(35.922716380674,-58.71047159581,
    14.898220163138));
#5930 = CARTESIAN_POINT('',(35.708959853524,-58.62929191432,
    14.914415361535));
#5931 = CARTESIAN_POINT('',(35.268607669896,-58.52601414322,
    14.946160085576));
#5932 = CARTESIAN_POINT('',(35.036610459137,-58.49783355078,
    14.962221038392));
#5933 = CARTESIAN_POINT('',(34.79042123997,-58.49920484816,
    14.977734590027));
#5934 = CARTESIAN_POINT('',(34.537913848754,-58.5352178653,
    14.990885163693));
#5935 = CARTESIAN_POINT('',(34.287545582424,-58.60800150524,
    14.999839722499));
#5936 = CARTESIAN_POINT('',(34.047613898876,-58.71706530602,
    15.003460729306));
#5937 = CARTESIAN_POINT('',(33.82567047971,-58.85952322309,
    15.001575863823));
#5938 = CARTESIAN_POINT('',(33.490450890345,-59.14888444133,
    14.990160666499));
#5939 = CARTESIAN_POINT('',(33.364818268502,-59.28099722413,
    14.983149602423));
#5940 = CARTESIAN_POINT('',(33.252462233915,-59.42531183419,
    14.974013899592));
#5941 = CARTESIAN_POINT('',(33.154745957503,-59.58026906534,
    14.963112304629));
#5942 = CARTESIAN_POINT('',(33.07281432032,-59.74413339073,
    14.950927697126));
#5943 = CARTESIAN_POINT('',(33.007571658673,-59.91502306956,
    14.938028842348));
#5944 = CARTESIAN_POINT('',(32.959655154901,-60.09094180206,
    14.925019101891));
#5945 = CARTESIAN_POINT('',(32.89915235732,-60.44868345598,
    14.899925005017));
#5946 = CARTESIAN_POINT('',(32.886554759409,-60.6305749101,
    14.887836405409));
#5947 = CARTESIAN_POINT('',(32.891973276299,-60.81341329554,
    14.87678037747));
#5948 = CARTESIAN_POINT('',(32.91546214647,-60.99510567452,
    14.867305561484));
#5949 = CARTESIAN_POINT('',(32.956786799172,-61.17357895478,
    14.859871791643));
#5950 = CARTESIAN_POINT('',(33.01543801237,-61.34681741183,
    14.854805308089));
#5951 = CARTESIAN_POINT('',(33.090641080132,-61.51289794977,
    14.852272553384));
#5952 = CARTESIAN_POINT('',(33.272902072754,-61.82857398899,
    14.852272553384));
#5953 = CARTESIAN_POINT('',(33.38017704943,-61.9778932295,
    14.854851662125));
#5954 = CARTESIAN_POINT('',(33.502611135926,-62.11707206261,
    14.860003983495));
#5955 = CARTESIAN_POINT('',(33.639833677489,-62.24499303731,
    14.867634876956));
#5956 = CARTESIAN_POINT('',(33.7915748278,-62.36026435406,
    14.877555621875));
#5957 = CARTESIAN_POINT('',(33.957556555959,-62.46114059363,
    14.889453143232));
#5958 = CARTESIAN_POINT('',(34.137354818221,-62.5454217105,
    14.902848607648));
#5959 = CARTESIAN_POINT('',(34.51613736826,-62.67289076598,
    14.930758223787));
#5960 = CARTESIAN_POINT('',(34.718356302042,-62.71884515628,
    14.94552106987));
#5961 = CARTESIAN_POINT('',(34.933686858322,-62.74311254125,
    14.960540875417));
#5962 = CARTESIAN_POINT('',(35.158151522606,-62.74176593763,
    14.974704446621));
#5963 = CARTESIAN_POINT('',(35.387168489173,-62.71196715,14.986738526034
    ));
#5964 = CARTESIAN_POINT('',(35.61572624814,-62.65190679175,
    14.995455441178));
#5965 = CARTESIAN_POINT('',(35.838519176791,-62.56075544006,15.));
#5966 = CARTESIAN_POINT('',(36.321050720955,-62.28215755082,15.));
#5967 = CARTESIAN_POINT('',(36.5544655562,-62.08584352054,
    14.992537212258));
#5968 = CARTESIAN_POINT('',(36.746640081712,-61.86049997301,
    14.978670983759));
#5969 = CARTESIAN_POINT('',(36.896098744626,-61.61587999465,
    14.960509429026));
#5970 = CARTESIAN_POINT('',(37.003120685994,-61.36120486561,
    14.940555263798));
#5971 = CARTESIAN_POINT('',(37.069751355749,-61.10517599767,
    14.921091410427));
#5972 = CARTESIAN_POINT('',(37.1,-60.85575684709,14.903741882316));
#5973 = CARTESIAN_POINT('',(37.1,-60.62,14.889343454704));
#5974 = PCURVE('',#749,#5975);
#5975 = DEFINITIONAL_REPRESENTATION('',(#5976),#6035);
#5976 = B_SPLINE_CURVE_WITH_KNOTS('',8,(#5977,#5978,#5979,#5980,#5981,
    #5982,#5983,#5984,#5985,#5986,#5987,#5988,#5989,#5990,#5991,#5992,
    #5993,#5994,#5995,#5996,#5997,#5998,#5999,#6000,#6001,#6002,#6003,
    #6004,#6005,#6006,#6007,#6008,#6009,#6010,#6011,#6012,#6013,#6014,
    #6015,#6016,#6017,#6018,#6019,#6020,#6021,#6022,#6023,#6024,#6025,
    #6026,#6027,#6028,#6029,#6030,#6031,#6032,#6033,#6034),
  .UNSPECIFIED.,.T.,.F.,(9,7,7,7,7,7,7,7,9),(0.,0.109551707008,
    0.278999829774,0.434751869718,0.542860420733,0.650969813175,
    0.760060178975,0.865230948177,1.),.UNSPECIFIED.);
#5977 = CARTESIAN_POINT('',(4.59084729058,36.049253092292));
#5978 = CARTESIAN_POINT('',(4.586101084903,35.926856312992));
#5979 = CARTESIAN_POINT('',(4.58206137654,35.801019491844));
#5980 = CARTESIAN_POINT('',(4.578711714096,35.672518807068));
#5981 = CARTESIAN_POINT('',(4.576037990081,35.542007560856));
#5982 = CARTESIAN_POINT('',(4.574028908416,35.410045353848));
#5983 = CARTESIAN_POINT('',(4.572676486249,35.277126404929));
#5984 = CARTESIAN_POINT('',(4.571976590082,35.143707016342));
#5985 = CARTESIAN_POINT('',(4.571856679626,34.803781181455));
#5986 = CARTESIAN_POINT('',(4.573345668922,34.597488400344));
#5987 = CARTESIAN_POINT('',(4.576390017745,34.392830333725));
#5988 = CARTESIAN_POINT('',(4.581014165232,34.191435021936));
#5989 = CARTESIAN_POINT('',(4.587265143665,33.995280068572));
#5990 = CARTESIAN_POINT('',(4.595204569156,33.806910352523));
#5991 = CARTESIAN_POINT('',(4.604898791776,33.629726586692));
#5992 = CARTESIAN_POINT('',(4.62698132653,33.320105133359));
#5993 = CARTESIAN_POINT('',(4.639481504682,33.17969904596));
#5994 = CARTESIAN_POINT('',(4.653776144852,33.057789297857));
#5995 = CARTESIAN_POINT('',(4.669574561849,32.962720783565));
#5996 = CARTESIAN_POINT('',(4.686458712982,32.900565915167));
#5997 = CARTESIAN_POINT('',(4.703941929198,32.875048763488));
#5998 = CARTESIAN_POINT('',(4.721501696008,32.887445882824));
#5999 = CARTESIAN_POINT('',(4.750511035928,32.970424728695));
#6000 = CARTESIAN_POINT('',(4.762176493791,33.022019222762));
#6001 = CARTESIAN_POINT('',(4.773488558286,33.090819171397));
#6002 = CARTESIAN_POINT('',(4.78431815677,33.176155872796));
#6003 = CARTESIAN_POINT('',(4.794541696958,33.277098780765));
#6004 = CARTESIAN_POINT('',(4.804043153938,33.392470450007));
#6005 = CARTESIAN_POINT('',(4.812716880827,33.520860645085));
#6006 = CARTESIAN_POINT('',(4.828225465594,33.800419668954));
#6007 = CARTESIAN_POINT('',(4.835063266182,33.951642196201));
#6008 = CARTESIAN_POINT('',(4.840891682913,34.112693039597));
#6009 = CARTESIAN_POINT('',(4.845634227635,34.281786794976));
#6010 = CARTESIAN_POINT('',(4.849231884944,34.457010837004));
#6011 = CARTESIAN_POINT('',(4.851644205709,34.636364893242));
#6012 = CARTESIAN_POINT('',(4.852850395095,34.817796164511));
#6013 = CARTESIAN_POINT('',(4.852850395095,35.182310130183));
#6014 = CARTESIAN_POINT('',(4.851622239416,35.365262105791));
#6015 = CARTESIAN_POINT('',(4.849168787355,35.547012017051));
#6016 = CARTESIAN_POINT('',(4.84547523578,35.726406798656));
#6017 = CARTESIAN_POINT('',(4.840512821213,35.902106199546));
#6018 = CARTESIAN_POINT('',(4.834242529044,36.072459634911));
#6019 = CARTESIAN_POINT('',(4.826619461705,36.235349796871));
#6020 = CARTESIAN_POINT('',(4.808901694381,36.535135869305));
#6021 = CARTESIAN_POINT('',(4.798711249014,36.67604493823));
#6022 = CARTESIAN_POINT('',(4.787046239163,36.804728602822));
#6023 = CARTESIAN_POINT('',(4.774010312387,36.915797219765));
#6024 = CARTESIAN_POINT('',(4.759776282213,37.004501904487));
#6025 = CARTESIAN_POINT('',(4.744571994648,37.066769883634));
#6026 = CARTESIAN_POINT('',(4.728670679448,37.09922999153));
#6027 = CARTESIAN_POINT('',(4.691525111446,37.09922999153));
#6028 = CARTESIAN_POINT('',(4.671505044621,37.045928286278));
#6029 = CARTESIAN_POINT('',(4.652884510613,36.94686585748));
#6030 = CARTESIAN_POINT('',(4.636064482127,36.80975127112));
#6031 = CARTESIAN_POINT('',(4.621339110286,36.642709905101));
#6032 = CARTESIAN_POINT('',(4.608890994195,36.454300095289));
#6033 = CARTESIAN_POINT('',(4.598764430602,36.253423013666));
#6034 = CARTESIAN_POINT('',(4.59084729058,36.049253092292));
#6035 = ( GEOMETRIC_REPRESENTATION_CONTEXT(2) 
PARAMETRIC_REPRESENTATION_CONTEXT() REPRESENTATION_CONTEXT('2D SPACE',''
  ) );
#6036 = PCURVE('',#5407,#6037);
#6037 = DEFINITIONAL_REPRESENTATION('',(#6038),#6097);
#6038 = B_SPLINE_CURVE_WITH_KNOTS('',8,(#6039,#6040,#6041,#6042,#6043,
    #6044,#6045,#6046,#6047,#6048,#6049,#6050,#6051,#6052,#6053,#6054,
    #6055,#6056,#6057,#6058,#6059,#6060,#6061,#6062,#6063,#6064,#6065,
    #6066,#6067,#6068,#6069,#6070,#6071,#6072,#6073,#6074,#6075,#6076,
    #6077,#6078,#6079,#6080,#6081,#6082,#6083,#6084,#6085,#6086,#6087,
    #6088,#6089,#6090,#6091,#6092,#6093,#6094,#6095,#6096),
  .UNSPECIFIED.,.F.,.F.,(9,7,7,7,7,7,7,7,9),(0.,0.109551707008,
    0.278999829774,0.434751869718,0.542860420733,0.650969813175,
    0.760060178975,0.865230948177,1.),.UNSPECIFIED.);
#6039 = CARTESIAN_POINT('',(-8.881784197001E-16,34.889343454704));
#6040 = CARTESIAN_POINT('',(6.730126830602E-02,34.880711815162));
#6041 = CARTESIAN_POINT('',(0.133505522194,34.872981700243));
#6042 = CARTESIAN_POINT('',(0.198820070067,34.866323286788));
#6043 = CARTESIAN_POINT('',(0.263432204044,34.860861355802));
#6044 = CARTESIAN_POINT('',(0.327518855454,34.856683338394));
#6045 = CARTESIAN_POINT('',(0.391253740801,34.853845248621));
#6046 = CARTESIAN_POINT('',(0.454811998232,34.852375503253));
#6047 = CARTESIAN_POINT('',(0.616683665005,34.852123694753));
#6048 = CARTESIAN_POINT('',(0.714861443878,34.855250364298));
#6049 = CARTESIAN_POINT('',(0.813652672196,34.861650283793));
#6050 = CARTESIAN_POINT('',(0.913708510409,34.871177478079));
#6051 = CARTESIAN_POINT('',(1.015688009509,34.883537548592));
#6052 = CARTESIAN_POINT('',(1.120272430876,34.898220163138));
#6053 = CARTESIAN_POINT('',(1.228199326058,34.914415361535));
#6054 = CARTESIAN_POINT('',(1.443580833079,34.946160085576));
#6055 = CARTESIAN_POINT('',(1.554201447841,34.962221038392));
#6056 = CARTESIAN_POINT('',(1.669859831665,34.977734590027));
#6057 = CARTESIAN_POINT('',(1.789047908351,34.990885163693));
#6058 = CARTESIAN_POINT('',(1.910735852882,34.999839722499));
#6059 = CARTESIAN_POINT('',(2.034097750523,35.003460729306));
#6060 = CARTESIAN_POINT('',(2.158428681451,35.001575863823));
#6061 = CARTESIAN_POINT('',(2.369302087993,34.990160666499));
#6062 = CARTESIAN_POINT('',(2.455696547691,34.983149602423));
#6063 = CARTESIAN_POINT('',(2.542085256667,34.974013899592));
#6064 = CARTESIAN_POINT('',(2.628472733015,34.963112304629));
#6065 = CARTESIAN_POINT('',(2.714865097918,34.950927697126));
#6066 = CARTESIAN_POINT('',(2.801265295544,34.938028842348));
#6067 = CARTESIAN_POINT('',(2.88766793403,34.925019101891));
#6068 = CARTESIAN_POINT('',(3.060440233465,34.899925005017));
#6069 = CARTESIAN_POINT('',(3.146842584492,34.887836405409));
#6070 = CARTESIAN_POINT('',(3.233242012694,34.87678037747));
#6071 = CARTESIAN_POINT('',(3.319633799764,34.867305561484));
#6072 = CARTESIAN_POINT('',(3.406021513368,34.859871791643));
#6073 = CARTESIAN_POINT('',(3.492411416644,34.854805308089));
#6074 = CARTESIAN_POINT('',(3.578807070875,34.852272553384));
#6075 = CARTESIAN_POINT('',(3.752385149766,34.852272553384));
#6076 = CARTESIAN_POINT('',(3.839505013165,34.854851662125));
#6077 = CARTESIAN_POINT('',(3.927062735608,34.860003983495));
#6078 = CARTESIAN_POINT('',(4.015511567197,34.867634876956));
#6079 = CARTESIAN_POINT('',(4.105308552738,34.877555621875));
#6080 = CARTESIAN_POINT('',(4.196926341942,34.889453143232));
#6081 = CARTESIAN_POINT('',(4.290873609293,34.902848607648));
#6082 = CARTESIAN_POINT('',(4.481185788872,34.930758223787));
#6083 = CARTESIAN_POINT('',(4.57943086658,34.94552106987));
#6084 = CARTESIAN_POINT('',(4.681541468622,34.960540875417));
#6085 = CARTESIAN_POINT('',(4.7869096415,34.974704446621));
#6086 = CARTESIAN_POINT('',(4.895169539809,34.986738526034));
#6087 = CARTESIAN_POINT('',(5.006121913416,34.995455441178));
#6088 = CARTESIAN_POINT('',(5.119702607702,35.));
#6089 = CARTESIAN_POINT('',(5.385028093434,35.));
#6090 = CARTESIAN_POINT('',(5.52802985003,34.992537212258));
#6091 = CARTESIAN_POINT('',(5.66597221928,34.978670983759));
#6092 = CARTESIAN_POINT('',(5.799283887361,34.960509429026));
#6093 = CARTESIAN_POINT('',(5.928072525816,34.940555263798));
#6094 = CARTESIAN_POINT('',(6.052149925947,34.921091410427));
#6095 = CARTESIAN_POINT('',(6.170920141895,34.903741882316));
#6096 = CARTESIAN_POINT('',(6.28318530718,34.889343454704));
#6097 = ( GEOMETRIC_REPRESENTATION_CONTEXT(2) 
PARAMETRIC_REPRESENTATION_CONTEXT() REPRESENTATION_CONTEXT('2D SPACE',''
  ) );
#6098 = ADVANCED_FACE('',(#6099),#911,.F.);
#6099 = FACE_BOUND('',#6100,.F.);
#6100 = EDGE_LOOP('',(#6101,#6102,#6103,#6104,#6105));
#6101 = ORIENTED_EDGE('',*,*,#5530,.T.);
#6102 = ORIENTED_EDGE('',*,*,#5601,.T.);
#6103 = ORIENTED_EDGE('',*,*,#2564,.T.);
#6104 = ORIENTED_EDGE('',*,*,#5555,.T.);
#6105 = ORIENTED_EDGE('',*,*,#896,.F.);
#6106 = ADVANCED_FACE('',(#6107),#723,.F.);
#6107 = FACE_BOUND('',#6108,.F.);
#6108 = EDGE_LOOP('',(#6109,#6110,#6111,#6112));
#6109 = ORIENTED_EDGE('',*,*,#807,.T.);
#6110 = ORIENTED_EDGE('',*,*,#5257,.T.);
#6111 = ORIENTED_EDGE('',*,*,#708,.T.);
#6112 = ORIENTED_EDGE('',*,*,#5693,.F.);
#6113 = ADVANCED_FACE('',(#6114),#775,.T.);
#6114 = FACE_BOUND('',#6115,.T.);
#6115 = EDGE_LOOP('',(#6116,#6117,#6118,#6119,#6120));
#6116 = ORIENTED_EDGE('',*,*,#5716,.T.);
#6117 = ORIENTED_EDGE('',*,*,#5624,.T.);
#6118 = ORIENTED_EDGE('',*,*,#2433,.T.);
#6119 = ORIENTED_EDGE('',*,*,#5670,.T.);
#6120 = ORIENTED_EDGE('',*,*,#760,.F.);
#6121 = ADVANCED_FACE('',(#6122,#6178),#981,.T.);
#6122 = FACE_BOUND('',#6123,.T.);
#6123 = EDGE_LOOP('',(#6124,#6150,#6151,#6177));
#6124 = ORIENTED_EDGE('',*,*,#6125,.T.);
#6125 = EDGE_CURVE('',#967,#1113,#6126,.T.);
#6126 = SURFACE_CURVE('',#6127,(#6132,#6139),.PCURVE_S1.);
#6127 = CIRCLE('',#6128,17.);
#6128 = AXIS2_PLACEMENT_3D('',#6129,#6130,#6131);
#6129 = CARTESIAN_POINT('',(100.,0.,0.));
#6130 = DIRECTION('',(-1.,0.,0.));
#6131 = DIRECTION('',(0.,-0.955769224075,0.294117647059));
#6132 = PCURVE('',#981,#6133);
#6133 = DEFINITIONAL_REPRESENTATION('',(#6134),#6138);
#6134 = LINE('',#6135,#6136);
#6135 = CARTESIAN_POINT('',(7.55544943279,60.));
#6136 = VECTOR('',#6137,1.);
#6137 = DIRECTION('',(-1.,-0.));
#6138 = ( GEOMETRIC_REPRESENTATION_CONTEXT(2) 
PARAMETRIC_REPRESENTATION_CONTEXT() REPRESENTATION_CONTEXT('2D SPACE',''
  ) );
#6139 = PCURVE('',#1148,#6140);
#6140 = DEFINITIONAL_REPRESENTATION('',(#6141),#6149);
#6141 = ( BOUNDED_CURVE() B_SPLINE_CURVE(2,(#6142,#6143,#6144,#6145,
#6146,#6147,#6148),.UNSPECIFIED.,.T.,.F.) B_SPLINE_CURVE_WITH_KNOTS((1,2
    ,2,2,2,1),(-2.094395102393,0.,2.094395102393,4.188790204786,
6.28318530718,8.377580409573),.UNSPECIFIED.) CURVE() 
GEOMETRIC_REPRESENTATION_ITEM() RATIONAL_B_SPLINE_CURVE((1.,0.5,1.,0.5,
1.,0.5,1.)) REPRESENTATION_ITEM('') );
#6142 = CARTESIAN_POINT('',(5.,16.248076809272));
#6143 = CARTESIAN_POINT('',(33.142494558941,7.587822771428));
#6144 = CARTESIAN_POINT('',(11.57124727947,-12.45416542355));
#6145 = CARTESIAN_POINT('',(-10.,-32.49615361854));
#6146 = CARTESIAN_POINT('',(-16.57124727947,-3.793911385714));
#6147 = CARTESIAN_POINT('',(-23.14249455894,24.908330847116));
#6148 = CARTESIAN_POINT('',(5.,16.248076809272));
#6149 = ( GEOMETRIC_REPRESENTATION_CONTEXT(2) 
PARAMETRIC_REPRESENTATION_CONTEXT() REPRESENTATION_CONTEXT('2D SPACE',''
  ) );
#6150 = ORIENTED_EDGE('',*,*,#1112,.F.);
#6151 = ORIENTED_EDGE('',*,*,#6152,.F.);
#6152 = EDGE_CURVE('',#965,#1092,#6153,.T.);
#6153 = SURFACE_CURVE('',#6154,(#6159,#6166),.PCURVE_S1.);
#6154 = CIRCLE('',#6155,17.);
#6155 = AXIS2_PLACEMENT_3D('',#6156,#6157,#6158);
#6156 = CARTESIAN_POINT('',(40.,0.,0.));
#6157 = DIRECTION('',(-1.,0.,0.));
#6158 = DIRECTION('',(0.,-0.955769224075,0.294117647059));
#6159 = PCURVE('',#981,#6160);
#6160 = DEFINITIONAL_REPRESENTATION('',(#6161),#6165);
#6161 = LINE('',#6162,#6163);
#6162 = CARTESIAN_POINT('',(7.55544943279,0.));
#6163 = VECTOR('',#6164,1.);
#6164 = DIRECTION('',(-1.,-0.));
#6165 = ( GEOMETRIC_REPRESENTATION_CONTEXT(2) 
PARAMETRIC_REPRESENTATION_CONTEXT() REPRESENTATION_CONTEXT('2D SPACE',''
  ) );
#6166 = PCURVE('',#1007,#6167);
#6167 = DEFINITIONAL_REPRESENTATION('',(#6168),#6176);
#6168 = ( BOUNDED_CURVE() B_SPLINE_CURVE(2,(#6169,#6170,#6171,#6172,
#6173,#6174,#6175),.UNSPECIFIED.,.T.,.F.) B_SPLINE_CURVE_WITH_KNOTS((1,2
    ,2,2,2,1),(-2.094395102393,0.,2.094395102393,4.188790204786,
6.28318530718,8.377580409573),.UNSPECIFIED.) CURVE() 
GEOMETRIC_REPRESENTATION_ITEM() RATIONAL_B_SPLINE_CURVE((1.,0.5,1.,0.5,
1.,0.5,1.)) REPRESENTATION_ITEM('') );
#6169 = CARTESIAN_POINT('',(5.,16.248076809272));
#6170 = CARTESIAN_POINT('',(33.142494558941,7.587822771428));
#6171 = CARTESIAN_POINT('',(11.57124727947,-12.45416542355));
#6172 = CARTESIAN_POINT('',(-10.,-32.49615361854));
#6173 = CARTESIAN_POINT('',(-16.57124727947,-3.793911385714));
#6174 = CARTESIAN_POINT('',(-23.14249455894,24.908330847116));
#6175 = CARTESIAN_POINT('',(5.,16.248076809272));
#6176 = ( GEOMETRIC_REPRESENTATION_CONTEXT(2) 
PARAMETRIC_REPRESENTATION_CONTEXT() REPRESENTATION_CONTEXT('2D SPACE',''
  ) );
#6177 = ORIENTED_EDGE('',*,*,#964,.T.);
#6178 = FACE_BOUND('',#6179,.T.);
#6179 = EDGE_LOOP('',(#6180,#6279));
#6180 = ORIENTED_EDGE('',*,*,#6181,.F.);
#6181 = EDGE_CURVE('',#6182,#6184,#6186,.T.);
#6182 = VERTEX_POINT('',#6183);
#6183 = CARTESIAN_POINT('',(67.9,2.467663300282E-15,17.));
#6184 = VERTEX_POINT('',#6185);
#6185 = CARTESIAN_POINT('',(72.1,-5.143516556419E-16,17.));
#6186 = SURFACE_CURVE('',#6187,(#6214,#6244),.PCURVE_S1.);
#6187 = B_SPLINE_CURVE_WITH_KNOTS('',7,(#6188,#6189,#6190,#6191,#6192,
    #6193,#6194,#6195,#6196,#6197,#6198,#6199,#6200,#6201,#6202,#6203,
    #6204,#6205,#6206,#6207,#6208,#6209,#6210,#6211,#6212,#6213),
  .UNSPECIFIED.,.F.,.F.,(8,6,6,6,8),(0.,0.245413438469,0.500053663044,
    0.754693165598,1.),.UNSPECIFIED.);
#6188 = CARTESIAN_POINT('',(67.9,2.6645352591E-15,17.));
#6189 = CARTESIAN_POINT('',(67.9,-0.27899941845,17.));
#6190 = CARTESIAN_POINT('',(67.943244373087,-0.55047290149,
    16.994657900753));
#6191 = CARTESIAN_POINT('',(68.025536868238,-0.806637734836,
    16.984493160459));
#6192 = CARTESIAN_POINT('',(68.141209184295,-1.041038338694,
    16.970884385458));
#6193 = CARTESIAN_POINT('',(68.283180862092,-1.248771335965,
    16.955713808497));
#6194 = CARTESIAN_POINT('',(68.443054224045,-1.426953058062,
    16.940660624667));
#6195 = CARTESIAN_POINT('',(68.785759397592,-1.72908831076,
    16.912543569717));
#6196 = CARTESIAN_POINT('',(68.973938666959,-1.854903581117,
    16.899189364119));
#6197 = CARTESIAN_POINT('',(69.17129534203,-1.953860779536,
    16.887763039315));
#6198 = CARTESIAN_POINT('',(69.374698641669,-2.027148891724,
    16.878864306999));
#6199 = CARTESIAN_POINT('',(69.581829095486,-2.075693230289,
    16.872821245869));
#6200 = CARTESIAN_POINT('',(69.790827774773,-2.1,16.869795493722));
#6201 = CARTESIAN_POINT('',(70.209171632128,-2.1,16.869795493722));
#6202 = CARTESIAN_POINT('',(70.418175024608,-2.075693389921,
    16.872821225281));
#6203 = CARTESIAN_POINT('',(70.625308422803,-2.027147043265,
    16.87886453764));
#6204 = CARTESIAN_POINT('',(70.828708776623,-1.953857705366,
    16.88776342707));
#6205 = CARTESIAN_POINT('',(71.026058627962,-1.854903375824,
    16.899189278446));
#6206 = CARTESIAN_POINT('',(71.214234987154,-1.729093261272,
    16.912543109017));
#6207 = CARTESIAN_POINT('',(71.55687860241,-1.427012279508,
    16.940655113451));
#6208 = CARTESIAN_POINT('',(71.716790485895,-1.248826379456,
    16.955709905447));
#6209 = CARTESIAN_POINT('',(71.858820169592,-1.041032242296,
    16.970886704407));
#6210 = CARTESIAN_POINT('',(71.974520194985,-0.806547213735,
    16.984500225935));
#6211 = CARTESIAN_POINT('',(72.056795725308,-0.550323989144,
    16.994662851203));
#6212 = CARTESIAN_POINT('',(72.1,-0.278870054211,17.));
#6213 = CARTESIAN_POINT('',(72.1,1.7763568394E-15,17.));
#6214 = PCURVE('',#981,#6215);
#6215 = DEFINITIONAL_REPRESENTATION('',(#6216),#6243);
#6216 = B_SPLINE_CURVE_WITH_KNOTS('',7,(#6217,#6218,#6219,#6220,#6221,
    #6222,#6223,#6224,#6225,#6226,#6227,#6228,#6229,#6230,#6231,#6232,
    #6233,#6234,#6235,#6236,#6237,#6238,#6239,#6240,#6241,#6242),
  .UNSPECIFIED.,.F.,.F.,(8,6,6,6,8),(0.,0.245413438469,0.500053663044,
    0.754693165598,1.),.UNSPECIFIED.);
#6217 = CARTESIAN_POINT('',(6.28318530718,27.9));
#6218 = CARTESIAN_POINT('',(6.299597037677,27.9));
#6219 = CARTESIAN_POINT('',(6.315566074119,27.943244373087));
#6220 = CARTESIAN_POINT('',(6.330641768755,28.025536868238));
#6221 = CARTESIAN_POINT('',(6.344450081509,28.141209184295));
#6222 = CARTESIAN_POINT('',(6.356700919988,28.283180862092));
#6223 = CARTESIAN_POINT('',(6.367219147134,28.443054224045));
#6224 = CARTESIAN_POINT('',(6.385068602138,28.785759397592));
#6225 = CARTESIAN_POINT('',(6.392510448891,28.973938666959));
#6226 = CARTESIAN_POINT('',(6.398369923213,29.17129534203));
#6227 = CARTESIAN_POINT('',(6.402712625678,29.374698641669));
#6228 = CARTESIAN_POINT('',(6.405590217492,29.581829095486));
#6229 = CARTESIAN_POINT('',(6.407031062555,29.790827774773));
#6230 = CARTESIAN_POINT('',(6.407031062555,30.209171632128));
#6231 = CARTESIAN_POINT('',(6.405590226988,30.418175024608));
#6232 = CARTESIAN_POINT('',(6.402712516015,30.625308422803));
#6233 = CARTESIAN_POINT('',(6.398369741093,30.828708776623));
#6234 = CARTESIAN_POINT('',(6.392510437345,31.026058627962));
#6235 = CARTESIAN_POINT('',(6.385068894603,31.214234987154));
#6236 = CARTESIAN_POINT('',(6.3672226458,31.55687860241));
#6237 = CARTESIAN_POINT('',(6.356704165404,31.716790485895));
#6238 = CARTESIAN_POINT('',(6.344449712193,31.858820169592));
#6239 = CARTESIAN_POINT('',(6.330636433105,31.974520194985));
#6240 = CARTESIAN_POINT('',(6.315557314716,32.056795725308));
#6241 = CARTESIAN_POINT('',(6.299589428016,32.1));
#6242 = CARTESIAN_POINT('',(6.28318530718,32.1));
#6243 = ( GEOMETRIC_REPRESENTATION_CONTEXT(2) 
PARAMETRIC_REPRESENTATION_CONTEXT() REPRESENTATION_CONTEXT('2D SPACE',''
  ) );
#6244 = PCURVE('',#6245,#6250);
#6245 = CYLINDRICAL_SURFACE('',#6246,2.1);
#6246 = AXIS2_PLACEMENT_3D('',#6247,#6248,#6249);
#6247 = CARTESIAN_POINT('',(70.,0.,-20.));
#6248 = DIRECTION('',(0.,0.,1.));
#6249 = DIRECTION('',(1.,0.,-0.));
#6250 = DEFINITIONAL_REPRESENTATION('',(#6251),#6278);
#6251 = B_SPLINE_CURVE_WITH_KNOTS('',7,(#6252,#6253,#6254,#6255,#6256,
    #6257,#6258,#6259,#6260,#6261,#6262,#6263,#6264,#6265,#6266,#6267,
    #6268,#6269,#6270,#6271,#6272,#6273,#6274,#6275,#6276,#6277),
  .UNSPECIFIED.,.F.,.F.,(8,6,6,6,8),(0.,0.245413438469,0.500053663044,
    0.754693165598,1.),.UNSPECIFIED.);
#6252 = CARTESIAN_POINT('',(3.14159265359,37.));
#6253 = CARTESIAN_POINT('',(3.274449519518,37.));
#6254 = CARTESIAN_POINT('',(3.403722513504,36.994657900753));
#6255 = CARTESIAN_POINT('',(3.529536325039,36.984493160459));
#6256 = CARTESIAN_POINT('',(3.651716686035,36.970884385458));
#6257 = CARTESIAN_POINT('',(3.76983320233,36.955713808497));
#6258 = CARTESIAN_POINT('',(3.883050635392,36.940660624667));
#6259 = CARTESIAN_POINT('',(4.100609002934,36.912543569717));
#6260 = CARTESIAN_POINT('',(4.207446494201,36.899189364119));
#6261 = CARTESIAN_POINT('',(4.311324231844,36.887763039315));
#6262 = CARTESIAN_POINT('',(4.413011756179,36.878864306999));
#6263 = CARTESIAN_POINT('',(4.513260136265,36.872821245869));
#6264 = CARTESIAN_POINT('',(4.612783158848,36.869795493722));
#6265 = CARTESIAN_POINT('',(4.811994519493,36.869795493722));
#6266 = CARTESIAN_POINT('',(4.91151977607,36.872821225281));
#6267 = CARTESIAN_POINT('',(5.011769581216,36.87886453764));
#6268 = CARTESIAN_POINT('',(5.113455966673,36.88776342707));
#6269 = CARTESIAN_POINT('',(5.217330562445,36.899189278446));
#6270 = CARTESIAN_POINT('',(5.324165393123,36.912543109017));
#6271 = CARTESIAN_POINT('',(5.541684681823,36.940655113451));
#6272 = CARTESIAN_POINT('',(5.65491720423,36.955709905447));
#6273 = CARTESIAN_POINT('',(5.773071231936,36.970886704407));
#6274 = CARTESIAN_POINT('',(5.895289999893,36.984500225935));
#6275 = CARTESIAN_POINT('',(6.02112637111,36.994662851203));
#6276 = CARTESIAN_POINT('',(6.150390043269,37.));
#6277 = CARTESIAN_POINT('',(6.28318530718,37.));
#6278 = ( GEOMETRIC_REPRESENTATION_CONTEXT(2) 
PARAMETRIC_REPRESENTATION_CONTEXT() REPRESENTATION_CONTEXT('2D SPACE',''
  ) );
#6279 = ORIENTED_EDGE('',*,*,#6280,.F.);
#6280 = EDGE_CURVE('',#6184,#6182,#6281,.T.);
#6281 = SURFACE_CURVE('',#6282,(#6309,#6339),.PCURVE_S1.);
#6282 = B_SPLINE_CURVE_WITH_KNOTS('',7,(#6283,#6284,#6285,#6286,#6287,
    #6288,#6289,#6290,#6291,#6292,#6293,#6294,#6295,#6296,#6297,#6298,
    #6299,#6300,#6301,#6302,#6303,#6304,#6305,#6306,#6307,#6308),
  .UNSPECIFIED.,.F.,.F.,(8,6,6,6,8),(0.,0.24538820917,0.500010346618,
    0.754645723859,1.),.UNSPECIFIED.);
#6283 = CARTESIAN_POINT('',(72.1,1.82472373073E-15,17.));
#6284 = CARTESIAN_POINT('',(72.1,0.27899941845,17.));
#6285 = CARTESIAN_POINT('',(72.056755626913,0.55047290149,
    16.994657900753));
#6286 = CARTESIAN_POINT('',(71.974463131762,0.806637734837,
    16.984493160459));
#6287 = CARTESIAN_POINT('',(71.858790815706,1.041038338693,
    16.970884385458));
#6288 = CARTESIAN_POINT('',(71.716819137907,1.248771335966,
    16.955713808497));
#6289 = CARTESIAN_POINT('',(71.556945775955,1.426953058062,
    16.940660624667));
#6290 = CARTESIAN_POINT('',(71.214235056973,1.729093199719,
    16.912543114745));
#6291 = CARTESIAN_POINT('',(71.026060488515,1.854901807554,
    16.899189424625));
#6292 = CARTESIAN_POINT('',(70.828710527082,1.953857527286,
    16.887763504767));
#6293 = CARTESIAN_POINT('',(70.625305906626,2.027149274002,
    16.878864252409));
#6294 = CARTESIAN_POINT('',(70.41816630343,2.075695872483,
    16.872820919048));
#6295 = CARTESIAN_POINT('',(70.209160756228,2.1,16.869795493722));
#6296 = CARTESIAN_POINT('',(69.790828367871,2.1,16.869795493722));
#6297 = CARTESIAN_POINT('',(69.581824975393,2.075693389922,
    16.872821225281));
#6298 = CARTESIAN_POINT('',(69.374691577195,2.027147043264,
    16.87886453764));
#6299 = CARTESIAN_POINT('',(69.171291223379,1.953857705366,
    16.887763427069));
#6300 = CARTESIAN_POINT('',(68.973941372037,1.854903375824,
    16.899189278446));
#6301 = CARTESIAN_POINT('',(68.785765012846,1.729093261272,
    16.912543109017));
#6302 = CARTESIAN_POINT('',(68.443086158607,1.426981212166,
    16.940658004614));
#6303 = CARTESIAN_POINT('',(68.283199021749,1.248801523859,
    16.955711583142));
#6304 = CARTESIAN_POINT('',(68.141199727498,1.04104297115,16.970884917)
  );
#6305 = CARTESIAN_POINT('',(68.025510572722,0.806600866758,
    16.98449640028));
#6306 = CARTESIAN_POINT('',(67.943223828592,0.550401825964,
    16.994660441865));
#6307 = CARTESIAN_POINT('',(67.9,0.278933156591,17.));
#6308 = CARTESIAN_POINT('',(67.9,2.467663300282E-15,17.));
#6309 = PCURVE('',#981,#6310);
#6310 = DEFINITIONAL_REPRESENTATION('',(#6311),#6338);
#6311 = B_SPLINE_CURVE_WITH_KNOTS('',7,(#6312,#6313,#6314,#6315,#6316,
    #6317,#6318,#6319,#6320,#6321,#6322,#6323,#6324,#6325,#6326,#6327,
    #6328,#6329,#6330,#6331,#6332,#6333,#6334,#6335,#6336,#6337),
  .UNSPECIFIED.,.F.,.F.,(8,6,6,6,8),(0.,0.24538820917,0.500010346618,
    0.754645723859,1.),.UNSPECIFIED.);
#6312 = CARTESIAN_POINT('',(6.28318530718,32.1));
#6313 = CARTESIAN_POINT('',(6.266773576683,32.1));
#6314 = CARTESIAN_POINT('',(6.25080454024,32.056755626913));
#6315 = CARTESIAN_POINT('',(6.235728845604,31.974463131762));
#6316 = CARTESIAN_POINT('',(6.221920532851,31.858790815706));
#6317 = CARTESIAN_POINT('',(6.209669694371,31.716819137907));
#6318 = CARTESIAN_POINT('',(6.199151467225,31.556945775955));
#6319 = CARTESIAN_POINT('',(6.181301723393,31.214235056973));
#6320 = CARTESIAN_POINT('',(6.173860269635,31.026060488515));
#6321 = CARTESIAN_POINT('',(6.168000884229,30.828710527082));
#6322 = CARTESIAN_POINT('',(6.163657966026,30.625305906626));
#6323 = CARTESIAN_POINT('',(6.160780240249,30.41816630343));
#6324 = CARTESIAN_POINT('',(6.159339551804,30.209160756228));
#6325 = CARTESIAN_POINT('',(6.159339551804,29.790828367871));
#6326 = CARTESIAN_POINT('',(6.160780387371,29.581824975393));
#6327 = CARTESIAN_POINT('',(6.163658098344,29.374691577195));
#6328 = CARTESIAN_POINT('',(6.168000873266,29.171291223379));
#6329 = CARTESIAN_POINT('',(6.173860177014,28.973941372037));
#6330 = CARTESIAN_POINT('',(6.181301719756,28.785765012846));
#6331 = CARTESIAN_POINT('',(6.199149803946,28.443086158607));
#6332 = CARTESIAN_POINT('',(6.209667913922,28.283199021748));
#6333 = CARTESIAN_POINT('',(6.221920264532,28.141199727499));
#6334 = CARTESIAN_POINT('',(6.23573101974,28.025510572722));
#6335 = CARTESIAN_POINT('',(6.250808721168,27.943223828592));
#6336 = CARTESIAN_POINT('',(6.266777474439,27.9));
#6337 = CARTESIAN_POINT('',(6.28318530718,27.9));
#6338 = ( GEOMETRIC_REPRESENTATION_CONTEXT(2) 
PARAMETRIC_REPRESENTATION_CONTEXT() REPRESENTATION_CONTEXT('2D SPACE',''
  ) );
#6339 = PCURVE('',#6245,#6340);
#6340 = DEFINITIONAL_REPRESENTATION('',(#6341),#6368);
#6341 = B_SPLINE_CURVE_WITH_KNOTS('',7,(#6342,#6343,#6344,#6345,#6346,
    #6347,#6348,#6349,#6350,#6351,#6352,#6353,#6354,#6355,#6356,#6357,
    #6358,#6359,#6360,#6361,#6362,#6363,#6364,#6365,#6366,#6367),
  .UNSPECIFIED.,.F.,.F.,(8,6,6,6,8),(0.,0.24538820917,0.500010346618,
    0.754645723859,1.),.UNSPECIFIED.);
#6342 = CARTESIAN_POINT('',(0.,37.));
#6343 = CARTESIAN_POINT('',(0.132856865928,37.));
#6344 = CARTESIAN_POINT('',(0.262129859914,36.994657900753));
#6345 = CARTESIAN_POINT('',(0.38794367145,36.984493160459));
#6346 = CARTESIAN_POINT('',(0.510124032445,36.970884385458));
#6347 = CARTESIAN_POINT('',(0.62824054874,36.955713808497));
#6348 = CARTESIAN_POINT('',(0.741457981802,36.940660624667));
#6349 = CARTESIAN_POINT('',(0.959019869734,36.912543114745));
#6350 = CARTESIAN_POINT('',(1.065853593911,36.899189424625));
#6351 = CARTESIAN_POINT('',(1.16972862526,36.887763504767));
#6352 = CARTESIAN_POINT('',(1.271417197348,36.878864252409));
#6353 = CARTESIAN_POINT('',(1.371669668914,36.872820919048));
#6354 = CARTESIAN_POINT('',(1.471195966686,36.869795493722));
#6355 = CARTESIAN_POINT('',(1.670401865904,36.869795493722));
#6356 = CARTESIAN_POINT('',(1.76992712248,36.872821225281));
#6357 = CARTESIAN_POINT('',(1.870176927628,36.87886453764));
#6358 = CARTESIAN_POINT('',(1.971863313083,36.88776342707));
#6359 = CARTESIAN_POINT('',(2.075737908855,36.899189278446));
#6360 = CARTESIAN_POINT('',(2.182572739533,36.912543109017));
#6361 = CARTESIAN_POINT('',(2.400114398878,36.940658004614));
#6362 = CARTESIAN_POINT('',(2.513336115462,36.955711583142));
#6363 = CARTESIAN_POINT('',(2.631469387111,36.970884917));
#6364 = CARTESIAN_POINT('',(2.753669231282,36.98449640028));
#6365 = CARTESIAN_POINT('',(2.879496646385,36.994660441865));
#6366 = CARTESIAN_POINT('',(3.008767340927,37.));
#6367 = CARTESIAN_POINT('',(3.14159265359,37.));
#6368 = ( GEOMETRIC_REPRESENTATION_CONTEXT(2) 
PARAMETRIC_REPRESENTATION_CONTEXT() REPRESENTATION_CONTEXT('2D SPACE',''
  ) );
#6369 = ADVANCED_FACE('',(#6370),#1148,.T.);
#6370 = FACE_BOUND('',#6371,.T.);
#6371 = EDGE_LOOP('',(#6372,#6373,#6374,#6398,#6420));
#6372 = ORIENTED_EDGE('',*,*,#6125,.F.);
#6373 = ORIENTED_EDGE('',*,*,#1227,.T.);
#6374 = ORIENTED_EDGE('',*,*,#6375,.F.);
#6375 = EDGE_CURVE('',#6376,#1207,#6378,.T.);
#6376 = VERTEX_POINT('',#6377);
#6377 = CARTESIAN_POINT('',(100.,3.673940397442E-15,15.));
#6378 = SURFACE_CURVE('',#6379,(#6384,#6391),.PCURVE_S1.);
#6379 = CIRCLE('',#6380,15.);
#6380 = AXIS2_PLACEMENT_3D('',#6381,#6382,#6383);
#6381 = CARTESIAN_POINT('',(100.,0.,0.));
#6382 = DIRECTION('',(1.,0.,0.));
#6383 = DIRECTION('',(-0.,0.,1.));
#6384 = PCURVE('',#1148,#6385);
#6385 = DEFINITIONAL_REPRESENTATION('',(#6386),#6390);
#6386 = CIRCLE('',#6387,15.);
#6387 = AXIS2_PLACEMENT_2D('',#6388,#6389);
#6388 = CARTESIAN_POINT('',(0.,0.));
#6389 = DIRECTION('',(1.,0.));
#6390 = ( GEOMETRIC_REPRESENTATION_CONTEXT(2) 
PARAMETRIC_REPRESENTATION_CONTEXT() REPRESENTATION_CONTEXT('2D SPACE',''
  ) );
#6391 = PCURVE('',#1033,#6392);
#6392 = DEFINITIONAL_REPRESENTATION('',(#6393),#6397);
#6393 = LINE('',#6394,#6395);
#6394 = CARTESIAN_POINT('',(0.,65.));
#6395 = VECTOR('',#6396,1.);
#6396 = DIRECTION('',(1.,0.));
#6397 = ( GEOMETRIC_REPRESENTATION_CONTEXT(2) 
PARAMETRIC_REPRESENTATION_CONTEXT() REPRESENTATION_CONTEXT('2D SPACE',''
  ) );
#6398 = ORIENTED_EDGE('',*,*,#6399,.F.);
#6399 = EDGE_CURVE('',#1134,#6376,#6400,.T.);
#6400 = SURFACE_CURVE('',#6401,(#6406,#6413),.PCURVE_S1.);
#6401 = CIRCLE('',#6402,15.);
#6402 = AXIS2_PLACEMENT_3D('',#6403,#6404,#6405);
#6403 = CARTESIAN_POINT('',(100.,0.,0.));
#6404 = DIRECTION('',(1.,0.,0.));
#6405 = DIRECTION('',(-0.,0.,1.));
#6406 = PCURVE('',#1148,#6407);
#6407 = DEFINITIONAL_REPRESENTATION('',(#6408),#6412);
#6408 = CIRCLE('',#6409,15.);
#6409 = AXIS2_PLACEMENT_2D('',#6410,#6411);
#6410 = CARTESIAN_POINT('',(0.,0.));
#6411 = DIRECTION('',(1.,0.));
#6412 = ( GEOMETRIC_REPRESENTATION_CONTEXT(2) 
PARAMETRIC_REPRESENTATION_CONTEXT() REPRESENTATION_CONTEXT('2D SPACE',''
  ) );
#6413 = PCURVE('',#1033,#6414);
#6414 = DEFINITIONAL_REPRESENTATION('',(#6415),#6419);
#6415 = LINE('',#6416,#6417);
#6416 = CARTESIAN_POINT('',(0.,65.));
#6417 = VECTOR('',#6418,1.);
#6418 = DIRECTION('',(1.,0.));
#6419 = ( GEOMETRIC_REPRESENTATION_CONTEXT(2) 
PARAMETRIC_REPRESENTATION_CONTEXT() REPRESENTATION_CONTEXT('2D SPACE',''
  ) );
#6420 = ORIENTED_EDGE('',*,*,#1133,.T.);
#6421 = ADVANCED_FACE('',(#6422,#6840),#1033,.F.);
#6422 = FACE_BOUND('',#6423,.F.);
#6423 = EDGE_LOOP('',(#6424,#6446,#6447,#6448,#6471,#6563,#6586,#6608,
    #6609,#6631,#6632,#6654,#6655,#6677,#6678,#6700,#6701,#6791,#6792,
    #6793,#6794,#6816,#6817,#6839));
#6424 = ORIENTED_EDGE('',*,*,#6425,.F.);
#6425 = EDGE_CURVE('',#1181,#2834,#6426,.T.);
#6426 = SURFACE_CURVE('',#6427,(#6432,#6439),.PCURVE_S1.);
#6427 = CIRCLE('',#6428,15.);
#6428 = AXIS2_PLACEMENT_3D('',#6429,#6430,#6431);
#6429 = CARTESIAN_POINT('',(105.,0.,0.));
#6430 = DIRECTION('',(1.,0.,0.));
#6431 = DIRECTION('',(-0.,0.,1.));
#6432 = PCURVE('',#1033,#6433);
#6433 = DEFINITIONAL_REPRESENTATION('',(#6434),#6438);
#6434 = LINE('',#6435,#6436);
#6435 = CARTESIAN_POINT('',(0.,70.));
#6436 = VECTOR('',#6437,1.);
#6437 = DIRECTION('',(1.,0.));
#6438 = ( GEOMETRIC_REPRESENTATION_CONTEXT(2) 
PARAMETRIC_REPRESENTATION_CONTEXT() REPRESENTATION_CONTEXT('2D SPACE',''
  ) );
#6439 = PCURVE('',#1195,#6440);
#6440 = DEFINITIONAL_REPRESENTATION('',(#6441),#6445);
#6441 = CIRCLE('',#6442,15.);
#6442 = AXIS2_PLACEMENT_2D('',#6443,#6444);
#6443 = CARTESIAN_POINT('',(0.,0.));
#6444 = DIRECTION('',(1.,0.));
#6445 = ( GEOMETRIC_REPRESENTATION_CONTEXT(2) 
PARAMETRIC_REPRESENTATION_CONTEXT() REPRESENTATION_CONTEXT('2D SPACE',''
  ) );
#6446 = ORIENTED_EDGE('',*,*,#1206,.F.);
#6447 = ORIENTED_EDGE('',*,*,#6375,.F.);
#6448 = ORIENTED_EDGE('',*,*,#6449,.F.);
#6449 = EDGE_CURVE('',#6450,#6376,#6452,.T.);
#6450 = VERTEX_POINT('',#6451);
#6451 = CARTESIAN_POINT('',(72.1,1.5797943709E-15,15.));
#6452 = SEAM_CURVE('',#6453,(#6457,#6464),.PCURVE_S1.);
#6453 = LINE('',#6454,#6455);
#6454 = CARTESIAN_POINT('',(35.,3.673940397442E-15,15.));
#6455 = VECTOR('',#6456,1.);
#6456 = DIRECTION('',(1.,0.,0.));
#6457 = PCURVE('',#1033,#6458);
#6458 = DEFINITIONAL_REPRESENTATION('',(#6459),#6463);
#6459 = LINE('',#6460,#6461);
#6460 = CARTESIAN_POINT('',(6.28318530718,-0.));
#6461 = VECTOR('',#6462,1.);
#6462 = DIRECTION('',(0.,1.));
#6463 = ( GEOMETRIC_REPRESENTATION_CONTEXT(2) 
PARAMETRIC_REPRESENTATION_CONTEXT() REPRESENTATION_CONTEXT('2D SPACE',''
  ) );
#6464 = PCURVE('',#1033,#6465);
#6465 = DEFINITIONAL_REPRESENTATION('',(#6466),#6470);
#6466 = LINE('',#6467,#6468);
#6467 = CARTESIAN_POINT('',(0.,-0.));
#6468 = VECTOR('',#6469,1.);
#6469 = DIRECTION('',(0.,1.));
#6470 = ( GEOMETRIC_REPRESENTATION_CONTEXT(2) 
PARAMETRIC_REPRESENTATION_CONTEXT() REPRESENTATION_CONTEXT('2D SPACE',''
  ) );
#6471 = ORIENTED_EDGE('',*,*,#6472,.F.);
#6472 = EDGE_CURVE('',#6473,#6450,#6475,.T.);
#6473 = VERTEX_POINT('',#6474);
#6474 = CARTESIAN_POINT('',(67.9,3.673940397442E-15,15.));
#6475 = SURFACE_CURVE('',#6476,(#6503,#6533),.PCURVE_S1.);
#6476 = B_SPLINE_CURVE_WITH_KNOTS('',7,(#6477,#6478,#6479,#6480,#6481,
    #6482,#6483,#6484,#6485,#6486,#6487,#6488,#6489,#6490,#6491,#6492,
    #6493,#6494,#6495,#6496,#6497,#6498,#6499,#6500,#6501,#6502),
  .UNSPECIFIED.,.F.,.F.,(8,6,6,6,8),(0.,0.245457225641,0.500054032253,
    0.75465021961,1.),.UNSPECIFIED.);
#6477 = CARTESIAN_POINT('',(67.9,4.440892098501E-16,15.));
#6478 = CARTESIAN_POINT('',(67.9,-0.279114841086,15.));
#6479 = CARTESIAN_POINT('',(67.943280143862,-0.550621833631,
    14.993940588238));
#6480 = CARTESIAN_POINT('',(68.02559685295,-0.80676497854,
    14.982417288711));
#6481 = CARTESIAN_POINT('',(68.141268690579,-1.041123175926,
    14.966991604531));
#6482 = CARTESIAN_POINT('',(68.283222552258,-1.248816226172,
    14.949789660226));
#6483 = CARTESIAN_POINT('',(68.443072556425,-1.426969220229,
    14.932715298801));
#6484 = CARTESIAN_POINT('',(68.785679500338,-1.729017871856,
    14.900819126263));
#6485 = CARTESIAN_POINT('',(68.9737959696,-1.854814467231,
    14.885664760479));
#6486 = CARTESIAN_POINT('',(69.171122959857,-1.953787403224,
    14.872689755366));
#6487 = CARTESIAN_POINT('',(69.374534706005,-2.027106265677,
    14.862579288269));
#6488 = CARTESIAN_POINT('',(69.581706220102,-2.075678646908,
    14.855711385356));
#6489 = CARTESIAN_POINT('',(69.79076505369,-2.1,14.852272553384));
#6490 = CARTESIAN_POINT('',(70.209234437388,-2.1,14.852272553384));
#6491 = CARTESIAN_POINT('',(70.418298020868,-2.075678787251,
    14.855711364885));
#6492 = CARTESIAN_POINT('',(70.625472426287,-2.027104376749,
    14.86257955539));
#6493 = CARTESIAN_POINT('',(70.828881170036,-1.953784318804,
    14.872690197728));
#6494 = CARTESIAN_POINT('',(71.026201274602,-1.854814262741,
    14.885664660892));
#6495 = CARTESIAN_POINT('',(71.214314783462,-1.729022911364,
    14.900818594093));
#6496 = CARTESIAN_POINT('',(71.55685974602,-1.427028903652,
    14.932708996264));
#6497 = CARTESIAN_POINT('',(71.716748622359,-1.248871651567,
    14.949785204866));
#6498 = CARTESIAN_POINT('',(71.85876092356,-1.041116958033,
    14.966994265705));
#6499 = CARTESIAN_POINT('',(71.974460649572,-0.806673727463,
    14.982425356674));
#6500 = CARTESIAN_POINT('',(72.05676028448,-0.550471778571,
    14.993946245322));
#6501 = CARTESIAN_POINT('',(72.1,-0.278984464688,15.));
#6502 = CARTESIAN_POINT('',(72.1,-4.440892098501E-16,15.));
#6503 = PCURVE('',#1033,#6504);
#6504 = DEFINITIONAL_REPRESENTATION('',(#6505),#6532);
#6505 = B_SPLINE_CURVE_WITH_KNOTS('',7,(#6506,#6507,#6508,#6509,#6510,
    #6511,#6512,#6513,#6514,#6515,#6516,#6517,#6518,#6519,#6520,#6521,
    #6522,#6523,#6524,#6525,#6526,#6527,#6528,#6529,#6530,#6531),
  .UNSPECIFIED.,.F.,.F.,(8,6,6,6,8),(0.,0.245457225641,0.500054032253,
    0.75465021961,1.),.UNSPECIFIED.);
#6506 = CARTESIAN_POINT('',(0.,32.9));
#6507 = CARTESIAN_POINT('',(1.860765607243E-02,32.9));
#6508 = CARTESIAN_POINT('',(3.670813366068E-02,32.943280143862));
#6509 = CARTESIAN_POINT('',(5.379480272815E-02,33.02559685295));
#6510 = CARTESIAN_POINT('',(6.944786127732E-02,33.141268690579));
#6511 = CARTESIAN_POINT('',(8.333958794682E-02,33.283222552258));
#6512 = CARTESIAN_POINT('',(9.527031067627E-02,33.443072556425));
#6513 = CARTESIAN_POINT('',(0.115518850132,33.785679500338));
#6514 = CARTESIAN_POINT('',(0.123965014265,33.9737959696));
#6515 = CARTESIAN_POINT('',(0.130619352461,34.171122959857));
#6516 = CARTESIAN_POINT('',(0.135553493632,34.374534706005));
#6517 = CARTESIAN_POINT('',(0.138823864425,34.581706220102));
#6518 = CARTESIAN_POINT('',(0.14046141471,34.79076505369));
#6519 = CARTESIAN_POINT('',(0.14046141471,35.209234437388));
#6520 = CARTESIAN_POINT('',(0.13882387392,35.418298020869));
#6521 = CARTESIAN_POINT('',(0.135553366325,35.625472426287));
#6522 = CARTESIAN_POINT('',(0.130619144945,35.828881170036));
#6523 = CARTESIAN_POINT('',(0.123965001422,36.026201274602));
#6524 = CARTESIAN_POINT('',(0.115519187967,36.214314783462));
#6525 = CARTESIAN_POINT('',(9.527431169445E-02,36.55685974602));
#6526 = CARTESIAN_POINT('',(8.334329405054E-02,36.716748622359));
#6527 = CARTESIAN_POINT('',(6.944743101469E-02,36.85876092356));
#6528 = CARTESIAN_POINT('',(5.378870337011E-02,36.974460649572));
#6529 = CARTESIAN_POINT('',(3.669813020037E-02,37.05676028448));
#6530 = CARTESIAN_POINT('',(1.859896431256E-02,37.1));
#6531 = CARTESIAN_POINT('',(0.,37.1));
#6532 = ( GEOMETRIC_REPRESENTATION_CONTEXT(2) 
PARAMETRIC_REPRESENTATION_CONTEXT() REPRESENTATION_CONTEXT('2D SPACE',''
  ) );
#6533 = PCURVE('',#6245,#6534);
#6534 = DEFINITIONAL_REPRESENTATION('',(#6535),#6562);
#6535 = B_SPLINE_CURVE_WITH_KNOTS('',7,(#6536,#6537,#6538,#6539,#6540,
    #6541,#6542,#6543,#6544,#6545,#6546,#6547,#6548,#6549,#6550,#6551,
    #6552,#6553,#6554,#6555,#6556,#6557,#6558,#6559,#6560,#6561),
  .UNSPECIFIED.,.F.,.F.,(8,6,6,6,8),(0.,0.245457225641,0.500054032253,
    0.75465021961,1.),.UNSPECIFIED.);
#6536 = CARTESIAN_POINT('',(3.14159265359,35.));
#6537 = CARTESIAN_POINT('',(3.274504482679,35.));
#6538 = CARTESIAN_POINT('',(3.403793436879,34.993940588238));
#6539 = CARTESIAN_POINT('',(3.529601652969,34.982417288711));
#6540 = CARTESIAN_POINT('',(3.65176528752,34.966991604531));
#6541 = CARTESIAN_POINT('',(3.769862235794,34.949789660226));
#6542 = CARTESIAN_POINT('',(3.883062273274,34.932715298801));
#6543 = CARTESIAN_POINT('',(4.10055828203,34.900819126263));
#6544 = CARTESIAN_POINT('',(4.207367459136,34.885664760479));
#6545 = CARTESIAN_POINT('',(4.311236508755,34.872689755366));
#6546 = CARTESIAN_POINT('',(4.412932245979,34.862579288269));
#6547 = CARTESIAN_POINT('',(4.513201622414,34.855711385356));
#6548 = CARTESIAN_POINT('',(4.612753291666,34.852272553384));
#6549 = CARTESIAN_POINT('',(4.81202442676,34.852272553384));
#6550 = CARTESIAN_POINT('',(4.911578347078,34.855711364885));
#6551 = CARTESIAN_POINT('',(5.011849127534,34.86257955539));
#6552 = CARTESIAN_POINT('',(5.113543695231,34.872690197728));
#6553 = CARTESIAN_POINT('',(5.217409578746,34.885664660892));
#6554 = CARTESIAN_POINT('',(5.324216049943,34.900818594093));
#6555 = CARTESIAN_POINT('',(5.541672711285,34.932708996264));
#6556 = CARTESIAN_POINT('',(5.654887988964,34.949785204866));
#6557 = CARTESIAN_POINT('',(5.773022741939,34.966994265705));
#6558 = CARTESIAN_POINT('',(5.895225063659,34.982425356674));
#6559 = CARTESIAN_POINT('',(6.021055992288,34.993946245322));
#6560 = CARTESIAN_POINT('',(6.15033556209,35.));
#6561 = CARTESIAN_POINT('',(6.28318530718,35.));
#6562 = ( GEOMETRIC_REPRESENTATION_CONTEXT(2) 
PARAMETRIC_REPRESENTATION_CONTEXT() REPRESENTATION_CONTEXT('2D SPACE',''
  ) );
#6563 = ORIENTED_EDGE('',*,*,#6564,.F.);
#6564 = EDGE_CURVE('',#6565,#6473,#6567,.T.);
#6565 = VERTEX_POINT('',#6566);
#6566 = CARTESIAN_POINT('',(40.,3.673940397442E-15,15.));
#6567 = SEAM_CURVE('',#6568,(#6572,#6579),.PCURVE_S1.);
#6568 = LINE('',#6569,#6570);
#6569 = CARTESIAN_POINT('',(35.,3.673940397442E-15,15.));
#6570 = VECTOR('',#6571,1.);
#6571 = DIRECTION('',(1.,0.,0.));
#6572 = PCURVE('',#1033,#6573);
#6573 = DEFINITIONAL_REPRESENTATION('',(#6574),#6578);
#6574 = LINE('',#6575,#6576);
#6575 = CARTESIAN_POINT('',(6.28318530718,-0.));
#6576 = VECTOR('',#6577,1.);
#6577 = DIRECTION('',(0.,1.));
#6578 = ( GEOMETRIC_REPRESENTATION_CONTEXT(2) 
PARAMETRIC_REPRESENTATION_CONTEXT() REPRESENTATION_CONTEXT('2D SPACE',''
  ) );
#6579 = PCURVE('',#1033,#6580);
#6580 = DEFINITIONAL_REPRESENTATION('',(#6581),#6585);
#6581 = LINE('',#6582,#6583);
#6582 = CARTESIAN_POINT('',(0.,-0.));
#6583 = VECTOR('',#6584,1.);
#6584 = DIRECTION('',(0.,1.));
#6585 = ( GEOMETRIC_REPRESENTATION_CONTEXT(2) 
PARAMETRIC_REPRESENTATION_CONTEXT() REPRESENTATION_CONTEXT('2D SPACE',''
  ) );
#6586 = ORIENTED_EDGE('',*,*,#6587,.T.);
#6587 = EDGE_CURVE('',#6565,#993,#6588,.T.);
#6588 = SURFACE_CURVE('',#6589,(#6594,#6601),.PCURVE_S1.);
#6589 = CIRCLE('',#6590,15.);
#6590 = AXIS2_PLACEMENT_3D('',#6591,#6592,#6593);
#6591 = CARTESIAN_POINT('',(40.,0.,0.));
#6592 = DIRECTION('',(1.,0.,0.));
#6593 = DIRECTION('',(-0.,0.,1.));
#6594 = PCURVE('',#1033,#6595);
#6595 = DEFINITIONAL_REPRESENTATION('',(#6596),#6600);
#6596 = LINE('',#6597,#6598);
#6597 = CARTESIAN_POINT('',(0.,5.));
#6598 = VECTOR('',#6599,1.);
#6599 = DIRECTION('',(1.,0.));
#6600 = ( GEOMETRIC_REPRESENTATION_CONTEXT(2) 
PARAMETRIC_REPRESENTATION_CONTEXT() REPRESENTATION_CONTEXT('2D SPACE',''
  ) );
#6601 = PCURVE('',#1007,#6602);
#6602 = DEFINITIONAL_REPRESENTATION('',(#6603),#6607);
#6603 = CIRCLE('',#6604,15.);
#6604 = AXIS2_PLACEMENT_2D('',#6605,#6606);
#6605 = CARTESIAN_POINT('',(0.,0.));
#6606 = DIRECTION('',(1.,0.));
#6607 = ( GEOMETRIC_REPRESENTATION_CONTEXT(2) 
PARAMETRIC_REPRESENTATION_CONTEXT() REPRESENTATION_CONTEXT('2D SPACE',''
  ) );
#6608 = ORIENTED_EDGE('',*,*,#1018,.F.);
#6609 = ORIENTED_EDGE('',*,*,#6610,.T.);
#6610 = EDGE_CURVE('',#1019,#2682,#6611,.T.);
#6611 = SURFACE_CURVE('',#6612,(#6617,#6624),.PCURVE_S1.);
#6612 = CIRCLE('',#6613,15.);
#6613 = AXIS2_PLACEMENT_3D('',#6614,#6615,#6616);
#6614 = CARTESIAN_POINT('',(35.,0.,0.));
#6615 = DIRECTION('',(1.,0.,0.));
#6616 = DIRECTION('',(-0.,0.,1.));
#6617 = PCURVE('',#1033,#6618);
#6618 = DEFINITIONAL_REPRESENTATION('',(#6619),#6623);
#6619 = LINE('',#6620,#6621);
#6620 = CARTESIAN_POINT('',(0.,0.));
#6621 = VECTOR('',#6622,1.);
#6622 = DIRECTION('',(1.,0.));
#6623 = ( GEOMETRIC_REPRESENTATION_CONTEXT(2) 
PARAMETRIC_REPRESENTATION_CONTEXT() REPRESENTATION_CONTEXT('2D SPACE',''
  ) );
#6624 = PCURVE('',#1059,#6625);
#6625 = DEFINITIONAL_REPRESENTATION('',(#6626),#6630);
#6626 = CIRCLE('',#6627,15.);
#6627 = AXIS2_PLACEMENT_2D('',#6628,#6629);
#6628 = CARTESIAN_POINT('',(0.,0.));
#6629 = DIRECTION('',(1.,0.));
#6630 = ( GEOMETRIC_REPRESENTATION_CONTEXT(2) 
PARAMETRIC_REPRESENTATION_CONTEXT() REPRESENTATION_CONTEXT('2D SPACE',''
  ) );
#6631 = ORIENTED_EDGE('',*,*,#2681,.T.);
#6632 = ORIENTED_EDGE('',*,*,#6633,.T.);
#6633 = EDGE_CURVE('',#2656,#2724,#6634,.T.);
#6634 = SURFACE_CURVE('',#6635,(#6640,#6647),.PCURVE_S1.);
#6635 = CIRCLE('',#6636,15.);
#6636 = AXIS2_PLACEMENT_3D('',#6637,#6638,#6639);
#6637 = CARTESIAN_POINT('',(40.,0.,0.));
#6638 = DIRECTION('',(1.,0.,0.));
#6639 = DIRECTION('',(-0.,0.,1.));
#6640 = PCURVE('',#1033,#6641);
#6641 = DEFINITIONAL_REPRESENTATION('',(#6642),#6646);
#6642 = LINE('',#6643,#6644);
#6643 = CARTESIAN_POINT('',(0.,5.));
#6644 = VECTOR('',#6645,1.);
#6645 = DIRECTION('',(1.,0.));
#6646 = ( GEOMETRIC_REPRESENTATION_CONTEXT(2) 
PARAMETRIC_REPRESENTATION_CONTEXT() REPRESENTATION_CONTEXT('2D SPACE',''
  ) );
#6647 = PCURVE('',#2670,#6648);
#6648 = DEFINITIONAL_REPRESENTATION('',(#6649),#6653);
#6649 = CIRCLE('',#6650,15.);
#6650 = AXIS2_PLACEMENT_2D('',#6651,#6652);
#6651 = CARTESIAN_POINT('',(0.,0.));
#6652 = DIRECTION('',(1.,0.));
#6653 = ( GEOMETRIC_REPRESENTATION_CONTEXT(2) 
PARAMETRIC_REPRESENTATION_CONTEXT() REPRESENTATION_CONTEXT('2D SPACE',''
  ) );
#6654 = ORIENTED_EDGE('',*,*,#2723,.F.);
#6655 = ORIENTED_EDGE('',*,*,#6656,.T.);
#6656 = EDGE_CURVE('',#2703,#1045,#6657,.T.);
#6657 = SURFACE_CURVE('',#6658,(#6663,#6670),.PCURVE_S1.);
#6658 = CIRCLE('',#6659,15.);
#6659 = AXIS2_PLACEMENT_3D('',#6660,#6661,#6662);
#6660 = CARTESIAN_POINT('',(35.,0.,0.));
#6661 = DIRECTION('',(1.,0.,0.));
#6662 = DIRECTION('',(-0.,0.,1.));
#6663 = PCURVE('',#1033,#6664);
#6664 = DEFINITIONAL_REPRESENTATION('',(#6665),#6669);
#6665 = LINE('',#6666,#6667);
#6666 = CARTESIAN_POINT('',(0.,0.));
#6667 = VECTOR('',#6668,1.);
#6668 = DIRECTION('',(1.,0.));
#6669 = ( GEOMETRIC_REPRESENTATION_CONTEXT(2) 
PARAMETRIC_REPRESENTATION_CONTEXT() REPRESENTATION_CONTEXT('2D SPACE',''
  ) );
#6670 = PCURVE('',#1059,#6671);
#6671 = DEFINITIONAL_REPRESENTATION('',(#6672),#6676);
#6672 = CIRCLE('',#6673,15.);
#6673 = AXIS2_PLACEMENT_2D('',#6674,#6675);
#6674 = CARTESIAN_POINT('',(0.,0.));
#6675 = DIRECTION('',(1.,0.));
#6676 = ( GEOMETRIC_REPRESENTATION_CONTEXT(2) 
PARAMETRIC_REPRESENTATION_CONTEXT() REPRESENTATION_CONTEXT('2D SPACE',''
  ) );
#6677 = ORIENTED_EDGE('',*,*,#1070,.T.);
#6678 = ORIENTED_EDGE('',*,*,#6679,.T.);
#6679 = EDGE_CURVE('',#1071,#6565,#6680,.T.);
#6680 = SURFACE_CURVE('',#6681,(#6686,#6693),.PCURVE_S1.);
#6681 = CIRCLE('',#6682,15.);
#6682 = AXIS2_PLACEMENT_3D('',#6683,#6684,#6685);
#6683 = CARTESIAN_POINT('',(40.,0.,0.));
#6684 = DIRECTION('',(1.,0.,0.));
#6685 = DIRECTION('',(-0.,0.,1.));
#6686 = PCURVE('',#1033,#6687);
#6687 = DEFINITIONAL_REPRESENTATION('',(#6688),#6692);
#6688 = LINE('',#6689,#6690);
#6689 = CARTESIAN_POINT('',(0.,5.));
#6690 = VECTOR('',#6691,1.);
#6691 = DIRECTION('',(1.,0.));
#6692 = ( GEOMETRIC_REPRESENTATION_CONTEXT(2) 
PARAMETRIC_REPRESENTATION_CONTEXT() REPRESENTATION_CONTEXT('2D SPACE',''
  ) );
#6693 = PCURVE('',#1007,#6694);
#6694 = DEFINITIONAL_REPRESENTATION('',(#6695),#6699);
#6695 = CIRCLE('',#6696,15.);
#6696 = AXIS2_PLACEMENT_2D('',#6697,#6698);
#6697 = CARTESIAN_POINT('',(0.,0.));
#6698 = DIRECTION('',(1.,0.));
#6699 = ( GEOMETRIC_REPRESENTATION_CONTEXT(2) 
PARAMETRIC_REPRESENTATION_CONTEXT() REPRESENTATION_CONTEXT('2D SPACE',''
  ) );
#6700 = ORIENTED_EDGE('',*,*,#6564,.T.);
#6701 = ORIENTED_EDGE('',*,*,#6702,.F.);
#6702 = EDGE_CURVE('',#6450,#6473,#6703,.T.);
#6703 = SURFACE_CURVE('',#6704,(#6731,#6761),.PCURVE_S1.);
#6704 = B_SPLINE_CURVE_WITH_KNOTS('',7,(#6705,#6706,#6707,#6708,#6709,
    #6710,#6711,#6712,#6713,#6714,#6715,#6716,#6717,#6718,#6719,#6720,
    #6721,#6722,#6723,#6724,#6725,#6726,#6727,#6728,#6729,#6730),
  .UNSPECIFIED.,.F.,.F.,(8,6,6,6,8),(0.,0.245431824219,0.500010262898,
    0.754602332378,1.),.UNSPECIFIED.);
#6705 = CARTESIAN_POINT('',(72.1,1.5797943709E-15,15.));
#6706 = CARTESIAN_POINT('',(72.1,0.279114841086,15.));
#6707 = CARTESIAN_POINT('',(72.056719856138,0.550621833631,
    14.993940588238));
#6708 = CARTESIAN_POINT('',(71.97440314705,0.806764978539,
    14.982417288711));
#6709 = CARTESIAN_POINT('',(71.858731309421,1.041123175926,
    14.966991604531));
#6710 = CARTESIAN_POINT('',(71.716777447743,1.248816226172,
    14.949789660226));
#6711 = CARTESIAN_POINT('',(71.556927443575,1.426969220229,
    14.932715298801));
#6712 = CARTESIAN_POINT('',(71.214315032154,1.729022692112,
    14.900818617246));
#6713 = CARTESIAN_POINT('',(71.026203302003,1.854812629013,
    14.885664837576));
#6714 = CARTESIAN_POINT('',(70.828882909752,1.953784201403,
    14.872690278901));
#6715 = CARTESIAN_POINT('',(70.625469654371,2.027106735307,
    14.862579213812));
#6716 = CARTESIAN_POINT('',(70.418288884081,2.075681346837,
    14.855711005963));
#6717 = CARTESIAN_POINT('',(70.209223235024,2.1,14.852272553384));
#6718 = CARTESIAN_POINT('',(69.790765562612,2.1,14.852272553384));
#6719 = CARTESIAN_POINT('',(69.581701979131,2.075678787251,
    14.855711364885));
#6720 = CARTESIAN_POINT('',(69.374527573713,2.027104376749,
    14.86257955539));
#6721 = CARTESIAN_POINT('',(69.171118829964,1.953784318804,
    14.872690197728));
#6722 = CARTESIAN_POINT('',(68.973798725398,1.854814262741,
    14.885664660892));
#6723 = CARTESIAN_POINT('',(68.785685216538,1.729022911364,
    14.900818594093));
#6724 = CARTESIAN_POINT('',(68.443104723847,1.426997579627,
    14.932712304064));
#6725 = CARTESIAN_POINT('',(68.283240849849,1.248846638305,
    14.94978711743));
#6726 = CARTESIAN_POINT('',(68.141259143623,1.041127821908,
    14.966992217155));
#6727 = CARTESIAN_POINT('',(68.025570345575,0.806727799117,
    14.982420989786));
#6728 = CARTESIAN_POINT('',(67.943259460365,0.550550223873,
    14.993943487922));
#6729 = CARTESIAN_POINT('',(67.9,0.27904815939,15.));
#6730 = CARTESIAN_POINT('',(67.9,2.222733940452E-15,15.));
#6731 = PCURVE('',#1033,#6732);
#6732 = DEFINITIONAL_REPRESENTATION('',(#6733),#6760);
#6733 = B_SPLINE_CURVE_WITH_KNOTS('',7,(#6734,#6735,#6736,#6737,#6738,
    #6739,#6740,#6741,#6742,#6743,#6744,#6745,#6746,#6747,#6748,#6749,
    #6750,#6751,#6752,#6753,#6754,#6755,#6756,#6757,#6758,#6759),
  .UNSPECIFIED.,.F.,.F.,(8,6,6,6,8),(0.,0.245431824219,0.500010262898,
    0.754602332378,1.),.UNSPECIFIED.);
#6734 = CARTESIAN_POINT('',(6.28318530718,37.1));
#6735 = CARTESIAN_POINT('',(6.264577651107,37.1));
#6736 = CARTESIAN_POINT('',(6.246477173519,37.056719856138));
#6737 = CARTESIAN_POINT('',(6.229390504451,36.97440314705));
#6738 = CARTESIAN_POINT('',(6.213737445902,36.858731309421));
#6739 = CARTESIAN_POINT('',(6.199845719233,36.716777447743));
#6740 = CARTESIAN_POINT('',(6.187914996503,36.556927443575));
#6741 = CARTESIAN_POINT('',(6.16766613391,36.214315032154));
#6742 = CARTESIAN_POINT('',(6.159220415265,36.026203302003));
#6743 = CARTESIAN_POINT('',(6.152566170746,35.828882909752));
#6744 = CARTESIAN_POINT('',(6.147631781936,35.625469654371));
#6745 = CARTESIAN_POINT('',(6.144361260975,35.418288884081));
#6746 = CARTESIAN_POINT('',(6.14272389247,35.209223235024));
#6747 = CARTESIAN_POINT('',(6.14272389247,34.790765562612));
#6748 = CARTESIAN_POINT('',(6.14436143326,34.581701979131));
#6749 = CARTESIAN_POINT('',(6.147631940855,34.374527573713));
#6750 = CARTESIAN_POINT('',(6.152566162235,34.171118829964));
#6751 = CARTESIAN_POINT('',(6.159220305758,33.973798725398));
#6752 = CARTESIAN_POINT('',(6.167666119212,33.785685216538));
#6753 = CARTESIAN_POINT('',(6.187913095365,33.443104723847));
#6754 = CARTESIAN_POINT('',(6.199843684878,33.283240849849));
#6755 = CARTESIAN_POINT('',(6.213737142312,33.141259143623));
#6756 = CARTESIAN_POINT('',(6.229392991042,33.025570345575));
#6757 = CARTESIAN_POINT('',(6.246481947519,32.943259460365));
#6758 = CARTESIAN_POINT('',(6.264582096554,32.9));
#6759 = CARTESIAN_POINT('',(6.28318530718,32.9));
#6760 = ( GEOMETRIC_REPRESENTATION_CONTEXT(2) 
PARAMETRIC_REPRESENTATION_CONTEXT() REPRESENTATION_CONTEXT('2D SPACE',''
  ) );
#6761 = PCURVE('',#6245,#6762);
#6762 = DEFINITIONAL_REPRESENTATION('',(#6763),#6790);
#6763 = B_SPLINE_CURVE_WITH_KNOTS('',7,(#6764,#6765,#6766,#6767,#6768,
    #6769,#6770,#6771,#6772,#6773,#6774,#6775,#6776,#6777,#6778,#6779,
    #6780,#6781,#6782,#6783,#6784,#6785,#6786,#6787,#6788,#6789),
  .UNSPECIFIED.,.F.,.F.,(8,6,6,6,8),(0.,0.245431824219,0.500010262898,
    0.754602332378,1.),.UNSPECIFIED.);
#6764 = CARTESIAN_POINT('',(0.,35.));
#6765 = CARTESIAN_POINT('',(0.132911829089,35.));
#6766 = CARTESIAN_POINT('',(0.262200783289,34.993940588238));
#6767 = CARTESIAN_POINT('',(0.388008999379,34.982417288711));
#6768 = CARTESIAN_POINT('',(0.51017263393,34.966991604531));
#6769 = CARTESIAN_POINT('',(0.628269582204,34.949789660226));
#6770 = CARTESIAN_POINT('',(0.741469619685,34.932715298801));
#6771 = CARTESIAN_POINT('',(0.95896909936,34.900818617246));
#6772 = CARTESIAN_POINT('',(1.065774497183,34.885664837576));
#6773 = CARTESIAN_POINT('',(1.169640913773,34.872690278901));
#6774 = CARTESIAN_POINT('',(1.271337781005,34.862579213812));
#6775 = CARTESIAN_POINT('',(1.371611295788,34.855711005963));
#6776 = CARTESIAN_POINT('',(1.471166214879,34.852272553384));
#6777 = CARTESIAN_POINT('',(1.67043177317,34.852272553384));
#6778 = CARTESIAN_POINT('',(1.769985693489,34.855711364885));
#6779 = CARTESIAN_POINT('',(1.870256473945,34.86257955539));
#6780 = CARTESIAN_POINT('',(1.971951041641,34.872690197728));
#6781 = CARTESIAN_POINT('',(2.075816925156,34.885664660892));
#6782 = CARTESIAN_POINT('',(2.182623396353,34.900818594093));
#6783 = CARTESIAN_POINT('',(2.400102613169,34.932712304064));
#6784 = CARTESIAN_POINT('',(2.51330696195,34.94978711743));
#6785 = CARTESIAN_POINT('',(2.631420806018,34.966992217155));
#6786 = CARTESIAN_POINT('',(2.753604070727,34.982420989786));
#6787 = CARTESIAN_POINT('',(2.879425977551,34.993943487922));
#6788 = CARTESIAN_POINT('',(3.00871257769,35.));
#6789 = CARTESIAN_POINT('',(3.14159265359,35.));
#6790 = ( GEOMETRIC_REPRESENTATION_CONTEXT(2) 
PARAMETRIC_REPRESENTATION_CONTEXT() REPRESENTATION_CONTEXT('2D SPACE',''
  ) );
#6791 = ORIENTED_EDGE('',*,*,#6449,.T.);
#6792 = ORIENTED_EDGE('',*,*,#6399,.F.);
#6793 = ORIENTED_EDGE('',*,*,#1159,.T.);
#6794 = ORIENTED_EDGE('',*,*,#6795,.F.);
#6795 = EDGE_CURVE('',#2813,#1160,#6796,.T.);
#6796 = SURFACE_CURVE('',#6797,(#6802,#6809),.PCURVE_S1.);
#6797 = CIRCLE('',#6798,15.);
#6798 = AXIS2_PLACEMENT_3D('',#6799,#6800,#6801);
#6799 = CARTESIAN_POINT('',(105.,0.,0.));
#6800 = DIRECTION('',(1.,0.,0.));
#6801 = DIRECTION('',(-0.,0.,1.));
#6802 = PCURVE('',#1033,#6803);
#6803 = DEFINITIONAL_REPRESENTATION('',(#6804),#6808);
#6804 = LINE('',#6805,#6806);
#6805 = CARTESIAN_POINT('',(0.,70.));
#6806 = VECTOR('',#6807,1.);
#6807 = DIRECTION('',(1.,0.));
#6808 = ( GEOMETRIC_REPRESENTATION_CONTEXT(2) 
PARAMETRIC_REPRESENTATION_CONTEXT() REPRESENTATION_CONTEXT('2D SPACE',''
  ) );
#6809 = PCURVE('',#1195,#6810);
#6810 = DEFINITIONAL_REPRESENTATION('',(#6811),#6815);
#6811 = CIRCLE('',#6812,15.);
#6812 = AXIS2_PLACEMENT_2D('',#6813,#6814);
#6813 = CARTESIAN_POINT('',(0.,0.));
#6814 = DIRECTION('',(1.,0.));
#6815 = ( GEOMETRIC_REPRESENTATION_CONTEXT(2) 
PARAMETRIC_REPRESENTATION_CONTEXT() REPRESENTATION_CONTEXT('2D SPACE',''
  ) );
#6816 = ORIENTED_EDGE('',*,*,#2812,.F.);
#6817 = ORIENTED_EDGE('',*,*,#6818,.F.);
#6818 = EDGE_CURVE('',#2855,#2787,#6819,.T.);
#6819 = SURFACE_CURVE('',#6820,(#6825,#6832),.PCURVE_S1.);
#6820 = CIRCLE('',#6821,15.);
#6821 = AXIS2_PLACEMENT_3D('',#6822,#6823,#6824);
#6822 = CARTESIAN_POINT('',(100.,0.,0.));
#6823 = DIRECTION('',(1.,0.,0.));
#6824 = DIRECTION('',(-0.,0.,1.));
#6825 = PCURVE('',#1033,#6826);
#6826 = DEFINITIONAL_REPRESENTATION('',(#6827),#6831);
#6827 = LINE('',#6828,#6829);
#6828 = CARTESIAN_POINT('',(0.,65.));
#6829 = VECTOR('',#6830,1.);
#6830 = DIRECTION('',(1.,0.));
#6831 = ( GEOMETRIC_REPRESENTATION_CONTEXT(2) 
PARAMETRIC_REPRESENTATION_CONTEXT() REPRESENTATION_CONTEXT('2D SPACE',''
  ) );
#6832 = PCURVE('',#2801,#6833);
#6833 = DEFINITIONAL_REPRESENTATION('',(#6834),#6838);
#6834 = CIRCLE('',#6835,15.);
#6835 = AXIS2_PLACEMENT_2D('',#6836,#6837);
#6836 = CARTESIAN_POINT('',(0.,0.));
#6837 = DIRECTION('',(1.,0.));
#6838 = ( GEOMETRIC_REPRESENTATION_CONTEXT(2) 
PARAMETRIC_REPRESENTATION_CONTEXT() REPRESENTATION_CONTEXT('2D SPACE',''
  ) );
#6839 = ORIENTED_EDGE('',*,*,#2854,.T.);
#6840 = FACE_BOUND('',#6841,.F.);
#6841 = EDGE_LOOP('',(#6842));
#6842 = ORIENTED_EDGE('',*,*,#6843,.T.);
#6843 = EDGE_CURVE('',#6844,#6844,#6846,.T.);
#6844 = VERTEX_POINT('',#6845);
#6845 = CARTESIAN_POINT('',(72.1,-5.143516556419E-16,-15.));
#6846 = SURFACE_CURVE('',#6847,(#6898,#6952),.PCURVE_S1.);
#6847 = B_SPLINE_CURVE_WITH_KNOTS('',7,(#6848,#6849,#6850,#6851,#6852,
    #6853,#6854,#6855,#6856,#6857,#6858,#6859,#6860,#6861,#6862,#6863,
    #6864,#6865,#6866,#6867,#6868,#6869,#6870,#6871,#6872,#6873,#6874,
    #6875,#6876,#6877,#6878,#6879,#6880,#6881,#6882,#6883,#6884,#6885,
    #6886,#6887,#6888,#6889,#6890,#6891,#6892,#6893,#6894,#6895,#6896,
    #6897),.UNSPECIFIED.,.T.,.F.,(8,6,6,6,6,6,6,6,8),(0.,0.122716135886,
    0.250005587342,0.37730185834,0.500000924029,0.622729310039,
    0.75002747809,0.877325336514,1.),.UNSPECIFIED.);
#6848 = CARTESIAN_POINT('',(72.1,-1.33226762955E-15,-15.));
#6849 = CARTESIAN_POINT('',(72.1,0.279114841086,-15.));
#6850 = CARTESIAN_POINT('',(72.056719856138,0.550621833632,
    -14.99394058823));
#6851 = CARTESIAN_POINT('',(71.97440314705,0.806764978539,
    -14.98241728871));
#6852 = CARTESIAN_POINT('',(71.858731309421,1.041123175926,
    -14.96699160453));
#6853 = CARTESIAN_POINT('',(71.716777447742,1.248816226172,
    -14.94978966022));
#6854 = CARTESIAN_POINT('',(71.556927443575,1.426969220229,
    -14.9327152988));
#6855 = CARTESIAN_POINT('',(71.214315032154,1.729022692112,
    -14.90081861724));
#6856 = CARTESIAN_POINT('',(71.026203302003,1.854812629014,
    -14.88566483757));
#6857 = CARTESIAN_POINT('',(70.828882909753,1.953784201403,
    -14.8726902789));
#6858 = CARTESIAN_POINT('',(70.62546965437,2.027106735307,
    -14.86257921381));
#6859 = CARTESIAN_POINT('',(70.418288884081,2.075681346837,
    -14.85571100596));
#6860 = CARTESIAN_POINT('',(70.209223235024,2.1,-14.85227255338));
#6861 = CARTESIAN_POINT('',(69.790765555825,2.1,-14.85227255338));
#6862 = CARTESIAN_POINT('',(69.581701995711,2.075678785534,
    -14.85571136503));
#6863 = CARTESIAN_POINT('',(69.374527561739,2.027104384878,
    -14.86257955456));
#6864 = CARTESIAN_POINT('',(69.171118824007,1.953784303542,
    -14.87269019934));
#6865 = CARTESIAN_POINT('',(68.973798738612,1.854814276428,
    -14.88566465942));
#6866 = CARTESIAN_POINT('',(68.785685210636,1.729022906161,
    -14.90081859464));
#6867 = CARTESIAN_POINT('',(68.443104723847,1.426997579627,
    -14.93271230406));
#6868 = CARTESIAN_POINT('',(68.283240849849,1.248846638305,
    -14.94978711743));
#6869 = CARTESIAN_POINT('',(68.141259143622,1.041127821907,
    -14.96699221715));
#6870 = CARTESIAN_POINT('',(68.025570345575,0.806727799118,
    -14.98242098978));
#6871 = CARTESIAN_POINT('',(67.943259460365,0.550550223873,
    -14.99394348792));
#6872 = CARTESIAN_POINT('',(67.9,0.27904815939,-15.));
#6873 = CARTESIAN_POINT('',(67.9,-0.279114841086,-15.));
#6874 = CARTESIAN_POINT('',(67.943280143862,-0.550621833631,
    -14.99394058823));
#6875 = CARTESIAN_POINT('',(68.025596852951,-0.80676497854,
    -14.98241728871));
#6876 = CARTESIAN_POINT('',(68.141268690578,-1.041123175926,
    -14.96699160453));
#6877 = CARTESIAN_POINT('',(68.283222552258,-1.248816226172,
    -14.94978966022));
#6878 = CARTESIAN_POINT('',(68.443072556425,-1.426969220229,
    -14.9327152988));
#6879 = CARTESIAN_POINT('',(68.785679500338,-1.729017871856,
    -14.90081912626));
#6880 = CARTESIAN_POINT('',(68.9737959696,-1.854814467231,
    -14.88566476047));
#6881 = CARTESIAN_POINT('',(69.171122959857,-1.953787403224,
    -14.87268975536));
#6882 = CARTESIAN_POINT('',(69.374534706006,-2.027106265677,
    -14.86257928826));
#6883 = CARTESIAN_POINT('',(69.581706220102,-2.075678646908,
    -14.85571138535));
#6884 = CARTESIAN_POINT('',(69.79076505369,-2.1,-14.85227255338));
#6885 = CARTESIAN_POINT('',(70.209234437388,-2.1,-14.85227255338));
#6886 = CARTESIAN_POINT('',(70.418298020868,-2.075678787251,
    -14.85571136488));
#6887 = CARTESIAN_POINT('',(70.625472426288,-2.027104376749,
    -14.86257955539));
#6888 = CARTESIAN_POINT('',(70.828881170035,-1.953784318804,
    -14.87269019772));
#6889 = CARTESIAN_POINT('',(71.026201274602,-1.854814262741,
    -14.88566466089));
#6890 = CARTESIAN_POINT('',(71.214314783462,-1.729022911364,
    -14.90081859409));
#6891 = CARTESIAN_POINT('',(71.556859746022,-1.42702890365,
    -14.93270899626));
#6892 = CARTESIAN_POINT('',(71.71674862236,-1.248871651566,
    -14.94978520486));
#6893 = CARTESIAN_POINT('',(71.858760923557,-1.041116958037,
    -14.9669942657));
#6894 = CARTESIAN_POINT('',(71.974460649573,-0.806673727464,
    -14.98242535667));
#6895 = CARTESIAN_POINT('',(72.05676028448,-0.550471778571,
    -14.99394624532));
#6896 = CARTESIAN_POINT('',(72.1,-0.278984464685,-15.));
#6897 = CARTESIAN_POINT('',(72.1,-1.33226762955E-15,-15.));
#6898 = PCURVE('',#1033,#6899);
#6899 = DEFINITIONAL_REPRESENTATION('',(#6900),#6951);
#6900 = B_SPLINE_CURVE_WITH_KNOTS('',7,(#6901,#6902,#6903,#6904,#6905,
    #6906,#6907,#6908,#6909,#6910,#6911,#6912,#6913,#6914,#6915,#6916,
    #6917,#6918,#6919,#6920,#6921,#6922,#6923,#6924,#6925,#6926,#6927,
    #6928,#6929,#6930,#6931,#6932,#6933,#6934,#6935,#6936,#6937,#6938,
    #6939,#6940,#6941,#6942,#6943,#6944,#6945,#6946,#6947,#6948,#6949,
    #6950),.UNSPECIFIED.,.T.,.F.,(8,6,6,6,6,6,6,6,8),(0.,0.122716135886,
    0.250005587342,0.37730185834,0.500000924029,0.622729310039,
    0.75002747809,0.877325336514,1.),.UNSPECIFIED.);
#6901 = CARTESIAN_POINT('',(3.14159265359,37.1));
#6902 = CARTESIAN_POINT('',(3.160200309662,37.1));
#6903 = CARTESIAN_POINT('',(3.17830078725,37.056719856138));
#6904 = CARTESIAN_POINT('',(3.195387456318,36.97440314705));
#6905 = CARTESIAN_POINT('',(3.211040514867,36.858731309421));
#6906 = CARTESIAN_POINT('',(3.224932241537,36.716777447743));
#6907 = CARTESIAN_POINT('',(3.236862964266,36.556927443575));
#6908 = CARTESIAN_POINT('',(3.257111826859,36.214315032154));
#6909 = CARTESIAN_POINT('',(3.265557545504,36.026203302003));
#6910 = CARTESIAN_POINT('',(3.272211790023,35.828882909753));
#6911 = CARTESIAN_POINT('',(3.277146178834,35.62546965437));
#6912 = CARTESIAN_POINT('',(3.280416699794,35.418288884081));
#6913 = CARTESIAN_POINT('',(3.2820540683,35.209223235024));
#6914 = CARTESIAN_POINT('',(3.2820540683,34.790765555825));
#6915 = CARTESIAN_POINT('',(3.280416527395,34.581701995711));
#6916 = CARTESIAN_POINT('',(3.27714602046,34.374527561739));
#6917 = CARTESIAN_POINT('',(3.272211797511,34.171118824007));
#6918 = CARTESIAN_POINT('',(3.265557655929,33.973798738612));
#6919 = CARTESIAN_POINT('',(3.257111841208,33.785685210636));
#6920 = CARTESIAN_POINT('',(3.236864865405,33.443104723847));
#6921 = CARTESIAN_POINT('',(3.224934275892,33.283240849849));
#6922 = CARTESIAN_POINT('',(3.211040818457,33.141259143622));
#6923 = CARTESIAN_POINT('',(3.195384969728,33.025570345575));
#6924 = CARTESIAN_POINT('',(3.178296013251,32.943259460365));
#6925 = CARTESIAN_POINT('',(3.160195864216,32.9));
#6926 = CARTESIAN_POINT('',(3.122984997517,32.9));
#6927 = CARTESIAN_POINT('',(3.104884519929,32.943280143862));
#6928 = CARTESIAN_POINT('',(3.087797850862,33.02559685295));
#6929 = CARTESIAN_POINT('',(3.072144792312,33.141268690579));
#6930 = CARTESIAN_POINT('',(3.058253065643,33.283222552258));
#6931 = CARTESIAN_POINT('',(3.046322342914,33.443072556425));
#6932 = CARTESIAN_POINT('',(3.026073803458,33.785679500338));
#6933 = CARTESIAN_POINT('',(3.017627639325,33.9737959696));
#6934 = CARTESIAN_POINT('',(3.010973301129,34.171122959857));
#6935 = CARTESIAN_POINT('',(3.006039159958,34.374534706006));
#6936 = CARTESIAN_POINT('',(3.002768789165,34.581706220102));
#6937 = CARTESIAN_POINT('',(3.00113123888,34.79076505369));
#6938 = CARTESIAN_POINT('',(3.00113123888,35.209234437388));
#6939 = CARTESIAN_POINT('',(3.00276877967,35.418298020868));
#6940 = CARTESIAN_POINT('',(3.006039287265,35.625472426288));
#6941 = CARTESIAN_POINT('',(3.010973508645,35.828881170035));
#6942 = CARTESIAN_POINT('',(3.017627652168,36.026201274602));
#6943 = CARTESIAN_POINT('',(3.026073465622,36.214314783462));
#6944 = CARTESIAN_POINT('',(3.046318341895,36.556859746022));
#6945 = CARTESIAN_POINT('',(3.058249359539,36.71674862236));
#6946 = CARTESIAN_POINT('',(3.072145222575,36.858760923557));
#6947 = CARTESIAN_POINT('',(3.08780395022,36.974460649573));
#6948 = CARTESIAN_POINT('',(3.104894523389,37.05676028448));
#6949 = CARTESIAN_POINT('',(3.122993689277,37.1));
#6950 = CARTESIAN_POINT('',(3.14159265359,37.1));
#6951 = ( GEOMETRIC_REPRESENTATION_CONTEXT(2) 
PARAMETRIC_REPRESENTATION_CONTEXT() REPRESENTATION_CONTEXT('2D SPACE',''
  ) );
#6952 = PCURVE('',#6953,#6958);
#6953 = CYLINDRICAL_SURFACE('',#6954,2.1);
#6954 = AXIS2_PLACEMENT_3D('',#6955,#6956,#6957);
#6955 = CARTESIAN_POINT('',(70.,0.,-20.));
#6956 = DIRECTION('',(0.,0.,1.));
#6957 = DIRECTION('',(1.,0.,-0.));
#6958 = DEFINITIONAL_REPRESENTATION('',(#6959),#7010);
#6959 = B_SPLINE_CURVE_WITH_KNOTS('',7,(#6960,#6961,#6962,#6963,#6964,
    #6965,#6966,#6967,#6968,#6969,#6970,#6971,#6972,#6973,#6974,#6975,
    #6976,#6977,#6978,#6979,#6980,#6981,#6982,#6983,#6984,#6985,#6986,
    #6987,#6988,#6989,#6990,#6991,#6992,#6993,#6994,#6995,#6996,#6997,
    #6998,#6999,#7000,#7001,#7002,#7003,#7004,#7005,#7006,#7007,#7008,
    #7009),.UNSPECIFIED.,.F.,.F.,(8,6,6,6,6,6,6,6,8),(0.,0.122716135886,
    0.250005587342,0.37730185834,0.500000924029,0.622729310039,
    0.75002747809,0.877325336514,1.),.UNSPECIFIED.);
#6960 = CARTESIAN_POINT('',(0.,5.));
#6961 = CARTESIAN_POINT('',(0.132911829089,5.));
#6962 = CARTESIAN_POINT('',(0.262200783289,5.006059411762));
#6963 = CARTESIAN_POINT('',(0.388008999379,5.017582711289));
#6964 = CARTESIAN_POINT('',(0.51017263393,5.033008395469));
#6965 = CARTESIAN_POINT('',(0.628269582204,5.050210339774));
#6966 = CARTESIAN_POINT('',(0.741469619685,5.067284701199));
#6967 = CARTESIAN_POINT('',(0.95896909936,5.099181382754));
#6968 = CARTESIAN_POINT('',(1.065774497183,5.114335162424));
#6969 = CARTESIAN_POINT('',(1.169640913773,5.127309721099));
#6970 = CARTESIAN_POINT('',(1.271337781005,5.137420786188));
#6971 = CARTESIAN_POINT('',(1.371611295788,5.144288994037));
#6972 = CARTESIAN_POINT('',(1.471166214879,5.147727446616));
#6973 = CARTESIAN_POINT('',(1.670431776402,5.147727446616));
#6974 = CARTESIAN_POINT('',(1.769985685999,5.144288634961));
#6975 = CARTESIAN_POINT('',(1.870256478069,5.137420445431));
#6976 = CARTESIAN_POINT('',(1.971951047195,5.127309800656));
#6977 = CARTESIAN_POINT('',(2.07581691647,5.114335340572));
#6978 = CARTESIAN_POINT('',(2.1826234001,5.099181405357));
#6979 = CARTESIAN_POINT('',(2.400102613169,5.067287695936));
#6980 = CARTESIAN_POINT('',(2.513306961949,5.05021288257));
#6981 = CARTESIAN_POINT('',(2.631420806018,5.033007782845));
#6982 = CARTESIAN_POINT('',(2.753604070727,5.017579010214));
#6983 = CARTESIAN_POINT('',(2.879425977551,5.006056512078));
#6984 = CARTESIAN_POINT('',(3.00871257769,5.));
#6985 = CARTESIAN_POINT('',(3.274504482679,5.));
#6986 = CARTESIAN_POINT('',(3.403793436878,5.006059411762));
#6987 = CARTESIAN_POINT('',(3.529601652969,5.017582711289));
#6988 = CARTESIAN_POINT('',(3.65176528752,5.033008395469));
#6989 = CARTESIAN_POINT('',(3.769862235794,5.050210339774));
#6990 = CARTESIAN_POINT('',(3.883062273274,5.067284701199));
#6991 = CARTESIAN_POINT('',(4.10055828203,5.099180873737));
#6992 = CARTESIAN_POINT('',(4.207367459136,5.114335239521));
#6993 = CARTESIAN_POINT('',(4.311236508754,5.127310244634));
#6994 = CARTESIAN_POINT('',(4.41293224598,5.137420711731));
#6995 = CARTESIAN_POINT('',(4.513201622414,5.144288614644));
#6996 = CARTESIAN_POINT('',(4.612753291666,5.147727446616));
#6997 = CARTESIAN_POINT('',(4.81202442676,5.147727446616));
#6998 = CARTESIAN_POINT('',(4.911578347078,5.144288635115));
#6999 = CARTESIAN_POINT('',(5.011849127536,5.13742044461));
#7000 = CARTESIAN_POINT('',(5.113543695229,5.127309802272));
#7001 = CARTESIAN_POINT('',(5.217409578747,5.114335339108));
#7002 = CARTESIAN_POINT('',(5.324216049943,5.099181405907));
#7003 = CARTESIAN_POINT('',(5.541672711286,5.067291003736));
#7004 = CARTESIAN_POINT('',(5.654887988965,5.050214795134));
#7005 = CARTESIAN_POINT('',(5.773022741937,5.033005734296));
#7006 = CARTESIAN_POINT('',(5.895225063659,5.017574643326));
#7007 = CARTESIAN_POINT('',(6.021055992288,5.006053754678));
#7008 = CARTESIAN_POINT('',(6.150335562091,5.));
#7009 = CARTESIAN_POINT('',(6.28318530718,5.));
#7010 = ( GEOMETRIC_REPRESENTATION_CONTEXT(2) 
PARAMETRIC_REPRESENTATION_CONTEXT() REPRESENTATION_CONTEXT('2D SPACE',''
  ) );
#7011 = ADVANCED_FACE('',(#7012),#1195,.F.);
#7012 = FACE_BOUND('',#7013,.F.);
#7013 = EDGE_LOOP('',(#7014,#7015,#7016,#7017));
#7014 = ORIENTED_EDGE('',*,*,#1180,.F.);
#7015 = ORIENTED_EDGE('',*,*,#6425,.T.);
#7016 = ORIENTED_EDGE('',*,*,#2833,.T.);
#7017 = ORIENTED_EDGE('',*,*,#6795,.T.);
#7018 = ADVANCED_FACE('',(#7019),#1007,.F.);
#7019 = FACE_BOUND('',#7020,.F.);
#7020 = EDGE_LOOP('',(#7021,#7022,#7023,#7024,#7025));
#7021 = ORIENTED_EDGE('',*,*,#6152,.F.);
#7022 = ORIENTED_EDGE('',*,*,#992,.T.);
#7023 = ORIENTED_EDGE('',*,*,#6587,.F.);
#7024 = ORIENTED_EDGE('',*,*,#6679,.F.);
#7025 = ORIENTED_EDGE('',*,*,#1091,.T.);
#7026 = ADVANCED_FACE('',(#7027),#1059,.T.);
#7027 = FACE_BOUND('',#7028,.T.);
#7028 = EDGE_LOOP('',(#7029,#7030,#7031,#7032));
#7029 = ORIENTED_EDGE('',*,*,#1044,.F.);
#7030 = ORIENTED_EDGE('',*,*,#6610,.T.);
#7031 = ORIENTED_EDGE('',*,*,#2702,.T.);
#7032 = ORIENTED_EDGE('',*,*,#6656,.T.);
#7033 = ADVANCED_FACE('',(#7034,#7082),#1265,.T.);
#7034 = FACE_BOUND('',#7035,.T.);
#7035 = EDGE_LOOP('',(#7036,#7037,#7059,#7060));
#7036 = ORIENTED_EDGE('',*,*,#1248,.T.);
#7037 = ORIENTED_EDGE('',*,*,#7038,.F.);
#7038 = EDGE_CURVE('',#1397,#1251,#7039,.T.);
#7039 = SURFACE_CURVE('',#7040,(#7045,#7052),.PCURVE_S1.);
#7040 = CIRCLE('',#7041,17.);
#7041 = AXIS2_PLACEMENT_3D('',#7042,#7043,#7044);
#7042 = CARTESIAN_POINT('',(-50.,86.6,0.));
#7043 = DIRECTION('',(-0.500011000363,0.866019052629,0.));
#7044 = DIRECTION('',(0.866019052629,0.500011000363,0.));
#7045 = PCURVE('',#1265,#7046);
#7046 = DEFINITIONAL_REPRESENTATION('',(#7047),#7051);
#7047 = LINE('',#7048,#7049);
#7048 = CARTESIAN_POINT('',(0.,59.99867998548));
#7049 = VECTOR('',#7050,1.);
#7050 = DIRECTION('',(1.,0.));
#7051 = ( GEOMETRIC_REPRESENTATION_CONTEXT(2) 
PARAMETRIC_REPRESENTATION_CONTEXT() REPRESENTATION_CONTEXT('2D SPACE',''
  ) );
#7052 = PCURVE('',#1432,#7053);
#7053 = DEFINITIONAL_REPRESENTATION('',(#7054),#7058);
#7054 = CIRCLE('',#7055,17.);
#7055 = AXIS2_PLACEMENT_2D('',#7056,#7057);
#7056 = CARTESIAN_POINT('',(0.,0.));
#7057 = DIRECTION('',(1.,0.));
#7058 = ( GEOMETRIC_REPRESENTATION_CONTEXT(2) 
PARAMETRIC_REPRESENTATION_CONTEXT() REPRESENTATION_CONTEXT('2D SPACE',''
  ) );
#7059 = ORIENTED_EDGE('',*,*,#1396,.F.);
#7060 = ORIENTED_EDGE('',*,*,#7061,.T.);
#7061 = EDGE_CURVE('',#1376,#1249,#7062,.T.);
#7062 = SURFACE_CURVE('',#7063,(#7068,#7075),.PCURVE_S1.);
#7063 = CIRCLE('',#7064,17.);
#7064 = AXIS2_PLACEMENT_3D('',#7065,#7066,#7067);
#7065 = CARTESIAN_POINT('',(-20.,34.64,0.));
#7066 = DIRECTION('',(-0.500011000363,0.866019052629,0.));
#7067 = DIRECTION('',(0.866019052629,0.500011000363,0.));
#7068 = PCURVE('',#1265,#7069);
#7069 = DEFINITIONAL_REPRESENTATION('',(#7070),#7074);
#7070 = LINE('',#7071,#7072);
#7071 = CARTESIAN_POINT('',(0.,0.));
#7072 = VECTOR('',#7073,1.);
#7073 = DIRECTION('',(1.,0.));
#7074 = ( GEOMETRIC_REPRESENTATION_CONTEXT(2) 
PARAMETRIC_REPRESENTATION_CONTEXT() REPRESENTATION_CONTEXT('2D SPACE',''
  ) );
#7075 = PCURVE('',#1291,#7076);
#7076 = DEFINITIONAL_REPRESENTATION('',(#7077),#7081);
#7077 = CIRCLE('',#7078,17.);
#7078 = AXIS2_PLACEMENT_2D('',#7079,#7080);
#7079 = CARTESIAN_POINT('',(0.,0.));
#7080 = DIRECTION('',(1.,0.));
#7081 = ( GEOMETRIC_REPRESENTATION_CONTEXT(2) 
PARAMETRIC_REPRESENTATION_CONTEXT() REPRESENTATION_CONTEXT('2D SPACE',''
  ) );
#7082 = FACE_BOUND('',#7083,.T.);
#7083 = EDGE_LOOP('',(#7084));
#7084 = ORIENTED_EDGE('',*,*,#7085,.F.);
#7085 = EDGE_CURVE('',#7086,#7086,#7088,.T.);
#7086 = VERTEX_POINT('',#7087);
#7087 = CARTESIAN_POINT('',(-32.9,60.62,16.902442087229));
#7088 = SURFACE_CURVE('',#7089,(#7140,#7194),.PCURVE_S1.);
#7089 = B_SPLINE_CURVE_WITH_KNOTS('',7,(#7090,#7091,#7092,#7093,#7094,
    #7095,#7096,#7097,#7098,#7099,#7100,#7101,#7102,#7103,#7104,#7105,
    #7106,#7107,#7108,#7109,#7110,#7111,#7112,#7113,#7114,#7115,#7116,
    #7117,#7118,#7119,#7120,#7121,#7122,#7123,#7124,#7125,#7126,#7127,
    #7128,#7129,#7130,#7131,#7132,#7133,#7134,#7135,#7136,#7137,#7138,
    #7139),.UNSPECIFIED.,.T.,.F.,(8,6,6,6,6,6,6,6,8),(0.,0.103292772628,
    0.251740046601,0.38275248421,0.493699007666,0.625008251486,
    0.742241075894,0.855222380729,1.),.UNSPECIFIED.);
#7090 = CARTESIAN_POINT('',(-32.9,60.62,16.902442087229));
#7091 = CARTESIAN_POINT('',(-32.9,60.781573277338,16.893749553628));
#7092 = CARTESIAN_POINT('',(-32.91450303931,60.940051055339,
    16.88611921212));
#7093 = CARTESIAN_POINT('',(-32.94251032529,61.094573438624,
    16.879789906465));
#7094 = CARTESIAN_POINT('',(-32.98321400943,61.244458127924,
    16.874919925936));
#7095 = CARTESIAN_POINT('',(-33.03597732532,61.389121042775,
    16.871606671978));
#7096 = CARTESIAN_POINT('',(-33.10031639901,61.527999876211,
    16.869898549304));
#7097 = CARTESIAN_POINT('',(-33.28448537241,61.850875311327,
    16.869656131142));
#7098 = CARTESIAN_POINT('',(-33.41613790931,62.027811881687,
    16.872835665499));
#7099 = CARTESIAN_POINT('',(-33.56978548547,62.189667573462,
    16.879332900002));
#7100 = CARTESIAN_POINT('',(-33.7448839106,62.334296938823,
    16.88895923357));
#7101 = CARTESIAN_POINT('',(-33.94103760083,62.458810477395,
    16.90132758746));
#7102 = CARTESIAN_POINT('',(-34.1576132039,62.559296712551,
    16.915712237089));
#7103 = CARTESIAN_POINT('',(-34.60085170973,62.693112163993,
    16.944369153142));
#7104 = CARTESIAN_POINT('',(-34.82833270245,62.734449226795,
    16.958778828556));
#7105 = CARTESIAN_POINT('',(-35.07054995597,62.747147617829,
    16.973077650758));
#7106 = CARTESIAN_POINT('',(-35.32121403405,62.726100353663,
    16.98573705069));
#7107 = CARTESIAN_POINT('',(-35.57314405636,62.668201507128,
    16.99510315327));
#7108 = CARTESIAN_POINT('',(-35.81869256348,62.572202676388,17.));
#7109 = CARTESIAN_POINT('',(-36.24592296606,62.325533852724,17.));
#7110 = CARTESIAN_POINT('',(-36.42760122615,62.187812883576,
    16.99648868398));
#7111 = CARTESIAN_POINT('',(-36.59133077783,62.027635121143,
    16.989464764443));
#7112 = CARTESIAN_POINT('',(-36.73384309853,61.847836855003,
    16.979329064184));
#7113 = CARTESIAN_POINT('',(-36.85242003226,61.651823719091,
    16.966862686837));
#7114 = CARTESIAN_POINT('',(-36.94501143136,61.443457865244,
    16.953101961646));
#7115 = CARTESIAN_POINT('',(-37.08774313931,60.970685937305,
    16.922550359445));
#7116 = CARTESIAN_POINT('',(-37.12355299676,60.714347508158,
    16.906399662933));
#7117 = CARTESIAN_POINT('',(-37.12277120501,60.463546530974,
    16.892273573585));
#7118 = CARTESIAN_POINT('',(-37.08938252764,60.221603655266,
    16.881167681271));
#7119 = CARTESIAN_POINT('',(-37.02637860994,59.990766044531,
    16.873591333348));
#7120 = CARTESIAN_POINT('',(-36.93578626737,59.772874216103,
    16.869795493722));
#7121 = CARTESIAN_POINT('',(-36.71405189349,59.388830280545,
    16.869795493722));
#7122 = CARTESIAN_POINT('',(-36.5884979107,59.219982933015,
    16.872821225281));
#7123 = CARTESIAN_POINT('',(-36.44288687192,59.064875171096,
    16.87886453764));
#7124 = CARTESIAN_POINT('',(-36.27771449456,58.925372064538,
    16.887763427069));
#7125 = CARTESIAN_POINT('',(-36.09334106325,58.803941586548,
    16.899189278446));
#7126 = CARTESIAN_POINT('',(-35.89029685743,58.703883715466,
    16.912543109017));
#7127 = CARTESIAN_POINT('',(-35.45727852054,58.55816306808,
    16.940660624667));
#7128 = CARTESIAN_POINT('',(-35.22303131473,58.508802511734,
    16.955713808497));
#7129 = CARTESIAN_POINT('',(-34.9721431806,58.489721117601,
    16.970884385458));
#7130 = CARTESIAN_POINT('',(-34.71131036124,58.506749568455,
    16.984493160459));
#7131 = CARTESIAN_POINT('',(-34.44831958213,58.563567934345,
    16.994657900753));
#7132 = CARTESIAN_POINT('',(-34.19159571128,58.66185721116,17.));
#7133 = CARTESIAN_POINT('',(-33.64035933524,58.98012301719,17.));
#7134 = CARTESIAN_POINT('',(-33.38074606637,59.212011235968,
    16.991227628178));
#7135 = CARTESIAN_POINT('',(-33.1770356672,59.479803335472,
    16.975165103138));
#7136 = CARTESIAN_POINT('',(-33.03079895598,59.768285639704,
    16.955165754306));
#7137 = CARTESIAN_POINT('',(-32.94031352679,60.06294376223,
    16.934900657024));
#7138 = CARTESIAN_POINT('',(-32.9,60.350623657426,16.916934353201));
#7139 = CARTESIAN_POINT('',(-32.9,60.62,16.902442087229));
#7140 = PCURVE('',#1265,#7141);
#7141 = DEFINITIONAL_REPRESENTATION('',(#7142),#7193);
#7142 = B_SPLINE_CURVE_WITH_KNOTS('',7,(#7143,#7144,#7145,#7146,#7147,
    #7148,#7149,#7150,#7151,#7152,#7153,#7154,#7155,#7156,#7157,#7158,
    #7159,#7160,#7161,#7162,#7163,#7164,#7165,#7166,#7167,#7168,#7169,
    #7170,#7171,#7172,#7173,#7174,#7175,#7176,#7177,#7178,#7179,#7180,
    #7181,#7182,#7183,#7184,#7185,#7186,#7187,#7188,#7189,#7190,#7191,
    #7192),.UNSPECIFIED.,.T.,.F.,(8,6,6,6,6,6,6,6,8),(0.,0.103292772628,
    0.251740046601,0.38275248421,0.493699007666,0.625008251486,
    0.742241075894,0.855222380729,1.),.UNSPECIFIED.);
#7143 = CARTESIAN_POINT('',(4.819572915257,28.949316891978));
#7144 = CARTESIAN_POINT('',(4.824352604229,29.089242428548));
#7145 = CARTESIAN_POINT('',(4.828300507676,29.233738882912));
#7146 = CARTESIAN_POINT('',(4.831440739809,29.381562161974));
#7147 = CARTESIAN_POINT('',(4.833793176806,29.53171744843));
#7148 = CARTESIAN_POINT('',(4.835372249596,29.683380527261));
#7149 = CARTESIAN_POINT('',(4.836185661011,29.835822487622));
#7150 = CARTESIAN_POINT('',(4.836301099816,30.207525278682));
#7151 = CARTESIAN_POINT('',(4.834786953126,30.426583436398));
#7152 = CARTESIAN_POINT('',(4.831696631982,30.64357902751));
#7153 = CARTESIAN_POINT('',(4.826996410961,30.856381952193));
#7154 = CARTESIAN_POINT('',(4.820624732566,31.062292051781));
#7155 = CARTESIAN_POINT('',(4.812504036019,31.257605229901));
#7156 = CARTESIAN_POINT('',(4.793784231094,31.595116089084));
#7157 = CARTESIAN_POINT('',(4.783377467641,31.744657771787));
#7158 = CARTESIAN_POINT('',(4.771383591255,31.876766111597));
#7159 = CARTESIAN_POINT('',(4.757977395693,31.983873576259));
#7160 = CARTESIAN_POINT('',(4.743434258493,32.059699854509));
#7161 = CARTESIAN_POINT('',(4.728101889497,32.09933999274));
#7162 = CARTESIAN_POINT('',(4.699082666334,32.09933999274));
#7163 = CARTESIAN_POINT('',(4.685776841749,32.070912138084));
#7164 = CARTESIAN_POINT('',(4.672721060592,32.01406172093));
#7165 = CARTESIAN_POINT('',(4.660161243324,31.929610724865));
#7166 = CARTESIAN_POINT('',(4.648334242617,31.81914938585));
#7167 = CARTESIAN_POINT('',(4.637459268709,31.684997304591));
#7168 = CARTESIAN_POINT('',(4.61620670351,31.346935231524));
#7169 = CARTESIAN_POINT('',(4.606796137388,31.142846590607));
#7170 = CARTESIAN_POINT('',(4.599412816647,30.925257261477));
#7171 = CARTESIAN_POINT('',(4.593958373362,30.699035415491));
#7172 = CARTESIAN_POINT('',(4.590350810672,30.467622994618));
#7173 = CARTESIAN_POINT('',(4.588543225009,30.233627351949));
#7174 = CARTESIAN_POINT('',(4.588543225009,29.790168360611));
#7175 = CARTESIAN_POINT('',(4.589984060576,29.581164968133));
#7176 = CARTESIAN_POINT('',(4.592861771549,29.374031569935));
#7177 = CARTESIAN_POINT('',(4.597204546471,29.170631216119));
#7178 = CARTESIAN_POINT('',(4.603063850219,28.973281364777));
#7179 = CARTESIAN_POINT('',(4.610505392961,28.785105005586));
#7180 = CARTESIAN_POINT('',(4.62835514043,28.442394216785));
#7181 = CARTESIAN_POINT('',(4.638873367576,28.282520854832));
#7182 = CARTESIAN_POINT('',(4.651124206056,28.140549177035));
#7183 = CARTESIAN_POINT('',(4.66493251881,28.024876860977));
#7184 = CARTESIAN_POINT('',(4.680008213445,27.942584365827));
#7185 = CARTESIAN_POINT('',(4.695977249888,27.89933999274));
#7186 = CARTESIAN_POINT('',(4.733419462135,27.89933999274));
#7187 = CARTESIAN_POINT('',(4.753465158514,27.970350118006));
#7188 = CARTESIAN_POINT('',(4.771734186768,28.100405737849));
#7189 = CARTESIAN_POINT('',(4.787708133839,28.277116945391));
#7190 = CARTESIAN_POINT('',(4.801036437479,28.487052783543));
#7191 = CARTESIAN_POINT('',(4.811604177141,28.716031846981));
#7192 = CARTESIAN_POINT('',(4.819572915257,28.949316891978));
#7193 = ( GEOMETRIC_REPRESENTATION_CONTEXT(2) 
PARAMETRIC_REPRESENTATION_CONTEXT() REPRESENTATION_CONTEXT('2D SPACE',''
  ) );
#7194 = PCURVE('',#7195,#7200);
#7195 = CYLINDRICAL_SURFACE('',#7196,2.1);
#7196 = AXIS2_PLACEMENT_3D('',#7197,#7198,#7199);
#7197 = CARTESIAN_POINT('',(-35.,60.62,-20.));
#7198 = DIRECTION('',(0.,0.,1.));
#7199 = DIRECTION('',(1.,0.,-0.));
#7200 = DEFINITIONAL_REPRESENTATION('',(#7201),#7252);
#7201 = B_SPLINE_CURVE_WITH_KNOTS('',7,(#7202,#7203,#7204,#7205,#7206,
    #7207,#7208,#7209,#7210,#7211,#7212,#7213,#7214,#7215,#7216,#7217,
    #7218,#7219,#7220,#7221,#7222,#7223,#7224,#7225,#7226,#7227,#7228,
    #7229,#7230,#7231,#7232,#7233,#7234,#7235,#7236,#7237,#7238,#7239,
    #7240,#7241,#7242,#7243,#7244,#7245,#7246,#7247,#7248,#7249,#7250,
    #7251),.UNSPECIFIED.,.F.,.F.,(8,6,6,6,6,6,6,6,8),(0.,0.103292772628,
    0.251740046601,0.38275248421,0.493699007666,0.625008251486,
    0.742241075894,0.855222380729,1.),.UNSPECIFIED.);
#7202 = CARTESIAN_POINT('',(-8.881784197001E-16,36.902442087229));
#7203 = CARTESIAN_POINT('',(7.69396558752E-02,36.893749553628));
#7204 = CARTESIAN_POINT('',(0.152405456404,36.88611921212));
#7205 = CARTESIAN_POINT('',(0.22673074391,36.879789906465));
#7206 = CARTESIAN_POINT('',(0.300209118655,36.874919925936));
#7207 = CARTESIAN_POINT('',(0.373120125896,36.871606671978));
#7208 = CARTESIAN_POINT('',(0.445744978409,36.869898549304));
#7209 = CARTESIAN_POINT('',(0.622748736753,36.869656131142));
#7210 = CARTESIAN_POINT('',(0.726996736367,36.872835665499));
#7211 = CARTESIAN_POINT('',(0.832054940466,36.879332900002));
#7212 = CARTESIAN_POINT('',(0.938739558009,36.88895923357));
#7213 = CARTESIAN_POINT('',(1.047918813278,36.90132758746));
#7214 = CARTESIAN_POINT('',(1.160478683532,36.915712237089));
#7215 = CARTESIAN_POINT('',(1.380953818824,36.944369153142));
#7216 = CARTESIAN_POINT('',(1.49034441914,36.958778828556));
#7217 = CARTESIAN_POINT('',(1.604314080208,36.973077650758));
#7218 = CARTESIAN_POINT('',(1.722047880964,36.98573705069));
#7219 = CARTESIAN_POINT('',(1.843089059733,36.99510315327));
#7220 = CARTESIAN_POINT('',(1.96720806413,37.));
#7221 = CARTESIAN_POINT('',(2.202125584978,37.));
#7222 = CARTESIAN_POINT('',(2.309838918031,36.99648868398));
#7223 = CARTESIAN_POINT('',(2.41754059207,36.989464764443));
#7224 = CARTESIAN_POINT('',(2.525242867232,36.979329064184));
#7225 = CARTESIAN_POINT('',(2.632960470634,36.966862686837));
#7226 = CARTESIAN_POINT('',(2.740690615099,36.953101961646));
#7227 = CARTESIAN_POINT('',(2.975856227751,36.922550359445));
#7228 = CARTESIAN_POINT('',(3.097641560375,36.906399662933));
#7229 = CARTESIAN_POINT('',(3.215246448357,36.892273573585));
#7230 = CARTESIAN_POINT('',(3.329746093672,36.881167681271));
#7231 = CARTESIAN_POINT('',(3.442212685629,36.873591333348));
#7232 = CARTESIAN_POINT('',(3.553638722212,36.869795493722));
#7233 = CARTESIAN_POINT('',(3.764809670469,36.869795493722));
#7234 = CARTESIAN_POINT('',(3.864334927044,36.872821225281));
#7235 = CARTESIAN_POINT('',(3.964584732193,36.87886453764));
#7236 = CARTESIAN_POINT('',(4.066271117647,36.887763427069));
#7237 = CARTESIAN_POINT('',(4.170145713421,36.899189278446));
#7238 = CARTESIAN_POINT('',(4.276980544098,36.912543109017));
#7239 = CARTESIAN_POINT('',(4.494542476353,36.940660624667));
#7240 = CARTESIAN_POINT('',(4.607759909414,36.955713808497));
#7241 = CARTESIAN_POINT('',(4.72587642571,36.970884385458));
#7242 = CARTESIAN_POINT('',(4.848056786705,36.984493160459));
#7243 = CARTESIAN_POINT('',(4.973870598241,36.994657900753));
#7244 = CARTESIAN_POINT('',(5.103143592226,37.));
#7245 = CARTESIAN_POINT('',(5.406247215184,37.));
#7246 = CARTESIAN_POINT('',(5.568523569705,36.991227628178));
#7247 = CARTESIAN_POINT('',(5.724342085751,36.975165103138));
#7248 = CARTESIAN_POINT('',(5.87415595567,36.955165754306));
#7249 = CARTESIAN_POINT('',(6.017921462642,36.934900657024));
#7250 = CARTESIAN_POINT('',(6.154910858335,36.916934353201));
#7251 = CARTESIAN_POINT('',(6.28318530718,36.902442087229));
#7252 = ( GEOMETRIC_REPRESENTATION_CONTEXT(2) 
PARAMETRIC_REPRESENTATION_CONTEXT() REPRESENTATION_CONTEXT('2D SPACE',''
  ) );
#7253 = ADVANCED_FACE('',(#7254),#1432,.T.);
#7254 = FACE_BOUND('',#7255,.T.);
#7255 = EDGE_LOOP('',(#7256,#7257,#7258,#7259));
#7256 = ORIENTED_EDGE('',*,*,#1417,.T.);
#7257 = ORIENTED_EDGE('',*,*,#7038,.T.);
#7258 = ORIENTED_EDGE('',*,*,#1511,.T.);
#7259 = ORIENTED_EDGE('',*,*,#7260,.F.);
#7260 = EDGE_CURVE('',#1418,#1491,#7261,.T.);
#7261 = SURFACE_CURVE('',#7262,(#7267,#7274),.PCURVE_S1.);
#7262 = CIRCLE('',#7263,15.);
#7263 = AXIS2_PLACEMENT_3D('',#7264,#7265,#7266);
#7264 = CARTESIAN_POINT('',(-50.,86.6,0.));
#7265 = DIRECTION('',(-0.500011000363,0.866019052629,0.));
#7266 = DIRECTION('',(0.866019052629,0.500011000363,0.));
#7267 = PCURVE('',#1432,#7268);
#7268 = DEFINITIONAL_REPRESENTATION('',(#7269),#7273);
#7269 = CIRCLE('',#7270,15.);
#7270 = AXIS2_PLACEMENT_2D('',#7271,#7272);
#7271 = CARTESIAN_POINT('',(0.,0.));
#7272 = DIRECTION('',(1.,0.));
#7273 = ( GEOMETRIC_REPRESENTATION_CONTEXT(2) 
PARAMETRIC_REPRESENTATION_CONTEXT() REPRESENTATION_CONTEXT('2D SPACE',''
  ) );
#7274 = PCURVE('',#1317,#7275);
#7275 = DEFINITIONAL_REPRESENTATION('',(#7276),#7280);
#7276 = LINE('',#7277,#7278);
#7277 = CARTESIAN_POINT('',(0.,64.99856998427));
#7278 = VECTOR('',#7279,1.);
#7279 = DIRECTION('',(1.,0.));
#7280 = ( GEOMETRIC_REPRESENTATION_CONTEXT(2) 
PARAMETRIC_REPRESENTATION_CONTEXT() REPRESENTATION_CONTEXT('2D SPACE',''
  ) );
#7281 = ADVANCED_FACE('',(#7282,#7517,#7683),#1317,.F.);
#7282 = FACE_BOUND('',#7283,.F.);
#7283 = EDGE_LOOP('',(#7284,#7309,#7331,#7332,#7333,#7334,#7356,#7357,
    #7379,#7380,#7402,#7403,#7425,#7426,#7448,#7449,#7471,#7472,#7494,
    #7495));
#7284 = ORIENTED_EDGE('',*,*,#7285,.T.);
#7285 = EDGE_CURVE('',#7286,#7288,#7290,.T.);
#7286 = VERTEX_POINT('',#7287);
#7287 = CARTESIAN_POINT('',(-4.509714210569,37.810165005445,
    3.673940397442E-15));
#7288 = VERTEX_POINT('',#7289);
#7289 = CARTESIAN_POINT('',(-39.50971421056,98.430165005445,
    3.673940397442E-15));
#7290 = SEAM_CURVE('',#7291,(#7295,#7302),.PCURVE_S1.);
#7291 = LINE('',#7292,#7293);
#7292 = CARTESIAN_POINT('',(-4.509714210569,37.810165005445,
    3.673940397442E-15));
#7293 = VECTOR('',#7294,1.);
#7294 = DIRECTION('',(-0.500011000363,0.866019052629,0.));
#7295 = PCURVE('',#1317,#7296);
#7296 = DEFINITIONAL_REPRESENTATION('',(#7297),#7301);
#7297 = LINE('',#7298,#7299);
#7298 = CARTESIAN_POINT('',(6.28318530718,-0.));
#7299 = VECTOR('',#7300,1.);
#7300 = DIRECTION('',(0.,1.));
#7301 = ( GEOMETRIC_REPRESENTATION_CONTEXT(2) 
PARAMETRIC_REPRESENTATION_CONTEXT() REPRESENTATION_CONTEXT('2D SPACE',''
  ) );
#7302 = PCURVE('',#1317,#7303);
#7303 = DEFINITIONAL_REPRESENTATION('',(#7304),#7308);
#7304 = LINE('',#7305,#7306);
#7305 = CARTESIAN_POINT('',(0.,-0.));
#7306 = VECTOR('',#7307,1.);
#7307 = DIRECTION('',(0.,1.));
#7308 = ( GEOMETRIC_REPRESENTATION_CONTEXT(2) 
PARAMETRIC_REPRESENTATION_CONTEXT() REPRESENTATION_CONTEXT('2D SPACE',''
  ) );
#7309 = ORIENTED_EDGE('',*,*,#7310,.F.);
#7310 = EDGE_CURVE('',#1465,#7288,#7311,.T.);
#7311 = SURFACE_CURVE('',#7312,(#7317,#7324),.PCURVE_S1.);
#7312 = CIRCLE('',#7313,15.);
#7313 = AXIS2_PLACEMENT_3D('',#7314,#7315,#7316);
#7314 = CARTESIAN_POINT('',(-52.5,90.93,0.));
#7315 = DIRECTION('',(-0.500011000363,0.866019052629,0.));
#7316 = DIRECTION('',(0.866019052629,0.500011000363,0.));
#7317 = PCURVE('',#1317,#7318);
#7318 = DEFINITIONAL_REPRESENTATION('',(#7319),#7323);
#7319 = LINE('',#7320,#7321);
#7320 = CARTESIAN_POINT('',(0.,69.99845998306));
#7321 = VECTOR('',#7322,1.);
#7322 = DIRECTION('',(1.,0.));
#7323 = ( GEOMETRIC_REPRESENTATION_CONTEXT(2) 
PARAMETRIC_REPRESENTATION_CONTEXT() REPRESENTATION_CONTEXT('2D SPACE',''
  ) );
#7324 = PCURVE('',#1479,#7325);
#7325 = DEFINITIONAL_REPRESENTATION('',(#7326),#7330);
#7326 = CIRCLE('',#7327,15.);
#7327 = AXIS2_PLACEMENT_2D('',#7328,#7329);
#7328 = CARTESIAN_POINT('',(0.,0.));
#7329 = DIRECTION('',(1.,0.));
#7330 = ( GEOMETRIC_REPRESENTATION_CONTEXT(2) 
PARAMETRIC_REPRESENTATION_CONTEXT() REPRESENTATION_CONTEXT('2D SPACE',''
  ) );
#7331 = ORIENTED_EDGE('',*,*,#1490,.F.);
#7332 = ORIENTED_EDGE('',*,*,#7260,.F.);
#7333 = ORIENTED_EDGE('',*,*,#1443,.T.);
#7334 = ORIENTED_EDGE('',*,*,#7335,.F.);
#7335 = EDGE_CURVE('',#3082,#1444,#7336,.T.);
#7336 = SURFACE_CURVE('',#7337,(#7342,#7349),.PCURVE_S1.);
#7337 = CIRCLE('',#7338,15.);
#7338 = AXIS2_PLACEMENT_3D('',#7339,#7340,#7341);
#7339 = CARTESIAN_POINT('',(-52.5,90.93,0.));
#7340 = DIRECTION('',(-0.500011000363,0.866019052629,0.));
#7341 = DIRECTION('',(0.866019052629,0.500011000363,0.));
#7342 = PCURVE('',#1317,#7343);
#7343 = DEFINITIONAL_REPRESENTATION('',(#7344),#7348);
#7344 = LINE('',#7345,#7346);
#7345 = CARTESIAN_POINT('',(0.,69.99845998306));
#7346 = VECTOR('',#7347,1.);
#7347 = DIRECTION('',(1.,0.));
#7348 = ( GEOMETRIC_REPRESENTATION_CONTEXT(2) 
PARAMETRIC_REPRESENTATION_CONTEXT() REPRESENTATION_CONTEXT('2D SPACE',''
  ) );
#7349 = PCURVE('',#1479,#7350);
#7350 = DEFINITIONAL_REPRESENTATION('',(#7351),#7355);
#7351 = CIRCLE('',#7352,15.);
#7352 = AXIS2_PLACEMENT_2D('',#7353,#7354);
#7353 = CARTESIAN_POINT('',(0.,0.));
#7354 = DIRECTION('',(1.,0.));
#7355 = ( GEOMETRIC_REPRESENTATION_CONTEXT(2) 
PARAMETRIC_REPRESENTATION_CONTEXT() REPRESENTATION_CONTEXT('2D SPACE',''
  ) );
#7356 = ORIENTED_EDGE('',*,*,#3081,.F.);
#7357 = ORIENTED_EDGE('',*,*,#7358,.F.);
#7358 = EDGE_CURVE('',#3124,#3056,#7359,.T.);
#7359 = SURFACE_CURVE('',#7360,(#7365,#7372),.PCURVE_S1.);
#7360 = CIRCLE('',#7361,15.);
#7361 = AXIS2_PLACEMENT_3D('',#7362,#7363,#7364);
#7362 = CARTESIAN_POINT('',(-50.,86.6,0.));
#7363 = DIRECTION('',(-0.500011000363,0.866019052629,0.));
#7364 = DIRECTION('',(0.866019052629,0.500011000363,0.));
#7365 = PCURVE('',#1317,#7366);
#7366 = DEFINITIONAL_REPRESENTATION('',(#7367),#7371);
#7367 = LINE('',#7368,#7369);
#7368 = CARTESIAN_POINT('',(0.,64.99856998427));
#7369 = VECTOR('',#7370,1.);
#7370 = DIRECTION('',(1.,0.));
#7371 = ( GEOMETRIC_REPRESENTATION_CONTEXT(2) 
PARAMETRIC_REPRESENTATION_CONTEXT() REPRESENTATION_CONTEXT('2D SPACE',''
  ) );
#7372 = PCURVE('',#3070,#7373);
#7373 = DEFINITIONAL_REPRESENTATION('',(#7374),#7378);
#7374 = CIRCLE('',#7375,15.);
#7375 = AXIS2_PLACEMENT_2D('',#7376,#7377);
#7376 = CARTESIAN_POINT('',(0.,0.));
#7377 = DIRECTION('',(1.,0.));
#7378 = ( GEOMETRIC_REPRESENTATION_CONTEXT(2) 
PARAMETRIC_REPRESENTATION_CONTEXT() REPRESENTATION_CONTEXT('2D SPACE',''
  ) );
#7379 = ORIENTED_EDGE('',*,*,#3123,.T.);
#7380 = ORIENTED_EDGE('',*,*,#7381,.F.);
#7381 = EDGE_CURVE('',#7288,#3103,#7382,.T.);
#7382 = SURFACE_CURVE('',#7383,(#7388,#7395),.PCURVE_S1.);
#7383 = CIRCLE('',#7384,15.);
#7384 = AXIS2_PLACEMENT_3D('',#7385,#7386,#7387);
#7385 = CARTESIAN_POINT('',(-52.5,90.93,0.));
#7386 = DIRECTION('',(-0.500011000363,0.866019052629,0.));
#7387 = DIRECTION('',(0.866019052629,0.500011000363,0.));
#7388 = PCURVE('',#1317,#7389);
#7389 = DEFINITIONAL_REPRESENTATION('',(#7390),#7394);
#7390 = LINE('',#7391,#7392);
#7391 = CARTESIAN_POINT('',(0.,69.99845998306));
#7392 = VECTOR('',#7393,1.);
#7393 = DIRECTION('',(1.,0.));
#7394 = ( GEOMETRIC_REPRESENTATION_CONTEXT(2) 
PARAMETRIC_REPRESENTATION_CONTEXT() REPRESENTATION_CONTEXT('2D SPACE',''
  ) );
#7395 = PCURVE('',#1479,#7396);
#7396 = DEFINITIONAL_REPRESENTATION('',(#7397),#7401);
#7397 = CIRCLE('',#7398,15.);
#7398 = AXIS2_PLACEMENT_2D('',#7399,#7400);
#7399 = CARTESIAN_POINT('',(0.,0.));
#7400 = DIRECTION('',(1.,0.));
#7401 = ( GEOMETRIC_REPRESENTATION_CONTEXT(2) 
PARAMETRIC_REPRESENTATION_CONTEXT() REPRESENTATION_CONTEXT('2D SPACE',''
  ) );
#7402 = ORIENTED_EDGE('',*,*,#7285,.F.);
#7403 = ORIENTED_EDGE('',*,*,#7404,.T.);
#7404 = EDGE_CURVE('',#7286,#2951,#7405,.T.);
#7405 = SURFACE_CURVE('',#7406,(#7411,#7418),.PCURVE_S1.);
#7406 = CIRCLE('',#7407,15.);
#7407 = AXIS2_PLACEMENT_3D('',#7408,#7409,#7410);
#7408 = CARTESIAN_POINT('',(-17.5,30.31,0.));
#7409 = DIRECTION('',(-0.500011000363,0.866019052629,0.));
#7410 = DIRECTION('',(0.866019052629,0.500011000363,0.));
#7411 = PCURVE('',#1317,#7412);
#7412 = DEFINITIONAL_REPRESENTATION('',(#7413),#7417);
#7413 = LINE('',#7414,#7415);
#7414 = CARTESIAN_POINT('',(0.,0.));
#7415 = VECTOR('',#7416,1.);
#7416 = DIRECTION('',(1.,0.));
#7417 = ( GEOMETRIC_REPRESENTATION_CONTEXT(2) 
PARAMETRIC_REPRESENTATION_CONTEXT() REPRESENTATION_CONTEXT('2D SPACE',''
  ) );
#7418 = PCURVE('',#1343,#7419);
#7419 = DEFINITIONAL_REPRESENTATION('',(#7420),#7424);
#7420 = CIRCLE('',#7421,15.);
#7421 = AXIS2_PLACEMENT_2D('',#7422,#7423);
#7422 = CARTESIAN_POINT('',(0.,0.));
#7423 = DIRECTION('',(1.,0.));
#7424 = ( GEOMETRIC_REPRESENTATION_CONTEXT(2) 
PARAMETRIC_REPRESENTATION_CONTEXT() REPRESENTATION_CONTEXT('2D SPACE',''
  ) );
#7425 = ORIENTED_EDGE('',*,*,#2950,.T.);
#7426 = ORIENTED_EDGE('',*,*,#7427,.T.);
#7427 = EDGE_CURVE('',#2925,#2993,#7428,.T.);
#7428 = SURFACE_CURVE('',#7429,(#7434,#7441),.PCURVE_S1.);
#7429 = CIRCLE('',#7430,15.);
#7430 = AXIS2_PLACEMENT_3D('',#7431,#7432,#7433);
#7431 = CARTESIAN_POINT('',(-20.,34.64,0.));
#7432 = DIRECTION('',(-0.500011000363,0.866019052629,0.));
#7433 = DIRECTION('',(0.866019052629,0.500011000363,0.));
#7434 = PCURVE('',#1317,#7435);
#7435 = DEFINITIONAL_REPRESENTATION('',(#7436),#7440);
#7436 = LINE('',#7437,#7438);
#7437 = CARTESIAN_POINT('',(0.,4.99988999879));
#7438 = VECTOR('',#7439,1.);
#7439 = DIRECTION('',(1.,0.));
#7440 = ( GEOMETRIC_REPRESENTATION_CONTEXT(2) 
PARAMETRIC_REPRESENTATION_CONTEXT() REPRESENTATION_CONTEXT('2D SPACE',''
  ) );
#7441 = PCURVE('',#2939,#7442);
#7442 = DEFINITIONAL_REPRESENTATION('',(#7443),#7447);
#7443 = CIRCLE('',#7444,15.);
#7444 = AXIS2_PLACEMENT_2D('',#7445,#7446);
#7445 = CARTESIAN_POINT('',(0.,0.));
#7446 = DIRECTION('',(1.,0.));
#7447 = ( GEOMETRIC_REPRESENTATION_CONTEXT(2) 
PARAMETRIC_REPRESENTATION_CONTEXT() REPRESENTATION_CONTEXT('2D SPACE',''
  ) );
#7448 = ORIENTED_EDGE('',*,*,#2992,.F.);
#7449 = ORIENTED_EDGE('',*,*,#7450,.T.);
#7450 = EDGE_CURVE('',#2972,#1329,#7451,.T.);
#7451 = SURFACE_CURVE('',#7452,(#7457,#7464),.PCURVE_S1.);
#7452 = CIRCLE('',#7453,15.);
#7453 = AXIS2_PLACEMENT_3D('',#7454,#7455,#7456);
#7454 = CARTESIAN_POINT('',(-17.5,30.31,0.));
#7455 = DIRECTION('',(-0.500011000363,0.866019052629,0.));
#7456 = DIRECTION('',(0.866019052629,0.500011000363,0.));
#7457 = PCURVE('',#1317,#7458);
#7458 = DEFINITIONAL_REPRESENTATION('',(#7459),#7463);
#7459 = LINE('',#7460,#7461);
#7460 = CARTESIAN_POINT('',(0.,0.));
#7461 = VECTOR('',#7462,1.);
#7462 = DIRECTION('',(1.,0.));
#7463 = ( GEOMETRIC_REPRESENTATION_CONTEXT(2) 
PARAMETRIC_REPRESENTATION_CONTEXT() REPRESENTATION_CONTEXT('2D SPACE',''
  ) );
#7464 = PCURVE('',#1343,#7465);
#7465 = DEFINITIONAL_REPRESENTATION('',(#7466),#7470);
#7466 = CIRCLE('',#7467,15.);
#7467 = AXIS2_PLACEMENT_2D('',#7468,#7469);
#7468 = CARTESIAN_POINT('',(0.,0.));
#7469 = DIRECTION('',(1.,0.));
#7470 = ( GEOMETRIC_REPRESENTATION_CONTEXT(2) 
PARAMETRIC_REPRESENTATION_CONTEXT() REPRESENTATION_CONTEXT('2D SPACE',''
  ) );
#7471 = ORIENTED_EDGE('',*,*,#1354,.T.);
#7472 = ORIENTED_EDGE('',*,*,#7473,.T.);
#7473 = EDGE_CURVE('',#1355,#1277,#7474,.T.);
#7474 = SURFACE_CURVE('',#7475,(#7480,#7487),.PCURVE_S1.);
#7475 = CIRCLE('',#7476,15.);
#7476 = AXIS2_PLACEMENT_3D('',#7477,#7478,#7479);
#7477 = CARTESIAN_POINT('',(-20.,34.64,0.));
#7478 = DIRECTION('',(-0.500011000363,0.866019052629,0.));
#7479 = DIRECTION('',(0.866019052629,0.500011000363,0.));
#7480 = PCURVE('',#1317,#7481);
#7481 = DEFINITIONAL_REPRESENTATION('',(#7482),#7486);
#7482 = LINE('',#7483,#7484);
#7483 = CARTESIAN_POINT('',(0.,4.99988999879));
#7484 = VECTOR('',#7485,1.);
#7485 = DIRECTION('',(1.,0.));
#7486 = ( GEOMETRIC_REPRESENTATION_CONTEXT(2) 
PARAMETRIC_REPRESENTATION_CONTEXT() REPRESENTATION_CONTEXT('2D SPACE',''
  ) );
#7487 = PCURVE('',#1291,#7488);
#7488 = DEFINITIONAL_REPRESENTATION('',(#7489),#7493);
#7489 = CIRCLE('',#7490,15.);
#7490 = AXIS2_PLACEMENT_2D('',#7491,#7492);
#7491 = CARTESIAN_POINT('',(0.,0.));
#7492 = DIRECTION('',(1.,0.));
#7493 = ( GEOMETRIC_REPRESENTATION_CONTEXT(2) 
PARAMETRIC_REPRESENTATION_CONTEXT() REPRESENTATION_CONTEXT('2D SPACE',''
  ) );
#7494 = ORIENTED_EDGE('',*,*,#1302,.F.);
#7495 = ORIENTED_EDGE('',*,*,#7496,.T.);
#7496 = EDGE_CURVE('',#1303,#7286,#7497,.T.);
#7497 = SURFACE_CURVE('',#7498,(#7503,#7510),.PCURVE_S1.);
#7498 = CIRCLE('',#7499,15.);
#7499 = AXIS2_PLACEMENT_3D('',#7500,#7501,#7502);
#7500 = CARTESIAN_POINT('',(-17.5,30.31,0.));
#7501 = DIRECTION('',(-0.500011000363,0.866019052629,0.));
#7502 = DIRECTION('',(0.866019052629,0.500011000363,0.));
#7503 = PCURVE('',#1317,#7504);
#7504 = DEFINITIONAL_REPRESENTATION('',(#7505),#7509);
#7505 = LINE('',#7506,#7507);
#7506 = CARTESIAN_POINT('',(0.,0.));
#7507 = VECTOR('',#7508,1.);
#7508 = DIRECTION('',(1.,0.));
#7509 = ( GEOMETRIC_REPRESENTATION_CONTEXT(2) 
PARAMETRIC_REPRESENTATION_CONTEXT() REPRESENTATION_CONTEXT('2D SPACE',''
  ) );
#7510 = PCURVE('',#1343,#7511);
#7511 = DEFINITIONAL_REPRESENTATION('',(#7512),#7516);
#7512 = CIRCLE('',#7513,15.);
#7513 = AXIS2_PLACEMENT_2D('',#7514,#7515);
#7514 = CARTESIAN_POINT('',(0.,0.));
#7515 = DIRECTION('',(1.,0.));
#7516 = ( GEOMETRIC_REPRESENTATION_CONTEXT(2) 
PARAMETRIC_REPRESENTATION_CONTEXT() REPRESENTATION_CONTEXT('2D SPACE',''
  ) );
#7517 = FACE_BOUND('',#7518,.F.);
#7518 = EDGE_LOOP('',(#7519));
#7519 = ORIENTED_EDGE('',*,*,#7520,.F.);
#7520 = EDGE_CURVE('',#7521,#7521,#7523,.T.);
#7521 = VERTEX_POINT('',#7522);
#7522 = CARTESIAN_POINT('',(-32.9,60.62,14.889343454704));
#7523 = SURFACE_CURVE('',#7524,(#7575,#7629),.PCURVE_S1.);
#7524 = B_SPLINE_CURVE_WITH_KNOTS('',7,(#7525,#7526,#7527,#7528,#7529,
    #7530,#7531,#7532,#7533,#7534,#7535,#7536,#7537,#7538,#7539,#7540,
    #7541,#7542,#7543,#7544,#7545,#7546,#7547,#7548,#7549,#7550,#7551,
    #7552,#7553,#7554,#7555,#7556,#7557,#7558,#7559,#7560,#7561,#7562,
    #7563,#7564,#7565,#7566,#7567,#7568,#7569,#7570,#7571,#7572,#7573,
    #7574),.UNSPECIFIED.,.T.,.F.,(8,6,6,6,6,6,6,6,8),(0.,0.103297779298,
    0.251772823718,0.382852578022,0.493812379447,0.625074643236,
    0.742258619902,0.855232194209,1.),.UNSPECIFIED.);
#7525 = CARTESIAN_POINT('',(-32.9,60.62,14.889343454704));
#7526 = CARTESIAN_POINT('',(-32.9,60.781523043934,14.879478723798));
#7527 = CARTESIAN_POINT('',(-32.91449401909,60.939974046306,
    14.870816025725));
#7528 = CARTESIAN_POINT('',(-32.94249117228,61.094491095653,
    14.863627643426));
#7529 = CARTESIAN_POINT('',(-32.98318929689,61.244387090533,
    14.858095068179));
#7530 = CARTESIAN_POINT('',(-33.03595452167,61.389071700925,
    14.854330455419));
#7531 = CARTESIAN_POINT('',(-33.10030284638,61.527976116451,
    14.852389628224));
#7532 = CARTESIAN_POINT('',(-33.28451990397,61.850935850251,
    14.852114208265));
#7533 = CARTESIAN_POINT('',(-33.41622033983,62.027922118597,
    14.855728001958));
#7534 = CARTESIAN_POINT('',(-33.56991857785,62.189800709981,
    14.863112433286));
#7535 = CARTESIAN_POINT('',(-33.74505170917,62.334419227304,
    14.874049840895));
#7536 = CARTESIAN_POINT('',(-33.9412034182,62.458893877057,
    14.888094097219));
#7537 = CARTESIAN_POINT('',(-34.15772506753,62.559330484623,
    14.904416516983));
#7538 = CARTESIAN_POINT('',(-34.60082083488,62.693102842756,
    14.936921711443));
#7539 = CARTESIAN_POINT('',(-34.82826452916,62.734436781579,
    14.953264986104));
#7540 = CARTESIAN_POINT('',(-35.07044250624,62.747142327794,
    14.969477866998));
#7541 = CARTESIAN_POINT('',(-35.32107616741,62.726115666726,
    14.983827603208));
#7542 = CARTESIAN_POINT('',(-35.57300437622,62.668245096927,
    14.994445729904));
#7543 = CARTESIAN_POINT('',(-35.81859890475,62.572256751865,15.));
#7544 = CARTESIAN_POINT('',(-36.24592507639,62.325532634287,15.));
#7545 = CARTESIAN_POINT('',(-36.42760169438,62.187811895072,
    14.996020375721));
#7546 = CARTESIAN_POINT('',(-36.59132933901,62.027635945155,
    14.988060175875));
#7547 = CARTESIAN_POINT('',(-36.73384189415,61.847838878642,
    14.976571552385));
#7548 = CARTESIAN_POINT('',(-36.85242040377,61.651824420633,
    14.962437031354));
#7549 = CARTESIAN_POINT('',(-36.94501207937,61.443455718816,
    14.946829684579));
#7550 = CARTESIAN_POINT('',(-37.08770543865,60.970810813634,
    14.912178326446));
#7551 = CARTESIAN_POINT('',(-37.12352988333,60.714558215579,
    14.8938551218));
#7552 = CARTESIAN_POINT('',(-37.12278729066,60.463788168767,
    14.877816844687));
#7553 = CARTESIAN_POINT('',(-37.08943456387,60.221820833109,
    14.865198494011));
#7554 = CARTESIAN_POINT('',(-37.0264415342,59.990918875301,
    14.856587121947));
#7555 = CARTESIAN_POINT('',(-36.9358283452,59.772947094917,
    14.852272553384));
#7556 = CARTESIAN_POINT('',(-36.71402049017,59.388775889994,
    14.852272553384));
#7557 = CARTESIAN_POINT('',(-36.58842376503,59.219883717405,
    14.855711364885));
#7558 = CARTESIAN_POINT('',(-36.44276791836,59.064754474683,
    14.86257955539));
#7559 = CARTESIAN_POINT('',(-36.27756474179,58.925259462645,
    14.872690197728));
#7560 = CARTESIAN_POINT('',(-36.09319256473,58.803862609362,
    14.885664660892));
#7561 = CARTESIAN_POINT('',(-35.89019603403,58.703849786072,
    14.900818594093));
#7562 = CARTESIAN_POINT('',(-35.45730168367,58.55817086301,
    14.932715298801));
#7563 = CARTESIAN_POINT('',(-35.22309103605,58.508816170614,
    14.949789660226));
#7564 = CARTESIAN_POINT('',(-34.97224640505,58.489730231628,
    14.966991604531));
#7565 = CARTESIAN_POINT('',(-34.71145054973,58.506737893107,
    14.982417288711));
#7566 = CARTESIAN_POINT('',(-34.44846644598,58.563524444809,
    14.993940588238));
#7567 = CARTESIAN_POINT('',(-34.19169566949,58.661799498572,15.));
#7568 = CARTESIAN_POINT('',(-33.64023104758,58.980197086275,15.));
#7569 = CARTESIAN_POINT('',(-33.38063557587,59.21214294385,
    14.990049616344));
#7570 = CARTESIAN_POINT('',(-33.17699452373,59.479914276862,
    14.971843804208));
#7571 = CARTESIAN_POINT('',(-33.030807987,59.768325733828,
    14.949175053845));
#7572 = CARTESIAN_POINT('',(-32.94033152566,60.06291080199,
    14.926188947054));
#7573 = CARTESIAN_POINT('',(-32.9,60.350563603317,14.905798800546));
#7574 = CARTESIAN_POINT('',(-32.9,60.62,14.889343454704));
#7575 = PCURVE('',#1317,#7576);
#7576 = DEFINITIONAL_REPRESENTATION('',(#7577),#7628);
#7577 = B_SPLINE_CURVE_WITH_KNOTS('',7,(#7578,#7579,#7580,#7581,#7582,
    #7583,#7584,#7585,#7586,#7587,#7588,#7589,#7590,#7591,#7592,#7593,
    #7594,#7595,#7596,#7597,#7598,#7599,#7600,#7601,#7602,#7603,#7604,
    #7605,#7606,#7607,#7608,#7609,#7610,#7611,#7612,#7613,#7614,#7615,
    #7616,#7617,#7618,#7619,#7620,#7621,#7622,#7623,#7624,#7625,#7626,
    #7627),.UNSPECIFIED.,.T.,.F.,(8,6,6,6,6,6,6,6,8),(0.,0.103297779298,
    0.251772823718,0.382852578022,0.493812379447,0.625074643236,
    0.742258619902,0.855232194209,1.),.UNSPECIFIED.);
#7578 = CARTESIAN_POINT('',(4.833930670189,33.949206890767));
#7579 = CARTESIAN_POINT('',(4.839354905249,34.089088924253));
#7580 = CARTESIAN_POINT('',(4.84383714389,34.233557680203));
#7581 = CARTESIAN_POINT('',(4.847403708343,34.381371273464));
#7582 = CARTESIAN_POINT('',(4.850076233033,34.531533570943));
#7583 = CARTESIAN_POINT('',(4.851870417888,34.683216392994));
#7584 = CARTESIAN_POINT('',(4.852794644419,34.835685133543));
#7585 = CARTESIAN_POINT('',(4.85292579858,35.207484971492));
#7586 = CARTESIAN_POINT('',(4.851204851882,35.426610118619));
#7587 = CARTESIAN_POINT('',(4.847692541467,35.643650872718));
#7588 = CARTESIAN_POINT('',(4.842352055546,35.856461756267));
#7589 = CARTESIAN_POINT('',(4.835116131931,36.062337186777));
#7590 = CARTESIAN_POINT('',(4.825900037333,36.257580408997));
#7591 = CARTESIAN_POINT('',(4.804666388248,36.594982577743));
#7592 = CARTESIAN_POINT('',(4.792863027341,36.744502905387));
#7593 = CARTESIAN_POINT('',(4.779263335234,36.876597803066));
#7594 = CARTESIAN_POINT('',(4.764066366159,36.983707901614));
#7595 = CARTESIAN_POINT('',(4.747583148284,37.059557761288));
#7596 = CARTESIAN_POINT('',(4.730204153951,37.09922999153));
#7597 = CARTESIAN_POINT('',(4.697308328672,37.09922999153));
#7598 = CARTESIAN_POINT('',(4.682228493005,37.070801514931));
#7599 = CARTESIAN_POINT('',(4.66743088423,37.013951713905));
#7600 = CARTESIAN_POINT('',(4.653192708652,36.929501873958));
#7601 = CARTESIAN_POINT('',(4.639781792701,36.819040177949));
#7602 = CARTESIAN_POINT('',(4.62744711868,36.684885768548));
#7603 = CARTESIAN_POINT('',(4.603342646414,36.346914524852));
#7604 = CARTESIAN_POINT('',(4.592664164464,36.142907509069));
#7605 = CARTESIAN_POINT('',(4.584280019245,35.925364566199));
#7606 = CARTESIAN_POINT('',(4.578082582626,35.699139513119));
#7607 = CARTESIAN_POINT('',(4.573982168454,35.467676810588));
#7608 = CARTESIAN_POINT('',(4.571927565675,35.233601504562));
#7609 = CARTESIAN_POINT('',(4.571927565675,34.789995554142));
#7610 = CARTESIAN_POINT('',(4.573565106465,34.580931970661));
#7611 = CARTESIAN_POINT('',(4.57683561406,34.373757565243));
#7612 = CARTESIAN_POINT('',(4.58176983544,34.170348821494));
#7613 = CARTESIAN_POINT('',(4.588423978963,33.973028716928));
#7614 = CARTESIAN_POINT('',(4.596869792417,33.784915208068));
#7615 = CARTESIAN_POINT('',(4.617118669708,33.442302547955));
#7616 = CARTESIAN_POINT('',(4.629049392438,33.282452543788));
#7617 = CARTESIAN_POINT('',(4.642941119107,33.140498682108));
#7618 = CARTESIAN_POINT('',(4.658594177657,33.02482684448));
#7619 = CARTESIAN_POINT('',(4.675680846724,32.942510135392));
#7620 = CARTESIAN_POINT('',(4.693781324312,32.89922999153));
#7621 = CARTESIAN_POINT('',(4.736233402029,32.89922999153));
#7622 = CARTESIAN_POINT('',(4.758952754187,32.970298931865));
#7623 = CARTESIAN_POINT('',(4.779657867738,33.100371241809));
#7624 = CARTESIAN_POINT('',(4.797769089546,33.277046182069));
#7625 = CARTESIAN_POINT('',(4.812888452045,33.486923237772));
#7626 = CARTESIAN_POINT('',(4.824882510165,33.715869837768));
#7627 = CARTESIAN_POINT('',(4.833930670189,33.949206890767));
#7628 = ( GEOMETRIC_REPRESENTATION_CONTEXT(2) 
PARAMETRIC_REPRESENTATION_CONTEXT() REPRESENTATION_CONTEXT('2D SPACE',''
  ) );
#7629 = PCURVE('',#7195,#7630);
#7630 = DEFINITIONAL_REPRESENTATION('',(#7631),#7682);
#7631 = B_SPLINE_CURVE_WITH_KNOTS('',7,(#7632,#7633,#7634,#7635,#7636,
    #7637,#7638,#7639,#7640,#7641,#7642,#7643,#7644,#7645,#7646,#7647,
    #7648,#7649,#7650,#7651,#7652,#7653,#7654,#7655,#7656,#7657,#7658,
    #7659,#7660,#7661,#7662,#7663,#7664,#7665,#7666,#7667,#7668,#7669,
    #7670,#7671,#7672,#7673,#7674,#7675,#7676,#7677,#7678,#7679,#7680,
    #7681),.UNSPECIFIED.,.F.,.F.,(8,6,6,6,6,6,6,6,8),(0.,0.103297779298,
    0.251772823718,0.382852578022,0.493812379447,0.625074643236,
    0.742258619902,0.855232194209,1.),.UNSPECIFIED.);
#7632 = CARTESIAN_POINT('',(-8.881784197001E-16,34.889343454704));
#7633 = CARTESIAN_POINT('',(7.691573520686E-02,34.879478723798));
#7634 = CARTESIAN_POINT('',(0.152368784523,34.870816025725));
#7635 = CARTESIAN_POINT('',(0.226690841393,34.863627643426));
#7636 = CARTESIAN_POINT('',(0.300173566696,34.858095068179));
#7637 = CARTESIAN_POINT('',(0.373094336717,34.854330455419));
#7638 = CARTESIAN_POINT('',(0.445731953054,34.852389628224));
#7639 = CARTESIAN_POINT('',(0.622781924837,34.852114208265));
#7640 = CARTESIAN_POINT('',(0.727061784916,34.855728001958));
#7641 = CARTESIAN_POINT('',(0.832143173542,34.863112433286));
#7642 = CARTESIAN_POINT('',(0.938836610426,34.874049840895));
#7643 = CARTESIAN_POINT('',(1.048005884057,34.888094097219));
#7644 = CARTESIAN_POINT('',(1.160534326599,34.904416516983));
#7645 = CARTESIAN_POINT('',(1.380938461098,34.936921711443));
#7646 = CARTESIAN_POINT('',(1.490311625243,34.953264986104));
#7647 = CARTESIAN_POINT('',(1.604263575724,34.969477866998));
#7648 = CARTESIAN_POINT('',(1.721983305103,34.983827603208));
#7649 = CARTESIAN_POINT('',(1.843021076961,34.994445729904));
#7650 = CARTESIAN_POINT('',(1.967156564809,35.));
#7651 = CARTESIAN_POINT('',(2.202126745368,35.));
#7652 = CARTESIAN_POINT('',(2.309839332381,34.996020375721));
#7653 = CARTESIAN_POINT('',(2.417539902923,34.988060175875));
#7654 = CARTESIAN_POINT('',(2.525241796668,34.976571552385));
#7655 = CARTESIAN_POINT('',(2.632960218383,34.962437031354));
#7656 = CARTESIAN_POINT('',(2.740691682772,34.946829684579));
#7657 = CARTESIAN_POINT('',(2.975794111927,34.912178326446));
#7658 = CARTESIAN_POINT('',(3.097542322546,34.8938551218));
#7659 = CARTESIAN_POINT('',(3.215133577025,34.877816844687));
#7660 = CARTESIAN_POINT('',(3.32964171207,34.865198494011));
#7661 = CARTESIAN_POINT('',(3.442134673194,34.856587121947));
#7662 = CARTESIAN_POINT('',(3.553598648964,34.852272553384));
#7663 = CARTESIAN_POINT('',(3.764839577735,34.852272553384));
#7664 = CARTESIAN_POINT('',(3.864393498054,34.855711364885));
#7665 = CARTESIAN_POINT('',(3.964664278509,34.86257955539));
#7666 = CARTESIAN_POINT('',(4.066358846206,34.872690197728));
#7667 = CARTESIAN_POINT('',(4.170224729721,34.885664660892));
#7668 = CARTESIAN_POINT('',(4.277031200918,34.900818594093));
#7669 = CARTESIAN_POINT('',(4.49453083847,34.932715298801));
#7670 = CARTESIAN_POINT('',(4.60773087595,34.949789660226));
#7671 = CARTESIAN_POINT('',(4.725827824225,34.966991604531));
#7672 = CARTESIAN_POINT('',(4.847991458775,34.982417288711));
#7673 = CARTESIAN_POINT('',(4.973799674866,34.993940588238));
#7674 = CARTESIAN_POINT('',(5.103088629066,35.));
#7675 = CARTESIAN_POINT('',(5.406317755617,35.));
#7676 = CARTESIAN_POINT('',(5.568600548167,34.990049616344));
#7677 = CARTESIAN_POINT('',(5.724395221948,34.971843804208));
#7678 = CARTESIAN_POINT('',(5.874172552775,34.949175053845));
#7679 = CARTESIAN_POINT('',(6.017905814216,34.926188947054));
#7680 = CARTESIAN_POINT('',(6.15488226114,34.905798800546));
#7681 = CARTESIAN_POINT('',(6.28318530718,34.889343454704));
#7682 = ( GEOMETRIC_REPRESENTATION_CONTEXT(2) 
PARAMETRIC_REPRESENTATION_CONTEXT() REPRESENTATION_CONTEXT('2D SPACE',''
  ) );
#7683 = FACE_BOUND('',#7684,.F.);
#7684 = EDGE_LOOP('',(#7685));
#7685 = ORIENTED_EDGE('',*,*,#7686,.T.);
#7686 = EDGE_CURVE('',#7687,#7687,#7689,.T.);
#7687 = VERTEX_POINT('',#7688);
#7688 = CARTESIAN_POINT('',(-32.9,60.62,-14.8893434547));
#7689 = SURFACE_CURVE('',#7690,(#7749,#7811),.PCURVE_S1.);
#7690 = B_SPLINE_CURVE_WITH_KNOTS('',8,(#7691,#7692,#7693,#7694,#7695,
    #7696,#7697,#7698,#7699,#7700,#7701,#7702,#7703,#7704,#7705,#7706,
    #7707,#7708,#7709,#7710,#7711,#7712,#7713,#7714,#7715,#7716,#7717,
    #7718,#7719,#7720,#7721,#7722,#7723,#7724,#7725,#7726,#7727,#7728,
    #7729,#7730,#7731,#7732,#7733,#7734,#7735,#7736,#7737,#7738,#7739,
    #7740,#7741,#7742,#7743,#7744,#7745,#7746,#7747,#7748),
  .UNSPECIFIED.,.T.,.F.,(9,7,7,7,7,7,7,7,9),(0.,0.109551709138,
    0.278999835199,0.434751878171,0.542860431287,0.650969825831,
    0.760060190213,0.865230954488,1.),.UNSPECIFIED.);
#7691 = CARTESIAN_POINT('',(-32.9,60.62,-14.8893434547));
#7692 = CARTESIAN_POINT('',(-32.9,60.761332663442,-14.88071181516));
#7693 = CARTESIAN_POINT('',(-32.91087051432,60.900361295713,
    -14.87298170024));
#7694 = CARTESIAN_POINT('',(-32.93199223983,61.036547202148,
    -14.86632328678));
#7695 = CARTESIAN_POINT('',(-32.96284023458,61.169439093093,
    -14.8608613558));
#7696 = CARTESIAN_POINT('',(-33.00297625618,61.29864381943,
    -14.85668333839));
#7697 = CARTESIAN_POINT('',(-33.05204160285,61.423797804806,
    -14.85384524862));
#7698 = CARTESIAN_POINT('',(-33.10975045707,61.544539174574,
    -14.85237550325));
#7699 = CARTESIAN_POINT('',(-33.27817478303,61.839811915284,
    -14.85212369475));
#7700 = CARTESIAN_POINT('',(-33.40047537563,62.007407696257,
    -14.85525036429));
#7701 = CARTESIAN_POINT('',(-33.54196328741,62.162037728821,
    -14.86165028379));
#7702 = CARTESIAN_POINT('',(-33.70216310954,62.302096585609,
    -14.87117747807));
#7703 = CARTESIAN_POINT('',(-33.88073890839,62.425494666996,
    -14.88353754859));
#7704 = CARTESIAN_POINT('',(-34.07728361932,62.529528404184,
    -14.89822016313));
#7705 = CARTESIAN_POINT('',(-34.29104014647,62.610708085673,
    -14.91441536153));
#7706 = CARTESIAN_POINT('',(-34.7313923301,62.713985856774,
    -14.94616008557));
#7707 = CARTESIAN_POINT('',(-34.96338954086,62.742166449212,
    -14.96222103839));
#7708 = CARTESIAN_POINT('',(-35.20957876003,62.740795151839,
    -14.97773459002));
#7709 = CARTESIAN_POINT('',(-35.46208615124,62.704782134696,
    -14.99088516369));
#7710 = CARTESIAN_POINT('',(-35.71245441757,62.631998494755,
    -14.99983972249));
#7711 = CARTESIAN_POINT('',(-35.95238610112,62.52293469397,
    -15.0034607293));
#7712 = CARTESIAN_POINT('',(-36.17432952028,62.380476776905,
    -15.00157586382));
#7713 = CARTESIAN_POINT('',(-36.50954910965,62.091115558661,
    -14.99016066649));
#7714 = CARTESIAN_POINT('',(-36.63518173149,61.959002775869,
    -14.98314960242));
#7715 = CARTESIAN_POINT('',(-36.74753776608,61.814688165809,
    -14.97401389959));
#7716 = CARTESIAN_POINT('',(-36.84525404249,61.659730934658,
    -14.96311230462));
#7717 = CARTESIAN_POINT('',(-36.92718567968,61.495866609263,
    -14.95092769712));
#7718 = CARTESIAN_POINT('',(-36.99242834132,61.32497693044,
    -14.93802884234));
#7719 = CARTESIAN_POINT('',(-37.04034484509,61.149058197936,
    -14.92501910189));
#7720 = CARTESIAN_POINT('',(-37.10084764268,60.791316544017,
    -14.89992500501));
#7721 = CARTESIAN_POINT('',(-37.11344524059,60.609425089894,
    -14.8878364054));
#7722 = CARTESIAN_POINT('',(-37.1080267237,60.426586704452,
    -14.87678037747));
#7723 = CARTESIAN_POINT('',(-37.08453785353,60.244894325479,
    -14.86730556148));
#7724 = CARTESIAN_POINT('',(-37.04321320082,60.066421045219,
    -14.85987179164));
#7725 = CARTESIAN_POINT('',(-36.98456198763,59.893182588167,
    -14.85480530808));
#7726 = CARTESIAN_POINT('',(-36.90935891986,59.727102050227,
    -14.85227255338));
#7727 = CARTESIAN_POINT('',(-36.72709793021,59.41142601615,
    -14.85227255338));
#7728 = CARTESIAN_POINT('',(-36.61982294631,59.262106760552,
    -14.85485166201));
#7729 = CARTESIAN_POINT('',(-36.49738886086,59.122927940704,
    -14.86000398395));
#7730 = CARTESIAN_POINT('',(-36.36016633008,58.995006968664,
    -14.86763487655));
#7731 = CARTESIAN_POINT('',(-36.2084251754,58.879735642664,
    -14.87755562141));
#7732 = CARTESIAN_POINT('',(-36.04244343206,58.77885940354,
    -14.88945314419));
#7733 = CARTESIAN_POINT('',(-35.8626451883,58.694578291693,
    -14.90284860716));
#7734 = CARTESIAN_POINT('',(-35.48386263174,58.567109234013,
    -14.93075822378));
#7735 = CARTESIAN_POINT('',(-35.28164369795,58.521154843713,
    -14.94552106987));
#7736 = CARTESIAN_POINT('',(-35.06631314167,58.496887458748,
    -14.96054087541));
#7737 = CARTESIAN_POINT('',(-34.84184847739,58.498234062368,
    -14.97470444662));
#7738 = CARTESIAN_POINT('',(-34.61283151082,58.528032849995,
    -14.98673852603));
#7739 = CARTESIAN_POINT('',(-34.38427375186,58.58809320825,
    -14.99545544117));
#7740 = CARTESIAN_POINT('',(-34.1614808232,58.679244559935,-15.));
#7741 = CARTESIAN_POINT('',(-33.67894927904,58.957842449175,-15.));
#7742 = CARTESIAN_POINT('',(-33.4455344438,59.154156479456,
    -14.99253721225));
#7743 = CARTESIAN_POINT('',(-33.25335991828,59.379500026983,
    -14.97867098375));
#7744 = CARTESIAN_POINT('',(-33.10390125537,59.624120005345,
    -14.96050942902));
#7745 = CARTESIAN_POINT('',(-32.996879314,59.878795134389,
    -14.94055526379));
#7746 = CARTESIAN_POINT('',(-32.93024864425,60.134824002321,
    -14.92109141042));
#7747 = CARTESIAN_POINT('',(-32.9,60.384243152902,-14.90374188231));
#7748 = CARTESIAN_POINT('',(-32.9,60.62,-14.8893434547));
#7749 = PCURVE('',#1317,#7750);
#7750 = DEFINITIONAL_REPRESENTATION('',(#7751),#7810);
#7751 = B_SPLINE_CURVE_WITH_KNOTS('',8,(#7752,#7753,#7754,#7755,#7756,
    #7757,#7758,#7759,#7760,#7761,#7762,#7763,#7764,#7765,#7766,#7767,
    #7768,#7769,#7770,#7771,#7772,#7773,#7774,#7775,#7776,#7777,#7778,
    #7779,#7780,#7781,#7782,#7783,#7784,#7785,#7786,#7787,#7788,#7789,
    #7790,#7791,#7792,#7793,#7794,#7795,#7796,#7797,#7798,#7799,#7800,
    #7801,#7802,#7803,#7804,#7805,#7806,#7807,#7808,#7809),
  .UNSPECIFIED.,.T.,.F.,(9,7,7,7,7,7,7,7,9),(0.,0.109551709138,
    0.278999835199,0.434751878171,0.542860431287,0.650969825831,
    0.760060190213,0.865230954488,1.),.UNSPECIFIED.);
#7752 = CARTESIAN_POINT('',(1.44925463699,33.949206890767));
#7753 = CARTESIAN_POINT('',(1.444508431313,34.071603670067));
#7754 = CARTESIAN_POINT('',(1.44046872295,34.197440491215));
#7755 = CARTESIAN_POINT('',(1.437119060506,34.325941175991));
#7756 = CARTESIAN_POINT('',(1.434445336491,34.456452422203));
#7757 = CARTESIAN_POINT('',(1.432436254826,34.588414629212));
#7758 = CARTESIAN_POINT('',(1.431083832659,34.721333578131));
#7759 = CARTESIAN_POINT('',(1.430383936492,34.854752966717));
#7760 = CARTESIAN_POINT('',(1.430264026037,35.194678801604));
#7761 = CARTESIAN_POINT('',(1.431753015332,35.400971582716));
#7762 = CARTESIAN_POINT('',(1.434797364155,35.605629649335));
#7763 = CARTESIAN_POINT('',(1.439421511642,35.807024961124));
#7764 = CARTESIAN_POINT('',(1.445672490075,36.003179914487));
#7765 = CARTESIAN_POINT('',(1.453611915566,36.191549630537));
#7766 = CARTESIAN_POINT('',(1.463306138186,36.368733396367));
#7767 = CARTESIAN_POINT('',(1.485388672941,36.678354849701));
#7768 = CARTESIAN_POINT('',(1.497888851092,36.818760937099));
#7769 = CARTESIAN_POINT('',(1.512183491262,36.940670685204));
#7770 = CARTESIAN_POINT('',(1.527981908259,37.035739199493));
#7771 = CARTESIAN_POINT('',(1.544866059392,37.097894067894));
#7772 = CARTESIAN_POINT('',(1.562349275608,37.123411219571));
#7773 = CARTESIAN_POINT('',(1.579909042418,37.111014100236));
#7774 = CARTESIAN_POINT('',(1.608918382338,37.028035254365));
#7775 = CARTESIAN_POINT('',(1.620583840202,36.976440760297));
#7776 = CARTESIAN_POINT('',(1.631895904696,36.907640811662));
#7777 = CARTESIAN_POINT('',(1.64272550318,36.822304110264));
#7778 = CARTESIAN_POINT('',(1.652949043368,36.721361202295));
#7779 = CARTESIAN_POINT('',(1.662450500348,36.605989533053));
#7780 = CARTESIAN_POINT('',(1.671124227237,36.477599337975));
#7781 = CARTESIAN_POINT('',(1.686632812004,36.198040314106));
#7782 = CARTESIAN_POINT('',(1.693470612592,36.046817786859));
#7783 = CARTESIAN_POINT('',(1.699299029324,35.885766943463));
#7784 = CARTESIAN_POINT('',(1.704041574046,35.716673188083));
#7785 = CARTESIAN_POINT('',(1.707639231355,35.541449146056));
#7786 = CARTESIAN_POINT('',(1.710051552119,35.362095089818));
#7787 = CARTESIAN_POINT('',(1.711257741505,35.180663818549));
#7788 = CARTESIAN_POINT('',(1.711257741505,34.816149858816));
#7789 = CARTESIAN_POINT('',(1.710029585912,34.633197866531));
#7790 = CARTESIAN_POINT('',(1.707576133468,34.451447967275));
#7791 = CARTESIAN_POINT('',(1.70388258243,34.272053193368));
#7792 = CARTESIAN_POINT('',(1.698920167918,34.096353782281));
#7793 = CARTESIAN_POINT('',(1.692649874853,33.926000339713));
#7794 = CARTESIAN_POINT('',(1.685026808421,33.763110191353));
#7795 = CARTESIAN_POINT('',(1.667309040791,33.463324113754));
#7796 = CARTESIAN_POINT('',(1.657118595424,33.322415044829));
#7797 = CARTESIAN_POINT('',(1.645453585573,33.193731380238));
#7798 = CARTESIAN_POINT('',(1.632417658798,33.082662763294));
#7799 = CARTESIAN_POINT('',(1.618183628623,32.993958078572));
#7800 = CARTESIAN_POINT('',(1.602979341059,32.931690099426));
#7801 = CARTESIAN_POINT('',(1.587078025858,32.89922999153));
#7802 = CARTESIAN_POINT('',(1.549932457856,32.89922999153));
#7803 = CARTESIAN_POINT('',(1.529912391032,32.952531696782));
#7804 = CARTESIAN_POINT('',(1.511291857023,33.05159412558));
#7805 = CARTESIAN_POINT('',(1.494471828537,33.188708711939));
#7806 = CARTESIAN_POINT('',(1.479746456696,33.355750077958));
#7807 = CARTESIAN_POINT('',(1.467298340605,33.544159887771));
#7808 = CARTESIAN_POINT('',(1.457171777012,33.745036969393));
#7809 = CARTESIAN_POINT('',(1.44925463699,33.949206890767));
#7810 = ( GEOMETRIC_REPRESENTATION_CONTEXT(2) 
PARAMETRIC_REPRESENTATION_CONTEXT() REPRESENTATION_CONTEXT('2D SPACE',''
  ) );
#7811 = PCURVE('',#7812,#7817);
#7812 = CYLINDRICAL_SURFACE('',#7813,2.1);
#7813 = AXIS2_PLACEMENT_3D('',#7814,#7815,#7816);
#7814 = CARTESIAN_POINT('',(-35.,60.62,-20.));
#7815 = DIRECTION('',(0.,0.,1.));
#7816 = DIRECTION('',(1.,0.,-0.));
#7817 = DEFINITIONAL_REPRESENTATION('',(#7818),#7877);
#7818 = B_SPLINE_CURVE_WITH_KNOTS('',8,(#7819,#7820,#7821,#7822,#7823,
    #7824,#7825,#7826,#7827,#7828,#7829,#7830,#7831,#7832,#7833,#7834,
    #7835,#7836,#7837,#7838,#7839,#7840,#7841,#7842,#7843,#7844,#7845,
    #7846,#7847,#7848,#7849,#7850,#7851,#7852,#7853,#7854,#7855,#7856,
    #7857,#7858,#7859,#7860,#7861,#7862,#7863,#7864,#7865,#7866,#7867,
    #7868,#7869,#7870,#7871,#7872,#7873,#7874,#7875,#7876),
  .UNSPECIFIED.,.F.,.F.,(9,7,7,7,7,7,7,7,9),(0.,0.109551709138,
    0.278999835199,0.434751878171,0.542860431287,0.650969825831,
    0.760060190213,0.865230954488,1.),.UNSPECIFIED.);
#7819 = CARTESIAN_POINT('',(-8.881784197001E-16,5.110656545296));
#7820 = CARTESIAN_POINT('',(6.730126830592E-02,5.119288184838));
#7821 = CARTESIAN_POINT('',(0.133505522194,5.127018299757));
#7822 = CARTESIAN_POINT('',(0.198820070067,5.133676713212));
#7823 = CARTESIAN_POINT('',(0.263432204044,5.139138644198));
#7824 = CARTESIAN_POINT('',(0.327518855454,5.143316661606));
#7825 = CARTESIAN_POINT('',(0.391253740801,5.146154751379));
#7826 = CARTESIAN_POINT('',(0.454811998231,5.147624496747));
#7827 = CARTESIAN_POINT('',(0.616683665005,5.147876305247));
#7828 = CARTESIAN_POINT('',(0.714861443878,5.144749635702));
#7829 = CARTESIAN_POINT('',(0.813652672196,5.138349716207));
#7830 = CARTESIAN_POINT('',(0.913708510409,5.128822521921));
#7831 = CARTESIAN_POINT('',(1.015688009509,5.116462451408));
#7832 = CARTESIAN_POINT('',(1.120272430876,5.101779836862));
#7833 = CARTESIAN_POINT('',(1.228199326058,5.085584638465));
#7834 = CARTESIAN_POINT('',(1.443580833079,5.053839914424));
#7835 = CARTESIAN_POINT('',(1.554201447841,5.037778961608));
#7836 = CARTESIAN_POINT('',(1.669859831666,5.022265409973));
#7837 = CARTESIAN_POINT('',(1.78904790835,5.009114836307));
#7838 = CARTESIAN_POINT('',(1.910735852883,5.000160277501));
#7839 = CARTESIAN_POINT('',(2.034097750523,4.996539270694));
#7840 = CARTESIAN_POINT('',(2.15842868145,4.998424136177));
#7841 = CARTESIAN_POINT('',(2.369302087993,5.009839333501));
#7842 = CARTESIAN_POINT('',(2.455696547691,5.016850397577));
#7843 = CARTESIAN_POINT('',(2.542085256667,5.025986100408));
#7844 = CARTESIAN_POINT('',(2.628472733015,5.036887695371));
#7845 = CARTESIAN_POINT('',(2.714865097918,5.049072302874));
#7846 = CARTESIAN_POINT('',(2.801265295544,5.061971157652));
#7847 = CARTESIAN_POINT('',(2.88766793403,5.074980898109));
#7848 = CARTESIAN_POINT('',(3.060440233465,5.100074994983));
#7849 = CARTESIAN_POINT('',(3.146842584492,5.112163594591));
#7850 = CARTESIAN_POINT('',(3.233242012694,5.12321962253));
#7851 = CARTESIAN_POINT('',(3.319633799764,5.132694438516));
#7852 = CARTESIAN_POINT('',(3.406021513369,5.140128208357));
#7853 = CARTESIAN_POINT('',(3.492411416644,5.145194691911));
#7854 = CARTESIAN_POINT('',(3.578807070875,5.147727446616));
#7855 = CARTESIAN_POINT('',(3.752385146938,5.147727446616));
#7856 = CARTESIAN_POINT('',(3.839505017974,5.14514833799));
#7857 = CARTESIAN_POINT('',(3.927062735838,5.139996016049));
#7858 = CARTESIAN_POINT('',(4.015511562358,5.132365123441));
#7859 = CARTESIAN_POINT('',(4.105308552524,5.122444378585));
#7860 = CARTESIAN_POINT('',(4.19692634752,5.110546855808));
#7861 = CARTESIAN_POINT('',(4.290873606014,5.097151392833));
#7862 = CARTESIAN_POINT('',(4.481185788872,5.069241776213));
#7863 = CARTESIAN_POINT('',(4.57943086658,5.05447893013));
#7864 = CARTESIAN_POINT('',(4.681541468622,5.039459124583));
#7865 = CARTESIAN_POINT('',(4.7869096415,5.025295553379));
#7866 = CARTESIAN_POINT('',(4.895169539809,5.013261473966));
#7867 = CARTESIAN_POINT('',(5.006121913416,5.004544558822));
#7868 = CARTESIAN_POINT('',(5.119702607702,5.));
#7869 = CARTESIAN_POINT('',(5.385028093434,5.));
#7870 = CARTESIAN_POINT('',(5.52802985003,5.007462787742));
#7871 = CARTESIAN_POINT('',(5.66597221928,5.021329016241));
#7872 = CARTESIAN_POINT('',(5.799283887361,5.039490570974));
#7873 = CARTESIAN_POINT('',(5.928072525815,5.059444736201));
#7874 = CARTESIAN_POINT('',(6.052149925947,5.078908589573));
#7875 = CARTESIAN_POINT('',(6.170920141895,5.096258117684));
#7876 = CARTESIAN_POINT('',(6.28318530718,5.110656545296));
#7877 = ( GEOMETRIC_REPRESENTATION_CONTEXT(2) 
PARAMETRIC_REPRESENTATION_CONTEXT() REPRESENTATION_CONTEXT('2D SPACE',''
  ) );
#7878 = ADVANCED_FACE('',(#7879),#1479,.F.);
#7879 = FACE_BOUND('',#7880,.F.);
#7880 = EDGE_LOOP('',(#7881,#7882,#7883,#7884,#7885));
#7881 = ORIENTED_EDGE('',*,*,#7310,.T.);
#7882 = ORIENTED_EDGE('',*,*,#7381,.T.);
#7883 = ORIENTED_EDGE('',*,*,#3102,.T.);
#7884 = ORIENTED_EDGE('',*,*,#7335,.T.);
#7885 = ORIENTED_EDGE('',*,*,#1464,.F.);
#7886 = ADVANCED_FACE('',(#7887),#1291,.F.);
#7887 = FACE_BOUND('',#7888,.F.);
#7888 = EDGE_LOOP('',(#7889,#7890,#7891,#7892));
#7889 = ORIENTED_EDGE('',*,*,#1375,.T.);
#7890 = ORIENTED_EDGE('',*,*,#7061,.T.);
#7891 = ORIENTED_EDGE('',*,*,#1276,.T.);
#7892 = ORIENTED_EDGE('',*,*,#7473,.F.);
#7893 = ADVANCED_FACE('',(#7894),#1343,.T.);
#7894 = FACE_BOUND('',#7895,.T.);
#7895 = EDGE_LOOP('',(#7896,#7897,#7898,#7899,#7900));
#7896 = ORIENTED_EDGE('',*,*,#7496,.T.);
#7897 = ORIENTED_EDGE('',*,*,#7404,.T.);
#7898 = ORIENTED_EDGE('',*,*,#2971,.T.);
#7899 = ORIENTED_EDGE('',*,*,#7450,.T.);
#7900 = ORIENTED_EDGE('',*,*,#1328,.F.);
#7901 = ADVANCED_FACE('',(#7902,#7950),#1549,.T.);
#7902 = FACE_BOUND('',#7903,.T.);
#7903 = EDGE_LOOP('',(#7904,#7905,#7927,#7928));
#7904 = ORIENTED_EDGE('',*,*,#1532,.T.);
#7905 = ORIENTED_EDGE('',*,*,#7906,.F.);
#7906 = EDGE_CURVE('',#1681,#1535,#7907,.T.);
#7907 = SURFACE_CURVE('',#7908,(#7913,#7920),.PCURVE_S1.);
#7908 = CIRCLE('',#7909,17.);
#7909 = AXIS2_PLACEMENT_3D('',#7910,#7911,#7912);
#7910 = CARTESIAN_POINT('',(50.,86.6,0.));
#7911 = DIRECTION('',(0.500011000363,0.866019052629,0.));
#7912 = DIRECTION('',(0.866019052629,-0.500011000363,0.));
#7913 = PCURVE('',#1549,#7914);
#7914 = DEFINITIONAL_REPRESENTATION('',(#7915),#7919);
#7915 = LINE('',#7916,#7917);
#7916 = CARTESIAN_POINT('',(0.,59.99867998548));
#7917 = VECTOR('',#7918,1.);
#7918 = DIRECTION('',(1.,0.));
#7919 = ( GEOMETRIC_REPRESENTATION_CONTEXT(2) 
PARAMETRIC_REPRESENTATION_CONTEXT() REPRESENTATION_CONTEXT('2D SPACE',''
  ) );
#7920 = PCURVE('',#1716,#7921);
#7921 = DEFINITIONAL_REPRESENTATION('',(#7922),#7926);
#7922 = CIRCLE('',#7923,17.);
#7923 = AXIS2_PLACEMENT_2D('',#7924,#7925);
#7924 = CARTESIAN_POINT('',(0.,0.));
#7925 = DIRECTION('',(1.,0.));
#7926 = ( GEOMETRIC_REPRESENTATION_CONTEXT(2) 
PARAMETRIC_REPRESENTATION_CONTEXT() REPRESENTATION_CONTEXT('2D SPACE',''
  ) );
#7927 = ORIENTED_EDGE('',*,*,#1680,.F.);
#7928 = ORIENTED_EDGE('',*,*,#7929,.T.);
#7929 = EDGE_CURVE('',#1660,#1533,#7930,.T.);
#7930 = SURFACE_CURVE('',#7931,(#7936,#7943),.PCURVE_S1.);
#7931 = CIRCLE('',#7932,17.);
#7932 = AXIS2_PLACEMENT_3D('',#7933,#7934,#7935);
#7933 = CARTESIAN_POINT('',(20.,34.64,0.));
#7934 = DIRECTION('',(0.500011000363,0.866019052629,0.));
#7935 = DIRECTION('',(0.866019052629,-0.500011000363,0.));
#7936 = PCURVE('',#1549,#7937);
#7937 = DEFINITIONAL_REPRESENTATION('',(#7938),#7942);
#7938 = LINE('',#7939,#7940);
#7939 = CARTESIAN_POINT('',(0.,0.));
#7940 = VECTOR('',#7941,1.);
#7941 = DIRECTION('',(1.,0.));
#7942 = ( GEOMETRIC_REPRESENTATION_CONTEXT(2) 
PARAMETRIC_REPRESENTATION_CONTEXT() REPRESENTATION_CONTEXT('2D SPACE',''
  ) );
#7943 = PCURVE('',#1575,#7944);
#7944 = DEFINITIONAL_REPRESENTATION('',(#7945),#7949);
#7945 = CIRCLE('',#7946,17.);
#7946 = AXIS2_PLACEMENT_2D('',#7947,#7948);
#7947 = CARTESIAN_POINT('',(0.,0.));
#7948 = DIRECTION('',(1.,0.));
#7949 = ( GEOMETRIC_REPRESENTATION_CONTEXT(2) 
PARAMETRIC_REPRESENTATION_CONTEXT() REPRESENTATION_CONTEXT('2D SPACE',''
  ) );
#7950 = FACE_BOUND('',#7951,.T.);
#7951 = EDGE_LOOP('',(#7952));
#7952 = ORIENTED_EDGE('',*,*,#7953,.F.);
#7953 = EDGE_CURVE('',#7954,#7954,#7956,.T.);
#7954 = VERTEX_POINT('',#7955);
#7955 = CARTESIAN_POINT('',(37.1,60.62,16.902442087229));
#7956 = SURFACE_CURVE('',#7957,(#8016,#8078),.PCURVE_S1.);
#7957 = B_SPLINE_CURVE_WITH_KNOTS('',8,(#7958,#7959,#7960,#7961,#7962,
    #7963,#7964,#7965,#7966,#7967,#7968,#7969,#7970,#7971,#7972,#7973,
    #7974,#7975,#7976,#7977,#7978,#7979,#7980,#7981,#7982,#7983,#7984,
    #7985,#7986,#7987,#7988,#7989,#7990,#7991,#7992,#7993,#7994,#7995,
    #7996,#7997,#7998,#7999,#8000,#8001,#8002,#8003,#8004,#8005,#8006,
    #8007,#8008,#8009,#8010,#8011,#8012,#8013,#8014,#8015),
  .UNSPECIFIED.,.T.,.F.,(9,7,7,7,7,7,7,7,9),(0.,0.125044464047,
    0.238089466519,0.336885766659,0.429977513992,0.579116347763,
    0.700372623511,0.839119685587,1.),.UNSPECIFIED.);
#7958 = CARTESIAN_POINT('',(37.1,60.62,16.902442087229));
#7959 = CARTESIAN_POINT('',(37.1,60.811297037732,16.912733739139));
#7960 = CARTESIAN_POINT('',(37.080084949813,61.00862430719,
    16.924579651964));
#7961 = CARTESIAN_POINT('',(37.038055613729,61.20961081679,
    16.937595260216));
#7962 = CARTESIAN_POINT('',(36.971946717194,61.411416779373,
    16.951185749257));
#7963 = CARTESIAN_POINT('',(36.880046846226,61.61071200474,
    16.964551208962));
#7964 = CARTESIAN_POINT('',(36.760939165973,61.803610535372,
    16.97671331913));
#7965 = CARTESIAN_POINT('',(36.613594576313,61.985516244731,
    16.986601440823));
#7966 = CARTESIAN_POINT('',(36.278396883791,62.300287829814,
    16.999233873345));
#7967 = CARTESIAN_POINT('',(36.099368506567,62.432821143128,
    17.002437176646));
#7968 = CARTESIAN_POINT('',(35.903846362661,62.543601402053,
    17.002264774779));
#7969 = CARTESIAN_POINT('',(35.696583851897,62.629277677719,
    16.99851024746));
#7970 = CARTESIAN_POINT('',(35.483255871158,62.688146500687,
    16.991525897492));
#7971 = CARTESIAN_POINT('',(35.2699950863,62.720356459326,
    16.982132303018));
#7972 = CARTESIAN_POINT('',(35.062979862535,62.728114420544,
    16.971372581785));
#7973 = CARTESIAN_POINT('',(34.697858462583,62.705142929159,
    16.950492905719));
#7974 = CARTESIAN_POINT('',(34.533708334076,62.678941777146,
    16.940282256275));
#7975 = CARTESIAN_POINT('',(34.376613287976,62.638986016518,
    16.930031624966));
#7976 = CARTESIAN_POINT('',(34.227197312608,62.586788880106,
    16.92010223715));
#7977 = CARTESIAN_POINT('',(34.085875862455,62.523666836035,
    16.910783595871));
#7978 = CARTESIAN_POINT('',(33.952928311128,62.450758318962,
    16.902298247233));
#7979 = CARTESIAN_POINT('',(33.828551614977,62.369037847237,
    16.894811233101));
#7980 = CARTESIAN_POINT('',(33.60391682554,62.194793243602,
    16.882444863429));
#7981 = CARTESIAN_POINT('',(33.502614734346,62.103114059935,
    16.877436059245));
#7982 = CARTESIAN_POINT('',(33.409111875074,62.004942905337,
    16.87351996451));
#7983 = CARTESIAN_POINT('',(33.323535679115,61.900834329507,
    16.870765782996));
#7984 = CARTESIAN_POINT('',(33.246033967511,61.791264300927,
    16.869215351684));
#7985 = CARTESIAN_POINT('',(33.176790999592,61.676651401595,
    16.868886468238));
#7986 = CARTESIAN_POINT('',(33.116043650644,61.557377417065,
    16.869773970619));
#7987 = CARTESIAN_POINT('',(32.980877068658,61.235840257803,
    16.87517220565));
#7988 = CARTESIAN_POINT('',(32.920292872571,61.026957204316,
    16.881540480286));
#7989 = CARTESIAN_POINT('',(32.883491417315,60.808528809604,
    16.890830928718));
#7990 = CARTESIAN_POINT('',(32.872273162735,60.581994160972,
    16.902765582394));
#7991 = CARTESIAN_POINT('',(32.889034323842,60.349261680667,
    16.916877280116));
#7992 = CARTESIAN_POINT('',(32.936728721256,60.112980812204,
    16.932402687433));
#7993 = CARTESIAN_POINT('',(33.018790726092,59.876971937527,
    16.948191239086));
#7994 = CARTESIAN_POINT('',(33.236663007274,59.460207807674,
    16.974531092374));
#7995 = CARTESIAN_POINT('',(33.361814216661,59.273052188777,
    16.985782947477));
#7996 = CARTESIAN_POINT('',(33.515264021216,59.095242941887,
    16.995202617126));
#7997 = CARTESIAN_POINT('',(33.694965313564,58.934960629207,
    17.001490688994));
#7998 = CARTESIAN_POINT('',(33.896415167486,58.798729987641,
    17.00369406055));
#7999 = CARTESIAN_POINT('',(34.113346936998,58.691003036567,
    17.001661294172));
#8000 = CARTESIAN_POINT('',(34.338325108702,58.613731078371,
    16.995968035786));
#8001 = CARTESIAN_POINT('',(34.820853996324,58.511159991012,
    16.978045650565));
#8002 = CARTESIAN_POINT('',(35.074016164911,58.495901699151,
    16.965155504979));
#8003 = CARTESIAN_POINT('',(35.317547862088,58.514869446697,
    16.950393795509));
#8004 = CARTESIAN_POINT('',(35.548043177975,58.563339350174,
    16.935158781799));
#8005 = CARTESIAN_POINT('',(35.763217300721,58.637067917641,
    16.920571497597));
#8006 = CARTESIAN_POINT('',(35.961553877056,58.732273526632,
    16.907440492544));
#8007 = CARTESIAN_POINT('',(36.142131417119,58.845626407319,
    16.896311220445));
#8008 = CARTESIAN_POINT('',(36.492531224692,59.123342625818,
    16.877281142555));
#8009 = CARTESIAN_POINT('',(36.657139702062,59.293827604092,
    16.870119471389));
#8010 = CARTESIAN_POINT('',(36.797774084092,59.482316655855,
    16.866520774415));
#8011 = CARTESIAN_POINT('',(36.913778969608,59.686435833418,
    16.866707773895));
#8012 = CARTESIAN_POINT('',(37.004049173181,59.904239119202,
    16.870702853001));
#8013 = CARTESIAN_POINT('',(37.066911544313,60.133905008055,
    16.878334037996));
#8014 = CARTESIAN_POINT('',(37.1,60.373423030071,16.889176412164));
#8015 = CARTESIAN_POINT('',(37.1,60.62,16.902442087229));
#8016 = PCURVE('',#1549,#8017);
#8017 = DEFINITIONAL_REPRESENTATION('',(#8018),#8077);
#8018 = B_SPLINE_CURVE_WITH_KNOTS('',8,(#8019,#8020,#8021,#8022,#8023,
    #8024,#8025,#8026,#8027,#8028,#8029,#8030,#8031,#8032,#8033,#8034,
    #8035,#8036,#8037,#8038,#8039,#8040,#8041,#8042,#8043,#8044,#8045,
    #8046,#8047,#8048,#8049,#8050,#8051,#8052,#8053,#8054,#8055,#8056,
    #8057,#8058,#8059,#8060,#8061,#8062,#8063,#8064,#8065,#8066,#8067,
    #8068,#8069,#8070,#8071,#8072,#8073,#8074,#8075,#8076),
  .UNSPECIFIED.,.T.,.F.,(9,7,7,7,7,7,7,7,9),(0.,0.125044464047,
    0.238089466519,0.336885766659,0.429977513992,0.579116347763,
    0.700372623511,0.839119685587,1.),.UNSPECIFIED.);
#8019 = CARTESIAN_POINT('',(4.819572915257,31.049363093502));
#8020 = CARTESIAN_POINT('',(4.813913932803,31.21502997289));
#8021 = CARTESIAN_POINT('',(4.807060124052,31.375961403677));
#8022 = CARTESIAN_POINT('',(4.798971598272,31.529004419932));
#8023 = CARTESIAN_POINT('',(4.789634783371,31.670717052973));
#8024 = CARTESIAN_POINT('',(4.779063748005,31.797359568823));
#8025 = CARTESIAN_POINT('',(4.767302961075,31.90485822122));
#8026 = CARTESIAN_POINT('',(4.754435315483,31.988718115633));
#8027 = CARTESIAN_POINT('',(4.72809090153,32.093713771984));
#8028 = CARTESIAN_POINT('',(4.715072515824,32.118973988433));
#8029 = CARTESIAN_POINT('',(4.701856453898,32.11714858055));
#8030 = CARTESIAN_POINT('',(4.688779490276,32.08771233229));
#8031 = CARTESIAN_POINT('',(4.676176618095,32.032027517531));
#8032 = CARTESIAN_POINT('',(4.664353726508,31.953289217022));
#8033 = CARTESIAN_POINT('',(4.653561660863,31.856497870121));
#8034 = CARTESIAN_POINT('',(4.635595154474,31.654039404471));
#8035 = CARTESIAN_POINT('',(4.627980309061,31.549271837662));
#8036 = CARTESIAN_POINT('',(4.621126575889,31.436120136544));
#8037 = CARTESIAN_POINT('',(4.61502251281,31.316206790604));
#8038 = CARTESIAN_POINT('',(4.609651955409,31.190879618134));
#8039 = CARTESIAN_POINT('',(4.604996945842,31.061264215115));
#8040 = CARTESIAN_POINT('',(4.601039941681,30.928303013347));
#8041 = CARTESIAN_POINT('',(4.594679747249,30.665084000998));
#8042 = CARTESIAN_POINT('',(4.592198162756,30.535035921257));
#8043 = CARTESIAN_POINT('',(4.590308281123,30.403265372755));
#8044 = CARTESIAN_POINT('',(4.589000839851,30.270316323195));
#8045 = CARTESIAN_POINT('',(4.588269731595,30.136674882499));
#8046 = CARTESIAN_POINT('',(4.588112187128,30.002795682343));
#8047 = CARTESIAN_POINT('',(4.58852899381,29.86912779654));
#8048 = CARTESIAN_POINT('',(4.591120012879,29.523085712617));
#8049 = CARTESIAN_POINT('',(4.59420033372,29.311896244034));
#8050 = CARTESIAN_POINT('',(4.598782762983,29.104331960121));
#8051 = CARTESIAN_POINT('',(4.60491441034,28.902539387631));
#8052 = CARTESIAN_POINT('',(4.612657609867,28.709369390453));
#8053 = CARTESIAN_POINT('',(4.622080037869,28.528593379955));
#8054 = CARTESIAN_POINT('',(4.633239134932,28.365237103025));
#8055 = CARTESIAN_POINT('',(4.65664742171,28.113249963385));
#8056 = CARTESIAN_POINT('',(4.668545363268,28.013746613016));
#8057 = CARTESIAN_POINT('',(4.681602093292,27.936487007757));
#8058 = CARTESIAN_POINT('',(4.69547205795,27.887532094131));
#8059 = CARTESIAN_POINT('',(4.709737417146,27.870280905965));
#8060 = CARTESIAN_POINT('',(4.723954407977,27.885455584937));
#8061 = CARTESIAN_POINT('',(4.737690838185,27.931028157599));
#8062 = CARTESIAN_POINT('',(4.765308960516,28.083469393501));
#8063 = CARTESIAN_POINT('',(4.778673616426,28.196839291209));
#8064 = CARTESIAN_POINT('',(4.790551214682,28.335034249494));
#8065 = CARTESIAN_POINT('',(4.800904998861,28.492260302861));
#8066 = CARTESIAN_POINT('',(4.809739122735,28.663700075376));
#8067 = CARTESIAN_POINT('',(4.817083110464,28.845320416621));
#8068 = CARTESIAN_POINT('',(4.822984548971,29.033776927417));
#8069 = CARTESIAN_POINT('',(4.832730914888,29.449488222172));
#8070 = CARTESIAN_POINT('',(4.836128155693,29.679437510982));
#8071 = CARTESIAN_POINT('',(4.837762266246,29.912991359065));
#8072 = CARTESIAN_POINT('',(4.837667586617,30.147766174696));
#8073 = CARTESIAN_POINT('',(4.835844764573,30.381524064702));
#8074 = CARTESIAN_POINT('',(4.83226387644,30.611850977262));
#8075 = CARTESIAN_POINT('',(4.826867198342,30.835822739604));
#8076 = CARTESIAN_POINT('',(4.819572915257,31.049363093502));
#8077 = ( GEOMETRIC_REPRESENTATION_CONTEXT(2) 
PARAMETRIC_REPRESENTATION_CONTEXT() REPRESENTATION_CONTEXT('2D SPACE',''
  ) );
#8078 = PCURVE('',#8079,#8084);
#8079 = CYLINDRICAL_SURFACE('',#8080,2.1);
#8080 = AXIS2_PLACEMENT_3D('',#8081,#8082,#8083);
#8081 = CARTESIAN_POINT('',(35.,60.62,-20.));
#8082 = DIRECTION('',(0.,0.,1.));
#8083 = DIRECTION('',(1.,0.,-0.));
#8084 = DEFINITIONAL_REPRESENTATION('',(#8085),#8144);
#8085 = B_SPLINE_CURVE_WITH_KNOTS('',8,(#8086,#8087,#8088,#8089,#8090,
    #8091,#8092,#8093,#8094,#8095,#8096,#8097,#8098,#8099,#8100,#8101,
    #8102,#8103,#8104,#8105,#8106,#8107,#8108,#8109,#8110,#8111,#8112,
    #8113,#8114,#8115,#8116,#8117,#8118,#8119,#8120,#8121,#8122,#8123,
    #8124,#8125,#8126,#8127,#8128,#8129,#8130,#8131,#8132,#8133,#8134,
    #8135,#8136,#8137,#8138,#8139,#8140,#8141,#8142,#8143),
  .UNSPECIFIED.,.F.,.F.,(9,7,7,7,7,7,7,7,9),(0.,0.125044464047,
    0.238089466519,0.336885766659,0.429977513992,0.579116347763,
    0.700372623511,0.839119685587,1.),.UNSPECIFIED.);
#8086 = CARTESIAN_POINT('',(8.881784197001E-16,36.902442087229));
#8087 = CARTESIAN_POINT('',(9.109382749165E-02,36.912733739139));
#8088 = CARTESIAN_POINT('',(0.185058806934,36.924579651964));
#8089 = CARTESIAN_POINT('',(0.281919980088,36.937595260216));
#8090 = CARTESIAN_POINT('',(0.381776543481,36.951185749257));
#8091 = CARTESIAN_POINT('',(0.484828382761,36.964551208962));
#8092 = CARTESIAN_POINT('',(0.591369797872,36.97671331913));
#8093 = CARTESIAN_POINT('',(0.701814266086,36.986601440823));
#8094 = CARTESIAN_POINT('',(0.920778351528,36.999233873345));
#8095 = CARTESIAN_POINT('',(1.026126306713,37.002437176646));
#8096 = CARTESIAN_POINT('',(1.131822579068,37.002264774779));
#8097 = CARTESIAN_POINT('',(1.237024181641,36.99851024746));
#8098 = CARTESIAN_POINT('',(1.340899683408,36.991525897492));
#8099 = CARTESIAN_POINT('',(1.44251115655,36.982132303018));
#8100 = CARTESIAN_POINT('',(1.54066380565,36.971372581785));
#8101 = CARTESIAN_POINT('',(1.71487490477,36.950492905719));
#8102 = CARTESIAN_POINT('',(1.79367129472,36.940282256275));
#8103 = CARTESIAN_POINT('',(1.870341412602,36.930031624966));
#8104 = CARTESIAN_POINT('',(1.945158001597,36.92010223715));
#8105 = CARTESIAN_POINT('',(2.018362474509,36.910783595871));
#8106 = CARTESIAN_POINT('',(2.090180033059,36.902298247233));
#8107 = CARTESIAN_POINT('',(2.160829917138,36.894811233101));
#8108 = CARTESIAN_POINT('',(2.296207084499,36.882444863429));
#8109 = CARTESIAN_POINT('',(2.361081094054,36.877436059245));
#8110 = CARTESIAN_POINT('',(2.425346506314,36.87351996451));
#8111 = CARTESIAN_POINT('',(2.489181954941,36.870765782996));
#8112 = CARTESIAN_POINT('',(2.55275835318,36.869215351684));
#8113 = CARTESIAN_POINT('',(2.616244954104,36.868886468238));
#8114 = CARTESIAN_POINT('',(2.679814131581,36.869773970619));
#8115 = CARTESIAN_POINT('',(2.845905758393,36.87517220565));
#8116 = CARTESIAN_POINT('',(2.948780731182,36.881540480286));
#8117 = CARTESIAN_POINT('',(3.053089253798,36.890830928718));
#8118 = CARTESIAN_POINT('',(3.159571533553,36.902765582394));
#8119 = CARTESIAN_POINT('',(3.268971323225,36.916877280116));
#8120 = CARTESIAN_POINT('',(3.38207235138,36.932402687433));
#8121 = CARTESIAN_POINT('',(3.499773873363,36.948191239086));
#8122 = CARTESIAN_POINT('',(3.723715410336,36.974531092374));
#8123 = CARTESIAN_POINT('',(3.830305933424,36.985782947477));
#8124 = CARTESIAN_POINT('',(3.940737254724,36.995202617126));
#8125 = CARTESIAN_POINT('',(4.053451130217,37.001490688994));
#8126 = CARTESIAN_POINT('',(4.167229373245,37.00369406055));
#8127 = CARTESIAN_POINT('',(4.280941216165,37.001661294171));
#8128 = CARTESIAN_POINT('',(4.39338330649,36.995968035786));
#8129 = CARTESIAN_POINT('',(4.628292926468,36.978045650565));
#8130 = CARTESIAN_POINT('',(4.747723307529,36.965155504979));
#8131 = CARTESIAN_POINT('',(4.862275759961,36.950393795509));
#8132 = CARTESIAN_POINT('',(4.972660053989,36.935158781799));
#8133 = CARTESIAN_POINT('',(5.079434974977,36.920571497597));
#8134 = CARTESIAN_POINT('',(5.18307514989,36.907440492544));
#8135 = CARTESIAN_POINT('',(5.283991937202,36.896311220445));
#8136 = CARTESIAN_POINT('',(5.496900913081,36.877281142555));
#8137 = CARTESIAN_POINT('',(5.608757387326,36.870119471389));
#8138 = CARTESIAN_POINT('',(5.719268291071,36.866520774415));
#8139 = CARTESIAN_POINT('',(5.829354520188,36.866707773895));
#8140 = CARTESIAN_POINT('',(5.939880970125,36.870702853001));
#8141 = CARTESIAN_POINT('',(6.051711295529,36.878334037996));
#8142 = CARTESIAN_POINT('',(6.165767702452,36.889176412164));
#8143 = CARTESIAN_POINT('',(6.28318530718,36.902442087229));
#8144 = ( GEOMETRIC_REPRESENTATION_CONTEXT(2) 
PARAMETRIC_REPRESENTATION_CONTEXT() REPRESENTATION_CONTEXT('2D SPACE',''
  ) );
#8145 = ADVANCED_FACE('',(#8146),#1716,.T.);
#8146 = FACE_BOUND('',#8147,.T.);
#8147 = EDGE_LOOP('',(#8148,#8149,#8150,#8151));
#8148 = ORIENTED_EDGE('',*,*,#1701,.T.);
#8149 = ORIENTED_EDGE('',*,*,#7906,.T.);
#8150 = ORIENTED_EDGE('',*,*,#1795,.T.);
#8151 = ORIENTED_EDGE('',*,*,#8152,.F.);
#8152 = EDGE_CURVE('',#1702,#1775,#8153,.T.);
#8153 = SURFACE_CURVE('',#8154,(#8159,#8166),.PCURVE_S1.);
#8154 = CIRCLE('',#8155,15.);
#8155 = AXIS2_PLACEMENT_3D('',#8156,#8157,#8158);
#8156 = CARTESIAN_POINT('',(50.,86.6,0.));
#8157 = DIRECTION('',(0.500011000363,0.866019052629,0.));
#8158 = DIRECTION('',(0.866019052629,-0.500011000363,0.));
#8159 = PCURVE('',#1716,#8160);
#8160 = DEFINITIONAL_REPRESENTATION('',(#8161),#8165);
#8161 = CIRCLE('',#8162,15.);
#8162 = AXIS2_PLACEMENT_2D('',#8163,#8164);
#8163 = CARTESIAN_POINT('',(0.,0.));
#8164 = DIRECTION('',(1.,0.));
#8165 = ( GEOMETRIC_REPRESENTATION_CONTEXT(2) 
PARAMETRIC_REPRESENTATION_CONTEXT() REPRESENTATION_CONTEXT('2D SPACE',''
  ) );
#8166 = PCURVE('',#1601,#8167);
#8167 = DEFINITIONAL_REPRESENTATION('',(#8168),#8172);
#8168 = LINE('',#8169,#8170);
#8169 = CARTESIAN_POINT('',(0.,64.99856998427));
#8170 = VECTOR('',#8171,1.);
#8171 = DIRECTION('',(1.,0.));
#8172 = ( GEOMETRIC_REPRESENTATION_CONTEXT(2) 
PARAMETRIC_REPRESENTATION_CONTEXT() REPRESENTATION_CONTEXT('2D SPACE',''
  ) );
#8173 = ADVANCED_FACE('',(#8174,#8409,#8604),#1601,.F.);
#8174 = FACE_BOUND('',#8175,.F.);
#8175 = EDGE_LOOP('',(#8176,#8201,#8223,#8224,#8225,#8226,#8248,#8249,
    #8271,#8272,#8294,#8295,#8317,#8318,#8340,#8341,#8363,#8364,#8386,
    #8387));
#8176 = ORIENTED_EDGE('',*,*,#8177,.T.);
#8177 = EDGE_CURVE('',#8178,#8180,#8182,.T.);
#8178 = VERTEX_POINT('',#8179);
#8179 = CARTESIAN_POINT('',(30.490285789431,22.809834994555,
    3.673940397442E-15));
#8180 = VERTEX_POINT('',#8181);
#8181 = CARTESIAN_POINT('',(65.490285789431,83.429834994555,
    3.673940397442E-15));
#8182 = SEAM_CURVE('',#8183,(#8187,#8194),.PCURVE_S1.);
#8183 = LINE('',#8184,#8185);
#8184 = CARTESIAN_POINT('',(30.490285789431,22.809834994555,
    3.673940397442E-15));
#8185 = VECTOR('',#8186,1.);
#8186 = DIRECTION('',(0.500011000363,0.866019052629,0.));
#8187 = PCURVE('',#1601,#8188);
#8188 = DEFINITIONAL_REPRESENTATION('',(#8189),#8193);
#8189 = LINE('',#8190,#8191);
#8190 = CARTESIAN_POINT('',(6.28318530718,-0.));
#8191 = VECTOR('',#8192,1.);
#8192 = DIRECTION('',(0.,1.));
#8193 = ( GEOMETRIC_REPRESENTATION_CONTEXT(2) 
PARAMETRIC_REPRESENTATION_CONTEXT() REPRESENTATION_CONTEXT('2D SPACE',''
  ) );
#8194 = PCURVE('',#1601,#8195);
#8195 = DEFINITIONAL_REPRESENTATION('',(#8196),#8200);
#8196 = LINE('',#8197,#8198);
#8197 = CARTESIAN_POINT('',(0.,-0.));
#8198 = VECTOR('',#8199,1.);
#8199 = DIRECTION('',(0.,1.));
#8200 = ( GEOMETRIC_REPRESENTATION_CONTEXT(2) 
PARAMETRIC_REPRESENTATION_CONTEXT() REPRESENTATION_CONTEXT('2D SPACE',''
  ) );
#8201 = ORIENTED_EDGE('',*,*,#8202,.F.);
#8202 = EDGE_CURVE('',#1749,#8180,#8203,.T.);
#8203 = SURFACE_CURVE('',#8204,(#8209,#8216),.PCURVE_S1.);
#8204 = CIRCLE('',#8205,15.);
#8205 = AXIS2_PLACEMENT_3D('',#8206,#8207,#8208);
#8206 = CARTESIAN_POINT('',(52.5,90.93,0.));
#8207 = DIRECTION('',(0.500011000363,0.866019052629,0.));
#8208 = DIRECTION('',(0.866019052629,-0.500011000363,0.));
#8209 = PCURVE('',#1601,#8210);
#8210 = DEFINITIONAL_REPRESENTATION('',(#8211),#8215);
#8211 = LINE('',#8212,#8213);
#8212 = CARTESIAN_POINT('',(0.,69.99845998306));
#8213 = VECTOR('',#8214,1.);
#8214 = DIRECTION('',(1.,0.));
#8215 = ( GEOMETRIC_REPRESENTATION_CONTEXT(2) 
PARAMETRIC_REPRESENTATION_CONTEXT() REPRESENTATION_CONTEXT('2D SPACE',''
  ) );
#8216 = PCURVE('',#1763,#8217);
#8217 = DEFINITIONAL_REPRESENTATION('',(#8218),#8222);
#8218 = CIRCLE('',#8219,15.);
#8219 = AXIS2_PLACEMENT_2D('',#8220,#8221);
#8220 = CARTESIAN_POINT('',(0.,0.));
#8221 = DIRECTION('',(1.,0.));
#8222 = ( GEOMETRIC_REPRESENTATION_CONTEXT(2) 
PARAMETRIC_REPRESENTATION_CONTEXT() REPRESENTATION_CONTEXT('2D SPACE',''
  ) );
#8223 = ORIENTED_EDGE('',*,*,#1774,.F.);
#8224 = ORIENTED_EDGE('',*,*,#8152,.F.);
#8225 = ORIENTED_EDGE('',*,*,#1727,.T.);
#8226 = ORIENTED_EDGE('',*,*,#8227,.F.);
#8227 = EDGE_CURVE('',#3351,#1728,#8228,.T.);
#8228 = SURFACE_CURVE('',#8229,(#8234,#8241),.PCURVE_S1.);
#8229 = CIRCLE('',#8230,15.);
#8230 = AXIS2_PLACEMENT_3D('',#8231,#8232,#8233);
#8231 = CARTESIAN_POINT('',(52.5,90.93,0.));
#8232 = DIRECTION('',(0.500011000363,0.866019052629,0.));
#8233 = DIRECTION('',(0.866019052629,-0.500011000363,0.));
#8234 = PCURVE('',#1601,#8235);
#8235 = DEFINITIONAL_REPRESENTATION('',(#8236),#8240);
#8236 = LINE('',#8237,#8238);
#8237 = CARTESIAN_POINT('',(0.,69.99845998306));
#8238 = VECTOR('',#8239,1.);
#8239 = DIRECTION('',(1.,0.));
#8240 = ( GEOMETRIC_REPRESENTATION_CONTEXT(2) 
PARAMETRIC_REPRESENTATION_CONTEXT() REPRESENTATION_CONTEXT('2D SPACE',''
  ) );
#8241 = PCURVE('',#1763,#8242);
#8242 = DEFINITIONAL_REPRESENTATION('',(#8243),#8247);
#8243 = CIRCLE('',#8244,15.);
#8244 = AXIS2_PLACEMENT_2D('',#8245,#8246);
#8245 = CARTESIAN_POINT('',(0.,0.));
#8246 = DIRECTION('',(1.,0.));
#8247 = ( GEOMETRIC_REPRESENTATION_CONTEXT(2) 
PARAMETRIC_REPRESENTATION_CONTEXT() REPRESENTATION_CONTEXT('2D SPACE',''
  ) );
#8248 = ORIENTED_EDGE('',*,*,#3350,.F.);
#8249 = ORIENTED_EDGE('',*,*,#8250,.F.);
#8250 = EDGE_CURVE('',#3393,#3325,#8251,.T.);
#8251 = SURFACE_CURVE('',#8252,(#8257,#8264),.PCURVE_S1.);
#8252 = CIRCLE('',#8253,15.);
#8253 = AXIS2_PLACEMENT_3D('',#8254,#8255,#8256);
#8254 = CARTESIAN_POINT('',(50.,86.6,0.));
#8255 = DIRECTION('',(0.500011000363,0.866019052629,0.));
#8256 = DIRECTION('',(0.866019052629,-0.500011000363,0.));
#8257 = PCURVE('',#1601,#8258);
#8258 = DEFINITIONAL_REPRESENTATION('',(#8259),#8263);
#8259 = LINE('',#8260,#8261);
#8260 = CARTESIAN_POINT('',(0.,64.99856998427));
#8261 = VECTOR('',#8262,1.);
#8262 = DIRECTION('',(1.,0.));
#8263 = ( GEOMETRIC_REPRESENTATION_CONTEXT(2) 
PARAMETRIC_REPRESENTATION_CONTEXT() REPRESENTATION_CONTEXT('2D SPACE',''
  ) );
#8264 = PCURVE('',#3339,#8265);
#8265 = DEFINITIONAL_REPRESENTATION('',(#8266),#8270);
#8266 = CIRCLE('',#8267,15.);
#8267 = AXIS2_PLACEMENT_2D('',#8268,#8269);
#8268 = CARTESIAN_POINT('',(0.,0.));
#8269 = DIRECTION('',(1.,0.));
#8270 = ( GEOMETRIC_REPRESENTATION_CONTEXT(2) 
PARAMETRIC_REPRESENTATION_CONTEXT() REPRESENTATION_CONTEXT('2D SPACE',''
  ) );
#8271 = ORIENTED_EDGE('',*,*,#3392,.T.);
#8272 = ORIENTED_EDGE('',*,*,#8273,.F.);
#8273 = EDGE_CURVE('',#8180,#3372,#8274,.T.);
#8274 = SURFACE_CURVE('',#8275,(#8280,#8287),.PCURVE_S1.);
#8275 = CIRCLE('',#8276,15.);
#8276 = AXIS2_PLACEMENT_3D('',#8277,#8278,#8279);
#8277 = CARTESIAN_POINT('',(52.5,90.93,0.));
#8278 = DIRECTION('',(0.500011000363,0.866019052629,0.));
#8279 = DIRECTION('',(0.866019052629,-0.500011000363,0.));
#8280 = PCURVE('',#1601,#8281);
#8281 = DEFINITIONAL_REPRESENTATION('',(#8282),#8286);
#8282 = LINE('',#8283,#8284);
#8283 = CARTESIAN_POINT('',(0.,69.99845998306));
#8284 = VECTOR('',#8285,1.);
#8285 = DIRECTION('',(1.,0.));
#8286 = ( GEOMETRIC_REPRESENTATION_CONTEXT(2) 
PARAMETRIC_REPRESENTATION_CONTEXT() REPRESENTATION_CONTEXT('2D SPACE',''
  ) );
#8287 = PCURVE('',#1763,#8288);
#8288 = DEFINITIONAL_REPRESENTATION('',(#8289),#8293);
#8289 = CIRCLE('',#8290,15.);
#8290 = AXIS2_PLACEMENT_2D('',#8291,#8292);
#8291 = CARTESIAN_POINT('',(0.,0.));
#8292 = DIRECTION('',(1.,0.));
#8293 = ( GEOMETRIC_REPRESENTATION_CONTEXT(2) 
PARAMETRIC_REPRESENTATION_CONTEXT() REPRESENTATION_CONTEXT('2D SPACE',''
  ) );
#8294 = ORIENTED_EDGE('',*,*,#8177,.F.);
#8295 = ORIENTED_EDGE('',*,*,#8296,.T.);
#8296 = EDGE_CURVE('',#8178,#3220,#8297,.T.);
#8297 = SURFACE_CURVE('',#8298,(#8303,#8310),.PCURVE_S1.);
#8298 = CIRCLE('',#8299,15.);
#8299 = AXIS2_PLACEMENT_3D('',#8300,#8301,#8302);
#8300 = CARTESIAN_POINT('',(17.5,30.31,0.));
#8301 = DIRECTION('',(0.500011000363,0.866019052629,0.));
#8302 = DIRECTION('',(0.866019052629,-0.500011000363,0.));
#8303 = PCURVE('',#1601,#8304);
#8304 = DEFINITIONAL_REPRESENTATION('',(#8305),#8309);
#8305 = LINE('',#8306,#8307);
#8306 = CARTESIAN_POINT('',(0.,0.));
#8307 = VECTOR('',#8308,1.);
#8308 = DIRECTION('',(1.,0.));
#8309 = ( GEOMETRIC_REPRESENTATION_CONTEXT(2) 
PARAMETRIC_REPRESENTATION_CONTEXT() REPRESENTATION_CONTEXT('2D SPACE',''
  ) );
#8310 = PCURVE('',#1627,#8311);
#8311 = DEFINITIONAL_REPRESENTATION('',(#8312),#8316);
#8312 = CIRCLE('',#8313,15.);
#8313 = AXIS2_PLACEMENT_2D('',#8314,#8315);
#8314 = CARTESIAN_POINT('',(0.,0.));
#8315 = DIRECTION('',(1.,0.));
#8316 = ( GEOMETRIC_REPRESENTATION_CONTEXT(2) 
PARAMETRIC_REPRESENTATION_CONTEXT() REPRESENTATION_CONTEXT('2D SPACE',''
  ) );
#8317 = ORIENTED_EDGE('',*,*,#3219,.T.);
#8318 = ORIENTED_EDGE('',*,*,#8319,.T.);
#8319 = EDGE_CURVE('',#3194,#3262,#8320,.T.);
#8320 = SURFACE_CURVE('',#8321,(#8326,#8333),.PCURVE_S1.);
#8321 = CIRCLE('',#8322,15.);
#8322 = AXIS2_PLACEMENT_3D('',#8323,#8324,#8325);
#8323 = CARTESIAN_POINT('',(20.,34.64,0.));
#8324 = DIRECTION('',(0.500011000363,0.866019052629,0.));
#8325 = DIRECTION('',(0.866019052629,-0.500011000363,0.));
#8326 = PCURVE('',#1601,#8327);
#8327 = DEFINITIONAL_REPRESENTATION('',(#8328),#8332);
#8328 = LINE('',#8329,#8330);
#8329 = CARTESIAN_POINT('',(0.,4.99988999879));
#8330 = VECTOR('',#8331,1.);
#8331 = DIRECTION('',(1.,0.));
#8332 = ( GEOMETRIC_REPRESENTATION_CONTEXT(2) 
PARAMETRIC_REPRESENTATION_CONTEXT() REPRESENTATION_CONTEXT('2D SPACE',''
  ) );
#8333 = PCURVE('',#3208,#8334);
#8334 = DEFINITIONAL_REPRESENTATION('',(#8335),#8339);
#8335 = CIRCLE('',#8336,15.);
#8336 = AXIS2_PLACEMENT_2D('',#8337,#8338);
#8337 = CARTESIAN_POINT('',(0.,0.));
#8338 = DIRECTION('',(1.,0.));
#8339 = ( GEOMETRIC_REPRESENTATION_CONTEXT(2) 
PARAMETRIC_REPRESENTATION_CONTEXT() REPRESENTATION_CONTEXT('2D SPACE',''
  ) );
#8340 = ORIENTED_EDGE('',*,*,#3261,.F.);
#8341 = ORIENTED_EDGE('',*,*,#8342,.T.);
#8342 = EDGE_CURVE('',#3241,#1613,#8343,.T.);
#8343 = SURFACE_CURVE('',#8344,(#8349,#8356),.PCURVE_S1.);
#8344 = CIRCLE('',#8345,15.);
#8345 = AXIS2_PLACEMENT_3D('',#8346,#8347,#8348);
#8346 = CARTESIAN_POINT('',(17.5,30.31,0.));
#8347 = DIRECTION('',(0.500011000363,0.866019052629,0.));
#8348 = DIRECTION('',(0.866019052629,-0.500011000363,0.));
#8349 = PCURVE('',#1601,#8350);
#8350 = DEFINITIONAL_REPRESENTATION('',(#8351),#8355);
#8351 = LINE('',#8352,#8353);
#8352 = CARTESIAN_POINT('',(0.,0.));
#8353 = VECTOR('',#8354,1.);
#8354 = DIRECTION('',(1.,0.));
#8355 = ( GEOMETRIC_REPRESENTATION_CONTEXT(2) 
PARAMETRIC_REPRESENTATION_CONTEXT() REPRESENTATION_CONTEXT('2D SPACE',''
  ) );
#8356 = PCURVE('',#1627,#8357);
#8357 = DEFINITIONAL_REPRESENTATION('',(#8358),#8362);
#8358 = CIRCLE('',#8359,15.);
#8359 = AXIS2_PLACEMENT_2D('',#8360,#8361);
#8360 = CARTESIAN_POINT('',(0.,0.));
#8361 = DIRECTION('',(1.,0.));
#8362 = ( GEOMETRIC_REPRESENTATION_CONTEXT(2) 
PARAMETRIC_REPRESENTATION_CONTEXT() REPRESENTATION_CONTEXT('2D SPACE',''
  ) );
#8363 = ORIENTED_EDGE('',*,*,#1638,.T.);
#8364 = ORIENTED_EDGE('',*,*,#8365,.T.);
#8365 = EDGE_CURVE('',#1639,#1561,#8366,.T.);
#8366 = SURFACE_CURVE('',#8367,(#8372,#8379),.PCURVE_S1.);
#8367 = CIRCLE('',#8368,15.);
#8368 = AXIS2_PLACEMENT_3D('',#8369,#8370,#8371);
#8369 = CARTESIAN_POINT('',(20.,34.64,0.));
#8370 = DIRECTION('',(0.500011000363,0.866019052629,0.));
#8371 = DIRECTION('',(0.866019052629,-0.500011000363,0.));
#8372 = PCURVE('',#1601,#8373);
#8373 = DEFINITIONAL_REPRESENTATION('',(#8374),#8378);
#8374 = LINE('',#8375,#8376);
#8375 = CARTESIAN_POINT('',(0.,4.99988999879));
#8376 = VECTOR('',#8377,1.);
#8377 = DIRECTION('',(1.,0.));
#8378 = ( GEOMETRIC_REPRESENTATION_CONTEXT(2) 
PARAMETRIC_REPRESENTATION_CONTEXT() REPRESENTATION_CONTEXT('2D SPACE',''
  ) );
#8379 = PCURVE('',#1575,#8380);
#8380 = DEFINITIONAL_REPRESENTATION('',(#8381),#8385);
#8381 = CIRCLE('',#8382,15.);
#8382 = AXIS2_PLACEMENT_2D('',#8383,#8384);
#8383 = CARTESIAN_POINT('',(0.,0.));
#8384 = DIRECTION('',(1.,0.));
#8385 = ( GEOMETRIC_REPRESENTATION_CONTEXT(2) 
PARAMETRIC_REPRESENTATION_CONTEXT() REPRESENTATION_CONTEXT('2D SPACE',''
  ) );
#8386 = ORIENTED_EDGE('',*,*,#1586,.F.);
#8387 = ORIENTED_EDGE('',*,*,#8388,.T.);
#8388 = EDGE_CURVE('',#1587,#8178,#8389,.T.);
#8389 = SURFACE_CURVE('',#8390,(#8395,#8402),.PCURVE_S1.);
#8390 = CIRCLE('',#8391,15.);
#8391 = AXIS2_PLACEMENT_3D('',#8392,#8393,#8394);
#8392 = CARTESIAN_POINT('',(17.5,30.31,0.));
#8393 = DIRECTION('',(0.500011000363,0.866019052629,0.));
#8394 = DIRECTION('',(0.866019052629,-0.500011000363,0.));
#8395 = PCURVE('',#1601,#8396);
#8396 = DEFINITIONAL_REPRESENTATION('',(#8397),#8401);
#8397 = LINE('',#8398,#8399);
#8398 = CARTESIAN_POINT('',(0.,0.));
#8399 = VECTOR('',#8400,1.);
#8400 = DIRECTION('',(1.,0.));
#8401 = ( GEOMETRIC_REPRESENTATION_CONTEXT(2) 
PARAMETRIC_REPRESENTATION_CONTEXT() REPRESENTATION_CONTEXT('2D SPACE',''
  ) );
#8402 = PCURVE('',#1627,#8403);
#8403 = DEFINITIONAL_REPRESENTATION('',(#8404),#8408);
#8404 = CIRCLE('',#8405,15.);
#8405 = AXIS2_PLACEMENT_2D('',#8406,#8407);
#8406 = CARTESIAN_POINT('',(0.,0.));
#8407 = DIRECTION('',(1.,0.));
#8408 = ( GEOMETRIC_REPRESENTATION_CONTEXT(2) 
PARAMETRIC_REPRESENTATION_CONTEXT() REPRESENTATION_CONTEXT('2D SPACE',''
  ) );
#8409 = FACE_BOUND('',#8410,.F.);
#8410 = EDGE_LOOP('',(#8411));
#8411 = ORIENTED_EDGE('',*,*,#8412,.T.);
#8412 = EDGE_CURVE('',#8413,#8413,#8415,.T.);
#8413 = VERTEX_POINT('',#8414);
#8414 = CARTESIAN_POINT('',(37.1,60.62,-14.8893434547));
#8415 = SURFACE_CURVE('',#8416,(#8475,#8537),.PCURVE_S1.);
#8416 = B_SPLINE_CURVE_WITH_KNOTS('',8,(#8417,#8418,#8419,#8420,#8421,
    #8422,#8423,#8424,#8425,#8426,#8427,#8428,#8429,#8430,#8431,#8432,
    #8433,#8434,#8435,#8436,#8437,#8438,#8439,#8440,#8441,#8442,#8443,
    #8444,#8445,#8446,#8447,#8448,#8449,#8450,#8451,#8452,#8453,#8454,
    #8455,#8456,#8457,#8458,#8459,#8460,#8461,#8462,#8463,#8464,#8465,
    #8466,#8467,#8468,#8469,#8470,#8471,#8472,#8473,#8474),
  .UNSPECIFIED.,.T.,.F.,(9,7,7,7,7,7,7,7,9),(0.,0.125059442494,
    0.238114568587,0.336941387296,0.430007015324,0.579172399287,
    0.700444126049,0.839204752876,1.),.UNSPECIFIED.);
#8417 = CARTESIAN_POINT('',(37.1,60.62,-14.8893434547));
#8418 = CARTESIAN_POINT('',(37.1,60.811353804621,-14.90103004594));
#8419 = CARTESIAN_POINT('',(37.080073131064,61.008689288404,
    -14.91447655002));
#8420 = CARTESIAN_POINT('',(37.038037188795,61.209653230585,
    -14.92924469883));
#8421 = CARTESIAN_POINT('',(36.971934308369,61.411423947007,
    -14.94465917409));
#8422 = CARTESIAN_POINT('',(36.880051892558,61.610687799888,
    -14.95981393034));
#8423 = CARTESIAN_POINT('',(36.760964012006,61.803572043601,
    -14.97360213709));
#8424 = CARTESIAN_POINT('',(36.613625244813,61.985487445092,
    -14.98481237056));
#8425 = CARTESIAN_POINT('',(36.278373969886,62.300309347403,
    -14.99913303781));
#8426 = CARTESIAN_POINT('',(36.099318512041,62.432857854142,
    -15.00276309633));
#8427 = CARTESIAN_POINT('',(35.903769532307,62.543643288577,
    -15.00256606456));
#8428 = CARTESIAN_POINT('',(35.696484217649,62.629316331904,
    -14.99830959206));
#8429 = CARTESIAN_POINT('',(35.483140933443,62.68817449505,
    -14.99039213983));
#8430 = CARTESIAN_POINT('',(35.269879619408,62.720367483359,
    -14.9797423758));
#8431 = CARTESIAN_POINT('',(35.062894238298,62.728109033524,
    -14.9675434392));
#8432 = CARTESIAN_POINT('',(34.697895962865,62.705145288477,
    -14.94387197379));
#8433 = CARTESIAN_POINT('',(34.533776324487,62.678953042654,
    -14.9322924896));
#8434 = CARTESIAN_POINT('',(34.37670209292,62.639010068708,
    -14.92066463158));
#8435 = CARTESIAN_POINT('',(34.227295021502,62.586826099565,
    -14.90939778179));
#8436 = CARTESIAN_POINT('',(34.085969058972,62.523713339838,
    -14.89882060026));
#8437 = CARTESIAN_POINT('',(33.953003054184,62.450805322753,
    -14.88918633808));
#8438 = CARTESIAN_POINT('',(33.828594624426,62.369071208785,
    -14.88068339637));
#8439 = CARTESIAN_POINT('',(33.603940544079,62.194811641587,
    -14.86664047667));
#8440 = CARTESIAN_POINT('',(33.502647596591,62.103145254572,
    -14.86095259209));
#8441 = CARTESIAN_POINT('',(33.409143633328,62.004979552073,
    -14.85650435234));
#8442 = CARTESIAN_POINT('',(33.323560451709,61.900869070757,
    -14.85337527999));
#8443 = CARTESIAN_POINT('',(33.246049751666,61.791291281809,
    -14.85161359644));
#8444 = CARTESIAN_POINT('',(33.176798756914,61.676667505858,
    -14.85123983835));
#8445 = CARTESIAN_POINT('',(33.116046063927,61.557383157834,
    -14.85224803914));
#8446 = CARTESIAN_POINT('',(32.980835025012,61.235740243477,
    -14.85838136704));
#8447 = CARTESIAN_POINT('',(32.920243353574,61.026773944574,
    -14.86561908416));
#8448 = CARTESIAN_POINT('',(32.883461445088,60.808290947568,
    -14.87617568266));
#8449 = CARTESIAN_POINT('',(32.872277840763,60.581738472223,
    -14.88973130569));
#8450 = CARTESIAN_POINT('',(32.889073725891,60.349027374063,
    -14.90575057997));
#8451 = CARTESIAN_POINT('',(32.936787513799,60.112803368358,
    -14.92336390673));
#8452 = CARTESIAN_POINT('',(33.018840151133,59.876877393218,
    -14.94126665121));
#8453 = CARTESIAN_POINT('',(33.236617881849,59.460294127322,
    -14.97112422202));
#8454 = CARTESIAN_POINT('',(33.361739242216,59.273147328969,
    -14.98388122746));
#8455 = CARTESIAN_POINT('',(33.515181315614,59.095317030765,
    -14.99456083333));
#8456 = CARTESIAN_POINT('',(33.694892643362,58.935007685878,
    -15.001688607));
#8457 = CARTESIAN_POINT('',(33.896362884058,58.798752773285,
    -15.00418702727));
#8458 = CARTESIAN_POINT('',(34.113320896945,58.691009247442,
    -15.00188416534));
#8459 = CARTESIAN_POINT('',(34.338322543208,58.613731623717,
    -14.99543105823));
#8460 = CARTESIAN_POINT('',(34.820849295886,58.511160990183,
    -14.97511489462));
#8461 = CARTESIAN_POINT('',(35.073984526908,58.495907014355,
    -14.96050231934));
#8462 = CARTESIAN_POINT('',(35.317476585748,58.514868999634,
    -14.9437656008));
#8463 = CARTESIAN_POINT('',(35.547934191856,58.563319722724,
    -14.92648656458));
#8464 = CARTESIAN_POINT('',(35.76308726053,58.637021164799,
    -14.90993489314));
#8465 = CARTESIAN_POINT('',(35.961431588629,58.732205399731,
    -14.89502855279));
#8466 = CARTESIAN_POINT('',(36.142052962225,58.845564226359,
    -14.88238889877));
#8467 = CARTESIAN_POINT('',(36.492504273444,59.123321265079,
    -14.86077717929));
#8468 = CARTESIAN_POINT('',(36.657128969,59.29380762713,-14.85264124936)
  );
#8469 = CARTESIAN_POINT('',(36.797794028557,59.482326487488,
    -14.84855079205));
#8470 = CARTESIAN_POINT('',(36.913820311616,59.686492482557,
    -14.84876375867));
#8471 = CARTESIAN_POINT('',(37.004090528586,59.904338392032,
    -14.8533059138));
#8472 = CARTESIAN_POINT('',(37.066933821739,60.134019184596,
    -14.86197741934));
#8473 = CARTESIAN_POINT('',(37.1,60.37350603806,-14.87428927701));
#8474 = CARTESIAN_POINT('',(37.1,60.62,-14.8893434547));
#8475 = PCURVE('',#1601,#8476);
#8476 = DEFINITIONAL_REPRESENTATION('',(#8477),#8536);
#8477 = B_SPLINE_CURVE_WITH_KNOTS('',8,(#8478,#8479,#8480,#8481,#8482,
    #8483,#8484,#8485,#8486,#8487,#8488,#8489,#8490,#8491,#8492,#8493,
    #8494,#8495,#8496,#8497,#8498,#8499,#8500,#8501,#8502,#8503,#8504,
    #8505,#8506,#8507,#8508,#8509,#8510,#8511,#8512,#8513,#8514,#8515,
    #8516,#8517,#8518,#8519,#8520,#8521,#8522,#8523,#8524,#8525,#8526,
    #8527,#8528,#8529,#8530,#8531,#8532,#8533,#8534,#8535),
  .UNSPECIFIED.,.T.,.F.,(9,7,7,7,7,7,7,7,9),(0.,0.125059442494,
    0.238114568587,0.336941387296,0.430007015324,0.579172399287,
    0.700444126049,0.839204752876,1.),.UNSPECIFIED.);
#8478 = CARTESIAN_POINT('',(1.44925463699,36.049253092292));
#8479 = CARTESIAN_POINT('',(1.455680642782,36.214969132887));
#8480 = CARTESIAN_POINT('',(1.463460783936,36.375901767932));
#8481 = CARTESIAN_POINT('',(1.472639088866,36.528921937207));
#8482 = CARTESIAN_POINT('',(1.483230134776,36.670607054522));
#8483 = CARTESIAN_POINT('',(1.495217541916,36.797231128972));
#8484 = CARTESIAN_POINT('',(1.508551133797,36.904727308693));
#8485 = CARTESIAN_POINT('',(1.523138098866,36.988598507975));
#8486 = CARTESIAN_POINT('',(1.553003256299,37.093610948212));
#8487 = CARTESIAN_POINT('',(1.56775954078,37.118870781847));
#8488 = CARTESIAN_POINT('',(1.582738627746,37.117036437846));
#8489 = CARTESIAN_POINT('',(1.597559941755,37.087585988121));
#8490 = CARTESIAN_POINT('',(1.611845010529,37.031884289851));
#8491 = CARTESIAN_POINT('',(1.625247475323,36.953131028119));
#8492 = CARTESIAN_POINT('',(1.637482051709,36.856340390589));
#8493 = CARTESIAN_POINT('',(1.657850832012,36.653950197028));
#8494 = CARTESIAN_POINT('',(1.666487071934,36.54920558855));
#8495 = CARTESIAN_POINT('',(1.674262339824,36.436075368437));
#8496 = CARTESIAN_POINT('',(1.681189206709,36.316177877676));
#8497 = CARTESIAN_POINT('',(1.68728548747,36.190856489387));
#8498 = CARTESIAN_POINT('',(1.69257097863,36.061232292434));
#8499 = CARTESIAN_POINT('',(1.697064985593,35.928243409071));
#8500 = CARTESIAN_POINT('',(1.704287452818,35.665001792324));
#8501 = CARTESIAN_POINT('',(1.707105540597,35.53496936668));
#8502 = CARTESIAN_POINT('',(1.709252259259,35.403202987792));
#8503 = CARTESIAN_POINT('',(1.710737666811,35.270248795139));
#8504 = CARTESIAN_POINT('',(1.711568388567,35.136596139498));
#8505 = CARTESIAN_POINT('',(1.711747430228,35.002703506478));
#8506 = CARTESIAN_POINT('',(1.711273938183,34.869023973614));
#8507 = CARTESIAN_POINT('',(1.70833009275,34.522868074809));
#8508 = CARTESIAN_POINT('',(1.704829219033,34.311602776352));
#8509 = CARTESIAN_POINT('',(1.699622145863,34.104000979413));
#8510 = CARTESIAN_POINT('',(1.692657213303,33.902210294158));
#8511 = CARTESIAN_POINT('',(1.68386592905,33.709076176718));
#8512 = CARTESIAN_POINT('',(1.673173949841,33.528359105912));
#8513 = CARTESIAN_POINT('',(1.660518280399,33.365069937707));
#8514 = CARTESIAN_POINT('',(1.633983790161,33.113192153426));
#8515 = CARTESIAN_POINT('',(1.62049573216,33.013681516978));
#8516 = CARTESIAN_POINT('',(1.605694668552,32.936399815217));
#8517 = CARTESIAN_POINT('',(1.589973484956,32.887426508993));
#8518 = CARTESIAN_POINT('',(1.573805323598,32.870164495268));
#8519 = CARTESIAN_POINT('',(1.557691482735,32.88533794215));
#8520 = CARTESIAN_POINT('',(1.542121091893,32.930917345894));
#8521 = CARTESIAN_POINT('',(1.510814193566,33.083357907322));
#8522 = CARTESIAN_POINT('',(1.495663078696,33.196718073717));
#8523 = CARTESIAN_POINT('',(1.482194389079,33.334888222165));
#8524 = CARTESIAN_POINT('',(1.470449515321,33.492078809646));
#8525 = CARTESIAN_POINT('',(1.460424442407,33.663484563788));
#8526 = CARTESIAN_POINT('',(1.452086903999,33.845090270659));
#8527 = CARTESIAN_POINT('',(1.445384388806,34.033573848001));
#8528 = CARTESIAN_POINT('',(1.434315820017,34.449346246235));
#8529 = CARTESIAN_POINT('',(1.430456186325,34.679304842694));
#8530 = CARTESIAN_POINT('',(1.428598886645,34.912899844689));
#8531 = CARTESIAN_POINT('',(1.428706713838,35.147725904178));
#8532 = CARTESIAN_POINT('',(1.430779021606,35.381520713811));
#8533 = CARTESIAN_POINT('',(1.434848207447,35.611850994069));
#8534 = CARTESIAN_POINT('',(1.440976925292,35.835784624894));
#8535 = CARTESIAN_POINT('',(1.44925463699,36.049253092292));
#8536 = ( GEOMETRIC_REPRESENTATION_CONTEXT(2) 
PARAMETRIC_REPRESENTATION_CONTEXT() REPRESENTATION_CONTEXT('2D SPACE',''
  ) );
#8537 = PCURVE('',#8538,#8543);
#8538 = CYLINDRICAL_SURFACE('',#8539,2.1);
#8539 = AXIS2_PLACEMENT_3D('',#8540,#8541,#8542);
#8540 = CARTESIAN_POINT('',(35.,60.62,-20.));
#8541 = DIRECTION('',(0.,0.,1.));
#8542 = DIRECTION('',(1.,0.,-0.));
#8543 = DEFINITIONAL_REPRESENTATION('',(#8544),#8603);
#8544 = B_SPLINE_CURVE_WITH_KNOTS('',8,(#8545,#8546,#8547,#8548,#8549,
    #8550,#8551,#8552,#8553,#8554,#8555,#8556,#8557,#8558,#8559,#8560,
    #8561,#8562,#8563,#8564,#8565,#8566,#8567,#8568,#8569,#8570,#8571,
    #8572,#8573,#8574,#8575,#8576,#8577,#8578,#8579,#8580,#8581,#8582,
    #8583,#8584,#8585,#8586,#8587,#8588,#8589,#8590,#8591,#8592,#8593,
    #8594,#8595,#8596,#8597,#8598,#8599,#8600,#8601,#8602),
  .UNSPECIFIED.,.F.,.F.,(9,7,7,7,7,7,7,7,9),(0.,0.125059442494,
    0.238114568587,0.336941387296,0.430007015324,0.579172399287,
    0.700444126049,0.839204752876,1.),.UNSPECIFIED.);
#8545 = CARTESIAN_POINT('',(8.881784197001E-16,5.110656545296));
#8546 = CARTESIAN_POINT('',(9.11208593434E-02,5.098969954056));
#8547 = CARTESIAN_POINT('',(0.185089744531,5.085523449977));
#8548 = CARTESIAN_POINT('',(0.281941219461,5.070755301166));
#8549 = CARTESIAN_POINT('',(0.381781766012,5.055340825907));
#8550 = CARTESIAN_POINT('',(0.484817551608,5.040186069656));
#8551 = CARTESIAN_POINT('',(0.591348619818,5.026397862903));
#8552 = CARTESIAN_POINT('',(0.701794232236,5.015187629431));
#8553 = CARTESIAN_POINT('',(0.920793319776,5.000866962184));
#8554 = CARTESIAN_POINT('',(1.026155615688,4.997236903667));
#8555 = CARTESIAN_POINT('',(1.131863678739,4.997433935439));
#8556 = CARTESIAN_POINT('',(1.237074255867,5.001690407936));
#8557 = CARTESIAN_POINT('',(1.340955123884,5.009607860162));
#8558 = CARTESIAN_POINT('',(1.442565691536,5.020257624199));
#8559 = CARTESIAN_POINT('',(1.540704659712,5.032456560795));
#8560 = CARTESIAN_POINT('',(1.714857012186,5.056128026208));
#8561 = CARTESIAN_POINT('',(1.793638645439,5.067707510393));
#8562 = CARTESIAN_POINT('',(1.87029794932,5.079335368415));
#8563 = CARTESIAN_POINT('',(1.945108648016,5.090602218203));
#8564 = CARTESIAN_POINT('',(2.018313259423,5.101179399734));
#8565 = CARTESIAN_POINT('',(2.090138191721,5.110813661917));
#8566 = CARTESIAN_POINT('',(2.1608039973,5.119316603628));
#8567 = CARTESIAN_POINT('',(2.296192790414,5.133359523322));
#8568 = CARTESIAN_POINT('',(2.361059624293,5.139047407906));
#8569 = CARTESIAN_POINT('',(2.425323579882,5.143495647654));
#8570 = CARTESIAN_POINT('',(2.489161779442,5.146624720005));
#8571 = CARTESIAN_POINT('',(2.552743540634,5.148386403555));
#8572 = CARTESIAN_POINT('',(2.61623645337,5.14876016165));
#8573 = CARTESIAN_POINT('',(2.679811166158,5.147751960853));
#8574 = CARTESIAN_POINT('',(2.845957421293,5.141618632955));
#8575 = CARTESIAN_POINT('',(2.948870322916,5.134380915831));
#8576 = CARTESIAN_POINT('',(3.053201654584,5.123824317339));
#8577 = CARTESIAN_POINT('',(3.159691057977,5.110268694305));
#8578 = CARTESIAN_POINT('',(3.269082415059,5.094249420021));
#8579 = CARTESIAN_POINT('',(3.382160209475,5.076636093265));
#8580 = CARTESIAN_POINT('',(3.499824675234,5.058733348786));
#8581 = CARTESIAN_POINT('',(3.723669027854,5.028875777978));
#8582 = CARTESIAN_POINT('',(3.830249248499,5.016118772534));
#8583 = CARTESIAN_POINT('',(3.940685578846,5.005439166665));
#8584 = CARTESIAN_POINT('',(4.053410694304,4.998311392999));
#8585 = CARTESIAN_POINT('',(4.167202724195,4.995812972722));
#8586 = CARTESIAN_POINT('',(4.280928466167,4.998115834653));
#8587 = CARTESIAN_POINT('',(4.39338205753,5.004568941769));
#8588 = CARTESIAN_POINT('',(4.628290638153,5.02488510538));
#8589 = CARTESIAN_POINT('',(4.747708049334,5.039497680654));
#8590 = CARTESIAN_POINT('',(4.862242423463,5.056234399198));
#8591 = CARTESIAN_POINT('',(4.972608504776,5.073513435411));
#8592 = CARTESIAN_POINT('',(5.079370490373,5.090065106853));
#8593 = CARTESIAN_POINT('',(5.183009364955,5.104971447209));
#8594 = CARTESIAN_POINT('',(5.283944266653,5.117611101224));
#8595 = CARTESIAN_POINT('',(5.496884537037,5.139222820706));
#8596 = CARTESIAN_POINT('',(5.608747468445,5.147358750635));
#8597 = CARTESIAN_POINT('',(5.71927767789,5.151449207949));
#8598 = CARTESIAN_POINT('',(5.829386706457,5.151236241326));
#8599 = CARTESIAN_POINT('',(5.939930734036,5.146694086199));
#8600 = CARTESIAN_POINT('',(6.051765664931,5.138022580658));
#8601 = CARTESIAN_POINT('',(6.165807230065,5.125710722986));
#8602 = CARTESIAN_POINT('',(6.28318530718,5.110656545296));
#8603 = ( GEOMETRIC_REPRESENTATION_CONTEXT(2) 
PARAMETRIC_REPRESENTATION_CONTEXT() REPRESENTATION_CONTEXT('2D SPACE',''
  ) );
#8604 = FACE_BOUND('',#8605,.F.);
#8605 = EDGE_LOOP('',(#8606));
#8606 = ORIENTED_EDGE('',*,*,#8607,.F.);
#8607 = EDGE_CURVE('',#8608,#8608,#8610,.T.);
#8608 = VERTEX_POINT('',#8609);
#8609 = CARTESIAN_POINT('',(37.1,60.62,14.889343454704));
#8610 = SURFACE_CURVE('',#8611,(#8670,#8732),.PCURVE_S1.);
#8611 = B_SPLINE_CURVE_WITH_KNOTS('',8,(#8612,#8613,#8614,#8615,#8616,
    #8617,#8618,#8619,#8620,#8621,#8622,#8623,#8624,#8625,#8626,#8627,
    #8628,#8629,#8630,#8631,#8632,#8633,#8634,#8635,#8636,#8637,#8638,
    #8639,#8640,#8641,#8642,#8643,#8644,#8645,#8646,#8647,#8648,#8649,
    #8650,#8651,#8652,#8653,#8654,#8655,#8656,#8657,#8658,#8659,#8660,
    #8661,#8662,#8663,#8664,#8665,#8666,#8667,#8668,#8669),
  .UNSPECIFIED.,.T.,.F.,(9,7,7,7,7,7,7,7,9),(0.,0.125059444918,
    0.238114573201,0.336941392105,0.430007018758,0.579172400517,
    0.700444125488,0.839204750265,1.),.UNSPECIFIED.);
#8612 = CARTESIAN_POINT('',(37.1,60.62,14.889343454704));
#8613 = CARTESIAN_POINT('',(37.1,60.811353804622,14.901030045944));
#8614 = CARTESIAN_POINT('',(37.080073131064,61.008689288403,
    14.914476550023));
#8615 = CARTESIAN_POINT('',(37.038037188795,61.209653230585,
    14.929244698834));
#8616 = CARTESIAN_POINT('',(36.971934308369,61.411423947007,
    14.944659174093));
#8617 = CARTESIAN_POINT('',(36.880051892558,61.610687799888,
    14.959813930344));
#8618 = CARTESIAN_POINT('',(36.760964012006,61.803572043601,
    14.973602137097));
#8619 = CARTESIAN_POINT('',(36.613625244813,61.985487445092,
    14.984812370569));
#8620 = CARTESIAN_POINT('',(36.278373969887,62.300309347403,
    14.999133037816));
#8621 = CARTESIAN_POINT('',(36.099318512041,62.432857854142,
    15.002763096333));
#8622 = CARTESIAN_POINT('',(35.903769532307,62.543643288577,
    15.002566064561));
#8623 = CARTESIAN_POINT('',(35.69648421765,62.629316331904,
    14.998309592064));
#8624 = CARTESIAN_POINT('',(35.483140933443,62.688174495051,
    14.990392139838));
#8625 = CARTESIAN_POINT('',(35.269879619408,62.720367483359,
    14.979742375801));
#8626 = CARTESIAN_POINT('',(35.062894238299,62.728109033524,
    14.967543439205));
#8627 = CARTESIAN_POINT('',(34.697895965828,62.705145288663,
    14.943871973984));
#8628 = CARTESIAN_POINT('',(34.533776319959,62.678953041472,
    14.932292489308));
#8629 = CARTESIAN_POINT('',(34.376702092466,62.639010069312,
    14.920664631555));
#8630 = CARTESIAN_POINT('',(34.227295025511,62.58682610097,
    14.909397782063));
#8631 = CARTESIAN_POINT('',(34.085969059458,62.523713339255,
    14.898820600301));
#8632 = CARTESIAN_POINT('',(33.953003050156,62.450805320948,
    14.889186337819));
#8633 = CARTESIAN_POINT('',(33.828594626363,62.369071210288,
    14.880683396493));
#8634 = CARTESIAN_POINT('',(33.603940544079,62.194811641587,
    14.866640476678));
#8635 = CARTESIAN_POINT('',(33.502647596591,62.103145254572,
    14.860952592094));
#8636 = CARTESIAN_POINT('',(33.409143633328,62.004979552073,
    14.856504352346));
#8637 = CARTESIAN_POINT('',(33.323560451709,61.900869070757,
    14.853375279995));
#8638 = CARTESIAN_POINT('',(33.246049751666,61.791291281809,
    14.851613596445));
#8639 = CARTESIAN_POINT('',(33.176798756914,61.676667505858,
    14.85123983835));
#8640 = CARTESIAN_POINT('',(33.116046063927,61.557383157834,
    14.852248039147));
#8641 = CARTESIAN_POINT('',(32.980835025012,61.235740243477,
    14.858381367045));
#8642 = CARTESIAN_POINT('',(32.920243353574,61.026773944573,
    14.865619084169));
#8643 = CARTESIAN_POINT('',(32.883461445088,60.808290947569,
    14.876175682661));
#8644 = CARTESIAN_POINT('',(32.872277840763,60.581738472223,
    14.889731305695));
#8645 = CARTESIAN_POINT('',(32.889073725891,60.349027374063,
    14.905750579979));
#8646 = CARTESIAN_POINT('',(32.936787513799,60.112803368358,
    14.923363906735));
#8647 = CARTESIAN_POINT('',(33.018840151133,59.876877393218,
    14.941266651214));
#8648 = CARTESIAN_POINT('',(33.236617881849,59.460294127322,
    14.971124222022));
#8649 = CARTESIAN_POINT('',(33.361739242217,59.273147328968,
    14.983881227466));
#8650 = CARTESIAN_POINT('',(33.515181315613,59.095317030766,
    14.994560833335));
#8651 = CARTESIAN_POINT('',(33.694892643365,58.935007685877,
    15.001688607001));
#8652 = CARTESIAN_POINT('',(33.896362884056,58.798752773286,
    15.004187027278));
#8653 = CARTESIAN_POINT('',(34.113320896946,58.691009247441,
    15.001884165347));
#8654 = CARTESIAN_POINT('',(34.338322543208,58.613731623717,
    14.995431058231));
#8655 = CARTESIAN_POINT('',(34.820849295886,58.511160990183,
    14.97511489462));
#8656 = CARTESIAN_POINT('',(35.073984526908,58.495907014355,
    14.960502319346));
#8657 = CARTESIAN_POINT('',(35.317476585748,58.514868999634,
    14.943765600802));
#8658 = CARTESIAN_POINT('',(35.547934191856,58.563319722724,
    14.926486564589));
#8659 = CARTESIAN_POINT('',(35.76308726053,58.6370211648,14.909934893147
    ));
#8660 = CARTESIAN_POINT('',(35.961431588629,58.732205399731,
    14.895028552791));
#8661 = CARTESIAN_POINT('',(36.142052962225,58.84556422636,
    14.882388898776));
#8662 = CARTESIAN_POINT('',(36.492504279278,59.123321269703,
    14.860777178934));
#8663 = CARTESIAN_POINT('',(36.657128958059,59.293807613479,
    14.852641249729));
#8664 = CARTESIAN_POINT('',(36.797794033619,59.482326500047,
    14.848550792274));
#8665 = CARTESIAN_POINT('',(36.913820315394,59.686492484097,
    14.848763758352));
#8666 = CARTESIAN_POINT('',(37.004090523009,59.904338379534,
    14.853305913639));
#8667 = CARTESIAN_POINT('',(37.06693382387,60.134019194917,
    14.861977419746));
#8668 = CARTESIAN_POINT('',(37.1,60.373506034826,14.874289276817));
#8669 = CARTESIAN_POINT('',(37.1,60.62,14.889343454704));
#8670 = PCURVE('',#1601,#8671);
#8671 = DEFINITIONAL_REPRESENTATION('',(#8672),#8731);
#8672 = B_SPLINE_CURVE_WITH_KNOTS('',8,(#8673,#8674,#8675,#8676,#8677,
    #8678,#8679,#8680,#8681,#8682,#8683,#8684,#8685,#8686,#8687,#8688,
    #8689,#8690,#8691,#8692,#8693,#8694,#8695,#8696,#8697,#8698,#8699,
    #8700,#8701,#8702,#8703,#8704,#8705,#8706,#8707,#8708,#8709,#8710,
    #8711,#8712,#8713,#8714,#8715,#8716,#8717,#8718,#8719,#8720,#8721,
    #8722,#8723,#8724,#8725,#8726,#8727,#8728,#8729,#8730),
  .UNSPECIFIED.,.T.,.F.,(9,7,7,7,7,7,7,7,9),(0.,0.125059444918,
    0.238114573201,0.336941392105,0.430007018758,0.579172400517,
    0.700444125488,0.839204750265,1.),.UNSPECIFIED.);
#8673 = CARTESIAN_POINT('',(4.833930670189,36.049253092292));
#8674 = CARTESIAN_POINT('',(4.827504664398,36.214969132887));
#8675 = CARTESIAN_POINT('',(4.819724523243,36.375901767931));
#8676 = CARTESIAN_POINT('',(4.810546218314,36.528921937207));
#8677 = CARTESIAN_POINT('',(4.799955172404,36.670607054522));
#8678 = CARTESIAN_POINT('',(4.787967765263,36.797231128972));
#8679 = CARTESIAN_POINT('',(4.774634173383,36.904727308693));
#8680 = CARTESIAN_POINT('',(4.760047208314,36.988598507975));
#8681 = CARTESIAN_POINT('',(4.73018205088,37.093610948212));
#8682 = CARTESIAN_POINT('',(4.7154257664,37.118870781847));
#8683 = CARTESIAN_POINT('',(4.700446679434,37.117036437846));
#8684 = CARTESIAN_POINT('',(4.685625365424,37.087585988121));
#8685 = CARTESIAN_POINT('',(4.671340296651,37.031884289852));
#8686 = CARTESIAN_POINT('',(4.657937831856,36.953131028118));
#8687 = CARTESIAN_POINT('',(4.645703255471,36.856340390589));
#8688 = CARTESIAN_POINT('',(4.625334475333,36.653950198671));
#8689 = CARTESIAN_POINT('',(4.616698235023,36.549205585262));
#8690 = CARTESIAN_POINT('',(4.608922967309,36.436075368733));
#8691 = CARTESIAN_POINT('',(4.601996100656,36.316177880897));
#8692 = CARTESIAN_POINT('',(4.595899819757,36.190856489125));
#8693 = CARTESIAN_POINT('',(4.590614328376,36.061232288856));
#8694 = CARTESIAN_POINT('',(4.586120321649,35.928243411341));
#8695 = CARTESIAN_POINT('',(4.578897854362,35.665001792324));
#8696 = CARTESIAN_POINT('',(4.576079766582,35.53496936668));
#8697 = CARTESIAN_POINT('',(4.573933047921,35.403202987792));
#8698 = CARTESIAN_POINT('',(4.572447640369,35.270248795139));
#8699 = CARTESIAN_POINT('',(4.571616918613,35.136596139498));
#8700 = CARTESIAN_POINT('',(4.571437876951,35.002703506478));
#8701 = CARTESIAN_POINT('',(4.571911368997,34.869023973614));
#8702 = CARTESIAN_POINT('',(4.574855214429,34.522868074809));
#8703 = CARTESIAN_POINT('',(4.578356088147,34.311602776352));
#8704 = CARTESIAN_POINT('',(4.583563161316,34.104000979413));
#8705 = CARTESIAN_POINT('',(4.590528093877,33.902210294158));
#8706 = CARTESIAN_POINT('',(4.599319378129,33.709076176718));
#8707 = CARTESIAN_POINT('',(4.610011357338,33.528359105912));
#8708 = CARTESIAN_POINT('',(4.622667026781,33.365069937707));
#8709 = CARTESIAN_POINT('',(4.649201517019,33.113192153426));
#8710 = CARTESIAN_POINT('',(4.66268957502,33.013681516978));
#8711 = CARTESIAN_POINT('',(4.677490638627,32.936399815217));
#8712 = CARTESIAN_POINT('',(4.693211822224,32.887426508993));
#8713 = CARTESIAN_POINT('',(4.709379983581,32.870164495267));
#8714 = CARTESIAN_POINT('',(4.725493824445,32.88533794215));
#8715 = CARTESIAN_POINT('',(4.741064215287,32.930917345894));
#8716 = CARTESIAN_POINT('',(4.772371113614,33.083357907322));
#8717 = CARTESIAN_POINT('',(4.787522228484,33.196718073717));
#8718 = CARTESIAN_POINT('',(4.800990918101,33.334888222165));
#8719 = CARTESIAN_POINT('',(4.812735791859,33.492078809647));
#8720 = CARTESIAN_POINT('',(4.822760864773,33.663484563788));
#8721 = CARTESIAN_POINT('',(4.831098403181,33.845090270658));
#8722 = CARTESIAN_POINT('',(4.837800918374,34.033573848001));
#8723 = CARTESIAN_POINT('',(4.848869487346,34.449346253156));
#8724 = CARTESIAN_POINT('',(4.852729120676,34.679304825401));
#8725 = CARTESIAN_POINT('',(4.854586420408,34.912899858096));
#8726 = CARTESIAN_POINT('',(4.85447859351,35.147725907401));
#8727 = CARTESIAN_POINT('',(4.852406285669,35.381520700199));
#8728 = CARTESIAN_POINT('',(4.84833709951,35.611851004073));
#8729 = CARTESIAN_POINT('',(4.842208381996,35.835784622093));
#8730 = CARTESIAN_POINT('',(4.833930670189,36.049253092292));
#8731 = ( GEOMETRIC_REPRESENTATION_CONTEXT(2) 
PARAMETRIC_REPRESENTATION_CONTEXT() REPRESENTATION_CONTEXT('2D SPACE',''
  ) );
#8732 = PCURVE('',#8079,#8733);
#8733 = DEFINITIONAL_REPRESENTATION('',(#8734),#8793);
#8734 = B_SPLINE_CURVE_WITH_KNOTS('',8,(#8735,#8736,#8737,#8738,#8739,
    #8740,#8741,#8742,#8743,#8744,#8745,#8746,#8747,#8748,#8749,#8750,
    #8751,#8752,#8753,#8754,#8755,#8756,#8757,#8758,#8759,#8760,#8761,
    #8762,#8763,#8764,#8765,#8766,#8767,#8768,#8769,#8770,#8771,#8772,
    #8773,#8774,#8775,#8776,#8777,#8778,#8779,#8780,#8781,#8782,#8783,
    #8784,#8785,#8786,#8787,#8788,#8789,#8790,#8791,#8792),
  .UNSPECIFIED.,.F.,.F.,(9,7,7,7,7,7,7,7,9),(0.,0.125059444918,
    0.238114573201,0.336941392105,0.430007018758,0.579172400517,
    0.700444125488,0.839204750265,1.),.UNSPECIFIED.);
#8735 = CARTESIAN_POINT('',(8.881784197001E-16,34.889343454704));
#8736 = CARTESIAN_POINT('',(9.11208593436E-02,34.901030045944));
#8737 = CARTESIAN_POINT('',(0.185089744531,34.914476550023));
#8738 = CARTESIAN_POINT('',(0.281941219462,34.929244698834));
#8739 = CARTESIAN_POINT('',(0.381781766012,34.944659174093));
#8740 = CARTESIAN_POINT('',(0.484817551608,34.959813930344));
#8741 = CARTESIAN_POINT('',(0.591348619818,34.973602137097));
#8742 = CARTESIAN_POINT('',(0.701794232236,34.984812370569));
#8743 = CARTESIAN_POINT('',(0.920793319776,34.999133037816));
#8744 = CARTESIAN_POINT('',(1.026155615689,35.002763096333));
#8745 = CARTESIAN_POINT('',(1.131863678739,35.002566064561));
#8746 = CARTESIAN_POINT('',(1.237074255867,34.998309592064));
#8747 = CARTESIAN_POINT('',(1.340955123884,34.990392139838));
#8748 = CARTESIAN_POINT('',(1.442565691537,34.979742375801));
#8749 = CARTESIAN_POINT('',(1.540704659712,34.967543439205));
#8750 = CARTESIAN_POINT('',(1.714857010772,34.943871973984));
#8751 = CARTESIAN_POINT('',(1.793638647737,34.932292489308));
#8752 = CARTESIAN_POINT('',(1.870297949429,34.920664631555));
#8753 = CARTESIAN_POINT('',(1.945108645923,34.909397782063));
#8754 = CARTESIAN_POINT('',(2.018313259305,34.898820600301));
#8755 = CARTESIAN_POINT('',(2.090138193898,34.889186337819));
#8756 = CARTESIAN_POINT('',(2.160803996133,34.880683396493));
#8757 = CARTESIAN_POINT('',(2.296192790414,34.866640476678));
#8758 = CARTESIAN_POINT('',(2.361059624293,34.860952592094));
#8759 = CARTESIAN_POINT('',(2.425323579882,34.856504352346));
#8760 = CARTESIAN_POINT('',(2.489161779442,34.853375279995));
#8761 = CARTESIAN_POINT('',(2.552743540634,34.851613596445));
#8762 = CARTESIAN_POINT('',(2.61623645337,34.85123983835));
#8763 = CARTESIAN_POINT('',(2.679811166158,34.852248039147));
#8764 = CARTESIAN_POINT('',(2.845957421293,34.858381367045));
#8765 = CARTESIAN_POINT('',(2.948870322916,34.865619084169));
#8766 = CARTESIAN_POINT('',(3.053201654584,34.876175682662));
#8767 = CARTESIAN_POINT('',(3.159691057977,34.889731305695));
#8768 = CARTESIAN_POINT('',(3.269082415059,34.905750579979));
#8769 = CARTESIAN_POINT('',(3.382160209475,34.923363906735));
#8770 = CARTESIAN_POINT('',(3.499824675234,34.941266651214));
#8771 = CARTESIAN_POINT('',(3.723669027854,34.971124222022));
#8772 = CARTESIAN_POINT('',(3.8302492485,34.983881227466));
#8773 = CARTESIAN_POINT('',(3.940685578844,34.994560833335));
#8774 = CARTESIAN_POINT('',(4.053410694307,35.001688607001));
#8775 = CARTESIAN_POINT('',(4.167202724192,35.004187027278));
#8776 = CARTESIAN_POINT('',(4.280928466168,35.001884165347));
#8777 = CARTESIAN_POINT('',(4.39338205753,34.995431058231));
#8778 = CARTESIAN_POINT('',(4.628290638153,34.97511489462));
#8779 = CARTESIAN_POINT('',(4.747708049333,34.960502319346));
#8780 = CARTESIAN_POINT('',(4.862242423463,34.943765600802));
#8781 = CARTESIAN_POINT('',(4.972608504776,34.926486564589));
#8782 = CARTESIAN_POINT('',(5.079370490373,34.909934893147));
#8783 = CARTESIAN_POINT('',(5.183009364955,34.895028552791));
#8784 = CARTESIAN_POINT('',(5.283944266653,34.882388898776));
#8785 = CARTESIAN_POINT('',(5.496884540582,34.860777178934));
#8786 = CARTESIAN_POINT('',(5.608747459588,34.852641249729));
#8787 = CARTESIAN_POINT('',(5.719277684845,34.848550792274));
#8788 = CARTESIAN_POINT('',(5.829386708022,34.848763758352));
#8789 = CARTESIAN_POINT('',(5.93993072698,34.853305913639));
#8790 = CARTESIAN_POINT('',(6.051765670247,34.861977419746));
#8791 = CARTESIAN_POINT('',(6.165807228525,34.874289276817));
#8792 = CARTESIAN_POINT('',(6.28318530718,34.889343454704));
#8793 = ( GEOMETRIC_REPRESENTATION_CONTEXT(2) 
PARAMETRIC_REPRESENTATION_CONTEXT() REPRESENTATION_CONTEXT('2D SPACE',''
  ) );
#8794 = ADVANCED_FACE('',(#8795),#1763,.F.);
#8795 = FACE_BOUND('',#8796,.F.);
#8796 = EDGE_LOOP('',(#8797,#8798,#8799,#8800,#8801));
#8797 = ORIENTED_EDGE('',*,*,#8202,.T.);
#8798 = ORIENTED_EDGE('',*,*,#8273,.T.);
#8799 = ORIENTED_EDGE('',*,*,#3371,.T.);
#8800 = ORIENTED_EDGE('',*,*,#8227,.T.);
#8801 = ORIENTED_EDGE('',*,*,#1748,.F.);
#8802 = ADVANCED_FACE('',(#8803),#1575,.F.);
#8803 = FACE_BOUND('',#8804,.F.);
#8804 = EDGE_LOOP('',(#8805,#8806,#8807,#8808));
#8805 = ORIENTED_EDGE('',*,*,#1659,.T.);
#8806 = ORIENTED_EDGE('',*,*,#7929,.T.);
#8807 = ORIENTED_EDGE('',*,*,#1560,.T.);
#8808 = ORIENTED_EDGE('',*,*,#8365,.F.);
#8809 = ADVANCED_FACE('',(#8810),#1627,.T.);
#8810 = FACE_BOUND('',#8811,.T.);
#8811 = EDGE_LOOP('',(#8812,#8813,#8814,#8815,#8816));
#8812 = ORIENTED_EDGE('',*,*,#8388,.T.);
#8813 = ORIENTED_EDGE('',*,*,#8296,.T.);
#8814 = ORIENTED_EDGE('',*,*,#3240,.T.);
#8815 = ORIENTED_EDGE('',*,*,#8342,.T.);
#8816 = ORIENTED_EDGE('',*,*,#1612,.F.);
#8817 = ADVANCED_FACE('',(#8818,#8866),#1837,.T.);
#8818 = FACE_BOUND('',#8819,.T.);
#8819 = EDGE_LOOP('',(#8820,#8842,#8843,#8865));
#8820 = ORIENTED_EDGE('',*,*,#8821,.F.);
#8821 = EDGE_CURVE('',#1823,#1959,#8822,.T.);
#8822 = SURFACE_CURVE('',#8823,(#8828,#8835),.PCURVE_S1.);
#8823 = CIRCLE('',#8824,17.);
#8824 = AXIS2_PLACEMENT_3D('',#8825,#8826,#8827);
#8825 = CARTESIAN_POINT('',(-50.,-86.6,0.));
#8826 = DIRECTION('',(-0.500011000363,-0.866019052629,0.));
#8827 = DIRECTION('',(-0.866019052629,0.500011000363,0.));
#8828 = PCURVE('',#1837,#8829);
#8829 = DEFINITIONAL_REPRESENTATION('',(#8830),#8834);
#8830 = LINE('',#8831,#8832);
#8831 = CARTESIAN_POINT('',(0.,59.99867998548));
#8832 = VECTOR('',#8833,1.);
#8833 = DIRECTION('',(1.,0.));
#8834 = ( GEOMETRIC_REPRESENTATION_CONTEXT(2) 
PARAMETRIC_REPRESENTATION_CONTEXT() REPRESENTATION_CONTEXT('2D SPACE',''
  ) );
#8835 = PCURVE('',#1994,#8836);
#8836 = DEFINITIONAL_REPRESENTATION('',(#8837),#8841);
#8837 = CIRCLE('',#8838,17.);
#8838 = AXIS2_PLACEMENT_2D('',#8839,#8840);
#8839 = CARTESIAN_POINT('',(0.,0.));
#8840 = DIRECTION('',(1.,0.));
#8841 = ( GEOMETRIC_REPRESENTATION_CONTEXT(2) 
PARAMETRIC_REPRESENTATION_CONTEXT() REPRESENTATION_CONTEXT('2D SPACE',''
  ) );
#8842 = ORIENTED_EDGE('',*,*,#1820,.F.);
#8843 = ORIENTED_EDGE('',*,*,#8844,.T.);
#8844 = EDGE_CURVE('',#1821,#1938,#8845,.T.);
#8845 = SURFACE_CURVE('',#8846,(#8851,#8858),.PCURVE_S1.);
#8846 = CIRCLE('',#8847,17.);
#8847 = AXIS2_PLACEMENT_3D('',#8848,#8849,#8850);
#8848 = CARTESIAN_POINT('',(-20.,-34.64,0.));
#8849 = DIRECTION('',(-0.500011000363,-0.866019052629,0.));
#8850 = DIRECTION('',(-0.866019052629,0.500011000363,0.));
#8851 = PCURVE('',#1837,#8852);
#8852 = DEFINITIONAL_REPRESENTATION('',(#8853),#8857);
#8853 = LINE('',#8854,#8855);
#8854 = CARTESIAN_POINT('',(0.,0.));
#8855 = VECTOR('',#8856,1.);
#8856 = DIRECTION('',(1.,0.));
#8857 = ( GEOMETRIC_REPRESENTATION_CONTEXT(2) 
PARAMETRIC_REPRESENTATION_CONTEXT() REPRESENTATION_CONTEXT('2D SPACE',''
  ) );
#8858 = PCURVE('',#1863,#8859);
#8859 = DEFINITIONAL_REPRESENTATION('',(#8860),#8864);
#8860 = CIRCLE('',#8861,17.);
#8861 = AXIS2_PLACEMENT_2D('',#8862,#8863);
#8862 = CARTESIAN_POINT('',(0.,0.));
#8863 = DIRECTION('',(1.,0.));
#8864 = ( GEOMETRIC_REPRESENTATION_CONTEXT(2) 
PARAMETRIC_REPRESENTATION_CONTEXT() REPRESENTATION_CONTEXT('2D SPACE',''
  ) );
#8865 = ORIENTED_EDGE('',*,*,#1958,.T.);
#8866 = FACE_BOUND('',#8867,.T.);
#8867 = EDGE_LOOP('',(#8868));
#8868 = ORIENTED_EDGE('',*,*,#8869,.T.);
#8869 = EDGE_CURVE('',#8870,#8870,#8872,.T.);
#8870 = VERTEX_POINT('',#8871);
#8871 = CARTESIAN_POINT('',(-32.9,-60.62,-16.90244208722));
#8872 = SURFACE_CURVE('',#8873,(#8932,#8994),.PCURVE_S1.);
#8873 = B_SPLINE_CURVE_WITH_KNOTS('',8,(#8874,#8875,#8876,#8877,#8878,
    #8879,#8880,#8881,#8882,#8883,#8884,#8885,#8886,#8887,#8888,#8889,
    #8890,#8891,#8892,#8893,#8894,#8895,#8896,#8897,#8898,#8899,#8900,
    #8901,#8902,#8903,#8904,#8905,#8906,#8907,#8908,#8909,#8910,#8911,
    #8912,#8913,#8914,#8915,#8916,#8917,#8918,#8919,#8920,#8921,#8922,
    #8923,#8924,#8925,#8926,#8927,#8928,#8929,#8930,#8931),
  .UNSPECIFIED.,.T.,.F.,(9,7,7,7,7,7,7,7,9),(0.,0.125044467112,
    0.238089472355,0.336885773185,0.429977519602,0.579116351905,
    0.70037262646,0.839119687171,1.),.UNSPECIFIED.);
#8874 = CARTESIAN_POINT('',(-32.9,-60.62,-16.90244208722));
#8875 = CARTESIAN_POINT('',(-32.9,-60.42870296226,-16.91273373913));
#8876 = CARTESIAN_POINT('',(-32.91991505018,-60.23137569281,
    -16.92457965196));
#8877 = CARTESIAN_POINT('',(-32.96194438627,-60.03038918321,
    -16.93759526021));
#8878 = CARTESIAN_POINT('',(-33.0280532828,-59.82858322062,
    -16.95118574925));
#8879 = CARTESIAN_POINT('',(-33.11995315377,-59.62928799526,
    -16.96455120896));
#8880 = CARTESIAN_POINT('',(-33.23906083402,-59.43638946462,
    -16.97671331913));
#8881 = CARTESIAN_POINT('',(-33.38640542368,-59.25448375526,
    -16.98660144082));
#8882 = CARTESIAN_POINT('',(-33.7216031162,-58.93971217018,
    -16.99923387334));
#8883 = CARTESIAN_POINT('',(-33.90063149343,-58.80717885687,
    -17.00243717664));
#8884 = CARTESIAN_POINT('',(-34.09615363733,-58.69639859794,
    -17.00226477477));
#8885 = CARTESIAN_POINT('',(-34.3034161481,-58.61072232228,
    -16.99851024746));
#8886 = CARTESIAN_POINT('',(-34.51674412884,-58.55185349931,
    -16.99152589749));
#8887 = CARTESIAN_POINT('',(-34.73000491369,-58.51964354067,
    -16.98213230301));
#8888 = CARTESIAN_POINT('',(-34.93702013746,-58.51188557945,
    -16.97137258178));
#8889 = CARTESIAN_POINT('',(-35.30214153443,-58.53485707065,
    -16.95049290589));
#8890 = CARTESIAN_POINT('',(-35.46629167048,-58.56105822404,
    -16.940282256));
#8891 = CARTESIAN_POINT('',(-35.62338671248,-58.60101398287,
    -16.93003162494));
#8892 = CARTESIAN_POINT('',(-35.77280268335,-58.65321111848,
    -16.92010223738));
#8893 = CARTESIAN_POINT('',(-35.91412413705,-58.71633316454,
    -16.9107835959));
#8894 = CARTESIAN_POINT('',(-36.04707169292,-58.78924168285,
    -16.90229824699));
#8895 = CARTESIAN_POINT('',(-36.17144838307,-58.87096215125,
    -16.8948112332));
#8896 = CARTESIAN_POINT('',(-36.39608317446,-59.04520675639,
    -16.88244486342));
#8897 = CARTESIAN_POINT('',(-36.49738526565,-59.13688594006,
    -16.87743605924));
#8898 = CARTESIAN_POINT('',(-36.59088812492,-59.23505709466,
    -16.87351996451));
#8899 = CARTESIAN_POINT('',(-36.67646432088,-59.33916567049,
    -16.87076578299));
#8900 = CARTESIAN_POINT('',(-36.75396603248,-59.44873569907,
    -16.86921535168));
#8901 = CARTESIAN_POINT('',(-36.8232090004,-59.5633485984,
    -16.86888646823));
#8902 = CARTESIAN_POINT('',(-36.88395634935,-59.68262258293,
    -16.86977397061));
#8903 = CARTESIAN_POINT('',(-37.01912293134,-60.00415974219,
    -16.87517220565));
#8904 = CARTESIAN_POINT('',(-37.07970712742,-60.21304279568,
    -16.88154048028));
#8905 = CARTESIAN_POINT('',(-37.11650858268,-60.43147119039,
    -16.89083092871));
#8906 = CARTESIAN_POINT('',(-37.12772683726,-60.65800583902,
    -16.90276558239));
#8907 = CARTESIAN_POINT('',(-37.11096567615,-60.89073831933,
    -16.91687728011));
#8908 = CARTESIAN_POINT('',(-37.06327127874,-61.12701918779,
    -16.93240268743));
#8909 = CARTESIAN_POINT('',(-36.9812092739,-61.36302806247,
    -16.94819123908));
#8910 = CARTESIAN_POINT('',(-36.76333699272,-61.77979219232,
    -16.97453109237));
#8911 = CARTESIAN_POINT('',(-36.63818578334,-61.96694781122,
    -16.98578294747));
#8912 = CARTESIAN_POINT('',(-36.48473597878,-62.14475705811,
    -16.99520261712));
#8913 = CARTESIAN_POINT('',(-36.30503468643,-62.30503937079,
    -17.00149068899));
#8914 = CARTESIAN_POINT('',(-36.10358483251,-62.44127001235,
    -17.00369406055));
#8915 = CARTESIAN_POINT('',(-35.886653063,-62.54899696343,
    -17.00166129417));
#8916 = CARTESIAN_POINT('',(-35.66167489129,-62.62626892162,
    -16.99596803578));
#8917 = CARTESIAN_POINT('',(-35.17914600367,-62.72884000898,
    -16.97804565056));
#8918 = CARTESIAN_POINT('',(-34.92598383508,-62.74409830084,
    -16.96515550497));
#8919 = CARTESIAN_POINT('',(-34.68245213791,-62.7251305533,
    -16.9503937955));
#8920 = CARTESIAN_POINT('',(-34.45195682202,-62.67666064982,
    -16.93515878179));
#8921 = CARTESIAN_POINT('',(-34.23678269928,-62.60293208235,
    -16.92057149759));
#8922 = CARTESIAN_POINT('',(-34.03844612294,-62.50772647336,
    -16.90744049254));
#8923 = CARTESIAN_POINT('',(-33.85786858288,-62.39437359268,
    -16.89631122044));
#8924 = CARTESIAN_POINT('',(-33.5074687753,-62.11665737418,
    -16.87728114255));
#8925 = CARTESIAN_POINT('',(-33.34286029793,-61.9461723959,
    -16.87011947138));
#8926 = CARTESIAN_POINT('',(-33.2022259159,-61.75768334414,
    -16.86652077441));
#8927 = CARTESIAN_POINT('',(-33.08622103039,-61.55356416658,
    -16.86670777389));
#8928 = CARTESIAN_POINT('',(-32.99595082681,-61.33576088079,
    -16.870702853));
#8929 = CARTESIAN_POINT('',(-32.93308845568,-61.10609499194,
    -16.87833403799));
#8930 = CARTESIAN_POINT('',(-32.9,-60.86657696992,-16.88917641216));
#8931 = CARTESIAN_POINT('',(-32.9,-60.62,-16.90244208722));
#8932 = PCURVE('',#1837,#8933);
#8933 = DEFINITIONAL_REPRESENTATION('',(#8934),#8993);
#8934 = B_SPLINE_CURVE_WITH_KNOTS('',8,(#8935,#8936,#8937,#8938,#8939,
    #8940,#8941,#8942,#8943,#8944,#8945,#8946,#8947,#8948,#8949,#8950,
    #8951,#8952,#8953,#8954,#8955,#8956,#8957,#8958,#8959,#8960,#8961,
    #8962,#8963,#8964,#8965,#8966,#8967,#8968,#8969,#8970,#8971,#8972,
    #8973,#8974,#8975,#8976,#8977,#8978,#8979,#8980,#8981,#8982,#8983,
    #8984,#8985,#8986,#8987,#8988,#8989,#8990,#8991,#8992),
  .UNSPECIFIED.,.T.,.F.,(9,7,7,7,7,7,7,7,9),(0.,0.125044467112,
    0.238089472355,0.336885773185,0.429977519602,0.579116351905,
    0.70037262646,0.839119687171,1.),.UNSPECIFIED.);
#8935 = CARTESIAN_POINT('',(1.677980261668,28.949316891978));
#8936 = CARTESIAN_POINT('',(1.672321279214,28.78365001259));
#8937 = CARTESIAN_POINT('',(1.665467470462,28.622718581803));
#8938 = CARTESIAN_POINT('',(1.657378944682,28.469675565547));
#8939 = CARTESIAN_POINT('',(1.648042129781,28.327962932506));
#8940 = CARTESIAN_POINT('',(1.637471094415,28.201320416656));
#8941 = CARTESIAN_POINT('',(1.625710307485,28.09382176426));
#8942 = CARTESIAN_POINT('',(1.612842661893,28.009961869847));
#8943 = CARTESIAN_POINT('',(1.58649824794,27.904966213495));
#8944 = CARTESIAN_POINT('',(1.573479862234,27.879705997047));
#8945 = CARTESIAN_POINT('',(1.560263800308,27.881531404929));
#8946 = CARTESIAN_POINT('',(1.547186836686,27.91096765319));
#8947 = CARTESIAN_POINT('',(1.534583964505,27.966652467949));
#8948 = CARTESIAN_POINT('',(1.522761072918,28.045390768457));
#8949 = CARTESIAN_POINT('',(1.511969007273,28.142182115358));
#8950 = CARTESIAN_POINT('',(1.494002501031,28.344640579353));
#8951 = CARTESIAN_POINT('',(1.486387655274,28.449408151127));
#8952 = CARTESIAN_POINT('',(1.479533922258,28.562559848642));
#8953 = CARTESIAN_POINT('',(1.473429859385,28.682473191635));
#8954 = CARTESIAN_POINT('',(1.468059301862,28.807800367605));
#8955 = CARTESIAN_POINT('',(1.463404292098,28.937415773962));
#8956 = CARTESIAN_POINT('',(1.459447288147,29.070376969853));
#8957 = CARTESIAN_POINT('',(1.45308709366,29.333595984482));
#8958 = CARTESIAN_POINT('',(1.450605509166,29.463644064223));
#8959 = CARTESIAN_POINT('',(1.448715627533,29.595414612724));
#8960 = CARTESIAN_POINT('',(1.447408186261,29.728363662284));
#8961 = CARTESIAN_POINT('',(1.446677078005,29.862005102981));
#8962 = CARTESIAN_POINT('',(1.446519533538,29.995884303137));
#8963 = CARTESIAN_POINT('',(1.44693634022,30.12955218894));
#8964 = CARTESIAN_POINT('',(1.449527359289,30.475594272863));
#8965 = CARTESIAN_POINT('',(1.45260768013,30.686783741445));
#8966 = CARTESIAN_POINT('',(1.457190109393,30.894348025359));
#8967 = CARTESIAN_POINT('',(1.46332175675,31.096140597849));
#8968 = CARTESIAN_POINT('',(1.471064956277,31.289310595027));
#8969 = CARTESIAN_POINT('',(1.480487384279,31.470086605525));
#8970 = CARTESIAN_POINT('',(1.491646481343,31.633442882455));
#8971 = CARTESIAN_POINT('',(1.51505476812,31.885430022094));
#8972 = CARTESIAN_POINT('',(1.526952709678,31.984933372463));
#8973 = CARTESIAN_POINT('',(1.540009439702,32.062192977723));
#8974 = CARTESIAN_POINT('',(1.55387940436,32.111147891348));
#8975 = CARTESIAN_POINT('',(1.568144763557,32.128399079516));
#8976 = CARTESIAN_POINT('',(1.582361754387,32.113224400542));
#8977 = CARTESIAN_POINT('',(1.596098184595,32.067651827881));
#8978 = CARTESIAN_POINT('',(1.623716306926,31.915210591979));
#8979 = CARTESIAN_POINT('',(1.637080962836,31.801840694271));
#8980 = CARTESIAN_POINT('',(1.648958561093,31.663645735985));
#8981 = CARTESIAN_POINT('',(1.659312345271,31.506419682619));
#8982 = CARTESIAN_POINT('',(1.668146469145,31.334979910104));
#8983 = CARTESIAN_POINT('',(1.675490456874,31.153359568858));
#8984 = CARTESIAN_POINT('',(1.681391895381,30.964903058063));
#8985 = CARTESIAN_POINT('',(1.691138261298,30.549191763309));
#8986 = CARTESIAN_POINT('',(1.694535502103,30.319242474495));
#8987 = CARTESIAN_POINT('',(1.696169612656,30.085688626415));
#8988 = CARTESIAN_POINT('',(1.696074933027,29.850913810784));
#8989 = CARTESIAN_POINT('',(1.694252110983,29.617155920777));
#8990 = CARTESIAN_POINT('',(1.69067122285,29.386829008218));
#8991 = CARTESIAN_POINT('',(1.685274544752,29.162857245875));
#8992 = CARTESIAN_POINT('',(1.677980261668,28.949316891978));
#8993 = ( GEOMETRIC_REPRESENTATION_CONTEXT(2) 
PARAMETRIC_REPRESENTATION_CONTEXT() REPRESENTATION_CONTEXT('2D SPACE',''
  ) );
#8994 = PCURVE('',#4258,#8995);
#8995 = DEFINITIONAL_REPRESENTATION('',(#8996),#9055);
#8996 = B_SPLINE_CURVE_WITH_KNOTS('',8,(#8997,#8998,#8999,#9000,#9001,
    #9002,#9003,#9004,#9005,#9006,#9007,#9008,#9009,#9010,#9011,#9012,
    #9013,#9014,#9015,#9016,#9017,#9018,#9019,#9020,#9021,#9022,#9023,
    #9024,#9025,#9026,#9027,#9028,#9029,#9030,#9031,#9032,#9033,#9034,
    #9035,#9036,#9037,#9038,#9039,#9040,#9041,#9042,#9043,#9044,#9045,
    #9046,#9047,#9048,#9049,#9050,#9051,#9052,#9053,#9054),
  .UNSPECIFIED.,.F.,.F.,(9,7,7,7,7,7,7,7,9),(0.,0.125044467112,
    0.238089472355,0.336885773185,0.429977519602,0.579116351905,
    0.70037262646,0.839119687171,1.),.UNSPECIFIED.);
#8997 = CARTESIAN_POINT('',(8.881784197001E-16,3.097557912771));
#8998 = CARTESIAN_POINT('',(9.109382749143E-02,3.087266260861));
#8999 = CARTESIAN_POINT('',(0.185058806934,3.075420348036));
#9000 = CARTESIAN_POINT('',(0.281919980088,3.062404739784));
#9001 = CARTESIAN_POINT('',(0.381776543481,3.048814250743));
#9002 = CARTESIAN_POINT('',(0.484828382761,3.035448791038));
#9003 = CARTESIAN_POINT('',(0.591369797872,3.02328668087));
#9004 = CARTESIAN_POINT('',(0.701814266086,3.013398559177));
#9005 = CARTESIAN_POINT('',(0.920778351529,3.000766126655));
#9006 = CARTESIAN_POINT('',(1.026126306713,2.997562823354));
#9007 = CARTESIAN_POINT('',(1.131822579068,2.997735225221));
#9008 = CARTESIAN_POINT('',(1.237024181641,3.00148975254));
#9009 = CARTESIAN_POINT('',(1.340899683408,3.008474102508));
#9010 = CARTESIAN_POINT('',(1.44251115655,3.017867696982));
#9011 = CARTESIAN_POINT('',(1.54066380565,3.028627418215));
#9012 = CARTESIAN_POINT('',(1.714874903345,3.04950709411));
#9013 = CARTESIAN_POINT('',(1.793671297035,3.059717743991));
#9014 = CARTESIAN_POINT('',(1.870341412714,3.06996837506));
#9015 = CARTESIAN_POINT('',(1.945157999491,3.079897762614));
#9016 = CARTESIAN_POINT('',(2.018362474388,3.089216404097));
#9017 = CARTESIAN_POINT('',(2.090180035247,3.097701753001));
#9018 = CARTESIAN_POINT('',(2.160829915966,3.105188766792));
#9019 = CARTESIAN_POINT('',(2.296207084499,3.117555136571));
#9020 = CARTESIAN_POINT('',(2.361081094054,3.122563940755));
#9021 = CARTESIAN_POINT('',(2.425346506314,3.12648003549));
#9022 = CARTESIAN_POINT('',(2.489181954941,3.129234217004));
#9023 = CARTESIAN_POINT('',(2.55275835318,3.130784648316));
#9024 = CARTESIAN_POINT('',(2.616244954104,3.131113531762));
#9025 = CARTESIAN_POINT('',(2.679814131581,3.130226029381));
#9026 = CARTESIAN_POINT('',(2.845905758393,3.12482779435));
#9027 = CARTESIAN_POINT('',(2.948780731182,3.118459519714));
#9028 = CARTESIAN_POINT('',(3.053089253798,3.109169071282));
#9029 = CARTESIAN_POINT('',(3.159571533553,3.097234417606));
#9030 = CARTESIAN_POINT('',(3.268971323225,3.083122719884));
#9031 = CARTESIAN_POINT('',(3.38207235138,3.067597312567));
#9032 = CARTESIAN_POINT('',(3.499773873363,3.051808760914));
#9033 = CARTESIAN_POINT('',(3.723715410336,3.025468907626));
#9034 = CARTESIAN_POINT('',(3.830305933424,3.014217052523));
#9035 = CARTESIAN_POINT('',(3.940737254724,3.004797382874));
#9036 = CARTESIAN_POINT('',(4.053451130218,2.998509311007));
#9037 = CARTESIAN_POINT('',(4.167229373244,2.99630593945));
#9038 = CARTESIAN_POINT('',(4.280941216165,2.998338705829));
#9039 = CARTESIAN_POINT('',(4.39338330649,3.004031964214));
#9040 = CARTESIAN_POINT('',(4.628292926468,3.021954349435));
#9041 = CARTESIAN_POINT('',(4.747723307528,3.034844495021));
#9042 = CARTESIAN_POINT('',(4.862275759962,3.049606204491));
#9043 = CARTESIAN_POINT('',(4.972660053989,3.064841218201));
#9044 = CARTESIAN_POINT('',(5.079434974977,3.079428502403));
#9045 = CARTESIAN_POINT('',(5.18307514989,3.092559507456));
#9046 = CARTESIAN_POINT('',(5.283991937202,3.103688779555));
#9047 = CARTESIAN_POINT('',(5.496900913081,3.122718857445));
#9048 = CARTESIAN_POINT('',(5.608757387328,3.129880528611));
#9049 = CARTESIAN_POINT('',(5.719268291071,3.133479225585));
#9050 = CARTESIAN_POINT('',(5.829354520188,3.133292226105));
#9051 = CARTESIAN_POINT('',(5.939880970126,3.129297146999));
#9052 = CARTESIAN_POINT('',(6.051711295528,3.121665962004));
#9053 = CARTESIAN_POINT('',(6.165767702452,3.110823587836));
#9054 = CARTESIAN_POINT('',(6.28318530718,3.097557912771));
#9055 = ( GEOMETRIC_REPRESENTATION_CONTEXT(2) 
PARAMETRIC_REPRESENTATION_CONTEXT() REPRESENTATION_CONTEXT('2D SPACE',''
  ) );
#9056 = ADVANCED_FACE('',(#9057),#1994,.T.);
#9057 = FACE_BOUND('',#9058,.T.);
#9058 = EDGE_LOOP('',(#9059,#9060,#9061,#9062));
#9059 = ORIENTED_EDGE('',*,*,#2068,.F.);
#9060 = ORIENTED_EDGE('',*,*,#8821,.T.);
#9061 = ORIENTED_EDGE('',*,*,#1979,.F.);
#9062 = ORIENTED_EDGE('',*,*,#3780,.F.);
#9063 = ADVANCED_FACE('',(#9064),#1863,.F.);
#9064 = FACE_BOUND('',#9065,.F.);
#9065 = EDGE_LOOP('',(#9066,#9067,#9068,#9069));
#9066 = ORIENTED_EDGE('',*,*,#1848,.F.);
#9067 = ORIENTED_EDGE('',*,*,#8844,.T.);
#9068 = ORIENTED_EDGE('',*,*,#1937,.F.);
#9069 = ORIENTED_EDGE('',*,*,#3849,.F.);
#9070 = ADVANCED_FACE('',(#9071,#9127),#2106,.T.);
#9071 = FACE_BOUND('',#9072,.T.);
#9072 = EDGE_LOOP('',(#9073,#9099,#9100,#9126));
#9073 = ORIENTED_EDGE('',*,*,#9074,.F.);
#9074 = EDGE_CURVE('',#2207,#2090,#9075,.T.);
#9075 = SURFACE_CURVE('',#9076,(#9081,#9088),.PCURVE_S1.);
#9076 = CIRCLE('',#9077,17.);
#9077 = AXIS2_PLACEMENT_3D('',#9078,#9079,#9080);
#9078 = CARTESIAN_POINT('',(-40.,0.,0.));
#9079 = DIRECTION('',(1.,0.,0.));
#9080 = DIRECTION('',(0.,-0.955769224075,-0.294117647059));
#9081 = PCURVE('',#2106,#9082);
#9082 = DEFINITIONAL_REPRESENTATION('',(#9083),#9087);
#9083 = LINE('',#9084,#9085);
#9084 = CARTESIAN_POINT('',(7.55544943279,0.));
#9085 = VECTOR('',#9086,1.);
#9086 = DIRECTION('',(-1.,-0.));
#9087 = ( GEOMETRIC_REPRESENTATION_CONTEXT(2) 
PARAMETRIC_REPRESENTATION_CONTEXT() REPRESENTATION_CONTEXT('2D SPACE',''
  ) );
#9088 = PCURVE('',#2132,#9089);
#9089 = DEFINITIONAL_REPRESENTATION('',(#9090),#9098);
#9090 = ( BOUNDED_CURVE() B_SPLINE_CURVE(2,(#9091,#9092,#9093,#9094,
#9095,#9096,#9097),.UNSPECIFIED.,.T.,.F.) B_SPLINE_CURVE_WITH_KNOTS((1,2
    ,2,2,2,1),(-2.094395102393,0.,2.094395102393,4.188790204786,
6.28318530718,8.377580409573),.UNSPECIFIED.) CURVE() 
GEOMETRIC_REPRESENTATION_ITEM() RATIONAL_B_SPLINE_CURVE((1.,0.5,1.,0.5,
1.,0.5,1.)) REPRESENTATION_ITEM('') );
#9091 = CARTESIAN_POINT('',(5.,16.248076809272));
#9092 = CARTESIAN_POINT('',(33.142494558941,7.587822771428));
#9093 = CARTESIAN_POINT('',(11.57124727947,-12.45416542355));
#9094 = CARTESIAN_POINT('',(-10.,-32.49615361854));
#9095 = CARTESIAN_POINT('',(-16.57124727947,-3.793911385714));
#9096 = CARTESIAN_POINT('',(-23.14249455894,24.908330847116));
#9097 = CARTESIAN_POINT('',(5.,16.248076809272));
#9098 = ( GEOMETRIC_REPRESENTATION_CONTEXT(2) 
PARAMETRIC_REPRESENTATION_CONTEXT() REPRESENTATION_CONTEXT('2D SPACE',''
  ) );
#9099 = ORIENTED_EDGE('',*,*,#2227,.T.);
#9100 = ORIENTED_EDGE('',*,*,#9101,.T.);
#9101 = EDGE_CURVE('',#2228,#2092,#9102,.T.);
#9102 = SURFACE_CURVE('',#9103,(#9108,#9115),.PCURVE_S1.);
#9103 = CIRCLE('',#9104,17.);
#9104 = AXIS2_PLACEMENT_3D('',#9105,#9106,#9107);
#9105 = CARTESIAN_POINT('',(-100.,0.,0.));
#9106 = DIRECTION('',(1.,0.,0.));
#9107 = DIRECTION('',(0.,-0.955769224075,-0.294117647059));
#9108 = PCURVE('',#2106,#9109);
#9109 = DEFINITIONAL_REPRESENTATION('',(#9110),#9114);
#9110 = LINE('',#9111,#9112);
#9111 = CARTESIAN_POINT('',(7.55544943279,60.));
#9112 = VECTOR('',#9113,1.);
#9113 = DIRECTION('',(-1.,-0.));
#9114 = ( GEOMETRIC_REPRESENTATION_CONTEXT(2) 
PARAMETRIC_REPRESENTATION_CONTEXT() REPRESENTATION_CONTEXT('2D SPACE',''
  ) );
#9115 = PCURVE('',#2263,#9116);
#9116 = DEFINITIONAL_REPRESENTATION('',(#9117),#9125);
#9117 = ( BOUNDED_CURVE() B_SPLINE_CURVE(2,(#9118,#9119,#9120,#9121,
#9122,#9123,#9124),.UNSPECIFIED.,.T.,.F.) B_SPLINE_CURVE_WITH_KNOTS((1,2
    ,2,2,2,1),(-2.094395102393,0.,2.094395102393,4.188790204786,
6.28318530718,8.377580409573),.UNSPECIFIED.) CURVE() 
GEOMETRIC_REPRESENTATION_ITEM() RATIONAL_B_SPLINE_CURVE((1.,0.5,1.,0.5,
1.,0.5,1.)) REPRESENTATION_ITEM('') );
#9118 = CARTESIAN_POINT('',(5.,16.248076809272));
#9119 = CARTESIAN_POINT('',(33.142494558941,7.587822771428));
#9120 = CARTESIAN_POINT('',(11.57124727947,-12.45416542355));
#9121 = CARTESIAN_POINT('',(-10.,-32.49615361854));
#9122 = CARTESIAN_POINT('',(-16.57124727947,-3.793911385714));
#9123 = CARTESIAN_POINT('',(-23.14249455894,24.908330847116));
#9124 = CARTESIAN_POINT('',(5.,16.248076809272));
#9125 = ( GEOMETRIC_REPRESENTATION_CONTEXT(2) 
PARAMETRIC_REPRESENTATION_CONTEXT() REPRESENTATION_CONTEXT('2D SPACE',''
  ) );
#9126 = ORIENTED_EDGE('',*,*,#2089,.F.);
#9127 = FACE_BOUND('',#9128,.T.);
#9128 = EDGE_LOOP('',(#9129,#9223));
#9129 = ORIENTED_EDGE('',*,*,#9130,.T.);
#9130 = EDGE_CURVE('',#9131,#9133,#9135,.T.);
#9131 = VERTEX_POINT('',#9132);
#9132 = CARTESIAN_POINT('',(-67.9,-5.143516556419E-16,-17.));
#9133 = VERTEX_POINT('',#9134);
#9134 = CARTESIAN_POINT('',(-72.1,2.467663300282E-15,-17.));
#9135 = SURFACE_CURVE('',#9136,(#9163,#9193),.PCURVE_S1.);
#9136 = B_SPLINE_CURVE_WITH_KNOTS('',7,(#9137,#9138,#9139,#9140,#9141,
    #9142,#9143,#9144,#9145,#9146,#9147,#9148,#9149,#9150,#9151,#9152,
    #9153,#9154,#9155,#9156,#9157,#9158,#9159,#9160,#9161,#9162),
  .UNSPECIFIED.,.F.,.F.,(8,6,6,6,8),(0.,0.245388198885,0.500010334568,
    0.754645717946,1.),.UNSPECIFIED.);
#9137 = CARTESIAN_POINT('',(-67.9,1.82472373073E-15,-17.));
#9138 = CARTESIAN_POINT('',(-67.9,0.27899941845,-17.));
#9139 = CARTESIAN_POINT('',(-67.94324437308,0.550472901491,
    -16.99465790075));
#9140 = CARTESIAN_POINT('',(-68.02553686823,0.806637734836,
    -16.98449316045));
#9141 = CARTESIAN_POINT('',(-68.14120918429,1.041038338694,
    -16.97088438545));
#9142 = CARTESIAN_POINT('',(-68.28318086209,1.248771335965,
    -16.95571380849));
#9143 = CARTESIAN_POINT('',(-68.44305422404,1.426953058062,
    -16.94066062466));
#9144 = CARTESIAN_POINT('',(-68.78576494913,1.7290932051,-16.91254311424
    ));
#9145 = CARTESIAN_POINT('',(-68.97393949816,1.854901793688,
    -16.89918942593));
#9146 = CARTESIAN_POINT('',(-69.17128947839,1.953857542309,
    -16.88776350336));
#9147 = CARTESIAN_POINT('',(-69.37469410558,2.027149266282,
    -16.8788642531));
#9148 = CARTESIAN_POINT('',(-69.58183368071,2.075695874102,
    -16.87282091891));
#9149 = CARTESIAN_POINT('',(-69.79083925026,2.1,-16.86979549372));
#9150 = CARTESIAN_POINT('',(-70.20917163212,2.1,-16.86979549372));
#9151 = CARTESIAN_POINT('',(-70.4181750246,2.075693389921,
    -16.87282122528));
#9152 = CARTESIAN_POINT('',(-70.6253084228,2.027147043265,
    -16.87886453764));
#9153 = CARTESIAN_POINT('',(-70.82870877662,1.953857705366,
    -16.88776342707));
#9154 = CARTESIAN_POINT('',(-71.02605862796,1.854903375824,
    -16.89918927844));
#9155 = CARTESIAN_POINT('',(-71.21423498715,1.729093261272,
    -16.91254310901));
#9156 = CARTESIAN_POINT('',(-71.55691384139,1.426981212166,
    -16.94065800461));
#9157 = CARTESIAN_POINT('',(-71.71680097825,1.24880152386,
    -16.95571158314));
#9158 = CARTESIAN_POINT('',(-71.8588002725,1.041042971149,-16.970884917)
  );
#9159 = CARTESIAN_POINT('',(-71.97448942727,0.806600866759,
    -16.98449640028));
#9160 = CARTESIAN_POINT('',(-72.0567761714,0.550401825963,
    -16.99466044186));
#9161 = CARTESIAN_POINT('',(-72.1,0.278933156592,-17.));
#9162 = CARTESIAN_POINT('',(-72.1,2.467663300282E-15,-17.));
#9163 = PCURVE('',#2106,#9164);
#9164 = DEFINITIONAL_REPRESENTATION('',(#9165),#9192);
#9165 = B_SPLINE_CURVE_WITH_KNOTS('',7,(#9166,#9167,#9168,#9169,#9170,
    #9171,#9172,#9173,#9174,#9175,#9176,#9177,#9178,#9179,#9180,#9181,
    #9182,#9183,#9184,#9185,#9186,#9187,#9188,#9189,#9190,#9191),
  .UNSPECIFIED.,.F.,.F.,(8,6,6,6,8),(0.,0.245388198885,0.500010334568,
    0.754645717946,1.),.UNSPECIFIED.);
#9166 = CARTESIAN_POINT('',(6.28318530718,27.9));
#9167 = CARTESIAN_POINT('',(6.266773576683,27.9));
#9168 = CARTESIAN_POINT('',(6.25080454024,27.943244373087));
#9169 = CARTESIAN_POINT('',(6.235728845604,28.025536868237));
#9170 = CARTESIAN_POINT('',(6.221920532851,28.141209184295));
#9171 = CARTESIAN_POINT('',(6.209669694371,28.283180862092));
#9172 = CARTESIAN_POINT('',(6.199151467225,28.443054224045));
#9173 = CARTESIAN_POINT('',(6.181301723075,28.785764949131));
#9174 = CARTESIAN_POINT('',(6.173860270454,28.973939498165));
#9175 = CARTESIAN_POINT('',(6.168000883341,29.17128947839));
#9176 = CARTESIAN_POINT('',(6.163657966482,29.374694105581));
#9177 = CARTESIAN_POINT('',(6.160780240153,29.581833680714));
#9178 = CARTESIAN_POINT('',(6.159339551804,29.790839250264));
#9179 = CARTESIAN_POINT('',(6.159339551804,30.209171632129));
#9180 = CARTESIAN_POINT('',(6.160780387371,30.418175024607));
#9181 = CARTESIAN_POINT('',(6.163658098344,30.625308422804));
#9182 = CARTESIAN_POINT('',(6.168000873266,30.828708776622));
#9183 = CARTESIAN_POINT('',(6.173860177014,31.026058627963));
#9184 = CARTESIAN_POINT('',(6.181301719756,31.214234987154));
#9185 = CARTESIAN_POINT('',(6.199149803946,31.556913841393));
#9186 = CARTESIAN_POINT('',(6.209667913922,31.716800978251));
#9187 = CARTESIAN_POINT('',(6.221920264532,31.858800272503));
#9188 = CARTESIAN_POINT('',(6.235731019739,31.974489427277));
#9189 = CARTESIAN_POINT('',(6.250808721168,32.056776171408));
#9190 = CARTESIAN_POINT('',(6.266777474439,32.1));
#9191 = CARTESIAN_POINT('',(6.28318530718,32.1));
#9192 = ( GEOMETRIC_REPRESENTATION_CONTEXT(2) 
PARAMETRIC_REPRESENTATION_CONTEXT() REPRESENTATION_CONTEXT('2D SPACE',''
  ) );
#9193 = PCURVE('',#4731,#9194);
#9194 = DEFINITIONAL_REPRESENTATION('',(#9195),#9222);
#9195 = B_SPLINE_CURVE_WITH_KNOTS('',7,(#9196,#9197,#9198,#9199,#9200,
    #9201,#9202,#9203,#9204,#9205,#9206,#9207,#9208,#9209,#9210,#9211,
    #9212,#9213,#9214,#9215,#9216,#9217,#9218,#9219,#9220,#9221),
  .UNSPECIFIED.,.F.,.F.,(8,6,6,6,8),(0.,0.245388198885,0.500010334568,
    0.754645717946,1.),.UNSPECIFIED.);
#9196 = CARTESIAN_POINT('',(0.,3.));
#9197 = CARTESIAN_POINT('',(0.132856865928,3.));
#9198 = CARTESIAN_POINT('',(0.262129859914,3.005342099247));
#9199 = CARTESIAN_POINT('',(0.387943671449,3.015506839541));
#9200 = CARTESIAN_POINT('',(0.510124032445,3.029115614542));
#9201 = CARTESIAN_POINT('',(0.62824054874,3.044286191503));
#9202 = CARTESIAN_POINT('',(0.741457981802,3.059339375333));
#9203 = CARTESIAN_POINT('',(0.959019873609,3.087456885756));
#9204 = CARTESIAN_POINT('',(1.065853585147,3.100810574067));
#9205 = CARTESIAN_POINT('',(1.16972863053,3.112236496636));
#9206 = CARTESIAN_POINT('',(1.271417201678,3.1211357469));
#9207 = CARTESIAN_POINT('',(1.371669661727,3.127179081083));
#9208 = CARTESIAN_POINT('',(1.471195969778,3.130204506278));
#9209 = CARTESIAN_POINT('',(1.670401865904,3.130204506278));
#9210 = CARTESIAN_POINT('',(1.76992712248,3.127178774719));
#9211 = CARTESIAN_POINT('',(1.870176927627,3.12113546236));
#9212 = CARTESIAN_POINT('',(1.971863313083,3.11223657293));
#9213 = CARTESIAN_POINT('',(2.075737908855,3.100810721554));
#9214 = CARTESIAN_POINT('',(2.182572739533,3.087456890983));
#9215 = CARTESIAN_POINT('',(2.400114398878,3.059341995386));
#9216 = CARTESIAN_POINT('',(2.513336115461,3.044288416858));
#9217 = CARTESIAN_POINT('',(2.631469387112,3.029115083));
#9218 = CARTESIAN_POINT('',(2.75366923128,3.01550359972));
#9219 = CARTESIAN_POINT('',(2.879496646386,3.005339558135));
#9220 = CARTESIAN_POINT('',(3.008767340927,3.));
#9221 = CARTESIAN_POINT('',(3.14159265359,3.));
#9222 = ( GEOMETRIC_REPRESENTATION_CONTEXT(2) 
PARAMETRIC_REPRESENTATION_CONTEXT() REPRESENTATION_CONTEXT('2D SPACE',''
  ) );
#9223 = ORIENTED_EDGE('',*,*,#9224,.T.);
#9224 = EDGE_CURVE('',#9133,#9131,#9225,.T.);
#9225 = SURFACE_CURVE('',#9226,(#9253,#9283),.PCURVE_S1.);
#9226 = B_SPLINE_CURVE_WITH_KNOTS('',7,(#9227,#9228,#9229,#9230,#9231,
    #9232,#9233,#9234,#9235,#9236,#9237,#9238,#9239,#9240,#9241,#9242,
    #9243,#9244,#9245,#9246,#9247,#9248,#9249,#9250,#9251,#9252),
  .UNSPECIFIED.,.F.,.F.,(8,6,6,6,8),(0.,0.245413453836,0.500053685709,
    0.754693180874,1.),.UNSPECIFIED.);
#9227 = CARTESIAN_POINT('',(-72.1,2.6645352591E-15,-17.));
#9228 = CARTESIAN_POINT('',(-72.1,-0.27899941845,-17.));
#9229 = CARTESIAN_POINT('',(-72.05675562691,-0.55047290149,
    -16.99465790075));
#9230 = CARTESIAN_POINT('',(-71.97446313176,-0.806637734837,
    -16.98449316045));
#9231 = CARTESIAN_POINT('',(-71.8587908157,-1.041038338693,
    -16.97088438545));
#9232 = CARTESIAN_POINT('',(-71.7168191379,-1.248771335966,
    -16.95571380849));
#9233 = CARTESIAN_POINT('',(-71.55694577595,-1.426953058062,
    -16.94066062466));
#9234 = CARTESIAN_POINT('',(-71.21424060833,-1.729088305536,
    -16.9125435702));
#9235 = CARTESIAN_POINT('',(-71.02606132008,-1.854903594578,
    -16.89918936285));
#9236 = CARTESIAN_POINT('',(-70.82870466335,-1.95386076498,
    -16.88776304066));
#9237 = CARTESIAN_POINT('',(-70.62530137005,-2.027148899093,
    -16.87886430635));
#9238 = CARTESIAN_POINT('',(-70.41817088951,-2.075693228878,
    -16.87282124597));
#9239 = CARTESIAN_POINT('',(-70.20917223064,-2.1,-16.86979549372));
#9240 = CARTESIAN_POINT('',(-69.79082837451,-2.1,-16.86979549372));
#9241 = CARTESIAN_POINT('',(-69.58182495915,-2.075693391604,
    -16.87282122514));
#9242 = CARTESIAN_POINT('',(-69.37469158893,-2.027147035299,
    -16.87886453834));
#9243 = CARTESIAN_POINT('',(-69.17129122921,-1.953857720333,
    -16.88776342567));
#9244 = CARTESIAN_POINT('',(-68.97394135907,-1.854903362391,
    -16.89918927971));
#9245 = CARTESIAN_POINT('',(-68.78576501864,-1.729093266383,
    -16.91254310854));
#9246 = CARTESIAN_POINT('',(-68.44312139759,-1.427012279514,
    -16.94065511345));
#9247 = CARTESIAN_POINT('',(-68.2832095141,-1.248826379458,
    -16.95570990544));
#9248 = CARTESIAN_POINT('',(-68.1411798304,-1.041032242289,
    -16.9708867044));
#9249 = CARTESIAN_POINT('',(-68.02547980501,-0.806547213729,
    -16.98450022593));
#9250 = CARTESIAN_POINT('',(-67.94320427469,-0.550323989145,
    -16.9946628512));
#9251 = CARTESIAN_POINT('',(-67.9,-0.27887005422,-17.));
#9252 = CARTESIAN_POINT('',(-67.9,1.7763568394E-15,-17.));
#9253 = PCURVE('',#2106,#9254);
#9254 = DEFINITIONAL_REPRESENTATION('',(#9255),#9282);
#9255 = B_SPLINE_CURVE_WITH_KNOTS('',7,(#9256,#9257,#9258,#9259,#9260,
    #9261,#9262,#9263,#9264,#9265,#9266,#9267,#9268,#9269,#9270,#9271,
    #9272,#9273,#9274,#9275,#9276,#9277,#9278,#9279,#9280,#9281),
  .UNSPECIFIED.,.F.,.F.,(8,6,6,6,8),(0.,0.245413453836,0.500053685709,
    0.754693180874,1.),.UNSPECIFIED.);
#9256 = CARTESIAN_POINT('',(6.28318530718,32.1));
#9257 = CARTESIAN_POINT('',(6.299597037677,32.1));
#9258 = CARTESIAN_POINT('',(6.315566074119,32.056755626914));
#9259 = CARTESIAN_POINT('',(6.330641768755,31.974463131761));
#9260 = CARTESIAN_POINT('',(6.344450081508,31.858790815707));
#9261 = CARTESIAN_POINT('',(6.356700919988,31.716819137907));
#9262 = CARTESIAN_POINT('',(6.367219147134,31.556945775955));
#9263 = CARTESIAN_POINT('',(6.385068601829,31.214240608334));
#9264 = CARTESIAN_POINT('',(6.392510449687,31.026061320087));
#9265 = CARTESIAN_POINT('',(6.398369922353,30.828704663356));
#9266 = CARTESIAN_POINT('',(6.402712626113,30.625301370058));
#9267 = CARTESIAN_POINT('',(6.405590217409,30.418170889515));
#9268 = CARTESIAN_POINT('',(6.407031062555,30.209172230648));
#9269 = CARTESIAN_POINT('',(6.407031062555,29.790828374514));
#9270 = CARTESIAN_POINT('',(6.405590227087,29.581824959156));
#9271 = CARTESIAN_POINT('',(6.402712515545,29.374691588934));
#9272 = CARTESIAN_POINT('',(6.398369741977,29.171291229215));
#9273 = CARTESIAN_POINT('',(6.392510436552,28.97394135907));
#9274 = CARTESIAN_POINT('',(6.385068894905,28.785765018643));
#9275 = CARTESIAN_POINT('',(6.367222645801,28.443121397597));
#9276 = CARTESIAN_POINT('',(6.356704165404,28.283209514104));
#9277 = CARTESIAN_POINT('',(6.344449712193,28.141179830402));
#9278 = CARTESIAN_POINT('',(6.330636433105,28.025479805015));
#9279 = CARTESIAN_POINT('',(6.315557314716,27.943204274695));
#9280 = CARTESIAN_POINT('',(6.299589428016,27.9));
#9281 = CARTESIAN_POINT('',(6.28318530718,27.9));
#9282 = ( GEOMETRIC_REPRESENTATION_CONTEXT(2) 
PARAMETRIC_REPRESENTATION_CONTEXT() REPRESENTATION_CONTEXT('2D SPACE',''
  ) );
#9283 = PCURVE('',#4731,#9284);
#9284 = DEFINITIONAL_REPRESENTATION('',(#9285),#9312);
#9285 = B_SPLINE_CURVE_WITH_KNOTS('',7,(#9286,#9287,#9288,#9289,#9290,
    #9291,#9292,#9293,#9294,#9295,#9296,#9297,#9298,#9299,#9300,#9301,
    #9302,#9303,#9304,#9305,#9306,#9307,#9308,#9309,#9310,#9311),
  .UNSPECIFIED.,.F.,.F.,(8,6,6,6,8),(0.,0.245413453836,0.500053685709,
    0.754693180874,1.),.UNSPECIFIED.);
#9286 = CARTESIAN_POINT('',(3.14159265359,3.));
#9287 = CARTESIAN_POINT('',(3.274449519518,3.));
#9288 = CARTESIAN_POINT('',(3.403722513503,3.005342099247));
#9289 = CARTESIAN_POINT('',(3.52953632504,3.015506839541));
#9290 = CARTESIAN_POINT('',(3.651716686034,3.029115614542));
#9291 = CARTESIAN_POINT('',(3.76983320233,3.044286191503));
#9292 = CARTESIAN_POINT('',(3.883050635391,3.059339375333));
#9293 = CARTESIAN_POINT('',(4.100608999172,3.087456429796));
#9294 = CARTESIAN_POINT('',(4.207446502737,3.100810637146));
#9295 = CARTESIAN_POINT('',(4.311324226645,3.112236959337));
#9296 = CARTESIAN_POINT('',(4.413011752085,3.121135693644));
#9297 = CARTESIAN_POINT('',(4.513260143038,3.127178754028));
#9298 = CARTESIAN_POINT('',(4.612783156266,3.130204506278));
#9299 = CARTESIAN_POINT('',(4.81199451633,3.130204506278));
#9300 = CARTESIAN_POINT('',(4.911519783404,3.127178774851));
#9301 = CARTESIAN_POINT('',(5.011769577175,3.121135461651));
#9302 = CARTESIAN_POINT('',(5.113455961226,3.112236574326));
#9303 = CARTESIAN_POINT('',(5.217330570971,3.100810720288));
#9304 = CARTESIAN_POINT('',(5.324165389443,3.087456891459));
#9305 = CARTESIAN_POINT('',(5.541684681819,3.05934488655));
#9306 = CARTESIAN_POINT('',(5.65491720423,3.044290094553));
#9307 = CARTESIAN_POINT('',(5.77307123194,3.029113295592));
#9308 = CARTESIAN_POINT('',(5.895289999895,3.015499774065));
#9309 = CARTESIAN_POINT('',(6.021126371109,3.005337148797));
#9310 = CARTESIAN_POINT('',(6.150390043265,3.));
#9311 = CARTESIAN_POINT('',(6.28318530718,3.));
#9312 = ( GEOMETRIC_REPRESENTATION_CONTEXT(2) 
PARAMETRIC_REPRESENTATION_CONTEXT() REPRESENTATION_CONTEXT('2D SPACE',''
  ) );
#9313 = ADVANCED_FACE('',(#9314),#2263,.T.);
#9314 = FACE_BOUND('',#9315,.T.);
#9315 = EDGE_LOOP('',(#9316,#9317,#9318,#9319,#9320));
#9316 = ORIENTED_EDGE('',*,*,#2337,.F.);
#9317 = ORIENTED_EDGE('',*,*,#9101,.F.);
#9318 = ORIENTED_EDGE('',*,*,#2248,.F.);
#9319 = ORIENTED_EDGE('',*,*,#4622,.F.);
#9320 = ORIENTED_EDGE('',*,*,#4995,.F.);
#9321 = ADVANCED_FACE('',(#9322),#2132,.F.);
#9322 = FACE_BOUND('',#9323,.F.);
#9323 = EDGE_LOOP('',(#9324,#9325,#9326,#9327,#9328));
#9324 = ORIENTED_EDGE('',*,*,#2117,.F.);
#9325 = ORIENTED_EDGE('',*,*,#9074,.F.);
#9326 = ORIENTED_EDGE('',*,*,#2206,.F.);
#9327 = ORIENTED_EDGE('',*,*,#4789,.F.);
#9328 = ORIENTED_EDGE('',*,*,#4881,.F.);
#9329 = ADVANCED_FACE('',(#9330,#9378),#2375,.T.);
#9330 = FACE_BOUND('',#9331,.T.);
#9331 = EDGE_LOOP('',(#9332,#9354,#9355,#9377));
#9332 = ORIENTED_EDGE('',*,*,#9333,.F.);
#9333 = EDGE_CURVE('',#2361,#2497,#9334,.T.);
#9334 = SURFACE_CURVE('',#9335,(#9340,#9347),.PCURVE_S1.);
#9335 = CIRCLE('',#9336,17.);
#9336 = AXIS2_PLACEMENT_3D('',#9337,#9338,#9339);
#9337 = CARTESIAN_POINT('',(50.,-86.6,0.));
#9338 = DIRECTION('',(0.500011000363,-0.866019052629,0.));
#9339 = DIRECTION('',(-0.866019052629,-0.500011000363,0.));
#9340 = PCURVE('',#2375,#9341);
#9341 = DEFINITIONAL_REPRESENTATION('',(#9342),#9346);
#9342 = LINE('',#9343,#9344);
#9343 = CARTESIAN_POINT('',(0.,59.99867998548));
#9344 = VECTOR('',#9345,1.);
#9345 = DIRECTION('',(1.,0.));
#9346 = ( GEOMETRIC_REPRESENTATION_CONTEXT(2) 
PARAMETRIC_REPRESENTATION_CONTEXT() REPRESENTATION_CONTEXT('2D SPACE',''
  ) );
#9347 = PCURVE('',#2532,#9348);
#9348 = DEFINITIONAL_REPRESENTATION('',(#9349),#9353);
#9349 = CIRCLE('',#9350,17.);
#9350 = AXIS2_PLACEMENT_2D('',#9351,#9352);
#9351 = CARTESIAN_POINT('',(0.,0.));
#9352 = DIRECTION('',(1.,0.));
#9353 = ( GEOMETRIC_REPRESENTATION_CONTEXT(2) 
PARAMETRIC_REPRESENTATION_CONTEXT() REPRESENTATION_CONTEXT('2D SPACE',''
  ) );
#9354 = ORIENTED_EDGE('',*,*,#2358,.F.);
#9355 = ORIENTED_EDGE('',*,*,#9356,.T.);
#9356 = EDGE_CURVE('',#2359,#2476,#9357,.T.);
#9357 = SURFACE_CURVE('',#9358,(#9363,#9370),.PCURVE_S1.);
#9358 = CIRCLE('',#9359,17.);
#9359 = AXIS2_PLACEMENT_3D('',#9360,#9361,#9362);
#9360 = CARTESIAN_POINT('',(20.,-34.64,0.));
#9361 = DIRECTION('',(0.500011000363,-0.866019052629,0.));
#9362 = DIRECTION('',(-0.866019052629,-0.500011000363,0.));
#9363 = PCURVE('',#2375,#9364);
#9364 = DEFINITIONAL_REPRESENTATION('',(#9365),#9369);
#9365 = LINE('',#9366,#9367);
#9366 = CARTESIAN_POINT('',(0.,0.));
#9367 = VECTOR('',#9368,1.);
#9368 = DIRECTION('',(1.,0.));
#9369 = ( GEOMETRIC_REPRESENTATION_CONTEXT(2) 
PARAMETRIC_REPRESENTATION_CONTEXT() REPRESENTATION_CONTEXT('2D SPACE',''
  ) );
#9370 = PCURVE('',#2401,#9371);
#9371 = DEFINITIONAL_REPRESENTATION('',(#9372),#9376);
#9372 = CIRCLE('',#9373,17.);
#9373 = AXIS2_PLACEMENT_2D('',#9374,#9375);
#9374 = CARTESIAN_POINT('',(0.,0.));
#9375 = DIRECTION('',(1.,0.));
#9376 = ( GEOMETRIC_REPRESENTATION_CONTEXT(2) 
PARAMETRIC_REPRESENTATION_CONTEXT() REPRESENTATION_CONTEXT('2D SPACE',''
  ) );
#9377 = ORIENTED_EDGE('',*,*,#2496,.T.);
#9378 = FACE_BOUND('',#9379,.T.);
#9379 = EDGE_LOOP('',(#9380));
#9380 = ORIENTED_EDGE('',*,*,#9381,.T.);
#9381 = EDGE_CURVE('',#9382,#9382,#9384,.T.);
#9382 = VERTEX_POINT('',#9383);
#9383 = CARTESIAN_POINT('',(37.1,-60.62,-16.90244208722));
#9384 = SURFACE_CURVE('',#9385,(#9436,#9490),.PCURVE_S1.);
#9385 = B_SPLINE_CURVE_WITH_KNOTS('',7,(#9386,#9387,#9388,#9389,#9390,
    #9391,#9392,#9393,#9394,#9395,#9396,#9397,#9398,#9399,#9400,#9401,
    #9402,#9403,#9404,#9405,#9406,#9407,#9408,#9409,#9410,#9411,#9412,
    #9413,#9414,#9415,#9416,#9417,#9418,#9419,#9420,#9421,#9422,#9423,
    #9424,#9425,#9426,#9427,#9428,#9429,#9430,#9431,#9432,#9433,#9434,
    #9435),.UNSPECIFIED.,.T.,.F.,(8,6,6,6,6,6,6,6,8),(0.,0.103292774742,
    0.251740051755,0.382752492045,0.493699017772,0.62500826428,
    0.742241087365,0.855222387172,1.),.UNSPECIFIED.);
#9386 = CARTESIAN_POINT('',(37.1,-60.62,-16.90244208722));
#9387 = CARTESIAN_POINT('',(37.1,-60.45842672266,-16.89374955362));
#9388 = CARTESIAN_POINT('',(37.085496960682,-60.29994894466,
    -16.88611921212));
#9389 = CARTESIAN_POINT('',(37.057489674705,-60.14542656137,
    -16.87978990646));
#9390 = CARTESIAN_POINT('',(37.016785990565,-59.99554187207,
    -16.87491992593));
#9391 = CARTESIAN_POINT('',(36.964022674675,-59.85087895722,
    -16.87160667197));
#9392 = CARTESIAN_POINT('',(36.899683600985,-59.71200012378,
    -16.8698985493));
#9393 = CARTESIAN_POINT('',(36.715514627587,-59.38912468867,
    -16.86965613114));
#9394 = CARTESIAN_POINT('',(36.583862090685,-59.21218811831,
    -16.87283566549));
#9395 = CARTESIAN_POINT('',(36.430214514527,-59.05033242653,-16.8793329)
  );
#9396 = CARTESIAN_POINT('',(36.255116089398,-58.90570306117,
    -16.88895923357));
#9397 = CARTESIAN_POINT('',(36.05896239917,-58.7811895226,
    -16.90132758746));
#9398 = CARTESIAN_POINT('',(35.842386796095,-58.68070328744,
    -16.91571223708));
#9399 = CARTESIAN_POINT('',(35.399148290268,-58.546887836,
    -16.94436915314));
#9400 = CARTESIAN_POINT('',(35.171667297542,-58.5055507732,
    -16.95877882855));
#9401 = CARTESIAN_POINT('',(34.929450044024,-58.49285238217,
    -16.97307765075));
#9402 = CARTESIAN_POINT('',(34.678785965944,-58.51389964633,
    -16.98573705069));
#9403 = CARTESIAN_POINT('',(34.426855943638,-58.57179849287,
    -16.99510315327));
#9404 = CARTESIAN_POINT('',(34.181307436521,-58.66779732361,-17.));
#9405 = CARTESIAN_POINT('',(33.754077033934,-58.91446614727,-17.));
#9406 = CARTESIAN_POINT('',(33.572398773843,-59.05218711642,
    -16.99648868398));
#9407 = CARTESIAN_POINT('',(33.40866922217,-59.21236487885,
    -16.98946476444));
#9408 = CARTESIAN_POINT('',(33.266156901461,-59.39216314499,
    -16.97932906418));
#9409 = CARTESIAN_POINT('',(33.147579967738,-59.5881762809,
    -16.96686268683));
#9410 = CARTESIAN_POINT('',(33.054988568638,-59.79654213475,
    -16.95310196164));
#9411 = CARTESIAN_POINT('',(32.912256860687,-60.26931406269,
    -16.92255035944));
#9412 = CARTESIAN_POINT('',(32.876447003239,-60.52565249184,
    -16.90639966293));
#9413 = CARTESIAN_POINT('',(32.877228794981,-60.77645346902,
    -16.89227357358));
#9414 = CARTESIAN_POINT('',(32.910617472357,-61.01839634473,
    -16.88116768127));
#9415 = CARTESIAN_POINT('',(32.973621390051,-61.24923395546,
    -16.87359133334));
#9416 = CARTESIAN_POINT('',(33.064213732629,-61.46712578389,
    -16.86979549372));
#9417 = CARTESIAN_POINT('',(33.285948103186,-61.8511697137,
    -16.86979549372));
#9418 = CARTESIAN_POINT('',(33.411502095955,-62.02001708188,
    -16.87282122514));
#9419 = CARTESIAN_POINT('',(33.557113129104,-62.17512481475,
    -16.87886453834));
#9420 = CARTESIAN_POINT('',(33.722285489556,-62.31462793789,
    -16.88776342567));
#9421 = CARTESIAN_POINT('',(33.906658954866,-62.43605841796,
    -16.89918927971));
#9422 = CARTESIAN_POINT('',(34.109703135244,-62.53611628206,
    -16.91254310854));
#9423 = CARTESIAN_POINT('',(34.542721479458,-62.68183693192,
    -16.94066062466));
#9424 = CARTESIAN_POINT('',(34.776968685264,-62.73119748826,
    -16.95571380849));
#9425 = CARTESIAN_POINT('',(35.027856819401,-62.75027888239,
    -16.97088438545));
#9426 = CARTESIAN_POINT('',(35.288689638754,-62.73325043154,
    -16.98449316045));
#9427 = CARTESIAN_POINT('',(35.551680417869,-62.67643206565,
    -16.99465790075));
#9428 = CARTESIAN_POINT('',(35.808404288712,-62.57814278884,-17.));
#9429 = CARTESIAN_POINT('',(36.359640664757,-62.25987698281,-17.));
#9430 = CARTESIAN_POINT('',(36.619253933627,-62.02798876403,
    -16.99122762817));
#9431 = CARTESIAN_POINT('',(36.822964332793,-61.76019666452,
    -16.97516510313));
#9432 = CARTESIAN_POINT('',(36.969201044018,-61.47171436029,
    -16.9551657543));
#9433 = CARTESIAN_POINT('',(37.059686473207,-61.17705623776,
    -16.93490065702));
#9434 = CARTESIAN_POINT('',(37.1,-60.88937634257,-16.9169343532));
#9435 = CARTESIAN_POINT('',(37.1,-60.62,-16.90244208722));
#9436 = PCURVE('',#2375,#9437);
#9437 = DEFINITIONAL_REPRESENTATION('',(#9438),#9489);
#9438 = B_SPLINE_CURVE_WITH_KNOTS('',7,(#9439,#9440,#9441,#9442,#9443,
    #9444,#9445,#9446,#9447,#9448,#9449,#9450,#9451,#9452,#9453,#9454,
    #9455,#9456,#9457,#9458,#9459,#9460,#9461,#9462,#9463,#9464,#9465,
    #9466,#9467,#9468,#9469,#9470,#9471,#9472,#9473,#9474,#9475,#9476,
    #9477,#9478,#9479,#9480,#9481,#9482,#9483,#9484,#9485,#9486,#9487,
    #9488),.UNSPECIFIED.,.T.,.F.,(8,6,6,6,6,6,6,6,8),(0.,0.103292774742,
    0.251740051755,0.382752492045,0.493699017772,0.62500826428,
    0.742241087365,0.855222387172,1.),.UNSPECIFIED.);
#9439 = CARTESIAN_POINT('',(1.677980261668,31.049363093502));
#9440 = CARTESIAN_POINT('',(1.682759950639,30.909437556932));
#9441 = CARTESIAN_POINT('',(1.686707854087,30.764941102567));
#9442 = CARTESIAN_POINT('',(1.689848086219,30.617117823506));
#9443 = CARTESIAN_POINT('',(1.692200523216,30.46696253705));
#9444 = CARTESIAN_POINT('',(1.693779596007,30.315299458219));
#9445 = CARTESIAN_POINT('',(1.694593007422,30.162857497858));
#9446 = CARTESIAN_POINT('',(1.694708446226,29.791154706798));
#9447 = CARTESIAN_POINT('',(1.693194299536,29.572096549082));
#9448 = CARTESIAN_POINT('',(1.690103978392,29.35510095797));
#9449 = CARTESIAN_POINT('',(1.685403757371,29.142298033287));
#9450 = CARTESIAN_POINT('',(1.679032078976,28.936387933698));
#9451 = CARTESIAN_POINT('',(1.670911382429,28.741074755579));
#9452 = CARTESIAN_POINT('',(1.652191577504,28.403563896395));
#9453 = CARTESIAN_POINT('',(1.641784814051,28.254022213693));
#9454 = CARTESIAN_POINT('',(1.629790937665,28.121913873883));
#9455 = CARTESIAN_POINT('',(1.616384742103,28.014806409221));
#9456 = CARTESIAN_POINT('',(1.601841604903,27.938980130971));
#9457 = CARTESIAN_POINT('',(1.586509235907,27.89933999274));
#9458 = CARTESIAN_POINT('',(1.557490012744,27.89933999274));
#9459 = CARTESIAN_POINT('',(1.544184188159,27.927767847396));
#9460 = CARTESIAN_POINT('',(1.531128407002,27.98461826455));
#9461 = CARTESIAN_POINT('',(1.518568589734,28.069069260615));
#9462 = CARTESIAN_POINT('',(1.506741589027,28.179530599629));
#9463 = CARTESIAN_POINT('',(1.495866615119,28.313682680889));
#9464 = CARTESIAN_POINT('',(1.474614049921,28.651744753955));
#9465 = CARTESIAN_POINT('',(1.465203483799,28.855833394873));
#9466 = CARTESIAN_POINT('',(1.457820163057,29.073422724003));
#9467 = CARTESIAN_POINT('',(1.452365719772,29.299644569989));
#9468 = CARTESIAN_POINT('',(1.448758157083,29.531056990862));
#9469 = CARTESIAN_POINT('',(1.44695057142,29.76505263353));
#9470 = CARTESIAN_POINT('',(1.44695057142,30.208511618226));
#9471 = CARTESIAN_POINT('',(1.448391406887,30.417515033584));
#9472 = CARTESIAN_POINT('',(1.45126911843,30.624648403805));
#9473 = CARTESIAN_POINT('',(1.455611891997,30.828048763525));
#9474 = CARTESIAN_POINT('',(1.461471197423,31.025398633669));
#9475 = CARTESIAN_POINT('',(1.46891273907,31.213574974097));
#9476 = CARTESIAN_POINT('',(1.486762486841,31.556285768695));
#9477 = CARTESIAN_POINT('',(1.497280713986,31.716159130647));
#9478 = CARTESIAN_POINT('',(1.509531552466,31.858130808445));
#9479 = CARTESIAN_POINT('',(1.52333986522,31.973803124502));
#9480 = CARTESIAN_POINT('',(1.538415559855,32.056095619653));
#9481 = CARTESIAN_POINT('',(1.554384596298,32.09933999274));
#9482 = CARTESIAN_POINT('',(1.591826808546,32.09933999274));
#9483 = CARTESIAN_POINT('',(1.611872504924,32.028329867474));
#9484 = CARTESIAN_POINT('',(1.630141533179,31.898274247631));
#9485 = CARTESIAN_POINT('',(1.646115480249,31.721563040089));
#9486 = CARTESIAN_POINT('',(1.65944378389,31.511627201936));
#9487 = CARTESIAN_POINT('',(1.670011523551,31.282648138499));
#9488 = CARTESIAN_POINT('',(1.677980261668,31.049363093502));
#9489 = ( GEOMETRIC_REPRESENTATION_CONTEXT(2) 
PARAMETRIC_REPRESENTATION_CONTEXT() REPRESENTATION_CONTEXT('2D SPACE',''
  ) );
#9490 = PCURVE('',#5850,#9491);
#9491 = DEFINITIONAL_REPRESENTATION('',(#9492),#9543);
#9492 = B_SPLINE_CURVE_WITH_KNOTS('',7,(#9493,#9494,#9495,#9496,#9497,
    #9498,#9499,#9500,#9501,#9502,#9503,#9504,#9505,#9506,#9507,#9508,
    #9509,#9510,#9511,#9512,#9513,#9514,#9515,#9516,#9517,#9518,#9519,
    #9520,#9521,#9522,#9523,#9524,#9525,#9526,#9527,#9528,#9529,#9530,
    #9531,#9532,#9533,#9534,#9535,#9536,#9537,#9538,#9539,#9540,#9541,
    #9542),.UNSPECIFIED.,.F.,.F.,(8,6,6,6,6,6,6,6,8),(0.,0.103292774742,
    0.251740051755,0.382752492045,0.493699017772,0.62500826428,
    0.742241087365,0.855222387172,1.),.UNSPECIFIED.);
#9493 = CARTESIAN_POINT('',(-8.881784197001E-16,3.097557912771));
#9494 = CARTESIAN_POINT('',(7.693965587529E-02,3.106250446372));
#9495 = CARTESIAN_POINT('',(0.152405456404,3.11388078788));
#9496 = CARTESIAN_POINT('',(0.22673074391,3.120210093535));
#9497 = CARTESIAN_POINT('',(0.300209118655,3.125080074064));
#9498 = CARTESIAN_POINT('',(0.373120125896,3.128393328022));
#9499 = CARTESIAN_POINT('',(0.445744978409,3.130101450696));
#9500 = CARTESIAN_POINT('',(0.622748736753,3.130343868858));
#9501 = CARTESIAN_POINT('',(0.726996736367,3.127164334501));
#9502 = CARTESIAN_POINT('',(0.832054940466,3.120667099998));
#9503 = CARTESIAN_POINT('',(0.938739558009,3.11104076643));
#9504 = CARTESIAN_POINT('',(1.047918813278,3.09867241254));
#9505 = CARTESIAN_POINT('',(1.160478683532,3.084287762911));
#9506 = CARTESIAN_POINT('',(1.380953818824,3.055630846858));
#9507 = CARTESIAN_POINT('',(1.49034441914,3.041221171444));
#9508 = CARTESIAN_POINT('',(1.604314080208,3.026922349242));
#9509 = CARTESIAN_POINT('',(1.722047880963,3.01426294931));
#9510 = CARTESIAN_POINT('',(1.843089059734,3.00489684673));
#9511 = CARTESIAN_POINT('',(1.96720806413,3.));
#9512 = CARTESIAN_POINT('',(2.202125584978,3.));
#9513 = CARTESIAN_POINT('',(2.309838918031,3.00351131602));
#9514 = CARTESIAN_POINT('',(2.41754059207,3.010535235557));
#9515 = CARTESIAN_POINT('',(2.525242867232,3.020670935816));
#9516 = CARTESIAN_POINT('',(2.632960470634,3.033137313163));
#9517 = CARTESIAN_POINT('',(2.740690615099,3.046898038354));
#9518 = CARTESIAN_POINT('',(2.975856227751,3.077449640555));
#9519 = CARTESIAN_POINT('',(3.097641560375,3.093600337067));
#9520 = CARTESIAN_POINT('',(3.215246448357,3.107726426415));
#9521 = CARTESIAN_POINT('',(3.329746093672,3.118832318729));
#9522 = CARTESIAN_POINT('',(3.442212685629,3.126408666652));
#9523 = CARTESIAN_POINT('',(3.553638722212,3.130204506278));
#9524 = CARTESIAN_POINT('',(3.764809667305,3.130204506278));
#9525 = CARTESIAN_POINT('',(3.864334934379,3.127178774851));
#9526 = CARTESIAN_POINT('',(3.96458472815,3.121135461651));
#9527 = CARTESIAN_POINT('',(4.066271112202,3.112236574326));
#9528 = CARTESIAN_POINT('',(4.170145721945,3.100810720288));
#9529 = CARTESIAN_POINT('',(4.276980540418,3.087456891459));
#9530 = CARTESIAN_POINT('',(4.494542476353,3.059339375333));
#9531 = CARTESIAN_POINT('',(4.607759909414,3.044286191503));
#9532 = CARTESIAN_POINT('',(4.72587642571,3.029115614542));
#9533 = CARTESIAN_POINT('',(4.848056786705,3.015506839541));
#9534 = CARTESIAN_POINT('',(4.973870598241,3.005342099247));
#9535 = CARTESIAN_POINT('',(5.103143592226,3.));
#9536 = CARTESIAN_POINT('',(5.406247215184,3.));
#9537 = CARTESIAN_POINT('',(5.568523569705,3.008772371822));
#9538 = CARTESIAN_POINT('',(5.724342085752,3.024834896862));
#9539 = CARTESIAN_POINT('',(5.874155955669,3.044834245694));
#9540 = CARTESIAN_POINT('',(6.017921462642,3.065099342976));
#9541 = CARTESIAN_POINT('',(6.154910858335,3.083065646799));
#9542 = CARTESIAN_POINT('',(6.28318530718,3.097557912771));
#9543 = ( GEOMETRIC_REPRESENTATION_CONTEXT(2) 
PARAMETRIC_REPRESENTATION_CONTEXT() REPRESENTATION_CONTEXT('2D SPACE',''
  ) );
#9544 = ADVANCED_FACE('',(#9545),#2532,.T.);
#9545 = FACE_BOUND('',#9546,.T.);
#9546 = EDGE_LOOP('',(#9547,#9548,#9549,#9550));
#9547 = ORIENTED_EDGE('',*,*,#2606,.F.);
#9548 = ORIENTED_EDGE('',*,*,#9333,.T.);
#9549 = ORIENTED_EDGE('',*,*,#2517,.F.);
#9550 = ORIENTED_EDGE('',*,*,#5578,.F.);
#9551 = ADVANCED_FACE('',(#9552),#2401,.F.);
#9552 = FACE_BOUND('',#9553,.F.);
#9553 = EDGE_LOOP('',(#9554,#9555,#9556,#9557));
#9554 = ORIENTED_EDGE('',*,*,#2386,.F.);
#9555 = ORIENTED_EDGE('',*,*,#9356,.T.);
#9556 = ORIENTED_EDGE('',*,*,#2475,.F.);
#9557 = ORIENTED_EDGE('',*,*,#5647,.F.);
#9558 = ADVANCED_FACE('',(#9559,#9607),#2644,.T.);
#9559 = FACE_BOUND('',#9560,.T.);
#9560 = EDGE_LOOP('',(#9561,#9583,#9584,#9606));
#9561 = ORIENTED_EDGE('',*,*,#9562,.F.);
#9562 = EDGE_CURVE('',#2630,#2766,#9563,.T.);
#9563 = SURFACE_CURVE('',#9564,(#9569,#9576),.PCURVE_S1.);
#9564 = CIRCLE('',#9565,17.);
#9565 = AXIS2_PLACEMENT_3D('',#9566,#9567,#9568);
#9566 = CARTESIAN_POINT('',(100.,0.,0.));
#9567 = DIRECTION('',(1.,0.,0.));
#9568 = DIRECTION('',(-0.,0.,1.));
#9569 = PCURVE('',#2644,#9570);
#9570 = DEFINITIONAL_REPRESENTATION('',(#9571),#9575);
#9571 = LINE('',#9572,#9573);
#9572 = CARTESIAN_POINT('',(0.,60.));
#9573 = VECTOR('',#9574,1.);
#9574 = DIRECTION('',(1.,0.));
#9575 = ( GEOMETRIC_REPRESENTATION_CONTEXT(2) 
PARAMETRIC_REPRESENTATION_CONTEXT() REPRESENTATION_CONTEXT('2D SPACE',''
  ) );
#9576 = PCURVE('',#2801,#9577);
#9577 = DEFINITIONAL_REPRESENTATION('',(#9578),#9582);
#9578 = CIRCLE('',#9579,17.);
#9579 = AXIS2_PLACEMENT_2D('',#9580,#9581);
#9580 = CARTESIAN_POINT('',(0.,0.));
#9581 = DIRECTION('',(1.,0.));
#9582 = ( GEOMETRIC_REPRESENTATION_CONTEXT(2) 
PARAMETRIC_REPRESENTATION_CONTEXT() REPRESENTATION_CONTEXT('2D SPACE',''
  ) );
#9583 = ORIENTED_EDGE('',*,*,#2627,.F.);
#9584 = ORIENTED_EDGE('',*,*,#9585,.T.);
#9585 = EDGE_CURVE('',#2628,#2745,#9586,.T.);
#9586 = SURFACE_CURVE('',#9587,(#9592,#9599),.PCURVE_S1.);
#9587 = CIRCLE('',#9588,17.);
#9588 = AXIS2_PLACEMENT_3D('',#9589,#9590,#9591);
#9589 = CARTESIAN_POINT('',(40.,0.,0.));
#9590 = DIRECTION('',(1.,0.,0.));
#9591 = DIRECTION('',(-0.,0.,1.));
#9592 = PCURVE('',#2644,#9593);
#9593 = DEFINITIONAL_REPRESENTATION('',(#9594),#9598);
#9594 = LINE('',#9595,#9596);
#9595 = CARTESIAN_POINT('',(0.,0.));
#9596 = VECTOR('',#9597,1.);
#9597 = DIRECTION('',(1.,0.));
#9598 = ( GEOMETRIC_REPRESENTATION_CONTEXT(2) 
PARAMETRIC_REPRESENTATION_CONTEXT() REPRESENTATION_CONTEXT('2D SPACE',''
  ) );
#9599 = PCURVE('',#2670,#9600);
#9600 = DEFINITIONAL_REPRESENTATION('',(#9601),#9605);
#9601 = CIRCLE('',#9602,17.);
#9602 = AXIS2_PLACEMENT_2D('',#9603,#9604);
#9603 = CARTESIAN_POINT('',(0.,0.));
#9604 = DIRECTION('',(1.,0.));
#9605 = ( GEOMETRIC_REPRESENTATION_CONTEXT(2) 
PARAMETRIC_REPRESENTATION_CONTEXT() REPRESENTATION_CONTEXT('2D SPACE',''
  ) );
#9606 = ORIENTED_EDGE('',*,*,#2765,.T.);
#9607 = FACE_BOUND('',#9608,.T.);
#9608 = EDGE_LOOP('',(#9609));
#9609 = ORIENTED_EDGE('',*,*,#9610,.T.);
#9610 = EDGE_CURVE('',#9611,#9611,#9613,.T.);
#9611 = VERTEX_POINT('',#9612);
#9612 = CARTESIAN_POINT('',(72.1,-5.143516556419E-16,-17.));
#9613 = SURFACE_CURVE('',#9614,(#9665,#9719),.PCURVE_S1.);
#9614 = B_SPLINE_CURVE_WITH_KNOTS('',7,(#9615,#9616,#9617,#9618,#9619,
    #9620,#9621,#9622,#9623,#9624,#9625,#9626,#9627,#9628,#9629,#9630,
    #9631,#9632,#9633,#9634,#9635,#9636,#9637,#9638,#9639,#9640,#9641,
    #9642,#9643,#9644,#9645,#9646,#9647,#9648,#9649,#9650,#9651,#9652,
    #9653,#9654,#9655,#9656,#9657,#9658,#9659,#9660,#9661,#9662,#9663,
    #9664),.UNSPECIFIED.,.T.,.F.,(8,6,6,6,6,6,6,6,8),(0.,0.122694323886,
    0.250005620163,0.377323536349,0.500000893689,0.622707393602,
    0.750027278323,0.877346802033,1.),.UNSPECIFIED.);
#9615 = CARTESIAN_POINT('',(72.1,-1.33226762955E-15,-17.));
#9616 = CARTESIAN_POINT('',(72.1,0.27899941845,-17.));
#9617 = CARTESIAN_POINT('',(72.056755626913,0.550472901491,
    -16.99465790075));
#9618 = CARTESIAN_POINT('',(71.974463131763,0.806637734836,
    -16.98449316045));
#9619 = CARTESIAN_POINT('',(71.858790815705,1.041038338694,
    -16.97088438545));
#9620 = CARTESIAN_POINT('',(71.716819137908,1.248771335965,
    -16.95571380849));
#9621 = CARTESIAN_POINT('',(71.556945775955,1.426953058062,
    -16.94066062466));
#9622 = CARTESIAN_POINT('',(71.214235056973,1.729093199719,
    -16.91254311474));
#9623 = CARTESIAN_POINT('',(71.026060488515,1.854901807554,
    -16.89918942462));
#9624 = CARTESIAN_POINT('',(70.828710527083,1.953857527286,
    -16.88776350476));
#9625 = CARTESIAN_POINT('',(70.625305906626,2.027149274002,
    -16.8788642524));
#9626 = CARTESIAN_POINT('',(70.41816630343,2.075695872483,
    -16.87282091904));
#9627 = CARTESIAN_POINT('',(70.209160756228,2.1,-16.86979549372));
#9628 = CARTESIAN_POINT('',(69.790828367871,2.1,-16.86979549372));
#9629 = CARTESIAN_POINT('',(69.581824975393,2.075693389922,
    -16.87282122528));
#9630 = CARTESIAN_POINT('',(69.374691577196,2.027147043265,
    -16.87886453764));
#9631 = CARTESIAN_POINT('',(69.171291223378,1.953857705366,
    -16.88776342707));
#9632 = CARTESIAN_POINT('',(68.973941372037,1.854903375824,
    -16.89918927844));
#9633 = CARTESIAN_POINT('',(68.785765012846,1.729093261272,
    -16.91254310901));
#9634 = CARTESIAN_POINT('',(68.443086158607,1.426981212166,
    -16.94065800461));
#9635 = CARTESIAN_POINT('',(68.283199021749,1.248801523859,
    -16.95571158314));
#9636 = CARTESIAN_POINT('',(68.141199727498,1.04104297115,-16.970884917)
  );
#9637 = CARTESIAN_POINT('',(68.025510572722,0.806600866759,
    -16.98449640028));
#9638 = CARTESIAN_POINT('',(67.943223828592,0.550401825964,
    -16.99466044186));
#9639 = CARTESIAN_POINT('',(67.9,0.278933156591,-17.));
#9640 = CARTESIAN_POINT('',(67.9,-0.27899941845,-17.));
#9641 = CARTESIAN_POINT('',(67.943244373087,-0.550472901491,
    -16.99465790075));
#9642 = CARTESIAN_POINT('',(68.025536868238,-0.806637734836,
    -16.98449316045));
#9643 = CARTESIAN_POINT('',(68.141209184295,-1.041038338694,
    -16.97088438545));
#9644 = CARTESIAN_POINT('',(68.283180862092,-1.248771335965,
    -16.95571380849));
#9645 = CARTESIAN_POINT('',(68.443054224045,-1.426953058062,
    -16.94066062466));
#9646 = CARTESIAN_POINT('',(68.785759397591,-1.72908831076,
    -16.91254356971));
#9647 = CARTESIAN_POINT('',(68.973938666959,-1.854903581117,
    -16.89918936411));
#9648 = CARTESIAN_POINT('',(69.171295342029,-1.953860779535,
    -16.88776303931));
#9649 = CARTESIAN_POINT('',(69.37469864167,-2.027148891724,
    -16.87886430699));
#9650 = CARTESIAN_POINT('',(69.581829095486,-2.075693230289,
    -16.87282124586));
#9651 = CARTESIAN_POINT('',(69.790827774773,-2.1,-16.86979549372));
#9652 = CARTESIAN_POINT('',(70.209171632129,-2.1,-16.86979549372));
#9653 = CARTESIAN_POINT('',(70.418175024607,-2.075693389921,
    -16.87282122528));
#9654 = CARTESIAN_POINT('',(70.625308422804,-2.027147043265,
    -16.87886453764));
#9655 = CARTESIAN_POINT('',(70.828708776621,-1.953857705366,
    -16.88776342706));
#9656 = CARTESIAN_POINT('',(71.026058627963,-1.854903375824,
    -16.89918927844));
#9657 = CARTESIAN_POINT('',(71.214234987154,-1.729093261272,
    -16.91254310901));
#9658 = CARTESIAN_POINT('',(71.556878602399,-1.427012279518,
    -16.94065511345));
#9659 = CARTESIAN_POINT('',(71.716790485898,-1.248826379459,
    -16.95570990544));
#9660 = CARTESIAN_POINT('',(71.858820169601,-1.041032242286,
    -16.9708867044));
#9661 = CARTESIAN_POINT('',(71.974520194986,-0.806547213723,
    -16.98450022593));
#9662 = CARTESIAN_POINT('',(72.056795725304,-0.550323989146,
    -16.9946628512));
#9663 = CARTESIAN_POINT('',(72.1,-0.278870054225,-17.));
#9664 = CARTESIAN_POINT('',(72.1,-1.33226762955E-15,-17.));
#9665 = PCURVE('',#2644,#9666);
#9666 = DEFINITIONAL_REPRESENTATION('',(#9667),#9718);
#9667 = B_SPLINE_CURVE_WITH_KNOTS('',7,(#9668,#9669,#9670,#9671,#9672,
    #9673,#9674,#9675,#9676,#9677,#9678,#9679,#9680,#9681,#9682,#9683,
    #9684,#9685,#9686,#9687,#9688,#9689,#9690,#9691,#9692,#9693,#9694,
    #9695,#9696,#9697,#9698,#9699,#9700,#9701,#9702,#9703,#9704,#9705,
    #9706,#9707,#9708,#9709,#9710,#9711,#9712,#9713,#9714,#9715,#9716,
    #9717),.UNSPECIFIED.,.T.,.F.,(8,6,6,6,6,6,6,6,8),(0.,0.122694323886,
    0.250005620163,0.377323536349,0.500000893689,0.622707393602,
    0.750027278323,0.877346802033,1.),.UNSPECIFIED.);
#9668 = CARTESIAN_POINT('',(3.14159265359,32.1));
#9669 = CARTESIAN_POINT('',(3.158004384087,32.1));
#9670 = CARTESIAN_POINT('',(3.173973420529,32.056755626913));
#9671 = CARTESIAN_POINT('',(3.189049115165,31.974463131763));
#9672 = CARTESIAN_POINT('',(3.202857427919,31.858790815705));
#9673 = CARTESIAN_POINT('',(3.215108266398,31.716819137908));
#9674 = CARTESIAN_POINT('',(3.225626493544,31.556945775955));
#9675 = CARTESIAN_POINT('',(3.243476237377,31.214235056973));
#9676 = CARTESIAN_POINT('',(3.250917691135,31.026060488515));
#9677 = CARTESIAN_POINT('',(3.256777076541,30.828710527082));
#9678 = CARTESIAN_POINT('',(3.261119994743,30.625305906626));
#9679 = CARTESIAN_POINT('',(3.263997720521,30.41816630343));
#9680 = CARTESIAN_POINT('',(3.265438408965,30.209160756228));
#9681 = CARTESIAN_POINT('',(3.265438408965,29.790828367871));
#9682 = CARTESIAN_POINT('',(3.263997573398,29.581824975393));
#9683 = CARTESIAN_POINT('',(3.261119862425,29.374691577195));
#9684 = CARTESIAN_POINT('',(3.256777087503,29.171291223379));
#9685 = CARTESIAN_POINT('',(3.250917783755,28.973941372037));
#9686 = CARTESIAN_POINT('',(3.243476241013,28.785765012846));
#9687 = CARTESIAN_POINT('',(3.225628156824,28.443086158607));
#9688 = CARTESIAN_POINT('',(3.215110046847,28.283199021749));
#9689 = CARTESIAN_POINT('',(3.202857696237,28.141199727498));
#9690 = CARTESIAN_POINT('',(3.18904694103,28.025510572722));
#9691 = CARTESIAN_POINT('',(3.173969239602,27.943223828592));
#9692 = CARTESIAN_POINT('',(3.15800048633,27.9));
#9693 = CARTESIAN_POINT('',(3.125180923093,27.9));
#9694 = CARTESIAN_POINT('',(3.10921188665,27.943244373087));
#9695 = CARTESIAN_POINT('',(3.094136192015,28.025536868238));
#9696 = CARTESIAN_POINT('',(3.080327879261,28.141209184295));
#9697 = CARTESIAN_POINT('',(3.068077040781,28.283180862092));
#9698 = CARTESIAN_POINT('',(3.057558813636,28.443054224045));
#9699 = CARTESIAN_POINT('',(3.039709358631,28.785759397591));
#9700 = CARTESIAN_POINT('',(3.032267511878,28.973938666959));
#9701 = CARTESIAN_POINT('',(3.026408037557,29.171295342029));
#9702 = CARTESIAN_POINT('',(3.022065335092,29.37469864167));
#9703 = CARTESIAN_POINT('',(3.019187743277,29.581829095486));
#9704 = CARTESIAN_POINT('',(3.017746898214,29.790827774773));
#9705 = CARTESIAN_POINT('',(3.017746898214,30.209171632129));
#9706 = CARTESIAN_POINT('',(3.019187733781,30.418175024607));
#9707 = CARTESIAN_POINT('',(3.022065444754,30.625308422804));
#9708 = CARTESIAN_POINT('',(3.026408219676,30.828708776622));
#9709 = CARTESIAN_POINT('',(3.032267523424,31.026058627963));
#9710 = CARTESIAN_POINT('',(3.039709066166,31.214234987154));
#9711 = CARTESIAN_POINT('',(3.057555314968,31.556878602399));
#9712 = CARTESIAN_POINT('',(3.068073795366,31.716790485898));
#9713 = CARTESIAN_POINT('',(3.080328248577,31.858820169601));
#9714 = CARTESIAN_POINT('',(3.094141527665,31.974520194986));
#9715 = CARTESIAN_POINT('',(3.109220646054,32.056795725304));
#9716 = CARTESIAN_POINT('',(3.125188532753,32.1));
#9717 = CARTESIAN_POINT('',(3.14159265359,32.1));
#9718 = ( GEOMETRIC_REPRESENTATION_CONTEXT(2) 
PARAMETRIC_REPRESENTATION_CONTEXT() REPRESENTATION_CONTEXT('2D SPACE',''
  ) );
#9719 = PCURVE('',#6953,#9720);
#9720 = DEFINITIONAL_REPRESENTATION('',(#9721),#9772);
#9721 = B_SPLINE_CURVE_WITH_KNOTS('',7,(#9722,#9723,#9724,#9725,#9726,
    #9727,#9728,#9729,#9730,#9731,#9732,#9733,#9734,#9735,#9736,#9737,
    #9738,#9739,#9740,#9741,#9742,#9743,#9744,#9745,#9746,#9747,#9748,
    #9749,#9750,#9751,#9752,#9753,#9754,#9755,#9756,#9757,#9758,#9759,
    #9760,#9761,#9762,#9763,#9764,#9765,#9766,#9767,#9768,#9769,#9770,
    #9771),.UNSPECIFIED.,.F.,.F.,(8,6,6,6,6,6,6,6,8),(0.,0.122694323886,
    0.250005620163,0.377323536349,0.500000893689,0.622707393602,
    0.750027278323,0.877346802033,1.),.UNSPECIFIED.);
#9722 = CARTESIAN_POINT('',(0.,3.));
#9723 = CARTESIAN_POINT('',(0.132856865928,3.));
#9724 = CARTESIAN_POINT('',(0.262129859914,3.005342099247));
#9725 = CARTESIAN_POINT('',(0.387943671449,3.015506839541));
#9726 = CARTESIAN_POINT('',(0.510124032445,3.029115614542));
#9727 = CARTESIAN_POINT('',(0.62824054874,3.044286191503));
#9728 = CARTESIAN_POINT('',(0.741457981802,3.059339375333));
#9729 = CARTESIAN_POINT('',(0.959019869734,3.087456885255));
#9730 = CARTESIAN_POINT('',(1.065853593911,3.100810575375));
#9731 = CARTESIAN_POINT('',(1.16972862526,3.112236495233));
#9732 = CARTESIAN_POINT('',(1.271417197348,3.121135747591));
#9733 = CARTESIAN_POINT('',(1.371669668914,3.127179080952));
#9734 = CARTESIAN_POINT('',(1.471195966686,3.130204506278));
#9735 = CARTESIAN_POINT('',(1.670401865904,3.130204506278));
#9736 = CARTESIAN_POINT('',(1.76992712248,3.127178774719));
#9737 = CARTESIAN_POINT('',(1.870176927628,3.12113546236));
#9738 = CARTESIAN_POINT('',(1.971863313083,3.11223657293));
#9739 = CARTESIAN_POINT('',(2.075737908855,3.100810721554));
#9740 = CARTESIAN_POINT('',(2.182572739533,3.087456890983));
#9741 = CARTESIAN_POINT('',(2.400114398878,3.059341995386));
#9742 = CARTESIAN_POINT('',(2.513336115462,3.044288416858));
#9743 = CARTESIAN_POINT('',(2.631469387111,3.029115083));
#9744 = CARTESIAN_POINT('',(2.753669231281,3.01550359972));
#9745 = CARTESIAN_POINT('',(2.879496646385,3.005339558135));
#9746 = CARTESIAN_POINT('',(3.008767340927,3.));
#9747 = CARTESIAN_POINT('',(3.274449519518,3.));
#9748 = CARTESIAN_POINT('',(3.403722513504,3.005342099247));
#9749 = CARTESIAN_POINT('',(3.529536325039,3.015506839541));
#9750 = CARTESIAN_POINT('',(3.651716686035,3.029115614542));
#9751 = CARTESIAN_POINT('',(3.76983320233,3.044286191503));
#9752 = CARTESIAN_POINT('',(3.883050635392,3.059339375333));
#9753 = CARTESIAN_POINT('',(4.100609002933,3.087456430283));
#9754 = CARTESIAN_POINT('',(4.207446494201,3.100810635881));
#9755 = CARTESIAN_POINT('',(4.311324231844,3.112236960685));
#9756 = CARTESIAN_POINT('',(4.41301175618,3.121135693001));
#9757 = CARTESIAN_POINT('',(4.513260136265,3.127178754131));
#9758 = CARTESIAN_POINT('',(4.612783158848,3.130204506278));
#9759 = CARTESIAN_POINT('',(4.811994519494,3.130204506278));
#9760 = CARTESIAN_POINT('',(4.91151977607,3.127178774719));
#9761 = CARTESIAN_POINT('',(5.011769581217,3.12113546236));
#9762 = CARTESIAN_POINT('',(5.113455966672,3.112236572931));
#9763 = CARTESIAN_POINT('',(5.217330562445,3.100810721554));
#9764 = CARTESIAN_POINT('',(5.324165393123,3.087456890983));
#9765 = CARTESIAN_POINT('',(5.541684681816,3.05934488655));
#9766 = CARTESIAN_POINT('',(5.654917204231,3.044290094553));
#9767 = CARTESIAN_POINT('',(5.773071231942,3.029113295592));
#9768 = CARTESIAN_POINT('',(5.895289999898,3.015499774064));
#9769 = CARTESIAN_POINT('',(6.021126371109,3.005337148798));
#9770 = CARTESIAN_POINT('',(6.150390043263,3.));
#9771 = CARTESIAN_POINT('',(6.28318530718,3.));
#9772 = ( GEOMETRIC_REPRESENTATION_CONTEXT(2) 
PARAMETRIC_REPRESENTATION_CONTEXT() REPRESENTATION_CONTEXT('2D SPACE',''
  ) );
#9773 = ADVANCED_FACE('',(#9774),#2801,.T.);
#9774 = FACE_BOUND('',#9775,.T.);
#9775 = EDGE_LOOP('',(#9776,#9777,#9778,#9779));
#9776 = ORIENTED_EDGE('',*,*,#2875,.F.);
#9777 = ORIENTED_EDGE('',*,*,#9562,.T.);
#9778 = ORIENTED_EDGE('',*,*,#2786,.F.);
#9779 = ORIENTED_EDGE('',*,*,#6818,.F.);
#9780 = ADVANCED_FACE('',(#9781),#2670,.F.);
#9781 = FACE_BOUND('',#9782,.F.);
#9782 = EDGE_LOOP('',(#9783,#9784,#9785,#9786));
#9783 = ORIENTED_EDGE('',*,*,#2655,.F.);
#9784 = ORIENTED_EDGE('',*,*,#9585,.T.);
#9785 = ORIENTED_EDGE('',*,*,#2744,.F.);
#9786 = ORIENTED_EDGE('',*,*,#6633,.F.);
#9787 = ADVANCED_FACE('',(#9788,#9836),#2913,.T.);
#9788 = FACE_BOUND('',#9789,.T.);
#9789 = EDGE_LOOP('',(#9790,#9812,#9813,#9835));
#9790 = ORIENTED_EDGE('',*,*,#9791,.F.);
#9791 = EDGE_CURVE('',#2899,#3035,#9792,.T.);
#9792 = SURFACE_CURVE('',#9793,(#9798,#9805),.PCURVE_S1.);
#9793 = CIRCLE('',#9794,17.);
#9794 = AXIS2_PLACEMENT_3D('',#9795,#9796,#9797);
#9795 = CARTESIAN_POINT('',(-50.,86.6,0.));
#9796 = DIRECTION('',(-0.500011000363,0.866019052629,0.));
#9797 = DIRECTION('',(0.866019052629,0.500011000363,0.));
#9798 = PCURVE('',#2913,#9799);
#9799 = DEFINITIONAL_REPRESENTATION('',(#9800),#9804);
#9800 = LINE('',#9801,#9802);
#9801 = CARTESIAN_POINT('',(0.,59.99867998548));
#9802 = VECTOR('',#9803,1.);
#9803 = DIRECTION('',(1.,0.));
#9804 = ( GEOMETRIC_REPRESENTATION_CONTEXT(2) 
PARAMETRIC_REPRESENTATION_CONTEXT() REPRESENTATION_CONTEXT('2D SPACE',''
  ) );
#9805 = PCURVE('',#3070,#9806);
#9806 = DEFINITIONAL_REPRESENTATION('',(#9807),#9811);
#9807 = CIRCLE('',#9808,17.);
#9808 = AXIS2_PLACEMENT_2D('',#9809,#9810);
#9809 = CARTESIAN_POINT('',(0.,0.));
#9810 = DIRECTION('',(1.,0.));
#9811 = ( GEOMETRIC_REPRESENTATION_CONTEXT(2) 
PARAMETRIC_REPRESENTATION_CONTEXT() REPRESENTATION_CONTEXT('2D SPACE',''
  ) );
#9812 = ORIENTED_EDGE('',*,*,#2896,.F.);
#9813 = ORIENTED_EDGE('',*,*,#9814,.T.);
#9814 = EDGE_CURVE('',#2897,#3014,#9815,.T.);
#9815 = SURFACE_CURVE('',#9816,(#9821,#9828),.PCURVE_S1.);
#9816 = CIRCLE('',#9817,17.);
#9817 = AXIS2_PLACEMENT_3D('',#9818,#9819,#9820);
#9818 = CARTESIAN_POINT('',(-20.,34.64,0.));
#9819 = DIRECTION('',(-0.500011000363,0.866019052629,0.));
#9820 = DIRECTION('',(0.866019052629,0.500011000363,0.));
#9821 = PCURVE('',#2913,#9822);
#9822 = DEFINITIONAL_REPRESENTATION('',(#9823),#9827);
#9823 = LINE('',#9824,#9825);
#9824 = CARTESIAN_POINT('',(0.,0.));
#9825 = VECTOR('',#9826,1.);
#9826 = DIRECTION('',(1.,0.));
#9827 = ( GEOMETRIC_REPRESENTATION_CONTEXT(2) 
PARAMETRIC_REPRESENTATION_CONTEXT() REPRESENTATION_CONTEXT('2D SPACE',''
  ) );
#9828 = PCURVE('',#2939,#9829);
#9829 = DEFINITIONAL_REPRESENTATION('',(#9830),#9834);
#9830 = CIRCLE('',#9831,17.);
#9831 = AXIS2_PLACEMENT_2D('',#9832,#9833);
#9832 = CARTESIAN_POINT('',(0.,0.));
#9833 = DIRECTION('',(1.,0.));
#9834 = ( GEOMETRIC_REPRESENTATION_CONTEXT(2) 
PARAMETRIC_REPRESENTATION_CONTEXT() REPRESENTATION_CONTEXT('2D SPACE',''
  ) );
#9835 = ORIENTED_EDGE('',*,*,#3034,.T.);
#9836 = FACE_BOUND('',#9837,.T.);
#9837 = EDGE_LOOP('',(#9838));
#9838 = ORIENTED_EDGE('',*,*,#9839,.T.);
#9839 = EDGE_CURVE('',#9840,#9840,#9842,.T.);
#9840 = VERTEX_POINT('',#9841);
#9841 = CARTESIAN_POINT('',(-32.9,60.62,-16.90244208722));
#9842 = SURFACE_CURVE('',#9843,(#9902,#9964),.PCURVE_S1.);
#9843 = B_SPLINE_CURVE_WITH_KNOTS('',8,(#9844,#9845,#9846,#9847,#9848,
    #9849,#9850,#9851,#9852,#9853,#9854,#9855,#9856,#9857,#9858,#9859,
    #9860,#9861,#9862,#9863,#9864,#9865,#9866,#9867,#9868,#9869,#9870,
    #9871,#9872,#9873,#9874,#9875,#9876,#9877,#9878,#9879,#9880,#9881,
    #9882,#9883,#9884,#9885,#9886,#9887,#9888,#9889,#9890,#9891,#9892,
    #9893,#9894,#9895,#9896,#9897,#9898,#9899,#9900,#9901),
  .UNSPECIFIED.,.T.,.F.,(9,7,7,7,7,7,7,7,9),(0.,0.109575653444,
    0.279030749955,0.434773475728,0.542912005634,0.651052665183,
    0.760143285781,0.865277665278,1.),.UNSPECIFIED.);
#9844 = CARTESIAN_POINT('',(-32.9,60.62,-16.90244208722));
#9845 = CARTESIAN_POINT('',(-32.9,60.761376617671,-16.89483612032));
#9846 = CARTESIAN_POINT('',(-32.91087727948,60.900431610838,
    -16.88802679749));
#9847 = CARTESIAN_POINT('',(-32.93200759305,61.036627544892,
    -16.88216339608));
#9848 = CARTESIAN_POINT('',(-32.96286216736,61.169515783274,
    -16.8773549162));
#9849 = CARTESIAN_POINT('',(-33.00300025289,61.298706720993,
    -16.8736774557));
#9850 = CARTESIAN_POINT('',(-33.05206209374,61.423840751134,
    -16.8711796413));
#9851 = CARTESIAN_POINT('',(-33.10976231562,61.544559964364,
    -16.86988611582));
#9852 = CARTESIAN_POINT('',(-33.27813829864,61.83974795275,
    -16.86966448567));
#9853 = CARTESIAN_POINT('',(-33.40038944681,62.007290460927,
    -16.87241520776));
#9854 = CARTESIAN_POINT('',(-33.54182389271,62.161891112657,
    -16.87804578242));
#9855 = CARTESIAN_POINT('',(-33.70198040655,62.301950571383,
    -16.88642982176));
#9856 = CARTESIAN_POINT('',(-33.88053862638,62.425376809609,
    -16.89731207192));
#9857 = CARTESIAN_POINT('',(-34.07710437181,62.529455911213,
    -16.9102470721));
#9858 = CARTESIAN_POINT('',(-34.29092759953,62.610681689536,
    -16.92452310927));
#9859 = CARTESIAN_POINT('',(-34.73147447844,62.714005123392,
    -16.95251682574));
#9860 = CARTESIAN_POINT('',(-34.96351172992,62.742174652603,
    -16.96667931498));
#9861 = CARTESIAN_POINT('',(-35.20971989251,62.740784747899,
    -16.9803611955));
#9862 = CARTESIAN_POINT('',(-35.46223543685,62.704751378689,
    -16.99196238224));
#9863 = CARTESIAN_POINT('',(-35.71259926082,62.631945359467,
    -16.99986221401));
#9864 = CARTESIAN_POINT('',(-35.95250538421,62.522865741639,
    -17.00305372152));
#9865 = CARTESIAN_POINT('',(-36.17439801282,62.380417654215,
    -17.00138813057));
#9866 = CARTESIAN_POINT('',(-36.50954785514,62.091116641549,
    -16.9913187611));
#9867 = CARTESIAN_POINT('',(-36.63518119364,61.95900367747,
    -16.98513336414));
#9868 = CARTESIAN_POINT('',(-36.74753819882,61.814688020649,
    -16.97707419076));
#9869 = CARTESIAN_POINT('',(-36.8452547632,61.659729847411,
    -16.96745882101));
#9870 = CARTESIAN_POINT('',(-36.92718597717,61.495865512581,
    -16.95671425898));
#9871 = CARTESIAN_POINT('',(-36.99242812659,61.324976885163,
    -16.94534272099));
#9872 = CARTESIAN_POINT('',(-37.04034466012,61.149059291662,
    -16.93387617469));
#9873 = CARTESIAN_POINT('',(-37.10084818796,60.791313319838,
    -16.91176286589));
#9874 = CARTESIAN_POINT('',(-37.11344475168,60.609424064113,
    -16.90111286024));
#9875 = CARTESIAN_POINT('',(-37.10802642133,60.426588523961,
    -16.89137487755));
#9876 = CARTESIAN_POINT('',(-37.08453842219,60.244896969448,
    -16.88303123274));
#9877 = CARTESIAN_POINT('',(-37.04321398817,60.06642214644,
    -16.87648588579));
#9878 = CARTESIAN_POINT('',(-36.98456183234,59.893181321101,
    -16.87202529008));
#9879 = CARTESIAN_POINT('',(-36.90935770094,59.727099939053,
    -16.86979549372));
#9880 = CARTESIAN_POINT('',(-36.72712541102,59.411473612915,
    -16.86979549372));
#9881 = CARTESIAN_POINT('',(-36.61988640223,59.262194760159,
    -16.87206479229));
#9882 = CARTESIAN_POINT('',(-36.49749100832,59.12304058507,
    -16.87659829589));
#9883 = CARTESIAN_POINT('',(-36.36030069067,58.995123623677,
    -16.88331398201));
#9884 = CARTESIAN_POINT('',(-36.20857446095,58.879835632081,
    -16.89204812093));
#9885 = CARTESIAN_POINT('',(-36.04258000003,58.778927116009,
    -16.90252773691));
#9886 = CARTESIAN_POINT('',(-35.86273341518,58.69460798207,
    -16.91433290739));
#9887 = CARTESIAN_POINT('',(-35.48384236399,58.567102413451,
    -16.938935734));
#9888 = CARTESIAN_POINT('',(-35.28159311618,58.52114265082,
    -16.95195051253));
#9889 = CARTESIAN_POINT('',(-35.0662262309,58.496876640401,
    -16.96519541909));
#9890 = CARTESIAN_POINT('',(-34.84172677092,58.498235343028,
    -16.97768877295));
#9891 = CARTESIAN_POINT('',(-34.61268881907,58.528056455664,
    -16.98830493806));
#9892 = CARTESIAN_POINT('',(-34.38413861442,58.588140253549,
    -16.99599342556));
#9893 = CARTESIAN_POINT('',(-34.16139335978,58.67929505845,-17.));
#9894 = CARTESIAN_POINT('',(-33.67906153074,58.957777638726,-17.));
#9895 = CARTESIAN_POINT('',(-33.44564938359,59.154039181273,
    -16.99342072113));
#9896 = CARTESIAN_POINT('',(-33.25342706689,59.379381298158,
    -16.98118855002));
#9897 = CARTESIAN_POINT('',(-33.10391731159,59.624044487588,
    -16.96516542872));
#9898 = CARTESIAN_POINT('',(-32.99686692003,59.878782435651,
    -16.94756634282));
#9899 = CARTESIAN_POINT('',(-32.93023514509,60.134863736029,
    -16.93040908106));
#9900 = CARTESIAN_POINT('',(-32.9,60.384295700248,-16.91512281995));
#9901 = CARTESIAN_POINT('',(-32.9,60.62,-16.90244208722));
#9902 = PCURVE('',#2913,#9903);
#9903 = DEFINITIONAL_REPRESENTATION('',(#9904),#9963);
#9904 = B_SPLINE_CURVE_WITH_KNOTS('',8,(#9905,#9906,#9907,#9908,#9909,
    #9910,#9911,#9912,#9913,#9914,#9915,#9916,#9917,#9918,#9919,#9920,
    #9921,#9922,#9923,#9924,#9925,#9926,#9927,#9928,#9929,#9930,#9931,
    #9932,#9933,#9934,#9935,#9936,#9937,#9938,#9939,#9940,#9941,#9942,
    #9943,#9944,#9945,#9946,#9947,#9948,#9949,#9950,#9951,#9952,#9953,
    #9954,#9955,#9956,#9957,#9958,#9959,#9960,#9961,#9962),
  .UNSPECIFIED.,.T.,.F.,(9,7,7,7,7,7,7,7,9),(0.,0.109575653444,
    0.279030749955,0.434773475728,0.542912005634,0.651052665183,
    0.760143285781,0.865277665278,1.),.UNSPECIFIED.);
#9905 = CARTESIAN_POINT('',(1.463612391922,28.949316891978));
#9906 = CARTESIAN_POINT('',(1.459430164072,29.071751736477));
#9907 = CARTESIAN_POINT('',(1.455871775365,29.197614769321));
#9908 = CARTESIAN_POINT('',(1.45292215442,29.326128432326));
#9909 = CARTESIAN_POINT('',(1.450568348872,29.456639805202));
#9910 = CARTESIAN_POINT('',(1.448799978077,29.588591102992));
#9911 = CARTESIAN_POINT('',(1.447609704729,29.721491017351));
#9912 = CARTESIAN_POINT('',(1.446993725381,29.854886901687));
#9913 = CARTESIAN_POINT('',(1.446888185768,30.194715167443));
#9914 = CARTESIAN_POINT('',(1.448198142314,30.400937090545));
#9915 = CARTESIAN_POINT('',(1.450876518991,30.605542979272));
#9916 = CARTESIAN_POINT('',(1.454945754408,30.806917157728));
#9917 = CARTESIAN_POINT('',(1.460448870226,31.003087705745));
#9918 = CARTESIAN_POINT('',(1.467442196273,31.191507225724));
#9919 = CARTESIAN_POINT('',(1.475986350922,31.368764263312));
#9920 = CARTESIAN_POINT('',(1.495459577911,31.678522611244));
#9921 = CARTESIAN_POINT('',(1.506482630598,31.818939138479));
#9922 = CARTESIAN_POINT('',(1.519090147047,31.940842244196));
#9923 = CARTESIAN_POINT('',(1.533027123641,32.035897209861));
#9924 = CARTESIAN_POINT('',(1.547924730402,32.098030476149));
#9925 = CARTESIAN_POINT('',(1.563351174325,32.123521149605));
#9926 = CARTESIAN_POINT('',(1.57884275146,32.111107147092));
#9927 = CARTESIAN_POINT('',(1.60443195097,32.02814556611));
#9928 = CARTESIAN_POINT('',(1.614723430284,31.976551273377));
#9929 = CARTESIAN_POINT('',(1.624701880641,31.907750903537));
#9930 = CARTESIAN_POINT('',(1.634253021311,31.822413530261));
#9931 = CARTESIAN_POINT('',(1.643267699215,31.721470402506));
#9932 = CARTESIAN_POINT('',(1.651643775009,31.606099387681));
#9933 = CARTESIAN_POINT('',(1.659288541992,31.477710193883));
#9934 = CARTESIAN_POINT('',(1.672954948311,31.198147795765));
#9935 = CARTESIAN_POINT('',(1.678978868163,31.046926655265));
#9936 = CARTESIAN_POINT('',(1.684112343636,30.885878369216));
#9937 = CARTESIAN_POINT('',(1.688288647069,30.716785763362));
#9938 = CARTESIAN_POINT('',(1.691456334301,30.541560494624));
#9939 = CARTESIAN_POINT('',(1.693580173032,30.362203916079));
#9940 = CARTESIAN_POINT('',(1.69464208217,30.180771381967));
#9941 = CARTESIAN_POINT('',(1.69464208217,29.81631482044));
#9942 = CARTESIAN_POINT('',(1.69356145557,29.633415805735));
#9943 = CARTESIAN_POINT('',(1.691402676988,29.451706595507));
#9944 = CARTESIAN_POINT('',(1.688152148376,29.272331401814));
#9945 = CARTESIAN_POINT('',(1.683783522058,29.096625020651));
#9946 = CARTESIAN_POINT('',(1.678261070755,28.926237266703));
#9947 = CARTESIAN_POINT('',(1.671543702558,28.763290019405));
#9948 = CARTESIAN_POINT('',(1.655925173258,28.463418074132));
#9949 = CARTESIAN_POINT('',(1.64694149639,28.322489195321));
#9950 = CARTESIAN_POINT('',(1.636655165554,28.193788556209));
#9951 = CARTESIAN_POINT('',(1.625156944747,28.082713019006));
#9952 = CARTESIAN_POINT('',(1.612599402882,27.994017175296));
#9953 = CARTESIAN_POINT('',(1.599184834624,27.931773272555));
#9954 = CARTESIAN_POINT('',(1.58515659098,27.89933999274));
#9955 = CARTESIAN_POINT('',(1.552394655263,27.89933999274));
#9956 = CARTESIAN_POINT('',(1.53473157276,27.95259758669));
#9957 = CARTESIAN_POINT('',(1.518302006007,28.051634880408));
#9958 = CARTESIAN_POINT('',(1.503464146876,28.18876134162));
#9959 = CARTESIAN_POINT('',(1.490479059475,28.355842884698));
#9960 = CARTESIAN_POINT('',(1.479506934785,28.544297549402));
#9961 = CARTESIAN_POINT('',(1.470585037774,28.745192477606));
#9962 = CARTESIAN_POINT('',(1.463612391922,28.949316891978));
#9963 = ( GEOMETRIC_REPRESENTATION_CONTEXT(2) 
PARAMETRIC_REPRESENTATION_CONTEXT() REPRESENTATION_CONTEXT('2D SPACE',''
  ) );
#9964 = PCURVE('',#7812,#9965);
#9965 = DEFINITIONAL_REPRESENTATION('',(#9966),#10025);
#9966 = B_SPLINE_CURVE_WITH_KNOTS('',8,(#9967,#9968,#9969,#9970,#9971,
    #9972,#9973,#9974,#9975,#9976,#9977,#9978,#9979,#9980,#9981,#9982,
    #9983,#9984,#9985,#9986,#9987,#9988,#9989,#9990,#9991,#9992,#9993,
    #9994,#9995,#9996,#9997,#9998,#9999,#10000,#10001,#10002,#10003,
    #10004,#10005,#10006,#10007,#10008,#10009,#10010,#10011,#10012,
    #10013,#10014,#10015,#10016,#10017,#10018,#10019,#10020,#10021,
    #10022,#10023,#10024),.UNSPECIFIED.,.F.,.F.,(9,7,7,7,7,7,7,7,9),(0.,
    0.109575653444,0.279030749955,0.434773475728,0.542912005634,
    0.651052665183,0.760143285781,0.865277665278,1.),.UNSPECIFIED.);
#9967 = CARTESIAN_POINT('',(-8.881784197001E-16,3.097557912771));
#9968 = CARTESIAN_POINT('',(6.73221988908E-02,3.105163879672));
#9969 = CARTESIAN_POINT('',(0.133539006272,3.111973202503));
#9970 = CARTESIAN_POINT('',(0.198858761095,3.117836603914));
#9971 = CARTESIAN_POINT('',(0.263469931283,3.122645083799));
#9972 = CARTESIAN_POINT('',(0.327550746371,3.126322544298));
#9973 = CARTESIAN_POINT('',(0.391276339024,3.128820358691));
#9974 = CARTESIAN_POINT('',(0.454823395416,3.130113884178));
#9975 = CARTESIAN_POINT('',(0.616648600061,3.130335514324));
#9976 = CARTESIAN_POINT('',(0.714792674502,3.12758479224));
#9977 = CARTESIAN_POINT('',(0.813557598333,3.121954217572));
#9978 = CARTESIAN_POINT('',(0.913598989518,3.113570178239));
#9979 = CARTESIAN_POINT('',(1.015579178388,3.102687928076));
#9980 = CARTESIAN_POINT('',(1.120181445945,3.089752927899));
#9981 = CARTESIAN_POINT('',(1.228144278008,3.075476890729));
#9982 = CARTESIAN_POINT('',(1.443621012813,3.047483174255));
#9983 = CARTESIAN_POINT('',(1.554258984945,3.033320685016));
#9984 = CARTESIAN_POINT('',(1.669926104198,3.019638804498));
#9985 = CARTESIAN_POINT('',(1.789119212422,3.00803761776));
#9986 = CARTESIAN_POINT('',(1.910807627903,3.00013778599));
#9987 = CARTESIAN_POINT('',(2.034162208242,2.996946278475));
#9988 = CARTESIAN_POINT('',(2.158471767401,2.998611869423));
#9989 = CARTESIAN_POINT('',(2.369301298833,3.008681238894));
#9990 = CARTESIAN_POINT('',(2.455696076666,3.014866635856));
#9991 = CARTESIAN_POINT('',(2.542085425695,3.022925809236));
#9992 = CARTESIAN_POINT('',(2.628473328569,3.032541178984));
#9993 = CARTESIAN_POINT('',(2.714865625895,3.043285741011));
#9994 = CARTESIAN_POINT('',(2.8012652953,3.054657279004));
#9995 = CARTESIAN_POINT('',(2.887667405812,3.066123825302));
#9996 = CARTESIAN_POINT('',(3.060441790591,3.088237134107));
#9997 = CARTESIAN_POINT('',(3.146843041362,3.098887139752));
#9998 = CARTESIAN_POINT('',(3.233241165211,3.108625122447));
#9999 = CARTESIAN_POINT('',(3.319632561755,3.116968767258));
#10000 = CARTESIAN_POINT('',(3.406020928136,3.123514114208));
#10001 = CARTESIAN_POINT('',(3.492411965932,3.127974709912));
#10002 = CARTESIAN_POINT('',(3.578808231728,3.130204506278));
#10003 = CARTESIAN_POINT('',(3.752358975312,3.130204506278));
#10004 = CARTESIAN_POINT('',(3.839453617611,3.127935207708));
#10005 = CARTESIAN_POINT('',(3.926991055486,3.123401704101));
#10006 = CARTESIAN_POINT('',(4.015427920176,3.116686017988));
#10007 = CARTESIAN_POINT('',(4.105224090856,3.107951879062));
#10008 = CARTESIAN_POINT('',(4.196854426563,3.097472263081));
#10009 = CARTESIAN_POINT('',(4.290829278076,3.085667092601));
#10010 = CARTESIAN_POINT('',(4.481195972019,3.061064265991));
#10011 = CARTESIAN_POINT('',(4.579455551149,3.048049487461));
#10012 = CARTESIAN_POINT('',(4.681582732099,3.034804580903));
#10013 = CARTESIAN_POINT('',(4.786966606207,3.022311227042));
#10014 = CARTESIAN_POINT('',(4.895236966031,3.011695061931));
#10015 = CARTESIAN_POINT('',(5.006188846737,3.004006574435));
#10016 = CARTESIAN_POINT('',(5.119750700467,3.));
#10017 = CARTESIAN_POINT('',(5.384966370555,3.));
#10018 = CARTESIAN_POINT('',(5.527954481075,3.006579278866));
#10019 = CARTESIAN_POINT('',(5.665910142234,3.018811449972));
#10020 = CARTESIAN_POINT('',(5.79924902071,3.034834571278));
#10021 = CARTESIAN_POINT('',(5.928068020784,3.052433657175));
#10022 = CARTESIAN_POINT('',(6.052168811565,3.069590918932));
#10023 = CARTESIAN_POINT('',(6.170945164441,3.084877180045));
#10024 = CARTESIAN_POINT('',(6.28318530718,3.097557912771));
#10025 = ( GEOMETRIC_REPRESENTATION_CONTEXT(2) 
PARAMETRIC_REPRESENTATION_CONTEXT() REPRESENTATION_CONTEXT('2D SPACE',''
  ) );
#10026 = ADVANCED_FACE('',(#10027),#3070,.T.);
#10027 = FACE_BOUND('',#10028,.T.);
#10028 = EDGE_LOOP('',(#10029,#10030,#10031,#10032));
#10029 = ORIENTED_EDGE('',*,*,#3144,.F.);
#10030 = ORIENTED_EDGE('',*,*,#9791,.T.);
#10031 = ORIENTED_EDGE('',*,*,#3055,.F.);
#10032 = ORIENTED_EDGE('',*,*,#7358,.F.);
#10033 = ADVANCED_FACE('',(#10034),#2939,.F.);
#10034 = FACE_BOUND('',#10035,.F.);
#10035 = EDGE_LOOP('',(#10036,#10037,#10038,#10039));
#10036 = ORIENTED_EDGE('',*,*,#2924,.F.);
#10037 = ORIENTED_EDGE('',*,*,#9814,.T.);
#10038 = ORIENTED_EDGE('',*,*,#3013,.F.);
#10039 = ORIENTED_EDGE('',*,*,#7427,.F.);
#10040 = ADVANCED_FACE('',(#10041,#10089),#3182,.T.);
#10041 = FACE_BOUND('',#10042,.T.);
#10042 = EDGE_LOOP('',(#10043,#10065,#10066,#10088));
#10043 = ORIENTED_EDGE('',*,*,#10044,.F.);
#10044 = EDGE_CURVE('',#3168,#3304,#10045,.T.);
#10045 = SURFACE_CURVE('',#10046,(#10051,#10058),.PCURVE_S1.);
#10046 = CIRCLE('',#10047,17.);
#10047 = AXIS2_PLACEMENT_3D('',#10048,#10049,#10050);
#10048 = CARTESIAN_POINT('',(50.,86.6,0.));
#10049 = DIRECTION('',(0.500011000363,0.866019052629,0.));
#10050 = DIRECTION('',(0.866019052629,-0.500011000363,0.));
#10051 = PCURVE('',#3182,#10052);
#10052 = DEFINITIONAL_REPRESENTATION('',(#10053),#10057);
#10053 = LINE('',#10054,#10055);
#10054 = CARTESIAN_POINT('',(0.,59.99867998548));
#10055 = VECTOR('',#10056,1.);
#10056 = DIRECTION('',(1.,0.));
#10057 = ( GEOMETRIC_REPRESENTATION_CONTEXT(2) 
PARAMETRIC_REPRESENTATION_CONTEXT() REPRESENTATION_CONTEXT('2D SPACE',''
  ) );
#10058 = PCURVE('',#3339,#10059);
#10059 = DEFINITIONAL_REPRESENTATION('',(#10060),#10064);
#10060 = CIRCLE('',#10061,17.);
#10061 = AXIS2_PLACEMENT_2D('',#10062,#10063);
#10062 = CARTESIAN_POINT('',(0.,0.));
#10063 = DIRECTION('',(1.,0.));
#10064 = ( GEOMETRIC_REPRESENTATION_CONTEXT(2) 
PARAMETRIC_REPRESENTATION_CONTEXT() REPRESENTATION_CONTEXT('2D SPACE',''
  ) );
#10065 = ORIENTED_EDGE('',*,*,#3165,.F.);
#10066 = ORIENTED_EDGE('',*,*,#10067,.T.);
#10067 = EDGE_CURVE('',#3166,#3283,#10068,.T.);
#10068 = SURFACE_CURVE('',#10069,(#10074,#10081),.PCURVE_S1.);
#10069 = CIRCLE('',#10070,17.);
#10070 = AXIS2_PLACEMENT_3D('',#10071,#10072,#10073);
#10071 = CARTESIAN_POINT('',(20.,34.64,0.));
#10072 = DIRECTION('',(0.500011000363,0.866019052629,0.));
#10073 = DIRECTION('',(0.866019052629,-0.500011000363,0.));
#10074 = PCURVE('',#3182,#10075);
#10075 = DEFINITIONAL_REPRESENTATION('',(#10076),#10080);
#10076 = LINE('',#10077,#10078);
#10077 = CARTESIAN_POINT('',(0.,0.));
#10078 = VECTOR('',#10079,1.);
#10079 = DIRECTION('',(1.,0.));
#10080 = ( GEOMETRIC_REPRESENTATION_CONTEXT(2) 
PARAMETRIC_REPRESENTATION_CONTEXT() REPRESENTATION_CONTEXT('2D SPACE',''
  ) );
#10081 = PCURVE('',#3208,#10082);
#10082 = DEFINITIONAL_REPRESENTATION('',(#10083),#10087);
#10083 = CIRCLE('',#10084,17.);
#10084 = AXIS2_PLACEMENT_2D('',#10085,#10086);
#10085 = CARTESIAN_POINT('',(0.,0.));
#10086 = DIRECTION('',(1.,0.));
#10087 = ( GEOMETRIC_REPRESENTATION_CONTEXT(2) 
PARAMETRIC_REPRESENTATION_CONTEXT() REPRESENTATION_CONTEXT('2D SPACE',''
  ) );
#10088 = ORIENTED_EDGE('',*,*,#3303,.T.);
#10089 = FACE_BOUND('',#10090,.T.);
#10090 = EDGE_LOOP('',(#10091));
#10091 = ORIENTED_EDGE('',*,*,#10092,.T.);
#10092 = EDGE_CURVE('',#10093,#10093,#10095,.T.);
#10093 = VERTEX_POINT('',#10094);
#10094 = CARTESIAN_POINT('',(37.1,60.62,-16.90244208722));
#10095 = SURFACE_CURVE('',#10096,(#10155,#10217),.PCURVE_S1.);
#10096 = B_SPLINE_CURVE_WITH_KNOTS('',8,(#10097,#10098,#10099,#10100,
    #10101,#10102,#10103,#10104,#10105,#10106,#10107,#10108,#10109,
    #10110,#10111,#10112,#10113,#10114,#10115,#10116,#10117,#10118,
    #10119,#10120,#10121,#10122,#10123,#10124,#10125,#10126,#10127,
    #10128,#10129,#10130,#10131,#10132,#10133,#10134,#10135,#10136,
    #10137,#10138,#10139,#10140,#10141,#10142,#10143,#10144,#10145,
    #10146,#10147,#10148,#10149,#10150,#10151,#10152,#10153,#10154),
  .UNSPECIFIED.,.T.,.F.,(9,7,7,7,7,7,7,7,9),(0.,0.125044467112,
    0.238089472356,0.336885773185,0.429977519603,0.579116351905,
    0.700372626461,0.839119687171,1.),.UNSPECIFIED.);
#10097 = CARTESIAN_POINT('',(37.1,60.62,-16.90244208722));
#10098 = CARTESIAN_POINT('',(37.1,60.811297037732,-16.91273373913));
#10099 = CARTESIAN_POINT('',(37.080084949813,61.00862430719,
    -16.92457965196));
#10100 = CARTESIAN_POINT('',(37.038055613729,61.20961081679,
    -16.93759526021));
#10101 = CARTESIAN_POINT('',(36.971946717194,61.411416779373,
    -16.95118574925));
#10102 = CARTESIAN_POINT('',(36.880046846226,61.61071200474,
    -16.96455120896));
#10103 = CARTESIAN_POINT('',(36.760939165973,61.803610535371,
    -16.97671331913));
#10104 = CARTESIAN_POINT('',(36.613594576313,61.985516244731,
    -16.98660144082));
#10105 = CARTESIAN_POINT('',(36.278396883791,62.300287829814,
    -16.99923387334));
#10106 = CARTESIAN_POINT('',(36.099368506567,62.432821143128,
    -17.00243717664));
#10107 = CARTESIAN_POINT('',(35.903846362661,62.543601402053,
    -17.00226477477));
#10108 = CARTESIAN_POINT('',(35.696583851897,62.629277677719,
    -16.99851024746));
#10109 = CARTESIAN_POINT('',(35.483255871158,62.688146500687,
    -16.99152589749));
#10110 = CARTESIAN_POINT('',(35.2699950863,62.720356459326,
    -16.98213230301));
#10111 = CARTESIAN_POINT('',(35.062979862535,62.728114420544,
    -16.97137258178));
#10112 = CARTESIAN_POINT('',(34.697858465569,62.705142929347,
    -16.95049290589));
#10113 = CARTESIAN_POINT('',(34.533708329516,62.678941775957,
    -16.940282256));
#10114 = CARTESIAN_POINT('',(34.376613287515,62.638986017124,
    -16.93003162494));
#10115 = CARTESIAN_POINT('',(34.227197316642,62.586788881519,
    -16.92010223738));
#10116 = CARTESIAN_POINT('',(34.085875862948,62.523666835451,
    -16.9107835959));
#10117 = CARTESIAN_POINT('',(33.952928307076,62.450758317148,
    -16.90229824699));
#10118 = CARTESIAN_POINT('',(33.828551616922,62.369037848746,
    -16.8948112332));
#10119 = CARTESIAN_POINT('',(33.60391682554,62.194793243601,
    -16.88244486342));
#10120 = CARTESIAN_POINT('',(33.502614734346,62.103114059935,
    -16.87743605924));
#10121 = CARTESIAN_POINT('',(33.409111875074,62.004942905337,
    -16.87351996451));
#10122 = CARTESIAN_POINT('',(33.323535679115,61.900834329507,
    -16.87076578299));
#10123 = CARTESIAN_POINT('',(33.246033967511,61.791264300927,
    -16.86921535168));
#10124 = CARTESIAN_POINT('',(33.176790999592,61.676651401595,
    -16.86888646823));
#10125 = CARTESIAN_POINT('',(33.116043650644,61.557377417064,
    -16.86977397061));
#10126 = CARTESIAN_POINT('',(32.980877068658,61.235840257803,
    -16.87517220565));
#10127 = CARTESIAN_POINT('',(32.920292872571,61.026957204316,
    -16.88154048028));
#10128 = CARTESIAN_POINT('',(32.883491417315,60.808528809604,
    -16.89083092871));
#10129 = CARTESIAN_POINT('',(32.872273162735,60.581994160972,
    -16.90276558239));
#10130 = CARTESIAN_POINT('',(32.889034323842,60.349261680667,
    -16.91687728011));
#10131 = CARTESIAN_POINT('',(32.936728721256,60.112980812204,
    -16.93240268743));
#10132 = CARTESIAN_POINT('',(33.018790726092,59.876971937527,
    -16.94819123908));
#10133 = CARTESIAN_POINT('',(33.236663007274,59.460207807674,
    -16.97453109237));
#10134 = CARTESIAN_POINT('',(33.361814216661,59.273052188776,
    -16.98578294747));
#10135 = CARTESIAN_POINT('',(33.515264021215,59.095242941888,
    -16.99520261712));
#10136 = CARTESIAN_POINT('',(33.694965313566,58.934960629207,
    -17.00149068899));
#10137 = CARTESIAN_POINT('',(33.896415167484,58.798729987642,
    -17.00369406055));
#10138 = CARTESIAN_POINT('',(34.113346936998,58.691003036567,
    -17.00166129417));
#10139 = CARTESIAN_POINT('',(34.338325108701,58.613731078371,
    -16.99596803578));
#10140 = CARTESIAN_POINT('',(34.820853996324,58.511159991012,
    -16.97804565056));
#10141 = CARTESIAN_POINT('',(35.074016164911,58.495901699151,
    -16.96515550497));
#10142 = CARTESIAN_POINT('',(35.317547862088,58.514869446697,
    -16.9503937955));
#10143 = CARTESIAN_POINT('',(35.548043177975,58.563339350174,
    -16.93515878179));
#10144 = CARTESIAN_POINT('',(35.76321730072,58.637067917641,
    -16.92057149759));
#10145 = CARTESIAN_POINT('',(35.961553877057,58.732273526632,
    -16.90744049254));
#10146 = CARTESIAN_POINT('',(36.142131417119,58.845626407319,
    -16.89631122044));
#10147 = CARTESIAN_POINT('',(36.492531224691,59.123342625817,
    -16.87728114255));
#10148 = CARTESIAN_POINT('',(36.657139702064,59.293827604094,
    -16.87011947138));
#10149 = CARTESIAN_POINT('',(36.797774084091,59.482316655855,
    -16.86652077441));
#10150 = CARTESIAN_POINT('',(36.913778969607,59.686435833417,
    -16.86670777389));
#10151 = CARTESIAN_POINT('',(37.004049173182,59.904239119203,
    -16.870702853));
#10152 = CARTESIAN_POINT('',(37.066911544313,60.133905008056,
    -16.87833403799));
#10153 = CARTESIAN_POINT('',(37.1,60.373423030071,-16.88917641216));
#10154 = CARTESIAN_POINT('',(37.1,60.62,-16.90244208722));
#10155 = PCURVE('',#3182,#10156);
#10156 = DEFINITIONAL_REPRESENTATION('',(#10157),#10216);
#10157 = B_SPLINE_CURVE_WITH_KNOTS('',8,(#10158,#10159,#10160,#10161,
    #10162,#10163,#10164,#10165,#10166,#10167,#10168,#10169,#10170,
    #10171,#10172,#10173,#10174,#10175,#10176,#10177,#10178,#10179,
    #10180,#10181,#10182,#10183,#10184,#10185,#10186,#10187,#10188,
    #10189,#10190,#10191,#10192,#10193,#10194,#10195,#10196,#10197,
    #10198,#10199,#10200,#10201,#10202,#10203,#10204,#10205,#10206,
    #10207,#10208,#10209,#10210,#10211,#10212,#10213,#10214,#10215),
  .UNSPECIFIED.,.T.,.F.,(9,7,7,7,7,7,7,7,9),(0.,0.125044467112,
    0.238089472356,0.336885773185,0.429977519603,0.579116351905,
    0.700372626461,0.839119687171,1.),.UNSPECIFIED.);
#10158 = CARTESIAN_POINT('',(1.463612391922,31.049363093502));
#10159 = CARTESIAN_POINT('',(1.469271374376,31.21502997289));
#10160 = CARTESIAN_POINT('',(1.476125183127,31.375961403677));
#10161 = CARTESIAN_POINT('',(1.484213708908,31.529004419933));
#10162 = CARTESIAN_POINT('',(1.493550523808,31.670717052973));
#10163 = CARTESIAN_POINT('',(1.504121559175,31.797359568823));
#10164 = CARTESIAN_POINT('',(1.515882346105,31.90485822122));
#10165 = CARTESIAN_POINT('',(1.528749991697,31.988718115633));
#10166 = CARTESIAN_POINT('',(1.55509440565,32.093713771985));
#10167 = CARTESIAN_POINT('',(1.568112791355,32.118973988433));
#10168 = CARTESIAN_POINT('',(1.581328853282,32.11714858055));
#10169 = CARTESIAN_POINT('',(1.594405816904,32.08771233229));
#10170 = CARTESIAN_POINT('',(1.607008689085,32.032027517531));
#10171 = CARTESIAN_POINT('',(1.618831580672,31.953289217022));
#10172 = CARTESIAN_POINT('',(1.629623646317,31.856497870121));
#10173 = CARTESIAN_POINT('',(1.647590152559,31.654039406127));
#10174 = CARTESIAN_POINT('',(1.655204998316,31.549271834353));
#10175 = CARTESIAN_POINT('',(1.662058731332,31.436120136838));
#10176 = CARTESIAN_POINT('',(1.668162794205,31.316206793844));
#10177 = CARTESIAN_POINT('',(1.673533351728,31.190879617874));
#10178 = CARTESIAN_POINT('',(1.678188361492,31.061264211518));
#10179 = CARTESIAN_POINT('',(1.682145365443,30.928303015626));
#10180 = CARTESIAN_POINT('',(1.68850555993,30.665084000998));
#10181 = CARTESIAN_POINT('',(1.690987144423,30.535035921257));
#10182 = CARTESIAN_POINT('',(1.692877026056,30.403265372755));
#10183 = CARTESIAN_POINT('',(1.694184467329,30.270316323195));
#10184 = CARTESIAN_POINT('',(1.694915575585,30.136674882499));
#10185 = CARTESIAN_POINT('',(1.695073120052,30.002795682343));
#10186 = CARTESIAN_POINT('',(1.69465631337,29.86912779654));
#10187 = CARTESIAN_POINT('',(1.6920652943,29.523085712617));
#10188 = CARTESIAN_POINT('',(1.68898497346,29.311896244034));
#10189 = CARTESIAN_POINT('',(1.684402544197,29.104331960121));
#10190 = CARTESIAN_POINT('',(1.67827089684,28.90253938763));
#10191 = CARTESIAN_POINT('',(1.670527697313,28.709369390453));
#10192 = CARTESIAN_POINT('',(1.661105269311,28.528593379955));
#10193 = CARTESIAN_POINT('',(1.649946172247,28.365237103025));
#10194 = CARTESIAN_POINT('',(1.62653788547,28.113249963386));
#10195 = CARTESIAN_POINT('',(1.614639943911,28.013746613016));
#10196 = CARTESIAN_POINT('',(1.601583213888,27.936487007758));
#10197 = CARTESIAN_POINT('',(1.58771324923,27.887532094131));
#10198 = CARTESIAN_POINT('',(1.573447890033,27.870280905964));
#10199 = CARTESIAN_POINT('',(1.559230899203,27.885455584938));
#10200 = CARTESIAN_POINT('',(1.545494468995,27.931028157599));
#10201 = CARTESIAN_POINT('',(1.517876346664,28.083469393501));
#10202 = CARTESIAN_POINT('',(1.504511690754,28.196839291209));
#10203 = CARTESIAN_POINT('',(1.492634092497,28.335034249495));
#10204 = CARTESIAN_POINT('',(1.482280308319,28.49226030286));
#10205 = CARTESIAN_POINT('',(1.473446184445,28.663700075376));
#10206 = CARTESIAN_POINT('',(1.466102196716,28.845320416621));
#10207 = CARTESIAN_POINT('',(1.460200758209,29.033776927417));
#10208 = CARTESIAN_POINT('',(1.450454392292,29.449488222171));
#10209 = CARTESIAN_POINT('',(1.447057151486,29.679437510985));
#10210 = CARTESIAN_POINT('',(1.445423040934,29.912991359065));
#10211 = CARTESIAN_POINT('',(1.445517720563,30.147766174695));
#10212 = CARTESIAN_POINT('',(1.447340542607,30.381524064702));
#10213 = CARTESIAN_POINT('',(1.45092143074,30.611850977263));
#10214 = CARTESIAN_POINT('',(1.456318108838,30.835822739604));
#10215 = CARTESIAN_POINT('',(1.463612391922,31.049363093502));
#10216 = ( GEOMETRIC_REPRESENTATION_CONTEXT(2) 
PARAMETRIC_REPRESENTATION_CONTEXT() REPRESENTATION_CONTEXT('2D SPACE',''
  ) );
#10217 = PCURVE('',#8538,#10218);
#10218 = DEFINITIONAL_REPRESENTATION('',(#10219),#10278);
#10219 = B_SPLINE_CURVE_WITH_KNOTS('',8,(#10220,#10221,#10222,#10223,
    #10224,#10225,#10226,#10227,#10228,#10229,#10230,#10231,#10232,
    #10233,#10234,#10235,#10236,#10237,#10238,#10239,#10240,#10241,
    #10242,#10243,#10244,#10245,#10246,#10247,#10248,#10249,#10250,
    #10251,#10252,#10253,#10254,#10255,#10256,#10257,#10258,#10259,
    #10260,#10261,#10262,#10263,#10264,#10265,#10266,#10267,#10268,
    #10269,#10270,#10271,#10272,#10273,#10274,#10275,#10276,#10277),
  .UNSPECIFIED.,.F.,.F.,(9,7,7,7,7,7,7,7,9),(0.,0.125044467112,
    0.238089472356,0.336885773185,0.429977519603,0.579116351905,
    0.700372626461,0.839119687171,1.),.UNSPECIFIED.);
#10220 = CARTESIAN_POINT('',(8.881784197001E-16,3.097557912771));
#10221 = CARTESIAN_POINT('',(9.109382749153E-02,3.087266260861));
#10222 = CARTESIAN_POINT('',(0.185058806934,3.075420348036));
#10223 = CARTESIAN_POINT('',(0.281919980088,3.062404739784));
#10224 = CARTESIAN_POINT('',(0.381776543481,3.048814250743));
#10225 = CARTESIAN_POINT('',(0.484828382761,3.035448791038));
#10226 = CARTESIAN_POINT('',(0.591369797872,3.02328668087));
#10227 = CARTESIAN_POINT('',(0.701814266086,3.013398559177));
#10228 = CARTESIAN_POINT('',(0.920778351528,3.000766126655));
#10229 = CARTESIAN_POINT('',(1.026126306713,2.997562823354));
#10230 = CARTESIAN_POINT('',(1.131822579068,2.997735225221));
#10231 = CARTESIAN_POINT('',(1.237024181641,3.00148975254));
#10232 = CARTESIAN_POINT('',(1.340899683408,3.008474102508));
#10233 = CARTESIAN_POINT('',(1.44251115655,3.017867696982));
#10234 = CARTESIAN_POINT('',(1.54066380565,3.028627418215));
#10235 = CARTESIAN_POINT('',(1.714874903345,3.04950709411));
#10236 = CARTESIAN_POINT('',(1.793671297035,3.059717743991));
#10237 = CARTESIAN_POINT('',(1.870341412714,3.06996837506));
#10238 = CARTESIAN_POINT('',(1.945157999491,3.079897762614));
#10239 = CARTESIAN_POINT('',(2.018362474388,3.089216404097));
#10240 = CARTESIAN_POINT('',(2.090180035247,3.097701753001));
#10241 = CARTESIAN_POINT('',(2.160829915966,3.105188766792));
#10242 = CARTESIAN_POINT('',(2.296207084499,3.117555136571));
#10243 = CARTESIAN_POINT('',(2.361081094054,3.122563940755));
#10244 = CARTESIAN_POINT('',(2.425346506314,3.12648003549));
#10245 = CARTESIAN_POINT('',(2.489181954941,3.129234217004));
#10246 = CARTESIAN_POINT('',(2.55275835318,3.130784648316));
#10247 = CARTESIAN_POINT('',(2.616244954104,3.131113531762));
#10248 = CARTESIAN_POINT('',(2.679814131581,3.130226029381));
#10249 = CARTESIAN_POINT('',(2.845905758393,3.12482779435));
#10250 = CARTESIAN_POINT('',(2.948780731182,3.118459519714));
#10251 = CARTESIAN_POINT('',(3.053089253798,3.109169071282));
#10252 = CARTESIAN_POINT('',(3.159571533553,3.097234417606));
#10253 = CARTESIAN_POINT('',(3.268971323225,3.083122719884));
#10254 = CARTESIAN_POINT('',(3.38207235138,3.067597312567));
#10255 = CARTESIAN_POINT('',(3.499773873363,3.051808760914));
#10256 = CARTESIAN_POINT('',(3.723715410336,3.025468907626));
#10257 = CARTESIAN_POINT('',(3.830305933425,3.014217052523));
#10258 = CARTESIAN_POINT('',(3.940737254722,3.004797382874));
#10259 = CARTESIAN_POINT('',(4.053451130219,2.998509311006));
#10260 = CARTESIAN_POINT('',(4.167229373243,2.99630593945));
#10261 = CARTESIAN_POINT('',(4.280941216166,2.998338705829));
#10262 = CARTESIAN_POINT('',(4.39338330649,3.004031964214));
#10263 = CARTESIAN_POINT('',(4.628292926468,3.021954349435));
#10264 = CARTESIAN_POINT('',(4.747723307528,3.034844495021));
#10265 = CARTESIAN_POINT('',(4.862275759962,3.049606204491));
#10266 = CARTESIAN_POINT('',(4.972660053989,3.064841218201));
#10267 = CARTESIAN_POINT('',(5.079434974977,3.079428502403));
#10268 = CARTESIAN_POINT('',(5.18307514989,3.092559507456));
#10269 = CARTESIAN_POINT('',(5.283991937202,3.103688779555));
#10270 = CARTESIAN_POINT('',(5.496900913081,3.122718857445));
#10271 = CARTESIAN_POINT('',(5.608757387328,3.129880528611));
#10272 = CARTESIAN_POINT('',(5.719268291071,3.133479225584));
#10273 = CARTESIAN_POINT('',(5.829354520187,3.133292226105));
#10274 = CARTESIAN_POINT('',(5.939880970125,3.129297146999));
#10275 = CARTESIAN_POINT('',(6.051711295529,3.121665962004));
#10276 = CARTESIAN_POINT('',(6.165767702451,3.110823587836));
#10277 = CARTESIAN_POINT('',(6.28318530718,3.097557912771));
#10278 = ( GEOMETRIC_REPRESENTATION_CONTEXT(2) 
PARAMETRIC_REPRESENTATION_CONTEXT() REPRESENTATION_CONTEXT('2D SPACE',''
  ) );
#10279 = ADVANCED_FACE('',(#10280),#3339,.T.);
#10280 = FACE_BOUND('',#10281,.T.);
#10281 = EDGE_LOOP('',(#10282,#10283,#10284,#10285));
#10282 = ORIENTED_EDGE('',*,*,#3413,.F.);
#10283 = ORIENTED_EDGE('',*,*,#10044,.T.);
#10284 = ORIENTED_EDGE('',*,*,#3324,.F.);
#10285 = ORIENTED_EDGE('',*,*,#8250,.F.);
#10286 = ADVANCED_FACE('',(#10287),#3208,.F.);
#10287 = FACE_BOUND('',#10288,.F.);
#10288 = EDGE_LOOP('',(#10289,#10290,#10291,#10292));
#10289 = ORIENTED_EDGE('',*,*,#3193,.F.);
#10290 = ORIENTED_EDGE('',*,*,#10067,.T.);
#10291 = ORIENTED_EDGE('',*,*,#3282,.F.);
#10292 = ORIENTED_EDGE('',*,*,#8319,.F.);
#10293 = ADVANCED_FACE('',(#10294),#3609,.F.);
#10294 = FACE_BOUND('',#10295,.F.);
#10295 = EDGE_LOOP('',(#10296,#10297,#10318,#10319));
#10296 = ORIENTED_EDGE('',*,*,#3483,.F.);
#10297 = ORIENTED_EDGE('',*,*,#10298,.F.);
#10298 = EDGE_CURVE('',#3943,#3484,#10299,.T.);
#10299 = SEAM_CURVE('',#10300,(#10304,#10311),.PCURVE_S1.);
#10300 = LINE('',#10301,#10302);
#10301 = CARTESIAN_POINT('',(-32.9,-60.62,-20.));
#10302 = VECTOR('',#10303,1.);
#10303 = DIRECTION('',(0.,0.,1.));
#10304 = PCURVE('',#3609,#10305);
#10305 = DEFINITIONAL_REPRESENTATION('',(#10306),#10310);
#10306 = LINE('',#10307,#10308);
#10307 = CARTESIAN_POINT('',(6.28318530718,-0.));
#10308 = VECTOR('',#10309,1.);
#10309 = DIRECTION('',(0.,1.));
#10310 = ( GEOMETRIC_REPRESENTATION_CONTEXT(2) 
PARAMETRIC_REPRESENTATION_CONTEXT() REPRESENTATION_CONTEXT('2D SPACE',''
  ) );
#10311 = PCURVE('',#3609,#10312);
#10312 = DEFINITIONAL_REPRESENTATION('',(#10313),#10317);
#10313 = LINE('',#10314,#10315);
#10314 = CARTESIAN_POINT('',(0.,-0.));
#10315 = VECTOR('',#10316,1.);
#10316 = DIRECTION('',(0.,1.));
#10317 = ( GEOMETRIC_REPRESENTATION_CONTEXT(2) 
PARAMETRIC_REPRESENTATION_CONTEXT() REPRESENTATION_CONTEXT('2D SPACE',''
  ) );
#10318 = ORIENTED_EDGE('',*,*,#3942,.T.);
#10319 = ORIENTED_EDGE('',*,*,#10298,.T.);
#10320 = ADVANCED_FACE('',(#10321),#4258,.F.);
#10321 = FACE_BOUND('',#10322,.F.);
#10322 = EDGE_LOOP('',(#10323,#10324,#10345,#10346));
#10323 = ORIENTED_EDGE('',*,*,#4132,.F.);
#10324 = ORIENTED_EDGE('',*,*,#10325,.F.);
#10325 = EDGE_CURVE('',#8870,#4133,#10326,.T.);
#10326 = SEAM_CURVE('',#10327,(#10331,#10338),.PCURVE_S1.);
#10327 = LINE('',#10328,#10329);
#10328 = CARTESIAN_POINT('',(-32.9,-60.62,-20.));
#10329 = VECTOR('',#10330,1.);
#10330 = DIRECTION('',(0.,0.,1.));
#10331 = PCURVE('',#4258,#10332);
#10332 = DEFINITIONAL_REPRESENTATION('',(#10333),#10337);
#10333 = LINE('',#10334,#10335);
#10334 = CARTESIAN_POINT('',(6.28318530718,-0.));
#10335 = VECTOR('',#10336,1.);
#10336 = DIRECTION('',(0.,1.));
#10337 = ( GEOMETRIC_REPRESENTATION_CONTEXT(2) 
PARAMETRIC_REPRESENTATION_CONTEXT() REPRESENTATION_CONTEXT('2D SPACE',''
  ) );
#10338 = PCURVE('',#4258,#10339);
#10339 = DEFINITIONAL_REPRESENTATION('',(#10340),#10344);
#10340 = LINE('',#10341,#10342);
#10341 = CARTESIAN_POINT('',(0.,-0.));
#10342 = VECTOR('',#10343,1.);
#10343 = DIRECTION('',(0.,1.));
#10344 = ( GEOMETRIC_REPRESENTATION_CONTEXT(2) 
PARAMETRIC_REPRESENTATION_CONTEXT() REPRESENTATION_CONTEXT('2D SPACE',''
  ) );
#10345 = ORIENTED_EDGE('',*,*,#8869,.T.);
#10346 = ORIENTED_EDGE('',*,*,#10325,.T.);
#10347 = ADVANCED_FACE('',(#10348),#4509,.F.);
#10348 = FACE_BOUND('',#10349,.F.);
#10349 = EDGE_LOOP('',(#10350,#10351,#10372,#10373));
#10350 = ORIENTED_EDGE('',*,*,#4399,.F.);
#10351 = ORIENTED_EDGE('',*,*,#10352,.F.);
#10352 = EDGE_CURVE('',#5046,#4400,#10353,.T.);
#10353 = SEAM_CURVE('',#10354,(#10358,#10365),.PCURVE_S1.);
#10354 = LINE('',#10355,#10356);
#10355 = CARTESIAN_POINT('',(-67.9,-5.143516556419E-16,-20.));
#10356 = VECTOR('',#10357,1.);
#10357 = DIRECTION('',(0.,0.,1.));
#10358 = PCURVE('',#4509,#10359);
#10359 = DEFINITIONAL_REPRESENTATION('',(#10360),#10364);
#10360 = LINE('',#10361,#10362);
#10361 = CARTESIAN_POINT('',(6.28318530718,-0.));
#10362 = VECTOR('',#10363,1.);
#10363 = DIRECTION('',(0.,1.));
#10364 = ( GEOMETRIC_REPRESENTATION_CONTEXT(2) 
PARAMETRIC_REPRESENTATION_CONTEXT() REPRESENTATION_CONTEXT('2D SPACE',''
  ) );
#10365 = PCURVE('',#4509,#10366);
#10366 = DEFINITIONAL_REPRESENTATION('',(#10367),#10371);
#10367 = LINE('',#10368,#10369);
#10368 = CARTESIAN_POINT('',(0.,-0.));
#10369 = VECTOR('',#10370,1.);
#10370 = DIRECTION('',(0.,1.));
#10371 = ( GEOMETRIC_REPRESENTATION_CONTEXT(2) 
PARAMETRIC_REPRESENTATION_CONTEXT() REPRESENTATION_CONTEXT('2D SPACE',''
  ) );
#10372 = ORIENTED_EDGE('',*,*,#5045,.T.);
#10373 = ORIENTED_EDGE('',*,*,#10352,.T.);
#10374 = ADVANCED_FACE('',(#10375),#4731,.F.);
#10375 = FACE_BOUND('',#10376,.F.);
#10376 = EDGE_LOOP('',(#10377,#10378,#10399,#10400,#10401,#10402));
#10377 = ORIENTED_EDGE('',*,*,#4904,.F.);
#10378 = ORIENTED_EDGE('',*,*,#10379,.F.);
#10379 = EDGE_CURVE('',#9131,#4670,#10380,.T.);
#10380 = SEAM_CURVE('',#10381,(#10385,#10392),.PCURVE_S1.);
#10381 = LINE('',#10382,#10383);
#10382 = CARTESIAN_POINT('',(-67.9,-5.143516556419E-16,-20.));
#10383 = VECTOR('',#10384,1.);
#10384 = DIRECTION('',(0.,0.,1.));
#10385 = PCURVE('',#4731,#10386);
#10386 = DEFINITIONAL_REPRESENTATION('',(#10387),#10391);
#10387 = LINE('',#10388,#10389);
#10388 = CARTESIAN_POINT('',(6.28318530718,-0.));
#10389 = VECTOR('',#10390,1.);
#10390 = DIRECTION('',(0.,1.));
#10391 = ( GEOMETRIC_REPRESENTATION_CONTEXT(2) 
PARAMETRIC_REPRESENTATION_CONTEXT() REPRESENTATION_CONTEXT('2D SPACE',''
  ) );
#10392 = PCURVE('',#4731,#10393);
#10393 = DEFINITIONAL_REPRESENTATION('',(#10394),#10398);
#10394 = LINE('',#10395,#10396);
#10395 = CARTESIAN_POINT('',(0.,-0.));
#10396 = VECTOR('',#10397,1.);
#10397 = DIRECTION('',(0.,1.));
#10398 = ( GEOMETRIC_REPRESENTATION_CONTEXT(2) 
PARAMETRIC_REPRESENTATION_CONTEXT() REPRESENTATION_CONTEXT('2D SPACE',''
  ) );
#10399 = ORIENTED_EDGE('',*,*,#9130,.T.);
#10400 = ORIENTED_EDGE('',*,*,#9224,.T.);
#10401 = ORIENTED_EDGE('',*,*,#10379,.T.);
#10402 = ORIENTED_EDGE('',*,*,#4669,.F.);
#10403 = ADVANCED_FACE('',(#10404),#5407,.F.);
#10404 = FACE_BOUND('',#10405,.F.);
#10405 = EDGE_LOOP('',(#10406,#10407,#10428,#10429));
#10406 = ORIENTED_EDGE('',*,*,#5281,.F.);
#10407 = ORIENTED_EDGE('',*,*,#10408,.F.);
#10408 = EDGE_CURVE('',#5912,#5282,#10409,.T.);
#10409 = SEAM_CURVE('',#10410,(#10414,#10421),.PCURVE_S1.);
#10410 = LINE('',#10411,#10412);
#10411 = CARTESIAN_POINT('',(37.1,-60.62,-20.));
#10412 = VECTOR('',#10413,1.);
#10413 = DIRECTION('',(0.,0.,1.));
#10414 = PCURVE('',#5407,#10415);
#10415 = DEFINITIONAL_REPRESENTATION('',(#10416),#10420);
#10416 = LINE('',#10417,#10418);
#10417 = CARTESIAN_POINT('',(6.28318530718,-0.));
#10418 = VECTOR('',#10419,1.);
#10419 = DIRECTION('',(0.,1.));
#10420 = ( GEOMETRIC_REPRESENTATION_CONTEXT(2) 
PARAMETRIC_REPRESENTATION_CONTEXT() REPRESENTATION_CONTEXT('2D SPACE',''
  ) );
#10421 = PCURVE('',#5407,#10422);
#10422 = DEFINITIONAL_REPRESENTATION('',(#10423),#10427);
#10423 = LINE('',#10424,#10425);
#10424 = CARTESIAN_POINT('',(0.,-0.));
#10425 = VECTOR('',#10426,1.);
#10426 = DIRECTION('',(0.,1.));
#10427 = ( GEOMETRIC_REPRESENTATION_CONTEXT(2) 
PARAMETRIC_REPRESENTATION_CONTEXT() REPRESENTATION_CONTEXT('2D SPACE',''
  ) );
#10428 = ORIENTED_EDGE('',*,*,#5911,.T.);
#10429 = ORIENTED_EDGE('',*,*,#10408,.T.);
#10430 = ADVANCED_FACE('',(#10431),#5850,.F.);
#10431 = FACE_BOUND('',#10432,.F.);
#10432 = EDGE_LOOP('',(#10433,#10434,#10455,#10456));
#10433 = ORIENTED_EDGE('',*,*,#5740,.F.);
#10434 = ORIENTED_EDGE('',*,*,#10435,.F.);
#10435 = EDGE_CURVE('',#9382,#5741,#10436,.T.);
#10436 = SEAM_CURVE('',#10437,(#10441,#10448),.PCURVE_S1.);
#10437 = LINE('',#10438,#10439);
#10438 = CARTESIAN_POINT('',(37.1,-60.62,-20.));
#10439 = VECTOR('',#10440,1.);
#10440 = DIRECTION('',(0.,0.,1.));
#10441 = PCURVE('',#5850,#10442);
#10442 = DEFINITIONAL_REPRESENTATION('',(#10443),#10447);
#10443 = LINE('',#10444,#10445);
#10444 = CARTESIAN_POINT('',(6.28318530718,-0.));
#10445 = VECTOR('',#10446,1.);
#10446 = DIRECTION('',(0.,1.));
#10447 = ( GEOMETRIC_REPRESENTATION_CONTEXT(2) 
PARAMETRIC_REPRESENTATION_CONTEXT() REPRESENTATION_CONTEXT('2D SPACE',''
  ) );
#10448 = PCURVE('',#5850,#10449);
#10449 = DEFINITIONAL_REPRESENTATION('',(#10450),#10454);
#10450 = LINE('',#10451,#10452);
#10451 = CARTESIAN_POINT('',(0.,-0.));
#10452 = VECTOR('',#10453,1.);
#10453 = DIRECTION('',(0.,1.));
#10454 = ( GEOMETRIC_REPRESENTATION_CONTEXT(2) 
PARAMETRIC_REPRESENTATION_CONTEXT() REPRESENTATION_CONTEXT('2D SPACE',''
  ) );
#10455 = ORIENTED_EDGE('',*,*,#9381,.T.);
#10456 = ORIENTED_EDGE('',*,*,#10435,.T.);
#10457 = ADVANCED_FACE('',(#10458),#6245,.F.);
#10458 = FACE_BOUND('',#10459,.F.);
#10459 = EDGE_LOOP('',(#10460,#10461,#10482,#10483,#10484,#10485));
#10460 = ORIENTED_EDGE('',*,*,#6280,.F.);
#10461 = ORIENTED_EDGE('',*,*,#10462,.F.);
#10462 = EDGE_CURVE('',#6450,#6184,#10463,.T.);
#10463 = SEAM_CURVE('',#10464,(#10468,#10475),.PCURVE_S1.);
#10464 = LINE('',#10465,#10466);
#10465 = CARTESIAN_POINT('',(72.1,-5.143516556419E-16,-20.));
#10466 = VECTOR('',#10467,1.);
#10467 = DIRECTION('',(0.,0.,1.));
#10468 = PCURVE('',#6245,#10469);
#10469 = DEFINITIONAL_REPRESENTATION('',(#10470),#10474);
#10470 = LINE('',#10471,#10472);
#10471 = CARTESIAN_POINT('',(6.28318530718,-0.));
#10472 = VECTOR('',#10473,1.);
#10473 = DIRECTION('',(0.,1.));
#10474 = ( GEOMETRIC_REPRESENTATION_CONTEXT(2) 
PARAMETRIC_REPRESENTATION_CONTEXT() REPRESENTATION_CONTEXT('2D SPACE',''
  ) );
#10475 = PCURVE('',#6245,#10476);
#10476 = DEFINITIONAL_REPRESENTATION('',(#10477),#10481);
#10477 = LINE('',#10478,#10479);
#10478 = CARTESIAN_POINT('',(0.,-0.));
#10479 = VECTOR('',#10480,1.);
#10480 = DIRECTION('',(0.,1.));
#10481 = ( GEOMETRIC_REPRESENTATION_CONTEXT(2) 
PARAMETRIC_REPRESENTATION_CONTEXT() REPRESENTATION_CONTEXT('2D SPACE',''
  ) );
#10482 = ORIENTED_EDGE('',*,*,#6702,.T.);
#10483 = ORIENTED_EDGE('',*,*,#6472,.T.);
#10484 = ORIENTED_EDGE('',*,*,#10462,.T.);
#10485 = ORIENTED_EDGE('',*,*,#6181,.F.);
#10486 = ADVANCED_FACE('',(#10487),#6953,.F.);
#10487 = FACE_BOUND('',#10488,.F.);
#10488 = EDGE_LOOP('',(#10489,#10490,#10511,#10512));
#10489 = ORIENTED_EDGE('',*,*,#6843,.F.);
#10490 = ORIENTED_EDGE('',*,*,#10491,.F.);
#10491 = EDGE_CURVE('',#9611,#6844,#10492,.T.);
#10492 = SEAM_CURVE('',#10493,(#10497,#10504),.PCURVE_S1.);
#10493 = LINE('',#10494,#10495);
#10494 = CARTESIAN_POINT('',(72.1,-5.143516556419E-16,-20.));
#10495 = VECTOR('',#10496,1.);
#10496 = DIRECTION('',(0.,0.,1.));
#10497 = PCURVE('',#6953,#10498);
#10498 = DEFINITIONAL_REPRESENTATION('',(#10499),#10503);
#10499 = LINE('',#10500,#10501);
#10500 = CARTESIAN_POINT('',(6.28318530718,-0.));
#10501 = VECTOR('',#10502,1.);
#10502 = DIRECTION('',(0.,1.));
#10503 = ( GEOMETRIC_REPRESENTATION_CONTEXT(2) 
PARAMETRIC_REPRESENTATION_CONTEXT() REPRESENTATION_CONTEXT('2D SPACE',''
  ) );
#10504 = PCURVE('',#6953,#10505);
#10505 = DEFINITIONAL_REPRESENTATION('',(#10506),#10510);
#10506 = LINE('',#10507,#10508);
#10507 = CARTESIAN_POINT('',(0.,-0.));
#10508 = VECTOR('',#10509,1.);
#10509 = DIRECTION('',(0.,1.));
#10510 = ( GEOMETRIC_REPRESENTATION_CONTEXT(2) 
PARAMETRIC_REPRESENTATION_CONTEXT() REPRESENTATION_CONTEXT('2D SPACE',''
  ) );
#10511 = ORIENTED_EDGE('',*,*,#9610,.T.);
#10512 = ORIENTED_EDGE('',*,*,#10491,.T.);
#10513 = ADVANCED_FACE('',(#10514),#7195,.F.);
#10514 = FACE_BOUND('',#10515,.F.);
#10515 = EDGE_LOOP('',(#10516,#10517,#10538,#10539));
#10516 = ORIENTED_EDGE('',*,*,#7085,.F.);
#10517 = ORIENTED_EDGE('',*,*,#10518,.F.);
#10518 = EDGE_CURVE('',#7521,#7086,#10519,.T.);
#10519 = SEAM_CURVE('',#10520,(#10524,#10531),.PCURVE_S1.);
#10520 = LINE('',#10521,#10522);
#10521 = CARTESIAN_POINT('',(-32.9,60.62,-20.));
#10522 = VECTOR('',#10523,1.);
#10523 = DIRECTION('',(0.,0.,1.));
#10524 = PCURVE('',#7195,#10525);
#10525 = DEFINITIONAL_REPRESENTATION('',(#10526),#10530);
#10526 = LINE('',#10527,#10528);
#10527 = CARTESIAN_POINT('',(6.28318530718,-0.));
#10528 = VECTOR('',#10529,1.);
#10529 = DIRECTION('',(0.,1.));
#10530 = ( GEOMETRIC_REPRESENTATION_CONTEXT(2) 
PARAMETRIC_REPRESENTATION_CONTEXT() REPRESENTATION_CONTEXT('2D SPACE',''
  ) );
#10531 = PCURVE('',#7195,#10532);
#10532 = DEFINITIONAL_REPRESENTATION('',(#10533),#10537);
#10533 = LINE('',#10534,#10535);
#10534 = CARTESIAN_POINT('',(0.,-0.));
#10535 = VECTOR('',#10536,1.);
#10536 = DIRECTION('',(0.,1.));
#10537 = ( GEOMETRIC_REPRESENTATION_CONTEXT(2) 
PARAMETRIC_REPRESENTATION_CONTEXT() REPRESENTATION_CONTEXT('2D SPACE',''
  ) );
#10538 = ORIENTED_EDGE('',*,*,#7520,.T.);
#10539 = ORIENTED_EDGE('',*,*,#10518,.T.);
#10540 = ADVANCED_FACE('',(#10541),#7812,.F.);
#10541 = FACE_BOUND('',#10542,.F.);
#10542 = EDGE_LOOP('',(#10543,#10544,#10565,#10566));
#10543 = ORIENTED_EDGE('',*,*,#7686,.F.);
#10544 = ORIENTED_EDGE('',*,*,#10545,.F.);
#10545 = EDGE_CURVE('',#9840,#7687,#10546,.T.);
#10546 = SEAM_CURVE('',#10547,(#10551,#10558),.PCURVE_S1.);
#10547 = LINE('',#10548,#10549);
#10548 = CARTESIAN_POINT('',(-32.9,60.62,-20.));
#10549 = VECTOR('',#10550,1.);
#10550 = DIRECTION('',(0.,0.,1.));
#10551 = PCURVE('',#7812,#10552);
#10552 = DEFINITIONAL_REPRESENTATION('',(#10553),#10557);
#10553 = LINE('',#10554,#10555);
#10554 = CARTESIAN_POINT('',(6.28318530718,-0.));
#10555 = VECTOR('',#10556,1.);
#10556 = DIRECTION('',(0.,1.));
#10557 = ( GEOMETRIC_REPRESENTATION_CONTEXT(2) 
PARAMETRIC_REPRESENTATION_CONTEXT() REPRESENTATION_CONTEXT('2D SPACE',''
  ) );
#10558 = PCURVE('',#7812,#10559);
#10559 = DEFINITIONAL_REPRESENTATION('',(#10560),#10564);
#10560 = LINE('',#10561,#10562);
#10561 = CARTESIAN_POINT('',(0.,-0.));
#10562 = VECTOR('',#10563,1.);
#10563 = DIRECTION('',(0.,1.));
#10564 = ( GEOMETRIC_REPRESENTATION_CONTEXT(2) 
PARAMETRIC_REPRESENTATION_CONTEXT() REPRESENTATION_CONTEXT('2D SPACE',''
  ) );
#10565 = ORIENTED_EDGE('',*,*,#9839,.T.);
#10566 = ORIENTED_EDGE('',*,*,#10545,.T.);
#10567 = ADVANCED_FACE('',(#10568),#8079,.F.);
#10568 = FACE_BOUND('',#10569,.F.);
#10569 = EDGE_LOOP('',(#10570,#10571,#10592,#10593));
#10570 = ORIENTED_EDGE('',*,*,#7953,.F.);
#10571 = ORIENTED_EDGE('',*,*,#10572,.F.);
#10572 = EDGE_CURVE('',#8608,#7954,#10573,.T.);
#10573 = SEAM_CURVE('',#10574,(#10578,#10585),.PCURVE_S1.);
#10574 = LINE('',#10575,#10576);
#10575 = CARTESIAN_POINT('',(37.1,60.62,-20.));
#10576 = VECTOR('',#10577,1.);
#10577 = DIRECTION('',(0.,0.,1.));
#10578 = PCURVE('',#8079,#10579);
#10579 = DEFINITIONAL_REPRESENTATION('',(#10580),#10584);
#10580 = LINE('',#10581,#10582);
#10581 = CARTESIAN_POINT('',(6.28318530718,-0.));
#10582 = VECTOR('',#10583,1.);
#10583 = DIRECTION('',(0.,1.));
#10584 = ( GEOMETRIC_REPRESENTATION_CONTEXT(2) 
PARAMETRIC_REPRESENTATION_CONTEXT() REPRESENTATION_CONTEXT('2D SPACE',''
  ) );
#10585 = PCURVE('',#8079,#10586);
#10586 = DEFINITIONAL_REPRESENTATION('',(#10587),#10591);
#10587 = LINE('',#10588,#10589);
#10588 = CARTESIAN_POINT('',(0.,-0.));
#10589 = VECTOR('',#10590,1.);
#10590 = DIRECTION('',(0.,1.));
#10591 = ( GEOMETRIC_REPRESENTATION_CONTEXT(2) 
PARAMETRIC_REPRESENTATION_CONTEXT() REPRESENTATION_CONTEXT('2D SPACE',''
  ) );
#10592 = ORIENTED_EDGE('',*,*,#8607,.T.);
#10593 = ORIENTED_EDGE('',*,*,#10572,.T.);
#10594 = ADVANCED_FACE('',(#10595),#8538,.F.);
#10595 = FACE_BOUND('',#10596,.F.);
#10596 = EDGE_LOOP('',(#10597,#10598,#10619,#10620));
#10597 = ORIENTED_EDGE('',*,*,#8412,.F.);
#10598 = ORIENTED_EDGE('',*,*,#10599,.F.);
#10599 = EDGE_CURVE('',#10093,#8413,#10600,.T.);
#10600 = SEAM_CURVE('',#10601,(#10605,#10612),.PCURVE_S1.);
#10601 = LINE('',#10602,#10603);
#10602 = CARTESIAN_POINT('',(37.1,60.62,-20.));
#10603 = VECTOR('',#10604,1.);
#10604 = DIRECTION('',(0.,0.,1.));
#10605 = PCURVE('',#8538,#10606);
#10606 = DEFINITIONAL_REPRESENTATION('',(#10607),#10611);
#10607 = LINE('',#10608,#10609);
#10608 = CARTESIAN_POINT('',(6.28318530718,-0.));
#10609 = VECTOR('',#10610,1.);
#10610 = DIRECTION('',(0.,1.));
#10611 = ( GEOMETRIC_REPRESENTATION_CONTEXT(2) 
PARAMETRIC_REPRESENTATION_CONTEXT() REPRESENTATION_CONTEXT('2D SPACE',''
  ) );
#10612 = PCURVE('',#8538,#10613);
#10613 = DEFINITIONAL_REPRESENTATION('',(#10614),#10618);
#10614 = LINE('',#10615,#10616);
#10615 = CARTESIAN_POINT('',(0.,-0.));
#10616 = VECTOR('',#10617,1.);
#10617 = DIRECTION('',(0.,1.));
#10618 = ( GEOMETRIC_REPRESENTATION_CONTEXT(2) 
PARAMETRIC_REPRESENTATION_CONTEXT() REPRESENTATION_CONTEXT('2D SPACE',''
  ) );
#10619 = ORIENTED_EDGE('',*,*,#10092,.T.);
#10620 = ORIENTED_EDGE('',*,*,#10599,.T.);
#10621 = ( GEOMETRIC_REPRESENTATION_CONTEXT(3) 
GLOBAL_UNCERTAINTY_ASSIGNED_CONTEXT((#10625)) 
GLOBAL_UNIT_ASSIGNED_CONTEXT((#10622,#10623,#10624)) 
REPRESENTATION_CONTEXT('Context #1',
  '3D Context with UNIT and UNCERTAINTY') );
#10622 = ( LENGTH_UNIT() NAMED_UNIT(*) SI_UNIT(.MILLI.,.METRE.) );
#10623 = ( NAMED_UNIT(*) PLANE_ANGLE_UNIT() SI_UNIT($,.RADIAN.) );
#10624 = ( NAMED_UNIT(*) SI_UNIT($,.STERADIAN.) SOLID_ANGLE_UNIT() );
#10625 = UNCERTAINTY_MEASURE_WITH_UNIT(LENGTH_MEASURE(1.E-07),#10622,
  'distance_accuracy_value','confusion accuracy');
#10626 = PRODUCT_RELATED_PRODUCT_CATEGORY('part',$,(#7));
ENDSEC;
END-ISO-10303-21;
