ISO-10303-21;
HEADER;
FILE_NAME('Open CASCADE Shape Model','2026-09-28T21:56:54',('Author'),(
    'Open CASCADE'),'Open CASCADE STEP processor 8.0','Open CASCADE 8.0'
  ,'Unknown');
FILE_DESCRIPTION(('Open CASCADE Model'),'2;1');
FILE_SCHEMA((''));
ENDSEC;
DATA;
#1 = APPLICATION_PROTOCOL_DEFINITION('international standard',
  'automotive_design',2000,#2);
#2 = APPLICATION_CONTEXT(
  'core data for automotive mechanical design processes');
#3 = SHAPE_DEFINITION_REPRESENTATION(#4,#10);
#4 = PRODUCT_DEFINITION_SHAPE('','',#5);
#5 = PRODUCT_DEFINITION('design','',#6,#9);
#6 = PRODUCT_DEFINITION_FORMATION('','',#7);
#7 = PRODUCT('Open CASCADE STEP translator 8.0 1',
  'Open CASCADE STEP translator 8.0 1','',(#8));
#8 = PRODUCT_CONTEXT('',#2,'mechanical');
#9 = PRODUCT_DEFINITION_CONTEXT('part definition',#2,'design');
#10 = ADVANCED_BREP_SHAPE_REPRESENTATION('',(#11,#15),#1933);
#11 = AXIS2_PLACEMENT_3D('',#12,#13,#14);
#12 = CARTESIAN_POINT('',(0.,0.,0.));
#13 = DIRECTION('',(0.,0.,1.));
#14 = DIRECTION('',(1.,0.,-0.));
#15 = MANIFOLD_SOLID_BREP('',#16);
#16 = CLOSED_SHELL('',(#17,#665,#746,#826,#875,#910,#986,#1066,#1115,
    #1145,#1171,#1176,#1202,#1207,#1370,#1377,#1404,#1843,#1850,#1877,
    #1905));
#17 = ADVANCED_FACE('',(#18,#295,#480),#33,.T.);
#18 = FACE_BOUND('',#19,.T.);
#19 = EDGE_LOOP('',(#20,#56,#79,#106,#107,#136,#162,#191,#214,#241,#242,
    #271));
#20 = ORIENTED_EDGE('',*,*,#21,.T.);
#21 = EDGE_CURVE('',#22,#24,#26,.T.);
#22 = VERTEX_POINT('',#23);
#23 = CARTESIAN_POINT('',(20.,9.949874371066,15.));
#24 = VERTEX_POINT('',#25);
#25 = CARTESIAN_POINT('',(20.,3.980721077865E-15,18.));
#26 = SURFACE_CURVE('',#27,(#32,#44),.PCURVE_S1.);
#27 = CIRCLE('',#28,18.);
#28 = AXIS2_PLACEMENT_3D('',#29,#30,#31);
#29 = CARTESIAN_POINT('',(20.,0.,0.));
#30 = DIRECTION('',(1.,0.,0.));
#31 = DIRECTION('',(-0.,0.,1.));
#32 = PCURVE('',#33,#38);
#33 = CYLINDRICAL_SURFACE('',#34,18.);
#34 = AXIS2_PLACEMENT_3D('',#35,#36,#37);
#35 = CARTESIAN_POINT('',(-25.,0.,0.));
#36 = DIRECTION('',(1.,0.,0.));
#37 = DIRECTION('',(-0.,0.,1.));
#38 = DEFINITIONAL_REPRESENTATION('',(#39),#43);
#39 = LINE('',#40,#41);
#40 = CARTESIAN_POINT('',(0.,45.));
#41 = VECTOR('',#42,1.);
#42 = DIRECTION('',(1.,0.));
#43 = ( GEOMETRIC_REPRESENTATION_CONTEXT(2) 
PARAMETRIC_REPRESENTATION_CONTEXT() REPRESENTATION_CONTEXT('2D SPACE',''
  ) );
#44 = PCURVE('',#45,#50);
#45 = PLANE('',#46);
#46 = AXIS2_PLACEMENT_3D('',#47,#48,#49);
#47 = CARTESIAN_POINT('',(20.,-20.,15.));
#48 = DIRECTION('',(1.,0.,-0.));
#49 = DIRECTION('',(0.,0.,1.));
#50 = DEFINITIONAL_REPRESENTATION('',(#51),#55);
#51 = CIRCLE('',#52,18.);
#52 = AXIS2_PLACEMENT_2D('',#53,#54);
#53 = CARTESIAN_POINT('',(-15.,-20.));
#54 = DIRECTION('',(1.,0.));
#55 = ( GEOMETRIC_REPRESENTATION_CONTEXT(2) 
PARAMETRIC_REPRESENTATION_CONTEXT() REPRESENTATION_CONTEXT('2D SPACE',''
  ) );
#56 = ORIENTED_EDGE('',*,*,#57,.T.);
#57 = EDGE_CURVE('',#24,#58,#60,.T.);
#58 = VERTEX_POINT('',#59);
#59 = CARTESIAN_POINT('',(25.,4.40872847693E-15,18.));
#60 = SEAM_CURVE('',#61,(#65,#72),.PCURVE_S1.);
#61 = LINE('',#62,#63);
#62 = CARTESIAN_POINT('',(-25.,4.40872847693E-15,18.));
#63 = VECTOR('',#64,1.);
#64 = DIRECTION('',(1.,0.,0.));
#65 = PCURVE('',#33,#66);
#66 = DEFINITIONAL_REPRESENTATION('',(#67),#71);
#67 = LINE('',#68,#69);
#68 = CARTESIAN_POINT('',(0.,-0.));
#69 = VECTOR('',#70,1.);
#70 = DIRECTION('',(0.,1.));
#71 = ( GEOMETRIC_REPRESENTATION_CONTEXT(2) 
PARAMETRIC_REPRESENTATION_CONTEXT() REPRESENTATION_CONTEXT('2D SPACE',''
  ) );
#72 = PCURVE('',#33,#73);
#73 = DEFINITIONAL_REPRESENTATION('',(#74),#78);
#74 = LINE('',#75,#76);
#75 = CARTESIAN_POINT('',(6.28318530718,-0.));
#76 = VECTOR('',#77,1.);
#77 = DIRECTION('',(0.,1.));
#78 = ( GEOMETRIC_REPRESENTATION_CONTEXT(2) 
PARAMETRIC_REPRESENTATION_CONTEXT() REPRESENTATION_CONTEXT('2D SPACE',''
  ) );
#79 = ORIENTED_EDGE('',*,*,#80,.F.);
#80 = EDGE_CURVE('',#58,#58,#81,.T.);
#81 = SURFACE_CURVE('',#82,(#87,#94),.PCURVE_S1.);
#82 = CIRCLE('',#83,18.);
#83 = AXIS2_PLACEMENT_3D('',#84,#85,#86);
#84 = CARTESIAN_POINT('',(25.,0.,0.));
#85 = DIRECTION('',(1.,0.,0.));
#86 = DIRECTION('',(-0.,0.,1.));
#87 = PCURVE('',#33,#88);
#88 = DEFINITIONAL_REPRESENTATION('',(#89),#93);
#89 = LINE('',#90,#91);
#90 = CARTESIAN_POINT('',(0.,50.));
#91 = VECTOR('',#92,1.);
#92 = DIRECTION('',(1.,0.));
#93 = ( GEOMETRIC_REPRESENTATION_CONTEXT(2) 
PARAMETRIC_REPRESENTATION_CONTEXT() REPRESENTATION_CONTEXT('2D SPACE',''
  ) );
#94 = PCURVE('',#95,#100);
#95 = PLANE('',#96);
#96 = AXIS2_PLACEMENT_3D('',#97,#98,#99);
#97 = CARTESIAN_POINT('',(25.,0.,0.));
#98 = DIRECTION('',(1.,0.,0.));
#99 = DIRECTION('',(-0.,0.,1.));
#100 = DEFINITIONAL_REPRESENTATION('',(#101),#105);
#101 = CIRCLE('',#102,18.);
#102 = AXIS2_PLACEMENT_2D('',#103,#104);
#103 = CARTESIAN_POINT('',(0.,0.));
#104 = DIRECTION('',(1.,0.));
#105 = ( GEOMETRIC_REPRESENTATION_CONTEXT(2) 
PARAMETRIC_REPRESENTATION_CONTEXT() REPRESENTATION_CONTEXT('2D SPACE',''
  ) );
#106 = ORIENTED_EDGE('',*,*,#57,.F.);
#107 = ORIENTED_EDGE('',*,*,#108,.T.);
#108 = EDGE_CURVE('',#24,#109,#111,.T.);
#109 = VERTEX_POINT('',#110);
#110 = CARTESIAN_POINT('',(20.,-9.949874371066,15.));
#111 = SURFACE_CURVE('',#112,(#117,#124),.PCURVE_S1.);
#112 = CIRCLE('',#113,18.);
#113 = AXIS2_PLACEMENT_3D('',#114,#115,#116);
#114 = CARTESIAN_POINT('',(20.,0.,0.));
#115 = DIRECTION('',(1.,0.,0.));
#116 = DIRECTION('',(-0.,0.,1.));
#117 = PCURVE('',#33,#118);
#118 = DEFINITIONAL_REPRESENTATION('',(#119),#123);
#119 = LINE('',#120,#121);
#120 = CARTESIAN_POINT('',(0.,45.));
#121 = VECTOR('',#122,1.);
#122 = DIRECTION('',(1.,0.));
#123 = ( GEOMETRIC_REPRESENTATION_CONTEXT(2) 
PARAMETRIC_REPRESENTATION_CONTEXT() REPRESENTATION_CONTEXT('2D SPACE',''
  ) );
#124 = PCURVE('',#125,#130);
#125 = PLANE('',#126);
#126 = AXIS2_PLACEMENT_3D('',#127,#128,#129);
#127 = CARTESIAN_POINT('',(20.,-20.,15.));
#128 = DIRECTION('',(1.,0.,-0.));
#129 = DIRECTION('',(0.,0.,1.));
#130 = DEFINITIONAL_REPRESENTATION('',(#131),#135);
#131 = CIRCLE('',#132,18.);
#132 = AXIS2_PLACEMENT_2D('',#133,#134);
#133 = CARTESIAN_POINT('',(-15.,-20.));
#134 = DIRECTION('',(1.,0.));
#135 = ( GEOMETRIC_REPRESENTATION_CONTEXT(2) 
PARAMETRIC_REPRESENTATION_CONTEXT() REPRESENTATION_CONTEXT('2D SPACE',''
  ) );
#136 = ORIENTED_EDGE('',*,*,#137,.F.);
#137 = EDGE_CURVE('',#138,#109,#140,.T.);
#138 = VERTEX_POINT('',#139);
#139 = CARTESIAN_POINT('',(-20.,-9.949874371066,15.));
#140 = SURFACE_CURVE('',#141,(#145,#151),.PCURVE_S1.);
#141 = LINE('',#142,#143);
#142 = CARTESIAN_POINT('',(-25.,-9.949874371066,15.));
#143 = VECTOR('',#144,1.);
#144 = DIRECTION('',(1.,0.,0.));
#145 = PCURVE('',#33,#146);
#146 = DEFINITIONAL_REPRESENTATION('',(#147),#150);
#147 = B_SPLINE_CURVE_WITH_KNOTS('',1,(#148,#149),.UNSPECIFIED.,.F.,.F.,
  (2,2),(1.,49.),.PIECEWISE_BEZIER_KNOTS.);
#148 = CARTESIAN_POINT('',(0.585685543457,1.));
#149 = CARTESIAN_POINT('',(0.585685543457,49.));
#150 = ( GEOMETRIC_REPRESENTATION_CONTEXT(2) 
PARAMETRIC_REPRESENTATION_CONTEXT() REPRESENTATION_CONTEXT('2D SPACE',''
  ) );
#151 = PCURVE('',#152,#157);
#152 = PLANE('',#153);
#153 = AXIS2_PLACEMENT_3D('',#154,#155,#156);
#154 = CARTESIAN_POINT('',(-20.,-20.,15.));
#155 = DIRECTION('',(0.,0.,1.));
#156 = DIRECTION('',(1.,0.,-0.));
#157 = DEFINITIONAL_REPRESENTATION('',(#158),#161);
#158 = B_SPLINE_CURVE_WITH_KNOTS('',1,(#159,#160),.UNSPECIFIED.,.F.,.F.,
  (2,2),(1.,49.),.PIECEWISE_BEZIER_KNOTS.);
#159 = CARTESIAN_POINT('',(-4.,10.050125628934));
#160 = CARTESIAN_POINT('',(44.,10.050125628934));
#161 = ( GEOMETRIC_REPRESENTATION_CONTEXT(2) 
PARAMETRIC_REPRESENTATION_CONTEXT() REPRESENTATION_CONTEXT('2D SPACE',''
  ) );
#162 = ORIENTED_EDGE('',*,*,#163,.F.);
#163 = EDGE_CURVE('',#164,#138,#166,.T.);
#164 = VERTEX_POINT('',#165);
#165 = CARTESIAN_POINT('',(-20.,3.980721077865E-15,18.));
#166 = SURFACE_CURVE('',#167,(#172,#179),.PCURVE_S1.);
#167 = CIRCLE('',#168,18.);
#168 = AXIS2_PLACEMENT_3D('',#169,#170,#171);
#169 = CARTESIAN_POINT('',(-20.,0.,0.));
#170 = DIRECTION('',(1.,0.,0.));
#171 = DIRECTION('',(-0.,0.,1.));
#172 = PCURVE('',#33,#173);
#173 = DEFINITIONAL_REPRESENTATION('',(#174),#178);
#174 = LINE('',#175,#176);
#175 = CARTESIAN_POINT('',(0.,5.));
#176 = VECTOR('',#177,1.);
#177 = DIRECTION('',(1.,0.));
#178 = ( GEOMETRIC_REPRESENTATION_CONTEXT(2) 
PARAMETRIC_REPRESENTATION_CONTEXT() REPRESENTATION_CONTEXT('2D SPACE',''
  ) );
#179 = PCURVE('',#180,#185);
#180 = PLANE('',#181);
#181 = AXIS2_PLACEMENT_3D('',#182,#183,#184);
#182 = CARTESIAN_POINT('',(-20.,-20.,15.));
#183 = DIRECTION('',(1.,0.,-0.));
#184 = DIRECTION('',(0.,0.,1.));
#185 = DEFINITIONAL_REPRESENTATION('',(#186),#190);
#186 = CIRCLE('',#187,18.);
#187 = AXIS2_PLACEMENT_2D('',#188,#189);
#188 = CARTESIAN_POINT('',(-15.,-20.));
#189 = DIRECTION('',(1.,0.));
#190 = ( GEOMETRIC_REPRESENTATION_CONTEXT(2) 
PARAMETRIC_REPRESENTATION_CONTEXT() REPRESENTATION_CONTEXT('2D SPACE',''
  ) );
#191 = ORIENTED_EDGE('',*,*,#192,.F.);
#192 = EDGE_CURVE('',#193,#164,#195,.T.);
#193 = VERTEX_POINT('',#194);
#194 = CARTESIAN_POINT('',(-25.,4.40872847693E-15,18.));
#195 = SEAM_CURVE('',#196,(#200,#207),.PCURVE_S1.);
#196 = LINE('',#197,#198);
#197 = CARTESIAN_POINT('',(-25.,4.40872847693E-15,18.));
#198 = VECTOR('',#199,1.);
#199 = DIRECTION('',(1.,0.,0.));
#200 = PCURVE('',#33,#201);
#201 = DEFINITIONAL_REPRESENTATION('',(#202),#206);
#202 = LINE('',#203,#204);
#203 = CARTESIAN_POINT('',(6.28318530718,-0.));
#204 = VECTOR('',#205,1.);
#205 = DIRECTION('',(0.,1.));
#206 = ( GEOMETRIC_REPRESENTATION_CONTEXT(2) 
PARAMETRIC_REPRESENTATION_CONTEXT() REPRESENTATION_CONTEXT('2D SPACE',''
  ) );
#207 = PCURVE('',#33,#208);
#208 = DEFINITIONAL_REPRESENTATION('',(#209),#213);
#209 = LINE('',#210,#211);
#210 = CARTESIAN_POINT('',(0.,-0.));
#211 = VECTOR('',#212,1.);
#212 = DIRECTION('',(0.,1.));
#213 = ( GEOMETRIC_REPRESENTATION_CONTEXT(2) 
PARAMETRIC_REPRESENTATION_CONTEXT() REPRESENTATION_CONTEXT('2D SPACE',''
  ) );
#214 = ORIENTED_EDGE('',*,*,#215,.T.);
#215 = EDGE_CURVE('',#193,#193,#216,.T.);
#216 = SURFACE_CURVE('',#217,(#222,#229),.PCURVE_S1.);
#217 = CIRCLE('',#218,18.);
#218 = AXIS2_PLACEMENT_3D('',#219,#220,#221);
#219 = CARTESIAN_POINT('',(-25.,0.,0.));
#220 = DIRECTION('',(1.,0.,0.));
#221 = DIRECTION('',(-0.,0.,1.));
#222 = PCURVE('',#33,#223);
#223 = DEFINITIONAL_REPRESENTATION('',(#224),#228);
#224 = LINE('',#225,#226);
#225 = CARTESIAN_POINT('',(0.,0.));
#226 = VECTOR('',#227,1.);
#227 = DIRECTION('',(1.,0.));
#228 = ( GEOMETRIC_REPRESENTATION_CONTEXT(2) 
PARAMETRIC_REPRESENTATION_CONTEXT() REPRESENTATION_CONTEXT('2D SPACE',''
  ) );
#229 = PCURVE('',#230,#235);
#230 = PLANE('',#231);
#231 = AXIS2_PLACEMENT_3D('',#232,#233,#234);
#232 = CARTESIAN_POINT('',(-25.,0.,0.));
#233 = DIRECTION('',(1.,0.,0.));
#234 = DIRECTION('',(-0.,0.,1.));
#235 = DEFINITIONAL_REPRESENTATION('',(#236),#240);
#236 = CIRCLE('',#237,18.);
#237 = AXIS2_PLACEMENT_2D('',#238,#239);
#238 = CARTESIAN_POINT('',(0.,0.));
#239 = DIRECTION('',(1.,0.));
#240 = ( GEOMETRIC_REPRESENTATION_CONTEXT(2) 
PARAMETRIC_REPRESENTATION_CONTEXT() REPRESENTATION_CONTEXT('2D SPACE',''
  ) );
#241 = ORIENTED_EDGE('',*,*,#192,.T.);
#242 = ORIENTED_EDGE('',*,*,#243,.F.);
#243 = EDGE_CURVE('',#244,#164,#246,.T.);
#244 = VERTEX_POINT('',#245);
#245 = CARTESIAN_POINT('',(-20.,9.949874371066,15.));
#246 = SURFACE_CURVE('',#247,(#252,#259),.PCURVE_S1.);
#247 = CIRCLE('',#248,18.);
#248 = AXIS2_PLACEMENT_3D('',#249,#250,#251);
#249 = CARTESIAN_POINT('',(-20.,0.,0.));
#250 = DIRECTION('',(1.,0.,0.));
#251 = DIRECTION('',(-0.,0.,1.));
#252 = PCURVE('',#33,#253);
#253 = DEFINITIONAL_REPRESENTATION('',(#254),#258);
#254 = LINE('',#255,#256);
#255 = CARTESIAN_POINT('',(0.,5.));
#256 = VECTOR('',#257,1.);
#257 = DIRECTION('',(1.,0.));
#258 = ( GEOMETRIC_REPRESENTATION_CONTEXT(2) 
PARAMETRIC_REPRESENTATION_CONTEXT() REPRESENTATION_CONTEXT('2D SPACE',''
  ) );
#259 = PCURVE('',#260,#265);
#260 = PLANE('',#261);
#261 = AXIS2_PLACEMENT_3D('',#262,#263,#264);
#262 = CARTESIAN_POINT('',(-20.,-20.,15.));
#263 = DIRECTION('',(1.,0.,-0.));
#264 = DIRECTION('',(0.,0.,1.));
#265 = DEFINITIONAL_REPRESENTATION('',(#266),#270);
#266 = CIRCLE('',#267,18.);
#267 = AXIS2_PLACEMENT_2D('',#268,#269);
#268 = CARTESIAN_POINT('',(-15.,-20.));
#269 = DIRECTION('',(1.,0.));
#270 = ( GEOMETRIC_REPRESENTATION_CONTEXT(2) 
PARAMETRIC_REPRESENTATION_CONTEXT() REPRESENTATION_CONTEXT('2D SPACE',''
  ) );
#271 = ORIENTED_EDGE('',*,*,#272,.T.);
#272 = EDGE_CURVE('',#244,#22,#273,.T.);
#273 = SURFACE_CURVE('',#274,(#278,#284),.PCURVE_S1.);
#274 = LINE('',#275,#276);
#275 = CARTESIAN_POINT('',(-25.,9.949874371066,15.));
#276 = VECTOR('',#277,1.);
#277 = DIRECTION('',(1.,0.,0.));
#278 = PCURVE('',#33,#279);
#279 = DEFINITIONAL_REPRESENTATION('',(#280),#283);
#280 = B_SPLINE_CURVE_WITH_KNOTS('',1,(#281,#282),.UNSPECIFIED.,.F.,.F.,
  (2,2),(1.,49.),.PIECEWISE_BEZIER_KNOTS.);
#281 = CARTESIAN_POINT('',(5.697499763722,1.));
#282 = CARTESIAN_POINT('',(5.697499763722,49.));
#283 = ( GEOMETRIC_REPRESENTATION_CONTEXT(2) 
PARAMETRIC_REPRESENTATION_CONTEXT() REPRESENTATION_CONTEXT('2D SPACE',''
  ) );
#284 = PCURVE('',#285,#290);
#285 = PLANE('',#286);
#286 = AXIS2_PLACEMENT_3D('',#287,#288,#289);
#287 = CARTESIAN_POINT('',(-20.,-20.,15.));
#288 = DIRECTION('',(0.,0.,1.));
#289 = DIRECTION('',(1.,0.,-0.));
#290 = DEFINITIONAL_REPRESENTATION('',(#291),#294);
#291 = B_SPLINE_CURVE_WITH_KNOTS('',1,(#292,#293),.UNSPECIFIED.,.F.,.F.,
  (2,2),(1.,49.),.PIECEWISE_BEZIER_KNOTS.);
#292 = CARTESIAN_POINT('',(-4.,29.949874371066));
#293 = CARTESIAN_POINT('',(44.,29.949874371066));
#294 = ( GEOMETRIC_REPRESENTATION_CONTEXT(2) 
PARAMETRIC_REPRESENTATION_CONTEXT() REPRESENTATION_CONTEXT('2D SPACE',''
  ) );
#295 = FACE_BOUND('',#296,.T.);
#296 = EDGE_LOOP('',(#297,#456));
#297 = ORIENTED_EDGE('',*,*,#298,.F.);
#298 = EDGE_CURVE('',#299,#301,#303,.T.);
#299 = VERTEX_POINT('',#300);
#300 = CARTESIAN_POINT('',(2.099402283918,-12.44989959798,13.));
#301 = VERTEX_POINT('',#302);
#302 = CARTESIAN_POINT('',(-2.099402283918,-12.44989959798,13.));
#303 = SURFACE_CURVE('',#304,(#351,#401),.PCURVE_S1.);
#304 = B_SPLINE_CURVE_WITH_KNOTS('',5,(#305,#306,#307,#308,#309,#310,
    #311,#312,#313,#314,#315,#316,#317,#318,#319,#320,#321,#322,#323,
    #324,#325,#326,#327,#328,#329,#330,#331,#332,#333,#334,#335,#336,
    #337,#338,#339,#340,#341,#342,#343,#344,#345,#346,#347,#348,#349,
    #350),.UNSPECIFIED.,.F.,.F.,(6,4,4,4,4,4,4,4,4,4,4,6),(0.,
    0.110028856973,0.168925158586,0.297068963876,0.393282194112,
    0.499959449748,0.571640740889,0.607093712904,0.702741326706,
    0.795717320579,0.890441016826,1.),.UNSPECIFIED.);
#305 = CARTESIAN_POINT('',(2.099402298868,-12.44990022448,
    12.999999400008));
#306 = CARTESIAN_POINT('',(2.09636405478,-12.32258435216,13.121927860047
    ));
#307 = CARTESIAN_POINT('',(2.083625799796,-12.19344743618,13.24261237293
    ));
#308 = CARTESIAN_POINT('',(2.060586643599,-12.06341391728,
    13.361135937038));
#309 = CARTESIAN_POINT('',(2.026738990828,-11.93354089812,
    13.476630974317));
#310 = CARTESIAN_POINT('',(1.957544599566,-11.73623741832,
    13.648041434083));
#311 = CARTESIAN_POINT('',(1.930213271519,-11.66786186437,
    13.706679695763));
#312 = CARTESIAN_POINT('',(1.899635658712,-11.60013952444,
    13.764022399882));
#313 = CARTESIAN_POINT('',(1.865798590941,-11.53331202396,
    13.819912316408));
#314 = CARTESIAN_POINT('',(1.74803195593,-11.32470416626,13.992335628233
    ));
#315 = CARTESIAN_POINT('',(1.651947040649,-11.18711690021,
    14.102960375344));
#316 = CARTESIAN_POINT('',(1.540810330842,-11.05780787177,
    14.204236338596));
#317 = CARTESIAN_POINT('',(1.415895994454,-10.93958210108,
    14.294852502382));
#318 = CARTESIAN_POINT('',(1.17675591706,-10.75587587598,14.433324869605
    ));
#319 = CARTESIAN_POINT('',(1.067671373971,-10.6846306791,14.486180894447
    ));
#320 = CARTESIAN_POINT('',(0.952892785618,-10.6217903094,14.532197248485
    ));
#321 = CARTESIAN_POINT('',(0.83343945195,-10.568045895,14.571183013467)
  );
#322 = CARTESIAN_POINT('',(0.574188827519,-10.47483589666,
    14.638355856807));
#323 = CARTESIAN_POINT('',(0.433562700681,-10.43754850967,
    14.664914788906));
#324 = CARTESIAN_POINT('',(0.290006727184,-10.41251207185,
    14.682636654579));
#325 = CARTESIAN_POINT('',(0.144980740323,-10.4,14.691494137766));
#326 = CARTESIAN_POINT('',(-9.741914145563E-02,-10.4,14.691494137766));
#327 = CARTESIAN_POINT('',(-0.194844646975,-10.40564927217,
    14.687495196707));
#328 = CARTESIAN_POINT('',(-0.291828337809,-10.41694847047,
    14.679496363194));
#329 = CARTESIAN_POINT('',(-0.38793039122,-10.43384507056,
    14.667502635602));
#330 = CARTESIAN_POINT('',(-0.529601168523,-10.46730643703,
    14.643622537279));
#331 = CARTESIAN_POINT('',(-0.576160119331,-10.47972247612,
    14.634745910068));
#332 = CARTESIAN_POINT('',(-0.622342523274,-10.49346828971,
    14.624896742476));
#333 = CARTESIAN_POINT('',(-0.668094765953,-10.5085266913,
    14.614077903425));
#334 = CARTESIAN_POINT('',(-0.835492009328,-10.56898622626,
    14.570500561252));
#335 = CARTESIAN_POINT('',(-0.954160735377,-10.6225175882,14.53166360601
    ));
#336 = CARTESIAN_POINT('',(-1.06820375329,-10.68502934213,
    14.485882587575));
#337 = CARTESIAN_POINT('',(-1.176620459887,-10.75584223359,
    14.433345484598));
#338 = CARTESIAN_POINT('',(-1.377706722016,-10.91017733183,
    14.317021533643));
#339 = CARTESIAN_POINT('',(-1.470701431525,-10.99326606721,
    14.253607538094));
#340 = CARTESIAN_POINT('',(-1.556751545522,-11.08251703746,
    14.184453041083));
#341 = CARTESIAN_POINT('',(-1.635278565697,-11.17691638585,
    14.110013846685));
#342 = CARTESIAN_POINT('',(-1.777949650351,-11.37566081976,
    13.950300959465));
#343 = CARTESIAN_POINT('',(-1.841762811597,-11.4801135717,
    13.864886910161));
#344 = CARTESIAN_POINT('',(-1.897148404419,-11.58768000655,
    13.775208337605));
#345 = CARTESIAN_POINT('',(-1.944068200284,-11.69729863395,
    13.681911042128));
#346 = CARTESIAN_POINT('',(-2.027349773605,-11.93588898983,
    13.47454251389));
#347 = CARTESIAN_POINT('',(-2.060898401404,-12.06517727132,
    13.359528479939));
#348 = CARTESIAN_POINT('',(-2.083740577539,-12.19461420343,
    13.241521874217));
#349 = CARTESIAN_POINT('',(-2.096377761789,-12.32315873643,
    13.121377781044));
#350 = CARTESIAN_POINT('',(-2.099402298869,-12.4499002245,12.9999994));
#351 = PCURVE('',#33,#352);
#352 = DEFINITIONAL_REPRESENTATION('',(#353),#400);
#353 = B_SPLINE_CURVE_WITH_KNOTS('',5,(#354,#355,#356,#357,#358,#359,
    #360,#361,#362,#363,#364,#365,#366,#367,#368,#369,#370,#371,#372,
    #373,#374,#375,#376,#377,#378,#379,#380,#381,#382,#383,#384,#385,
    #386,#387,#388,#389,#390,#391,#392,#393,#394,#395,#396,#397,#398,
    #399),.UNSPECIFIED.,.F.,.F.,(6,4,4,4,4,4,4,4,4,4,4,6),(0.,
    0.110028856973,0.168925158586,0.297068963876,0.393282194112,
    0.499959449748,0.571640740889,0.607093712904,0.702741326706,
    0.795717320579,0.890441016826,1.),.UNSPECIFIED.);
#354 = CARTESIAN_POINT('',(0.76378654459,27.099402298868));
#355 = CARTESIAN_POINT('',(0.753993015498,27.09636405478));
#356 = CARTESIAN_POINT('',(0.744174219443,27.083625799796));
#357 = CARTESIAN_POINT('',(0.734400526897,27.060586643599));
#358 = CARTESIAN_POINT('',(0.724745672104,27.026738990828));
#359 = CARTESIAN_POINT('',(0.710225548896,26.957544599566));
#360 = CARTESIAN_POINT('',(0.705221438489,26.930213271519));
#361 = CARTESIAN_POINT('',(0.700291651034,26.899635658712));
#362 = CARTESIAN_POINT('',(0.69545182871,26.865798590941));
#363 = CARTESIAN_POINT('',(0.680416167731,26.74803195593));
#364 = CARTESIAN_POINT('',(0.670609031432,26.651947040649));
#365 = CARTESIAN_POINT('',(0.661484912902,26.540810330842));
#366 = CARTESIAN_POINT('',(0.653209697826,26.415895994454));
#367 = CARTESIAN_POINT('',(0.640429194056,26.17675591706));
#368 = CARTESIAN_POINT('',(0.635500950146,26.067671373971));
#369 = CARTESIAN_POINT('',(0.631173952126,25.952892785618));
#370 = CARTESIAN_POINT('',(0.627485334939,25.83343945195));
#371 = CARTESIAN_POINT('',(0.62110241631,25.574188827519));
#372 = CARTESIAN_POINT('',(0.618559169991,25.433562700681));
#373 = CARTESIAN_POINT('',(0.616855055728,25.290006727184));
#374 = CARTESIAN_POINT('',(0.616003394606,25.144980740323));
#375 = CARTESIAN_POINT('',(0.616003394606,24.902580858544));
#376 = CARTESIAN_POINT('',(0.616387918114,24.805155353025));
#377 = CARTESIAN_POINT('',(0.617157021114,24.708171662191));
#378 = CARTESIAN_POINT('',(0.618308165231,24.61206960878));
#379 = CARTESIAN_POINT('',(0.62059197982,24.470398831477));
#380 = CARTESIAN_POINT('',(0.621439911984,24.423839880669));
#381 = CARTESIAN_POINT('',(0.622379364332,24.377657476726));
#382 = CARTESIAN_POINT('',(0.623409469811,24.331905234047));
#383 = CARTESIAN_POINT('',(0.627549883445,24.164507990672));
#384 = CARTESIAN_POINT('',(0.631224065436,24.045839264623));
#385 = CARTESIAN_POINT('',(0.635528610458,23.93179624671));
#386 = CARTESIAN_POINT('',(0.640427012169,23.823379540113));
#387 = CARTESIAN_POINT('',(0.651163845063,23.622293277984));
#388 = CARTESIAN_POINT('',(0.656970578816,23.529298568475));
#389 = CARTESIAN_POINT('',(0.663242954816,23.443248454478));
#390 = CARTESIAN_POINT('',(0.669921461531,23.364721434303));
#391 = CARTESIAN_POINT('',(0.684086227891,23.222050349649));
#392 = CARTESIAN_POINT('',(0.69158203409,23.158237188403));
#393 = CARTESIAN_POINT('',(0.69936183845,23.102851595581));
#394 = CARTESIAN_POINT('',(0.707358441553,23.055931799716));
#395 = CARTESIAN_POINT('',(0.72492024287,22.972650226395));
#396 = CARTESIAN_POINT('',(0.734533072682,22.939101598596));
#397 = CARTESIAN_POINT('',(0.74426293725,22.916259422461));
#398 = CARTESIAN_POINT('',(0.754037198905,22.903622238211));
#399 = CARTESIAN_POINT('',(0.763786544591,22.900597701131));
#400 = ( GEOMETRIC_REPRESENTATION_CONTEXT(2) 
PARAMETRIC_REPRESENTATION_CONTEXT() REPRESENTATION_CONTEXT('2D SPACE',''
  ) );
#401 = PCURVE('',#402,#407);
#402 = CYLINDRICAL_SURFACE('',#403,2.1);
#403 = AXIS2_PLACEMENT_3D('',#404,#405,#406);
#404 = CARTESIAN_POINT('',(0.,-12.5,13.));
#405 = DIRECTION('',(0.,0.,1.));
#406 = DIRECTION('',(1.,0.,-0.));
#407 = DEFINITIONAL_REPRESENTATION('',(#408),#455);
#408 = B_SPLINE_CURVE_WITH_KNOTS('',5,(#409,#410,#411,#412,#413,#414,
    #415,#416,#417,#418,#419,#420,#421,#422,#423,#424,#425,#426,#427,
    #428,#429,#430,#431,#432,#433,#434,#435,#436,#437,#438,#439,#440,
    #441,#442,#443,#444,#445,#446,#447,#448,#449,#450,#451,#452,#453,
    #454),.UNSPECIFIED.,.F.,.F.,(6,4,4,4,4,4,4,4,4,4,4,6),(0.,
    0.110028856973,0.168925158586,0.297068963876,0.393282194112,
    0.499959449748,0.571640740889,0.607093712904,0.702741326706,
    0.795717320579,0.890441016826,1.),.UNSPECIFIED.);
#409 = CARTESIAN_POINT('',(2.385929961157E-02,-6.E-07));
#410 = CARTESIAN_POINT('',(8.45031659094E-02,0.121927860039));
#411 = CARTESIAN_POINT('',(0.146124023087,0.242612372951));
#412 = CARTESIAN_POINT('',(0.208754020206,0.361135937026));
#413 = CARTESIAN_POINT('',(0.272447697486,0.476630974317));
#414 = CARTESIAN_POINT('',(0.372011971469,0.648041434083));
#415 = CARTESIAN_POINT('',(0.40704411292,0.706679695763));
#416 = CARTESIAN_POINT('',(0.442381807827,0.764022399882));
#417 = CARTESIAN_POINT('',(0.47801459035,0.819912316408));
#418 = CARTESIAN_POINT('',(0.592088022773,0.992335628233));
#419 = CARTESIAN_POINT('',(0.671635699563,1.102960375344));
#420 = CARTESIAN_POINT('',(0.75226689828,1.204236338596));
#421 = CARTESIAN_POINT('',(0.833734232319,1.294852502382));
#422 = CARTESIAN_POINT('',(0.977332274356,1.433324869605));
#423 = CARTESIAN_POINT('',(1.039193553609,1.486180894447));
#424 = CARTESIAN_POINT('',(1.101252958292,1.532197248485));
#425 = CARTESIAN_POINT('',(1.163439683018,1.571183013467));
#426 = CARTESIAN_POINT('',(1.294629070324,1.638355856807));
#427 = CARTESIAN_POINT('',(1.363652211583,1.664914788906));
#428 = CARTESIAN_POINT('',(1.432697910969,1.682636654579));
#429 = CARTESIAN_POINT('',(1.501757879022,1.691494137766));
#430 = CARTESIAN_POINT('',(1.617186394155,1.691494137766));
#431 = CARTESIAN_POINT('',(1.663579173666,1.687495196707));
#432 = CARTESIAN_POINT('',(1.709970514074,1.679496363194));
#433 = CARTESIAN_POINT('',(1.75635714617,1.667502635602));
#434 = CARTESIAN_POINT('',(1.825675616888,1.643622537279));
#435 = CARTESIAN_POINT('',(1.848611904696,1.634745910068));
#436 = CARTESIAN_POINT('',(1.871544431707,1.624896742476));
#437 = CARTESIAN_POINT('',(1.894471502347,1.614077903425));
#438 = CARTESIAN_POINT('',(1.979224300757,1.570500561252));
#439 = CARTESIAN_POINT('',(2.041032106551,1.53166360601));
#440 = CARTESIAN_POINT('',(2.102713755399,1.485882587575));
#441 = CARTESIAN_POINT('',(2.164199461525,1.433345484598));
#442 = CARTESIAN_POINT('',(2.284906944536,1.317021533643));
#443 = CARTESIAN_POINT('',(2.344125905449,1.253607538094));
#444 = CARTESIAN_POINT('',(2.402947274551,1.184453041083));
#445 = CARTESIAN_POINT('',(2.461271069722,1.110013846685));
#446 = CARTESIAN_POINT('',(2.577771815105,0.950300959465));
#447 = CARTESIAN_POINT('',(2.635898599189,0.864886910161));
#448 = CARTESIAN_POINT('',(2.69331293845,0.775208337605));
#449 = CARTESIAN_POINT('',(2.749959416331,0.681911042128));
#450 = CARTESIAN_POINT('',(2.870296413256,0.47454251389));
#451 = CARTESIAN_POINT('',(2.933687899051,0.359528479938));
#452 = CARTESIAN_POINT('',(2.996025376544,0.241521874217));
#453 = CARTESIAN_POINT('',(3.057363081868,0.121377781044));
#454 = CARTESIAN_POINT('',(3.117733353986,-6.E-07));
#455 = ( GEOMETRIC_REPRESENTATION_CONTEXT(2) 
PARAMETRIC_REPRESENTATION_CONTEXT() REPRESENTATION_CONTEXT('2D SPACE',''
  ) );
#456 = ORIENTED_EDGE('',*,*,#457,.F.);
#457 = EDGE_CURVE('',#301,#299,#458,.T.);
#458 = SURFACE_CURVE('',#459,(#463,#469),.PCURVE_S1.);
#459 = LINE('',#460,#461);
#460 = CARTESIAN_POINT('',(-25.,-12.44989959798,13.));
#461 = VECTOR('',#462,1.);
#462 = DIRECTION('',(1.,0.,0.));
#463 = PCURVE('',#33,#464);
#464 = DEFINITIONAL_REPRESENTATION('',(#465),#468);
#465 = B_SPLINE_CURVE_WITH_KNOTS('',1,(#466,#467),.UNSPECIFIED.,.F.,.F.,
  (2,2),(22.48,27.52),.PIECEWISE_BEZIER_KNOTS.);
#466 = CARTESIAN_POINT('',(0.763786496398,22.48));
#467 = CARTESIAN_POINT('',(0.763786496398,27.52));
#468 = ( GEOMETRIC_REPRESENTATION_CONTEXT(2) 
PARAMETRIC_REPRESENTATION_CONTEXT() REPRESENTATION_CONTEXT('2D SPACE',''
  ) );
#469 = PCURVE('',#470,#475);
#470 = PLANE('',#471);
#471 = AXIS2_PLACEMENT_3D('',#472,#473,#474);
#472 = CARTESIAN_POINT('',(0.,-12.5,13.));
#473 = DIRECTION('',(0.,0.,1.));
#474 = DIRECTION('',(1.,0.,-0.));
#475 = DEFINITIONAL_REPRESENTATION('',(#476),#479);
#476 = B_SPLINE_CURVE_WITH_KNOTS('',1,(#477,#478),.UNSPECIFIED.,.F.,.F.,
  (2,2),(22.48,27.52),.PIECEWISE_BEZIER_KNOTS.);
#477 = CARTESIAN_POINT('',(-2.52,5.010040201127E-02));
#478 = CARTESIAN_POINT('',(2.52,5.010040201127E-02));
#479 = ( GEOMETRIC_REPRESENTATION_CONTEXT(2) 
PARAMETRIC_REPRESENTATION_CONTEXT() REPRESENTATION_CONTEXT('2D SPACE',''
  ) );
#480 = FACE_BOUND('',#481,.T.);
#481 = EDGE_LOOP('',(#482,#641));
#482 = ORIENTED_EDGE('',*,*,#483,.F.);
#483 = EDGE_CURVE('',#484,#486,#488,.T.);
#484 = VERTEX_POINT('',#485);
#485 = CARTESIAN_POINT('',(-2.099402283918,12.449899597989,13.));
#486 = VERTEX_POINT('',#487);
#487 = CARTESIAN_POINT('',(2.099402283918,12.449899597989,13.));
#488 = SURFACE_CURVE('',#489,(#536,#586),.PCURVE_S1.);
#489 = B_SPLINE_CURVE_WITH_KNOTS('',5,(#490,#491,#492,#493,#494,#495,
    #496,#497,#498,#499,#500,#501,#502,#503,#504,#505,#506,#507,#508,
    #509,#510,#511,#512,#513,#514,#515,#516,#517,#518,#519,#520,#521,
    #522,#523,#524,#525,#526,#527,#528,#529,#530,#531,#532,#533,#534,
    #535),.UNSPECIFIED.,.F.,.F.,(6,4,4,4,4,4,4,4,4,4,4,6),(0.,
    0.110028856973,0.168925158587,0.297068963877,0.393282194113,
    0.499959449749,0.57164074089,0.607093712906,0.702741326708,
    0.795717320581,0.890441016818,1.),.UNSPECIFIED.);
#490 = CARTESIAN_POINT('',(-2.099402298868,12.449900224483,
    12.999999400008));
#491 = CARTESIAN_POINT('',(-2.09636405478,12.322584352165,
    13.121927860047));
#492 = CARTESIAN_POINT('',(-2.083625799796,12.193447436188,
    13.24261237293));
#493 = CARTESIAN_POINT('',(-2.060586643599,12.06341391728,
    13.361135937038));
#494 = CARTESIAN_POINT('',(-2.026738990828,11.93354089812,
    13.476630974317));
#495 = CARTESIAN_POINT('',(-1.957544599566,11.73623741832,
    13.648041434083));
#496 = CARTESIAN_POINT('',(-1.930213271519,11.667861864373,
    13.706679695763));
#497 = CARTESIAN_POINT('',(-1.899635658713,11.600139524446,
    13.764022399882));
#498 = CARTESIAN_POINT('',(-1.865798590941,11.53331202396,
    13.819912316408));
#499 = CARTESIAN_POINT('',(-1.748031955931,11.324704166268,
    13.992335628232));
#500 = CARTESIAN_POINT('',(-1.651947040648,11.187116900209,
    14.102960375345));
#501 = CARTESIAN_POINT('',(-1.540810330843,11.05780787178,
    14.204236338595));
#502 = CARTESIAN_POINT('',(-1.415895994454,10.939582101083,
    14.294852502383));
#503 = CARTESIAN_POINT('',(-1.17675591706,10.755875875989,
    14.433324869605));
#504 = CARTESIAN_POINT('',(-1.067671373971,10.684630679106,
    14.486180894447));
#505 = CARTESIAN_POINT('',(-0.952892785618,10.621790309408,
    14.532197248485));
#506 = CARTESIAN_POINT('',(-0.83343945195,10.568045895001,
    14.571183013467));
#507 = CARTESIAN_POINT('',(-0.574188827519,10.474835896669,
    14.638355856807));
#508 = CARTESIAN_POINT('',(-0.433562700681,10.437548509672,
    14.664914788906));
#509 = CARTESIAN_POINT('',(-0.290006727184,10.412512071857,
    14.682636654579));
#510 = CARTESIAN_POINT('',(-0.144980740323,10.4,14.691494137766));
#511 = CARTESIAN_POINT('',(9.741914145559E-02,10.4,14.691494137766));
#512 = CARTESIAN_POINT('',(0.194844646975,10.405649272177,
    14.687495196707));
#513 = CARTESIAN_POINT('',(0.291828337809,10.416948470471,
    14.679496363194));
#514 = CARTESIAN_POINT('',(0.38793039122,10.433845070568,14.667502635602
    ));
#515 = CARTESIAN_POINT('',(0.529601168523,10.467306437036,
    14.643622537279));
#516 = CARTESIAN_POINT('',(0.576160119331,10.479722476123,
    14.634745910068));
#517 = CARTESIAN_POINT('',(0.622342523274,10.493468289712,
    14.624896742476));
#518 = CARTESIAN_POINT('',(0.668094765953,10.508526691308,
    14.614077903425));
#519 = CARTESIAN_POINT('',(0.835492009328,10.568986226265,
    14.570500561252));
#520 = CARTESIAN_POINT('',(0.954160735377,10.622517588208,14.53166360601
    ));
#521 = CARTESIAN_POINT('',(1.06820375329,10.685029342136,14.485882587575
    ));
#522 = CARTESIAN_POINT('',(1.176620459887,10.755842233591,
    14.433345484598));
#523 = CARTESIAN_POINT('',(1.377706722016,10.910177331834,
    14.317021533643));
#524 = CARTESIAN_POINT('',(1.470701431525,10.993266067212,
    14.253607538094));
#525 = CARTESIAN_POINT('',(1.556751545522,11.082517037462,
    14.184453041083));
#526 = CARTESIAN_POINT('',(1.635278565697,11.176916385859,
    14.110013846684));
#527 = CARTESIAN_POINT('',(1.777949650344,11.375660819758,
    13.950300959474));
#528 = CARTESIAN_POINT('',(1.841762811604,11.480113571714,
    13.864886910155));
#529 = CARTESIAN_POINT('',(1.897148404421,11.587680006568,
    13.775208337596));
#530 = CARTESIAN_POINT('',(1.944068200281,11.697298633945,
    13.681911042136));
#531 = CARTESIAN_POINT('',(2.027349773616,11.935888989872,
    13.474542513862));
#532 = CARTESIAN_POINT('',(2.060898401389,12.065177271302,13.35952847996
    ));
#533 = CARTESIAN_POINT('',(2.083740577543,12.19461420341,13.241521874244
    ));
#534 = CARTESIAN_POINT('',(2.096377761789,12.323158736464,
    13.121377781014));
#535 = CARTESIAN_POINT('',(2.099402298869,12.4499002245,12.9999994));
#536 = PCURVE('',#33,#537);
#537 = DEFINITIONAL_REPRESENTATION('',(#538),#585);
#538 = B_SPLINE_CURVE_WITH_KNOTS('',5,(#539,#540,#541,#542,#543,#544,
    #545,#546,#547,#548,#549,#550,#551,#552,#553,#554,#555,#556,#557,
    #558,#559,#560,#561,#562,#563,#564,#565,#566,#567,#568,#569,#570,
    #571,#572,#573,#574,#575,#576,#577,#578,#579,#580,#581,#582,#583,
    #584),.UNSPECIFIED.,.F.,.F.,(6,4,4,4,4,4,4,4,4,4,4,6),(0.,
    0.110028856973,0.168925158587,0.297068963877,0.393282194113,
    0.499959449749,0.57164074089,0.607093712906,0.702741326708,
    0.795717320581,0.890441016818,1.),.UNSPECIFIED.);
#539 = CARTESIAN_POINT('',(5.51939876259,22.900597701132));
#540 = CARTESIAN_POINT('',(5.529192291682,22.90363594522));
#541 = CARTESIAN_POINT('',(5.539011087737,22.916374200204));
#542 = CARTESIAN_POINT('',(5.548784780283,22.939413356401));
#543 = CARTESIAN_POINT('',(5.558439635076,22.973261009172));
#544 = CARTESIAN_POINT('',(5.572959758283,23.042455400434));
#545 = CARTESIAN_POINT('',(5.57796386869,23.069786728481));
#546 = CARTESIAN_POINT('',(5.582893656146,23.100364341287));
#547 = CARTESIAN_POINT('',(5.587733478469,23.134201409059));
#548 = CARTESIAN_POINT('',(5.602769139448,23.251968044069));
#549 = CARTESIAN_POINT('',(5.612576275748,23.348052959352));
#550 = CARTESIAN_POINT('',(5.621700394278,23.459189669157));
#551 = CARTESIAN_POINT('',(5.629975609353,23.584104005546));
#552 = CARTESIAN_POINT('',(5.642756113123,23.82324408294));
#553 = CARTESIAN_POINT('',(5.647684357033,23.932328626029));
#554 = CARTESIAN_POINT('',(5.652011355054,24.047107214382));
#555 = CARTESIAN_POINT('',(5.655699972241,24.16656054805));
#556 = CARTESIAN_POINT('',(5.662082890869,24.425811172481));
#557 = CARTESIAN_POINT('',(5.664626137188,24.566437299319));
#558 = CARTESIAN_POINT('',(5.666330251451,24.709993272816));
#559 = CARTESIAN_POINT('',(5.667181912574,24.855019259677));
#560 = CARTESIAN_POINT('',(5.667181912574,25.097419141456));
#561 = CARTESIAN_POINT('',(5.666797389066,25.194844646975));
#562 = CARTESIAN_POINT('',(5.666028286066,25.291828337809));
#563 = CARTESIAN_POINT('',(5.664877141949,25.38793039122));
#564 = CARTESIAN_POINT('',(5.662593327359,25.529601168523));
#565 = CARTESIAN_POINT('',(5.661745395196,25.576160119331));
#566 = CARTESIAN_POINT('',(5.660805942847,25.622342523274));
#567 = CARTESIAN_POINT('',(5.659775837368,25.668094765953));
#568 = CARTESIAN_POINT('',(5.655635423735,25.835492009328));
#569 = CARTESIAN_POINT('',(5.651961241744,25.954160735377));
#570 = CARTESIAN_POINT('',(5.647656696722,26.06820375329));
#571 = CARTESIAN_POINT('',(5.642758295011,26.176620459887));
#572 = CARTESIAN_POINT('',(5.632021462116,26.377706722016));
#573 = CARTESIAN_POINT('',(5.626214728364,26.470701431525));
#574 = CARTESIAN_POINT('',(5.619942352363,26.556751545522));
#575 = CARTESIAN_POINT('',(5.613263845648,26.635278565697));
#576 = CARTESIAN_POINT('',(5.599099079289,26.777949650344));
#577 = CARTESIAN_POINT('',(5.591603273089,26.841762811604));
#578 = CARTESIAN_POINT('',(5.583823468729,26.897148404421));
#579 = CARTESIAN_POINT('',(5.575826865628,26.944068200281));
#580 = CARTESIAN_POINT('',(5.558265064307,27.027349773616));
#581 = CARTESIAN_POINT('',(5.548652234499,27.060898401389));
#582 = CARTESIAN_POINT('',(5.538922369931,27.083740577543));
#583 = CARTESIAN_POINT('',(5.529148108272,27.096377761789));
#584 = CARTESIAN_POINT('',(5.519398762589,27.099402298869));
#585 = ( GEOMETRIC_REPRESENTATION_CONTEXT(2) 
PARAMETRIC_REPRESENTATION_CONTEXT() REPRESENTATION_CONTEXT('2D SPACE',''
  ) );
#586 = PCURVE('',#587,#592);
#587 = CYLINDRICAL_SURFACE('',#588,2.1);
#588 = AXIS2_PLACEMENT_3D('',#589,#590,#591);
#589 = CARTESIAN_POINT('',(0.,12.5,13.));
#590 = DIRECTION('',(0.,0.,1.));
#591 = DIRECTION('',(1.,0.,-0.));
#592 = DEFINITIONAL_REPRESENTATION('',(#593),#640);
#593 = B_SPLINE_CURVE_WITH_KNOTS('',5,(#594,#595,#596,#597,#598,#599,
    #600,#601,#602,#603,#604,#605,#606,#607,#608,#609,#610,#611,#612,
    #613,#614,#615,#616,#617,#618,#619,#620,#621,#622,#623,#624,#625,
    #626,#627,#628,#629,#630,#631,#632,#633,#634,#635,#636,#637,#638,
    #639),.UNSPECIFIED.,.F.,.F.,(6,4,4,4,4,4,4,4,4,4,4,6),(0.,
    0.110028856973,0.168925158587,0.297068963877,0.393282194113,
    0.499959449749,0.57164074089,0.607093712906,0.702741326708,
    0.795717320581,0.890441016818,1.),.UNSPECIFIED.);
#594 = CARTESIAN_POINT('',(3.165451953201,-6.E-07));
#595 = CARTESIAN_POINT('',(3.226095819499,0.121927860039));
#596 = CARTESIAN_POINT('',(3.287716676677,0.242612372951));
#597 = CARTESIAN_POINT('',(3.350346673795,0.361135937026));
#598 = CARTESIAN_POINT('',(3.414040351076,0.476630974317));
#599 = CARTESIAN_POINT('',(3.513604625059,0.648041434083));
#600 = CARTESIAN_POINT('',(3.548636766509,0.706679695763));
#601 = CARTESIAN_POINT('',(3.583974461417,0.764022399882));
#602 = CARTESIAN_POINT('',(3.61960724394,0.819912316408));
#603 = CARTESIAN_POINT('',(3.733680676363,0.992335628232));
#604 = CARTESIAN_POINT('',(3.813228353153,1.102960375345));
#605 = CARTESIAN_POINT('',(3.893859551869,1.204236338595));
#606 = CARTESIAN_POINT('',(3.975326885909,1.294852502383));
#607 = CARTESIAN_POINT('',(4.118924927946,1.433324869605));
#608 = CARTESIAN_POINT('',(4.180786207199,1.486180894447));
#609 = CARTESIAN_POINT('',(4.242845611882,1.532197248485));
#610 = CARTESIAN_POINT('',(4.305032336608,1.571183013467));
#611 = CARTESIAN_POINT('',(4.436221723914,1.638355856807));
#612 = CARTESIAN_POINT('',(4.505244865173,1.664914788906));
#613 = CARTESIAN_POINT('',(4.574290564558,1.682636654579));
#614 = CARTESIAN_POINT('',(4.643350532612,1.691494137766));
#615 = CARTESIAN_POINT('',(4.758779047744,1.691494137766));
#616 = CARTESIAN_POINT('',(4.805171827256,1.687495196707));
#617 = CARTESIAN_POINT('',(4.851563167664,1.679496363194));
#618 = CARTESIAN_POINT('',(4.89794979976,1.667502635602));
#619 = CARTESIAN_POINT('',(4.967268270478,1.643622537279));
#620 = CARTESIAN_POINT('',(4.990204558286,1.634745910068));
#621 = CARTESIAN_POINT('',(5.013137085296,1.624896742476));
#622 = CARTESIAN_POINT('',(5.036064155937,1.614077903425));
#623 = CARTESIAN_POINT('',(5.120816954347,1.570500561252));
#624 = CARTESIAN_POINT('',(5.18262476014,1.53166360601));
#625 = CARTESIAN_POINT('',(5.244306408989,1.485882587575));
#626 = CARTESIAN_POINT('',(5.305792115115,1.433345484598));
#627 = CARTESIAN_POINT('',(5.426499598126,1.317021533643));
#628 = CARTESIAN_POINT('',(5.485718559039,1.253607538094));
#629 = CARTESIAN_POINT('',(5.544539928141,1.184453041083));
#630 = CARTESIAN_POINT('',(5.602863723312,1.110013846684));
#631 = CARTESIAN_POINT('',(5.719364468689,0.950300959474));
#632 = CARTESIAN_POINT('',(5.777491252784,0.864886910155));
#633 = CARTESIAN_POINT('',(5.834905592044,0.775208337596));
#634 = CARTESIAN_POINT('',(5.891552069916,0.681911042136));
#635 = CARTESIAN_POINT('',(6.011889066862,0.474542513862));
#636 = CARTESIAN_POINT('',(6.075280552627,0.35952847996));
#637 = CARTESIAN_POINT('',(6.137618030121,0.241521874245));
#638 = CARTESIAN_POINT('',(6.198955735473,0.121377781014));
#639 = CARTESIAN_POINT('',(6.259326007576,-6.E-07));
#640 = ( GEOMETRIC_REPRESENTATION_CONTEXT(2) 
PARAMETRIC_REPRESENTATION_CONTEXT() REPRESENTATION_CONTEXT('2D SPACE',''
  ) );
#641 = ORIENTED_EDGE('',*,*,#642,.T.);
#642 = EDGE_CURVE('',#484,#486,#643,.T.);
#643 = SURFACE_CURVE('',#644,(#648,#654),.PCURVE_S1.);
#644 = LINE('',#645,#646);
#645 = CARTESIAN_POINT('',(-25.,12.449899597989,13.));
#646 = VECTOR('',#647,1.);
#647 = DIRECTION('',(1.,0.,0.));
#648 = PCURVE('',#33,#649);
#649 = DEFINITIONAL_REPRESENTATION('',(#650),#653);
#650 = B_SPLINE_CURVE_WITH_KNOTS('',1,(#651,#652),.UNSPECIFIED.,.F.,.F.,
  (2,2),(22.48,27.52),.PIECEWISE_BEZIER_KNOTS.);
#651 = CARTESIAN_POINT('',(5.519398810782,22.48));
#652 = CARTESIAN_POINT('',(5.519398810782,27.52));
#653 = ( GEOMETRIC_REPRESENTATION_CONTEXT(2) 
PARAMETRIC_REPRESENTATION_CONTEXT() REPRESENTATION_CONTEXT('2D SPACE',''
  ) );
#654 = PCURVE('',#655,#660);
#655 = PLANE('',#656);
#656 = AXIS2_PLACEMENT_3D('',#657,#658,#659);
#657 = CARTESIAN_POINT('',(0.,12.5,13.));
#658 = DIRECTION('',(0.,0.,1.));
#659 = DIRECTION('',(1.,0.,-0.));
#660 = DEFINITIONAL_REPRESENTATION('',(#661),#664);
#661 = B_SPLINE_CURVE_WITH_KNOTS('',1,(#662,#663),.UNSPECIFIED.,.F.,.F.,
  (2,2),(22.48,27.52),.PIECEWISE_BEZIER_KNOTS.);
#662 = CARTESIAN_POINT('',(-2.52,-5.010040201127E-02));
#663 = CARTESIAN_POINT('',(2.52,-5.010040201127E-02));
#664 = ( GEOMETRIC_REPRESENTATION_CONTEXT(2) 
PARAMETRIC_REPRESENTATION_CONTEXT() REPRESENTATION_CONTEXT('2D SPACE',''
  ) );
#665 = ADVANCED_FACE('',(#666),#45,.T.);
#666 = FACE_BOUND('',#667,.T.);
#667 = EDGE_LOOP('',(#668,#696,#697,#720));
#668 = ORIENTED_EDGE('',*,*,#669,.F.);
#669 = EDGE_CURVE('',#24,#670,#672,.T.);
#670 = VERTEX_POINT('',#671);
#671 = CARTESIAN_POINT('',(20.,20.,18.));
#672 = SURFACE_CURVE('',#673,(#677,#684),.PCURVE_S1.);
#673 = LINE('',#674,#675);
#674 = CARTESIAN_POINT('',(20.,-20.,18.));
#675 = VECTOR('',#676,1.);
#676 = DIRECTION('',(-0.,1.,0.));
#677 = PCURVE('',#45,#678);
#678 = DEFINITIONAL_REPRESENTATION('',(#679),#683);
#679 = LINE('',#680,#681);
#680 = CARTESIAN_POINT('',(3.,0.));
#681 = VECTOR('',#682,1.);
#682 = DIRECTION('',(0.,-1.));
#683 = ( GEOMETRIC_REPRESENTATION_CONTEXT(2) 
PARAMETRIC_REPRESENTATION_CONTEXT() REPRESENTATION_CONTEXT('2D SPACE',''
  ) );
#684 = PCURVE('',#685,#690);
#685 = PLANE('',#686);
#686 = AXIS2_PLACEMENT_3D('',#687,#688,#689);
#687 = CARTESIAN_POINT('',(-20.,-20.,18.));
#688 = DIRECTION('',(0.,0.,1.));
#689 = DIRECTION('',(1.,0.,-0.));
#690 = DEFINITIONAL_REPRESENTATION('',(#691),#695);
#691 = LINE('',#692,#693);
#692 = CARTESIAN_POINT('',(40.,0.));
#693 = VECTOR('',#694,1.);
#694 = DIRECTION('',(0.,1.));
#695 = ( GEOMETRIC_REPRESENTATION_CONTEXT(2) 
PARAMETRIC_REPRESENTATION_CONTEXT() REPRESENTATION_CONTEXT('2D SPACE',''
  ) );
#696 = ORIENTED_EDGE('',*,*,#21,.F.);
#697 = ORIENTED_EDGE('',*,*,#698,.T.);
#698 = EDGE_CURVE('',#22,#699,#701,.T.);
#699 = VERTEX_POINT('',#700);
#700 = CARTESIAN_POINT('',(20.,20.,15.));
#701 = SURFACE_CURVE('',#702,(#706,#713),.PCURVE_S1.);
#702 = LINE('',#703,#704);
#703 = CARTESIAN_POINT('',(20.,-20.,15.));
#704 = VECTOR('',#705,1.);
#705 = DIRECTION('',(-0.,1.,0.));
#706 = PCURVE('',#45,#707);
#707 = DEFINITIONAL_REPRESENTATION('',(#708),#712);
#708 = LINE('',#709,#710);
#709 = CARTESIAN_POINT('',(0.,0.));
#710 = VECTOR('',#711,1.);
#711 = DIRECTION('',(0.,-1.));
#712 = ( GEOMETRIC_REPRESENTATION_CONTEXT(2) 
PARAMETRIC_REPRESENTATION_CONTEXT() REPRESENTATION_CONTEXT('2D SPACE',''
  ) );
#713 = PCURVE('',#285,#714);
#714 = DEFINITIONAL_REPRESENTATION('',(#715),#719);
#715 = LINE('',#716,#717);
#716 = CARTESIAN_POINT('',(40.,0.));
#717 = VECTOR('',#718,1.);
#718 = DIRECTION('',(0.,1.));
#719 = ( GEOMETRIC_REPRESENTATION_CONTEXT(2) 
PARAMETRIC_REPRESENTATION_CONTEXT() REPRESENTATION_CONTEXT('2D SPACE',''
  ) );
#720 = ORIENTED_EDGE('',*,*,#721,.T.);
#721 = EDGE_CURVE('',#699,#670,#722,.T.);
#722 = SURFACE_CURVE('',#723,(#727,#734),.PCURVE_S1.);
#723 = LINE('',#724,#725);
#724 = CARTESIAN_POINT('',(20.,20.,15.));
#725 = VECTOR('',#726,1.);
#726 = DIRECTION('',(0.,0.,1.));
#727 = PCURVE('',#45,#728);
#728 = DEFINITIONAL_REPRESENTATION('',(#729),#733);
#729 = LINE('',#730,#731);
#730 = CARTESIAN_POINT('',(0.,-40.));
#731 = VECTOR('',#732,1.);
#732 = DIRECTION('',(1.,0.));
#733 = ( GEOMETRIC_REPRESENTATION_CONTEXT(2) 
PARAMETRIC_REPRESENTATION_CONTEXT() REPRESENTATION_CONTEXT('2D SPACE',''
  ) );
#734 = PCURVE('',#735,#740);
#735 = PLANE('',#736);
#736 = AXIS2_PLACEMENT_3D('',#737,#738,#739);
#737 = CARTESIAN_POINT('',(-20.,20.,15.));
#738 = DIRECTION('',(-0.,1.,0.));
#739 = DIRECTION('',(0.,0.,1.));
#740 = DEFINITIONAL_REPRESENTATION('',(#741),#745);
#741 = LINE('',#742,#743);
#742 = CARTESIAN_POINT('',(0.,40.));
#743 = VECTOR('',#744,1.);
#744 = DIRECTION('',(1.,0.));
#745 = ( GEOMETRIC_REPRESENTATION_CONTEXT(2) 
PARAMETRIC_REPRESENTATION_CONTEXT() REPRESENTATION_CONTEXT('2D SPACE',''
  ) );
#746 = ADVANCED_FACE('',(#747,#795),#285,.F.);
#747 = FACE_BOUND('',#748,.F.);
#748 = EDGE_LOOP('',(#749,#772,#773,#774));
#749 = ORIENTED_EDGE('',*,*,#750,.F.);
#750 = EDGE_CURVE('',#244,#751,#753,.T.);
#751 = VERTEX_POINT('',#752);
#752 = CARTESIAN_POINT('',(-20.,20.,15.));
#753 = SURFACE_CURVE('',#754,(#758,#765),.PCURVE_S1.);
#754 = LINE('',#755,#756);
#755 = CARTESIAN_POINT('',(-20.,-20.,15.));
#756 = VECTOR('',#757,1.);
#757 = DIRECTION('',(-0.,1.,0.));
#758 = PCURVE('',#285,#759);
#759 = DEFINITIONAL_REPRESENTATION('',(#760),#764);
#760 = LINE('',#761,#762);
#761 = CARTESIAN_POINT('',(0.,0.));
#762 = VECTOR('',#763,1.);
#763 = DIRECTION('',(0.,1.));
#764 = ( GEOMETRIC_REPRESENTATION_CONTEXT(2) 
PARAMETRIC_REPRESENTATION_CONTEXT() REPRESENTATION_CONTEXT('2D SPACE',''
  ) );
#765 = PCURVE('',#260,#766);
#766 = DEFINITIONAL_REPRESENTATION('',(#767),#771);
#767 = LINE('',#768,#769);
#768 = CARTESIAN_POINT('',(0.,0.));
#769 = VECTOR('',#770,1.);
#770 = DIRECTION('',(0.,-1.));
#771 = ( GEOMETRIC_REPRESENTATION_CONTEXT(2) 
PARAMETRIC_REPRESENTATION_CONTEXT() REPRESENTATION_CONTEXT('2D SPACE',''
  ) );
#772 = ORIENTED_EDGE('',*,*,#272,.T.);
#773 = ORIENTED_EDGE('',*,*,#698,.T.);
#774 = ORIENTED_EDGE('',*,*,#775,.F.);
#775 = EDGE_CURVE('',#751,#699,#776,.T.);
#776 = SURFACE_CURVE('',#777,(#781,#788),.PCURVE_S1.);
#777 = LINE('',#778,#779);
#778 = CARTESIAN_POINT('',(-20.,20.,15.));
#779 = VECTOR('',#780,1.);
#780 = DIRECTION('',(1.,0.,-0.));
#781 = PCURVE('',#285,#782);
#782 = DEFINITIONAL_REPRESENTATION('',(#783),#787);
#783 = LINE('',#784,#785);
#784 = CARTESIAN_POINT('',(0.,40.));
#785 = VECTOR('',#786,1.);
#786 = DIRECTION('',(1.,0.));
#787 = ( GEOMETRIC_REPRESENTATION_CONTEXT(2) 
PARAMETRIC_REPRESENTATION_CONTEXT() REPRESENTATION_CONTEXT('2D SPACE',''
  ) );
#788 = PCURVE('',#735,#789);
#789 = DEFINITIONAL_REPRESENTATION('',(#790),#794);
#790 = LINE('',#791,#792);
#791 = CARTESIAN_POINT('',(0.,0.));
#792 = VECTOR('',#793,1.);
#793 = DIRECTION('',(0.,1.));
#794 = ( GEOMETRIC_REPRESENTATION_CONTEXT(2) 
PARAMETRIC_REPRESENTATION_CONTEXT() REPRESENTATION_CONTEXT('2D SPACE',''
  ) );
#795 = FACE_BOUND('',#796,.F.);
#796 = EDGE_LOOP('',(#797));
#797 = ORIENTED_EDGE('',*,*,#798,.F.);
#798 = EDGE_CURVE('',#799,#799,#801,.T.);
#799 = VERTEX_POINT('',#800);
#800 = CARTESIAN_POINT('',(2.1,12.5,15.));
#801 = SURFACE_CURVE('',#802,(#807,#814),.PCURVE_S1.);
#802 = CIRCLE('',#803,2.1);
#803 = AXIS2_PLACEMENT_3D('',#804,#805,#806);
#804 = CARTESIAN_POINT('',(0.,12.5,15.));
#805 = DIRECTION('',(0.,0.,1.));
#806 = DIRECTION('',(1.,0.,-0.));
#807 = PCURVE('',#285,#808);
#808 = DEFINITIONAL_REPRESENTATION('',(#809),#813);
#809 = CIRCLE('',#810,2.1);
#810 = AXIS2_PLACEMENT_2D('',#811,#812);
#811 = CARTESIAN_POINT('',(20.,32.5));
#812 = DIRECTION('',(1.,0.));
#813 = ( GEOMETRIC_REPRESENTATION_CONTEXT(2) 
PARAMETRIC_REPRESENTATION_CONTEXT() REPRESENTATION_CONTEXT('2D SPACE',''
  ) );
#814 = PCURVE('',#815,#820);
#815 = CYLINDRICAL_SURFACE('',#816,2.1);
#816 = AXIS2_PLACEMENT_3D('',#817,#818,#819);
#817 = CARTESIAN_POINT('',(0.,12.5,13.));
#818 = DIRECTION('',(0.,0.,1.));
#819 = DIRECTION('',(1.,0.,-0.));
#820 = DEFINITIONAL_REPRESENTATION('',(#821),#825);
#821 = LINE('',#822,#823);
#822 = CARTESIAN_POINT('',(0.,2.));
#823 = VECTOR('',#824,1.);
#824 = DIRECTION('',(1.,0.));
#825 = ( GEOMETRIC_REPRESENTATION_CONTEXT(2) 
PARAMETRIC_REPRESENTATION_CONTEXT() REPRESENTATION_CONTEXT('2D SPACE',''
  ) );
#826 = ADVANCED_FACE('',(#827),#260,.F.);
#827 = FACE_BOUND('',#828,.F.);
#828 = EDGE_LOOP('',(#829,#852,#853,#854));
#829 = ORIENTED_EDGE('',*,*,#830,.F.);
#830 = EDGE_CURVE('',#164,#831,#833,.T.);
#831 = VERTEX_POINT('',#832);
#832 = CARTESIAN_POINT('',(-20.,20.,18.));
#833 = SURFACE_CURVE('',#834,(#838,#845),.PCURVE_S1.);
#834 = LINE('',#835,#836);
#835 = CARTESIAN_POINT('',(-20.,-20.,18.));
#836 = VECTOR('',#837,1.);
#837 = DIRECTION('',(-0.,1.,0.));
#838 = PCURVE('',#260,#839);
#839 = DEFINITIONAL_REPRESENTATION('',(#840),#844);
#840 = LINE('',#841,#842);
#841 = CARTESIAN_POINT('',(3.,0.));
#842 = VECTOR('',#843,1.);
#843 = DIRECTION('',(0.,-1.));
#844 = ( GEOMETRIC_REPRESENTATION_CONTEXT(2) 
PARAMETRIC_REPRESENTATION_CONTEXT() REPRESENTATION_CONTEXT('2D SPACE',''
  ) );
#845 = PCURVE('',#685,#846);
#846 = DEFINITIONAL_REPRESENTATION('',(#847),#851);
#847 = LINE('',#848,#849);
#848 = CARTESIAN_POINT('',(0.,0.));
#849 = VECTOR('',#850,1.);
#850 = DIRECTION('',(0.,1.));
#851 = ( GEOMETRIC_REPRESENTATION_CONTEXT(2) 
PARAMETRIC_REPRESENTATION_CONTEXT() REPRESENTATION_CONTEXT('2D SPACE',''
  ) );
#852 = ORIENTED_EDGE('',*,*,#243,.F.);
#853 = ORIENTED_EDGE('',*,*,#750,.T.);
#854 = ORIENTED_EDGE('',*,*,#855,.T.);
#855 = EDGE_CURVE('',#751,#831,#856,.T.);
#856 = SURFACE_CURVE('',#857,(#861,#868),.PCURVE_S1.);
#857 = LINE('',#858,#859);
#858 = CARTESIAN_POINT('',(-20.,20.,15.));
#859 = VECTOR('',#860,1.);
#860 = DIRECTION('',(0.,0.,1.));
#861 = PCURVE('',#260,#862);
#862 = DEFINITIONAL_REPRESENTATION('',(#863),#867);
#863 = LINE('',#864,#865);
#864 = CARTESIAN_POINT('',(0.,-40.));
#865 = VECTOR('',#866,1.);
#866 = DIRECTION('',(1.,0.));
#867 = ( GEOMETRIC_REPRESENTATION_CONTEXT(2) 
PARAMETRIC_REPRESENTATION_CONTEXT() REPRESENTATION_CONTEXT('2D SPACE',''
  ) );
#868 = PCURVE('',#735,#869);
#869 = DEFINITIONAL_REPRESENTATION('',(#870),#874);
#870 = LINE('',#871,#872);
#871 = CARTESIAN_POINT('',(0.,0.));
#872 = VECTOR('',#873,1.);
#873 = DIRECTION('',(1.,0.));
#874 = ( GEOMETRIC_REPRESENTATION_CONTEXT(2) 
PARAMETRIC_REPRESENTATION_CONTEXT() REPRESENTATION_CONTEXT('2D SPACE',''
  ) );
#875 = ADVANCED_FACE('',(#876,#879),#230,.F.);
#876 = FACE_BOUND('',#877,.F.);
#877 = EDGE_LOOP('',(#878));
#878 = ORIENTED_EDGE('',*,*,#215,.T.);
#879 = FACE_BOUND('',#880,.F.);
#880 = EDGE_LOOP('',(#881));
#881 = ORIENTED_EDGE('',*,*,#882,.F.);
#882 = EDGE_CURVE('',#883,#883,#885,.T.);
#883 = VERTEX_POINT('',#884);
#884 = CARTESIAN_POINT('',(-25.,3.918869757272E-15,16.));
#885 = SURFACE_CURVE('',#886,(#891,#898),.PCURVE_S1.);
#886 = CIRCLE('',#887,16.);
#887 = AXIS2_PLACEMENT_3D('',#888,#889,#890);
#888 = CARTESIAN_POINT('',(-25.,0.,0.));
#889 = DIRECTION('',(1.,0.,0.));
#890 = DIRECTION('',(-0.,0.,1.));
#891 = PCURVE('',#230,#892);
#892 = DEFINITIONAL_REPRESENTATION('',(#893),#897);
#893 = CIRCLE('',#894,16.);
#894 = AXIS2_PLACEMENT_2D('',#895,#896);
#895 = CARTESIAN_POINT('',(0.,0.));
#896 = DIRECTION('',(1.,0.));
#897 = ( GEOMETRIC_REPRESENTATION_CONTEXT(2) 
PARAMETRIC_REPRESENTATION_CONTEXT() REPRESENTATION_CONTEXT('2D SPACE',''
  ) );
#898 = PCURVE('',#899,#904);
#899 = CYLINDRICAL_SURFACE('',#900,16.);
#900 = AXIS2_PLACEMENT_3D('',#901,#902,#903);
#901 = CARTESIAN_POINT('',(-26.,0.,0.));
#902 = DIRECTION('',(1.,0.,0.));
#903 = DIRECTION('',(-0.,0.,1.));
#904 = DEFINITIONAL_REPRESENTATION('',(#905),#909);
#905 = LINE('',#906,#907);
#906 = CARTESIAN_POINT('',(0.,1.));
#907 = VECTOR('',#908,1.);
#908 = DIRECTION('',(1.,0.));
#909 = ( GEOMETRIC_REPRESENTATION_CONTEXT(2) 
PARAMETRIC_REPRESENTATION_CONTEXT() REPRESENTATION_CONTEXT('2D SPACE',''
  ) );
#910 = ADVANCED_FACE('',(#911),#180,.F.);
#911 = FACE_BOUND('',#912,.F.);
#912 = EDGE_LOOP('',(#913,#936,#964,#985));
#913 = ORIENTED_EDGE('',*,*,#914,.F.);
#914 = EDGE_CURVE('',#915,#164,#917,.T.);
#915 = VERTEX_POINT('',#916);
#916 = CARTESIAN_POINT('',(-20.,-20.,18.));
#917 = SURFACE_CURVE('',#918,(#922,#929),.PCURVE_S1.);
#918 = LINE('',#919,#920);
#919 = CARTESIAN_POINT('',(-20.,-20.,18.));
#920 = VECTOR('',#921,1.);
#921 = DIRECTION('',(-0.,1.,0.));
#922 = PCURVE('',#180,#923);
#923 = DEFINITIONAL_REPRESENTATION('',(#924),#928);
#924 = LINE('',#925,#926);
#925 = CARTESIAN_POINT('',(3.,0.));
#926 = VECTOR('',#927,1.);
#927 = DIRECTION('',(0.,-1.));
#928 = ( GEOMETRIC_REPRESENTATION_CONTEXT(2) 
PARAMETRIC_REPRESENTATION_CONTEXT() REPRESENTATION_CONTEXT('2D SPACE',''
  ) );
#929 = PCURVE('',#685,#930);
#930 = DEFINITIONAL_REPRESENTATION('',(#931),#935);
#931 = LINE('',#932,#933);
#932 = CARTESIAN_POINT('',(0.,0.));
#933 = VECTOR('',#934,1.);
#934 = DIRECTION('',(0.,1.));
#935 = ( GEOMETRIC_REPRESENTATION_CONTEXT(2) 
PARAMETRIC_REPRESENTATION_CONTEXT() REPRESENTATION_CONTEXT('2D SPACE',''
  ) );
#936 = ORIENTED_EDGE('',*,*,#937,.F.);
#937 = EDGE_CURVE('',#938,#915,#940,.T.);
#938 = VERTEX_POINT('',#939);
#939 = CARTESIAN_POINT('',(-20.,-20.,15.));
#940 = SURFACE_CURVE('',#941,(#945,#952),.PCURVE_S1.);
#941 = LINE('',#942,#943);
#942 = CARTESIAN_POINT('',(-20.,-20.,15.));
#943 = VECTOR('',#944,1.);
#944 = DIRECTION('',(0.,0.,1.));
#945 = PCURVE('',#180,#946);
#946 = DEFINITIONAL_REPRESENTATION('',(#947),#951);
#947 = LINE('',#948,#949);
#948 = CARTESIAN_POINT('',(0.,0.));
#949 = VECTOR('',#950,1.);
#950 = DIRECTION('',(1.,0.));
#951 = ( GEOMETRIC_REPRESENTATION_CONTEXT(2) 
PARAMETRIC_REPRESENTATION_CONTEXT() REPRESENTATION_CONTEXT('2D SPACE',''
  ) );
#952 = PCURVE('',#953,#958);
#953 = PLANE('',#954);
#954 = AXIS2_PLACEMENT_3D('',#955,#956,#957);
#955 = CARTESIAN_POINT('',(-20.,-20.,15.));
#956 = DIRECTION('',(-0.,1.,0.));
#957 = DIRECTION('',(0.,0.,1.));
#958 = DEFINITIONAL_REPRESENTATION('',(#959),#963);
#959 = LINE('',#960,#961);
#960 = CARTESIAN_POINT('',(0.,0.));
#961 = VECTOR('',#962,1.);
#962 = DIRECTION('',(1.,0.));
#963 = ( GEOMETRIC_REPRESENTATION_CONTEXT(2) 
PARAMETRIC_REPRESENTATION_CONTEXT() REPRESENTATION_CONTEXT('2D SPACE',''
  ) );
#964 = ORIENTED_EDGE('',*,*,#965,.T.);
#965 = EDGE_CURVE('',#938,#138,#966,.T.);
#966 = SURFACE_CURVE('',#967,(#971,#978),.PCURVE_S1.);
#967 = LINE('',#968,#969);
#968 = CARTESIAN_POINT('',(-20.,-20.,15.));
#969 = VECTOR('',#970,1.);
#970 = DIRECTION('',(-0.,1.,0.));
#971 = PCURVE('',#180,#972);
#972 = DEFINITIONAL_REPRESENTATION('',(#973),#977);
#973 = LINE('',#974,#975);
#974 = CARTESIAN_POINT('',(0.,0.));
#975 = VECTOR('',#976,1.);
#976 = DIRECTION('',(0.,-1.));
#977 = ( GEOMETRIC_REPRESENTATION_CONTEXT(2) 
PARAMETRIC_REPRESENTATION_CONTEXT() REPRESENTATION_CONTEXT('2D SPACE',''
  ) );
#978 = PCURVE('',#152,#979);
#979 = DEFINITIONAL_REPRESENTATION('',(#980),#984);
#980 = LINE('',#981,#982);
#981 = CARTESIAN_POINT('',(0.,0.));
#982 = VECTOR('',#983,1.);
#983 = DIRECTION('',(0.,1.));
#984 = ( GEOMETRIC_REPRESENTATION_CONTEXT(2) 
PARAMETRIC_REPRESENTATION_CONTEXT() REPRESENTATION_CONTEXT('2D SPACE',''
  ) );
#985 = ORIENTED_EDGE('',*,*,#163,.F.);
#986 = ADVANCED_FACE('',(#987,#1035),#152,.F.);
#987 = FACE_BOUND('',#988,.F.);
#988 = EDGE_LOOP('',(#989,#990,#1013,#1034));
#989 = ORIENTED_EDGE('',*,*,#965,.F.);
#990 = ORIENTED_EDGE('',*,*,#991,.T.);
#991 = EDGE_CURVE('',#938,#992,#994,.T.);
#992 = VERTEX_POINT('',#993);
#993 = CARTESIAN_POINT('',(20.,-20.,15.));
#994 = SURFACE_CURVE('',#995,(#999,#1006),.PCURVE_S1.);
#995 = LINE('',#996,#997);
#996 = CARTESIAN_POINT('',(-20.,-20.,15.));
#997 = VECTOR('',#998,1.);
#998 = DIRECTION('',(1.,0.,-0.));
#999 = PCURVE('',#152,#1000);
#1000 = DEFINITIONAL_REPRESENTATION('',(#1001),#1005);
#1001 = LINE('',#1002,#1003);
#1002 = CARTESIAN_POINT('',(0.,0.));
#1003 = VECTOR('',#1004,1.);
#1004 = DIRECTION('',(1.,0.));
#1005 = ( GEOMETRIC_REPRESENTATION_CONTEXT(2) 
PARAMETRIC_REPRESENTATION_CONTEXT() REPRESENTATION_CONTEXT('2D SPACE',''
  ) );
#1006 = PCURVE('',#953,#1007);
#1007 = DEFINITIONAL_REPRESENTATION('',(#1008),#1012);
#1008 = LINE('',#1009,#1010);
#1009 = CARTESIAN_POINT('',(0.,0.));
#1010 = VECTOR('',#1011,1.);
#1011 = DIRECTION('',(0.,1.));
#1012 = ( GEOMETRIC_REPRESENTATION_CONTEXT(2) 
PARAMETRIC_REPRESENTATION_CONTEXT() REPRESENTATION_CONTEXT('2D SPACE',''
  ) );
#1013 = ORIENTED_EDGE('',*,*,#1014,.T.);
#1014 = EDGE_CURVE('',#992,#109,#1015,.T.);
#1015 = SURFACE_CURVE('',#1016,(#1020,#1027),.PCURVE_S1.);
#1016 = LINE('',#1017,#1018);
#1017 = CARTESIAN_POINT('',(20.,-20.,15.));
#1018 = VECTOR('',#1019,1.);
#1019 = DIRECTION('',(-0.,1.,0.));
#1020 = PCURVE('',#152,#1021);
#1021 = DEFINITIONAL_REPRESENTATION('',(#1022),#1026);
#1022 = LINE('',#1023,#1024);
#1023 = CARTESIAN_POINT('',(40.,0.));
#1024 = VECTOR('',#1025,1.);
#1025 = DIRECTION('',(0.,1.));
#1026 = ( GEOMETRIC_REPRESENTATION_CONTEXT(2) 
PARAMETRIC_REPRESENTATION_CONTEXT() REPRESENTATION_CONTEXT('2D SPACE',''
  ) );
#1027 = PCURVE('',#125,#1028);
#1028 = DEFINITIONAL_REPRESENTATION('',(#1029),#1033);
#1029 = LINE('',#1030,#1031);
#1030 = CARTESIAN_POINT('',(0.,0.));
#1031 = VECTOR('',#1032,1.);
#1032 = DIRECTION('',(0.,-1.));
#1033 = ( GEOMETRIC_REPRESENTATION_CONTEXT(2) 
PARAMETRIC_REPRESENTATION_CONTEXT() REPRESENTATION_CONTEXT('2D SPACE',''
  ) );
#1034 = ORIENTED_EDGE('',*,*,#137,.F.);
#1035 = FACE_BOUND('',#1036,.F.);
#1036 = EDGE_LOOP('',(#1037));
#1037 = ORIENTED_EDGE('',*,*,#1038,.F.);
#1038 = EDGE_CURVE('',#1039,#1039,#1041,.T.);
#1039 = VERTEX_POINT('',#1040);
#1040 = CARTESIAN_POINT('',(2.1,-12.5,15.));
#1041 = SURFACE_CURVE('',#1042,(#1047,#1054),.PCURVE_S1.);
#1042 = CIRCLE('',#1043,2.1);
#1043 = AXIS2_PLACEMENT_3D('',#1044,#1045,#1046);
#1044 = CARTESIAN_POINT('',(0.,-12.5,15.));
#1045 = DIRECTION('',(0.,0.,1.));
#1046 = DIRECTION('',(1.,0.,-0.));
#1047 = PCURVE('',#152,#1048);
#1048 = DEFINITIONAL_REPRESENTATION('',(#1049),#1053);
#1049 = CIRCLE('',#1050,2.1);
#1050 = AXIS2_PLACEMENT_2D('',#1051,#1052);
#1051 = CARTESIAN_POINT('',(20.,7.5));
#1052 = DIRECTION('',(1.,0.));
#1053 = ( GEOMETRIC_REPRESENTATION_CONTEXT(2) 
PARAMETRIC_REPRESENTATION_CONTEXT() REPRESENTATION_CONTEXT('2D SPACE',''
  ) );
#1054 = PCURVE('',#1055,#1060);
#1055 = CYLINDRICAL_SURFACE('',#1056,2.1);
#1056 = AXIS2_PLACEMENT_3D('',#1057,#1058,#1059);
#1057 = CARTESIAN_POINT('',(0.,-12.5,13.));
#1058 = DIRECTION('',(0.,0.,1.));
#1059 = DIRECTION('',(1.,0.,-0.));
#1060 = DEFINITIONAL_REPRESENTATION('',(#1061),#1065);
#1061 = LINE('',#1062,#1063);
#1062 = CARTESIAN_POINT('',(0.,2.));
#1063 = VECTOR('',#1064,1.);
#1064 = DIRECTION('',(1.,0.));
#1065 = ( GEOMETRIC_REPRESENTATION_CONTEXT(2) 
PARAMETRIC_REPRESENTATION_CONTEXT() REPRESENTATION_CONTEXT('2D SPACE',''
  ) );
#1066 = ADVANCED_FACE('',(#1067),#125,.T.);
#1067 = FACE_BOUND('',#1068,.T.);
#1068 = EDGE_LOOP('',(#1069,#1092,#1113,#1114));
#1069 = ORIENTED_EDGE('',*,*,#1070,.F.);
#1070 = EDGE_CURVE('',#1071,#24,#1073,.T.);
#1071 = VERTEX_POINT('',#1072);
#1072 = CARTESIAN_POINT('',(20.,-20.,18.));
#1073 = SURFACE_CURVE('',#1074,(#1078,#1085),.PCURVE_S1.);
#1074 = LINE('',#1075,#1076);
#1075 = CARTESIAN_POINT('',(20.,-20.,18.));
#1076 = VECTOR('',#1077,1.);
#1077 = DIRECTION('',(-0.,1.,0.));
#1078 = PCURVE('',#125,#1079);
#1079 = DEFINITIONAL_REPRESENTATION('',(#1080),#1084);
#1080 = LINE('',#1081,#1082);
#1081 = CARTESIAN_POINT('',(3.,0.));
#1082 = VECTOR('',#1083,1.);
#1083 = DIRECTION('',(0.,-1.));
#1084 = ( GEOMETRIC_REPRESENTATION_CONTEXT(2) 
PARAMETRIC_REPRESENTATION_CONTEXT() REPRESENTATION_CONTEXT('2D SPACE',''
  ) );
#1085 = PCURVE('',#685,#1086);
#1086 = DEFINITIONAL_REPRESENTATION('',(#1087),#1091);
#1087 = LINE('',#1088,#1089);
#1088 = CARTESIAN_POINT('',(40.,0.));
#1089 = VECTOR('',#1090,1.);
#1090 = DIRECTION('',(0.,1.));
#1091 = ( GEOMETRIC_REPRESENTATION_CONTEXT(2) 
PARAMETRIC_REPRESENTATION_CONTEXT() REPRESENTATION_CONTEXT('2D SPACE',''
  ) );
#1092 = ORIENTED_EDGE('',*,*,#1093,.F.);
#1093 = EDGE_CURVE('',#992,#1071,#1094,.T.);
#1094 = SURFACE_CURVE('',#1095,(#1099,#1106),.PCURVE_S1.);
#1095 = LINE('',#1096,#1097);
#1096 = CARTESIAN_POINT('',(20.,-20.,15.));
#1097 = VECTOR('',#1098,1.);
#1098 = DIRECTION('',(0.,0.,1.));
#1099 = PCURVE('',#125,#1100);
#1100 = DEFINITIONAL_REPRESENTATION('',(#1101),#1105);
#1101 = LINE('',#1102,#1103);
#1102 = CARTESIAN_POINT('',(0.,0.));
#1103 = VECTOR('',#1104,1.);
#1104 = DIRECTION('',(1.,0.));
#1105 = ( GEOMETRIC_REPRESENTATION_CONTEXT(2) 
PARAMETRIC_REPRESENTATION_CONTEXT() REPRESENTATION_CONTEXT('2D SPACE',''
  ) );
#1106 = PCURVE('',#953,#1107);
#1107 = DEFINITIONAL_REPRESENTATION('',(#1108),#1112);
#1108 = LINE('',#1109,#1110);
#1109 = CARTESIAN_POINT('',(0.,40.));
#1110 = VECTOR('',#1111,1.);
#1111 = DIRECTION('',(1.,0.));
#1112 = ( GEOMETRIC_REPRESENTATION_CONTEXT(2) 
PARAMETRIC_REPRESENTATION_CONTEXT() REPRESENTATION_CONTEXT('2D SPACE',''
  ) );
#1113 = ORIENTED_EDGE('',*,*,#1014,.T.);
#1114 = ORIENTED_EDGE('',*,*,#108,.F.);
#1115 = ADVANCED_FACE('',(#1116,#1119),#95,.T.);
#1116 = FACE_BOUND('',#1117,.T.);
#1117 = EDGE_LOOP('',(#1118));
#1118 = ORIENTED_EDGE('',*,*,#80,.T.);
#1119 = FACE_BOUND('',#1120,.T.);
#1120 = EDGE_LOOP('',(#1121));
#1121 = ORIENTED_EDGE('',*,*,#1122,.F.);
#1122 = EDGE_CURVE('',#1123,#1123,#1125,.T.);
#1123 = VERTEX_POINT('',#1124);
#1124 = CARTESIAN_POINT('',(25.,3.918869757272E-15,16.));
#1125 = SURFACE_CURVE('',#1126,(#1131,#1138),.PCURVE_S1.);
#1126 = CIRCLE('',#1127,16.);
#1127 = AXIS2_PLACEMENT_3D('',#1128,#1129,#1130);
#1128 = CARTESIAN_POINT('',(25.,0.,0.));
#1129 = DIRECTION('',(1.,0.,0.));
#1130 = DIRECTION('',(-0.,0.,1.));
#1131 = PCURVE('',#95,#1132);
#1132 = DEFINITIONAL_REPRESENTATION('',(#1133),#1137);
#1133 = CIRCLE('',#1134,16.);
#1134 = AXIS2_PLACEMENT_2D('',#1135,#1136);
#1135 = CARTESIAN_POINT('',(0.,0.));
#1136 = DIRECTION('',(1.,0.));
#1137 = ( GEOMETRIC_REPRESENTATION_CONTEXT(2) 
PARAMETRIC_REPRESENTATION_CONTEXT() REPRESENTATION_CONTEXT('2D SPACE',''
  ) );
#1138 = PCURVE('',#899,#1139);
#1139 = DEFINITIONAL_REPRESENTATION('',(#1140),#1144);
#1140 = LINE('',#1141,#1142);
#1141 = CARTESIAN_POINT('',(0.,51.));
#1142 = VECTOR('',#1143,1.);
#1143 = DIRECTION('',(1.,0.));
#1144 = ( GEOMETRIC_REPRESENTATION_CONTEXT(2) 
PARAMETRIC_REPRESENTATION_CONTEXT() REPRESENTATION_CONTEXT('2D SPACE',''
  ) );
#1145 = ADVANCED_FACE('',(#1146),#402,.F.);
#1146 = FACE_BOUND('',#1147,.F.);
#1147 = EDGE_LOOP('',(#1148,#1149));
#1148 = ORIENTED_EDGE('',*,*,#298,.F.);
#1149 = ORIENTED_EDGE('',*,*,#1150,.T.);
#1150 = EDGE_CURVE('',#299,#301,#1151,.T.);
#1151 = SURFACE_CURVE('',#1152,(#1157,#1164),.PCURVE_S1.);
#1152 = CIRCLE('',#1153,2.1);
#1153 = AXIS2_PLACEMENT_3D('',#1154,#1155,#1156);
#1154 = CARTESIAN_POINT('',(0.,-12.5,13.));
#1155 = DIRECTION('',(0.,0.,1.));
#1156 = DIRECTION('',(1.,0.,-0.));
#1157 = PCURVE('',#402,#1158);
#1158 = DEFINITIONAL_REPRESENTATION('',(#1159),#1163);
#1159 = LINE('',#1160,#1161);
#1160 = CARTESIAN_POINT('',(0.,0.));
#1161 = VECTOR('',#1162,1.);
#1162 = DIRECTION('',(1.,0.));
#1163 = ( GEOMETRIC_REPRESENTATION_CONTEXT(2) 
PARAMETRIC_REPRESENTATION_CONTEXT() REPRESENTATION_CONTEXT('2D SPACE',''
  ) );
#1164 = PCURVE('',#470,#1165);
#1165 = DEFINITIONAL_REPRESENTATION('',(#1166),#1170);
#1166 = CIRCLE('',#1167,2.1);
#1167 = AXIS2_PLACEMENT_2D('',#1168,#1169);
#1168 = CARTESIAN_POINT('',(0.,0.));
#1169 = DIRECTION('',(1.,0.));
#1170 = ( GEOMETRIC_REPRESENTATION_CONTEXT(2) 
PARAMETRIC_REPRESENTATION_CONTEXT() REPRESENTATION_CONTEXT('2D SPACE',''
  ) );
#1171 = ADVANCED_FACE('',(#1172),#470,.T.);
#1172 = FACE_BOUND('',#1173,.T.);
#1173 = EDGE_LOOP('',(#1174,#1175));
#1174 = ORIENTED_EDGE('',*,*,#457,.T.);
#1175 = ORIENTED_EDGE('',*,*,#1150,.T.);
#1176 = ADVANCED_FACE('',(#1177),#587,.F.);
#1177 = FACE_BOUND('',#1178,.F.);
#1178 = EDGE_LOOP('',(#1179,#1180));
#1179 = ORIENTED_EDGE('',*,*,#483,.F.);
#1180 = ORIENTED_EDGE('',*,*,#1181,.T.);
#1181 = EDGE_CURVE('',#484,#486,#1182,.T.);
#1182 = SURFACE_CURVE('',#1183,(#1188,#1195),.PCURVE_S1.);
#1183 = CIRCLE('',#1184,2.1);
#1184 = AXIS2_PLACEMENT_3D('',#1185,#1186,#1187);
#1185 = CARTESIAN_POINT('',(0.,12.5,13.));
#1186 = DIRECTION('',(0.,0.,1.));
#1187 = DIRECTION('',(1.,0.,-0.));
#1188 = PCURVE('',#587,#1189);
#1189 = DEFINITIONAL_REPRESENTATION('',(#1190),#1194);
#1190 = LINE('',#1191,#1192);
#1191 = CARTESIAN_POINT('',(0.,0.));
#1192 = VECTOR('',#1193,1.);
#1193 = DIRECTION('',(1.,0.));
#1194 = ( GEOMETRIC_REPRESENTATION_CONTEXT(2) 
PARAMETRIC_REPRESENTATION_CONTEXT() REPRESENTATION_CONTEXT('2D SPACE',''
  ) );
#1195 = PCURVE('',#655,#1196);
#1196 = DEFINITIONAL_REPRESENTATION('',(#1197),#1201);
#1197 = CIRCLE('',#1198,2.1);
#1198 = AXIS2_PLACEMENT_2D('',#1199,#1200);
#1199 = CARTESIAN_POINT('',(0.,0.));
#1200 = DIRECTION('',(1.,0.));
#1201 = ( GEOMETRIC_REPRESENTATION_CONTEXT(2) 
PARAMETRIC_REPRESENTATION_CONTEXT() REPRESENTATION_CONTEXT('2D SPACE',''
  ) );
#1202 = ADVANCED_FACE('',(#1203),#655,.T.);
#1203 = FACE_BOUND('',#1204,.T.);
#1204 = EDGE_LOOP('',(#1205,#1206));
#1205 = ORIENTED_EDGE('',*,*,#642,.F.);
#1206 = ORIENTED_EDGE('',*,*,#1181,.T.);
#1207 = ADVANCED_FACE('',(#1208,#1256,#1282,#1313,#1344),#685,.T.);
#1208 = FACE_BOUND('',#1209,.T.);
#1209 = EDGE_LOOP('',(#1210,#1211,#1212,#1233,#1234,#1235));
#1210 = ORIENTED_EDGE('',*,*,#830,.F.);
#1211 = ORIENTED_EDGE('',*,*,#914,.F.);
#1212 = ORIENTED_EDGE('',*,*,#1213,.T.);
#1213 = EDGE_CURVE('',#915,#1071,#1214,.T.);
#1214 = SURFACE_CURVE('',#1215,(#1219,#1226),.PCURVE_S1.);
#1215 = LINE('',#1216,#1217);
#1216 = CARTESIAN_POINT('',(-20.,-20.,18.));
#1217 = VECTOR('',#1218,1.);
#1218 = DIRECTION('',(1.,0.,-0.));
#1219 = PCURVE('',#685,#1220);
#1220 = DEFINITIONAL_REPRESENTATION('',(#1221),#1225);
#1221 = LINE('',#1222,#1223);
#1222 = CARTESIAN_POINT('',(0.,0.));
#1223 = VECTOR('',#1224,1.);
#1224 = DIRECTION('',(1.,0.));
#1225 = ( GEOMETRIC_REPRESENTATION_CONTEXT(2) 
PARAMETRIC_REPRESENTATION_CONTEXT() REPRESENTATION_CONTEXT('2D SPACE',''
  ) );
#1226 = PCURVE('',#953,#1227);
#1227 = DEFINITIONAL_REPRESENTATION('',(#1228),#1232);
#1228 = LINE('',#1229,#1230);
#1229 = CARTESIAN_POINT('',(3.,0.));
#1230 = VECTOR('',#1231,1.);
#1231 = DIRECTION('',(0.,1.));
#1232 = ( GEOMETRIC_REPRESENTATION_CONTEXT(2) 
PARAMETRIC_REPRESENTATION_CONTEXT() REPRESENTATION_CONTEXT('2D SPACE',''
  ) );
#1233 = ORIENTED_EDGE('',*,*,#1070,.T.);
#1234 = ORIENTED_EDGE('',*,*,#669,.T.);
#1235 = ORIENTED_EDGE('',*,*,#1236,.F.);
#1236 = EDGE_CURVE('',#831,#670,#1237,.T.);
#1237 = SURFACE_CURVE('',#1238,(#1242,#1249),.PCURVE_S1.);
#1238 = LINE('',#1239,#1240);
#1239 = CARTESIAN_POINT('',(-20.,20.,18.));
#1240 = VECTOR('',#1241,1.);
#1241 = DIRECTION('',(1.,0.,-0.));
#1242 = PCURVE('',#685,#1243);
#1243 = DEFINITIONAL_REPRESENTATION('',(#1244),#1248);
#1244 = LINE('',#1245,#1246);
#1245 = CARTESIAN_POINT('',(0.,40.));
#1246 = VECTOR('',#1247,1.);
#1247 = DIRECTION('',(1.,0.));
#1248 = ( GEOMETRIC_REPRESENTATION_CONTEXT(2) 
PARAMETRIC_REPRESENTATION_CONTEXT() REPRESENTATION_CONTEXT('2D SPACE',''
  ) );
#1249 = PCURVE('',#735,#1250);
#1250 = DEFINITIONAL_REPRESENTATION('',(#1251),#1255);
#1251 = LINE('',#1252,#1253);
#1252 = CARTESIAN_POINT('',(3.,0.));
#1253 = VECTOR('',#1254,1.);
#1254 = DIRECTION('',(0.,1.));
#1255 = ( GEOMETRIC_REPRESENTATION_CONTEXT(2) 
PARAMETRIC_REPRESENTATION_CONTEXT() REPRESENTATION_CONTEXT('2D SPACE',''
  ) );
#1256 = FACE_BOUND('',#1257,.T.);
#1257 = EDGE_LOOP('',(#1258));
#1258 = ORIENTED_EDGE('',*,*,#1259,.F.);
#1259 = EDGE_CURVE('',#1260,#1260,#1262,.T.);
#1260 = VERTEX_POINT('',#1261);
#1261 = CARTESIAN_POINT('',(2.1,-12.5,18.));
#1262 = SURFACE_CURVE('',#1263,(#1268,#1275),.PCURVE_S1.);
#1263 = CIRCLE('',#1264,2.1);
#1264 = AXIS2_PLACEMENT_3D('',#1265,#1266,#1267);
#1265 = CARTESIAN_POINT('',(0.,-12.5,18.));
#1266 = DIRECTION('',(0.,0.,1.));
#1267 = DIRECTION('',(1.,0.,-0.));
#1268 = PCURVE('',#685,#1269);
#1269 = DEFINITIONAL_REPRESENTATION('',(#1270),#1274);
#1270 = CIRCLE('',#1271,2.1);
#1271 = AXIS2_PLACEMENT_2D('',#1272,#1273);
#1272 = CARTESIAN_POINT('',(20.,7.5));
#1273 = DIRECTION('',(1.,0.));
#1274 = ( GEOMETRIC_REPRESENTATION_CONTEXT(2) 
PARAMETRIC_REPRESENTATION_CONTEXT() REPRESENTATION_CONTEXT('2D SPACE',''
  ) );
#1275 = PCURVE('',#1055,#1276);
#1276 = DEFINITIONAL_REPRESENTATION('',(#1277),#1281);
#1277 = LINE('',#1278,#1279);
#1278 = CARTESIAN_POINT('',(0.,5.));
#1279 = VECTOR('',#1280,1.);
#1280 = DIRECTION('',(1.,0.));
#1281 = ( GEOMETRIC_REPRESENTATION_CONTEXT(2) 
PARAMETRIC_REPRESENTATION_CONTEXT() REPRESENTATION_CONTEXT('2D SPACE',''
  ) );
#1282 = FACE_BOUND('',#1283,.T.);
#1283 = EDGE_LOOP('',(#1284));
#1284 = ORIENTED_EDGE('',*,*,#1285,.F.);
#1285 = EDGE_CURVE('',#1286,#1286,#1288,.T.);
#1286 = VERTEX_POINT('',#1287);
#1287 = CARTESIAN_POINT('',(-10.4,-5.143516556419E-16,18.));
#1288 = SURFACE_CURVE('',#1289,(#1294,#1301),.PCURVE_S1.);
#1289 = CIRCLE('',#1290,2.1);
#1290 = AXIS2_PLACEMENT_3D('',#1291,#1292,#1293);
#1291 = CARTESIAN_POINT('',(-12.5,0.,18.));
#1292 = DIRECTION('',(0.,0.,1.));
#1293 = DIRECTION('',(1.,0.,-0.));
#1294 = PCURVE('',#685,#1295);
#1295 = DEFINITIONAL_REPRESENTATION('',(#1296),#1300);
#1296 = CIRCLE('',#1297,2.1);
#1297 = AXIS2_PLACEMENT_2D('',#1298,#1299);
#1298 = CARTESIAN_POINT('',(7.5,20.));
#1299 = DIRECTION('',(1.,0.));
#1300 = ( GEOMETRIC_REPRESENTATION_CONTEXT(2) 
PARAMETRIC_REPRESENTATION_CONTEXT() REPRESENTATION_CONTEXT('2D SPACE',''
  ) );
#1301 = PCURVE('',#1302,#1307);
#1302 = CYLINDRICAL_SURFACE('',#1303,2.1);
#1303 = AXIS2_PLACEMENT_3D('',#1304,#1305,#1306);
#1304 = CARTESIAN_POINT('',(-12.5,0.,13.));
#1305 = DIRECTION('',(0.,0.,1.));
#1306 = DIRECTION('',(1.,0.,-0.));
#1307 = DEFINITIONAL_REPRESENTATION('',(#1308),#1312);
#1308 = LINE('',#1309,#1310);
#1309 = CARTESIAN_POINT('',(0.,5.));
#1310 = VECTOR('',#1311,1.);
#1311 = DIRECTION('',(1.,0.));
#1312 = ( GEOMETRIC_REPRESENTATION_CONTEXT(2) 
PARAMETRIC_REPRESENTATION_CONTEXT() REPRESENTATION_CONTEXT('2D SPACE',''
  ) );
#1313 = FACE_BOUND('',#1314,.T.);
#1314 = EDGE_LOOP('',(#1315));
#1315 = ORIENTED_EDGE('',*,*,#1316,.F.);
#1316 = EDGE_CURVE('',#1317,#1317,#1319,.T.);
#1317 = VERTEX_POINT('',#1318);
#1318 = CARTESIAN_POINT('',(14.6,-5.143516556419E-16,18.));
#1319 = SURFACE_CURVE('',#1320,(#1325,#1332),.PCURVE_S1.);
#1320 = CIRCLE('',#1321,2.1);
#1321 = AXIS2_PLACEMENT_3D('',#1322,#1323,#1324);
#1322 = CARTESIAN_POINT('',(12.5,0.,18.));
#1323 = DIRECTION('',(0.,0.,1.));
#1324 = DIRECTION('',(1.,0.,-0.));
#1325 = PCURVE('',#685,#1326);
#1326 = DEFINITIONAL_REPRESENTATION('',(#1327),#1331);
#1327 = CIRCLE('',#1328,2.1);
#1328 = AXIS2_PLACEMENT_2D('',#1329,#1330);
#1329 = CARTESIAN_POINT('',(32.5,20.));
#1330 = DIRECTION('',(1.,0.));
#1331 = ( GEOMETRIC_REPRESENTATION_CONTEXT(2) 
PARAMETRIC_REPRESENTATION_CONTEXT() REPRESENTATION_CONTEXT('2D SPACE',''
  ) );
#1332 = PCURVE('',#1333,#1338);
#1333 = CYLINDRICAL_SURFACE('',#1334,2.1);
#1334 = AXIS2_PLACEMENT_3D('',#1335,#1336,#1337);
#1335 = CARTESIAN_POINT('',(12.5,0.,13.));
#1336 = DIRECTION('',(0.,0.,1.));
#1337 = DIRECTION('',(1.,0.,-0.));
#1338 = DEFINITIONAL_REPRESENTATION('',(#1339),#1343);
#1339 = LINE('',#1340,#1341);
#1340 = CARTESIAN_POINT('',(0.,5.));
#1341 = VECTOR('',#1342,1.);
#1342 = DIRECTION('',(1.,0.));
#1343 = ( GEOMETRIC_REPRESENTATION_CONTEXT(2) 
PARAMETRIC_REPRESENTATION_CONTEXT() REPRESENTATION_CONTEXT('2D SPACE',''
  ) );
#1344 = FACE_BOUND('',#1345,.T.);
#1345 = EDGE_LOOP('',(#1346));
#1346 = ORIENTED_EDGE('',*,*,#1347,.F.);
#1347 = EDGE_CURVE('',#1348,#1348,#1350,.T.);
#1348 = VERTEX_POINT('',#1349);
#1349 = CARTESIAN_POINT('',(2.1,12.5,18.));
#1350 = SURFACE_CURVE('',#1351,(#1356,#1363),.PCURVE_S1.);
#1351 = CIRCLE('',#1352,2.1);
#1352 = AXIS2_PLACEMENT_3D('',#1353,#1354,#1355);
#1353 = CARTESIAN_POINT('',(0.,12.5,18.));
#1354 = DIRECTION('',(0.,0.,1.));
#1355 = DIRECTION('',(1.,0.,-0.));
#1356 = PCURVE('',#685,#1357);
#1357 = DEFINITIONAL_REPRESENTATION('',(#1358),#1362);
#1358 = CIRCLE('',#1359,2.1);
#1359 = AXIS2_PLACEMENT_2D('',#1360,#1361);
#1360 = CARTESIAN_POINT('',(20.,32.5));
#1361 = DIRECTION('',(1.,0.));
#1362 = ( GEOMETRIC_REPRESENTATION_CONTEXT(2) 
PARAMETRIC_REPRESENTATION_CONTEXT() REPRESENTATION_CONTEXT('2D SPACE',''
  ) );
#1363 = PCURVE('',#815,#1364);
#1364 = DEFINITIONAL_REPRESENTATION('',(#1365),#1369);
#1365 = LINE('',#1366,#1367);
#1366 = CARTESIAN_POINT('',(0.,5.));
#1367 = VECTOR('',#1368,1.);
#1368 = DIRECTION('',(1.,0.));
#1369 = ( GEOMETRIC_REPRESENTATION_CONTEXT(2) 
PARAMETRIC_REPRESENTATION_CONTEXT() REPRESENTATION_CONTEXT('2D SPACE',''
  ) );
#1370 = ADVANCED_FACE('',(#1371),#735,.T.);
#1371 = FACE_BOUND('',#1372,.T.);
#1372 = EDGE_LOOP('',(#1373,#1374,#1375,#1376));
#1373 = ORIENTED_EDGE('',*,*,#775,.F.);
#1374 = ORIENTED_EDGE('',*,*,#855,.T.);
#1375 = ORIENTED_EDGE('',*,*,#1236,.T.);
#1376 = ORIENTED_EDGE('',*,*,#721,.F.);
#1377 = ADVANCED_FACE('',(#1378),#815,.F.);
#1378 = FACE_BOUND('',#1379,.F.);
#1379 = EDGE_LOOP('',(#1380,#1381,#1402,#1403));
#1380 = ORIENTED_EDGE('',*,*,#1347,.F.);
#1381 = ORIENTED_EDGE('',*,*,#1382,.F.);
#1382 = EDGE_CURVE('',#799,#1348,#1383,.T.);
#1383 = SEAM_CURVE('',#1384,(#1388,#1395),.PCURVE_S1.);
#1384 = LINE('',#1385,#1386);
#1385 = CARTESIAN_POINT('',(2.1,12.5,13.));
#1386 = VECTOR('',#1387,1.);
#1387 = DIRECTION('',(0.,0.,1.));
#1388 = PCURVE('',#815,#1389);
#1389 = DEFINITIONAL_REPRESENTATION('',(#1390),#1394);
#1390 = LINE('',#1391,#1392);
#1391 = CARTESIAN_POINT('',(6.28318530718,-0.));
#1392 = VECTOR('',#1393,1.);
#1393 = DIRECTION('',(0.,1.));
#1394 = ( GEOMETRIC_REPRESENTATION_CONTEXT(2) 
PARAMETRIC_REPRESENTATION_CONTEXT() REPRESENTATION_CONTEXT('2D SPACE',''
  ) );
#1395 = PCURVE('',#815,#1396);
#1396 = DEFINITIONAL_REPRESENTATION('',(#1397),#1401);
#1397 = LINE('',#1398,#1399);
#1398 = CARTESIAN_POINT('',(0.,-0.));
#1399 = VECTOR('',#1400,1.);
#1400 = DIRECTION('',(0.,1.));
#1401 = ( GEOMETRIC_REPRESENTATION_CONTEXT(2) 
PARAMETRIC_REPRESENTATION_CONTEXT() REPRESENTATION_CONTEXT('2D SPACE',''
  ) );
#1402 = ORIENTED_EDGE('',*,*,#798,.T.);
#1403 = ORIENTED_EDGE('',*,*,#1382,.T.);
#1404 = ADVANCED_FACE('',(#1405),#899,.F.);
#1405 = FACE_BOUND('',#1406,.F.);
#1406 = EDGE_LOOP('',(#1407,#1408,#1431,#1523,#1546,#1638,#1659,#1660,
    #1661,#1751,#1752,#1842));
#1407 = ORIENTED_EDGE('',*,*,#1122,.F.);
#1408 = ORIENTED_EDGE('',*,*,#1409,.F.);
#1409 = EDGE_CURVE('',#1410,#1123,#1412,.T.);
#1410 = VERTEX_POINT('',#1411);
#1411 = CARTESIAN_POINT('',(14.6,1.702259050815E-15,16.));
#1412 = SEAM_CURVE('',#1413,(#1417,#1424),.PCURVE_S1.);
#1413 = LINE('',#1414,#1415);
#1414 = CARTESIAN_POINT('',(-26.,3.918869757272E-15,16.));
#1415 = VECTOR('',#1416,1.);
#1416 = DIRECTION('',(1.,0.,0.));
#1417 = PCURVE('',#899,#1418);
#1418 = DEFINITIONAL_REPRESENTATION('',(#1419),#1423);
#1419 = LINE('',#1420,#1421);
#1420 = CARTESIAN_POINT('',(6.28318530718,-0.));
#1421 = VECTOR('',#1422,1.);
#1422 = DIRECTION('',(0.,1.));
#1423 = ( GEOMETRIC_REPRESENTATION_CONTEXT(2) 
PARAMETRIC_REPRESENTATION_CONTEXT() REPRESENTATION_CONTEXT('2D SPACE',''
  ) );
#1424 = PCURVE('',#899,#1425);
#1425 = DEFINITIONAL_REPRESENTATION('',(#1426),#1430);
#1426 = LINE('',#1427,#1428);
#1427 = CARTESIAN_POINT('',(0.,-0.));
#1428 = VECTOR('',#1429,1.);
#1429 = DIRECTION('',(0.,1.));
#1430 = ( GEOMETRIC_REPRESENTATION_CONTEXT(2) 
PARAMETRIC_REPRESENTATION_CONTEXT() REPRESENTATION_CONTEXT('2D SPACE',''
  ) );
#1431 = ORIENTED_EDGE('',*,*,#1432,.F.);
#1432 = EDGE_CURVE('',#1433,#1410,#1435,.T.);
#1433 = VERTEX_POINT('',#1434);
#1434 = CARTESIAN_POINT('',(10.4,3.918869757272E-15,16.));
#1435 = SURFACE_CURVE('',#1436,(#1463,#1493),.PCURVE_S1.);
#1436 = B_SPLINE_CURVE_WITH_KNOTS('',7,(#1437,#1438,#1439,#1440,#1441,
    #1442,#1443,#1444,#1445,#1446,#1447,#1448,#1449,#1450,#1451,#1452,
    #1453,#1454,#1455,#1456,#1457,#1458,#1459,#1460,#1461,#1462),
  .UNSPECIFIED.,.F.,.F.,(8,6,6,6,8),(0.,0.245433282915,0.500053838459,
    0.75467371266,1.),.UNSPECIFIED.);
#1437 = CARTESIAN_POINT('',(10.4,4.440892098501E-16,16.));
#1438 = CARTESIAN_POINT('',(10.4,-0.279051714128,16.));
#1439 = CARTESIAN_POINT('',(10.443260578258,-0.550540337742,
    15.994321882038));
#1440 = CARTESIAN_POINT('',(10.525564021918,-0.806695301344,
    15.983520463912));
#1441 = CARTESIAN_POINT('',(10.641236090599,-1.041076684163,
    15.969060122267));
#1442 = CARTESIAN_POINT('',(10.78319969333,-1.248791606984,
    15.952937720311));
#1443 = CARTESIAN_POINT('',(10.943062491341,-1.426960346664,
    15.936937729769));
#1444 = CARTESIAN_POINT('',(11.285723231695,-1.729056426233,
    15.907050544885));
#1445 = CARTESIAN_POINT('',(11.473874057154,-1.85486323026,
    15.89285338388));
#1446 = CARTESIAN_POINT('',(11.671217285016,-1.953827557459,
    15.88070223462));
#1447 = CARTESIAN_POINT('',(11.874624428549,-2.027129605329,
    15.871236626016));
#1448 = CARTESIAN_POINT('',(12.081773508916,-2.075686641346,
    15.864807773732));
#1449 = CARTESIAN_POINT('',(12.29079943431,-2.1,15.861588823318));
#1450 = CARTESIAN_POINT('',(12.709200005888,-2.1,15.861588823318));
#1451 = CARTESIAN_POINT('',(12.918230673733,-2.075686793443,
    15.864807752957));
#1452 = CARTESIAN_POINT('',(13.125382659992,-2.027127734463,
    15.871236873876));
#1453 = CARTESIAN_POINT('',(13.32878683589,-1.953824486756,
    15.880702647049));
#1454 = CARTESIAN_POINT('',(13.526123222152,-1.85486301773,
    15.892853292557));
#1455 = CARTESIAN_POINT('',(13.714271104121,-1.729061419883,
    15.90705005085));
#1456 = CARTESIAN_POINT('',(14.056870097476,-1.427019777616,
    15.936931850104));
#1457 = CARTESIAN_POINT('',(14.216771575996,-1.248846823721,
    15.952933559754));
#1458 = CARTESIAN_POINT('',(14.35879338141,-1.041070532605,
    15.969062600188));
#1459 = CARTESIAN_POINT('',(14.474493240604,-0.806604449013,
    15.983527996681));
#1460 = CARTESIAN_POINT('',(14.55677966984,-0.550390906849,
    15.994327161702));
#1461 = CARTESIAN_POINT('',(14.6,-0.278921890526,16.));
#1462 = CARTESIAN_POINT('',(14.6,-4.440892098501E-16,16.));
#1463 = PCURVE('',#899,#1464);
#1464 = DEFINITIONAL_REPRESENTATION('',(#1465),#1492);
#1465 = B_SPLINE_CURVE_WITH_KNOTS('',7,(#1466,#1467,#1468,#1469,#1470,
    #1471,#1472,#1473,#1474,#1475,#1476,#1477,#1478,#1479,#1480,#1481,
    #1482,#1483,#1484,#1485,#1486,#1487,#1488,#1489,#1490,#1491),
  .UNSPECIFIED.,.F.,.F.,(8,6,6,6,8),(0.,0.245433282915,0.500053838459,
    0.75467371266,1.),.UNSPECIFIED.);
#1466 = CARTESIAN_POINT('',(0.,36.4));
#1467 = CARTESIAN_POINT('',(1.744073213297E-02,36.4));
#1468 = CARTESIAN_POINT('',(3.440878063833E-02,36.443260578258));
#1469 = CARTESIAN_POINT('',(5.042707752771E-02,36.525564021918));
#1470 = CARTESIAN_POINT('',(6.509995484288E-02,36.641236090599));
#1471 = CARTESIAN_POINT('',(7.811963316311E-02,36.78319969333));
#1472 = CARTESIAN_POINT('',(8.929952459199E-02,36.943062491341));
#1473 = CARTESIAN_POINT('',(0.108272705202,37.285723231695));
#1474 = CARTESIAN_POINT('',(0.116184789758,37.473874057154));
#1475 = CARTESIAN_POINT('',(0.122416251493,37.671217285016));
#1476 = CARTESIAN_POINT('',(0.127035637643,37.874624428549));
#1477 = CARTESIAN_POINT('',(0.130096938011,38.081773508916));
#1478 = CARTESIAN_POINT('',(0.131629782541,38.29079943431));
#1479 = CARTESIAN_POINT('',(0.131629782541,38.709200005888));
#1480 = CARTESIAN_POINT('',(0.130096947639,38.918230673733));
#1481 = CARTESIAN_POINT('',(0.127035519589,39.125382659992));
#1482 = CARTESIAN_POINT('',(0.122416058028,39.32878683589));
#1483 = CARTESIAN_POINT('',(0.116184777115,39.526123222152));
#1484 = CARTESIAN_POINT('',(0.108273018829,39.714271104121));
#1485 = CARTESIAN_POINT('',(8.930325716008E-02,40.056870097476));
#1486 = CARTESIAN_POINT('',(7.812309330617E-02,40.216771575996));
#1487 = CARTESIAN_POINT('',(6.509955747378E-02,40.35879338141));
#1488 = CARTESIAN_POINT('',(5.042138616481E-02,40.474493240605));
#1489 = CARTESIAN_POINT('',(3.439944138189E-02,40.55677966984));
#1490 = CARTESIAN_POINT('',(1.743261815788E-02,40.6));
#1491 = CARTESIAN_POINT('',(0.,40.6));
#1492 = ( GEOMETRIC_REPRESENTATION_CONTEXT(2) 
PARAMETRIC_REPRESENTATION_CONTEXT() REPRESENTATION_CONTEXT('2D SPACE',''
  ) );
#1493 = PCURVE('',#1333,#1494);
#1494 = DEFINITIONAL_REPRESENTATION('',(#1495),#1522);
#1495 = B_SPLINE_CURVE_WITH_KNOTS('',7,(#1496,#1497,#1498,#1499,#1500,
    #1501,#1502,#1503,#1504,#1505,#1506,#1507,#1508,#1509,#1510,#1511,
    #1512,#1513,#1514,#1515,#1516,#1517,#1518,#1519,#1520,#1521),
  .UNSPECIFIED.,.F.,.F.,(8,6,6,6,8),(0.,0.245433282915,0.500053838459,
    0.75467371266,1.),.UNSPECIFIED.);
#1496 = CARTESIAN_POINT('',(3.14159265359,3.));
#1497 = CARTESIAN_POINT('',(3.274474422222,3.));
#1498 = CARTESIAN_POINT('',(3.403754627438,2.994321882038));
#1499 = CARTESIAN_POINT('',(3.529565883112,2.983520463912));
#1500 = CARTESIAN_POINT('',(3.651738656543,2.969060122267));
#1501 = CARTESIAN_POINT('',(3.769846314772,2.952937720311));
#1502 = CARTESIAN_POINT('',(3.883055883691,2.936937729769));
#1503 = CARTESIAN_POINT('',(4.100586043859,2.907050544885));
#1504 = CARTESIAN_POINT('',(4.207410708369,2.89285338388));
#1505 = CARTESIAN_POINT('',(4.31128451092,2.88070223462));
#1506 = CARTESIAN_POINT('',(4.412975763512,2.871236626016));
#1507 = CARTESIAN_POINT('',(4.513233665674,2.864807773732));
#1508 = CARTESIAN_POINT('',(4.61276966339,2.861588823318));
#1509 = CARTESIAN_POINT('',(4.812008030807,2.861588823318));
#1510 = CARTESIAN_POINT('',(4.911546276049,2.864807752957));
#1511 = CARTESIAN_POINT('',(5.011805587896,2.871236873876));
#1512 = CARTESIAN_POINT('',(5.113495687245,2.880702647049));
#1513 = CARTESIAN_POINT('',(5.217366344615,2.892853292557));
#1514 = CARTESIAN_POINT('',(5.324188321135,2.90705005085));
#1515 = CARTESIAN_POINT('',(5.541679282665,2.936931850104));
#1516 = CARTESIAN_POINT('',(5.654904009311,2.952933559754));
#1517 = CARTESIAN_POINT('',(5.773049312038,2.969062600188));
#1518 = CARTESIAN_POINT('',(5.895260619543,2.983527996681));
#1519 = CARTESIAN_POINT('',(6.021094504286,2.994327161702));
#1520 = CARTESIAN_POINT('',(6.15036535931,3.));
#1521 = CARTESIAN_POINT('',(6.28318530718,3.));
#1522 = ( GEOMETRIC_REPRESENTATION_CONTEXT(2) 
PARAMETRIC_REPRESENTATION_CONTEXT() REPRESENTATION_CONTEXT('2D SPACE',''
  ) );
#1523 = ORIENTED_EDGE('',*,*,#1524,.F.);
#1524 = EDGE_CURVE('',#1525,#1433,#1527,.T.);
#1525 = VERTEX_POINT('',#1526);
#1526 = CARTESIAN_POINT('',(-10.4,1.702259050815E-15,16.));
#1527 = SEAM_CURVE('',#1528,(#1532,#1539),.PCURVE_S1.);
#1528 = LINE('',#1529,#1530);
#1529 = CARTESIAN_POINT('',(-26.,3.918869757272E-15,16.));
#1530 = VECTOR('',#1531,1.);
#1531 = DIRECTION('',(1.,0.,0.));
#1532 = PCURVE('',#899,#1533);
#1533 = DEFINITIONAL_REPRESENTATION('',(#1534),#1538);
#1534 = LINE('',#1535,#1536);
#1535 = CARTESIAN_POINT('',(6.28318530718,-0.));
#1536 = VECTOR('',#1537,1.);
#1537 = DIRECTION('',(0.,1.));
#1538 = ( GEOMETRIC_REPRESENTATION_CONTEXT(2) 
PARAMETRIC_REPRESENTATION_CONTEXT() REPRESENTATION_CONTEXT('2D SPACE',''
  ) );
#1539 = PCURVE('',#899,#1540);
#1540 = DEFINITIONAL_REPRESENTATION('',(#1541),#1545);
#1541 = LINE('',#1542,#1543);
#1542 = CARTESIAN_POINT('',(0.,-0.));
#1543 = VECTOR('',#1544,1.);
#1544 = DIRECTION('',(0.,1.));
#1545 = ( GEOMETRIC_REPRESENTATION_CONTEXT(2) 
PARAMETRIC_REPRESENTATION_CONTEXT() REPRESENTATION_CONTEXT('2D SPACE',''
  ) );
#1546 = ORIENTED_EDGE('',*,*,#1547,.F.);
#1547 = EDGE_CURVE('',#1548,#1525,#1550,.T.);
#1548 = VERTEX_POINT('',#1549);
#1549 = CARTESIAN_POINT('',(-14.6,3.918869757272E-15,16.));
#1550 = SURFACE_CURVE('',#1551,(#1578,#1608),.PCURVE_S1.);
#1551 = B_SPLINE_CURVE_WITH_KNOTS('',7,(#1552,#1553,#1554,#1555,#1556,
    #1557,#1558,#1559,#1560,#1561,#1562,#1563,#1564,#1565,#1566,#1567,
    #1568,#1569,#1570,#1571,#1572,#1573,#1574,#1575,#1576,#1577),
  .UNSPECIFIED.,.F.,.F.,(8,6,6,6,8),(0.,0.245433282912,0.500053838451,
    0.754673712649,1.),.UNSPECIFIED.);
#1552 = CARTESIAN_POINT('',(-14.6,4.440892098501E-16,16.));
#1553 = CARTESIAN_POINT('',(-14.6,-0.279051714127,16.));
#1554 = CARTESIAN_POINT('',(-14.55673942174,-0.550540337742,
    15.994321882038));
#1555 = CARTESIAN_POINT('',(-14.47443597808,-0.806695301343,
    15.983520463912));
#1556 = CARTESIAN_POINT('',(-14.3587639094,-1.041076684164,
    15.969060122267));
#1557 = CARTESIAN_POINT('',(-14.21680030667,-1.248791606983,
    15.952937720311));
#1558 = CARTESIAN_POINT('',(-14.05693750865,-1.426960346664,
    15.936937729769));
#1559 = CARTESIAN_POINT('',(-13.7142767683,-1.729056426232,
    15.907050544885));
#1560 = CARTESIAN_POINT('',(-13.52612594284,-1.85486323026,
    15.89285338388));
#1561 = CARTESIAN_POINT('',(-13.32878271498,-1.953827557458,
    15.88070223462));
#1562 = CARTESIAN_POINT('',(-13.12537557145,-2.027129605329,
    15.871236626016));
#1563 = CARTESIAN_POINT('',(-12.91822649108,-2.075686641346,
    15.864807773732));
#1564 = CARTESIAN_POINT('',(-12.70920056569,-2.1,15.861588823318));
#1565 = CARTESIAN_POINT('',(-12.29079999411,-2.1,15.861588823318));
#1566 = CARTESIAN_POINT('',(-12.08176932626,-2.075686793443,
    15.864807752957));
#1567 = CARTESIAN_POINT('',(-11.87461734,-2.027127734463,15.871236873876
    ));
#1568 = CARTESIAN_POINT('',(-11.67121316411,-1.953824486756,
    15.880702647049));
#1569 = CARTESIAN_POINT('',(-11.47387677784,-1.85486301773,
    15.892853292557));
#1570 = CARTESIAN_POINT('',(-11.28572889587,-1.729061419883,
    15.90705005085));
#1571 = CARTESIAN_POINT('',(-10.94312990251,-1.427019777607,
    15.936931850105));
#1572 = CARTESIAN_POINT('',(-10.783228424,-1.248846823719,
    15.952933559754));
#1573 = CARTESIAN_POINT('',(-10.64120661859,-1.041070532613,
    15.969062600187));
#1574 = CARTESIAN_POINT('',(-10.52550675939,-0.806604449024,
    15.983527996681));
#1575 = CARTESIAN_POINT('',(-10.44322033015,-0.550390906848,
    15.994327161703));
#1576 = CARTESIAN_POINT('',(-10.4,-0.278921890513,16.));
#1577 = CARTESIAN_POINT('',(-10.4,-4.440892098501E-16,16.));
#1578 = PCURVE('',#899,#1579);
#1579 = DEFINITIONAL_REPRESENTATION('',(#1580),#1607);
#1580 = B_SPLINE_CURVE_WITH_KNOTS('',7,(#1581,#1582,#1583,#1584,#1585,
    #1586,#1587,#1588,#1589,#1590,#1591,#1592,#1593,#1594,#1595,#1596,
    #1597,#1598,#1599,#1600,#1601,#1602,#1603,#1604,#1605,#1606),
  .UNSPECIFIED.,.F.,.F.,(8,6,6,6,8),(0.,0.245433282912,0.500053838451,
    0.754673712649,1.),.UNSPECIFIED.);
#1581 = CARTESIAN_POINT('',(0.,11.4));
#1582 = CARTESIAN_POINT('',(1.744073213297E-02,11.4));
#1583 = CARTESIAN_POINT('',(3.440878063835E-02,11.443260578258));
#1584 = CARTESIAN_POINT('',(5.042707752768E-02,11.525564021918));
#1585 = CARTESIAN_POINT('',(6.509995484291E-02,11.641236090599));
#1586 = CARTESIAN_POINT('',(7.811963316309E-02,11.78319969333));
#1587 = CARTESIAN_POINT('',(8.929952459199E-02,11.943062491341));
#1588 = CARTESIAN_POINT('',(0.108272705202,12.285723231694));
#1589 = CARTESIAN_POINT('',(0.116184789758,12.473874057154));
#1590 = CARTESIAN_POINT('',(0.122416251493,12.671217285015));
#1591 = CARTESIAN_POINT('',(0.127035637643,12.87462442855));
#1592 = CARTESIAN_POINT('',(0.130096938011,13.081773508916));
#1593 = CARTESIAN_POINT('',(0.131629782541,13.29079943431));
#1594 = CARTESIAN_POINT('',(0.131629782541,13.709200005887));
#1595 = CARTESIAN_POINT('',(0.130096947639,13.918230673734));
#1596 = CARTESIAN_POINT('',(0.127035519589,14.125382659991));
#1597 = CARTESIAN_POINT('',(0.122416058028,14.32878683589));
#1598 = CARTESIAN_POINT('',(0.116184777115,14.526123222152));
#1599 = CARTESIAN_POINT('',(0.108273018829,14.714271104121));
#1600 = CARTESIAN_POINT('',(8.93032571595E-02,15.056870097487));
#1601 = CARTESIAN_POINT('',(7.812309330604E-02,15.216771575993));
#1602 = CARTESIAN_POINT('',(6.509955747432E-02,15.358793381403));
#1603 = CARTESIAN_POINT('',(5.042138616553E-02,15.474493240603));
#1604 = CARTESIAN_POINT('',(3.439944138178E-02,15.556779669844));
#1605 = CARTESIAN_POINT('',(1.743261815708E-02,15.6));
#1606 = CARTESIAN_POINT('',(0.,15.6));
#1607 = ( GEOMETRIC_REPRESENTATION_CONTEXT(2) 
PARAMETRIC_REPRESENTATION_CONTEXT() REPRESENTATION_CONTEXT('2D SPACE',''
  ) );
#1608 = PCURVE('',#1302,#1609);
#1609 = DEFINITIONAL_REPRESENTATION('',(#1610),#1637);
#1610 = B_SPLINE_CURVE_WITH_KNOTS('',7,(#1611,#1612,#1613,#1614,#1615,
    #1616,#1617,#1618,#1619,#1620,#1621,#1622,#1623,#1624,#1625,#1626,
    #1627,#1628,#1629,#1630,#1631,#1632,#1633,#1634,#1635,#1636),
  .UNSPECIFIED.,.F.,.F.,(8,6,6,6,8),(0.,0.245433282912,0.500053838451,
    0.754673712649,1.),.UNSPECIFIED.);
#1611 = CARTESIAN_POINT('',(3.14159265359,3.));
#1612 = CARTESIAN_POINT('',(3.274474422222,3.));
#1613 = CARTESIAN_POINT('',(3.403754627438,2.994321882038));
#1614 = CARTESIAN_POINT('',(3.529565883112,2.983520463912));
#1615 = CARTESIAN_POINT('',(3.651738656543,2.969060122267));
#1616 = CARTESIAN_POINT('',(3.769846314772,2.952937720311));
#1617 = CARTESIAN_POINT('',(3.883055883691,2.936937729769));
#1618 = CARTESIAN_POINT('',(4.100586043859,2.907050544885));
#1619 = CARTESIAN_POINT('',(4.20741070837,2.89285338388));
#1620 = CARTESIAN_POINT('',(4.311284510919,2.88070223462));
#1621 = CARTESIAN_POINT('',(4.412975763512,2.871236626016));
#1622 = CARTESIAN_POINT('',(4.513233665674,2.864807773732));
#1623 = CARTESIAN_POINT('',(4.61276966339,2.861588823318));
#1624 = CARTESIAN_POINT('',(4.812008030807,2.861588823318));
#1625 = CARTESIAN_POINT('',(4.91154627605,2.864807752957));
#1626 = CARTESIAN_POINT('',(5.011805587895,2.871236873876));
#1627 = CARTESIAN_POINT('',(5.113495687245,2.880702647049));
#1628 = CARTESIAN_POINT('',(5.217366344615,2.892853292557));
#1629 = CARTESIAN_POINT('',(5.324188321135,2.90705005085));
#1630 = CARTESIAN_POINT('',(5.541679282672,2.936931850105));
#1631 = CARTESIAN_POINT('',(5.654904009311,2.952933559754));
#1632 = CARTESIAN_POINT('',(5.773049312033,2.969062600187));
#1633 = CARTESIAN_POINT('',(5.895260619538,2.983527996681));
#1634 = CARTESIAN_POINT('',(6.021094504286,2.994327161703));
#1635 = CARTESIAN_POINT('',(6.150365359316,3.));
#1636 = CARTESIAN_POINT('',(6.28318530718,3.));
#1637 = ( GEOMETRIC_REPRESENTATION_CONTEXT(2) 
PARAMETRIC_REPRESENTATION_CONTEXT() REPRESENTATION_CONTEXT('2D SPACE',''
  ) );
#1638 = ORIENTED_EDGE('',*,*,#1639,.F.);
#1639 = EDGE_CURVE('',#883,#1548,#1640,.T.);
#1640 = SEAM_CURVE('',#1641,(#1645,#1652),.PCURVE_S1.);
#1641 = LINE('',#1642,#1643);
#1642 = CARTESIAN_POINT('',(-26.,3.918869757272E-15,16.));
#1643 = VECTOR('',#1644,1.);
#1644 = DIRECTION('',(1.,0.,0.));
#1645 = PCURVE('',#899,#1646);
#1646 = DEFINITIONAL_REPRESENTATION('',(#1647),#1651);
#1647 = LINE('',#1648,#1649);
#1648 = CARTESIAN_POINT('',(6.28318530718,-0.));
#1649 = VECTOR('',#1650,1.);
#1650 = DIRECTION('',(0.,1.));
#1651 = ( GEOMETRIC_REPRESENTATION_CONTEXT(2) 
PARAMETRIC_REPRESENTATION_CONTEXT() REPRESENTATION_CONTEXT('2D SPACE',''
  ) );
#1652 = PCURVE('',#899,#1653);
#1653 = DEFINITIONAL_REPRESENTATION('',(#1654),#1658);
#1654 = LINE('',#1655,#1656);
#1655 = CARTESIAN_POINT('',(0.,-0.));
#1656 = VECTOR('',#1657,1.);
#1657 = DIRECTION('',(0.,1.));
#1658 = ( GEOMETRIC_REPRESENTATION_CONTEXT(2) 
PARAMETRIC_REPRESENTATION_CONTEXT() REPRESENTATION_CONTEXT('2D SPACE',''
  ) );
#1659 = ORIENTED_EDGE('',*,*,#882,.T.);
#1660 = ORIENTED_EDGE('',*,*,#1639,.T.);
#1661 = ORIENTED_EDGE('',*,*,#1662,.F.);
#1662 = EDGE_CURVE('',#1525,#1548,#1663,.T.);
#1663 = SURFACE_CURVE('',#1664,(#1691,#1721),.PCURVE_S1.);
#1664 = B_SPLINE_CURVE_WITH_KNOTS('',7,(#1665,#1666,#1667,#1668,#1669,
    #1670,#1671,#1672,#1673,#1674,#1675,#1676,#1677,#1678,#1679,#1680,
    #1681,#1682,#1683,#1684,#1685,#1686,#1687,#1688,#1689,#1690),
  .UNSPECIFIED.,.F.,.F.,(8,6,6,6,8),(0.,0.245407966375,0.500010304085,
    0.754626058471,1.),.UNSPECIFIED.);
#1665 = CARTESIAN_POINT('',(-10.4,1.702259050815E-15,16.));
#1666 = CARTESIAN_POINT('',(-10.4,0.279051714128,16.));
#1667 = CARTESIAN_POINT('',(-10.44326057825,0.550540337742,
    15.994321882038));
#1668 = CARTESIAN_POINT('',(-10.52556402191,0.806695301344,
    15.983520463912));
#1669 = CARTESIAN_POINT('',(-10.64123609059,1.041076684163,
    15.969060122267));
#1670 = CARTESIAN_POINT('',(-10.78319969333,1.248791606984,
    15.952937720311));
#1671 = CARTESIAN_POINT('',(-10.94306249134,1.426960346664,
    15.936937729769));
#1672 = CARTESIAN_POINT('',(-11.28572874602,1.729061287769,
    15.90705006392));
#1673 = CARTESIAN_POINT('',(-11.47387484752,1.854861424315,
    15.892853452045));
#1674 = CARTESIAN_POINT('',(-11.67121141678,1.953824331311,
    15.880702727165));
#1675 = CARTESIAN_POINT('',(-11.87461996573,2.027130023739,
    15.87123656305));
#1676 = CARTESIAN_POINT('',(-12.08177823474,2.07568930923,
    15.864807422751));
#1677 = CARTESIAN_POINT('',(-12.29081101094,2.1,15.861588823318));
#1678 = CARTESIAN_POINT('',(-12.70920001259,2.1,15.861588823318));
#1679 = CARTESIAN_POINT('',(-12.91823065733,2.075686791744,15.8648077531
    ));
#1680 = CARTESIAN_POINT('',(-13.12538267184,2.027127742505,
    15.871236873115));
#1681 = CARTESIAN_POINT('',(-13.32878684178,1.953824471651,
    15.880702648547));
#1682 = CARTESIAN_POINT('',(-13.52612320907,1.854863031281,
    15.892853291199));
#1683 = CARTESIAN_POINT('',(-13.71427110996,1.729061414729,
    15.90705005136));
#1684 = CARTESIAN_POINT('',(-14.05690546863,1.426988593747,
    15.936934935208));
#1685 = CARTESIAN_POINT('',(-14.21678208434,1.248821896625,
    15.952935347055));
#1686 = CARTESIAN_POINT('',(-14.35877340692,1.041081322973,
    15.969060691343));
#1687 = CARTESIAN_POINT('',(-14.47446236975,0.80665829222,
    15.983523918675));
#1688 = CARTESIAN_POINT('',(-14.5567600294,0.550469019569,
    15.994324590389));
#1689 = CARTESIAN_POINT('',(-14.6,0.2789852614,16.));
#1690 = CARTESIAN_POINT('',(-14.6,2.345198620367E-15,16.));
#1691 = PCURVE('',#899,#1692);
#1692 = DEFINITIONAL_REPRESENTATION('',(#1693),#1720);
#1693 = B_SPLINE_CURVE_WITH_KNOTS('',7,(#1694,#1695,#1696,#1697,#1698,
    #1699,#1700,#1701,#1702,#1703,#1704,#1705,#1706,#1707,#1708,#1709,
    #1710,#1711,#1712,#1713,#1714,#1715,#1716,#1717,#1718,#1719),
  .UNSPECIFIED.,.F.,.F.,(8,6,6,6,8),(0.,0.245407966375,0.500010304085,
    0.754626058471,1.),.UNSPECIFIED.);
#1694 = CARTESIAN_POINT('',(6.28318530718,15.6));
#1695 = CARTESIAN_POINT('',(6.265744575047,15.6));
#1696 = CARTESIAN_POINT('',(6.248776526541,15.556739421742));
#1697 = CARTESIAN_POINT('',(6.232758229652,15.474435978082));
#1698 = CARTESIAN_POINT('',(6.218085352337,15.358763909401));
#1699 = CARTESIAN_POINT('',(6.205065674016,15.21680030667));
#1700 = CARTESIAN_POINT('',(6.193885782588,15.056937508659));
#1701 = CARTESIAN_POINT('',(6.174912296648,14.714271253975));
#1702 = CARTESIAN_POINT('',(6.167000630115,14.526125152471));
#1703 = CARTESIAN_POINT('',(6.160769259444,14.328788583211));
#1704 = CARTESIAN_POINT('',(6.156149643163,14.125380034268));
#1705 = CARTESIAN_POINT('',(6.153088200976,13.918221765252));
#1706 = CARTESIAN_POINT('',(6.151555524639,13.709188989051));
#1707 = CARTESIAN_POINT('',(6.151555524639,13.290799987402));
#1708 = CARTESIAN_POINT('',(6.153088359647,13.081769342663));
#1709 = CARTESIAN_POINT('',(6.156149787086,12.87461732816));
#1710 = CARTESIAN_POINT('',(6.1607692501,12.671213158217));
#1711 = CARTESIAN_POINT('',(6.167000529214,12.47387679093));
#1712 = CARTESIAN_POINT('',(6.174912288674,12.285728890033));
#1713 = CARTESIAN_POINT('',(6.193884008526,11.943094531367));
#1714 = CARTESIAN_POINT('',(6.205063775269,11.783217915655));
#1715 = CARTESIAN_POINT('',(6.218085067445,11.641226593071));
#1716 = CARTESIAN_POINT('',(6.232760549253,11.525537630248));
#1717 = CARTESIAN_POINT('',(6.248780983943,11.443239970592));
#1718 = CARTESIAN_POINT('',(6.265748728342,11.4));
#1719 = CARTESIAN_POINT('',(6.28318530718,11.4));
#1720 = ( GEOMETRIC_REPRESENTATION_CONTEXT(2) 
PARAMETRIC_REPRESENTATION_CONTEXT() REPRESENTATION_CONTEXT('2D SPACE',''
  ) );
#1721 = PCURVE('',#1302,#1722);
#1722 = DEFINITIONAL_REPRESENTATION('',(#1723),#1750);
#1723 = B_SPLINE_CURVE_WITH_KNOTS('',7,(#1724,#1725,#1726,#1727,#1728,
    #1729,#1730,#1731,#1732,#1733,#1734,#1735,#1736,#1737,#1738,#1739,
    #1740,#1741,#1742,#1743,#1744,#1745,#1746,#1747,#1748,#1749),
  .UNSPECIFIED.,.F.,.F.,(8,6,6,6,8),(0.,0.245407966375,0.500010304085,
    0.754626058471,1.),.UNSPECIFIED.);
#1724 = CARTESIAN_POINT('',(0.,3.));
#1725 = CARTESIAN_POINT('',(0.132881768632,3.));
#1726 = CARTESIAN_POINT('',(0.262161973848,2.994321882038));
#1727 = CARTESIAN_POINT('',(0.387973229522,2.983520463912));
#1728 = CARTESIAN_POINT('',(0.510146002953,2.969060122267));
#1729 = CARTESIAN_POINT('',(0.628253661182,2.952937720311));
#1730 = CARTESIAN_POINT('',(0.741463230101,2.936937729769));
#1731 = CARTESIAN_POINT('',(0.958996890913,2.90705006392));
#1732 = CARTESIAN_POINT('',(1.065817778719,2.892853452045));
#1733 = CARTESIAN_POINT('',(1.169688910721,2.880702727165));
#1734 = CARTESIAN_POINT('',(1.271381246868,2.87123656305));
#1735 = CARTESIAN_POINT('',(1.371643257996,2.864807422751));
#1736 = CARTESIAN_POINT('',(1.471182522485,2.861588823318));
#1737 = CARTESIAN_POINT('',(1.670415380413,2.861588823318));
#1738 = CARTESIAN_POINT('',(1.769953615053,2.8648077531));
#1739 = CARTESIAN_POINT('',(1.870212938386,2.871236873115));
#1740 = CARTESIAN_POINT('',(1.971903039151,2.880702648547));
#1741 = CARTESIAN_POINT('',(2.075773682425,2.892853291199));
#1742 = CARTESIAN_POINT('',(2.182595671257,2.90705005136));
#1743 = CARTESIAN_POINT('',(2.400109083627,2.936934935208));
#1744 = CARTESIAN_POINT('',(2.513322948518,2.952935347055));
#1745 = CARTESIAN_POINT('',(2.631447425736,2.969060691343));
#1746 = CARTESIAN_POINT('',(2.753639749063,2.983523918675));
#1747 = CARTESIAN_POINT('',(2.879464648061,2.994324590389));
#1748 = CARTESIAN_POINT('',(3.008742529114,3.));
#1749 = CARTESIAN_POINT('',(3.14159265359,3.));
#1750 = ( GEOMETRIC_REPRESENTATION_CONTEXT(2) 
PARAMETRIC_REPRESENTATION_CONTEXT() REPRESENTATION_CONTEXT('2D SPACE',''
  ) );
#1751 = ORIENTED_EDGE('',*,*,#1524,.T.);
#1752 = ORIENTED_EDGE('',*,*,#1753,.F.);
#1753 = EDGE_CURVE('',#1410,#1433,#1754,.T.);
#1754 = SURFACE_CURVE('',#1755,(#1782,#1812),.PCURVE_S1.);
#1755 = B_SPLINE_CURVE_WITH_KNOTS('',7,(#1756,#1757,#1758,#1759,#1760,
    #1761,#1762,#1763,#1764,#1765,#1766,#1767,#1768,#1769,#1770,#1771,
    #1772,#1773,#1774,#1775,#1776,#1777,#1778,#1779,#1780,#1781),
  .UNSPECIFIED.,.F.,.F.,(8,6,6,6,8),(0.,0.245407972329,0.500010316215,
    0.75462606861,1.),.UNSPECIFIED.);
#1756 = CARTESIAN_POINT('',(14.6,1.702259050815E-15,16.));
#1757 = CARTESIAN_POINT('',(14.6,0.279051714128,16.));
#1758 = CARTESIAN_POINT('',(14.556739421742,0.550540337742,
    15.994321882038));
#1759 = CARTESIAN_POINT('',(14.474435978082,0.806695301344,
    15.983520463912));
#1760 = CARTESIAN_POINT('',(14.358763909401,1.041076684163,
    15.969060122267));
#1761 = CARTESIAN_POINT('',(14.21680030667,1.248791606984,
    15.952937720311));
#1762 = CARTESIAN_POINT('',(14.056937508659,1.426960346664,
    15.936937729769));
#1763 = CARTESIAN_POINT('',(13.714271253975,1.729061287769,
    15.90705006392));
#1764 = CARTESIAN_POINT('',(13.526125152471,1.854861424315,
    15.892853452045));
#1765 = CARTESIAN_POINT('',(13.328788583211,1.953824331312,
    15.880702727165));
#1766 = CARTESIAN_POINT('',(13.125380034269,2.027130023739,
    15.87123656305));
#1767 = CARTESIAN_POINT('',(12.918221765252,2.07568930923,
    15.864807422751));
#1768 = CARTESIAN_POINT('',(12.709188989051,2.1,15.861588823318));
#1769 = CARTESIAN_POINT('',(12.290799994112,2.1,15.861588823318));
#1770 = CARTESIAN_POINT('',(12.081769326266,2.075686793443,
    15.864807752957));
#1771 = CARTESIAN_POINT('',(11.874617340009,2.027127734463,
    15.871236873876));
#1772 = CARTESIAN_POINT('',(11.67121316411,1.953824486756,
    15.880702647049));
#1773 = CARTESIAN_POINT('',(11.473876777848,1.85486301773,
    15.892853292557));
#1774 = CARTESIAN_POINT('',(11.285728895879,1.729061419883,
    15.90705005085));
#1775 = CARTESIAN_POINT('',(10.943094531367,1.426988593747,
    15.936934935208));
#1776 = CARTESIAN_POINT('',(10.783217915655,1.248821896625,
    15.952935347055));
#1777 = CARTESIAN_POINT('',(10.641226593071,1.041081322973,
    15.969060691343));
#1778 = CARTESIAN_POINT('',(10.525537630248,0.80665829222,
    15.983523918675));
#1779 = CARTESIAN_POINT('',(10.443239970592,0.550469019569,
    15.994324590389));
#1780 = CARTESIAN_POINT('',(10.4,0.2789852614,16.));
#1781 = CARTESIAN_POINT('',(10.4,2.345198620367E-15,16.));
#1782 = PCURVE('',#899,#1783);
#1783 = DEFINITIONAL_REPRESENTATION('',(#1784),#1811);
#1784 = B_SPLINE_CURVE_WITH_KNOTS('',7,(#1785,#1786,#1787,#1788,#1789,
    #1790,#1791,#1792,#1793,#1794,#1795,#1796,#1797,#1798,#1799,#1800,
    #1801,#1802,#1803,#1804,#1805,#1806,#1807,#1808,#1809,#1810),
  .UNSPECIFIED.,.F.,.F.,(8,6,6,6,8),(0.,0.245407972329,0.500010316215,
    0.75462606861,1.),.UNSPECIFIED.);
#1785 = CARTESIAN_POINT('',(6.28318530718,40.6));
#1786 = CARTESIAN_POINT('',(6.265744575047,40.6));
#1787 = CARTESIAN_POINT('',(6.248776526541,40.556739421742));
#1788 = CARTESIAN_POINT('',(6.232758229652,40.474435978082));
#1789 = CARTESIAN_POINT('',(6.218085352337,40.358763909401));
#1790 = CARTESIAN_POINT('',(6.205065674016,40.21680030667));
#1791 = CARTESIAN_POINT('',(6.193885782588,40.056937508659));
#1792 = CARTESIAN_POINT('',(6.174912296648,39.714271253975));
#1793 = CARTESIAN_POINT('',(6.167000630115,39.526125152471));
#1794 = CARTESIAN_POINT('',(6.160769259444,39.328788583211));
#1795 = CARTESIAN_POINT('',(6.156149643163,39.125380034269));
#1796 = CARTESIAN_POINT('',(6.153088200976,38.918221765252));
#1797 = CARTESIAN_POINT('',(6.151555524639,38.709188989051));
#1798 = CARTESIAN_POINT('',(6.151555524639,38.290799994112));
#1799 = CARTESIAN_POINT('',(6.153088359541,38.081769326266));
#1800 = CARTESIAN_POINT('',(6.156149787591,37.874617340009));
#1801 = CARTESIAN_POINT('',(6.160769249152,37.67121316411));
#1802 = CARTESIAN_POINT('',(6.167000530065,37.473876777848));
#1803 = CARTESIAN_POINT('',(6.174912288351,37.285728895879));
#1804 = CARTESIAN_POINT('',(6.193884008526,36.943094531367));
#1805 = CARTESIAN_POINT('',(6.205063775269,36.783217915655));
#1806 = CARTESIAN_POINT('',(6.218085067445,36.641226593071));
#1807 = CARTESIAN_POINT('',(6.232760549253,36.525537630248));
#1808 = CARTESIAN_POINT('',(6.248780983942,36.443239970592));
#1809 = CARTESIAN_POINT('',(6.265748728342,36.4));
#1810 = CARTESIAN_POINT('',(6.28318530718,36.4));
#1811 = ( GEOMETRIC_REPRESENTATION_CONTEXT(2) 
PARAMETRIC_REPRESENTATION_CONTEXT() REPRESENTATION_CONTEXT('2D SPACE',''
  ) );
#1812 = PCURVE('',#1333,#1813);
#1813 = DEFINITIONAL_REPRESENTATION('',(#1814),#1841);
#1814 = B_SPLINE_CURVE_WITH_KNOTS('',7,(#1815,#1816,#1817,#1818,#1819,
    #1820,#1821,#1822,#1823,#1824,#1825,#1826,#1827,#1828,#1829,#1830,
    #1831,#1832,#1833,#1834,#1835,#1836,#1837,#1838,#1839,#1840),
  .UNSPECIFIED.,.F.,.F.,(8,6,6,6,8),(0.,0.245407972329,0.500010316215,
    0.75462606861,1.),.UNSPECIFIED.);
#1815 = CARTESIAN_POINT('',(0.,3.));
#1816 = CARTESIAN_POINT('',(0.132881768632,3.));
#1817 = CARTESIAN_POINT('',(0.262161973848,2.994321882038));
#1818 = CARTESIAN_POINT('',(0.387973229522,2.983520463912));
#1819 = CARTESIAN_POINT('',(0.510146002953,2.969060122267));
#1820 = CARTESIAN_POINT('',(0.628253661182,2.952937720311));
#1821 = CARTESIAN_POINT('',(0.741463230101,2.936937729769));
#1822 = CARTESIAN_POINT('',(0.958996890913,2.90705006392));
#1823 = CARTESIAN_POINT('',(1.065817778719,2.892853452045));
#1824 = CARTESIAN_POINT('',(1.169688910721,2.880702727165));
#1825 = CARTESIAN_POINT('',(1.271381246867,2.87123656305));
#1826 = CARTESIAN_POINT('',(1.371643257996,2.864807422751));
#1827 = CARTESIAN_POINT('',(1.471182522485,2.861588823318));
#1828 = CARTESIAN_POINT('',(1.670415377218,2.861588823318));
#1829 = CARTESIAN_POINT('',(1.76995362246,2.864807752957));
#1830 = CARTESIAN_POINT('',(1.870212934305,2.871236873876));
#1831 = CARTESIAN_POINT('',(1.971903033655,2.880702647049));
#1832 = CARTESIAN_POINT('',(2.075773691025,2.892853292557));
#1833 = CARTESIAN_POINT('',(2.182595667545,2.90705005085));
#1834 = CARTESIAN_POINT('',(2.400109083627,2.936934935208));
#1835 = CARTESIAN_POINT('',(2.513322948518,2.952935347055));
#1836 = CARTESIAN_POINT('',(2.631447425736,2.969060691343));
#1837 = CARTESIAN_POINT('',(2.753639749063,2.983523918675));
#1838 = CARTESIAN_POINT('',(2.87946464806,2.994324590389));
#1839 = CARTESIAN_POINT('',(3.008742529114,3.));
#1840 = CARTESIAN_POINT('',(3.14159265359,3.));
#1841 = ( GEOMETRIC_REPRESENTATION_CONTEXT(2) 
PARAMETRIC_REPRESENTATION_CONTEXT() REPRESENTATION_CONTEXT('2D SPACE',''
  ) );
#1842 = ORIENTED_EDGE('',*,*,#1409,.T.);
#1843 = ADVANCED_FACE('',(#1844),#953,.F.);
#1844 = FACE_BOUND('',#1845,.F.);
#1845 = EDGE_LOOP('',(#1846,#1847,#1848,#1849));
#1846 = ORIENTED_EDGE('',*,*,#991,.F.);
#1847 = ORIENTED_EDGE('',*,*,#937,.T.);
#1848 = ORIENTED_EDGE('',*,*,#1213,.T.);
#1849 = ORIENTED_EDGE('',*,*,#1093,.F.);
#1850 = ADVANCED_FACE('',(#1851),#1055,.F.);
#1851 = FACE_BOUND('',#1852,.F.);
#1852 = EDGE_LOOP('',(#1853,#1854,#1875,#1876));
#1853 = ORIENTED_EDGE('',*,*,#1259,.F.);
#1854 = ORIENTED_EDGE('',*,*,#1855,.F.);
#1855 = EDGE_CURVE('',#1039,#1260,#1856,.T.);
#1856 = SEAM_CURVE('',#1857,(#1861,#1868),.PCURVE_S1.);
#1857 = LINE('',#1858,#1859);
#1858 = CARTESIAN_POINT('',(2.1,-12.5,13.));
#1859 = VECTOR('',#1860,1.);
#1860 = DIRECTION('',(0.,0.,1.));
#1861 = PCURVE('',#1055,#1862);
#1862 = DEFINITIONAL_REPRESENTATION('',(#1863),#1867);
#1863 = LINE('',#1864,#1865);
#1864 = CARTESIAN_POINT('',(6.28318530718,-0.));
#1865 = VECTOR('',#1866,1.);
#1866 = DIRECTION('',(0.,1.));
#1867 = ( GEOMETRIC_REPRESENTATION_CONTEXT(2) 
PARAMETRIC_REPRESENTATION_CONTEXT() REPRESENTATION_CONTEXT('2D SPACE',''
  ) );
#1868 = PCURVE('',#1055,#1869);
#1869 = DEFINITIONAL_REPRESENTATION('',(#1870),#1874);
#1870 = LINE('',#1871,#1872);
#1871 = CARTESIAN_POINT('',(0.,-0.));
#1872 = VECTOR('',#1873,1.);
#1873 = DIRECTION('',(0.,1.));
#1874 = ( GEOMETRIC_REPRESENTATION_CONTEXT(2) 
PARAMETRIC_REPRESENTATION_CONTEXT() REPRESENTATION_CONTEXT('2D SPACE',''
  ) );
#1875 = ORIENTED_EDGE('',*,*,#1038,.T.);
#1876 = ORIENTED_EDGE('',*,*,#1855,.T.);
#1877 = ADVANCED_FACE('',(#1878),#1302,.F.);
#1878 = FACE_BOUND('',#1879,.F.);
#1879 = EDGE_LOOP('',(#1880,#1881,#1902,#1903,#1904));
#1880 = ORIENTED_EDGE('',*,*,#1285,.F.);
#1881 = ORIENTED_EDGE('',*,*,#1882,.F.);
#1882 = EDGE_CURVE('',#1525,#1286,#1883,.T.);
#1883 = SEAM_CURVE('',#1884,(#1888,#1895),.PCURVE_S1.);
#1884 = LINE('',#1885,#1886);
#1885 = CARTESIAN_POINT('',(-10.4,-5.143516556419E-16,13.));
#1886 = VECTOR('',#1887,1.);
#1887 = DIRECTION('',(0.,0.,1.));
#1888 = PCURVE('',#1302,#1889);
#1889 = DEFINITIONAL_REPRESENTATION('',(#1890),#1894);
#1890 = LINE('',#1891,#1892);
#1891 = CARTESIAN_POINT('',(6.28318530718,-0.));
#1892 = VECTOR('',#1893,1.);
#1893 = DIRECTION('',(0.,1.));
#1894 = ( GEOMETRIC_REPRESENTATION_CONTEXT(2) 
PARAMETRIC_REPRESENTATION_CONTEXT() REPRESENTATION_CONTEXT('2D SPACE',''
  ) );
#1895 = PCURVE('',#1302,#1896);
#1896 = DEFINITIONAL_REPRESENTATION('',(#1897),#1901);
#1897 = LINE('',#1898,#1899);
#1898 = CARTESIAN_POINT('',(0.,-0.));
#1899 = VECTOR('',#1900,1.);
#1900 = DIRECTION('',(0.,1.));
#1901 = ( GEOMETRIC_REPRESENTATION_CONTEXT(2) 
PARAMETRIC_REPRESENTATION_CONTEXT() REPRESENTATION_CONTEXT('2D SPACE',''
  ) );
#1902 = ORIENTED_EDGE('',*,*,#1662,.T.);
#1903 = ORIENTED_EDGE('',*,*,#1547,.T.);
#1904 = ORIENTED_EDGE('',*,*,#1882,.T.);
#1905 = ADVANCED_FACE('',(#1906),#1333,.F.);
#1906 = FACE_BOUND('',#1907,.F.);
#1907 = EDGE_LOOP('',(#1908,#1909,#1930,#1931,#1932));
#1908 = ORIENTED_EDGE('',*,*,#1316,.F.);
#1909 = ORIENTED_EDGE('',*,*,#1910,.F.);
#1910 = EDGE_CURVE('',#1410,#1317,#1911,.T.);
#1911 = SEAM_CURVE('',#1912,(#1916,#1923),.PCURVE_S1.);
#1912 = LINE('',#1913,#1914);
#1913 = CARTESIAN_POINT('',(14.6,-5.143516556419E-16,13.));
#1914 = VECTOR('',#1915,1.);
#1915 = DIRECTION('',(0.,0.,1.));
#1916 = PCURVE('',#1333,#1917);
#1917 = DEFINITIONAL_REPRESENTATION('',(#1918),#1922);
#1918 = LINE('',#1919,#1920);
#1919 = CARTESIAN_POINT('',(6.28318530718,-0.));
#1920 = VECTOR('',#1921,1.);
#1921 = DIRECTION('',(0.,1.));
#1922 = ( GEOMETRIC_REPRESENTATION_CONTEXT(2) 
PARAMETRIC_REPRESENTATION_CONTEXT() REPRESENTATION_CONTEXT('2D SPACE',''
  ) );
#1923 = PCURVE('',#1333,#1924);
#1924 = DEFINITIONAL_REPRESENTATION('',(#1925),#1929);
#1925 = LINE('',#1926,#1927);
#1926 = CARTESIAN_POINT('',(0.,-0.));
#1927 = VECTOR('',#1928,1.);
#1928 = DIRECTION('',(0.,1.));
#1929 = ( GEOMETRIC_REPRESENTATION_CONTEXT(2) 
PARAMETRIC_REPRESENTATION_CONTEXT() REPRESENTATION_CONTEXT('2D SPACE',''
  ) );
#1930 = ORIENTED_EDGE('',*,*,#1753,.T.);
#1931 = ORIENTED_EDGE('',*,*,#1432,.T.);
#1932 = ORIENTED_EDGE('',*,*,#1910,.T.);
#1933 = ( GEOMETRIC_REPRESENTATION_CONTEXT(3) 
GLOBAL_UNCERTAINTY_ASSIGNED_CONTEXT((#1937)) 
GLOBAL_UNIT_ASSIGNED_CONTEXT((#1934,#1935,#1936)) REPRESENTATION_CONTEXT
('Context #1','3D Context with UNIT and UNCERTAINTY') );
#1934 = ( LENGTH_UNIT() NAMED_UNIT(*) SI_UNIT(.MILLI.,.METRE.) );
#1935 = ( NAMED_UNIT(*) PLANE_ANGLE_UNIT() SI_UNIT($,.RADIAN.) );
#1936 = ( NAMED_UNIT(*) SI_UNIT($,.STERADIAN.) SOLID_ANGLE_UNIT() );
#1937 = UNCERTAINTY_MEASURE_WITH_UNIT(LENGTH_MEASURE(1.E-07),#1934,
  'distance_accuracy_value','confusion accuracy');
#1938 = PRODUCT_RELATED_PRODUCT_CATEGORY('part',$,(#7));
ENDSEC;
END-ISO-10303-21;
