ISO-10303-21;
HEADER;
FILE_NAME('Open CASCADE Shape Model','2026-09-28T23:37:59',('Author'),(
    'Open CASCADE'),'Open CASCADE STEP processor 8.0','Open CASCADE 8.0'
  ,'Unknown');
FILE_DESCRIPTION(('Open CASCADE Model'),'2;1');
FILE_SCHEMA((''));
ENDSEC;
DATA;
#1 = APPLICATION_PROTOCOL_DEFINITION('international standard',
  'automotive_design',2000,#2);
#2 = APPLICATION_CONTEXT(
  'core data for automotive mechanical design processes');
#3 = SHAPE_DEFINITION_REPRESENTATION(#4,#10);
#4 = PRODUCT_DEFINITION_SHAPE('','',#5);
#5 = PRODUCT_DEFINITION('design','',#6,#9);
#6 = PRODUCT_DEFINITION_FORMATION('','',#7);
#7 = PRODUCT('Open CASCADE STEP translator 8.0 1',
  'Open CASCADE STEP translator 8.0 1','',(#8));
#8 = PRODUCT_CONTEXT('',#2,'mechanical');
#9 = PRODUCT_DEFINITION_CONTEXT('part definition',#2,'design');
#10 = ADVANCED_BREP_SHAPE_REPRESENTATION('',(#11,#15),#4519);
#11 = AXIS2_PLACEMENT_3D('',#12,#13,#14);
#12 = CARTESIAN_POINT('',(0.,0.,0.));
#13 = DIRECTION('',(0.,0.,1.));
#14 = DIRECTION('',(1.,0.,-0.));
#15 = MANIFOLD_SOLID_BREP('',#16);
#16 = CLOSED_SHELL('',(#17,#2351,#2567,#2778,#2989,#3019,#3049,#3125,
    #3221,#3495,#3542,#3548,#3597,#3627,#3817,#3893,#3968,#4017,#4091,
    #4342,#4369,#4395,#4505,#4512));
#17 = ADVANCED_FACE('',(#18,#738,#1507,#1678),#55,.T.);
#18 = FACE_BOUND('',#19,.T.);
#19 = EDGE_LOOP('',(#20,#124,#147,#174,#175,#265,#288,#385,#408,#505,
    #528,#555,#556,#646,#647,#737));
#20 = ORIENTED_EDGE('',*,*,#21,.F.);
#21 = EDGE_CURVE('',#22,#24,#26,.T.);
#22 = VERTEX_POINT('',#23);
#23 = CARTESIAN_POINT('',(14.6,2.130885430516E-15,19.5));
#24 = VERTEX_POINT('',#25);
#25 = CARTESIAN_POINT('',(10.4,4.776122516675E-15,19.5));
#26 = SURFACE_CURVE('',#27,(#54,#89),.PCURVE_S1.);
#27 = B_SPLINE_CURVE_WITH_KNOTS('',7,(#28,#29,#30,#31,#32,#33,#34,#35,
    #36,#37,#38,#39,#40,#41,#42,#43,#44,#45,#46,#47,#48,#49,#50,#51,#52,
    #53),.UNSPECIFIED.,.F.,.F.,(8,6,6,6,8),(0.,0.24535142628,
    0.500010395487,0.75468230966,1.),.UNSPECIFIED.);
#28 = CARTESIAN_POINT('',(14.6,2.130885430516E-15,19.5));
#29 = CARTESIAN_POINT('',(14.6,0.278902117558,19.5));
#30 = CARTESIAN_POINT('',(14.556785769971,0.550347615411,19.495346047927
    ));
#31 = CARTESIAN_POINT('',(14.474513546831,0.80653100283,19.486486576332)
  );
#32 = CARTESIAN_POINT('',(14.358840635414,1.040967401937,19.474624057113
    ));
#33 = CARTESIAN_POINT('',(14.216853920602,1.248733918973,19.461404022639
    ));
#34 = CARTESIAN_POINT('',(14.056960987171,1.426939647571,19.448289865195
    ));
#35 = CARTESIAN_POINT('',(13.714167856295,1.729152445086,19.423796708051
    ));
#36 = CARTESIAN_POINT('',(13.525940401131,1.85497680487,19.41216770068)
  );
#37 = CARTESIAN_POINT('',(13.328565487919,1.953919220609,19.402222905061
    ));
#38 = CARTESIAN_POINT('',(13.125168227515,2.027184964418,19.394480882184
    ));
#39 = CARTESIAN_POINT('',(12.918063500495,2.075708010213,19.389224649799
    ));
#40 = CARTESIAN_POINT('',(12.7091085347,2.1,19.386593305684));
#41 = CARTESIAN_POINT('',(12.290880835779,2.1,19.386593305684));
#42 = CARTESIAN_POINT('',(12.081928086639,2.075705585948,19.38922490987)
  );
#43 = CARTESIAN_POINT('',(11.874829456129,2.027182827586,19.394481120396
    ));
#44 = CARTESIAN_POINT('',(11.671436274385,1.953919451358,19.402222832771
    ));
#45 = CARTESIAN_POINT('',(11.474061328363,1.854978318705,19.412167580051
    ));
#46 = CARTESIAN_POINT('',(11.285832080255,1.729152389148,19.423796712585
    ));
#47 = CARTESIAN_POINT('',(10.943070751099,1.42696762862,19.448287597441)
  );
#48 = CARTESIAN_POINT('',(10.783164122037,1.248763917103,19.46140209607)
  );
#49 = CARTESIAN_POINT('',(10.641149983054,1.040972021843,19.474624513998
    ));
#50 = CARTESIAN_POINT('',(10.525460337058,0.806494396873,19.486489381744
    ));
#51 = CARTESIAN_POINT('',(10.443193804021,0.550276993637,19.495348250292
    ));
#52 = CARTESIAN_POINT('',(10.4,0.278836214035,19.5));
#53 = CARTESIAN_POINT('',(10.4,2.773825000069E-15,19.5));
#54 = PCURVE('',#55,#60);
#55 = CYLINDRICAL_SURFACE('',#56,19.5);
#56 = AXIS2_PLACEMENT_3D('',#57,#58,#59);
#57 = CARTESIAN_POINT('',(-25.,0.,0.));
#58 = DIRECTION('',(1.,0.,0.));
#59 = DIRECTION('',(-0.,0.,1.));
#60 = DEFINITIONAL_REPRESENTATION('',(#61),#88);
#61 = B_SPLINE_CURVE_WITH_KNOTS('',7,(#62,#63,#64,#65,#66,#67,#68,#69,
    #70,#71,#72,#73,#74,#75,#76,#77,#78,#79,#80,#81,#82,#83,#84,#85,#86,
    #87),.UNSPECIFIED.,.F.,.F.,(8,6,6,6,8),(0.,0.24535142628,
    0.500010395487,0.75468230966,1.),.UNSPECIFIED.);
#62 = CARTESIAN_POINT('',(6.28318530718,39.6));
#63 = CARTESIAN_POINT('',(6.268882634484,39.6));
#64 = CARTESIAN_POINT('',(6.25496234712,39.556785769971));
#65 = CARTESIAN_POINT('',(6.241819989068,39.474513546831));
#66 = CARTESIAN_POINT('',(6.229784331422,39.358840635414));
#67 = CARTESIAN_POINT('',(6.219108944404,39.216853920602));
#68 = CARTESIAN_POINT('',(6.209945733405,39.056960987171));
#69 = CARTESIAN_POINT('',(6.194396825202,38.714167856295));
#70 = CARTESIAN_POINT('',(6.187917206904,38.525940401131));
#71 = CARTESIAN_POINT('',(6.182817811471,38.328565487919));
#72 = CARTESIAN_POINT('',(6.179039692438,38.125168227515));
#73 = CARTESIAN_POINT('',(6.176536772914,37.918063500495));
#74 = CARTESIAN_POINT('',(6.175283742895,37.7091085347));
#75 = CARTESIAN_POINT('',(6.175283742895,37.290880835779));
#76 = CARTESIAN_POINT('',(6.176536897936,37.081928086639));
#77 = CARTESIAN_POINT('',(6.179039802719,36.874829456128));
#78 = CARTESIAN_POINT('',(6.182817799304,36.671436274385));
#79 = CARTESIAN_POINT('',(6.187917129046,36.474061328363));
#80 = CARTESIAN_POINT('',(6.19439682808,36.285832080255));
#81 = CARTESIAN_POINT('',(6.209944293774,35.943070751099));
#82 = CARTESIAN_POINT('',(6.219107402951,35.783164122037));
#83 = CARTESIAN_POINT('',(6.229784097251,35.641149983054));
#84 = CARTESIAN_POINT('',(6.241821869865,35.525460337058));
#85 = CARTESIAN_POINT('',(6.254965968761,35.443193804021));
#86 = CARTESIAN_POINT('',(6.268886014152,35.4));
#87 = CARTESIAN_POINT('',(6.28318530718,35.4));
#88 = ( GEOMETRIC_REPRESENTATION_CONTEXT(2) 
PARAMETRIC_REPRESENTATION_CONTEXT() REPRESENTATION_CONTEXT('2D SPACE',''
  ) );
#89 = PCURVE('',#90,#95);
#90 = CYLINDRICAL_SURFACE('',#91,2.1);
#91 = AXIS2_PLACEMENT_3D('',#92,#93,#94);
#92 = CARTESIAN_POINT('',(12.5,0.,13.));
#93 = DIRECTION('',(0.,0.,1.));
#94 = DIRECTION('',(1.,0.,-0.));
#95 = DEFINITIONAL_REPRESENTATION('',(#96),#123);
#96 = B_SPLINE_CURVE_WITH_KNOTS('',7,(#97,#98,#99,#100,#101,#102,#103,
    #104,#105,#106,#107,#108,#109,#110,#111,#112,#113,#114,#115,#116,
    #117,#118,#119,#120,#121,#122),.UNSPECIFIED.,.F.,.F.,(8,6,6,6,8),(0.
    ,0.24535142628,0.500010395487,0.75468230966,1.),.UNSPECIFIED.);
#97 = CARTESIAN_POINT('',(0.,6.5));
#98 = CARTESIAN_POINT('',(0.132810532171,6.5));
#99 = CARTESIAN_POINT('',(0.262070197497,6.495346047927));
#100 = CARTESIAN_POINT('',(0.387888855732,6.486486576332));
#101 = CARTESIAN_POINT('',(0.510083374302,6.474624057113));
#102 = CARTESIAN_POINT('',(0.628216337184,6.461404022639));
#103 = CARTESIAN_POINT('',(0.741448325317,6.448289865195));
#104 = CARTESIAN_POINT('',(0.959062530513,6.423796708051));
#105 = CARTESIAN_POINT('',(1.06592010747,6.41216770068));
#106 = CARTESIAN_POINT('',(1.169802419939,6.402222905061));
#107 = CARTESIAN_POINT('',(1.271483960506,6.394480882184));
#108 = CARTESIAN_POINT('',(1.371718624358,6.389224649799));
#109 = CARTESIAN_POINT('',(1.471220834081,6.386593305684));
#110 = CARTESIAN_POINT('',(1.670376881186,6.386593305684));
#111 = CARTESIAN_POINT('',(1.769878020026,6.38922490987));
#112 = CARTESIAN_POINT('',(1.870110063915,6.394481120396));
#113 = CARTESIAN_POINT('',(1.97178950246,6.402222832771));
#114 = CARTESIAN_POINT('',(2.075671459321,6.412167580051));
#115 = CARTESIAN_POINT('',(2.182530163356,6.423796712585));
#116 = CARTESIAN_POINT('',(2.400124179974,6.448287597441));
#117 = CARTESIAN_POINT('',(2.51336042872,6.46140209607));
#118 = CARTESIAN_POINT('',(2.631510028665,6.474624513998));
#119 = CARTESIAN_POINT('',(2.753723905875,6.486489381744));
#120 = CARTESIAN_POINT('',(2.879556092617,6.495348250292));
#121 = CARTESIAN_POINT('',(3.008813504049,6.5));
#122 = CARTESIAN_POINT('',(3.14159265359,6.5));
#123 = ( GEOMETRIC_REPRESENTATION_CONTEXT(2) 
PARAMETRIC_REPRESENTATION_CONTEXT() REPRESENTATION_CONTEXT('2D SPACE',''
  ) );
#124 = ORIENTED_EDGE('',*,*,#125,.T.);
#125 = EDGE_CURVE('',#22,#126,#128,.T.);
#126 = VERTEX_POINT('',#127);
#127 = CARTESIAN_POINT('',(25.,4.776122516675E-15,19.5));
#128 = SEAM_CURVE('',#129,(#133,#140),.PCURVE_S1.);
#129 = LINE('',#130,#131);
#130 = CARTESIAN_POINT('',(-25.,4.776122516675E-15,19.5));
#131 = VECTOR('',#132,1.);
#132 = DIRECTION('',(1.,0.,0.));
#133 = PCURVE('',#55,#134);
#134 = DEFINITIONAL_REPRESENTATION('',(#135),#139);
#135 = LINE('',#136,#137);
#136 = CARTESIAN_POINT('',(0.,-0.));
#137 = VECTOR('',#138,1.);
#138 = DIRECTION('',(0.,1.));
#139 = ( GEOMETRIC_REPRESENTATION_CONTEXT(2) 
PARAMETRIC_REPRESENTATION_CONTEXT() REPRESENTATION_CONTEXT('2D SPACE',''
  ) );
#140 = PCURVE('',#55,#141);
#141 = DEFINITIONAL_REPRESENTATION('',(#142),#146);
#142 = LINE('',#143,#144);
#143 = CARTESIAN_POINT('',(6.28318530718,-0.));
#144 = VECTOR('',#145,1.);
#145 = DIRECTION('',(0.,1.));
#146 = ( GEOMETRIC_REPRESENTATION_CONTEXT(2) 
PARAMETRIC_REPRESENTATION_CONTEXT() REPRESENTATION_CONTEXT('2D SPACE',''
  ) );
#147 = ORIENTED_EDGE('',*,*,#148,.F.);
#148 = EDGE_CURVE('',#126,#126,#149,.T.);
#149 = SURFACE_CURVE('',#150,(#155,#162),.PCURVE_S1.);
#150 = CIRCLE('',#151,19.5);
#151 = AXIS2_PLACEMENT_3D('',#152,#153,#154);
#152 = CARTESIAN_POINT('',(25.,0.,0.));
#153 = DIRECTION('',(1.,0.,0.));
#154 = DIRECTION('',(-0.,0.,1.));
#155 = PCURVE('',#55,#156);
#156 = DEFINITIONAL_REPRESENTATION('',(#157),#161);
#157 = LINE('',#158,#159);
#158 = CARTESIAN_POINT('',(0.,50.));
#159 = VECTOR('',#160,1.);
#160 = DIRECTION('',(1.,0.));
#161 = ( GEOMETRIC_REPRESENTATION_CONTEXT(2) 
PARAMETRIC_REPRESENTATION_CONTEXT() REPRESENTATION_CONTEXT('2D SPACE',''
  ) );
#162 = PCURVE('',#163,#168);
#163 = PLANE('',#164);
#164 = AXIS2_PLACEMENT_3D('',#165,#166,#167);
#165 = CARTESIAN_POINT('',(25.,0.,0.));
#166 = DIRECTION('',(1.,0.,0.));
#167 = DIRECTION('',(-0.,0.,1.));
#168 = DEFINITIONAL_REPRESENTATION('',(#169),#173);
#169 = CIRCLE('',#170,19.5);
#170 = AXIS2_PLACEMENT_2D('',#171,#172);
#171 = CARTESIAN_POINT('',(0.,0.));
#172 = DIRECTION('',(1.,0.));
#173 = ( GEOMETRIC_REPRESENTATION_CONTEXT(2) 
PARAMETRIC_REPRESENTATION_CONTEXT() REPRESENTATION_CONTEXT('2D SPACE',''
  ) );
#174 = ORIENTED_EDGE('',*,*,#125,.F.);
#175 = ORIENTED_EDGE('',*,*,#176,.F.);
#176 = EDGE_CURVE('',#24,#22,#177,.T.);
#177 = SURFACE_CURVE('',#178,(#205,#235),.PCURVE_S1.);
#178 = B_SPLINE_CURVE_WITH_KNOTS('',7,(#179,#180,#181,#182,#183,#184,
    #185,#186,#187,#188,#189,#190,#191,#192,#193,#194,#195,#196,#197,
    #198,#199,#200,#201,#202,#203,#204),.UNSPECIFIED.,.F.,.F.,(8,6,6,6,8
    ),(0.,0.245376517431,0.50005335339,0.75472938231,1.),.UNSPECIFIED.);
#179 = CARTESIAN_POINT('',(10.4,4.440892098501E-16,19.5));
#180 = CARTESIAN_POINT('',(10.4,-0.278902117558,19.5));
#181 = CARTESIAN_POINT('',(10.443214230029,-0.550347615411,
    19.495346047927));
#182 = CARTESIAN_POINT('',(10.525486453169,-0.80653100283,
    19.486486576332));
#183 = CARTESIAN_POINT('',(10.641159364586,-1.040967401936,
    19.474624057113));
#184 = CARTESIAN_POINT('',(10.783146079399,-1.248733918973,
    19.461404022639));
#185 = CARTESIAN_POINT('',(10.943039012829,-1.426939647571,
    19.448289865195));
#186 = CARTESIAN_POINT('',(11.285826538873,-1.729147503762,
    19.423797108526));
#187 = CARTESIAN_POINT('',(11.474058687829,-1.854978547791,
    19.412167651246));
#188 = CARTESIAN_POINT('',(11.671440370911,-1.953922489121,
    19.40222249891));
#189 = CARTESIAN_POINT('',(11.87483644392,-2.027184658533,19.39448092167
    ));
#190 = CARTESIAN_POINT('',(12.081932141762,-2.075705408627,19.3892249297
    ));
#191 = CARTESIAN_POINT('',(12.290880166596,-2.1,19.386593305684));
#192 = CARTESIAN_POINT('',(12.70911917073,-2.1,19.386593305684));
#193 = CARTESIAN_POINT('',(12.918071897441,-2.075705584299,
    19.389224909983));
#194 = CARTESIAN_POINT('',(13.125170555392,-2.027182835401,
    19.39448111979));
#195 = CARTESIAN_POINT('',(13.328563731339,-1.953919436667,
    19.402222833964));
#196 = CARTESIAN_POINT('',(13.525938658901,-1.854978331899,
    19.412167578968));
#197 = CARTESIAN_POINT('',(13.714167925443,-1.729152384124,
    19.423796712992));
#198 = CARTESIAN_POINT('',(14.056894256738,-1.426998478362,
    19.448285097191));
#199 = CARTESIAN_POINT('',(14.21682541544,-1.248788639172,
    19.461400640746));
#200 = CARTESIAN_POINT('',(14.358869768599,-1.040961408675,
    19.474626057304));
#201 = CARTESIAN_POINT('',(14.474570238079,-0.806441100199,
    19.486492696616));
#202 = CARTESIAN_POINT('',(14.556825588898,-0.550199671418,
    19.495350333358));
#203 = CARTESIAN_POINT('',(14.6,-0.278773611416,19.5));
#204 = CARTESIAN_POINT('',(14.6,-4.440892098501E-16,19.5));
#205 = PCURVE('',#55,#206);
#206 = DEFINITIONAL_REPRESENTATION('',(#207),#234);
#207 = B_SPLINE_CURVE_WITH_KNOTS('',7,(#208,#209,#210,#211,#212,#213,
    #214,#215,#216,#217,#218,#219,#220,#221,#222,#223,#224,#225,#226,
    #227,#228,#229,#230,#231,#232,#233),.UNSPECIFIED.,.F.,.F.,(8,6,6,6,8
    ),(0.,0.245376517431,0.50005335339,0.75472938231,1.),.UNSPECIFIED.);
#208 = CARTESIAN_POINT('',(0.,35.4));
#209 = CARTESIAN_POINT('',(1.430267269529E-02,35.4));
#210 = CARTESIAN_POINT('',(2.822296005957E-02,35.443214230029));
#211 = CARTESIAN_POINT('',(4.136531811187E-02,35.525486453169));
#212 = CARTESIAN_POINT('',(5.340097575728E-02,35.641159364586));
#213 = CARTESIAN_POINT('',(6.407636277538E-02,35.783146079399));
#214 = CARTESIAN_POINT('',(7.323957377476E-02,35.943039012829));
#215 = CARTESIAN_POINT('',(8.878822774532E-02,36.285826538873));
#216 = CARTESIAN_POINT('',(9.526818954145E-02,36.474058687829));
#217 = CARTESIAN_POINT('',(0.100367664499,36.671440370911));
#218 = CARTESIAN_POINT('',(0.104145598964,36.87483644392));
#219 = CARTESIAN_POINT('',(0.106648400075,37.081932141762));
#220 = CARTESIAN_POINT('',(0.107901564285,37.290880166596));
#221 = CARTESIAN_POINT('',(0.107901564285,37.70911917073));
#222 = CARTESIAN_POINT('',(0.106648409159,37.918071897441));
#223 = CARTESIAN_POINT('',(0.104145504863,38.125170555392));
#224 = CARTESIAN_POINT('',(0.10036750712,38.328563731339));
#225 = CARTESIAN_POINT('',(9.526817881267E-02,38.525938658901));
#226 = CARTESIAN_POINT('',(8.87884788409E-02,38.714167925443));
#227 = CARTESIAN_POINT('',(7.324260063057E-02,39.056894256738));
#228 = CARTESIAN_POINT('',(6.407917392442E-02,39.21682541544));
#229 = CARTESIAN_POINT('',(5.340066137786E-02,39.358869768599));
#230 = CARTESIAN_POINT('',(4.136070055751E-02,39.474570238079));
#231 = CARTESIAN_POINT('',(2.821537328574E-02,39.556825588898));
#232 = CARTESIAN_POINT('',(1.42960826367E-02,39.6));
#233 = CARTESIAN_POINT('',(0.,39.6));
#234 = ( GEOMETRIC_REPRESENTATION_CONTEXT(2) 
PARAMETRIC_REPRESENTATION_CONTEXT() REPRESENTATION_CONTEXT('2D SPACE',''
  ) );
#235 = PCURVE('',#90,#236);
#236 = DEFINITIONAL_REPRESENTATION('',(#237),#264);
#237 = B_SPLINE_CURVE_WITH_KNOTS('',7,(#238,#239,#240,#241,#242,#243,
    #244,#245,#246,#247,#248,#249,#250,#251,#252,#253,#254,#255,#256,
    #257,#258,#259,#260,#261,#262,#263),.UNSPECIFIED.,.F.,.F.,(8,6,6,6,8
    ),(0.,0.245376517431,0.50005335339,0.75472938231,1.),.UNSPECIFIED.);
#238 = CARTESIAN_POINT('',(3.14159265359,6.5));
#239 = CARTESIAN_POINT('',(3.27440318576,6.5));
#240 = CARTESIAN_POINT('',(3.403662851087,6.495346047927));
#241 = CARTESIAN_POINT('',(3.529481509322,6.486486576332));
#242 = CARTESIAN_POINT('',(3.651676027891,6.474624057113));
#243 = CARTESIAN_POINT('',(3.769808990774,6.461404022639));
#244 = CARTESIAN_POINT('',(3.883040978907,6.448289865195));
#245 = CARTESIAN_POINT('',(4.100651626007,6.423797108526));
#246 = CARTESIAN_POINT('',(4.207512973994,6.412167651246));
#247 = CARTESIAN_POINT('',(4.311398027072,6.40222249891));
#248 = CARTESIAN_POINT('',(4.413078583171,6.39448092167));
#249 = CARTESIAN_POINT('',(4.513309207389,6.3892249297));
#250 = CARTESIAN_POINT('',(4.612808107335,6.386593305684));
#251 = CARTESIAN_POINT('',(4.811969537875,6.386593305684));
#252 = CARTESIAN_POINT('',(4.911470666425,6.389224909983));
#253 = CARTESIAN_POINT('',(5.011702721472,6.39448111979));
#254 = CARTESIAN_POINT('',(5.113382161394,6.402222833964));
#255 = CARTESIAN_POINT('',(5.217264104537,6.412167578968));
#256 = CARTESIAN_POINT('',(5.324122820563,6.423796712992));
#257 = CARTESIAN_POINT('',(5.541694619607,6.448285097191));
#258 = CARTESIAN_POINT('',(5.654941569715,6.461400640746));
#259 = CARTESIAN_POINT('',(5.773111795484,6.474626057304));
#260 = CARTESIAN_POINT('',(5.895344483818,6.486492696616));
#261 = CARTESIAN_POINT('',(6.021185572061,6.495350333358));
#262 = CARTESIAN_POINT('',(6.15043596841,6.5));
#263 = CARTESIAN_POINT('',(6.28318530718,6.5));
#264 = ( GEOMETRIC_REPRESENTATION_CONTEXT(2) 
PARAMETRIC_REPRESENTATION_CONTEXT() REPRESENTATION_CONTEXT('2D SPACE',''
  ) );
#265 = ORIENTED_EDGE('',*,*,#266,.F.);
#266 = EDGE_CURVE('',#267,#24,#269,.T.);
#267 = VERTEX_POINT('',#268);
#268 = CARTESIAN_POINT('',(2.1,2.130885430516E-15,19.5));
#269 = SEAM_CURVE('',#270,(#274,#281),.PCURVE_S1.);
#270 = LINE('',#271,#272);
#271 = CARTESIAN_POINT('',(-25.,4.776122516675E-15,19.5));
#272 = VECTOR('',#273,1.);
#273 = DIRECTION('',(1.,0.,0.));
#274 = PCURVE('',#55,#275);
#275 = DEFINITIONAL_REPRESENTATION('',(#276),#280);
#276 = LINE('',#277,#278);
#277 = CARTESIAN_POINT('',(6.28318530718,-0.));
#278 = VECTOR('',#279,1.);
#279 = DIRECTION('',(0.,1.));
#280 = ( GEOMETRIC_REPRESENTATION_CONTEXT(2) 
PARAMETRIC_REPRESENTATION_CONTEXT() REPRESENTATION_CONTEXT('2D SPACE',''
  ) );
#281 = PCURVE('',#55,#282);
#282 = DEFINITIONAL_REPRESENTATION('',(#283),#287);
#283 = LINE('',#284,#285);
#284 = CARTESIAN_POINT('',(0.,-0.));
#285 = VECTOR('',#286,1.);
#286 = DIRECTION('',(0.,1.));
#287 = ( GEOMETRIC_REPRESENTATION_CONTEXT(2) 
PARAMETRIC_REPRESENTATION_CONTEXT() REPRESENTATION_CONTEXT('2D SPACE',''
  ) );
#288 = ORIENTED_EDGE('',*,*,#289,.F.);
#289 = EDGE_CURVE('',#290,#267,#292,.T.);
#290 = VERTEX_POINT('',#291);
#291 = CARTESIAN_POINT('',(-2.1,4.776122516675E-15,19.5));
#292 = SURFACE_CURVE('',#293,(#320,#350),.PCURVE_S1.);
#293 = B_SPLINE_CURVE_WITH_KNOTS('',7,(#294,#295,#296,#297,#298,#299,
    #300,#301,#302,#303,#304,#305,#306,#307,#308,#309,#310,#311,#312,
    #313,#314,#315,#316,#317,#318,#319),.UNSPECIFIED.,.F.,.F.,(8,6,6,6,8
    ),(0.,0.24537652321,0.500053365165,0.754729392156,1.),
  .UNSPECIFIED.);
#294 = CARTESIAN_POINT('',(-2.1,4.440892098501E-16,19.5));
#295 = CARTESIAN_POINT('',(-2.1,-0.278902117558,19.5));
#296 = CARTESIAN_POINT('',(-2.056785769971,-0.550347615411,
    19.495346047927));
#297 = CARTESIAN_POINT('',(-1.974513546831,-0.80653100283,
    19.486486576332));
#298 = CARTESIAN_POINT('',(-1.858840635414,-1.040967401936,
    19.474624057113));
#299 = CARTESIAN_POINT('',(-1.716853920601,-1.248733918973,
    19.461404022639));
#300 = CARTESIAN_POINT('',(-1.556960987171,-1.426939647571,
    19.448289865195));
#301 = CARTESIAN_POINT('',(-1.214173461127,-1.729147503762,
    19.423797108526));
#302 = CARTESIAN_POINT('',(-1.02594131217,-1.854978547791,
    19.412167651246));
#303 = CARTESIAN_POINT('',(-0.828559629089,-1.953922489121,
    19.40222249891));
#304 = CARTESIAN_POINT('',(-0.62516355608,-2.027184658533,19.39448092167
    ));
#305 = CARTESIAN_POINT('',(-0.418067858238,-2.075705408627,19.3892249297
    ));
#306 = CARTESIAN_POINT('',(-0.209119833404,-2.1,19.386593305684));
#307 = CARTESIAN_POINT('',(0.209119164221,-2.1,19.386593305684));
#308 = CARTESIAN_POINT('',(0.418071913361,-2.075705585949,19.38922490987
    ));
#309 = CARTESIAN_POINT('',(0.625170543872,-2.027182827586,
    19.394481120396));
#310 = CARTESIAN_POINT('',(0.828563725615,-1.953919451359,
    19.402222832771));
#311 = CARTESIAN_POINT('',(1.025938671637,-1.854978318704,
    19.412167580051));
#312 = CARTESIAN_POINT('',(1.214167919745,-1.729152389148,
    19.423796712585));
#313 = CARTESIAN_POINT('',(1.55689425675,-1.426998478351,19.448285097192
    ));
#314 = CARTESIAN_POINT('',(1.716825415437,-1.24878863917,19.461400640746
    ));
#315 = CARTESIAN_POINT('',(1.85886976859,-1.040961408686,19.474626057303
    ));
#316 = CARTESIAN_POINT('',(1.974570238077,-0.806441100212,
    19.486492696616));
#317 = CARTESIAN_POINT('',(2.056825588903,-0.550199671416,
    19.495350333359));
#318 = CARTESIAN_POINT('',(2.1,-0.278773611401,19.5));
#319 = CARTESIAN_POINT('',(2.1,-4.440892098501E-16,19.5));
#320 = PCURVE('',#55,#321);
#321 = DEFINITIONAL_REPRESENTATION('',(#322),#349);
#322 = B_SPLINE_CURVE_WITH_KNOTS('',7,(#323,#324,#325,#326,#327,#328,
    #329,#330,#331,#332,#333,#334,#335,#336,#337,#338,#339,#340,#341,
    #342,#343,#344,#345,#346,#347,#348),.UNSPECIFIED.,.F.,.F.,(8,6,6,6,8
    ),(0.,0.24537652321,0.500053365165,0.754729392156,1.),
  .UNSPECIFIED.);
#323 = CARTESIAN_POINT('',(0.,22.9));
#324 = CARTESIAN_POINT('',(1.430267269529E-02,22.9));
#325 = CARTESIAN_POINT('',(2.822296005957E-02,22.943214230029));
#326 = CARTESIAN_POINT('',(4.136531811187E-02,23.025486453169));
#327 = CARTESIAN_POINT('',(5.340097575729E-02,23.141159364586));
#328 = CARTESIAN_POINT('',(6.407636277538E-02,23.283146079399));
#329 = CARTESIAN_POINT('',(7.323957377476E-02,23.443039012829));
#330 = CARTESIAN_POINT('',(8.878822774532E-02,23.785826538873));
#331 = CARTESIAN_POINT('',(9.526818954145E-02,23.97405868783));
#332 = CARTESIAN_POINT('',(0.100367664499,24.171440370911));
#333 = CARTESIAN_POINT('',(0.104145598964,24.37483644392));
#334 = CARTESIAN_POINT('',(0.106648400075,24.581932141762));
#335 = CARTESIAN_POINT('',(0.107901564285,24.790880166596));
#336 = CARTESIAN_POINT('',(0.107901564285,25.209119164221));
#337 = CARTESIAN_POINT('',(0.106648409244,25.418071913361));
#338 = CARTESIAN_POINT('',(0.104145504461,25.625170543872));
#339 = CARTESIAN_POINT('',(0.100367507875,25.828563725615));
#340 = CARTESIAN_POINT('',(9.526817813375E-02,26.025938671637));
#341 = CARTESIAN_POINT('',(8.878847909938E-02,26.214167919745));
#342 = CARTESIAN_POINT('',(7.324260063003E-02,26.55689425675));
#343 = CARTESIAN_POINT('',(6.407917392428E-02,26.716825415437));
#344 = CARTESIAN_POINT('',(5.34006613784E-02,26.85886976859));
#345 = CARTESIAN_POINT('',(4.136070055816E-02,26.974570238077));
#346 = CARTESIAN_POINT('',(2.821537328565E-02,27.056825588903));
#347 = CARTESIAN_POINT('',(1.429608263593E-02,27.1));
#348 = CARTESIAN_POINT('',(0.,27.1));
#349 = ( GEOMETRIC_REPRESENTATION_CONTEXT(2) 
PARAMETRIC_REPRESENTATION_CONTEXT() REPRESENTATION_CONTEXT('2D SPACE',''
  ) );
#350 = PCURVE('',#351,#356);
#351 = CYLINDRICAL_SURFACE('',#352,2.1);
#352 = AXIS2_PLACEMENT_3D('',#353,#354,#355);
#353 = CARTESIAN_POINT('',(0.,0.,-20.));
#354 = DIRECTION('',(0.,0.,1.));
#355 = DIRECTION('',(1.,0.,-0.));
#356 = DEFINITIONAL_REPRESENTATION('',(#357),#384);
#357 = B_SPLINE_CURVE_WITH_KNOTS('',7,(#358,#359,#360,#361,#362,#363,
    #364,#365,#366,#367,#368,#369,#370,#371,#372,#373,#374,#375,#376,
    #377,#378,#379,#380,#381,#382,#383),.UNSPECIFIED.,.F.,.F.,(8,6,6,6,8
    ),(0.,0.24537652321,0.500053365165,0.754729392156,1.),
  .UNSPECIFIED.);
#358 = CARTESIAN_POINT('',(3.14159265359,39.5));
#359 = CARTESIAN_POINT('',(3.27440318576,39.5));
#360 = CARTESIAN_POINT('',(3.403662851087,39.495346047927));
#361 = CARTESIAN_POINT('',(3.529481509322,39.486486576332));
#362 = CARTESIAN_POINT('',(3.651676027891,39.474624057113));
#363 = CARTESIAN_POINT('',(3.769808990774,39.461404022639));
#364 = CARTESIAN_POINT('',(3.883040978907,39.448289865195));
#365 = CARTESIAN_POINT('',(4.100651626007,39.423797108526));
#366 = CARTESIAN_POINT('',(4.207512973995,39.412167651246));
#367 = CARTESIAN_POINT('',(4.311398027072,39.40222249891));
#368 = CARTESIAN_POINT('',(4.413078583171,39.39448092167));
#369 = CARTESIAN_POINT('',(4.513309207389,39.3892249297));
#370 = CARTESIAN_POINT('',(4.612808107335,39.386593305684));
#371 = CARTESIAN_POINT('',(4.811969534776,39.386593305684));
#372 = CARTESIAN_POINT('',(4.911470673616,39.38922490987));
#373 = CARTESIAN_POINT('',(5.011702717505,39.394481120396));
#374 = CARTESIAN_POINT('',(5.11338215605,39.402222832771));
#375 = CARTESIAN_POINT('',(5.217264112911,39.412167580051));
#376 = CARTESIAN_POINT('',(5.324122816946,39.423796712585));
#377 = CARTESIAN_POINT('',(5.541694619615,39.448285097192));
#378 = CARTESIAN_POINT('',(5.654941569715,39.461400640746));
#379 = CARTESIAN_POINT('',(5.773111795478,39.474626057303));
#380 = CARTESIAN_POINT('',(5.895344483812,39.486492696616));
#381 = CARTESIAN_POINT('',(6.021185572062,39.495350333359));
#382 = CARTESIAN_POINT('',(6.150435968417,39.5));
#383 = CARTESIAN_POINT('',(6.28318530718,39.5));
#384 = ( GEOMETRIC_REPRESENTATION_CONTEXT(2) 
PARAMETRIC_REPRESENTATION_CONTEXT() REPRESENTATION_CONTEXT('2D SPACE',''
  ) );
#385 = ORIENTED_EDGE('',*,*,#386,.F.);
#386 = EDGE_CURVE('',#387,#290,#389,.T.);
#387 = VERTEX_POINT('',#388);
#388 = CARTESIAN_POINT('',(-10.4,2.130885430516E-15,19.5));
#389 = SEAM_CURVE('',#390,(#394,#401),.PCURVE_S1.);
#390 = LINE('',#391,#392);
#391 = CARTESIAN_POINT('',(-25.,4.776122516675E-15,19.5));
#392 = VECTOR('',#393,1.);
#393 = DIRECTION('',(1.,0.,0.));
#394 = PCURVE('',#55,#395);
#395 = DEFINITIONAL_REPRESENTATION('',(#396),#400);
#396 = LINE('',#397,#398);
#397 = CARTESIAN_POINT('',(6.28318530718,-0.));
#398 = VECTOR('',#399,1.);
#399 = DIRECTION('',(0.,1.));
#400 = ( GEOMETRIC_REPRESENTATION_CONTEXT(2) 
PARAMETRIC_REPRESENTATION_CONTEXT() REPRESENTATION_CONTEXT('2D SPACE',''
  ) );
#401 = PCURVE('',#55,#402);
#402 = DEFINITIONAL_REPRESENTATION('',(#403),#407);
#403 = LINE('',#404,#405);
#404 = CARTESIAN_POINT('',(0.,-0.));
#405 = VECTOR('',#406,1.);
#406 = DIRECTION('',(0.,1.));
#407 = ( GEOMETRIC_REPRESENTATION_CONTEXT(2) 
PARAMETRIC_REPRESENTATION_CONTEXT() REPRESENTATION_CONTEXT('2D SPACE',''
  ) );
#408 = ORIENTED_EDGE('',*,*,#409,.F.);
#409 = EDGE_CURVE('',#410,#387,#412,.T.);
#410 = VERTEX_POINT('',#411);
#411 = CARTESIAN_POINT('',(-14.6,4.776122516675E-15,19.5));
#412 = SURFACE_CURVE('',#413,(#440,#470),.PCURVE_S1.);
#413 = B_SPLINE_CURVE_WITH_KNOTS('',7,(#414,#415,#416,#417,#418,#419,
    #420,#421,#422,#423,#424,#425,#426,#427,#428,#429,#430,#431,#432,
    #433,#434,#435,#436,#437,#438,#439),.UNSPECIFIED.,.F.,.F.,(8,6,6,6,8
    ),(0.,0.245376523208,0.500053365163,0.754729392153,1.),
  .UNSPECIFIED.);
#414 = CARTESIAN_POINT('',(-14.6,4.440892098501E-16,19.5));
#415 = CARTESIAN_POINT('',(-14.6,-0.278902117558,19.5));
#416 = CARTESIAN_POINT('',(-14.55678576997,-0.550347615411,
    19.495346047927));
#417 = CARTESIAN_POINT('',(-14.47451354683,-0.80653100283,
    19.486486576332));
#418 = CARTESIAN_POINT('',(-14.35884063541,-1.040967401936,
    19.474624057113));
#419 = CARTESIAN_POINT('',(-14.2168539206,-1.248733918973,
    19.461404022639));
#420 = CARTESIAN_POINT('',(-14.05696098717,-1.426939647571,
    19.448289865195));
#421 = CARTESIAN_POINT('',(-13.71417346112,-1.729147503762,
    19.423797108526));
#422 = CARTESIAN_POINT('',(-13.52594131217,-1.854978547791,
    19.412167651246));
#423 = CARTESIAN_POINT('',(-13.32855962908,-1.953922489121,
    19.40222249891));
#424 = CARTESIAN_POINT('',(-13.12516355608,-2.027184658533,
    19.39448092167));
#425 = CARTESIAN_POINT('',(-12.91806785823,-2.075705408627,19.3892249297
    ));
#426 = CARTESIAN_POINT('',(-12.7091198334,-2.1,19.386593305684));
#427 = CARTESIAN_POINT('',(-12.29088083577,-2.1,19.386593305684));
#428 = CARTESIAN_POINT('',(-12.08192808663,-2.075705585949,
    19.38922490987));
#429 = CARTESIAN_POINT('',(-11.87482945612,-2.027182827586,
    19.394481120396));
#430 = CARTESIAN_POINT('',(-11.67143627438,-1.953919451359,
    19.402222832771));
#431 = CARTESIAN_POINT('',(-11.47406132836,-1.854978318704,
    19.412167580051));
#432 = CARTESIAN_POINT('',(-11.28583208025,-1.729152389148,
    19.423796712585));
#433 = CARTESIAN_POINT('',(-10.94310574324,-1.426998478349,
    19.448285097192));
#434 = CARTESIAN_POINT('',(-10.78317458456,-1.248788639168,
    19.461400640746));
#435 = CARTESIAN_POINT('',(-10.64113023141,-1.040961408689,
    19.474626057302));
#436 = CARTESIAN_POINT('',(-10.52542976192,-0.806441100214,
    19.486492696616));
#437 = CARTESIAN_POINT('',(-10.44317441109,-0.550199671416,
    19.495350333359));
#438 = CARTESIAN_POINT('',(-10.4,-0.278773611397,19.5));
#439 = CARTESIAN_POINT('',(-10.4,-4.440892098501E-16,19.5));
#440 = PCURVE('',#55,#441);
#441 = DEFINITIONAL_REPRESENTATION('',(#442),#469);
#442 = B_SPLINE_CURVE_WITH_KNOTS('',7,(#443,#444,#445,#446,#447,#448,
    #449,#450,#451,#452,#453,#454,#455,#456,#457,#458,#459,#460,#461,
    #462,#463,#464,#465,#466,#467,#468),.UNSPECIFIED.,.F.,.F.,(8,6,6,6,8
    ),(0.,0.245376523208,0.500053365163,0.754729392153,1.),
  .UNSPECIFIED.);
#443 = CARTESIAN_POINT('',(0.,10.4));
#444 = CARTESIAN_POINT('',(1.430267269529E-02,10.4));
#445 = CARTESIAN_POINT('',(2.822296005957E-02,10.443214230029));
#446 = CARTESIAN_POINT('',(4.136531811188E-02,10.525486453169));
#447 = CARTESIAN_POINT('',(5.340097575727E-02,10.641159364586));
#448 = CARTESIAN_POINT('',(6.407636277539E-02,10.783146079399));
#449 = CARTESIAN_POINT('',(7.323957377476E-02,10.943039012829));
#450 = CARTESIAN_POINT('',(8.878822774532E-02,11.285826538873));
#451 = CARTESIAN_POINT('',(9.526818954144E-02,11.474058687829));
#452 = CARTESIAN_POINT('',(0.100367664499,11.671440370911));
#453 = CARTESIAN_POINT('',(0.104145598964,11.87483644392));
#454 = CARTESIAN_POINT('',(0.106648400075,12.081932141762));
#455 = CARTESIAN_POINT('',(0.107901564285,12.290880166596));
#456 = CARTESIAN_POINT('',(0.107901564285,12.709119164221));
#457 = CARTESIAN_POINT('',(0.106648409244,12.918071913361));
#458 = CARTESIAN_POINT('',(0.104145504461,13.125170543872));
#459 = CARTESIAN_POINT('',(0.100367507875,13.328563725614));
#460 = CARTESIAN_POINT('',(9.526817813375E-02,13.525938671637));
#461 = CARTESIAN_POINT('',(8.878847909938E-02,13.714167919744));
#462 = CARTESIAN_POINT('',(7.32426006299E-02,14.056894256753));
#463 = CARTESIAN_POINT('',(6.407917392422E-02,14.216825415437));
#464 = CARTESIAN_POINT('',(5.340066137858E-02,14.358869768588));
#465 = CARTESIAN_POINT('',(4.136070055828E-02,14.474570238077));
#466 = CARTESIAN_POINT('',(2.821537328563E-02,14.556825588904));
#467 = CARTESIAN_POINT('',(1.429608263575E-02,14.6));
#468 = CARTESIAN_POINT('',(0.,14.6));
#469 = ( GEOMETRIC_REPRESENTATION_CONTEXT(2) 
PARAMETRIC_REPRESENTATION_CONTEXT() REPRESENTATION_CONTEXT('2D SPACE',''
  ) );
#470 = PCURVE('',#471,#476);
#471 = CYLINDRICAL_SURFACE('',#472,2.1);
#472 = AXIS2_PLACEMENT_3D('',#473,#474,#475);
#473 = CARTESIAN_POINT('',(-12.5,0.,13.));
#474 = DIRECTION('',(0.,0.,1.));
#475 = DIRECTION('',(1.,0.,-0.));
#476 = DEFINITIONAL_REPRESENTATION('',(#477),#504);
#477 = B_SPLINE_CURVE_WITH_KNOTS('',7,(#478,#479,#480,#481,#482,#483,
    #484,#485,#486,#487,#488,#489,#490,#491,#492,#493,#494,#495,#496,
    #497,#498,#499,#500,#501,#502,#503),.UNSPECIFIED.,.F.,.F.,(8,6,6,6,8
    ),(0.,0.245376523208,0.500053365163,0.754729392153,1.),
  .UNSPECIFIED.);
#478 = CARTESIAN_POINT('',(3.14159265359,6.5));
#479 = CARTESIAN_POINT('',(3.27440318576,6.5));
#480 = CARTESIAN_POINT('',(3.403662851087,6.495346047927));
#481 = CARTESIAN_POINT('',(3.529481509322,6.486486576332));
#482 = CARTESIAN_POINT('',(3.651676027891,6.474624057113));
#483 = CARTESIAN_POINT('',(3.769808990774,6.461404022639));
#484 = CARTESIAN_POINT('',(3.883040978907,6.448289865195));
#485 = CARTESIAN_POINT('',(4.100651626007,6.423797108526));
#486 = CARTESIAN_POINT('',(4.207512973994,6.412167651246));
#487 = CARTESIAN_POINT('',(4.311398027072,6.40222249891));
#488 = CARTESIAN_POINT('',(4.413078583171,6.39448092167));
#489 = CARTESIAN_POINT('',(4.513309207389,6.3892249297));
#490 = CARTESIAN_POINT('',(4.612808107335,6.386593305684));
#491 = CARTESIAN_POINT('',(4.811969534776,6.386593305684));
#492 = CARTESIAN_POINT('',(4.911470673615,6.38922490987));
#493 = CARTESIAN_POINT('',(5.011702717505,6.394481120396));
#494 = CARTESIAN_POINT('',(5.113382156049,6.402222832771));
#495 = CARTESIAN_POINT('',(5.217264112911,6.412167580051));
#496 = CARTESIAN_POINT('',(5.324122816946,6.423796712585));
#497 = CARTESIAN_POINT('',(5.541694619617,6.448285097192));
#498 = CARTESIAN_POINT('',(5.654941569715,6.461400640746));
#499 = CARTESIAN_POINT('',(5.773111795476,6.474626057302));
#500 = CARTESIAN_POINT('',(5.895344483811,6.486492696616));
#501 = CARTESIAN_POINT('',(6.021185572062,6.495350333359));
#502 = CARTESIAN_POINT('',(6.150435968419,6.5));
#503 = CARTESIAN_POINT('',(6.28318530718,6.5));
#504 = ( GEOMETRIC_REPRESENTATION_CONTEXT(2) 
PARAMETRIC_REPRESENTATION_CONTEXT() REPRESENTATION_CONTEXT('2D SPACE',''
  ) );
#505 = ORIENTED_EDGE('',*,*,#506,.F.);
#506 = EDGE_CURVE('',#507,#410,#509,.T.);
#507 = VERTEX_POINT('',#508);
#508 = CARTESIAN_POINT('',(-25.,4.776122516675E-15,19.5));
#509 = SEAM_CURVE('',#510,(#514,#521),.PCURVE_S1.);
#510 = LINE('',#511,#512);
#511 = CARTESIAN_POINT('',(-25.,4.776122516675E-15,19.5));
#512 = VECTOR('',#513,1.);
#513 = DIRECTION('',(1.,0.,0.));
#514 = PCURVE('',#55,#515);
#515 = DEFINITIONAL_REPRESENTATION('',(#516),#520);
#516 = LINE('',#517,#518);
#517 = CARTESIAN_POINT('',(6.28318530718,-0.));
#518 = VECTOR('',#519,1.);
#519 = DIRECTION('',(0.,1.));
#520 = ( GEOMETRIC_REPRESENTATION_CONTEXT(2) 
PARAMETRIC_REPRESENTATION_CONTEXT() REPRESENTATION_CONTEXT('2D SPACE',''
  ) );
#521 = PCURVE('',#55,#522);
#522 = DEFINITIONAL_REPRESENTATION('',(#523),#527);
#523 = LINE('',#524,#525);
#524 = CARTESIAN_POINT('',(0.,-0.));
#525 = VECTOR('',#526,1.);
#526 = DIRECTION('',(0.,1.));
#527 = ( GEOMETRIC_REPRESENTATION_CONTEXT(2) 
PARAMETRIC_REPRESENTATION_CONTEXT() REPRESENTATION_CONTEXT('2D SPACE',''
  ) );
#528 = ORIENTED_EDGE('',*,*,#529,.T.);
#529 = EDGE_CURVE('',#507,#507,#530,.T.);
#530 = SURFACE_CURVE('',#531,(#536,#543),.PCURVE_S1.);
#531 = CIRCLE('',#532,19.5);
#532 = AXIS2_PLACEMENT_3D('',#533,#534,#535);
#533 = CARTESIAN_POINT('',(-25.,0.,0.));
#534 = DIRECTION('',(1.,0.,0.));
#535 = DIRECTION('',(-0.,0.,1.));
#536 = PCURVE('',#55,#537);
#537 = DEFINITIONAL_REPRESENTATION('',(#538),#542);
#538 = LINE('',#539,#540);
#539 = CARTESIAN_POINT('',(0.,0.));
#540 = VECTOR('',#541,1.);
#541 = DIRECTION('',(1.,0.));
#542 = ( GEOMETRIC_REPRESENTATION_CONTEXT(2) 
PARAMETRIC_REPRESENTATION_CONTEXT() REPRESENTATION_CONTEXT('2D SPACE',''
  ) );
#543 = PCURVE('',#544,#549);
#544 = PLANE('',#545);
#545 = AXIS2_PLACEMENT_3D('',#546,#547,#548);
#546 = CARTESIAN_POINT('',(-25.,0.,0.));
#547 = DIRECTION('',(1.,0.,0.));
#548 = DIRECTION('',(-0.,0.,1.));
#549 = DEFINITIONAL_REPRESENTATION('',(#550),#554);
#550 = CIRCLE('',#551,19.5);
#551 = AXIS2_PLACEMENT_2D('',#552,#553);
#552 = CARTESIAN_POINT('',(0.,0.));
#553 = DIRECTION('',(1.,0.));
#554 = ( GEOMETRIC_REPRESENTATION_CONTEXT(2) 
PARAMETRIC_REPRESENTATION_CONTEXT() REPRESENTATION_CONTEXT('2D SPACE',''
  ) );
#555 = ORIENTED_EDGE('',*,*,#506,.T.);
#556 = ORIENTED_EDGE('',*,*,#557,.F.);
#557 = EDGE_CURVE('',#387,#410,#558,.T.);
#558 = SURFACE_CURVE('',#559,(#586,#616),.PCURVE_S1.);
#559 = B_SPLINE_CURVE_WITH_KNOTS('',7,(#560,#561,#562,#563,#564,#565,
    #566,#567,#568,#569,#570,#571,#572,#573,#574,#575,#576,#577,#578,
    #579,#580,#581,#582,#583,#584,#585),.UNSPECIFIED.,.F.,.F.,(8,6,6,6,8
    ),(0.,0.24535143638,0.500010407313,0.754682315463,1.),
  .UNSPECIFIED.);
#560 = CARTESIAN_POINT('',(-10.4,2.130885430516E-15,19.5));
#561 = CARTESIAN_POINT('',(-10.4,0.278902117558,19.5));
#562 = CARTESIAN_POINT('',(-10.44321423002,0.550347615411,
    19.495346047927));
#563 = CARTESIAN_POINT('',(-10.52548645317,0.80653100283,19.486486576332
    ));
#564 = CARTESIAN_POINT('',(-10.64115936458,1.040967401936,
    19.474624057113));
#565 = CARTESIAN_POINT('',(-10.78314607939,1.248733918973,
    19.461404022639));
#566 = CARTESIAN_POINT('',(-10.94303901282,1.426939647571,
    19.448289865195));
#567 = CARTESIAN_POINT('',(-11.2858321377,1.729152439794,19.42379670848)
  );
#568 = CARTESIAN_POINT('',(-11.47405961195,1.854976818494,
    19.412167699561));
#569 = CARTESIAN_POINT('',(-11.67143450671,1.953919205858,
    19.402222906261));
#570 = CARTESIAN_POINT('',(-11.8748317605,2.027184971994,19.394480881594
    ));
#571 = CARTESIAN_POINT('',(-12.08193651505,2.075708008624,
    19.389224649912));
#572 = CARTESIAN_POINT('',(-12.29089145893,2.1,19.386593305684));
#573 = CARTESIAN_POINT('',(-12.70911916422,2.1,19.386593305684));
#574 = CARTESIAN_POINT('',(-12.91807191336,2.075705585949,19.38922490987
    ));
#575 = CARTESIAN_POINT('',(-13.12517054387,2.027182827586,
    19.394481120396));
#576 = CARTESIAN_POINT('',(-13.32856372561,1.953919451358,
    19.402222832771));
#577 = CARTESIAN_POINT('',(-13.52593867163,1.854978318704,
    19.412167580051));
#578 = CARTESIAN_POINT('',(-13.71416791974,1.729152389148,
    19.423796712585));
#579 = CARTESIAN_POINT('',(-14.0569292489,1.426967628621,19.448287597441
    ));
#580 = CARTESIAN_POINT('',(-14.21683587796,1.248763917103,
    19.461402096071));
#581 = CARTESIAN_POINT('',(-14.35885001694,1.040972021844,
    19.474624513998));
#582 = CARTESIAN_POINT('',(-14.47453966294,0.806494396872,
    19.486489381744));
#583 = CARTESIAN_POINT('',(-14.55680619597,0.550276993638,
    19.495348250292));
#584 = CARTESIAN_POINT('',(-14.6,0.278836214035,19.5));
#585 = CARTESIAN_POINT('',(-14.6,2.773825000069E-15,19.5));
#586 = PCURVE('',#55,#587);
#587 = DEFINITIONAL_REPRESENTATION('',(#588),#615);
#588 = B_SPLINE_CURVE_WITH_KNOTS('',7,(#589,#590,#591,#592,#593,#594,
    #595,#596,#597,#598,#599,#600,#601,#602,#603,#604,#605,#606,#607,
    #608,#609,#610,#611,#612,#613,#614),.UNSPECIFIED.,.F.,.F.,(8,6,6,6,8
    ),(0.,0.24535143638,0.500010407313,0.754682315463,1.),
  .UNSPECIFIED.);
#589 = CARTESIAN_POINT('',(6.28318530718,14.6));
#590 = CARTESIAN_POINT('',(6.268882634484,14.6));
#591 = CARTESIAN_POINT('',(6.25496234712,14.556785769971));
#592 = CARTESIAN_POINT('',(6.241819989068,14.47451354683));
#593 = CARTESIAN_POINT('',(6.229784331422,14.358840635415));
#594 = CARTESIAN_POINT('',(6.219108944404,14.216853920601));
#595 = CARTESIAN_POINT('',(6.209945733405,14.056960987171));
#596 = CARTESIAN_POINT('',(6.194396825474,13.714167862297));
#597 = CARTESIAN_POINT('',(6.187917206203,13.525940388044));
#598 = CARTESIAN_POINT('',(6.182817812229,13.328565493288));
#599 = CARTESIAN_POINT('',(6.179039692048,13.125168239499));
#600 = CARTESIAN_POINT('',(6.176536772995,12.918063484943));
#601 = CARTESIAN_POINT('',(6.175283742895,12.709108541063));
#602 = CARTESIAN_POINT('',(6.175283742895,12.290880835779));
#603 = CARTESIAN_POINT('',(6.176536897936,12.081928086639));
#604 = CARTESIAN_POINT('',(6.179039802719,11.874829456128));
#605 = CARTESIAN_POINT('',(6.182817799304,11.671436274385));
#606 = CARTESIAN_POINT('',(6.187917129046,11.474061328363));
#607 = CARTESIAN_POINT('',(6.19439682808,11.285832080255));
#608 = CARTESIAN_POINT('',(6.209944293774,10.9430707511));
#609 = CARTESIAN_POINT('',(6.219107402951,10.783164122036));
#610 = CARTESIAN_POINT('',(6.229784097251,10.641149983054));
#611 = CARTESIAN_POINT('',(6.241821869865,10.525460337058));
#612 = CARTESIAN_POINT('',(6.254965968761,10.443193804021));
#613 = CARTESIAN_POINT('',(6.268886014152,10.4));
#614 = CARTESIAN_POINT('',(6.28318530718,10.4));
#615 = ( GEOMETRIC_REPRESENTATION_CONTEXT(2) 
PARAMETRIC_REPRESENTATION_CONTEXT() REPRESENTATION_CONTEXT('2D SPACE',''
  ) );
#616 = PCURVE('',#471,#617);
#617 = DEFINITIONAL_REPRESENTATION('',(#618),#645);
#618 = B_SPLINE_CURVE_WITH_KNOTS('',7,(#619,#620,#621,#622,#623,#624,
    #625,#626,#627,#628,#629,#630,#631,#632,#633,#634,#635,#636,#637,
    #638,#639,#640,#641,#642,#643,#644),.UNSPECIFIED.,.F.,.F.,(8,6,6,6,8
    ),(0.,0.24535143638,0.500010407313,0.754682315463,1.),
  .UNSPECIFIED.);
#619 = CARTESIAN_POINT('',(0.,6.5));
#620 = CARTESIAN_POINT('',(0.132810532171,6.5));
#621 = CARTESIAN_POINT('',(0.262070197497,6.495346047927));
#622 = CARTESIAN_POINT('',(0.387888855732,6.486486576332));
#623 = CARTESIAN_POINT('',(0.510083374301,6.474624057113));
#624 = CARTESIAN_POINT('',(0.628216337184,6.461404022639));
#625 = CARTESIAN_POINT('',(0.741448325317,6.448289865195));
#626 = CARTESIAN_POINT('',(0.959062526703,6.42379670848));
#627 = CARTESIAN_POINT('',(1.065920116082,6.412167699561));
#628 = CARTESIAN_POINT('',(1.169802414765,6.402222906261));
#629 = CARTESIAN_POINT('',(1.271483956255,6.394480881594));
#630 = CARTESIAN_POINT('',(1.371718631406,6.389224649912));
#631 = CARTESIAN_POINT('',(1.47122083105,6.386593305684));
#632 = CARTESIAN_POINT('',(1.670376881186,6.386593305684));
#633 = CARTESIAN_POINT('',(1.769878020026,6.38922490987));
#634 = CARTESIAN_POINT('',(1.870110063915,6.394481120396));
#635 = CARTESIAN_POINT('',(1.97178950246,6.402222832771));
#636 = CARTESIAN_POINT('',(2.075671459321,6.412167580051));
#637 = CARTESIAN_POINT('',(2.182530163356,6.423796712585));
#638 = CARTESIAN_POINT('',(2.400124179974,6.448287597441));
#639 = CARTESIAN_POINT('',(2.51336042872,6.461402096071));
#640 = CARTESIAN_POINT('',(2.631510028664,6.474624513998));
#641 = CARTESIAN_POINT('',(2.753723905876,6.486489381744));
#642 = CARTESIAN_POINT('',(2.879556092616,6.495348250292));
#643 = CARTESIAN_POINT('',(3.008813504049,6.5));
#644 = CARTESIAN_POINT('',(3.14159265359,6.5));
#645 = ( GEOMETRIC_REPRESENTATION_CONTEXT(2) 
PARAMETRIC_REPRESENTATION_CONTEXT() REPRESENTATION_CONTEXT('2D SPACE',''
  ) );
#646 = ORIENTED_EDGE('',*,*,#386,.T.);
#647 = ORIENTED_EDGE('',*,*,#648,.F.);
#648 = EDGE_CURVE('',#267,#290,#649,.T.);
#649 = SURFACE_CURVE('',#650,(#677,#707),.PCURVE_S1.);
#650 = B_SPLINE_CURVE_WITH_KNOTS('',7,(#651,#652,#653,#654,#655,#656,
    #657,#658,#659,#660,#661,#662,#663,#664,#665,#666,#667,#668,#669,
    #670,#671,#672,#673,#674,#675,#676),.UNSPECIFIED.,.F.,.F.,(8,6,6,6,8
    ),(0.,0.245351420498,0.500010383703,0.754682299799,1.),
  .UNSPECIFIED.);
#651 = CARTESIAN_POINT('',(2.1,2.130885430516E-15,19.5));
#652 = CARTESIAN_POINT('',(2.1,0.278902117558,19.5));
#653 = CARTESIAN_POINT('',(2.056785769971,0.550347615411,19.495346047927
    ));
#654 = CARTESIAN_POINT('',(1.974513546831,0.80653100283,19.486486576332)
  );
#655 = CARTESIAN_POINT('',(1.858840635414,1.040967401936,19.474624057113
    ));
#656 = CARTESIAN_POINT('',(1.716853920601,1.248733918973,19.461404022639
    ));
#657 = CARTESIAN_POINT('',(1.556960987171,1.426939647571,19.448289865195
    ));
#658 = CARTESIAN_POINT('',(1.214167856295,1.729152445086,19.423796708051
    ));
#659 = CARTESIAN_POINT('',(1.025940401132,1.85497680487,19.41216770068)
  );
#660 = CARTESIAN_POINT('',(0.828565487918,1.953919220609,19.402222905061
    ));
#661 = CARTESIAN_POINT('',(0.625168227516,2.027184964418,19.394480882184
    ));
#662 = CARTESIAN_POINT('',(0.418063500494,2.075708010213,19.389224649799
    ));
#663 = CARTESIAN_POINT('',(0.2091085347,2.1,19.386593305684));
#664 = CARTESIAN_POINT('',(-0.20911917073,2.1,19.386593305684));
#665 = CARTESIAN_POINT('',(-0.418071897441,2.075705584299,
    19.389224909983));
#666 = CARTESIAN_POINT('',(-0.625170555391,2.027182835401,19.39448111979
    ));
#667 = CARTESIAN_POINT('',(-0.82856373134,1.953919436667,19.402222833964
    ));
#668 = CARTESIAN_POINT('',(-1.025938658901,1.854978331899,
    19.412167578968));
#669 = CARTESIAN_POINT('',(-1.214167925443,1.729152384124,
    19.423796712992));
#670 = CARTESIAN_POINT('',(-1.556929248901,1.42696762862,19.448287597441
    ));
#671 = CARTESIAN_POINT('',(-1.716835877963,1.248763917103,19.46140209607
    ));
#672 = CARTESIAN_POINT('',(-1.858850016946,1.040972021844,
    19.474624513998));
#673 = CARTESIAN_POINT('',(-1.974539662942,0.806494396872,
    19.486489381744));
#674 = CARTESIAN_POINT('',(-2.056806195979,0.550276993637,
    19.495348250292));
#675 = CARTESIAN_POINT('',(-2.1,0.278836214035,19.5));
#676 = CARTESIAN_POINT('',(-2.1,2.773825000069E-15,19.5));
#677 = PCURVE('',#55,#678);
#678 = DEFINITIONAL_REPRESENTATION('',(#679),#706);
#679 = B_SPLINE_CURVE_WITH_KNOTS('',7,(#680,#681,#682,#683,#684,#685,
    #686,#687,#688,#689,#690,#691,#692,#693,#694,#695,#696,#697,#698,
    #699,#700,#701,#702,#703,#704,#705),.UNSPECIFIED.,.F.,.F.,(8,6,6,6,8
    ),(0.,0.245351420498,0.500010383703,0.754682299799,1.),
  .UNSPECIFIED.);
#680 = CARTESIAN_POINT('',(6.28318530718,27.1));
#681 = CARTESIAN_POINT('',(6.268882634484,27.1));
#682 = CARTESIAN_POINT('',(6.25496234712,27.056785769971));
#683 = CARTESIAN_POINT('',(6.241819989068,26.974513546831));
#684 = CARTESIAN_POINT('',(6.229784331422,26.858840635414));
#685 = CARTESIAN_POINT('',(6.219108944404,26.716853920601));
#686 = CARTESIAN_POINT('',(6.209945733405,26.556960987171));
#687 = CARTESIAN_POINT('',(6.194396825202,26.214167856295));
#688 = CARTESIAN_POINT('',(6.187917206904,26.025940401132));
#689 = CARTESIAN_POINT('',(6.18281781147,25.828565487918));
#690 = CARTESIAN_POINT('',(6.179039692438,25.625168227516));
#691 = CARTESIAN_POINT('',(6.176536772914,25.418063500494));
#692 = CARTESIAN_POINT('',(6.175283742895,25.2091085347));
#693 = CARTESIAN_POINT('',(6.175283742895,24.79088082927));
#694 = CARTESIAN_POINT('',(6.176536898021,24.581928102559));
#695 = CARTESIAN_POINT('',(6.179039802317,24.374829444609));
#696 = CARTESIAN_POINT('',(6.18281780006,24.17143626866));
#697 = CARTESIAN_POINT('',(6.187917128367,23.974061341099));
#698 = CARTESIAN_POINT('',(6.194396828339,23.785832074557));
#699 = CARTESIAN_POINT('',(6.209944293774,23.443070751099));
#700 = CARTESIAN_POINT('',(6.219107402951,23.283164122037));
#701 = CARTESIAN_POINT('',(6.229784097251,23.141149983054));
#702 = CARTESIAN_POINT('',(6.241821869865,23.025460337058));
#703 = CARTESIAN_POINT('',(6.254965968761,22.943193804021));
#704 = CARTESIAN_POINT('',(6.268886014152,22.9));
#705 = CARTESIAN_POINT('',(6.28318530718,22.9));
#706 = ( GEOMETRIC_REPRESENTATION_CONTEXT(2) 
PARAMETRIC_REPRESENTATION_CONTEXT() REPRESENTATION_CONTEXT('2D SPACE',''
  ) );
#707 = PCURVE('',#351,#708);
#708 = DEFINITIONAL_REPRESENTATION('',(#709),#736);
#709 = B_SPLINE_CURVE_WITH_KNOTS('',7,(#710,#711,#712,#713,#714,#715,
    #716,#717,#718,#719,#720,#721,#722,#723,#724,#725,#726,#727,#728,
    #729,#730,#731,#732,#733,#734,#735),.UNSPECIFIED.,.F.,.F.,(8,6,6,6,8
    ),(0.,0.245351420498,0.500010383703,0.754682299799,1.),
  .UNSPECIFIED.);
#710 = CARTESIAN_POINT('',(0.,39.5));
#711 = CARTESIAN_POINT('',(0.132810532171,39.5));
#712 = CARTESIAN_POINT('',(0.262070197497,39.495346047927));
#713 = CARTESIAN_POINT('',(0.387888855732,39.486486576332));
#714 = CARTESIAN_POINT('',(0.510083374301,39.474624057113));
#715 = CARTESIAN_POINT('',(0.628216337184,39.461404022639));
#716 = CARTESIAN_POINT('',(0.741448325317,39.448289865195));
#717 = CARTESIAN_POINT('',(0.959062530513,39.423796708051));
#718 = CARTESIAN_POINT('',(1.06592010747,39.41216770068));
#719 = CARTESIAN_POINT('',(1.169802419939,39.402222905061));
#720 = CARTESIAN_POINT('',(1.271483960505,39.394480882184));
#721 = CARTESIAN_POINT('',(1.371718624358,39.389224649799));
#722 = CARTESIAN_POINT('',(1.471220834081,39.386593305684));
#723 = CARTESIAN_POINT('',(1.670376884285,39.386593305684));
#724 = CARTESIAN_POINT('',(1.769878012835,39.389224909983));
#725 = CARTESIAN_POINT('',(1.870110067882,39.39448111979));
#726 = CARTESIAN_POINT('',(1.971789507805,39.402222833964));
#727 = CARTESIAN_POINT('',(2.075671450947,39.412167578968));
#728 = CARTESIAN_POINT('',(2.182530166974,39.423796712992));
#729 = CARTESIAN_POINT('',(2.400124179974,39.448287597441));
#730 = CARTESIAN_POINT('',(2.51336042872,39.46140209607));
#731 = CARTESIAN_POINT('',(2.631510028664,39.474624513998));
#732 = CARTESIAN_POINT('',(2.753723905876,39.486489381744));
#733 = CARTESIAN_POINT('',(2.879556092617,39.495348250292));
#734 = CARTESIAN_POINT('',(3.008813504049,39.5));
#735 = CARTESIAN_POINT('',(3.14159265359,39.5));
#736 = ( GEOMETRIC_REPRESENTATION_CONTEXT(2) 
PARAMETRIC_REPRESENTATION_CONTEXT() REPRESENTATION_CONTEXT('2D SPACE',''
  ) );
#737 = ORIENTED_EDGE('',*,*,#266,.T.);
#738 = FACE_BOUND('',#739,.T.);
#739 = EDGE_LOOP('',(#740,#771,#797,#826,#852,#1117,#1202,#1228,#1488));
#740 = ORIENTED_EDGE('',*,*,#741,.F.);
#741 = EDGE_CURVE('',#742,#744,#746,.T.);
#742 = VERTEX_POINT('',#743);
#743 = CARTESIAN_POINT('',(-20.,-7.5,18.));
#744 = VERTEX_POINT('',#745);
#745 = CARTESIAN_POINT('',(-20.,-12.45993579437,15.));
#746 = SURFACE_CURVE('',#747,(#752,#759),.PCURVE_S1.);
#747 = CIRCLE('',#748,19.5);
#748 = AXIS2_PLACEMENT_3D('',#749,#750,#751);
#749 = CARTESIAN_POINT('',(-20.,0.,0.));
#750 = DIRECTION('',(1.,0.,0.));
#751 = DIRECTION('',(-0.,0.,1.));
#752 = PCURVE('',#55,#753);
#753 = DEFINITIONAL_REPRESENTATION('',(#754),#758);
#754 = LINE('',#755,#756);
#755 = CARTESIAN_POINT('',(0.,5.));
#756 = VECTOR('',#757,1.);
#757 = DIRECTION('',(1.,0.));
#758 = ( GEOMETRIC_REPRESENTATION_CONTEXT(2) 
PARAMETRIC_REPRESENTATION_CONTEXT() REPRESENTATION_CONTEXT('2D SPACE',''
  ) );
#759 = PCURVE('',#760,#765);
#760 = PLANE('',#761);
#761 = AXIS2_PLACEMENT_3D('',#762,#763,#764);
#762 = CARTESIAN_POINT('',(-20.,-20.,15.));
#763 = DIRECTION('',(1.,0.,-0.));
#764 = DIRECTION('',(0.,0.,1.));
#765 = DEFINITIONAL_REPRESENTATION('',(#766),#770);
#766 = CIRCLE('',#767,19.5);
#767 = AXIS2_PLACEMENT_2D('',#768,#769);
#768 = CARTESIAN_POINT('',(-15.,-20.));
#769 = DIRECTION('',(1.,0.));
#770 = ( GEOMETRIC_REPRESENTATION_CONTEXT(2) 
PARAMETRIC_REPRESENTATION_CONTEXT() REPRESENTATION_CONTEXT('2D SPACE',''
  ) );
#771 = ORIENTED_EDGE('',*,*,#772,.T.);
#772 = EDGE_CURVE('',#742,#773,#775,.T.);
#773 = VERTEX_POINT('',#774);
#774 = CARTESIAN_POINT('',(20.,-7.5,18.));
#775 = SURFACE_CURVE('',#776,(#780,#786),.PCURVE_S1.);
#776 = LINE('',#777,#778);
#777 = CARTESIAN_POINT('',(-25.,-7.5,18.));
#778 = VECTOR('',#779,1.);
#779 = DIRECTION('',(1.,0.,0.));
#780 = PCURVE('',#55,#781);
#781 = DEFINITIONAL_REPRESENTATION('',(#782),#785);
#782 = B_SPLINE_CURVE_WITH_KNOTS('',1,(#783,#784),.UNSPECIFIED.,.F.,.F.,
  (2,2),(1.,49.),.PIECEWISE_BEZIER_KNOTS.);
#783 = CARTESIAN_POINT('',(0.3947911197,1.));
#784 = CARTESIAN_POINT('',(0.3947911197,49.));
#785 = ( GEOMETRIC_REPRESENTATION_CONTEXT(2) 
PARAMETRIC_REPRESENTATION_CONTEXT() REPRESENTATION_CONTEXT('2D SPACE',''
  ) );
#786 = PCURVE('',#787,#792);
#787 = PLANE('',#788);
#788 = AXIS2_PLACEMENT_3D('',#789,#790,#791);
#789 = CARTESIAN_POINT('',(-20.,-20.,18.));
#790 = DIRECTION('',(0.,0.,1.));
#791 = DIRECTION('',(1.,0.,-0.));
#792 = DEFINITIONAL_REPRESENTATION('',(#793),#796);
#793 = B_SPLINE_CURVE_WITH_KNOTS('',1,(#794,#795),.UNSPECIFIED.,.F.,.F.,
  (2,2),(1.,49.),.PIECEWISE_BEZIER_KNOTS.);
#794 = CARTESIAN_POINT('',(-4.,12.5));
#795 = CARTESIAN_POINT('',(44.,12.5));
#796 = ( GEOMETRIC_REPRESENTATION_CONTEXT(2) 
PARAMETRIC_REPRESENTATION_CONTEXT() REPRESENTATION_CONTEXT('2D SPACE',''
  ) );
#797 = ORIENTED_EDGE('',*,*,#798,.T.);
#798 = EDGE_CURVE('',#773,#799,#801,.T.);
#799 = VERTEX_POINT('',#800);
#800 = CARTESIAN_POINT('',(20.,-12.45993579437,15.));
#801 = SURFACE_CURVE('',#802,(#807,#814),.PCURVE_S1.);
#802 = CIRCLE('',#803,19.5);
#803 = AXIS2_PLACEMENT_3D('',#804,#805,#806);
#804 = CARTESIAN_POINT('',(20.,0.,0.));
#805 = DIRECTION('',(1.,0.,0.));
#806 = DIRECTION('',(-0.,0.,1.));
#807 = PCURVE('',#55,#808);
#808 = DEFINITIONAL_REPRESENTATION('',(#809),#813);
#809 = LINE('',#810,#811);
#810 = CARTESIAN_POINT('',(0.,45.));
#811 = VECTOR('',#812,1.);
#812 = DIRECTION('',(1.,0.));
#813 = ( GEOMETRIC_REPRESENTATION_CONTEXT(2) 
PARAMETRIC_REPRESENTATION_CONTEXT() REPRESENTATION_CONTEXT('2D SPACE',''
  ) );
#814 = PCURVE('',#815,#820);
#815 = PLANE('',#816);
#816 = AXIS2_PLACEMENT_3D('',#817,#818,#819);
#817 = CARTESIAN_POINT('',(20.,-20.,15.));
#818 = DIRECTION('',(1.,0.,-0.));
#819 = DIRECTION('',(0.,0.,1.));
#820 = DEFINITIONAL_REPRESENTATION('',(#821),#825);
#821 = CIRCLE('',#822,19.5);
#822 = AXIS2_PLACEMENT_2D('',#823,#824);
#823 = CARTESIAN_POINT('',(-15.,-20.));
#824 = DIRECTION('',(1.,0.));
#825 = ( GEOMETRIC_REPRESENTATION_CONTEXT(2) 
PARAMETRIC_REPRESENTATION_CONTEXT() REPRESENTATION_CONTEXT('2D SPACE',''
  ) );
#826 = ORIENTED_EDGE('',*,*,#827,.F.);
#827 = EDGE_CURVE('',#828,#799,#830,.T.);
#828 = VERTEX_POINT('',#829);
#829 = CARTESIAN_POINT('',(2.099617788891,-12.45993579437,15.));
#830 = SURFACE_CURVE('',#831,(#835,#841),.PCURVE_S1.);
#831 = LINE('',#832,#833);
#832 = CARTESIAN_POINT('',(-25.,-12.45993579437,15.));
#833 = VECTOR('',#834,1.);
#834 = DIRECTION('',(1.,0.,0.));
#835 = PCURVE('',#55,#836);
#836 = DEFINITIONAL_REPRESENTATION('',(#837),#840);
#837 = B_SPLINE_CURVE_WITH_KNOTS('',1,(#838,#839),.UNSPECIFIED.,.F.,.F.,
  (2,2),(1.,49.),.PIECEWISE_BEZIER_KNOTS.);
#838 = CARTESIAN_POINT('',(0.693159907577,1.));
#839 = CARTESIAN_POINT('',(0.693159907577,49.));
#840 = ( GEOMETRIC_REPRESENTATION_CONTEXT(2) 
PARAMETRIC_REPRESENTATION_CONTEXT() REPRESENTATION_CONTEXT('2D SPACE',''
  ) );
#841 = PCURVE('',#842,#847);
#842 = PLANE('',#843);
#843 = AXIS2_PLACEMENT_3D('',#844,#845,#846);
#844 = CARTESIAN_POINT('',(-20.,-20.,15.));
#845 = DIRECTION('',(0.,0.,1.));
#846 = DIRECTION('',(1.,0.,-0.));
#847 = DEFINITIONAL_REPRESENTATION('',(#848),#851);
#848 = B_SPLINE_CURVE_WITH_KNOTS('',1,(#849,#850),.UNSPECIFIED.,.F.,.F.,
  (2,2),(1.,49.),.PIECEWISE_BEZIER_KNOTS.);
#849 = CARTESIAN_POINT('',(-4.,7.540064205623));
#850 = CARTESIAN_POINT('',(44.,7.540064205623));
#851 = ( GEOMETRIC_REPRESENTATION_CONTEXT(2) 
PARAMETRIC_REPRESENTATION_CONTEXT() REPRESENTATION_CONTEXT('2D SPACE',''
  ) );
#852 = ORIENTED_EDGE('',*,*,#853,.F.);
#853 = EDGE_CURVE('',#854,#828,#856,.T.);
#854 = VERTEX_POINT('',#855);
#855 = CARTESIAN_POINT('',(2.1,-12.5,14.966629547096));
#856 = SURFACE_CURVE('',#857,(#940,#1026),.PCURVE_S1.);
#857 = B_SPLINE_CURVE_WITH_KNOTS('',6,(#858,#859,#860,#861,#862,#863,
    #864,#865,#866,#867,#868,#869,#870,#871,#872,#873,#874,#875,#876,
    #877,#878,#879,#880,#881,#882,#883,#884,#885,#886,#887,#888,#889,
    #890,#891,#892,#893,#894,#895,#896,#897,#898,#899,#900,#901,#902,
    #903,#904,#905,#906,#907,#908,#909,#910,#911,#912,#913,#914,#915,
    #916,#917,#918,#919,#920,#921,#922,#923,#924,#925,#926,#927,#928,
    #929,#930,#931,#932,#933,#934,#935,#936,#937,#938,#939),
  .UNSPECIFIED.,.F.,.F.,(7,5,5,5,5,5,5,5,5,5,5,5,5,5,5,5,7),(0.,
    5.707073971433E-02,0.156654610153,0.213491613939,0.244634872062,
    0.275973165292,0.342804345583,0.408640815323,0.473098804372,
    0.529259704721,0.588881613482,0.661280841101,0.70547676015,
    0.798243982496,0.870343736374,0.936157079491,1.),.UNSPECIFIED.);
#858 = CARTESIAN_POINT('',(2.1,-12.5,14.966629547096));
#859 = CARTESIAN_POINT('',(2.1,-12.41481710749,15.037773564724));
#860 = CARTESIAN_POINT('',(2.095853626923,-12.32897470255,15.10848079558
    ));
#861 = CARTESIAN_POINT('',(2.08744057838,-12.24272481732,15.178533162634
    ));
#862 = CARTESIAN_POINT('',(2.074659122047,-12.15633138974,
    15.247722283211));
#863 = CARTESIAN_POINT('',(2.057426095665,-12.07007026355,15.31584946899
    ));
#864 = CARTESIAN_POINT('',(1.997726314604,-11.83444338643,
    15.499419438878));
#865 = CARTESIAN_POINT('',(1.945989084968,-11.68579414455,
    15.612415261386));
#866 = CARTESIAN_POINT('',(1.880210414561,-11.54035393436,
    15.720274185276));
#867 = CARTESIAN_POINT('',(1.80061153413,-11.4001987749,15.82179783995)
  );
#868 = CARTESIAN_POINT('',(1.707868747453,-11.26732329354,
    15.916035650731));
#869 = CARTESIAN_POINT('',(1.54330119452,-11.0728380973,16.051469471056)
  );
#870 = CARTESIAN_POINT('',(1.479621820586,-11.00516326253,
    16.098040138893));
#871 = CARTESIAN_POINT('',(1.412277499546,-10.94080611039,
    16.141840443312));
#872 = CARTESIAN_POINT('',(1.341526993927,-10.88006311209,
    16.182767039522));
#873 = CARTESIAN_POINT('',(1.267669973987,-10.82319701668,
    16.220740205945));
#874 = CARTESIAN_POINT('',(1.149061312457,-10.74151861453,
    16.274857319024));
#875 = CARTESIAN_POINT('',(1.106239617497,-10.71383312419,
    16.293111859912));
#876 = CARTESIAN_POINT('',(1.062632685834,-10.68740868801,
    16.310456781404));
#877 = CARTESIAN_POINT('',(1.018292256152,-10.66227537183,
    16.326886143081));
#878 = CARTESIAN_POINT('',(0.973270448326,-10.63845928835,
    16.342395845624));
#879 = CARTESIAN_POINT('',(0.88168319044,-10.59336514519,16.371662772208
    ));
#880 = CARTESIAN_POINT('',(0.835109643934,-10.57210405758,
    16.385408241334));
#881 = CARTESIAN_POINT('',(0.787952316574,-10.55222178247,
    16.398217771055));
#882 = CARTESIAN_POINT('',(0.740263946184,-10.53373756118,
    16.410090037389));
#883 = CARTESIAN_POINT('',(0.692096815743,-10.51666742809,
    16.421024659501));
#884 = CARTESIAN_POINT('',(0.539872395496,-10.46766391635,
    16.452342678364));
#885 = CARTESIAN_POINT('',(0.434320129787,-10.44079993523,
    16.469396854365));
#886 = CARTESIAN_POINT('',(0.327321136758,-10.42054541122,
    16.482196916311));
#887 = CARTESIAN_POINT('',(0.219355743537,-10.40697606546,
    16.490752422854));
#888 = CARTESIAN_POINT('',(0.110908939078,-10.40012899181,
    16.495069474733));
#889 = CARTESIAN_POINT('',(-0.104355161215,-10.39987581139,
    16.495229102062));
#890 = CARTESIAN_POINT('',(-0.211200823428,-10.40627112908,
    16.491196881738));
#891 = CARTESIAN_POINT('',(-0.317600247031,-10.41919062546,
    16.483051723901));
#892 = CARTESIAN_POINT('',(-0.423090341885,-10.43860027532,
    16.470787947449));
#893 = CARTESIAN_POINT('',(-0.527212219327,-10.46442988321,
    16.454396433733));
#894 = CARTESIAN_POINT('',(-0.729669107795,-10.52804539816,
    16.413764181044));
#895 = CARTESIAN_POINT('',(-0.8281012602,-10.56557652745,16.389690556589
    ));
#896 = CARTESIAN_POINT('',(-0.924307403512,-10.60904971729,
    16.361645971041));
#897 = CARTESIAN_POINT('',(-1.017813019455,-10.6582911338,
    16.329644611789));
#898 = CARTESIAN_POINT('',(-1.10817090495,-10.71307611131,
    16.293716328667));
#899 = CARTESIAN_POINT('',(-1.270581865113,-10.82546179385,16.2192268006
    ));
#900 = CARTESIAN_POINT('',(-1.343488386586,-10.88178841794,
    16.181602386307));
#901 = CARTESIAN_POINT('',(-1.413353811808,-10.94189734164,
    16.141093975398));
#902 = CARTESIAN_POINT('',(-1.47988875026,-11.0055340391,16.097779103217
    ));
#903 = CARTESIAN_POINT('',(-1.542843043998,-11.07241169813,
    16.051757973564));
#904 = CARTESIAN_POINT('',(-1.664815630358,-11.21632335202,
    15.951559312942));
#905 = CARTESIAN_POINT('',(-1.723338628534,-11.29371317431,
    15.897065146958));
#906 = CARTESIAN_POINT('',(-1.777316430171,-11.37399390556,
    15.839836212492));
#907 = CARTESIAN_POINT('',(-1.826553032392,-11.45674401936,
    15.780065478668));
#908 = CARTESIAN_POINT('',(-1.870915540234,-11.54151992306,
    15.717979723033));
#909 = CARTESIAN_POINT('',(-1.958200933866,-11.73271045599,
    15.575961089491));
#910 = CARTESIAN_POINT('',(-1.998755516305,-11.83981992949,15.4950913266
    ));
#911 = CARTESIAN_POINT('',(-2.031947878437,-11.94849776623,
    15.411613329409));
#912 = CARTESIAN_POINT('',(-2.05781415903,-12.0580588026,15.325947687812
    ));
#913 = CARTESIAN_POINT('',(-2.076476795573,-12.16783282133,
    15.238558004243));
#914 = CARTESIAN_POINT('',(-2.095266894106,-12.34391580968,
    15.095864432595));
#915 = CARTESIAN_POINT('',(-2.099785228679,-12.41052141616,
    15.041304154826));
#916 = CARTESIAN_POINT('',(-2.10174771531,-12.47687786976,
    14.986356458077));
#917 = CARTESIAN_POINT('',(-2.101205550226,-12.54288024205,
    14.931107651859));
#918 = CARTESIAN_POINT('',(-2.098212836348,-12.60842838033,
    14.875646141783));
#919 = CARTESIAN_POINT('',(-2.081520839534,-12.80985879924,
    14.703392232388));
#920 = CARTESIAN_POINT('',(-2.059674656187,-12.9438088088,
    14.586234898728));
#921 = CARTESIAN_POINT('',(-2.02781289642,-13.07463508774,
    14.469225724569));
#922 = CARTESIAN_POINT('',(-1.986391959607,-13.20177531516,
    14.353013461071));
#923 = CARTESIAN_POINT('',(-1.935809327239,-13.32470689015,
    14.238286789009));
#924 = CARTESIAN_POINT('',(-1.830249683686,-13.5347737078,
    14.038375381441));
#925 = CARTESIAN_POINT('',(-1.778749799743,-13.62380819119,
    13.952278993267));
#926 = CARTESIAN_POINT('',(-1.722042739928,-13.70981510758,
    13.867817188767));
#927 = CARTESIAN_POINT('',(-1.660233847036,-13.79257150774,
    13.785342790331));
#928 = CARTESIAN_POINT('',(-1.5934059981,-13.87182590784,13.705258401104
    ));
#929 = CARTESIAN_POINT('',(-1.456095119551,-14.01618818655,
    13.557513991415));
#930 = CARTESIAN_POINT('',(-1.386420169831,-14.08194639201,
    13.489359698467));
#931 = CARTESIAN_POINT('',(-1.312665841394,-14.14432332511,
    13.423935856016));
#932 = CARTESIAN_POINT('',(-1.234907923004,-14.20304677035,
    13.361665357995));
#933 = CARTESIAN_POINT('',(-1.153229554793,-14.25781742931,
    13.303013357306));
#934 = CARTESIAN_POINT('',(-0.984775297193,-14.35728202874,
    13.195592039122));
#935 = CARTESIAN_POINT('',(-0.898153364785,-14.40227059995,
    13.146533894283));
#936 = CARTESIAN_POINT('',(-0.808121743665,-14.44284324903,
    13.101909534761));
#937 = CARTESIAN_POINT('',(-0.714972743354,-14.47862076314,
    13.062278156438));
#938 = CARTESIAN_POINT('',(-0.619024397431,-14.50926020143,
    13.028153945522));
#939 = CARTESIAN_POINT('',(-0.520619016274,-14.5344423904,
    12.999999399998));
#940 = PCURVE('',#55,#941);
#941 = DEFINITIONAL_REPRESENTATION('',(#942),#1025);
#942 = B_SPLINE_CURVE_WITH_KNOTS('',6,(#943,#944,#945,#946,#947,#948,
    #949,#950,#951,#952,#953,#954,#955,#956,#957,#958,#959,#960,#961,
    #962,#963,#964,#965,#966,#967,#968,#969,#970,#971,#972,#973,#974,
    #975,#976,#977,#978,#979,#980,#981,#982,#983,#984,#985,#986,#987,
    #988,#989,#990,#991,#992,#993,#994,#995,#996,#997,#998,#999,#1000,
    #1001,#1002,#1003,#1004,#1005,#1006,#1007,#1008,#1009,#1010,#1011,
    #1012,#1013,#1014,#1015,#1016,#1017,#1018,#1019,#1020,#1021,#1022,
    #1023,#1024),.UNSPECIFIED.,.F.,.F.,(7,5,5,5,5,5,5,5,5,5,5,5,5,5,5,5,
    7),(0.,5.707073971433E-02,0.156654610153,0.213491613939,
    0.244634872062,0.275973165292,0.342804345583,0.408640815323,
    0.473098804372,0.529259704721,0.588881613482,0.661280841101,
    0.70547676015,0.798243982496,0.870343736374,0.936157079491,1.),
  .UNSPECIFIED.);
#943 = CARTESIAN_POINT('',(0.695833827357,27.1));
#944 = CARTESIAN_POINT('',(0.690142305947,27.1));
#945 = CARTESIAN_POINT('',(0.684439191151,27.095853626923));
#946 = CARTESIAN_POINT('',(0.678741220443,27.08744057838));
#947 = CARTESIAN_POINT('',(0.673065307126,27.074659122047));
#948 = CARTESIAN_POINT('',(0.667428540332,27.057426095665));
#949 = CARTESIAN_POINT('',(0.652110911889,26.997726314604));
#950 = CARTESIAN_POINT('',(0.642536162224,26.945989084968));
#951 = CARTESIAN_POINT('',(0.633251471268,26.880210414561));
#952 = CARTESIAN_POINT('',(0.62437719171,26.80061153413));
#953 = CARTESIAN_POINT('',(0.616023614929,26.707868747453));
#954 = CARTESIAN_POINT('',(0.603870005579,26.54330119452));
#955 = CARTESIAN_POINT('',(0.599657223034,26.479621820586));
#956 = CARTESIAN_POINT('',(0.595665091267,26.412277499546));
#957 = CARTESIAN_POINT('',(0.59190903565,26.341526993927));
#958 = CARTESIAN_POINT('',(0.588402432763,26.267669973987));
#959 = CARTESIAN_POINT('',(0.583377832319,26.149061312457));
#960 = CARTESIAN_POINT('',(0.581677223764,26.106239617497));
#961 = CARTESIAN_POINT('',(0.580056280196,26.062632685834));
#962 = CARTESIAN_POINT('',(0.578516449129,26.018292256152));
#963 = CARTESIAN_POINT('',(0.577058960398,25.973270448326));
#964 = CARTESIAN_POINT('',(0.574302086381,25.88168319044));
#965 = CARTESIAN_POINT('',(0.573003758977,25.835109643934));
#966 = CARTESIAN_POINT('',(0.571790868697,25.787952316574));
#967 = CARTESIAN_POINT('',(0.570664277948,25.740263946184));
#968 = CARTESIAN_POINT('',(0.5696246868,25.692096815743));
#969 = CARTESIAN_POINT('',(0.56664230925,25.539872395496));
#970 = CARTESIAN_POINT('',(0.565010516515,25.434320129787));
#971 = CARTESIAN_POINT('',(0.563781794705,25.327321136758));
#972 = CARTESIAN_POINT('',(0.562959161564,25.219355743537));
#973 = CARTESIAN_POINT('',(0.562544064528,25.110908939078));
#974 = CARTESIAN_POINT('',(0.562528715749,24.895644838785));
#975 = CARTESIAN_POINT('',(0.562916425502,24.788799176572));
#976 = CARTESIAN_POINT('',(0.563699645,24.682399752969));
#977 = CARTESIAN_POINT('',(0.564877048876,24.576909658115));
#978 = CARTESIAN_POINT('',(0.566445846308,24.472787780673));
#979 = CARTESIAN_POINT('',(0.570316847653,24.270330892205));
#980 = CARTESIAN_POINT('',(0.572603427758,24.1718987398));
#981 = CARTESIAN_POINT('',(0.575256444264,24.075692596488));
#982 = CARTESIAN_POINT('',(0.578268028726,23.982186980545));
#983 = CARTESIAN_POINT('',(0.581627740248,23.89182909505));
#984 = CARTESIAN_POINT('',(0.588542118721,23.729418134887));
#985 = CARTESIAN_POINT('',(0.592015783025,23.656511613414));
#986 = CARTESIAN_POINT('',(0.595732890346,23.586646188192));
#987 = CARTESIAN_POINT('',(0.599680474561,23.52011124974));
#988 = CARTESIAN_POINT('',(0.603843606408,23.457156956002));
#989 = CARTESIAN_POINT('',(0.612836310839,23.335184369642));
#990 = CARTESIAN_POINT('',(0.617690137214,23.276661371466));
#991 = CARTESIAN_POINT('',(0.622745941222,23.222683569829));
#992 = CARTESIAN_POINT('',(0.627980599684,23.173446967608));
#993 = CARTESIAN_POINT('',(0.633369141561,23.129084459766));
#994 = CARTESIAN_POINT('',(0.645582789972,23.041799066134));
#995 = CARTESIAN_POINT('',(0.652465150938,23.001244483695));
#996 = CARTESIAN_POINT('',(0.659492372875,22.968052121563));
#997 = CARTESIAN_POINT('',(0.666624087572,22.94218584097));
#998 = CARTESIAN_POINT('',(0.673819272157,22.923523204427));
#999 = CARTESIAN_POINT('',(0.68544194765,22.904733105894));
#1000 = CARTESIAN_POINT('',(0.689857245621,22.900214771321));
#1001 = CARTESIAN_POINT('',(0.694275282542,22.89825228469));
#1002 = CARTESIAN_POINT('',(0.698689245272,22.898794449774));
#1003 = CARTESIAN_POINT('',(0.703092438707,22.901787163652));
#1004 = CARTESIAN_POINT('',(0.716684177599,22.918479160466));
#1005 = CARTESIAN_POINT('',(0.725809573557,22.940325343813));
#1006 = CARTESIAN_POINT('',(0.734809695875,22.97218710358));
#1007 = CARTESIAN_POINT('',(0.743642272544,23.013608040393));
#1008 = CARTESIAN_POINT('',(0.752264935597,23.064190672761));
#1009 = CARTESIAN_POINT('',(0.767136079593,23.169750316314));
#1010 = CARTESIAN_POINT('',(0.77348734598,23.221250200257));
#1011 = CARTESIAN_POINT('',(0.77966885085,23.277957260072));
#1012 = CARTESIAN_POINT('',(0.785660216449,23.339766152964));
#1013 = CARTESIAN_POINT('',(0.791438102866,23.4065940019));
#1014 = CARTESIAN_POINT('',(0.802031152342,23.543904880449));
#1015 = CARTESIAN_POINT('',(0.806887752105,23.613579830169));
#1016 = CARTESIAN_POINT('',(0.8115232517,23.687334158606));
#1017 = CARTESIAN_POINT('',(0.815912520575,23.765092076996));
#1018 = CARTESIAN_POINT('',(0.820027811141,23.846770445207));
#1019 = CARTESIAN_POINT('',(0.827535430963,24.015224702807));
#1020 = CARTESIAN_POINT('',(0.830948893516,24.101846635215));
#1021 = CARTESIAN_POINT('',(0.834041754847,24.191878256335));
#1022 = CARTESIAN_POINT('',(0.836779774746,24.285027256646));
#1023 = CARTESIAN_POINT('',(0.8391316203,24.380975602569));
#1024 = CARTESIAN_POINT('',(0.84106871185,24.479380983726));
#1025 = ( GEOMETRIC_REPRESENTATION_CONTEXT(2) 
PARAMETRIC_REPRESENTATION_CONTEXT() REPRESENTATION_CONTEXT('2D SPACE',''
  ) );
#1026 = PCURVE('',#1027,#1032);
#1027 = CYLINDRICAL_SURFACE('',#1028,2.1);
#1028 = AXIS2_PLACEMENT_3D('',#1029,#1030,#1031);
#1029 = CARTESIAN_POINT('',(0.,-12.5,13.));
#1030 = DIRECTION('',(0.,0.,1.));
#1031 = DIRECTION('',(1.,0.,-0.));
#1032 = DEFINITIONAL_REPRESENTATION('',(#1033),#1116);
#1033 = B_SPLINE_CURVE_WITH_KNOTS('',6,(#1034,#1035,#1036,#1037,#1038,
    #1039,#1040,#1041,#1042,#1043,#1044,#1045,#1046,#1047,#1048,#1049,
    #1050,#1051,#1052,#1053,#1054,#1055,#1056,#1057,#1058,#1059,#1060,
    #1061,#1062,#1063,#1064,#1065,#1066,#1067,#1068,#1069,#1070,#1071,
    #1072,#1073,#1074,#1075,#1076,#1077,#1078,#1079,#1080,#1081,#1082,
    #1083,#1084,#1085,#1086,#1087,#1088,#1089,#1090,#1091,#1092,#1093,
    #1094,#1095,#1096,#1097,#1098,#1099,#1100,#1101,#1102,#1103,#1104,
    #1105,#1106,#1107,#1108,#1109,#1110,#1111,#1112,#1113,#1114,#1115),
  .UNSPECIFIED.,.F.,.F.,(7,5,5,5,5,5,5,5,5,5,5,5,5,5,5,5,7),(0.,
    5.707073971433E-02,0.156654610153,0.213491613939,0.244634872062,
    0.275973165292,0.342804345583,0.408640815323,0.473098804372,
    0.529259704721,0.588881613482,0.661280841101,0.70547676015,
    0.798243982496,0.870343736374,0.936157079491,1.),.UNSPECIFIED.);
#1034 = CARTESIAN_POINT('',(0.,1.966629547096));
#1035 = CARTESIAN_POINT('',(4.056328214589E-02,2.037773564724));
#1036 = CARTESIAN_POINT('',(8.144054487501E-02,2.10848079558));
#1037 = CARTESIAN_POINT('',(0.12263214999,2.178533162634));
#1038 = CARTESIAN_POINT('',(0.164141610985,2.247722283211));
#1039 = CARTESIAN_POINT('',(0.205975593042,2.31584946899));
#1040 = CARTESIAN_POINT('',(0.321724254484,2.499419438878));
#1041 = CARTESIAN_POINT('',(0.396392314558,2.612415261386));
#1042 = CARTESIAN_POINT('',(0.471938662216,2.720274185276));
#1043 = CARTESIAN_POINT('',(0.548200923327,2.82179783995));
#1044 = CARTESIAN_POINT('',(0.625030229191,2.916035650731));
#1045 = CARTESIAN_POINT('',(0.746348546117,3.051469471056));
#1046 = CARTESIAN_POINT('',(0.790536800479,3.098040138893));
#1047 = CARTESIAN_POINT('',(0.834800459118,3.141840443312));
#1048 = CARTESIAN_POINT('',(0.879110226194,3.182767039522));
#1049 = CARTESIAN_POINT('',(0.923434689156,3.220740205945));
#1050 = CARTESIAN_POINT('',(0.992011699457,3.274857319024));
#1051 = CARTESIAN_POINT('',(1.016283270424,3.293111859912));
#1052 = CARTESIAN_POINT('',(1.040548038958,3.310456781404));
#1053 = CARTESIAN_POINT('',(1.064803227246,3.326886143081));
#1054 = CARTESIAN_POINT('',(1.089046759048,3.342395845624));
#1055 = CARTESIAN_POINT('',(1.137659504208,3.371662772208));
#1056 = CARTESIAN_POINT('',(1.162028550359,3.385408241334));
#1057 = CARTESIAN_POINT('',(1.186383102437,3.398217771055));
#1058 = CARTESIAN_POINT('',(1.21072248319,3.410090037389));
#1059 = CARTESIAN_POINT('',(1.235046633827,3.421024659501));
#1060 = CARTESIAN_POINT('',(1.311197841389,3.452342678364));
#1061 = CARTESIAN_POINT('',(1.362962814861,3.469396854365));
#1062 = CARTESIAN_POINT('',(1.414669859073,3.482196916311));
#1063 = CARTESIAN_POINT('',(1.466337384392,3.490752422854));
#1064 = CARTESIAN_POINT('',(1.517982510295,3.495069474733));
#1065 = CARTESIAN_POINT('',(1.620489295619,3.495229102062));
#1066 = CARTESIAN_POINT('',(1.671364557756,3.491196881738));
#1067 = CARTESIAN_POINT('',(1.722260642316,3.483051723901));
#1068 = CARTESIAN_POINT('',(1.773194176317,3.470787947449));
#1069 = CARTESIAN_POINT('',(1.824182964265,3.454396433733));
#1070 = CARTESIAN_POINT('',(1.925238308692,3.413764181044));
#1071 = CARTESIAN_POINT('',(1.975312614103,3.389690556589));
#1072 = CARTESIAN_POINT('',(2.025448886401,3.361645971041));
#1073 = CARTESIAN_POINT('',(2.075634979355,3.329644611789));
#1074 = CARTESIAN_POINT('',(2.125862206431,3.293716328667));
#1075 = CARTESIAN_POINT('',(2.219911768341,3.2192268006));
#1076 = CARTESIAN_POINT('',(2.263723080753,3.181602386307));
#1077 = CARTESIAN_POINT('',(2.307519657085,3.141093975398));
#1078 = CARTESIAN_POINT('',(2.351270882238,3.097779103217));
#1079 = CARTESIAN_POINT('',(2.394948166251,3.051757973564));
#1080 = CARTESIAN_POINT('',(2.484780304934,2.951559312942));
#1081 = CARTESIAN_POINT('',(2.53091193387,2.897065146958));
#1082 = CARTESIAN_POINT('',(2.576872561149,2.839836212492));
#1083 = CARTESIAN_POINT('',(2.622621808855,2.780065478668));
#1084 = CARTESIAN_POINT('',(2.668118540072,2.717979723033));
#1085 = CARTESIAN_POINT('',(2.768200773635,2.575961089491));
#1086 = CARTESIAN_POINT('',(2.82261896393,2.4950913266));
#1087 = CARTESIAN_POINT('',(2.876558020565,2.411613329409));
#1088 = CARTESIAN_POINT('',(2.930000872437,2.325947687812));
#1089 = CARTESIAN_POINT('',(2.982922068006,2.238558004243));
#1090 = CARTESIAN_POINT('',(3.067247168558,2.095864432595));
#1091 = CARTESIAN_POINT('',(3.099013420283,2.041304154826));
#1092 = CARTESIAN_POINT('',(3.130591230499,1.986356458077));
#1093 = CARTESIAN_POINT('',(3.161988775068,1.931107651859));
#1094 = CARTESIAN_POINT('',(3.193213287215,1.875646141783));
#1095 = CARTESIAN_POINT('',(3.289461309156,1.703392232388));
#1096 = CARTESIAN_POINT('',(3.353888422138,1.586234898728));
#1097 = CARTESIAN_POINT('',(3.417725016999,1.469225724569));
#1098 = CARTESIAN_POINT('',(3.481128433671,1.353013461071));
#1099 = CARTESIAN_POINT('',(3.544249669932,1.238286789009));
#1100 = CARTESIAN_POINT('',(3.656200933042,1.038375381441));
#1101 = CARTESIAN_POINT('',(3.705095484,0.952278993267));
#1102 = CARTESIAN_POINT('',(3.754026476717,0.867817188767));
#1103 = CARTESIAN_POINT('',(3.803085007977,0.785342790331));
#1104 = CARTESIAN_POINT('',(3.852362771934,0.705258401104));
#1105 = CARTESIAN_POINT('',(3.947236772257,0.557513991415));
#1106 = CARTESIAN_POINT('',(3.992792144776,0.489359698467));
#1107 = CARTESIAN_POINT('',(4.038686876574,0.423935856016));
#1108 = CARTESIAN_POINT('',(4.084979175325,0.361665357995));
#1109 = CARTESIAN_POINT('',(4.131731897885,0.303013357306));
#1110 = CARTESIAN_POINT('',(4.224887758605,0.195592039122));
#1111 = CARTESIAN_POINT('',(4.271299052543,0.146533894286));
#1112 = CARTESIAN_POINT('',(4.318213412103,0.101909534759));
#1113 = CARTESIAN_POINT('',(4.365612448119,6.227815643431E-02));
#1114 = CARTESIAN_POINT('',(4.413493021755,2.815394552412E-02));
#1115 = CARTESIAN_POINT('',(4.461862728177,-6.E-07));
#1116 = ( GEOMETRIC_REPRESENTATION_CONTEXT(2) 
PARAMETRIC_REPRESENTATION_CONTEXT() REPRESENTATION_CONTEXT('2D SPACE',''
  ) );
#1117 = ORIENTED_EDGE('',*,*,#1118,.F.);
#1118 = EDGE_CURVE('',#1119,#854,#1121,.T.);
#1119 = VERTEX_POINT('',#1120);
#1120 = CARTESIAN_POINT('',(0.520621113398,-14.53444185374,13.));
#1121 = SURFACE_CURVE('',#1122,(#1145,#1171),.PCURVE_S1.);
#1122 = B_SPLINE_CURVE_WITH_KNOTS('',5,(#1123,#1124,#1125,#1126,#1127,
    #1128,#1129,#1130,#1131,#1132,#1133,#1134,#1135,#1136,#1137,#1138,
    #1139,#1140,#1141,#1142,#1143,#1144),.UNSPECIFIED.,.F.,.F.,(6,4,4,4,
    4,6),(0.,0.198826760941,0.321759758312,0.410140497273,0.639506098038
    ,1.),.UNSPECIFIED.);
#1123 = CARTESIAN_POINT('',(0.520619016231,-14.53444239042,
    12.999999399991));
#1124 = CARTESIAN_POINT('',(0.63606499936,-14.50489946777,
    13.033029394379));
#1125 = CARTESIAN_POINT('',(0.747995514357,-14.46753085289,
    13.074619926217));
#1126 = CARTESIAN_POINT('',(0.855764688272,-14.42293240916,13.123907332)
  );
#1127 = CARTESIAN_POINT('',(0.958793367075,-14.37176861764,
    13.179882215623));
#1128 = CARTESIAN_POINT('',(1.117035826583,-14.27964186223,
    13.279477216543));
#1129 = CARTESIAN_POINT('',(1.175539044475,-14.24221118065,
    13.319688737768));
#1130 = CARTESIAN_POINT('',(1.232038929436,-14.20268477129,
    13.361851010295));
#1131 = CARTESIAN_POINT('',(1.286492585796,-14.16119162102,
    13.405767381782));
#1132 = CARTESIAN_POINT('',(1.376512059107,-14.08669558346,
    13.483955195906));
#1133 = CARTESIAN_POINT('',(1.4130883467,-14.05458136584,13.517471296906
    ));
#1134 = CARTESIAN_POINT('',(1.448580965376,-14.02155163109,
    13.551737710964));
#1135 = CARTESIAN_POINT('',(1.482981127032,-13.98764364874,
    13.586695698795));
#1136 = CARTESIAN_POINT('',(1.602701125236,-13.86270021135,13.7146713831
    ));
#1137 = CARTESIAN_POINT('',(1.681705839676,-13.76682540243,
    13.811343594531));
#1138 = CARTESIAN_POINT('',(1.753172749072,-13.66582997405,
    13.911396755795));
#1139 = CARTESIAN_POINT('',(1.816917503217,-13.56018792902,
    14.014076565593));
#1140 = CARTESIAN_POINT('',(1.96033509024,-13.27756254153,14.28332048173
    ));
#1141 = CARTESIAN_POINT('',(2.028375103882,-13.09412951214,
    14.453029228712));
#1142 = CARTESIAN_POINT('',(2.075464510617,-12.90195067882,
    14.625079070523));
#1143 = CARTESIAN_POINT('',(2.1,-12.70302693874,14.797063197749));
#1144 = CARTESIAN_POINT('',(2.1,-12.5,14.966629547096));
#1145 = PCURVE('',#55,#1146);
#1146 = DEFINITIONAL_REPRESENTATION('',(#1147),#1170);
#1147 = B_SPLINE_CURVE_WITH_KNOTS('',5,(#1148,#1149,#1150,#1151,#1152,
    #1153,#1154,#1155,#1156,#1157,#1158,#1159,#1160,#1161,#1162,#1163,
    #1164,#1165,#1166,#1167,#1168,#1169),.UNSPECIFIED.,.F.,.F.,(6,4,4,4,
    4,6),(0.,0.198826760941,0.321759758312,0.410140497273,0.639506098038
    ,1.),.UNSPECIFIED.);
#1148 = CARTESIAN_POINT('',(0.84106871185,25.520619016231));
#1149 = CARTESIAN_POINT('',(0.838796179234,25.63606499936));
#1150 = CARTESIAN_POINT('',(0.835928888134,25.747995514357));
#1151 = CARTESIAN_POINT('',(0.832520202148,25.855764688272));
#1152 = CARTESIAN_POINT('',(0.828631306144,25.958793367075));
#1153 = CARTESIAN_POINT('',(0.821673841072,26.117035826583));
#1154 = CARTESIAN_POINT('',(0.818856596852,26.175539044475));
#1155 = CARTESIAN_POINT('',(0.815892896696,26.232038929436));
#1156 = CARTESIAN_POINT('',(0.812794567164,26.286492585796));
#1157 = CARTESIAN_POINT('',(0.807256344498,26.376512059107));
#1158 = CARTESIAN_POINT('',(0.804875931959,26.4130883467));
#1159 = CARTESIAN_POINT('',(0.802435249779,26.448580965376));
#1160 = CARTESIAN_POINT('',(0.79993776283,26.482981127032));
#1161 = CARTESIAN_POINT('',(0.790765779316,26.602701125236));
#1162 = CARTESIAN_POINT('',(0.783783816011,26.681705839676));
#1163 = CARTESIAN_POINT('',(0.776493745113,26.753172749072));
#1164 = CARTESIAN_POINT('',(0.768939217961,26.816917503217));
#1165 = CARTESIAN_POINT('',(0.748921514026,26.96033509024));
#1166 = CARTESIAN_POINT('',(0.736107616432,27.028375103882));
#1167 = CARTESIAN_POINT('',(0.722882413328,27.075464510617));
#1168 = CARTESIAN_POINT('',(0.709399135305,27.1));
#1169 = CARTESIAN_POINT('',(0.695833827357,27.1));
#1170 = ( GEOMETRIC_REPRESENTATION_CONTEXT(2) 
PARAMETRIC_REPRESENTATION_CONTEXT() REPRESENTATION_CONTEXT('2D SPACE',''
  ) );
#1171 = PCURVE('',#1172,#1177);
#1172 = CYLINDRICAL_SURFACE('',#1173,2.1);
#1173 = AXIS2_PLACEMENT_3D('',#1174,#1175,#1176);
#1174 = CARTESIAN_POINT('',(0.,-12.5,13.));
#1175 = DIRECTION('',(0.,0.,1.));
#1176 = DIRECTION('',(1.,0.,-0.));
#1177 = DEFINITIONAL_REPRESENTATION('',(#1178),#1201);
#1178 = B_SPLINE_CURVE_WITH_KNOTS('',5,(#1179,#1180,#1181,#1182,#1183,
    #1184,#1185,#1186,#1187,#1188,#1189,#1190,#1191,#1192,#1193,#1194,
    #1195,#1196,#1197,#1198,#1199,#1200),.UNSPECIFIED.,.F.,.F.,(6,4,4,4,
    4,6),(0.,0.198826760941,0.321759758312,0.410140497273,0.639506098038
    ,1.),.UNSPECIFIED.);
#1179 = CARTESIAN_POINT('',(4.962915232571,-6.E-07));
#1180 = CARTESIAN_POINT('',(5.019660994295,3.302939438738E-02));
#1181 = CARTESIAN_POINT('',(5.075708980568,7.4619926195E-02));
#1182 = CARTESIAN_POINT('',(5.131070674472,0.123907332012));
#1183 = CARTESIAN_POINT('',(5.185727936555,0.179882215623));
#1184 = CARTESIAN_POINT('',(5.272921540116,0.279477216543));
#1185 = CARTESIAN_POINT('',(5.305965285847,0.319688737768));
#1186 = CARTESIAN_POINT('',(5.338763363938,0.361851010295));
#1187 = CARTESIAN_POINT('',(5.371337546233,0.405767381782));
#1188 = CARTESIAN_POINT('',(5.426978860243,0.483955195906));
#1189 = CARTESIAN_POINT('',(5.450147045128,0.517471296906));
#1190 = CARTESIAN_POINT('',(5.4732217918,0.551737710964));
#1191 = CARTESIAN_POINT('',(5.496213590491,0.586695698795));
#1192 = CARTESIAN_POINT('',(5.57861482735,0.7146713831));
#1193 = CARTESIAN_POINT('',(5.637607662534,0.811343594531));
#1194 = CARTESIAN_POINT('',(5.696316090751,0.911396755795));
#1195 = CARTESIAN_POINT('',(5.754912484031,1.014076565593));
#1196 = CARTESIAN_POINT('',(5.905832349783,1.28332048173));
#1197 = CARTESIAN_POINT('',(5.998387278155,1.453029228712));
#1198 = CARTESIAN_POINT('',(6.091779340856,1.625079070523));
#1199 = CARTESIAN_POINT('',(6.186505812539,1.797063197749));
#1200 = CARTESIAN_POINT('',(6.28318530718,1.966629547096));
#1201 = ( GEOMETRIC_REPRESENTATION_CONTEXT(2) 
PARAMETRIC_REPRESENTATION_CONTEXT() REPRESENTATION_CONTEXT('2D SPACE',''
  ) );
#1202 = ORIENTED_EDGE('',*,*,#1203,.F.);
#1203 = EDGE_CURVE('',#1204,#1119,#1206,.T.);
#1204 = VERTEX_POINT('',#1205);
#1205 = CARTESIAN_POINT('',(-0.520621113398,-14.53444185374,13.));
#1206 = SURFACE_CURVE('',#1207,(#1211,#1217),.PCURVE_S1.);
#1207 = LINE('',#1208,#1209);
#1208 = CARTESIAN_POINT('',(-25.,-14.53444185374,13.));
#1209 = VECTOR('',#1210,1.);
#1210 = DIRECTION('',(1.,0.,0.));
#1211 = PCURVE('',#55,#1212);
#1212 = DEFINITIONAL_REPRESENTATION('',(#1213),#1216);
#1213 = B_SPLINE_CURVE_WITH_KNOTS('',1,(#1214,#1215),.UNSPECIFIED.,.F.,
  .F.,(2,2),(22.48,27.52),.PIECEWISE_BEZIER_KNOTS.);
#1214 = CARTESIAN_POINT('',(0.841068670568,22.48));
#1215 = CARTESIAN_POINT('',(0.841068670568,27.52));
#1216 = ( GEOMETRIC_REPRESENTATION_CONTEXT(2) 
PARAMETRIC_REPRESENTATION_CONTEXT() REPRESENTATION_CONTEXT('2D SPACE',''
  ) );
#1217 = PCURVE('',#1218,#1223);
#1218 = PLANE('',#1219);
#1219 = AXIS2_PLACEMENT_3D('',#1220,#1221,#1222);
#1220 = CARTESIAN_POINT('',(0.,-12.5,13.));
#1221 = DIRECTION('',(0.,0.,1.));
#1222 = DIRECTION('',(1.,0.,-0.));
#1223 = DEFINITIONAL_REPRESENTATION('',(#1224),#1227);
#1224 = B_SPLINE_CURVE_WITH_KNOTS('',1,(#1225,#1226),.UNSPECIFIED.,.F.,
  .F.,(2,2),(22.48,27.52),.PIECEWISE_BEZIER_KNOTS.);
#1225 = CARTESIAN_POINT('',(-2.52,-2.034441853749));
#1226 = CARTESIAN_POINT('',(2.52,-2.034441853749));
#1227 = ( GEOMETRIC_REPRESENTATION_CONTEXT(2) 
PARAMETRIC_REPRESENTATION_CONTEXT() REPRESENTATION_CONTEXT('2D SPACE',''
  ) );
#1228 = ORIENTED_EDGE('',*,*,#1229,.F.);
#1229 = EDGE_CURVE('',#1230,#1204,#1232,.T.);
#1230 = VERTEX_POINT('',#1231);
#1231 = CARTESIAN_POINT('',(-2.099617788891,-12.45993579437,15.));
#1232 = SURFACE_CURVE('',#1233,(#1316,#1402),.PCURVE_S1.);
#1233 = B_SPLINE_CURVE_WITH_KNOTS('',6,(#1234,#1235,#1236,#1237,#1238,
    #1239,#1240,#1241,#1242,#1243,#1244,#1245,#1246,#1247,#1248,#1249,
    #1250,#1251,#1252,#1253,#1254,#1255,#1256,#1257,#1258,#1259,#1260,
    #1261,#1262,#1263,#1264,#1265,#1266,#1267,#1268,#1269,#1270,#1271,
    #1272,#1273,#1274,#1275,#1276,#1277,#1278,#1279,#1280,#1281,#1282,
    #1283,#1284,#1285,#1286,#1287,#1288,#1289,#1290,#1291,#1292,#1293,
    #1294,#1295,#1296,#1297,#1298,#1299,#1300,#1301,#1302,#1303,#1304,
    #1305,#1306,#1307,#1308,#1309,#1310,#1311,#1312,#1313,#1314,#1315),
  .UNSPECIFIED.,.F.,.F.,(7,5,5,5,5,5,5,5,5,5,5,5,5,5,5,5,7),(0.,
    5.707073971433E-02,0.156654610153,0.213491613939,0.244634872062,
    0.275973165292,0.342804345583,0.408640815323,0.473098804372,
    0.529259704721,0.588881613482,0.661280841101,0.70547676015,
    0.798243982496,0.870343736374,0.936157079491,1.),.UNSPECIFIED.);
#1234 = CARTESIAN_POINT('',(2.1,-12.5,14.966629547096));
#1235 = CARTESIAN_POINT('',(2.1,-12.41481710749,15.037773564724));
#1236 = CARTESIAN_POINT('',(2.095853626923,-12.32897470255,
    15.10848079558));
#1237 = CARTESIAN_POINT('',(2.08744057838,-12.24272481732,
    15.178533162634));
#1238 = CARTESIAN_POINT('',(2.074659122047,-12.15633138974,
    15.247722283211));
#1239 = CARTESIAN_POINT('',(2.057426095665,-12.07007026355,
    15.31584946899));
#1240 = CARTESIAN_POINT('',(1.997726314604,-11.83444338643,
    15.499419438878));
#1241 = CARTESIAN_POINT('',(1.945989084968,-11.68579414455,
    15.612415261386));
#1242 = CARTESIAN_POINT('',(1.880210414561,-11.54035393436,
    15.720274185276));
#1243 = CARTESIAN_POINT('',(1.80061153413,-11.4001987749,15.82179783995)
  );
#1244 = CARTESIAN_POINT('',(1.707868747453,-11.26732329354,
    15.916035650731));
#1245 = CARTESIAN_POINT('',(1.54330119452,-11.0728380973,16.051469471056
    ));
#1246 = CARTESIAN_POINT('',(1.479621820586,-11.00516326253,
    16.098040138893));
#1247 = CARTESIAN_POINT('',(1.412277499546,-10.94080611039,
    16.141840443312));
#1248 = CARTESIAN_POINT('',(1.341526993927,-10.88006311209,
    16.182767039522));
#1249 = CARTESIAN_POINT('',(1.267669973987,-10.82319701668,
    16.220740205945));
#1250 = CARTESIAN_POINT('',(1.149061312457,-10.74151861453,
    16.274857319024));
#1251 = CARTESIAN_POINT('',(1.106239617497,-10.71383312419,
    16.293111859912));
#1252 = CARTESIAN_POINT('',(1.062632685834,-10.68740868801,
    16.310456781404));
#1253 = CARTESIAN_POINT('',(1.018292256152,-10.66227537183,
    16.326886143081));
#1254 = CARTESIAN_POINT('',(0.973270448326,-10.63845928835,
    16.342395845624));
#1255 = CARTESIAN_POINT('',(0.88168319044,-10.59336514519,
    16.371662772208));
#1256 = CARTESIAN_POINT('',(0.835109643934,-10.57210405758,
    16.385408241334));
#1257 = CARTESIAN_POINT('',(0.787952316574,-10.55222178247,
    16.398217771055));
#1258 = CARTESIAN_POINT('',(0.740263946184,-10.53373756118,
    16.410090037389));
#1259 = CARTESIAN_POINT('',(0.692096815743,-10.51666742809,
    16.421024659501));
#1260 = CARTESIAN_POINT('',(0.539872395496,-10.46766391635,
    16.452342678364));
#1261 = CARTESIAN_POINT('',(0.434320129787,-10.44079993523,
    16.469396854365));
#1262 = CARTESIAN_POINT('',(0.327321136758,-10.42054541122,
    16.482196916311));
#1263 = CARTESIAN_POINT('',(0.219355743537,-10.40697606546,
    16.490752422854));
#1264 = CARTESIAN_POINT('',(0.110908939078,-10.40012899181,
    16.495069474733));
#1265 = CARTESIAN_POINT('',(-0.104355161215,-10.39987581139,
    16.495229102062));
#1266 = CARTESIAN_POINT('',(-0.211200823428,-10.40627112908,
    16.491196881738));
#1267 = CARTESIAN_POINT('',(-0.317600247031,-10.41919062546,
    16.483051723901));
#1268 = CARTESIAN_POINT('',(-0.423090341885,-10.43860027532,
    16.470787947449));
#1269 = CARTESIAN_POINT('',(-0.527212219327,-10.46442988321,
    16.454396433733));
#1270 = CARTESIAN_POINT('',(-0.729669107795,-10.52804539816,
    16.413764181044));
#1271 = CARTESIAN_POINT('',(-0.8281012602,-10.56557652745,
    16.389690556589));
#1272 = CARTESIAN_POINT('',(-0.924307403512,-10.60904971729,
    16.361645971041));
#1273 = CARTESIAN_POINT('',(-1.017813019455,-10.6582911338,
    16.329644611789));
#1274 = CARTESIAN_POINT('',(-1.10817090495,-10.71307611131,
    16.293716328667));
#1275 = CARTESIAN_POINT('',(-1.270581865113,-10.82546179385,
    16.2192268006));
#1276 = CARTESIAN_POINT('',(-1.343488386586,-10.88178841794,
    16.181602386307));
#1277 = CARTESIAN_POINT('',(-1.413353811808,-10.94189734164,
    16.141093975398));
#1278 = CARTESIAN_POINT('',(-1.47988875026,-11.0055340391,
    16.097779103217));
#1279 = CARTESIAN_POINT('',(-1.542843043998,-11.07241169813,
    16.051757973564));
#1280 = CARTESIAN_POINT('',(-1.664815630358,-11.21632335202,
    15.951559312942));
#1281 = CARTESIAN_POINT('',(-1.723338628534,-11.29371317431,
    15.897065146958));
#1282 = CARTESIAN_POINT('',(-1.777316430171,-11.37399390556,
    15.839836212492));
#1283 = CARTESIAN_POINT('',(-1.826553032392,-11.45674401936,
    15.780065478668));
#1284 = CARTESIAN_POINT('',(-1.870915540234,-11.54151992306,
    15.717979723033));
#1285 = CARTESIAN_POINT('',(-1.958200933866,-11.73271045599,
    15.575961089491));
#1286 = CARTESIAN_POINT('',(-1.998755516305,-11.83981992949,
    15.4950913266));
#1287 = CARTESIAN_POINT('',(-2.031947878437,-11.94849776623,
    15.411613329409));
#1288 = CARTESIAN_POINT('',(-2.05781415903,-12.0580588026,
    15.325947687812));
#1289 = CARTESIAN_POINT('',(-2.076476795573,-12.16783282133,
    15.238558004243));
#1290 = CARTESIAN_POINT('',(-2.095266894106,-12.34391580968,
    15.095864432595));
#1291 = CARTESIAN_POINT('',(-2.099785228679,-12.41052141616,
    15.041304154826));
#1292 = CARTESIAN_POINT('',(-2.10174771531,-12.47687786976,
    14.986356458077));
#1293 = CARTESIAN_POINT('',(-2.101205550226,-12.54288024205,
    14.931107651859));
#1294 = CARTESIAN_POINT('',(-2.098212836348,-12.60842838033,
    14.875646141783));
#1295 = CARTESIAN_POINT('',(-2.081520839534,-12.80985879924,
    14.703392232388));
#1296 = CARTESIAN_POINT('',(-2.059674656187,-12.9438088088,
    14.586234898728));
#1297 = CARTESIAN_POINT('',(-2.02781289642,-13.07463508774,
    14.469225724569));
#1298 = CARTESIAN_POINT('',(-1.986391959607,-13.20177531516,
    14.353013461071));
#1299 = CARTESIAN_POINT('',(-1.935809327239,-13.32470689015,
    14.238286789009));
#1300 = CARTESIAN_POINT('',(-1.830249683686,-13.5347737078,
    14.038375381441));
#1301 = CARTESIAN_POINT('',(-1.778749799743,-13.62380819119,
    13.952278993267));
#1302 = CARTESIAN_POINT('',(-1.722042739928,-13.70981510758,
    13.867817188767));
#1303 = CARTESIAN_POINT('',(-1.660233847036,-13.79257150774,
    13.785342790331));
#1304 = CARTESIAN_POINT('',(-1.5934059981,-13.87182590784,
    13.705258401104));
#1305 = CARTESIAN_POINT('',(-1.456095119551,-14.01618818655,
    13.557513991415));
#1306 = CARTESIAN_POINT('',(-1.386420169831,-14.08194639201,
    13.489359698467));
#1307 = CARTESIAN_POINT('',(-1.312665841394,-14.14432332511,
    13.423935856016));
#1308 = CARTESIAN_POINT('',(-1.234907923004,-14.20304677035,
    13.361665357995));
#1309 = CARTESIAN_POINT('',(-1.153229554793,-14.25781742931,
    13.303013357306));
#1310 = CARTESIAN_POINT('',(-0.984775297193,-14.35728202874,
    13.195592039122));
#1311 = CARTESIAN_POINT('',(-0.898153364785,-14.40227059995,
    13.146533894283));
#1312 = CARTESIAN_POINT('',(-0.808121743665,-14.44284324903,
    13.101909534761));
#1313 = CARTESIAN_POINT('',(-0.714972743354,-14.47862076314,
    13.062278156438));
#1314 = CARTESIAN_POINT('',(-0.619024397431,-14.50926020143,
    13.028153945522));
#1315 = CARTESIAN_POINT('',(-0.520619016274,-14.5344423904,
    12.999999399998));
#1316 = PCURVE('',#55,#1317);
#1317 = DEFINITIONAL_REPRESENTATION('',(#1318),#1401);
#1318 = B_SPLINE_CURVE_WITH_KNOTS('',6,(#1319,#1320,#1321,#1322,#1323,
    #1324,#1325,#1326,#1327,#1328,#1329,#1330,#1331,#1332,#1333,#1334,
    #1335,#1336,#1337,#1338,#1339,#1340,#1341,#1342,#1343,#1344,#1345,
    #1346,#1347,#1348,#1349,#1350,#1351,#1352,#1353,#1354,#1355,#1356,
    #1357,#1358,#1359,#1360,#1361,#1362,#1363,#1364,#1365,#1366,#1367,
    #1368,#1369,#1370,#1371,#1372,#1373,#1374,#1375,#1376,#1377,#1378,
    #1379,#1380,#1381,#1382,#1383,#1384,#1385,#1386,#1387,#1388,#1389,
    #1390,#1391,#1392,#1393,#1394,#1395,#1396,#1397,#1398,#1399,#1400),
  .UNSPECIFIED.,.F.,.F.,(7,5,5,5,5,5,5,5,5,5,5,5,5,5,5,5,7),(0.,
    5.707073971433E-02,0.156654610153,0.213491613939,0.244634872062,
    0.275973165292,0.342804345583,0.408640815323,0.473098804372,
    0.529259704721,0.588881613482,0.661280841101,0.70547676015,
    0.798243982496,0.870343736374,0.936157079491,1.),.UNSPECIFIED.);
#1319 = CARTESIAN_POINT('',(0.695833827357,27.1));
#1320 = CARTESIAN_POINT('',(0.690142305947,27.1));
#1321 = CARTESIAN_POINT('',(0.684439191151,27.095853626923));
#1322 = CARTESIAN_POINT('',(0.678741220443,27.08744057838));
#1323 = CARTESIAN_POINT('',(0.673065307126,27.074659122047));
#1324 = CARTESIAN_POINT('',(0.667428540332,27.057426095665));
#1325 = CARTESIAN_POINT('',(0.652110911889,26.997726314604));
#1326 = CARTESIAN_POINT('',(0.642536162224,26.945989084968));
#1327 = CARTESIAN_POINT('',(0.633251471268,26.880210414561));
#1328 = CARTESIAN_POINT('',(0.62437719171,26.80061153413));
#1329 = CARTESIAN_POINT('',(0.616023614929,26.707868747453));
#1330 = CARTESIAN_POINT('',(0.603870005579,26.54330119452));
#1331 = CARTESIAN_POINT('',(0.599657223034,26.479621820586));
#1332 = CARTESIAN_POINT('',(0.595665091267,26.412277499546));
#1333 = CARTESIAN_POINT('',(0.59190903565,26.341526993927));
#1334 = CARTESIAN_POINT('',(0.588402432763,26.267669973987));
#1335 = CARTESIAN_POINT('',(0.583377832319,26.149061312457));
#1336 = CARTESIAN_POINT('',(0.581677223764,26.106239617497));
#1337 = CARTESIAN_POINT('',(0.580056280196,26.062632685834));
#1338 = CARTESIAN_POINT('',(0.578516449129,26.018292256152));
#1339 = CARTESIAN_POINT('',(0.577058960398,25.973270448326));
#1340 = CARTESIAN_POINT('',(0.574302086381,25.88168319044));
#1341 = CARTESIAN_POINT('',(0.573003758977,25.835109643934));
#1342 = CARTESIAN_POINT('',(0.571790868697,25.787952316574));
#1343 = CARTESIAN_POINT('',(0.570664277948,25.740263946184));
#1344 = CARTESIAN_POINT('',(0.5696246868,25.692096815743));
#1345 = CARTESIAN_POINT('',(0.56664230925,25.539872395496));
#1346 = CARTESIAN_POINT('',(0.565010516515,25.434320129787));
#1347 = CARTESIAN_POINT('',(0.563781794705,25.327321136758));
#1348 = CARTESIAN_POINT('',(0.562959161564,25.219355743537));
#1349 = CARTESIAN_POINT('',(0.562544064528,25.110908939078));
#1350 = CARTESIAN_POINT('',(0.562528715749,24.895644838785));
#1351 = CARTESIAN_POINT('',(0.562916425502,24.788799176572));
#1352 = CARTESIAN_POINT('',(0.563699645,24.682399752969));
#1353 = CARTESIAN_POINT('',(0.564877048876,24.576909658115));
#1354 = CARTESIAN_POINT('',(0.566445846308,24.472787780673));
#1355 = CARTESIAN_POINT('',(0.570316847653,24.270330892205));
#1356 = CARTESIAN_POINT('',(0.572603427758,24.1718987398));
#1357 = CARTESIAN_POINT('',(0.575256444264,24.075692596488));
#1358 = CARTESIAN_POINT('',(0.578268028726,23.982186980545));
#1359 = CARTESIAN_POINT('',(0.581627740248,23.89182909505));
#1360 = CARTESIAN_POINT('',(0.588542118721,23.729418134887));
#1361 = CARTESIAN_POINT('',(0.592015783025,23.656511613414));
#1362 = CARTESIAN_POINT('',(0.595732890346,23.586646188192));
#1363 = CARTESIAN_POINT('',(0.599680474561,23.52011124974));
#1364 = CARTESIAN_POINT('',(0.603843606408,23.457156956002));
#1365 = CARTESIAN_POINT('',(0.612836310839,23.335184369642));
#1366 = CARTESIAN_POINT('',(0.617690137214,23.276661371466));
#1367 = CARTESIAN_POINT('',(0.622745941222,23.222683569829));
#1368 = CARTESIAN_POINT('',(0.627980599684,23.173446967608));
#1369 = CARTESIAN_POINT('',(0.633369141561,23.129084459766));
#1370 = CARTESIAN_POINT('',(0.645582789972,23.041799066134));
#1371 = CARTESIAN_POINT('',(0.652465150938,23.001244483695));
#1372 = CARTESIAN_POINT('',(0.659492372875,22.968052121563));
#1373 = CARTESIAN_POINT('',(0.666624087572,22.94218584097));
#1374 = CARTESIAN_POINT('',(0.673819272157,22.923523204427));
#1375 = CARTESIAN_POINT('',(0.68544194765,22.904733105894));
#1376 = CARTESIAN_POINT('',(0.689857245621,22.900214771321));
#1377 = CARTESIAN_POINT('',(0.694275282542,22.89825228469));
#1378 = CARTESIAN_POINT('',(0.698689245272,22.898794449774));
#1379 = CARTESIAN_POINT('',(0.703092438707,22.901787163652));
#1380 = CARTESIAN_POINT('',(0.716684177599,22.918479160466));
#1381 = CARTESIAN_POINT('',(0.725809573557,22.940325343813));
#1382 = CARTESIAN_POINT('',(0.734809695875,22.97218710358));
#1383 = CARTESIAN_POINT('',(0.743642272544,23.013608040393));
#1384 = CARTESIAN_POINT('',(0.752264935597,23.064190672761));
#1385 = CARTESIAN_POINT('',(0.767136079593,23.169750316314));
#1386 = CARTESIAN_POINT('',(0.77348734598,23.221250200257));
#1387 = CARTESIAN_POINT('',(0.77966885085,23.277957260072));
#1388 = CARTESIAN_POINT('',(0.785660216449,23.339766152964));
#1389 = CARTESIAN_POINT('',(0.791438102866,23.4065940019));
#1390 = CARTESIAN_POINT('',(0.802031152342,23.543904880449));
#1391 = CARTESIAN_POINT('',(0.806887752105,23.613579830169));
#1392 = CARTESIAN_POINT('',(0.8115232517,23.687334158606));
#1393 = CARTESIAN_POINT('',(0.815912520575,23.765092076996));
#1394 = CARTESIAN_POINT('',(0.820027811141,23.846770445207));
#1395 = CARTESIAN_POINT('',(0.827535430963,24.015224702807));
#1396 = CARTESIAN_POINT('',(0.830948893516,24.101846635215));
#1397 = CARTESIAN_POINT('',(0.834041754847,24.191878256335));
#1398 = CARTESIAN_POINT('',(0.836779774746,24.285027256646));
#1399 = CARTESIAN_POINT('',(0.8391316203,24.380975602569));
#1400 = CARTESIAN_POINT('',(0.84106871185,24.479380983726));
#1401 = ( GEOMETRIC_REPRESENTATION_CONTEXT(2) 
PARAMETRIC_REPRESENTATION_CONTEXT() REPRESENTATION_CONTEXT('2D SPACE',''
  ) );
#1402 = PCURVE('',#1027,#1403);
#1403 = DEFINITIONAL_REPRESENTATION('',(#1404),#1487);
#1404 = B_SPLINE_CURVE_WITH_KNOTS('',6,(#1405,#1406,#1407,#1408,#1409,
    #1410,#1411,#1412,#1413,#1414,#1415,#1416,#1417,#1418,#1419,#1420,
    #1421,#1422,#1423,#1424,#1425,#1426,#1427,#1428,#1429,#1430,#1431,
    #1432,#1433,#1434,#1435,#1436,#1437,#1438,#1439,#1440,#1441,#1442,
    #1443,#1444,#1445,#1446,#1447,#1448,#1449,#1450,#1451,#1452,#1453,
    #1454,#1455,#1456,#1457,#1458,#1459,#1460,#1461,#1462,#1463,#1464,
    #1465,#1466,#1467,#1468,#1469,#1470,#1471,#1472,#1473,#1474,#1475,
    #1476,#1477,#1478,#1479,#1480,#1481,#1482,#1483,#1484,#1485,#1486),
  .UNSPECIFIED.,.F.,.F.,(7,5,5,5,5,5,5,5,5,5,5,5,5,5,5,5,7),(0.,
    5.707073971433E-02,0.156654610153,0.213491613939,0.244634872062,
    0.275973165292,0.342804345583,0.408640815323,0.473098804372,
    0.529259704721,0.588881613482,0.661280841101,0.70547676015,
    0.798243982496,0.870343736374,0.936157079491,1.),.UNSPECIFIED.);
#1405 = CARTESIAN_POINT('',(0.,1.966629547096));
#1406 = CARTESIAN_POINT('',(4.056328214589E-02,2.037773564724));
#1407 = CARTESIAN_POINT('',(8.144054487501E-02,2.10848079558));
#1408 = CARTESIAN_POINT('',(0.12263214999,2.178533162634));
#1409 = CARTESIAN_POINT('',(0.164141610985,2.247722283211));
#1410 = CARTESIAN_POINT('',(0.205975593042,2.31584946899));
#1411 = CARTESIAN_POINT('',(0.321724254484,2.499419438878));
#1412 = CARTESIAN_POINT('',(0.396392314558,2.612415261386));
#1413 = CARTESIAN_POINT('',(0.471938662216,2.720274185276));
#1414 = CARTESIAN_POINT('',(0.548200923327,2.82179783995));
#1415 = CARTESIAN_POINT('',(0.625030229191,2.916035650731));
#1416 = CARTESIAN_POINT('',(0.746348546117,3.051469471056));
#1417 = CARTESIAN_POINT('',(0.790536800479,3.098040138893));
#1418 = CARTESIAN_POINT('',(0.834800459118,3.141840443312));
#1419 = CARTESIAN_POINT('',(0.879110226194,3.182767039522));
#1420 = CARTESIAN_POINT('',(0.923434689156,3.220740205945));
#1421 = CARTESIAN_POINT('',(0.992011699457,3.274857319024));
#1422 = CARTESIAN_POINT('',(1.016283270424,3.293111859912));
#1423 = CARTESIAN_POINT('',(1.040548038958,3.310456781404));
#1424 = CARTESIAN_POINT('',(1.064803227246,3.326886143081));
#1425 = CARTESIAN_POINT('',(1.089046759048,3.342395845624));
#1426 = CARTESIAN_POINT('',(1.137659504208,3.371662772208));
#1427 = CARTESIAN_POINT('',(1.162028550359,3.385408241334));
#1428 = CARTESIAN_POINT('',(1.186383102437,3.398217771055));
#1429 = CARTESIAN_POINT('',(1.21072248319,3.410090037389));
#1430 = CARTESIAN_POINT('',(1.235046633827,3.421024659501));
#1431 = CARTESIAN_POINT('',(1.311197841389,3.452342678364));
#1432 = CARTESIAN_POINT('',(1.362962814861,3.469396854365));
#1433 = CARTESIAN_POINT('',(1.414669859073,3.482196916311));
#1434 = CARTESIAN_POINT('',(1.466337384392,3.490752422854));
#1435 = CARTESIAN_POINT('',(1.517982510295,3.495069474733));
#1436 = CARTESIAN_POINT('',(1.620489295619,3.495229102062));
#1437 = CARTESIAN_POINT('',(1.671364557756,3.491196881738));
#1438 = CARTESIAN_POINT('',(1.722260642316,3.483051723901));
#1439 = CARTESIAN_POINT('',(1.773194176317,3.470787947449));
#1440 = CARTESIAN_POINT('',(1.824182964265,3.454396433733));
#1441 = CARTESIAN_POINT('',(1.925238308692,3.413764181044));
#1442 = CARTESIAN_POINT('',(1.975312614103,3.389690556589));
#1443 = CARTESIAN_POINT('',(2.025448886401,3.361645971041));
#1444 = CARTESIAN_POINT('',(2.075634979355,3.329644611789));
#1445 = CARTESIAN_POINT('',(2.125862206431,3.293716328667));
#1446 = CARTESIAN_POINT('',(2.219911768341,3.2192268006));
#1447 = CARTESIAN_POINT('',(2.263723080753,3.181602386307));
#1448 = CARTESIAN_POINT('',(2.307519657085,3.141093975398));
#1449 = CARTESIAN_POINT('',(2.351270882238,3.097779103217));
#1450 = CARTESIAN_POINT('',(2.394948166251,3.051757973564));
#1451 = CARTESIAN_POINT('',(2.484780304934,2.951559312942));
#1452 = CARTESIAN_POINT('',(2.53091193387,2.897065146958));
#1453 = CARTESIAN_POINT('',(2.576872561149,2.839836212492));
#1454 = CARTESIAN_POINT('',(2.622621808855,2.780065478668));
#1455 = CARTESIAN_POINT('',(2.668118540072,2.717979723033));
#1456 = CARTESIAN_POINT('',(2.768200773635,2.575961089491));
#1457 = CARTESIAN_POINT('',(2.82261896393,2.4950913266));
#1458 = CARTESIAN_POINT('',(2.876558020565,2.411613329409));
#1459 = CARTESIAN_POINT('',(2.930000872437,2.325947687812));
#1460 = CARTESIAN_POINT('',(2.982922068006,2.238558004243));
#1461 = CARTESIAN_POINT('',(3.067247168558,2.095864432595));
#1462 = CARTESIAN_POINT('',(3.099013420283,2.041304154826));
#1463 = CARTESIAN_POINT('',(3.130591230499,1.986356458077));
#1464 = CARTESIAN_POINT('',(3.161988775068,1.931107651859));
#1465 = CARTESIAN_POINT('',(3.193213287215,1.875646141783));
#1466 = CARTESIAN_POINT('',(3.289461309156,1.703392232388));
#1467 = CARTESIAN_POINT('',(3.353888422138,1.586234898728));
#1468 = CARTESIAN_POINT('',(3.417725016999,1.469225724569));
#1469 = CARTESIAN_POINT('',(3.481128433671,1.353013461071));
#1470 = CARTESIAN_POINT('',(3.544249669932,1.238286789009));
#1471 = CARTESIAN_POINT('',(3.656200933042,1.038375381441));
#1472 = CARTESIAN_POINT('',(3.705095484,0.952278993267));
#1473 = CARTESIAN_POINT('',(3.754026476717,0.867817188767));
#1474 = CARTESIAN_POINT('',(3.803085007977,0.785342790331));
#1475 = CARTESIAN_POINT('',(3.852362771934,0.705258401104));
#1476 = CARTESIAN_POINT('',(3.947236772257,0.557513991415));
#1477 = CARTESIAN_POINT('',(3.992792144776,0.489359698467));
#1478 = CARTESIAN_POINT('',(4.038686876574,0.423935856016));
#1479 = CARTESIAN_POINT('',(4.084979175325,0.361665357995));
#1480 = CARTESIAN_POINT('',(4.131731897885,0.303013357306));
#1481 = CARTESIAN_POINT('',(4.224887758605,0.195592039122));
#1482 = CARTESIAN_POINT('',(4.271299052543,0.146533894286));
#1483 = CARTESIAN_POINT('',(4.318213412103,0.101909534759));
#1484 = CARTESIAN_POINT('',(4.365612448119,6.227815643431E-02));
#1485 = CARTESIAN_POINT('',(4.413493021755,2.815394552412E-02));
#1486 = CARTESIAN_POINT('',(4.461862728177,-6.E-07));
#1487 = ( GEOMETRIC_REPRESENTATION_CONTEXT(2) 
PARAMETRIC_REPRESENTATION_CONTEXT() REPRESENTATION_CONTEXT('2D SPACE',''
  ) );
#1488 = ORIENTED_EDGE('',*,*,#1489,.F.);
#1489 = EDGE_CURVE('',#744,#1230,#1490,.T.);
#1490 = SURFACE_CURVE('',#1491,(#1495,#1501),.PCURVE_S1.);
#1491 = LINE('',#1492,#1493);
#1492 = CARTESIAN_POINT('',(-25.,-12.45993579437,15.));
#1493 = VECTOR('',#1494,1.);
#1494 = DIRECTION('',(1.,0.,0.));
#1495 = PCURVE('',#55,#1496);
#1496 = DEFINITIONAL_REPRESENTATION('',(#1497),#1500);
#1497 = B_SPLINE_CURVE_WITH_KNOTS('',1,(#1498,#1499),.UNSPECIFIED.,.F.,
  .F.,(2,2),(1.,49.),.PIECEWISE_BEZIER_KNOTS.);
#1498 = CARTESIAN_POINT('',(0.693159907577,1.));
#1499 = CARTESIAN_POINT('',(0.693159907577,49.));
#1500 = ( GEOMETRIC_REPRESENTATION_CONTEXT(2) 
PARAMETRIC_REPRESENTATION_CONTEXT() REPRESENTATION_CONTEXT('2D SPACE',''
  ) );
#1501 = PCURVE('',#842,#1502);
#1502 = DEFINITIONAL_REPRESENTATION('',(#1503),#1506);
#1503 = B_SPLINE_CURVE_WITH_KNOTS('',1,(#1504,#1505),.UNSPECIFIED.,.F.,
  .F.,(2,2),(1.,49.),.PIECEWISE_BEZIER_KNOTS.);
#1504 = CARTESIAN_POINT('',(-4.,7.540064205623));
#1505 = CARTESIAN_POINT('',(44.,7.540064205623));
#1506 = ( GEOMETRIC_REPRESENTATION_CONTEXT(2) 
PARAMETRIC_REPRESENTATION_CONTEXT() REPRESENTATION_CONTEXT('2D SPACE',''
  ) );
#1507 = FACE_BOUND('',#1508,.T.);
#1508 = EDGE_LOOP('',(#1509));
#1509 = ORIENTED_EDGE('',*,*,#1510,.T.);
#1510 = EDGE_CURVE('',#1511,#1511,#1513,.T.);
#1511 = VERTEX_POINT('',#1512);
#1512 = CARTESIAN_POINT('',(2.1,-5.143516556419E-16,-19.5));
#1513 = SURFACE_CURVE('',#1514,(#1565,#1619),.PCURVE_S1.);
#1514 = B_SPLINE_CURVE_WITH_KNOTS('',7,(#1515,#1516,#1517,#1518,#1519,
    #1520,#1521,#1522,#1523,#1524,#1525,#1526,#1527,#1528,#1529,#1530,
    #1531,#1532,#1533,#1534,#1535,#1536,#1537,#1538,#1539,#1540,#1541,
    #1542,#1543,#1544,#1545,#1546,#1547,#1548,#1549,#1550,#1551,#1552,
    #1553,#1554,#1555,#1556,#1557,#1558,#1559,#1560,#1561,#1562,#1563,
    #1564),.UNSPECIFIED.,.T.,.F.,(8,6,6,6,6,6,6,6,8),(0.,0.122675919198,
    0.250005617675,0.37734179261,0.50000085163,0.622688901376,
    0.750027102465,0.877364900035,1.),.UNSPECIFIED.);
#1515 = CARTESIAN_POINT('',(2.1,-1.33226762955E-15,-19.5));
#1516 = CARTESIAN_POINT('',(2.1,0.278902117558,-19.5));
#1517 = CARTESIAN_POINT('',(2.056785769971,0.550347615411,
    -19.49534604792));
#1518 = CARTESIAN_POINT('',(1.974513546831,0.80653100283,-19.48648657633
    ));
#1519 = CARTESIAN_POINT('',(1.858840635414,1.040967401936,
    -19.47462405711));
#1520 = CARTESIAN_POINT('',(1.716853920602,1.248733918973,
    -19.46140402263));
#1521 = CARTESIAN_POINT('',(1.556960987171,1.426939647571,
    -19.44828986519));
#1522 = CARTESIAN_POINT('',(1.214167856295,1.729152445086,
    -19.42379670805));
#1523 = CARTESIAN_POINT('',(1.025940401132,1.85497680487,-19.41216770068
    ));
#1524 = CARTESIAN_POINT('',(0.828565487919,1.953919220609,
    -19.40222290506));
#1525 = CARTESIAN_POINT('',(0.625168227515,2.027184964418,
    -19.39448088218));
#1526 = CARTESIAN_POINT('',(0.418063500495,2.075708010213,
    -19.38922464979));
#1527 = CARTESIAN_POINT('',(0.2091085347,2.1,-19.38659330568));
#1528 = CARTESIAN_POINT('',(-0.20911917073,2.1,-19.38659330568));
#1529 = CARTESIAN_POINT('',(-0.418071897441,2.075705584299,
    -19.38922490998));
#1530 = CARTESIAN_POINT('',(-0.625170555392,2.027182835401,
    -19.39448111979));
#1531 = CARTESIAN_POINT('',(-0.82856373134,1.953919436667,
    -19.40222283396));
#1532 = CARTESIAN_POINT('',(-1.025938658901,1.854978331899,
    -19.41216757896));
#1533 = CARTESIAN_POINT('',(-1.214167925443,1.729152384124,
    -19.42379671299));
#1534 = CARTESIAN_POINT('',(-1.556929248901,1.42696762862,
    -19.44828759744));
#1535 = CARTESIAN_POINT('',(-1.716835877964,1.248763917103,
    -19.46140209607));
#1536 = CARTESIAN_POINT('',(-1.858850016946,1.040972021843,
    -19.47462451399));
#1537 = CARTESIAN_POINT('',(-1.974539662942,0.806494396873,
    -19.48648938174));
#1538 = CARTESIAN_POINT('',(-2.056806195979,0.550276993637,
    -19.49534825029));
#1539 = CARTESIAN_POINT('',(-2.1,0.278836214035,-19.5));
#1540 = CARTESIAN_POINT('',(-2.1,-0.278902117558,-19.5));
#1541 = CARTESIAN_POINT('',(-2.056785769971,-0.550347615411,
    -19.49534604792));
#1542 = CARTESIAN_POINT('',(-1.974513546831,-0.80653100283,
    -19.48648657633));
#1543 = CARTESIAN_POINT('',(-1.858840635414,-1.040967401937,
    -19.47462405711));
#1544 = CARTESIAN_POINT('',(-1.716853920602,-1.248733918973,
    -19.46140402263));
#1545 = CARTESIAN_POINT('',(-1.556960987171,-1.426939647571,
    -19.44828986519));
#1546 = CARTESIAN_POINT('',(-1.214173461127,-1.729147503762,
    -19.42379710852));
#1547 = CARTESIAN_POINT('',(-1.025941312171,-1.85497854779,
    -19.41216765124));
#1548 = CARTESIAN_POINT('',(-0.828559629088,-1.953922489121,
    -19.40222249891));
#1549 = CARTESIAN_POINT('',(-0.625163556081,-2.027184658533,
    -19.39448092167));
#1550 = CARTESIAN_POINT('',(-0.418067858238,-2.075705408627,
    -19.3892249297));
#1551 = CARTESIAN_POINT('',(-0.209119833404,-2.1,-19.38659330568));
#1552 = CARTESIAN_POINT('',(0.20911917073,-2.1,-19.38659330568));
#1553 = CARTESIAN_POINT('',(0.41807189744,-2.075705584299,
    -19.38922490998));
#1554 = CARTESIAN_POINT('',(0.625170555392,-2.027182835401,
    -19.39448111979));
#1555 = CARTESIAN_POINT('',(0.828563731339,-1.953919436667,
    -19.40222283396));
#1556 = CARTESIAN_POINT('',(1.025938658901,-1.854978331899,
    -19.41216757896));
#1557 = CARTESIAN_POINT('',(1.214167925443,-1.729152384124,
    -19.42379671299));
#1558 = CARTESIAN_POINT('',(1.556894256737,-1.426998478363,
    -19.44828509719));
#1559 = CARTESIAN_POINT('',(1.716825415441,-1.248788639171,
    -19.46140064074));
#1560 = CARTESIAN_POINT('',(1.858869768597,-1.040961408676,
    -19.4746260573));
#1561 = CARTESIAN_POINT('',(1.974570238081,-0.806441100197,
    -19.48649269661));
#1562 = CARTESIAN_POINT('',(2.056825588897,-0.550199671419,
    -19.49535033335));
#1563 = CARTESIAN_POINT('',(2.1,-0.278773611416,-19.5));
#1564 = CARTESIAN_POINT('',(2.1,-1.33226762955E-15,-19.5));
#1565 = PCURVE('',#55,#1566);
#1566 = DEFINITIONAL_REPRESENTATION('',(#1567),#1618);
#1567 = B_SPLINE_CURVE_WITH_KNOTS('',7,(#1568,#1569,#1570,#1571,#1572,
    #1573,#1574,#1575,#1576,#1577,#1578,#1579,#1580,#1581,#1582,#1583,
    #1584,#1585,#1586,#1587,#1588,#1589,#1590,#1591,#1592,#1593,#1594,
    #1595,#1596,#1597,#1598,#1599,#1600,#1601,#1602,#1603,#1604,#1605,
    #1606,#1607,#1608,#1609,#1610,#1611,#1612,#1613,#1614,#1615,#1616,
    #1617),.UNSPECIFIED.,.T.,.F.,(8,6,6,6,6,6,6,6,8),(0.,0.122675919198,
    0.250005617675,0.37734179261,0.50000085163,0.622688901376,
    0.750027102465,0.877364900035,1.),.UNSPECIFIED.);
#1568 = CARTESIAN_POINT('',(3.14159265359,27.1));
#1569 = CARTESIAN_POINT('',(3.155895326285,27.1));
#1570 = CARTESIAN_POINT('',(3.169815613649,27.056785769971));
#1571 = CARTESIAN_POINT('',(3.182957971702,26.974513546831));
#1572 = CARTESIAN_POINT('',(3.194993629347,26.858840635414));
#1573 = CARTESIAN_POINT('',(3.205669016365,26.716853920602));
#1574 = CARTESIAN_POINT('',(3.214832227365,26.556960987171));
#1575 = CARTESIAN_POINT('',(3.230381135567,26.214167856295));
#1576 = CARTESIAN_POINT('',(3.236860753866,26.025940401132));
#1577 = CARTESIAN_POINT('',(3.241960149299,25.828565487919));
#1578 = CARTESIAN_POINT('',(3.245738268331,25.625168227515));
#1579 = CARTESIAN_POINT('',(3.248241187856,25.418063500495));
#1580 = CARTESIAN_POINT('',(3.249494217875,25.2091085347));
#1581 = CARTESIAN_POINT('',(3.249494217875,24.79088082927));
#1582 = CARTESIAN_POINT('',(3.248241062749,24.581928102559));
#1583 = CARTESIAN_POINT('',(3.245738158453,24.374829444608));
#1584 = CARTESIAN_POINT('',(3.241960160709,24.17143626866));
#1585 = CARTESIAN_POINT('',(3.236860832402,23.974061341099));
#1586 = CARTESIAN_POINT('',(3.230381132431,23.785832074557));
#1587 = CARTESIAN_POINT('',(3.214833666995,23.443070751099));
#1588 = CARTESIAN_POINT('',(3.205670557818,23.283164122036));
#1589 = CARTESIAN_POINT('',(3.194993863519,23.141149983054));
#1590 = CARTESIAN_POINT('',(3.182956090904,23.025460337058));
#1591 = CARTESIAN_POINT('',(3.169811992008,22.943193804021));
#1592 = CARTESIAN_POINT('',(3.155891946617,22.9));
#1593 = CARTESIAN_POINT('',(3.127289980895,22.9));
#1594 = CARTESIAN_POINT('',(3.11336969353,22.943214230029));
#1595 = CARTESIAN_POINT('',(3.100227335478,23.025486453169));
#1596 = CARTESIAN_POINT('',(3.088191677832,23.141159364586));
#1597 = CARTESIAN_POINT('',(3.077516290814,23.283146079398));
#1598 = CARTESIAN_POINT('',(3.068353079815,23.443039012829));
#1599 = CARTESIAN_POINT('',(3.052804425844,23.785826538873));
#1600 = CARTESIAN_POINT('',(3.046324464048,23.974058687829));
#1601 = CARTESIAN_POINT('',(3.041224989091,24.171440370912));
#1602 = CARTESIAN_POINT('',(3.037447054625,24.374836443919));
#1603 = CARTESIAN_POINT('',(3.034944253515,24.581932141762));
#1604 = CARTESIAN_POINT('',(3.033691089305,24.790880166596));
#1605 = CARTESIAN_POINT('',(3.033691089305,25.20911917073));
#1606 = CARTESIAN_POINT('',(3.034944244431,25.41807189744));
#1607 = CARTESIAN_POINT('',(3.037447148727,25.625170555392));
#1608 = CARTESIAN_POINT('',(3.04122514647,25.828563731339));
#1609 = CARTESIAN_POINT('',(3.046324474777,26.025938658901));
#1610 = CARTESIAN_POINT('',(3.052804174749,26.214167925443));
#1611 = CARTESIAN_POINT('',(3.068350052959,26.556894256737));
#1612 = CARTESIAN_POINT('',(3.077513479665,26.716825415441));
#1613 = CARTESIAN_POINT('',(3.088191992212,26.858869768598));
#1614 = CARTESIAN_POINT('',(3.100231953032,26.974570238081));
#1615 = CARTESIAN_POINT('',(3.113377280304,27.056825588897));
#1616 = CARTESIAN_POINT('',(3.127296570953,27.1));
#1617 = CARTESIAN_POINT('',(3.14159265359,27.1));
#1618 = ( GEOMETRIC_REPRESENTATION_CONTEXT(2) 
PARAMETRIC_REPRESENTATION_CONTEXT() REPRESENTATION_CONTEXT('2D SPACE',''
  ) );
#1619 = PCURVE('',#1620,#1625);
#1620 = CYLINDRICAL_SURFACE('',#1621,2.1);
#1621 = AXIS2_PLACEMENT_3D('',#1622,#1623,#1624);
#1622 = CARTESIAN_POINT('',(0.,0.,-20.));
#1623 = DIRECTION('',(0.,0.,1.));
#1624 = DIRECTION('',(1.,0.,-0.));
#1625 = DEFINITIONAL_REPRESENTATION('',(#1626),#1677);
#1626 = B_SPLINE_CURVE_WITH_KNOTS('',7,(#1627,#1628,#1629,#1630,#1631,
    #1632,#1633,#1634,#1635,#1636,#1637,#1638,#1639,#1640,#1641,#1642,
    #1643,#1644,#1645,#1646,#1647,#1648,#1649,#1650,#1651,#1652,#1653,
    #1654,#1655,#1656,#1657,#1658,#1659,#1660,#1661,#1662,#1663,#1664,
    #1665,#1666,#1667,#1668,#1669,#1670,#1671,#1672,#1673,#1674,#1675,
    #1676),.UNSPECIFIED.,.F.,.F.,(8,6,6,6,6,6,6,6,8),(0.,0.122675919198,
    0.250005617675,0.37734179261,0.50000085163,0.622688901376,
    0.750027102465,0.877364900035,1.),.UNSPECIFIED.);
#1627 = CARTESIAN_POINT('',(0.,0.5));
#1628 = CARTESIAN_POINT('',(0.132810532171,0.5));
#1629 = CARTESIAN_POINT('',(0.262070197497,0.504653952073));
#1630 = CARTESIAN_POINT('',(0.387888855732,0.513513423668));
#1631 = CARTESIAN_POINT('',(0.510083374302,0.525375942887));
#1632 = CARTESIAN_POINT('',(0.628216337184,0.538595977361));
#1633 = CARTESIAN_POINT('',(0.741448325317,0.551710134805));
#1634 = CARTESIAN_POINT('',(0.959062530513,0.576203291949));
#1635 = CARTESIAN_POINT('',(1.06592010747,0.58783229932));
#1636 = CARTESIAN_POINT('',(1.169802419939,0.597777094939));
#1637 = CARTESIAN_POINT('',(1.271483960506,0.605519117816));
#1638 = CARTESIAN_POINT('',(1.371718624358,0.610775350201));
#1639 = CARTESIAN_POINT('',(1.471220834081,0.613406694316));
#1640 = CARTESIAN_POINT('',(1.670376884285,0.613406694316));
#1641 = CARTESIAN_POINT('',(1.769878012835,0.610775090017));
#1642 = CARTESIAN_POINT('',(1.870110067882,0.60551888021));
#1643 = CARTESIAN_POINT('',(1.971789507805,0.597777166036));
#1644 = CARTESIAN_POINT('',(2.075671450947,0.587832421032));
#1645 = CARTESIAN_POINT('',(2.182530166974,0.576203287008));
#1646 = CARTESIAN_POINT('',(2.400124179974,0.551712402559));
#1647 = CARTESIAN_POINT('',(2.51336042872,0.53859790393));
#1648 = CARTESIAN_POINT('',(2.631510028665,0.525375486002));
#1649 = CARTESIAN_POINT('',(2.753723905875,0.513510618256));
#1650 = CARTESIAN_POINT('',(2.879556092617,0.504651749708));
#1651 = CARTESIAN_POINT('',(3.008813504049,0.5));
#1652 = CARTESIAN_POINT('',(3.27440318576,0.5));
#1653 = CARTESIAN_POINT('',(3.403662851087,0.504653952073));
#1654 = CARTESIAN_POINT('',(3.529481509321,0.513513423668));
#1655 = CARTESIAN_POINT('',(3.651676027892,0.525375942887));
#1656 = CARTESIAN_POINT('',(3.769808990773,0.538595977361));
#1657 = CARTESIAN_POINT('',(3.883040978907,0.551710134805));
#1658 = CARTESIAN_POINT('',(4.100651626007,0.576202891474));
#1659 = CARTESIAN_POINT('',(4.207512973994,0.587832348754));
#1660 = CARTESIAN_POINT('',(4.311398027074,0.59777750109));
#1661 = CARTESIAN_POINT('',(4.413078583169,0.60551907833));
#1662 = CARTESIAN_POINT('',(4.51330920739,0.6107750703));
#1663 = CARTESIAN_POINT('',(4.612808107335,0.613406694316));
#1664 = CARTESIAN_POINT('',(4.811969537875,0.613406694316));
#1665 = CARTESIAN_POINT('',(4.911470666424,0.610775090017));
#1666 = CARTESIAN_POINT('',(5.011702721472,0.60551888021));
#1667 = CARTESIAN_POINT('',(5.113382161394,0.597777166036));
#1668 = CARTESIAN_POINT('',(5.217264104537,0.587832421032));
#1669 = CARTESIAN_POINT('',(5.324122820563,0.576203287008));
#1670 = CARTESIAN_POINT('',(5.541694619607,0.551714902809));
#1671 = CARTESIAN_POINT('',(5.654941569716,0.538599359254));
#1672 = CARTESIAN_POINT('',(5.773111795483,0.525373942696));
#1673 = CARTESIAN_POINT('',(5.895344483819,0.513507303384));
#1674 = CARTESIAN_POINT('',(6.02118557206,0.504649666642));
#1675 = CARTESIAN_POINT('',(6.15043596841,0.5));
#1676 = CARTESIAN_POINT('',(6.28318530718,0.5));
#1677 = ( GEOMETRIC_REPRESENTATION_CONTEXT(2) 
PARAMETRIC_REPRESENTATION_CONTEXT() REPRESENTATION_CONTEXT('2D SPACE',''
  ) );
#1678 = FACE_BOUND('',#1679,.T.);
#1679 = EDGE_LOOP('',(#1680,#1711,#1737,#1954,#1980,#2065,#2277,#2298,
    #2327));
#1680 = ORIENTED_EDGE('',*,*,#1681,.F.);
#1681 = EDGE_CURVE('',#1682,#1684,#1686,.T.);
#1682 = VERTEX_POINT('',#1683);
#1683 = CARTESIAN_POINT('',(-20.,12.459935794377,15.));
#1684 = VERTEX_POINT('',#1685);
#1685 = CARTESIAN_POINT('',(-20.,7.5,18.));
#1686 = SURFACE_CURVE('',#1687,(#1692,#1699),.PCURVE_S1.);
#1687 = CIRCLE('',#1688,19.5);
#1688 = AXIS2_PLACEMENT_3D('',#1689,#1690,#1691);
#1689 = CARTESIAN_POINT('',(-20.,0.,0.));
#1690 = DIRECTION('',(1.,0.,0.));
#1691 = DIRECTION('',(-0.,0.,1.));
#1692 = PCURVE('',#55,#1693);
#1693 = DEFINITIONAL_REPRESENTATION('',(#1694),#1698);
#1694 = LINE('',#1695,#1696);
#1695 = CARTESIAN_POINT('',(0.,5.));
#1696 = VECTOR('',#1697,1.);
#1697 = DIRECTION('',(1.,0.));
#1698 = ( GEOMETRIC_REPRESENTATION_CONTEXT(2) 
PARAMETRIC_REPRESENTATION_CONTEXT() REPRESENTATION_CONTEXT('2D SPACE',''
  ) );
#1699 = PCURVE('',#1700,#1705);
#1700 = PLANE('',#1701);
#1701 = AXIS2_PLACEMENT_3D('',#1702,#1703,#1704);
#1702 = CARTESIAN_POINT('',(-20.,-20.,15.));
#1703 = DIRECTION('',(1.,0.,-0.));
#1704 = DIRECTION('',(0.,0.,1.));
#1705 = DEFINITIONAL_REPRESENTATION('',(#1706),#1710);
#1706 = CIRCLE('',#1707,19.5);
#1707 = AXIS2_PLACEMENT_2D('',#1708,#1709);
#1708 = CARTESIAN_POINT('',(-15.,-20.));
#1709 = DIRECTION('',(1.,0.));
#1710 = ( GEOMETRIC_REPRESENTATION_CONTEXT(2) 
PARAMETRIC_REPRESENTATION_CONTEXT() REPRESENTATION_CONTEXT('2D SPACE',''
  ) );
#1711 = ORIENTED_EDGE('',*,*,#1712,.T.);
#1712 = EDGE_CURVE('',#1682,#1713,#1715,.T.);
#1713 = VERTEX_POINT('',#1714);
#1714 = CARTESIAN_POINT('',(-2.099617788891,12.459935794377,15.));
#1715 = SURFACE_CURVE('',#1716,(#1720,#1726),.PCURVE_S1.);
#1716 = LINE('',#1717,#1718);
#1717 = CARTESIAN_POINT('',(-25.,12.459935794377,15.));
#1718 = VECTOR('',#1719,1.);
#1719 = DIRECTION('',(1.,0.,0.));
#1720 = PCURVE('',#55,#1721);
#1721 = DEFINITIONAL_REPRESENTATION('',(#1722),#1725);
#1722 = B_SPLINE_CURVE_WITH_KNOTS('',1,(#1723,#1724),.UNSPECIFIED.,.F.,
  .F.,(2,2),(1.,49.),.PIECEWISE_BEZIER_KNOTS.);
#1723 = CARTESIAN_POINT('',(5.590025399603,1.));
#1724 = CARTESIAN_POINT('',(5.590025399603,49.));
#1725 = ( GEOMETRIC_REPRESENTATION_CONTEXT(2) 
PARAMETRIC_REPRESENTATION_CONTEXT() REPRESENTATION_CONTEXT('2D SPACE',''
  ) );
#1726 = PCURVE('',#1727,#1732);
#1727 = PLANE('',#1728);
#1728 = AXIS2_PLACEMENT_3D('',#1729,#1730,#1731);
#1729 = CARTESIAN_POINT('',(-20.,-20.,15.));
#1730 = DIRECTION('',(0.,0.,1.));
#1731 = DIRECTION('',(1.,0.,-0.));
#1732 = DEFINITIONAL_REPRESENTATION('',(#1733),#1736);
#1733 = B_SPLINE_CURVE_WITH_KNOTS('',1,(#1734,#1735),.UNSPECIFIED.,.F.,
  .F.,(2,2),(1.,49.),.PIECEWISE_BEZIER_KNOTS.);
#1734 = CARTESIAN_POINT('',(-4.,32.459935794377));
#1735 = CARTESIAN_POINT('',(44.,32.459935794377));
#1736 = ( GEOMETRIC_REPRESENTATION_CONTEXT(2) 
PARAMETRIC_REPRESENTATION_CONTEXT() REPRESENTATION_CONTEXT('2D SPACE',''
  ) );
#1737 = ORIENTED_EDGE('',*,*,#1738,.F.);
#1738 = EDGE_CURVE('',#1739,#1713,#1741,.T.);
#1739 = VERTEX_POINT('',#1740);
#1740 = CARTESIAN_POINT('',(-0.520621113398,14.534441853749,13.));
#1741 = SURFACE_CURVE('',#1742,(#1809,#1879),.PCURVE_S1.);
#1742 = B_SPLINE_CURVE_WITH_KNOTS('',5,(#1743,#1744,#1745,#1746,#1747,
    #1748,#1749,#1750,#1751,#1752,#1753,#1754,#1755,#1756,#1757,#1758,
    #1759,#1760,#1761,#1762,#1763,#1764,#1765,#1766,#1767,#1768,#1769,
    #1770,#1771,#1772,#1773,#1774,#1775,#1776,#1777,#1778,#1779,#1780,
    #1781,#1782,#1783,#1784,#1785,#1786,#1787,#1788,#1789,#1790,#1791,
    #1792,#1793,#1794,#1795,#1796,#1797,#1798,#1799,#1800,#1801,#1802,
    #1803,#1804,#1805,#1806,#1807,#1808),.UNSPECIFIED.,.F.,.F.,(6,4,4,4,
    4,4,4,4,4,4,4,4,4,4,4,4,6),(0.,6.375422260028E-02,0.130504042357,
    0.200792611075,0.29501374364,0.340567694524,0.409644354453,
    0.470576289153,0.528700179581,0.591001685941,0.656704545755,
    0.723669115529,0.756038725842,0.787013286311,0.843194954969,
    0.910391011423,1.),.UNSPECIFIED.);
#1743 = CARTESIAN_POINT('',(-0.520619016231,14.53444239042,
    12.999999399991));
#1744 = CARTESIAN_POINT('',(-0.638539748228,14.504266173205,
    13.033737439293));
#1745 = CARTESIAN_POINT('',(-0.752785704307,14.46592693074,
    13.076404985037));
#1746 = CARTESIAN_POINT('',(-0.862674754121,14.420060287082,
    13.127080972507));
#1747 = CARTESIAN_POINT('',(-0.967597200143,14.367372993888,
    13.184689877103));
#1748 = CARTESIAN_POINT('',(-1.171123372639,14.247305931341,
    13.314369850788));
#1749 = CARTESIAN_POINT('',(-1.269314431825,14.17928445909,
    13.387066565347));
#1750 = CARTESIAN_POINT('',(-1.361407431202,14.105341042531,
    13.465074695706));
#1751 = CARTESIAN_POINT('',(-1.447238864314,14.026066576041,
    13.547469222145));
#1752 = CARTESIAN_POINT('',(-1.610300347723,13.853428444162,
    13.724014017247));
#1753 = CARTESIAN_POINT('',(-1.686865642964,13.759506540207,
    13.818590723174));
#1754 = CARTESIAN_POINT('',(-1.756244234125,13.660729513086,
    13.916352961173));
#1755 = CARTESIAN_POINT('',(-1.818263241082,13.557535955208,
    14.016602976339));
#1756 = CARTESIAN_POINT('',(-1.945637120645,13.306527046081,
    14.255727360307));
#1757 = CARTESIAN_POINT('',(-2.004974538961,13.155407268777,
    14.396201343716));
#1758 = CARTESIAN_POINT('',(-2.049969214306,12.998027263329,
    14.538604958908));
#1759 = CARTESIAN_POINT('',(-2.079737533149,12.835482124344,
    14.681562913908));
#1760 = CARTESIAN_POINT('',(-2.099677500809,12.588689899453,
    14.892484051565));
#1761 = CARTESIAN_POINT('',(-2.102357945559,12.507387322493,
    14.961025461404));
#1762 = CARTESIAN_POINT('',(-2.10109516201,12.425424460902,
    15.029167945244));
#1763 = CARTESIAN_POINT('',(-2.095774410992,12.343027950248,
    15.096719535422));
#1764 = CARTESIAN_POINT('',(-2.071911324496,12.135207502592,
    15.264752706859));
#1765 = CARTESIAN_POINT('',(-2.047952642643,12.009469092787,
    15.364280549343));
#1766 = CARTESIAN_POINT('',(-2.014064062597,11.884353593387,
    15.461202778488));
#1767 = CARTESIAN_POINT('',(-1.970107624447,11.761041435137,
    15.554754616538));
#1768 = CARTESIAN_POINT('',(-1.868571518237,11.534615842146,
    15.723235482579));
#1769 = CARTESIAN_POINT('',(-1.813230178219,11.430881904939,
    15.799024843255));
#1770 = CARTESIAN_POINT('',(-1.750273234797,11.330513255175,
    15.871072847428));
#1771 = CARTESIAN_POINT('',(-1.680045790041,11.234442247219,
    15.938933052727));
#1772 = CARTESIAN_POINT('',(-1.52969706889,11.056760802628,
    16.062665230326));
#1773 = CARTESIAN_POINT('',(-1.450201607316,10.9747124299,
    16.118928476652));
#1774 = CARTESIAN_POINT('',(-1.365077149369,10.898056286946,
    16.170769540896));
#1775 = CARTESIAN_POINT('',(-1.274925278279,10.827395367859,
    16.217997281692));
#1776 = CARTESIAN_POINT('',(-1.079246278609,10.694394798325,
    16.306033505673));
#1777 = CARTESIAN_POINT('',(-0.973083213453,10.633020549726,
    16.346135084228));
#1778 = CARTESIAN_POINT('',(-0.862750512554,10.579558718308,
    16.380709721947));
#1779 = CARTESIAN_POINT('',(-0.749081215517,10.534369086972,
    16.409721654705));
#1780 = CARTESIAN_POINT('',(-0.510531876784,10.458959095548,
    16.457894283704));
#1781 = CARTESIAN_POINT('',(-0.385349500347,10.429681368615,
    16.476436642328));
#1782 = CARTESIAN_POINT('',(-0.258331797032,10.410043582262,
    16.488818371079));
#1783 = CARTESIAN_POINT('',(-0.130395774427,10.400151911038,
    16.49505502443));
#1784 = CARTESIAN_POINT('',(0.127912591404,10.399848104596,
    16.495246570882));
#1785 = CARTESIAN_POINT('',(0.258328168307,10.409813643779,
    16.48896333629));
#1786 = CARTESIAN_POINT('',(0.387793311816,10.42990515459,
    16.476296853997));
#1787 = CARTESIAN_POINT('',(0.515336851643,10.460009587463,
    16.457230645595));
#1788 = CARTESIAN_POINT('',(0.700264548969,10.519183791668,
    16.419418260437));
#1789 = CARTESIAN_POINT('',(0.7598469451,10.540751049085,16.405596971327
    ));
#1790 = CARTESIAN_POINT('',(0.818635931041,10.564574700774,
    16.39027483957));
#1791 = CARTESIAN_POINT('',(0.876515774643,10.590615771427,
    16.373453781585));
#1792 = CARTESIAN_POINT('',(0.987772401784,10.645817160367,
    16.337613434793));
#1793 = CARTESIAN_POINT('',(1.04123603348,10.674794452421,
    16.318720393455));
#1794 = CARTESIAN_POINT('',(1.093656789189,10.705712146091,
    16.298464444962));
#1795 = CARTESIAN_POINT('',(1.144932535037,10.738514547763,
    16.27685566561));
#1796 = CARTESIAN_POINT('',(1.28570635685,10.835927690522,
    16.212289976567));
#1797 = CARTESIAN_POINT('',(1.372379723383,10.904719112944,
    16.166258366553));
#1798 = CARTESIAN_POINT('',(1.454327312981,10.979075201442,
    16.115929823369));
#1799 = CARTESIAN_POINT('',(1.531009656917,11.058449853454,
    16.06147892457));
#1800 = CARTESIAN_POINT('',(1.68692184261,11.242405783013,
    15.933399389265));
#1801 = CARTESIAN_POINT('',(1.763671893414,11.348840553744,
    15.858129995465));
#1802 = CARTESIAN_POINT('',(1.831521531643,11.460401548297,
    15.777811259698));
#1803 = CARTESIAN_POINT('',(1.89003744593,11.575832629672,
    15.693050598354));
#1804 = CARTESIAN_POINT('',(2.004504702465,11.851158196776,
    15.48672681011));
#1805 = CARTESIAN_POINT('',(2.053014443197,12.012857994015,
    15.36245595753));
#1806 = CARTESIAN_POINT('',(2.084671075752,12.176429864857,
    15.233222131154));
#1807 = CARTESIAN_POINT('',(2.1,12.33952676914,15.100655406388));
#1808 = CARTESIAN_POINT('',(2.1,12.5,14.966629547096));
#1809 = PCURVE('',#55,#1810);
#1810 = DEFINITIONAL_REPRESENTATION('',(#1811),#1878);
#1811 = B_SPLINE_CURVE_WITH_KNOTS('',5,(#1812,#1813,#1814,#1815,#1816,
    #1817,#1818,#1819,#1820,#1821,#1822,#1823,#1824,#1825,#1826,#1827,
    #1828,#1829,#1830,#1831,#1832,#1833,#1834,#1835,#1836,#1837,#1838,
    #1839,#1840,#1841,#1842,#1843,#1844,#1845,#1846,#1847,#1848,#1849,
    #1850,#1851,#1852,#1853,#1854,#1855,#1856,#1857,#1858,#1859,#1860,
    #1861,#1862,#1863,#1864,#1865,#1866,#1867,#1868,#1869,#1870,#1871,
    #1872,#1873,#1874,#1875,#1876,#1877),.UNSPECIFIED.,.F.,.F.,(6,4,4,4,
    4,4,4,4,4,4,4,4,4,4,4,4,6),(0.,6.375422260028E-02,0.130504042357,
    0.200792611075,0.29501374364,0.340567694524,0.409644354453,
    0.470576289153,0.528700179581,0.591001685941,0.656704545755,
    0.723669115529,0.756038725842,0.787013286311,0.843194954969,
    0.910391011423,1.),.UNSPECIFIED.);
#1812 = CARTESIAN_POINT('',(5.442116595329,24.479380983769));
#1813 = CARTESIAN_POINT('',(5.444437842914,24.361460251772));
#1814 = CARTESIAN_POINT('',(5.447379485084,24.247214295693));
#1815 = CARTESIAN_POINT('',(5.450884605802,24.137325245879));
#1816 = CARTESIAN_POINT('',(5.454888057726,24.032402799857));
#1817 = CARTESIAN_POINT('',(5.463951062423,23.828876627361));
#1818 = CARTESIAN_POINT('',(5.469056514882,23.730685568175));
#1819 = CARTESIAN_POINT('',(5.474568360963,23.638592568798));
#1820 = CARTESIAN_POINT('',(5.480431681632,23.552761135686));
#1821 = CARTESIAN_POINT('',(5.493094505637,23.389699652277));
#1822 = CARTESIAN_POINT('',(5.499929658884,23.313134357036));
#1823 = CARTESIAN_POINT('',(5.507056255352,23.243755765875));
#1824 = CARTESIAN_POINT('',(5.514433922404,23.181736758918));
#1825 = CARTESIAN_POINT('',(5.532212304143,23.054362879355));
#1826 = CARTESIAN_POINT('',(5.542792297698,22.995025461039));
#1827 = CARTESIAN_POINT('',(5.55367517333,22.950030785694));
#1828 = CARTESIAN_POINT('',(5.564774918592,22.920262466851));
#1829 = CARTESIAN_POINT('',(5.581423360587,22.900322499191));
#1830 = CARTESIAN_POINT('',(5.586876527973,22.897642054441));
#1831 = CARTESIAN_POINT('',(5.59234248578,22.89890483799));
#1832 = CARTESIAN_POINT('',(5.5978063394,22.904225589008));
#1833 = CARTESIAN_POINT('',(5.611511652072,22.928088675504));
#1834 = CARTESIAN_POINT('',(5.619734896329,22.952047357357));
#1835 = CARTESIAN_POINT('',(5.627850466255,22.985935937403));
#1836 = CARTESIAN_POINT('',(5.6357877225,23.029892375553));
#1837 = CARTESIAN_POINT('',(5.650261108389,23.131428481763));
#1838 = CARTESIAN_POINT('',(5.656849104244,23.186769821781));
#1839 = CARTESIAN_POINT('',(5.663184767028,23.249726765203));
#1840 = CARTESIAN_POINT('',(5.669216467626,23.319954209959));
#1841 = CARTESIAN_POINT('',(5.680319990712,23.47030293111));
#1842 = CARTESIAN_POINT('',(5.68542171026,23.549798392684));
#1843 = CARTESIAN_POINT('',(5.690167245819,23.634922850631));
#1844 = CARTESIAN_POINT('',(5.694525702134,23.725074721721));
#1845 = CARTESIAN_POINT('',(5.702705073281,23.920753721391));
#1846 = CARTESIAN_POINT('',(5.706464696344,24.026916786547));
#1847 = CARTESIAN_POINT('',(5.709729677997,24.137249487446));
#1848 = CARTESIAN_POINT('',(5.71248356714,24.250918784483));
#1849 = CARTESIAN_POINT('',(5.717072456615,24.489468123216));
#1850 = CARTESIAN_POINT('',(5.718849649425,24.614650499653));
#1851 = CARTESIAN_POINT('',(5.720040180545,24.741668202968));
#1852 = CARTESIAN_POINT('',(5.720639853199,24.869604225573));
#1853 = CARTESIAN_POINT('',(5.720658271125,25.127912591404));
#1854 = CARTESIAN_POINT('',(5.720054120168,25.258328168307));
#1855 = CARTESIAN_POINT('',(5.718836118071,25.387793311816));
#1856 = CARTESIAN_POINT('',(5.717008736555,25.515336851643));
#1857 = CARTESIAN_POINT('',(5.713407523043,25.700264548969));
#1858 = CARTESIAN_POINT('',(5.712093887669,25.7598469451));
#1859 = CARTESIAN_POINT('',(5.710641301302,25.818635931041));
#1860 = CARTESIAN_POINT('',(5.709051491135,25.876515774643));
#1861 = CARTESIAN_POINT('',(5.705676320241,25.987772401784));
#1862 = CARTESIAN_POINT('',(5.703902356725,26.04123603348));
#1863 = CARTESIAN_POINT('',(5.702006864581,26.093656789189));
#1864 = CARTESIAN_POINT('',(5.699992501228,26.144932535037));
#1865 = CARTESIAN_POINT('',(5.693999288195,26.28570635685));
#1866 = CARTESIAN_POINT('',(5.68975462162,26.372379723383));
#1867 = CARTESIAN_POINT('',(5.685150234583,26.454327312981));
#1868 = CARTESIAN_POINT('',(5.680214143962,26.531009656917));
#1869 = CARTESIAN_POINT('',(5.668719165911,26.68692184261));
#1870 = CARTESIAN_POINT('',(5.662034193011,26.763671893414));
#1871 = CARTESIAN_POINT('',(5.654985021203,26.831521531643));
#1872 = CARTESIAN_POINT('',(5.647641340286,26.89003744593));
#1873 = CARTESIAN_POINT('',(5.629997506767,27.004504702465));
#1874 = CARTESIAN_POINT('',(5.619539997211,27.053014443197));
#1875 = CARTESIAN_POINT('',(5.608850915871,27.084671075752));
#1876 = CARTESIAN_POINT('',(5.598073548566,27.1));
#1877 = CARTESIAN_POINT('',(5.587351479822,27.1));
#1878 = ( GEOMETRIC_REPRESENTATION_CONTEXT(2) 
PARAMETRIC_REPRESENTATION_CONTEXT() REPRESENTATION_CONTEXT('2D SPACE',''
  ) );
#1879 = PCURVE('',#1880,#1885);
#1880 = CYLINDRICAL_SURFACE('',#1881,2.1);
#1881 = AXIS2_PLACEMENT_3D('',#1882,#1883,#1884);
#1882 = CARTESIAN_POINT('',(0.,12.5,13.));
#1883 = DIRECTION('',(0.,0.,1.));
#1884 = DIRECTION('',(1.,0.,-0.));
#1885 = DEFINITIONAL_REPRESENTATION('',(#1886),#1953);
#1886 = B_SPLINE_CURVE_WITH_KNOTS('',5,(#1887,#1888,#1889,#1890,#1891,
    #1892,#1893,#1894,#1895,#1896,#1897,#1898,#1899,#1900,#1901,#1902,
    #1903,#1904,#1905,#1906,#1907,#1908,#1909,#1910,#1911,#1912,#1913,
    #1914,#1915,#1916,#1917,#1918,#1919,#1920,#1921,#1922,#1923,#1924,
    #1925,#1926,#1927,#1928,#1929,#1930,#1931,#1932,#1933,#1934,#1935,
    #1936,#1937,#1938,#1939,#1940,#1941,#1942,#1943,#1944,#1945,#1946,
    #1947,#1948,#1949,#1950,#1951,#1952),.UNSPECIFIED.,.F.,.F.,(6,4,4,4,
    4,4,4,4,4,4,4,4,4,4,4,4,6),(0.,6.375422260028E-02,0.130504042357,
    0.200792611075,0.29501374364,0.340567694524,0.409644354453,
    0.470576289153,0.528700179581,0.591001685941,0.656704545755,
    0.723669115529,0.756038725842,0.787013286311,0.843194954969,
    0.910391011423,1.),.UNSPECIFIED.);
#1887 = CARTESIAN_POINT('',(1.821322578981,-6.E-07));
#1888 = CARTESIAN_POINT('',(1.879284766828,3.37374393017E-02));
#1889 = CARTESIAN_POINT('',(1.936515528529,7.640498501514E-02));
#1890 = CARTESIAN_POINT('',(1.993029819924,0.127080972519));
#1891 = CARTESIAN_POINT('',(2.048810560945,0.184689877103));
#1892 = CARTESIAN_POINT('',(2.161335692831,0.314369850788));
#1893 = CARTESIAN_POINT('',(2.218066029253,0.387066565347));
#1894 = CARTESIAN_POINT('',(2.274124892757,0.465074695706));
#1895 = CARTESIAN_POINT('',(2.329633285887,0.547469222145));
#1896 = CARTESIAN_POINT('',(2.442715211871,0.724014017247));
#1897 = CARTESIAN_POINT('',(2.500264551295,0.818590723174));
#1898 = CARTESIAN_POINT('',(2.557551176146,0.916352961173));
#1899 = CARTESIAN_POINT('',(2.614735964838,1.016602976339));
#1900 = CARTESIAN_POINT('',(2.748772865074,1.255727360307));
#1901 = CARTESIAN_POINT('',(2.825731290878,1.396201343716));
#1902 = CARTESIAN_POINT('',(2.903200905,1.538604958908));
#1903 = CARTESIAN_POINT('',(2.981493797497,1.681562913908));
#1904 = CARTESIAN_POINT('',(3.099396871353,1.892484051565));
#1905 = CARTESIAN_POINT('',(3.138089499676,1.961025461404));
#1906 = CARTESIAN_POINT('',(3.177062295229,2.029167945244));
#1907 = CARTESIAN_POINT('',(3.216331712241,2.096719535423));
#1908 = CARTESIAN_POINT('',(3.315944096341,2.264752706859));
#1909 = CARTESIAN_POINT('',(3.376730116814,2.364280549343));
#1910 = CARTESIAN_POINT('',(3.438211633323,2.461202778488));
#1911 = CARTESIAN_POINT('',(3.500355872049,2.554754616538));
#1912 = CARTESIAN_POINT('',(3.618522258092,2.723235482579));
#1913 = CARTESIAN_POINT('',(3.674377968522,2.799024843255));
#1914 = CARTESIAN_POINT('',(3.730609037696,2.871072847428));
#1915 = CARTESIAN_POINT('',(3.787133817682,2.938933052727));
#1916 = CARTESIAN_POINT('',(3.897970088119,3.062665230326));
#1917 = CARTESIAN_POINT('',(3.952248292324,3.118928476652));
#1918 = CARTESIAN_POINT('',(4.006627681595,3.170769540896));
#1919 = CARTESIAN_POINT('',(4.061047009498,3.217997281692));
#1920 = CARTESIAN_POINT('',(4.173713537704,3.306033505673));
#1921 = CARTESIAN_POINT('',(4.231952778798,3.346135084228));
#1922 = CARTESIAN_POINT('',(4.290128483783,3.380709721947));
#1923 = CARTESIAN_POINT('',(4.348225470089,3.409721654705));
#1924 = CARTESIAN_POINT('',(4.467361107851,3.457894283704));
#1925 = CARTESIAN_POINT('',(4.528401722412,3.476436642328));
#1926 = CARTESIAN_POINT('',(4.589368310201,3.488818371079));
#1927 = CARTESIAN_POINT('',(4.650295712062,3.49505502443));
#1928 = CARTESIAN_POINT('',(4.773299780867,3.495246570882));
#1929 = CARTESIAN_POINT('',(4.835396799319,3.48896333629));
#1930 = CARTESIAN_POINT('',(4.897534246001,3.476296853997));
#1931 = CARTESIAN_POINT('',(4.959748925008,3.457230645595));
#1932 = CARTESIAN_POINT('',(5.052208194317,3.419418260437));
#1933 = CARTESIAN_POINT('',(5.082360943406,3.405596971327));
#1934 = CARTESIAN_POINT('',(5.112538407243,3.39027483957));
#1935 = CARTESIAN_POINT('',(5.142739754142,3.373453781585));
#1936 = CARTESIAN_POINT('',(5.201881826109,3.337613434793));
#1937 = CARTESIAN_POINT('',(5.230820772715,3.318720393455));
#1938 = CARTESIAN_POINT('',(5.259776090393,3.298464444962));
#1939 = CARTESIAN_POINT('',(5.28874292581,3.27685566561));
#1940 = CARTESIAN_POINT('',(5.370262770632,3.212289976567));
#1941 = CARTESIAN_POINT('',(5.422842432368,3.166258366553));
#1942 = CARTESIAN_POINT('',(5.475381864544,3.115929823369));
#1943 = CARTESIAN_POINT('',(5.527825595371,3.06147892457));
#1944 = CARTESIAN_POINT('',(5.642654062205,2.933399389265));
#1945 = CARTESIAN_POINT('',(5.704948613262,2.858129995465));
#1946 = CARTESIAN_POINT('',(5.766874851866,2.777811259698));
#1947 = CARTESIAN_POINT('',(5.828327457937,2.693050598354));
#1948 = CARTESIAN_POINT('',(5.970314427349,2.48672681011));
#1949 = CARTESIAN_POINT('',(6.050282539459,2.36245595753));
#1950 = CARTESIAN_POINT('',(6.129104494802,2.233222131154));
#1951 = CARTESIAN_POINT('',(6.20676948296,2.100655406388));
#1952 = CARTESIAN_POINT('',(6.28318530718,1.966629547096));
#1953 = ( GEOMETRIC_REPRESENTATION_CONTEXT(2) 
PARAMETRIC_REPRESENTATION_CONTEXT() REPRESENTATION_CONTEXT('2D SPACE',''
  ) );
#1954 = ORIENTED_EDGE('',*,*,#1955,.T.);
#1955 = EDGE_CURVE('',#1739,#1956,#1958,.T.);
#1956 = VERTEX_POINT('',#1957);
#1957 = CARTESIAN_POINT('',(0.520621113398,14.534441853749,13.));
#1958 = SURFACE_CURVE('',#1959,(#1963,#1969),.PCURVE_S1.);
#1959 = LINE('',#1960,#1961);
#1960 = CARTESIAN_POINT('',(-25.,14.534441853749,13.));
#1961 = VECTOR('',#1962,1.);
#1962 = DIRECTION('',(1.,0.,0.));
#1963 = PCURVE('',#55,#1964);
#1964 = DEFINITIONAL_REPRESENTATION('',(#1965),#1968);
#1965 = B_SPLINE_CURVE_WITH_KNOTS('',1,(#1966,#1967),.UNSPECIFIED.,.F.,
  .F.,(2,2),(22.48,27.52),.PIECEWISE_BEZIER_KNOTS.);
#1966 = CARTESIAN_POINT('',(5.442116636612,22.48));
#1967 = CARTESIAN_POINT('',(5.442116636612,27.52));
#1968 = ( GEOMETRIC_REPRESENTATION_CONTEXT(2) 
PARAMETRIC_REPRESENTATION_CONTEXT() REPRESENTATION_CONTEXT('2D SPACE',''
  ) );
#1969 = PCURVE('',#1970,#1975);
#1970 = PLANE('',#1971);
#1971 = AXIS2_PLACEMENT_3D('',#1972,#1973,#1974);
#1972 = CARTESIAN_POINT('',(0.,12.5,13.));
#1973 = DIRECTION('',(0.,0.,1.));
#1974 = DIRECTION('',(1.,0.,-0.));
#1975 = DEFINITIONAL_REPRESENTATION('',(#1976),#1979);
#1976 = B_SPLINE_CURVE_WITH_KNOTS('',1,(#1977,#1978),.UNSPECIFIED.,.F.,
  .F.,(2,2),(22.48,27.52),.PIECEWISE_BEZIER_KNOTS.);
#1977 = CARTESIAN_POINT('',(-2.52,2.034441853749));
#1978 = CARTESIAN_POINT('',(2.52,2.034441853749));
#1979 = ( GEOMETRIC_REPRESENTATION_CONTEXT(2) 
PARAMETRIC_REPRESENTATION_CONTEXT() REPRESENTATION_CONTEXT('2D SPACE',''
  ) );
#1980 = ORIENTED_EDGE('',*,*,#1981,.F.);
#1981 = EDGE_CURVE('',#1982,#1956,#1984,.T.);
#1982 = VERTEX_POINT('',#1983);
#1983 = CARTESIAN_POINT('',(2.1,12.5,14.966629547096));
#1984 = SURFACE_CURVE('',#1985,(#2008,#2034),.PCURVE_S1.);
#1985 = B_SPLINE_CURVE_WITH_KNOTS('',5,(#1986,#1987,#1988,#1989,#1990,
    #1991,#1992,#1993,#1994,#1995,#1996,#1997,#1998,#1999,#2000,#2001,
    #2002,#2003,#2004,#2005,#2006,#2007),.UNSPECIFIED.,.F.,.F.,(6,4,4,4,
    4,6),(0.,0.357422342731,0.584205645909,0.671817043066,0.796638418506
    ,1.),.UNSPECIFIED.);
#1986 = CARTESIAN_POINT('',(2.1,12.5,14.966629547096));
#1987 = CARTESIAN_POINT('',(2.1,12.701292331143,14.798511927068));
#1988 = CARTESIAN_POINT('',(2.075881972347,12.898554327265,
    14.628015136965));
#1989 = CARTESIAN_POINT('',(2.029575646024,13.089209365192,
    14.457432711777));
#1990 = CARTESIAN_POINT('',(1.962647447105,13.271298236598,
    14.28911346991));
#1991 = CARTESIAN_POINT('',(1.821697704311,13.551792400099,
    14.022179435937));
#1992 = CARTESIAN_POINT('',(1.759172924117,13.656533626318,
    13.920502592651));
#1993 = CARTESIAN_POINT('',(1.689088204455,13.756753569899,
    13.821359643408));
#1994 = CARTESIAN_POINT('',(1.611624342982,13.851997048395,
    13.725474413949));
#1995 = CARTESIAN_POINT('',(1.494171486484,13.976388981091,
    13.598272284656));
#1996 = CARTESIAN_POINT('',(1.460358604756,14.010228972164,
    13.563442433348));
#1997 = CARTESIAN_POINT('',(1.425470613209,14.043212961278,
    13.52928104245));
#1998 = CARTESIAN_POINT('',(1.389515943163,14.075305156401,
    13.495844610939));
#1999 = CARTESIAN_POINT('',(1.299772264909,14.150861484215,
    13.416678203164));
#2000 = CARTESIAN_POINT('',(1.244887522359,14.193372322467,
    13.371752151377));
#2001 = CARTESIAN_POINT('',(1.187888027636,14.233873608583,
    13.328606759894));
#2002 = CARTESIAN_POINT('',(1.128816974202,14.272231951,13.287445738982)
  );
#2003 = CARTESIAN_POINT('',(0.96818585585,14.367077341498,
    13.185013145585));
#2004 = CARTESIAN_POINT('',(0.863137073932,14.419867252172,
    13.127294243513));
#2005 = CARTESIAN_POINT('',(0.753106338324,14.46581927769,
    13.076524790907));
#2006 = CARTESIAN_POINT('',(0.638705443952,14.504223771242,
    13.033784846126));
#2007 = CARTESIAN_POINT('',(0.520619016274,14.534442390409,
    12.999999399998));
#2008 = PCURVE('',#55,#2009);
#2009 = DEFINITIONAL_REPRESENTATION('',(#2010),#2033);
#2010 = B_SPLINE_CURVE_WITH_KNOTS('',5,(#2011,#2012,#2013,#2014,#2015,
    #2016,#2017,#2018,#2019,#2020,#2021,#2022,#2023,#2024,#2025,#2026,
    #2027,#2028,#2029,#2030,#2031,#2032),.UNSPECIFIED.,.F.,.F.,(6,4,4,4,
    4,6),(0.,0.357422342731,0.584205645909,0.671817043066,0.796638418506
    ,1.),.UNSPECIFIED.);
#2011 = CARTESIAN_POINT('',(5.587351479822,27.1));
#2012 = CARTESIAN_POINT('',(5.57390207022,27.1));
#2013 = CARTESIAN_POINT('',(5.560533091561,27.075881972347));
#2014 = CARTESIAN_POINT('',(5.547416237237,27.029575646024));
#2015 = CARTESIAN_POINT('',(5.534701300844,26.962647447105));
#2016 = CARTESIAN_POINT('',(5.514844432719,26.821697704311));
#2017 = CARTESIAN_POINT('',(5.507358868109,26.759172924117));
#2018 = CARTESIAN_POINT('',(5.500129888007,26.689088204455));
#2019 = CARTESIAN_POINT('',(5.49319937269,26.611624342982));
#2020 = CARTESIAN_POINT('',(5.484075528353,26.494171486484));
#2021 = CARTESIAN_POINT('',(5.481585184788,26.460358604756));
#2022 = CARTESIAN_POINT('',(5.479150007376,26.425470613209));
#2023 = CARTESIAN_POINT('',(5.476773325315,26.389515943163));
#2024 = CARTESIAN_POINT('',(5.471161260076,26.299772264909));
#2025 = CARTESIAN_POINT('',(5.467989453225,26.244887522359));
#2026 = CARTESIAN_POINT('',(5.464954781079,26.187888027636));
#2027 = CARTESIAN_POINT('',(5.462069483325,26.128816974202));
#2028 = CARTESIAN_POINT('',(5.454910522872,25.96818585585));
#2029 = CARTESIAN_POINT('',(5.450899357313,25.863137073932));
#2030 = CARTESIAN_POINT('',(5.447387744922,25.753106338324));
#2031 = CARTESIAN_POINT('',(5.444441104604,25.638705443952));
#2032 = CARTESIAN_POINT('',(5.44211659533,25.520619016274));
#2033 = ( GEOMETRIC_REPRESENTATION_CONTEXT(2) 
PARAMETRIC_REPRESENTATION_CONTEXT() REPRESENTATION_CONTEXT('2D SPACE',''
  ) );
#2034 = PCURVE('',#2035,#2040);
#2035 = CYLINDRICAL_SURFACE('',#2036,2.1);
#2036 = AXIS2_PLACEMENT_3D('',#2037,#2038,#2039);
#2037 = CARTESIAN_POINT('',(0.,12.5,13.));
#2038 = DIRECTION('',(0.,0.,1.));
#2039 = DIRECTION('',(1.,0.,-0.));
#2040 = DEFINITIONAL_REPRESENTATION('',(#2041),#2064);
#2041 = B_SPLINE_CURVE_WITH_KNOTS('',5,(#2042,#2043,#2044,#2045,#2046,
    #2047,#2048,#2049,#2050,#2051,#2052,#2053,#2054,#2055,#2056,#2057,
    #2058,#2059,#2060,#2061,#2062,#2063),.UNSPECIFIED.,.F.,.F.,(6,4,4,4,
    4,6),(0.,0.357422342731,0.584205645909,0.671817043066,0.796638418506
    ,1.),.UNSPECIFIED.);
#2042 = CARTESIAN_POINT('',(0.,1.966629547096));
#2043 = CARTESIAN_POINT('',(9.58534910207E-02,1.798511927068));
#2044 = CARTESIAN_POINT('',(0.189788638214,1.628015136965));
#2045 = CARTESIAN_POINT('',(0.28240738514,1.457432711777));
#2046 = CARTESIAN_POINT('',(0.374193852605,1.28911346991));
#2047 = CARTESIAN_POINT('',(0.523678079813,1.022179435937));
#2048 = CARTESIAN_POINT('',(0.581612937091,0.920502592651));
#2049 = CARTESIAN_POINT('',(0.639647629669,0.821359643408));
#2050 = CARTESIAN_POINT('',(0.69794899856,0.725474413949));
#2051 = CARTESIAN_POINT('',(0.779415887929,0.598272284656));
#2052 = CARTESIAN_POINT('',(0.802186712757,0.563442433347));
#2053 = CARTESIAN_POINT('',(0.825036930697,0.52928104245));
#2054 = CARTESIAN_POINT('',(0.847976817342,0.495844610939));
#2055 = CARTESIAN_POINT('',(0.903840853898,0.416678203164));
#2056 = CARTESIAN_POINT('',(0.936871949512,0.371752151377));
#2057 = CARTESIAN_POINT('',(0.970130390537,0.328606759894));
#2058 = CARTESIAN_POINT('',(1.003639496469,0.287445738982));
#2059 = CARTESIAN_POINT('',(1.092469130707,0.185013145585));
#2060 = CARTESIAN_POINT('',(1.148325057226,0.127294243517));
#2061 = CARTESIAN_POINT('',(1.204916498495,7.652479090067E-02));
#2062 = CARTESIAN_POINT('',(1.262226441485,3.378484612858E-02));
#2063 = CARTESIAN_POINT('',(1.320270074588,-6.E-07));
#2064 = ( GEOMETRIC_REPRESENTATION_CONTEXT(2) 
PARAMETRIC_REPRESENTATION_CONTEXT() REPRESENTATION_CONTEXT('2D SPACE',''
  ) );
#2065 = ORIENTED_EDGE('',*,*,#2066,.F.);
#2066 = EDGE_CURVE('',#2067,#1982,#2069,.T.);
#2067 = VERTEX_POINT('',#2068);
#2068 = CARTESIAN_POINT('',(2.099617788891,12.459935794377,15.));
#2069 = SURFACE_CURVE('',#2070,(#2137,#2207),.PCURVE_S1.);
#2070 = B_SPLINE_CURVE_WITH_KNOTS('',5,(#2071,#2072,#2073,#2074,#2075,
    #2076,#2077,#2078,#2079,#2080,#2081,#2082,#2083,#2084,#2085,#2086,
    #2087,#2088,#2089,#2090,#2091,#2092,#2093,#2094,#2095,#2096,#2097,
    #2098,#2099,#2100,#2101,#2102,#2103,#2104,#2105,#2106,#2107,#2108,
    #2109,#2110,#2111,#2112,#2113,#2114,#2115,#2116,#2117,#2118,#2119,
    #2120,#2121,#2122,#2123,#2124,#2125,#2126,#2127,#2128,#2129,#2130,
    #2131,#2132,#2133,#2134,#2135,#2136),.UNSPECIFIED.,.F.,.F.,(6,4,4,4,
    4,4,4,4,4,4,4,4,4,4,4,4,6),(0.,6.375422260028E-02,0.130504042357,
    0.200792611075,0.29501374364,0.340567694524,0.409644354453,
    0.470576289153,0.528700179581,0.591001685941,0.656704545755,
    0.723669115529,0.756038725842,0.787013286311,0.843194954969,
    0.910391011423,1.),.UNSPECIFIED.);
#2071 = CARTESIAN_POINT('',(-0.520619016231,14.53444239042,
    12.999999399991));
#2072 = CARTESIAN_POINT('',(-0.638539748228,14.504266173205,
    13.033737439293));
#2073 = CARTESIAN_POINT('',(-0.752785704307,14.46592693074,
    13.076404985037));
#2074 = CARTESIAN_POINT('',(-0.862674754121,14.420060287082,
    13.127080972507));
#2075 = CARTESIAN_POINT('',(-0.967597200143,14.367372993888,
    13.184689877103));
#2076 = CARTESIAN_POINT('',(-1.171123372639,14.247305931341,
    13.314369850788));
#2077 = CARTESIAN_POINT('',(-1.269314431825,14.17928445909,
    13.387066565347));
#2078 = CARTESIAN_POINT('',(-1.361407431202,14.105341042531,
    13.465074695706));
#2079 = CARTESIAN_POINT('',(-1.447238864314,14.026066576041,
    13.547469222145));
#2080 = CARTESIAN_POINT('',(-1.610300347723,13.853428444162,
    13.724014017247));
#2081 = CARTESIAN_POINT('',(-1.686865642964,13.759506540207,
    13.818590723174));
#2082 = CARTESIAN_POINT('',(-1.756244234125,13.660729513086,
    13.916352961173));
#2083 = CARTESIAN_POINT('',(-1.818263241082,13.557535955208,
    14.016602976339));
#2084 = CARTESIAN_POINT('',(-1.945637120645,13.306527046081,
    14.255727360307));
#2085 = CARTESIAN_POINT('',(-2.004974538961,13.155407268777,
    14.396201343716));
#2086 = CARTESIAN_POINT('',(-2.049969214306,12.998027263329,
    14.538604958908));
#2087 = CARTESIAN_POINT('',(-2.079737533149,12.835482124344,
    14.681562913908));
#2088 = CARTESIAN_POINT('',(-2.099677500809,12.588689899453,
    14.892484051565));
#2089 = CARTESIAN_POINT('',(-2.102357945559,12.507387322493,
    14.961025461404));
#2090 = CARTESIAN_POINT('',(-2.10109516201,12.425424460902,
    15.029167945244));
#2091 = CARTESIAN_POINT('',(-2.095774410992,12.343027950248,
    15.096719535422));
#2092 = CARTESIAN_POINT('',(-2.071911324496,12.135207502592,
    15.264752706859));
#2093 = CARTESIAN_POINT('',(-2.047952642643,12.009469092787,
    15.364280549343));
#2094 = CARTESIAN_POINT('',(-2.014064062597,11.884353593387,
    15.461202778488));
#2095 = CARTESIAN_POINT('',(-1.970107624447,11.761041435137,
    15.554754616538));
#2096 = CARTESIAN_POINT('',(-1.868571518237,11.534615842146,
    15.723235482579));
#2097 = CARTESIAN_POINT('',(-1.813230178219,11.430881904939,
    15.799024843255));
#2098 = CARTESIAN_POINT('',(-1.750273234797,11.330513255175,
    15.871072847428));
#2099 = CARTESIAN_POINT('',(-1.680045790041,11.234442247219,
    15.938933052727));
#2100 = CARTESIAN_POINT('',(-1.52969706889,11.056760802628,
    16.062665230326));
#2101 = CARTESIAN_POINT('',(-1.450201607316,10.9747124299,
    16.118928476652));
#2102 = CARTESIAN_POINT('',(-1.365077149369,10.898056286946,
    16.170769540896));
#2103 = CARTESIAN_POINT('',(-1.274925278279,10.827395367859,
    16.217997281692));
#2104 = CARTESIAN_POINT('',(-1.079246278609,10.694394798325,
    16.306033505673));
#2105 = CARTESIAN_POINT('',(-0.973083213453,10.633020549726,
    16.346135084228));
#2106 = CARTESIAN_POINT('',(-0.862750512554,10.579558718308,
    16.380709721947));
#2107 = CARTESIAN_POINT('',(-0.749081215517,10.534369086972,
    16.409721654705));
#2108 = CARTESIAN_POINT('',(-0.510531876784,10.458959095548,
    16.457894283704));
#2109 = CARTESIAN_POINT('',(-0.385349500347,10.429681368615,
    16.476436642328));
#2110 = CARTESIAN_POINT('',(-0.258331797032,10.410043582262,
    16.488818371079));
#2111 = CARTESIAN_POINT('',(-0.130395774427,10.400151911038,
    16.49505502443));
#2112 = CARTESIAN_POINT('',(0.127912591404,10.399848104596,
    16.495246570882));
#2113 = CARTESIAN_POINT('',(0.258328168307,10.409813643779,
    16.48896333629));
#2114 = CARTESIAN_POINT('',(0.387793311816,10.42990515459,
    16.476296853997));
#2115 = CARTESIAN_POINT('',(0.515336851643,10.460009587463,
    16.457230645595));
#2116 = CARTESIAN_POINT('',(0.700264548969,10.519183791668,
    16.419418260437));
#2117 = CARTESIAN_POINT('',(0.7598469451,10.540751049085,16.405596971327
    ));
#2118 = CARTESIAN_POINT('',(0.818635931041,10.564574700774,
    16.39027483957));
#2119 = CARTESIAN_POINT('',(0.876515774643,10.590615771427,
    16.373453781585));
#2120 = CARTESIAN_POINT('',(0.987772401784,10.645817160367,
    16.337613434793));
#2121 = CARTESIAN_POINT('',(1.04123603348,10.674794452421,
    16.318720393455));
#2122 = CARTESIAN_POINT('',(1.093656789189,10.705712146091,
    16.298464444962));
#2123 = CARTESIAN_POINT('',(1.144932535037,10.738514547763,
    16.27685566561));
#2124 = CARTESIAN_POINT('',(1.28570635685,10.835927690522,
    16.212289976567));
#2125 = CARTESIAN_POINT('',(1.372379723383,10.904719112944,
    16.166258366553));
#2126 = CARTESIAN_POINT('',(1.454327312981,10.979075201442,
    16.115929823369));
#2127 = CARTESIAN_POINT('',(1.531009656917,11.058449853454,
    16.06147892457));
#2128 = CARTESIAN_POINT('',(1.68692184261,11.242405783013,
    15.933399389265));
#2129 = CARTESIAN_POINT('',(1.763671893414,11.348840553744,
    15.858129995465));
#2130 = CARTESIAN_POINT('',(1.831521531643,11.460401548297,
    15.777811259698));
#2131 = CARTESIAN_POINT('',(1.89003744593,11.575832629672,
    15.693050598354));
#2132 = CARTESIAN_POINT('',(2.004504702465,11.851158196776,
    15.48672681011));
#2133 = CARTESIAN_POINT('',(2.053014443197,12.012857994015,
    15.36245595753));
#2134 = CARTESIAN_POINT('',(2.084671075752,12.176429864857,
    15.233222131154));
#2135 = CARTESIAN_POINT('',(2.1,12.33952676914,15.100655406388));
#2136 = CARTESIAN_POINT('',(2.1,12.5,14.966629547096));
#2137 = PCURVE('',#55,#2138);
#2138 = DEFINITIONAL_REPRESENTATION('',(#2139),#2206);
#2139 = B_SPLINE_CURVE_WITH_KNOTS('',5,(#2140,#2141,#2142,#2143,#2144,
    #2145,#2146,#2147,#2148,#2149,#2150,#2151,#2152,#2153,#2154,#2155,
    #2156,#2157,#2158,#2159,#2160,#2161,#2162,#2163,#2164,#2165,#2166,
    #2167,#2168,#2169,#2170,#2171,#2172,#2173,#2174,#2175,#2176,#2177,
    #2178,#2179,#2180,#2181,#2182,#2183,#2184,#2185,#2186,#2187,#2188,
    #2189,#2190,#2191,#2192,#2193,#2194,#2195,#2196,#2197,#2198,#2199,
    #2200,#2201,#2202,#2203,#2204,#2205),.UNSPECIFIED.,.F.,.F.,(6,4,4,4,
    4,4,4,4,4,4,4,4,4,4,4,4,6),(0.,6.375422260028E-02,0.130504042357,
    0.200792611075,0.29501374364,0.340567694524,0.409644354453,
    0.470576289153,0.528700179581,0.591001685941,0.656704545755,
    0.723669115529,0.756038725842,0.787013286311,0.843194954969,
    0.910391011423,1.),.UNSPECIFIED.);
#2140 = CARTESIAN_POINT('',(5.442116595329,24.479380983769));
#2141 = CARTESIAN_POINT('',(5.444437842914,24.361460251772));
#2142 = CARTESIAN_POINT('',(5.447379485084,24.247214295693));
#2143 = CARTESIAN_POINT('',(5.450884605802,24.137325245879));
#2144 = CARTESIAN_POINT('',(5.454888057726,24.032402799857));
#2145 = CARTESIAN_POINT('',(5.463951062423,23.828876627361));
#2146 = CARTESIAN_POINT('',(5.469056514882,23.730685568175));
#2147 = CARTESIAN_POINT('',(5.474568360963,23.638592568798));
#2148 = CARTESIAN_POINT('',(5.480431681632,23.552761135686));
#2149 = CARTESIAN_POINT('',(5.493094505637,23.389699652277));
#2150 = CARTESIAN_POINT('',(5.499929658884,23.313134357036));
#2151 = CARTESIAN_POINT('',(5.507056255352,23.243755765875));
#2152 = CARTESIAN_POINT('',(5.514433922404,23.181736758918));
#2153 = CARTESIAN_POINT('',(5.532212304143,23.054362879355));
#2154 = CARTESIAN_POINT('',(5.542792297698,22.995025461039));
#2155 = CARTESIAN_POINT('',(5.55367517333,22.950030785694));
#2156 = CARTESIAN_POINT('',(5.564774918592,22.920262466851));
#2157 = CARTESIAN_POINT('',(5.581423360587,22.900322499191));
#2158 = CARTESIAN_POINT('',(5.586876527973,22.897642054441));
#2159 = CARTESIAN_POINT('',(5.59234248578,22.89890483799));
#2160 = CARTESIAN_POINT('',(5.5978063394,22.904225589008));
#2161 = CARTESIAN_POINT('',(5.611511652072,22.928088675504));
#2162 = CARTESIAN_POINT('',(5.619734896329,22.952047357357));
#2163 = CARTESIAN_POINT('',(5.627850466255,22.985935937403));
#2164 = CARTESIAN_POINT('',(5.6357877225,23.029892375553));
#2165 = CARTESIAN_POINT('',(5.650261108389,23.131428481763));
#2166 = CARTESIAN_POINT('',(5.656849104244,23.186769821781));
#2167 = CARTESIAN_POINT('',(5.663184767028,23.249726765203));
#2168 = CARTESIAN_POINT('',(5.669216467626,23.319954209959));
#2169 = CARTESIAN_POINT('',(5.680319990712,23.47030293111));
#2170 = CARTESIAN_POINT('',(5.68542171026,23.549798392684));
#2171 = CARTESIAN_POINT('',(5.690167245819,23.634922850631));
#2172 = CARTESIAN_POINT('',(5.694525702134,23.725074721721));
#2173 = CARTESIAN_POINT('',(5.702705073281,23.920753721391));
#2174 = CARTESIAN_POINT('',(5.706464696344,24.026916786547));
#2175 = CARTESIAN_POINT('',(5.709729677997,24.137249487446));
#2176 = CARTESIAN_POINT('',(5.71248356714,24.250918784483));
#2177 = CARTESIAN_POINT('',(5.717072456615,24.489468123216));
#2178 = CARTESIAN_POINT('',(5.718849649425,24.614650499653));
#2179 = CARTESIAN_POINT('',(5.720040180545,24.741668202968));
#2180 = CARTESIAN_POINT('',(5.720639853199,24.869604225573));
#2181 = CARTESIAN_POINT('',(5.720658271125,25.127912591404));
#2182 = CARTESIAN_POINT('',(5.720054120168,25.258328168307));
#2183 = CARTESIAN_POINT('',(5.718836118071,25.387793311816));
#2184 = CARTESIAN_POINT('',(5.717008736555,25.515336851643));
#2185 = CARTESIAN_POINT('',(5.713407523043,25.700264548969));
#2186 = CARTESIAN_POINT('',(5.712093887669,25.7598469451));
#2187 = CARTESIAN_POINT('',(5.710641301302,25.818635931041));
#2188 = CARTESIAN_POINT('',(5.709051491135,25.876515774643));
#2189 = CARTESIAN_POINT('',(5.705676320241,25.987772401784));
#2190 = CARTESIAN_POINT('',(5.703902356725,26.04123603348));
#2191 = CARTESIAN_POINT('',(5.702006864581,26.093656789189));
#2192 = CARTESIAN_POINT('',(5.699992501228,26.144932535037));
#2193 = CARTESIAN_POINT('',(5.693999288195,26.28570635685));
#2194 = CARTESIAN_POINT('',(5.68975462162,26.372379723383));
#2195 = CARTESIAN_POINT('',(5.685150234583,26.454327312981));
#2196 = CARTESIAN_POINT('',(5.680214143962,26.531009656917));
#2197 = CARTESIAN_POINT('',(5.668719165911,26.68692184261));
#2198 = CARTESIAN_POINT('',(5.662034193011,26.763671893414));
#2199 = CARTESIAN_POINT('',(5.654985021203,26.831521531643));
#2200 = CARTESIAN_POINT('',(5.647641340286,26.89003744593));
#2201 = CARTESIAN_POINT('',(5.629997506767,27.004504702465));
#2202 = CARTESIAN_POINT('',(5.619539997211,27.053014443197));
#2203 = CARTESIAN_POINT('',(5.608850915871,27.084671075752));
#2204 = CARTESIAN_POINT('',(5.598073548566,27.1));
#2205 = CARTESIAN_POINT('',(5.587351479822,27.1));
#2206 = ( GEOMETRIC_REPRESENTATION_CONTEXT(2) 
PARAMETRIC_REPRESENTATION_CONTEXT() REPRESENTATION_CONTEXT('2D SPACE',''
  ) );
#2207 = PCURVE('',#1880,#2208);
#2208 = DEFINITIONAL_REPRESENTATION('',(#2209),#2276);
#2209 = B_SPLINE_CURVE_WITH_KNOTS('',5,(#2210,#2211,#2212,#2213,#2214,
    #2215,#2216,#2217,#2218,#2219,#2220,#2221,#2222,#2223,#2224,#2225,
    #2226,#2227,#2228,#2229,#2230,#2231,#2232,#2233,#2234,#2235,#2236,
    #2237,#2238,#2239,#2240,#2241,#2242,#2243,#2244,#2245,#2246,#2247,
    #2248,#2249,#2250,#2251,#2252,#2253,#2254,#2255,#2256,#2257,#2258,
    #2259,#2260,#2261,#2262,#2263,#2264,#2265,#2266,#2267,#2268,#2269,
    #2270,#2271,#2272,#2273,#2274,#2275),.UNSPECIFIED.,.F.,.F.,(6,4,4,4,
    4,4,4,4,4,4,4,4,4,4,4,4,6),(0.,6.375422260028E-02,0.130504042357,
    0.200792611075,0.29501374364,0.340567694524,0.409644354453,
    0.470576289153,0.528700179581,0.591001685941,0.656704545755,
    0.723669115529,0.756038725842,0.787013286311,0.843194954969,
    0.910391011423,1.),.UNSPECIFIED.);
#2210 = CARTESIAN_POINT('',(1.821322578981,-6.E-07));
#2211 = CARTESIAN_POINT('',(1.879284766828,3.37374393017E-02));
#2212 = CARTESIAN_POINT('',(1.936515528529,7.640498501514E-02));
#2213 = CARTESIAN_POINT('',(1.993029819924,0.127080972519));
#2214 = CARTESIAN_POINT('',(2.048810560945,0.184689877103));
#2215 = CARTESIAN_POINT('',(2.161335692831,0.314369850788));
#2216 = CARTESIAN_POINT('',(2.218066029253,0.387066565347));
#2217 = CARTESIAN_POINT('',(2.274124892757,0.465074695706));
#2218 = CARTESIAN_POINT('',(2.329633285887,0.547469222145));
#2219 = CARTESIAN_POINT('',(2.442715211871,0.724014017247));
#2220 = CARTESIAN_POINT('',(2.500264551295,0.818590723174));
#2221 = CARTESIAN_POINT('',(2.557551176146,0.916352961173));
#2222 = CARTESIAN_POINT('',(2.614735964838,1.016602976339));
#2223 = CARTESIAN_POINT('',(2.748772865074,1.255727360307));
#2224 = CARTESIAN_POINT('',(2.825731290878,1.396201343716));
#2225 = CARTESIAN_POINT('',(2.903200905,1.538604958908));
#2226 = CARTESIAN_POINT('',(2.981493797497,1.681562913908));
#2227 = CARTESIAN_POINT('',(3.099396871353,1.892484051565));
#2228 = CARTESIAN_POINT('',(3.138089499676,1.961025461404));
#2229 = CARTESIAN_POINT('',(3.177062295229,2.029167945244));
#2230 = CARTESIAN_POINT('',(3.216331712241,2.096719535423));
#2231 = CARTESIAN_POINT('',(3.315944096341,2.264752706859));
#2232 = CARTESIAN_POINT('',(3.376730116814,2.364280549343));
#2233 = CARTESIAN_POINT('',(3.438211633323,2.461202778488));
#2234 = CARTESIAN_POINT('',(3.500355872049,2.554754616538));
#2235 = CARTESIAN_POINT('',(3.618522258092,2.723235482579));
#2236 = CARTESIAN_POINT('',(3.674377968522,2.799024843255));
#2237 = CARTESIAN_POINT('',(3.730609037696,2.871072847428));
#2238 = CARTESIAN_POINT('',(3.787133817682,2.938933052727));
#2239 = CARTESIAN_POINT('',(3.897970088119,3.062665230326));
#2240 = CARTESIAN_POINT('',(3.952248292324,3.118928476652));
#2241 = CARTESIAN_POINT('',(4.006627681595,3.170769540896));
#2242 = CARTESIAN_POINT('',(4.061047009498,3.217997281692));
#2243 = CARTESIAN_POINT('',(4.173713537704,3.306033505673));
#2244 = CARTESIAN_POINT('',(4.231952778798,3.346135084228));
#2245 = CARTESIAN_POINT('',(4.290128483783,3.380709721947));
#2246 = CARTESIAN_POINT('',(4.348225470089,3.409721654705));
#2247 = CARTESIAN_POINT('',(4.467361107851,3.457894283704));
#2248 = CARTESIAN_POINT('',(4.528401722412,3.476436642328));
#2249 = CARTESIAN_POINT('',(4.589368310201,3.488818371079));
#2250 = CARTESIAN_POINT('',(4.650295712062,3.49505502443));
#2251 = CARTESIAN_POINT('',(4.773299780867,3.495246570882));
#2252 = CARTESIAN_POINT('',(4.835396799319,3.48896333629));
#2253 = CARTESIAN_POINT('',(4.897534246001,3.476296853997));
#2254 = CARTESIAN_POINT('',(4.959748925008,3.457230645595));
#2255 = CARTESIAN_POINT('',(5.052208194317,3.419418260437));
#2256 = CARTESIAN_POINT('',(5.082360943406,3.405596971327));
#2257 = CARTESIAN_POINT('',(5.112538407243,3.39027483957));
#2258 = CARTESIAN_POINT('',(5.142739754142,3.373453781585));
#2259 = CARTESIAN_POINT('',(5.201881826109,3.337613434793));
#2260 = CARTESIAN_POINT('',(5.230820772715,3.318720393455));
#2261 = CARTESIAN_POINT('',(5.259776090393,3.298464444962));
#2262 = CARTESIAN_POINT('',(5.28874292581,3.27685566561));
#2263 = CARTESIAN_POINT('',(5.370262770632,3.212289976567));
#2264 = CARTESIAN_POINT('',(5.422842432368,3.166258366553));
#2265 = CARTESIAN_POINT('',(5.475381864544,3.115929823369));
#2266 = CARTESIAN_POINT('',(5.527825595371,3.06147892457));
#2267 = CARTESIAN_POINT('',(5.642654062205,2.933399389265));
#2268 = CARTESIAN_POINT('',(5.704948613262,2.858129995465));
#2269 = CARTESIAN_POINT('',(5.766874851866,2.777811259698));
#2270 = CARTESIAN_POINT('',(5.828327457937,2.693050598354));
#2271 = CARTESIAN_POINT('',(5.970314427349,2.48672681011));
#2272 = CARTESIAN_POINT('',(6.050282539459,2.36245595753));
#2273 = CARTESIAN_POINT('',(6.129104494802,2.233222131154));
#2274 = CARTESIAN_POINT('',(6.20676948296,2.100655406388));
#2275 = CARTESIAN_POINT('',(6.28318530718,1.966629547096));
#2276 = ( GEOMETRIC_REPRESENTATION_CONTEXT(2) 
PARAMETRIC_REPRESENTATION_CONTEXT() REPRESENTATION_CONTEXT('2D SPACE',''
  ) );
#2277 = ORIENTED_EDGE('',*,*,#2278,.T.);
#2278 = EDGE_CURVE('',#2067,#2279,#2281,.T.);
#2279 = VERTEX_POINT('',#2280);
#2280 = CARTESIAN_POINT('',(20.,12.459935794377,15.));
#2281 = SURFACE_CURVE('',#2282,(#2286,#2292),.PCURVE_S1.);
#2282 = LINE('',#2283,#2284);
#2283 = CARTESIAN_POINT('',(-25.,12.459935794377,15.));
#2284 = VECTOR('',#2285,1.);
#2285 = DIRECTION('',(1.,0.,0.));
#2286 = PCURVE('',#55,#2287);
#2287 = DEFINITIONAL_REPRESENTATION('',(#2288),#2291);
#2288 = B_SPLINE_CURVE_WITH_KNOTS('',1,(#2289,#2290),.UNSPECIFIED.,.F.,
  .F.,(2,2),(1.,49.),.PIECEWISE_BEZIER_KNOTS.);
#2289 = CARTESIAN_POINT('',(5.590025399603,1.));
#2290 = CARTESIAN_POINT('',(5.590025399603,49.));
#2291 = ( GEOMETRIC_REPRESENTATION_CONTEXT(2) 
PARAMETRIC_REPRESENTATION_CONTEXT() REPRESENTATION_CONTEXT('2D SPACE',''
  ) );
#2292 = PCURVE('',#1727,#2293);
#2293 = DEFINITIONAL_REPRESENTATION('',(#2294),#2297);
#2294 = B_SPLINE_CURVE_WITH_KNOTS('',1,(#2295,#2296),.UNSPECIFIED.,.F.,
  .F.,(2,2),(1.,49.),.PIECEWISE_BEZIER_KNOTS.);
#2295 = CARTESIAN_POINT('',(-4.,32.459935794377));
#2296 = CARTESIAN_POINT('',(44.,32.459935794377));
#2297 = ( GEOMETRIC_REPRESENTATION_CONTEXT(2) 
PARAMETRIC_REPRESENTATION_CONTEXT() REPRESENTATION_CONTEXT('2D SPACE',''
  ) );
#2298 = ORIENTED_EDGE('',*,*,#2299,.T.);
#2299 = EDGE_CURVE('',#2279,#2300,#2302,.T.);
#2300 = VERTEX_POINT('',#2301);
#2301 = CARTESIAN_POINT('',(20.,7.5,18.));
#2302 = SURFACE_CURVE('',#2303,(#2308,#2315),.PCURVE_S1.);
#2303 = CIRCLE('',#2304,19.5);
#2304 = AXIS2_PLACEMENT_3D('',#2305,#2306,#2307);
#2305 = CARTESIAN_POINT('',(20.,0.,0.));
#2306 = DIRECTION('',(1.,0.,0.));
#2307 = DIRECTION('',(-0.,0.,1.));
#2308 = PCURVE('',#55,#2309);
#2309 = DEFINITIONAL_REPRESENTATION('',(#2310),#2314);
#2310 = LINE('',#2311,#2312);
#2311 = CARTESIAN_POINT('',(0.,45.));
#2312 = VECTOR('',#2313,1.);
#2313 = DIRECTION('',(1.,0.));
#2314 = ( GEOMETRIC_REPRESENTATION_CONTEXT(2) 
PARAMETRIC_REPRESENTATION_CONTEXT() REPRESENTATION_CONTEXT('2D SPACE',''
  ) );
#2315 = PCURVE('',#2316,#2321);
#2316 = PLANE('',#2317);
#2317 = AXIS2_PLACEMENT_3D('',#2318,#2319,#2320);
#2318 = CARTESIAN_POINT('',(20.,-20.,15.));
#2319 = DIRECTION('',(1.,0.,-0.));
#2320 = DIRECTION('',(0.,0.,1.));
#2321 = DEFINITIONAL_REPRESENTATION('',(#2322),#2326);
#2322 = CIRCLE('',#2323,19.5);
#2323 = AXIS2_PLACEMENT_2D('',#2324,#2325);
#2324 = CARTESIAN_POINT('',(-15.,-20.));
#2325 = DIRECTION('',(1.,0.));
#2326 = ( GEOMETRIC_REPRESENTATION_CONTEXT(2) 
PARAMETRIC_REPRESENTATION_CONTEXT() REPRESENTATION_CONTEXT('2D SPACE',''
  ) );
#2327 = ORIENTED_EDGE('',*,*,#2328,.F.);
#2328 = EDGE_CURVE('',#1684,#2300,#2329,.T.);
#2329 = SURFACE_CURVE('',#2330,(#2334,#2340),.PCURVE_S1.);
#2330 = LINE('',#2331,#2332);
#2331 = CARTESIAN_POINT('',(-25.,7.5,18.));
#2332 = VECTOR('',#2333,1.);
#2333 = DIRECTION('',(1.,0.,0.));
#2334 = PCURVE('',#55,#2335);
#2335 = DEFINITIONAL_REPRESENTATION('',(#2336),#2339);
#2336 = B_SPLINE_CURVE_WITH_KNOTS('',1,(#2337,#2338),.UNSPECIFIED.,.F.,
  .F.,(2,2),(1.,49.),.PIECEWISE_BEZIER_KNOTS.);
#2337 = CARTESIAN_POINT('',(5.88839418748,1.));
#2338 = CARTESIAN_POINT('',(5.88839418748,49.));
#2339 = ( GEOMETRIC_REPRESENTATION_CONTEXT(2) 
PARAMETRIC_REPRESENTATION_CONTEXT() REPRESENTATION_CONTEXT('2D SPACE',''
  ) );
#2340 = PCURVE('',#2341,#2346);
#2341 = PLANE('',#2342);
#2342 = AXIS2_PLACEMENT_3D('',#2343,#2344,#2345);
#2343 = CARTESIAN_POINT('',(-20.,-20.,18.));
#2344 = DIRECTION('',(0.,0.,1.));
#2345 = DIRECTION('',(1.,0.,-0.));
#2346 = DEFINITIONAL_REPRESENTATION('',(#2347),#2350);
#2347 = B_SPLINE_CURVE_WITH_KNOTS('',1,(#2348,#2349),.UNSPECIFIED.,.F.,
  .F.,(2,2),(1.,49.),.PIECEWISE_BEZIER_KNOTS.);
#2348 = CARTESIAN_POINT('',(-4.,27.5));
#2349 = CARTESIAN_POINT('',(44.,27.5));
#2350 = ( GEOMETRIC_REPRESENTATION_CONTEXT(2) 
PARAMETRIC_REPRESENTATION_CONTEXT() REPRESENTATION_CONTEXT('2D SPACE',''
  ) );
#2351 = ADVANCED_FACE('',(#2352),#90,.F.);
#2352 = FACE_BOUND('',#2353,.F.);
#2353 = EDGE_LOOP('',(#2354,#2355,#2378,#2475,#2565,#2566));
#2354 = ORIENTED_EDGE('',*,*,#21,.F.);
#2355 = ORIENTED_EDGE('',*,*,#2356,.F.);
#2356 = EDGE_CURVE('',#2357,#22,#2359,.T.);
#2357 = VERTEX_POINT('',#2358);
#2358 = CARTESIAN_POINT('',(14.6,1.885956070687E-15,17.5));
#2359 = SEAM_CURVE('',#2360,(#2364,#2371),.PCURVE_S1.);
#2360 = LINE('',#2361,#2362);
#2361 = CARTESIAN_POINT('',(14.6,-5.143516556419E-16,13.));
#2362 = VECTOR('',#2363,1.);
#2363 = DIRECTION('',(0.,0.,1.));
#2364 = PCURVE('',#90,#2365);
#2365 = DEFINITIONAL_REPRESENTATION('',(#2366),#2370);
#2366 = LINE('',#2367,#2368);
#2367 = CARTESIAN_POINT('',(6.28318530718,-0.));
#2368 = VECTOR('',#2369,1.);
#2369 = DIRECTION('',(0.,1.));
#2370 = ( GEOMETRIC_REPRESENTATION_CONTEXT(2) 
PARAMETRIC_REPRESENTATION_CONTEXT() REPRESENTATION_CONTEXT('2D SPACE',''
  ) );
#2371 = PCURVE('',#90,#2372);
#2372 = DEFINITIONAL_REPRESENTATION('',(#2373),#2377);
#2373 = LINE('',#2374,#2375);
#2374 = CARTESIAN_POINT('',(0.,-0.));
#2375 = VECTOR('',#2376,1.);
#2376 = DIRECTION('',(0.,1.));
#2377 = ( GEOMETRIC_REPRESENTATION_CONTEXT(2) 
PARAMETRIC_REPRESENTATION_CONTEXT() REPRESENTATION_CONTEXT('2D SPACE',''
  ) );
#2378 = ORIENTED_EDGE('',*,*,#2379,.T.);
#2379 = EDGE_CURVE('',#2357,#2380,#2382,.T.);
#2380 = VERTEX_POINT('',#2381);
#2381 = CARTESIAN_POINT('',(10.4,4.286263797016E-15,17.5));
#2382 = SURFACE_CURVE('',#2383,(#2410,#2440),.PCURVE_S1.);
#2383 = B_SPLINE_CURVE_WITH_KNOTS('',7,(#2384,#2385,#2386,#2387,#2388,
    #2389,#2390,#2391,#2392,#2393,#2394,#2395,#2396,#2397,#2398,#2399,
    #2400,#2401,#2402,#2403,#2404,#2405,#2406,#2407,#2408,#2409),
  .UNSPECIFIED.,.F.,.F.,(8,6,6,6,8),(0.,0.245379570902,0.500010360296,
    0.754654316971,1.),.UNSPECIFIED.);
#2384 = CARTESIAN_POINT('',(14.6,1.885956070687E-15,17.5));
#2385 = CARTESIAN_POINT('',(14.6,0.278976573799,17.5));
#2386 = CARTESIAN_POINT('',(14.55676270496,0.550443464712,
    17.494811385795));
#2387 = CARTESIAN_POINT('',(14.474474980885,0.806612631977,
    17.484937616827));
#2388 = CARTESIAN_POINT('',(14.358802540838,1.041021636161,
    17.471718068872));
#2389 = CARTESIAN_POINT('',(14.216827334057,1.24876251612,
    17.456982400741));
#2390 = CARTESIAN_POINT('',(14.056949367264,1.426949891897,
    17.442361697019));
#2391 = CARTESIAN_POINT('',(13.714219256206,1.729107129969,
    17.415052658955));
#2392 = CARTESIAN_POINT('',(13.526032280808,1.854919418256,
    17.402083822752));
#2393 = CARTESIAN_POINT('',(13.328676446431,1.953872035051,
    17.390988616158));
#2394 = CARTESIAN_POINT('',(13.125273541375,2.027157660671,
    17.38234790071));
#2395 = CARTESIAN_POINT('',(12.918142137249,2.075698732424,
    17.376480461309));
#2396 = CARTESIAN_POINT('',(12.709148453132,2.1,17.373543104387));
#2397 = CARTESIAN_POINT('',(12.290840731536,2.1,17.373543104387));
#2398 = CARTESIAN_POINT('',(12.081849216485,2.075696264206,
    17.37648075691));
#2399 = CARTESIAN_POINT('',(11.874723990645,2.027155452614,
    17.382348174968));
#2400 = CARTESIAN_POINT('',(11.671325307111,1.953872225847,
    17.390988539456));
#2401 = CARTESIAN_POINT('',(11.47396954806,1.854920973601,
    17.402083682568));
#2402 = CARTESIAN_POINT('',(11.285780780839,1.729107162628,
    17.415052656003));
#2403 = CARTESIAN_POINT('',(10.943082521249,1.426978005403,
    17.442359156114));
#2404 = CARTESIAN_POINT('',(10.783190798133,1.248792659489,
    17.456980242495));
#2405 = CARTESIAN_POINT('',(10.641188020097,1.041026265724,
    17.471718583516));
#2406 = CARTESIAN_POINT('',(10.52549876569,0.806575825504,
    17.484940759099));
#2407 = CARTESIAN_POINT('',(10.443216778242,0.550372495492,
    17.494813850928));
#2408 = CARTESIAN_POINT('',(10.4,0.278910395659,17.5));
#2409 = CARTESIAN_POINT('',(10.4,2.528895640239E-15,17.5));
#2410 = PCURVE('',#90,#2411);
#2411 = DEFINITIONAL_REPRESENTATION('',(#2412),#2439);
#2412 = B_SPLINE_CURVE_WITH_KNOTS('',7,(#2413,#2414,#2415,#2416,#2417,
    #2418,#2419,#2420,#2421,#2422,#2423,#2424,#2425,#2426,#2427,#2428,
    #2429,#2430,#2431,#2432,#2433,#2434,#2435,#2436,#2437,#2438),
  .UNSPECIFIED.,.F.,.F.,(8,6,6,6,8),(0.,0.245379570902,0.500010360296,
    0.754654316971,1.),.UNSPECIFIED.);
#2413 = CARTESIAN_POINT('',(0.,4.5));
#2414 = CARTESIAN_POINT('',(0.132845987523,4.5));
#2415 = CARTESIAN_POINT('',(0.262115841808,4.494811385794));
#2416 = CARTESIAN_POINT('',(0.387930780598,4.484937616827));
#2417 = CARTESIAN_POINT('',(0.510114460865,4.471718068872));
#2418 = CARTESIAN_POINT('',(0.628234842607,4.456982400741));
#2419 = CARTESIAN_POINT('',(0.741455701943,4.442361697019));
#2420 = CARTESIAN_POINT('',(0.959029900481,4.415052658955));
#2421 = CARTESIAN_POINT('',(1.065869215988,4.402083822752));
#2422 = CARTESIAN_POINT('',(1.169745967719,4.390988616158));
#2423 = CARTESIAN_POINT('',(1.271432891286,4.38234790071));
#2424 = CARTESIAN_POINT('',(1.37168117729,4.376480461309));
#2425 = CARTESIAN_POINT('',(1.471201825304,4.373543104387));
#2426 = CARTESIAN_POINT('',(1.670395978444,4.373543104387));
#2427 = CARTESIAN_POINT('',(1.76991557836,4.37648075691));
#2428 = CARTESIAN_POINT('',(1.870161209458,4.382348174968));
#2429 = CARTESIAN_POINT('',(1.971845966661,4.390988539456));
#2430 = CARTESIAN_POINT('',(2.0757223022,4.402083682568));
#2431 = CARTESIAN_POINT('',(2.182562729591,4.415052656003));
#2432 = CARTESIAN_POINT('',(2.40011670797,4.442359156114));
#2433 = CARTESIAN_POINT('',(2.513341845461,4.456980242495));
#2434 = CARTESIAN_POINT('',(2.631478954758,4.471718583517));
#2435 = CARTESIAN_POINT('',(2.753682088987,4.484940759099));
#2436 = CARTESIAN_POINT('',(2.879510613842,4.494813850928));
#2437 = CARTESIAN_POINT('',(3.008778179467,4.5));
#2438 = CARTESIAN_POINT('',(3.14159265359,4.5));
#2439 = ( GEOMETRIC_REPRESENTATION_CONTEXT(2) 
PARAMETRIC_REPRESENTATION_CONTEXT() REPRESENTATION_CONTEXT('2D SPACE',''
  ) );
#2440 = PCURVE('',#2441,#2446);
#2441 = CYLINDRICAL_SURFACE('',#2442,17.5);
#2442 = AXIS2_PLACEMENT_3D('',#2443,#2444,#2445);
#2443 = CARTESIAN_POINT('',(-26.,0.,0.));
#2444 = DIRECTION('',(1.,0.,0.));
#2445 = DIRECTION('',(-0.,0.,1.));
#2446 = DEFINITIONAL_REPRESENTATION('',(#2447),#2474);
#2447 = B_SPLINE_CURVE_WITH_KNOTS('',7,(#2448,#2449,#2450,#2451,#2452,
    #2453,#2454,#2455,#2456,#2457,#2458,#2459,#2460,#2461,#2462,#2463,
    #2464,#2465,#2466,#2467,#2468,#2469,#2470,#2471,#2472,#2473),
  .UNSPECIFIED.,.F.,.F.,(8,6,6,6,8),(0.,0.245379570902,0.500010360296,
    0.754654316971,1.),.UNSPECIFIED.);
#2448 = CARTESIAN_POINT('',(6.28318530718,40.6));
#2449 = CARTESIAN_POINT('',(6.267243788677,40.6));
#2450 = CARTESIAN_POINT('',(6.251731387517,40.55676270496));
#2451 = CARTESIAN_POINT('',(6.23708657379,40.474474980885));
#2452 = CARTESIAN_POINT('',(6.223673401315,40.358802540838));
#2453 = CARTESIAN_POINT('',(6.211773850275,40.216827334057));
#2454 = CARTESIAN_POINT('',(6.201557851212,40.056949367264));
#2455 = CARTESIAN_POINT('',(6.184221346837,39.714219256206));
#2456 = CARTESIAN_POINT('',(6.176994550637,39.526032280808));
#2457 = CARTESIAN_POINT('',(6.171304876937,39.328676446431));
#2458 = CARTESIAN_POINT('',(6.167088143324,39.125273541375));
#2459 = CARTESIAN_POINT('',(6.164294175732,38.918142137249));
#2460 = CARTESIAN_POINT('',(6.162895424785,38.709148453132));
#2461 = CARTESIAN_POINT('',(6.162895424785,38.290840731536));
#2462 = CARTESIAN_POINT('',(6.164294317765,38.081849216485));
#2463 = CARTESIAN_POINT('',(6.167088270496,37.874723990646));
#2464 = CARTESIAN_POINT('',(6.171304865584,37.671325307111));
#2465 = CARTESIAN_POINT('',(6.176994461428,37.47396954806));
#2466 = CARTESIAN_POINT('',(6.184221344963,37.285780780839));
#2467 = CARTESIAN_POINT('',(6.201556238178,36.943082521249));
#2468 = CARTESIAN_POINT('',(6.211772123504,36.783190798133));
#2469 = CARTESIAN_POINT('',(6.223673140592,36.641188020097));
#2470 = CARTESIAN_POINT('',(6.237088681982,36.52549876569));
#2471 = CARTESIAN_POINT('',(6.251735442915,36.443216778242));
#2472 = CARTESIAN_POINT('',(6.267247570285,36.4));
#2473 = CARTESIAN_POINT('',(6.28318530718,36.4));
#2474 = ( GEOMETRIC_REPRESENTATION_CONTEXT(2) 
PARAMETRIC_REPRESENTATION_CONTEXT() REPRESENTATION_CONTEXT('2D SPACE',''
  ) );
#2475 = ORIENTED_EDGE('',*,*,#2476,.T.);
#2476 = EDGE_CURVE('',#2380,#2357,#2477,.T.);
#2477 = SURFACE_CURVE('',#2478,(#2505,#2535),.PCURVE_S1.);
#2478 = B_SPLINE_CURVE_WITH_KNOTS('',7,(#2479,#2480,#2481,#2482,#2483,
    #2484,#2485,#2486,#2487,#2488,#2489,#2490,#2491,#2492,#2493,#2494,
    #2495,#2496,#2497,#2498,#2499,#2500,#2501,#2502,#2503,#2504),
  .UNSPECIFIED.,.F.,.F.,(8,6,6,6,8),(0.,0.24540477703,0.500053602937,
    0.754701678151,1.),.UNSPECIFIED.);
#2479 = CARTESIAN_POINT('',(10.4,4.440892098501E-16,17.5));
#2480 = CARTESIAN_POINT('',(10.4,-0.278976573798,17.5));
#2481 = CARTESIAN_POINT('',(10.44323729504,-0.550443464712,
    17.494811385795));
#2482 = CARTESIAN_POINT('',(10.525525019115,-0.806612631977,
    17.484937616827));
#2483 = CARTESIAN_POINT('',(10.641197459162,-1.041021636161,
    17.471718068872));
#2484 = CARTESIAN_POINT('',(10.783172665944,-1.24876251612,
    17.456982400741));
#2485 = CARTESIAN_POINT('',(10.943050632735,-1.426949891897,
    17.442361697019));
#2486 = CARTESIAN_POINT('',(11.285775178593,-1.729102223584,
    17.415053102395));
#2487 = CARTESIAN_POINT('',(11.473966868265,-1.854921194897,
    17.402083763922));
#2488 = CARTESIAN_POINT('',(11.671329416232,-1.953875280008,
    17.39098816491));
#2489 = CARTESIAN_POINT('',(11.874731027908,-2.027157302888,
    17.382347951026));
#2490 = CARTESIAN_POINT('',(12.081853333159,-2.075696099005,
    17.376480777517));
#2491 = CARTESIAN_POINT('',(12.290840114943,-2.1,17.373543104387));
#2492 = CARTESIAN_POINT('',(12.709159268464,-2.1,17.373543104387));
#2493 = CARTESIAN_POINT('',(12.918150783515,-2.075696264206,
    17.37648075691));
#2494 = CARTESIAN_POINT('',(13.125276009355,-2.027155452614,
    17.382348174968));
#2495 = CARTESIAN_POINT('',(13.328674692889,-1.953872225847,
    17.390988539456));
#2496 = CARTESIAN_POINT('',(13.52603045194,-1.854920973601,
    17.402083682568));
#2497 = CARTESIAN_POINT('',(13.714219219161,-1.729107162628,
    17.415052656003));
#2498 = CARTESIAN_POINT('',(14.056882297647,-1.427009021719,
    17.442356352853));
#2499 = CARTESIAN_POINT('',(14.216798716461,-1.248817483819,
    17.456978614632));
#2500 = CARTESIAN_POINT('',(14.358831843017,-1.041015563919,
    17.471720315956));
#2501 = CARTESIAN_POINT('',(14.474531956906,-0.806522255834,
    17.484944470151));
#2502 = CARTESIAN_POINT('',(14.556802737851,-0.550294779303,
    17.494816186878));
#2503 = CARTESIAN_POINT('',(14.6,-0.278847410624,17.5));
#2504 = CARTESIAN_POINT('',(14.6,-4.440892098501E-16,17.5));
#2505 = PCURVE('',#90,#2506);
#2506 = DEFINITIONAL_REPRESENTATION('',(#2507),#2534);
#2507 = B_SPLINE_CURVE_WITH_KNOTS('',7,(#2508,#2509,#2510,#2511,#2512,
    #2513,#2514,#2515,#2516,#2517,#2518,#2519,#2520,#2521,#2522,#2523,
    #2524,#2525,#2526,#2527,#2528,#2529,#2530,#2531,#2532,#2533),
  .UNSPECIFIED.,.F.,.F.,(8,6,6,6,8),(0.,0.24540477703,0.500053602937,
    0.754701678151,1.),.UNSPECIFIED.);
#2508 = CARTESIAN_POINT('',(3.14159265359,4.5));
#2509 = CARTESIAN_POINT('',(3.274438641113,4.5));
#2510 = CARTESIAN_POINT('',(3.403708495398,4.494811385795));
#2511 = CARTESIAN_POINT('',(3.529523434188,4.484937616827));
#2512 = CARTESIAN_POINT('',(3.651707114455,4.471718068872));
#2513 = CARTESIAN_POINT('',(3.769827496197,4.456982400741));
#2514 = CARTESIAN_POINT('',(3.883048355533,4.442361697019));
#2515 = CARTESIAN_POINT('',(4.100619021133,4.415053102395));
#2516 = CARTESIAN_POINT('',(4.207462114601,4.402083763922));
#2517 = CARTESIAN_POINT('',(4.311341570532,4.39098816491));
#2518 = CARTESIAN_POINT('',(4.413027462513,4.382347951026));
#2519 = CARTESIAN_POINT('',(4.513271678361,4.376480777517));
#2520 = CARTESIAN_POINT('',(4.612789035119,4.373543104387));
#2521 = CARTESIAN_POINT('',(4.811988632034,4.373543104387));
#2522 = CARTESIAN_POINT('',(4.91150823195,4.37648075691));
#2523 = CARTESIAN_POINT('',(5.011753863048,4.382348174968));
#2524 = CARTESIAN_POINT('',(5.11343862025,4.390988539456));
#2525 = CARTESIAN_POINT('',(5.21731495579,4.402083682568));
#2526 = CARTESIAN_POINT('',(5.324155383181,4.415052656003));
#2527 = CARTESIAN_POINT('',(5.541687027658,4.442356352853));
#2528 = CARTESIAN_POINT('',(5.654922946447,4.456978614632));
#2529 = CARTESIAN_POINT('',(5.773080781358,4.471720315956));
#2530 = CARTESIAN_POINT('',(5.895302812973,4.484944470151));
#2531 = CARTESIAN_POINT('',(6.02114028107,4.494816186878));
#2532 = CARTESIAN_POINT('',(6.15040082593,4.5));
#2533 = CARTESIAN_POINT('',(6.28318530718,4.5));
#2534 = ( GEOMETRIC_REPRESENTATION_CONTEXT(2) 
PARAMETRIC_REPRESENTATION_CONTEXT() REPRESENTATION_CONTEXT('2D SPACE',''
  ) );
#2535 = PCURVE('',#2441,#2536);
#2536 = DEFINITIONAL_REPRESENTATION('',(#2537),#2564);
#2537 = B_SPLINE_CURVE_WITH_KNOTS('',7,(#2538,#2539,#2540,#2541,#2542,
    #2543,#2544,#2545,#2546,#2547,#2548,#2549,#2550,#2551,#2552,#2553,
    #2554,#2555,#2556,#2557,#2558,#2559,#2560,#2561,#2562,#2563),
  .UNSPECIFIED.,.F.,.F.,(8,6,6,6,8),(0.,0.24540477703,0.500053602937,
    0.754701678151,1.),.UNSPECIFIED.);
#2538 = CARTESIAN_POINT('',(0.,36.4));
#2539 = CARTESIAN_POINT('',(1.594151850277E-02,36.4));
#2540 = CARTESIAN_POINT('',(3.145391966264E-02,36.44323729504));
#2541 = CARTESIAN_POINT('',(4.609873338926E-02,36.525525019115));
#2542 = CARTESIAN_POINT('',(5.951190586469E-02,36.641197459162));
#2543 = CARTESIAN_POINT('',(7.141145690481E-02,36.783172665944));
#2544 = CARTESIAN_POINT('',(8.16274559677E-02,36.943050632735));
#2545 = CARTESIAN_POINT('',(9.896367883474E-02,37.285775178593));
#2546 = CARTESIAN_POINT('',(0.106190857917,37.473966868265));
#2547 = CARTESIAN_POINT('',(0.111880617292,37.671329416231));
#2548 = CARTESIAN_POINT('',(0.116097143265,37.874731027908));
#2549 = CARTESIAN_POINT('',(0.118890979876,38.081853333159));
#2550 = CARTESIAN_POINT('',(0.120289882395,38.290840114943));
#2551 = CARTESIAN_POINT('',(0.120289882395,38.709159268464));
#2552 = CARTESIAN_POINT('',(0.118890989415,38.918150783515));
#2553 = CARTESIAN_POINT('',(0.116097036684,39.125276009354));
#2554 = CARTESIAN_POINT('',(0.111880441596,39.328674692889));
#2555 = CARTESIAN_POINT('',(0.106190845752,39.52603045194));
#2556 = CARTESIAN_POINT('',(9.896396221621E-02,39.714219219161));
#2557 = CARTESIAN_POINT('',(8.16308485868E-02,40.056882297647));
#2558 = CARTESIAN_POINT('',(7.14146048408E-02,40.216798716461));
#2559 = CARTESIAN_POINT('',(5.951154908641E-02,40.358831843016));
#2560 = CARTESIAN_POINT('',(4.609355908021E-02,40.474531956906));
#2561 = CARTESIAN_POINT('',(3.144542348769E-02,40.556802737851));
#2562 = CARTESIAN_POINT('',(1.593413774993E-02,40.6));
#2563 = CARTESIAN_POINT('',(0.,40.6));
#2564 = ( GEOMETRIC_REPRESENTATION_CONTEXT(2) 
PARAMETRIC_REPRESENTATION_CONTEXT() REPRESENTATION_CONTEXT('2D SPACE',''
  ) );
#2565 = ORIENTED_EDGE('',*,*,#2356,.T.);
#2566 = ORIENTED_EDGE('',*,*,#176,.F.);
#2567 = ADVANCED_FACE('',(#2568),#351,.F.);
#2568 = FACE_BOUND('',#2569,.F.);
#2569 = EDGE_LOOP('',(#2570,#2571,#2594,#2686,#2776,#2777));
#2570 = ORIENTED_EDGE('',*,*,#648,.F.);
#2571 = ORIENTED_EDGE('',*,*,#2572,.F.);
#2572 = EDGE_CURVE('',#2573,#267,#2575,.T.);
#2573 = VERTEX_POINT('',#2574);
#2574 = CARTESIAN_POINT('',(2.1,1.885956070687E-15,17.5));
#2575 = SEAM_CURVE('',#2576,(#2580,#2587),.PCURVE_S1.);
#2576 = LINE('',#2577,#2578);
#2577 = CARTESIAN_POINT('',(2.1,-5.143516556419E-16,-20.));
#2578 = VECTOR('',#2579,1.);
#2579 = DIRECTION('',(0.,0.,1.));
#2580 = PCURVE('',#351,#2581);
#2581 = DEFINITIONAL_REPRESENTATION('',(#2582),#2586);
#2582 = LINE('',#2583,#2584);
#2583 = CARTESIAN_POINT('',(6.28318530718,-0.));
#2584 = VECTOR('',#2585,1.);
#2585 = DIRECTION('',(0.,1.));
#2586 = ( GEOMETRIC_REPRESENTATION_CONTEXT(2) 
PARAMETRIC_REPRESENTATION_CONTEXT() REPRESENTATION_CONTEXT('2D SPACE',''
  ) );
#2587 = PCURVE('',#351,#2588);
#2588 = DEFINITIONAL_REPRESENTATION('',(#2589),#2593);
#2589 = LINE('',#2590,#2591);
#2590 = CARTESIAN_POINT('',(0.,-0.));
#2591 = VECTOR('',#2592,1.);
#2592 = DIRECTION('',(0.,1.));
#2593 = ( GEOMETRIC_REPRESENTATION_CONTEXT(2) 
PARAMETRIC_REPRESENTATION_CONTEXT() REPRESENTATION_CONTEXT('2D SPACE',''
  ) );
#2594 = ORIENTED_EDGE('',*,*,#2595,.T.);
#2595 = EDGE_CURVE('',#2573,#2596,#2598,.T.);
#2596 = VERTEX_POINT('',#2597);
#2597 = CARTESIAN_POINT('',(-2.1,4.286263797016E-15,17.5));
#2598 = SURFACE_CURVE('',#2599,(#2626,#2656),.PCURVE_S1.);
#2599 = B_SPLINE_CURVE_WITH_KNOTS('',7,(#2600,#2601,#2602,#2603,#2604,
    #2605,#2606,#2607,#2608,#2609,#2610,#2611,#2612,#2613,#2614,#2615,
    #2616,#2617,#2618,#2619,#2620,#2621,#2622,#2623,#2624,#2625),
  .UNSPECIFIED.,.F.,.F.,(8,6,6,6,8),(0.,0.245379570902,0.500010360296,
    0.754654316971,1.),.UNSPECIFIED.);
#2600 = CARTESIAN_POINT('',(2.1,1.885956070687E-15,17.5));
#2601 = CARTESIAN_POINT('',(2.1,0.278976573798,17.5));
#2602 = CARTESIAN_POINT('',(2.05676270496,0.550443464712,17.494811385795
    ));
#2603 = CARTESIAN_POINT('',(1.974474980883,0.806612631978,
    17.484937616826));
#2604 = CARTESIAN_POINT('',(1.85880254084,1.04102163616,17.471718068872)
  );
#2605 = CARTESIAN_POINT('',(1.716827334055,1.248762516121,
    17.456982400741));
#2606 = CARTESIAN_POINT('',(1.556949367265,1.426949891897,
    17.442361697019));
#2607 = CARTESIAN_POINT('',(1.214219256206,1.729107129969,
    17.415052658955));
#2608 = CARTESIAN_POINT('',(1.026032280809,1.854919418256,
    17.402083822752));
#2609 = CARTESIAN_POINT('',(0.82867644643,1.953872035052,17.390988616158
    ));
#2610 = CARTESIAN_POINT('',(0.625273541376,2.027157660671,17.38234790071
    ));
#2611 = CARTESIAN_POINT('',(0.418142137249,2.075698732424,
    17.376480461309));
#2612 = CARTESIAN_POINT('',(0.209148453132,2.1,17.373543104387));
#2613 = CARTESIAN_POINT('',(-0.209159268464,2.1,17.373543104387));
#2614 = CARTESIAN_POINT('',(-0.418150783515,2.075696264206,
    17.37648075691));
#2615 = CARTESIAN_POINT('',(-0.625276009355,2.027155452614,
    17.382348174968));
#2616 = CARTESIAN_POINT('',(-0.828674692889,1.953872225847,
    17.390988539456));
#2617 = CARTESIAN_POINT('',(-1.02603045194,1.854920973601,
    17.402083682568));
#2618 = CARTESIAN_POINT('',(-1.214219219161,1.729107162628,
    17.415052656003));
#2619 = CARTESIAN_POINT('',(-1.556917478751,1.426978005403,
    17.442359156114));
#2620 = CARTESIAN_POINT('',(-1.716809201867,1.248792659489,
    17.456980242495));
#2621 = CARTESIAN_POINT('',(-1.858811979903,1.041026265724,
    17.471718583516));
#2622 = CARTESIAN_POINT('',(-1.97450123431,0.806575825504,
    17.484940759099));
#2623 = CARTESIAN_POINT('',(-2.056783221757,0.550372495492,
    17.494813850928));
#2624 = CARTESIAN_POINT('',(-2.1,0.278910395659,17.5));
#2625 = CARTESIAN_POINT('',(-2.1,2.528895640239E-15,17.5));
#2626 = PCURVE('',#351,#2627);
#2627 = DEFINITIONAL_REPRESENTATION('',(#2628),#2655);
#2628 = B_SPLINE_CURVE_WITH_KNOTS('',7,(#2629,#2630,#2631,#2632,#2633,
    #2634,#2635,#2636,#2637,#2638,#2639,#2640,#2641,#2642,#2643,#2644,
    #2645,#2646,#2647,#2648,#2649,#2650,#2651,#2652,#2653,#2654),
  .UNSPECIFIED.,.F.,.F.,(8,6,6,6,8),(0.,0.245379570902,0.500010360296,
    0.754654316971,1.),.UNSPECIFIED.);
#2629 = CARTESIAN_POINT('',(0.,37.5));
#2630 = CARTESIAN_POINT('',(0.132845987523,37.5));
#2631 = CARTESIAN_POINT('',(0.262115841808,37.494811385795));
#2632 = CARTESIAN_POINT('',(0.387930780599,37.484937616826));
#2633 = CARTESIAN_POINT('',(0.510114460864,37.471718068872));
#2634 = CARTESIAN_POINT('',(0.628234842607,37.456982400741));
#2635 = CARTESIAN_POINT('',(0.741455701943,37.442361697019));
#2636 = CARTESIAN_POINT('',(0.959029900481,37.415052658955));
#2637 = CARTESIAN_POINT('',(1.065869215988,37.402083822752));
#2638 = CARTESIAN_POINT('',(1.16974596772,37.390988616158));
#2639 = CARTESIAN_POINT('',(1.271432891285,37.38234790071));
#2640 = CARTESIAN_POINT('',(1.37168117729,37.376480461309));
#2641 = CARTESIAN_POINT('',(1.471201825304,37.373543104387));
#2642 = CARTESIAN_POINT('',(1.670395978444,37.373543104387));
#2643 = CARTESIAN_POINT('',(1.76991557836,37.37648075691));
#2644 = CARTESIAN_POINT('',(1.870161209458,37.382348174968));
#2645 = CARTESIAN_POINT('',(1.97184596666,37.390988539456));
#2646 = CARTESIAN_POINT('',(2.0757223022,37.402083682568));
#2647 = CARTESIAN_POINT('',(2.182562729591,37.415052656003));
#2648 = CARTESIAN_POINT('',(2.40011670797,37.442359156114));
#2649 = CARTESIAN_POINT('',(2.513341845461,37.456980242495));
#2650 = CARTESIAN_POINT('',(2.631478954758,37.471718583516));
#2651 = CARTESIAN_POINT('',(2.753682088987,37.484940759099));
#2652 = CARTESIAN_POINT('',(2.879510613842,37.494813850928));
#2653 = CARTESIAN_POINT('',(3.008778179467,37.5));
#2654 = CARTESIAN_POINT('',(3.14159265359,37.5));
#2655 = ( GEOMETRIC_REPRESENTATION_CONTEXT(2) 
PARAMETRIC_REPRESENTATION_CONTEXT() REPRESENTATION_CONTEXT('2D SPACE',''
  ) );
#2656 = PCURVE('',#2441,#2657);
#2657 = DEFINITIONAL_REPRESENTATION('',(#2658),#2685);
#2658 = B_SPLINE_CURVE_WITH_KNOTS('',7,(#2659,#2660,#2661,#2662,#2663,
    #2664,#2665,#2666,#2667,#2668,#2669,#2670,#2671,#2672,#2673,#2674,
    #2675,#2676,#2677,#2678,#2679,#2680,#2681,#2682,#2683,#2684),
  .UNSPECIFIED.,.F.,.F.,(8,6,6,6,8),(0.,0.245379570902,0.500010360296,
    0.754654316971,1.),.UNSPECIFIED.);
#2659 = CARTESIAN_POINT('',(6.28318530718,28.1));
#2660 = CARTESIAN_POINT('',(6.267243788677,28.1));
#2661 = CARTESIAN_POINT('',(6.251731387517,28.05676270496));
#2662 = CARTESIAN_POINT('',(6.23708657379,27.974474980883));
#2663 = CARTESIAN_POINT('',(6.223673401315,27.85880254084));
#2664 = CARTESIAN_POINT('',(6.211773850275,27.716827334055));
#2665 = CARTESIAN_POINT('',(6.201557851212,27.556949367265));
#2666 = CARTESIAN_POINT('',(6.184221346837,27.214219256206));
#2667 = CARTESIAN_POINT('',(6.176994550637,27.026032280809));
#2668 = CARTESIAN_POINT('',(6.171304876937,26.82867644643));
#2669 = CARTESIAN_POINT('',(6.167088143324,26.625273541376));
#2670 = CARTESIAN_POINT('',(6.164294175732,26.418142137249));
#2671 = CARTESIAN_POINT('',(6.162895424785,26.209148453132));
#2672 = CARTESIAN_POINT('',(6.162895424785,25.790840731536));
#2673 = CARTESIAN_POINT('',(6.164294317765,25.581849216485));
#2674 = CARTESIAN_POINT('',(6.167088270496,25.374723990645));
#2675 = CARTESIAN_POINT('',(6.171304865584,25.171325307111));
#2676 = CARTESIAN_POINT('',(6.176994461428,24.97396954806));
#2677 = CARTESIAN_POINT('',(6.184221344963,24.785780780839));
#2678 = CARTESIAN_POINT('',(6.201556238178,24.443082521249));
#2679 = CARTESIAN_POINT('',(6.211772123504,24.283190798133));
#2680 = CARTESIAN_POINT('',(6.223673140592,24.141188020097));
#2681 = CARTESIAN_POINT('',(6.237088681982,24.02549876569));
#2682 = CARTESIAN_POINT('',(6.251735442915,23.943216778243));
#2683 = CARTESIAN_POINT('',(6.267247570285,23.9));
#2684 = CARTESIAN_POINT('',(6.28318530718,23.9));
#2685 = ( GEOMETRIC_REPRESENTATION_CONTEXT(2) 
PARAMETRIC_REPRESENTATION_CONTEXT() REPRESENTATION_CONTEXT('2D SPACE',''
  ) );
#2686 = ORIENTED_EDGE('',*,*,#2687,.T.);
#2687 = EDGE_CURVE('',#2596,#2573,#2688,.T.);
#2688 = SURFACE_CURVE('',#2689,(#2716,#2746),.PCURVE_S1.);
#2689 = B_SPLINE_CURVE_WITH_KNOTS('',7,(#2690,#2691,#2692,#2693,#2694,
    #2695,#2696,#2697,#2698,#2699,#2700,#2701,#2702,#2703,#2704,#2705,
    #2706,#2707,#2708,#2709,#2710,#2711,#2712,#2713,#2714,#2715),
  .UNSPECIFIED.,.F.,.F.,(8,6,6,6,8),(0.,0.245404777031,0.500053602939,
    0.754701678155,1.),.UNSPECIFIED.);
#2690 = CARTESIAN_POINT('',(-2.1,4.440892098501E-16,17.5));
#2691 = CARTESIAN_POINT('',(-2.1,-0.278976573798,17.5));
#2692 = CARTESIAN_POINT('',(-2.05676270496,-0.550443464713,
    17.494811385795));
#2693 = CARTESIAN_POINT('',(-1.974474980885,-0.806612631977,
    17.484937616827));
#2694 = CARTESIAN_POINT('',(-1.858802540838,-1.041021636161,
    17.471718068872));
#2695 = CARTESIAN_POINT('',(-1.716827334056,-1.24876251612,
    17.456982400741));
#2696 = CARTESIAN_POINT('',(-1.556949367264,-1.426949891897,
    17.442361697019));
#2697 = CARTESIAN_POINT('',(-1.214224821407,-1.729102223584,
    17.415053102395));
#2698 = CARTESIAN_POINT('',(-1.026033131735,-1.854921194897,
    17.402083763922));
#2699 = CARTESIAN_POINT('',(-0.828670583768,-1.953875280008,
    17.39098816491));
#2700 = CARTESIAN_POINT('',(-0.625268972092,-2.027157302888,
    17.382347951026));
#2701 = CARTESIAN_POINT('',(-0.418146666841,-2.075696099005,
    17.376480777517));
#2702 = CARTESIAN_POINT('',(-0.209159885057,-2.1,17.373543104387));
#2703 = CARTESIAN_POINT('',(0.209159268464,-2.1,17.373543104387));
#2704 = CARTESIAN_POINT('',(0.418150783515,-2.075696264206,
    17.37648075691));
#2705 = CARTESIAN_POINT('',(0.625276009355,-2.027155452614,
    17.382348174968));
#2706 = CARTESIAN_POINT('',(0.828674692889,-1.953872225847,
    17.390988539456));
#2707 = CARTESIAN_POINT('',(1.02603045194,-1.854920973601,
    17.402083682568));
#2708 = CARTESIAN_POINT('',(1.214219219161,-1.729107162628,
    17.415052656003));
#2709 = CARTESIAN_POINT('',(1.556882297644,-1.427009021722,
    17.442356352852));
#2710 = CARTESIAN_POINT('',(1.716798716463,-1.248817483819,
    17.456978614632));
#2711 = CARTESIAN_POINT('',(1.858831843018,-1.041015563918,
    17.471720315956));
#2712 = CARTESIAN_POINT('',(1.974531956907,-0.806522255829,
    17.484944470151));
#2713 = CARTESIAN_POINT('',(2.056802737849,-0.550294779304,
    17.494816186878));
#2714 = CARTESIAN_POINT('',(2.1,-0.278847410628,17.5));
#2715 = CARTESIAN_POINT('',(2.1,-4.440892098501E-16,17.5));
#2716 = PCURVE('',#351,#2717);
#2717 = DEFINITIONAL_REPRESENTATION('',(#2718),#2745);
#2718 = B_SPLINE_CURVE_WITH_KNOTS('',7,(#2719,#2720,#2721,#2722,#2723,
    #2724,#2725,#2726,#2727,#2728,#2729,#2730,#2731,#2732,#2733,#2734,
    #2735,#2736,#2737,#2738,#2739,#2740,#2741,#2742,#2743,#2744),
  .UNSPECIFIED.,.F.,.F.,(8,6,6,6,8),(0.,0.245404777031,0.500053602939,
    0.754701678155,1.),.UNSPECIFIED.);
#2719 = CARTESIAN_POINT('',(3.14159265359,37.5));
#2720 = CARTESIAN_POINT('',(3.274438641113,37.5));
#2721 = CARTESIAN_POINT('',(3.403708495398,37.494811385795));
#2722 = CARTESIAN_POINT('',(3.529523434188,37.484937616827));
#2723 = CARTESIAN_POINT('',(3.651707114455,37.471718068872));
#2724 = CARTESIAN_POINT('',(3.769827496197,37.456982400741));
#2725 = CARTESIAN_POINT('',(3.883048355533,37.442361697019));
#2726 = CARTESIAN_POINT('',(4.100619021133,37.415053102395));
#2727 = CARTESIAN_POINT('',(4.207462114601,37.402083763922));
#2728 = CARTESIAN_POINT('',(4.311341570532,37.39098816491));
#2729 = CARTESIAN_POINT('',(4.413027462513,37.382347951026));
#2730 = CARTESIAN_POINT('',(4.513271678361,37.376480777517));
#2731 = CARTESIAN_POINT('',(4.612789035119,37.373543104387));
#2732 = CARTESIAN_POINT('',(4.811988632034,37.373543104387));
#2733 = CARTESIAN_POINT('',(4.91150823195,37.37648075691));
#2734 = CARTESIAN_POINT('',(5.011753863048,37.382348174968));
#2735 = CARTESIAN_POINT('',(5.11343862025,37.390988539456));
#2736 = CARTESIAN_POINT('',(5.21731495579,37.402083682568));
#2737 = CARTESIAN_POINT('',(5.324155383181,37.415052656003));
#2738 = CARTESIAN_POINT('',(5.541687027656,37.442356352852));
#2739 = CARTESIAN_POINT('',(5.654922946448,37.456978614632));
#2740 = CARTESIAN_POINT('',(5.773080781358,37.471720315956));
#2741 = CARTESIAN_POINT('',(5.895302812975,37.484944470151));
#2742 = CARTESIAN_POINT('',(6.021140281069,37.494816186878));
#2743 = CARTESIAN_POINT('',(6.150400825928,37.5));
#2744 = CARTESIAN_POINT('',(6.28318530718,37.5));
#2745 = ( GEOMETRIC_REPRESENTATION_CONTEXT(2) 
PARAMETRIC_REPRESENTATION_CONTEXT() REPRESENTATION_CONTEXT('2D SPACE',''
  ) );
#2746 = PCURVE('',#2441,#2747);
#2747 = DEFINITIONAL_REPRESENTATION('',(#2748),#2775);
#2748 = B_SPLINE_CURVE_WITH_KNOTS('',7,(#2749,#2750,#2751,#2752,#2753,
    #2754,#2755,#2756,#2757,#2758,#2759,#2760,#2761,#2762,#2763,#2764,
    #2765,#2766,#2767,#2768,#2769,#2770,#2771,#2772,#2773,#2774),
  .UNSPECIFIED.,.F.,.F.,(8,6,6,6,8),(0.,0.245404777031,0.500053602939,
    0.754701678155,1.),.UNSPECIFIED.);
#2749 = CARTESIAN_POINT('',(0.,23.9));
#2750 = CARTESIAN_POINT('',(1.594151850277E-02,23.9));
#2751 = CARTESIAN_POINT('',(3.145391966265E-02,23.94323729504));
#2752 = CARTESIAN_POINT('',(4.609873338925E-02,24.025525019115));
#2753 = CARTESIAN_POINT('',(5.951190586469E-02,24.141197459162));
#2754 = CARTESIAN_POINT('',(7.141145690481E-02,24.283172665944));
#2755 = CARTESIAN_POINT('',(8.16274559677E-02,24.443050632736));
#2756 = CARTESIAN_POINT('',(9.896367883474E-02,24.785775178593));
#2757 = CARTESIAN_POINT('',(0.106190857917,24.973966868265));
#2758 = CARTESIAN_POINT('',(0.111880617292,25.171329416231));
#2759 = CARTESIAN_POINT('',(0.116097143265,25.374731027908));
#2760 = CARTESIAN_POINT('',(0.118890979876,25.581853333159));
#2761 = CARTESIAN_POINT('',(0.120289882395,25.790840114943));
#2762 = CARTESIAN_POINT('',(0.120289882395,26.209159268464));
#2763 = CARTESIAN_POINT('',(0.118890989415,26.418150783515));
#2764 = CARTESIAN_POINT('',(0.116097036684,26.625276009354));
#2765 = CARTESIAN_POINT('',(0.111880441596,26.828674692889));
#2766 = CARTESIAN_POINT('',(0.106190845752,27.02603045194));
#2767 = CARTESIAN_POINT('',(9.896396221621E-02,27.214219219161));
#2768 = CARTESIAN_POINT('',(8.163084858696E-02,27.556882297644));
#2769 = CARTESIAN_POINT('',(7.14146048408E-02,27.716798716463));
#2770 = CARTESIAN_POINT('',(5.951154908633E-02,27.858831843018));
#2771 = CARTESIAN_POINT('',(4.609355907996E-02,27.974531956908));
#2772 = CARTESIAN_POINT('',(3.144542348773E-02,28.056802737849));
#2773 = CARTESIAN_POINT('',(1.593413775016E-02,28.1));
#2774 = CARTESIAN_POINT('',(0.,28.1));
#2775 = ( GEOMETRIC_REPRESENTATION_CONTEXT(2) 
PARAMETRIC_REPRESENTATION_CONTEXT() REPRESENTATION_CONTEXT('2D SPACE',''
  ) );
#2776 = ORIENTED_EDGE('',*,*,#2572,.T.);
#2777 = ORIENTED_EDGE('',*,*,#289,.F.);
#2778 = ADVANCED_FACE('',(#2779),#471,.F.);
#2779 = FACE_BOUND('',#2780,.F.);
#2780 = EDGE_LOOP('',(#2781,#2782,#2805,#2897,#2987,#2988));
#2781 = ORIENTED_EDGE('',*,*,#557,.F.);
#2782 = ORIENTED_EDGE('',*,*,#2783,.F.);
#2783 = EDGE_CURVE('',#2784,#387,#2786,.T.);
#2784 = VERTEX_POINT('',#2785);
#2785 = CARTESIAN_POINT('',(-10.4,1.885956070687E-15,17.5));
#2786 = SEAM_CURVE('',#2787,(#2791,#2798),.PCURVE_S1.);
#2787 = LINE('',#2788,#2789);
#2788 = CARTESIAN_POINT('',(-10.4,-5.143516556419E-16,13.));
#2789 = VECTOR('',#2790,1.);
#2790 = DIRECTION('',(0.,0.,1.));
#2791 = PCURVE('',#471,#2792);
#2792 = DEFINITIONAL_REPRESENTATION('',(#2793),#2797);
#2793 = LINE('',#2794,#2795);
#2794 = CARTESIAN_POINT('',(6.28318530718,-0.));
#2795 = VECTOR('',#2796,1.);
#2796 = DIRECTION('',(0.,1.));
#2797 = ( GEOMETRIC_REPRESENTATION_CONTEXT(2) 
PARAMETRIC_REPRESENTATION_CONTEXT() REPRESENTATION_CONTEXT('2D SPACE',''
  ) );
#2798 = PCURVE('',#471,#2799);
#2799 = DEFINITIONAL_REPRESENTATION('',(#2800),#2804);
#2800 = LINE('',#2801,#2802);
#2801 = CARTESIAN_POINT('',(0.,-0.));
#2802 = VECTOR('',#2803,1.);
#2803 = DIRECTION('',(0.,1.));
#2804 = ( GEOMETRIC_REPRESENTATION_CONTEXT(2) 
PARAMETRIC_REPRESENTATION_CONTEXT() REPRESENTATION_CONTEXT('2D SPACE',''
  ) );
#2805 = ORIENTED_EDGE('',*,*,#2806,.T.);
#2806 = EDGE_CURVE('',#2784,#2807,#2809,.T.);
#2807 = VERTEX_POINT('',#2808);
#2808 = CARTESIAN_POINT('',(-14.6,4.286263797016E-15,17.5));
#2809 = SURFACE_CURVE('',#2810,(#2837,#2867),.PCURVE_S1.);
#2810 = B_SPLINE_CURVE_WITH_KNOTS('',7,(#2811,#2812,#2813,#2814,#2815,
    #2816,#2817,#2818,#2819,#2820,#2821,#2822,#2823,#2824,#2825,#2826,
    #2827,#2828,#2829,#2830,#2831,#2832,#2833,#2834,#2835,#2836),
  .UNSPECIFIED.,.F.,.F.,(8,6,6,6,8),(0.,0.245379565032,0.500010348334,
    0.754654306967,1.),.UNSPECIFIED.);
#2811 = CARTESIAN_POINT('',(-10.4,1.885956070687E-15,17.5));
#2812 = CARTESIAN_POINT('',(-10.4,0.278976573798,17.5));
#2813 = CARTESIAN_POINT('',(-10.44323729504,0.550443464713,
    17.494811385795));
#2814 = CARTESIAN_POINT('',(-10.52552501911,0.806612631977,
    17.484937616827));
#2815 = CARTESIAN_POINT('',(-10.64119745916,1.041021636161,
    17.471718068872));
#2816 = CARTESIAN_POINT('',(-10.78317266594,1.24876251612,
    17.456982400741));
#2817 = CARTESIAN_POINT('',(-10.94305063273,1.426949891897,
    17.442361697019));
#2818 = CARTESIAN_POINT('',(-11.28578074379,1.729107129968,
    17.415052658955));
#2819 = CARTESIAN_POINT('',(-11.47396771919,1.854919418257,
    17.402083822752));
#2820 = CARTESIAN_POINT('',(-11.67132355356,1.953872035051,
    17.390988616158));
#2821 = CARTESIAN_POINT('',(-11.87472645862,2.027157660671,
    17.38234790071));
#2822 = CARTESIAN_POINT('',(-12.08185786275,2.075698732424,
    17.376480461309));
#2823 = CARTESIAN_POINT('',(-12.29085154686,2.1,17.373543104387));
#2824 = CARTESIAN_POINT('',(-12.70915927507,2.1,17.373543104387));
#2825 = CARTESIAN_POINT('',(-12.91815076735,2.075696262531,
    17.376480757038));
#2826 = CARTESIAN_POINT('',(-13.12527602104,2.027155460546,
    17.382348174283));
#2827 = CARTESIAN_POINT('',(-13.3286746987,1.953872210943,
    17.390988540806));
#2828 = CARTESIAN_POINT('',(-13.52603043902,1.854920986979,
    17.402083681343));
#2829 = CARTESIAN_POINT('',(-13.71421922493,1.729107157537,
    17.415052656463));
#2830 = CARTESIAN_POINT('',(-14.05691747875,1.426978005403,
    17.442359156114));
#2831 = CARTESIAN_POINT('',(-14.21680920186,1.248792659489,
    17.456980242495));
#2832 = CARTESIAN_POINT('',(-14.3588119799,1.041026265724,
    17.471718583516));
#2833 = CARTESIAN_POINT('',(-14.47450123431,0.806575825504,
    17.484940759099));
#2834 = CARTESIAN_POINT('',(-14.55678322175,0.550372495492,
    17.494813850928));
#2835 = CARTESIAN_POINT('',(-14.6,0.278910395659,17.5));
#2836 = CARTESIAN_POINT('',(-14.6,2.528895640239E-15,17.5));
#2837 = PCURVE('',#471,#2838);
#2838 = DEFINITIONAL_REPRESENTATION('',(#2839),#2866);
#2839 = B_SPLINE_CURVE_WITH_KNOTS('',7,(#2840,#2841,#2842,#2843,#2844,
    #2845,#2846,#2847,#2848,#2849,#2850,#2851,#2852,#2853,#2854,#2855,
    #2856,#2857,#2858,#2859,#2860,#2861,#2862,#2863,#2864,#2865),
  .UNSPECIFIED.,.F.,.F.,(8,6,6,6,8),(0.,0.245379565032,0.500010348334,
    0.754654306967,1.),.UNSPECIFIED.);
#2840 = CARTESIAN_POINT('',(0.,4.5));
#2841 = CARTESIAN_POINT('',(0.132845987523,4.5));
#2842 = CARTESIAN_POINT('',(0.262115841808,4.494811385795));
#2843 = CARTESIAN_POINT('',(0.387930780598,4.484937616827));
#2844 = CARTESIAN_POINT('',(0.510114460865,4.471718068872));
#2845 = CARTESIAN_POINT('',(0.628234842607,4.456982400741));
#2846 = CARTESIAN_POINT('',(0.741455701943,4.442361697019));
#2847 = CARTESIAN_POINT('',(0.959029900481,4.415052658955));
#2848 = CARTESIAN_POINT('',(1.065869215988,4.402083822752));
#2849 = CARTESIAN_POINT('',(1.169745967719,4.390988616158));
#2850 = CARTESIAN_POINT('',(1.271432891286,4.38234790071));
#2851 = CARTESIAN_POINT('',(1.371681177289,4.376480461309));
#2852 = CARTESIAN_POINT('',(1.471201825304,4.373543104387));
#2853 = CARTESIAN_POINT('',(1.670395981593,4.373543104387));
#2854 = CARTESIAN_POINT('',(1.769915571058,4.376480757038));
#2855 = CARTESIAN_POINT('',(1.870161213483,4.382348174283));
#2856 = CARTESIAN_POINT('',(1.971845972083,4.390988540806));
#2857 = CARTESIAN_POINT('',(2.075722293709,4.402083681343));
#2858 = CARTESIAN_POINT('',(2.182562733257,4.415052656463));
#2859 = CARTESIAN_POINT('',(2.40011670797,4.442359156114));
#2860 = CARTESIAN_POINT('',(2.513341845461,4.456980242495));
#2861 = CARTESIAN_POINT('',(2.631478954758,4.471718583517));
#2862 = CARTESIAN_POINT('',(2.753682088987,4.484940759099));
#2863 = CARTESIAN_POINT('',(2.879510613842,4.494813850928));
#2864 = CARTESIAN_POINT('',(3.008778179467,4.5));
#2865 = CARTESIAN_POINT('',(3.14159265359,4.5));
#2866 = ( GEOMETRIC_REPRESENTATION_CONTEXT(2) 
PARAMETRIC_REPRESENTATION_CONTEXT() REPRESENTATION_CONTEXT('2D SPACE',''
  ) );
#2867 = PCURVE('',#2441,#2868);
#2868 = DEFINITIONAL_REPRESENTATION('',(#2869),#2896);
#2869 = B_SPLINE_CURVE_WITH_KNOTS('',7,(#2870,#2871,#2872,#2873,#2874,
    #2875,#2876,#2877,#2878,#2879,#2880,#2881,#2882,#2883,#2884,#2885,
    #2886,#2887,#2888,#2889,#2890,#2891,#2892,#2893,#2894,#2895),
  .UNSPECIFIED.,.F.,.F.,(8,6,6,6,8),(0.,0.245379565032,0.500010348334,
    0.754654306967,1.),.UNSPECIFIED.);
#2870 = CARTESIAN_POINT('',(6.28318530718,15.6));
#2871 = CARTESIAN_POINT('',(6.267243788677,15.6));
#2872 = CARTESIAN_POINT('',(6.251731387517,15.55676270496));
#2873 = CARTESIAN_POINT('',(6.23708657379,15.474474980884));
#2874 = CARTESIAN_POINT('',(6.223673401315,15.358802540839));
#2875 = CARTESIAN_POINT('',(6.211773850275,15.216827334056));
#2876 = CARTESIAN_POINT('',(6.201557851212,15.056949367265));
#2877 = CARTESIAN_POINT('',(6.184221346837,14.714219256206));
#2878 = CARTESIAN_POINT('',(6.176994550637,14.526032280808));
#2879 = CARTESIAN_POINT('',(6.171304876937,14.328676446431));
#2880 = CARTESIAN_POINT('',(6.167088143324,14.125273541375));
#2881 = CARTESIAN_POINT('',(6.164294175732,13.91814213725));
#2882 = CARTESIAN_POINT('',(6.162895424785,13.709148453131));
#2883 = CARTESIAN_POINT('',(6.162895424785,13.290840724924));
#2884 = CARTESIAN_POINT('',(6.164294317861,13.08184923265));
#2885 = CARTESIAN_POINT('',(6.167088270041,12.874723978956));
#2886 = CARTESIAN_POINT('',(6.171304866439,12.6713253013));
#2887 = CARTESIAN_POINT('',(6.17699446066,12.473969560974));
#2888 = CARTESIAN_POINT('',(6.184221345255,12.285780775064));
#2889 = CARTESIAN_POINT('',(6.201556238178,11.943082521249));
#2890 = CARTESIAN_POINT('',(6.211772123504,11.783190798133));
#2891 = CARTESIAN_POINT('',(6.223673140592,11.641188020097));
#2892 = CARTESIAN_POINT('',(6.237088681982,11.52549876569));
#2893 = CARTESIAN_POINT('',(6.251735442915,11.443216778242));
#2894 = CARTESIAN_POINT('',(6.267247570285,11.4));
#2895 = CARTESIAN_POINT('',(6.28318530718,11.4));
#2896 = ( GEOMETRIC_REPRESENTATION_CONTEXT(2) 
PARAMETRIC_REPRESENTATION_CONTEXT() REPRESENTATION_CONTEXT('2D SPACE',''
  ) );
#2897 = ORIENTED_EDGE('',*,*,#2898,.T.);
#2898 = EDGE_CURVE('',#2807,#2784,#2899,.T.);
#2899 = SURFACE_CURVE('',#2900,(#2927,#2957),.PCURVE_S1.);
#2900 = B_SPLINE_CURVE_WITH_KNOTS('',7,(#2901,#2902,#2903,#2904,#2905,
    #2906,#2907,#2908,#2909,#2910,#2911,#2912,#2913,#2914,#2915,#2916,
    #2917,#2918,#2919,#2920,#2921,#2922,#2923,#2924,#2925,#2926),
  .UNSPECIFIED.,.F.,.F.,(8,6,6,6,8),(0.,0.245404777019,0.500053602913,
    0.754701678115,1.),.UNSPECIFIED.);
#2901 = CARTESIAN_POINT('',(-14.6,4.440892098501E-16,17.5));
#2902 = CARTESIAN_POINT('',(-14.6,-0.278976573798,17.5));
#2903 = CARTESIAN_POINT('',(-14.55676270496,-0.550443464713,
    17.494811385795));
#2904 = CARTESIAN_POINT('',(-14.47447498088,-0.806612631977,
    17.484937616827));
#2905 = CARTESIAN_POINT('',(-14.35880254083,-1.041021636161,
    17.471718068872));
#2906 = CARTESIAN_POINT('',(-14.21682733405,-1.24876251612,
    17.456982400741));
#2907 = CARTESIAN_POINT('',(-14.05694936726,-1.426949891897,
    17.442361697019));
#2908 = CARTESIAN_POINT('',(-13.7142248214,-1.729102223584,
    17.415053102395));
#2909 = CARTESIAN_POINT('',(-13.52603313173,-1.854921194898,
    17.402083763922));
#2910 = CARTESIAN_POINT('',(-13.32867058376,-1.953875280008,
    17.39098816491));
#2911 = CARTESIAN_POINT('',(-13.12526897209,-2.027157302889,
    17.382347951026));
#2912 = CARTESIAN_POINT('',(-12.91814666684,-2.075696099004,
    17.376480777517));
#2913 = CARTESIAN_POINT('',(-12.70915988505,-2.1,17.373543104387));
#2914 = CARTESIAN_POINT('',(-12.29084073153,-2.1,17.373543104387));
#2915 = CARTESIAN_POINT('',(-12.08184921648,-2.075696264206,
    17.37648075691));
#2916 = CARTESIAN_POINT('',(-11.87472399064,-2.027155452614,
    17.382348174969));
#2917 = CARTESIAN_POINT('',(-11.67132530711,-1.953872225848,
    17.390988539456));
#2918 = CARTESIAN_POINT('',(-11.47396954805,-1.854920973601,
    17.402083682568));
#2919 = CARTESIAN_POINT('',(-11.28578078083,-1.729107162628,
    17.415052656003));
#2920 = CARTESIAN_POINT('',(-10.94311770232,-1.42700902169,
    17.442356352855));
#2921 = CARTESIAN_POINT('',(-10.78320128354,-1.248817483809,
    17.456978614632));
#2922 = CARTESIAN_POINT('',(-10.64116815701,-1.041015563951,
    17.471720315953));
#2923 = CARTESIAN_POINT('',(-10.52546804309,-0.806522255865,
    17.48494447015));
#2924 = CARTESIAN_POINT('',(-10.44319726213,-0.5502947793,
    17.494816186879));
#2925 = CARTESIAN_POINT('',(-10.4,-0.278847410583,17.5));
#2926 = CARTESIAN_POINT('',(-10.4,-4.440892098501E-16,17.5));
#2927 = PCURVE('',#471,#2928);
#2928 = DEFINITIONAL_REPRESENTATION('',(#2929),#2956);
#2929 = B_SPLINE_CURVE_WITH_KNOTS('',7,(#2930,#2931,#2932,#2933,#2934,
    #2935,#2936,#2937,#2938,#2939,#2940,#2941,#2942,#2943,#2944,#2945,
    #2946,#2947,#2948,#2949,#2950,#2951,#2952,#2953,#2954,#2955),
  .UNSPECIFIED.,.F.,.F.,(8,6,6,6,8),(0.,0.245404777019,0.500053602913,
    0.754701678115,1.),.UNSPECIFIED.);
#2930 = CARTESIAN_POINT('',(3.14159265359,4.5));
#2931 = CARTESIAN_POINT('',(3.274438641113,4.5));
#2932 = CARTESIAN_POINT('',(3.403708495398,4.494811385795));
#2933 = CARTESIAN_POINT('',(3.529523434188,4.484937616827));
#2934 = CARTESIAN_POINT('',(3.651707114455,4.471718068872));
#2935 = CARTESIAN_POINT('',(3.769827496197,4.456982400741));
#2936 = CARTESIAN_POINT('',(3.883048355533,4.442361697019));
#2937 = CARTESIAN_POINT('',(4.100619021133,4.415053102395));
#2938 = CARTESIAN_POINT('',(4.207462114601,4.402083763922));
#2939 = CARTESIAN_POINT('',(4.311341570532,4.39098816491));
#2940 = CARTESIAN_POINT('',(4.413027462514,4.382347951026));
#2941 = CARTESIAN_POINT('',(4.51327167836,4.376480777517));
#2942 = CARTESIAN_POINT('',(4.612789035119,4.373543104387));
#2943 = CARTESIAN_POINT('',(4.811988632034,4.373543104387));
#2944 = CARTESIAN_POINT('',(4.91150823195,4.37648075691));
#2945 = CARTESIAN_POINT('',(5.011753863049,4.382348174969));
#2946 = CARTESIAN_POINT('',(5.113438620249,4.390988539456));
#2947 = CARTESIAN_POINT('',(5.217314955791,4.402083682568));
#2948 = CARTESIAN_POINT('',(5.324155383181,4.415052656003));
#2949 = CARTESIAN_POINT('',(5.541687027679,4.442356352855));
#2950 = CARTESIAN_POINT('',(5.654922946448,4.456978614632));
#2951 = CARTESIAN_POINT('',(5.773080781339,4.471720315953));
#2952 = CARTESIAN_POINT('',(5.89530281296,4.48494447015));
#2953 = CARTESIAN_POINT('',(6.021140281071,4.494816186879));
#2954 = CARTESIAN_POINT('',(6.15040082595,4.5));
#2955 = CARTESIAN_POINT('',(6.28318530718,4.5));
#2956 = ( GEOMETRIC_REPRESENTATION_CONTEXT(2) 
PARAMETRIC_REPRESENTATION_CONTEXT() REPRESENTATION_CONTEXT('2D SPACE',''
  ) );
#2957 = PCURVE('',#2441,#2958);
#2958 = DEFINITIONAL_REPRESENTATION('',(#2959),#2986);
#2959 = B_SPLINE_CURVE_WITH_KNOTS('',7,(#2960,#2961,#2962,#2963,#2964,
    #2965,#2966,#2967,#2968,#2969,#2970,#2971,#2972,#2973,#2974,#2975,
    #2976,#2977,#2978,#2979,#2980,#2981,#2982,#2983,#2984,#2985),
  .UNSPECIFIED.,.F.,.F.,(8,6,6,6,8),(0.,0.245404777019,0.500053602913,
    0.754701678115,1.),.UNSPECIFIED.);
#2960 = CARTESIAN_POINT('',(0.,11.4));
#2961 = CARTESIAN_POINT('',(1.594151850277E-02,11.4));
#2962 = CARTESIAN_POINT('',(3.145391966265E-02,11.44323729504));
#2963 = CARTESIAN_POINT('',(4.609873338925E-02,11.525525019115));
#2964 = CARTESIAN_POINT('',(5.951190586469E-02,11.641197459162));
#2965 = CARTESIAN_POINT('',(7.141145690481E-02,11.783172665944));
#2966 = CARTESIAN_POINT('',(8.16274559677E-02,11.943050632736));
#2967 = CARTESIAN_POINT('',(9.896367883474E-02,12.285775178593));
#2968 = CARTESIAN_POINT('',(0.106190857917,12.473966868265));
#2969 = CARTESIAN_POINT('',(0.111880617292,12.671329416231));
#2970 = CARTESIAN_POINT('',(0.116097143265,12.874731027908));
#2971 = CARTESIAN_POINT('',(0.118890979876,13.081853333159));
#2972 = CARTESIAN_POINT('',(0.120289882395,13.290840114943));
#2973 = CARTESIAN_POINT('',(0.120289882395,13.709159268464));
#2974 = CARTESIAN_POINT('',(0.118890989415,13.918150783515));
#2975 = CARTESIAN_POINT('',(0.116097036684,14.125276009356));
#2976 = CARTESIAN_POINT('',(0.111880441596,14.328674692888));
#2977 = CARTESIAN_POINT('',(0.106190845752,14.526030451941));
#2978 = CARTESIAN_POINT('',(9.896396221621E-02,14.714219219161));
#2979 = CARTESIAN_POINT('',(8.163084858514E-02,15.056882297679));
#2980 = CARTESIAN_POINT('',(7.141460484027E-02,15.216798716455));
#2981 = CARTESIAN_POINT('',(5.951154908825E-02,15.35883184299));
#2982 = CARTESIAN_POINT('',(4.609355908201E-02,15.474531956903));
#2983 = CARTESIAN_POINT('',(3.144542348749E-02,15.556802737863));
#2984 = CARTESIAN_POINT('',(1.593413774758E-02,15.6));
#2985 = CARTESIAN_POINT('',(0.,15.6));
#2986 = ( GEOMETRIC_REPRESENTATION_CONTEXT(2) 
PARAMETRIC_REPRESENTATION_CONTEXT() REPRESENTATION_CONTEXT('2D SPACE',''
  ) );
#2987 = ORIENTED_EDGE('',*,*,#2783,.T.);
#2988 = ORIENTED_EDGE('',*,*,#409,.F.);
#2989 = ADVANCED_FACE('',(#2990,#2993),#544,.F.);
#2990 = FACE_BOUND('',#2991,.F.);
#2991 = EDGE_LOOP('',(#2992));
#2992 = ORIENTED_EDGE('',*,*,#529,.T.);
#2993 = FACE_BOUND('',#2994,.F.);
#2994 = EDGE_LOOP('',(#2995));
#2995 = ORIENTED_EDGE('',*,*,#2996,.F.);
#2996 = EDGE_CURVE('',#2997,#2997,#2999,.T.);
#2997 = VERTEX_POINT('',#2998);
#2998 = CARTESIAN_POINT('',(-25.,4.286263797016E-15,17.5));
#2999 = SURFACE_CURVE('',#3000,(#3005,#3012),.PCURVE_S1.);
#3000 = CIRCLE('',#3001,17.5);
#3001 = AXIS2_PLACEMENT_3D('',#3002,#3003,#3004);
#3002 = CARTESIAN_POINT('',(-25.,0.,0.));
#3003 = DIRECTION('',(1.,0.,0.));
#3004 = DIRECTION('',(-0.,0.,1.));
#3005 = PCURVE('',#544,#3006);
#3006 = DEFINITIONAL_REPRESENTATION('',(#3007),#3011);
#3007 = CIRCLE('',#3008,17.5);
#3008 = AXIS2_PLACEMENT_2D('',#3009,#3010);
#3009 = CARTESIAN_POINT('',(0.,0.));
#3010 = DIRECTION('',(1.,0.));
#3011 = ( GEOMETRIC_REPRESENTATION_CONTEXT(2) 
PARAMETRIC_REPRESENTATION_CONTEXT() REPRESENTATION_CONTEXT('2D SPACE',''
  ) );
#3012 = PCURVE('',#2441,#3013);
#3013 = DEFINITIONAL_REPRESENTATION('',(#3014),#3018);
#3014 = LINE('',#3015,#3016);
#3015 = CARTESIAN_POINT('',(0.,1.));
#3016 = VECTOR('',#3017,1.);
#3017 = DIRECTION('',(1.,0.));
#3018 = ( GEOMETRIC_REPRESENTATION_CONTEXT(2) 
PARAMETRIC_REPRESENTATION_CONTEXT() REPRESENTATION_CONTEXT('2D SPACE',''
  ) );
#3019 = ADVANCED_FACE('',(#3020,#3023),#163,.T.);
#3020 = FACE_BOUND('',#3021,.T.);
#3021 = EDGE_LOOP('',(#3022));
#3022 = ORIENTED_EDGE('',*,*,#148,.T.);
#3023 = FACE_BOUND('',#3024,.T.);
#3024 = EDGE_LOOP('',(#3025));
#3025 = ORIENTED_EDGE('',*,*,#3026,.F.);
#3026 = EDGE_CURVE('',#3027,#3027,#3029,.T.);
#3027 = VERTEX_POINT('',#3028);
#3028 = CARTESIAN_POINT('',(25.,4.286263797016E-15,17.5));
#3029 = SURFACE_CURVE('',#3030,(#3035,#3042),.PCURVE_S1.);
#3030 = CIRCLE('',#3031,17.5);
#3031 = AXIS2_PLACEMENT_3D('',#3032,#3033,#3034);
#3032 = CARTESIAN_POINT('',(25.,0.,0.));
#3033 = DIRECTION('',(1.,0.,0.));
#3034 = DIRECTION('',(-0.,0.,1.));
#3035 = PCURVE('',#163,#3036);
#3036 = DEFINITIONAL_REPRESENTATION('',(#3037),#3041);
#3037 = CIRCLE('',#3038,17.5);
#3038 = AXIS2_PLACEMENT_2D('',#3039,#3040);
#3039 = CARTESIAN_POINT('',(0.,0.));
#3040 = DIRECTION('',(1.,0.));
#3041 = ( GEOMETRIC_REPRESENTATION_CONTEXT(2) 
PARAMETRIC_REPRESENTATION_CONTEXT() REPRESENTATION_CONTEXT('2D SPACE',''
  ) );
#3042 = PCURVE('',#2441,#3043);
#3043 = DEFINITIONAL_REPRESENTATION('',(#3044),#3048);
#3044 = LINE('',#3045,#3046);
#3045 = CARTESIAN_POINT('',(0.,51.));
#3046 = VECTOR('',#3047,1.);
#3047 = DIRECTION('',(1.,0.));
#3048 = ( GEOMETRIC_REPRESENTATION_CONTEXT(2) 
PARAMETRIC_REPRESENTATION_CONTEXT() REPRESENTATION_CONTEXT('2D SPACE',''
  ) );
#3049 = ADVANCED_FACE('',(#3050),#760,.F.);
#3050 = FACE_BOUND('',#3051,.F.);
#3051 = EDGE_LOOP('',(#3052,#3075,#3103,#3124));
#3052 = ORIENTED_EDGE('',*,*,#3053,.F.);
#3053 = EDGE_CURVE('',#3054,#742,#3056,.T.);
#3054 = VERTEX_POINT('',#3055);
#3055 = CARTESIAN_POINT('',(-20.,-20.,18.));
#3056 = SURFACE_CURVE('',#3057,(#3061,#3068),.PCURVE_S1.);
#3057 = LINE('',#3058,#3059);
#3058 = CARTESIAN_POINT('',(-20.,-20.,18.));
#3059 = VECTOR('',#3060,1.);
#3060 = DIRECTION('',(-0.,1.,0.));
#3061 = PCURVE('',#760,#3062);
#3062 = DEFINITIONAL_REPRESENTATION('',(#3063),#3067);
#3063 = LINE('',#3064,#3065);
#3064 = CARTESIAN_POINT('',(3.,0.));
#3065 = VECTOR('',#3066,1.);
#3066 = DIRECTION('',(0.,-1.));
#3067 = ( GEOMETRIC_REPRESENTATION_CONTEXT(2) 
PARAMETRIC_REPRESENTATION_CONTEXT() REPRESENTATION_CONTEXT('2D SPACE',''
  ) );
#3068 = PCURVE('',#787,#3069);
#3069 = DEFINITIONAL_REPRESENTATION('',(#3070),#3074);
#3070 = LINE('',#3071,#3072);
#3071 = CARTESIAN_POINT('',(0.,0.));
#3072 = VECTOR('',#3073,1.);
#3073 = DIRECTION('',(0.,1.));
#3074 = ( GEOMETRIC_REPRESENTATION_CONTEXT(2) 
PARAMETRIC_REPRESENTATION_CONTEXT() REPRESENTATION_CONTEXT('2D SPACE',''
  ) );
#3075 = ORIENTED_EDGE('',*,*,#3076,.F.);
#3076 = EDGE_CURVE('',#3077,#3054,#3079,.T.);
#3077 = VERTEX_POINT('',#3078);
#3078 = CARTESIAN_POINT('',(-20.,-20.,15.));
#3079 = SURFACE_CURVE('',#3080,(#3084,#3091),.PCURVE_S1.);
#3080 = LINE('',#3081,#3082);
#3081 = CARTESIAN_POINT('',(-20.,-20.,15.));
#3082 = VECTOR('',#3083,1.);
#3083 = DIRECTION('',(0.,0.,1.));
#3084 = PCURVE('',#760,#3085);
#3085 = DEFINITIONAL_REPRESENTATION('',(#3086),#3090);
#3086 = LINE('',#3087,#3088);
#3087 = CARTESIAN_POINT('',(0.,0.));
#3088 = VECTOR('',#3089,1.);
#3089 = DIRECTION('',(1.,0.));
#3090 = ( GEOMETRIC_REPRESENTATION_CONTEXT(2) 
PARAMETRIC_REPRESENTATION_CONTEXT() REPRESENTATION_CONTEXT('2D SPACE',''
  ) );
#3091 = PCURVE('',#3092,#3097);
#3092 = PLANE('',#3093);
#3093 = AXIS2_PLACEMENT_3D('',#3094,#3095,#3096);
#3094 = CARTESIAN_POINT('',(-20.,-20.,15.));
#3095 = DIRECTION('',(-0.,1.,0.));
#3096 = DIRECTION('',(0.,0.,1.));
#3097 = DEFINITIONAL_REPRESENTATION('',(#3098),#3102);
#3098 = LINE('',#3099,#3100);
#3099 = CARTESIAN_POINT('',(0.,0.));
#3100 = VECTOR('',#3101,1.);
#3101 = DIRECTION('',(1.,0.));
#3102 = ( GEOMETRIC_REPRESENTATION_CONTEXT(2) 
PARAMETRIC_REPRESENTATION_CONTEXT() REPRESENTATION_CONTEXT('2D SPACE',''
  ) );
#3103 = ORIENTED_EDGE('',*,*,#3104,.T.);
#3104 = EDGE_CURVE('',#3077,#744,#3105,.T.);
#3105 = SURFACE_CURVE('',#3106,(#3110,#3117),.PCURVE_S1.);
#3106 = LINE('',#3107,#3108);
#3107 = CARTESIAN_POINT('',(-20.,-20.,15.));
#3108 = VECTOR('',#3109,1.);
#3109 = DIRECTION('',(-0.,1.,0.));
#3110 = PCURVE('',#760,#3111);
#3111 = DEFINITIONAL_REPRESENTATION('',(#3112),#3116);
#3112 = LINE('',#3113,#3114);
#3113 = CARTESIAN_POINT('',(0.,0.));
#3114 = VECTOR('',#3115,1.);
#3115 = DIRECTION('',(0.,-1.));
#3116 = ( GEOMETRIC_REPRESENTATION_CONTEXT(2) 
PARAMETRIC_REPRESENTATION_CONTEXT() REPRESENTATION_CONTEXT('2D SPACE',''
  ) );
#3117 = PCURVE('',#842,#3118);
#3118 = DEFINITIONAL_REPRESENTATION('',(#3119),#3123);
#3119 = LINE('',#3120,#3121);
#3120 = CARTESIAN_POINT('',(0.,0.));
#3121 = VECTOR('',#3122,1.);
#3122 = DIRECTION('',(0.,1.));
#3123 = ( GEOMETRIC_REPRESENTATION_CONTEXT(2) 
PARAMETRIC_REPRESENTATION_CONTEXT() REPRESENTATION_CONTEXT('2D SPACE',''
  ) );
#3124 = ORIENTED_EDGE('',*,*,#741,.F.);
#3125 = ADVANCED_FACE('',(#3126),#842,.F.);
#3126 = FACE_BOUND('',#3127,.F.);
#3127 = EDGE_LOOP('',(#3128,#3129,#3152,#3173,#3174,#3198,#3220));
#3128 = ORIENTED_EDGE('',*,*,#3104,.F.);
#3129 = ORIENTED_EDGE('',*,*,#3130,.T.);
#3130 = EDGE_CURVE('',#3077,#3131,#3133,.T.);
#3131 = VERTEX_POINT('',#3132);
#3132 = CARTESIAN_POINT('',(20.,-20.,15.));
#3133 = SURFACE_CURVE('',#3134,(#3138,#3145),.PCURVE_S1.);
#3134 = LINE('',#3135,#3136);
#3135 = CARTESIAN_POINT('',(-20.,-20.,15.));
#3136 = VECTOR('',#3137,1.);
#3137 = DIRECTION('',(1.,0.,-0.));
#3138 = PCURVE('',#842,#3139);
#3139 = DEFINITIONAL_REPRESENTATION('',(#3140),#3144);
#3140 = LINE('',#3141,#3142);
#3141 = CARTESIAN_POINT('',(0.,0.));
#3142 = VECTOR('',#3143,1.);
#3143 = DIRECTION('',(1.,0.));
#3144 = ( GEOMETRIC_REPRESENTATION_CONTEXT(2) 
PARAMETRIC_REPRESENTATION_CONTEXT() REPRESENTATION_CONTEXT('2D SPACE',''
  ) );
#3145 = PCURVE('',#3092,#3146);
#3146 = DEFINITIONAL_REPRESENTATION('',(#3147),#3151);
#3147 = LINE('',#3148,#3149);
#3148 = CARTESIAN_POINT('',(0.,0.));
#3149 = VECTOR('',#3150,1.);
#3150 = DIRECTION('',(0.,1.));
#3151 = ( GEOMETRIC_REPRESENTATION_CONTEXT(2) 
PARAMETRIC_REPRESENTATION_CONTEXT() REPRESENTATION_CONTEXT('2D SPACE',''
  ) );
#3152 = ORIENTED_EDGE('',*,*,#3153,.T.);
#3153 = EDGE_CURVE('',#3131,#799,#3154,.T.);
#3154 = SURFACE_CURVE('',#3155,(#3159,#3166),.PCURVE_S1.);
#3155 = LINE('',#3156,#3157);
#3156 = CARTESIAN_POINT('',(20.,-20.,15.));
#3157 = VECTOR('',#3158,1.);
#3158 = DIRECTION('',(-0.,1.,0.));
#3159 = PCURVE('',#842,#3160);
#3160 = DEFINITIONAL_REPRESENTATION('',(#3161),#3165);
#3161 = LINE('',#3162,#3163);
#3162 = CARTESIAN_POINT('',(40.,0.));
#3163 = VECTOR('',#3164,1.);
#3164 = DIRECTION('',(0.,1.));
#3165 = ( GEOMETRIC_REPRESENTATION_CONTEXT(2) 
PARAMETRIC_REPRESENTATION_CONTEXT() REPRESENTATION_CONTEXT('2D SPACE',''
  ) );
#3166 = PCURVE('',#815,#3167);
#3167 = DEFINITIONAL_REPRESENTATION('',(#3168),#3172);
#3168 = LINE('',#3169,#3170);
#3169 = CARTESIAN_POINT('',(0.,0.));
#3170 = VECTOR('',#3171,1.);
#3171 = DIRECTION('',(0.,-1.));
#3172 = ( GEOMETRIC_REPRESENTATION_CONTEXT(2) 
PARAMETRIC_REPRESENTATION_CONTEXT() REPRESENTATION_CONTEXT('2D SPACE',''
  ) );
#3173 = ORIENTED_EDGE('',*,*,#827,.F.);
#3174 = ORIENTED_EDGE('',*,*,#3175,.F.);
#3175 = EDGE_CURVE('',#3176,#828,#3178,.T.);
#3176 = VERTEX_POINT('',#3177);
#3177 = CARTESIAN_POINT('',(2.1,-12.5,15.));
#3178 = SURFACE_CURVE('',#3179,(#3184,#3191),.PCURVE_S1.);
#3179 = CIRCLE('',#3180,2.1);
#3180 = AXIS2_PLACEMENT_3D('',#3181,#3182,#3183);
#3181 = CARTESIAN_POINT('',(0.,-12.5,15.));
#3182 = DIRECTION('',(0.,0.,1.));
#3183 = DIRECTION('',(1.,0.,-0.));
#3184 = PCURVE('',#842,#3185);
#3185 = DEFINITIONAL_REPRESENTATION('',(#3186),#3190);
#3186 = CIRCLE('',#3187,2.1);
#3187 = AXIS2_PLACEMENT_2D('',#3188,#3189);
#3188 = CARTESIAN_POINT('',(20.,7.5));
#3189 = DIRECTION('',(1.,0.));
#3190 = ( GEOMETRIC_REPRESENTATION_CONTEXT(2) 
PARAMETRIC_REPRESENTATION_CONTEXT() REPRESENTATION_CONTEXT('2D SPACE',''
  ) );
#3191 = PCURVE('',#1027,#3192);
#3192 = DEFINITIONAL_REPRESENTATION('',(#3193),#3197);
#3193 = LINE('',#3194,#3195);
#3194 = CARTESIAN_POINT('',(0.,2.));
#3195 = VECTOR('',#3196,1.);
#3196 = DIRECTION('',(1.,0.));
#3197 = ( GEOMETRIC_REPRESENTATION_CONTEXT(2) 
PARAMETRIC_REPRESENTATION_CONTEXT() REPRESENTATION_CONTEXT('2D SPACE',''
  ) );
#3198 = ORIENTED_EDGE('',*,*,#3199,.F.);
#3199 = EDGE_CURVE('',#1230,#3176,#3200,.T.);
#3200 = SURFACE_CURVE('',#3201,(#3206,#3213),.PCURVE_S1.);
#3201 = CIRCLE('',#3202,2.1);
#3202 = AXIS2_PLACEMENT_3D('',#3203,#3204,#3205);
#3203 = CARTESIAN_POINT('',(0.,-12.5,15.));
#3204 = DIRECTION('',(0.,0.,1.));
#3205 = DIRECTION('',(1.,0.,-0.));
#3206 = PCURVE('',#842,#3207);
#3207 = DEFINITIONAL_REPRESENTATION('',(#3208),#3212);
#3208 = CIRCLE('',#3209,2.1);
#3209 = AXIS2_PLACEMENT_2D('',#3210,#3211);
#3210 = CARTESIAN_POINT('',(20.,7.5));
#3211 = DIRECTION('',(1.,0.));
#3212 = ( GEOMETRIC_REPRESENTATION_CONTEXT(2) 
PARAMETRIC_REPRESENTATION_CONTEXT() REPRESENTATION_CONTEXT('2D SPACE',''
  ) );
#3213 = PCURVE('',#1027,#3214);
#3214 = DEFINITIONAL_REPRESENTATION('',(#3215),#3219);
#3215 = LINE('',#3216,#3217);
#3216 = CARTESIAN_POINT('',(0.,2.));
#3217 = VECTOR('',#3218,1.);
#3218 = DIRECTION('',(1.,0.));
#3219 = ( GEOMETRIC_REPRESENTATION_CONTEXT(2) 
PARAMETRIC_REPRESENTATION_CONTEXT() REPRESENTATION_CONTEXT('2D SPACE',''
  ) );
#3220 = ORIENTED_EDGE('',*,*,#1489,.F.);
#3221 = ADVANCED_FACE('',(#3222),#1027,.F.);
#3222 = FACE_BOUND('',#3223,.F.);
#3223 = EDGE_LOOP('',(#3224,#3248,#3269,#3270,#3271,#3294,#3318,#3470,
    #3492,#3493,#3494));
#3224 = ORIENTED_EDGE('',*,*,#3225,.F.);
#3225 = EDGE_CURVE('',#3226,#3226,#3228,.T.);
#3226 = VERTEX_POINT('',#3227);
#3227 = CARTESIAN_POINT('',(2.1,-12.5,18.));
#3228 = SURFACE_CURVE('',#3229,(#3234,#3241),.PCURVE_S1.);
#3229 = CIRCLE('',#3230,2.1);
#3230 = AXIS2_PLACEMENT_3D('',#3231,#3232,#3233);
#3231 = CARTESIAN_POINT('',(0.,-12.5,18.));
#3232 = DIRECTION('',(0.,0.,1.));
#3233 = DIRECTION('',(1.,0.,-0.));
#3234 = PCURVE('',#1027,#3235);
#3235 = DEFINITIONAL_REPRESENTATION('',(#3236),#3240);
#3236 = LINE('',#3237,#3238);
#3237 = CARTESIAN_POINT('',(0.,5.));
#3238 = VECTOR('',#3239,1.);
#3239 = DIRECTION('',(1.,0.));
#3240 = ( GEOMETRIC_REPRESENTATION_CONTEXT(2) 
PARAMETRIC_REPRESENTATION_CONTEXT() REPRESENTATION_CONTEXT('2D SPACE',''
  ) );
#3241 = PCURVE('',#787,#3242);
#3242 = DEFINITIONAL_REPRESENTATION('',(#3243),#3247);
#3243 = CIRCLE('',#3244,2.1);
#3244 = AXIS2_PLACEMENT_2D('',#3245,#3246);
#3245 = CARTESIAN_POINT('',(20.,7.5));
#3246 = DIRECTION('',(1.,0.));
#3247 = ( GEOMETRIC_REPRESENTATION_CONTEXT(2) 
PARAMETRIC_REPRESENTATION_CONTEXT() REPRESENTATION_CONTEXT('2D SPACE',''
  ) );
#3248 = ORIENTED_EDGE('',*,*,#3249,.F.);
#3249 = EDGE_CURVE('',#3176,#3226,#3250,.T.);
#3250 = SEAM_CURVE('',#3251,(#3255,#3262),.PCURVE_S1.);
#3251 = LINE('',#3252,#3253);
#3252 = CARTESIAN_POINT('',(2.1,-12.5,13.));
#3253 = VECTOR('',#3254,1.);
#3254 = DIRECTION('',(0.,0.,1.));
#3255 = PCURVE('',#1027,#3256);
#3256 = DEFINITIONAL_REPRESENTATION('',(#3257),#3261);
#3257 = LINE('',#3258,#3259);
#3258 = CARTESIAN_POINT('',(6.28318530718,-0.));
#3259 = VECTOR('',#3260,1.);
#3260 = DIRECTION('',(0.,1.));
#3261 = ( GEOMETRIC_REPRESENTATION_CONTEXT(2) 
PARAMETRIC_REPRESENTATION_CONTEXT() REPRESENTATION_CONTEXT('2D SPACE',''
  ) );
#3262 = PCURVE('',#1027,#3263);
#3263 = DEFINITIONAL_REPRESENTATION('',(#3264),#3268);
#3264 = LINE('',#3265,#3266);
#3265 = CARTESIAN_POINT('',(0.,-0.));
#3266 = VECTOR('',#3267,1.);
#3267 = DIRECTION('',(0.,1.));
#3268 = ( GEOMETRIC_REPRESENTATION_CONTEXT(2) 
PARAMETRIC_REPRESENTATION_CONTEXT() REPRESENTATION_CONTEXT('2D SPACE',''
  ) );
#3269 = ORIENTED_EDGE('',*,*,#3175,.T.);
#3270 = ORIENTED_EDGE('',*,*,#853,.F.);
#3271 = ORIENTED_EDGE('',*,*,#3272,.F.);
#3272 = EDGE_CURVE('',#3273,#854,#3275,.T.);
#3273 = VERTEX_POINT('',#3274);
#3274 = CARTESIAN_POINT('',(2.1,-12.5,13.));
#3275 = SURFACE_CURVE('',#3276,(#3280,#3287),.PCURVE_S1.);
#3276 = LINE('',#3277,#3278);
#3277 = CARTESIAN_POINT('',(2.1,-12.5,13.));
#3278 = VECTOR('',#3279,1.);
#3279 = DIRECTION('',(0.,0.,1.));
#3280 = PCURVE('',#1027,#3281);
#3281 = DEFINITIONAL_REPRESENTATION('',(#3282),#3286);
#3282 = LINE('',#3283,#3284);
#3283 = CARTESIAN_POINT('',(0.,-0.));
#3284 = VECTOR('',#3285,1.);
#3285 = DIRECTION('',(0.,1.));
#3286 = ( GEOMETRIC_REPRESENTATION_CONTEXT(2) 
PARAMETRIC_REPRESENTATION_CONTEXT() REPRESENTATION_CONTEXT('2D SPACE',''
  ) );
#3287 = PCURVE('',#1172,#3288);
#3288 = DEFINITIONAL_REPRESENTATION('',(#3289),#3293);
#3289 = LINE('',#3290,#3291);
#3290 = CARTESIAN_POINT('',(6.28318530718,-0.));
#3291 = VECTOR('',#3292,1.);
#3292 = DIRECTION('',(0.,1.));
#3293 = ( GEOMETRIC_REPRESENTATION_CONTEXT(2) 
PARAMETRIC_REPRESENTATION_CONTEXT() REPRESENTATION_CONTEXT('2D SPACE',''
  ) );
#3294 = ORIENTED_EDGE('',*,*,#3295,.T.);
#3295 = EDGE_CURVE('',#3273,#3296,#3298,.T.);
#3296 = VERTEX_POINT('',#3297);
#3297 = CARTESIAN_POINT('',(1.947912432965,-11.71537451386,13.));
#3298 = SURFACE_CURVE('',#3299,(#3304,#3311),.PCURVE_S1.);
#3299 = CIRCLE('',#3300,2.1);
#3300 = AXIS2_PLACEMENT_3D('',#3301,#3302,#3303);
#3301 = CARTESIAN_POINT('',(0.,-12.5,13.));
#3302 = DIRECTION('',(0.,0.,1.));
#3303 = DIRECTION('',(1.,0.,-0.));
#3304 = PCURVE('',#1027,#3305);
#3305 = DEFINITIONAL_REPRESENTATION('',(#3306),#3310);
#3306 = LINE('',#3307,#3308);
#3307 = CARTESIAN_POINT('',(0.,0.));
#3308 = VECTOR('',#3309,1.);
#3309 = DIRECTION('',(1.,0.));
#3310 = ( GEOMETRIC_REPRESENTATION_CONTEXT(2) 
PARAMETRIC_REPRESENTATION_CONTEXT() REPRESENTATION_CONTEXT('2D SPACE',''
  ) );
#3311 = PCURVE('',#1218,#3312);
#3312 = DEFINITIONAL_REPRESENTATION('',(#3313),#3317);
#3313 = CIRCLE('',#3314,2.1);
#3314 = AXIS2_PLACEMENT_2D('',#3315,#3316);
#3315 = CARTESIAN_POINT('',(0.,0.));
#3316 = DIRECTION('',(1.,0.));
#3317 = ( GEOMETRIC_REPRESENTATION_CONTEXT(2) 
PARAMETRIC_REPRESENTATION_CONTEXT() REPRESENTATION_CONTEXT('2D SPACE',''
  ) );
#3318 = ORIENTED_EDGE('',*,*,#3319,.T.);
#3319 = EDGE_CURVE('',#3296,#3320,#3322,.T.);
#3320 = VERTEX_POINT('',#3321);
#3321 = CARTESIAN_POINT('',(-1.947912432965,-11.71537451386,13.));
#3322 = SURFACE_CURVE('',#3323,(#3370,#3420),.PCURVE_S1.);
#3323 = B_SPLINE_CURVE_WITH_KNOTS('',5,(#3324,#3325,#3326,#3327,#3328,
    #3329,#3330,#3331,#3332,#3333,#3334,#3335,#3336,#3337,#3338,#3339,
    #3340,#3341,#3342,#3343,#3344,#3345,#3346,#3347,#3348,#3349,#3350,
    #3351,#3352,#3353,#3354,#3355,#3356,#3357,#3358,#3359,#3360,#3361,
    #3362,#3363,#3364,#3365,#3366,#3367,#3368,#3369),.UNSPECIFIED.,.F.,
  .F.,(6,4,4,4,4,4,4,4,4,4,4,6),(0.,8.391822933615E-02,0.136252490565,
    0.173095679708,0.269094821984,0.378340805677,0.499998748733,
    0.622395864483,0.731149109079,0.865529580094,0.918177785517,1.),
  .UNSPECIFIED.);
#3324 = CARTESIAN_POINT('',(1.947912701494,-11.71537518051,
    12.999999399612));
#3325 = CARTESIAN_POINT('',(1.919016554983,-11.64363749211,
    13.064648166768));
#3326 = CARTESIAN_POINT('',(1.886503916144,-11.57245010119,
    13.127903994681));
#3327 = CARTESIAN_POINT('',(1.850326495018,-11.50210848317,
    13.189551655695));
#3328 = CARTESIAN_POINT('',(1.81047147278,-11.43291252184,
    13.249394267547));
#3329 = CARTESIAN_POINT('',(1.739827204347,-11.32291779251,
    13.343336149202));
#3330 = CARTESIAN_POINT('',(1.711274878876,-11.28123805096,
    13.378643063243));
#3331 = CARTESIAN_POINT('',(1.681314084707,-11.24020660898,
    13.413125987807));
#3332 = CARTESIAN_POINT('',(1.649963500632,-11.19990375016,
    13.446738819648));
#3333 = CARTESIAN_POINT('',(1.594221353225,-11.13260772098,
    13.502457118785));
#3334 = CARTESIAN_POINT('',(1.570516753267,-11.10520595952,
    13.525023797605));
#3335 = CARTESIAN_POINT('',(1.546146880287,-11.07823368261,
    13.547122093264));
#3336 = CARTESIAN_POINT('',(1.52112371585,-11.05171868303,
    13.568737514607));
#3337 = CARTESIAN_POINT('',(1.428595545954,-10.95786314865,
    13.644884151841));
#3338 = CARTESIAN_POINT('',(1.357391355833,-10.89332871446,
    13.696540406066));
#3339 = CARTESIAN_POINT('',(1.28210222532,-10.83256828474,
    13.744583501964));
#3340 = CARTESIAN_POINT('',(1.203067749458,-10.7760187397,
    13.788826826755));
#3341 = CARTESIAN_POINT('',(1.026992100243,-10.66490643105,
    13.874990881167));
#3342 = CARTESIAN_POINT('',(0.928983485755,-10.61170249405,
    13.915742491547));
#3343 = CARTESIAN_POINT('',(0.827259909031,-10.56494023433,
    13.951204577668));
#3344 = CARTESIAN_POINT('',(0.722486763744,-10.52501789393,
    13.981261740397));
#3345 = CARTESIAN_POINT('',(0.496178224004,-10.45565162243,
    14.033226089122));
#3346 = CARTESIAN_POINT('',(0.374074370989,-10.42790853578,
    14.053823014688));
#3347 = CARTESIAN_POINT('',(0.250026759743,-10.40930116547,
    14.067571895319));
#3348 = CARTESIAN_POINT('',(0.125002056344,-10.4,14.074444926888));
#3349 = CARTESIAN_POINT('',(-0.125761547295,-10.4,14.074444926888));
#3350 = CARTESIAN_POINT('',(-0.251546429938,-10.40941453994,
    14.067488114446));
#3351 = CARTESIAN_POINT('',(-0.376336119918,-10.42824884336,
    14.053571570143));
#3352 = CARTESIAN_POINT('',(-0.499146182466,-10.45632812386,
    14.032723824421));
#3353 = CARTESIAN_POINT('',(-0.725563101394,-10.52617479755,
    13.980390920139));
#3354 = CARTESIAN_POINT('',(-0.829797111903,-10.56607125714,
    13.950347772118));
#3355 = CARTESIAN_POINT('',(-0.930998552642,-10.61274031678,
    13.914949922854));
#3356 = CARTESIAN_POINT('',(-1.028511383364,-10.66578789895,
    13.874311863472));
#3357 = CARTESIAN_POINT('',(-1.237004313843,-10.79753083252,
    13.772139225912));
#3358 = CARTESIAN_POINT('',(-1.345728383978,-10.8793151806,
    13.707944193031));
#3359 = CARTESIAN_POINT('',(-1.446772135272,-10.96905336097,
    13.636419457971));
#3360 = CARTESIAN_POINT('',(-1.539299339663,-11.06547122221,
    13.558126333321));
#3361 = CARTESIAN_POINT('',(-1.655536783972,-11.20699738278,
    13.440829107066));
#3362 = CARTESIAN_POINT('',(-1.686876241501,-11.2476478917,
    13.406889514046));
#3363 = CARTESIAN_POINT('',(-1.716806900244,-11.28902682066,
    13.372074424202));
#3364 = CARTESIAN_POINT('',(-1.745310433178,-11.33105252123,
    13.336430911763));
#3365 = CARTESIAN_POINT('',(-1.814444113965,-11.43983788924,
    13.243401937643));
#3366 = CARTESIAN_POINT('',(-1.853033538344,-11.50738692796,
    13.184923982763));
#3367 = CARTESIAN_POINT('',(-1.888127410293,-11.57601022036,
    13.12473998588));
#3368 = CARTESIAN_POINT('',(-1.919738832073,-11.64543062018,
    13.063032230276));
#3369 = CARTESIAN_POINT('',(-1.947912701134,-11.71537517961,
    12.999999400016));
#3370 = PCURVE('',#1027,#3371);
#3371 = DEFINITIONAL_REPRESENTATION('',(#3372),#3419);
#3372 = B_SPLINE_CURVE_WITH_KNOTS('',5,(#3373,#3374,#3375,#3376,#3377,
    #3378,#3379,#3380,#3381,#3382,#3383,#3384,#3385,#3386,#3387,#3388,
    #3389,#3390,#3391,#3392,#3393,#3394,#3395,#3396,#3397,#3398,#3399,
    #3400,#3401,#3402,#3403,#3404,#3405,#3406,#3407,#3408,#3409,#3410,
    #3411,#3412,#3413,#3414,#3415,#3416,#3417,#3418),.UNSPECIFIED.,.F.,
  .F.,(6,4,4,4,4,4,4,4,4,4,4,6),(0.,8.391822933615E-02,0.136252490565,
    0.173095679708,0.269094821984,0.378340805677,0.499998748733,
    0.622395864483,0.731149109079,0.865529580094,0.918177785517,1.),
  .UNSPECIFIED.);
#3373 = CARTESIAN_POINT('',(0.382920303408,-6.E-07));
#3374 = CARTESIAN_POINT('',(0.419748282581,6.464816715595E-02));
#3375 = CARTESIAN_POINT('',(0.456976482217,0.127903994549));
#3376 = CARTESIAN_POINT('',(0.494587669348,0.189551655408));
#3377 = CARTESIAN_POINT('',(0.532568345442,0.249394267547));
#3378 = CARTESIAN_POINT('',(0.594819124096,0.343336149202));
#3379 = CARTESIAN_POINT('',(0.618866401238,0.378643063243));
#3380 = CARTESIAN_POINT('',(0.643044939041,0.413125987807));
#3381 = CARTESIAN_POINT('',(0.66734802673,0.446738819648));
#3382 = CARTESIAN_POINT('',(0.708959398312,0.502457118785));
#3383 = CARTESIAN_POINT('',(0.726208813612,0.525023797605));
#3384 = CARTESIAN_POINT('',(0.743513417045,0.547122093264));
#3385 = CARTESIAN_POINT('',(0.760870350281,0.568737514607));
#3386 = CARTESIAN_POINT('',(0.823630599481,0.644884151841));
#3387 = CARTESIAN_POINT('',(0.86931903762,0.696540406066));
#3388 = CARTESIAN_POINT('',(0.915287591036,0.744583501964));
#3389 = CARTESIAN_POINT('',(0.961486480323,0.788826826755));
#3390 = CARTESIAN_POINT('',(1.060630869154,0.874990881167));
#3391 = CARTESIAN_POINT('',(1.113620668265,0.915742491547));
#3392 = CARTESIAN_POINT('',(1.166775496722,0.951204577668));
#3393 = CARTESIAN_POINT('',(1.220048129269,0.981261740397));
#3394 = CARTESIAN_POINT('',(1.332762761796,1.033226089122));
#3395 = CARTESIAN_POINT('',(1.392226221569,1.053823014688));
#3396 = CARTESIAN_POINT('',(1.451735974757,1.067571895319));
#3397 = CARTESIAN_POINT('',(1.51127153806,1.074444926888));
#3398 = CARTESIAN_POINT('',(1.630682777888,1.074444926888));
#3399 = CARTESIAN_POINT('',(1.690580330869,1.067488114446));
#3400 = CARTESIAN_POINT('',(1.750451515752,1.053571570143));
#3401 = CARTESIAN_POINT('',(1.810275464159,1.032723824421));
#3402 = CARTESIAN_POINT('',(1.923106663711,0.980390920139));
#3403 = CARTESIAN_POINT('',(1.976136668643,0.950347772118));
#3404 = CARTESIAN_POINT('',(2.029049252129,0.914949922854));
#3405 = CARTESIAN_POINT('',(2.081797613055,0.874311863472));
#3406 = CARTESIAN_POINT('',(2.199239645463,0.772139225912));
#3407 = CARTESIAN_POINT('',(2.263810806362,0.707944193031));
#3408 = CARTESIAN_POINT('',(2.327883810779,0.636419457971));
#3409 = CARTESIAN_POINT('',(2.391328981104,0.558126333321));
#3410 = CARTESIAN_POINT('',(2.478539204331,0.440829107066));
#3411 = CARTESIAN_POINT('',(2.502969753083,0.406889514046));
#3412 = CARTESIAN_POINT('',(2.527273479743,0.372074424202));
#3413 = CARTESIAN_POINT('',(2.551443635818,0.336430911763));
#3414 = CARTESIAN_POINT('',(2.612821839816,0.243401937643));
#3415 = CARTESIAN_POINT('',(2.649825759487,0.184923982775));
#3416 = CARTESIAN_POINT('',(2.686477518058,0.124739985885));
#3417 = CARTESIAN_POINT('',(2.722764909211,6.303223026052E-02));
#3418 = CARTESIAN_POINT('',(2.758672349722,-6.E-07));
#3419 = ( GEOMETRIC_REPRESENTATION_CONTEXT(2) 
PARAMETRIC_REPRESENTATION_CONTEXT() REPRESENTATION_CONTEXT('2D SPACE',''
  ) );
#3420 = PCURVE('',#2441,#3421);
#3421 = DEFINITIONAL_REPRESENTATION('',(#3422),#3469);
#3422 = B_SPLINE_CURVE_WITH_KNOTS('',5,(#3423,#3424,#3425,#3426,#3427,
    #3428,#3429,#3430,#3431,#3432,#3433,#3434,#3435,#3436,#3437,#3438,
    #3439,#3440,#3441,#3442,#3443,#3444,#3445,#3446,#3447,#3448,#3449,
    #3450,#3451,#3452,#3453,#3454,#3455,#3456,#3457,#3458,#3459,#3460,
    #3461,#3462,#3463,#3464,#3465,#3466,#3467,#3468),.UNSPECIFIED.,.F.,
  .F.,(6,4,4,4,4,4,4,4,4,4,4,6),(0.,8.391822933615E-02,0.136252490565,
    0.173095679708,0.269094821984,0.378340805677,0.499998748733,
    0.622395864483,0.731149109079,0.865529580094,0.918177785517,1.),
  .UNSPECIFIED.);
#3423 = CARTESIAN_POINT('',(0.733468169465,27.947912701494));
#3424 = CARTESIAN_POINT('',(0.727949885487,27.919016554983));
#3425 = CARTESIAN_POINT('',(0.722508249689,27.886503916144));
#3426 = CARTESIAN_POINT('',(0.717163676727,27.850326495018));
#3427 = CARTESIAN_POINT('',(0.711936154897,27.81047147278));
#3428 = CARTESIAN_POINT('',(0.703670382321,27.739827204347));
#3429 = CARTESIAN_POINT('',(0.700549037708,27.711274878876));
#3430 = CARTESIAN_POINT('',(0.697486374879,27.681314084707));
#3431 = CARTESIAN_POINT('',(0.694487541175,27.649963500632));
#3432 = CARTESIAN_POINT('',(0.689495045778,27.594221353225));
#3433 = CARTESIAN_POINT('',(0.687466592782,27.570516753267));
#3434 = CARTESIAN_POINT('',(0.685474093912,27.546146880287));
#3435 = CARTESIAN_POINT('',(0.683519285969,27.52112371585));
#3436 = CARTESIAN_POINT('',(0.676612992667,27.428595545954));
#3437 = CARTESIAN_POINT('',(0.671889533653,27.357391355833));
#3438 = CARTESIAN_POINT('',(0.66746336676,27.28210222532));
#3439 = CARTESIAN_POINT('',(0.663360514253,27.203067749458));
#3440 = CARTESIAN_POINT('',(0.655325856792,27.026992100243));
#3441 = CARTESIAN_POINT('',(0.651496350593,26.928983485755));
#3442 = CARTESIAN_POINT('',(0.648142788143,26.827259909031));
#3443 = CARTESIAN_POINT('',(0.645287238894,26.722486763744));
#3444 = CARTESIAN_POINT('',(0.640334573758,26.496178224004));
#3445 = CARTESIAN_POINT('',(0.638360132072,26.374074370989));
#3446 = CARTESIAN_POINT('',(0.637038081167,26.250026759743));
#3447 = CARTESIAN_POINT('',(0.636377222473,26.125002056344));
#3448 = CARTESIAN_POINT('',(0.636377222473,25.874238452705));
#3449 = CARTESIAN_POINT('',(0.637046136655,25.748453570062));
#3450 = CARTESIAN_POINT('',(0.638384310685,25.623663880082));
#3451 = CARTESIAN_POINT('',(0.640382720156,25.500853817534));
#3452 = CARTESIAN_POINT('',(0.645369982526,25.274436898606));
#3453 = CARTESIAN_POINT('',(0.648223868569,25.170202888097));
#3454 = CARTESIAN_POINT('',(0.65157096957,25.069001447358));
#3455 = CARTESIAN_POINT('',(0.655389438015,24.971488616636));
#3456 = CARTESIAN_POINT('',(0.664916276309,24.762995686157));
#3457 = CARTESIAN_POINT('',(0.670857299507,24.654271616022));
#3458 = CARTESIAN_POINT('',(0.677414444886,24.553227864728));
#3459 = CARTESIAN_POINT('',(0.684511359853,24.460700660337));
#3460 = CARTESIAN_POINT('',(0.695015126861,24.344463216028));
#3461 = CARTESIAN_POINT('',(0.69804117593,24.313123758499));
#3462 = CARTESIAN_POINT('',(0.70113125136,24.283193099756));
#3463 = CARTESIAN_POINT('',(0.704280112551,24.254689566822));
#3464 = CARTESIAN_POINT('',(0.712459458629,24.185555886035));
#3465 = CARTESIAN_POINT('',(0.717564795614,24.146966461656));
#3466 = CARTESIAN_POINT('',(0.722780409693,24.111872589707));
#3467 = CARTESIAN_POINT('',(0.728087818422,24.080261167927));
#3468 = CARTESIAN_POINT('',(0.733468169397,24.052087298866));
#3469 = ( GEOMETRIC_REPRESENTATION_CONTEXT(2) 
PARAMETRIC_REPRESENTATION_CONTEXT() REPRESENTATION_CONTEXT('2D SPACE',''
  ) );
#3470 = ORIENTED_EDGE('',*,*,#3471,.T.);
#3471 = EDGE_CURVE('',#3320,#1204,#3472,.T.);
#3472 = SURFACE_CURVE('',#3473,(#3478,#3485),.PCURVE_S1.);
#3473 = CIRCLE('',#3474,2.1);
#3474 = AXIS2_PLACEMENT_3D('',#3475,#3476,#3477);
#3475 = CARTESIAN_POINT('',(0.,-12.5,13.));
#3476 = DIRECTION('',(0.,0.,1.));
#3477 = DIRECTION('',(1.,0.,-0.));
#3478 = PCURVE('',#1027,#3479);
#3479 = DEFINITIONAL_REPRESENTATION('',(#3480),#3484);
#3480 = LINE('',#3481,#3482);
#3481 = CARTESIAN_POINT('',(0.,0.));
#3482 = VECTOR('',#3483,1.);
#3483 = DIRECTION('',(1.,0.));
#3484 = ( GEOMETRIC_REPRESENTATION_CONTEXT(2) 
PARAMETRIC_REPRESENTATION_CONTEXT() REPRESENTATION_CONTEXT('2D SPACE',''
  ) );
#3485 = PCURVE('',#1218,#3486);
#3486 = DEFINITIONAL_REPRESENTATION('',(#3487),#3491);
#3487 = CIRCLE('',#3488,2.1);
#3488 = AXIS2_PLACEMENT_2D('',#3489,#3490);
#3489 = CARTESIAN_POINT('',(0.,0.));
#3490 = DIRECTION('',(1.,0.));
#3491 = ( GEOMETRIC_REPRESENTATION_CONTEXT(2) 
PARAMETRIC_REPRESENTATION_CONTEXT() REPRESENTATION_CONTEXT('2D SPACE',''
  ) );
#3492 = ORIENTED_EDGE('',*,*,#1229,.F.);
#3493 = ORIENTED_EDGE('',*,*,#3199,.T.);
#3494 = ORIENTED_EDGE('',*,*,#3249,.T.);
#3495 = ADVANCED_FACE('',(#3496),#1218,.T.);
#3496 = FACE_BOUND('',#3497,.T.);
#3497 = EDGE_LOOP('',(#3498,#3520,#3521,#3540,#3541));
#3498 = ORIENTED_EDGE('',*,*,#3499,.T.);
#3499 = EDGE_CURVE('',#1119,#3273,#3500,.T.);
#3500 = SURFACE_CURVE('',#3501,(#3506,#3513),.PCURVE_S1.);
#3501 = CIRCLE('',#3502,2.1);
#3502 = AXIS2_PLACEMENT_3D('',#3503,#3504,#3505);
#3503 = CARTESIAN_POINT('',(0.,-12.5,13.));
#3504 = DIRECTION('',(0.,0.,1.));
#3505 = DIRECTION('',(1.,0.,-0.));
#3506 = PCURVE('',#1218,#3507);
#3507 = DEFINITIONAL_REPRESENTATION('',(#3508),#3512);
#3508 = CIRCLE('',#3509,2.1);
#3509 = AXIS2_PLACEMENT_2D('',#3510,#3511);
#3510 = CARTESIAN_POINT('',(0.,0.));
#3511 = DIRECTION('',(1.,0.));
#3512 = ( GEOMETRIC_REPRESENTATION_CONTEXT(2) 
PARAMETRIC_REPRESENTATION_CONTEXT() REPRESENTATION_CONTEXT('2D SPACE',''
  ) );
#3513 = PCURVE('',#1172,#3514);
#3514 = DEFINITIONAL_REPRESENTATION('',(#3515),#3519);
#3515 = LINE('',#3516,#3517);
#3516 = CARTESIAN_POINT('',(0.,0.));
#3517 = VECTOR('',#3518,1.);
#3518 = DIRECTION('',(1.,0.));
#3519 = ( GEOMETRIC_REPRESENTATION_CONTEXT(2) 
PARAMETRIC_REPRESENTATION_CONTEXT() REPRESENTATION_CONTEXT('2D SPACE',''
  ) );
#3520 = ORIENTED_EDGE('',*,*,#3295,.T.);
#3521 = ORIENTED_EDGE('',*,*,#3522,.F.);
#3522 = EDGE_CURVE('',#3320,#3296,#3523,.T.);
#3523 = SURFACE_CURVE('',#3524,(#3528,#3534),.PCURVE_S1.);
#3524 = LINE('',#3525,#3526);
#3525 = CARTESIAN_POINT('',(-26.,-11.71537451386,13.));
#3526 = VECTOR('',#3527,1.);
#3527 = DIRECTION('',(1.,0.,0.));
#3528 = PCURVE('',#1218,#3529);
#3529 = DEFINITIONAL_REPRESENTATION('',(#3530),#3533);
#3530 = B_SPLINE_CURVE_WITH_KNOTS('',1,(#3531,#3532),.UNSPECIFIED.,.F.,
  .F.,(2,2),(23.48,28.52),.PIECEWISE_BEZIER_KNOTS.);
#3531 = CARTESIAN_POINT('',(-2.52,0.78462548614));
#3532 = CARTESIAN_POINT('',(2.52,0.78462548614));
#3533 = ( GEOMETRIC_REPRESENTATION_CONTEXT(2) 
PARAMETRIC_REPRESENTATION_CONTEXT() REPRESENTATION_CONTEXT('2D SPACE',''
  ) );
#3534 = PCURVE('',#2441,#3535);
#3535 = DEFINITIONAL_REPRESENTATION('',(#3536),#3539);
#3536 = B_SPLINE_CURVE_WITH_KNOTS('',1,(#3537,#3538),.UNSPECIFIED.,.F.,
  .F.,(2,2),(23.48,28.52),.PIECEWISE_BEZIER_KNOTS.);
#3537 = CARTESIAN_POINT('',(0.733468118185,23.48));
#3538 = CARTESIAN_POINT('',(0.733468118185,28.52));
#3539 = ( GEOMETRIC_REPRESENTATION_CONTEXT(2) 
PARAMETRIC_REPRESENTATION_CONTEXT() REPRESENTATION_CONTEXT('2D SPACE',''
  ) );
#3540 = ORIENTED_EDGE('',*,*,#3471,.T.);
#3541 = ORIENTED_EDGE('',*,*,#1203,.T.);
#3542 = ADVANCED_FACE('',(#3543),#1172,.F.);
#3543 = FACE_BOUND('',#3544,.F.);
#3544 = EDGE_LOOP('',(#3545,#3546,#3547));
#3545 = ORIENTED_EDGE('',*,*,#3272,.T.);
#3546 = ORIENTED_EDGE('',*,*,#1118,.F.);
#3547 = ORIENTED_EDGE('',*,*,#3499,.T.);
#3548 = ADVANCED_FACE('',(#3549),#815,.T.);
#3549 = FACE_BOUND('',#3550,.T.);
#3550 = EDGE_LOOP('',(#3551,#3574,#3595,#3596));
#3551 = ORIENTED_EDGE('',*,*,#3552,.F.);
#3552 = EDGE_CURVE('',#3553,#773,#3555,.T.);
#3553 = VERTEX_POINT('',#3554);
#3554 = CARTESIAN_POINT('',(20.,-20.,18.));
#3555 = SURFACE_CURVE('',#3556,(#3560,#3567),.PCURVE_S1.);
#3556 = LINE('',#3557,#3558);
#3557 = CARTESIAN_POINT('',(20.,-20.,18.));
#3558 = VECTOR('',#3559,1.);
#3559 = DIRECTION('',(-0.,1.,0.));
#3560 = PCURVE('',#815,#3561);
#3561 = DEFINITIONAL_REPRESENTATION('',(#3562),#3566);
#3562 = LINE('',#3563,#3564);
#3563 = CARTESIAN_POINT('',(3.,0.));
#3564 = VECTOR('',#3565,1.);
#3565 = DIRECTION('',(0.,-1.));
#3566 = ( GEOMETRIC_REPRESENTATION_CONTEXT(2) 
PARAMETRIC_REPRESENTATION_CONTEXT() REPRESENTATION_CONTEXT('2D SPACE',''
  ) );
#3567 = PCURVE('',#787,#3568);
#3568 = DEFINITIONAL_REPRESENTATION('',(#3569),#3573);
#3569 = LINE('',#3570,#3571);
#3570 = CARTESIAN_POINT('',(40.,0.));
#3571 = VECTOR('',#3572,1.);
#3572 = DIRECTION('',(0.,1.));
#3573 = ( GEOMETRIC_REPRESENTATION_CONTEXT(2) 
PARAMETRIC_REPRESENTATION_CONTEXT() REPRESENTATION_CONTEXT('2D SPACE',''
  ) );
#3574 = ORIENTED_EDGE('',*,*,#3575,.F.);
#3575 = EDGE_CURVE('',#3131,#3553,#3576,.T.);
#3576 = SURFACE_CURVE('',#3577,(#3581,#3588),.PCURVE_S1.);
#3577 = LINE('',#3578,#3579);
#3578 = CARTESIAN_POINT('',(20.,-20.,15.));
#3579 = VECTOR('',#3580,1.);
#3580 = DIRECTION('',(0.,0.,1.));
#3581 = PCURVE('',#815,#3582);
#3582 = DEFINITIONAL_REPRESENTATION('',(#3583),#3587);
#3583 = LINE('',#3584,#3585);
#3584 = CARTESIAN_POINT('',(0.,0.));
#3585 = VECTOR('',#3586,1.);
#3586 = DIRECTION('',(1.,0.));
#3587 = ( GEOMETRIC_REPRESENTATION_CONTEXT(2) 
PARAMETRIC_REPRESENTATION_CONTEXT() REPRESENTATION_CONTEXT('2D SPACE',''
  ) );
#3588 = PCURVE('',#3092,#3589);
#3589 = DEFINITIONAL_REPRESENTATION('',(#3590),#3594);
#3590 = LINE('',#3591,#3592);
#3591 = CARTESIAN_POINT('',(0.,40.));
#3592 = VECTOR('',#3593,1.);
#3593 = DIRECTION('',(1.,0.));
#3594 = ( GEOMETRIC_REPRESENTATION_CONTEXT(2) 
PARAMETRIC_REPRESENTATION_CONTEXT() REPRESENTATION_CONTEXT('2D SPACE',''
  ) );
#3595 = ORIENTED_EDGE('',*,*,#3153,.T.);
#3596 = ORIENTED_EDGE('',*,*,#798,.F.);
#3597 = ADVANCED_FACE('',(#3598,#3624),#787,.T.);
#3598 = FACE_BOUND('',#3599,.T.);
#3599 = EDGE_LOOP('',(#3600,#3601,#3622,#3623));
#3600 = ORIENTED_EDGE('',*,*,#3053,.F.);
#3601 = ORIENTED_EDGE('',*,*,#3602,.T.);
#3602 = EDGE_CURVE('',#3054,#3553,#3603,.T.);
#3603 = SURFACE_CURVE('',#3604,(#3608,#3615),.PCURVE_S1.);
#3604 = LINE('',#3605,#3606);
#3605 = CARTESIAN_POINT('',(-20.,-20.,18.));
#3606 = VECTOR('',#3607,1.);
#3607 = DIRECTION('',(1.,0.,-0.));
#3608 = PCURVE('',#787,#3609);
#3609 = DEFINITIONAL_REPRESENTATION('',(#3610),#3614);
#3610 = LINE('',#3611,#3612);
#3611 = CARTESIAN_POINT('',(0.,0.));
#3612 = VECTOR('',#3613,1.);
#3613 = DIRECTION('',(1.,0.));
#3614 = ( GEOMETRIC_REPRESENTATION_CONTEXT(2) 
PARAMETRIC_REPRESENTATION_CONTEXT() REPRESENTATION_CONTEXT('2D SPACE',''
  ) );
#3615 = PCURVE('',#3092,#3616);
#3616 = DEFINITIONAL_REPRESENTATION('',(#3617),#3621);
#3617 = LINE('',#3618,#3619);
#3618 = CARTESIAN_POINT('',(3.,0.));
#3619 = VECTOR('',#3620,1.);
#3620 = DIRECTION('',(0.,1.));
#3621 = ( GEOMETRIC_REPRESENTATION_CONTEXT(2) 
PARAMETRIC_REPRESENTATION_CONTEXT() REPRESENTATION_CONTEXT('2D SPACE',''
  ) );
#3622 = ORIENTED_EDGE('',*,*,#3552,.T.);
#3623 = ORIENTED_EDGE('',*,*,#772,.F.);
#3624 = FACE_BOUND('',#3625,.T.);
#3625 = EDGE_LOOP('',(#3626));
#3626 = ORIENTED_EDGE('',*,*,#3225,.F.);
#3627 = ADVANCED_FACE('',(#3628),#1620,.F.);
#3628 = FACE_BOUND('',#3629,.F.);
#3629 = EDGE_LOOP('',(#3630,#3794,#3815,#3816));
#3630 = ORIENTED_EDGE('',*,*,#3631,.F.);
#3631 = EDGE_CURVE('',#3632,#3632,#3634,.T.);
#3632 = VERTEX_POINT('',#3633);
#3633 = CARTESIAN_POINT('',(2.1,-5.143516556419E-16,-17.5));
#3634 = SURFACE_CURVE('',#3635,(#3686,#3740),.PCURVE_S1.);
#3635 = B_SPLINE_CURVE_WITH_KNOTS('',7,(#3636,#3637,#3638,#3639,#3640,
    #3641,#3642,#3643,#3644,#3645,#3646,#3647,#3648,#3649,#3650,#3651,
    #3652,#3653,#3654,#3655,#3656,#3657,#3658,#3659,#3660,#3661,#3662,
    #3663,#3664,#3665,#3666,#3667,#3668,#3669,#3670,#3671,#3672,#3673,
    #3674,#3675,#3676,#3677,#3678,#3679,#3680,#3681,#3682,#3683,#3684,
    #3685),.UNSPECIFIED.,.T.,.F.,(8,6,6,6,6,6,6,6,8),(0.,0.122690005402,
    0.250005628342,0.377327834934,0.500000896369,0.622703064912,
    0.750027249606,0.877351058955,1.),.UNSPECIFIED.);
#3636 = CARTESIAN_POINT('',(2.1,-1.33226762955E-15,-17.5));
#3637 = CARTESIAN_POINT('',(2.1,0.278976573798,-17.5));
#3638 = CARTESIAN_POINT('',(2.05676270496,0.550443464713,-17.49481138579
    ));
#3639 = CARTESIAN_POINT('',(1.974474980885,0.806612631977,
    -17.48493761682));
#3640 = CARTESIAN_POINT('',(1.858802540838,1.041021636162,
    -17.47171806887));
#3641 = CARTESIAN_POINT('',(1.716827334056,1.24876251612,-17.45698240074
    ));
#3642 = CARTESIAN_POINT('',(1.556949367265,1.426949891897,
    -17.44236169701));
#3643 = CARTESIAN_POINT('',(1.214219256206,1.729107129969,
    -17.41505265895));
#3644 = CARTESIAN_POINT('',(1.026032280808,1.854919418256,
    -17.40208382275));
#3645 = CARTESIAN_POINT('',(0.82867644643,1.953872035051,-17.39098861615
    ));
#3646 = CARTESIAN_POINT('',(0.625273541376,2.027157660671,
    -17.38234790071));
#3647 = CARTESIAN_POINT('',(0.418142137249,2.075698732424,-17.3764804613
    ));
#3648 = CARTESIAN_POINT('',(0.209148453132,2.1,-17.37354310438));
#3649 = CARTESIAN_POINT('',(-0.209159268463,2.1,-17.37354310438));
#3650 = CARTESIAN_POINT('',(-0.418150783516,2.075696264206,
    -17.37648075691));
#3651 = CARTESIAN_POINT('',(-0.625276009354,2.027155452615,
    -17.38234817496));
#3652 = CARTESIAN_POINT('',(-0.82867469289,1.953872225847,
    -17.39098853945));
#3653 = CARTESIAN_POINT('',(-1.02603045194,1.854920973601,
    -17.40208368256));
#3654 = CARTESIAN_POINT('',(-1.214219219161,1.729107162628,-17.415052656
    ));
#3655 = CARTESIAN_POINT('',(-1.556917478751,1.426978005403,
    -17.44235915611));
#3656 = CARTESIAN_POINT('',(-1.716809201867,1.248792659489,
    -17.45698024249));
#3657 = CARTESIAN_POINT('',(-1.858811979903,1.041026265724,
    -17.47171858351));
#3658 = CARTESIAN_POINT('',(-1.97450123431,0.806575825503,
    -17.48494075909));
#3659 = CARTESIAN_POINT('',(-2.056783221757,0.550372495492,
    -17.49481385092));
#3660 = CARTESIAN_POINT('',(-2.1,0.278910395659,-17.5));
#3661 = CARTESIAN_POINT('',(-2.1,-0.278976573799,-17.5));
#3662 = CARTESIAN_POINT('',(-2.05676270496,-0.550443464712,
    -17.49481138579));
#3663 = CARTESIAN_POINT('',(-1.974474980884,-0.806612631978,
    -17.48493761682));
#3664 = CARTESIAN_POINT('',(-1.858802540839,-1.04102163616,
    -17.47171806887));
#3665 = CARTESIAN_POINT('',(-1.716827334056,-1.24876251612,
    -17.45698240074));
#3666 = CARTESIAN_POINT('',(-1.556949367265,-1.426949891897,
    -17.44236169701));
#3667 = CARTESIAN_POINT('',(-1.214224821407,-1.729102223584,
    -17.41505310239));
#3668 = CARTESIAN_POINT('',(-1.026033131735,-1.854921194898,
    -17.40208376392));
#3669 = CARTESIAN_POINT('',(-0.828670583769,-1.953875280008,
    -17.39098816491));
#3670 = CARTESIAN_POINT('',(-0.625268972092,-2.027157302889,
    -17.38234795102));
#3671 = CARTESIAN_POINT('',(-0.418146666841,-2.075696099004,
    -17.37648077751));
#3672 = CARTESIAN_POINT('',(-0.209159885057,-2.1,-17.37354310438));
#3673 = CARTESIAN_POINT('',(0.209159268464,-2.1,-17.37354310438));
#3674 = CARTESIAN_POINT('',(0.418150783515,-2.075696264206,
    -17.37648075691));
#3675 = CARTESIAN_POINT('',(0.625276009355,-2.027155452614,
    -17.38234817496));
#3676 = CARTESIAN_POINT('',(0.828674692889,-1.953872225847,
    -17.39098853945));
#3677 = CARTESIAN_POINT('',(1.02603045194,-1.854920973601,
    -17.40208368256));
#3678 = CARTESIAN_POINT('',(1.214219219161,-1.729107162628,-17.415052656
    ));
#3679 = CARTESIAN_POINT('',(1.556882297643,-1.427009021722,
    -17.44235635285));
#3680 = CARTESIAN_POINT('',(1.716798716463,-1.248817483818,
    -17.45697861463));
#3681 = CARTESIAN_POINT('',(1.858831843017,-1.041015563918,
    -17.47172031595));
#3682 = CARTESIAN_POINT('',(1.974531956908,-0.806522255829,
    -17.48494447015));
#3683 = CARTESIAN_POINT('',(2.056802737849,-0.550294779305,
    -17.49481618687));
#3684 = CARTESIAN_POINT('',(2.1,-0.278847410627,-17.5));
#3685 = CARTESIAN_POINT('',(2.1,-1.33226762955E-15,-17.5));
#3686 = PCURVE('',#1620,#3687);
#3687 = DEFINITIONAL_REPRESENTATION('',(#3688),#3739);
#3688 = B_SPLINE_CURVE_WITH_KNOTS('',7,(#3689,#3690,#3691,#3692,#3693,
    #3694,#3695,#3696,#3697,#3698,#3699,#3700,#3701,#3702,#3703,#3704,
    #3705,#3706,#3707,#3708,#3709,#3710,#3711,#3712,#3713,#3714,#3715,
    #3716,#3717,#3718,#3719,#3720,#3721,#3722,#3723,#3724,#3725,#3726,
    #3727,#3728,#3729,#3730,#3731,#3732,#3733,#3734,#3735,#3736,#3737,
    #3738),.UNSPECIFIED.,.F.,.F.,(8,6,6,6,6,6,6,6,8),(0.,0.122690005402,
    0.250005628342,0.377327834934,0.500000896369,0.622703064912,
    0.750027249606,0.877351058955,1.),.UNSPECIFIED.);
#3689 = CARTESIAN_POINT('',(0.,2.5));
#3690 = CARTESIAN_POINT('',(0.132845987523,2.5));
#3691 = CARTESIAN_POINT('',(0.262115841808,2.505188614205));
#3692 = CARTESIAN_POINT('',(0.387930780598,2.515062383173));
#3693 = CARTESIAN_POINT('',(0.510114460865,2.528281931128));
#3694 = CARTESIAN_POINT('',(0.628234842607,2.543017599259));
#3695 = CARTESIAN_POINT('',(0.741455701943,2.557638302981));
#3696 = CARTESIAN_POINT('',(0.959029900481,2.584947341045));
#3697 = CARTESIAN_POINT('',(1.065869215988,2.597916177248));
#3698 = CARTESIAN_POINT('',(1.169745967719,2.609011383842));
#3699 = CARTESIAN_POINT('',(1.271432891285,2.61765209929));
#3700 = CARTESIAN_POINT('',(1.37168117729,2.623519538691));
#3701 = CARTESIAN_POINT('',(1.471201825304,2.626456895613));
#3702 = CARTESIAN_POINT('',(1.670395978444,2.626456895613));
#3703 = CARTESIAN_POINT('',(1.76991557836,2.62351924309));
#3704 = CARTESIAN_POINT('',(1.870161209458,2.617651825032));
#3705 = CARTESIAN_POINT('',(1.971845966661,2.609011460544));
#3706 = CARTESIAN_POINT('',(2.0757223022,2.597916317432));
#3707 = CARTESIAN_POINT('',(2.182562729591,2.584947343997));
#3708 = CARTESIAN_POINT('',(2.40011670797,2.557640843886));
#3709 = CARTESIAN_POINT('',(2.513341845461,2.543019757505));
#3710 = CARTESIAN_POINT('',(2.631478954758,2.528281416483));
#3711 = CARTESIAN_POINT('',(2.753682088987,2.515059240901));
#3712 = CARTESIAN_POINT('',(2.879510613842,2.505186149072));
#3713 = CARTESIAN_POINT('',(3.008778179467,2.5));
#3714 = CARTESIAN_POINT('',(3.274438641113,2.5));
#3715 = CARTESIAN_POINT('',(3.403708495398,2.505188614205));
#3716 = CARTESIAN_POINT('',(3.529523434188,2.515062383173));
#3717 = CARTESIAN_POINT('',(3.651707114454,2.528281931128));
#3718 = CARTESIAN_POINT('',(3.769827496197,2.543017599259));
#3719 = CARTESIAN_POINT('',(3.883048355533,2.557638302981));
#3720 = CARTESIAN_POINT('',(4.100619021133,2.584946897605));
#3721 = CARTESIAN_POINT('',(4.207462114601,2.597916236078));
#3722 = CARTESIAN_POINT('',(4.311341570532,2.60901183509));
#3723 = CARTESIAN_POINT('',(4.413027462514,2.617652048974));
#3724 = CARTESIAN_POINT('',(4.513271678361,2.623519222483));
#3725 = CARTESIAN_POINT('',(4.612789035119,2.626456895613));
#3726 = CARTESIAN_POINT('',(4.811988632034,2.626456895613));
#3727 = CARTESIAN_POINT('',(4.91150823195,2.62351924309));
#3728 = CARTESIAN_POINT('',(5.011753863048,2.617651825031));
#3729 = CARTESIAN_POINT('',(5.11343862025,2.609011460544));
#3730 = CARTESIAN_POINT('',(5.21731495579,2.597916317432));
#3731 = CARTESIAN_POINT('',(5.324155383181,2.584947343997));
#3732 = CARTESIAN_POINT('',(5.541687027656,2.557643647148));
#3733 = CARTESIAN_POINT('',(5.654922946448,2.543021385368));
#3734 = CARTESIAN_POINT('',(5.773080781358,2.528279684044));
#3735 = CARTESIAN_POINT('',(5.895302812976,2.515055529849));
#3736 = CARTESIAN_POINT('',(6.021140281069,2.505183813122));
#3737 = CARTESIAN_POINT('',(6.150400825929,2.5));
#3738 = CARTESIAN_POINT('',(6.28318530718,2.5));
#3739 = ( GEOMETRIC_REPRESENTATION_CONTEXT(2) 
PARAMETRIC_REPRESENTATION_CONTEXT() REPRESENTATION_CONTEXT('2D SPACE',''
  ) );
#3740 = PCURVE('',#2441,#3741);
#3741 = DEFINITIONAL_REPRESENTATION('',(#3742),#3793);
#3742 = B_SPLINE_CURVE_WITH_KNOTS('',7,(#3743,#3744,#3745,#3746,#3747,
    #3748,#3749,#3750,#3751,#3752,#3753,#3754,#3755,#3756,#3757,#3758,
    #3759,#3760,#3761,#3762,#3763,#3764,#3765,#3766,#3767,#3768,#3769,
    #3770,#3771,#3772,#3773,#3774,#3775,#3776,#3777,#3778,#3779,#3780,
    #3781,#3782,#3783,#3784,#3785,#3786,#3787,#3788,#3789,#3790,#3791,
    #3792),.UNSPECIFIED.,.T.,.F.,(8,6,6,6,6,6,6,6,8),(0.,0.122690005402,
    0.250005628342,0.377327834934,0.500000896369,0.622703064912,
    0.750027249606,0.877351058955,1.),.UNSPECIFIED.);
#3743 = CARTESIAN_POINT('',(3.14159265359,28.1));
#3744 = CARTESIAN_POINT('',(3.157534172093,28.1));
#3745 = CARTESIAN_POINT('',(3.173046573252,28.05676270496));
#3746 = CARTESIAN_POINT('',(3.187691386979,27.974474980884));
#3747 = CARTESIAN_POINT('',(3.201104559454,27.858802540839));
#3748 = CARTESIAN_POINT('',(3.213004110495,27.716827334056));
#3749 = CARTESIAN_POINT('',(3.223220109557,27.556949367265));
#3750 = CARTESIAN_POINT('',(3.240556613932,27.214219256206));
#3751 = CARTESIAN_POINT('',(3.247783410132,27.026032280808));
#3752 = CARTESIAN_POINT('',(3.253473083833,26.82867644643));
#3753 = CARTESIAN_POINT('',(3.257689817446,26.625273541376));
#3754 = CARTESIAN_POINT('',(3.260483785037,26.418142137249));
#3755 = CARTESIAN_POINT('',(3.261882535985,26.209148453132));
#3756 = CARTESIAN_POINT('',(3.261882535985,25.790840731537));
#3757 = CARTESIAN_POINT('',(3.260483643005,25.581849216484));
#3758 = CARTESIAN_POINT('',(3.257689690274,25.374723990646));
#3759 = CARTESIAN_POINT('',(3.253473095186,25.17132530711));
#3760 = CARTESIAN_POINT('',(3.247783499342,24.97396954806));
#3761 = CARTESIAN_POINT('',(3.240556615806,24.785780780839));
#3762 = CARTESIAN_POINT('',(3.223221722592,24.443082521249));
#3763 = CARTESIAN_POINT('',(3.213005837266,24.283190798133));
#3764 = CARTESIAN_POINT('',(3.201104820177,24.141188020097));
#3765 = CARTESIAN_POINT('',(3.187689278787,24.02549876569));
#3766 = CARTESIAN_POINT('',(3.173042517854,23.943216778243));
#3767 = CARTESIAN_POINT('',(3.157530390485,23.9));
#3768 = CARTESIAN_POINT('',(3.125651135087,23.9));
#3769 = CARTESIAN_POINT('',(3.110138733927,23.94323729504));
#3770 = CARTESIAN_POINT('',(3.095493920201,24.025525019116));
#3771 = CARTESIAN_POINT('',(3.082080747725,24.141197459161));
#3772 = CARTESIAN_POINT('',(3.070181196685,24.283172665944));
#3773 = CARTESIAN_POINT('',(3.059965197622,24.443050632735));
#3774 = CARTESIAN_POINT('',(3.042628974755,24.785775178593));
#3775 = CARTESIAN_POINT('',(3.035401795672,24.973966868265));
#3776 = CARTESIAN_POINT('',(3.029712036298,25.171329416231));
#3777 = CARTESIAN_POINT('',(3.025495510325,25.374731027908));
#3778 = CARTESIAN_POINT('',(3.022701673714,25.581853333159));
#3779 = CARTESIAN_POINT('',(3.021302771195,25.790840114943));
#3780 = CARTESIAN_POINT('',(3.021302771195,26.209159268464));
#3781 = CARTESIAN_POINT('',(3.022701664175,26.418150783515));
#3782 = CARTESIAN_POINT('',(3.025495616906,26.625276009355));
#3783 = CARTESIAN_POINT('',(3.029712211994,26.828674692889));
#3784 = CARTESIAN_POINT('',(3.035401807838,27.02603045194));
#3785 = CARTESIAN_POINT('',(3.042628691374,27.214219219161));
#3786 = CARTESIAN_POINT('',(3.059961805003,27.556882297643));
#3787 = CARTESIAN_POINT('',(3.070178048749,27.716798716463));
#3788 = CARTESIAN_POINT('',(3.082081104503,27.858831843017));
#3789 = CARTESIAN_POINT('',(3.09549909451,27.974531956908));
#3790 = CARTESIAN_POINT('',(3.110147230102,28.056802737849));
#3791 = CARTESIAN_POINT('',(3.12565851584,28.1));
#3792 = CARTESIAN_POINT('',(3.14159265359,28.1));
#3793 = ( GEOMETRIC_REPRESENTATION_CONTEXT(2) 
PARAMETRIC_REPRESENTATION_CONTEXT() REPRESENTATION_CONTEXT('2D SPACE',''
  ) );
#3794 = ORIENTED_EDGE('',*,*,#3795,.F.);
#3795 = EDGE_CURVE('',#1511,#3632,#3796,.T.);
#3796 = SEAM_CURVE('',#3797,(#3801,#3808),.PCURVE_S1.);
#3797 = LINE('',#3798,#3799);
#3798 = CARTESIAN_POINT('',(2.1,-5.143516556419E-16,-20.));
#3799 = VECTOR('',#3800,1.);
#3800 = DIRECTION('',(0.,0.,1.));
#3801 = PCURVE('',#1620,#3802);
#3802 = DEFINITIONAL_REPRESENTATION('',(#3803),#3807);
#3803 = LINE('',#3804,#3805);
#3804 = CARTESIAN_POINT('',(6.28318530718,-0.));
#3805 = VECTOR('',#3806,1.);
#3806 = DIRECTION('',(0.,1.));
#3807 = ( GEOMETRIC_REPRESENTATION_CONTEXT(2) 
PARAMETRIC_REPRESENTATION_CONTEXT() REPRESENTATION_CONTEXT('2D SPACE',''
  ) );
#3808 = PCURVE('',#1620,#3809);
#3809 = DEFINITIONAL_REPRESENTATION('',(#3810),#3814);
#3810 = LINE('',#3811,#3812);
#3811 = CARTESIAN_POINT('',(0.,-0.));
#3812 = VECTOR('',#3813,1.);
#3813 = DIRECTION('',(0.,1.));
#3814 = ( GEOMETRIC_REPRESENTATION_CONTEXT(2) 
PARAMETRIC_REPRESENTATION_CONTEXT() REPRESENTATION_CONTEXT('2D SPACE',''
  ) );
#3815 = ORIENTED_EDGE('',*,*,#1510,.T.);
#3816 = ORIENTED_EDGE('',*,*,#3795,.T.);
#3817 = ADVANCED_FACE('',(#3818),#1700,.F.);
#3818 = FACE_BOUND('',#3819,.F.);
#3819 = EDGE_LOOP('',(#3820,#3843,#3844,#3867));
#3820 = ORIENTED_EDGE('',*,*,#3821,.F.);
#3821 = EDGE_CURVE('',#1684,#3822,#3824,.T.);
#3822 = VERTEX_POINT('',#3823);
#3823 = CARTESIAN_POINT('',(-20.,20.,18.));
#3824 = SURFACE_CURVE('',#3825,(#3829,#3836),.PCURVE_S1.);
#3825 = LINE('',#3826,#3827);
#3826 = CARTESIAN_POINT('',(-20.,-20.,18.));
#3827 = VECTOR('',#3828,1.);
#3828 = DIRECTION('',(-0.,1.,0.));
#3829 = PCURVE('',#1700,#3830);
#3830 = DEFINITIONAL_REPRESENTATION('',(#3831),#3835);
#3831 = LINE('',#3832,#3833);
#3832 = CARTESIAN_POINT('',(3.,0.));
#3833 = VECTOR('',#3834,1.);
#3834 = DIRECTION('',(0.,-1.));
#3835 = ( GEOMETRIC_REPRESENTATION_CONTEXT(2) 
PARAMETRIC_REPRESENTATION_CONTEXT() REPRESENTATION_CONTEXT('2D SPACE',''
  ) );
#3836 = PCURVE('',#2341,#3837);
#3837 = DEFINITIONAL_REPRESENTATION('',(#3838),#3842);
#3838 = LINE('',#3839,#3840);
#3839 = CARTESIAN_POINT('',(0.,0.));
#3840 = VECTOR('',#3841,1.);
#3841 = DIRECTION('',(0.,1.));
#3842 = ( GEOMETRIC_REPRESENTATION_CONTEXT(2) 
PARAMETRIC_REPRESENTATION_CONTEXT() REPRESENTATION_CONTEXT('2D SPACE',''
  ) );
#3843 = ORIENTED_EDGE('',*,*,#1681,.F.);
#3844 = ORIENTED_EDGE('',*,*,#3845,.T.);
#3845 = EDGE_CURVE('',#1682,#3846,#3848,.T.);
#3846 = VERTEX_POINT('',#3847);
#3847 = CARTESIAN_POINT('',(-20.,20.,15.));
#3848 = SURFACE_CURVE('',#3849,(#3853,#3860),.PCURVE_S1.);
#3849 = LINE('',#3850,#3851);
#3850 = CARTESIAN_POINT('',(-20.,-20.,15.));
#3851 = VECTOR('',#3852,1.);
#3852 = DIRECTION('',(-0.,1.,0.));
#3853 = PCURVE('',#1700,#3854);
#3854 = DEFINITIONAL_REPRESENTATION('',(#3855),#3859);
#3855 = LINE('',#3856,#3857);
#3856 = CARTESIAN_POINT('',(0.,0.));
#3857 = VECTOR('',#3858,1.);
#3858 = DIRECTION('',(0.,-1.));
#3859 = ( GEOMETRIC_REPRESENTATION_CONTEXT(2) 
PARAMETRIC_REPRESENTATION_CONTEXT() REPRESENTATION_CONTEXT('2D SPACE',''
  ) );
#3860 = PCURVE('',#1727,#3861);
#3861 = DEFINITIONAL_REPRESENTATION('',(#3862),#3866);
#3862 = LINE('',#3863,#3864);
#3863 = CARTESIAN_POINT('',(0.,0.));
#3864 = VECTOR('',#3865,1.);
#3865 = DIRECTION('',(0.,1.));
#3866 = ( GEOMETRIC_REPRESENTATION_CONTEXT(2) 
PARAMETRIC_REPRESENTATION_CONTEXT() REPRESENTATION_CONTEXT('2D SPACE',''
  ) );
#3867 = ORIENTED_EDGE('',*,*,#3868,.T.);
#3868 = EDGE_CURVE('',#3846,#3822,#3869,.T.);
#3869 = SURFACE_CURVE('',#3870,(#3874,#3881),.PCURVE_S1.);
#3870 = LINE('',#3871,#3872);
#3871 = CARTESIAN_POINT('',(-20.,20.,15.));
#3872 = VECTOR('',#3873,1.);
#3873 = DIRECTION('',(0.,0.,1.));
#3874 = PCURVE('',#1700,#3875);
#3875 = DEFINITIONAL_REPRESENTATION('',(#3876),#3880);
#3876 = LINE('',#3877,#3878);
#3877 = CARTESIAN_POINT('',(0.,-40.));
#3878 = VECTOR('',#3879,1.);
#3879 = DIRECTION('',(1.,0.));
#3880 = ( GEOMETRIC_REPRESENTATION_CONTEXT(2) 
PARAMETRIC_REPRESENTATION_CONTEXT() REPRESENTATION_CONTEXT('2D SPACE',''
  ) );
#3881 = PCURVE('',#3882,#3887);
#3882 = PLANE('',#3883);
#3883 = AXIS2_PLACEMENT_3D('',#3884,#3885,#3886);
#3884 = CARTESIAN_POINT('',(-20.,20.,15.));
#3885 = DIRECTION('',(-0.,1.,0.));
#3886 = DIRECTION('',(0.,0.,1.));
#3887 = DEFINITIONAL_REPRESENTATION('',(#3888),#3892);
#3888 = LINE('',#3889,#3890);
#3889 = CARTESIAN_POINT('',(0.,0.));
#3890 = VECTOR('',#3891,1.);
#3891 = DIRECTION('',(1.,0.));
#3892 = ( GEOMETRIC_REPRESENTATION_CONTEXT(2) 
PARAMETRIC_REPRESENTATION_CONTEXT() REPRESENTATION_CONTEXT('2D SPACE',''
  ) );
#3893 = ADVANCED_FACE('',(#3894,#3942),#2341,.T.);
#3894 = FACE_BOUND('',#3895,.T.);
#3895 = EDGE_LOOP('',(#3896,#3897,#3898,#3921));
#3896 = ORIENTED_EDGE('',*,*,#3821,.F.);
#3897 = ORIENTED_EDGE('',*,*,#2328,.T.);
#3898 = ORIENTED_EDGE('',*,*,#3899,.T.);
#3899 = EDGE_CURVE('',#2300,#3900,#3902,.T.);
#3900 = VERTEX_POINT('',#3901);
#3901 = CARTESIAN_POINT('',(20.,20.,18.));
#3902 = SURFACE_CURVE('',#3903,(#3907,#3914),.PCURVE_S1.);
#3903 = LINE('',#3904,#3905);
#3904 = CARTESIAN_POINT('',(20.,-20.,18.));
#3905 = VECTOR('',#3906,1.);
#3906 = DIRECTION('',(-0.,1.,0.));
#3907 = PCURVE('',#2341,#3908);
#3908 = DEFINITIONAL_REPRESENTATION('',(#3909),#3913);
#3909 = LINE('',#3910,#3911);
#3910 = CARTESIAN_POINT('',(40.,0.));
#3911 = VECTOR('',#3912,1.);
#3912 = DIRECTION('',(0.,1.));
#3913 = ( GEOMETRIC_REPRESENTATION_CONTEXT(2) 
PARAMETRIC_REPRESENTATION_CONTEXT() REPRESENTATION_CONTEXT('2D SPACE',''
  ) );
#3914 = PCURVE('',#2316,#3915);
#3915 = DEFINITIONAL_REPRESENTATION('',(#3916),#3920);
#3916 = LINE('',#3917,#3918);
#3917 = CARTESIAN_POINT('',(3.,0.));
#3918 = VECTOR('',#3919,1.);
#3919 = DIRECTION('',(0.,-1.));
#3920 = ( GEOMETRIC_REPRESENTATION_CONTEXT(2) 
PARAMETRIC_REPRESENTATION_CONTEXT() REPRESENTATION_CONTEXT('2D SPACE',''
  ) );
#3921 = ORIENTED_EDGE('',*,*,#3922,.F.);
#3922 = EDGE_CURVE('',#3822,#3900,#3923,.T.);
#3923 = SURFACE_CURVE('',#3924,(#3928,#3935),.PCURVE_S1.);
#3924 = LINE('',#3925,#3926);
#3925 = CARTESIAN_POINT('',(-20.,20.,18.));
#3926 = VECTOR('',#3927,1.);
#3927 = DIRECTION('',(1.,0.,-0.));
#3928 = PCURVE('',#2341,#3929);
#3929 = DEFINITIONAL_REPRESENTATION('',(#3930),#3934);
#3930 = LINE('',#3931,#3932);
#3931 = CARTESIAN_POINT('',(0.,40.));
#3932 = VECTOR('',#3933,1.);
#3933 = DIRECTION('',(1.,0.));
#3934 = ( GEOMETRIC_REPRESENTATION_CONTEXT(2) 
PARAMETRIC_REPRESENTATION_CONTEXT() REPRESENTATION_CONTEXT('2D SPACE',''
  ) );
#3935 = PCURVE('',#3882,#3936);
#3936 = DEFINITIONAL_REPRESENTATION('',(#3937),#3941);
#3937 = LINE('',#3938,#3939);
#3938 = CARTESIAN_POINT('',(3.,0.));
#3939 = VECTOR('',#3940,1.);
#3940 = DIRECTION('',(0.,1.));
#3941 = ( GEOMETRIC_REPRESENTATION_CONTEXT(2) 
PARAMETRIC_REPRESENTATION_CONTEXT() REPRESENTATION_CONTEXT('2D SPACE',''
  ) );
#3942 = FACE_BOUND('',#3943,.T.);
#3943 = EDGE_LOOP('',(#3944));
#3944 = ORIENTED_EDGE('',*,*,#3945,.F.);
#3945 = EDGE_CURVE('',#3946,#3946,#3948,.T.);
#3946 = VERTEX_POINT('',#3947);
#3947 = CARTESIAN_POINT('',(2.1,12.5,18.));
#3948 = SURFACE_CURVE('',#3949,(#3954,#3961),.PCURVE_S1.);
#3949 = CIRCLE('',#3950,2.1);
#3950 = AXIS2_PLACEMENT_3D('',#3951,#3952,#3953);
#3951 = CARTESIAN_POINT('',(0.,12.5,18.));
#3952 = DIRECTION('',(0.,0.,1.));
#3953 = DIRECTION('',(1.,0.,-0.));
#3954 = PCURVE('',#2341,#3955);
#3955 = DEFINITIONAL_REPRESENTATION('',(#3956),#3960);
#3956 = CIRCLE('',#3957,2.1);
#3957 = AXIS2_PLACEMENT_2D('',#3958,#3959);
#3958 = CARTESIAN_POINT('',(20.,32.5));
#3959 = DIRECTION('',(1.,0.));
#3960 = ( GEOMETRIC_REPRESENTATION_CONTEXT(2) 
PARAMETRIC_REPRESENTATION_CONTEXT() REPRESENTATION_CONTEXT('2D SPACE',''
  ) );
#3961 = PCURVE('',#1880,#3962);
#3962 = DEFINITIONAL_REPRESENTATION('',(#3963),#3967);
#3963 = LINE('',#3964,#3965);
#3964 = CARTESIAN_POINT('',(0.,5.));
#3965 = VECTOR('',#3966,1.);
#3966 = DIRECTION('',(1.,0.));
#3967 = ( GEOMETRIC_REPRESENTATION_CONTEXT(2) 
PARAMETRIC_REPRESENTATION_CONTEXT() REPRESENTATION_CONTEXT('2D SPACE',''
  ) );
#3968 = ADVANCED_FACE('',(#3969),#2316,.T.);
#3969 = FACE_BOUND('',#3970,.T.);
#3970 = EDGE_LOOP('',(#3971,#3972,#3973,#3996));
#3971 = ORIENTED_EDGE('',*,*,#3899,.F.);
#3972 = ORIENTED_EDGE('',*,*,#2299,.F.);
#3973 = ORIENTED_EDGE('',*,*,#3974,.T.);
#3974 = EDGE_CURVE('',#2279,#3975,#3977,.T.);
#3975 = VERTEX_POINT('',#3976);
#3976 = CARTESIAN_POINT('',(20.,20.,15.));
#3977 = SURFACE_CURVE('',#3978,(#3982,#3989),.PCURVE_S1.);
#3978 = LINE('',#3979,#3980);
#3979 = CARTESIAN_POINT('',(20.,-20.,15.));
#3980 = VECTOR('',#3981,1.);
#3981 = DIRECTION('',(-0.,1.,0.));
#3982 = PCURVE('',#2316,#3983);
#3983 = DEFINITIONAL_REPRESENTATION('',(#3984),#3988);
#3984 = LINE('',#3985,#3986);
#3985 = CARTESIAN_POINT('',(0.,0.));
#3986 = VECTOR('',#3987,1.);
#3987 = DIRECTION('',(0.,-1.));
#3988 = ( GEOMETRIC_REPRESENTATION_CONTEXT(2) 
PARAMETRIC_REPRESENTATION_CONTEXT() REPRESENTATION_CONTEXT('2D SPACE',''
  ) );
#3989 = PCURVE('',#1727,#3990);
#3990 = DEFINITIONAL_REPRESENTATION('',(#3991),#3995);
#3991 = LINE('',#3992,#3993);
#3992 = CARTESIAN_POINT('',(40.,0.));
#3993 = VECTOR('',#3994,1.);
#3994 = DIRECTION('',(0.,1.));
#3995 = ( GEOMETRIC_REPRESENTATION_CONTEXT(2) 
PARAMETRIC_REPRESENTATION_CONTEXT() REPRESENTATION_CONTEXT('2D SPACE',''
  ) );
#3996 = ORIENTED_EDGE('',*,*,#3997,.T.);
#3997 = EDGE_CURVE('',#3975,#3900,#3998,.T.);
#3998 = SURFACE_CURVE('',#3999,(#4003,#4010),.PCURVE_S1.);
#3999 = LINE('',#4000,#4001);
#4000 = CARTESIAN_POINT('',(20.,20.,15.));
#4001 = VECTOR('',#4002,1.);
#4002 = DIRECTION('',(0.,0.,1.));
#4003 = PCURVE('',#2316,#4004);
#4004 = DEFINITIONAL_REPRESENTATION('',(#4005),#4009);
#4005 = LINE('',#4006,#4007);
#4006 = CARTESIAN_POINT('',(0.,-40.));
#4007 = VECTOR('',#4008,1.);
#4008 = DIRECTION('',(1.,0.));
#4009 = ( GEOMETRIC_REPRESENTATION_CONTEXT(2) 
PARAMETRIC_REPRESENTATION_CONTEXT() REPRESENTATION_CONTEXT('2D SPACE',''
  ) );
#4010 = PCURVE('',#3882,#4011);
#4011 = DEFINITIONAL_REPRESENTATION('',(#4012),#4016);
#4012 = LINE('',#4013,#4014);
#4013 = CARTESIAN_POINT('',(0.,40.));
#4014 = VECTOR('',#4015,1.);
#4015 = DIRECTION('',(1.,0.));
#4016 = ( GEOMETRIC_REPRESENTATION_CONTEXT(2) 
PARAMETRIC_REPRESENTATION_CONTEXT() REPRESENTATION_CONTEXT('2D SPACE',''
  ) );
#4017 = ADVANCED_FACE('',(#4018),#1727,.F.);
#4018 = FACE_BOUND('',#4019,.F.);
#4019 = EDGE_LOOP('',(#4020,#4021,#4022,#4046,#4068,#4069,#4070));
#4020 = ORIENTED_EDGE('',*,*,#3845,.F.);
#4021 = ORIENTED_EDGE('',*,*,#1712,.T.);
#4022 = ORIENTED_EDGE('',*,*,#4023,.F.);
#4023 = EDGE_CURVE('',#4024,#1713,#4026,.T.);
#4024 = VERTEX_POINT('',#4025);
#4025 = CARTESIAN_POINT('',(2.1,12.5,15.));
#4026 = SURFACE_CURVE('',#4027,(#4032,#4039),.PCURVE_S1.);
#4027 = CIRCLE('',#4028,2.1);
#4028 = AXIS2_PLACEMENT_3D('',#4029,#4030,#4031);
#4029 = CARTESIAN_POINT('',(0.,12.5,15.));
#4030 = DIRECTION('',(0.,0.,1.));
#4031 = DIRECTION('',(1.,0.,-0.));
#4032 = PCURVE('',#1727,#4033);
#4033 = DEFINITIONAL_REPRESENTATION('',(#4034),#4038);
#4034 = CIRCLE('',#4035,2.1);
#4035 = AXIS2_PLACEMENT_2D('',#4036,#4037);
#4036 = CARTESIAN_POINT('',(20.,32.5));
#4037 = DIRECTION('',(1.,0.));
#4038 = ( GEOMETRIC_REPRESENTATION_CONTEXT(2) 
PARAMETRIC_REPRESENTATION_CONTEXT() REPRESENTATION_CONTEXT('2D SPACE',''
  ) );
#4039 = PCURVE('',#1880,#4040);
#4040 = DEFINITIONAL_REPRESENTATION('',(#4041),#4045);
#4041 = LINE('',#4042,#4043);
#4042 = CARTESIAN_POINT('',(0.,2.));
#4043 = VECTOR('',#4044,1.);
#4044 = DIRECTION('',(1.,0.));
#4045 = ( GEOMETRIC_REPRESENTATION_CONTEXT(2) 
PARAMETRIC_REPRESENTATION_CONTEXT() REPRESENTATION_CONTEXT('2D SPACE',''
  ) );
#4046 = ORIENTED_EDGE('',*,*,#4047,.F.);
#4047 = EDGE_CURVE('',#2067,#4024,#4048,.T.);
#4048 = SURFACE_CURVE('',#4049,(#4054,#4061),.PCURVE_S1.);
#4049 = CIRCLE('',#4050,2.1);
#4050 = AXIS2_PLACEMENT_3D('',#4051,#4052,#4053);
#4051 = CARTESIAN_POINT('',(0.,12.5,15.));
#4052 = DIRECTION('',(0.,0.,1.));
#4053 = DIRECTION('',(1.,0.,-0.));
#4054 = PCURVE('',#1727,#4055);
#4055 = DEFINITIONAL_REPRESENTATION('',(#4056),#4060);
#4056 = CIRCLE('',#4057,2.1);
#4057 = AXIS2_PLACEMENT_2D('',#4058,#4059);
#4058 = CARTESIAN_POINT('',(20.,32.5));
#4059 = DIRECTION('',(1.,0.));
#4060 = ( GEOMETRIC_REPRESENTATION_CONTEXT(2) 
PARAMETRIC_REPRESENTATION_CONTEXT() REPRESENTATION_CONTEXT('2D SPACE',''
  ) );
#4061 = PCURVE('',#1880,#4062);
#4062 = DEFINITIONAL_REPRESENTATION('',(#4063),#4067);
#4063 = LINE('',#4064,#4065);
#4064 = CARTESIAN_POINT('',(0.,2.));
#4065 = VECTOR('',#4066,1.);
#4066 = DIRECTION('',(1.,0.));
#4067 = ( GEOMETRIC_REPRESENTATION_CONTEXT(2) 
PARAMETRIC_REPRESENTATION_CONTEXT() REPRESENTATION_CONTEXT('2D SPACE',''
  ) );
#4068 = ORIENTED_EDGE('',*,*,#2278,.T.);
#4069 = ORIENTED_EDGE('',*,*,#3974,.T.);
#4070 = ORIENTED_EDGE('',*,*,#4071,.F.);
#4071 = EDGE_CURVE('',#3846,#3975,#4072,.T.);
#4072 = SURFACE_CURVE('',#4073,(#4077,#4084),.PCURVE_S1.);
#4073 = LINE('',#4074,#4075);
#4074 = CARTESIAN_POINT('',(-20.,20.,15.));
#4075 = VECTOR('',#4076,1.);
#4076 = DIRECTION('',(1.,0.,-0.));
#4077 = PCURVE('',#1727,#4078);
#4078 = DEFINITIONAL_REPRESENTATION('',(#4079),#4083);
#4079 = LINE('',#4080,#4081);
#4080 = CARTESIAN_POINT('',(0.,40.));
#4081 = VECTOR('',#4082,1.);
#4082 = DIRECTION('',(1.,0.));
#4083 = ( GEOMETRIC_REPRESENTATION_CONTEXT(2) 
PARAMETRIC_REPRESENTATION_CONTEXT() REPRESENTATION_CONTEXT('2D SPACE',''
  ) );
#4084 = PCURVE('',#3882,#4085);
#4085 = DEFINITIONAL_REPRESENTATION('',(#4086),#4090);
#4086 = LINE('',#4087,#4088);
#4087 = CARTESIAN_POINT('',(0.,0.));
#4088 = VECTOR('',#4089,1.);
#4089 = DIRECTION('',(0.,1.));
#4090 = ( GEOMETRIC_REPRESENTATION_CONTEXT(2) 
PARAMETRIC_REPRESENTATION_CONTEXT() REPRESENTATION_CONTEXT('2D SPACE',''
  ) );
#4091 = ADVANCED_FACE('',(#4092),#1880,.F.);
#4092 = FACE_BOUND('',#4093,.F.);
#4093 = EDGE_LOOP('',(#4094,#4095,#4116,#4117,#4118,#4142,#4294,#4318,
    #4339,#4340,#4341));
#4094 = ORIENTED_EDGE('',*,*,#3945,.F.);
#4095 = ORIENTED_EDGE('',*,*,#4096,.F.);
#4096 = EDGE_CURVE('',#4024,#3946,#4097,.T.);
#4097 = SEAM_CURVE('',#4098,(#4102,#4109),.PCURVE_S1.);
#4098 = LINE('',#4099,#4100);
#4099 = CARTESIAN_POINT('',(2.1,12.5,13.));
#4100 = VECTOR('',#4101,1.);
#4101 = DIRECTION('',(0.,0.,1.));
#4102 = PCURVE('',#1880,#4103);
#4103 = DEFINITIONAL_REPRESENTATION('',(#4104),#4108);
#4104 = LINE('',#4105,#4106);
#4105 = CARTESIAN_POINT('',(6.28318530718,-0.));
#4106 = VECTOR('',#4107,1.);
#4107 = DIRECTION('',(0.,1.));
#4108 = ( GEOMETRIC_REPRESENTATION_CONTEXT(2) 
PARAMETRIC_REPRESENTATION_CONTEXT() REPRESENTATION_CONTEXT('2D SPACE',''
  ) );
#4109 = PCURVE('',#1880,#4110);
#4110 = DEFINITIONAL_REPRESENTATION('',(#4111),#4115);
#4111 = LINE('',#4112,#4113);
#4112 = CARTESIAN_POINT('',(0.,-0.));
#4113 = VECTOR('',#4114,1.);
#4114 = DIRECTION('',(0.,1.));
#4115 = ( GEOMETRIC_REPRESENTATION_CONTEXT(2) 
PARAMETRIC_REPRESENTATION_CONTEXT() REPRESENTATION_CONTEXT('2D SPACE',''
  ) );
#4116 = ORIENTED_EDGE('',*,*,#4023,.T.);
#4117 = ORIENTED_EDGE('',*,*,#1738,.F.);
#4118 = ORIENTED_EDGE('',*,*,#4119,.T.);
#4119 = EDGE_CURVE('',#1739,#4120,#4122,.T.);
#4120 = VERTEX_POINT('',#4121);
#4121 = CARTESIAN_POINT('',(-1.947912432965,11.71537451386,13.));
#4122 = SURFACE_CURVE('',#4123,(#4128,#4135),.PCURVE_S1.);
#4123 = CIRCLE('',#4124,2.1);
#4124 = AXIS2_PLACEMENT_3D('',#4125,#4126,#4127);
#4125 = CARTESIAN_POINT('',(0.,12.5,13.));
#4126 = DIRECTION('',(0.,0.,1.));
#4127 = DIRECTION('',(1.,0.,-0.));
#4128 = PCURVE('',#1880,#4129);
#4129 = DEFINITIONAL_REPRESENTATION('',(#4130),#4134);
#4130 = LINE('',#4131,#4132);
#4131 = CARTESIAN_POINT('',(0.,0.));
#4132 = VECTOR('',#4133,1.);
#4133 = DIRECTION('',(1.,0.));
#4134 = ( GEOMETRIC_REPRESENTATION_CONTEXT(2) 
PARAMETRIC_REPRESENTATION_CONTEXT() REPRESENTATION_CONTEXT('2D SPACE',''
  ) );
#4135 = PCURVE('',#1970,#4136);
#4136 = DEFINITIONAL_REPRESENTATION('',(#4137),#4141);
#4137 = CIRCLE('',#4138,2.1);
#4138 = AXIS2_PLACEMENT_2D('',#4139,#4140);
#4139 = CARTESIAN_POINT('',(0.,0.));
#4140 = DIRECTION('',(1.,0.));
#4141 = ( GEOMETRIC_REPRESENTATION_CONTEXT(2) 
PARAMETRIC_REPRESENTATION_CONTEXT() REPRESENTATION_CONTEXT('2D SPACE',''
  ) );
#4142 = ORIENTED_EDGE('',*,*,#4143,.T.);
#4143 = EDGE_CURVE('',#4120,#4144,#4146,.T.);
#4144 = VERTEX_POINT('',#4145);
#4145 = CARTESIAN_POINT('',(1.947912432965,11.71537451386,13.));
#4146 = SURFACE_CURVE('',#4147,(#4194,#4244),.PCURVE_S1.);
#4147 = B_SPLINE_CURVE_WITH_KNOTS('',5,(#4148,#4149,#4150,#4151,#4152,
    #4153,#4154,#4155,#4156,#4157,#4158,#4159,#4160,#4161,#4162,#4163,
    #4164,#4165,#4166,#4167,#4168,#4169,#4170,#4171,#4172,#4173,#4174,
    #4175,#4176,#4177,#4178,#4179,#4180,#4181,#4182,#4183,#4184,#4185,
    #4186,#4187,#4188,#4189,#4190,#4191,#4192,#4193),.UNSPECIFIED.,.F.,
  .F.,(6,4,4,4,4,4,4,4,4,4,4,6),(0.,8.391824039598E-02,0.136252500993,
    0.173095689691,0.269094830808,0.378340813183,0.499998754769,
    0.622395869042,0.731149112325,0.865529581718,0.918177786505,1.),
  .UNSPECIFIED.);
#4148 = CARTESIAN_POINT('',(-1.947912701494,11.715375180512,
    12.999999399612));
#4149 = CARTESIAN_POINT('',(-1.919016559303,11.643637502834,
    13.064648157104));
#4150 = CARTESIAN_POINT('',(-1.886503911322,11.572450093031,
    13.12790400173));
#4151 = CARTESIAN_POINT('',(-1.850326491166,11.502108474521,
    13.189551663414));
#4152 = CARTESIAN_POINT('',(-1.81047147904,11.432912531592,
    13.249394259222));
#4153 = CARTESIAN_POINT('',(-1.739827204347,11.322917792511,
    13.343336149202));
#4154 = CARTESIAN_POINT('',(-1.711274878876,11.28123805096,
    13.378643063243));
#4155 = CARTESIAN_POINT('',(-1.681314084707,11.240206608988,
    13.413125987807));
#4156 = CARTESIAN_POINT('',(-1.649963500632,11.199903750165,
    13.446738819648));
#4157 = CARTESIAN_POINT('',(-1.594221353225,11.132607720989,
    13.502457118785));
#4158 = CARTESIAN_POINT('',(-1.570516753267,11.105205959526,
    13.525023797605));
#4159 = CARTESIAN_POINT('',(-1.546146880287,11.078233682615,
    13.547122093264));
#4160 = CARTESIAN_POINT('',(-1.52112371585,11.051718683036,
    13.568737514607));
#4161 = CARTESIAN_POINT('',(-1.428595545954,10.95786314865,
    13.644884151841));
#4162 = CARTESIAN_POINT('',(-1.357391355833,10.893328714468,
    13.696540406066));
#4163 = CARTESIAN_POINT('',(-1.28210222532,10.832568284744,
    13.744583501964));
#4164 = CARTESIAN_POINT('',(-1.203067749458,10.776018739701,
    13.788826826755));
#4165 = CARTESIAN_POINT('',(-1.026992100244,10.664906431053,
    13.874990881167));
#4166 = CARTESIAN_POINT('',(-0.928983485755,10.611702494056,
    13.915742491547));
#4167 = CARTESIAN_POINT('',(-0.827259909031,10.564940234334,
    13.951204577668));
#4168 = CARTESIAN_POINT('',(-0.722486763744,10.525017893938,
    13.981261740397));
#4169 = CARTESIAN_POINT('',(-0.496178224004,10.455651622437,
    14.033226089122));
#4170 = CARTESIAN_POINT('',(-0.374074370988,10.427908535787,
    14.053823014688));
#4171 = CARTESIAN_POINT('',(-0.250026759743,10.409301165478,
    14.067571895319));
#4172 = CARTESIAN_POINT('',(-0.125002056344,10.4,14.074444926888));
#4173 = CARTESIAN_POINT('',(0.125761547295,10.4,14.074444926888));
#4174 = CARTESIAN_POINT('',(0.251546429938,10.409414539943,
    14.067488114446));
#4175 = CARTESIAN_POINT('',(0.376336119918,10.428248843369,
    14.053571570142));
#4176 = CARTESIAN_POINT('',(0.499146182466,10.456328123865,
    14.032723824421));
#4177 = CARTESIAN_POINT('',(0.725563101394,10.526174797551,
    13.980390920139));
#4178 = CARTESIAN_POINT('',(0.829797111903,10.56607125714,
    13.950347772118));
#4179 = CARTESIAN_POINT('',(0.930998552642,10.612740316785,
    13.914949922854));
#4180 = CARTESIAN_POINT('',(1.028511383364,10.665787898952,
    13.874311863472));
#4181 = CARTESIAN_POINT('',(1.237004313843,10.797530832523,
    13.772139225912));
#4182 = CARTESIAN_POINT('',(1.345728383978,10.879315180603,
    13.707944193031));
#4183 = CARTESIAN_POINT('',(1.446772135272,10.969053360976,
    13.636419457971));
#4184 = CARTESIAN_POINT('',(1.539299339663,11.065471222212,
    13.558126333321));
#4185 = CARTESIAN_POINT('',(1.655536783972,11.206997382784,
    13.440829107066));
#4186 = CARTESIAN_POINT('',(1.686876241501,11.247647891705,
    13.406889514046));
#4187 = CARTESIAN_POINT('',(1.716806900244,11.289026820664,
    13.372074424202));
#4188 = CARTESIAN_POINT('',(1.745310433178,11.331052521231,
    13.336430911763));
#4189 = CARTESIAN_POINT('',(1.814444113965,11.439837889247,
    13.243401937643));
#4190 = CARTESIAN_POINT('',(1.853033538344,11.507386927966,
    13.184923982763));
#4191 = CARTESIAN_POINT('',(1.888127410293,11.576010220365,
    13.12473998588));
#4192 = CARTESIAN_POINT('',(1.919738832073,11.645430620181,
    13.063032230276));
#4193 = CARTESIAN_POINT('',(1.947912701134,11.715375179617,
    12.999999400016));
#4194 = PCURVE('',#1880,#4195);
#4195 = DEFINITIONAL_REPRESENTATION('',(#4196),#4243);
#4196 = B_SPLINE_CURVE_WITH_KNOTS('',5,(#4197,#4198,#4199,#4200,#4201,
    #4202,#4203,#4204,#4205,#4206,#4207,#4208,#4209,#4210,#4211,#4212,
    #4213,#4214,#4215,#4216,#4217,#4218,#4219,#4220,#4221,#4222,#4223,
    #4224,#4225,#4226,#4227,#4228,#4229,#4230,#4231,#4232,#4233,#4234,
    #4235,#4236,#4237,#4238,#4239,#4240,#4241,#4242),.UNSPECIFIED.,.F.,
  .F.,(6,4,4,4,4,4,4,4,4,4,4,6),(0.,8.391824039598E-02,0.136252500993,
    0.173095689691,0.269094830808,0.378340813183,0.499998754769,
    0.622395869042,0.731149112325,0.865529581718,0.918177786505,1.),
  .UNSPECIFIED.);
#4197 = CARTESIAN_POINT('',(3.524512956998,-6.E-07));
#4198 = CARTESIAN_POINT('',(3.561340930666,6.464815749117E-02));
#4199 = CARTESIAN_POINT('',(3.59856914033,0.127904001598));
#4200 = CARTESIAN_POINT('',(3.636180327456,0.189551663127));
#4201 = CARTESIAN_POINT('',(3.674160993516,0.249394259223));
#4202 = CARTESIAN_POINT('',(3.736411777686,0.343336149202));
#4203 = CARTESIAN_POINT('',(3.760459054828,0.378643063243));
#4204 = CARTESIAN_POINT('',(3.784637592631,0.413125987807));
#4205 = CARTESIAN_POINT('',(3.80894068032,0.446738819648));
#4206 = CARTESIAN_POINT('',(3.850552051902,0.502457118785));
#4207 = CARTESIAN_POINT('',(3.867801467202,0.525023797605));
#4208 = CARTESIAN_POINT('',(3.885106070635,0.547122093264));
#4209 = CARTESIAN_POINT('',(3.902463003871,0.568737514607));
#4210 = CARTESIAN_POINT('',(3.965223253071,0.644884151841));
#4211 = CARTESIAN_POINT('',(4.010911691209,0.696540406066));
#4212 = CARTESIAN_POINT('',(4.056880244625,0.744583501964));
#4213 = CARTESIAN_POINT('',(4.103079133913,0.788826826755));
#4214 = CARTESIAN_POINT('',(4.202223522744,0.874990881167));
#4215 = CARTESIAN_POINT('',(4.255213321855,0.915742491547));
#4216 = CARTESIAN_POINT('',(4.308368150311,0.951204577668));
#4217 = CARTESIAN_POINT('',(4.361640782859,0.981261740397));
#4218 = CARTESIAN_POINT('',(4.474355415386,1.033226089122));
#4219 = CARTESIAN_POINT('',(4.533818875159,1.053823014688));
#4220 = CARTESIAN_POINT('',(4.593328628346,1.067571895319));
#4221 = CARTESIAN_POINT('',(4.65286419165,1.074444926888));
#4222 = CARTESIAN_POINT('',(4.772275431478,1.074444926888));
#4223 = CARTESIAN_POINT('',(4.832172984459,1.067488114446));
#4224 = CARTESIAN_POINT('',(4.892044169341,1.053571570143));
#4225 = CARTESIAN_POINT('',(4.951868117749,1.032723824421));
#4226 = CARTESIAN_POINT('',(5.064699317301,0.980390920139));
#4227 = CARTESIAN_POINT('',(5.117729322232,0.950347772118));
#4228 = CARTESIAN_POINT('',(5.170641905719,0.914949922854));
#4229 = CARTESIAN_POINT('',(5.223390266644,0.874311863472));
#4230 = CARTESIAN_POINT('',(5.340832299053,0.772139225912));
#4231 = CARTESIAN_POINT('',(5.405403459952,0.707944193031));
#4232 = CARTESIAN_POINT('',(5.469476464369,0.636419457971));
#4233 = CARTESIAN_POINT('',(5.532921634693,0.558126333321));
#4234 = CARTESIAN_POINT('',(5.620131857921,0.440829107066));
#4235 = CARTESIAN_POINT('',(5.644562406673,0.406889514046));
#4236 = CARTESIAN_POINT('',(5.668866133333,0.372074424202));
#4237 = CARTESIAN_POINT('',(5.693036289408,0.336430911763));
#4238 = CARTESIAN_POINT('',(5.754414493405,0.243401937643));
#4239 = CARTESIAN_POINT('',(5.791418413076,0.184923982775));
#4240 = CARTESIAN_POINT('',(5.828070171648,0.124739985885));
#4241 = CARTESIAN_POINT('',(5.864357562801,6.303223026055E-02));
#4242 = CARTESIAN_POINT('',(5.900265003312,-6.E-07));
#4243 = ( GEOMETRIC_REPRESENTATION_CONTEXT(2) 
PARAMETRIC_REPRESENTATION_CONTEXT() REPRESENTATION_CONTEXT('2D SPACE',''
  ) );
#4244 = PCURVE('',#2441,#4245);
#4245 = DEFINITIONAL_REPRESENTATION('',(#4246),#4293);
#4246 = B_SPLINE_CURVE_WITH_KNOTS('',5,(#4247,#4248,#4249,#4250,#4251,
    #4252,#4253,#4254,#4255,#4256,#4257,#4258,#4259,#4260,#4261,#4262,
    #4263,#4264,#4265,#4266,#4267,#4268,#4269,#4270,#4271,#4272,#4273,
    #4274,#4275,#4276,#4277,#4278,#4279,#4280,#4281,#4282,#4283,#4284,
    #4285,#4286,#4287,#4288,#4289,#4290,#4291,#4292),.UNSPECIFIED.,.F.,
  .F.,(6,4,4,4,4,4,4,4,4,4,4,6),(0.,8.391824039598E-02,0.136252500993,
    0.173095689691,0.269094830808,0.378340813183,0.499998754769,
    0.622395869042,0.731149112325,0.865529581718,0.918177786505,1.),
  .UNSPECIFIED.);
#4247 = CARTESIAN_POINT('',(5.549717137714,24.052087298506));
#4248 = CARTESIAN_POINT('',(5.555235420867,24.080983440697));
#4249 = CARTESIAN_POINT('',(5.560677058107,24.113496088678));
#4250 = CARTESIAN_POINT('',(5.566021631115,24.149673508834));
#4251 = CARTESIAN_POINT('',(5.57124915155,24.18952852096));
#4252 = CARTESIAN_POINT('',(5.579514924859,24.260172795653));
#4253 = CARTESIAN_POINT('',(5.582636269471,24.288725121124));
#4254 = CARTESIAN_POINT('',(5.5856989323,24.318685915293));
#4255 = CARTESIAN_POINT('',(5.588697766005,24.350036499368));
#4256 = CARTESIAN_POINT('',(5.593690261402,24.405778646775));
#4257 = CARTESIAN_POINT('',(5.595718714397,24.429483246733));
#4258 = CARTESIAN_POINT('',(5.597711213268,24.453853119713));
#4259 = CARTESIAN_POINT('',(5.59966602121,24.47887628415));
#4260 = CARTESIAN_POINT('',(5.606572314512,24.571404454046));
#4261 = CARTESIAN_POINT('',(5.611295773527,24.642608644167));
#4262 = CARTESIAN_POINT('',(5.61572194042,24.71789777468));
#4263 = CARTESIAN_POINT('',(5.619824792927,24.796932250542));
#4264 = CARTESIAN_POINT('',(5.627859450388,24.973007899756));
#4265 = CARTESIAN_POINT('',(5.631688956586,25.071016514245));
#4266 = CARTESIAN_POINT('',(5.635042519037,25.172740090969));
#4267 = CARTESIAN_POINT('',(5.637898068285,25.277513236256));
#4268 = CARTESIAN_POINT('',(5.642850733421,25.503821775996));
#4269 = CARTESIAN_POINT('',(5.644825175108,25.625925629012));
#4270 = CARTESIAN_POINT('',(5.646147226013,25.749973240257));
#4271 = CARTESIAN_POINT('',(5.646808084707,25.874997943656));
#4272 = CARTESIAN_POINT('',(5.646808084707,26.125761547295));
#4273 = CARTESIAN_POINT('',(5.646139170525,26.251546429938));
#4274 = CARTESIAN_POINT('',(5.644800996494,26.376336119918));
#4275 = CARTESIAN_POINT('',(5.642802587023,26.499146182466));
#4276 = CARTESIAN_POINT('',(5.637815324654,26.725563101394));
#4277 = CARTESIAN_POINT('',(5.634961438611,26.829797111903));
#4278 = CARTESIAN_POINT('',(5.631614337609,26.930998552642));
#4279 = CARTESIAN_POINT('',(5.627795869164,27.028511383364));
#4280 = CARTESIAN_POINT('',(5.61826903087,27.237004313843));
#4281 = CARTESIAN_POINT('',(5.612328007673,27.345728383978));
#4282 = CARTESIAN_POINT('',(5.605770862293,27.446772135272));
#4283 = CARTESIAN_POINT('',(5.598673947326,27.539299339663));
#4284 = CARTESIAN_POINT('',(5.588170180319,27.655536783972));
#4285 = CARTESIAN_POINT('',(5.585144131249,27.686876241501));
#4286 = CARTESIAN_POINT('',(5.582054055819,27.716806900244));
#4287 = CARTESIAN_POINT('',(5.578905194629,27.745310433178));
#4288 = CARTESIAN_POINT('',(5.57072584855,27.814444113965));
#4289 = CARTESIAN_POINT('',(5.565620511565,27.853033538344));
#4290 = CARTESIAN_POINT('',(5.560404897487,27.888127410293));
#4291 = CARTESIAN_POINT('',(5.555097488757,27.919738832073));
#4292 = CARTESIAN_POINT('',(5.549717137783,27.947912701134));
#4293 = ( GEOMETRIC_REPRESENTATION_CONTEXT(2) 
PARAMETRIC_REPRESENTATION_CONTEXT() REPRESENTATION_CONTEXT('2D SPACE',''
  ) );
#4294 = ORIENTED_EDGE('',*,*,#4295,.T.);
#4295 = EDGE_CURVE('',#4144,#4296,#4298,.T.);
#4296 = VERTEX_POINT('',#4297);
#4297 = CARTESIAN_POINT('',(2.1,12.5,13.));
#4298 = SURFACE_CURVE('',#4299,(#4304,#4311),.PCURVE_S1.);
#4299 = CIRCLE('',#4300,2.1);
#4300 = AXIS2_PLACEMENT_3D('',#4301,#4302,#4303);
#4301 = CARTESIAN_POINT('',(0.,12.5,13.));
#4302 = DIRECTION('',(0.,0.,1.));
#4303 = DIRECTION('',(1.,0.,-0.));
#4304 = PCURVE('',#1880,#4305);
#4305 = DEFINITIONAL_REPRESENTATION('',(#4306),#4310);
#4306 = LINE('',#4307,#4308);
#4307 = CARTESIAN_POINT('',(0.,0.));
#4308 = VECTOR('',#4309,1.);
#4309 = DIRECTION('',(1.,0.));
#4310 = ( GEOMETRIC_REPRESENTATION_CONTEXT(2) 
PARAMETRIC_REPRESENTATION_CONTEXT() REPRESENTATION_CONTEXT('2D SPACE',''
  ) );
#4311 = PCURVE('',#1970,#4312);
#4312 = DEFINITIONAL_REPRESENTATION('',(#4313),#4317);
#4313 = CIRCLE('',#4314,2.1);
#4314 = AXIS2_PLACEMENT_2D('',#4315,#4316);
#4315 = CARTESIAN_POINT('',(0.,0.));
#4316 = DIRECTION('',(1.,0.));
#4317 = ( GEOMETRIC_REPRESENTATION_CONTEXT(2) 
PARAMETRIC_REPRESENTATION_CONTEXT() REPRESENTATION_CONTEXT('2D SPACE',''
  ) );
#4318 = ORIENTED_EDGE('',*,*,#4319,.T.);
#4319 = EDGE_CURVE('',#4296,#1982,#4320,.T.);
#4320 = SURFACE_CURVE('',#4321,(#4325,#4332),.PCURVE_S1.);
#4321 = LINE('',#4322,#4323);
#4322 = CARTESIAN_POINT('',(2.1,12.5,13.));
#4323 = VECTOR('',#4324,1.);
#4324 = DIRECTION('',(0.,0.,1.));
#4325 = PCURVE('',#1880,#4326);
#4326 = DEFINITIONAL_REPRESENTATION('',(#4327),#4331);
#4327 = LINE('',#4328,#4329);
#4328 = CARTESIAN_POINT('',(6.28318530718,-0.));
#4329 = VECTOR('',#4330,1.);
#4330 = DIRECTION('',(0.,1.));
#4331 = ( GEOMETRIC_REPRESENTATION_CONTEXT(2) 
PARAMETRIC_REPRESENTATION_CONTEXT() REPRESENTATION_CONTEXT('2D SPACE',''
  ) );
#4332 = PCURVE('',#2035,#4333);
#4333 = DEFINITIONAL_REPRESENTATION('',(#4334),#4338);
#4334 = LINE('',#4335,#4336);
#4335 = CARTESIAN_POINT('',(0.,-0.));
#4336 = VECTOR('',#4337,1.);
#4337 = DIRECTION('',(0.,1.));
#4338 = ( GEOMETRIC_REPRESENTATION_CONTEXT(2) 
PARAMETRIC_REPRESENTATION_CONTEXT() REPRESENTATION_CONTEXT('2D SPACE',''
  ) );
#4339 = ORIENTED_EDGE('',*,*,#2066,.F.);
#4340 = ORIENTED_EDGE('',*,*,#4047,.T.);
#4341 = ORIENTED_EDGE('',*,*,#4096,.T.);
#4342 = ADVANCED_FACE('',(#4343),#2035,.F.);
#4343 = FACE_BOUND('',#4344,.F.);
#4344 = EDGE_LOOP('',(#4345,#4346,#4347));
#4345 = ORIENTED_EDGE('',*,*,#1981,.F.);
#4346 = ORIENTED_EDGE('',*,*,#4319,.F.);
#4347 = ORIENTED_EDGE('',*,*,#4348,.T.);
#4348 = EDGE_CURVE('',#4296,#1956,#4349,.T.);
#4349 = SURFACE_CURVE('',#4350,(#4355,#4362),.PCURVE_S1.);
#4350 = CIRCLE('',#4351,2.1);
#4351 = AXIS2_PLACEMENT_3D('',#4352,#4353,#4354);
#4352 = CARTESIAN_POINT('',(0.,12.5,13.));
#4353 = DIRECTION('',(0.,0.,1.));
#4354 = DIRECTION('',(1.,0.,-0.));
#4355 = PCURVE('',#2035,#4356);
#4356 = DEFINITIONAL_REPRESENTATION('',(#4357),#4361);
#4357 = LINE('',#4358,#4359);
#4358 = CARTESIAN_POINT('',(0.,0.));
#4359 = VECTOR('',#4360,1.);
#4360 = DIRECTION('',(1.,0.));
#4361 = ( GEOMETRIC_REPRESENTATION_CONTEXT(2) 
PARAMETRIC_REPRESENTATION_CONTEXT() REPRESENTATION_CONTEXT('2D SPACE',''
  ) );
#4362 = PCURVE('',#1970,#4363);
#4363 = DEFINITIONAL_REPRESENTATION('',(#4364),#4368);
#4364 = CIRCLE('',#4365,2.1);
#4365 = AXIS2_PLACEMENT_2D('',#4366,#4367);
#4366 = CARTESIAN_POINT('',(0.,0.));
#4367 = DIRECTION('',(1.,0.));
#4368 = ( GEOMETRIC_REPRESENTATION_CONTEXT(2) 
PARAMETRIC_REPRESENTATION_CONTEXT() REPRESENTATION_CONTEXT('2D SPACE',''
  ) );
#4369 = ADVANCED_FACE('',(#4370),#1970,.T.);
#4370 = FACE_BOUND('',#4371,.T.);
#4371 = EDGE_LOOP('',(#4372,#4373,#4374,#4375,#4376));
#4372 = ORIENTED_EDGE('',*,*,#4295,.T.);
#4373 = ORIENTED_EDGE('',*,*,#4348,.T.);
#4374 = ORIENTED_EDGE('',*,*,#1955,.F.);
#4375 = ORIENTED_EDGE('',*,*,#4119,.T.);
#4376 = ORIENTED_EDGE('',*,*,#4377,.T.);
#4377 = EDGE_CURVE('',#4120,#4144,#4378,.T.);
#4378 = SURFACE_CURVE('',#4379,(#4383,#4389),.PCURVE_S1.);
#4379 = LINE('',#4380,#4381);
#4380 = CARTESIAN_POINT('',(-26.,11.71537451386,13.));
#4381 = VECTOR('',#4382,1.);
#4382 = DIRECTION('',(1.,0.,0.));
#4383 = PCURVE('',#1970,#4384);
#4384 = DEFINITIONAL_REPRESENTATION('',(#4385),#4388);
#4385 = B_SPLINE_CURVE_WITH_KNOTS('',1,(#4386,#4387),.UNSPECIFIED.,.F.,
  .F.,(2,2),(23.48,28.52),.PIECEWISE_BEZIER_KNOTS.);
#4386 = CARTESIAN_POINT('',(-2.52,-0.78462548614));
#4387 = CARTESIAN_POINT('',(2.52,-0.78462548614));
#4388 = ( GEOMETRIC_REPRESENTATION_CONTEXT(2) 
PARAMETRIC_REPRESENTATION_CONTEXT() REPRESENTATION_CONTEXT('2D SPACE',''
  ) );
#4389 = PCURVE('',#2441,#4390);
#4390 = DEFINITIONAL_REPRESENTATION('',(#4391),#4394);
#4391 = B_SPLINE_CURVE_WITH_KNOTS('',1,(#4392,#4393),.UNSPECIFIED.,.F.,
  .F.,(2,2),(23.48,28.52),.PIECEWISE_BEZIER_KNOTS.);
#4392 = CARTESIAN_POINT('',(5.549717188995,23.48));
#4393 = CARTESIAN_POINT('',(5.549717188995,28.52));
#4394 = ( GEOMETRIC_REPRESENTATION_CONTEXT(2) 
PARAMETRIC_REPRESENTATION_CONTEXT() REPRESENTATION_CONTEXT('2D SPACE',''
  ) );
#4395 = ADVANCED_FACE('',(#4396,#4494,#4498,#4502),#2441,.F.);
#4396 = FACE_BOUND('',#4397,.F.);
#4397 = EDGE_LOOP('',(#4398,#4399,#4420,#4421,#4442,#4443,#4464,#4465,
    #4486,#4487,#4488,#4489,#4490,#4491,#4492,#4493));
#4398 = ORIENTED_EDGE('',*,*,#3026,.F.);
#4399 = ORIENTED_EDGE('',*,*,#4400,.F.);
#4400 = EDGE_CURVE('',#2357,#3027,#4401,.T.);
#4401 = SEAM_CURVE('',#4402,(#4406,#4413),.PCURVE_S1.);
#4402 = LINE('',#4403,#4404);
#4403 = CARTESIAN_POINT('',(-26.,4.286263797016E-15,17.5));
#4404 = VECTOR('',#4405,1.);
#4405 = DIRECTION('',(1.,0.,0.));
#4406 = PCURVE('',#2441,#4407);
#4407 = DEFINITIONAL_REPRESENTATION('',(#4408),#4412);
#4408 = LINE('',#4409,#4410);
#4409 = CARTESIAN_POINT('',(6.28318530718,-0.));
#4410 = VECTOR('',#4411,1.);
#4411 = DIRECTION('',(0.,1.));
#4412 = ( GEOMETRIC_REPRESENTATION_CONTEXT(2) 
PARAMETRIC_REPRESENTATION_CONTEXT() REPRESENTATION_CONTEXT('2D SPACE',''
  ) );
#4413 = PCURVE('',#2441,#4414);
#4414 = DEFINITIONAL_REPRESENTATION('',(#4415),#4419);
#4415 = LINE('',#4416,#4417);
#4416 = CARTESIAN_POINT('',(0.,-0.));
#4417 = VECTOR('',#4418,1.);
#4418 = DIRECTION('',(0.,1.));
#4419 = ( GEOMETRIC_REPRESENTATION_CONTEXT(2) 
PARAMETRIC_REPRESENTATION_CONTEXT() REPRESENTATION_CONTEXT('2D SPACE',''
  ) );
#4420 = ORIENTED_EDGE('',*,*,#2476,.F.);
#4421 = ORIENTED_EDGE('',*,*,#4422,.F.);
#4422 = EDGE_CURVE('',#2573,#2380,#4423,.T.);
#4423 = SEAM_CURVE('',#4424,(#4428,#4435),.PCURVE_S1.);
#4424 = LINE('',#4425,#4426);
#4425 = CARTESIAN_POINT('',(-26.,4.286263797016E-15,17.5));
#4426 = VECTOR('',#4427,1.);
#4427 = DIRECTION('',(1.,0.,0.));
#4428 = PCURVE('',#2441,#4429);
#4429 = DEFINITIONAL_REPRESENTATION('',(#4430),#4434);
#4430 = LINE('',#4431,#4432);
#4431 = CARTESIAN_POINT('',(6.28318530718,-0.));
#4432 = VECTOR('',#4433,1.);
#4433 = DIRECTION('',(0.,1.));
#4434 = ( GEOMETRIC_REPRESENTATION_CONTEXT(2) 
PARAMETRIC_REPRESENTATION_CONTEXT() REPRESENTATION_CONTEXT('2D SPACE',''
  ) );
#4435 = PCURVE('',#2441,#4436);
#4436 = DEFINITIONAL_REPRESENTATION('',(#4437),#4441);
#4437 = LINE('',#4438,#4439);
#4438 = CARTESIAN_POINT('',(0.,-0.));
#4439 = VECTOR('',#4440,1.);
#4440 = DIRECTION('',(0.,1.));
#4441 = ( GEOMETRIC_REPRESENTATION_CONTEXT(2) 
PARAMETRIC_REPRESENTATION_CONTEXT() REPRESENTATION_CONTEXT('2D SPACE',''
  ) );
#4442 = ORIENTED_EDGE('',*,*,#2687,.F.);
#4443 = ORIENTED_EDGE('',*,*,#4444,.F.);
#4444 = EDGE_CURVE('',#2784,#2596,#4445,.T.);
#4445 = SEAM_CURVE('',#4446,(#4450,#4457),.PCURVE_S1.);
#4446 = LINE('',#4447,#4448);
#4447 = CARTESIAN_POINT('',(-26.,4.286263797016E-15,17.5));
#4448 = VECTOR('',#4449,1.);
#4449 = DIRECTION('',(1.,0.,0.));
#4450 = PCURVE('',#2441,#4451);
#4451 = DEFINITIONAL_REPRESENTATION('',(#4452),#4456);
#4452 = LINE('',#4453,#4454);
#4453 = CARTESIAN_POINT('',(6.28318530718,-0.));
#4454 = VECTOR('',#4455,1.);
#4455 = DIRECTION('',(0.,1.));
#4456 = ( GEOMETRIC_REPRESENTATION_CONTEXT(2) 
PARAMETRIC_REPRESENTATION_CONTEXT() REPRESENTATION_CONTEXT('2D SPACE',''
  ) );
#4457 = PCURVE('',#2441,#4458);
#4458 = DEFINITIONAL_REPRESENTATION('',(#4459),#4463);
#4459 = LINE('',#4460,#4461);
#4460 = CARTESIAN_POINT('',(0.,-0.));
#4461 = VECTOR('',#4462,1.);
#4462 = DIRECTION('',(0.,1.));
#4463 = ( GEOMETRIC_REPRESENTATION_CONTEXT(2) 
PARAMETRIC_REPRESENTATION_CONTEXT() REPRESENTATION_CONTEXT('2D SPACE',''
  ) );
#4464 = ORIENTED_EDGE('',*,*,#2898,.F.);
#4465 = ORIENTED_EDGE('',*,*,#4466,.F.);
#4466 = EDGE_CURVE('',#2997,#2807,#4467,.T.);
#4467 = SEAM_CURVE('',#4468,(#4472,#4479),.PCURVE_S1.);
#4468 = LINE('',#4469,#4470);
#4469 = CARTESIAN_POINT('',(-26.,4.286263797016E-15,17.5));
#4470 = VECTOR('',#4471,1.);
#4471 = DIRECTION('',(1.,0.,0.));
#4472 = PCURVE('',#2441,#4473);
#4473 = DEFINITIONAL_REPRESENTATION('',(#4474),#4478);
#4474 = LINE('',#4475,#4476);
#4475 = CARTESIAN_POINT('',(6.28318530718,-0.));
#4476 = VECTOR('',#4477,1.);
#4477 = DIRECTION('',(0.,1.));
#4478 = ( GEOMETRIC_REPRESENTATION_CONTEXT(2) 
PARAMETRIC_REPRESENTATION_CONTEXT() REPRESENTATION_CONTEXT('2D SPACE',''
  ) );
#4479 = PCURVE('',#2441,#4480);
#4480 = DEFINITIONAL_REPRESENTATION('',(#4481),#4485);
#4481 = LINE('',#4482,#4483);
#4482 = CARTESIAN_POINT('',(0.,-0.));
#4483 = VECTOR('',#4484,1.);
#4484 = DIRECTION('',(0.,1.));
#4485 = ( GEOMETRIC_REPRESENTATION_CONTEXT(2) 
PARAMETRIC_REPRESENTATION_CONTEXT() REPRESENTATION_CONTEXT('2D SPACE',''
  ) );
#4486 = ORIENTED_EDGE('',*,*,#2996,.T.);
#4487 = ORIENTED_EDGE('',*,*,#4466,.T.);
#4488 = ORIENTED_EDGE('',*,*,#2806,.F.);
#4489 = ORIENTED_EDGE('',*,*,#4444,.T.);
#4490 = ORIENTED_EDGE('',*,*,#2595,.F.);
#4491 = ORIENTED_EDGE('',*,*,#4422,.T.);
#4492 = ORIENTED_EDGE('',*,*,#2379,.F.);
#4493 = ORIENTED_EDGE('',*,*,#4400,.T.);
#4494 = FACE_BOUND('',#4495,.F.);
#4495 = EDGE_LOOP('',(#4496,#4497));
#4496 = ORIENTED_EDGE('',*,*,#4143,.F.);
#4497 = ORIENTED_EDGE('',*,*,#4377,.T.);
#4498 = FACE_BOUND('',#4499,.F.);
#4499 = EDGE_LOOP('',(#4500,#4501));
#4500 = ORIENTED_EDGE('',*,*,#3319,.F.);
#4501 = ORIENTED_EDGE('',*,*,#3522,.F.);
#4502 = FACE_BOUND('',#4503,.F.);
#4503 = EDGE_LOOP('',(#4504));
#4504 = ORIENTED_EDGE('',*,*,#3631,.T.);
#4505 = ADVANCED_FACE('',(#4506),#3092,.F.);
#4506 = FACE_BOUND('',#4507,.F.);
#4507 = EDGE_LOOP('',(#4508,#4509,#4510,#4511));
#4508 = ORIENTED_EDGE('',*,*,#3130,.F.);
#4509 = ORIENTED_EDGE('',*,*,#3076,.T.);
#4510 = ORIENTED_EDGE('',*,*,#3602,.T.);
#4511 = ORIENTED_EDGE('',*,*,#3575,.F.);
#4512 = ADVANCED_FACE('',(#4513),#3882,.T.);
#4513 = FACE_BOUND('',#4514,.T.);
#4514 = EDGE_LOOP('',(#4515,#4516,#4517,#4518));
#4515 = ORIENTED_EDGE('',*,*,#4071,.F.);
#4516 = ORIENTED_EDGE('',*,*,#3868,.T.);
#4517 = ORIENTED_EDGE('',*,*,#3922,.T.);
#4518 = ORIENTED_EDGE('',*,*,#3997,.F.);
#4519 = ( GEOMETRIC_REPRESENTATION_CONTEXT(3) 
GLOBAL_UNCERTAINTY_ASSIGNED_CONTEXT((#4523)) 
GLOBAL_UNIT_ASSIGNED_CONTEXT((#4520,#4521,#4522)) REPRESENTATION_CONTEXT
('Context #1','3D Context with UNIT and UNCERTAINTY') );
#4520 = ( LENGTH_UNIT() NAMED_UNIT(*) SI_UNIT(.MILLI.,.METRE.) );
#4521 = ( NAMED_UNIT(*) PLANE_ANGLE_UNIT() SI_UNIT($,.RADIAN.) );
#4522 = ( NAMED_UNIT(*) SI_UNIT($,.STERADIAN.) SOLID_ANGLE_UNIT() );
#4523 = UNCERTAINTY_MEASURE_WITH_UNIT(LENGTH_MEASURE(1.E-07),#4520,
  'distance_accuracy_value','confusion accuracy');
#4524 = PRODUCT_RELATED_PRODUCT_CATEGORY('part',$,(#7));
ENDSEC;
END-ISO-10303-21;
