ISO-10303-21;
HEADER;
FILE_NAME('Open CASCADE Shape Model','2026-09-29T03:47:45',('Author'),(
    'Open CASCADE'),'Open CASCADE STEP processor 8.0','Open CASCADE 8.0'
  ,'Unknown');
FILE_DESCRIPTION(('Open CASCADE Model'),'2;1');
FILE_SCHEMA((''));
ENDSEC;
DATA;
#1 = APPLICATION_PROTOCOL_DEFINITION('international standard',
  'automotive_design',2000,#2);
#2 = APPLICATION_CONTEXT(
  'core data for automotive mechanical design processes');
#3 = SHAPE_DEFINITION_REPRESENTATION(#4,#10);
#4 = PRODUCT_DEFINITION_SHAPE('','',#5);
#5 = PRODUCT_DEFINITION('design','',#6,#9);
#6 = PRODUCT_DEFINITION_FORMATION('','',#7);
#7 = PRODUCT('Open CASCADE STEP translator 8.0 1',
  'Open CASCADE STEP translator 8.0 1','',(#8));
#8 = PRODUCT_CONTEXT('',#2,'mechanical');
#9 = PRODUCT_DEFINITION_CONTEXT('part definition',#2,'design');
#10 = ADVANCED_BREP_SHAPE_REPRESENTATION('',(#11,#15),#10957);
#11 = AXIS2_PLACEMENT_3D('',#12,#13,#14);
#12 = CARTESIAN_POINT('',(0.,0.,0.));
#13 = DIRECTION('',(0.,0.,1.));
#14 = DIRECTION('',(1.,0.,-0.));
#15 = MANIFOLD_SOLID_BREP('',#16);
#16 = CLOSED_SHELL('',(#17,#105,#1937,#3659,#3903,#3931,#4552,#4560,
    #4567,#4575,#4795,#4823,#5436,#5443,#5450,#5457,#5484,#5728,#5756,
    #6353,#6361,#6368,#6376,#6403,#6651,#6703,#7293,#7300,#7308,#7315,
    #7342,#7562,#7590,#8187,#8195,#8202,#8210,#8237,#8481,#8509,#9130,
    #9138,#9145,#9153,#9392,#9399,#9406,#9649,#9657,#9665,#9880,#9887,
    #9894,#10109,#10116,#10123,#10362,#10369,#10376,#10615,#10622,#10629
    ,#10656,#10683,#10710,#10739,#10766,#10793,#10822,#10849,#10876,
    #10903,#10930));
#17 = ADVANCED_FACE('',(#18),#31,.T.);
#18 = FACE_BOUND('',#19,.T.);
#19 = EDGE_LOOP('',(#20,#54,#77,#104));
#20 = ORIENTED_EDGE('',*,*,#21,.F.);
#21 = EDGE_CURVE('',#22,#22,#24,.T.);
#22 = VERTEX_POINT('',#23);
#23 = CARTESIAN_POINT('',(110.,-2.694222958124E-14,5.));
#24 = SURFACE_CURVE('',#25,(#30,#42),.PCURVE_S1.);
#25 = CIRCLE('',#26,110.);
#26 = AXIS2_PLACEMENT_3D('',#27,#28,#29);
#27 = CARTESIAN_POINT('',(0.,0.,5.));
#28 = DIRECTION('',(0.,0.,1.));
#29 = DIRECTION('',(1.,0.,-0.));
#30 = PCURVE('',#31,#36);
#31 = CYLINDRICAL_SURFACE('',#32,110.);
#32 = AXIS2_PLACEMENT_3D('',#33,#34,#35);
#33 = CARTESIAN_POINT('',(0.,0.,-5.));
#34 = DIRECTION('',(0.,0.,1.));
#35 = DIRECTION('',(1.,0.,-0.));
#36 = DEFINITIONAL_REPRESENTATION('',(#37),#41);
#37 = LINE('',#38,#39);
#38 = CARTESIAN_POINT('',(0.,10.));
#39 = VECTOR('',#40,1.);
#40 = DIRECTION('',(1.,0.));
#41 = ( GEOMETRIC_REPRESENTATION_CONTEXT(2) 
PARAMETRIC_REPRESENTATION_CONTEXT() REPRESENTATION_CONTEXT('2D SPACE',''
  ) );
#42 = PCURVE('',#43,#48);
#43 = PLANE('',#44);
#44 = AXIS2_PLACEMENT_3D('',#45,#46,#47);
#45 = CARTESIAN_POINT('',(0.,0.,5.));
#46 = DIRECTION('',(0.,0.,1.));
#47 = DIRECTION('',(1.,0.,-0.));
#48 = DEFINITIONAL_REPRESENTATION('',(#49),#53);
#49 = CIRCLE('',#50,110.);
#50 = AXIS2_PLACEMENT_2D('',#51,#52);
#51 = CARTESIAN_POINT('',(0.,0.));
#52 = DIRECTION('',(1.,0.));
#53 = ( GEOMETRIC_REPRESENTATION_CONTEXT(2) 
PARAMETRIC_REPRESENTATION_CONTEXT() REPRESENTATION_CONTEXT('2D SPACE',''
  ) );
#54 = ORIENTED_EDGE('',*,*,#55,.F.);
#55 = EDGE_CURVE('',#56,#22,#58,.T.);
#56 = VERTEX_POINT('',#57);
#57 = CARTESIAN_POINT('',(110.,-2.694222958124E-14,-5.));
#58 = SEAM_CURVE('',#59,(#63,#70),.PCURVE_S1.);
#59 = LINE('',#60,#61);
#60 = CARTESIAN_POINT('',(110.,-2.694222958124E-14,-5.));
#61 = VECTOR('',#62,1.);
#62 = DIRECTION('',(0.,0.,1.));
#63 = PCURVE('',#31,#64);
#64 = DEFINITIONAL_REPRESENTATION('',(#65),#69);
#65 = LINE('',#66,#67);
#66 = CARTESIAN_POINT('',(6.28318530718,-0.));
#67 = VECTOR('',#68,1.);
#68 = DIRECTION('',(0.,1.));
#69 = ( GEOMETRIC_REPRESENTATION_CONTEXT(2) 
PARAMETRIC_REPRESENTATION_CONTEXT() REPRESENTATION_CONTEXT('2D SPACE',''
  ) );
#70 = PCURVE('',#31,#71);
#71 = DEFINITIONAL_REPRESENTATION('',(#72),#76);
#72 = LINE('',#73,#74);
#73 = CARTESIAN_POINT('',(0.,-0.));
#74 = VECTOR('',#75,1.);
#75 = DIRECTION('',(0.,1.));
#76 = ( GEOMETRIC_REPRESENTATION_CONTEXT(2) 
PARAMETRIC_REPRESENTATION_CONTEXT() REPRESENTATION_CONTEXT('2D SPACE',''
  ) );
#77 = ORIENTED_EDGE('',*,*,#78,.T.);
#78 = EDGE_CURVE('',#56,#56,#79,.T.);
#79 = SURFACE_CURVE('',#80,(#85,#92),.PCURVE_S1.);
#80 = CIRCLE('',#81,110.);
#81 = AXIS2_PLACEMENT_3D('',#82,#83,#84);
#82 = CARTESIAN_POINT('',(0.,0.,-5.));
#83 = DIRECTION('',(0.,0.,1.));
#84 = DIRECTION('',(1.,0.,-0.));
#85 = PCURVE('',#31,#86);
#86 = DEFINITIONAL_REPRESENTATION('',(#87),#91);
#87 = LINE('',#88,#89);
#88 = CARTESIAN_POINT('',(0.,0.));
#89 = VECTOR('',#90,1.);
#90 = DIRECTION('',(1.,0.));
#91 = ( GEOMETRIC_REPRESENTATION_CONTEXT(2) 
PARAMETRIC_REPRESENTATION_CONTEXT() REPRESENTATION_CONTEXT('2D SPACE',''
  ) );
#92 = PCURVE('',#93,#98);
#93 = PLANE('',#94);
#94 = AXIS2_PLACEMENT_3D('',#95,#96,#97);
#95 = CARTESIAN_POINT('',(0.,0.,-5.));
#96 = DIRECTION('',(0.,0.,1.));
#97 = DIRECTION('',(1.,0.,-0.));
#98 = DEFINITIONAL_REPRESENTATION('',(#99),#103);
#99 = CIRCLE('',#100,110.);
#100 = AXIS2_PLACEMENT_2D('',#101,#102);
#101 = CARTESIAN_POINT('',(0.,0.));
#102 = DIRECTION('',(1.,0.));
#103 = ( GEOMETRIC_REPRESENTATION_CONTEXT(2) 
PARAMETRIC_REPRESENTATION_CONTEXT() REPRESENTATION_CONTEXT('2D SPACE',''
  ) );
#104 = ORIENTED_EDGE('',*,*,#55,.T.);
#105 = ADVANCED_FACE('',(#106,#109,#393,#677,#708,#992,#1023,#1307,#1338
    ,#1622,#1653),#43,.T.);
#106 = FACE_BOUND('',#107,.T.);
#107 = EDGE_LOOP('',(#108));
#108 = ORIENTED_EDGE('',*,*,#21,.T.);
#109 = FACE_BOUND('',#110,.T.);
#110 = EDGE_LOOP('',(#111,#139,#165,#191,#217,#238,#259,#280,#306,#327,
    #353,#374));
#111 = ORIENTED_EDGE('',*,*,#112,.F.);
#112 = EDGE_CURVE('',#113,#115,#117,.T.);
#113 = VERTEX_POINT('',#114);
#114 = CARTESIAN_POINT('',(-34.0711440854,-26.51578286062,5.));
#115 = VERTEX_POINT('',#116);
#116 = CARTESIAN_POINT('',(-64.0711440854,-78.47578286062,5.));
#117 = SURFACE_CURVE('',#118,(#122,#128),.PCURVE_S1.);
#118 = LINE('',#119,#120);
#119 = CARTESIAN_POINT('',(-34.0711440854,-26.51578286062,5.));
#120 = VECTOR('',#121,1.);
#121 = DIRECTION('',(-0.500011000363,-0.866019052629,0.));
#122 = PCURVE('',#43,#123);
#123 = DEFINITIONAL_REPRESENTATION('',(#124),#127);
#124 = B_SPLINE_CURVE_WITH_KNOTS('',1,(#125,#126),.UNSPECIFIED.,.F.,.F.,
  (2,2),(-5.999999971868E-07,59.99868058548),.PIECEWISE_BEZIER_KNOTS.);
#125 = CARTESIAN_POINT('',(-34.07114378539,-26.515782341));
#126 = CARTESIAN_POINT('',(-64.07114438541,-78.47578338023));
#127 = ( GEOMETRIC_REPRESENTATION_CONTEXT(2) 
PARAMETRIC_REPRESENTATION_CONTEXT() REPRESENTATION_CONTEXT('2D SPACE',''
  ) );
#128 = PCURVE('',#129,#134);
#129 = CYLINDRICAL_SURFACE('',#130,17.);
#130 = AXIS2_PLACEMENT_3D('',#131,#132,#133);
#131 = CARTESIAN_POINT('',(-20.,-34.64,0.));
#132 = DIRECTION('',(-0.500011000363,-0.866019052629,0.));
#133 = DIRECTION('',(-0.866019052629,0.500011000363,0.));
#134 = DEFINITIONAL_REPRESENTATION('',(#135),#138);
#135 = B_SPLINE_CURVE_WITH_KNOTS('',1,(#136,#137),.UNSPECIFIED.,.F.,.F.,
  (2,2),(-5.999999971868E-07,59.99868058548),.PIECEWISE_BEZIER_KNOTS.);
#136 = CARTESIAN_POINT('',(5.984653105995,-5.999999998513E-07));
#137 = CARTESIAN_POINT('',(5.984653105995,59.99868058548));
#138 = ( GEOMETRIC_REPRESENTATION_CONTEXT(2) 
PARAMETRIC_REPRESENTATION_CONTEXT() REPRESENTATION_CONTEXT('2D SPACE',''
  ) );
#139 = ORIENTED_EDGE('',*,*,#140,.T.);
#140 = EDGE_CURVE('',#113,#141,#143,.T.);
#141 = VERTEX_POINT('',#142);
#142 = CARTESIAN_POINT('',(-32.24735889501,-27.5687766195,5.));
#143 = SURFACE_CURVE('',#144,(#148,#154),.PCURVE_S1.);
#144 = LINE('',#145,#146);
#145 = CARTESIAN_POINT('',(-20.,-34.64,5.));
#146 = VECTOR('',#147,1.);
#147 = DIRECTION('',(0.866019052629,-0.500011000363,0.));
#148 = PCURVE('',#43,#149);
#149 = DEFINITIONAL_REPRESENTATION('',(#150),#153);
#150 = B_SPLINE_CURVE_WITH_KNOTS('',1,(#151,#152),.UNSPECIFIED.,.F.,.F.,
  (2,2),(-17.,17.),.PIECEWISE_BEZIER_KNOTS.);
#151 = CARTESIAN_POINT('',(-34.72232389468,-26.13981299382));
#152 = CARTESIAN_POINT('',(-5.277676105311,-43.14018700617));
#153 = ( GEOMETRIC_REPRESENTATION_CONTEXT(2) 
PARAMETRIC_REPRESENTATION_CONTEXT() REPRESENTATION_CONTEXT('2D SPACE',''
  ) );
#154 = PCURVE('',#155,#160);
#155 = PLANE('',#156);
#156 = AXIS2_PLACEMENT_3D('',#157,#158,#159);
#157 = CARTESIAN_POINT('',(-20.,-34.64,0.));
#158 = DIRECTION('',(-0.500011000363,-0.866019052629,0.));
#159 = DIRECTION('',(-0.866019052629,0.500011000363,0.));
#160 = DEFINITIONAL_REPRESENTATION('',(#161),#164);
#161 = B_SPLINE_CURVE_WITH_KNOTS('',1,(#162,#163),.UNSPECIFIED.,.F.,.F.,
  (2,2),(-17.,17.),.PIECEWISE_BEZIER_KNOTS.);
#162 = CARTESIAN_POINT('',(17.,-5.));
#163 = CARTESIAN_POINT('',(-17.,-5.));
#164 = ( GEOMETRIC_REPRESENTATION_CONTEXT(2) 
PARAMETRIC_REPRESENTATION_CONTEXT() REPRESENTATION_CONTEXT('2D SPACE',''
  ) );
#165 = ORIENTED_EDGE('',*,*,#166,.F.);
#166 = EDGE_CURVE('',#167,#141,#169,.T.);
#167 = VERTEX_POINT('',#168);
#168 = CARTESIAN_POINT('',(-29.74735889501,-23.2387766195,5.));
#169 = SURFACE_CURVE('',#170,(#174,#180),.PCURVE_S1.);
#170 = LINE('',#171,#172);
#171 = CARTESIAN_POINT('',(-29.74735889501,-23.2387766195,5.));
#172 = VECTOR('',#173,1.);
#173 = DIRECTION('',(-0.500011000363,-0.866019052629,0.));
#174 = PCURVE('',#43,#175);
#175 = DEFINITIONAL_REPRESENTATION('',(#176),#179);
#176 = B_SPLINE_CURVE_WITH_KNOTS('',1,(#177,#178),.UNSPECIFIED.,.F.,.F.,
  (2,2),(-5.999999984871E-07,69.99846058306),.PIECEWISE_BEZIER_KNOTS.);
#177 = CARTESIAN_POINT('',(-29.747358595,-23.23877609989));
#178 = CARTESIAN_POINT('',(-64.74735919501,-83.85877713912));
#179 = ( GEOMETRIC_REPRESENTATION_CONTEXT(2) 
PARAMETRIC_REPRESENTATION_CONTEXT() REPRESENTATION_CONTEXT('2D SPACE',''
  ) );
#180 = PCURVE('',#181,#186);
#181 = CYLINDRICAL_SURFACE('',#182,15.);
#182 = AXIS2_PLACEMENT_3D('',#183,#184,#185);
#183 = CARTESIAN_POINT('',(-17.5,-30.31,0.));
#184 = DIRECTION('',(-0.500011000363,-0.866019052629,0.));
#185 = DIRECTION('',(-0.866019052629,0.500011000363,0.));
#186 = DEFINITIONAL_REPRESENTATION('',(#187),#190);
#187 = B_SPLINE_CURVE_WITH_KNOTS('',1,(#188,#189),.UNSPECIFIED.,.F.,.F.,
  (2,2),(-5.999999984871E-07,69.99846058306),.PIECEWISE_BEZIER_KNOTS.);
#188 = CARTESIAN_POINT('',(5.943348397725,-6.000000002635E-07));
#189 = CARTESIAN_POINT('',(5.943348397725,69.99846058306));
#190 = ( GEOMETRIC_REPRESENTATION_CONTEXT(2) 
PARAMETRIC_REPRESENTATION_CONTEXT() REPRESENTATION_CONTEXT('2D SPACE',''
  ) );
#191 = ORIENTED_EDGE('',*,*,#192,.T.);
#192 = EDGE_CURVE('',#167,#193,#195,.T.);
#193 = VERTEX_POINT('',#194);
#194 = CARTESIAN_POINT('',(-5.252641104989,-37.38122338049,5.));
#195 = SURFACE_CURVE('',#196,(#200,#206),.PCURVE_S1.);
#196 = LINE('',#197,#198);
#197 = CARTESIAN_POINT('',(-17.5,-30.31,5.));
#198 = VECTOR('',#199,1.);
#199 = DIRECTION('',(0.866019052629,-0.500011000363,0.));
#200 = PCURVE('',#43,#201);
#201 = DEFINITIONAL_REPRESENTATION('',(#202),#205);
#202 = B_SPLINE_CURVE_WITH_KNOTS('',1,(#203,#204),.UNSPECIFIED.,.F.,.F.,
  (2,2),(-15.,15.),.PIECEWISE_BEZIER_KNOTS.);
#203 = CARTESIAN_POINT('',(-30.49028578943,-22.80983499455));
#204 = CARTESIAN_POINT('',(-4.509714210569,-37.81016500544));
#205 = ( GEOMETRIC_REPRESENTATION_CONTEXT(2) 
PARAMETRIC_REPRESENTATION_CONTEXT() REPRESENTATION_CONTEXT('2D SPACE',''
  ) );
#206 = PCURVE('',#207,#212);
#207 = PLANE('',#208);
#208 = AXIS2_PLACEMENT_3D('',#209,#210,#211);
#209 = CARTESIAN_POINT('',(-17.5,-30.31,0.));
#210 = DIRECTION('',(-0.500011000363,-0.866019052629,0.));
#211 = DIRECTION('',(-0.866019052629,0.500011000363,0.));
#212 = DEFINITIONAL_REPRESENTATION('',(#213),#216);
#213 = B_SPLINE_CURVE_WITH_KNOTS('',1,(#214,#215),.UNSPECIFIED.,.F.,.F.,
  (2,2),(-15.,15.),.PIECEWISE_BEZIER_KNOTS.);
#214 = CARTESIAN_POINT('',(15.,-5.));
#215 = CARTESIAN_POINT('',(-15.,-5.));
#216 = ( GEOMETRIC_REPRESENTATION_CONTEXT(2) 
PARAMETRIC_REPRESENTATION_CONTEXT() REPRESENTATION_CONTEXT('2D SPACE',''
  ) );
#217 = ORIENTED_EDGE('',*,*,#218,.T.);
#218 = EDGE_CURVE('',#193,#219,#221,.T.);
#219 = VERTEX_POINT('',#220);
#220 = CARTESIAN_POINT('',(-7.752641104989,-41.71122338049,5.));
#221 = SURFACE_CURVE('',#222,(#226,#232),.PCURVE_S1.);
#222 = LINE('',#223,#224);
#223 = CARTESIAN_POINT('',(-5.252641104989,-37.38122338049,5.));
#224 = VECTOR('',#225,1.);
#225 = DIRECTION('',(-0.500011000363,-0.866019052629,0.));
#226 = PCURVE('',#43,#227);
#227 = DEFINITIONAL_REPRESENTATION('',(#228),#231);
#228 = B_SPLINE_CURVE_WITH_KNOTS('',1,(#229,#230),.UNSPECIFIED.,.F.,.F.,
  (2,2),(-6.00000002452E-07,69.99846058306),.PIECEWISE_BEZIER_KNOTS.);
#229 = CARTESIAN_POINT('',(-5.252640804983,-37.38122286088));
#230 = CARTESIAN_POINT('',(-40.25264140499,-98.0012239001));
#231 = ( GEOMETRIC_REPRESENTATION_CONTEXT(2) 
PARAMETRIC_REPRESENTATION_CONTEXT() REPRESENTATION_CONTEXT('2D SPACE',''
  ) );
#232 = PCURVE('',#181,#233);
#233 = DEFINITIONAL_REPRESENTATION('',(#234),#237);
#234 = B_SPLINE_CURVE_WITH_KNOTS('',1,(#235,#236),.UNSPECIFIED.,.F.,.F.,
  (2,2),(-6.00000002452E-07,69.99846058306),.PIECEWISE_BEZIER_KNOTS.);
#235 = CARTESIAN_POINT('',(3.481429563044,-6.000000006757E-07));
#236 = CARTESIAN_POINT('',(3.481429563044,69.99846058306));
#237 = ( GEOMETRIC_REPRESENTATION_CONTEXT(2) 
PARAMETRIC_REPRESENTATION_CONTEXT() REPRESENTATION_CONTEXT('2D SPACE',''
  ) );
#238 = ORIENTED_EDGE('',*,*,#239,.T.);
#239 = EDGE_CURVE('',#219,#240,#242,.T.);
#240 = VERTEX_POINT('',#241);
#241 = CARTESIAN_POINT('',(-5.928855914595,-42.76421713937,5.));
#242 = SURFACE_CURVE('',#243,(#247,#253),.PCURVE_S1.);
#243 = LINE('',#244,#245);
#244 = CARTESIAN_POINT('',(-20.,-34.64,5.));
#245 = VECTOR('',#246,1.);
#246 = DIRECTION('',(0.866019052629,-0.500011000363,0.));
#247 = PCURVE('',#43,#248);
#248 = DEFINITIONAL_REPRESENTATION('',(#249),#252);
#249 = B_SPLINE_CURVE_WITH_KNOTS('',1,(#250,#251),.UNSPECIFIED.,.F.,.F.,
  (2,2),(-17.,17.),.PIECEWISE_BEZIER_KNOTS.);
#250 = CARTESIAN_POINT('',(-34.72232389468,-26.13981299382));
#251 = CARTESIAN_POINT('',(-5.277676105311,-43.14018700617));
#252 = ( GEOMETRIC_REPRESENTATION_CONTEXT(2) 
PARAMETRIC_REPRESENTATION_CONTEXT() REPRESENTATION_CONTEXT('2D SPACE',''
  ) );
#253 = PCURVE('',#155,#254);
#254 = DEFINITIONAL_REPRESENTATION('',(#255),#258);
#255 = B_SPLINE_CURVE_WITH_KNOTS('',1,(#256,#257),.UNSPECIFIED.,.F.,.F.,
  (2,2),(-17.,17.),.PIECEWISE_BEZIER_KNOTS.);
#256 = CARTESIAN_POINT('',(17.,-5.));
#257 = CARTESIAN_POINT('',(-17.,-5.));
#258 = ( GEOMETRIC_REPRESENTATION_CONTEXT(2) 
PARAMETRIC_REPRESENTATION_CONTEXT() REPRESENTATION_CONTEXT('2D SPACE',''
  ) );
#259 = ORIENTED_EDGE('',*,*,#260,.T.);
#260 = EDGE_CURVE('',#240,#261,#263,.T.);
#261 = VERTEX_POINT('',#262);
#262 = CARTESIAN_POINT('',(-35.92885591459,-94.72421713937,5.));
#263 = SURFACE_CURVE('',#264,(#268,#274),.PCURVE_S1.);
#264 = LINE('',#265,#266);
#265 = CARTESIAN_POINT('',(-5.928855914595,-42.76421713937,5.));
#266 = VECTOR('',#267,1.);
#267 = DIRECTION('',(-0.500011000363,-0.866019052629,0.));
#268 = PCURVE('',#43,#269);
#269 = DEFINITIONAL_REPRESENTATION('',(#270),#273);
#270 = B_SPLINE_CURVE_WITH_KNOTS('',1,(#271,#272),.UNSPECIFIED.,.F.,.F.,
  (2,2),(-6.000000015638E-07,59.99868058548),.PIECEWISE_BEZIER_KNOTS.);
#271 = CARTESIAN_POINT('',(-5.928855614589,-42.76421661976));
#272 = CARTESIAN_POINT('',(-35.9288562146,-94.72421765899));
#273 = ( GEOMETRIC_REPRESENTATION_CONTEXT(2) 
PARAMETRIC_REPRESENTATION_CONTEXT() REPRESENTATION_CONTEXT('2D SPACE',''
  ) );
#274 = PCURVE('',#129,#275);
#275 = DEFINITIONAL_REPRESENTATION('',(#276),#279);
#276 = B_SPLINE_CURVE_WITH_KNOTS('',1,(#277,#278),.UNSPECIFIED.,.F.,.F.,
  (2,2),(-6.000000015638E-07,59.99868058548),.PIECEWISE_BEZIER_KNOTS.);
#277 = CARTESIAN_POINT('',(3.440124854775,-5.999999997875E-07));
#278 = CARTESIAN_POINT('',(3.440124854775,59.99868058548));
#279 = ( GEOMETRIC_REPRESENTATION_CONTEXT(2) 
PARAMETRIC_REPRESENTATION_CONTEXT() REPRESENTATION_CONTEXT('2D SPACE',''
  ) );
#280 = ORIENTED_EDGE('',*,*,#281,.F.);
#281 = EDGE_CURVE('',#282,#261,#284,.T.);
#282 = VERTEX_POINT('',#283);
#283 = CARTESIAN_POINT('',(-37.75264110498,-93.67122338049,5.));
#284 = SURFACE_CURVE('',#285,(#289,#295),.PCURVE_S1.);
#285 = LINE('',#286,#287);
#286 = CARTESIAN_POINT('',(-50.,-86.6,5.));
#287 = VECTOR('',#288,1.);
#288 = DIRECTION('',(0.866019052629,-0.500011000363,0.));
#289 = PCURVE('',#43,#290);
#290 = DEFINITIONAL_REPRESENTATION('',(#291),#294);
#291 = B_SPLINE_CURVE_WITH_KNOTS('',1,(#292,#293),.UNSPECIFIED.,.F.,.F.,
  (2,2),(-17.,17.),.PIECEWISE_BEZIER_KNOTS.);
#292 = CARTESIAN_POINT('',(-64.72232389468,-78.09981299382));
#293 = CARTESIAN_POINT('',(-35.27767610531,-95.10018700617));
#294 = ( GEOMETRIC_REPRESENTATION_CONTEXT(2) 
PARAMETRIC_REPRESENTATION_CONTEXT() REPRESENTATION_CONTEXT('2D SPACE',''
  ) );
#295 = PCURVE('',#296,#301);
#296 = PLANE('',#297);
#297 = AXIS2_PLACEMENT_3D('',#298,#299,#300);
#298 = CARTESIAN_POINT('',(-50.,-86.6,0.));
#299 = DIRECTION('',(-0.500011000363,-0.866019052629,0.));
#300 = DIRECTION('',(-0.866019052629,0.500011000363,0.));
#301 = DEFINITIONAL_REPRESENTATION('',(#302),#305);
#302 = B_SPLINE_CURVE_WITH_KNOTS('',1,(#303,#304),.UNSPECIFIED.,.F.,.F.,
  (2,2),(-17.,17.),.PIECEWISE_BEZIER_KNOTS.);
#303 = CARTESIAN_POINT('',(17.,-5.));
#304 = CARTESIAN_POINT('',(-17.,-5.));
#305 = ( GEOMETRIC_REPRESENTATION_CONTEXT(2) 
PARAMETRIC_REPRESENTATION_CONTEXT() REPRESENTATION_CONTEXT('2D SPACE',''
  ) );
#306 = ORIENTED_EDGE('',*,*,#307,.T.);
#307 = EDGE_CURVE('',#282,#308,#310,.T.);
#308 = VERTEX_POINT('',#309);
#309 = CARTESIAN_POINT('',(-40.25264110498,-98.00122338049,5.));
#310 = SURFACE_CURVE('',#311,(#315,#321),.PCURVE_S1.);
#311 = LINE('',#312,#313);
#312 = CARTESIAN_POINT('',(-5.252641104989,-37.38122338049,5.));
#313 = VECTOR('',#314,1.);
#314 = DIRECTION('',(-0.500011000363,-0.866019052629,0.));
#315 = PCURVE('',#43,#316);
#316 = DEFINITIONAL_REPRESENTATION('',(#317),#320);
#317 = B_SPLINE_CURVE_WITH_KNOTS('',1,(#318,#319),.UNSPECIFIED.,.F.,.F.,
  (2,2),(-6.00000002452E-07,69.99846058306),.PIECEWISE_BEZIER_KNOTS.);
#318 = CARTESIAN_POINT('',(-5.252640804983,-37.38122286088));
#319 = CARTESIAN_POINT('',(-40.25264140499,-98.0012239001));
#320 = ( GEOMETRIC_REPRESENTATION_CONTEXT(2) 
PARAMETRIC_REPRESENTATION_CONTEXT() REPRESENTATION_CONTEXT('2D SPACE',''
  ) );
#321 = PCURVE('',#181,#322);
#322 = DEFINITIONAL_REPRESENTATION('',(#323),#326);
#323 = B_SPLINE_CURVE_WITH_KNOTS('',1,(#324,#325),.UNSPECIFIED.,.F.,.F.,
  (2,2),(-6.00000002452E-07,69.99846058306),.PIECEWISE_BEZIER_KNOTS.);
#324 = CARTESIAN_POINT('',(3.481429563044,-6.000000006757E-07));
#325 = CARTESIAN_POINT('',(3.481429563044,69.99846058306));
#326 = ( GEOMETRIC_REPRESENTATION_CONTEXT(2) 
PARAMETRIC_REPRESENTATION_CONTEXT() REPRESENTATION_CONTEXT('2D SPACE',''
  ) );
#327 = ORIENTED_EDGE('',*,*,#328,.F.);
#328 = EDGE_CURVE('',#329,#308,#331,.T.);
#329 = VERTEX_POINT('',#330);
#330 = CARTESIAN_POINT('',(-64.74735889501,-83.8587766195,5.));
#331 = SURFACE_CURVE('',#332,(#336,#342),.PCURVE_S1.);
#332 = LINE('',#333,#334);
#333 = CARTESIAN_POINT('',(-52.5,-90.93,5.));
#334 = VECTOR('',#335,1.);
#335 = DIRECTION('',(0.866019052629,-0.500011000363,0.));
#336 = PCURVE('',#43,#337);
#337 = DEFINITIONAL_REPRESENTATION('',(#338),#341);
#338 = B_SPLINE_CURVE_WITH_KNOTS('',1,(#339,#340),.UNSPECIFIED.,.F.,.F.,
  (2,2),(-15.,15.),.PIECEWISE_BEZIER_KNOTS.);
#339 = CARTESIAN_POINT('',(-65.49028578943,-83.42983499455));
#340 = CARTESIAN_POINT('',(-39.50971421056,-98.43016500544));
#341 = ( GEOMETRIC_REPRESENTATION_CONTEXT(2) 
PARAMETRIC_REPRESENTATION_CONTEXT() REPRESENTATION_CONTEXT('2D SPACE',''
  ) );
#342 = PCURVE('',#343,#348);
#343 = PLANE('',#344);
#344 = AXIS2_PLACEMENT_3D('',#345,#346,#347);
#345 = CARTESIAN_POINT('',(-52.5,-90.93,0.));
#346 = DIRECTION('',(-0.500011000363,-0.866019052629,0.));
#347 = DIRECTION('',(-0.866019052629,0.500011000363,0.));
#348 = DEFINITIONAL_REPRESENTATION('',(#349),#352);
#349 = B_SPLINE_CURVE_WITH_KNOTS('',1,(#350,#351),.UNSPECIFIED.,.F.,.F.,
  (2,2),(-15.,15.),.PIECEWISE_BEZIER_KNOTS.);
#350 = CARTESIAN_POINT('',(15.,-5.));
#351 = CARTESIAN_POINT('',(-15.,-5.));
#352 = ( GEOMETRIC_REPRESENTATION_CONTEXT(2) 
PARAMETRIC_REPRESENTATION_CONTEXT() REPRESENTATION_CONTEXT('2D SPACE',''
  ) );
#353 = ORIENTED_EDGE('',*,*,#354,.F.);
#354 = EDGE_CURVE('',#355,#329,#357,.T.);
#355 = VERTEX_POINT('',#356);
#356 = CARTESIAN_POINT('',(-62.24735889501,-79.5287766195,5.));
#357 = SURFACE_CURVE('',#358,(#362,#368),.PCURVE_S1.);
#358 = LINE('',#359,#360);
#359 = CARTESIAN_POINT('',(-29.74735889501,-23.2387766195,5.));
#360 = VECTOR('',#361,1.);
#361 = DIRECTION('',(-0.500011000363,-0.866019052629,0.));
#362 = PCURVE('',#43,#363);
#363 = DEFINITIONAL_REPRESENTATION('',(#364),#367);
#364 = B_SPLINE_CURVE_WITH_KNOTS('',1,(#365,#366),.UNSPECIFIED.,.F.,.F.,
  (2,2),(-5.999999984871E-07,69.99846058306),.PIECEWISE_BEZIER_KNOTS.);
#365 = CARTESIAN_POINT('',(-29.747358595,-23.23877609989));
#366 = CARTESIAN_POINT('',(-64.74735919501,-83.85877713912));
#367 = ( GEOMETRIC_REPRESENTATION_CONTEXT(2) 
PARAMETRIC_REPRESENTATION_CONTEXT() REPRESENTATION_CONTEXT('2D SPACE',''
  ) );
#368 = PCURVE('',#181,#369);
#369 = DEFINITIONAL_REPRESENTATION('',(#370),#373);
#370 = B_SPLINE_CURVE_WITH_KNOTS('',1,(#371,#372),.UNSPECIFIED.,.F.,.F.,
  (2,2),(-5.999999984871E-07,69.99846058306),.PIECEWISE_BEZIER_KNOTS.);
#371 = CARTESIAN_POINT('',(5.943348397725,-6.000000002635E-07));
#372 = CARTESIAN_POINT('',(5.943348397725,69.99846058306));
#373 = ( GEOMETRIC_REPRESENTATION_CONTEXT(2) 
PARAMETRIC_REPRESENTATION_CONTEXT() REPRESENTATION_CONTEXT('2D SPACE',''
  ) );
#374 = ORIENTED_EDGE('',*,*,#375,.F.);
#375 = EDGE_CURVE('',#115,#355,#376,.T.);
#376 = SURFACE_CURVE('',#377,(#381,#387),.PCURVE_S1.);
#377 = LINE('',#378,#379);
#378 = CARTESIAN_POINT('',(-50.,-86.6,5.));
#379 = VECTOR('',#380,1.);
#380 = DIRECTION('',(0.866019052629,-0.500011000363,0.));
#381 = PCURVE('',#43,#382);
#382 = DEFINITIONAL_REPRESENTATION('',(#383),#386);
#383 = B_SPLINE_CURVE_WITH_KNOTS('',1,(#384,#385),.UNSPECIFIED.,.F.,.F.,
  (2,2),(-17.,17.),.PIECEWISE_BEZIER_KNOTS.);
#384 = CARTESIAN_POINT('',(-64.72232389468,-78.09981299382));
#385 = CARTESIAN_POINT('',(-35.27767610531,-95.10018700617));
#386 = ( GEOMETRIC_REPRESENTATION_CONTEXT(2) 
PARAMETRIC_REPRESENTATION_CONTEXT() REPRESENTATION_CONTEXT('2D SPACE',''
  ) );
#387 = PCURVE('',#296,#388);
#388 = DEFINITIONAL_REPRESENTATION('',(#389),#392);
#389 = B_SPLINE_CURVE_WITH_KNOTS('',1,(#390,#391),.UNSPECIFIED.,.F.,.F.,
  (2,2),(-17.,17.),.PIECEWISE_BEZIER_KNOTS.);
#390 = CARTESIAN_POINT('',(17.,-5.));
#391 = CARTESIAN_POINT('',(-17.,-5.));
#392 = ( GEOMETRIC_REPRESENTATION_CONTEXT(2) 
PARAMETRIC_REPRESENTATION_CONTEXT() REPRESENTATION_CONTEXT('2D SPACE',''
  ) );
#393 = FACE_BOUND('',#394,.T.);
#394 = EDGE_LOOP('',(#395,#423,#449,#475,#501,#522,#543,#564,#590,#611,
    #637,#658));
#395 = ORIENTED_EDGE('',*,*,#396,.F.);
#396 = EDGE_CURVE('',#397,#399,#401,.T.);
#397 = VERTEX_POINT('',#398);
#398 = CARTESIAN_POINT('',(-40.,16.248076809272,5.));
#399 = VERTEX_POINT('',#400);
#400 = CARTESIAN_POINT('',(-100.,16.248076809272,5.));
#401 = SURFACE_CURVE('',#402,(#406,#412),.PCURVE_S1.);
#402 = LINE('',#403,#404);
#403 = CARTESIAN_POINT('',(-40.,16.248076809272,5.));
#404 = VECTOR('',#405,1.);
#405 = DIRECTION('',(-1.,0.,0.));
#406 = PCURVE('',#43,#407);
#407 = DEFINITIONAL_REPRESENTATION('',(#408),#411);
#408 = B_SPLINE_CURVE_WITH_KNOTS('',1,(#409,#410),.UNSPECIFIED.,.F.,.F.,
  (2,2),(-5.999999999062E-07,60.0000006),.PIECEWISE_BEZIER_KNOTS.);
#409 = CARTESIAN_POINT('',(-39.9999994,16.248076809272));
#410 = CARTESIAN_POINT('',(-100.0000006,16.248076809272));
#411 = ( GEOMETRIC_REPRESENTATION_CONTEXT(2) 
PARAMETRIC_REPRESENTATION_CONTEXT() REPRESENTATION_CONTEXT('2D SPACE',''
  ) );
#412 = PCURVE('',#413,#418);
#413 = CYLINDRICAL_SURFACE('',#414,17.);
#414 = AXIS2_PLACEMENT_3D('',#415,#416,#417);
#415 = CARTESIAN_POINT('',(-40.,0.,0.));
#416 = DIRECTION('',(-1.,0.,0.));
#417 = DIRECTION('',(0.,0.,-1.));
#418 = DEFINITIONAL_REPRESENTATION('',(#419),#422);
#419 = B_SPLINE_CURVE_WITH_KNOTS('',1,(#420,#421),.UNSPECIFIED.,.F.,.F.,
  (2,2),(-5.999999999062E-07,60.0000006),.PIECEWISE_BEZIER_KNOTS.);
#420 = CARTESIAN_POINT('',(4.4138567792,-5.999999999062E-07));
#421 = CARTESIAN_POINT('',(4.4138567792,60.0000006));
#422 = ( GEOMETRIC_REPRESENTATION_CONTEXT(2) 
PARAMETRIC_REPRESENTATION_CONTEXT() REPRESENTATION_CONTEXT('2D SPACE',''
  ) );
#423 = ORIENTED_EDGE('',*,*,#424,.T.);
#424 = EDGE_CURVE('',#397,#425,#427,.T.);
#425 = VERTEX_POINT('',#426);
#426 = CARTESIAN_POINT('',(-40.,14.142135623731,5.));
#427 = SURFACE_CURVE('',#428,(#432,#438),.PCURVE_S1.);
#428 = LINE('',#429,#430);
#429 = CARTESIAN_POINT('',(-40.,0.,5.));
#430 = VECTOR('',#431,1.);
#431 = DIRECTION('',(0.,-1.,0.));
#432 = PCURVE('',#43,#433);
#433 = DEFINITIONAL_REPRESENTATION('',(#434),#437);
#434 = B_SPLINE_CURVE_WITH_KNOTS('',1,(#435,#436),.UNSPECIFIED.,.F.,.F.,
  (2,2),(-17.,17.),.PIECEWISE_BEZIER_KNOTS.);
#435 = CARTESIAN_POINT('',(-40.,17.));
#436 = CARTESIAN_POINT('',(-40.,-17.));
#437 = ( GEOMETRIC_REPRESENTATION_CONTEXT(2) 
PARAMETRIC_REPRESENTATION_CONTEXT() REPRESENTATION_CONTEXT('2D SPACE',''
  ) );
#438 = PCURVE('',#439,#444);
#439 = PLANE('',#440);
#440 = AXIS2_PLACEMENT_3D('',#441,#442,#443);
#441 = CARTESIAN_POINT('',(-40.,0.,0.));
#442 = DIRECTION('',(-1.,0.,0.));
#443 = DIRECTION('',(0.,0.,-1.));
#444 = DEFINITIONAL_REPRESENTATION('',(#445),#448);
#445 = B_SPLINE_CURVE_WITH_KNOTS('',1,(#446,#447),.UNSPECIFIED.,.F.,.F.,
  (2,2),(-17.,17.),.PIECEWISE_BEZIER_KNOTS.);
#446 = CARTESIAN_POINT('',(-5.,-17.));
#447 = CARTESIAN_POINT('',(-5.,17.));
#448 = ( GEOMETRIC_REPRESENTATION_CONTEXT(2) 
PARAMETRIC_REPRESENTATION_CONTEXT() REPRESENTATION_CONTEXT('2D SPACE',''
  ) );
#449 = ORIENTED_EDGE('',*,*,#450,.F.);
#450 = EDGE_CURVE('',#451,#425,#453,.T.);
#451 = VERTEX_POINT('',#452);
#452 = CARTESIAN_POINT('',(-35.,14.142135623731,5.));
#453 = SURFACE_CURVE('',#454,(#458,#464),.PCURVE_S1.);
#454 = LINE('',#455,#456);
#455 = CARTESIAN_POINT('',(-35.,14.142135623731,5.));
#456 = VECTOR('',#457,1.);
#457 = DIRECTION('',(-1.,0.,0.));
#458 = PCURVE('',#43,#459);
#459 = DEFINITIONAL_REPRESENTATION('',(#460),#463);
#460 = B_SPLINE_CURVE_WITH_KNOTS('',1,(#461,#462),.UNSPECIFIED.,.F.,.F.,
  (2,2),(-5.999999999062E-07,70.0000006),.PIECEWISE_BEZIER_KNOTS.);
#461 = CARTESIAN_POINT('',(-34.9999994,14.142135623731));
#462 = CARTESIAN_POINT('',(-105.0000006,14.142135623731));
#463 = ( GEOMETRIC_REPRESENTATION_CONTEXT(2) 
PARAMETRIC_REPRESENTATION_CONTEXT() REPRESENTATION_CONTEXT('2D SPACE',''
  ) );
#464 = PCURVE('',#465,#470);
#465 = CYLINDRICAL_SURFACE('',#466,15.);
#466 = AXIS2_PLACEMENT_3D('',#467,#468,#469);
#467 = CARTESIAN_POINT('',(-35.,0.,0.));
#468 = DIRECTION('',(-1.,0.,0.));
#469 = DIRECTION('',(0.,0.,-1.));
#470 = DEFINITIONAL_REPRESENTATION('',(#471),#474);
#471 = B_SPLINE_CURVE_WITH_KNOTS('',1,(#472,#473),.UNSPECIFIED.,.F.,.F.,
  (2,2),(-5.999999999062E-07,70.0000006),.PIECEWISE_BEZIER_KNOTS.);
#472 = CARTESIAN_POINT('',(4.372552070931,-5.999999999062E-07));
#473 = CARTESIAN_POINT('',(4.372552070931,70.0000006));
#474 = ( GEOMETRIC_REPRESENTATION_CONTEXT(2) 
PARAMETRIC_REPRESENTATION_CONTEXT() REPRESENTATION_CONTEXT('2D SPACE',''
  ) );
#475 = ORIENTED_EDGE('',*,*,#476,.T.);
#476 = EDGE_CURVE('',#451,#477,#479,.T.);
#477 = VERTEX_POINT('',#478);
#478 = CARTESIAN_POINT('',(-35.,-14.14213562373,5.));
#479 = SURFACE_CURVE('',#480,(#484,#490),.PCURVE_S1.);
#480 = LINE('',#481,#482);
#481 = CARTESIAN_POINT('',(-35.,0.,5.));
#482 = VECTOR('',#483,1.);
#483 = DIRECTION('',(0.,-1.,0.));
#484 = PCURVE('',#43,#485);
#485 = DEFINITIONAL_REPRESENTATION('',(#486),#489);
#486 = B_SPLINE_CURVE_WITH_KNOTS('',1,(#487,#488),.UNSPECIFIED.,.F.,.F.,
  (2,2),(-15.,15.),.PIECEWISE_BEZIER_KNOTS.);
#487 = CARTESIAN_POINT('',(-35.,15.));
#488 = CARTESIAN_POINT('',(-35.,-15.));
#489 = ( GEOMETRIC_REPRESENTATION_CONTEXT(2) 
PARAMETRIC_REPRESENTATION_CONTEXT() REPRESENTATION_CONTEXT('2D SPACE',''
  ) );
#490 = PCURVE('',#491,#496);
#491 = PLANE('',#492);
#492 = AXIS2_PLACEMENT_3D('',#493,#494,#495);
#493 = CARTESIAN_POINT('',(-35.,0.,0.));
#494 = DIRECTION('',(-1.,0.,0.));
#495 = DIRECTION('',(0.,0.,-1.));
#496 = DEFINITIONAL_REPRESENTATION('',(#497),#500);
#497 = B_SPLINE_CURVE_WITH_KNOTS('',1,(#498,#499),.UNSPECIFIED.,.F.,.F.,
  (2,2),(-15.,15.),.PIECEWISE_BEZIER_KNOTS.);
#498 = CARTESIAN_POINT('',(-5.,-15.));
#499 = CARTESIAN_POINT('',(-5.,15.));
#500 = ( GEOMETRIC_REPRESENTATION_CONTEXT(2) 
PARAMETRIC_REPRESENTATION_CONTEXT() REPRESENTATION_CONTEXT('2D SPACE',''
  ) );
#501 = ORIENTED_EDGE('',*,*,#502,.T.);
#502 = EDGE_CURVE('',#477,#503,#505,.T.);
#503 = VERTEX_POINT('',#504);
#504 = CARTESIAN_POINT('',(-40.,-14.14213562373,5.));
#505 = SURFACE_CURVE('',#506,(#510,#516),.PCURVE_S1.);
#506 = LINE('',#507,#508);
#507 = CARTESIAN_POINT('',(-35.,-14.14213562373,5.));
#508 = VECTOR('',#509,1.);
#509 = DIRECTION('',(-1.,0.,0.));
#510 = PCURVE('',#43,#511);
#511 = DEFINITIONAL_REPRESENTATION('',(#512),#515);
#512 = B_SPLINE_CURVE_WITH_KNOTS('',1,(#513,#514),.UNSPECIFIED.,.F.,.F.,
  (2,2),(-5.999999999062E-07,70.0000006),.PIECEWISE_BEZIER_KNOTS.);
#513 = CARTESIAN_POINT('',(-34.9999994,-14.14213562373));
#514 = CARTESIAN_POINT('',(-105.0000006,-14.14213562373));
#515 = ( GEOMETRIC_REPRESENTATION_CONTEXT(2) 
PARAMETRIC_REPRESENTATION_CONTEXT() REPRESENTATION_CONTEXT('2D SPACE',''
  ) );
#516 = PCURVE('',#465,#517);
#517 = DEFINITIONAL_REPRESENTATION('',(#518),#521);
#518 = B_SPLINE_CURVE_WITH_KNOTS('',1,(#519,#520),.UNSPECIFIED.,.F.,.F.,
  (2,2),(-5.999999999062E-07,70.0000006),.PIECEWISE_BEZIER_KNOTS.);
#519 = CARTESIAN_POINT('',(1.910633236249,-5.999999999062E-07));
#520 = CARTESIAN_POINT('',(1.910633236249,70.0000006));
#521 = ( GEOMETRIC_REPRESENTATION_CONTEXT(2) 
PARAMETRIC_REPRESENTATION_CONTEXT() REPRESENTATION_CONTEXT('2D SPACE',''
  ) );
#522 = ORIENTED_EDGE('',*,*,#523,.T.);
#523 = EDGE_CURVE('',#503,#524,#526,.T.);
#524 = VERTEX_POINT('',#525);
#525 = CARTESIAN_POINT('',(-40.,-16.24807680927,5.));
#526 = SURFACE_CURVE('',#527,(#531,#537),.PCURVE_S1.);
#527 = LINE('',#528,#529);
#528 = CARTESIAN_POINT('',(-40.,0.,5.));
#529 = VECTOR('',#530,1.);
#530 = DIRECTION('',(0.,-1.,0.));
#531 = PCURVE('',#43,#532);
#532 = DEFINITIONAL_REPRESENTATION('',(#533),#536);
#533 = B_SPLINE_CURVE_WITH_KNOTS('',1,(#534,#535),.UNSPECIFIED.,.F.,.F.,
  (2,2),(-17.,17.),.PIECEWISE_BEZIER_KNOTS.);
#534 = CARTESIAN_POINT('',(-40.,17.));
#535 = CARTESIAN_POINT('',(-40.,-17.));
#536 = ( GEOMETRIC_REPRESENTATION_CONTEXT(2) 
PARAMETRIC_REPRESENTATION_CONTEXT() REPRESENTATION_CONTEXT('2D SPACE',''
  ) );
#537 = PCURVE('',#439,#538);
#538 = DEFINITIONAL_REPRESENTATION('',(#539),#542);
#539 = B_SPLINE_CURVE_WITH_KNOTS('',1,(#540,#541),.UNSPECIFIED.,.F.,.F.,
  (2,2),(-17.,17.),.PIECEWISE_BEZIER_KNOTS.);
#540 = CARTESIAN_POINT('',(-5.,-17.));
#541 = CARTESIAN_POINT('',(-5.,17.));
#542 = ( GEOMETRIC_REPRESENTATION_CONTEXT(2) 
PARAMETRIC_REPRESENTATION_CONTEXT() REPRESENTATION_CONTEXT('2D SPACE',''
  ) );
#543 = ORIENTED_EDGE('',*,*,#544,.T.);
#544 = EDGE_CURVE('',#524,#545,#547,.T.);
#545 = VERTEX_POINT('',#546);
#546 = CARTESIAN_POINT('',(-100.,-16.24807680927,5.));
#547 = SURFACE_CURVE('',#548,(#552,#558),.PCURVE_S1.);
#548 = LINE('',#549,#550);
#549 = CARTESIAN_POINT('',(-40.,-16.24807680927,5.));
#550 = VECTOR('',#551,1.);
#551 = DIRECTION('',(-1.,0.,0.));
#552 = PCURVE('',#43,#553);
#553 = DEFINITIONAL_REPRESENTATION('',(#554),#557);
#554 = B_SPLINE_CURVE_WITH_KNOTS('',1,(#555,#556),.UNSPECIFIED.,.F.,.F.,
  (2,2),(-5.999999999062E-07,60.0000006),.PIECEWISE_BEZIER_KNOTS.);
#555 = CARTESIAN_POINT('',(-39.9999994,-16.24807680927));
#556 = CARTESIAN_POINT('',(-100.0000006,-16.24807680927));
#557 = ( GEOMETRIC_REPRESENTATION_CONTEXT(2) 
PARAMETRIC_REPRESENTATION_CONTEXT() REPRESENTATION_CONTEXT('2D SPACE',''
  ) );
#558 = PCURVE('',#413,#559);
#559 = DEFINITIONAL_REPRESENTATION('',(#560),#563);
#560 = B_SPLINE_CURVE_WITH_KNOTS('',1,(#561,#562),.UNSPECIFIED.,.F.,.F.,
  (2,2),(-5.999999999062E-07,60.0000006),.PIECEWISE_BEZIER_KNOTS.);
#561 = CARTESIAN_POINT('',(1.86932852798,-5.999999999062E-07));
#562 = CARTESIAN_POINT('',(1.86932852798,60.0000006));
#563 = ( GEOMETRIC_REPRESENTATION_CONTEXT(2) 
PARAMETRIC_REPRESENTATION_CONTEXT() REPRESENTATION_CONTEXT('2D SPACE',''
  ) );
#564 = ORIENTED_EDGE('',*,*,#565,.F.);
#565 = EDGE_CURVE('',#566,#545,#568,.T.);
#566 = VERTEX_POINT('',#567);
#567 = CARTESIAN_POINT('',(-100.,-14.14213562373,5.));
#568 = SURFACE_CURVE('',#569,(#573,#579),.PCURVE_S1.);
#569 = LINE('',#570,#571);
#570 = CARTESIAN_POINT('',(-100.,0.,5.));
#571 = VECTOR('',#572,1.);
#572 = DIRECTION('',(0.,-1.,0.));
#573 = PCURVE('',#43,#574);
#574 = DEFINITIONAL_REPRESENTATION('',(#575),#578);
#575 = B_SPLINE_CURVE_WITH_KNOTS('',1,(#576,#577),.UNSPECIFIED.,.F.,.F.,
  (2,2),(-17.,17.),.PIECEWISE_BEZIER_KNOTS.);
#576 = CARTESIAN_POINT('',(-100.,17.));
#577 = CARTESIAN_POINT('',(-100.,-17.));
#578 = ( GEOMETRIC_REPRESENTATION_CONTEXT(2) 
PARAMETRIC_REPRESENTATION_CONTEXT() REPRESENTATION_CONTEXT('2D SPACE',''
  ) );
#579 = PCURVE('',#580,#585);
#580 = PLANE('',#581);
#581 = AXIS2_PLACEMENT_3D('',#582,#583,#584);
#582 = CARTESIAN_POINT('',(-100.,0.,0.));
#583 = DIRECTION('',(-1.,0.,0.));
#584 = DIRECTION('',(0.,0.,-1.));
#585 = DEFINITIONAL_REPRESENTATION('',(#586),#589);
#586 = B_SPLINE_CURVE_WITH_KNOTS('',1,(#587,#588),.UNSPECIFIED.,.F.,.F.,
  (2,2),(-17.,17.),.PIECEWISE_BEZIER_KNOTS.);
#587 = CARTESIAN_POINT('',(-5.,-17.));
#588 = CARTESIAN_POINT('',(-5.,17.));
#589 = ( GEOMETRIC_REPRESENTATION_CONTEXT(2) 
PARAMETRIC_REPRESENTATION_CONTEXT() REPRESENTATION_CONTEXT('2D SPACE',''
  ) );
#590 = ORIENTED_EDGE('',*,*,#591,.T.);
#591 = EDGE_CURVE('',#566,#592,#594,.T.);
#592 = VERTEX_POINT('',#593);
#593 = CARTESIAN_POINT('',(-105.,-14.14213562373,5.));
#594 = SURFACE_CURVE('',#595,(#599,#605),.PCURVE_S1.);
#595 = LINE('',#596,#597);
#596 = CARTESIAN_POINT('',(-35.,-14.14213562373,5.));
#597 = VECTOR('',#598,1.);
#598 = DIRECTION('',(-1.,0.,0.));
#599 = PCURVE('',#43,#600);
#600 = DEFINITIONAL_REPRESENTATION('',(#601),#604);
#601 = B_SPLINE_CURVE_WITH_KNOTS('',1,(#602,#603),.UNSPECIFIED.,.F.,.F.,
  (2,2),(-5.999999999062E-07,70.0000006),.PIECEWISE_BEZIER_KNOTS.);
#602 = CARTESIAN_POINT('',(-34.9999994,-14.14213562373));
#603 = CARTESIAN_POINT('',(-105.0000006,-14.14213562373));
#604 = ( GEOMETRIC_REPRESENTATION_CONTEXT(2) 
PARAMETRIC_REPRESENTATION_CONTEXT() REPRESENTATION_CONTEXT('2D SPACE',''
  ) );
#605 = PCURVE('',#465,#606);
#606 = DEFINITIONAL_REPRESENTATION('',(#607),#610);
#607 = B_SPLINE_CURVE_WITH_KNOTS('',1,(#608,#609),.UNSPECIFIED.,.F.,.F.,
  (2,2),(-5.999999999062E-07,70.0000006),.PIECEWISE_BEZIER_KNOTS.);
#608 = CARTESIAN_POINT('',(1.910633236249,-5.999999999062E-07));
#609 = CARTESIAN_POINT('',(1.910633236249,70.0000006));
#610 = ( GEOMETRIC_REPRESENTATION_CONTEXT(2) 
PARAMETRIC_REPRESENTATION_CONTEXT() REPRESENTATION_CONTEXT('2D SPACE',''
  ) );
#611 = ORIENTED_EDGE('',*,*,#612,.F.);
#612 = EDGE_CURVE('',#613,#592,#615,.T.);
#613 = VERTEX_POINT('',#614);
#614 = CARTESIAN_POINT('',(-105.,14.142135623731,5.));
#615 = SURFACE_CURVE('',#616,(#620,#626),.PCURVE_S1.);
#616 = LINE('',#617,#618);
#617 = CARTESIAN_POINT('',(-105.,0.,5.));
#618 = VECTOR('',#619,1.);
#619 = DIRECTION('',(0.,-1.,0.));
#620 = PCURVE('',#43,#621);
#621 = DEFINITIONAL_REPRESENTATION('',(#622),#625);
#622 = B_SPLINE_CURVE_WITH_KNOTS('',1,(#623,#624),.UNSPECIFIED.,.F.,.F.,
  (2,2),(-15.,15.),.PIECEWISE_BEZIER_KNOTS.);
#623 = CARTESIAN_POINT('',(-105.,15.));
#624 = CARTESIAN_POINT('',(-105.,-15.));
#625 = ( GEOMETRIC_REPRESENTATION_CONTEXT(2) 
PARAMETRIC_REPRESENTATION_CONTEXT() REPRESENTATION_CONTEXT('2D SPACE',''
  ) );
#626 = PCURVE('',#627,#632);
#627 = PLANE('',#628);
#628 = AXIS2_PLACEMENT_3D('',#629,#630,#631);
#629 = CARTESIAN_POINT('',(-105.,0.,0.));
#630 = DIRECTION('',(-1.,0.,0.));
#631 = DIRECTION('',(0.,0.,-1.));
#632 = DEFINITIONAL_REPRESENTATION('',(#633),#636);
#633 = B_SPLINE_CURVE_WITH_KNOTS('',1,(#634,#635),.UNSPECIFIED.,.F.,.F.,
  (2,2),(-15.,15.),.PIECEWISE_BEZIER_KNOTS.);
#634 = CARTESIAN_POINT('',(-5.,-15.));
#635 = CARTESIAN_POINT('',(-5.,15.));
#636 = ( GEOMETRIC_REPRESENTATION_CONTEXT(2) 
PARAMETRIC_REPRESENTATION_CONTEXT() REPRESENTATION_CONTEXT('2D SPACE',''
  ) );
#637 = ORIENTED_EDGE('',*,*,#638,.F.);
#638 = EDGE_CURVE('',#639,#613,#641,.T.);
#639 = VERTEX_POINT('',#640);
#640 = CARTESIAN_POINT('',(-100.,14.142135623731,5.));
#641 = SURFACE_CURVE('',#642,(#646,#652),.PCURVE_S1.);
#642 = LINE('',#643,#644);
#643 = CARTESIAN_POINT('',(-35.,14.142135623731,5.));
#644 = VECTOR('',#645,1.);
#645 = DIRECTION('',(-1.,0.,0.));
#646 = PCURVE('',#43,#647);
#647 = DEFINITIONAL_REPRESENTATION('',(#648),#651);
#648 = B_SPLINE_CURVE_WITH_KNOTS('',1,(#649,#650),.UNSPECIFIED.,.F.,.F.,
  (2,2),(-5.999999999062E-07,70.0000006),.PIECEWISE_BEZIER_KNOTS.);
#649 = CARTESIAN_POINT('',(-34.9999994,14.142135623731));
#650 = CARTESIAN_POINT('',(-105.0000006,14.142135623731));
#651 = ( GEOMETRIC_REPRESENTATION_CONTEXT(2) 
PARAMETRIC_REPRESENTATION_CONTEXT() REPRESENTATION_CONTEXT('2D SPACE',''
  ) );
#652 = PCURVE('',#465,#653);
#653 = DEFINITIONAL_REPRESENTATION('',(#654),#657);
#654 = B_SPLINE_CURVE_WITH_KNOTS('',1,(#655,#656),.UNSPECIFIED.,.F.,.F.,
  (2,2),(-5.999999999062E-07,70.0000006),.PIECEWISE_BEZIER_KNOTS.);
#655 = CARTESIAN_POINT('',(4.372552070931,-5.999999999062E-07));
#656 = CARTESIAN_POINT('',(4.372552070931,70.0000006));
#657 = ( GEOMETRIC_REPRESENTATION_CONTEXT(2) 
PARAMETRIC_REPRESENTATION_CONTEXT() REPRESENTATION_CONTEXT('2D SPACE',''
  ) );
#658 = ORIENTED_EDGE('',*,*,#659,.F.);
#659 = EDGE_CURVE('',#399,#639,#660,.T.);
#660 = SURFACE_CURVE('',#661,(#665,#671),.PCURVE_S1.);
#661 = LINE('',#662,#663);
#662 = CARTESIAN_POINT('',(-100.,0.,5.));
#663 = VECTOR('',#664,1.);
#664 = DIRECTION('',(0.,-1.,0.));
#665 = PCURVE('',#43,#666);
#666 = DEFINITIONAL_REPRESENTATION('',(#667),#670);
#667 = B_SPLINE_CURVE_WITH_KNOTS('',1,(#668,#669),.UNSPECIFIED.,.F.,.F.,
  (2,2),(-17.,17.),.PIECEWISE_BEZIER_KNOTS.);
#668 = CARTESIAN_POINT('',(-100.,17.));
#669 = CARTESIAN_POINT('',(-100.,-17.));
#670 = ( GEOMETRIC_REPRESENTATION_CONTEXT(2) 
PARAMETRIC_REPRESENTATION_CONTEXT() REPRESENTATION_CONTEXT('2D SPACE',''
  ) );
#671 = PCURVE('',#580,#672);
#672 = DEFINITIONAL_REPRESENTATION('',(#673),#676);
#673 = B_SPLINE_CURVE_WITH_KNOTS('',1,(#674,#675),.UNSPECIFIED.,.F.,.F.,
  (2,2),(-17.,17.),.PIECEWISE_BEZIER_KNOTS.);
#674 = CARTESIAN_POINT('',(-5.,-17.));
#675 = CARTESIAN_POINT('',(-5.,17.));
#676 = ( GEOMETRIC_REPRESENTATION_CONTEXT(2) 
PARAMETRIC_REPRESENTATION_CONTEXT() REPRESENTATION_CONTEXT('2D SPACE',''
  ) );
#677 = FACE_BOUND('',#678,.T.);
#678 = EDGE_LOOP('',(#679));
#679 = ORIENTED_EDGE('',*,*,#680,.F.);
#680 = EDGE_CURVE('',#681,#681,#683,.T.);
#681 = VERTEX_POINT('',#682);
#682 = CARTESIAN_POINT('',(-19.5,-22.,5.));
#683 = SURFACE_CURVE('',#684,(#689,#696),.PCURVE_S1.);
#684 = CIRCLE('',#685,2.5);
#685 = AXIS2_PLACEMENT_3D('',#686,#687,#688);
#686 = CARTESIAN_POINT('',(-22.,-22.,5.));
#687 = DIRECTION('',(0.,0.,1.));
#688 = DIRECTION('',(1.,0.,-0.));
#689 = PCURVE('',#43,#690);
#690 = DEFINITIONAL_REPRESENTATION('',(#691),#695);
#691 = CIRCLE('',#692,2.5);
#692 = AXIS2_PLACEMENT_2D('',#693,#694);
#693 = CARTESIAN_POINT('',(-22.,-22.));
#694 = DIRECTION('',(1.,0.));
#695 = ( GEOMETRIC_REPRESENTATION_CONTEXT(2) 
PARAMETRIC_REPRESENTATION_CONTEXT() REPRESENTATION_CONTEXT('2D SPACE',''
  ) );
#696 = PCURVE('',#697,#702);
#697 = CYLINDRICAL_SURFACE('',#698,2.5);
#698 = AXIS2_PLACEMENT_3D('',#699,#700,#701);
#699 = CARTESIAN_POINT('',(-22.,-22.,-6.));
#700 = DIRECTION('',(0.,0.,1.));
#701 = DIRECTION('',(1.,0.,-0.));
#702 = DEFINITIONAL_REPRESENTATION('',(#703),#707);
#703 = LINE('',#704,#705);
#704 = CARTESIAN_POINT('',(0.,11.));
#705 = VECTOR('',#706,1.);
#706 = DIRECTION('',(1.,0.));
#707 = ( GEOMETRIC_REPRESENTATION_CONTEXT(2) 
PARAMETRIC_REPRESENTATION_CONTEXT() REPRESENTATION_CONTEXT('2D SPACE',''
  ) );
#708 = FACE_BOUND('',#709,.T.);
#709 = EDGE_LOOP('',(#710,#738,#764,#790,#816,#837,#858,#879,#905,#926,
    #952,#973));
#710 = ORIENTED_EDGE('',*,*,#711,.F.);
#711 = EDGE_CURVE('',#712,#714,#716,.T.);
#712 = VERTEX_POINT('',#713);
#713 = CARTESIAN_POINT('',(5.928855914595,-42.76421713937,5.));
#714 = VERTEX_POINT('',#715);
#715 = CARTESIAN_POINT('',(35.928855914595,-94.72421713937,5.));
#716 = SURFACE_CURVE('',#717,(#721,#727),.PCURVE_S1.);
#717 = LINE('',#718,#719);
#718 = CARTESIAN_POINT('',(5.928855914595,-42.76421713937,5.));
#719 = VECTOR('',#720,1.);
#720 = DIRECTION('',(0.500011000363,-0.866019052629,0.));
#721 = PCURVE('',#43,#722);
#722 = DEFINITIONAL_REPRESENTATION('',(#723),#726);
#723 = B_SPLINE_CURVE_WITH_KNOTS('',1,(#724,#725),.UNSPECIFIED.,.F.,.F.,
  (2,2),(-5.999999997874E-07,59.99868058548),.PIECEWISE_BEZIER_KNOTS.);
#724 = CARTESIAN_POINT('',(5.928855614589,-42.76421661976));
#725 = CARTESIAN_POINT('',(35.928856214602,-94.72421765899));
#726 = ( GEOMETRIC_REPRESENTATION_CONTEXT(2) 
PARAMETRIC_REPRESENTATION_CONTEXT() REPRESENTATION_CONTEXT('2D SPACE',''
  ) );
#727 = PCURVE('',#728,#733);
#728 = CYLINDRICAL_SURFACE('',#729,17.);
#729 = AXIS2_PLACEMENT_3D('',#730,#731,#732);
#730 = CARTESIAN_POINT('',(20.,-34.64,0.));
#731 = DIRECTION('',(0.500011000363,-0.866019052629,0.));
#732 = DIRECTION('',(-0.866019052629,-0.500011000363,0.));
#733 = DEFINITIONAL_REPRESENTATION('',(#734),#737);
#734 = B_SPLINE_CURVE_WITH_KNOTS('',1,(#735,#736),.UNSPECIFIED.,.F.,.F.,
  (2,2),(-5.999999997874E-07,59.99868058548),.PIECEWISE_BEZIER_KNOTS.);
#735 = CARTESIAN_POINT('',(5.984653105995,-5.999999980111E-07));
#736 = CARTESIAN_POINT('',(5.984653105995,59.99868058548));
#737 = ( GEOMETRIC_REPRESENTATION_CONTEXT(2) 
PARAMETRIC_REPRESENTATION_CONTEXT() REPRESENTATION_CONTEXT('2D SPACE',''
  ) );
#738 = ORIENTED_EDGE('',*,*,#739,.T.);
#739 = EDGE_CURVE('',#712,#740,#742,.T.);
#740 = VERTEX_POINT('',#741);
#741 = CARTESIAN_POINT('',(7.752641104989,-41.71122338049,5.));
#742 = SURFACE_CURVE('',#743,(#747,#753),.PCURVE_S1.);
#743 = LINE('',#744,#745);
#744 = CARTESIAN_POINT('',(20.,-34.64,5.));
#745 = VECTOR('',#746,1.);
#746 = DIRECTION('',(0.866019052629,0.500011000363,-0.));
#747 = PCURVE('',#43,#748);
#748 = DEFINITIONAL_REPRESENTATION('',(#749),#752);
#749 = B_SPLINE_CURVE_WITH_KNOTS('',1,(#750,#751),.UNSPECIFIED.,.F.,.F.,
  (2,2),(-17.,17.),.PIECEWISE_BEZIER_KNOTS.);
#750 = CARTESIAN_POINT('',(5.277676105311,-43.14018700617));
#751 = CARTESIAN_POINT('',(34.722323894689,-26.13981299382));
#752 = ( GEOMETRIC_REPRESENTATION_CONTEXT(2) 
PARAMETRIC_REPRESENTATION_CONTEXT() REPRESENTATION_CONTEXT('2D SPACE',''
  ) );
#753 = PCURVE('',#754,#759);
#754 = PLANE('',#755);
#755 = AXIS2_PLACEMENT_3D('',#756,#757,#758);
#756 = CARTESIAN_POINT('',(20.,-34.64,0.));
#757 = DIRECTION('',(0.500011000363,-0.866019052629,0.));
#758 = DIRECTION('',(-0.866019052629,-0.500011000363,0.));
#759 = DEFINITIONAL_REPRESENTATION('',(#760),#763);
#760 = B_SPLINE_CURVE_WITH_KNOTS('',1,(#761,#762),.UNSPECIFIED.,.F.,.F.,
  (2,2),(-17.,17.),.PIECEWISE_BEZIER_KNOTS.);
#761 = CARTESIAN_POINT('',(17.,-5.));
#762 = CARTESIAN_POINT('',(-17.,-5.));
#763 = ( GEOMETRIC_REPRESENTATION_CONTEXT(2) 
PARAMETRIC_REPRESENTATION_CONTEXT() REPRESENTATION_CONTEXT('2D SPACE',''
  ) );
#764 = ORIENTED_EDGE('',*,*,#765,.F.);
#765 = EDGE_CURVE('',#766,#740,#768,.T.);
#766 = VERTEX_POINT('',#767);
#767 = CARTESIAN_POINT('',(5.252641104989,-37.38122338049,5.));
#768 = SURFACE_CURVE('',#769,(#773,#779),.PCURVE_S1.);
#769 = LINE('',#770,#771);
#770 = CARTESIAN_POINT('',(5.252641104989,-37.38122338049,5.));
#771 = VECTOR('',#772,1.);
#772 = DIRECTION('',(0.500011000363,-0.866019052629,0.));
#773 = PCURVE('',#43,#774);
#774 = DEFINITIONAL_REPRESENTATION('',(#775),#778);
#775 = B_SPLINE_CURVE_WITH_KNOTS('',1,(#776,#777),.UNSPECIFIED.,.F.,.F.,
  (2,2),(-6.000000015638E-07,69.99846058306),.PIECEWISE_BEZIER_KNOTS.);
#776 = CARTESIAN_POINT('',(5.252640804983,-37.38122286088));
#777 = CARTESIAN_POINT('',(40.252641404996,-98.0012239001));
#778 = ( GEOMETRIC_REPRESENTATION_CONTEXT(2) 
PARAMETRIC_REPRESENTATION_CONTEXT() REPRESENTATION_CONTEXT('2D SPACE',''
  ) );
#779 = PCURVE('',#780,#785);
#780 = CYLINDRICAL_SURFACE('',#781,15.);
#781 = AXIS2_PLACEMENT_3D('',#782,#783,#784);
#782 = CARTESIAN_POINT('',(17.5,-30.31,0.));
#783 = DIRECTION('',(0.500011000363,-0.866019052629,0.));
#784 = DIRECTION('',(-0.866019052629,-0.500011000363,0.));
#785 = DEFINITIONAL_REPRESENTATION('',(#786),#789);
#786 = B_SPLINE_CURVE_WITH_KNOTS('',1,(#787,#788),.UNSPECIFIED.,.F.,.F.,
  (2,2),(-6.000000015638E-07,69.99846058306),.PIECEWISE_BEZIER_KNOTS.);
#787 = CARTESIAN_POINT('',(5.943348397725,-5.999999997875E-07));
#788 = CARTESIAN_POINT('',(5.943348397725,69.99846058306));
#789 = ( GEOMETRIC_REPRESENTATION_CONTEXT(2) 
PARAMETRIC_REPRESENTATION_CONTEXT() REPRESENTATION_CONTEXT('2D SPACE',''
  ) );
#790 = ORIENTED_EDGE('',*,*,#791,.T.);
#791 = EDGE_CURVE('',#766,#792,#794,.T.);
#792 = VERTEX_POINT('',#793);
#793 = CARTESIAN_POINT('',(29.747358895011,-23.2387766195,5.));
#794 = SURFACE_CURVE('',#795,(#799,#805),.PCURVE_S1.);
#795 = LINE('',#796,#797);
#796 = CARTESIAN_POINT('',(17.5,-30.31,5.));
#797 = VECTOR('',#798,1.);
#798 = DIRECTION('',(0.866019052629,0.500011000363,-0.));
#799 = PCURVE('',#43,#800);
#800 = DEFINITIONAL_REPRESENTATION('',(#801),#804);
#801 = B_SPLINE_CURVE_WITH_KNOTS('',1,(#802,#803),.UNSPECIFIED.,.F.,.F.,
  (2,2),(-15.,15.),.PIECEWISE_BEZIER_KNOTS.);
#802 = CARTESIAN_POINT('',(4.509714210569,-37.81016500544));
#803 = CARTESIAN_POINT('',(30.490285789431,-22.80983499455));
#804 = ( GEOMETRIC_REPRESENTATION_CONTEXT(2) 
PARAMETRIC_REPRESENTATION_CONTEXT() REPRESENTATION_CONTEXT('2D SPACE',''
  ) );
#805 = PCURVE('',#806,#811);
#806 = PLANE('',#807);
#807 = AXIS2_PLACEMENT_3D('',#808,#809,#810);
#808 = CARTESIAN_POINT('',(17.5,-30.31,0.));
#809 = DIRECTION('',(0.500011000363,-0.866019052629,0.));
#810 = DIRECTION('',(-0.866019052629,-0.500011000363,0.));
#811 = DEFINITIONAL_REPRESENTATION('',(#812),#815);
#812 = B_SPLINE_CURVE_WITH_KNOTS('',1,(#813,#814),.UNSPECIFIED.,.F.,.F.,
  (2,2),(-15.,15.),.PIECEWISE_BEZIER_KNOTS.);
#813 = CARTESIAN_POINT('',(15.,-5.));
#814 = CARTESIAN_POINT('',(-15.,-5.));
#815 = ( GEOMETRIC_REPRESENTATION_CONTEXT(2) 
PARAMETRIC_REPRESENTATION_CONTEXT() REPRESENTATION_CONTEXT('2D SPACE',''
  ) );
#816 = ORIENTED_EDGE('',*,*,#817,.T.);
#817 = EDGE_CURVE('',#792,#818,#820,.T.);
#818 = VERTEX_POINT('',#819);
#819 = CARTESIAN_POINT('',(32.247358895011,-27.5687766195,5.));
#820 = SURFACE_CURVE('',#821,(#825,#831),.PCURVE_S1.);
#821 = LINE('',#822,#823);
#822 = CARTESIAN_POINT('',(29.747358895011,-23.2387766195,5.));
#823 = VECTOR('',#824,1.);
#824 = DIRECTION('',(0.500011000363,-0.866019052629,0.));
#825 = PCURVE('',#43,#826);
#826 = DEFINITIONAL_REPRESENTATION('',(#827),#830);
#827 = B_SPLINE_CURVE_WITH_KNOTS('',1,(#828,#829),.UNSPECIFIED.,.F.,.F.,
  (2,2),(-5.999999967107E-07,69.99846058306),.PIECEWISE_BEZIER_KNOTS.);
#828 = CARTESIAN_POINT('',(29.747358595004,-23.23877609989));
#829 = CARTESIAN_POINT('',(64.747359195017,-83.85877713912));
#830 = ( GEOMETRIC_REPRESENTATION_CONTEXT(2) 
PARAMETRIC_REPRESENTATION_CONTEXT() REPRESENTATION_CONTEXT('2D SPACE',''
  ) );
#831 = PCURVE('',#780,#832);
#832 = DEFINITIONAL_REPRESENTATION('',(#833),#836);
#833 = B_SPLINE_CURVE_WITH_KNOTS('',1,(#834,#835),.UNSPECIFIED.,.F.,.F.,
  (2,2),(-5.999999967107E-07,69.99846058306),.PIECEWISE_BEZIER_KNOTS.);
#834 = CARTESIAN_POINT('',(3.481429563044,-5.999999984871E-07));
#835 = CARTESIAN_POINT('',(3.481429563044,69.99846058306));
#836 = ( GEOMETRIC_REPRESENTATION_CONTEXT(2) 
PARAMETRIC_REPRESENTATION_CONTEXT() REPRESENTATION_CONTEXT('2D SPACE',''
  ) );
#837 = ORIENTED_EDGE('',*,*,#838,.T.);
#838 = EDGE_CURVE('',#818,#839,#841,.T.);
#839 = VERTEX_POINT('',#840);
#840 = CARTESIAN_POINT('',(34.071144085405,-26.51578286062,5.));
#841 = SURFACE_CURVE('',#842,(#846,#852),.PCURVE_S1.);
#842 = LINE('',#843,#844);
#843 = CARTESIAN_POINT('',(20.,-34.64,5.));
#844 = VECTOR('',#845,1.);
#845 = DIRECTION('',(0.866019052629,0.500011000363,-0.));
#846 = PCURVE('',#43,#847);
#847 = DEFINITIONAL_REPRESENTATION('',(#848),#851);
#848 = B_SPLINE_CURVE_WITH_KNOTS('',1,(#849,#850),.UNSPECIFIED.,.F.,.F.,
  (2,2),(-17.,17.),.PIECEWISE_BEZIER_KNOTS.);
#849 = CARTESIAN_POINT('',(5.277676105311,-43.14018700617));
#850 = CARTESIAN_POINT('',(34.722323894689,-26.13981299382));
#851 = ( GEOMETRIC_REPRESENTATION_CONTEXT(2) 
PARAMETRIC_REPRESENTATION_CONTEXT() REPRESENTATION_CONTEXT('2D SPACE',''
  ) );
#852 = PCURVE('',#754,#853);
#853 = DEFINITIONAL_REPRESENTATION('',(#854),#857);
#854 = B_SPLINE_CURVE_WITH_KNOTS('',1,(#855,#856),.UNSPECIFIED.,.F.,.F.,
  (2,2),(-17.,17.),.PIECEWISE_BEZIER_KNOTS.);
#855 = CARTESIAN_POINT('',(17.,-5.));
#856 = CARTESIAN_POINT('',(-17.,-5.));
#857 = ( GEOMETRIC_REPRESENTATION_CONTEXT(2) 
PARAMETRIC_REPRESENTATION_CONTEXT() REPRESENTATION_CONTEXT('2D SPACE',''
  ) );
#858 = ORIENTED_EDGE('',*,*,#859,.T.);
#859 = EDGE_CURVE('',#839,#860,#862,.T.);
#860 = VERTEX_POINT('',#861);
#861 = CARTESIAN_POINT('',(64.071144085405,-78.47578286062,5.));
#862 = SURFACE_CURVE('',#863,(#867,#873),.PCURVE_S1.);
#863 = LINE('',#864,#865);
#864 = CARTESIAN_POINT('',(34.071144085405,-26.51578286062,5.));
#865 = VECTOR('',#866,1.);
#866 = DIRECTION('',(0.500011000363,-0.866019052629,0.));
#867 = PCURVE('',#43,#868);
#868 = DEFINITIONAL_REPRESENTATION('',(#869),#872);
#869 = B_SPLINE_CURVE_WITH_KNOTS('',1,(#870,#871),.UNSPECIFIED.,.F.,.F.,
  (2,2),(-5.999999967107E-07,59.99868058548),.PIECEWISE_BEZIER_KNOTS.);
#870 = CARTESIAN_POINT('',(34.071143785398,-26.515782341));
#871 = CARTESIAN_POINT('',(64.071144385411,-78.47578338023));
#872 = ( GEOMETRIC_REPRESENTATION_CONTEXT(2) 
PARAMETRIC_REPRESENTATION_CONTEXT() REPRESENTATION_CONTEXT('2D SPACE',''
  ) );
#873 = PCURVE('',#728,#874);
#874 = DEFINITIONAL_REPRESENTATION('',(#875),#878);
#875 = B_SPLINE_CURVE_WITH_KNOTS('',1,(#876,#877),.UNSPECIFIED.,.F.,.F.,
  (2,2),(-5.999999967107E-07,59.99868058548),.PIECEWISE_BEZIER_KNOTS.);
#876 = CARTESIAN_POINT('',(3.440124854775,-5.999999993753E-07));
#877 = CARTESIAN_POINT('',(3.440124854775,59.99868058548));
#878 = ( GEOMETRIC_REPRESENTATION_CONTEXT(2) 
PARAMETRIC_REPRESENTATION_CONTEXT() REPRESENTATION_CONTEXT('2D SPACE',''
  ) );
#879 = ORIENTED_EDGE('',*,*,#880,.F.);
#880 = EDGE_CURVE('',#881,#860,#883,.T.);
#881 = VERTEX_POINT('',#882);
#882 = CARTESIAN_POINT('',(62.247358895011,-79.5287766195,5.));
#883 = SURFACE_CURVE('',#884,(#888,#894),.PCURVE_S1.);
#884 = LINE('',#885,#886);
#885 = CARTESIAN_POINT('',(50.,-86.6,5.));
#886 = VECTOR('',#887,1.);
#887 = DIRECTION('',(0.866019052629,0.500011000363,-0.));
#888 = PCURVE('',#43,#889);
#889 = DEFINITIONAL_REPRESENTATION('',(#890),#893);
#890 = B_SPLINE_CURVE_WITH_KNOTS('',1,(#891,#892),.UNSPECIFIED.,.F.,.F.,
  (2,2),(-17.,17.),.PIECEWISE_BEZIER_KNOTS.);
#891 = CARTESIAN_POINT('',(35.277676105311,-95.10018700617));
#892 = CARTESIAN_POINT('',(64.722323894689,-78.09981299382));
#893 = ( GEOMETRIC_REPRESENTATION_CONTEXT(2) 
PARAMETRIC_REPRESENTATION_CONTEXT() REPRESENTATION_CONTEXT('2D SPACE',''
  ) );
#894 = PCURVE('',#895,#900);
#895 = PLANE('',#896);
#896 = AXIS2_PLACEMENT_3D('',#897,#898,#899);
#897 = CARTESIAN_POINT('',(50.,-86.6,0.));
#898 = DIRECTION('',(0.500011000363,-0.866019052629,0.));
#899 = DIRECTION('',(-0.866019052629,-0.500011000363,0.));
#900 = DEFINITIONAL_REPRESENTATION('',(#901),#904);
#901 = B_SPLINE_CURVE_WITH_KNOTS('',1,(#902,#903),.UNSPECIFIED.,.F.,.F.,
  (2,2),(-17.,17.),.PIECEWISE_BEZIER_KNOTS.);
#902 = CARTESIAN_POINT('',(17.,-5.));
#903 = CARTESIAN_POINT('',(-17.,-5.));
#904 = ( GEOMETRIC_REPRESENTATION_CONTEXT(2) 
PARAMETRIC_REPRESENTATION_CONTEXT() REPRESENTATION_CONTEXT('2D SPACE',''
  ) );
#905 = ORIENTED_EDGE('',*,*,#906,.T.);
#906 = EDGE_CURVE('',#881,#907,#909,.T.);
#907 = VERTEX_POINT('',#908);
#908 = CARTESIAN_POINT('',(64.747358895011,-83.8587766195,5.));
#909 = SURFACE_CURVE('',#910,(#914,#920),.PCURVE_S1.);
#910 = LINE('',#911,#912);
#911 = CARTESIAN_POINT('',(29.747358895011,-23.2387766195,5.));
#912 = VECTOR('',#913,1.);
#913 = DIRECTION('',(0.500011000363,-0.866019052629,0.));
#914 = PCURVE('',#43,#915);
#915 = DEFINITIONAL_REPRESENTATION('',(#916),#919);
#916 = B_SPLINE_CURVE_WITH_KNOTS('',1,(#917,#918),.UNSPECIFIED.,.F.,.F.,
  (2,2),(-5.999999967107E-07,69.99846058306),.PIECEWISE_BEZIER_KNOTS.);
#917 = CARTESIAN_POINT('',(29.747358595004,-23.23877609989));
#918 = CARTESIAN_POINT('',(64.747359195017,-83.85877713912));
#919 = ( GEOMETRIC_REPRESENTATION_CONTEXT(2) 
PARAMETRIC_REPRESENTATION_CONTEXT() REPRESENTATION_CONTEXT('2D SPACE',''
  ) );
#920 = PCURVE('',#780,#921);
#921 = DEFINITIONAL_REPRESENTATION('',(#922),#925);
#922 = B_SPLINE_CURVE_WITH_KNOTS('',1,(#923,#924),.UNSPECIFIED.,.F.,.F.,
  (2,2),(-5.999999967107E-07,69.99846058306),.PIECEWISE_BEZIER_KNOTS.);
#923 = CARTESIAN_POINT('',(3.481429563044,-5.999999984871E-07));
#924 = CARTESIAN_POINT('',(3.481429563044,69.99846058306));
#925 = ( GEOMETRIC_REPRESENTATION_CONTEXT(2) 
PARAMETRIC_REPRESENTATION_CONTEXT() REPRESENTATION_CONTEXT('2D SPACE',''
  ) );
#926 = ORIENTED_EDGE('',*,*,#927,.F.);
#927 = EDGE_CURVE('',#928,#907,#930,.T.);
#928 = VERTEX_POINT('',#929);
#929 = CARTESIAN_POINT('',(40.252641104989,-98.00122338049,5.));
#930 = SURFACE_CURVE('',#931,(#935,#941),.PCURVE_S1.);
#931 = LINE('',#932,#933);
#932 = CARTESIAN_POINT('',(52.5,-90.93,5.));
#933 = VECTOR('',#934,1.);
#934 = DIRECTION('',(0.866019052629,0.500011000363,-0.));
#935 = PCURVE('',#43,#936);
#936 = DEFINITIONAL_REPRESENTATION('',(#937),#940);
#937 = B_SPLINE_CURVE_WITH_KNOTS('',1,(#938,#939),.UNSPECIFIED.,.F.,.F.,
  (2,2),(-15.,15.),.PIECEWISE_BEZIER_KNOTS.);
#938 = CARTESIAN_POINT('',(39.509714210569,-98.43016500544));
#939 = CARTESIAN_POINT('',(65.490285789431,-83.42983499455));
#940 = ( GEOMETRIC_REPRESENTATION_CONTEXT(2) 
PARAMETRIC_REPRESENTATION_CONTEXT() REPRESENTATION_CONTEXT('2D SPACE',''
  ) );
#941 = PCURVE('',#942,#947);
#942 = PLANE('',#943);
#943 = AXIS2_PLACEMENT_3D('',#944,#945,#946);
#944 = CARTESIAN_POINT('',(52.5,-90.93,0.));
#945 = DIRECTION('',(0.500011000363,-0.866019052629,0.));
#946 = DIRECTION('',(-0.866019052629,-0.500011000363,0.));
#947 = DEFINITIONAL_REPRESENTATION('',(#948),#951);
#948 = B_SPLINE_CURVE_WITH_KNOTS('',1,(#949,#950),.UNSPECIFIED.,.F.,.F.,
  (2,2),(-15.,15.),.PIECEWISE_BEZIER_KNOTS.);
#949 = CARTESIAN_POINT('',(15.,-5.));
#950 = CARTESIAN_POINT('',(-15.,-5.));
#951 = ( GEOMETRIC_REPRESENTATION_CONTEXT(2) 
PARAMETRIC_REPRESENTATION_CONTEXT() REPRESENTATION_CONTEXT('2D SPACE',''
  ) );
#952 = ORIENTED_EDGE('',*,*,#953,.F.);
#953 = EDGE_CURVE('',#954,#928,#956,.T.);
#954 = VERTEX_POINT('',#955);
#955 = CARTESIAN_POINT('',(37.752641104989,-93.67122338049,5.));
#956 = SURFACE_CURVE('',#957,(#961,#967),.PCURVE_S1.);
#957 = LINE('',#958,#959);
#958 = CARTESIAN_POINT('',(5.252641104989,-37.38122338049,5.));
#959 = VECTOR('',#960,1.);
#960 = DIRECTION('',(0.500011000363,-0.866019052629,0.));
#961 = PCURVE('',#43,#962);
#962 = DEFINITIONAL_REPRESENTATION('',(#963),#966);
#963 = B_SPLINE_CURVE_WITH_KNOTS('',1,(#964,#965),.UNSPECIFIED.,.F.,.F.,
  (2,2),(-6.000000015638E-07,69.99846058306),.PIECEWISE_BEZIER_KNOTS.);
#964 = CARTESIAN_POINT('',(5.252640804983,-37.38122286088));
#965 = CARTESIAN_POINT('',(40.252641404996,-98.0012239001));
#966 = ( GEOMETRIC_REPRESENTATION_CONTEXT(2) 
PARAMETRIC_REPRESENTATION_CONTEXT() REPRESENTATION_CONTEXT('2D SPACE',''
  ) );
#967 = PCURVE('',#780,#968);
#968 = DEFINITIONAL_REPRESENTATION('',(#969),#972);
#969 = B_SPLINE_CURVE_WITH_KNOTS('',1,(#970,#971),.UNSPECIFIED.,.F.,.F.,
  (2,2),(-6.000000015638E-07,69.99846058306),.PIECEWISE_BEZIER_KNOTS.);
#970 = CARTESIAN_POINT('',(5.943348397725,-5.999999997875E-07));
#971 = CARTESIAN_POINT('',(5.943348397725,69.99846058306));
#972 = ( GEOMETRIC_REPRESENTATION_CONTEXT(2) 
PARAMETRIC_REPRESENTATION_CONTEXT() REPRESENTATION_CONTEXT('2D SPACE',''
  ) );
#973 = ORIENTED_EDGE('',*,*,#974,.F.);
#974 = EDGE_CURVE('',#714,#954,#975,.T.);
#975 = SURFACE_CURVE('',#976,(#980,#986),.PCURVE_S1.);
#976 = LINE('',#977,#978);
#977 = CARTESIAN_POINT('',(50.,-86.6,5.));
#978 = VECTOR('',#979,1.);
#979 = DIRECTION('',(0.866019052629,0.500011000363,-0.));
#980 = PCURVE('',#43,#981);
#981 = DEFINITIONAL_REPRESENTATION('',(#982),#985);
#982 = B_SPLINE_CURVE_WITH_KNOTS('',1,(#983,#984),.UNSPECIFIED.,.F.,.F.,
  (2,2),(-17.,17.),.PIECEWISE_BEZIER_KNOTS.);
#983 = CARTESIAN_POINT('',(35.277676105311,-95.10018700617));
#984 = CARTESIAN_POINT('',(64.722323894689,-78.09981299382));
#985 = ( GEOMETRIC_REPRESENTATION_CONTEXT(2) 
PARAMETRIC_REPRESENTATION_CONTEXT() REPRESENTATION_CONTEXT('2D SPACE',''
  ) );
#986 = PCURVE('',#895,#987);
#987 = DEFINITIONAL_REPRESENTATION('',(#988),#991);
#988 = B_SPLINE_CURVE_WITH_KNOTS('',1,(#989,#990),.UNSPECIFIED.,.F.,.F.,
  (2,2),(-17.,17.),.PIECEWISE_BEZIER_KNOTS.);
#989 = CARTESIAN_POINT('',(17.,-5.));
#990 = CARTESIAN_POINT('',(-17.,-5.));
#991 = ( GEOMETRIC_REPRESENTATION_CONTEXT(2) 
PARAMETRIC_REPRESENTATION_CONTEXT() REPRESENTATION_CONTEXT('2D SPACE',''
  ) );
#992 = FACE_BOUND('',#993,.T.);
#993 = EDGE_LOOP('',(#994));
#994 = ORIENTED_EDGE('',*,*,#995,.F.);
#995 = EDGE_CURVE('',#996,#996,#998,.T.);
#996 = VERTEX_POINT('',#997);
#997 = CARTESIAN_POINT('',(24.5,-22.,5.));
#998 = SURFACE_CURVE('',#999,(#1004,#1011),.PCURVE_S1.);
#999 = CIRCLE('',#1000,2.5);
#1000 = AXIS2_PLACEMENT_3D('',#1001,#1002,#1003);
#1001 = CARTESIAN_POINT('',(22.,-22.,5.));
#1002 = DIRECTION('',(0.,0.,1.));
#1003 = DIRECTION('',(1.,0.,-0.));
#1004 = PCURVE('',#43,#1005);
#1005 = DEFINITIONAL_REPRESENTATION('',(#1006),#1010);
#1006 = CIRCLE('',#1007,2.5);
#1007 = AXIS2_PLACEMENT_2D('',#1008,#1009);
#1008 = CARTESIAN_POINT('',(22.,-22.));
#1009 = DIRECTION('',(1.,0.));
#1010 = ( GEOMETRIC_REPRESENTATION_CONTEXT(2) 
PARAMETRIC_REPRESENTATION_CONTEXT() REPRESENTATION_CONTEXT('2D SPACE',''
  ) );
#1011 = PCURVE('',#1012,#1017);
#1012 = CYLINDRICAL_SURFACE('',#1013,2.5);
#1013 = AXIS2_PLACEMENT_3D('',#1014,#1015,#1016);
#1014 = CARTESIAN_POINT('',(22.,-22.,-6.));
#1015 = DIRECTION('',(0.,0.,1.));
#1016 = DIRECTION('',(1.,0.,-0.));
#1017 = DEFINITIONAL_REPRESENTATION('',(#1018),#1022);
#1018 = LINE('',#1019,#1020);
#1019 = CARTESIAN_POINT('',(0.,11.));
#1020 = VECTOR('',#1021,1.);
#1021 = DIRECTION('',(1.,0.));
#1022 = ( GEOMETRIC_REPRESENTATION_CONTEXT(2) 
PARAMETRIC_REPRESENTATION_CONTEXT() REPRESENTATION_CONTEXT('2D SPACE',''
  ) );
#1023 = FACE_BOUND('',#1024,.T.);
#1024 = EDGE_LOOP('',(#1025,#1053,#1079,#1105,#1131,#1152,#1173,#1194,
    #1220,#1241,#1267,#1288));
#1025 = ORIENTED_EDGE('',*,*,#1026,.F.);
#1026 = EDGE_CURVE('',#1027,#1029,#1031,.T.);
#1027 = VERTEX_POINT('',#1028);
#1028 = CARTESIAN_POINT('',(40.,-16.24807680927,5.));
#1029 = VERTEX_POINT('',#1030);
#1030 = CARTESIAN_POINT('',(100.,-16.24807680927,5.));
#1031 = SURFACE_CURVE('',#1032,(#1036,#1042),.PCURVE_S1.);
#1032 = LINE('',#1033,#1034);
#1033 = CARTESIAN_POINT('',(40.,-16.24807680927,5.));
#1034 = VECTOR('',#1035,1.);
#1035 = DIRECTION('',(1.,0.,0.));
#1036 = PCURVE('',#43,#1037);
#1037 = DEFINITIONAL_REPRESENTATION('',(#1038),#1041);
#1038 = B_SPLINE_CURVE_WITH_KNOTS('',1,(#1039,#1040),.UNSPECIFIED.,.F.,
  .F.,(2,2),(-5.999999999062E-07,60.0000006),.PIECEWISE_BEZIER_KNOTS.);
#1039 = CARTESIAN_POINT('',(39.9999994,-16.24807680927));
#1040 = CARTESIAN_POINT('',(100.0000006,-16.24807680927));
#1041 = ( GEOMETRIC_REPRESENTATION_CONTEXT(2) 
PARAMETRIC_REPRESENTATION_CONTEXT() REPRESENTATION_CONTEXT('2D SPACE',''
  ) );
#1042 = PCURVE('',#1043,#1048);
#1043 = CYLINDRICAL_SURFACE('',#1044,17.);
#1044 = AXIS2_PLACEMENT_3D('',#1045,#1046,#1047);
#1045 = CARTESIAN_POINT('',(40.,0.,0.));
#1046 = DIRECTION('',(1.,0.,0.));
#1047 = DIRECTION('',(-0.,0.,1.));
#1048 = DEFINITIONAL_REPRESENTATION('',(#1049),#1052);
#1049 = B_SPLINE_CURVE_WITH_KNOTS('',1,(#1050,#1051),.UNSPECIFIED.,.F.,
  .F.,(2,2),(0.,60.),.PIECEWISE_BEZIER_KNOTS.);
#1050 = CARTESIAN_POINT('',(7.55544943279,0.));
#1051 = CARTESIAN_POINT('',(7.55544943279,60.));
#1052 = ( GEOMETRIC_REPRESENTATION_CONTEXT(2) 
PARAMETRIC_REPRESENTATION_CONTEXT() REPRESENTATION_CONTEXT('2D SPACE',''
  ) );
#1053 = ORIENTED_EDGE('',*,*,#1054,.T.);
#1054 = EDGE_CURVE('',#1027,#1055,#1057,.T.);
#1055 = VERTEX_POINT('',#1056);
#1056 = CARTESIAN_POINT('',(40.,-14.14213562373,5.));
#1057 = SURFACE_CURVE('',#1058,(#1062,#1068),.PCURVE_S1.);
#1058 = LINE('',#1059,#1060);
#1059 = CARTESIAN_POINT('',(40.,0.,5.));
#1060 = VECTOR('',#1061,1.);
#1061 = DIRECTION('',(0.,1.,0.));
#1062 = PCURVE('',#43,#1063);
#1063 = DEFINITIONAL_REPRESENTATION('',(#1064),#1067);
#1064 = B_SPLINE_CURVE_WITH_KNOTS('',1,(#1065,#1066),.UNSPECIFIED.,.F.,
  .F.,(2,2),(-17.,17.),.PIECEWISE_BEZIER_KNOTS.);
#1065 = CARTESIAN_POINT('',(40.,-17.));
#1066 = CARTESIAN_POINT('',(40.,17.));
#1067 = ( GEOMETRIC_REPRESENTATION_CONTEXT(2) 
PARAMETRIC_REPRESENTATION_CONTEXT() REPRESENTATION_CONTEXT('2D SPACE',''
  ) );
#1068 = PCURVE('',#1069,#1074);
#1069 = PLANE('',#1070);
#1070 = AXIS2_PLACEMENT_3D('',#1071,#1072,#1073);
#1071 = CARTESIAN_POINT('',(40.,0.,0.));
#1072 = DIRECTION('',(1.,0.,0.));
#1073 = DIRECTION('',(-0.,0.,1.));
#1074 = DEFINITIONAL_REPRESENTATION('',(#1075),#1078);
#1075 = B_SPLINE_CURVE_WITH_KNOTS('',1,(#1076,#1077),.UNSPECIFIED.,.F.,
  .F.,(2,2),(-17.,17.),.PIECEWISE_BEZIER_KNOTS.);
#1076 = CARTESIAN_POINT('',(5.,17.));
#1077 = CARTESIAN_POINT('',(5.,-17.));
#1078 = ( GEOMETRIC_REPRESENTATION_CONTEXT(2) 
PARAMETRIC_REPRESENTATION_CONTEXT() REPRESENTATION_CONTEXT('2D SPACE',''
  ) );
#1079 = ORIENTED_EDGE('',*,*,#1080,.F.);
#1080 = EDGE_CURVE('',#1081,#1055,#1083,.T.);
#1081 = VERTEX_POINT('',#1082);
#1082 = CARTESIAN_POINT('',(35.,-14.14213562373,5.));
#1083 = SURFACE_CURVE('',#1084,(#1088,#1094),.PCURVE_S1.);
#1084 = LINE('',#1085,#1086);
#1085 = CARTESIAN_POINT('',(35.,-14.14213562373,5.));
#1086 = VECTOR('',#1087,1.);
#1087 = DIRECTION('',(1.,0.,0.));
#1088 = PCURVE('',#43,#1089);
#1089 = DEFINITIONAL_REPRESENTATION('',(#1090),#1093);
#1090 = B_SPLINE_CURVE_WITH_KNOTS('',1,(#1091,#1092),.UNSPECIFIED.,.F.,
  .F.,(2,2),(-5.999999999062E-07,70.0000006),.PIECEWISE_BEZIER_KNOTS.);
#1091 = CARTESIAN_POINT('',(34.9999994,-14.14213562373));
#1092 = CARTESIAN_POINT('',(105.0000006,-14.14213562373));
#1093 = ( GEOMETRIC_REPRESENTATION_CONTEXT(2) 
PARAMETRIC_REPRESENTATION_CONTEXT() REPRESENTATION_CONTEXT('2D SPACE',''
  ) );
#1094 = PCURVE('',#1095,#1100);
#1095 = CYLINDRICAL_SURFACE('',#1096,15.);
#1096 = AXIS2_PLACEMENT_3D('',#1097,#1098,#1099);
#1097 = CARTESIAN_POINT('',(35.,0.,0.));
#1098 = DIRECTION('',(1.,0.,0.));
#1099 = DIRECTION('',(-0.,0.,1.));
#1100 = DEFINITIONAL_REPRESENTATION('',(#1101),#1104);
#1101 = B_SPLINE_CURVE_WITH_KNOTS('',1,(#1102,#1103),.UNSPECIFIED.,.F.,
  .F.,(2,2),(-5.999999999062E-07,70.0000006),.PIECEWISE_BEZIER_KNOTS.);
#1102 = CARTESIAN_POINT('',(1.230959417341,-5.999999999062E-07));
#1103 = CARTESIAN_POINT('',(1.230959417341,70.0000006));
#1104 = ( GEOMETRIC_REPRESENTATION_CONTEXT(2) 
PARAMETRIC_REPRESENTATION_CONTEXT() REPRESENTATION_CONTEXT('2D SPACE',''
  ) );
#1105 = ORIENTED_EDGE('',*,*,#1106,.T.);
#1106 = EDGE_CURVE('',#1081,#1107,#1109,.T.);
#1107 = VERTEX_POINT('',#1108);
#1108 = CARTESIAN_POINT('',(35.,14.142135623731,5.));
#1109 = SURFACE_CURVE('',#1110,(#1114,#1120),.PCURVE_S1.);
#1110 = LINE('',#1111,#1112);
#1111 = CARTESIAN_POINT('',(35.,0.,5.));
#1112 = VECTOR('',#1113,1.);
#1113 = DIRECTION('',(0.,1.,0.));
#1114 = PCURVE('',#43,#1115);
#1115 = DEFINITIONAL_REPRESENTATION('',(#1116),#1119);
#1116 = B_SPLINE_CURVE_WITH_KNOTS('',1,(#1117,#1118),.UNSPECIFIED.,.F.,
  .F.,(2,2),(-15.,15.),.PIECEWISE_BEZIER_KNOTS.);
#1117 = CARTESIAN_POINT('',(35.,-15.));
#1118 = CARTESIAN_POINT('',(35.,15.));
#1119 = ( GEOMETRIC_REPRESENTATION_CONTEXT(2) 
PARAMETRIC_REPRESENTATION_CONTEXT() REPRESENTATION_CONTEXT('2D SPACE',''
  ) );
#1120 = PCURVE('',#1121,#1126);
#1121 = PLANE('',#1122);
#1122 = AXIS2_PLACEMENT_3D('',#1123,#1124,#1125);
#1123 = CARTESIAN_POINT('',(35.,0.,0.));
#1124 = DIRECTION('',(1.,0.,0.));
#1125 = DIRECTION('',(-0.,0.,1.));
#1126 = DEFINITIONAL_REPRESENTATION('',(#1127),#1130);
#1127 = B_SPLINE_CURVE_WITH_KNOTS('',1,(#1128,#1129),.UNSPECIFIED.,.F.,
  .F.,(2,2),(-15.,15.),.PIECEWISE_BEZIER_KNOTS.);
#1128 = CARTESIAN_POINT('',(5.,15.));
#1129 = CARTESIAN_POINT('',(5.,-15.));
#1130 = ( GEOMETRIC_REPRESENTATION_CONTEXT(2) 
PARAMETRIC_REPRESENTATION_CONTEXT() REPRESENTATION_CONTEXT('2D SPACE',''
  ) );
#1131 = ORIENTED_EDGE('',*,*,#1132,.T.);
#1132 = EDGE_CURVE('',#1107,#1133,#1135,.T.);
#1133 = VERTEX_POINT('',#1134);
#1134 = CARTESIAN_POINT('',(40.,14.142135623731,5.));
#1135 = SURFACE_CURVE('',#1136,(#1140,#1146),.PCURVE_S1.);
#1136 = LINE('',#1137,#1138);
#1137 = CARTESIAN_POINT('',(35.,14.142135623731,5.));
#1138 = VECTOR('',#1139,1.);
#1139 = DIRECTION('',(1.,0.,0.));
#1140 = PCURVE('',#43,#1141);
#1141 = DEFINITIONAL_REPRESENTATION('',(#1142),#1145);
#1142 = B_SPLINE_CURVE_WITH_KNOTS('',1,(#1143,#1144),.UNSPECIFIED.,.F.,
  .F.,(2,2),(-5.999999999062E-07,70.0000006),.PIECEWISE_BEZIER_KNOTS.);
#1143 = CARTESIAN_POINT('',(34.9999994,14.142135623731));
#1144 = CARTESIAN_POINT('',(105.0000006,14.142135623731));
#1145 = ( GEOMETRIC_REPRESENTATION_CONTEXT(2) 
PARAMETRIC_REPRESENTATION_CONTEXT() REPRESENTATION_CONTEXT('2D SPACE',''
  ) );
#1146 = PCURVE('',#1095,#1147);
#1147 = DEFINITIONAL_REPRESENTATION('',(#1148),#1151);
#1148 = B_SPLINE_CURVE_WITH_KNOTS('',1,(#1149,#1150),.UNSPECIFIED.,.F.,
  .F.,(2,2),(-5.999999999062E-07,70.0000006),.PIECEWISE_BEZIER_KNOTS.);
#1149 = CARTESIAN_POINT('',(5.052225889839,-5.999999999062E-07));
#1150 = CARTESIAN_POINT('',(5.052225889839,70.0000006));
#1151 = ( GEOMETRIC_REPRESENTATION_CONTEXT(2) 
PARAMETRIC_REPRESENTATION_CONTEXT() REPRESENTATION_CONTEXT('2D SPACE',''
  ) );
#1152 = ORIENTED_EDGE('',*,*,#1153,.T.);
#1153 = EDGE_CURVE('',#1133,#1154,#1156,.T.);
#1154 = VERTEX_POINT('',#1155);
#1155 = CARTESIAN_POINT('',(40.,16.248076809272,5.));
#1156 = SURFACE_CURVE('',#1157,(#1161,#1167),.PCURVE_S1.);
#1157 = LINE('',#1158,#1159);
#1158 = CARTESIAN_POINT('',(40.,0.,5.));
#1159 = VECTOR('',#1160,1.);
#1160 = DIRECTION('',(0.,1.,0.));
#1161 = PCURVE('',#43,#1162);
#1162 = DEFINITIONAL_REPRESENTATION('',(#1163),#1166);
#1163 = B_SPLINE_CURVE_WITH_KNOTS('',1,(#1164,#1165),.UNSPECIFIED.,.F.,
  .F.,(2,2),(-17.,17.),.PIECEWISE_BEZIER_KNOTS.);
#1164 = CARTESIAN_POINT('',(40.,-17.));
#1165 = CARTESIAN_POINT('',(40.,17.));
#1166 = ( GEOMETRIC_REPRESENTATION_CONTEXT(2) 
PARAMETRIC_REPRESENTATION_CONTEXT() REPRESENTATION_CONTEXT('2D SPACE',''
  ) );
#1167 = PCURVE('',#1069,#1168);
#1168 = DEFINITIONAL_REPRESENTATION('',(#1169),#1172);
#1169 = B_SPLINE_CURVE_WITH_KNOTS('',1,(#1170,#1171),.UNSPECIFIED.,.F.,
  .F.,(2,2),(-17.,17.),.PIECEWISE_BEZIER_KNOTS.);
#1170 = CARTESIAN_POINT('',(5.,17.));
#1171 = CARTESIAN_POINT('',(5.,-17.));
#1172 = ( GEOMETRIC_REPRESENTATION_CONTEXT(2) 
PARAMETRIC_REPRESENTATION_CONTEXT() REPRESENTATION_CONTEXT('2D SPACE',''
  ) );
#1173 = ORIENTED_EDGE('',*,*,#1174,.T.);
#1174 = EDGE_CURVE('',#1154,#1175,#1177,.T.);
#1175 = VERTEX_POINT('',#1176);
#1176 = CARTESIAN_POINT('',(100.,16.248076809272,5.));
#1177 = SURFACE_CURVE('',#1178,(#1182,#1188),.PCURVE_S1.);
#1178 = LINE('',#1179,#1180);
#1179 = CARTESIAN_POINT('',(40.,16.248076809272,5.));
#1180 = VECTOR('',#1181,1.);
#1181 = DIRECTION('',(1.,0.,0.));
#1182 = PCURVE('',#43,#1183);
#1183 = DEFINITIONAL_REPRESENTATION('',(#1184),#1187);
#1184 = B_SPLINE_CURVE_WITH_KNOTS('',1,(#1185,#1186),.UNSPECIFIED.,.F.,
  .F.,(2,2),(-5.999999999062E-07,60.0000006),.PIECEWISE_BEZIER_KNOTS.);
#1185 = CARTESIAN_POINT('',(39.9999994,16.248076809272));
#1186 = CARTESIAN_POINT('',(100.0000006,16.248076809272));
#1187 = ( GEOMETRIC_REPRESENTATION_CONTEXT(2) 
PARAMETRIC_REPRESENTATION_CONTEXT() REPRESENTATION_CONTEXT('2D SPACE',''
  ) );
#1188 = PCURVE('',#1043,#1189);
#1189 = DEFINITIONAL_REPRESENTATION('',(#1190),#1193);
#1190 = B_SPLINE_CURVE_WITH_KNOTS('',1,(#1191,#1192),.UNSPECIFIED.,.F.,
  .F.,(2,2),(0.,60.),.PIECEWISE_BEZIER_KNOTS.);
#1191 = CARTESIAN_POINT('',(5.01092118157,0.));
#1192 = CARTESIAN_POINT('',(5.01092118157,60.));
#1193 = ( GEOMETRIC_REPRESENTATION_CONTEXT(2) 
PARAMETRIC_REPRESENTATION_CONTEXT() REPRESENTATION_CONTEXT('2D SPACE',''
  ) );
#1194 = ORIENTED_EDGE('',*,*,#1195,.F.);
#1195 = EDGE_CURVE('',#1196,#1175,#1198,.T.);
#1196 = VERTEX_POINT('',#1197);
#1197 = CARTESIAN_POINT('',(100.,14.142135623731,5.));
#1198 = SURFACE_CURVE('',#1199,(#1203,#1209),.PCURVE_S1.);
#1199 = LINE('',#1200,#1201);
#1200 = CARTESIAN_POINT('',(100.,0.,5.));
#1201 = VECTOR('',#1202,1.);
#1202 = DIRECTION('',(0.,1.,0.));
#1203 = PCURVE('',#43,#1204);
#1204 = DEFINITIONAL_REPRESENTATION('',(#1205),#1208);
#1205 = B_SPLINE_CURVE_WITH_KNOTS('',1,(#1206,#1207),.UNSPECIFIED.,.F.,
  .F.,(2,2),(-17.,17.),.PIECEWISE_BEZIER_KNOTS.);
#1206 = CARTESIAN_POINT('',(100.,-17.));
#1207 = CARTESIAN_POINT('',(100.,17.));
#1208 = ( GEOMETRIC_REPRESENTATION_CONTEXT(2) 
PARAMETRIC_REPRESENTATION_CONTEXT() REPRESENTATION_CONTEXT('2D SPACE',''
  ) );
#1209 = PCURVE('',#1210,#1215);
#1210 = PLANE('',#1211);
#1211 = AXIS2_PLACEMENT_3D('',#1212,#1213,#1214);
#1212 = CARTESIAN_POINT('',(100.,0.,0.));
#1213 = DIRECTION('',(1.,0.,0.));
#1214 = DIRECTION('',(-0.,0.,1.));
#1215 = DEFINITIONAL_REPRESENTATION('',(#1216),#1219);
#1216 = B_SPLINE_CURVE_WITH_KNOTS('',1,(#1217,#1218),.UNSPECIFIED.,.F.,
  .F.,(2,2),(-17.,17.),.PIECEWISE_BEZIER_KNOTS.);
#1217 = CARTESIAN_POINT('',(5.,17.));
#1218 = CARTESIAN_POINT('',(5.,-17.));
#1219 = ( GEOMETRIC_REPRESENTATION_CONTEXT(2) 
PARAMETRIC_REPRESENTATION_CONTEXT() REPRESENTATION_CONTEXT('2D SPACE',''
  ) );
#1220 = ORIENTED_EDGE('',*,*,#1221,.T.);
#1221 = EDGE_CURVE('',#1196,#1222,#1224,.T.);
#1222 = VERTEX_POINT('',#1223);
#1223 = CARTESIAN_POINT('',(105.,14.142135623731,5.));
#1224 = SURFACE_CURVE('',#1225,(#1229,#1235),.PCURVE_S1.);
#1225 = LINE('',#1226,#1227);
#1226 = CARTESIAN_POINT('',(35.,14.142135623731,5.));
#1227 = VECTOR('',#1228,1.);
#1228 = DIRECTION('',(1.,0.,0.));
#1229 = PCURVE('',#43,#1230);
#1230 = DEFINITIONAL_REPRESENTATION('',(#1231),#1234);
#1231 = B_SPLINE_CURVE_WITH_KNOTS('',1,(#1232,#1233),.UNSPECIFIED.,.F.,
  .F.,(2,2),(-5.999999999062E-07,70.0000006),.PIECEWISE_BEZIER_KNOTS.);
#1232 = CARTESIAN_POINT('',(34.9999994,14.142135623731));
#1233 = CARTESIAN_POINT('',(105.0000006,14.142135623731));
#1234 = ( GEOMETRIC_REPRESENTATION_CONTEXT(2) 
PARAMETRIC_REPRESENTATION_CONTEXT() REPRESENTATION_CONTEXT('2D SPACE',''
  ) );
#1235 = PCURVE('',#1095,#1236);
#1236 = DEFINITIONAL_REPRESENTATION('',(#1237),#1240);
#1237 = B_SPLINE_CURVE_WITH_KNOTS('',1,(#1238,#1239),.UNSPECIFIED.,.F.,
  .F.,(2,2),(-5.999999999062E-07,70.0000006),.PIECEWISE_BEZIER_KNOTS.);
#1238 = CARTESIAN_POINT('',(5.052225889839,-5.999999999062E-07));
#1239 = CARTESIAN_POINT('',(5.052225889839,70.0000006));
#1240 = ( GEOMETRIC_REPRESENTATION_CONTEXT(2) 
PARAMETRIC_REPRESENTATION_CONTEXT() REPRESENTATION_CONTEXT('2D SPACE',''
  ) );
#1241 = ORIENTED_EDGE('',*,*,#1242,.F.);
#1242 = EDGE_CURVE('',#1243,#1222,#1245,.T.);
#1243 = VERTEX_POINT('',#1244);
#1244 = CARTESIAN_POINT('',(105.,-14.14213562373,5.));
#1245 = SURFACE_CURVE('',#1246,(#1250,#1256),.PCURVE_S1.);
#1246 = LINE('',#1247,#1248);
#1247 = CARTESIAN_POINT('',(105.,0.,5.));
#1248 = VECTOR('',#1249,1.);
#1249 = DIRECTION('',(0.,1.,0.));
#1250 = PCURVE('',#43,#1251);
#1251 = DEFINITIONAL_REPRESENTATION('',(#1252),#1255);
#1252 = B_SPLINE_CURVE_WITH_KNOTS('',1,(#1253,#1254),.UNSPECIFIED.,.F.,
  .F.,(2,2),(-15.,15.),.PIECEWISE_BEZIER_KNOTS.);
#1253 = CARTESIAN_POINT('',(105.,-15.));
#1254 = CARTESIAN_POINT('',(105.,15.));
#1255 = ( GEOMETRIC_REPRESENTATION_CONTEXT(2) 
PARAMETRIC_REPRESENTATION_CONTEXT() REPRESENTATION_CONTEXT('2D SPACE',''
  ) );
#1256 = PCURVE('',#1257,#1262);
#1257 = PLANE('',#1258);
#1258 = AXIS2_PLACEMENT_3D('',#1259,#1260,#1261);
#1259 = CARTESIAN_POINT('',(105.,0.,0.));
#1260 = DIRECTION('',(1.,0.,0.));
#1261 = DIRECTION('',(-0.,0.,1.));
#1262 = DEFINITIONAL_REPRESENTATION('',(#1263),#1266);
#1263 = B_SPLINE_CURVE_WITH_KNOTS('',1,(#1264,#1265),.UNSPECIFIED.,.F.,
  .F.,(2,2),(-15.,15.),.PIECEWISE_BEZIER_KNOTS.);
#1264 = CARTESIAN_POINT('',(5.,15.));
#1265 = CARTESIAN_POINT('',(5.,-15.));
#1266 = ( GEOMETRIC_REPRESENTATION_CONTEXT(2) 
PARAMETRIC_REPRESENTATION_CONTEXT() REPRESENTATION_CONTEXT('2D SPACE',''
  ) );
#1267 = ORIENTED_EDGE('',*,*,#1268,.F.);
#1268 = EDGE_CURVE('',#1269,#1243,#1271,.T.);
#1269 = VERTEX_POINT('',#1270);
#1270 = CARTESIAN_POINT('',(100.,-14.14213562373,5.));
#1271 = SURFACE_CURVE('',#1272,(#1276,#1282),.PCURVE_S1.);
#1272 = LINE('',#1273,#1274);
#1273 = CARTESIAN_POINT('',(35.,-14.14213562373,5.));
#1274 = VECTOR('',#1275,1.);
#1275 = DIRECTION('',(1.,0.,0.));
#1276 = PCURVE('',#43,#1277);
#1277 = DEFINITIONAL_REPRESENTATION('',(#1278),#1281);
#1278 = B_SPLINE_CURVE_WITH_KNOTS('',1,(#1279,#1280),.UNSPECIFIED.,.F.,
  .F.,(2,2),(-5.999999999062E-07,70.0000006),.PIECEWISE_BEZIER_KNOTS.);
#1279 = CARTESIAN_POINT('',(34.9999994,-14.14213562373));
#1280 = CARTESIAN_POINT('',(105.0000006,-14.14213562373));
#1281 = ( GEOMETRIC_REPRESENTATION_CONTEXT(2) 
PARAMETRIC_REPRESENTATION_CONTEXT() REPRESENTATION_CONTEXT('2D SPACE',''
  ) );
#1282 = PCURVE('',#1095,#1283);
#1283 = DEFINITIONAL_REPRESENTATION('',(#1284),#1287);
#1284 = B_SPLINE_CURVE_WITH_KNOTS('',1,(#1285,#1286),.UNSPECIFIED.,.F.,
  .F.,(2,2),(-5.999999999062E-07,70.0000006),.PIECEWISE_BEZIER_KNOTS.);
#1285 = CARTESIAN_POINT('',(1.230959417341,-5.999999999062E-07));
#1286 = CARTESIAN_POINT('',(1.230959417341,70.0000006));
#1287 = ( GEOMETRIC_REPRESENTATION_CONTEXT(2) 
PARAMETRIC_REPRESENTATION_CONTEXT() REPRESENTATION_CONTEXT('2D SPACE',''
  ) );
#1288 = ORIENTED_EDGE('',*,*,#1289,.F.);
#1289 = EDGE_CURVE('',#1029,#1269,#1290,.T.);
#1290 = SURFACE_CURVE('',#1291,(#1295,#1301),.PCURVE_S1.);
#1291 = LINE('',#1292,#1293);
#1292 = CARTESIAN_POINT('',(100.,0.,5.));
#1293 = VECTOR('',#1294,1.);
#1294 = DIRECTION('',(0.,1.,0.));
#1295 = PCURVE('',#43,#1296);
#1296 = DEFINITIONAL_REPRESENTATION('',(#1297),#1300);
#1297 = B_SPLINE_CURVE_WITH_KNOTS('',1,(#1298,#1299),.UNSPECIFIED.,.F.,
  .F.,(2,2),(-17.,17.),.PIECEWISE_BEZIER_KNOTS.);
#1298 = CARTESIAN_POINT('',(100.,-17.));
#1299 = CARTESIAN_POINT('',(100.,17.));
#1300 = ( GEOMETRIC_REPRESENTATION_CONTEXT(2) 
PARAMETRIC_REPRESENTATION_CONTEXT() REPRESENTATION_CONTEXT('2D SPACE',''
  ) );
#1301 = PCURVE('',#1210,#1302);
#1302 = DEFINITIONAL_REPRESENTATION('',(#1303),#1306);
#1303 = B_SPLINE_CURVE_WITH_KNOTS('',1,(#1304,#1305),.UNSPECIFIED.,.F.,
  .F.,(2,2),(-17.,17.),.PIECEWISE_BEZIER_KNOTS.);
#1304 = CARTESIAN_POINT('',(5.,17.));
#1305 = CARTESIAN_POINT('',(5.,-17.));
#1306 = ( GEOMETRIC_REPRESENTATION_CONTEXT(2) 
PARAMETRIC_REPRESENTATION_CONTEXT() REPRESENTATION_CONTEXT('2D SPACE',''
  ) );
#1307 = FACE_BOUND('',#1308,.T.);
#1308 = EDGE_LOOP('',(#1309));
#1309 = ORIENTED_EDGE('',*,*,#1310,.F.);
#1310 = EDGE_CURVE('',#1311,#1311,#1313,.T.);
#1311 = VERTEX_POINT('',#1312);
#1312 = CARTESIAN_POINT('',(-19.5,22.,5.));
#1313 = SURFACE_CURVE('',#1314,(#1319,#1326),.PCURVE_S1.);
#1314 = CIRCLE('',#1315,2.5);
#1315 = AXIS2_PLACEMENT_3D('',#1316,#1317,#1318);
#1316 = CARTESIAN_POINT('',(-22.,22.,5.));
#1317 = DIRECTION('',(0.,0.,1.));
#1318 = DIRECTION('',(1.,0.,-0.));
#1319 = PCURVE('',#43,#1320);
#1320 = DEFINITIONAL_REPRESENTATION('',(#1321),#1325);
#1321 = CIRCLE('',#1322,2.5);
#1322 = AXIS2_PLACEMENT_2D('',#1323,#1324);
#1323 = CARTESIAN_POINT('',(-22.,22.));
#1324 = DIRECTION('',(1.,0.));
#1325 = ( GEOMETRIC_REPRESENTATION_CONTEXT(2) 
PARAMETRIC_REPRESENTATION_CONTEXT() REPRESENTATION_CONTEXT('2D SPACE',''
  ) );
#1326 = PCURVE('',#1327,#1332);
#1327 = CYLINDRICAL_SURFACE('',#1328,2.5);
#1328 = AXIS2_PLACEMENT_3D('',#1329,#1330,#1331);
#1329 = CARTESIAN_POINT('',(-22.,22.,-6.));
#1330 = DIRECTION('',(0.,0.,1.));
#1331 = DIRECTION('',(1.,0.,-0.));
#1332 = DEFINITIONAL_REPRESENTATION('',(#1333),#1337);
#1333 = LINE('',#1334,#1335);
#1334 = CARTESIAN_POINT('',(0.,11.));
#1335 = VECTOR('',#1336,1.);
#1336 = DIRECTION('',(1.,0.));
#1337 = ( GEOMETRIC_REPRESENTATION_CONTEXT(2) 
PARAMETRIC_REPRESENTATION_CONTEXT() REPRESENTATION_CONTEXT('2D SPACE',''
  ) );
#1338 = FACE_BOUND('',#1339,.T.);
#1339 = EDGE_LOOP('',(#1340,#1368,#1394,#1420,#1446,#1467,#1488,#1509,
    #1535,#1556,#1582,#1603));
#1340 = ORIENTED_EDGE('',*,*,#1341,.F.);
#1341 = EDGE_CURVE('',#1342,#1344,#1346,.T.);
#1342 = VERTEX_POINT('',#1343);
#1343 = CARTESIAN_POINT('',(-5.928855914595,42.764217139379,5.));
#1344 = VERTEX_POINT('',#1345);
#1345 = CARTESIAN_POINT('',(-35.92885591459,94.724217139379,5.));
#1346 = SURFACE_CURVE('',#1347,(#1351,#1357),.PCURVE_S1.);
#1347 = LINE('',#1348,#1349);
#1348 = CARTESIAN_POINT('',(-5.928855914595,42.764217139379,5.));
#1349 = VECTOR('',#1350,1.);
#1350 = DIRECTION('',(-0.500011000363,0.866019052629,0.));
#1351 = PCURVE('',#43,#1352);
#1352 = DEFINITIONAL_REPRESENTATION('',(#1353),#1356);
#1353 = B_SPLINE_CURVE_WITH_KNOTS('',1,(#1354,#1355),.UNSPECIFIED.,.F.,
  .F.,(2,2),(-5.999999997874E-07,59.99868058548),
  .PIECEWISE_BEZIER_KNOTS.);
#1354 = CARTESIAN_POINT('',(-5.928855614589,42.764216619768));
#1355 = CARTESIAN_POINT('',(-35.9288562146,94.724217658991));
#1356 = ( GEOMETRIC_REPRESENTATION_CONTEXT(2) 
PARAMETRIC_REPRESENTATION_CONTEXT() REPRESENTATION_CONTEXT('2D SPACE',''
  ) );
#1357 = PCURVE('',#1358,#1363);
#1358 = CYLINDRICAL_SURFACE('',#1359,17.);
#1359 = AXIS2_PLACEMENT_3D('',#1360,#1361,#1362);
#1360 = CARTESIAN_POINT('',(-20.,34.64,0.));
#1361 = DIRECTION('',(-0.500011000363,0.866019052629,0.));
#1362 = DIRECTION('',(0.866019052629,0.500011000363,0.));
#1363 = DEFINITIONAL_REPRESENTATION('',(#1364),#1367);
#1364 = B_SPLINE_CURVE_WITH_KNOTS('',1,(#1365,#1366),.UNSPECIFIED.,.F.,
  .F.,(2,2),(-5.999999997874E-07,59.99868058548),
  .PIECEWISE_BEZIER_KNOTS.);
#1365 = CARTESIAN_POINT('',(5.984653105995,-5.999999980111E-07));
#1366 = CARTESIAN_POINT('',(5.984653105995,59.99868058548));
#1367 = ( GEOMETRIC_REPRESENTATION_CONTEXT(2) 
PARAMETRIC_REPRESENTATION_CONTEXT() REPRESENTATION_CONTEXT('2D SPACE',''
  ) );
#1368 = ORIENTED_EDGE('',*,*,#1369,.T.);
#1369 = EDGE_CURVE('',#1342,#1370,#1372,.T.);
#1370 = VERTEX_POINT('',#1371);
#1371 = CARTESIAN_POINT('',(-7.752641104989,41.711223380491,5.));
#1372 = SURFACE_CURVE('',#1373,(#1377,#1383),.PCURVE_S1.);
#1373 = LINE('',#1374,#1375);
#1374 = CARTESIAN_POINT('',(-20.,34.64,5.));
#1375 = VECTOR('',#1376,1.);
#1376 = DIRECTION('',(-0.866019052629,-0.500011000363,0.));
#1377 = PCURVE('',#43,#1378);
#1378 = DEFINITIONAL_REPRESENTATION('',(#1379),#1382);
#1379 = B_SPLINE_CURVE_WITH_KNOTS('',1,(#1380,#1381),.UNSPECIFIED.,.F.,
  .F.,(2,2),(-17.,17.),.PIECEWISE_BEZIER_KNOTS.);
#1380 = CARTESIAN_POINT('',(-5.277676105311,43.140187006171));
#1381 = CARTESIAN_POINT('',(-34.72232389468,26.139812993829));
#1382 = ( GEOMETRIC_REPRESENTATION_CONTEXT(2) 
PARAMETRIC_REPRESENTATION_CONTEXT() REPRESENTATION_CONTEXT('2D SPACE',''
  ) );
#1383 = PCURVE('',#1384,#1389);
#1384 = PLANE('',#1385);
#1385 = AXIS2_PLACEMENT_3D('',#1386,#1387,#1388);
#1386 = CARTESIAN_POINT('',(-20.,34.64,0.));
#1387 = DIRECTION('',(-0.500011000363,0.866019052629,0.));
#1388 = DIRECTION('',(0.866019052629,0.500011000363,0.));
#1389 = DEFINITIONAL_REPRESENTATION('',(#1390),#1393);
#1390 = B_SPLINE_CURVE_WITH_KNOTS('',1,(#1391,#1392),.UNSPECIFIED.,.F.,
  .F.,(2,2),(-17.,17.),.PIECEWISE_BEZIER_KNOTS.);
#1391 = CARTESIAN_POINT('',(17.,-5.));
#1392 = CARTESIAN_POINT('',(-17.,-5.));
#1393 = ( GEOMETRIC_REPRESENTATION_CONTEXT(2) 
PARAMETRIC_REPRESENTATION_CONTEXT() REPRESENTATION_CONTEXT('2D SPACE',''
  ) );
#1394 = ORIENTED_EDGE('',*,*,#1395,.F.);
#1395 = EDGE_CURVE('',#1396,#1370,#1398,.T.);
#1396 = VERTEX_POINT('',#1397);
#1397 = CARTESIAN_POINT('',(-5.252641104989,37.381223380491,5.));
#1398 = SURFACE_CURVE('',#1399,(#1403,#1409),.PCURVE_S1.);
#1399 = LINE('',#1400,#1401);
#1400 = CARTESIAN_POINT('',(-5.252641104989,37.381223380491,5.));
#1401 = VECTOR('',#1402,1.);
#1402 = DIRECTION('',(-0.500011000363,0.866019052629,0.));
#1403 = PCURVE('',#43,#1404);
#1404 = DEFINITIONAL_REPRESENTATION('',(#1405),#1408);
#1405 = B_SPLINE_CURVE_WITH_KNOTS('',1,(#1406,#1407),.UNSPECIFIED.,.F.,
  .F.,(2,2),(-6.000000015638E-07,69.99846058306),
  .PIECEWISE_BEZIER_KNOTS.);
#1406 = CARTESIAN_POINT('',(-5.252640804983,37.38122286088));
#1407 = CARTESIAN_POINT('',(-40.25264140499,98.001223900103));
#1408 = ( GEOMETRIC_REPRESENTATION_CONTEXT(2) 
PARAMETRIC_REPRESENTATION_CONTEXT() REPRESENTATION_CONTEXT('2D SPACE',''
  ) );
#1409 = PCURVE('',#1410,#1415);
#1410 = CYLINDRICAL_SURFACE('',#1411,15.);
#1411 = AXIS2_PLACEMENT_3D('',#1412,#1413,#1414);
#1412 = CARTESIAN_POINT('',(-17.5,30.31,0.));
#1413 = DIRECTION('',(-0.500011000363,0.866019052629,0.));
#1414 = DIRECTION('',(0.866019052629,0.500011000363,0.));
#1415 = DEFINITIONAL_REPRESENTATION('',(#1416),#1419);
#1416 = B_SPLINE_CURVE_WITH_KNOTS('',1,(#1417,#1418),.UNSPECIFIED.,.F.,
  .F.,(2,2),(-6.000000015638E-07,69.99846058306),
  .PIECEWISE_BEZIER_KNOTS.);
#1417 = CARTESIAN_POINT('',(5.943348397725,-5.999999997875E-07));
#1418 = CARTESIAN_POINT('',(5.943348397725,69.99846058306));
#1419 = ( GEOMETRIC_REPRESENTATION_CONTEXT(2) 
PARAMETRIC_REPRESENTATION_CONTEXT() REPRESENTATION_CONTEXT('2D SPACE',''
  ) );
#1420 = ORIENTED_EDGE('',*,*,#1421,.T.);
#1421 = EDGE_CURVE('',#1396,#1422,#1424,.T.);
#1422 = VERTEX_POINT('',#1423);
#1423 = CARTESIAN_POINT('',(-29.74735889501,23.238776619509,5.));
#1424 = SURFACE_CURVE('',#1425,(#1429,#1435),.PCURVE_S1.);
#1425 = LINE('',#1426,#1427);
#1426 = CARTESIAN_POINT('',(-17.5,30.31,5.));
#1427 = VECTOR('',#1428,1.);
#1428 = DIRECTION('',(-0.866019052629,-0.500011000363,0.));
#1429 = PCURVE('',#43,#1430);
#1430 = DEFINITIONAL_REPRESENTATION('',(#1431),#1434);
#1431 = B_SPLINE_CURVE_WITH_KNOTS('',1,(#1432,#1433),.UNSPECIFIED.,.F.,
  .F.,(2,2),(-15.,15.),.PIECEWISE_BEZIER_KNOTS.);
#1432 = CARTESIAN_POINT('',(-4.509714210569,37.810165005445));
#1433 = CARTESIAN_POINT('',(-30.49028578943,22.809834994555));
#1434 = ( GEOMETRIC_REPRESENTATION_CONTEXT(2) 
PARAMETRIC_REPRESENTATION_CONTEXT() REPRESENTATION_CONTEXT('2D SPACE',''
  ) );
#1435 = PCURVE('',#1436,#1441);
#1436 = PLANE('',#1437);
#1437 = AXIS2_PLACEMENT_3D('',#1438,#1439,#1440);
#1438 = CARTESIAN_POINT('',(-17.5,30.31,0.));
#1439 = DIRECTION('',(-0.500011000363,0.866019052629,0.));
#1440 = DIRECTION('',(0.866019052629,0.500011000363,0.));
#1441 = DEFINITIONAL_REPRESENTATION('',(#1442),#1445);
#1442 = B_SPLINE_CURVE_WITH_KNOTS('',1,(#1443,#1444),.UNSPECIFIED.,.F.,
  .F.,(2,2),(-15.,15.),.PIECEWISE_BEZIER_KNOTS.);
#1443 = CARTESIAN_POINT('',(15.,-5.));
#1444 = CARTESIAN_POINT('',(-15.,-5.));
#1445 = ( GEOMETRIC_REPRESENTATION_CONTEXT(2) 
PARAMETRIC_REPRESENTATION_CONTEXT() REPRESENTATION_CONTEXT('2D SPACE',''
  ) );
#1446 = ORIENTED_EDGE('',*,*,#1447,.T.);
#1447 = EDGE_CURVE('',#1422,#1448,#1450,.T.);
#1448 = VERTEX_POINT('',#1449);
#1449 = CARTESIAN_POINT('',(-32.24735889501,27.568776619509,5.));
#1450 = SURFACE_CURVE('',#1451,(#1455,#1461),.PCURVE_S1.);
#1451 = LINE('',#1452,#1453);
#1452 = CARTESIAN_POINT('',(-29.74735889501,23.238776619509,5.));
#1453 = VECTOR('',#1454,1.);
#1454 = DIRECTION('',(-0.500011000363,0.866019052629,0.));
#1455 = PCURVE('',#43,#1456);
#1456 = DEFINITIONAL_REPRESENTATION('',(#1457),#1460);
#1457 = B_SPLINE_CURVE_WITH_KNOTS('',1,(#1458,#1459),.UNSPECIFIED.,.F.,
  .F.,(2,2),(-5.999999967107E-07,69.99846058306),
  .PIECEWISE_BEZIER_KNOTS.);
#1458 = CARTESIAN_POINT('',(-29.747358595,23.238776099897));
#1459 = CARTESIAN_POINT('',(-64.74735919501,83.85877713912));
#1460 = ( GEOMETRIC_REPRESENTATION_CONTEXT(2) 
PARAMETRIC_REPRESENTATION_CONTEXT() REPRESENTATION_CONTEXT('2D SPACE',''
  ) );
#1461 = PCURVE('',#1410,#1462);
#1462 = DEFINITIONAL_REPRESENTATION('',(#1463),#1466);
#1463 = B_SPLINE_CURVE_WITH_KNOTS('',1,(#1464,#1465),.UNSPECIFIED.,.F.,
  .F.,(2,2),(-5.999999967107E-07,69.99846058306),
  .PIECEWISE_BEZIER_KNOTS.);
#1464 = CARTESIAN_POINT('',(3.481429563044,-5.999999984871E-07));
#1465 = CARTESIAN_POINT('',(3.481429563044,69.99846058306));
#1466 = ( GEOMETRIC_REPRESENTATION_CONTEXT(2) 
PARAMETRIC_REPRESENTATION_CONTEXT() REPRESENTATION_CONTEXT('2D SPACE',''
  ) );
#1467 = ORIENTED_EDGE('',*,*,#1468,.T.);
#1468 = EDGE_CURVE('',#1448,#1469,#1471,.T.);
#1469 = VERTEX_POINT('',#1470);
#1470 = CARTESIAN_POINT('',(-34.0711440854,26.515782860621,5.));
#1471 = SURFACE_CURVE('',#1472,(#1476,#1482),.PCURVE_S1.);
#1472 = LINE('',#1473,#1474);
#1473 = CARTESIAN_POINT('',(-20.,34.64,5.));
#1474 = VECTOR('',#1475,1.);
#1475 = DIRECTION('',(-0.866019052629,-0.500011000363,0.));
#1476 = PCURVE('',#43,#1477);
#1477 = DEFINITIONAL_REPRESENTATION('',(#1478),#1481);
#1478 = B_SPLINE_CURVE_WITH_KNOTS('',1,(#1479,#1480),.UNSPECIFIED.,.F.,
  .F.,(2,2),(-17.,17.),.PIECEWISE_BEZIER_KNOTS.);
#1479 = CARTESIAN_POINT('',(-5.277676105311,43.140187006171));
#1480 = CARTESIAN_POINT('',(-34.72232389468,26.139812993829));
#1481 = ( GEOMETRIC_REPRESENTATION_CONTEXT(2) 
PARAMETRIC_REPRESENTATION_CONTEXT() REPRESENTATION_CONTEXT('2D SPACE',''
  ) );
#1482 = PCURVE('',#1384,#1483);
#1483 = DEFINITIONAL_REPRESENTATION('',(#1484),#1487);
#1484 = B_SPLINE_CURVE_WITH_KNOTS('',1,(#1485,#1486),.UNSPECIFIED.,.F.,
  .F.,(2,2),(-17.,17.),.PIECEWISE_BEZIER_KNOTS.);
#1485 = CARTESIAN_POINT('',(17.,-5.));
#1486 = CARTESIAN_POINT('',(-17.,-5.));
#1487 = ( GEOMETRIC_REPRESENTATION_CONTEXT(2) 
PARAMETRIC_REPRESENTATION_CONTEXT() REPRESENTATION_CONTEXT('2D SPACE',''
  ) );
#1488 = ORIENTED_EDGE('',*,*,#1489,.T.);
#1489 = EDGE_CURVE('',#1469,#1490,#1492,.T.);
#1490 = VERTEX_POINT('',#1491);
#1491 = CARTESIAN_POINT('',(-64.0711440854,78.475782860621,5.));
#1492 = SURFACE_CURVE('',#1493,(#1497,#1503),.PCURVE_S1.);
#1493 = LINE('',#1494,#1495);
#1494 = CARTESIAN_POINT('',(-34.0711440854,26.515782860621,5.));
#1495 = VECTOR('',#1496,1.);
#1496 = DIRECTION('',(-0.500011000363,0.866019052629,0.));
#1497 = PCURVE('',#43,#1498);
#1498 = DEFINITIONAL_REPRESENTATION('',(#1499),#1502);
#1499 = B_SPLINE_CURVE_WITH_KNOTS('',1,(#1500,#1501),.UNSPECIFIED.,.F.,
  .F.,(2,2),(-5.999999967107E-07,59.99868058548),
  .PIECEWISE_BEZIER_KNOTS.);
#1500 = CARTESIAN_POINT('',(-34.07114378539,26.515782341009));
#1501 = CARTESIAN_POINT('',(-64.07114438541,78.475783380232));
#1502 = ( GEOMETRIC_REPRESENTATION_CONTEXT(2) 
PARAMETRIC_REPRESENTATION_CONTEXT() REPRESENTATION_CONTEXT('2D SPACE',''
  ) );
#1503 = PCURVE('',#1358,#1504);
#1504 = DEFINITIONAL_REPRESENTATION('',(#1505),#1508);
#1505 = B_SPLINE_CURVE_WITH_KNOTS('',1,(#1506,#1507),.UNSPECIFIED.,.F.,
  .F.,(2,2),(-5.999999967107E-07,59.99868058548),
  .PIECEWISE_BEZIER_KNOTS.);
#1506 = CARTESIAN_POINT('',(3.440124854775,-5.999999993753E-07));
#1507 = CARTESIAN_POINT('',(3.440124854775,59.99868058548));
#1508 = ( GEOMETRIC_REPRESENTATION_CONTEXT(2) 
PARAMETRIC_REPRESENTATION_CONTEXT() REPRESENTATION_CONTEXT('2D SPACE',''
  ) );
#1509 = ORIENTED_EDGE('',*,*,#1510,.F.);
#1510 = EDGE_CURVE('',#1511,#1490,#1513,.T.);
#1511 = VERTEX_POINT('',#1512);
#1512 = CARTESIAN_POINT('',(-62.24735889501,79.528776619509,5.));
#1513 = SURFACE_CURVE('',#1514,(#1518,#1524),.PCURVE_S1.);
#1514 = LINE('',#1515,#1516);
#1515 = CARTESIAN_POINT('',(-50.,86.6,5.));
#1516 = VECTOR('',#1517,1.);
#1517 = DIRECTION('',(-0.866019052629,-0.500011000363,0.));
#1518 = PCURVE('',#43,#1519);
#1519 = DEFINITIONAL_REPRESENTATION('',(#1520),#1523);
#1520 = B_SPLINE_CURVE_WITH_KNOTS('',1,(#1521,#1522),.UNSPECIFIED.,.F.,
  .F.,(2,2),(-17.,17.),.PIECEWISE_BEZIER_KNOTS.);
#1521 = CARTESIAN_POINT('',(-35.27767610531,95.100187006171));
#1522 = CARTESIAN_POINT('',(-64.72232389468,78.099812993829));
#1523 = ( GEOMETRIC_REPRESENTATION_CONTEXT(2) 
PARAMETRIC_REPRESENTATION_CONTEXT() REPRESENTATION_CONTEXT('2D SPACE',''
  ) );
#1524 = PCURVE('',#1525,#1530);
#1525 = PLANE('',#1526);
#1526 = AXIS2_PLACEMENT_3D('',#1527,#1528,#1529);
#1527 = CARTESIAN_POINT('',(-50.,86.6,0.));
#1528 = DIRECTION('',(-0.500011000363,0.866019052629,0.));
#1529 = DIRECTION('',(0.866019052629,0.500011000363,0.));
#1530 = DEFINITIONAL_REPRESENTATION('',(#1531),#1534);
#1531 = B_SPLINE_CURVE_WITH_KNOTS('',1,(#1532,#1533),.UNSPECIFIED.,.F.,
  .F.,(2,2),(-17.,17.),.PIECEWISE_BEZIER_KNOTS.);
#1532 = CARTESIAN_POINT('',(17.,-5.));
#1533 = CARTESIAN_POINT('',(-17.,-5.));
#1534 = ( GEOMETRIC_REPRESENTATION_CONTEXT(2) 
PARAMETRIC_REPRESENTATION_CONTEXT() REPRESENTATION_CONTEXT('2D SPACE',''
  ) );
#1535 = ORIENTED_EDGE('',*,*,#1536,.T.);
#1536 = EDGE_CURVE('',#1511,#1537,#1539,.T.);
#1537 = VERTEX_POINT('',#1538);
#1538 = CARTESIAN_POINT('',(-64.74735889501,83.858776619509,5.));
#1539 = SURFACE_CURVE('',#1540,(#1544,#1550),.PCURVE_S1.);
#1540 = LINE('',#1541,#1542);
#1541 = CARTESIAN_POINT('',(-29.74735889501,23.238776619509,5.));
#1542 = VECTOR('',#1543,1.);
#1543 = DIRECTION('',(-0.500011000363,0.866019052629,0.));
#1544 = PCURVE('',#43,#1545);
#1545 = DEFINITIONAL_REPRESENTATION('',(#1546),#1549);
#1546 = B_SPLINE_CURVE_WITH_KNOTS('',1,(#1547,#1548),.UNSPECIFIED.,.F.,
  .F.,(2,2),(-5.999999967107E-07,69.99846058306),
  .PIECEWISE_BEZIER_KNOTS.);
#1547 = CARTESIAN_POINT('',(-29.747358595,23.238776099897));
#1548 = CARTESIAN_POINT('',(-64.74735919501,83.85877713912));
#1549 = ( GEOMETRIC_REPRESENTATION_CONTEXT(2) 
PARAMETRIC_REPRESENTATION_CONTEXT() REPRESENTATION_CONTEXT('2D SPACE',''
  ) );
#1550 = PCURVE('',#1410,#1551);
#1551 = DEFINITIONAL_REPRESENTATION('',(#1552),#1555);
#1552 = B_SPLINE_CURVE_WITH_KNOTS('',1,(#1553,#1554),.UNSPECIFIED.,.F.,
  .F.,(2,2),(-5.999999967107E-07,69.99846058306),
  .PIECEWISE_BEZIER_KNOTS.);
#1553 = CARTESIAN_POINT('',(3.481429563044,-5.999999984871E-07));
#1554 = CARTESIAN_POINT('',(3.481429563044,69.99846058306));
#1555 = ( GEOMETRIC_REPRESENTATION_CONTEXT(2) 
PARAMETRIC_REPRESENTATION_CONTEXT() REPRESENTATION_CONTEXT('2D SPACE',''
  ) );
#1556 = ORIENTED_EDGE('',*,*,#1557,.F.);
#1557 = EDGE_CURVE('',#1558,#1537,#1560,.T.);
#1558 = VERTEX_POINT('',#1559);
#1559 = CARTESIAN_POINT('',(-40.25264110498,98.001223380491,5.));
#1560 = SURFACE_CURVE('',#1561,(#1565,#1571),.PCURVE_S1.);
#1561 = LINE('',#1562,#1563);
#1562 = CARTESIAN_POINT('',(-52.5,90.93,5.));
#1563 = VECTOR('',#1564,1.);
#1564 = DIRECTION('',(-0.866019052629,-0.500011000363,0.));
#1565 = PCURVE('',#43,#1566);
#1566 = DEFINITIONAL_REPRESENTATION('',(#1567),#1570);
#1567 = B_SPLINE_CURVE_WITH_KNOTS('',1,(#1568,#1569),.UNSPECIFIED.,.F.,
  .F.,(2,2),(-15.,15.),.PIECEWISE_BEZIER_KNOTS.);
#1568 = CARTESIAN_POINT('',(-39.50971421056,98.430165005445));
#1569 = CARTESIAN_POINT('',(-65.49028578943,83.429834994555));
#1570 = ( GEOMETRIC_REPRESENTATION_CONTEXT(2) 
PARAMETRIC_REPRESENTATION_CONTEXT() REPRESENTATION_CONTEXT('2D SPACE',''
  ) );
#1571 = PCURVE('',#1572,#1577);
#1572 = PLANE('',#1573);
#1573 = AXIS2_PLACEMENT_3D('',#1574,#1575,#1576);
#1574 = CARTESIAN_POINT('',(-52.5,90.93,0.));
#1575 = DIRECTION('',(-0.500011000363,0.866019052629,0.));
#1576 = DIRECTION('',(0.866019052629,0.500011000363,0.));
#1577 = DEFINITIONAL_REPRESENTATION('',(#1578),#1581);
#1578 = B_SPLINE_CURVE_WITH_KNOTS('',1,(#1579,#1580),.UNSPECIFIED.,.F.,
  .F.,(2,2),(-15.,15.),.PIECEWISE_BEZIER_KNOTS.);
#1579 = CARTESIAN_POINT('',(15.,-5.));
#1580 = CARTESIAN_POINT('',(-15.,-5.));
#1581 = ( GEOMETRIC_REPRESENTATION_CONTEXT(2) 
PARAMETRIC_REPRESENTATION_CONTEXT() REPRESENTATION_CONTEXT('2D SPACE',''
  ) );
#1582 = ORIENTED_EDGE('',*,*,#1583,.F.);
#1583 = EDGE_CURVE('',#1584,#1558,#1586,.T.);
#1584 = VERTEX_POINT('',#1585);
#1585 = CARTESIAN_POINT('',(-37.75264110498,93.671223380491,5.));
#1586 = SURFACE_CURVE('',#1587,(#1591,#1597),.PCURVE_S1.);
#1587 = LINE('',#1588,#1589);
#1588 = CARTESIAN_POINT('',(-5.252641104989,37.381223380491,5.));
#1589 = VECTOR('',#1590,1.);
#1590 = DIRECTION('',(-0.500011000363,0.866019052629,0.));
#1591 = PCURVE('',#43,#1592);
#1592 = DEFINITIONAL_REPRESENTATION('',(#1593),#1596);
#1593 = B_SPLINE_CURVE_WITH_KNOTS('',1,(#1594,#1595),.UNSPECIFIED.,.F.,
  .F.,(2,2),(-6.000000015638E-07,69.99846058306),
  .PIECEWISE_BEZIER_KNOTS.);
#1594 = CARTESIAN_POINT('',(-5.252640804983,37.38122286088));
#1595 = CARTESIAN_POINT('',(-40.25264140499,98.001223900103));
#1596 = ( GEOMETRIC_REPRESENTATION_CONTEXT(2) 
PARAMETRIC_REPRESENTATION_CONTEXT() REPRESENTATION_CONTEXT('2D SPACE',''
  ) );
#1597 = PCURVE('',#1410,#1598);
#1598 = DEFINITIONAL_REPRESENTATION('',(#1599),#1602);
#1599 = B_SPLINE_CURVE_WITH_KNOTS('',1,(#1600,#1601),.UNSPECIFIED.,.F.,
  .F.,(2,2),(-6.000000015638E-07,69.99846058306),
  .PIECEWISE_BEZIER_KNOTS.);
#1600 = CARTESIAN_POINT('',(5.943348397725,-5.999999997875E-07));
#1601 = CARTESIAN_POINT('',(5.943348397725,69.99846058306));
#1602 = ( GEOMETRIC_REPRESENTATION_CONTEXT(2) 
PARAMETRIC_REPRESENTATION_CONTEXT() REPRESENTATION_CONTEXT('2D SPACE',''
  ) );
#1603 = ORIENTED_EDGE('',*,*,#1604,.F.);
#1604 = EDGE_CURVE('',#1344,#1584,#1605,.T.);
#1605 = SURFACE_CURVE('',#1606,(#1610,#1616),.PCURVE_S1.);
#1606 = LINE('',#1607,#1608);
#1607 = CARTESIAN_POINT('',(-50.,86.6,5.));
#1608 = VECTOR('',#1609,1.);
#1609 = DIRECTION('',(-0.866019052629,-0.500011000363,0.));
#1610 = PCURVE('',#43,#1611);
#1611 = DEFINITIONAL_REPRESENTATION('',(#1612),#1615);
#1612 = B_SPLINE_CURVE_WITH_KNOTS('',1,(#1613,#1614),.UNSPECIFIED.,.F.,
  .F.,(2,2),(-17.,17.),.PIECEWISE_BEZIER_KNOTS.);
#1613 = CARTESIAN_POINT('',(-35.27767610531,95.100187006171));
#1614 = CARTESIAN_POINT('',(-64.72232389468,78.099812993829));
#1615 = ( GEOMETRIC_REPRESENTATION_CONTEXT(2) 
PARAMETRIC_REPRESENTATION_CONTEXT() REPRESENTATION_CONTEXT('2D SPACE',''
  ) );
#1616 = PCURVE('',#1525,#1617);
#1617 = DEFINITIONAL_REPRESENTATION('',(#1618),#1621);
#1618 = B_SPLINE_CURVE_WITH_KNOTS('',1,(#1619,#1620),.UNSPECIFIED.,.F.,
  .F.,(2,2),(-17.,17.),.PIECEWISE_BEZIER_KNOTS.);
#1619 = CARTESIAN_POINT('',(17.,-5.));
#1620 = CARTESIAN_POINT('',(-17.,-5.));
#1621 = ( GEOMETRIC_REPRESENTATION_CONTEXT(2) 
PARAMETRIC_REPRESENTATION_CONTEXT() REPRESENTATION_CONTEXT('2D SPACE',''
  ) );
#1622 = FACE_BOUND('',#1623,.T.);
#1623 = EDGE_LOOP('',(#1624));
#1624 = ORIENTED_EDGE('',*,*,#1625,.F.);
#1625 = EDGE_CURVE('',#1626,#1626,#1628,.T.);
#1626 = VERTEX_POINT('',#1627);
#1627 = CARTESIAN_POINT('',(24.5,22.,5.));
#1628 = SURFACE_CURVE('',#1629,(#1634,#1641),.PCURVE_S1.);
#1629 = CIRCLE('',#1630,2.5);
#1630 = AXIS2_PLACEMENT_3D('',#1631,#1632,#1633);
#1631 = CARTESIAN_POINT('',(22.,22.,5.));
#1632 = DIRECTION('',(0.,0.,1.));
#1633 = DIRECTION('',(1.,0.,-0.));
#1634 = PCURVE('',#43,#1635);
#1635 = DEFINITIONAL_REPRESENTATION('',(#1636),#1640);
#1636 = CIRCLE('',#1637,2.5);
#1637 = AXIS2_PLACEMENT_2D('',#1638,#1639);
#1638 = CARTESIAN_POINT('',(22.,22.));
#1639 = DIRECTION('',(1.,0.));
#1640 = ( GEOMETRIC_REPRESENTATION_CONTEXT(2) 
PARAMETRIC_REPRESENTATION_CONTEXT() REPRESENTATION_CONTEXT('2D SPACE',''
  ) );
#1641 = PCURVE('',#1642,#1647);
#1642 = CYLINDRICAL_SURFACE('',#1643,2.5);
#1643 = AXIS2_PLACEMENT_3D('',#1644,#1645,#1646);
#1644 = CARTESIAN_POINT('',(22.,22.,-6.));
#1645 = DIRECTION('',(0.,0.,1.));
#1646 = DIRECTION('',(1.,0.,-0.));
#1647 = DEFINITIONAL_REPRESENTATION('',(#1648),#1652);
#1648 = LINE('',#1649,#1650);
#1649 = CARTESIAN_POINT('',(0.,11.));
#1650 = VECTOR('',#1651,1.);
#1651 = DIRECTION('',(1.,0.));
#1652 = ( GEOMETRIC_REPRESENTATION_CONTEXT(2) 
PARAMETRIC_REPRESENTATION_CONTEXT() REPRESENTATION_CONTEXT('2D SPACE',''
  ) );
#1653 = FACE_BOUND('',#1654,.T.);
#1654 = EDGE_LOOP('',(#1655,#1683,#1709,#1735,#1761,#1782,#1803,#1824,
    #1850,#1871,#1897,#1918));
#1655 = ORIENTED_EDGE('',*,*,#1656,.F.);
#1656 = EDGE_CURVE('',#1657,#1659,#1661,.T.);
#1657 = VERTEX_POINT('',#1658);
#1658 = CARTESIAN_POINT('',(34.071144085405,26.515782860621,5.));
#1659 = VERTEX_POINT('',#1660);
#1660 = CARTESIAN_POINT('',(64.071144085405,78.475782860621,5.));
#1661 = SURFACE_CURVE('',#1662,(#1666,#1672),.PCURVE_S1.);
#1662 = LINE('',#1663,#1664);
#1663 = CARTESIAN_POINT('',(34.071144085405,26.515782860621,5.));
#1664 = VECTOR('',#1665,1.);
#1665 = DIRECTION('',(0.500011000363,0.866019052629,0.));
#1666 = PCURVE('',#43,#1667);
#1667 = DEFINITIONAL_REPRESENTATION('',(#1668),#1671);
#1668 = B_SPLINE_CURVE_WITH_KNOTS('',1,(#1669,#1670),.UNSPECIFIED.,.F.,
  .F.,(2,2),(-5.999999971868E-07,59.99868058548),
  .PIECEWISE_BEZIER_KNOTS.);
#1669 = CARTESIAN_POINT('',(34.071143785398,26.515782341009));
#1670 = CARTESIAN_POINT('',(64.071144385411,78.475783380232));
#1671 = ( GEOMETRIC_REPRESENTATION_CONTEXT(2) 
PARAMETRIC_REPRESENTATION_CONTEXT() REPRESENTATION_CONTEXT('2D SPACE',''
  ) );
#1672 = PCURVE('',#1673,#1678);
#1673 = CYLINDRICAL_SURFACE('',#1674,17.);
#1674 = AXIS2_PLACEMENT_3D('',#1675,#1676,#1677);
#1675 = CARTESIAN_POINT('',(20.,34.64,0.));
#1676 = DIRECTION('',(0.500011000363,0.866019052629,0.));
#1677 = DIRECTION('',(0.866019052629,-0.500011000363,0.));
#1678 = DEFINITIONAL_REPRESENTATION('',(#1679),#1682);
#1679 = B_SPLINE_CURVE_WITH_KNOTS('',1,(#1680,#1681),.UNSPECIFIED.,.F.,
  .F.,(2,2),(-5.999999971868E-07,59.99868058548),
  .PIECEWISE_BEZIER_KNOTS.);
#1680 = CARTESIAN_POINT('',(5.984653105995,-5.999999998513E-07));
#1681 = CARTESIAN_POINT('',(5.984653105995,59.99868058548));
#1682 = ( GEOMETRIC_REPRESENTATION_CONTEXT(2) 
PARAMETRIC_REPRESENTATION_CONTEXT() REPRESENTATION_CONTEXT('2D SPACE',''
  ) );
#1683 = ORIENTED_EDGE('',*,*,#1684,.T.);
#1684 = EDGE_CURVE('',#1657,#1685,#1687,.T.);
#1685 = VERTEX_POINT('',#1686);
#1686 = CARTESIAN_POINT('',(32.247358895011,27.568776619509,5.));
#1687 = SURFACE_CURVE('',#1688,(#1692,#1698),.PCURVE_S1.);
#1688 = LINE('',#1689,#1690);
#1689 = CARTESIAN_POINT('',(20.,34.64,5.));
#1690 = VECTOR('',#1691,1.);
#1691 = DIRECTION('',(-0.866019052629,0.500011000363,0.));
#1692 = PCURVE('',#43,#1693);
#1693 = DEFINITIONAL_REPRESENTATION('',(#1694),#1697);
#1694 = B_SPLINE_CURVE_WITH_KNOTS('',1,(#1695,#1696),.UNSPECIFIED.,.F.,
  .F.,(2,2),(-17.,17.),.PIECEWISE_BEZIER_KNOTS.);
#1695 = CARTESIAN_POINT('',(34.722323894689,26.139812993829));
#1696 = CARTESIAN_POINT('',(5.277676105311,43.140187006171));
#1697 = ( GEOMETRIC_REPRESENTATION_CONTEXT(2) 
PARAMETRIC_REPRESENTATION_CONTEXT() REPRESENTATION_CONTEXT('2D SPACE',''
  ) );
#1698 = PCURVE('',#1699,#1704);
#1699 = PLANE('',#1700);
#1700 = AXIS2_PLACEMENT_3D('',#1701,#1702,#1703);
#1701 = CARTESIAN_POINT('',(20.,34.64,0.));
#1702 = DIRECTION('',(0.500011000363,0.866019052629,0.));
#1703 = DIRECTION('',(0.866019052629,-0.500011000363,0.));
#1704 = DEFINITIONAL_REPRESENTATION('',(#1705),#1708);
#1705 = B_SPLINE_CURVE_WITH_KNOTS('',1,(#1706,#1707),.UNSPECIFIED.,.F.,
  .F.,(2,2),(-17.,17.),.PIECEWISE_BEZIER_KNOTS.);
#1706 = CARTESIAN_POINT('',(17.,-5.));
#1707 = CARTESIAN_POINT('',(-17.,-5.));
#1708 = ( GEOMETRIC_REPRESENTATION_CONTEXT(2) 
PARAMETRIC_REPRESENTATION_CONTEXT() REPRESENTATION_CONTEXT('2D SPACE',''
  ) );
#1709 = ORIENTED_EDGE('',*,*,#1710,.F.);
#1710 = EDGE_CURVE('',#1711,#1685,#1713,.T.);
#1711 = VERTEX_POINT('',#1712);
#1712 = CARTESIAN_POINT('',(29.747358895011,23.238776619509,5.));
#1713 = SURFACE_CURVE('',#1714,(#1718,#1724),.PCURVE_S1.);
#1714 = LINE('',#1715,#1716);
#1715 = CARTESIAN_POINT('',(29.747358895011,23.238776619509,5.));
#1716 = VECTOR('',#1717,1.);
#1717 = DIRECTION('',(0.500011000363,0.866019052629,0.));
#1718 = PCURVE('',#43,#1719);
#1719 = DEFINITIONAL_REPRESENTATION('',(#1720),#1723);
#1720 = B_SPLINE_CURVE_WITH_KNOTS('',1,(#1721,#1722),.UNSPECIFIED.,.F.,
  .F.,(2,2),(-5.999999984871E-07,69.99846058306),
  .PIECEWISE_BEZIER_KNOTS.);
#1721 = CARTESIAN_POINT('',(29.747358595004,23.238776099897));
#1722 = CARTESIAN_POINT('',(64.747359195017,83.85877713912));
#1723 = ( GEOMETRIC_REPRESENTATION_CONTEXT(2) 
PARAMETRIC_REPRESENTATION_CONTEXT() REPRESENTATION_CONTEXT('2D SPACE',''
  ) );
#1724 = PCURVE('',#1725,#1730);
#1725 = CYLINDRICAL_SURFACE('',#1726,15.);
#1726 = AXIS2_PLACEMENT_3D('',#1727,#1728,#1729);
#1727 = CARTESIAN_POINT('',(17.5,30.31,0.));
#1728 = DIRECTION('',(0.500011000363,0.866019052629,0.));
#1729 = DIRECTION('',(0.866019052629,-0.500011000363,0.));
#1730 = DEFINITIONAL_REPRESENTATION('',(#1731),#1734);
#1731 = B_SPLINE_CURVE_WITH_KNOTS('',1,(#1732,#1733),.UNSPECIFIED.,.F.,
  .F.,(2,2),(-5.999999984871E-07,69.99846058306),
  .PIECEWISE_BEZIER_KNOTS.);
#1732 = CARTESIAN_POINT('',(5.943348397725,-6.000000002635E-07));
#1733 = CARTESIAN_POINT('',(5.943348397725,69.99846058306));
#1734 = ( GEOMETRIC_REPRESENTATION_CONTEXT(2) 
PARAMETRIC_REPRESENTATION_CONTEXT() REPRESENTATION_CONTEXT('2D SPACE',''
  ) );
#1735 = ORIENTED_EDGE('',*,*,#1736,.T.);
#1736 = EDGE_CURVE('',#1711,#1737,#1739,.T.);
#1737 = VERTEX_POINT('',#1738);
#1738 = CARTESIAN_POINT('',(5.252641104989,37.381223380491,5.));
#1739 = SURFACE_CURVE('',#1740,(#1744,#1750),.PCURVE_S1.);
#1740 = LINE('',#1741,#1742);
#1741 = CARTESIAN_POINT('',(17.5,30.31,5.));
#1742 = VECTOR('',#1743,1.);
#1743 = DIRECTION('',(-0.866019052629,0.500011000363,0.));
#1744 = PCURVE('',#43,#1745);
#1745 = DEFINITIONAL_REPRESENTATION('',(#1746),#1749);
#1746 = B_SPLINE_CURVE_WITH_KNOTS('',1,(#1747,#1748),.UNSPECIFIED.,.F.,
  .F.,(2,2),(-15.,15.),.PIECEWISE_BEZIER_KNOTS.);
#1747 = CARTESIAN_POINT('',(30.490285789431,22.809834994555));
#1748 = CARTESIAN_POINT('',(4.509714210569,37.810165005445));
#1749 = ( GEOMETRIC_REPRESENTATION_CONTEXT(2) 
PARAMETRIC_REPRESENTATION_CONTEXT() REPRESENTATION_CONTEXT('2D SPACE',''
  ) );
#1750 = PCURVE('',#1751,#1756);
#1751 = PLANE('',#1752);
#1752 = AXIS2_PLACEMENT_3D('',#1753,#1754,#1755);
#1753 = CARTESIAN_POINT('',(17.5,30.31,0.));
#1754 = DIRECTION('',(0.500011000363,0.866019052629,0.));
#1755 = DIRECTION('',(0.866019052629,-0.500011000363,0.));
#1756 = DEFINITIONAL_REPRESENTATION('',(#1757),#1760);
#1757 = B_SPLINE_CURVE_WITH_KNOTS('',1,(#1758,#1759),.UNSPECIFIED.,.F.,
  .F.,(2,2),(-15.,15.),.PIECEWISE_BEZIER_KNOTS.);
#1758 = CARTESIAN_POINT('',(15.,-5.));
#1759 = CARTESIAN_POINT('',(-15.,-5.));
#1760 = ( GEOMETRIC_REPRESENTATION_CONTEXT(2) 
PARAMETRIC_REPRESENTATION_CONTEXT() REPRESENTATION_CONTEXT('2D SPACE',''
  ) );
#1761 = ORIENTED_EDGE('',*,*,#1762,.T.);
#1762 = EDGE_CURVE('',#1737,#1763,#1765,.T.);
#1763 = VERTEX_POINT('',#1764);
#1764 = CARTESIAN_POINT('',(7.752641104989,41.711223380491,5.));
#1765 = SURFACE_CURVE('',#1766,(#1770,#1776),.PCURVE_S1.);
#1766 = LINE('',#1767,#1768);
#1767 = CARTESIAN_POINT('',(5.252641104989,37.381223380491,5.));
#1768 = VECTOR('',#1769,1.);
#1769 = DIRECTION('',(0.500011000363,0.866019052629,0.));
#1770 = PCURVE('',#43,#1771);
#1771 = DEFINITIONAL_REPRESENTATION('',(#1772),#1775);
#1772 = B_SPLINE_CURVE_WITH_KNOTS('',1,(#1773,#1774),.UNSPECIFIED.,.F.,
  .F.,(2,2),(-6.00000002452E-07,69.99846058306),
  .PIECEWISE_BEZIER_KNOTS.);
#1773 = CARTESIAN_POINT('',(5.252640804983,37.38122286088));
#1774 = CARTESIAN_POINT('',(40.252641404996,98.001223900103));
#1775 = ( GEOMETRIC_REPRESENTATION_CONTEXT(2) 
PARAMETRIC_REPRESENTATION_CONTEXT() REPRESENTATION_CONTEXT('2D SPACE',''
  ) );
#1776 = PCURVE('',#1725,#1777);
#1777 = DEFINITIONAL_REPRESENTATION('',(#1778),#1781);
#1778 = B_SPLINE_CURVE_WITH_KNOTS('',1,(#1779,#1780),.UNSPECIFIED.,.F.,
  .F.,(2,2),(-6.00000002452E-07,69.99846058306),
  .PIECEWISE_BEZIER_KNOTS.);
#1779 = CARTESIAN_POINT('',(3.481429563044,-6.000000006757E-07));
#1780 = CARTESIAN_POINT('',(3.481429563044,69.99846058306));
#1781 = ( GEOMETRIC_REPRESENTATION_CONTEXT(2) 
PARAMETRIC_REPRESENTATION_CONTEXT() REPRESENTATION_CONTEXT('2D SPACE',''
  ) );
#1782 = ORIENTED_EDGE('',*,*,#1783,.T.);
#1783 = EDGE_CURVE('',#1763,#1784,#1786,.T.);
#1784 = VERTEX_POINT('',#1785);
#1785 = CARTESIAN_POINT('',(5.928855914595,42.764217139379,5.));
#1786 = SURFACE_CURVE('',#1787,(#1791,#1797),.PCURVE_S1.);
#1787 = LINE('',#1788,#1789);
#1788 = CARTESIAN_POINT('',(20.,34.64,5.));
#1789 = VECTOR('',#1790,1.);
#1790 = DIRECTION('',(-0.866019052629,0.500011000363,0.));
#1791 = PCURVE('',#43,#1792);
#1792 = DEFINITIONAL_REPRESENTATION('',(#1793),#1796);
#1793 = B_SPLINE_CURVE_WITH_KNOTS('',1,(#1794,#1795),.UNSPECIFIED.,.F.,
  .F.,(2,2),(-17.,17.),.PIECEWISE_BEZIER_KNOTS.);
#1794 = CARTESIAN_POINT('',(34.722323894689,26.139812993829));
#1795 = CARTESIAN_POINT('',(5.277676105311,43.140187006171));
#1796 = ( GEOMETRIC_REPRESENTATION_CONTEXT(2) 
PARAMETRIC_REPRESENTATION_CONTEXT() REPRESENTATION_CONTEXT('2D SPACE',''
  ) );
#1797 = PCURVE('',#1699,#1798);
#1798 = DEFINITIONAL_REPRESENTATION('',(#1799),#1802);
#1799 = B_SPLINE_CURVE_WITH_KNOTS('',1,(#1800,#1801),.UNSPECIFIED.,.F.,
  .F.,(2,2),(-17.,17.),.PIECEWISE_BEZIER_KNOTS.);
#1800 = CARTESIAN_POINT('',(17.,-5.));
#1801 = CARTESIAN_POINT('',(-17.,-5.));
#1802 = ( GEOMETRIC_REPRESENTATION_CONTEXT(2) 
PARAMETRIC_REPRESENTATION_CONTEXT() REPRESENTATION_CONTEXT('2D SPACE',''
  ) );
#1803 = ORIENTED_EDGE('',*,*,#1804,.T.);
#1804 = EDGE_CURVE('',#1784,#1805,#1807,.T.);
#1805 = VERTEX_POINT('',#1806);
#1806 = CARTESIAN_POINT('',(35.928855914595,94.724217139379,5.));
#1807 = SURFACE_CURVE('',#1808,(#1812,#1818),.PCURVE_S1.);
#1808 = LINE('',#1809,#1810);
#1809 = CARTESIAN_POINT('',(5.928855914595,42.764217139379,5.));
#1810 = VECTOR('',#1811,1.);
#1811 = DIRECTION('',(0.500011000363,0.866019052629,0.));
#1812 = PCURVE('',#43,#1813);
#1813 = DEFINITIONAL_REPRESENTATION('',(#1814),#1817);
#1814 = B_SPLINE_CURVE_WITH_KNOTS('',1,(#1815,#1816),.UNSPECIFIED.,.F.,
  .F.,(2,2),(-6.000000015638E-07,59.99868058548),
  .PIECEWISE_BEZIER_KNOTS.);
#1815 = CARTESIAN_POINT('',(5.928855614589,42.764216619768));
#1816 = CARTESIAN_POINT('',(35.928856214602,94.724217658991));
#1817 = ( GEOMETRIC_REPRESENTATION_CONTEXT(2) 
PARAMETRIC_REPRESENTATION_CONTEXT() REPRESENTATION_CONTEXT('2D SPACE',''
  ) );
#1818 = PCURVE('',#1673,#1819);
#1819 = DEFINITIONAL_REPRESENTATION('',(#1820),#1823);
#1820 = B_SPLINE_CURVE_WITH_KNOTS('',1,(#1821,#1822),.UNSPECIFIED.,.F.,
  .F.,(2,2),(-6.000000015638E-07,59.99868058548),
  .PIECEWISE_BEZIER_KNOTS.);
#1821 = CARTESIAN_POINT('',(3.440124854775,-5.999999997875E-07));
#1822 = CARTESIAN_POINT('',(3.440124854775,59.99868058548));
#1823 = ( GEOMETRIC_REPRESENTATION_CONTEXT(2) 
PARAMETRIC_REPRESENTATION_CONTEXT() REPRESENTATION_CONTEXT('2D SPACE',''
  ) );
#1824 = ORIENTED_EDGE('',*,*,#1825,.F.);
#1825 = EDGE_CURVE('',#1826,#1805,#1828,.T.);
#1826 = VERTEX_POINT('',#1827);
#1827 = CARTESIAN_POINT('',(37.752641104989,93.671223380491,5.));
#1828 = SURFACE_CURVE('',#1829,(#1833,#1839),.PCURVE_S1.);
#1829 = LINE('',#1830,#1831);
#1830 = CARTESIAN_POINT('',(50.,86.6,5.));
#1831 = VECTOR('',#1832,1.);
#1832 = DIRECTION('',(-0.866019052629,0.500011000363,0.));
#1833 = PCURVE('',#43,#1834);
#1834 = DEFINITIONAL_REPRESENTATION('',(#1835),#1838);
#1835 = B_SPLINE_CURVE_WITH_KNOTS('',1,(#1836,#1837),.UNSPECIFIED.,.F.,
  .F.,(2,2),(-17.,17.),.PIECEWISE_BEZIER_KNOTS.);
#1836 = CARTESIAN_POINT('',(64.722323894689,78.099812993829));
#1837 = CARTESIAN_POINT('',(35.277676105311,95.100187006171));
#1838 = ( GEOMETRIC_REPRESENTATION_CONTEXT(2) 
PARAMETRIC_REPRESENTATION_CONTEXT() REPRESENTATION_CONTEXT('2D SPACE',''
  ) );
#1839 = PCURVE('',#1840,#1845);
#1840 = PLANE('',#1841);
#1841 = AXIS2_PLACEMENT_3D('',#1842,#1843,#1844);
#1842 = CARTESIAN_POINT('',(50.,86.6,0.));
#1843 = DIRECTION('',(0.500011000363,0.866019052629,0.));
#1844 = DIRECTION('',(0.866019052629,-0.500011000363,0.));
#1845 = DEFINITIONAL_REPRESENTATION('',(#1846),#1849);
#1846 = B_SPLINE_CURVE_WITH_KNOTS('',1,(#1847,#1848),.UNSPECIFIED.,.F.,
  .F.,(2,2),(-17.,17.),.PIECEWISE_BEZIER_KNOTS.);
#1847 = CARTESIAN_POINT('',(17.,-5.));
#1848 = CARTESIAN_POINT('',(-17.,-5.));
#1849 = ( GEOMETRIC_REPRESENTATION_CONTEXT(2) 
PARAMETRIC_REPRESENTATION_CONTEXT() REPRESENTATION_CONTEXT('2D SPACE',''
  ) );
#1850 = ORIENTED_EDGE('',*,*,#1851,.T.);
#1851 = EDGE_CURVE('',#1826,#1852,#1854,.T.);
#1852 = VERTEX_POINT('',#1853);
#1853 = CARTESIAN_POINT('',(40.252641104989,98.001223380491,5.));
#1854 = SURFACE_CURVE('',#1855,(#1859,#1865),.PCURVE_S1.);
#1855 = LINE('',#1856,#1857);
#1856 = CARTESIAN_POINT('',(5.252641104989,37.381223380491,5.));
#1857 = VECTOR('',#1858,1.);
#1858 = DIRECTION('',(0.500011000363,0.866019052629,0.));
#1859 = PCURVE('',#43,#1860);
#1860 = DEFINITIONAL_REPRESENTATION('',(#1861),#1864);
#1861 = B_SPLINE_CURVE_WITH_KNOTS('',1,(#1862,#1863),.UNSPECIFIED.,.F.,
  .F.,(2,2),(-6.00000002452E-07,69.99846058306),
  .PIECEWISE_BEZIER_KNOTS.);
#1862 = CARTESIAN_POINT('',(5.252640804983,37.38122286088));
#1863 = CARTESIAN_POINT('',(40.252641404996,98.001223900103));
#1864 = ( GEOMETRIC_REPRESENTATION_CONTEXT(2) 
PARAMETRIC_REPRESENTATION_CONTEXT() REPRESENTATION_CONTEXT('2D SPACE',''
  ) );
#1865 = PCURVE('',#1725,#1866);
#1866 = DEFINITIONAL_REPRESENTATION('',(#1867),#1870);
#1867 = B_SPLINE_CURVE_WITH_KNOTS('',1,(#1868,#1869),.UNSPECIFIED.,.F.,
  .F.,(2,2),(-6.00000002452E-07,69.99846058306),
  .PIECEWISE_BEZIER_KNOTS.);
#1868 = CARTESIAN_POINT('',(3.481429563044,-6.000000006757E-07));
#1869 = CARTESIAN_POINT('',(3.481429563044,69.99846058306));
#1870 = ( GEOMETRIC_REPRESENTATION_CONTEXT(2) 
PARAMETRIC_REPRESENTATION_CONTEXT() REPRESENTATION_CONTEXT('2D SPACE',''
  ) );
#1871 = ORIENTED_EDGE('',*,*,#1872,.F.);
#1872 = EDGE_CURVE('',#1873,#1852,#1875,.T.);
#1873 = VERTEX_POINT('',#1874);
#1874 = CARTESIAN_POINT('',(64.747358895011,83.858776619509,5.));
#1875 = SURFACE_CURVE('',#1876,(#1880,#1886),.PCURVE_S1.);
#1876 = LINE('',#1877,#1878);
#1877 = CARTESIAN_POINT('',(52.5,90.93,5.));
#1878 = VECTOR('',#1879,1.);
#1879 = DIRECTION('',(-0.866019052629,0.500011000363,0.));
#1880 = PCURVE('',#43,#1881);
#1881 = DEFINITIONAL_REPRESENTATION('',(#1882),#1885);
#1882 = B_SPLINE_CURVE_WITH_KNOTS('',1,(#1883,#1884),.UNSPECIFIED.,.F.,
  .F.,(2,2),(-15.,15.),.PIECEWISE_BEZIER_KNOTS.);
#1883 = CARTESIAN_POINT('',(65.490285789431,83.429834994555));
#1884 = CARTESIAN_POINT('',(39.509714210569,98.430165005445));
#1885 = ( GEOMETRIC_REPRESENTATION_CONTEXT(2) 
PARAMETRIC_REPRESENTATION_CONTEXT() REPRESENTATION_CONTEXT('2D SPACE',''
  ) );
#1886 = PCURVE('',#1887,#1892);
#1887 = PLANE('',#1888);
#1888 = AXIS2_PLACEMENT_3D('',#1889,#1890,#1891);
#1889 = CARTESIAN_POINT('',(52.5,90.93,0.));
#1890 = DIRECTION('',(0.500011000363,0.866019052629,0.));
#1891 = DIRECTION('',(0.866019052629,-0.500011000363,0.));
#1892 = DEFINITIONAL_REPRESENTATION('',(#1893),#1896);
#1893 = B_SPLINE_CURVE_WITH_KNOTS('',1,(#1894,#1895),.UNSPECIFIED.,.F.,
  .F.,(2,2),(-15.,15.),.PIECEWISE_BEZIER_KNOTS.);
#1894 = CARTESIAN_POINT('',(15.,-5.));
#1895 = CARTESIAN_POINT('',(-15.,-5.));
#1896 = ( GEOMETRIC_REPRESENTATION_CONTEXT(2) 
PARAMETRIC_REPRESENTATION_CONTEXT() REPRESENTATION_CONTEXT('2D SPACE',''
  ) );
#1897 = ORIENTED_EDGE('',*,*,#1898,.F.);
#1898 = EDGE_CURVE('',#1899,#1873,#1901,.T.);
#1899 = VERTEX_POINT('',#1900);
#1900 = CARTESIAN_POINT('',(62.247358895011,79.528776619509,5.));
#1901 = SURFACE_CURVE('',#1902,(#1906,#1912),.PCURVE_S1.);
#1902 = LINE('',#1903,#1904);
#1903 = CARTESIAN_POINT('',(29.747358895011,23.238776619509,5.));
#1904 = VECTOR('',#1905,1.);
#1905 = DIRECTION('',(0.500011000363,0.866019052629,0.));
#1906 = PCURVE('',#43,#1907);
#1907 = DEFINITIONAL_REPRESENTATION('',(#1908),#1911);
#1908 = B_SPLINE_CURVE_WITH_KNOTS('',1,(#1909,#1910),.UNSPECIFIED.,.F.,
  .F.,(2,2),(-5.999999984871E-07,69.99846058306),
  .PIECEWISE_BEZIER_KNOTS.);
#1909 = CARTESIAN_POINT('',(29.747358595004,23.238776099897));
#1910 = CARTESIAN_POINT('',(64.747359195017,83.85877713912));
#1911 = ( GEOMETRIC_REPRESENTATION_CONTEXT(2) 
PARAMETRIC_REPRESENTATION_CONTEXT() REPRESENTATION_CONTEXT('2D SPACE',''
  ) );
#1912 = PCURVE('',#1725,#1913);
#1913 = DEFINITIONAL_REPRESENTATION('',(#1914),#1917);
#1914 = B_SPLINE_CURVE_WITH_KNOTS('',1,(#1915,#1916),.UNSPECIFIED.,.F.,
  .F.,(2,2),(-5.999999984871E-07,69.99846058306),
  .PIECEWISE_BEZIER_KNOTS.);
#1915 = CARTESIAN_POINT('',(5.943348397725,-6.000000002635E-07));
#1916 = CARTESIAN_POINT('',(5.943348397725,69.99846058306));
#1917 = ( GEOMETRIC_REPRESENTATION_CONTEXT(2) 
PARAMETRIC_REPRESENTATION_CONTEXT() REPRESENTATION_CONTEXT('2D SPACE',''
  ) );
#1918 = ORIENTED_EDGE('',*,*,#1919,.F.);
#1919 = EDGE_CURVE('',#1659,#1899,#1920,.T.);
#1920 = SURFACE_CURVE('',#1921,(#1925,#1931),.PCURVE_S1.);
#1921 = LINE('',#1922,#1923);
#1922 = CARTESIAN_POINT('',(50.,86.6,5.));
#1923 = VECTOR('',#1924,1.);
#1924 = DIRECTION('',(-0.866019052629,0.500011000363,0.));
#1925 = PCURVE('',#43,#1926);
#1926 = DEFINITIONAL_REPRESENTATION('',(#1927),#1930);
#1927 = B_SPLINE_CURVE_WITH_KNOTS('',1,(#1928,#1929),.UNSPECIFIED.,.F.,
  .F.,(2,2),(-17.,17.),.PIECEWISE_BEZIER_KNOTS.);
#1928 = CARTESIAN_POINT('',(64.722323894689,78.099812993829));
#1929 = CARTESIAN_POINT('',(35.277676105311,95.100187006171));
#1930 = ( GEOMETRIC_REPRESENTATION_CONTEXT(2) 
PARAMETRIC_REPRESENTATION_CONTEXT() REPRESENTATION_CONTEXT('2D SPACE',''
  ) );
#1931 = PCURVE('',#1840,#1932);
#1932 = DEFINITIONAL_REPRESENTATION('',(#1933),#1936);
#1933 = B_SPLINE_CURVE_WITH_KNOTS('',1,(#1934,#1935),.UNSPECIFIED.,.F.,
  .F.,(2,2),(-17.,17.),.PIECEWISE_BEZIER_KNOTS.);
#1934 = CARTESIAN_POINT('',(17.,-5.));
#1935 = CARTESIAN_POINT('',(-17.,-5.));
#1936 = ( GEOMETRIC_REPRESENTATION_CONTEXT(2) 
PARAMETRIC_REPRESENTATION_CONTEXT() REPRESENTATION_CONTEXT('2D SPACE',''
  ) );
#1937 = ADVANCED_FACE('',(#1938,#1941,#2210,#2479,#2505,#2774,#2800,
    #3069,#3095,#3364,#3390),#93,.F.);
#1938 = FACE_BOUND('',#1939,.F.);
#1939 = EDGE_LOOP('',(#1940));
#1940 = ORIENTED_EDGE('',*,*,#78,.T.);
#1941 = FACE_BOUND('',#1942,.F.);
#1942 = EDGE_LOOP('',(#1943,#1971,#1997,#2018,#2039,#2060,#2081,#2102,
    #2128,#2149,#2170,#2191));
#1943 = ORIENTED_EDGE('',*,*,#1944,.F.);
#1944 = EDGE_CURVE('',#1945,#1947,#1949,.T.);
#1945 = VERTEX_POINT('',#1946);
#1946 = CARTESIAN_POINT('',(-34.0711440854,-26.51578286062,-5.));
#1947 = VERTEX_POINT('',#1948);
#1948 = CARTESIAN_POINT('',(-64.0711440854,-78.47578286062,-5.));
#1949 = SURFACE_CURVE('',#1950,(#1954,#1960),.PCURVE_S1.);
#1950 = LINE('',#1951,#1952);
#1951 = CARTESIAN_POINT('',(-34.0711440854,-26.51578286062,-5.));
#1952 = VECTOR('',#1953,1.);
#1953 = DIRECTION('',(-0.500011000363,-0.866019052629,0.));
#1954 = PCURVE('',#93,#1955);
#1955 = DEFINITIONAL_REPRESENTATION('',(#1956),#1959);
#1956 = B_SPLINE_CURVE_WITH_KNOTS('',1,(#1957,#1958),.UNSPECIFIED.,.F.,
  .F.,(2,2),(-5.999999967107E-07,59.99868058548),
  .PIECEWISE_BEZIER_KNOTS.);
#1957 = CARTESIAN_POINT('',(-34.07114378539,-26.515782341));
#1958 = CARTESIAN_POINT('',(-64.07114438541,-78.47578338023));
#1959 = ( GEOMETRIC_REPRESENTATION_CONTEXT(2) 
PARAMETRIC_REPRESENTATION_CONTEXT() REPRESENTATION_CONTEXT('2D SPACE',''
  ) );
#1960 = PCURVE('',#1961,#1966);
#1961 = CYLINDRICAL_SURFACE('',#1962,17.);
#1962 = AXIS2_PLACEMENT_3D('',#1963,#1964,#1965);
#1963 = CARTESIAN_POINT('',(-20.,-34.64,0.));
#1964 = DIRECTION('',(-0.500011000363,-0.866019052629,0.));
#1965 = DIRECTION('',(-0.866019052629,0.500011000363,0.));
#1966 = DEFINITIONAL_REPRESENTATION('',(#1967),#1970);
#1967 = B_SPLINE_CURVE_WITH_KNOTS('',1,(#1968,#1969),.UNSPECIFIED.,.F.,
  .F.,(2,2),(-5.999999967107E-07,59.99868058548),
  .PIECEWISE_BEZIER_KNOTS.);
#1968 = CARTESIAN_POINT('',(0.298532201185,-5.999999993753E-07));
#1969 = CARTESIAN_POINT('',(0.298532201185,59.99868058548));
#1970 = ( GEOMETRIC_REPRESENTATION_CONTEXT(2) 
PARAMETRIC_REPRESENTATION_CONTEXT() REPRESENTATION_CONTEXT('2D SPACE',''
  ) );
#1971 = ORIENTED_EDGE('',*,*,#1972,.T.);
#1972 = EDGE_CURVE('',#1945,#1973,#1975,.T.);
#1973 = VERTEX_POINT('',#1974);
#1974 = CARTESIAN_POINT('',(-32.24735889501,-27.5687766195,-5.));
#1975 = SURFACE_CURVE('',#1976,(#1980,#1986),.PCURVE_S1.);
#1976 = LINE('',#1977,#1978);
#1977 = CARTESIAN_POINT('',(-20.,-34.64,-5.));
#1978 = VECTOR('',#1979,1.);
#1979 = DIRECTION('',(0.866019052629,-0.500011000363,0.));
#1980 = PCURVE('',#93,#1981);
#1981 = DEFINITIONAL_REPRESENTATION('',(#1982),#1985);
#1982 = B_SPLINE_CURVE_WITH_KNOTS('',1,(#1983,#1984),.UNSPECIFIED.,.F.,
  .F.,(2,2),(-17.,17.),.PIECEWISE_BEZIER_KNOTS.);
#1983 = CARTESIAN_POINT('',(-34.72232389468,-26.13981299382));
#1984 = CARTESIAN_POINT('',(-5.277676105311,-43.14018700617));
#1985 = ( GEOMETRIC_REPRESENTATION_CONTEXT(2) 
PARAMETRIC_REPRESENTATION_CONTEXT() REPRESENTATION_CONTEXT('2D SPACE',''
  ) );
#1986 = PCURVE('',#1987,#1992);
#1987 = PLANE('',#1988);
#1988 = AXIS2_PLACEMENT_3D('',#1989,#1990,#1991);
#1989 = CARTESIAN_POINT('',(-20.,-34.64,0.));
#1990 = DIRECTION('',(-0.500011000363,-0.866019052629,0.));
#1991 = DIRECTION('',(-0.866019052629,0.500011000363,0.));
#1992 = DEFINITIONAL_REPRESENTATION('',(#1993),#1996);
#1993 = B_SPLINE_CURVE_WITH_KNOTS('',1,(#1994,#1995),.UNSPECIFIED.,.F.,
  .F.,(2,2),(-17.,17.),.PIECEWISE_BEZIER_KNOTS.);
#1994 = CARTESIAN_POINT('',(17.,5.));
#1995 = CARTESIAN_POINT('',(-17.,5.));
#1996 = ( GEOMETRIC_REPRESENTATION_CONTEXT(2) 
PARAMETRIC_REPRESENTATION_CONTEXT() REPRESENTATION_CONTEXT('2D SPACE',''
  ) );
#1997 = ORIENTED_EDGE('',*,*,#1998,.F.);
#1998 = EDGE_CURVE('',#1999,#1973,#2001,.T.);
#1999 = VERTEX_POINT('',#2000);
#2000 = CARTESIAN_POINT('',(-29.74735889501,-23.2387766195,-5.));
#2001 = SURFACE_CURVE('',#2002,(#2006,#2012),.PCURVE_S1.);
#2002 = LINE('',#2003,#2004);
#2003 = CARTESIAN_POINT('',(-29.74735889501,-23.2387766195,-5.));
#2004 = VECTOR('',#2005,1.);
#2005 = DIRECTION('',(-0.500011000363,-0.866019052629,0.));
#2006 = PCURVE('',#93,#2007);
#2007 = DEFINITIONAL_REPRESENTATION('',(#2008),#2011);
#2008 = B_SPLINE_CURVE_WITH_KNOTS('',1,(#2009,#2010),.UNSPECIFIED.,.F.,
  .F.,(2,2),(-5.999999984871E-07,69.99846058306),
  .PIECEWISE_BEZIER_KNOTS.);
#2009 = CARTESIAN_POINT('',(-29.747358595,-23.23877609989));
#2010 = CARTESIAN_POINT('',(-64.74735919501,-83.85877713912));
#2011 = ( GEOMETRIC_REPRESENTATION_CONTEXT(2) 
PARAMETRIC_REPRESENTATION_CONTEXT() REPRESENTATION_CONTEXT('2D SPACE',''
  ) );
#2012 = PCURVE('',#181,#2013);
#2013 = DEFINITIONAL_REPRESENTATION('',(#2014),#2017);
#2014 = B_SPLINE_CURVE_WITH_KNOTS('',1,(#2015,#2016),.UNSPECIFIED.,.F.,
  .F.,(2,2),(-5.999999984871E-07,69.99846058306),
  .PIECEWISE_BEZIER_KNOTS.);
#2015 = CARTESIAN_POINT('',(0.339836909454,-6.000000002635E-07));
#2016 = CARTESIAN_POINT('',(0.339836909454,69.99846058306));
#2017 = ( GEOMETRIC_REPRESENTATION_CONTEXT(2) 
PARAMETRIC_REPRESENTATION_CONTEXT() REPRESENTATION_CONTEXT('2D SPACE',''
  ) );
#2018 = ORIENTED_EDGE('',*,*,#2019,.T.);
#2019 = EDGE_CURVE('',#1999,#2020,#2022,.T.);
#2020 = VERTEX_POINT('',#2021);
#2021 = CARTESIAN_POINT('',(-5.252641104989,-37.38122338049,-5.));
#2022 = SURFACE_CURVE('',#2023,(#2027,#2033),.PCURVE_S1.);
#2023 = LINE('',#2024,#2025);
#2024 = CARTESIAN_POINT('',(-17.5,-30.31,-5.));
#2025 = VECTOR('',#2026,1.);
#2026 = DIRECTION('',(0.866019052629,-0.500011000363,0.));
#2027 = PCURVE('',#93,#2028);
#2028 = DEFINITIONAL_REPRESENTATION('',(#2029),#2032);
#2029 = B_SPLINE_CURVE_WITH_KNOTS('',1,(#2030,#2031),.UNSPECIFIED.,.F.,
  .F.,(2,2),(-15.,15.),.PIECEWISE_BEZIER_KNOTS.);
#2030 = CARTESIAN_POINT('',(-30.49028578943,-22.80983499455));
#2031 = CARTESIAN_POINT('',(-4.509714210569,-37.81016500544));
#2032 = ( GEOMETRIC_REPRESENTATION_CONTEXT(2) 
PARAMETRIC_REPRESENTATION_CONTEXT() REPRESENTATION_CONTEXT('2D SPACE',''
  ) );
#2033 = PCURVE('',#207,#2034);
#2034 = DEFINITIONAL_REPRESENTATION('',(#2035),#2038);
#2035 = B_SPLINE_CURVE_WITH_KNOTS('',1,(#2036,#2037),.UNSPECIFIED.,.F.,
  .F.,(2,2),(-15.,15.),.PIECEWISE_BEZIER_KNOTS.);
#2036 = CARTESIAN_POINT('',(15.,5.));
#2037 = CARTESIAN_POINT('',(-15.,5.));
#2038 = ( GEOMETRIC_REPRESENTATION_CONTEXT(2) 
PARAMETRIC_REPRESENTATION_CONTEXT() REPRESENTATION_CONTEXT('2D SPACE',''
  ) );
#2039 = ORIENTED_EDGE('',*,*,#2040,.T.);
#2040 = EDGE_CURVE('',#2020,#2041,#2043,.T.);
#2041 = VERTEX_POINT('',#2042);
#2042 = CARTESIAN_POINT('',(-7.752641104989,-41.71122338049,-5.));
#2043 = SURFACE_CURVE('',#2044,(#2048,#2054),.PCURVE_S1.);
#2044 = LINE('',#2045,#2046);
#2045 = CARTESIAN_POINT('',(-5.252641104989,-37.38122338049,-5.));
#2046 = VECTOR('',#2047,1.);
#2047 = DIRECTION('',(-0.500011000363,-0.866019052629,0.));
#2048 = PCURVE('',#93,#2049);
#2049 = DEFINITIONAL_REPRESENTATION('',(#2050),#2053);
#2050 = B_SPLINE_CURVE_WITH_KNOTS('',1,(#2051,#2052),.UNSPECIFIED.,.F.,
  .F.,(2,2),(-6.000000015638E-07,69.99846058306),
  .PIECEWISE_BEZIER_KNOTS.);
#2051 = CARTESIAN_POINT('',(-5.252640804983,-37.38122286088));
#2052 = CARTESIAN_POINT('',(-40.25264140499,-98.0012239001));
#2053 = ( GEOMETRIC_REPRESENTATION_CONTEXT(2) 
PARAMETRIC_REPRESENTATION_CONTEXT() REPRESENTATION_CONTEXT('2D SPACE',''
  ) );
#2054 = PCURVE('',#181,#2055);
#2055 = DEFINITIONAL_REPRESENTATION('',(#2056),#2059);
#2056 = B_SPLINE_CURVE_WITH_KNOTS('',1,(#2057,#2058),.UNSPECIFIED.,.F.,
  .F.,(2,2),(-6.000000015638E-07,69.99846058306),
  .PIECEWISE_BEZIER_KNOTS.);
#2057 = CARTESIAN_POINT('',(2.801755744136,-5.999999997875E-07));
#2058 = CARTESIAN_POINT('',(2.801755744136,69.99846058306));
#2059 = ( GEOMETRIC_REPRESENTATION_CONTEXT(2) 
PARAMETRIC_REPRESENTATION_CONTEXT() REPRESENTATION_CONTEXT('2D SPACE',''
  ) );
#2060 = ORIENTED_EDGE('',*,*,#2061,.T.);
#2061 = EDGE_CURVE('',#2041,#2062,#2064,.T.);
#2062 = VERTEX_POINT('',#2063);
#2063 = CARTESIAN_POINT('',(-5.928855914595,-42.76421713937,-5.));
#2064 = SURFACE_CURVE('',#2065,(#2069,#2075),.PCURVE_S1.);
#2065 = LINE('',#2066,#2067);
#2066 = CARTESIAN_POINT('',(-20.,-34.64,-5.));
#2067 = VECTOR('',#2068,1.);
#2068 = DIRECTION('',(0.866019052629,-0.500011000363,0.));
#2069 = PCURVE('',#93,#2070);
#2070 = DEFINITIONAL_REPRESENTATION('',(#2071),#2074);
#2071 = B_SPLINE_CURVE_WITH_KNOTS('',1,(#2072,#2073),.UNSPECIFIED.,.F.,
  .F.,(2,2),(-17.,17.),.PIECEWISE_BEZIER_KNOTS.);
#2072 = CARTESIAN_POINT('',(-34.72232389468,-26.13981299382));
#2073 = CARTESIAN_POINT('',(-5.277676105311,-43.14018700617));
#2074 = ( GEOMETRIC_REPRESENTATION_CONTEXT(2) 
PARAMETRIC_REPRESENTATION_CONTEXT() REPRESENTATION_CONTEXT('2D SPACE',''
  ) );
#2075 = PCURVE('',#1987,#2076);
#2076 = DEFINITIONAL_REPRESENTATION('',(#2077),#2080);
#2077 = B_SPLINE_CURVE_WITH_KNOTS('',1,(#2078,#2079),.UNSPECIFIED.,.F.,
  .F.,(2,2),(-17.,17.),.PIECEWISE_BEZIER_KNOTS.);
#2078 = CARTESIAN_POINT('',(17.,5.));
#2079 = CARTESIAN_POINT('',(-17.,5.));
#2080 = ( GEOMETRIC_REPRESENTATION_CONTEXT(2) 
PARAMETRIC_REPRESENTATION_CONTEXT() REPRESENTATION_CONTEXT('2D SPACE',''
  ) );
#2081 = ORIENTED_EDGE('',*,*,#2082,.T.);
#2082 = EDGE_CURVE('',#2062,#2083,#2085,.T.);
#2083 = VERTEX_POINT('',#2084);
#2084 = CARTESIAN_POINT('',(-35.92885591459,-94.72421713937,-5.));
#2085 = SURFACE_CURVE('',#2086,(#2090,#2096),.PCURVE_S1.);
#2086 = LINE('',#2087,#2088);
#2087 = CARTESIAN_POINT('',(-5.928855914595,-42.76421713937,-5.));
#2088 = VECTOR('',#2089,1.);
#2089 = DIRECTION('',(-0.500011000363,-0.866019052629,0.));
#2090 = PCURVE('',#93,#2091);
#2091 = DEFINITIONAL_REPRESENTATION('',(#2092),#2095);
#2092 = B_SPLINE_CURVE_WITH_KNOTS('',1,(#2093,#2094),.UNSPECIFIED.,.F.,
  .F.,(2,2),(-6.000000015638E-07,59.99868058548),
  .PIECEWISE_BEZIER_KNOTS.);
#2093 = CARTESIAN_POINT('',(-5.928855614589,-42.76421661976));
#2094 = CARTESIAN_POINT('',(-35.9288562146,-94.72421765899));
#2095 = ( GEOMETRIC_REPRESENTATION_CONTEXT(2) 
PARAMETRIC_REPRESENTATION_CONTEXT() REPRESENTATION_CONTEXT('2D SPACE',''
  ) );
#2096 = PCURVE('',#1961,#2097);
#2097 = DEFINITIONAL_REPRESENTATION('',(#2098),#2101);
#2098 = B_SPLINE_CURVE_WITH_KNOTS('',1,(#2099,#2100),.UNSPECIFIED.,.F.,
  .F.,(2,2),(-6.000000015638E-07,59.99868058548),
  .PIECEWISE_BEZIER_KNOTS.);
#2099 = CARTESIAN_POINT('',(2.843060452405,-5.999999997875E-07));
#2100 = CARTESIAN_POINT('',(2.843060452405,59.99868058548));
#2101 = ( GEOMETRIC_REPRESENTATION_CONTEXT(2) 
PARAMETRIC_REPRESENTATION_CONTEXT() REPRESENTATION_CONTEXT('2D SPACE',''
  ) );
#2102 = ORIENTED_EDGE('',*,*,#2103,.F.);
#2103 = EDGE_CURVE('',#2104,#2083,#2106,.T.);
#2104 = VERTEX_POINT('',#2105);
#2105 = CARTESIAN_POINT('',(-37.75264110498,-93.67122338049,-5.));
#2106 = SURFACE_CURVE('',#2107,(#2111,#2117),.PCURVE_S1.);
#2107 = LINE('',#2108,#2109);
#2108 = CARTESIAN_POINT('',(-50.,-86.6,-5.));
#2109 = VECTOR('',#2110,1.);
#2110 = DIRECTION('',(0.866019052629,-0.500011000363,0.));
#2111 = PCURVE('',#93,#2112);
#2112 = DEFINITIONAL_REPRESENTATION('',(#2113),#2116);
#2113 = B_SPLINE_CURVE_WITH_KNOTS('',1,(#2114,#2115),.UNSPECIFIED.,.F.,
  .F.,(2,2),(-17.,17.),.PIECEWISE_BEZIER_KNOTS.);
#2114 = CARTESIAN_POINT('',(-64.72232389468,-78.09981299382));
#2115 = CARTESIAN_POINT('',(-35.27767610531,-95.10018700617));
#2116 = ( GEOMETRIC_REPRESENTATION_CONTEXT(2) 
PARAMETRIC_REPRESENTATION_CONTEXT() REPRESENTATION_CONTEXT('2D SPACE',''
  ) );
#2117 = PCURVE('',#2118,#2123);
#2118 = PLANE('',#2119);
#2119 = AXIS2_PLACEMENT_3D('',#2120,#2121,#2122);
#2120 = CARTESIAN_POINT('',(-50.,-86.6,0.));
#2121 = DIRECTION('',(-0.500011000363,-0.866019052629,0.));
#2122 = DIRECTION('',(-0.866019052629,0.500011000363,0.));
#2123 = DEFINITIONAL_REPRESENTATION('',(#2124),#2127);
#2124 = B_SPLINE_CURVE_WITH_KNOTS('',1,(#2125,#2126),.UNSPECIFIED.,.F.,
  .F.,(2,2),(-17.,17.),.PIECEWISE_BEZIER_KNOTS.);
#2125 = CARTESIAN_POINT('',(17.,5.));
#2126 = CARTESIAN_POINT('',(-17.,5.));
#2127 = ( GEOMETRIC_REPRESENTATION_CONTEXT(2) 
PARAMETRIC_REPRESENTATION_CONTEXT() REPRESENTATION_CONTEXT('2D SPACE',''
  ) );
#2128 = ORIENTED_EDGE('',*,*,#2129,.T.);
#2129 = EDGE_CURVE('',#2104,#2130,#2132,.T.);
#2130 = VERTEX_POINT('',#2131);
#2131 = CARTESIAN_POINT('',(-40.25264110498,-98.00122338049,-5.));
#2132 = SURFACE_CURVE('',#2133,(#2137,#2143),.PCURVE_S1.);
#2133 = LINE('',#2134,#2135);
#2134 = CARTESIAN_POINT('',(-5.252641104989,-37.38122338049,-5.));
#2135 = VECTOR('',#2136,1.);
#2136 = DIRECTION('',(-0.500011000363,-0.866019052629,0.));
#2137 = PCURVE('',#93,#2138);
#2138 = DEFINITIONAL_REPRESENTATION('',(#2139),#2142);
#2139 = B_SPLINE_CURVE_WITH_KNOTS('',1,(#2140,#2141),.UNSPECIFIED.,.F.,
  .F.,(2,2),(-6.000000015638E-07,69.99846058306),
  .PIECEWISE_BEZIER_KNOTS.);
#2140 = CARTESIAN_POINT('',(-5.252640804983,-37.38122286088));
#2141 = CARTESIAN_POINT('',(-40.25264140499,-98.0012239001));
#2142 = ( GEOMETRIC_REPRESENTATION_CONTEXT(2) 
PARAMETRIC_REPRESENTATION_CONTEXT() REPRESENTATION_CONTEXT('2D SPACE',''
  ) );
#2143 = PCURVE('',#181,#2144);
#2144 = DEFINITIONAL_REPRESENTATION('',(#2145),#2148);
#2145 = B_SPLINE_CURVE_WITH_KNOTS('',1,(#2146,#2147),.UNSPECIFIED.,.F.,
  .F.,(2,2),(-6.000000015638E-07,69.99846058306),
  .PIECEWISE_BEZIER_KNOTS.);
#2146 = CARTESIAN_POINT('',(2.801755744136,-5.999999997875E-07));
#2147 = CARTESIAN_POINT('',(2.801755744136,69.99846058306));
#2148 = ( GEOMETRIC_REPRESENTATION_CONTEXT(2) 
PARAMETRIC_REPRESENTATION_CONTEXT() REPRESENTATION_CONTEXT('2D SPACE',''
  ) );
#2149 = ORIENTED_EDGE('',*,*,#2150,.F.);
#2150 = EDGE_CURVE('',#2151,#2130,#2153,.T.);
#2151 = VERTEX_POINT('',#2152);
#2152 = CARTESIAN_POINT('',(-64.74735889501,-83.8587766195,-5.));
#2153 = SURFACE_CURVE('',#2154,(#2158,#2164),.PCURVE_S1.);
#2154 = LINE('',#2155,#2156);
#2155 = CARTESIAN_POINT('',(-52.5,-90.93,-5.));
#2156 = VECTOR('',#2157,1.);
#2157 = DIRECTION('',(0.866019052629,-0.500011000363,0.));
#2158 = PCURVE('',#93,#2159);
#2159 = DEFINITIONAL_REPRESENTATION('',(#2160),#2163);
#2160 = B_SPLINE_CURVE_WITH_KNOTS('',1,(#2161,#2162),.UNSPECIFIED.,.F.,
  .F.,(2,2),(-15.,15.),.PIECEWISE_BEZIER_KNOTS.);
#2161 = CARTESIAN_POINT('',(-65.49028578943,-83.42983499455));
#2162 = CARTESIAN_POINT('',(-39.50971421056,-98.43016500544));
#2163 = ( GEOMETRIC_REPRESENTATION_CONTEXT(2) 
PARAMETRIC_REPRESENTATION_CONTEXT() REPRESENTATION_CONTEXT('2D SPACE',''
  ) );
#2164 = PCURVE('',#343,#2165);
#2165 = DEFINITIONAL_REPRESENTATION('',(#2166),#2169);
#2166 = B_SPLINE_CURVE_WITH_KNOTS('',1,(#2167,#2168),.UNSPECIFIED.,.F.,
  .F.,(2,2),(-15.,15.),.PIECEWISE_BEZIER_KNOTS.);
#2167 = CARTESIAN_POINT('',(15.,5.));
#2168 = CARTESIAN_POINT('',(-15.,5.));
#2169 = ( GEOMETRIC_REPRESENTATION_CONTEXT(2) 
PARAMETRIC_REPRESENTATION_CONTEXT() REPRESENTATION_CONTEXT('2D SPACE',''
  ) );
#2170 = ORIENTED_EDGE('',*,*,#2171,.F.);
#2171 = EDGE_CURVE('',#2172,#2151,#2174,.T.);
#2172 = VERTEX_POINT('',#2173);
#2173 = CARTESIAN_POINT('',(-62.24735889501,-79.5287766195,-5.));
#2174 = SURFACE_CURVE('',#2175,(#2179,#2185),.PCURVE_S1.);
#2175 = LINE('',#2176,#2177);
#2176 = CARTESIAN_POINT('',(-29.74735889501,-23.2387766195,-5.));
#2177 = VECTOR('',#2178,1.);
#2178 = DIRECTION('',(-0.500011000363,-0.866019052629,0.));
#2179 = PCURVE('',#93,#2180);
#2180 = DEFINITIONAL_REPRESENTATION('',(#2181),#2184);
#2181 = B_SPLINE_CURVE_WITH_KNOTS('',1,(#2182,#2183),.UNSPECIFIED.,.F.,
  .F.,(2,2),(-5.999999984871E-07,69.99846058306),
  .PIECEWISE_BEZIER_KNOTS.);
#2182 = CARTESIAN_POINT('',(-29.747358595,-23.23877609989));
#2183 = CARTESIAN_POINT('',(-64.74735919501,-83.85877713912));
#2184 = ( GEOMETRIC_REPRESENTATION_CONTEXT(2) 
PARAMETRIC_REPRESENTATION_CONTEXT() REPRESENTATION_CONTEXT('2D SPACE',''
  ) );
#2185 = PCURVE('',#181,#2186);
#2186 = DEFINITIONAL_REPRESENTATION('',(#2187),#2190);
#2187 = B_SPLINE_CURVE_WITH_KNOTS('',1,(#2188,#2189),.UNSPECIFIED.,.F.,
  .F.,(2,2),(-5.999999984871E-07,69.99846058306),
  .PIECEWISE_BEZIER_KNOTS.);
#2188 = CARTESIAN_POINT('',(0.339836909454,-6.000000002635E-07));
#2189 = CARTESIAN_POINT('',(0.339836909454,69.99846058306));
#2190 = ( GEOMETRIC_REPRESENTATION_CONTEXT(2) 
PARAMETRIC_REPRESENTATION_CONTEXT() REPRESENTATION_CONTEXT('2D SPACE',''
  ) );
#2191 = ORIENTED_EDGE('',*,*,#2192,.F.);
#2192 = EDGE_CURVE('',#1947,#2172,#2193,.T.);
#2193 = SURFACE_CURVE('',#2194,(#2198,#2204),.PCURVE_S1.);
#2194 = LINE('',#2195,#2196);
#2195 = CARTESIAN_POINT('',(-50.,-86.6,-5.));
#2196 = VECTOR('',#2197,1.);
#2197 = DIRECTION('',(0.866019052629,-0.500011000363,0.));
#2198 = PCURVE('',#93,#2199);
#2199 = DEFINITIONAL_REPRESENTATION('',(#2200),#2203);
#2200 = B_SPLINE_CURVE_WITH_KNOTS('',1,(#2201,#2202),.UNSPECIFIED.,.F.,
  .F.,(2,2),(-17.,17.),.PIECEWISE_BEZIER_KNOTS.);
#2201 = CARTESIAN_POINT('',(-64.72232389468,-78.09981299382));
#2202 = CARTESIAN_POINT('',(-35.27767610531,-95.10018700617));
#2203 = ( GEOMETRIC_REPRESENTATION_CONTEXT(2) 
PARAMETRIC_REPRESENTATION_CONTEXT() REPRESENTATION_CONTEXT('2D SPACE',''
  ) );
#2204 = PCURVE('',#2118,#2205);
#2205 = DEFINITIONAL_REPRESENTATION('',(#2206),#2209);
#2206 = B_SPLINE_CURVE_WITH_KNOTS('',1,(#2207,#2208),.UNSPECIFIED.,.F.,
  .F.,(2,2),(-17.,17.),.PIECEWISE_BEZIER_KNOTS.);
#2207 = CARTESIAN_POINT('',(17.,5.));
#2208 = CARTESIAN_POINT('',(-17.,5.));
#2209 = ( GEOMETRIC_REPRESENTATION_CONTEXT(2) 
PARAMETRIC_REPRESENTATION_CONTEXT() REPRESENTATION_CONTEXT('2D SPACE',''
  ) );
#2210 = FACE_BOUND('',#2211,.F.);
#2211 = EDGE_LOOP('',(#2212,#2240,#2266,#2287,#2308,#2329,#2350,#2371,
    #2397,#2418,#2439,#2460));
#2212 = ORIENTED_EDGE('',*,*,#2213,.F.);
#2213 = EDGE_CURVE('',#2214,#2216,#2218,.T.);
#2214 = VERTEX_POINT('',#2215);
#2215 = CARTESIAN_POINT('',(-40.,16.248076809272,-5.));
#2216 = VERTEX_POINT('',#2217);
#2217 = CARTESIAN_POINT('',(-100.,16.248076809272,-5.));
#2218 = SURFACE_CURVE('',#2219,(#2223,#2229),.PCURVE_S1.);
#2219 = LINE('',#2220,#2221);
#2220 = CARTESIAN_POINT('',(-40.,16.248076809272,-5.));
#2221 = VECTOR('',#2222,1.);
#2222 = DIRECTION('',(-1.,0.,0.));
#2223 = PCURVE('',#93,#2224);
#2224 = DEFINITIONAL_REPRESENTATION('',(#2225),#2228);
#2225 = B_SPLINE_CURVE_WITH_KNOTS('',1,(#2226,#2227),.UNSPECIFIED.,.F.,
  .F.,(2,2),(-5.999999999062E-07,60.0000006),.PIECEWISE_BEZIER_KNOTS.);
#2226 = CARTESIAN_POINT('',(-39.9999994,16.248076809272));
#2227 = CARTESIAN_POINT('',(-100.0000006,16.248076809272));
#2228 = ( GEOMETRIC_REPRESENTATION_CONTEXT(2) 
PARAMETRIC_REPRESENTATION_CONTEXT() REPRESENTATION_CONTEXT('2D SPACE',''
  ) );
#2229 = PCURVE('',#2230,#2235);
#2230 = CYLINDRICAL_SURFACE('',#2231,17.);
#2231 = AXIS2_PLACEMENT_3D('',#2232,#2233,#2234);
#2232 = CARTESIAN_POINT('',(-40.,0.,0.));
#2233 = DIRECTION('',(-1.,0.,0.));
#2234 = DIRECTION('',(0.,0.,-1.));
#2235 = DEFINITIONAL_REPRESENTATION('',(#2236),#2239);
#2236 = B_SPLINE_CURVE_WITH_KNOTS('',1,(#2237,#2238),.UNSPECIFIED.,.F.,
  .F.,(2,2),(-0.,60.),.PIECEWISE_BEZIER_KNOTS.);
#2237 = CARTESIAN_POINT('',(5.01092118157,0.));
#2238 = CARTESIAN_POINT('',(5.01092118157,60.));
#2239 = ( GEOMETRIC_REPRESENTATION_CONTEXT(2) 
PARAMETRIC_REPRESENTATION_CONTEXT() REPRESENTATION_CONTEXT('2D SPACE',''
  ) );
#2240 = ORIENTED_EDGE('',*,*,#2241,.T.);
#2241 = EDGE_CURVE('',#2214,#2242,#2244,.T.);
#2242 = VERTEX_POINT('',#2243);
#2243 = CARTESIAN_POINT('',(-40.,14.142135623731,-5.));
#2244 = SURFACE_CURVE('',#2245,(#2249,#2255),.PCURVE_S1.);
#2245 = LINE('',#2246,#2247);
#2246 = CARTESIAN_POINT('',(-40.,0.,-5.));
#2247 = VECTOR('',#2248,1.);
#2248 = DIRECTION('',(0.,-1.,0.));
#2249 = PCURVE('',#93,#2250);
#2250 = DEFINITIONAL_REPRESENTATION('',(#2251),#2254);
#2251 = B_SPLINE_CURVE_WITH_KNOTS('',1,(#2252,#2253),.UNSPECIFIED.,.F.,
  .F.,(2,2),(-17.,17.),.PIECEWISE_BEZIER_KNOTS.);
#2252 = CARTESIAN_POINT('',(-40.,17.));
#2253 = CARTESIAN_POINT('',(-40.,-17.));
#2254 = ( GEOMETRIC_REPRESENTATION_CONTEXT(2) 
PARAMETRIC_REPRESENTATION_CONTEXT() REPRESENTATION_CONTEXT('2D SPACE',''
  ) );
#2255 = PCURVE('',#2256,#2261);
#2256 = PLANE('',#2257);
#2257 = AXIS2_PLACEMENT_3D('',#2258,#2259,#2260);
#2258 = CARTESIAN_POINT('',(-40.,0.,0.));
#2259 = DIRECTION('',(-1.,0.,0.));
#2260 = DIRECTION('',(0.,0.,-1.));
#2261 = DEFINITIONAL_REPRESENTATION('',(#2262),#2265);
#2262 = B_SPLINE_CURVE_WITH_KNOTS('',1,(#2263,#2264),.UNSPECIFIED.,.F.,
  .F.,(2,2),(-17.,17.),.PIECEWISE_BEZIER_KNOTS.);
#2263 = CARTESIAN_POINT('',(5.,-17.));
#2264 = CARTESIAN_POINT('',(5.,17.));
#2265 = ( GEOMETRIC_REPRESENTATION_CONTEXT(2) 
PARAMETRIC_REPRESENTATION_CONTEXT() REPRESENTATION_CONTEXT('2D SPACE',''
  ) );
#2266 = ORIENTED_EDGE('',*,*,#2267,.F.);
#2267 = EDGE_CURVE('',#2268,#2242,#2270,.T.);
#2268 = VERTEX_POINT('',#2269);
#2269 = CARTESIAN_POINT('',(-35.,14.142135623731,-5.));
#2270 = SURFACE_CURVE('',#2271,(#2275,#2281),.PCURVE_S1.);
#2271 = LINE('',#2272,#2273);
#2272 = CARTESIAN_POINT('',(-35.,14.142135623731,-5.));
#2273 = VECTOR('',#2274,1.);
#2274 = DIRECTION('',(-1.,0.,0.));
#2275 = PCURVE('',#93,#2276);
#2276 = DEFINITIONAL_REPRESENTATION('',(#2277),#2280);
#2277 = B_SPLINE_CURVE_WITH_KNOTS('',1,(#2278,#2279),.UNSPECIFIED.,.F.,
  .F.,(2,2),(-5.999999999062E-07,70.0000006),.PIECEWISE_BEZIER_KNOTS.);
#2278 = CARTESIAN_POINT('',(-34.9999994,14.142135623731));
#2279 = CARTESIAN_POINT('',(-105.0000006,14.142135623731));
#2280 = ( GEOMETRIC_REPRESENTATION_CONTEXT(2) 
PARAMETRIC_REPRESENTATION_CONTEXT() REPRESENTATION_CONTEXT('2D SPACE',''
  ) );
#2281 = PCURVE('',#465,#2282);
#2282 = DEFINITIONAL_REPRESENTATION('',(#2283),#2286);
#2283 = B_SPLINE_CURVE_WITH_KNOTS('',1,(#2284,#2285),.UNSPECIFIED.,.F.,
  .F.,(2,2),(-5.999999999062E-07,70.0000006),.PIECEWISE_BEZIER_KNOTS.);
#2284 = CARTESIAN_POINT('',(5.052225889839,-5.999999999062E-07));
#2285 = CARTESIAN_POINT('',(5.052225889839,70.0000006));
#2286 = ( GEOMETRIC_REPRESENTATION_CONTEXT(2) 
PARAMETRIC_REPRESENTATION_CONTEXT() REPRESENTATION_CONTEXT('2D SPACE',''
  ) );
#2287 = ORIENTED_EDGE('',*,*,#2288,.T.);
#2288 = EDGE_CURVE('',#2268,#2289,#2291,.T.);
#2289 = VERTEX_POINT('',#2290);
#2290 = CARTESIAN_POINT('',(-35.,-14.14213562373,-5.));
#2291 = SURFACE_CURVE('',#2292,(#2296,#2302),.PCURVE_S1.);
#2292 = LINE('',#2293,#2294);
#2293 = CARTESIAN_POINT('',(-35.,0.,-5.));
#2294 = VECTOR('',#2295,1.);
#2295 = DIRECTION('',(0.,-1.,0.));
#2296 = PCURVE('',#93,#2297);
#2297 = DEFINITIONAL_REPRESENTATION('',(#2298),#2301);
#2298 = B_SPLINE_CURVE_WITH_KNOTS('',1,(#2299,#2300),.UNSPECIFIED.,.F.,
  .F.,(2,2),(-15.,15.),.PIECEWISE_BEZIER_KNOTS.);
#2299 = CARTESIAN_POINT('',(-35.,15.));
#2300 = CARTESIAN_POINT('',(-35.,-15.));
#2301 = ( GEOMETRIC_REPRESENTATION_CONTEXT(2) 
PARAMETRIC_REPRESENTATION_CONTEXT() REPRESENTATION_CONTEXT('2D SPACE',''
  ) );
#2302 = PCURVE('',#491,#2303);
#2303 = DEFINITIONAL_REPRESENTATION('',(#2304),#2307);
#2304 = B_SPLINE_CURVE_WITH_KNOTS('',1,(#2305,#2306),.UNSPECIFIED.,.F.,
  .F.,(2,2),(-15.,15.),.PIECEWISE_BEZIER_KNOTS.);
#2305 = CARTESIAN_POINT('',(5.,-15.));
#2306 = CARTESIAN_POINT('',(5.,15.));
#2307 = ( GEOMETRIC_REPRESENTATION_CONTEXT(2) 
PARAMETRIC_REPRESENTATION_CONTEXT() REPRESENTATION_CONTEXT('2D SPACE',''
  ) );
#2308 = ORIENTED_EDGE('',*,*,#2309,.T.);
#2309 = EDGE_CURVE('',#2289,#2310,#2312,.T.);
#2310 = VERTEX_POINT('',#2311);
#2311 = CARTESIAN_POINT('',(-40.,-14.14213562373,-5.));
#2312 = SURFACE_CURVE('',#2313,(#2317,#2323),.PCURVE_S1.);
#2313 = LINE('',#2314,#2315);
#2314 = CARTESIAN_POINT('',(-35.,-14.14213562373,-5.));
#2315 = VECTOR('',#2316,1.);
#2316 = DIRECTION('',(-1.,0.,0.));
#2317 = PCURVE('',#93,#2318);
#2318 = DEFINITIONAL_REPRESENTATION('',(#2319),#2322);
#2319 = B_SPLINE_CURVE_WITH_KNOTS('',1,(#2320,#2321),.UNSPECIFIED.,.F.,
  .F.,(2,2),(-5.999999999062E-07,70.0000006),.PIECEWISE_BEZIER_KNOTS.);
#2320 = CARTESIAN_POINT('',(-34.9999994,-14.14213562373));
#2321 = CARTESIAN_POINT('',(-105.0000006,-14.14213562373));
#2322 = ( GEOMETRIC_REPRESENTATION_CONTEXT(2) 
PARAMETRIC_REPRESENTATION_CONTEXT() REPRESENTATION_CONTEXT('2D SPACE',''
  ) );
#2323 = PCURVE('',#465,#2324);
#2324 = DEFINITIONAL_REPRESENTATION('',(#2325),#2328);
#2325 = B_SPLINE_CURVE_WITH_KNOTS('',1,(#2326,#2327),.UNSPECIFIED.,.F.,
  .F.,(2,2),(-5.999999999062E-07,70.0000006),.PIECEWISE_BEZIER_KNOTS.);
#2326 = CARTESIAN_POINT('',(1.230959417341,-5.999999999062E-07));
#2327 = CARTESIAN_POINT('',(1.230959417341,70.0000006));
#2328 = ( GEOMETRIC_REPRESENTATION_CONTEXT(2) 
PARAMETRIC_REPRESENTATION_CONTEXT() REPRESENTATION_CONTEXT('2D SPACE',''
  ) );
#2329 = ORIENTED_EDGE('',*,*,#2330,.T.);
#2330 = EDGE_CURVE('',#2310,#2331,#2333,.T.);
#2331 = VERTEX_POINT('',#2332);
#2332 = CARTESIAN_POINT('',(-40.,-16.24807680927,-5.));
#2333 = SURFACE_CURVE('',#2334,(#2338,#2344),.PCURVE_S1.);
#2334 = LINE('',#2335,#2336);
#2335 = CARTESIAN_POINT('',(-40.,0.,-5.));
#2336 = VECTOR('',#2337,1.);
#2337 = DIRECTION('',(0.,-1.,0.));
#2338 = PCURVE('',#93,#2339);
#2339 = DEFINITIONAL_REPRESENTATION('',(#2340),#2343);
#2340 = B_SPLINE_CURVE_WITH_KNOTS('',1,(#2341,#2342),.UNSPECIFIED.,.F.,
  .F.,(2,2),(-17.,17.),.PIECEWISE_BEZIER_KNOTS.);
#2341 = CARTESIAN_POINT('',(-40.,17.));
#2342 = CARTESIAN_POINT('',(-40.,-17.));
#2343 = ( GEOMETRIC_REPRESENTATION_CONTEXT(2) 
PARAMETRIC_REPRESENTATION_CONTEXT() REPRESENTATION_CONTEXT('2D SPACE',''
  ) );
#2344 = PCURVE('',#2256,#2345);
#2345 = DEFINITIONAL_REPRESENTATION('',(#2346),#2349);
#2346 = B_SPLINE_CURVE_WITH_KNOTS('',1,(#2347,#2348),.UNSPECIFIED.,.F.,
  .F.,(2,2),(-17.,17.),.PIECEWISE_BEZIER_KNOTS.);
#2347 = CARTESIAN_POINT('',(5.,-17.));
#2348 = CARTESIAN_POINT('',(5.,17.));
#2349 = ( GEOMETRIC_REPRESENTATION_CONTEXT(2) 
PARAMETRIC_REPRESENTATION_CONTEXT() REPRESENTATION_CONTEXT('2D SPACE',''
  ) );
#2350 = ORIENTED_EDGE('',*,*,#2351,.T.);
#2351 = EDGE_CURVE('',#2331,#2352,#2354,.T.);
#2352 = VERTEX_POINT('',#2353);
#2353 = CARTESIAN_POINT('',(-100.,-16.24807680927,-5.));
#2354 = SURFACE_CURVE('',#2355,(#2359,#2365),.PCURVE_S1.);
#2355 = LINE('',#2356,#2357);
#2356 = CARTESIAN_POINT('',(-40.,-16.24807680927,-5.));
#2357 = VECTOR('',#2358,1.);
#2358 = DIRECTION('',(-1.,0.,0.));
#2359 = PCURVE('',#93,#2360);
#2360 = DEFINITIONAL_REPRESENTATION('',(#2361),#2364);
#2361 = B_SPLINE_CURVE_WITH_KNOTS('',1,(#2362,#2363),.UNSPECIFIED.,.F.,
  .F.,(2,2),(-5.999999999062E-07,60.0000006),.PIECEWISE_BEZIER_KNOTS.);
#2362 = CARTESIAN_POINT('',(-39.9999994,-16.24807680927));
#2363 = CARTESIAN_POINT('',(-100.0000006,-16.24807680927));
#2364 = ( GEOMETRIC_REPRESENTATION_CONTEXT(2) 
PARAMETRIC_REPRESENTATION_CONTEXT() REPRESENTATION_CONTEXT('2D SPACE',''
  ) );
#2365 = PCURVE('',#2230,#2366);
#2366 = DEFINITIONAL_REPRESENTATION('',(#2367),#2370);
#2367 = B_SPLINE_CURVE_WITH_KNOTS('',1,(#2368,#2369),.UNSPECIFIED.,.F.,
  .F.,(2,2),(0.,60.),.PIECEWISE_BEZIER_KNOTS.);
#2368 = CARTESIAN_POINT('',(7.55544943279,0.));
#2369 = CARTESIAN_POINT('',(7.55544943279,60.));
#2370 = ( GEOMETRIC_REPRESENTATION_CONTEXT(2) 
PARAMETRIC_REPRESENTATION_CONTEXT() REPRESENTATION_CONTEXT('2D SPACE',''
  ) );
#2371 = ORIENTED_EDGE('',*,*,#2372,.F.);
#2372 = EDGE_CURVE('',#2373,#2352,#2375,.T.);
#2373 = VERTEX_POINT('',#2374);
#2374 = CARTESIAN_POINT('',(-100.,-14.14213562373,-5.));
#2375 = SURFACE_CURVE('',#2376,(#2380,#2386),.PCURVE_S1.);
#2376 = LINE('',#2377,#2378);
#2377 = CARTESIAN_POINT('',(-100.,0.,-5.));
#2378 = VECTOR('',#2379,1.);
#2379 = DIRECTION('',(0.,-1.,0.));
#2380 = PCURVE('',#93,#2381);
#2381 = DEFINITIONAL_REPRESENTATION('',(#2382),#2385);
#2382 = B_SPLINE_CURVE_WITH_KNOTS('',1,(#2383,#2384),.UNSPECIFIED.,.F.,
  .F.,(2,2),(-17.,17.),.PIECEWISE_BEZIER_KNOTS.);
#2383 = CARTESIAN_POINT('',(-100.,17.));
#2384 = CARTESIAN_POINT('',(-100.,-17.));
#2385 = ( GEOMETRIC_REPRESENTATION_CONTEXT(2) 
PARAMETRIC_REPRESENTATION_CONTEXT() REPRESENTATION_CONTEXT('2D SPACE',''
  ) );
#2386 = PCURVE('',#2387,#2392);
#2387 = PLANE('',#2388);
#2388 = AXIS2_PLACEMENT_3D('',#2389,#2390,#2391);
#2389 = CARTESIAN_POINT('',(-100.,0.,0.));
#2390 = DIRECTION('',(-1.,0.,0.));
#2391 = DIRECTION('',(0.,0.,-1.));
#2392 = DEFINITIONAL_REPRESENTATION('',(#2393),#2396);
#2393 = B_SPLINE_CURVE_WITH_KNOTS('',1,(#2394,#2395),.UNSPECIFIED.,.F.,
  .F.,(2,2),(-17.,17.),.PIECEWISE_BEZIER_KNOTS.);
#2394 = CARTESIAN_POINT('',(5.,-17.));
#2395 = CARTESIAN_POINT('',(5.,17.));
#2396 = ( GEOMETRIC_REPRESENTATION_CONTEXT(2) 
PARAMETRIC_REPRESENTATION_CONTEXT() REPRESENTATION_CONTEXT('2D SPACE',''
  ) );
#2397 = ORIENTED_EDGE('',*,*,#2398,.T.);
#2398 = EDGE_CURVE('',#2373,#2399,#2401,.T.);
#2399 = VERTEX_POINT('',#2400);
#2400 = CARTESIAN_POINT('',(-105.,-14.14213562373,-5.));
#2401 = SURFACE_CURVE('',#2402,(#2406,#2412),.PCURVE_S1.);
#2402 = LINE('',#2403,#2404);
#2403 = CARTESIAN_POINT('',(-35.,-14.14213562373,-5.));
#2404 = VECTOR('',#2405,1.);
#2405 = DIRECTION('',(-1.,0.,0.));
#2406 = PCURVE('',#93,#2407);
#2407 = DEFINITIONAL_REPRESENTATION('',(#2408),#2411);
#2408 = B_SPLINE_CURVE_WITH_KNOTS('',1,(#2409,#2410),.UNSPECIFIED.,.F.,
  .F.,(2,2),(-5.999999999062E-07,70.0000006),.PIECEWISE_BEZIER_KNOTS.);
#2409 = CARTESIAN_POINT('',(-34.9999994,-14.14213562373));
#2410 = CARTESIAN_POINT('',(-105.0000006,-14.14213562373));
#2411 = ( GEOMETRIC_REPRESENTATION_CONTEXT(2) 
PARAMETRIC_REPRESENTATION_CONTEXT() REPRESENTATION_CONTEXT('2D SPACE',''
  ) );
#2412 = PCURVE('',#465,#2413);
#2413 = DEFINITIONAL_REPRESENTATION('',(#2414),#2417);
#2414 = B_SPLINE_CURVE_WITH_KNOTS('',1,(#2415,#2416),.UNSPECIFIED.,.F.,
  .F.,(2,2),(-5.999999999062E-07,70.0000006),.PIECEWISE_BEZIER_KNOTS.);
#2415 = CARTESIAN_POINT('',(1.230959417341,-5.999999999062E-07));
#2416 = CARTESIAN_POINT('',(1.230959417341,70.0000006));
#2417 = ( GEOMETRIC_REPRESENTATION_CONTEXT(2) 
PARAMETRIC_REPRESENTATION_CONTEXT() REPRESENTATION_CONTEXT('2D SPACE',''
  ) );
#2418 = ORIENTED_EDGE('',*,*,#2419,.F.);
#2419 = EDGE_CURVE('',#2420,#2399,#2422,.T.);
#2420 = VERTEX_POINT('',#2421);
#2421 = CARTESIAN_POINT('',(-105.,14.142135623731,-5.));
#2422 = SURFACE_CURVE('',#2423,(#2427,#2433),.PCURVE_S1.);
#2423 = LINE('',#2424,#2425);
#2424 = CARTESIAN_POINT('',(-105.,0.,-5.));
#2425 = VECTOR('',#2426,1.);
#2426 = DIRECTION('',(0.,-1.,0.));
#2427 = PCURVE('',#93,#2428);
#2428 = DEFINITIONAL_REPRESENTATION('',(#2429),#2432);
#2429 = B_SPLINE_CURVE_WITH_KNOTS('',1,(#2430,#2431),.UNSPECIFIED.,.F.,
  .F.,(2,2),(-15.,15.),.PIECEWISE_BEZIER_KNOTS.);
#2430 = CARTESIAN_POINT('',(-105.,15.));
#2431 = CARTESIAN_POINT('',(-105.,-15.));
#2432 = ( GEOMETRIC_REPRESENTATION_CONTEXT(2) 
PARAMETRIC_REPRESENTATION_CONTEXT() REPRESENTATION_CONTEXT('2D SPACE',''
  ) );
#2433 = PCURVE('',#627,#2434);
#2434 = DEFINITIONAL_REPRESENTATION('',(#2435),#2438);
#2435 = B_SPLINE_CURVE_WITH_KNOTS('',1,(#2436,#2437),.UNSPECIFIED.,.F.,
  .F.,(2,2),(-15.,15.),.PIECEWISE_BEZIER_KNOTS.);
#2436 = CARTESIAN_POINT('',(5.,-15.));
#2437 = CARTESIAN_POINT('',(5.,15.));
#2438 = ( GEOMETRIC_REPRESENTATION_CONTEXT(2) 
PARAMETRIC_REPRESENTATION_CONTEXT() REPRESENTATION_CONTEXT('2D SPACE',''
  ) );
#2439 = ORIENTED_EDGE('',*,*,#2440,.F.);
#2440 = EDGE_CURVE('',#2441,#2420,#2443,.T.);
#2441 = VERTEX_POINT('',#2442);
#2442 = CARTESIAN_POINT('',(-100.,14.142135623731,-5.));
#2443 = SURFACE_CURVE('',#2444,(#2448,#2454),.PCURVE_S1.);
#2444 = LINE('',#2445,#2446);
#2445 = CARTESIAN_POINT('',(-35.,14.142135623731,-5.));
#2446 = VECTOR('',#2447,1.);
#2447 = DIRECTION('',(-1.,0.,0.));
#2448 = PCURVE('',#93,#2449);
#2449 = DEFINITIONAL_REPRESENTATION('',(#2450),#2453);
#2450 = B_SPLINE_CURVE_WITH_KNOTS('',1,(#2451,#2452),.UNSPECIFIED.,.F.,
  .F.,(2,2),(-5.999999999062E-07,70.0000006),.PIECEWISE_BEZIER_KNOTS.);
#2451 = CARTESIAN_POINT('',(-34.9999994,14.142135623731));
#2452 = CARTESIAN_POINT('',(-105.0000006,14.142135623731));
#2453 = ( GEOMETRIC_REPRESENTATION_CONTEXT(2) 
PARAMETRIC_REPRESENTATION_CONTEXT() REPRESENTATION_CONTEXT('2D SPACE',''
  ) );
#2454 = PCURVE('',#465,#2455);
#2455 = DEFINITIONAL_REPRESENTATION('',(#2456),#2459);
#2456 = B_SPLINE_CURVE_WITH_KNOTS('',1,(#2457,#2458),.UNSPECIFIED.,.F.,
  .F.,(2,2),(-5.999999999062E-07,70.0000006),.PIECEWISE_BEZIER_KNOTS.);
#2457 = CARTESIAN_POINT('',(5.052225889839,-5.999999999062E-07));
#2458 = CARTESIAN_POINT('',(5.052225889839,70.0000006));
#2459 = ( GEOMETRIC_REPRESENTATION_CONTEXT(2) 
PARAMETRIC_REPRESENTATION_CONTEXT() REPRESENTATION_CONTEXT('2D SPACE',''
  ) );
#2460 = ORIENTED_EDGE('',*,*,#2461,.F.);
#2461 = EDGE_CURVE('',#2216,#2441,#2462,.T.);
#2462 = SURFACE_CURVE('',#2463,(#2467,#2473),.PCURVE_S1.);
#2463 = LINE('',#2464,#2465);
#2464 = CARTESIAN_POINT('',(-100.,0.,-5.));
#2465 = VECTOR('',#2466,1.);
#2466 = DIRECTION('',(0.,-1.,0.));
#2467 = PCURVE('',#93,#2468);
#2468 = DEFINITIONAL_REPRESENTATION('',(#2469),#2472);
#2469 = B_SPLINE_CURVE_WITH_KNOTS('',1,(#2470,#2471),.UNSPECIFIED.,.F.,
  .F.,(2,2),(-17.,17.),.PIECEWISE_BEZIER_KNOTS.);
#2470 = CARTESIAN_POINT('',(-100.,17.));
#2471 = CARTESIAN_POINT('',(-100.,-17.));
#2472 = ( GEOMETRIC_REPRESENTATION_CONTEXT(2) 
PARAMETRIC_REPRESENTATION_CONTEXT() REPRESENTATION_CONTEXT('2D SPACE',''
  ) );
#2473 = PCURVE('',#2387,#2474);
#2474 = DEFINITIONAL_REPRESENTATION('',(#2475),#2478);
#2475 = B_SPLINE_CURVE_WITH_KNOTS('',1,(#2476,#2477),.UNSPECIFIED.,.F.,
  .F.,(2,2),(-17.,17.),.PIECEWISE_BEZIER_KNOTS.);
#2476 = CARTESIAN_POINT('',(5.,-17.));
#2477 = CARTESIAN_POINT('',(5.,17.));
#2478 = ( GEOMETRIC_REPRESENTATION_CONTEXT(2) 
PARAMETRIC_REPRESENTATION_CONTEXT() REPRESENTATION_CONTEXT('2D SPACE',''
  ) );
#2479 = FACE_BOUND('',#2480,.F.);
#2480 = EDGE_LOOP('',(#2481));
#2481 = ORIENTED_EDGE('',*,*,#2482,.F.);
#2482 = EDGE_CURVE('',#2483,#2483,#2485,.T.);
#2483 = VERTEX_POINT('',#2484);
#2484 = CARTESIAN_POINT('',(-19.5,-22.,-5.));
#2485 = SURFACE_CURVE('',#2486,(#2491,#2498),.PCURVE_S1.);
#2486 = CIRCLE('',#2487,2.5);
#2487 = AXIS2_PLACEMENT_3D('',#2488,#2489,#2490);
#2488 = CARTESIAN_POINT('',(-22.,-22.,-5.));
#2489 = DIRECTION('',(0.,0.,1.));
#2490 = DIRECTION('',(1.,0.,-0.));
#2491 = PCURVE('',#93,#2492);
#2492 = DEFINITIONAL_REPRESENTATION('',(#2493),#2497);
#2493 = CIRCLE('',#2494,2.5);
#2494 = AXIS2_PLACEMENT_2D('',#2495,#2496);
#2495 = CARTESIAN_POINT('',(-22.,-22.));
#2496 = DIRECTION('',(1.,0.));
#2497 = ( GEOMETRIC_REPRESENTATION_CONTEXT(2) 
PARAMETRIC_REPRESENTATION_CONTEXT() REPRESENTATION_CONTEXT('2D SPACE',''
  ) );
#2498 = PCURVE('',#697,#2499);
#2499 = DEFINITIONAL_REPRESENTATION('',(#2500),#2504);
#2500 = LINE('',#2501,#2502);
#2501 = CARTESIAN_POINT('',(0.,1.));
#2502 = VECTOR('',#2503,1.);
#2503 = DIRECTION('',(1.,0.));
#2504 = ( GEOMETRIC_REPRESENTATION_CONTEXT(2) 
PARAMETRIC_REPRESENTATION_CONTEXT() REPRESENTATION_CONTEXT('2D SPACE',''
  ) );
#2505 = FACE_BOUND('',#2506,.F.);
#2506 = EDGE_LOOP('',(#2507,#2535,#2561,#2582,#2603,#2624,#2645,#2666,
    #2692,#2713,#2734,#2755));
#2507 = ORIENTED_EDGE('',*,*,#2508,.F.);
#2508 = EDGE_CURVE('',#2509,#2511,#2513,.T.);
#2509 = VERTEX_POINT('',#2510);
#2510 = CARTESIAN_POINT('',(5.928855914595,-42.76421713937,-5.));
#2511 = VERTEX_POINT('',#2512);
#2512 = CARTESIAN_POINT('',(35.928855914595,-94.72421713937,-5.));
#2513 = SURFACE_CURVE('',#2514,(#2518,#2524),.PCURVE_S1.);
#2514 = LINE('',#2515,#2516);
#2515 = CARTESIAN_POINT('',(5.928855914595,-42.76421713937,-5.));
#2516 = VECTOR('',#2517,1.);
#2517 = DIRECTION('',(0.500011000363,-0.866019052629,0.));
#2518 = PCURVE('',#93,#2519);
#2519 = DEFINITIONAL_REPRESENTATION('',(#2520),#2523);
#2520 = B_SPLINE_CURVE_WITH_KNOTS('',1,(#2521,#2522),.UNSPECIFIED.,.F.,
  .F.,(2,2),(-6.000000015638E-07,59.99868058548),
  .PIECEWISE_BEZIER_KNOTS.);
#2521 = CARTESIAN_POINT('',(5.928855614589,-42.76421661976));
#2522 = CARTESIAN_POINT('',(35.928856214602,-94.72421765899));
#2523 = ( GEOMETRIC_REPRESENTATION_CONTEXT(2) 
PARAMETRIC_REPRESENTATION_CONTEXT() REPRESENTATION_CONTEXT('2D SPACE',''
  ) );
#2524 = PCURVE('',#2525,#2530);
#2525 = CYLINDRICAL_SURFACE('',#2526,17.);
#2526 = AXIS2_PLACEMENT_3D('',#2527,#2528,#2529);
#2527 = CARTESIAN_POINT('',(20.,-34.64,0.));
#2528 = DIRECTION('',(0.500011000363,-0.866019052629,0.));
#2529 = DIRECTION('',(-0.866019052629,-0.500011000363,0.));
#2530 = DEFINITIONAL_REPRESENTATION('',(#2531),#2534);
#2531 = B_SPLINE_CURVE_WITH_KNOTS('',1,(#2532,#2533),.UNSPECIFIED.,.F.,
  .F.,(2,2),(-6.000000015638E-07,59.99868058548),
  .PIECEWISE_BEZIER_KNOTS.);
#2532 = CARTESIAN_POINT('',(0.298532201185,-5.999999997875E-07));
#2533 = CARTESIAN_POINT('',(0.298532201185,59.99868058548));
#2534 = ( GEOMETRIC_REPRESENTATION_CONTEXT(2) 
PARAMETRIC_REPRESENTATION_CONTEXT() REPRESENTATION_CONTEXT('2D SPACE',''
  ) );
#2535 = ORIENTED_EDGE('',*,*,#2536,.T.);
#2536 = EDGE_CURVE('',#2509,#2537,#2539,.T.);
#2537 = VERTEX_POINT('',#2538);
#2538 = CARTESIAN_POINT('',(7.752641104989,-41.71122338049,-5.));
#2539 = SURFACE_CURVE('',#2540,(#2544,#2550),.PCURVE_S1.);
#2540 = LINE('',#2541,#2542);
#2541 = CARTESIAN_POINT('',(20.,-34.64,-5.));
#2542 = VECTOR('',#2543,1.);
#2543 = DIRECTION('',(0.866019052629,0.500011000363,-0.));
#2544 = PCURVE('',#93,#2545);
#2545 = DEFINITIONAL_REPRESENTATION('',(#2546),#2549);
#2546 = B_SPLINE_CURVE_WITH_KNOTS('',1,(#2547,#2548),.UNSPECIFIED.,.F.,
  .F.,(2,2),(-17.,17.),.PIECEWISE_BEZIER_KNOTS.);
#2547 = CARTESIAN_POINT('',(5.277676105311,-43.14018700617));
#2548 = CARTESIAN_POINT('',(34.722323894689,-26.13981299382));
#2549 = ( GEOMETRIC_REPRESENTATION_CONTEXT(2) 
PARAMETRIC_REPRESENTATION_CONTEXT() REPRESENTATION_CONTEXT('2D SPACE',''
  ) );
#2550 = PCURVE('',#2551,#2556);
#2551 = PLANE('',#2552);
#2552 = AXIS2_PLACEMENT_3D('',#2553,#2554,#2555);
#2553 = CARTESIAN_POINT('',(20.,-34.64,0.));
#2554 = DIRECTION('',(0.500011000363,-0.866019052629,0.));
#2555 = DIRECTION('',(-0.866019052629,-0.500011000363,0.));
#2556 = DEFINITIONAL_REPRESENTATION('',(#2557),#2560);
#2557 = B_SPLINE_CURVE_WITH_KNOTS('',1,(#2558,#2559),.UNSPECIFIED.,.F.,
  .F.,(2,2),(-17.,17.),.PIECEWISE_BEZIER_KNOTS.);
#2558 = CARTESIAN_POINT('',(17.,5.));
#2559 = CARTESIAN_POINT('',(-17.,5.));
#2560 = ( GEOMETRIC_REPRESENTATION_CONTEXT(2) 
PARAMETRIC_REPRESENTATION_CONTEXT() REPRESENTATION_CONTEXT('2D SPACE',''
  ) );
#2561 = ORIENTED_EDGE('',*,*,#2562,.F.);
#2562 = EDGE_CURVE('',#2563,#2537,#2565,.T.);
#2563 = VERTEX_POINT('',#2564);
#2564 = CARTESIAN_POINT('',(5.252641104989,-37.38122338049,-5.));
#2565 = SURFACE_CURVE('',#2566,(#2570,#2576),.PCURVE_S1.);
#2566 = LINE('',#2567,#2568);
#2567 = CARTESIAN_POINT('',(5.252641104989,-37.38122338049,-5.));
#2568 = VECTOR('',#2569,1.);
#2569 = DIRECTION('',(0.500011000363,-0.866019052629,0.));
#2570 = PCURVE('',#93,#2571);
#2571 = DEFINITIONAL_REPRESENTATION('',(#2572),#2575);
#2572 = B_SPLINE_CURVE_WITH_KNOTS('',1,(#2573,#2574),.UNSPECIFIED.,.F.,
  .F.,(2,2),(-6.000000015638E-07,69.99846058306),
  .PIECEWISE_BEZIER_KNOTS.);
#2573 = CARTESIAN_POINT('',(5.252640804983,-37.38122286088));
#2574 = CARTESIAN_POINT('',(40.252641404996,-98.0012239001));
#2575 = ( GEOMETRIC_REPRESENTATION_CONTEXT(2) 
PARAMETRIC_REPRESENTATION_CONTEXT() REPRESENTATION_CONTEXT('2D SPACE',''
  ) );
#2576 = PCURVE('',#780,#2577);
#2577 = DEFINITIONAL_REPRESENTATION('',(#2578),#2581);
#2578 = B_SPLINE_CURVE_WITH_KNOTS('',1,(#2579,#2580),.UNSPECIFIED.,.F.,
  .F.,(2,2),(-6.000000015638E-07,69.99846058306),
  .PIECEWISE_BEZIER_KNOTS.);
#2579 = CARTESIAN_POINT('',(0.339836909454,-5.999999997875E-07));
#2580 = CARTESIAN_POINT('',(0.339836909454,69.99846058306));
#2581 = ( GEOMETRIC_REPRESENTATION_CONTEXT(2) 
PARAMETRIC_REPRESENTATION_CONTEXT() REPRESENTATION_CONTEXT('2D SPACE',''
  ) );
#2582 = ORIENTED_EDGE('',*,*,#2583,.T.);
#2583 = EDGE_CURVE('',#2563,#2584,#2586,.T.);
#2584 = VERTEX_POINT('',#2585);
#2585 = CARTESIAN_POINT('',(29.747358895011,-23.2387766195,-5.));
#2586 = SURFACE_CURVE('',#2587,(#2591,#2597),.PCURVE_S1.);
#2587 = LINE('',#2588,#2589);
#2588 = CARTESIAN_POINT('',(17.5,-30.31,-5.));
#2589 = VECTOR('',#2590,1.);
#2590 = DIRECTION('',(0.866019052629,0.500011000363,-0.));
#2591 = PCURVE('',#93,#2592);
#2592 = DEFINITIONAL_REPRESENTATION('',(#2593),#2596);
#2593 = B_SPLINE_CURVE_WITH_KNOTS('',1,(#2594,#2595),.UNSPECIFIED.,.F.,
  .F.,(2,2),(-15.,15.),.PIECEWISE_BEZIER_KNOTS.);
#2594 = CARTESIAN_POINT('',(4.509714210569,-37.81016500544));
#2595 = CARTESIAN_POINT('',(30.490285789431,-22.80983499455));
#2596 = ( GEOMETRIC_REPRESENTATION_CONTEXT(2) 
PARAMETRIC_REPRESENTATION_CONTEXT() REPRESENTATION_CONTEXT('2D SPACE',''
  ) );
#2597 = PCURVE('',#806,#2598);
#2598 = DEFINITIONAL_REPRESENTATION('',(#2599),#2602);
#2599 = B_SPLINE_CURVE_WITH_KNOTS('',1,(#2600,#2601),.UNSPECIFIED.,.F.,
  .F.,(2,2),(-15.,15.),.PIECEWISE_BEZIER_KNOTS.);
#2600 = CARTESIAN_POINT('',(15.,5.));
#2601 = CARTESIAN_POINT('',(-15.,5.));
#2602 = ( GEOMETRIC_REPRESENTATION_CONTEXT(2) 
PARAMETRIC_REPRESENTATION_CONTEXT() REPRESENTATION_CONTEXT('2D SPACE',''
  ) );
#2603 = ORIENTED_EDGE('',*,*,#2604,.T.);
#2604 = EDGE_CURVE('',#2584,#2605,#2607,.T.);
#2605 = VERTEX_POINT('',#2606);
#2606 = CARTESIAN_POINT('',(32.247358895011,-27.5687766195,-5.));
#2607 = SURFACE_CURVE('',#2608,(#2612,#2618),.PCURVE_S1.);
#2608 = LINE('',#2609,#2610);
#2609 = CARTESIAN_POINT('',(29.747358895011,-23.2387766195,-5.));
#2610 = VECTOR('',#2611,1.);
#2611 = DIRECTION('',(0.500011000363,-0.866019052629,0.));
#2612 = PCURVE('',#93,#2613);
#2613 = DEFINITIONAL_REPRESENTATION('',(#2614),#2617);
#2614 = B_SPLINE_CURVE_WITH_KNOTS('',1,(#2615,#2616),.UNSPECIFIED.,.F.,
  .F.,(2,2),(-5.999999984871E-07,69.99846058306),
  .PIECEWISE_BEZIER_KNOTS.);
#2615 = CARTESIAN_POINT('',(29.747358595004,-23.23877609989));
#2616 = CARTESIAN_POINT('',(64.747359195017,-83.85877713912));
#2617 = ( GEOMETRIC_REPRESENTATION_CONTEXT(2) 
PARAMETRIC_REPRESENTATION_CONTEXT() REPRESENTATION_CONTEXT('2D SPACE',''
  ) );
#2618 = PCURVE('',#780,#2619);
#2619 = DEFINITIONAL_REPRESENTATION('',(#2620),#2623);
#2620 = B_SPLINE_CURVE_WITH_KNOTS('',1,(#2621,#2622),.UNSPECIFIED.,.F.,
  .F.,(2,2),(-5.999999984871E-07,69.99846058306),
  .PIECEWISE_BEZIER_KNOTS.);
#2621 = CARTESIAN_POINT('',(2.801755744136,-6.000000002635E-07));
#2622 = CARTESIAN_POINT('',(2.801755744136,69.99846058306));
#2623 = ( GEOMETRIC_REPRESENTATION_CONTEXT(2) 
PARAMETRIC_REPRESENTATION_CONTEXT() REPRESENTATION_CONTEXT('2D SPACE',''
  ) );
#2624 = ORIENTED_EDGE('',*,*,#2625,.T.);
#2625 = EDGE_CURVE('',#2605,#2626,#2628,.T.);
#2626 = VERTEX_POINT('',#2627);
#2627 = CARTESIAN_POINT('',(34.071144085405,-26.51578286062,-5.));
#2628 = SURFACE_CURVE('',#2629,(#2633,#2639),.PCURVE_S1.);
#2629 = LINE('',#2630,#2631);
#2630 = CARTESIAN_POINT('',(20.,-34.64,-5.));
#2631 = VECTOR('',#2632,1.);
#2632 = DIRECTION('',(0.866019052629,0.500011000363,-0.));
#2633 = PCURVE('',#93,#2634);
#2634 = DEFINITIONAL_REPRESENTATION('',(#2635),#2638);
#2635 = B_SPLINE_CURVE_WITH_KNOTS('',1,(#2636,#2637),.UNSPECIFIED.,.F.,
  .F.,(2,2),(-17.,17.),.PIECEWISE_BEZIER_KNOTS.);
#2636 = CARTESIAN_POINT('',(5.277676105311,-43.14018700617));
#2637 = CARTESIAN_POINT('',(34.722323894689,-26.13981299382));
#2638 = ( GEOMETRIC_REPRESENTATION_CONTEXT(2) 
PARAMETRIC_REPRESENTATION_CONTEXT() REPRESENTATION_CONTEXT('2D SPACE',''
  ) );
#2639 = PCURVE('',#2551,#2640);
#2640 = DEFINITIONAL_REPRESENTATION('',(#2641),#2644);
#2641 = B_SPLINE_CURVE_WITH_KNOTS('',1,(#2642,#2643),.UNSPECIFIED.,.F.,
  .F.,(2,2),(-17.,17.),.PIECEWISE_BEZIER_KNOTS.);
#2642 = CARTESIAN_POINT('',(17.,5.));
#2643 = CARTESIAN_POINT('',(-17.,5.));
#2644 = ( GEOMETRIC_REPRESENTATION_CONTEXT(2) 
PARAMETRIC_REPRESENTATION_CONTEXT() REPRESENTATION_CONTEXT('2D SPACE',''
  ) );
#2645 = ORIENTED_EDGE('',*,*,#2646,.T.);
#2646 = EDGE_CURVE('',#2626,#2647,#2649,.T.);
#2647 = VERTEX_POINT('',#2648);
#2648 = CARTESIAN_POINT('',(64.071144085405,-78.47578286062,-5.));
#2649 = SURFACE_CURVE('',#2650,(#2654,#2660),.PCURVE_S1.);
#2650 = LINE('',#2651,#2652);
#2651 = CARTESIAN_POINT('',(34.071144085405,-26.51578286062,-5.));
#2652 = VECTOR('',#2653,1.);
#2653 = DIRECTION('',(0.500011000363,-0.866019052629,0.));
#2654 = PCURVE('',#93,#2655);
#2655 = DEFINITIONAL_REPRESENTATION('',(#2656),#2659);
#2656 = B_SPLINE_CURVE_WITH_KNOTS('',1,(#2657,#2658),.UNSPECIFIED.,.F.,
  .F.,(2,2),(-5.999999967107E-07,59.99868058548),
  .PIECEWISE_BEZIER_KNOTS.);
#2657 = CARTESIAN_POINT('',(34.071143785398,-26.515782341));
#2658 = CARTESIAN_POINT('',(64.071144385411,-78.47578338023));
#2659 = ( GEOMETRIC_REPRESENTATION_CONTEXT(2) 
PARAMETRIC_REPRESENTATION_CONTEXT() REPRESENTATION_CONTEXT('2D SPACE',''
  ) );
#2660 = PCURVE('',#2525,#2661);
#2661 = DEFINITIONAL_REPRESENTATION('',(#2662),#2665);
#2662 = B_SPLINE_CURVE_WITH_KNOTS('',1,(#2663,#2664),.UNSPECIFIED.,.F.,
  .F.,(2,2),(-5.999999967107E-07,59.99868058548),
  .PIECEWISE_BEZIER_KNOTS.);
#2663 = CARTESIAN_POINT('',(2.843060452405,-5.999999993753E-07));
#2664 = CARTESIAN_POINT('',(2.843060452405,59.99868058548));
#2665 = ( GEOMETRIC_REPRESENTATION_CONTEXT(2) 
PARAMETRIC_REPRESENTATION_CONTEXT() REPRESENTATION_CONTEXT('2D SPACE',''
  ) );
#2666 = ORIENTED_EDGE('',*,*,#2667,.F.);
#2667 = EDGE_CURVE('',#2668,#2647,#2670,.T.);
#2668 = VERTEX_POINT('',#2669);
#2669 = CARTESIAN_POINT('',(62.247358895011,-79.5287766195,-5.));
#2670 = SURFACE_CURVE('',#2671,(#2675,#2681),.PCURVE_S1.);
#2671 = LINE('',#2672,#2673);
#2672 = CARTESIAN_POINT('',(50.,-86.6,-5.));
#2673 = VECTOR('',#2674,1.);
#2674 = DIRECTION('',(0.866019052629,0.500011000363,-0.));
#2675 = PCURVE('',#93,#2676);
#2676 = DEFINITIONAL_REPRESENTATION('',(#2677),#2680);
#2677 = B_SPLINE_CURVE_WITH_KNOTS('',1,(#2678,#2679),.UNSPECIFIED.,.F.,
  .F.,(2,2),(-17.,17.),.PIECEWISE_BEZIER_KNOTS.);
#2678 = CARTESIAN_POINT('',(35.277676105311,-95.10018700617));
#2679 = CARTESIAN_POINT('',(64.722323894689,-78.09981299382));
#2680 = ( GEOMETRIC_REPRESENTATION_CONTEXT(2) 
PARAMETRIC_REPRESENTATION_CONTEXT() REPRESENTATION_CONTEXT('2D SPACE',''
  ) );
#2681 = PCURVE('',#2682,#2687);
#2682 = PLANE('',#2683);
#2683 = AXIS2_PLACEMENT_3D('',#2684,#2685,#2686);
#2684 = CARTESIAN_POINT('',(50.,-86.6,0.));
#2685 = DIRECTION('',(0.500011000363,-0.866019052629,0.));
#2686 = DIRECTION('',(-0.866019052629,-0.500011000363,0.));
#2687 = DEFINITIONAL_REPRESENTATION('',(#2688),#2691);
#2688 = B_SPLINE_CURVE_WITH_KNOTS('',1,(#2689,#2690),.UNSPECIFIED.,.F.,
  .F.,(2,2),(-17.,17.),.PIECEWISE_BEZIER_KNOTS.);
#2689 = CARTESIAN_POINT('',(17.,5.));
#2690 = CARTESIAN_POINT('',(-17.,5.));
#2691 = ( GEOMETRIC_REPRESENTATION_CONTEXT(2) 
PARAMETRIC_REPRESENTATION_CONTEXT() REPRESENTATION_CONTEXT('2D SPACE',''
  ) );
#2692 = ORIENTED_EDGE('',*,*,#2693,.T.);
#2693 = EDGE_CURVE('',#2668,#2694,#2696,.T.);
#2694 = VERTEX_POINT('',#2695);
#2695 = CARTESIAN_POINT('',(64.747358895011,-83.8587766195,-5.));
#2696 = SURFACE_CURVE('',#2697,(#2701,#2707),.PCURVE_S1.);
#2697 = LINE('',#2698,#2699);
#2698 = CARTESIAN_POINT('',(29.747358895011,-23.2387766195,-5.));
#2699 = VECTOR('',#2700,1.);
#2700 = DIRECTION('',(0.500011000363,-0.866019052629,0.));
#2701 = PCURVE('',#93,#2702);
#2702 = DEFINITIONAL_REPRESENTATION('',(#2703),#2706);
#2703 = B_SPLINE_CURVE_WITH_KNOTS('',1,(#2704,#2705),.UNSPECIFIED.,.F.,
  .F.,(2,2),(-5.999999984871E-07,69.99846058306),
  .PIECEWISE_BEZIER_KNOTS.);
#2704 = CARTESIAN_POINT('',(29.747358595004,-23.23877609989));
#2705 = CARTESIAN_POINT('',(64.747359195017,-83.85877713912));
#2706 = ( GEOMETRIC_REPRESENTATION_CONTEXT(2) 
PARAMETRIC_REPRESENTATION_CONTEXT() REPRESENTATION_CONTEXT('2D SPACE',''
  ) );
#2707 = PCURVE('',#780,#2708);
#2708 = DEFINITIONAL_REPRESENTATION('',(#2709),#2712);
#2709 = B_SPLINE_CURVE_WITH_KNOTS('',1,(#2710,#2711),.UNSPECIFIED.,.F.,
  .F.,(2,2),(-5.999999984871E-07,69.99846058306),
  .PIECEWISE_BEZIER_KNOTS.);
#2710 = CARTESIAN_POINT('',(2.801755744136,-6.000000002635E-07));
#2711 = CARTESIAN_POINT('',(2.801755744136,69.99846058306));
#2712 = ( GEOMETRIC_REPRESENTATION_CONTEXT(2) 
PARAMETRIC_REPRESENTATION_CONTEXT() REPRESENTATION_CONTEXT('2D SPACE',''
  ) );
#2713 = ORIENTED_EDGE('',*,*,#2714,.F.);
#2714 = EDGE_CURVE('',#2715,#2694,#2717,.T.);
#2715 = VERTEX_POINT('',#2716);
#2716 = CARTESIAN_POINT('',(40.252641104989,-98.00122338049,-5.));
#2717 = SURFACE_CURVE('',#2718,(#2722,#2728),.PCURVE_S1.);
#2718 = LINE('',#2719,#2720);
#2719 = CARTESIAN_POINT('',(52.5,-90.93,-5.));
#2720 = VECTOR('',#2721,1.);
#2721 = DIRECTION('',(0.866019052629,0.500011000363,-0.));
#2722 = PCURVE('',#93,#2723);
#2723 = DEFINITIONAL_REPRESENTATION('',(#2724),#2727);
#2724 = B_SPLINE_CURVE_WITH_KNOTS('',1,(#2725,#2726),.UNSPECIFIED.,.F.,
  .F.,(2,2),(-15.,15.),.PIECEWISE_BEZIER_KNOTS.);
#2725 = CARTESIAN_POINT('',(39.509714210569,-98.43016500544));
#2726 = CARTESIAN_POINT('',(65.490285789431,-83.42983499455));
#2727 = ( GEOMETRIC_REPRESENTATION_CONTEXT(2) 
PARAMETRIC_REPRESENTATION_CONTEXT() REPRESENTATION_CONTEXT('2D SPACE',''
  ) );
#2728 = PCURVE('',#942,#2729);
#2729 = DEFINITIONAL_REPRESENTATION('',(#2730),#2733);
#2730 = B_SPLINE_CURVE_WITH_KNOTS('',1,(#2731,#2732),.UNSPECIFIED.,.F.,
  .F.,(2,2),(-15.,15.),.PIECEWISE_BEZIER_KNOTS.);
#2731 = CARTESIAN_POINT('',(15.,5.));
#2732 = CARTESIAN_POINT('',(-15.,5.));
#2733 = ( GEOMETRIC_REPRESENTATION_CONTEXT(2) 
PARAMETRIC_REPRESENTATION_CONTEXT() REPRESENTATION_CONTEXT('2D SPACE',''
  ) );
#2734 = ORIENTED_EDGE('',*,*,#2735,.F.);
#2735 = EDGE_CURVE('',#2736,#2715,#2738,.T.);
#2736 = VERTEX_POINT('',#2737);
#2737 = CARTESIAN_POINT('',(37.752641104989,-93.67122338049,-5.));
#2738 = SURFACE_CURVE('',#2739,(#2743,#2749),.PCURVE_S1.);
#2739 = LINE('',#2740,#2741);
#2740 = CARTESIAN_POINT('',(5.252641104989,-37.38122338049,-5.));
#2741 = VECTOR('',#2742,1.);
#2742 = DIRECTION('',(0.500011000363,-0.866019052629,0.));
#2743 = PCURVE('',#93,#2744);
#2744 = DEFINITIONAL_REPRESENTATION('',(#2745),#2748);
#2745 = B_SPLINE_CURVE_WITH_KNOTS('',1,(#2746,#2747),.UNSPECIFIED.,.F.,
  .F.,(2,2),(-6.000000015638E-07,69.99846058306),
  .PIECEWISE_BEZIER_KNOTS.);
#2746 = CARTESIAN_POINT('',(5.252640804983,-37.38122286088));
#2747 = CARTESIAN_POINT('',(40.252641404996,-98.0012239001));
#2748 = ( GEOMETRIC_REPRESENTATION_CONTEXT(2) 
PARAMETRIC_REPRESENTATION_CONTEXT() REPRESENTATION_CONTEXT('2D SPACE',''
  ) );
#2749 = PCURVE('',#780,#2750);
#2750 = DEFINITIONAL_REPRESENTATION('',(#2751),#2754);
#2751 = B_SPLINE_CURVE_WITH_KNOTS('',1,(#2752,#2753),.UNSPECIFIED.,.F.,
  .F.,(2,2),(-6.000000015638E-07,69.99846058306),
  .PIECEWISE_BEZIER_KNOTS.);
#2752 = CARTESIAN_POINT('',(0.339836909454,-5.999999997875E-07));
#2753 = CARTESIAN_POINT('',(0.339836909454,69.99846058306));
#2754 = ( GEOMETRIC_REPRESENTATION_CONTEXT(2) 
PARAMETRIC_REPRESENTATION_CONTEXT() REPRESENTATION_CONTEXT('2D SPACE',''
  ) );
#2755 = ORIENTED_EDGE('',*,*,#2756,.F.);
#2756 = EDGE_CURVE('',#2511,#2736,#2757,.T.);
#2757 = SURFACE_CURVE('',#2758,(#2762,#2768),.PCURVE_S1.);
#2758 = LINE('',#2759,#2760);
#2759 = CARTESIAN_POINT('',(50.,-86.6,-5.));
#2760 = VECTOR('',#2761,1.);
#2761 = DIRECTION('',(0.866019052629,0.500011000363,-0.));
#2762 = PCURVE('',#93,#2763);
#2763 = DEFINITIONAL_REPRESENTATION('',(#2764),#2767);
#2764 = B_SPLINE_CURVE_WITH_KNOTS('',1,(#2765,#2766),.UNSPECIFIED.,.F.,
  .F.,(2,2),(-17.,17.),.PIECEWISE_BEZIER_KNOTS.);
#2765 = CARTESIAN_POINT('',(35.277676105311,-95.10018700617));
#2766 = CARTESIAN_POINT('',(64.722323894689,-78.09981299382));
#2767 = ( GEOMETRIC_REPRESENTATION_CONTEXT(2) 
PARAMETRIC_REPRESENTATION_CONTEXT() REPRESENTATION_CONTEXT('2D SPACE',''
  ) );
#2768 = PCURVE('',#2682,#2769);
#2769 = DEFINITIONAL_REPRESENTATION('',(#2770),#2773);
#2770 = B_SPLINE_CURVE_WITH_KNOTS('',1,(#2771,#2772),.UNSPECIFIED.,.F.,
  .F.,(2,2),(-17.,17.),.PIECEWISE_BEZIER_KNOTS.);
#2771 = CARTESIAN_POINT('',(17.,5.));
#2772 = CARTESIAN_POINT('',(-17.,5.));
#2773 = ( GEOMETRIC_REPRESENTATION_CONTEXT(2) 
PARAMETRIC_REPRESENTATION_CONTEXT() REPRESENTATION_CONTEXT('2D SPACE',''
  ) );
#2774 = FACE_BOUND('',#2775,.F.);
#2775 = EDGE_LOOP('',(#2776));
#2776 = ORIENTED_EDGE('',*,*,#2777,.F.);
#2777 = EDGE_CURVE('',#2778,#2778,#2780,.T.);
#2778 = VERTEX_POINT('',#2779);
#2779 = CARTESIAN_POINT('',(24.5,-22.,-5.));
#2780 = SURFACE_CURVE('',#2781,(#2786,#2793),.PCURVE_S1.);
#2781 = CIRCLE('',#2782,2.5);
#2782 = AXIS2_PLACEMENT_3D('',#2783,#2784,#2785);
#2783 = CARTESIAN_POINT('',(22.,-22.,-5.));
#2784 = DIRECTION('',(0.,0.,1.));
#2785 = DIRECTION('',(1.,0.,-0.));
#2786 = PCURVE('',#93,#2787);
#2787 = DEFINITIONAL_REPRESENTATION('',(#2788),#2792);
#2788 = CIRCLE('',#2789,2.5);
#2789 = AXIS2_PLACEMENT_2D('',#2790,#2791);
#2790 = CARTESIAN_POINT('',(22.,-22.));
#2791 = DIRECTION('',(1.,0.));
#2792 = ( GEOMETRIC_REPRESENTATION_CONTEXT(2) 
PARAMETRIC_REPRESENTATION_CONTEXT() REPRESENTATION_CONTEXT('2D SPACE',''
  ) );
#2793 = PCURVE('',#1012,#2794);
#2794 = DEFINITIONAL_REPRESENTATION('',(#2795),#2799);
#2795 = LINE('',#2796,#2797);
#2796 = CARTESIAN_POINT('',(0.,1.));
#2797 = VECTOR('',#2798,1.);
#2798 = DIRECTION('',(1.,0.));
#2799 = ( GEOMETRIC_REPRESENTATION_CONTEXT(2) 
PARAMETRIC_REPRESENTATION_CONTEXT() REPRESENTATION_CONTEXT('2D SPACE',''
  ) );
#2800 = FACE_BOUND('',#2801,.F.);
#2801 = EDGE_LOOP('',(#2802,#2830,#2856,#2877,#2898,#2919,#2940,#2961,
    #2987,#3008,#3029,#3050));
#2802 = ORIENTED_EDGE('',*,*,#2803,.F.);
#2803 = EDGE_CURVE('',#2804,#2806,#2808,.T.);
#2804 = VERTEX_POINT('',#2805);
#2805 = CARTESIAN_POINT('',(40.,-16.24807680927,-5.));
#2806 = VERTEX_POINT('',#2807);
#2807 = CARTESIAN_POINT('',(100.,-16.24807680927,-5.));
#2808 = SURFACE_CURVE('',#2809,(#2813,#2819),.PCURVE_S1.);
#2809 = LINE('',#2810,#2811);
#2810 = CARTESIAN_POINT('',(40.,-16.24807680927,-5.));
#2811 = VECTOR('',#2812,1.);
#2812 = DIRECTION('',(1.,0.,0.));
#2813 = PCURVE('',#93,#2814);
#2814 = DEFINITIONAL_REPRESENTATION('',(#2815),#2818);
#2815 = B_SPLINE_CURVE_WITH_KNOTS('',1,(#2816,#2817),.UNSPECIFIED.,.F.,
  .F.,(2,2),(-5.999999999062E-07,60.0000006),.PIECEWISE_BEZIER_KNOTS.);
#2816 = CARTESIAN_POINT('',(39.9999994,-16.24807680927));
#2817 = CARTESIAN_POINT('',(100.0000006,-16.24807680927));
#2818 = ( GEOMETRIC_REPRESENTATION_CONTEXT(2) 
PARAMETRIC_REPRESENTATION_CONTEXT() REPRESENTATION_CONTEXT('2D SPACE',''
  ) );
#2819 = PCURVE('',#2820,#2825);
#2820 = CYLINDRICAL_SURFACE('',#2821,17.);
#2821 = AXIS2_PLACEMENT_3D('',#2822,#2823,#2824);
#2822 = CARTESIAN_POINT('',(40.,0.,0.));
#2823 = DIRECTION('',(1.,0.,0.));
#2824 = DIRECTION('',(-0.,0.,1.));
#2825 = DEFINITIONAL_REPRESENTATION('',(#2826),#2829);
#2826 = B_SPLINE_CURVE_WITH_KNOTS('',1,(#2827,#2828),.UNSPECIFIED.,.F.,
  .F.,(2,2),(-5.999999999062E-07,60.0000006),.PIECEWISE_BEZIER_KNOTS.);
#2827 = CARTESIAN_POINT('',(1.86932852798,-5.999999999062E-07));
#2828 = CARTESIAN_POINT('',(1.86932852798,60.0000006));
#2829 = ( GEOMETRIC_REPRESENTATION_CONTEXT(2) 
PARAMETRIC_REPRESENTATION_CONTEXT() REPRESENTATION_CONTEXT('2D SPACE',''
  ) );
#2830 = ORIENTED_EDGE('',*,*,#2831,.T.);
#2831 = EDGE_CURVE('',#2804,#2832,#2834,.T.);
#2832 = VERTEX_POINT('',#2833);
#2833 = CARTESIAN_POINT('',(40.,-14.14213562373,-5.));
#2834 = SURFACE_CURVE('',#2835,(#2839,#2845),.PCURVE_S1.);
#2835 = LINE('',#2836,#2837);
#2836 = CARTESIAN_POINT('',(40.,0.,-5.));
#2837 = VECTOR('',#2838,1.);
#2838 = DIRECTION('',(0.,1.,0.));
#2839 = PCURVE('',#93,#2840);
#2840 = DEFINITIONAL_REPRESENTATION('',(#2841),#2844);
#2841 = B_SPLINE_CURVE_WITH_KNOTS('',1,(#2842,#2843),.UNSPECIFIED.,.F.,
  .F.,(2,2),(-17.,17.),.PIECEWISE_BEZIER_KNOTS.);
#2842 = CARTESIAN_POINT('',(40.,-17.));
#2843 = CARTESIAN_POINT('',(40.,17.));
#2844 = ( GEOMETRIC_REPRESENTATION_CONTEXT(2) 
PARAMETRIC_REPRESENTATION_CONTEXT() REPRESENTATION_CONTEXT('2D SPACE',''
  ) );
#2845 = PCURVE('',#2846,#2851);
#2846 = PLANE('',#2847);
#2847 = AXIS2_PLACEMENT_3D('',#2848,#2849,#2850);
#2848 = CARTESIAN_POINT('',(40.,0.,0.));
#2849 = DIRECTION('',(1.,0.,0.));
#2850 = DIRECTION('',(-0.,0.,1.));
#2851 = DEFINITIONAL_REPRESENTATION('',(#2852),#2855);
#2852 = B_SPLINE_CURVE_WITH_KNOTS('',1,(#2853,#2854),.UNSPECIFIED.,.F.,
  .F.,(2,2),(-17.,17.),.PIECEWISE_BEZIER_KNOTS.);
#2853 = CARTESIAN_POINT('',(-5.,17.));
#2854 = CARTESIAN_POINT('',(-5.,-17.));
#2855 = ( GEOMETRIC_REPRESENTATION_CONTEXT(2) 
PARAMETRIC_REPRESENTATION_CONTEXT() REPRESENTATION_CONTEXT('2D SPACE',''
  ) );
#2856 = ORIENTED_EDGE('',*,*,#2857,.F.);
#2857 = EDGE_CURVE('',#2858,#2832,#2860,.T.);
#2858 = VERTEX_POINT('',#2859);
#2859 = CARTESIAN_POINT('',(35.,-14.14213562373,-5.));
#2860 = SURFACE_CURVE('',#2861,(#2865,#2871),.PCURVE_S1.);
#2861 = LINE('',#2862,#2863);
#2862 = CARTESIAN_POINT('',(35.,-14.14213562373,-5.));
#2863 = VECTOR('',#2864,1.);
#2864 = DIRECTION('',(1.,0.,0.));
#2865 = PCURVE('',#93,#2866);
#2866 = DEFINITIONAL_REPRESENTATION('',(#2867),#2870);
#2867 = B_SPLINE_CURVE_WITH_KNOTS('',1,(#2868,#2869),.UNSPECIFIED.,.F.,
  .F.,(2,2),(-5.999999999062E-07,70.0000006),.PIECEWISE_BEZIER_KNOTS.);
#2868 = CARTESIAN_POINT('',(34.9999994,-14.14213562373));
#2869 = CARTESIAN_POINT('',(105.0000006,-14.14213562373));
#2870 = ( GEOMETRIC_REPRESENTATION_CONTEXT(2) 
PARAMETRIC_REPRESENTATION_CONTEXT() REPRESENTATION_CONTEXT('2D SPACE',''
  ) );
#2871 = PCURVE('',#1095,#2872);
#2872 = DEFINITIONAL_REPRESENTATION('',(#2873),#2876);
#2873 = B_SPLINE_CURVE_WITH_KNOTS('',1,(#2874,#2875),.UNSPECIFIED.,.F.,
  .F.,(2,2),(-5.999999999062E-07,70.0000006),.PIECEWISE_BEZIER_KNOTS.);
#2874 = CARTESIAN_POINT('',(1.910633236249,-5.999999999062E-07));
#2875 = CARTESIAN_POINT('',(1.910633236249,70.0000006));
#2876 = ( GEOMETRIC_REPRESENTATION_CONTEXT(2) 
PARAMETRIC_REPRESENTATION_CONTEXT() REPRESENTATION_CONTEXT('2D SPACE',''
  ) );
#2877 = ORIENTED_EDGE('',*,*,#2878,.T.);
#2878 = EDGE_CURVE('',#2858,#2879,#2881,.T.);
#2879 = VERTEX_POINT('',#2880);
#2880 = CARTESIAN_POINT('',(35.,14.142135623731,-5.));
#2881 = SURFACE_CURVE('',#2882,(#2886,#2892),.PCURVE_S1.);
#2882 = LINE('',#2883,#2884);
#2883 = CARTESIAN_POINT('',(35.,0.,-5.));
#2884 = VECTOR('',#2885,1.);
#2885 = DIRECTION('',(0.,1.,0.));
#2886 = PCURVE('',#93,#2887);
#2887 = DEFINITIONAL_REPRESENTATION('',(#2888),#2891);
#2888 = B_SPLINE_CURVE_WITH_KNOTS('',1,(#2889,#2890),.UNSPECIFIED.,.F.,
  .F.,(2,2),(-15.,15.),.PIECEWISE_BEZIER_KNOTS.);
#2889 = CARTESIAN_POINT('',(35.,-15.));
#2890 = CARTESIAN_POINT('',(35.,15.));
#2891 = ( GEOMETRIC_REPRESENTATION_CONTEXT(2) 
PARAMETRIC_REPRESENTATION_CONTEXT() REPRESENTATION_CONTEXT('2D SPACE',''
  ) );
#2892 = PCURVE('',#1121,#2893);
#2893 = DEFINITIONAL_REPRESENTATION('',(#2894),#2897);
#2894 = B_SPLINE_CURVE_WITH_KNOTS('',1,(#2895,#2896),.UNSPECIFIED.,.F.,
  .F.,(2,2),(-15.,15.),.PIECEWISE_BEZIER_KNOTS.);
#2895 = CARTESIAN_POINT('',(-5.,15.));
#2896 = CARTESIAN_POINT('',(-5.,-15.));
#2897 = ( GEOMETRIC_REPRESENTATION_CONTEXT(2) 
PARAMETRIC_REPRESENTATION_CONTEXT() REPRESENTATION_CONTEXT('2D SPACE',''
  ) );
#2898 = ORIENTED_EDGE('',*,*,#2899,.T.);
#2899 = EDGE_CURVE('',#2879,#2900,#2902,.T.);
#2900 = VERTEX_POINT('',#2901);
#2901 = CARTESIAN_POINT('',(40.,14.142135623731,-5.));
#2902 = SURFACE_CURVE('',#2903,(#2907,#2913),.PCURVE_S1.);
#2903 = LINE('',#2904,#2905);
#2904 = CARTESIAN_POINT('',(35.,14.142135623731,-5.));
#2905 = VECTOR('',#2906,1.);
#2906 = DIRECTION('',(1.,0.,0.));
#2907 = PCURVE('',#93,#2908);
#2908 = DEFINITIONAL_REPRESENTATION('',(#2909),#2912);
#2909 = B_SPLINE_CURVE_WITH_KNOTS('',1,(#2910,#2911),.UNSPECIFIED.,.F.,
  .F.,(2,2),(-5.999999999062E-07,70.0000006),.PIECEWISE_BEZIER_KNOTS.);
#2910 = CARTESIAN_POINT('',(34.9999994,14.142135623731));
#2911 = CARTESIAN_POINT('',(105.0000006,14.142135623731));
#2912 = ( GEOMETRIC_REPRESENTATION_CONTEXT(2) 
PARAMETRIC_REPRESENTATION_CONTEXT() REPRESENTATION_CONTEXT('2D SPACE',''
  ) );
#2913 = PCURVE('',#1095,#2914);
#2914 = DEFINITIONAL_REPRESENTATION('',(#2915),#2918);
#2915 = B_SPLINE_CURVE_WITH_KNOTS('',1,(#2916,#2917),.UNSPECIFIED.,.F.,
  .F.,(2,2),(-5.999999999062E-07,70.0000006),.PIECEWISE_BEZIER_KNOTS.);
#2916 = CARTESIAN_POINT('',(4.372552070931,-5.999999999062E-07));
#2917 = CARTESIAN_POINT('',(4.372552070931,70.0000006));
#2918 = ( GEOMETRIC_REPRESENTATION_CONTEXT(2) 
PARAMETRIC_REPRESENTATION_CONTEXT() REPRESENTATION_CONTEXT('2D SPACE',''
  ) );
#2919 = ORIENTED_EDGE('',*,*,#2920,.T.);
#2920 = EDGE_CURVE('',#2900,#2921,#2923,.T.);
#2921 = VERTEX_POINT('',#2922);
#2922 = CARTESIAN_POINT('',(40.,16.248076809272,-5.));
#2923 = SURFACE_CURVE('',#2924,(#2928,#2934),.PCURVE_S1.);
#2924 = LINE('',#2925,#2926);
#2925 = CARTESIAN_POINT('',(40.,0.,-5.));
#2926 = VECTOR('',#2927,1.);
#2927 = DIRECTION('',(0.,1.,0.));
#2928 = PCURVE('',#93,#2929);
#2929 = DEFINITIONAL_REPRESENTATION('',(#2930),#2933);
#2930 = B_SPLINE_CURVE_WITH_KNOTS('',1,(#2931,#2932),.UNSPECIFIED.,.F.,
  .F.,(2,2),(-17.,17.),.PIECEWISE_BEZIER_KNOTS.);
#2931 = CARTESIAN_POINT('',(40.,-17.));
#2932 = CARTESIAN_POINT('',(40.,17.));
#2933 = ( GEOMETRIC_REPRESENTATION_CONTEXT(2) 
PARAMETRIC_REPRESENTATION_CONTEXT() REPRESENTATION_CONTEXT('2D SPACE',''
  ) );
#2934 = PCURVE('',#2846,#2935);
#2935 = DEFINITIONAL_REPRESENTATION('',(#2936),#2939);
#2936 = B_SPLINE_CURVE_WITH_KNOTS('',1,(#2937,#2938),.UNSPECIFIED.,.F.,
  .F.,(2,2),(-17.,17.),.PIECEWISE_BEZIER_KNOTS.);
#2937 = CARTESIAN_POINT('',(-5.,17.));
#2938 = CARTESIAN_POINT('',(-5.,-17.));
#2939 = ( GEOMETRIC_REPRESENTATION_CONTEXT(2) 
PARAMETRIC_REPRESENTATION_CONTEXT() REPRESENTATION_CONTEXT('2D SPACE',''
  ) );
#2940 = ORIENTED_EDGE('',*,*,#2941,.T.);
#2941 = EDGE_CURVE('',#2921,#2942,#2944,.T.);
#2942 = VERTEX_POINT('',#2943);
#2943 = CARTESIAN_POINT('',(100.,16.248076809272,-5.));
#2944 = SURFACE_CURVE('',#2945,(#2949,#2955),.PCURVE_S1.);
#2945 = LINE('',#2946,#2947);
#2946 = CARTESIAN_POINT('',(40.,16.248076809272,-5.));
#2947 = VECTOR('',#2948,1.);
#2948 = DIRECTION('',(1.,0.,0.));
#2949 = PCURVE('',#93,#2950);
#2950 = DEFINITIONAL_REPRESENTATION('',(#2951),#2954);
#2951 = B_SPLINE_CURVE_WITH_KNOTS('',1,(#2952,#2953),.UNSPECIFIED.,.F.,
  .F.,(2,2),(-5.999999999062E-07,60.0000006),.PIECEWISE_BEZIER_KNOTS.);
#2952 = CARTESIAN_POINT('',(39.9999994,16.248076809272));
#2953 = CARTESIAN_POINT('',(100.0000006,16.248076809272));
#2954 = ( GEOMETRIC_REPRESENTATION_CONTEXT(2) 
PARAMETRIC_REPRESENTATION_CONTEXT() REPRESENTATION_CONTEXT('2D SPACE',''
  ) );
#2955 = PCURVE('',#2820,#2956);
#2956 = DEFINITIONAL_REPRESENTATION('',(#2957),#2960);
#2957 = B_SPLINE_CURVE_WITH_KNOTS('',1,(#2958,#2959),.UNSPECIFIED.,.F.,
  .F.,(2,2),(-5.999999999062E-07,60.0000006),.PIECEWISE_BEZIER_KNOTS.);
#2958 = CARTESIAN_POINT('',(4.4138567792,-5.999999999062E-07));
#2959 = CARTESIAN_POINT('',(4.4138567792,60.0000006));
#2960 = ( GEOMETRIC_REPRESENTATION_CONTEXT(2) 
PARAMETRIC_REPRESENTATION_CONTEXT() REPRESENTATION_CONTEXT('2D SPACE',''
  ) );
#2961 = ORIENTED_EDGE('',*,*,#2962,.F.);
#2962 = EDGE_CURVE('',#2963,#2942,#2965,.T.);
#2963 = VERTEX_POINT('',#2964);
#2964 = CARTESIAN_POINT('',(100.,14.142135623731,-5.));
#2965 = SURFACE_CURVE('',#2966,(#2970,#2976),.PCURVE_S1.);
#2966 = LINE('',#2967,#2968);
#2967 = CARTESIAN_POINT('',(100.,0.,-5.));
#2968 = VECTOR('',#2969,1.);
#2969 = DIRECTION('',(0.,1.,0.));
#2970 = PCURVE('',#93,#2971);
#2971 = DEFINITIONAL_REPRESENTATION('',(#2972),#2975);
#2972 = B_SPLINE_CURVE_WITH_KNOTS('',1,(#2973,#2974),.UNSPECIFIED.,.F.,
  .F.,(2,2),(-17.,17.),.PIECEWISE_BEZIER_KNOTS.);
#2973 = CARTESIAN_POINT('',(100.,-17.));
#2974 = CARTESIAN_POINT('',(100.,17.));
#2975 = ( GEOMETRIC_REPRESENTATION_CONTEXT(2) 
PARAMETRIC_REPRESENTATION_CONTEXT() REPRESENTATION_CONTEXT('2D SPACE',''
  ) );
#2976 = PCURVE('',#2977,#2982);
#2977 = PLANE('',#2978);
#2978 = AXIS2_PLACEMENT_3D('',#2979,#2980,#2981);
#2979 = CARTESIAN_POINT('',(100.,0.,0.));
#2980 = DIRECTION('',(1.,0.,0.));
#2981 = DIRECTION('',(-0.,0.,1.));
#2982 = DEFINITIONAL_REPRESENTATION('',(#2983),#2986);
#2983 = B_SPLINE_CURVE_WITH_KNOTS('',1,(#2984,#2985),.UNSPECIFIED.,.F.,
  .F.,(2,2),(-17.,17.),.PIECEWISE_BEZIER_KNOTS.);
#2984 = CARTESIAN_POINT('',(-5.,17.));
#2985 = CARTESIAN_POINT('',(-5.,-17.));
#2986 = ( GEOMETRIC_REPRESENTATION_CONTEXT(2) 
PARAMETRIC_REPRESENTATION_CONTEXT() REPRESENTATION_CONTEXT('2D SPACE',''
  ) );
#2987 = ORIENTED_EDGE('',*,*,#2988,.T.);
#2988 = EDGE_CURVE('',#2963,#2989,#2991,.T.);
#2989 = VERTEX_POINT('',#2990);
#2990 = CARTESIAN_POINT('',(105.,14.142135623731,-5.));
#2991 = SURFACE_CURVE('',#2992,(#2996,#3002),.PCURVE_S1.);
#2992 = LINE('',#2993,#2994);
#2993 = CARTESIAN_POINT('',(35.,14.142135623731,-5.));
#2994 = VECTOR('',#2995,1.);
#2995 = DIRECTION('',(1.,0.,0.));
#2996 = PCURVE('',#93,#2997);
#2997 = DEFINITIONAL_REPRESENTATION('',(#2998),#3001);
#2998 = B_SPLINE_CURVE_WITH_KNOTS('',1,(#2999,#3000),.UNSPECIFIED.,.F.,
  .F.,(2,2),(-5.999999999062E-07,70.0000006),.PIECEWISE_BEZIER_KNOTS.);
#2999 = CARTESIAN_POINT('',(34.9999994,14.142135623731));
#3000 = CARTESIAN_POINT('',(105.0000006,14.142135623731));
#3001 = ( GEOMETRIC_REPRESENTATION_CONTEXT(2) 
PARAMETRIC_REPRESENTATION_CONTEXT() REPRESENTATION_CONTEXT('2D SPACE',''
  ) );
#3002 = PCURVE('',#1095,#3003);
#3003 = DEFINITIONAL_REPRESENTATION('',(#3004),#3007);
#3004 = B_SPLINE_CURVE_WITH_KNOTS('',1,(#3005,#3006),.UNSPECIFIED.,.F.,
  .F.,(2,2),(-5.999999999062E-07,70.0000006),.PIECEWISE_BEZIER_KNOTS.);
#3005 = CARTESIAN_POINT('',(4.372552070931,-5.999999999062E-07));
#3006 = CARTESIAN_POINT('',(4.372552070931,70.0000006));
#3007 = ( GEOMETRIC_REPRESENTATION_CONTEXT(2) 
PARAMETRIC_REPRESENTATION_CONTEXT() REPRESENTATION_CONTEXT('2D SPACE',''
  ) );
#3008 = ORIENTED_EDGE('',*,*,#3009,.F.);
#3009 = EDGE_CURVE('',#3010,#2989,#3012,.T.);
#3010 = VERTEX_POINT('',#3011);
#3011 = CARTESIAN_POINT('',(105.,-14.14213562373,-5.));
#3012 = SURFACE_CURVE('',#3013,(#3017,#3023),.PCURVE_S1.);
#3013 = LINE('',#3014,#3015);
#3014 = CARTESIAN_POINT('',(105.,0.,-5.));
#3015 = VECTOR('',#3016,1.);
#3016 = DIRECTION('',(0.,1.,0.));
#3017 = PCURVE('',#93,#3018);
#3018 = DEFINITIONAL_REPRESENTATION('',(#3019),#3022);
#3019 = B_SPLINE_CURVE_WITH_KNOTS('',1,(#3020,#3021),.UNSPECIFIED.,.F.,
  .F.,(2,2),(-15.,15.),.PIECEWISE_BEZIER_KNOTS.);
#3020 = CARTESIAN_POINT('',(105.,-15.));
#3021 = CARTESIAN_POINT('',(105.,15.));
#3022 = ( GEOMETRIC_REPRESENTATION_CONTEXT(2) 
PARAMETRIC_REPRESENTATION_CONTEXT() REPRESENTATION_CONTEXT('2D SPACE',''
  ) );
#3023 = PCURVE('',#1257,#3024);
#3024 = DEFINITIONAL_REPRESENTATION('',(#3025),#3028);
#3025 = B_SPLINE_CURVE_WITH_KNOTS('',1,(#3026,#3027),.UNSPECIFIED.,.F.,
  .F.,(2,2),(-15.,15.),.PIECEWISE_BEZIER_KNOTS.);
#3026 = CARTESIAN_POINT('',(-5.,15.));
#3027 = CARTESIAN_POINT('',(-5.,-15.));
#3028 = ( GEOMETRIC_REPRESENTATION_CONTEXT(2) 
PARAMETRIC_REPRESENTATION_CONTEXT() REPRESENTATION_CONTEXT('2D SPACE',''
  ) );
#3029 = ORIENTED_EDGE('',*,*,#3030,.F.);
#3030 = EDGE_CURVE('',#3031,#3010,#3033,.T.);
#3031 = VERTEX_POINT('',#3032);
#3032 = CARTESIAN_POINT('',(100.,-14.14213562373,-5.));
#3033 = SURFACE_CURVE('',#3034,(#3038,#3044),.PCURVE_S1.);
#3034 = LINE('',#3035,#3036);
#3035 = CARTESIAN_POINT('',(35.,-14.14213562373,-5.));
#3036 = VECTOR('',#3037,1.);
#3037 = DIRECTION('',(1.,0.,0.));
#3038 = PCURVE('',#93,#3039);
#3039 = DEFINITIONAL_REPRESENTATION('',(#3040),#3043);
#3040 = B_SPLINE_CURVE_WITH_KNOTS('',1,(#3041,#3042),.UNSPECIFIED.,.F.,
  .F.,(2,2),(-5.999999999062E-07,70.0000006),.PIECEWISE_BEZIER_KNOTS.);
#3041 = CARTESIAN_POINT('',(34.9999994,-14.14213562373));
#3042 = CARTESIAN_POINT('',(105.0000006,-14.14213562373));
#3043 = ( GEOMETRIC_REPRESENTATION_CONTEXT(2) 
PARAMETRIC_REPRESENTATION_CONTEXT() REPRESENTATION_CONTEXT('2D SPACE',''
  ) );
#3044 = PCURVE('',#1095,#3045);
#3045 = DEFINITIONAL_REPRESENTATION('',(#3046),#3049);
#3046 = B_SPLINE_CURVE_WITH_KNOTS('',1,(#3047,#3048),.UNSPECIFIED.,.F.,
  .F.,(2,2),(-5.999999999062E-07,70.0000006),.PIECEWISE_BEZIER_KNOTS.);
#3047 = CARTESIAN_POINT('',(1.910633236249,-5.999999999062E-07));
#3048 = CARTESIAN_POINT('',(1.910633236249,70.0000006));
#3049 = ( GEOMETRIC_REPRESENTATION_CONTEXT(2) 
PARAMETRIC_REPRESENTATION_CONTEXT() REPRESENTATION_CONTEXT('2D SPACE',''
  ) );
#3050 = ORIENTED_EDGE('',*,*,#3051,.F.);
#3051 = EDGE_CURVE('',#2806,#3031,#3052,.T.);
#3052 = SURFACE_CURVE('',#3053,(#3057,#3063),.PCURVE_S1.);
#3053 = LINE('',#3054,#3055);
#3054 = CARTESIAN_POINT('',(100.,0.,-5.));
#3055 = VECTOR('',#3056,1.);
#3056 = DIRECTION('',(0.,1.,0.));
#3057 = PCURVE('',#93,#3058);
#3058 = DEFINITIONAL_REPRESENTATION('',(#3059),#3062);
#3059 = B_SPLINE_CURVE_WITH_KNOTS('',1,(#3060,#3061),.UNSPECIFIED.,.F.,
  .F.,(2,2),(-17.,17.),.PIECEWISE_BEZIER_KNOTS.);
#3060 = CARTESIAN_POINT('',(100.,-17.));
#3061 = CARTESIAN_POINT('',(100.,17.));
#3062 = ( GEOMETRIC_REPRESENTATION_CONTEXT(2) 
PARAMETRIC_REPRESENTATION_CONTEXT() REPRESENTATION_CONTEXT('2D SPACE',''
  ) );
#3063 = PCURVE('',#2977,#3064);
#3064 = DEFINITIONAL_REPRESENTATION('',(#3065),#3068);
#3065 = B_SPLINE_CURVE_WITH_KNOTS('',1,(#3066,#3067),.UNSPECIFIED.,.F.,
  .F.,(2,2),(-17.,17.),.PIECEWISE_BEZIER_KNOTS.);
#3066 = CARTESIAN_POINT('',(-5.,17.));
#3067 = CARTESIAN_POINT('',(-5.,-17.));
#3068 = ( GEOMETRIC_REPRESENTATION_CONTEXT(2) 
PARAMETRIC_REPRESENTATION_CONTEXT() REPRESENTATION_CONTEXT('2D SPACE',''
  ) );
#3069 = FACE_BOUND('',#3070,.F.);
#3070 = EDGE_LOOP('',(#3071));
#3071 = ORIENTED_EDGE('',*,*,#3072,.F.);
#3072 = EDGE_CURVE('',#3073,#3073,#3075,.T.);
#3073 = VERTEX_POINT('',#3074);
#3074 = CARTESIAN_POINT('',(-19.5,22.,-5.));
#3075 = SURFACE_CURVE('',#3076,(#3081,#3088),.PCURVE_S1.);
#3076 = CIRCLE('',#3077,2.5);
#3077 = AXIS2_PLACEMENT_3D('',#3078,#3079,#3080);
#3078 = CARTESIAN_POINT('',(-22.,22.,-5.));
#3079 = DIRECTION('',(0.,0.,1.));
#3080 = DIRECTION('',(1.,0.,-0.));
#3081 = PCURVE('',#93,#3082);
#3082 = DEFINITIONAL_REPRESENTATION('',(#3083),#3087);
#3083 = CIRCLE('',#3084,2.5);
#3084 = AXIS2_PLACEMENT_2D('',#3085,#3086);
#3085 = CARTESIAN_POINT('',(-22.,22.));
#3086 = DIRECTION('',(1.,0.));
#3087 = ( GEOMETRIC_REPRESENTATION_CONTEXT(2) 
PARAMETRIC_REPRESENTATION_CONTEXT() REPRESENTATION_CONTEXT('2D SPACE',''
  ) );
#3088 = PCURVE('',#1327,#3089);
#3089 = DEFINITIONAL_REPRESENTATION('',(#3090),#3094);
#3090 = LINE('',#3091,#3092);
#3091 = CARTESIAN_POINT('',(0.,1.));
#3092 = VECTOR('',#3093,1.);
#3093 = DIRECTION('',(1.,0.));
#3094 = ( GEOMETRIC_REPRESENTATION_CONTEXT(2) 
PARAMETRIC_REPRESENTATION_CONTEXT() REPRESENTATION_CONTEXT('2D SPACE',''
  ) );
#3095 = FACE_BOUND('',#3096,.F.);
#3096 = EDGE_LOOP('',(#3097,#3125,#3151,#3172,#3193,#3214,#3235,#3256,
    #3282,#3303,#3324,#3345));
#3097 = ORIENTED_EDGE('',*,*,#3098,.F.);
#3098 = EDGE_CURVE('',#3099,#3101,#3103,.T.);
#3099 = VERTEX_POINT('',#3100);
#3100 = CARTESIAN_POINT('',(-5.928855914595,42.764217139379,-5.));
#3101 = VERTEX_POINT('',#3102);
#3102 = CARTESIAN_POINT('',(-35.92885591459,94.724217139379,-5.));
#3103 = SURFACE_CURVE('',#3104,(#3108,#3114),.PCURVE_S1.);
#3104 = LINE('',#3105,#3106);
#3105 = CARTESIAN_POINT('',(-5.928855914595,42.764217139379,-5.));
#3106 = VECTOR('',#3107,1.);
#3107 = DIRECTION('',(-0.500011000363,0.866019052629,0.));
#3108 = PCURVE('',#93,#3109);
#3109 = DEFINITIONAL_REPRESENTATION('',(#3110),#3113);
#3110 = B_SPLINE_CURVE_WITH_KNOTS('',1,(#3111,#3112),.UNSPECIFIED.,.F.,
  .F.,(2,2),(-6.000000015638E-07,59.99868058548),
  .PIECEWISE_BEZIER_KNOTS.);
#3111 = CARTESIAN_POINT('',(-5.928855614589,42.764216619768));
#3112 = CARTESIAN_POINT('',(-35.9288562146,94.724217658991));
#3113 = ( GEOMETRIC_REPRESENTATION_CONTEXT(2) 
PARAMETRIC_REPRESENTATION_CONTEXT() REPRESENTATION_CONTEXT('2D SPACE',''
  ) );
#3114 = PCURVE('',#3115,#3120);
#3115 = CYLINDRICAL_SURFACE('',#3116,17.);
#3116 = AXIS2_PLACEMENT_3D('',#3117,#3118,#3119);
#3117 = CARTESIAN_POINT('',(-20.,34.64,0.));
#3118 = DIRECTION('',(-0.500011000363,0.866019052629,0.));
#3119 = DIRECTION('',(0.866019052629,0.500011000363,0.));
#3120 = DEFINITIONAL_REPRESENTATION('',(#3121),#3124);
#3121 = B_SPLINE_CURVE_WITH_KNOTS('',1,(#3122,#3123),.UNSPECIFIED.,.F.,
  .F.,(2,2),(-6.000000015638E-07,59.99868058548),
  .PIECEWISE_BEZIER_KNOTS.);
#3122 = CARTESIAN_POINT('',(0.298532201185,-5.999999997875E-07));
#3123 = CARTESIAN_POINT('',(0.298532201185,59.99868058548));
#3124 = ( GEOMETRIC_REPRESENTATION_CONTEXT(2) 
PARAMETRIC_REPRESENTATION_CONTEXT() REPRESENTATION_CONTEXT('2D SPACE',''
  ) );
#3125 = ORIENTED_EDGE('',*,*,#3126,.T.);
#3126 = EDGE_CURVE('',#3099,#3127,#3129,.T.);
#3127 = VERTEX_POINT('',#3128);
#3128 = CARTESIAN_POINT('',(-7.752641104989,41.711223380491,-5.));
#3129 = SURFACE_CURVE('',#3130,(#3134,#3140),.PCURVE_S1.);
#3130 = LINE('',#3131,#3132);
#3131 = CARTESIAN_POINT('',(-20.,34.64,-5.));
#3132 = VECTOR('',#3133,1.);
#3133 = DIRECTION('',(-0.866019052629,-0.500011000363,0.));
#3134 = PCURVE('',#93,#3135);
#3135 = DEFINITIONAL_REPRESENTATION('',(#3136),#3139);
#3136 = B_SPLINE_CURVE_WITH_KNOTS('',1,(#3137,#3138),.UNSPECIFIED.,.F.,
  .F.,(2,2),(-17.,17.),.PIECEWISE_BEZIER_KNOTS.);
#3137 = CARTESIAN_POINT('',(-5.277676105311,43.140187006171));
#3138 = CARTESIAN_POINT('',(-34.72232389468,26.139812993829));
#3139 = ( GEOMETRIC_REPRESENTATION_CONTEXT(2) 
PARAMETRIC_REPRESENTATION_CONTEXT() REPRESENTATION_CONTEXT('2D SPACE',''
  ) );
#3140 = PCURVE('',#3141,#3146);
#3141 = PLANE('',#3142);
#3142 = AXIS2_PLACEMENT_3D('',#3143,#3144,#3145);
#3143 = CARTESIAN_POINT('',(-20.,34.64,0.));
#3144 = DIRECTION('',(-0.500011000363,0.866019052629,0.));
#3145 = DIRECTION('',(0.866019052629,0.500011000363,0.));
#3146 = DEFINITIONAL_REPRESENTATION('',(#3147),#3150);
#3147 = B_SPLINE_CURVE_WITH_KNOTS('',1,(#3148,#3149),.UNSPECIFIED.,.F.,
  .F.,(2,2),(-17.,17.),.PIECEWISE_BEZIER_KNOTS.);
#3148 = CARTESIAN_POINT('',(17.,5.));
#3149 = CARTESIAN_POINT('',(-17.,5.));
#3150 = ( GEOMETRIC_REPRESENTATION_CONTEXT(2) 
PARAMETRIC_REPRESENTATION_CONTEXT() REPRESENTATION_CONTEXT('2D SPACE',''
  ) );
#3151 = ORIENTED_EDGE('',*,*,#3152,.F.);
#3152 = EDGE_CURVE('',#3153,#3127,#3155,.T.);
#3153 = VERTEX_POINT('',#3154);
#3154 = CARTESIAN_POINT('',(-5.252641104989,37.381223380491,-5.));
#3155 = SURFACE_CURVE('',#3156,(#3160,#3166),.PCURVE_S1.);
#3156 = LINE('',#3157,#3158);
#3157 = CARTESIAN_POINT('',(-5.252641104989,37.381223380491,-5.));
#3158 = VECTOR('',#3159,1.);
#3159 = DIRECTION('',(-0.500011000363,0.866019052629,0.));
#3160 = PCURVE('',#93,#3161);
#3161 = DEFINITIONAL_REPRESENTATION('',(#3162),#3165);
#3162 = B_SPLINE_CURVE_WITH_KNOTS('',1,(#3163,#3164),.UNSPECIFIED.,.F.,
  .F.,(2,2),(-6.000000015638E-07,69.99846058306),
  .PIECEWISE_BEZIER_KNOTS.);
#3163 = CARTESIAN_POINT('',(-5.252640804983,37.38122286088));
#3164 = CARTESIAN_POINT('',(-40.25264140499,98.001223900103));
#3165 = ( GEOMETRIC_REPRESENTATION_CONTEXT(2) 
PARAMETRIC_REPRESENTATION_CONTEXT() REPRESENTATION_CONTEXT('2D SPACE',''
  ) );
#3166 = PCURVE('',#1410,#3167);
#3167 = DEFINITIONAL_REPRESENTATION('',(#3168),#3171);
#3168 = B_SPLINE_CURVE_WITH_KNOTS('',1,(#3169,#3170),.UNSPECIFIED.,.F.,
  .F.,(2,2),(-6.000000015638E-07,69.99846058306),
  .PIECEWISE_BEZIER_KNOTS.);
#3169 = CARTESIAN_POINT('',(0.339836909454,-5.999999997875E-07));
#3170 = CARTESIAN_POINT('',(0.339836909454,69.99846058306));
#3171 = ( GEOMETRIC_REPRESENTATION_CONTEXT(2) 
PARAMETRIC_REPRESENTATION_CONTEXT() REPRESENTATION_CONTEXT('2D SPACE',''
  ) );
#3172 = ORIENTED_EDGE('',*,*,#3173,.T.);
#3173 = EDGE_CURVE('',#3153,#3174,#3176,.T.);
#3174 = VERTEX_POINT('',#3175);
#3175 = CARTESIAN_POINT('',(-29.74735889501,23.238776619509,-5.));
#3176 = SURFACE_CURVE('',#3177,(#3181,#3187),.PCURVE_S1.);
#3177 = LINE('',#3178,#3179);
#3178 = CARTESIAN_POINT('',(-17.5,30.31,-5.));
#3179 = VECTOR('',#3180,1.);
#3180 = DIRECTION('',(-0.866019052629,-0.500011000363,0.));
#3181 = PCURVE('',#93,#3182);
#3182 = DEFINITIONAL_REPRESENTATION('',(#3183),#3186);
#3183 = B_SPLINE_CURVE_WITH_KNOTS('',1,(#3184,#3185),.UNSPECIFIED.,.F.,
  .F.,(2,2),(-15.,15.),.PIECEWISE_BEZIER_KNOTS.);
#3184 = CARTESIAN_POINT('',(-4.509714210569,37.810165005445));
#3185 = CARTESIAN_POINT('',(-30.49028578943,22.809834994555));
#3186 = ( GEOMETRIC_REPRESENTATION_CONTEXT(2) 
PARAMETRIC_REPRESENTATION_CONTEXT() REPRESENTATION_CONTEXT('2D SPACE',''
  ) );
#3187 = PCURVE('',#1436,#3188);
#3188 = DEFINITIONAL_REPRESENTATION('',(#3189),#3192);
#3189 = B_SPLINE_CURVE_WITH_KNOTS('',1,(#3190,#3191),.UNSPECIFIED.,.F.,
  .F.,(2,2),(-15.,15.),.PIECEWISE_BEZIER_KNOTS.);
#3190 = CARTESIAN_POINT('',(15.,5.));
#3191 = CARTESIAN_POINT('',(-15.,5.));
#3192 = ( GEOMETRIC_REPRESENTATION_CONTEXT(2) 
PARAMETRIC_REPRESENTATION_CONTEXT() REPRESENTATION_CONTEXT('2D SPACE',''
  ) );
#3193 = ORIENTED_EDGE('',*,*,#3194,.T.);
#3194 = EDGE_CURVE('',#3174,#3195,#3197,.T.);
#3195 = VERTEX_POINT('',#3196);
#3196 = CARTESIAN_POINT('',(-32.24735889501,27.568776619509,-5.));
#3197 = SURFACE_CURVE('',#3198,(#3202,#3208),.PCURVE_S1.);
#3198 = LINE('',#3199,#3200);
#3199 = CARTESIAN_POINT('',(-29.74735889501,23.238776619509,-5.));
#3200 = VECTOR('',#3201,1.);
#3201 = DIRECTION('',(-0.500011000363,0.866019052629,0.));
#3202 = PCURVE('',#93,#3203);
#3203 = DEFINITIONAL_REPRESENTATION('',(#3204),#3207);
#3204 = B_SPLINE_CURVE_WITH_KNOTS('',1,(#3205,#3206),.UNSPECIFIED.,.F.,
  .F.,(2,2),(-5.999999984871E-07,69.99846058306),
  .PIECEWISE_BEZIER_KNOTS.);
#3205 = CARTESIAN_POINT('',(-29.747358595,23.238776099897));
#3206 = CARTESIAN_POINT('',(-64.74735919501,83.85877713912));
#3207 = ( GEOMETRIC_REPRESENTATION_CONTEXT(2) 
PARAMETRIC_REPRESENTATION_CONTEXT() REPRESENTATION_CONTEXT('2D SPACE',''
  ) );
#3208 = PCURVE('',#1410,#3209);
#3209 = DEFINITIONAL_REPRESENTATION('',(#3210),#3213);
#3210 = B_SPLINE_CURVE_WITH_KNOTS('',1,(#3211,#3212),.UNSPECIFIED.,.F.,
  .F.,(2,2),(-5.999999984871E-07,69.99846058306),
  .PIECEWISE_BEZIER_KNOTS.);
#3211 = CARTESIAN_POINT('',(2.801755744136,-6.000000002635E-07));
#3212 = CARTESIAN_POINT('',(2.801755744136,69.99846058306));
#3213 = ( GEOMETRIC_REPRESENTATION_CONTEXT(2) 
PARAMETRIC_REPRESENTATION_CONTEXT() REPRESENTATION_CONTEXT('2D SPACE',''
  ) );
#3214 = ORIENTED_EDGE('',*,*,#3215,.T.);
#3215 = EDGE_CURVE('',#3195,#3216,#3218,.T.);
#3216 = VERTEX_POINT('',#3217);
#3217 = CARTESIAN_POINT('',(-34.0711440854,26.515782860621,-5.));
#3218 = SURFACE_CURVE('',#3219,(#3223,#3229),.PCURVE_S1.);
#3219 = LINE('',#3220,#3221);
#3220 = CARTESIAN_POINT('',(-20.,34.64,-5.));
#3221 = VECTOR('',#3222,1.);
#3222 = DIRECTION('',(-0.866019052629,-0.500011000363,0.));
#3223 = PCURVE('',#93,#3224);
#3224 = DEFINITIONAL_REPRESENTATION('',(#3225),#3228);
#3225 = B_SPLINE_CURVE_WITH_KNOTS('',1,(#3226,#3227),.UNSPECIFIED.,.F.,
  .F.,(2,2),(-17.,17.),.PIECEWISE_BEZIER_KNOTS.);
#3226 = CARTESIAN_POINT('',(-5.277676105311,43.140187006171));
#3227 = CARTESIAN_POINT('',(-34.72232389468,26.139812993829));
#3228 = ( GEOMETRIC_REPRESENTATION_CONTEXT(2) 
PARAMETRIC_REPRESENTATION_CONTEXT() REPRESENTATION_CONTEXT('2D SPACE',''
  ) );
#3229 = PCURVE('',#3141,#3230);
#3230 = DEFINITIONAL_REPRESENTATION('',(#3231),#3234);
#3231 = B_SPLINE_CURVE_WITH_KNOTS('',1,(#3232,#3233),.UNSPECIFIED.,.F.,
  .F.,(2,2),(-17.,17.),.PIECEWISE_BEZIER_KNOTS.);
#3232 = CARTESIAN_POINT('',(17.,5.));
#3233 = CARTESIAN_POINT('',(-17.,5.));
#3234 = ( GEOMETRIC_REPRESENTATION_CONTEXT(2) 
PARAMETRIC_REPRESENTATION_CONTEXT() REPRESENTATION_CONTEXT('2D SPACE',''
  ) );
#3235 = ORIENTED_EDGE('',*,*,#3236,.T.);
#3236 = EDGE_CURVE('',#3216,#3237,#3239,.T.);
#3237 = VERTEX_POINT('',#3238);
#3238 = CARTESIAN_POINT('',(-64.0711440854,78.475782860621,-5.));
#3239 = SURFACE_CURVE('',#3240,(#3244,#3250),.PCURVE_S1.);
#3240 = LINE('',#3241,#3242);
#3241 = CARTESIAN_POINT('',(-34.0711440854,26.515782860621,-5.));
#3242 = VECTOR('',#3243,1.);
#3243 = DIRECTION('',(-0.500011000363,0.866019052629,0.));
#3244 = PCURVE('',#93,#3245);
#3245 = DEFINITIONAL_REPRESENTATION('',(#3246),#3249);
#3246 = B_SPLINE_CURVE_WITH_KNOTS('',1,(#3247,#3248),.UNSPECIFIED.,.F.,
  .F.,(2,2),(-5.999999967107E-07,59.99868058548),
  .PIECEWISE_BEZIER_KNOTS.);
#3247 = CARTESIAN_POINT('',(-34.07114378539,26.515782341009));
#3248 = CARTESIAN_POINT('',(-64.07114438541,78.475783380232));
#3249 = ( GEOMETRIC_REPRESENTATION_CONTEXT(2) 
PARAMETRIC_REPRESENTATION_CONTEXT() REPRESENTATION_CONTEXT('2D SPACE',''
  ) );
#3250 = PCURVE('',#3115,#3251);
#3251 = DEFINITIONAL_REPRESENTATION('',(#3252),#3255);
#3252 = B_SPLINE_CURVE_WITH_KNOTS('',1,(#3253,#3254),.UNSPECIFIED.,.F.,
  .F.,(2,2),(-5.999999967107E-07,59.99868058548),
  .PIECEWISE_BEZIER_KNOTS.);
#3253 = CARTESIAN_POINT('',(2.843060452405,-5.999999993753E-07));
#3254 = CARTESIAN_POINT('',(2.843060452405,59.99868058548));
#3255 = ( GEOMETRIC_REPRESENTATION_CONTEXT(2) 
PARAMETRIC_REPRESENTATION_CONTEXT() REPRESENTATION_CONTEXT('2D SPACE',''
  ) );
#3256 = ORIENTED_EDGE('',*,*,#3257,.F.);
#3257 = EDGE_CURVE('',#3258,#3237,#3260,.T.);
#3258 = VERTEX_POINT('',#3259);
#3259 = CARTESIAN_POINT('',(-62.24735889501,79.528776619509,-5.));
#3260 = SURFACE_CURVE('',#3261,(#3265,#3271),.PCURVE_S1.);
#3261 = LINE('',#3262,#3263);
#3262 = CARTESIAN_POINT('',(-50.,86.6,-5.));
#3263 = VECTOR('',#3264,1.);
#3264 = DIRECTION('',(-0.866019052629,-0.500011000363,0.));
#3265 = PCURVE('',#93,#3266);
#3266 = DEFINITIONAL_REPRESENTATION('',(#3267),#3270);
#3267 = B_SPLINE_CURVE_WITH_KNOTS('',1,(#3268,#3269),.UNSPECIFIED.,.F.,
  .F.,(2,2),(-17.,17.),.PIECEWISE_BEZIER_KNOTS.);
#3268 = CARTESIAN_POINT('',(-35.27767610531,95.100187006171));
#3269 = CARTESIAN_POINT('',(-64.72232389468,78.099812993829));
#3270 = ( GEOMETRIC_REPRESENTATION_CONTEXT(2) 
PARAMETRIC_REPRESENTATION_CONTEXT() REPRESENTATION_CONTEXT('2D SPACE',''
  ) );
#3271 = PCURVE('',#3272,#3277);
#3272 = PLANE('',#3273);
#3273 = AXIS2_PLACEMENT_3D('',#3274,#3275,#3276);
#3274 = CARTESIAN_POINT('',(-50.,86.6,0.));
#3275 = DIRECTION('',(-0.500011000363,0.866019052629,0.));
#3276 = DIRECTION('',(0.866019052629,0.500011000363,0.));
#3277 = DEFINITIONAL_REPRESENTATION('',(#3278),#3281);
#3278 = B_SPLINE_CURVE_WITH_KNOTS('',1,(#3279,#3280),.UNSPECIFIED.,.F.,
  .F.,(2,2),(-17.,17.),.PIECEWISE_BEZIER_KNOTS.);
#3279 = CARTESIAN_POINT('',(17.,5.));
#3280 = CARTESIAN_POINT('',(-17.,5.));
#3281 = ( GEOMETRIC_REPRESENTATION_CONTEXT(2) 
PARAMETRIC_REPRESENTATION_CONTEXT() REPRESENTATION_CONTEXT('2D SPACE',''
  ) );
#3282 = ORIENTED_EDGE('',*,*,#3283,.T.);
#3283 = EDGE_CURVE('',#3258,#3284,#3286,.T.);
#3284 = VERTEX_POINT('',#3285);
#3285 = CARTESIAN_POINT('',(-64.74735889501,83.858776619509,-5.));
#3286 = SURFACE_CURVE('',#3287,(#3291,#3297),.PCURVE_S1.);
#3287 = LINE('',#3288,#3289);
#3288 = CARTESIAN_POINT('',(-29.74735889501,23.238776619509,-5.));
#3289 = VECTOR('',#3290,1.);
#3290 = DIRECTION('',(-0.500011000363,0.866019052629,0.));
#3291 = PCURVE('',#93,#3292);
#3292 = DEFINITIONAL_REPRESENTATION('',(#3293),#3296);
#3293 = B_SPLINE_CURVE_WITH_KNOTS('',1,(#3294,#3295),.UNSPECIFIED.,.F.,
  .F.,(2,2),(-5.999999984871E-07,69.99846058306),
  .PIECEWISE_BEZIER_KNOTS.);
#3294 = CARTESIAN_POINT('',(-29.747358595,23.238776099897));
#3295 = CARTESIAN_POINT('',(-64.74735919501,83.85877713912));
#3296 = ( GEOMETRIC_REPRESENTATION_CONTEXT(2) 
PARAMETRIC_REPRESENTATION_CONTEXT() REPRESENTATION_CONTEXT('2D SPACE',''
  ) );
#3297 = PCURVE('',#1410,#3298);
#3298 = DEFINITIONAL_REPRESENTATION('',(#3299),#3302);
#3299 = B_SPLINE_CURVE_WITH_KNOTS('',1,(#3300,#3301),.UNSPECIFIED.,.F.,
  .F.,(2,2),(-5.999999984871E-07,69.99846058306),
  .PIECEWISE_BEZIER_KNOTS.);
#3300 = CARTESIAN_POINT('',(2.801755744136,-6.000000002635E-07));
#3301 = CARTESIAN_POINT('',(2.801755744136,69.99846058306));
#3302 = ( GEOMETRIC_REPRESENTATION_CONTEXT(2) 
PARAMETRIC_REPRESENTATION_CONTEXT() REPRESENTATION_CONTEXT('2D SPACE',''
  ) );
#3303 = ORIENTED_EDGE('',*,*,#3304,.F.);
#3304 = EDGE_CURVE('',#3305,#3284,#3307,.T.);
#3305 = VERTEX_POINT('',#3306);
#3306 = CARTESIAN_POINT('',(-40.25264110498,98.001223380491,-5.));
#3307 = SURFACE_CURVE('',#3308,(#3312,#3318),.PCURVE_S1.);
#3308 = LINE('',#3309,#3310);
#3309 = CARTESIAN_POINT('',(-52.5,90.93,-5.));
#3310 = VECTOR('',#3311,1.);
#3311 = DIRECTION('',(-0.866019052629,-0.500011000363,0.));
#3312 = PCURVE('',#93,#3313);
#3313 = DEFINITIONAL_REPRESENTATION('',(#3314),#3317);
#3314 = B_SPLINE_CURVE_WITH_KNOTS('',1,(#3315,#3316),.UNSPECIFIED.,.F.,
  .F.,(2,2),(-15.,15.),.PIECEWISE_BEZIER_KNOTS.);
#3315 = CARTESIAN_POINT('',(-39.50971421056,98.430165005445));
#3316 = CARTESIAN_POINT('',(-65.49028578943,83.429834994555));
#3317 = ( GEOMETRIC_REPRESENTATION_CONTEXT(2) 
PARAMETRIC_REPRESENTATION_CONTEXT() REPRESENTATION_CONTEXT('2D SPACE',''
  ) );
#3318 = PCURVE('',#1572,#3319);
#3319 = DEFINITIONAL_REPRESENTATION('',(#3320),#3323);
#3320 = B_SPLINE_CURVE_WITH_KNOTS('',1,(#3321,#3322),.UNSPECIFIED.,.F.,
  .F.,(2,2),(-15.,15.),.PIECEWISE_BEZIER_KNOTS.);
#3321 = CARTESIAN_POINT('',(15.,5.));
#3322 = CARTESIAN_POINT('',(-15.,5.));
#3323 = ( GEOMETRIC_REPRESENTATION_CONTEXT(2) 
PARAMETRIC_REPRESENTATION_CONTEXT() REPRESENTATION_CONTEXT('2D SPACE',''
  ) );
#3324 = ORIENTED_EDGE('',*,*,#3325,.F.);
#3325 = EDGE_CURVE('',#3326,#3305,#3328,.T.);
#3326 = VERTEX_POINT('',#3327);
#3327 = CARTESIAN_POINT('',(-37.75264110498,93.671223380491,-5.));
#3328 = SURFACE_CURVE('',#3329,(#3333,#3339),.PCURVE_S1.);
#3329 = LINE('',#3330,#3331);
#3330 = CARTESIAN_POINT('',(-5.252641104989,37.381223380491,-5.));
#3331 = VECTOR('',#3332,1.);
#3332 = DIRECTION('',(-0.500011000363,0.866019052629,0.));
#3333 = PCURVE('',#93,#3334);
#3334 = DEFINITIONAL_REPRESENTATION('',(#3335),#3338);
#3335 = B_SPLINE_CURVE_WITH_KNOTS('',1,(#3336,#3337),.UNSPECIFIED.,.F.,
  .F.,(2,2),(-6.000000015638E-07,69.99846058306),
  .PIECEWISE_BEZIER_KNOTS.);
#3336 = CARTESIAN_POINT('',(-5.252640804983,37.38122286088));
#3337 = CARTESIAN_POINT('',(-40.25264140499,98.001223900103));
#3338 = ( GEOMETRIC_REPRESENTATION_CONTEXT(2) 
PARAMETRIC_REPRESENTATION_CONTEXT() REPRESENTATION_CONTEXT('2D SPACE',''
  ) );
#3339 = PCURVE('',#1410,#3340);
#3340 = DEFINITIONAL_REPRESENTATION('',(#3341),#3344);
#3341 = B_SPLINE_CURVE_WITH_KNOTS('',1,(#3342,#3343),.UNSPECIFIED.,.F.,
  .F.,(2,2),(-6.000000015638E-07,69.99846058306),
  .PIECEWISE_BEZIER_KNOTS.);
#3342 = CARTESIAN_POINT('',(0.339836909454,-5.999999997875E-07));
#3343 = CARTESIAN_POINT('',(0.339836909454,69.99846058306));
#3344 = ( GEOMETRIC_REPRESENTATION_CONTEXT(2) 
PARAMETRIC_REPRESENTATION_CONTEXT() REPRESENTATION_CONTEXT('2D SPACE',''
  ) );
#3345 = ORIENTED_EDGE('',*,*,#3346,.F.);
#3346 = EDGE_CURVE('',#3101,#3326,#3347,.T.);
#3347 = SURFACE_CURVE('',#3348,(#3352,#3358),.PCURVE_S1.);
#3348 = LINE('',#3349,#3350);
#3349 = CARTESIAN_POINT('',(-50.,86.6,-5.));
#3350 = VECTOR('',#3351,1.);
#3351 = DIRECTION('',(-0.866019052629,-0.500011000363,0.));
#3352 = PCURVE('',#93,#3353);
#3353 = DEFINITIONAL_REPRESENTATION('',(#3354),#3357);
#3354 = B_SPLINE_CURVE_WITH_KNOTS('',1,(#3355,#3356),.UNSPECIFIED.,.F.,
  .F.,(2,2),(-17.,17.),.PIECEWISE_BEZIER_KNOTS.);
#3355 = CARTESIAN_POINT('',(-35.27767610531,95.100187006171));
#3356 = CARTESIAN_POINT('',(-64.72232389468,78.099812993829));
#3357 = ( GEOMETRIC_REPRESENTATION_CONTEXT(2) 
PARAMETRIC_REPRESENTATION_CONTEXT() REPRESENTATION_CONTEXT('2D SPACE',''
  ) );
#3358 = PCURVE('',#3272,#3359);
#3359 = DEFINITIONAL_REPRESENTATION('',(#3360),#3363);
#3360 = B_SPLINE_CURVE_WITH_KNOTS('',1,(#3361,#3362),.UNSPECIFIED.,.F.,
  .F.,(2,2),(-17.,17.),.PIECEWISE_BEZIER_KNOTS.);
#3361 = CARTESIAN_POINT('',(17.,5.));
#3362 = CARTESIAN_POINT('',(-17.,5.));
#3363 = ( GEOMETRIC_REPRESENTATION_CONTEXT(2) 
PARAMETRIC_REPRESENTATION_CONTEXT() REPRESENTATION_CONTEXT('2D SPACE',''
  ) );
#3364 = FACE_BOUND('',#3365,.F.);
#3365 = EDGE_LOOP('',(#3366));
#3366 = ORIENTED_EDGE('',*,*,#3367,.F.);
#3367 = EDGE_CURVE('',#3368,#3368,#3370,.T.);
#3368 = VERTEX_POINT('',#3369);
#3369 = CARTESIAN_POINT('',(24.5,22.,-5.));
#3370 = SURFACE_CURVE('',#3371,(#3376,#3383),.PCURVE_S1.);
#3371 = CIRCLE('',#3372,2.5);
#3372 = AXIS2_PLACEMENT_3D('',#3373,#3374,#3375);
#3373 = CARTESIAN_POINT('',(22.,22.,-5.));
#3374 = DIRECTION('',(0.,0.,1.));
#3375 = DIRECTION('',(1.,0.,-0.));
#3376 = PCURVE('',#93,#3377);
#3377 = DEFINITIONAL_REPRESENTATION('',(#3378),#3382);
#3378 = CIRCLE('',#3379,2.5);
#3379 = AXIS2_PLACEMENT_2D('',#3380,#3381);
#3380 = CARTESIAN_POINT('',(22.,22.));
#3381 = DIRECTION('',(1.,0.));
#3382 = ( GEOMETRIC_REPRESENTATION_CONTEXT(2) 
PARAMETRIC_REPRESENTATION_CONTEXT() REPRESENTATION_CONTEXT('2D SPACE',''
  ) );
#3383 = PCURVE('',#1642,#3384);
#3384 = DEFINITIONAL_REPRESENTATION('',(#3385),#3389);
#3385 = LINE('',#3386,#3387);
#3386 = CARTESIAN_POINT('',(0.,1.));
#3387 = VECTOR('',#3388,1.);
#3388 = DIRECTION('',(1.,0.));
#3389 = ( GEOMETRIC_REPRESENTATION_CONTEXT(2) 
PARAMETRIC_REPRESENTATION_CONTEXT() REPRESENTATION_CONTEXT('2D SPACE',''
  ) );
#3390 = FACE_BOUND('',#3391,.F.);
#3391 = EDGE_LOOP('',(#3392,#3420,#3446,#3467,#3488,#3509,#3530,#3551,
    #3577,#3598,#3619,#3640));
#3392 = ORIENTED_EDGE('',*,*,#3393,.F.);
#3393 = EDGE_CURVE('',#3394,#3396,#3398,.T.);
#3394 = VERTEX_POINT('',#3395);
#3395 = CARTESIAN_POINT('',(34.071144085405,26.515782860621,-5.));
#3396 = VERTEX_POINT('',#3397);
#3397 = CARTESIAN_POINT('',(64.071144085405,78.475782860621,-5.));
#3398 = SURFACE_CURVE('',#3399,(#3403,#3409),.PCURVE_S1.);
#3399 = LINE('',#3400,#3401);
#3400 = CARTESIAN_POINT('',(34.071144085405,26.515782860621,-5.));
#3401 = VECTOR('',#3402,1.);
#3402 = DIRECTION('',(0.500011000363,0.866019052629,0.));
#3403 = PCURVE('',#93,#3404);
#3404 = DEFINITIONAL_REPRESENTATION('',(#3405),#3408);
#3405 = B_SPLINE_CURVE_WITH_KNOTS('',1,(#3406,#3407),.UNSPECIFIED.,.F.,
  .F.,(2,2),(-5.999999967107E-07,59.99868058548),
  .PIECEWISE_BEZIER_KNOTS.);
#3406 = CARTESIAN_POINT('',(34.071143785398,26.515782341009));
#3407 = CARTESIAN_POINT('',(64.071144385411,78.475783380232));
#3408 = ( GEOMETRIC_REPRESENTATION_CONTEXT(2) 
PARAMETRIC_REPRESENTATION_CONTEXT() REPRESENTATION_CONTEXT('2D SPACE',''
  ) );
#3409 = PCURVE('',#3410,#3415);
#3410 = CYLINDRICAL_SURFACE('',#3411,17.);
#3411 = AXIS2_PLACEMENT_3D('',#3412,#3413,#3414);
#3412 = CARTESIAN_POINT('',(20.,34.64,0.));
#3413 = DIRECTION('',(0.500011000363,0.866019052629,0.));
#3414 = DIRECTION('',(0.866019052629,-0.500011000363,0.));
#3415 = DEFINITIONAL_REPRESENTATION('',(#3416),#3419);
#3416 = B_SPLINE_CURVE_WITH_KNOTS('',1,(#3417,#3418),.UNSPECIFIED.,.F.,
  .F.,(2,2),(-5.999999967107E-07,59.99868058548),
  .PIECEWISE_BEZIER_KNOTS.);
#3417 = CARTESIAN_POINT('',(0.298532201185,-5.999999993753E-07));
#3418 = CARTESIAN_POINT('',(0.298532201185,59.99868058548));
#3419 = ( GEOMETRIC_REPRESENTATION_CONTEXT(2) 
PARAMETRIC_REPRESENTATION_CONTEXT() REPRESENTATION_CONTEXT('2D SPACE',''
  ) );
#3420 = ORIENTED_EDGE('',*,*,#3421,.T.);
#3421 = EDGE_CURVE('',#3394,#3422,#3424,.T.);
#3422 = VERTEX_POINT('',#3423);
#3423 = CARTESIAN_POINT('',(32.247358895011,27.568776619509,-5.));
#3424 = SURFACE_CURVE('',#3425,(#3429,#3435),.PCURVE_S1.);
#3425 = LINE('',#3426,#3427);
#3426 = CARTESIAN_POINT('',(20.,34.64,-5.));
#3427 = VECTOR('',#3428,1.);
#3428 = DIRECTION('',(-0.866019052629,0.500011000363,0.));
#3429 = PCURVE('',#93,#3430);
#3430 = DEFINITIONAL_REPRESENTATION('',(#3431),#3434);
#3431 = B_SPLINE_CURVE_WITH_KNOTS('',1,(#3432,#3433),.UNSPECIFIED.,.F.,
  .F.,(2,2),(-17.,17.),.PIECEWISE_BEZIER_KNOTS.);
#3432 = CARTESIAN_POINT('',(34.722323894689,26.139812993829));
#3433 = CARTESIAN_POINT('',(5.277676105311,43.140187006171));
#3434 = ( GEOMETRIC_REPRESENTATION_CONTEXT(2) 
PARAMETRIC_REPRESENTATION_CONTEXT() REPRESENTATION_CONTEXT('2D SPACE',''
  ) );
#3435 = PCURVE('',#3436,#3441);
#3436 = PLANE('',#3437);
#3437 = AXIS2_PLACEMENT_3D('',#3438,#3439,#3440);
#3438 = CARTESIAN_POINT('',(20.,34.64,0.));
#3439 = DIRECTION('',(0.500011000363,0.866019052629,0.));
#3440 = DIRECTION('',(0.866019052629,-0.500011000363,0.));
#3441 = DEFINITIONAL_REPRESENTATION('',(#3442),#3445);
#3442 = B_SPLINE_CURVE_WITH_KNOTS('',1,(#3443,#3444),.UNSPECIFIED.,.F.,
  .F.,(2,2),(-17.,17.),.PIECEWISE_BEZIER_KNOTS.);
#3443 = CARTESIAN_POINT('',(17.,5.));
#3444 = CARTESIAN_POINT('',(-17.,5.));
#3445 = ( GEOMETRIC_REPRESENTATION_CONTEXT(2) 
PARAMETRIC_REPRESENTATION_CONTEXT() REPRESENTATION_CONTEXT('2D SPACE',''
  ) );
#3446 = ORIENTED_EDGE('',*,*,#3447,.F.);
#3447 = EDGE_CURVE('',#3448,#3422,#3450,.T.);
#3448 = VERTEX_POINT('',#3449);
#3449 = CARTESIAN_POINT('',(29.747358895011,23.238776619509,-5.));
#3450 = SURFACE_CURVE('',#3451,(#3455,#3461),.PCURVE_S1.);
#3451 = LINE('',#3452,#3453);
#3452 = CARTESIAN_POINT('',(29.747358895011,23.238776619509,-5.));
#3453 = VECTOR('',#3454,1.);
#3454 = DIRECTION('',(0.500011000363,0.866019052629,0.));
#3455 = PCURVE('',#93,#3456);
#3456 = DEFINITIONAL_REPRESENTATION('',(#3457),#3460);
#3457 = B_SPLINE_CURVE_WITH_KNOTS('',1,(#3458,#3459),.UNSPECIFIED.,.F.,
  .F.,(2,2),(-5.999999984871E-07,69.99846058306),
  .PIECEWISE_BEZIER_KNOTS.);
#3458 = CARTESIAN_POINT('',(29.747358595004,23.238776099897));
#3459 = CARTESIAN_POINT('',(64.747359195017,83.85877713912));
#3460 = ( GEOMETRIC_REPRESENTATION_CONTEXT(2) 
PARAMETRIC_REPRESENTATION_CONTEXT() REPRESENTATION_CONTEXT('2D SPACE',''
  ) );
#3461 = PCURVE('',#1725,#3462);
#3462 = DEFINITIONAL_REPRESENTATION('',(#3463),#3466);
#3463 = B_SPLINE_CURVE_WITH_KNOTS('',1,(#3464,#3465),.UNSPECIFIED.,.F.,
  .F.,(2,2),(-5.999999984871E-07,69.99846058306),
  .PIECEWISE_BEZIER_KNOTS.);
#3464 = CARTESIAN_POINT('',(0.339836909454,-6.000000002635E-07));
#3465 = CARTESIAN_POINT('',(0.339836909454,69.99846058306));
#3466 = ( GEOMETRIC_REPRESENTATION_CONTEXT(2) 
PARAMETRIC_REPRESENTATION_CONTEXT() REPRESENTATION_CONTEXT('2D SPACE',''
  ) );
#3467 = ORIENTED_EDGE('',*,*,#3468,.T.);
#3468 = EDGE_CURVE('',#3448,#3469,#3471,.T.);
#3469 = VERTEX_POINT('',#3470);
#3470 = CARTESIAN_POINT('',(5.252641104989,37.381223380491,-5.));
#3471 = SURFACE_CURVE('',#3472,(#3476,#3482),.PCURVE_S1.);
#3472 = LINE('',#3473,#3474);
#3473 = CARTESIAN_POINT('',(17.5,30.31,-5.));
#3474 = VECTOR('',#3475,1.);
#3475 = DIRECTION('',(-0.866019052629,0.500011000363,0.));
#3476 = PCURVE('',#93,#3477);
#3477 = DEFINITIONAL_REPRESENTATION('',(#3478),#3481);
#3478 = B_SPLINE_CURVE_WITH_KNOTS('',1,(#3479,#3480),.UNSPECIFIED.,.F.,
  .F.,(2,2),(-15.,15.),.PIECEWISE_BEZIER_KNOTS.);
#3479 = CARTESIAN_POINT('',(30.490285789431,22.809834994555));
#3480 = CARTESIAN_POINT('',(4.509714210569,37.810165005445));
#3481 = ( GEOMETRIC_REPRESENTATION_CONTEXT(2) 
PARAMETRIC_REPRESENTATION_CONTEXT() REPRESENTATION_CONTEXT('2D SPACE',''
  ) );
#3482 = PCURVE('',#1751,#3483);
#3483 = DEFINITIONAL_REPRESENTATION('',(#3484),#3487);
#3484 = B_SPLINE_CURVE_WITH_KNOTS('',1,(#3485,#3486),.UNSPECIFIED.,.F.,
  .F.,(2,2),(-15.,15.),.PIECEWISE_BEZIER_KNOTS.);
#3485 = CARTESIAN_POINT('',(15.,5.));
#3486 = CARTESIAN_POINT('',(-15.,5.));
#3487 = ( GEOMETRIC_REPRESENTATION_CONTEXT(2) 
PARAMETRIC_REPRESENTATION_CONTEXT() REPRESENTATION_CONTEXT('2D SPACE',''
  ) );
#3488 = ORIENTED_EDGE('',*,*,#3489,.T.);
#3489 = EDGE_CURVE('',#3469,#3490,#3492,.T.);
#3490 = VERTEX_POINT('',#3491);
#3491 = CARTESIAN_POINT('',(7.752641104989,41.711223380491,-5.));
#3492 = SURFACE_CURVE('',#3493,(#3497,#3503),.PCURVE_S1.);
#3493 = LINE('',#3494,#3495);
#3494 = CARTESIAN_POINT('',(5.252641104989,37.381223380491,-5.));
#3495 = VECTOR('',#3496,1.);
#3496 = DIRECTION('',(0.500011000363,0.866019052629,0.));
#3497 = PCURVE('',#93,#3498);
#3498 = DEFINITIONAL_REPRESENTATION('',(#3499),#3502);
#3499 = B_SPLINE_CURVE_WITH_KNOTS('',1,(#3500,#3501),.UNSPECIFIED.,.F.,
  .F.,(2,2),(-6.000000015638E-07,69.99846058306),
  .PIECEWISE_BEZIER_KNOTS.);
#3500 = CARTESIAN_POINT('',(5.252640804983,37.38122286088));
#3501 = CARTESIAN_POINT('',(40.252641404996,98.001223900103));
#3502 = ( GEOMETRIC_REPRESENTATION_CONTEXT(2) 
PARAMETRIC_REPRESENTATION_CONTEXT() REPRESENTATION_CONTEXT('2D SPACE',''
  ) );
#3503 = PCURVE('',#1725,#3504);
#3504 = DEFINITIONAL_REPRESENTATION('',(#3505),#3508);
#3505 = B_SPLINE_CURVE_WITH_KNOTS('',1,(#3506,#3507),.UNSPECIFIED.,.F.,
  .F.,(2,2),(-6.000000015638E-07,69.99846058306),
  .PIECEWISE_BEZIER_KNOTS.);
#3506 = CARTESIAN_POINT('',(2.801755744136,-5.999999997875E-07));
#3507 = CARTESIAN_POINT('',(2.801755744136,69.99846058306));
#3508 = ( GEOMETRIC_REPRESENTATION_CONTEXT(2) 
PARAMETRIC_REPRESENTATION_CONTEXT() REPRESENTATION_CONTEXT('2D SPACE',''
  ) );
#3509 = ORIENTED_EDGE('',*,*,#3510,.T.);
#3510 = EDGE_CURVE('',#3490,#3511,#3513,.T.);
#3511 = VERTEX_POINT('',#3512);
#3512 = CARTESIAN_POINT('',(5.928855914595,42.764217139379,-5.));
#3513 = SURFACE_CURVE('',#3514,(#3518,#3524),.PCURVE_S1.);
#3514 = LINE('',#3515,#3516);
#3515 = CARTESIAN_POINT('',(20.,34.64,-5.));
#3516 = VECTOR('',#3517,1.);
#3517 = DIRECTION('',(-0.866019052629,0.500011000363,0.));
#3518 = PCURVE('',#93,#3519);
#3519 = DEFINITIONAL_REPRESENTATION('',(#3520),#3523);
#3520 = B_SPLINE_CURVE_WITH_KNOTS('',1,(#3521,#3522),.UNSPECIFIED.,.F.,
  .F.,(2,2),(-17.,17.),.PIECEWISE_BEZIER_KNOTS.);
#3521 = CARTESIAN_POINT('',(34.722323894689,26.139812993829));
#3522 = CARTESIAN_POINT('',(5.277676105311,43.140187006171));
#3523 = ( GEOMETRIC_REPRESENTATION_CONTEXT(2) 
PARAMETRIC_REPRESENTATION_CONTEXT() REPRESENTATION_CONTEXT('2D SPACE',''
  ) );
#3524 = PCURVE('',#3436,#3525);
#3525 = DEFINITIONAL_REPRESENTATION('',(#3526),#3529);
#3526 = B_SPLINE_CURVE_WITH_KNOTS('',1,(#3527,#3528),.UNSPECIFIED.,.F.,
  .F.,(2,2),(-17.,17.),.PIECEWISE_BEZIER_KNOTS.);
#3527 = CARTESIAN_POINT('',(17.,5.));
#3528 = CARTESIAN_POINT('',(-17.,5.));
#3529 = ( GEOMETRIC_REPRESENTATION_CONTEXT(2) 
PARAMETRIC_REPRESENTATION_CONTEXT() REPRESENTATION_CONTEXT('2D SPACE',''
  ) );
#3530 = ORIENTED_EDGE('',*,*,#3531,.T.);
#3531 = EDGE_CURVE('',#3511,#3532,#3534,.T.);
#3532 = VERTEX_POINT('',#3533);
#3533 = CARTESIAN_POINT('',(35.928855914595,94.724217139379,-5.));
#3534 = SURFACE_CURVE('',#3535,(#3539,#3545),.PCURVE_S1.);
#3535 = LINE('',#3536,#3537);
#3536 = CARTESIAN_POINT('',(5.928855914595,42.764217139379,-5.));
#3537 = VECTOR('',#3538,1.);
#3538 = DIRECTION('',(0.500011000363,0.866019052629,0.));
#3539 = PCURVE('',#93,#3540);
#3540 = DEFINITIONAL_REPRESENTATION('',(#3541),#3544);
#3541 = B_SPLINE_CURVE_WITH_KNOTS('',1,(#3542,#3543),.UNSPECIFIED.,.F.,
  .F.,(2,2),(-6.000000015638E-07,59.99868058548),
  .PIECEWISE_BEZIER_KNOTS.);
#3542 = CARTESIAN_POINT('',(5.928855614589,42.764216619768));
#3543 = CARTESIAN_POINT('',(35.928856214602,94.724217658991));
#3544 = ( GEOMETRIC_REPRESENTATION_CONTEXT(2) 
PARAMETRIC_REPRESENTATION_CONTEXT() REPRESENTATION_CONTEXT('2D SPACE',''
  ) );
#3545 = PCURVE('',#3410,#3546);
#3546 = DEFINITIONAL_REPRESENTATION('',(#3547),#3550);
#3547 = B_SPLINE_CURVE_WITH_KNOTS('',1,(#3548,#3549),.UNSPECIFIED.,.F.,
  .F.,(2,2),(-6.000000015638E-07,59.99868058548),
  .PIECEWISE_BEZIER_KNOTS.);
#3548 = CARTESIAN_POINT('',(2.843060452405,-5.999999997875E-07));
#3549 = CARTESIAN_POINT('',(2.843060452405,59.99868058548));
#3550 = ( GEOMETRIC_REPRESENTATION_CONTEXT(2) 
PARAMETRIC_REPRESENTATION_CONTEXT() REPRESENTATION_CONTEXT('2D SPACE',''
  ) );
#3551 = ORIENTED_EDGE('',*,*,#3552,.F.);
#3552 = EDGE_CURVE('',#3553,#3532,#3555,.T.);
#3553 = VERTEX_POINT('',#3554);
#3554 = CARTESIAN_POINT('',(37.752641104989,93.671223380491,-5.));
#3555 = SURFACE_CURVE('',#3556,(#3560,#3566),.PCURVE_S1.);
#3556 = LINE('',#3557,#3558);
#3557 = CARTESIAN_POINT('',(50.,86.6,-5.));
#3558 = VECTOR('',#3559,1.);
#3559 = DIRECTION('',(-0.866019052629,0.500011000363,0.));
#3560 = PCURVE('',#93,#3561);
#3561 = DEFINITIONAL_REPRESENTATION('',(#3562),#3565);
#3562 = B_SPLINE_CURVE_WITH_KNOTS('',1,(#3563,#3564),.UNSPECIFIED.,.F.,
  .F.,(2,2),(-17.,17.),.PIECEWISE_BEZIER_KNOTS.);
#3563 = CARTESIAN_POINT('',(64.722323894689,78.099812993829));
#3564 = CARTESIAN_POINT('',(35.277676105311,95.100187006171));
#3565 = ( GEOMETRIC_REPRESENTATION_CONTEXT(2) 
PARAMETRIC_REPRESENTATION_CONTEXT() REPRESENTATION_CONTEXT('2D SPACE',''
  ) );
#3566 = PCURVE('',#3567,#3572);
#3567 = PLANE('',#3568);
#3568 = AXIS2_PLACEMENT_3D('',#3569,#3570,#3571);
#3569 = CARTESIAN_POINT('',(50.,86.6,0.));
#3570 = DIRECTION('',(0.500011000363,0.866019052629,0.));
#3571 = DIRECTION('',(0.866019052629,-0.500011000363,0.));
#3572 = DEFINITIONAL_REPRESENTATION('',(#3573),#3576);
#3573 = B_SPLINE_CURVE_WITH_KNOTS('',1,(#3574,#3575),.UNSPECIFIED.,.F.,
  .F.,(2,2),(-17.,17.),.PIECEWISE_BEZIER_KNOTS.);
#3574 = CARTESIAN_POINT('',(17.,5.));
#3575 = CARTESIAN_POINT('',(-17.,5.));
#3576 = ( GEOMETRIC_REPRESENTATION_CONTEXT(2) 
PARAMETRIC_REPRESENTATION_CONTEXT() REPRESENTATION_CONTEXT('2D SPACE',''
  ) );
#3577 = ORIENTED_EDGE('',*,*,#3578,.T.);
#3578 = EDGE_CURVE('',#3553,#3579,#3581,.T.);
#3579 = VERTEX_POINT('',#3580);
#3580 = CARTESIAN_POINT('',(40.252641104989,98.001223380491,-5.));
#3581 = SURFACE_CURVE('',#3582,(#3586,#3592),.PCURVE_S1.);
#3582 = LINE('',#3583,#3584);
#3583 = CARTESIAN_POINT('',(5.252641104989,37.381223380491,-5.));
#3584 = VECTOR('',#3585,1.);
#3585 = DIRECTION('',(0.500011000363,0.866019052629,0.));
#3586 = PCURVE('',#93,#3587);
#3587 = DEFINITIONAL_REPRESENTATION('',(#3588),#3591);
#3588 = B_SPLINE_CURVE_WITH_KNOTS('',1,(#3589,#3590),.UNSPECIFIED.,.F.,
  .F.,(2,2),(-6.000000015638E-07,69.99846058306),
  .PIECEWISE_BEZIER_KNOTS.);
#3589 = CARTESIAN_POINT('',(5.252640804983,37.38122286088));
#3590 = CARTESIAN_POINT('',(40.252641404996,98.001223900103));
#3591 = ( GEOMETRIC_REPRESENTATION_CONTEXT(2) 
PARAMETRIC_REPRESENTATION_CONTEXT() REPRESENTATION_CONTEXT('2D SPACE',''
  ) );
#3592 = PCURVE('',#1725,#3593);
#3593 = DEFINITIONAL_REPRESENTATION('',(#3594),#3597);
#3594 = B_SPLINE_CURVE_WITH_KNOTS('',1,(#3595,#3596),.UNSPECIFIED.,.F.,
  .F.,(2,2),(-6.000000015638E-07,69.99846058306),
  .PIECEWISE_BEZIER_KNOTS.);
#3595 = CARTESIAN_POINT('',(2.801755744136,-5.999999997875E-07));
#3596 = CARTESIAN_POINT('',(2.801755744136,69.99846058306));
#3597 = ( GEOMETRIC_REPRESENTATION_CONTEXT(2) 
PARAMETRIC_REPRESENTATION_CONTEXT() REPRESENTATION_CONTEXT('2D SPACE',''
  ) );
#3598 = ORIENTED_EDGE('',*,*,#3599,.F.);
#3599 = EDGE_CURVE('',#3600,#3579,#3602,.T.);
#3600 = VERTEX_POINT('',#3601);
#3601 = CARTESIAN_POINT('',(64.747358895011,83.858776619509,-5.));
#3602 = SURFACE_CURVE('',#3603,(#3607,#3613),.PCURVE_S1.);
#3603 = LINE('',#3604,#3605);
#3604 = CARTESIAN_POINT('',(52.5,90.93,-5.));
#3605 = VECTOR('',#3606,1.);
#3606 = DIRECTION('',(-0.866019052629,0.500011000363,0.));
#3607 = PCURVE('',#93,#3608);
#3608 = DEFINITIONAL_REPRESENTATION('',(#3609),#3612);
#3609 = B_SPLINE_CURVE_WITH_KNOTS('',1,(#3610,#3611),.UNSPECIFIED.,.F.,
  .F.,(2,2),(-15.,15.),.PIECEWISE_BEZIER_KNOTS.);
#3610 = CARTESIAN_POINT('',(65.490285789431,83.429834994555));
#3611 = CARTESIAN_POINT('',(39.509714210569,98.430165005445));
#3612 = ( GEOMETRIC_REPRESENTATION_CONTEXT(2) 
PARAMETRIC_REPRESENTATION_CONTEXT() REPRESENTATION_CONTEXT('2D SPACE',''
  ) );
#3613 = PCURVE('',#1887,#3614);
#3614 = DEFINITIONAL_REPRESENTATION('',(#3615),#3618);
#3615 = B_SPLINE_CURVE_WITH_KNOTS('',1,(#3616,#3617),.UNSPECIFIED.,.F.,
  .F.,(2,2),(-15.,15.),.PIECEWISE_BEZIER_KNOTS.);
#3616 = CARTESIAN_POINT('',(15.,5.));
#3617 = CARTESIAN_POINT('',(-15.,5.));
#3618 = ( GEOMETRIC_REPRESENTATION_CONTEXT(2) 
PARAMETRIC_REPRESENTATION_CONTEXT() REPRESENTATION_CONTEXT('2D SPACE',''
  ) );
#3619 = ORIENTED_EDGE('',*,*,#3620,.F.);
#3620 = EDGE_CURVE('',#3621,#3600,#3623,.T.);
#3621 = VERTEX_POINT('',#3622);
#3622 = CARTESIAN_POINT('',(62.247358895011,79.528776619509,-5.));
#3623 = SURFACE_CURVE('',#3624,(#3628,#3634),.PCURVE_S1.);
#3624 = LINE('',#3625,#3626);
#3625 = CARTESIAN_POINT('',(29.747358895011,23.238776619509,-5.));
#3626 = VECTOR('',#3627,1.);
#3627 = DIRECTION('',(0.500011000363,0.866019052629,0.));
#3628 = PCURVE('',#93,#3629);
#3629 = DEFINITIONAL_REPRESENTATION('',(#3630),#3633);
#3630 = B_SPLINE_CURVE_WITH_KNOTS('',1,(#3631,#3632),.UNSPECIFIED.,.F.,
  .F.,(2,2),(-5.999999984871E-07,69.99846058306),
  .PIECEWISE_BEZIER_KNOTS.);
#3631 = CARTESIAN_POINT('',(29.747358595004,23.238776099897));
#3632 = CARTESIAN_POINT('',(64.747359195017,83.85877713912));
#3633 = ( GEOMETRIC_REPRESENTATION_CONTEXT(2) 
PARAMETRIC_REPRESENTATION_CONTEXT() REPRESENTATION_CONTEXT('2D SPACE',''
  ) );
#3634 = PCURVE('',#1725,#3635);
#3635 = DEFINITIONAL_REPRESENTATION('',(#3636),#3639);
#3636 = B_SPLINE_CURVE_WITH_KNOTS('',1,(#3637,#3638),.UNSPECIFIED.,.F.,
  .F.,(2,2),(-5.999999984871E-07,69.99846058306),
  .PIECEWISE_BEZIER_KNOTS.);
#3637 = CARTESIAN_POINT('',(0.339836909454,-6.000000002635E-07));
#3638 = CARTESIAN_POINT('',(0.339836909454,69.99846058306));
#3639 = ( GEOMETRIC_REPRESENTATION_CONTEXT(2) 
PARAMETRIC_REPRESENTATION_CONTEXT() REPRESENTATION_CONTEXT('2D SPACE',''
  ) );
#3640 = ORIENTED_EDGE('',*,*,#3641,.F.);
#3641 = EDGE_CURVE('',#3396,#3621,#3642,.T.);
#3642 = SURFACE_CURVE('',#3643,(#3647,#3653),.PCURVE_S1.);
#3643 = LINE('',#3644,#3645);
#3644 = CARTESIAN_POINT('',(50.,86.6,-5.));
#3645 = VECTOR('',#3646,1.);
#3646 = DIRECTION('',(-0.866019052629,0.500011000363,0.));
#3647 = PCURVE('',#93,#3648);
#3648 = DEFINITIONAL_REPRESENTATION('',(#3649),#3652);
#3649 = B_SPLINE_CURVE_WITH_KNOTS('',1,(#3650,#3651),.UNSPECIFIED.,.F.,
  .F.,(2,2),(-17.,17.),.PIECEWISE_BEZIER_KNOTS.);
#3650 = CARTESIAN_POINT('',(64.722323894689,78.099812993829));
#3651 = CARTESIAN_POINT('',(35.277676105311,95.100187006171));
#3652 = ( GEOMETRIC_REPRESENTATION_CONTEXT(2) 
PARAMETRIC_REPRESENTATION_CONTEXT() REPRESENTATION_CONTEXT('2D SPACE',''
  ) );
#3653 = PCURVE('',#3567,#3654);
#3654 = DEFINITIONAL_REPRESENTATION('',(#3655),#3658);
#3655 = B_SPLINE_CURVE_WITH_KNOTS('',1,(#3656,#3657),.UNSPECIFIED.,.F.,
  .F.,(2,2),(-17.,17.),.PIECEWISE_BEZIER_KNOTS.);
#3656 = CARTESIAN_POINT('',(17.,5.));
#3657 = CARTESIAN_POINT('',(-17.,5.));
#3658 = ( GEOMETRIC_REPRESENTATION_CONTEXT(2) 
PARAMETRIC_REPRESENTATION_CONTEXT() REPRESENTATION_CONTEXT('2D SPACE',''
  ) );
#3659 = ADVANCED_FACE('',(#3660,#3708),#129,.T.);
#3660 = FACE_BOUND('',#3661,.T.);
#3661 = EDGE_LOOP('',(#3662,#3663,#3685,#3686));
#3662 = ORIENTED_EDGE('',*,*,#112,.T.);
#3663 = ORIENTED_EDGE('',*,*,#3664,.F.);
#3664 = EDGE_CURVE('',#261,#115,#3665,.T.);
#3665 = SURFACE_CURVE('',#3666,(#3671,#3678),.PCURVE_S1.);
#3666 = CIRCLE('',#3667,17.);
#3667 = AXIS2_PLACEMENT_3D('',#3668,#3669,#3670);
#3668 = CARTESIAN_POINT('',(-50.,-86.6,0.));
#3669 = DIRECTION('',(-0.500011000363,-0.866019052629,0.));
#3670 = DIRECTION('',(-0.866019052629,0.500011000363,0.));
#3671 = PCURVE('',#129,#3672);
#3672 = DEFINITIONAL_REPRESENTATION('',(#3673),#3677);
#3673 = LINE('',#3674,#3675);
#3674 = CARTESIAN_POINT('',(0.,59.99867998548));
#3675 = VECTOR('',#3676,1.);
#3676 = DIRECTION('',(1.,0.));
#3677 = ( GEOMETRIC_REPRESENTATION_CONTEXT(2) 
PARAMETRIC_REPRESENTATION_CONTEXT() REPRESENTATION_CONTEXT('2D SPACE',''
  ) );
#3678 = PCURVE('',#296,#3679);
#3679 = DEFINITIONAL_REPRESENTATION('',(#3680),#3684);
#3680 = CIRCLE('',#3681,17.);
#3681 = AXIS2_PLACEMENT_2D('',#3682,#3683);
#3682 = CARTESIAN_POINT('',(0.,0.));
#3683 = DIRECTION('',(1.,0.));
#3684 = ( GEOMETRIC_REPRESENTATION_CONTEXT(2) 
PARAMETRIC_REPRESENTATION_CONTEXT() REPRESENTATION_CONTEXT('2D SPACE',''
  ) );
#3685 = ORIENTED_EDGE('',*,*,#260,.F.);
#3686 = ORIENTED_EDGE('',*,*,#3687,.T.);
#3687 = EDGE_CURVE('',#240,#113,#3688,.T.);
#3688 = SURFACE_CURVE('',#3689,(#3694,#3701),.PCURVE_S1.);
#3689 = CIRCLE('',#3690,17.);
#3690 = AXIS2_PLACEMENT_3D('',#3691,#3692,#3693);
#3691 = CARTESIAN_POINT('',(-20.,-34.64,0.));
#3692 = DIRECTION('',(-0.500011000363,-0.866019052629,0.));
#3693 = DIRECTION('',(-0.866019052629,0.500011000363,0.));
#3694 = PCURVE('',#129,#3695);
#3695 = DEFINITIONAL_REPRESENTATION('',(#3696),#3700);
#3696 = LINE('',#3697,#3698);
#3697 = CARTESIAN_POINT('',(0.,0.));
#3698 = VECTOR('',#3699,1.);
#3699 = DIRECTION('',(1.,0.));
#3700 = ( GEOMETRIC_REPRESENTATION_CONTEXT(2) 
PARAMETRIC_REPRESENTATION_CONTEXT() REPRESENTATION_CONTEXT('2D SPACE',''
  ) );
#3701 = PCURVE('',#155,#3702);
#3702 = DEFINITIONAL_REPRESENTATION('',(#3703),#3707);
#3703 = CIRCLE('',#3704,17.);
#3704 = AXIS2_PLACEMENT_2D('',#3705,#3706);
#3705 = CARTESIAN_POINT('',(0.,0.));
#3706 = DIRECTION('',(1.,0.));
#3707 = ( GEOMETRIC_REPRESENTATION_CONTEXT(2) 
PARAMETRIC_REPRESENTATION_CONTEXT() REPRESENTATION_CONTEXT('2D SPACE',''
  ) );
#3708 = FACE_BOUND('',#3709,.T.);
#3709 = EDGE_LOOP('',(#3710));
#3710 = ORIENTED_EDGE('',*,*,#3711,.F.);
#3711 = EDGE_CURVE('',#3712,#3712,#3714,.T.);
#3712 = VERTEX_POINT('',#3713);
#3713 = CARTESIAN_POINT('',(-32.9,-60.62,16.902442087229));
#3714 = SURFACE_CURVE('',#3715,(#3774,#3836),.PCURVE_S1.);
#3715 = B_SPLINE_CURVE_WITH_KNOTS('',8,(#3716,#3717,#3718,#3719,#3720,
    #3721,#3722,#3723,#3724,#3725,#3726,#3727,#3728,#3729,#3730,#3731,
    #3732,#3733,#3734,#3735,#3736,#3737,#3738,#3739,#3740,#3741,#3742,
    #3743,#3744,#3745,#3746,#3747,#3748,#3749,#3750,#3751,#3752,#3753,
    #3754,#3755,#3756,#3757,#3758,#3759,#3760,#3761,#3762,#3763,#3764,
    #3765,#3766,#3767,#3768,#3769,#3770,#3771,#3772,#3773),
  .UNSPECIFIED.,.T.,.F.,(9,7,7,7,7,7,7,7,9),(0.,0.125044463422,
    0.238089465329,0.336885764976,0.429977511844,0.579116344869,
    0.700372620012,0.839119681394,1.),.UNSPECIFIED.);
#3716 = CARTESIAN_POINT('',(-32.9,-60.62,16.902442087229));
#3717 = CARTESIAN_POINT('',(-32.9,-60.42870296226,16.912733739139));
#3718 = CARTESIAN_POINT('',(-32.91991505018,-60.23137569281,
    16.924579651964));
#3719 = CARTESIAN_POINT('',(-32.96194438627,-60.03038918321,
    16.937595260216));
#3720 = CARTESIAN_POINT('',(-33.0280532828,-59.82858322062,
    16.951185749257));
#3721 = CARTESIAN_POINT('',(-33.11995315377,-59.62928799526,
    16.964551208962));
#3722 = CARTESIAN_POINT('',(-33.23906083402,-59.43638946462,
    16.97671331913));
#3723 = CARTESIAN_POINT('',(-33.38640542368,-59.25448375526,
    16.986601440823));
#3724 = CARTESIAN_POINT('',(-33.7216031162,-58.93971217018,
    16.999233873345));
#3725 = CARTESIAN_POINT('',(-33.90063149343,-58.80717885687,
    17.002437176646));
#3726 = CARTESIAN_POINT('',(-34.09615363733,-58.69639859794,
    17.002264774779));
#3727 = CARTESIAN_POINT('',(-34.3034161481,-58.61072232228,
    16.99851024746));
#3728 = CARTESIAN_POINT('',(-34.51674412884,-58.55185349931,
    16.991525897492));
#3729 = CARTESIAN_POINT('',(-34.7300049137,-58.51964354067,
    16.982132303018));
#3730 = CARTESIAN_POINT('',(-34.93702013746,-58.51188557945,
    16.971372581785));
#3731 = CARTESIAN_POINT('',(-35.30214153741,-58.53485707084,
    16.950492905719));
#3732 = CARTESIAN_POINT('',(-35.46629166592,-58.56105822285,
    16.940282256275));
#3733 = CARTESIAN_POINT('',(-35.62338671202,-58.60101398348,
    16.930031624966));
#3734 = CARTESIAN_POINT('',(-35.77280268739,-58.65321111989,
    16.92010223715));
#3735 = CARTESIAN_POINT('',(-35.91412413754,-58.71633316396,
    16.910783595871));
#3736 = CARTESIAN_POINT('',(-36.04707168887,-58.78924168103,
    16.902298247233));
#3737 = CARTESIAN_POINT('',(-36.17144838502,-58.87096215276,
    16.894811233101));
#3738 = CARTESIAN_POINT('',(-36.39608317446,-59.04520675639,
    16.882444863429));
#3739 = CARTESIAN_POINT('',(-36.49738526565,-59.13688594006,
    16.877436059245));
#3740 = CARTESIAN_POINT('',(-36.59088812492,-59.23505709466,
    16.87351996451));
#3741 = CARTESIAN_POINT('',(-36.67646432088,-59.33916567049,
    16.870765782996));
#3742 = CARTESIAN_POINT('',(-36.75396603248,-59.44873569907,
    16.869215351684));
#3743 = CARTESIAN_POINT('',(-36.8232090004,-59.5633485984,
    16.868886468238));
#3744 = CARTESIAN_POINT('',(-36.88395634935,-59.68262258293,
    16.869773970619));
#3745 = CARTESIAN_POINT('',(-37.01912293134,-60.00415974219,
    16.87517220565));
#3746 = CARTESIAN_POINT('',(-37.07970712742,-60.21304279568,
    16.881540480286));
#3747 = CARTESIAN_POINT('',(-37.11650858268,-60.43147119039,
    16.890830928718));
#3748 = CARTESIAN_POINT('',(-37.12772683726,-60.65800583902,
    16.902765582394));
#3749 = CARTESIAN_POINT('',(-37.11096567615,-60.89073831933,
    16.916877280116));
#3750 = CARTESIAN_POINT('',(-37.06327127874,-61.12701918779,
    16.932402687433));
#3751 = CARTESIAN_POINT('',(-36.9812092739,-61.36302806247,
    16.948191239086));
#3752 = CARTESIAN_POINT('',(-36.76333699272,-61.77979219232,
    16.974531092374));
#3753 = CARTESIAN_POINT('',(-36.63818578333,-61.96694781122,
    16.985782947477));
#3754 = CARTESIAN_POINT('',(-36.48473597878,-62.14475705811,
    16.995202617126));
#3755 = CARTESIAN_POINT('',(-36.30503468643,-62.30503937079,
    17.001490688994));
#3756 = CARTESIAN_POINT('',(-36.10358483251,-62.44127001235,
    17.00369406055));
#3757 = CARTESIAN_POINT('',(-35.886653063,-62.54899696343,
    17.001661294171));
#3758 = CARTESIAN_POINT('',(-35.66167489129,-62.62626892162,
    16.995968035786));
#3759 = CARTESIAN_POINT('',(-35.17914600367,-62.72884000898,
    16.978045650565));
#3760 = CARTESIAN_POINT('',(-34.92598383508,-62.74409830084,
    16.965155504979));
#3761 = CARTESIAN_POINT('',(-34.68245213791,-62.7251305533,
    16.950393795509));
#3762 = CARTESIAN_POINT('',(-34.45195682202,-62.67666064982,
    16.935158781799));
#3763 = CARTESIAN_POINT('',(-34.23678269927,-62.60293208235,
    16.920571497597));
#3764 = CARTESIAN_POINT('',(-34.03844612294,-62.50772647336,
    16.907440492544));
#3765 = CARTESIAN_POINT('',(-33.85786858288,-62.39437359268,
    16.896311220445));
#3766 = CARTESIAN_POINT('',(-33.50746876946,-62.11665736955,
    16.877281142238));
#3767 = CARTESIAN_POINT('',(-33.34286030889,-61.94617240957,
    16.87011947171));
#3768 = CARTESIAN_POINT('',(-33.20222591084,-61.75768333157,
    16.866520774612));
#3769 = CARTESIAN_POINT('',(-33.0862210266,-61.55356416503,
    16.866707773611));
#3770 = CARTESIAN_POINT('',(-32.9959508324,-61.3357608933,
    16.870702852857));
#3771 = CARTESIAN_POINT('',(-32.93308845355,-61.10609498161,
    16.878334038352));
#3772 = CARTESIAN_POINT('',(-32.9,-60.86657697316,16.88917641199));
#3773 = CARTESIAN_POINT('',(-32.9,-60.62,16.902442087229));
#3774 = PCURVE('',#129,#3775);
#3775 = DEFINITIONAL_REPRESENTATION('',(#3776),#3835);
#3776 = B_SPLINE_CURVE_WITH_KNOTS('',8,(#3777,#3778,#3779,#3780,#3781,
    #3782,#3783,#3784,#3785,#3786,#3787,#3788,#3789,#3790,#3791,#3792,
    #3793,#3794,#3795,#3796,#3797,#3798,#3799,#3800,#3801,#3802,#3803,
    #3804,#3805,#3806,#3807,#3808,#3809,#3810,#3811,#3812,#3813,#3814,
    #3815,#3816,#3817,#3818,#3819,#3820,#3821,#3822,#3823,#3824,#3825,
    #3826,#3827,#3828,#3829,#3830,#3831,#3832,#3833,#3834),
  .UNSPECIFIED.,.T.,.F.,(9,7,7,7,7,7,7,7,9),(0.,0.125044463422,
    0.238089465329,0.336885764976,0.429977511844,0.579116344869,
    0.700372620012,0.839119681394,1.),.UNSPECIFIED.);
#3777 = CARTESIAN_POINT('',(4.605205045512,28.949316891977));
#3778 = CARTESIAN_POINT('',(4.610864027966,28.78365001259));
#3779 = CARTESIAN_POINT('',(4.617717836717,28.622718581803));
#3780 = CARTESIAN_POINT('',(4.625806362498,28.469675565547));
#3781 = CARTESIAN_POINT('',(4.635143177398,28.327962932506));
#3782 = CARTESIAN_POINT('',(4.645714212765,28.201320416656));
#3783 = CARTESIAN_POINT('',(4.657474999695,28.09382176426));
#3784 = CARTESIAN_POINT('',(4.670342645287,28.009961869847));
#3785 = CARTESIAN_POINT('',(4.69668705924,27.904966213495));
#3786 = CARTESIAN_POINT('',(4.709705444945,27.879705997047));
#3787 = CARTESIAN_POINT('',(4.722921506872,27.88153140493));
#3788 = CARTESIAN_POINT('',(4.735998470494,27.91096765319));
#3789 = CARTESIAN_POINT('',(4.748601342674,27.966652467948));
#3790 = CARTESIAN_POINT('',(4.760424234262,28.045390768458));
#3791 = CARTESIAN_POINT('',(4.771216299906,28.142182115358));
#3792 = CARTESIAN_POINT('',(4.789182806295,28.344640581009));
#3793 = CARTESIAN_POINT('',(4.796797651708,28.449408147817));
#3794 = CARTESIAN_POINT('',(4.80365138488,28.562559848936));
#3795 = CARTESIAN_POINT('',(4.809755447959,28.682473194875));
#3796 = CARTESIAN_POINT('',(4.81512600536,28.807800367346));
#3797 = CARTESIAN_POINT('',(4.819781014928,28.937415770365));
#3798 = CARTESIAN_POINT('',(4.823738019088,29.070376972133));
#3799 = CARTESIAN_POINT('',(4.83009821352,29.333595984482));
#3800 = CARTESIAN_POINT('',(4.832579798013,29.463644064223));
#3801 = CARTESIAN_POINT('',(4.834469679646,29.595414612724));
#3802 = CARTESIAN_POINT('',(4.835777120918,29.728363662284));
#3803 = CARTESIAN_POINT('',(4.836508229175,29.862005102981));
#3804 = CARTESIAN_POINT('',(4.836665773641,29.995884303137));
#3805 = CARTESIAN_POINT('',(4.83624896696,30.12955218894));
#3806 = CARTESIAN_POINT('',(4.83365794789,30.475594272863));
#3807 = CARTESIAN_POINT('',(4.83057762705,30.686783741445));
#3808 = CARTESIAN_POINT('',(4.825995197787,30.894348025359));
#3809 = CARTESIAN_POINT('',(4.81986355043,31.096140597849));
#3810 = CARTESIAN_POINT('',(4.812120350903,31.289310595027));
#3811 = CARTESIAN_POINT('',(4.8026979229,31.470086605525));
#3812 = CARTESIAN_POINT('',(4.791538825837,31.633442882455));
#3813 = CARTESIAN_POINT('',(4.76813053906,31.885430022094));
#3814 = CARTESIAN_POINT('',(4.756232597501,31.984933372464));
#3815 = CARTESIAN_POINT('',(4.743175867477,32.062192977722));
#3816 = CARTESIAN_POINT('',(4.729305902819,32.111147891349));
#3817 = CARTESIAN_POINT('',(4.715040543623,32.128399079515));
#3818 = CARTESIAN_POINT('',(4.700823552793,32.113224400542));
#3819 = CARTESIAN_POINT('',(4.687087122585,32.067651827881));
#3820 = CARTESIAN_POINT('',(4.659469000253,31.915210591979));
#3821 = CARTESIAN_POINT('',(4.646104344343,31.801840694271));
#3822 = CARTESIAN_POINT('',(4.634226746087,31.663645735985));
#3823 = CARTESIAN_POINT('',(4.623872961909,31.506419682619));
#3824 = CARTESIAN_POINT('',(4.615038838034,31.334979910103));
#3825 = CARTESIAN_POINT('',(4.607694850305,31.153359568858));
#3826 = CARTESIAN_POINT('',(4.601793411798,30.964903058063));
#3827 = CARTESIAN_POINT('',(4.592047045719,30.549191756375));
#3828 = CARTESIAN_POINT('',(4.588649805233,30.319242491813));
#3829 = CARTESIAN_POINT('',(4.587015694636,30.085688612992));
#3830 = CARTESIAN_POINT('',(4.587110374005,29.850913807555));
#3831 = CARTESIAN_POINT('',(4.588933196113,29.617155934405));
#3832 = CARTESIAN_POINT('',(4.592514084526,29.386828998203));
#3833 = CARTESIAN_POINT('',(4.597910762332,29.16285724868));
#3834 = CARTESIAN_POINT('',(4.605205045512,28.949316891977));
#3835 = ( GEOMETRIC_REPRESENTATION_CONTEXT(2) 
PARAMETRIC_REPRESENTATION_CONTEXT() REPRESENTATION_CONTEXT('2D SPACE',''
  ) );
#3836 = PCURVE('',#3837,#3842);
#3837 = CYLINDRICAL_SURFACE('',#3838,2.1);
#3838 = AXIS2_PLACEMENT_3D('',#3839,#3840,#3841);
#3839 = CARTESIAN_POINT('',(-35.,-60.62,-20.));
#3840 = DIRECTION('',(0.,0.,1.));
#3841 = DIRECTION('',(1.,0.,-0.));
#3842 = DEFINITIONAL_REPRESENTATION('',(#3843),#3902);
#3843 = B_SPLINE_CURVE_WITH_KNOTS('',8,(#3844,#3845,#3846,#3847,#3848,
    #3849,#3850,#3851,#3852,#3853,#3854,#3855,#3856,#3857,#3858,#3859,
    #3860,#3861,#3862,#3863,#3864,#3865,#3866,#3867,#3868,#3869,#3870,
    #3871,#3872,#3873,#3874,#3875,#3876,#3877,#3878,#3879,#3880,#3881,
    #3882,#3883,#3884,#3885,#3886,#3887,#3888,#3889,#3890,#3891,#3892,
    #3893,#3894,#3895,#3896,#3897,#3898,#3899,#3900,#3901),
  .UNSPECIFIED.,.F.,.F.,(9,7,7,7,7,7,7,7,9),(0.,0.125044463422,
    0.238089465329,0.336885764976,0.429977511844,0.579116344869,
    0.700372620012,0.839119681394,1.),.UNSPECIFIED.);
#3844 = CARTESIAN_POINT('',(8.881784197001E-16,36.902442087229));
#3845 = CARTESIAN_POINT('',(9.109382749143E-02,36.912733739139));
#3846 = CARTESIAN_POINT('',(0.185058806934,36.924579651964));
#3847 = CARTESIAN_POINT('',(0.281919980088,36.937595260216));
#3848 = CARTESIAN_POINT('',(0.381776543481,36.951185749257));
#3849 = CARTESIAN_POINT('',(0.484828382761,36.964551208962));
#3850 = CARTESIAN_POINT('',(0.591369797872,36.97671331913));
#3851 = CARTESIAN_POINT('',(0.701814266086,36.986601440823));
#3852 = CARTESIAN_POINT('',(0.920778351528,36.999233873345));
#3853 = CARTESIAN_POINT('',(1.026126306713,37.002437176646));
#3854 = CARTESIAN_POINT('',(1.131822579068,37.002264774779));
#3855 = CARTESIAN_POINT('',(1.237024181641,36.99851024746));
#3856 = CARTESIAN_POINT('',(1.340899683408,36.991525897492));
#3857 = CARTESIAN_POINT('',(1.44251115655,36.982132303018));
#3858 = CARTESIAN_POINT('',(1.54066380565,36.971372581785));
#3859 = CARTESIAN_POINT('',(1.71487490477,36.950492905719));
#3860 = CARTESIAN_POINT('',(1.79367129472,36.940282256275));
#3861 = CARTESIAN_POINT('',(1.870341412602,36.930031624966));
#3862 = CARTESIAN_POINT('',(1.945158001597,36.92010223715));
#3863 = CARTESIAN_POINT('',(2.018362474509,36.910783595871));
#3864 = CARTESIAN_POINT('',(2.090180033059,36.902298247233));
#3865 = CARTESIAN_POINT('',(2.160829917138,36.894811233101));
#3866 = CARTESIAN_POINT('',(2.296207084499,36.882444863429));
#3867 = CARTESIAN_POINT('',(2.361081094054,36.877436059245));
#3868 = CARTESIAN_POINT('',(2.425346506314,36.87351996451));
#3869 = CARTESIAN_POINT('',(2.489181954941,36.870765782996));
#3870 = CARTESIAN_POINT('',(2.55275835318,36.869215351684));
#3871 = CARTESIAN_POINT('',(2.616244954104,36.868886468238));
#3872 = CARTESIAN_POINT('',(2.679814131581,36.869773970619));
#3873 = CARTESIAN_POINT('',(2.845905758393,36.87517220565));
#3874 = CARTESIAN_POINT('',(2.948780731182,36.881540480286));
#3875 = CARTESIAN_POINT('',(3.053089253798,36.890830928718));
#3876 = CARTESIAN_POINT('',(3.159571533553,36.902765582394));
#3877 = CARTESIAN_POINT('',(3.268971323225,36.916877280116));
#3878 = CARTESIAN_POINT('',(3.38207235138,36.932402687433));
#3879 = CARTESIAN_POINT('',(3.499773873363,36.948191239086));
#3880 = CARTESIAN_POINT('',(3.723715410336,36.974531092374));
#3881 = CARTESIAN_POINT('',(3.830305933425,36.985782947477));
#3882 = CARTESIAN_POINT('',(3.940737254723,36.995202617126));
#3883 = CARTESIAN_POINT('',(4.053451130218,37.001490688994));
#3884 = CARTESIAN_POINT('',(4.167229373243,37.00369406055));
#3885 = CARTESIAN_POINT('',(4.280941216166,37.001661294171));
#3886 = CARTESIAN_POINT('',(4.39338330649,36.995968035786));
#3887 = CARTESIAN_POINT('',(4.628292926468,36.978045650565));
#3888 = CARTESIAN_POINT('',(4.747723307528,36.965155504979));
#3889 = CARTESIAN_POINT('',(4.862275759962,36.950393795509));
#3890 = CARTESIAN_POINT('',(4.972660053989,36.935158781799));
#3891 = CARTESIAN_POINT('',(5.079434974977,36.920571497597));
#3892 = CARTESIAN_POINT('',(5.18307514989,36.907440492544));
#3893 = CARTESIAN_POINT('',(5.283991937202,36.896311220445));
#3894 = CARTESIAN_POINT('',(5.496900916632,36.877281142238));
#3895 = CARTESIAN_POINT('',(5.608757378457,36.87011947171));
#3896 = CARTESIAN_POINT('',(5.719268298035,36.866520774612));
#3897 = CARTESIAN_POINT('',(5.829354521756,36.866707773611));
#3898 = CARTESIAN_POINT('',(5.93988096306,36.870702852857));
#3899 = CARTESIAN_POINT('',(6.051711300851,36.878334038352));
#3900 = CARTESIAN_POINT('',(6.16576770091,36.88917641199));
#3901 = CARTESIAN_POINT('',(6.28318530718,36.902442087229));
#3902 = ( GEOMETRIC_REPRESENTATION_CONTEXT(2) 
PARAMETRIC_REPRESENTATION_CONTEXT() REPRESENTATION_CONTEXT('2D SPACE',''
  ) );
#3903 = ADVANCED_FACE('',(#3904),#296,.T.);
#3904 = FACE_BOUND('',#3905,.T.);
#3905 = EDGE_LOOP('',(#3906,#3907,#3908,#3909));
#3906 = ORIENTED_EDGE('',*,*,#281,.T.);
#3907 = ORIENTED_EDGE('',*,*,#3664,.T.);
#3908 = ORIENTED_EDGE('',*,*,#375,.T.);
#3909 = ORIENTED_EDGE('',*,*,#3910,.F.);
#3910 = EDGE_CURVE('',#282,#355,#3911,.T.);
#3911 = SURFACE_CURVE('',#3912,(#3917,#3924),.PCURVE_S1.);
#3912 = CIRCLE('',#3913,15.);
#3913 = AXIS2_PLACEMENT_3D('',#3914,#3915,#3916);
#3914 = CARTESIAN_POINT('',(-50.,-86.6,0.));
#3915 = DIRECTION('',(-0.500011000363,-0.866019052629,0.));
#3916 = DIRECTION('',(-0.866019052629,0.500011000363,0.));
#3917 = PCURVE('',#296,#3918);
#3918 = DEFINITIONAL_REPRESENTATION('',(#3919),#3923);
#3919 = CIRCLE('',#3920,15.);
#3920 = AXIS2_PLACEMENT_2D('',#3921,#3922);
#3921 = CARTESIAN_POINT('',(0.,0.));
#3922 = DIRECTION('',(1.,0.));
#3923 = ( GEOMETRIC_REPRESENTATION_CONTEXT(2) 
PARAMETRIC_REPRESENTATION_CONTEXT() REPRESENTATION_CONTEXT('2D SPACE',''
  ) );
#3924 = PCURVE('',#181,#3925);
#3925 = DEFINITIONAL_REPRESENTATION('',(#3926),#3930);
#3926 = LINE('',#3927,#3928);
#3927 = CARTESIAN_POINT('',(0.,64.99856998427));
#3928 = VECTOR('',#3929,1.);
#3929 = DIRECTION('',(1.,0.));
#3930 = ( GEOMETRIC_REPRESENTATION_CONTEXT(2) 
PARAMETRIC_REPRESENTATION_CONTEXT() REPRESENTATION_CONTEXT('2D SPACE',''
  ) );
#3931 = ADVANCED_FACE('',(#3932,#4167,#4357),#181,.F.);
#3932 = FACE_BOUND('',#3933,.F.);
#3933 = EDGE_LOOP('',(#3934,#3959,#3981,#3982,#3983,#3984,#4006,#4007,
    #4029,#4030,#4052,#4053,#4075,#4076,#4098,#4099,#4121,#4122,#4144,
    #4145));
#3934 = ORIENTED_EDGE('',*,*,#3935,.T.);
#3935 = EDGE_CURVE('',#3936,#3938,#3940,.T.);
#3936 = VERTEX_POINT('',#3937);
#3937 = CARTESIAN_POINT('',(-30.49028578943,-22.80983499455,
    3.673940397442E-15));
#3938 = VERTEX_POINT('',#3939);
#3939 = CARTESIAN_POINT('',(-65.49028578943,-83.42983499455,
    3.673940397442E-15));
#3940 = SEAM_CURVE('',#3941,(#3945,#3952),.PCURVE_S1.);
#3941 = LINE('',#3942,#3943);
#3942 = CARTESIAN_POINT('',(-30.49028578943,-22.80983499455,
    3.673940397442E-15));
#3943 = VECTOR('',#3944,1.);
#3944 = DIRECTION('',(-0.500011000363,-0.866019052629,0.));
#3945 = PCURVE('',#181,#3946);
#3946 = DEFINITIONAL_REPRESENTATION('',(#3947),#3951);
#3947 = LINE('',#3948,#3949);
#3948 = CARTESIAN_POINT('',(6.28318530718,-0.));
#3949 = VECTOR('',#3950,1.);
#3950 = DIRECTION('',(0.,1.));
#3951 = ( GEOMETRIC_REPRESENTATION_CONTEXT(2) 
PARAMETRIC_REPRESENTATION_CONTEXT() REPRESENTATION_CONTEXT('2D SPACE',''
  ) );
#3952 = PCURVE('',#181,#3953);
#3953 = DEFINITIONAL_REPRESENTATION('',(#3954),#3958);
#3954 = LINE('',#3955,#3956);
#3955 = CARTESIAN_POINT('',(0.,-0.));
#3956 = VECTOR('',#3957,1.);
#3957 = DIRECTION('',(0.,1.));
#3958 = ( GEOMETRIC_REPRESENTATION_CONTEXT(2) 
PARAMETRIC_REPRESENTATION_CONTEXT() REPRESENTATION_CONTEXT('2D SPACE',''
  ) );
#3959 = ORIENTED_EDGE('',*,*,#3960,.F.);
#3960 = EDGE_CURVE('',#329,#3938,#3961,.T.);
#3961 = SURFACE_CURVE('',#3962,(#3967,#3974),.PCURVE_S1.);
#3962 = CIRCLE('',#3963,15.);
#3963 = AXIS2_PLACEMENT_3D('',#3964,#3965,#3966);
#3964 = CARTESIAN_POINT('',(-52.5,-90.93,0.));
#3965 = DIRECTION('',(-0.500011000363,-0.866019052629,0.));
#3966 = DIRECTION('',(-0.866019052629,0.500011000363,0.));
#3967 = PCURVE('',#181,#3968);
#3968 = DEFINITIONAL_REPRESENTATION('',(#3969),#3973);
#3969 = LINE('',#3970,#3971);
#3970 = CARTESIAN_POINT('',(0.,69.99845998306));
#3971 = VECTOR('',#3972,1.);
#3972 = DIRECTION('',(1.,0.));
#3973 = ( GEOMETRIC_REPRESENTATION_CONTEXT(2) 
PARAMETRIC_REPRESENTATION_CONTEXT() REPRESENTATION_CONTEXT('2D SPACE',''
  ) );
#3974 = PCURVE('',#343,#3975);
#3975 = DEFINITIONAL_REPRESENTATION('',(#3976),#3980);
#3976 = CIRCLE('',#3977,15.);
#3977 = AXIS2_PLACEMENT_2D('',#3978,#3979);
#3978 = CARTESIAN_POINT('',(0.,0.));
#3979 = DIRECTION('',(1.,0.));
#3980 = ( GEOMETRIC_REPRESENTATION_CONTEXT(2) 
PARAMETRIC_REPRESENTATION_CONTEXT() REPRESENTATION_CONTEXT('2D SPACE',''
  ) );
#3981 = ORIENTED_EDGE('',*,*,#354,.F.);
#3982 = ORIENTED_EDGE('',*,*,#3910,.F.);
#3983 = ORIENTED_EDGE('',*,*,#307,.T.);
#3984 = ORIENTED_EDGE('',*,*,#3985,.F.);
#3985 = EDGE_CURVE('',#2130,#308,#3986,.T.);
#3986 = SURFACE_CURVE('',#3987,(#3992,#3999),.PCURVE_S1.);
#3987 = CIRCLE('',#3988,15.);
#3988 = AXIS2_PLACEMENT_3D('',#3989,#3990,#3991);
#3989 = CARTESIAN_POINT('',(-52.5,-90.93,0.));
#3990 = DIRECTION('',(-0.500011000363,-0.866019052629,0.));
#3991 = DIRECTION('',(-0.866019052629,0.500011000363,0.));
#3992 = PCURVE('',#181,#3993);
#3993 = DEFINITIONAL_REPRESENTATION('',(#3994),#3998);
#3994 = LINE('',#3995,#3996);
#3995 = CARTESIAN_POINT('',(0.,69.99845998306));
#3996 = VECTOR('',#3997,1.);
#3997 = DIRECTION('',(1.,0.));
#3998 = ( GEOMETRIC_REPRESENTATION_CONTEXT(2) 
PARAMETRIC_REPRESENTATION_CONTEXT() REPRESENTATION_CONTEXT('2D SPACE',''
  ) );
#3999 = PCURVE('',#343,#4000);
#4000 = DEFINITIONAL_REPRESENTATION('',(#4001),#4005);
#4001 = CIRCLE('',#4002,15.);
#4002 = AXIS2_PLACEMENT_2D('',#4003,#4004);
#4003 = CARTESIAN_POINT('',(0.,0.));
#4004 = DIRECTION('',(1.,0.));
#4005 = ( GEOMETRIC_REPRESENTATION_CONTEXT(2) 
PARAMETRIC_REPRESENTATION_CONTEXT() REPRESENTATION_CONTEXT('2D SPACE',''
  ) );
#4006 = ORIENTED_EDGE('',*,*,#2129,.F.);
#4007 = ORIENTED_EDGE('',*,*,#4008,.F.);
#4008 = EDGE_CURVE('',#2172,#2104,#4009,.T.);
#4009 = SURFACE_CURVE('',#4010,(#4015,#4022),.PCURVE_S1.);
#4010 = CIRCLE('',#4011,15.);
#4011 = AXIS2_PLACEMENT_3D('',#4012,#4013,#4014);
#4012 = CARTESIAN_POINT('',(-50.,-86.6,0.));
#4013 = DIRECTION('',(-0.500011000363,-0.866019052629,0.));
#4014 = DIRECTION('',(-0.866019052629,0.500011000363,0.));
#4015 = PCURVE('',#181,#4016);
#4016 = DEFINITIONAL_REPRESENTATION('',(#4017),#4021);
#4017 = LINE('',#4018,#4019);
#4018 = CARTESIAN_POINT('',(0.,64.99856998427));
#4019 = VECTOR('',#4020,1.);
#4020 = DIRECTION('',(1.,0.));
#4021 = ( GEOMETRIC_REPRESENTATION_CONTEXT(2) 
PARAMETRIC_REPRESENTATION_CONTEXT() REPRESENTATION_CONTEXT('2D SPACE',''
  ) );
#4022 = PCURVE('',#2118,#4023);
#4023 = DEFINITIONAL_REPRESENTATION('',(#4024),#4028);
#4024 = CIRCLE('',#4025,15.);
#4025 = AXIS2_PLACEMENT_2D('',#4026,#4027);
#4026 = CARTESIAN_POINT('',(0.,0.));
#4027 = DIRECTION('',(1.,0.));
#4028 = ( GEOMETRIC_REPRESENTATION_CONTEXT(2) 
PARAMETRIC_REPRESENTATION_CONTEXT() REPRESENTATION_CONTEXT('2D SPACE',''
  ) );
#4029 = ORIENTED_EDGE('',*,*,#2171,.T.);
#4030 = ORIENTED_EDGE('',*,*,#4031,.F.);
#4031 = EDGE_CURVE('',#3938,#2151,#4032,.T.);
#4032 = SURFACE_CURVE('',#4033,(#4038,#4045),.PCURVE_S1.);
#4033 = CIRCLE('',#4034,15.);
#4034 = AXIS2_PLACEMENT_3D('',#4035,#4036,#4037);
#4035 = CARTESIAN_POINT('',(-52.5,-90.93,0.));
#4036 = DIRECTION('',(-0.500011000363,-0.866019052629,0.));
#4037 = DIRECTION('',(-0.866019052629,0.500011000363,0.));
#4038 = PCURVE('',#181,#4039);
#4039 = DEFINITIONAL_REPRESENTATION('',(#4040),#4044);
#4040 = LINE('',#4041,#4042);
#4041 = CARTESIAN_POINT('',(0.,69.99845998306));
#4042 = VECTOR('',#4043,1.);
#4043 = DIRECTION('',(1.,0.));
#4044 = ( GEOMETRIC_REPRESENTATION_CONTEXT(2) 
PARAMETRIC_REPRESENTATION_CONTEXT() REPRESENTATION_CONTEXT('2D SPACE',''
  ) );
#4045 = PCURVE('',#343,#4046);
#4046 = DEFINITIONAL_REPRESENTATION('',(#4047),#4051);
#4047 = CIRCLE('',#4048,15.);
#4048 = AXIS2_PLACEMENT_2D('',#4049,#4050);
#4049 = CARTESIAN_POINT('',(0.,0.));
#4050 = DIRECTION('',(1.,0.));
#4051 = ( GEOMETRIC_REPRESENTATION_CONTEXT(2) 
PARAMETRIC_REPRESENTATION_CONTEXT() REPRESENTATION_CONTEXT('2D SPACE',''
  ) );
#4052 = ORIENTED_EDGE('',*,*,#3935,.F.);
#4053 = ORIENTED_EDGE('',*,*,#4054,.T.);
#4054 = EDGE_CURVE('',#3936,#1999,#4055,.T.);
#4055 = SURFACE_CURVE('',#4056,(#4061,#4068),.PCURVE_S1.);
#4056 = CIRCLE('',#4057,15.);
#4057 = AXIS2_PLACEMENT_3D('',#4058,#4059,#4060);
#4058 = CARTESIAN_POINT('',(-17.5,-30.31,0.));
#4059 = DIRECTION('',(-0.500011000363,-0.866019052629,0.));
#4060 = DIRECTION('',(-0.866019052629,0.500011000363,0.));
#4061 = PCURVE('',#181,#4062);
#4062 = DEFINITIONAL_REPRESENTATION('',(#4063),#4067);
#4063 = LINE('',#4064,#4065);
#4064 = CARTESIAN_POINT('',(0.,0.));
#4065 = VECTOR('',#4066,1.);
#4066 = DIRECTION('',(1.,0.));
#4067 = ( GEOMETRIC_REPRESENTATION_CONTEXT(2) 
PARAMETRIC_REPRESENTATION_CONTEXT() REPRESENTATION_CONTEXT('2D SPACE',''
  ) );
#4068 = PCURVE('',#207,#4069);
#4069 = DEFINITIONAL_REPRESENTATION('',(#4070),#4074);
#4070 = CIRCLE('',#4071,15.);
#4071 = AXIS2_PLACEMENT_2D('',#4072,#4073);
#4072 = CARTESIAN_POINT('',(0.,0.));
#4073 = DIRECTION('',(1.,0.));
#4074 = ( GEOMETRIC_REPRESENTATION_CONTEXT(2) 
PARAMETRIC_REPRESENTATION_CONTEXT() REPRESENTATION_CONTEXT('2D SPACE',''
  ) );
#4075 = ORIENTED_EDGE('',*,*,#1998,.T.);
#4076 = ORIENTED_EDGE('',*,*,#4077,.T.);
#4077 = EDGE_CURVE('',#1973,#2041,#4078,.T.);
#4078 = SURFACE_CURVE('',#4079,(#4084,#4091),.PCURVE_S1.);
#4079 = CIRCLE('',#4080,15.);
#4080 = AXIS2_PLACEMENT_3D('',#4081,#4082,#4083);
#4081 = CARTESIAN_POINT('',(-20.,-34.64,0.));
#4082 = DIRECTION('',(-0.500011000363,-0.866019052629,0.));
#4083 = DIRECTION('',(-0.866019052629,0.500011000363,0.));
#4084 = PCURVE('',#181,#4085);
#4085 = DEFINITIONAL_REPRESENTATION('',(#4086),#4090);
#4086 = LINE('',#4087,#4088);
#4087 = CARTESIAN_POINT('',(0.,4.99988999879));
#4088 = VECTOR('',#4089,1.);
#4089 = DIRECTION('',(1.,0.));
#4090 = ( GEOMETRIC_REPRESENTATION_CONTEXT(2) 
PARAMETRIC_REPRESENTATION_CONTEXT() REPRESENTATION_CONTEXT('2D SPACE',''
  ) );
#4091 = PCURVE('',#1987,#4092);
#4092 = DEFINITIONAL_REPRESENTATION('',(#4093),#4097);
#4093 = CIRCLE('',#4094,15.);
#4094 = AXIS2_PLACEMENT_2D('',#4095,#4096);
#4095 = CARTESIAN_POINT('',(0.,0.));
#4096 = DIRECTION('',(1.,0.));
#4097 = ( GEOMETRIC_REPRESENTATION_CONTEXT(2) 
PARAMETRIC_REPRESENTATION_CONTEXT() REPRESENTATION_CONTEXT('2D SPACE',''
  ) );
#4098 = ORIENTED_EDGE('',*,*,#2040,.F.);
#4099 = ORIENTED_EDGE('',*,*,#4100,.T.);
#4100 = EDGE_CURVE('',#2020,#193,#4101,.T.);
#4101 = SURFACE_CURVE('',#4102,(#4107,#4114),.PCURVE_S1.);
#4102 = CIRCLE('',#4103,15.);
#4103 = AXIS2_PLACEMENT_3D('',#4104,#4105,#4106);
#4104 = CARTESIAN_POINT('',(-17.5,-30.31,0.));
#4105 = DIRECTION('',(-0.500011000363,-0.866019052629,0.));
#4106 = DIRECTION('',(-0.866019052629,0.500011000363,0.));
#4107 = PCURVE('',#181,#4108);
#4108 = DEFINITIONAL_REPRESENTATION('',(#4109),#4113);
#4109 = LINE('',#4110,#4111);
#4110 = CARTESIAN_POINT('',(0.,0.));
#4111 = VECTOR('',#4112,1.);
#4112 = DIRECTION('',(1.,0.));
#4113 = ( GEOMETRIC_REPRESENTATION_CONTEXT(2) 
PARAMETRIC_REPRESENTATION_CONTEXT() REPRESENTATION_CONTEXT('2D SPACE',''
  ) );
#4114 = PCURVE('',#207,#4115);
#4115 = DEFINITIONAL_REPRESENTATION('',(#4116),#4120);
#4116 = CIRCLE('',#4117,15.);
#4117 = AXIS2_PLACEMENT_2D('',#4118,#4119);
#4118 = CARTESIAN_POINT('',(0.,0.));
#4119 = DIRECTION('',(1.,0.));
#4120 = ( GEOMETRIC_REPRESENTATION_CONTEXT(2) 
PARAMETRIC_REPRESENTATION_CONTEXT() REPRESENTATION_CONTEXT('2D SPACE',''
  ) );
#4121 = ORIENTED_EDGE('',*,*,#218,.T.);
#4122 = ORIENTED_EDGE('',*,*,#4123,.T.);
#4123 = EDGE_CURVE('',#219,#141,#4124,.T.);
#4124 = SURFACE_CURVE('',#4125,(#4130,#4137),.PCURVE_S1.);
#4125 = CIRCLE('',#4126,15.);
#4126 = AXIS2_PLACEMENT_3D('',#4127,#4128,#4129);
#4127 = CARTESIAN_POINT('',(-20.,-34.64,0.));
#4128 = DIRECTION('',(-0.500011000363,-0.866019052629,0.));
#4129 = DIRECTION('',(-0.866019052629,0.500011000363,0.));
#4130 = PCURVE('',#181,#4131);
#4131 = DEFINITIONAL_REPRESENTATION('',(#4132),#4136);
#4132 = LINE('',#4133,#4134);
#4133 = CARTESIAN_POINT('',(0.,4.99988999879));
#4134 = VECTOR('',#4135,1.);
#4135 = DIRECTION('',(1.,0.));
#4136 = ( GEOMETRIC_REPRESENTATION_CONTEXT(2) 
PARAMETRIC_REPRESENTATION_CONTEXT() REPRESENTATION_CONTEXT('2D SPACE',''
  ) );
#4137 = PCURVE('',#155,#4138);
#4138 = DEFINITIONAL_REPRESENTATION('',(#4139),#4143);
#4139 = CIRCLE('',#4140,15.);
#4140 = AXIS2_PLACEMENT_2D('',#4141,#4142);
#4141 = CARTESIAN_POINT('',(0.,0.));
#4142 = DIRECTION('',(1.,0.));
#4143 = ( GEOMETRIC_REPRESENTATION_CONTEXT(2) 
PARAMETRIC_REPRESENTATION_CONTEXT() REPRESENTATION_CONTEXT('2D SPACE',''
  ) );
#4144 = ORIENTED_EDGE('',*,*,#166,.F.);
#4145 = ORIENTED_EDGE('',*,*,#4146,.T.);
#4146 = EDGE_CURVE('',#167,#3936,#4147,.T.);
#4147 = SURFACE_CURVE('',#4148,(#4153,#4160),.PCURVE_S1.);
#4148 = CIRCLE('',#4149,15.);
#4149 = AXIS2_PLACEMENT_3D('',#4150,#4151,#4152);
#4150 = CARTESIAN_POINT('',(-17.5,-30.31,0.));
#4151 = DIRECTION('',(-0.500011000363,-0.866019052629,0.));
#4152 = DIRECTION('',(-0.866019052629,0.500011000363,0.));
#4153 = PCURVE('',#181,#4154);
#4154 = DEFINITIONAL_REPRESENTATION('',(#4155),#4159);
#4155 = LINE('',#4156,#4157);
#4156 = CARTESIAN_POINT('',(0.,0.));
#4157 = VECTOR('',#4158,1.);
#4158 = DIRECTION('',(1.,0.));
#4159 = ( GEOMETRIC_REPRESENTATION_CONTEXT(2) 
PARAMETRIC_REPRESENTATION_CONTEXT() REPRESENTATION_CONTEXT('2D SPACE',''
  ) );
#4160 = PCURVE('',#207,#4161);
#4161 = DEFINITIONAL_REPRESENTATION('',(#4162),#4166);
#4162 = CIRCLE('',#4163,15.);
#4163 = AXIS2_PLACEMENT_2D('',#4164,#4165);
#4164 = CARTESIAN_POINT('',(0.,0.));
#4165 = DIRECTION('',(1.,0.));
#4166 = ( GEOMETRIC_REPRESENTATION_CONTEXT(2) 
PARAMETRIC_REPRESENTATION_CONTEXT() REPRESENTATION_CONTEXT('2D SPACE',''
  ) );
#4167 = FACE_BOUND('',#4168,.F.);
#4168 = EDGE_LOOP('',(#4169));
#4169 = ORIENTED_EDGE('',*,*,#4170,.F.);
#4170 = EDGE_CURVE('',#4171,#4171,#4173,.T.);
#4171 = VERTEX_POINT('',#4172);
#4172 = CARTESIAN_POINT('',(-32.9,-60.62,14.889343454704));
#4173 = SURFACE_CURVE('',#4174,(#4233,#4295),.PCURVE_S1.);
#4174 = B_SPLINE_CURVE_WITH_KNOTS('',8,(#4175,#4176,#4177,#4178,#4179,
    #4180,#4181,#4182,#4183,#4184,#4185,#4186,#4187,#4188,#4189,#4190,
    #4191,#4192,#4193,#4194,#4195,#4196,#4197,#4198,#4199,#4200,#4201,
    #4202,#4203,#4204,#4205,#4206,#4207,#4208,#4209,#4210,#4211,#4212,
    #4213,#4214,#4215,#4216,#4217,#4218,#4219,#4220,#4221,#4222,#4223,
    #4224,#4225,#4226,#4227,#4228,#4229,#4230,#4231,#4232),
  .UNSPECIFIED.,.T.,.F.,(9,7,7,7,7,7,7,7,9),(0.,0.125059441933,
    0.238114567454,0.336941385663,0.430007013221,0.579172396429,
    0.700444122578,0.839204748703,1.),.UNSPECIFIED.);
#4175 = CARTESIAN_POINT('',(-32.9,-60.62,14.889343454704));
#4176 = CARTESIAN_POINT('',(-32.9,-60.42864619552,14.901030045936));
#4177 = CARTESIAN_POINT('',(-32.9199268689,-60.23131071163,
    14.914476550018));
#4178 = CARTESIAN_POINT('',(-32.9619628112,-60.03034676932,
    14.92924469884));
#4179 = CARTESIAN_POINT('',(-33.02806569168,-59.82857605287,
    14.944659174103));
#4180 = CARTESIAN_POINT('',(-33.11994810749,-59.62931220007,
    14.959813930346));
#4181 = CARTESIAN_POINT('',(-33.23903598797,-59.43642795646,
    14.97360213709));
#4182 = CARTESIAN_POINT('',(-33.38637475508,-59.254512555,
    14.984812370564));
#4183 = CARTESIAN_POINT('',(-33.72162603011,-58.93969065259,
    14.999133037816));
#4184 = CARTESIAN_POINT('',(-33.90068148795,-58.80714214585,
    15.002763096333));
#4185 = CARTESIAN_POINT('',(-34.09623046769,-58.69635671142,
    15.002566064561));
#4186 = CARTESIAN_POINT('',(-34.30351578235,-58.61068366809,
    14.998309592064));
#4187 = CARTESIAN_POINT('',(-34.51685906655,-58.55182550494,
    14.990392139838));
#4188 = CARTESIAN_POINT('',(-34.73012038059,-58.51963251664,
    14.979742375801));
#4189 = CARTESIAN_POINT('',(-34.9371057617,-58.51189096647,
    14.967543439205));
#4190 = CARTESIAN_POINT('',(-35.30210403713,-58.53485471152,
    14.943871973792));
#4191 = CARTESIAN_POINT('',(-35.46622367551,-58.56104695734,
    14.932292489607));
#4192 = CARTESIAN_POINT('',(-35.62329790708,-58.60098993129,
    14.920664631585));
#4193 = CARTESIAN_POINT('',(-35.77270497849,-58.65317390043,
    14.909397781797));
#4194 = CARTESIAN_POINT('',(-35.91403094102,-58.71628666016,
    14.898820600266));
#4195 = CARTESIAN_POINT('',(-36.04699694581,-58.78919467724,
    14.889186338083));
#4196 = CARTESIAN_POINT('',(-36.17140537557,-58.87092879121,
    14.880683396372));
#4197 = CARTESIAN_POINT('',(-36.39605945592,-59.04518835841,
    14.866640476678));
#4198 = CARTESIAN_POINT('',(-36.4973524034,-59.13685474542,
    14.860952592094));
#4199 = CARTESIAN_POINT('',(-36.59085636667,-59.23502044792,
    14.856504352346));
#4200 = CARTESIAN_POINT('',(-36.67643954829,-59.33913092924,
    14.853375279995));
#4201 = CARTESIAN_POINT('',(-36.75395024833,-59.44870871819,
    14.851613596445));
#4202 = CARTESIAN_POINT('',(-36.82320124308,-59.56333249414,
    14.85123983835));
#4203 = CARTESIAN_POINT('',(-36.88395393607,-59.68261684216,
    14.852248039147));
#4204 = CARTESIAN_POINT('',(-37.01916497498,-60.00425975652,
    14.858381367045));
#4205 = CARTESIAN_POINT('',(-37.07975664642,-60.21322605542,
    14.865619084169));
#4206 = CARTESIAN_POINT('',(-37.11653855491,-60.43170905243,
    14.876175682661));
#4207 = CARTESIAN_POINT('',(-37.12772215923,-60.65826152777,
    14.889731305695));
#4208 = CARTESIAN_POINT('',(-37.1109262741,-60.89097262593,
    14.905750579979));
#4209 = CARTESIAN_POINT('',(-37.0632124862,-61.12719663164,
    14.923363906735));
#4210 = CARTESIAN_POINT('',(-36.98115984886,-61.36312260678,
    14.941266651214));
#4211 = CARTESIAN_POINT('',(-36.76338211815,-61.77970587267,
    14.971124222022));
#4212 = CARTESIAN_POINT('',(-36.63826075778,-61.96685267103,
    14.983881227466));
#4213 = CARTESIAN_POINT('',(-36.48481868438,-62.14468296923,
    14.994560833335));
#4214 = CARTESIAN_POINT('',(-36.30510735663,-62.30499231412,
    15.001688607001));
#4215 = CARTESIAN_POINT('',(-36.10363711594,-62.44124722671,
    15.004187027278));
#4216 = CARTESIAN_POINT('',(-35.88667910305,-62.54899075255,
    15.001884165347));
#4217 = CARTESIAN_POINT('',(-35.66167745679,-62.62626837628,
    14.995431058231));
#4218 = CARTESIAN_POINT('',(-35.17915070411,-62.72883900981,
    14.97511489462));
#4219 = CARTESIAN_POINT('',(-34.92601547309,-62.74409298564,
    14.960502319346));
#4220 = CARTESIAN_POINT('',(-34.68252341425,-62.72513100036,
    14.943765600802));
#4221 = CARTESIAN_POINT('',(-34.45206580814,-62.67668027727,
    14.926486564589));
#4222 = CARTESIAN_POINT('',(-34.23691273947,-62.6029788352,
    14.909934893147));
#4223 = CARTESIAN_POINT('',(-34.03856841137,-62.50779460026,
    14.895028552791));
#4224 = CARTESIAN_POINT('',(-33.85794703777,-62.39443577364,
    14.882388898776));
#4225 = CARTESIAN_POINT('',(-33.50749572072,-62.11667873029,
    14.860777178934));
#4226 = CARTESIAN_POINT('',(-33.34287104194,-61.94619238652,
    14.852641249728));
#4227 = CARTESIAN_POINT('',(-33.20220596638,-61.75767349995,
    14.848550792274));
#4228 = CARTESIAN_POINT('',(-33.0861796846,-61.5535075159,
    14.848763758352));
#4229 = CARTESIAN_POINT('',(-32.99590947699,-61.33566162046,
    14.853305913639));
#4230 = CARTESIAN_POINT('',(-32.93306617613,-61.10598080508,
    14.861977419746));
#4231 = CARTESIAN_POINT('',(-32.9,-60.86649396517,14.874289276817));
#4232 = CARTESIAN_POINT('',(-32.9,-60.62,14.889343454704));
#4233 = PCURVE('',#181,#4234);
#4234 = DEFINITIONAL_REPRESENTATION('',(#4235),#4294);
#4235 = B_SPLINE_CURVE_WITH_KNOTS('',8,(#4236,#4237,#4238,#4239,#4240,
    #4241,#4242,#4243,#4244,#4245,#4246,#4247,#4248,#4249,#4250,#4251,
    #4252,#4253,#4254,#4255,#4256,#4257,#4258,#4259,#4260,#4261,#4262,
    #4263,#4264,#4265,#4266,#4267,#4268,#4269,#4270,#4271,#4272,#4273,
    #4274,#4275,#4276,#4277,#4278,#4279,#4280,#4281,#4282,#4283,#4284,
    #4285,#4286,#4287,#4288,#4289,#4290,#4291,#4292,#4293),
  .UNSPECIFIED.,.T.,.F.,(9,7,7,7,7,7,7,7,9),(0.,0.125059441933,
    0.238114567454,0.336941385663,0.430007013221,0.579172396429,
    0.700444122578,0.839204748703,1.),.UNSPECIFIED.);
#4236 = CARTESIAN_POINT('',(4.59084729058,33.949206890767));
#4237 = CARTESIAN_POINT('',(4.597273296367,33.783490850295));
#4238 = CARTESIAN_POINT('',(4.605053437523,33.622558215146));
#4239 = CARTESIAN_POINT('',(4.614231742458,33.469538045775));
#4240 = CARTESIAN_POINT('',(4.624822788373,33.32785292846));
#4241 = CARTESIAN_POINT('',(4.636810195511,33.20122885408));
#4242 = CARTESIAN_POINT('',(4.650143787383,33.093732674415));
#4243 = CARTESIAN_POINT('',(4.664730752447,33.009861475116));
#4244 = CARTESIAN_POINT('',(4.694595909889,32.904849034848));
#4245 = CARTESIAN_POINT('',(4.70935219437,32.879589201212));
#4246 = CARTESIAN_POINT('',(4.724331281336,32.881423545214));
#4247 = CARTESIAN_POINT('',(4.739152595345,32.910873994939));
#4248 = CARTESIAN_POINT('',(4.753437664119,32.966575693208));
#4249 = CARTESIAN_POINT('',(4.766840128913,33.045328954941));
#4250 = CARTESIAN_POINT('',(4.779074705299,33.14211959247));
#4251 = CARTESIAN_POINT('',(4.799443485602,33.344509786031));
#4252 = CARTESIAN_POINT('',(4.808079725524,33.449254394509));
#4253 = CARTESIAN_POINT('',(4.815854993414,33.562384614623));
#4254 = CARTESIAN_POINT('',(4.822781860299,33.682282105383));
#4255 = CARTESIAN_POINT('',(4.82887814106,33.807603493673));
#4256 = CARTESIAN_POINT('',(4.83416363222,33.937227690626));
#4257 = CARTESIAN_POINT('',(4.838657639183,34.070216573988));
#4258 = CARTESIAN_POINT('',(4.845880106408,34.333458190736));
#4259 = CARTESIAN_POINT('',(4.848698194187,34.46349061638));
#4260 = CARTESIAN_POINT('',(4.850844912848,34.595256995267));
#4261 = CARTESIAN_POINT('',(4.8523303204,34.728211187921));
#4262 = CARTESIAN_POINT('',(4.853161042156,34.861863843561));
#4263 = CARTESIAN_POINT('',(4.853340083818,34.995756476582));
#4264 = CARTESIAN_POINT('',(4.852866591773,35.129436009446));
#4265 = CARTESIAN_POINT('',(4.84992274634,35.475591908251));
#4266 = CARTESIAN_POINT('',(4.846421872623,35.686857206708));
#4267 = CARTESIAN_POINT('',(4.841214799453,35.894459003646));
#4268 = CARTESIAN_POINT('',(4.834249866893,36.096249688902));
#4269 = CARTESIAN_POINT('',(4.82545858264,36.289383806342));
#4270 = CARTESIAN_POINT('',(4.814766603431,36.470100877148));
#4271 = CARTESIAN_POINT('',(4.802110933988,36.633390045353));
#4272 = CARTESIAN_POINT('',(4.77557644375,36.885267829634));
#4273 = CARTESIAN_POINT('',(4.76208838575,36.984778466082));
#4274 = CARTESIAN_POINT('',(4.747287322142,37.062060167842));
#4275 = CARTESIAN_POINT('',(4.731566138546,37.111033474067));
#4276 = CARTESIAN_POINT('',(4.715397977188,37.128295487791));
#4277 = CARTESIAN_POINT('',(4.699284136325,37.11312204091));
#4278 = CARTESIAN_POINT('',(4.683713745483,37.067542637166));
#4279 = CARTESIAN_POINT('',(4.652406847155,36.915102075738));
#4280 = CARTESIAN_POINT('',(4.637255732285,36.801741909343));
#4281 = CARTESIAN_POINT('',(4.623787042668,36.663571760894));
#4282 = CARTESIAN_POINT('',(4.612042168911,36.506381173413));
#4283 = CARTESIAN_POINT('',(4.602017095996,36.334975419272));
#4284 = CARTESIAN_POINT('',(4.593679557589,36.153369712401));
#4285 = CARTESIAN_POINT('',(4.586977042395,35.964886135059));
#4286 = CARTESIAN_POINT('',(4.575908473423,35.549113729904));
#4287 = CARTESIAN_POINT('',(4.572048840093,35.319155157657));
#4288 = CARTESIAN_POINT('',(4.570191540362,35.085560124963));
#4289 = CARTESIAN_POINT('',(4.57029936726,34.850734075659));
#4290 = CARTESIAN_POINT('',(4.572371675101,34.616939282861));
#4291 = CARTESIAN_POINT('',(4.576440861259,34.386608978986));
#4292 = CARTESIAN_POINT('',(4.582569578773,34.162675360966));
#4293 = CARTESIAN_POINT('',(4.59084729058,33.949206890767));
#4294 = ( GEOMETRIC_REPRESENTATION_CONTEXT(2) 
PARAMETRIC_REPRESENTATION_CONTEXT() REPRESENTATION_CONTEXT('2D SPACE',''
  ) );
#4295 = PCURVE('',#3837,#4296);
#4296 = DEFINITIONAL_REPRESENTATION('',(#4297),#4356);
#4297 = B_SPLINE_CURVE_WITH_KNOTS('',8,(#4298,#4299,#4300,#4301,#4302,
    #4303,#4304,#4305,#4306,#4307,#4308,#4309,#4310,#4311,#4312,#4313,
    #4314,#4315,#4316,#4317,#4318,#4319,#4320,#4321,#4322,#4323,#4324,
    #4325,#4326,#4327,#4328,#4329,#4330,#4331,#4332,#4333,#4334,#4335,
    #4336,#4337,#4338,#4339,#4340,#4341,#4342,#4343,#4344,#4345,#4346,
    #4347,#4348,#4349,#4350,#4351,#4352,#4353,#4354,#4355),
  .UNSPECIFIED.,.F.,.F.,(9,7,7,7,7,7,7,7,9),(0.,0.125059441933,
    0.238114567454,0.336941385663,0.430007013221,0.579172396429,
    0.700444122578,0.839204748703,1.),.UNSPECIFIED.);
#4298 = CARTESIAN_POINT('',(8.881784197001E-16,34.889343454704));
#4299 = CARTESIAN_POINT('',(9.11208592762E-02,34.901030045936));
#4300 = CARTESIAN_POINT('',(0.185089744513,34.914476550018));
#4301 = CARTESIAN_POINT('',(0.281941219502,34.92924469884));
#4302 = CARTESIAN_POINT('',(0.38178176607,34.944659174103));
#4303 = CARTESIAN_POINT('',(0.484817551636,34.959813930346));
#4304 = CARTESIAN_POINT('',(0.591348619789,34.97360213709));
#4305 = CARTESIAN_POINT('',(0.701794232171,34.984812370564));
#4306 = CARTESIAN_POINT('',(0.920793319776,34.999133037816));
#4307 = CARTESIAN_POINT('',(1.026155615689,35.002763096333));
#4308 = CARTESIAN_POINT('',(1.131863678739,35.002566064561));
#4309 = CARTESIAN_POINT('',(1.237074255867,34.998309592064));
#4310 = CARTESIAN_POINT('',(1.340955123884,34.990392139838));
#4311 = CARTESIAN_POINT('',(1.442565691537,34.979742375801));
#4312 = CARTESIAN_POINT('',(1.540704659712,34.967543439205));
#4313 = CARTESIAN_POINT('',(1.714857012186,34.943871973792));
#4314 = CARTESIAN_POINT('',(1.793638645439,34.932292489607));
#4315 = CARTESIAN_POINT('',(1.87029794932,34.920664631585));
#4316 = CARTESIAN_POINT('',(1.945108648016,34.909397781797));
#4317 = CARTESIAN_POINT('',(2.018313259423,34.898820600266));
#4318 = CARTESIAN_POINT('',(2.090138191721,34.889186338083));
#4319 = CARTESIAN_POINT('',(2.1608039973,34.880683396372));
#4320 = CARTESIAN_POINT('',(2.296192790414,34.866640476678));
#4321 = CARTESIAN_POINT('',(2.361059624293,34.860952592094));
#4322 = CARTESIAN_POINT('',(2.425323579882,34.856504352346));
#4323 = CARTESIAN_POINT('',(2.489161779442,34.853375279995));
#4324 = CARTESIAN_POINT('',(2.552743540634,34.851613596445));
#4325 = CARTESIAN_POINT('',(2.61623645337,34.85123983835));
#4326 = CARTESIAN_POINT('',(2.679811166158,34.852248039147));
#4327 = CARTESIAN_POINT('',(2.845957421293,34.858381367045));
#4328 = CARTESIAN_POINT('',(2.948870322916,34.865619084169));
#4329 = CARTESIAN_POINT('',(3.053201654584,34.876175682661));
#4330 = CARTESIAN_POINT('',(3.159691057977,34.889731305695));
#4331 = CARTESIAN_POINT('',(3.269082415059,34.905750579979));
#4332 = CARTESIAN_POINT('',(3.382160209475,34.923363906735));
#4333 = CARTESIAN_POINT('',(3.499824675234,34.941266651214));
#4334 = CARTESIAN_POINT('',(3.723669027854,34.971124222022));
#4335 = CARTESIAN_POINT('',(3.830249248499,34.983881227466));
#4336 = CARTESIAN_POINT('',(3.940685578847,34.994560833335));
#4337 = CARTESIAN_POINT('',(4.053410694303,35.001688607001));
#4338 = CARTESIAN_POINT('',(4.167202724196,35.004187027278));
#4339 = CARTESIAN_POINT('',(4.280928466167,35.001884165347));
#4340 = CARTESIAN_POINT('',(4.39338205753,34.995431058231));
#4341 = CARTESIAN_POINT('',(4.628290638153,34.97511489462));
#4342 = CARTESIAN_POINT('',(4.747708049333,34.960502319346));
#4343 = CARTESIAN_POINT('',(4.862242423464,34.943765600802));
#4344 = CARTESIAN_POINT('',(4.972608504776,34.926486564589));
#4345 = CARTESIAN_POINT('',(5.079370490373,34.909934893147));
#4346 = CARTESIAN_POINT('',(5.183009364955,34.895028552791));
#4347 = CARTESIAN_POINT('',(5.283944266653,34.882388898776));
#4348 = CARTESIAN_POINT('',(5.496884540582,34.860777178934));
#4349 = CARTESIAN_POINT('',(5.608747459588,34.852641249728));
#4350 = CARTESIAN_POINT('',(5.719277684845,34.848550792274));
#4351 = CARTESIAN_POINT('',(5.829386708022,34.848763758352));
#4352 = CARTESIAN_POINT('',(5.93993072698,34.853305913639));
#4353 = CARTESIAN_POINT('',(6.051765670247,34.861977419746));
#4354 = CARTESIAN_POINT('',(6.165807228525,34.874289276817));
#4355 = CARTESIAN_POINT('',(6.28318530718,34.889343454704));
#4356 = ( GEOMETRIC_REPRESENTATION_CONTEXT(2) 
PARAMETRIC_REPRESENTATION_CONTEXT() REPRESENTATION_CONTEXT('2D SPACE',''
  ) );
#4357 = FACE_BOUND('',#4358,.F.);
#4358 = EDGE_LOOP('',(#4359));
#4359 = ORIENTED_EDGE('',*,*,#4360,.T.);
#4360 = EDGE_CURVE('',#4361,#4361,#4363,.T.);
#4361 = VERTEX_POINT('',#4362);
#4362 = CARTESIAN_POINT('',(-32.9,-60.62,-14.8893434547));
#4363 = SURFACE_CURVE('',#4364,(#4423,#4485),.PCURVE_S1.);
#4364 = B_SPLINE_CURVE_WITH_KNOTS('',8,(#4365,#4366,#4367,#4368,#4369,
    #4370,#4371,#4372,#4373,#4374,#4375,#4376,#4377,#4378,#4379,#4380,
    #4381,#4382,#4383,#4384,#4385,#4386,#4387,#4388,#4389,#4390,#4391,
    #4392,#4393,#4394,#4395,#4396,#4397,#4398,#4399,#4400,#4401,#4402,
    #4403,#4404,#4405,#4406,#4407,#4408,#4409,#4410,#4411,#4412,#4413,
    #4414,#4415,#4416,#4417,#4418,#4419,#4420,#4421,#4422),
  .UNSPECIFIED.,.T.,.F.,(9,7,7,7,7,7,7,7,9),(0.,0.125059441871,
    0.2381145674,0.336941385616,0.43000701318,0.579172396399,
    0.700444122556,0.839204748691,1.),.UNSPECIFIED.);
#4365 = CARTESIAN_POINT('',(-32.9,-60.62,-14.8893434547));
#4366 = CARTESIAN_POINT('',(-32.9,-60.42864619537,-14.90103004594));
#4367 = CARTESIAN_POINT('',(-32.91992686893,-60.23131071159,
    -14.91447655002));
#4368 = CARTESIAN_POINT('',(-32.9619628112,-60.03034676941,
    -14.92924469883));
#4369 = CARTESIAN_POINT('',(-33.02806569163,-59.82857605299,
    -14.94465917409));
#4370 = CARTESIAN_POINT('',(-33.11994810744,-59.62931220011,
    -14.95981393034));
#4371 = CARTESIAN_POINT('',(-33.23903598799,-59.43642795639,
    -14.97360213709));
#4372 = CARTESIAN_POINT('',(-33.38637475518,-59.2545125549,
    -14.98481237056));
#4373 = CARTESIAN_POINT('',(-33.72162603011,-58.93969065259,
    -14.99913303781));
#4374 = CARTESIAN_POINT('',(-33.90068148795,-58.80714214585,
    -15.00276309633));
#4375 = CARTESIAN_POINT('',(-34.09623046769,-58.69635671142,
    -15.00256606456));
#4376 = CARTESIAN_POINT('',(-34.30351578235,-58.61068366809,
    -14.99830959206));
#4377 = CARTESIAN_POINT('',(-34.51685906655,-58.55182550494,
    -14.99039213983));
#4378 = CARTESIAN_POINT('',(-34.73012038059,-58.51963251664,
    -14.9797423758));
#4379 = CARTESIAN_POINT('',(-34.9371057617,-58.51189096647,
    -14.9675434392));
#4380 = CARTESIAN_POINT('',(-35.30210403713,-58.53485471152,
    -14.94387197379));
#4381 = CARTESIAN_POINT('',(-35.46622367551,-58.56104695734,
    -14.9322924896));
#4382 = CARTESIAN_POINT('',(-35.62329790708,-58.60098993129,
    -14.92066463158));
#4383 = CARTESIAN_POINT('',(-35.77270497849,-58.65317390043,
    -14.90939778179));
#4384 = CARTESIAN_POINT('',(-35.91403094102,-58.71628666016,
    -14.89882060026));
#4385 = CARTESIAN_POINT('',(-36.04699694581,-58.78919467724,
    -14.88918633808));
#4386 = CARTESIAN_POINT('',(-36.17140537557,-58.87092879121,
    -14.88068339637));
#4387 = CARTESIAN_POINT('',(-36.39605945592,-59.04518835841,
    -14.86664047667));
#4388 = CARTESIAN_POINT('',(-36.4973524034,-59.13685474542,
    -14.86095259209));
#4389 = CARTESIAN_POINT('',(-36.59085636667,-59.23502044792,
    -14.85650435234));
#4390 = CARTESIAN_POINT('',(-36.67643954829,-59.33913092924,
    -14.85337527999));
#4391 = CARTESIAN_POINT('',(-36.75395024833,-59.44870871819,
    -14.85161359644));
#4392 = CARTESIAN_POINT('',(-36.82320124308,-59.56333249414,
    -14.85123983835));
#4393 = CARTESIAN_POINT('',(-36.88395393607,-59.68261684216,
    -14.85224803914));
#4394 = CARTESIAN_POINT('',(-37.01916497498,-60.00425975652,
    -14.85838136704));
#4395 = CARTESIAN_POINT('',(-37.07975664642,-60.21322605542,
    -14.86561908416));
#4396 = CARTESIAN_POINT('',(-37.11653855491,-60.43170905243,
    -14.87617568266));
#4397 = CARTESIAN_POINT('',(-37.12772215923,-60.65826152777,
    -14.88973130569));
#4398 = CARTESIAN_POINT('',(-37.1109262741,-60.89097262593,
    -14.90575057997));
#4399 = CARTESIAN_POINT('',(-37.0632124862,-61.12719663164,
    -14.92336390673));
#4400 = CARTESIAN_POINT('',(-36.98115984886,-61.36312260678,
    -14.94126665121));
#4401 = CARTESIAN_POINT('',(-36.76338211815,-61.77970587267,
    -14.97112422202));
#4402 = CARTESIAN_POINT('',(-36.63826075778,-61.96685267103,
    -14.98388122746));
#4403 = CARTESIAN_POINT('',(-36.48481868438,-62.14468296923,
    -14.99456083333));
#4404 = CARTESIAN_POINT('',(-36.30510735663,-62.30499231412,
    -15.001688607));
#4405 = CARTESIAN_POINT('',(-36.10363711594,-62.44124722671,
    -15.00418702727));
#4406 = CARTESIAN_POINT('',(-35.88667910305,-62.54899075255,
    -15.00188416534));
#4407 = CARTESIAN_POINT('',(-35.66167745679,-62.62626837628,
    -14.99543105823));
#4408 = CARTESIAN_POINT('',(-35.17915070411,-62.72883900981,
    -14.97511489462));
#4409 = CARTESIAN_POINT('',(-34.92601547309,-62.74409298564,
    -14.96050231934));
#4410 = CARTESIAN_POINT('',(-34.68252341425,-62.72513100036,
    -14.9437656008));
#4411 = CARTESIAN_POINT('',(-34.45206580814,-62.67668027727,
    -14.92648656458));
#4412 = CARTESIAN_POINT('',(-34.23691273947,-62.6029788352,
    -14.90993489314));
#4413 = CARTESIAN_POINT('',(-34.03856841137,-62.50779460026,
    -14.89502855279));
#4414 = CARTESIAN_POINT('',(-33.85794703777,-62.39443577364,
    -14.88238889877));
#4415 = CARTESIAN_POINT('',(-33.50749572072,-62.11667873029,
    -14.86077717893));
#4416 = CARTESIAN_POINT('',(-33.34287104194,-61.94619238652,
    -14.85264124972));
#4417 = CARTESIAN_POINT('',(-33.20220596638,-61.75767349995,
    -14.84855079227));
#4418 = CARTESIAN_POINT('',(-33.0861796846,-61.5535075159,
    -14.84876375835));
#4419 = CARTESIAN_POINT('',(-32.99590947699,-61.33566162046,
    -14.85330591363));
#4420 = CARTESIAN_POINT('',(-32.93306617612,-61.10598080508,
    -14.86197741974));
#4421 = CARTESIAN_POINT('',(-32.9,-60.86649396517,-14.87428927681));
#4422 = CARTESIAN_POINT('',(-32.9,-60.62,-14.8893434547));
#4423 = PCURVE('',#181,#4424);
#4424 = DEFINITIONAL_REPRESENTATION('',(#4425),#4484);
#4425 = B_SPLINE_CURVE_WITH_KNOTS('',8,(#4426,#4427,#4428,#4429,#4430,
    #4431,#4432,#4433,#4434,#4435,#4436,#4437,#4438,#4439,#4440,#4441,
    #4442,#4443,#4444,#4445,#4446,#4447,#4448,#4449,#4450,#4451,#4452,
    #4453,#4454,#4455,#4456,#4457,#4458,#4459,#4460,#4461,#4462,#4463,
    #4464,#4465,#4466,#4467,#4468,#4469,#4470,#4471,#4472,#4473,#4474,
    #4475,#4476,#4477,#4478,#4479,#4480,#4481,#4482,#4483),
  .UNSPECIFIED.,.T.,.F.,(9,7,7,7,7,7,7,7,9),(0.,0.125059441871,
    0.2381145674,0.336941385616,0.43000701318,0.579172396399,
    0.700444122556,0.839204748691,1.),.UNSPECIFIED.);
#4426 = CARTESIAN_POINT('',(1.6923380166,33.949206890767));
#4427 = CARTESIAN_POINT('',(1.685912010808,33.783490850172));
#4428 = CARTESIAN_POINT('',(1.678131869654,33.622558215128));
#4429 = CARTESIAN_POINT('',(1.668953564724,33.469538045853));
#4430 = CARTESIAN_POINT('',(1.658362518814,33.327852928537));
#4431 = CARTESIAN_POINT('',(1.646375111673,33.201228854088));
#4432 = CARTESIAN_POINT('',(1.633041519793,33.093732674366));
#4433 = CARTESIAN_POINT('',(1.618454554724,33.009861475085));
#4434 = CARTESIAN_POINT('',(1.58858939729,32.904849034848));
#4435 = CARTESIAN_POINT('',(1.57383311281,32.879589201212));
#4436 = CARTESIAN_POINT('',(1.558854025844,32.881423545214));
#4437 = CARTESIAN_POINT('',(1.544032711835,32.910873994939));
#4438 = CARTESIAN_POINT('',(1.529747643061,32.966575693208));
#4439 = CARTESIAN_POINT('',(1.516345178266,33.045328954941));
#4440 = CARTESIAN_POINT('',(1.504110601881,33.14211959247));
#4441 = CARTESIAN_POINT('',(1.483741821578,33.344509786032));
#4442 = CARTESIAN_POINT('',(1.475105581656,33.449254394509));
#4443 = CARTESIAN_POINT('',(1.467330313766,33.562384614623));
#4444 = CARTESIAN_POINT('',(1.460403446881,33.682282105383));
#4445 = CARTESIAN_POINT('',(1.45430716612,33.807603493673));
#4446 = CARTESIAN_POINT('',(1.44902167496,33.937227690626));
#4447 = CARTESIAN_POINT('',(1.444527667997,34.070216573988));
#4448 = CARTESIAN_POINT('',(1.437305200772,34.333458190736));
#4449 = CARTESIAN_POINT('',(1.434487112992,34.46349061638));
#4450 = CARTESIAN_POINT('',(1.432340394331,34.595256995267));
#4451 = CARTESIAN_POINT('',(1.430854986779,34.728211187921));
#4452 = CARTESIAN_POINT('',(1.430024265023,34.861863843561));
#4453 = CARTESIAN_POINT('',(1.429845223362,34.995756476582));
#4454 = CARTESIAN_POINT('',(1.430318715407,35.129436009446));
#4455 = CARTESIAN_POINT('',(1.43326256084,35.47559190825));
#4456 = CARTESIAN_POINT('',(1.436763434557,35.686857206708));
#4457 = CARTESIAN_POINT('',(1.441970507726,35.894459003646));
#4458 = CARTESIAN_POINT('',(1.448935440287,36.096249688902));
#4459 = CARTESIAN_POINT('',(1.45772672454,36.289383806342));
#4460 = CARTESIAN_POINT('',(1.468418703749,36.470100877148));
#4461 = CARTESIAN_POINT('',(1.481074373191,36.633390045353));
#4462 = CARTESIAN_POINT('',(1.507608863429,36.885267829634));
#4463 = CARTESIAN_POINT('',(1.52109692143,36.984778466081));
#4464 = CARTESIAN_POINT('',(1.535897985038,37.062060167844));
#4465 = CARTESIAN_POINT('',(1.551619168634,37.111033474065));
#4466 = CARTESIAN_POINT('',(1.567787329992,37.128295487793));
#4467 = CARTESIAN_POINT('',(1.583901170855,37.113122040909));
#4468 = CARTESIAN_POINT('',(1.599471561697,37.067542637166));
#4469 = CARTESIAN_POINT('',(1.630778460024,36.915102075738));
#4470 = CARTESIAN_POINT('',(1.645929574894,36.801741909343));
#4471 = CARTESIAN_POINT('',(1.659398264511,36.663571760895));
#4472 = CARTESIAN_POINT('',(1.671143138269,36.506381173413));
#4473 = CARTESIAN_POINT('',(1.681168211183,36.334975419272));
#4474 = CARTESIAN_POINT('',(1.689505749591,36.153369712401));
#4475 = CARTESIAN_POINT('',(1.696208264784,35.964886135059));
#4476 = CARTESIAN_POINT('',(1.707276833757,35.549113729903));
#4477 = CARTESIAN_POINT('',(1.711136467086,35.319155157659));
#4478 = CARTESIAN_POINT('',(1.712993766818,35.085560124964));
#4479 = CARTESIAN_POINT('',(1.71288593992,34.850734075658));
#4480 = CARTESIAN_POINT('',(1.710813632079,34.61693928286));
#4481 = CARTESIAN_POINT('',(1.706744445921,34.386608978987));
#4482 = CARTESIAN_POINT('',(1.700615728406,34.162675360966));
#4483 = CARTESIAN_POINT('',(1.6923380166,33.949206890767));
#4484 = ( GEOMETRIC_REPRESENTATION_CONTEXT(2) 
PARAMETRIC_REPRESENTATION_CONTEXT() REPRESENTATION_CONTEXT('2D SPACE',''
  ) );
#4485 = PCURVE('',#4486,#4491);
#4486 = CYLINDRICAL_SURFACE('',#4487,2.1);
#4487 = AXIS2_PLACEMENT_3D('',#4488,#4489,#4490);
#4488 = CARTESIAN_POINT('',(-35.,-60.62,-20.));
#4489 = DIRECTION('',(0.,0.,1.));
#4490 = DIRECTION('',(1.,0.,-0.));
#4491 = DEFINITIONAL_REPRESENTATION('',(#4492),#4551);
#4492 = B_SPLINE_CURVE_WITH_KNOTS('',8,(#4493,#4494,#4495,#4496,#4497,
    #4498,#4499,#4500,#4501,#4502,#4503,#4504,#4505,#4506,#4507,#4508,
    #4509,#4510,#4511,#4512,#4513,#4514,#4515,#4516,#4517,#4518,#4519,
    #4520,#4521,#4522,#4523,#4524,#4525,#4526,#4527,#4528,#4529,#4530,
    #4531,#4532,#4533,#4534,#4535,#4536,#4537,#4538,#4539,#4540,#4541,
    #4542,#4543,#4544,#4545,#4546,#4547,#4548,#4549,#4550),
  .UNSPECIFIED.,.F.,.F.,(9,7,7,7,7,7,7,7,9),(0.,0.125059441871,
    0.2381145674,0.336941385616,0.43000701318,0.579172396399,
    0.700444122556,0.839204748691,1.),.UNSPECIFIED.);
#4493 = CARTESIAN_POINT('',(8.881784197001E-16,5.110656545296));
#4494 = CARTESIAN_POINT('',(9.112085934353E-02,5.098969954056));
#4495 = CARTESIAN_POINT('',(0.185089744531,5.085523449977));
#4496 = CARTESIAN_POINT('',(0.281941219462,5.070755301166));
#4497 = CARTESIAN_POINT('',(0.381781766012,5.055340825907));
#4498 = CARTESIAN_POINT('',(0.484817551608,5.040186069656));
#4499 = CARTESIAN_POINT('',(0.591348619818,5.026397862903));
#4500 = CARTESIAN_POINT('',(0.701794232236,5.015187629431));
#4501 = CARTESIAN_POINT('',(0.920793319776,5.000866962184));
#4502 = CARTESIAN_POINT('',(1.026155615688,4.997236903667));
#4503 = CARTESIAN_POINT('',(1.131863678739,4.997433935439));
#4504 = CARTESIAN_POINT('',(1.237074255867,5.001690407936));
#4505 = CARTESIAN_POINT('',(1.340955123884,5.009607860162));
#4506 = CARTESIAN_POINT('',(1.442565691537,5.020257624199));
#4507 = CARTESIAN_POINT('',(1.540704659712,5.032456560795));
#4508 = CARTESIAN_POINT('',(1.714857012186,5.056128026208));
#4509 = CARTESIAN_POINT('',(1.793638645439,5.067707510393));
#4510 = CARTESIAN_POINT('',(1.87029794932,5.079335368415));
#4511 = CARTESIAN_POINT('',(1.945108648016,5.090602218203));
#4512 = CARTESIAN_POINT('',(2.018313259423,5.101179399734));
#4513 = CARTESIAN_POINT('',(2.090138191721,5.110813661917));
#4514 = CARTESIAN_POINT('',(2.1608039973,5.119316603628));
#4515 = CARTESIAN_POINT('',(2.296192790414,5.133359523322));
#4516 = CARTESIAN_POINT('',(2.361059624293,5.139047407906));
#4517 = CARTESIAN_POINT('',(2.425323579882,5.143495647654));
#4518 = CARTESIAN_POINT('',(2.489161779442,5.146624720005));
#4519 = CARTESIAN_POINT('',(2.552743540634,5.148386403555));
#4520 = CARTESIAN_POINT('',(2.61623645337,5.14876016165));
#4521 = CARTESIAN_POINT('',(2.679811166158,5.147751960853));
#4522 = CARTESIAN_POINT('',(2.845957421293,5.141618632955));
#4523 = CARTESIAN_POINT('',(2.948870322916,5.134380915831));
#4524 = CARTESIAN_POINT('',(3.053201654584,5.123824317339));
#4525 = CARTESIAN_POINT('',(3.159691057977,5.110268694305));
#4526 = CARTESIAN_POINT('',(3.269082415059,5.094249420021));
#4527 = CARTESIAN_POINT('',(3.382160209475,5.076636093265));
#4528 = CARTESIAN_POINT('',(3.499824675234,5.058733348786));
#4529 = CARTESIAN_POINT('',(3.723669027854,5.028875777978));
#4530 = CARTESIAN_POINT('',(3.830249248499,5.016118772534));
#4531 = CARTESIAN_POINT('',(3.940685578847,5.005439166665));
#4532 = CARTESIAN_POINT('',(4.053410694304,4.998311392999));
#4533 = CARTESIAN_POINT('',(4.167202724195,4.995812972722));
#4534 = CARTESIAN_POINT('',(4.280928466167,4.998115834653));
#4535 = CARTESIAN_POINT('',(4.39338205753,5.004568941769));
#4536 = CARTESIAN_POINT('',(4.628290638153,5.02488510538));
#4537 = CARTESIAN_POINT('',(4.747708049333,5.039497680654));
#4538 = CARTESIAN_POINT('',(4.862242423463,5.056234399198));
#4539 = CARTESIAN_POINT('',(4.972608504776,5.073513435411));
#4540 = CARTESIAN_POINT('',(5.079370490373,5.090065106853));
#4541 = CARTESIAN_POINT('',(5.183009364955,5.104971447209));
#4542 = CARTESIAN_POINT('',(5.283944266653,5.117611101224));
#4543 = CARTESIAN_POINT('',(5.496884540582,5.139222821066));
#4544 = CARTESIAN_POINT('',(5.608747459587,5.147358750271));
#4545 = CARTESIAN_POINT('',(5.719277684846,5.151449207726));
#4546 = CARTESIAN_POINT('',(5.829386708022,5.151236241648));
#4547 = CARTESIAN_POINT('',(5.939930726979,5.146694086361));
#4548 = CARTESIAN_POINT('',(6.051765670247,5.138022580254));
#4549 = CARTESIAN_POINT('',(6.165807228525,5.125710723183));
#4550 = CARTESIAN_POINT('',(6.28318530718,5.110656545296));
#4551 = ( GEOMETRIC_REPRESENTATION_CONTEXT(2) 
PARAMETRIC_REPRESENTATION_CONTEXT() REPRESENTATION_CONTEXT('2D SPACE',''
  ) );
#4552 = ADVANCED_FACE('',(#4553),#343,.F.);
#4553 = FACE_BOUND('',#4554,.F.);
#4554 = EDGE_LOOP('',(#4555,#4556,#4557,#4558,#4559));
#4555 = ORIENTED_EDGE('',*,*,#3960,.T.);
#4556 = ORIENTED_EDGE('',*,*,#4031,.T.);
#4557 = ORIENTED_EDGE('',*,*,#2150,.T.);
#4558 = ORIENTED_EDGE('',*,*,#3985,.T.);
#4559 = ORIENTED_EDGE('',*,*,#328,.F.);
#4560 = ADVANCED_FACE('',(#4561),#155,.F.);
#4561 = FACE_BOUND('',#4562,.F.);
#4562 = EDGE_LOOP('',(#4563,#4564,#4565,#4566));
#4563 = ORIENTED_EDGE('',*,*,#239,.T.);
#4564 = ORIENTED_EDGE('',*,*,#3687,.T.);
#4565 = ORIENTED_EDGE('',*,*,#140,.T.);
#4566 = ORIENTED_EDGE('',*,*,#4123,.F.);
#4567 = ADVANCED_FACE('',(#4568),#207,.T.);
#4568 = FACE_BOUND('',#4569,.T.);
#4569 = EDGE_LOOP('',(#4570,#4571,#4572,#4573,#4574));
#4570 = ORIENTED_EDGE('',*,*,#4146,.T.);
#4571 = ORIENTED_EDGE('',*,*,#4054,.T.);
#4572 = ORIENTED_EDGE('',*,*,#2019,.T.);
#4573 = ORIENTED_EDGE('',*,*,#4100,.T.);
#4574 = ORIENTED_EDGE('',*,*,#192,.F.);
#4575 = ADVANCED_FACE('',(#4576,#4624),#413,.T.);
#4576 = FACE_BOUND('',#4577,.T.);
#4577 = EDGE_LOOP('',(#4578,#4600,#4601,#4623));
#4578 = ORIENTED_EDGE('',*,*,#4579,.F.);
#4579 = EDGE_CURVE('',#545,#399,#4580,.T.);
#4580 = SURFACE_CURVE('',#4581,(#4586,#4593),.PCURVE_S1.);
#4581 = CIRCLE('',#4582,17.);
#4582 = AXIS2_PLACEMENT_3D('',#4583,#4584,#4585);
#4583 = CARTESIAN_POINT('',(-100.,0.,0.));
#4584 = DIRECTION('',(-1.,0.,0.));
#4585 = DIRECTION('',(0.,0.,-1.));
#4586 = PCURVE('',#413,#4587);
#4587 = DEFINITIONAL_REPRESENTATION('',(#4588),#4592);
#4588 = LINE('',#4589,#4590);
#4589 = CARTESIAN_POINT('',(0.,60.));
#4590 = VECTOR('',#4591,1.);
#4591 = DIRECTION('',(1.,0.));
#4592 = ( GEOMETRIC_REPRESENTATION_CONTEXT(2) 
PARAMETRIC_REPRESENTATION_CONTEXT() REPRESENTATION_CONTEXT('2D SPACE',''
  ) );
#4593 = PCURVE('',#580,#4594);
#4594 = DEFINITIONAL_REPRESENTATION('',(#4595),#4599);
#4595 = CIRCLE('',#4596,17.);
#4596 = AXIS2_PLACEMENT_2D('',#4597,#4598);
#4597 = CARTESIAN_POINT('',(0.,0.));
#4598 = DIRECTION('',(1.,0.));
#4599 = ( GEOMETRIC_REPRESENTATION_CONTEXT(2) 
PARAMETRIC_REPRESENTATION_CONTEXT() REPRESENTATION_CONTEXT('2D SPACE',''
  ) );
#4600 = ORIENTED_EDGE('',*,*,#544,.F.);
#4601 = ORIENTED_EDGE('',*,*,#4602,.T.);
#4602 = EDGE_CURVE('',#524,#397,#4603,.T.);
#4603 = SURFACE_CURVE('',#4604,(#4609,#4616),.PCURVE_S1.);
#4604 = CIRCLE('',#4605,17.);
#4605 = AXIS2_PLACEMENT_3D('',#4606,#4607,#4608);
#4606 = CARTESIAN_POINT('',(-40.,0.,0.));
#4607 = DIRECTION('',(-1.,0.,0.));
#4608 = DIRECTION('',(0.,0.,-1.));
#4609 = PCURVE('',#413,#4610);
#4610 = DEFINITIONAL_REPRESENTATION('',(#4611),#4615);
#4611 = LINE('',#4612,#4613);
#4612 = CARTESIAN_POINT('',(0.,0.));
#4613 = VECTOR('',#4614,1.);
#4614 = DIRECTION('',(1.,0.));
#4615 = ( GEOMETRIC_REPRESENTATION_CONTEXT(2) 
PARAMETRIC_REPRESENTATION_CONTEXT() REPRESENTATION_CONTEXT('2D SPACE',''
  ) );
#4616 = PCURVE('',#439,#4617);
#4617 = DEFINITIONAL_REPRESENTATION('',(#4618),#4622);
#4618 = CIRCLE('',#4619,17.);
#4619 = AXIS2_PLACEMENT_2D('',#4620,#4621);
#4620 = CARTESIAN_POINT('',(0.,0.));
#4621 = DIRECTION('',(1.,0.));
#4622 = ( GEOMETRIC_REPRESENTATION_CONTEXT(2) 
PARAMETRIC_REPRESENTATION_CONTEXT() REPRESENTATION_CONTEXT('2D SPACE',''
  ) );
#4623 = ORIENTED_EDGE('',*,*,#396,.T.);
#4624 = FACE_BOUND('',#4625,.T.);
#4625 = EDGE_LOOP('',(#4626));
#4626 = ORIENTED_EDGE('',*,*,#4627,.F.);
#4627 = EDGE_CURVE('',#4628,#4628,#4630,.T.);
#4628 = VERTEX_POINT('',#4629);
#4629 = CARTESIAN_POINT('',(-67.9,-5.143516556419E-16,17.));
#4630 = SURFACE_CURVE('',#4631,(#4682,#4736),.PCURVE_S1.);
#4631 = B_SPLINE_CURVE_WITH_KNOTS('',7,(#4632,#4633,#4634,#4635,#4636,
    #4637,#4638,#4639,#4640,#4641,#4642,#4643,#4644,#4645,#4646,#4647,
    #4648,#4649,#4650,#4651,#4652,#4653,#4654,#4655,#4656,#4657,#4658,
    #4659,#4660,#4661,#4662,#4663,#4664,#4665,#4666,#4667,#4668,#4669,
    #4670,#4671,#4672,#4673,#4674,#4675,#4676,#4677,#4678,#4679,#4680,
    #4681),.UNSPECIFIED.,.T.,.F.,(8,6,6,6,6,6,6,6,8),(0.,0.122694318738,
    0.250005614126,0.377323533374,0.500000893666,0.622707396531,
    0.750027284314,0.877346807044,1.),.UNSPECIFIED.);
#4632 = CARTESIAN_POINT('',(-67.9,-1.33226762955E-15,17.));
#4633 = CARTESIAN_POINT('',(-67.9,0.27899941845,17.));
#4634 = CARTESIAN_POINT('',(-67.94324437308,0.550472901491,
    16.994657900753));
#4635 = CARTESIAN_POINT('',(-68.02553686823,0.806637734836,
    16.984493160459));
#4636 = CARTESIAN_POINT('',(-68.14120918429,1.041038338695,
    16.970884385458));
#4637 = CARTESIAN_POINT('',(-68.28318086209,1.248771335965,
    16.955713808497));
#4638 = CARTESIAN_POINT('',(-68.44305422404,1.426953058062,
    16.940660624667));
#4639 = CARTESIAN_POINT('',(-68.78576494913,1.7290932051,16.912543114244
    ));
#4640 = CARTESIAN_POINT('',(-68.97393949816,1.854901793688,
    16.899189425933));
#4641 = CARTESIAN_POINT('',(-69.17128947839,1.953857542309,
    16.887763503364));
#4642 = CARTESIAN_POINT('',(-69.37469410558,2.027149266282,16.8788642531
    ));
#4643 = CARTESIAN_POINT('',(-69.58183368071,2.075695874102,
    16.872820918917));
#4644 = CARTESIAN_POINT('',(-69.79083925026,2.1,16.869795493722));
#4645 = CARTESIAN_POINT('',(-70.20917163212,2.1,16.869795493722));
#4646 = CARTESIAN_POINT('',(-70.4181750246,2.075693389921,
    16.872821225281));
#4647 = CARTESIAN_POINT('',(-70.6253084228,2.027147043265,16.87886453764
    ));
#4648 = CARTESIAN_POINT('',(-70.82870877662,1.953857705366,
    16.887763427069));
#4649 = CARTESIAN_POINT('',(-71.02605862796,1.854903375824,
    16.899189278446));
#4650 = CARTESIAN_POINT('',(-71.21423498715,1.729093261273,
    16.912543109017));
#4651 = CARTESIAN_POINT('',(-71.55691384139,1.426981212166,
    16.940658004614));
#4652 = CARTESIAN_POINT('',(-71.71680097825,1.248801523859,
    16.955711583142));
#4653 = CARTESIAN_POINT('',(-71.8588002725,1.041042971151,16.970884917)
  );
#4654 = CARTESIAN_POINT('',(-71.97448942727,0.806600866758,
    16.98449640028));
#4655 = CARTESIAN_POINT('',(-72.0567761714,0.550401825964,
    16.994660441865));
#4656 = CARTESIAN_POINT('',(-72.1,0.278933156591,17.));
#4657 = CARTESIAN_POINT('',(-72.1,-0.27899941845,17.));
#4658 = CARTESIAN_POINT('',(-72.05675562691,-0.55047290149,
    16.994657900753));
#4659 = CARTESIAN_POINT('',(-71.97446313176,-0.806637734836,
    16.984493160459));
#4660 = CARTESIAN_POINT('',(-71.8587908157,-1.041038338694,
    16.970884385458));
#4661 = CARTESIAN_POINT('',(-71.7168191379,-1.248771335965,
    16.955713808497));
#4662 = CARTESIAN_POINT('',(-71.55694577595,-1.426953058062,
    16.940660624667));
#4663 = CARTESIAN_POINT('',(-71.2142406024,-1.72908831076,
    16.912543569717));
#4664 = CARTESIAN_POINT('',(-71.02606133304,-1.854903581117,
    16.899189364119));
#4665 = CARTESIAN_POINT('',(-70.82870465797,-1.953860779536,
    16.887763039315));
#4666 = CARTESIAN_POINT('',(-70.62530135833,-2.027148891724,
    16.878864306999));
#4667 = CARTESIAN_POINT('',(-70.41817090451,-2.075693230289,
    16.872821245869));
#4668 = CARTESIAN_POINT('',(-70.20917222522,-2.1,16.869795493722));
#4669 = CARTESIAN_POINT('',(-69.79082837451,-2.1,16.869795493722));
#4670 = CARTESIAN_POINT('',(-69.58182495915,-2.075693391604,
    16.872821225149));
#4671 = CARTESIAN_POINT('',(-69.37469158893,-2.027147035299,
    16.878864538349));
#4672 = CARTESIAN_POINT('',(-69.17129122921,-1.953857720332,
    16.887763425674));
#4673 = CARTESIAN_POINT('',(-68.97394135907,-1.854903362392,
    16.899189279712));
#4674 = CARTESIAN_POINT('',(-68.78576501864,-1.729093266383,
    16.912543108541));
#4675 = CARTESIAN_POINT('',(-68.44312139759,-1.427012279509,
    16.940655113451));
#4676 = CARTESIAN_POINT('',(-68.2832095141,-1.248826379457,
    16.955709905447));
#4677 = CARTESIAN_POINT('',(-68.1411798304,-1.041032242294,
    16.970886704407));
#4678 = CARTESIAN_POINT('',(-68.02547980501,-0.806547213734,
    16.984500225935));
#4679 = CARTESIAN_POINT('',(-67.94320427469,-0.550323989145,
    16.994662851203));
#4680 = CARTESIAN_POINT('',(-67.9,-0.278870054212,17.));
#4681 = CARTESIAN_POINT('',(-67.9,-1.33226762955E-15,17.));
#4682 = PCURVE('',#413,#4683);
#4683 = DEFINITIONAL_REPRESENTATION('',(#4684),#4735);
#4684 = B_SPLINE_CURVE_WITH_KNOTS('',7,(#4685,#4686,#4687,#4688,#4689,
    #4690,#4691,#4692,#4693,#4694,#4695,#4696,#4697,#4698,#4699,#4700,
    #4701,#4702,#4703,#4704,#4705,#4706,#4707,#4708,#4709,#4710,#4711,
    #4712,#4713,#4714,#4715,#4716,#4717,#4718,#4719,#4720,#4721,#4722,
    #4723,#4724,#4725,#4726,#4727,#4728,#4729,#4730,#4731,#4732,#4733,
    #4734),.UNSPECIFIED.,.T.,.F.,(8,6,6,6,6,6,6,6,8),(0.,0.122694318738,
    0.250005614126,0.377323533374,0.500000893666,0.622707396531,
    0.750027284314,0.877346807044,1.),.UNSPECIFIED.);
#4685 = CARTESIAN_POINT('',(3.14159265359,27.9));
#4686 = CARTESIAN_POINT('',(3.158004384087,27.9));
#4687 = CARTESIAN_POINT('',(3.173973420529,27.943244373087));
#4688 = CARTESIAN_POINT('',(3.189049115165,28.025536868237));
#4689 = CARTESIAN_POINT('',(3.202857427919,28.141209184295));
#4690 = CARTESIAN_POINT('',(3.215108266398,28.283180862092));
#4691 = CARTESIAN_POINT('',(3.225626493544,28.443054224045));
#4692 = CARTESIAN_POINT('',(3.243476237695,28.785764949131));
#4693 = CARTESIAN_POINT('',(3.250917690315,28.973939498165));
#4694 = CARTESIAN_POINT('',(3.256777077428,29.17128947839));
#4695 = CARTESIAN_POINT('',(3.261119994288,29.374694105581));
#4696 = CARTESIAN_POINT('',(3.263997720616,29.581833680714));
#4697 = CARTESIAN_POINT('',(3.265438408965,29.790839250264));
#4698 = CARTESIAN_POINT('',(3.265438408965,30.209171632129));
#4699 = CARTESIAN_POINT('',(3.263997573398,30.418175024607));
#4700 = CARTESIAN_POINT('',(3.261119862425,30.625308422805));
#4701 = CARTESIAN_POINT('',(3.256777087503,30.828708776621));
#4702 = CARTESIAN_POINT('',(3.250917783755,31.026058627963));
#4703 = CARTESIAN_POINT('',(3.243476241013,31.214234987154));
#4704 = CARTESIAN_POINT('',(3.225628156824,31.556913841393));
#4705 = CARTESIAN_POINT('',(3.215110046847,31.716800978251));
#4706 = CARTESIAN_POINT('',(3.202857696237,31.858800272502));
#4707 = CARTESIAN_POINT('',(3.18904694103,31.974489427277));
#4708 = CARTESIAN_POINT('',(3.173969239602,32.056776171408));
#4709 = CARTESIAN_POINT('',(3.15800048633,32.1));
#4710 = CARTESIAN_POINT('',(3.125180923093,32.1));
#4711 = CARTESIAN_POINT('',(3.10921188665,32.056755626913));
#4712 = CARTESIAN_POINT('',(3.094136192015,31.974463131763));
#4713 = CARTESIAN_POINT('',(3.080327879261,31.858790815704));
#4714 = CARTESIAN_POINT('',(3.068077040781,31.716819137908));
#4715 = CARTESIAN_POINT('',(3.057558813636,31.556945775955));
#4716 = CARTESIAN_POINT('',(3.039709358631,31.214240602408));
#4717 = CARTESIAN_POINT('',(3.032267511878,31.026061333041));
#4718 = CARTESIAN_POINT('',(3.026408037557,30.82870465797));
#4719 = CARTESIAN_POINT('',(3.022065335092,30.625301358331));
#4720 = CARTESIAN_POINT('',(3.019187743277,30.418170904514));
#4721 = CARTESIAN_POINT('',(3.017746898214,30.209172225227));
#4722 = CARTESIAN_POINT('',(3.017746898214,29.790828374514));
#4723 = CARTESIAN_POINT('',(3.019187733682,29.581824959155));
#4724 = CARTESIAN_POINT('',(3.022065445225,29.374691588934));
#4725 = CARTESIAN_POINT('',(3.026408218792,29.171291229215));
#4726 = CARTESIAN_POINT('',(3.032267524218,28.973941359071));
#4727 = CARTESIAN_POINT('',(3.039709065864,28.785765018643));
#4728 = CARTESIAN_POINT('',(3.057555314969,28.443121397591));
#4729 = CARTESIAN_POINT('',(3.068073795366,28.283209514105));
#4730 = CARTESIAN_POINT('',(3.080328248576,28.141179830406));
#4731 = CARTESIAN_POINT('',(3.094141527664,28.025479805016));
#4732 = CARTESIAN_POINT('',(3.109220646054,27.943204274692));
#4733 = CARTESIAN_POINT('',(3.125188532754,27.9));
#4734 = CARTESIAN_POINT('',(3.14159265359,27.9));
#4735 = ( GEOMETRIC_REPRESENTATION_CONTEXT(2) 
PARAMETRIC_REPRESENTATION_CONTEXT() REPRESENTATION_CONTEXT('2D SPACE',''
  ) );
#4736 = PCURVE('',#4737,#4742);
#4737 = CYLINDRICAL_SURFACE('',#4738,2.1);
#4738 = AXIS2_PLACEMENT_3D('',#4739,#4740,#4741);
#4739 = CARTESIAN_POINT('',(-70.,0.,-20.));
#4740 = DIRECTION('',(0.,0.,1.));
#4741 = DIRECTION('',(1.,0.,-0.));
#4742 = DEFINITIONAL_REPRESENTATION('',(#4743),#4794);
#4743 = B_SPLINE_CURVE_WITH_KNOTS('',7,(#4744,#4745,#4746,#4747,#4748,
    #4749,#4750,#4751,#4752,#4753,#4754,#4755,#4756,#4757,#4758,#4759,
    #4760,#4761,#4762,#4763,#4764,#4765,#4766,#4767,#4768,#4769,#4770,
    #4771,#4772,#4773,#4774,#4775,#4776,#4777,#4778,#4779,#4780,#4781,
    #4782,#4783,#4784,#4785,#4786,#4787,#4788,#4789,#4790,#4791,#4792,
    #4793),.UNSPECIFIED.,.F.,.F.,(8,6,6,6,6,6,6,6,8),(0.,0.122694318738,
    0.250005614126,0.377323533374,0.500000893666,0.622707396531,
    0.750027284314,0.877346807044,1.),.UNSPECIFIED.);
#4744 = CARTESIAN_POINT('',(0.,37.));
#4745 = CARTESIAN_POINT('',(0.132856865928,37.));
#4746 = CARTESIAN_POINT('',(0.262129859914,36.994657900753));
#4747 = CARTESIAN_POINT('',(0.387943671449,36.984493160459));
#4748 = CARTESIAN_POINT('',(0.510124032445,36.970884385458));
#4749 = CARTESIAN_POINT('',(0.62824054874,36.955713808497));
#4750 = CARTESIAN_POINT('',(0.741457981802,36.940660624667));
#4751 = CARTESIAN_POINT('',(0.959019873609,36.912543114244));
#4752 = CARTESIAN_POINT('',(1.065853585147,36.899189425933));
#4753 = CARTESIAN_POINT('',(1.16972863053,36.887763503364));
#4754 = CARTESIAN_POINT('',(1.271417201679,36.8788642531));
#4755 = CARTESIAN_POINT('',(1.371669661727,36.872820918917));
#4756 = CARTESIAN_POINT('',(1.471195969778,36.869795493722));
#4757 = CARTESIAN_POINT('',(1.670401865904,36.869795493722));
#4758 = CARTESIAN_POINT('',(1.76992712248,36.872821225281));
#4759 = CARTESIAN_POINT('',(1.870176927628,36.87886453764));
#4760 = CARTESIAN_POINT('',(1.971863313083,36.887763427069));
#4761 = CARTESIAN_POINT('',(2.075737908855,36.899189278446));
#4762 = CARTESIAN_POINT('',(2.182572739533,36.912543109017));
#4763 = CARTESIAN_POINT('',(2.400114398878,36.940658004614));
#4764 = CARTESIAN_POINT('',(2.513336115462,36.955711583142));
#4765 = CARTESIAN_POINT('',(2.631469387111,36.970884917));
#4766 = CARTESIAN_POINT('',(2.753669231281,36.98449640028));
#4767 = CARTESIAN_POINT('',(2.879496646385,36.994660441865));
#4768 = CARTESIAN_POINT('',(3.008767340927,37.));
#4769 = CARTESIAN_POINT('',(3.274449519518,37.));
#4770 = CARTESIAN_POINT('',(3.403722513503,36.994657900753));
#4771 = CARTESIAN_POINT('',(3.52953632504,36.984493160459));
#4772 = CARTESIAN_POINT('',(3.651716686035,36.970884385458));
#4773 = CARTESIAN_POINT('',(3.76983320233,36.955713808497));
#4774 = CARTESIAN_POINT('',(3.883050635392,36.940660624667));
#4775 = CARTESIAN_POINT('',(4.100609002934,36.912543569717));
#4776 = CARTESIAN_POINT('',(4.2074464942,36.899189364119));
#4777 = CARTESIAN_POINT('',(4.311324231845,36.887763039315));
#4778 = CARTESIAN_POINT('',(4.413011756179,36.878864306999));
#4779 = CARTESIAN_POINT('',(4.513260136265,36.872821245869));
#4780 = CARTESIAN_POINT('',(4.612783158848,36.869795493722));
#4781 = CARTESIAN_POINT('',(4.81199451633,36.869795493722));
#4782 = CARTESIAN_POINT('',(4.911519783404,36.872821225149));
#4783 = CARTESIAN_POINT('',(5.011769577175,36.878864538349));
#4784 = CARTESIAN_POINT('',(5.113455961227,36.887763425674));
#4785 = CARTESIAN_POINT('',(5.21733057097,36.899189279712));
#4786 = CARTESIAN_POINT('',(5.324165389443,36.912543108541));
#4787 = CARTESIAN_POINT('',(5.541684681823,36.940655113451));
#4788 = CARTESIAN_POINT('',(5.65491720423,36.955709905447));
#4789 = CARTESIAN_POINT('',(5.773071231937,36.970886704407));
#4790 = CARTESIAN_POINT('',(5.895289999893,36.984500225935));
#4791 = CARTESIAN_POINT('',(6.021126371109,36.994662851203));
#4792 = CARTESIAN_POINT('',(6.150390043269,37.));
#4793 = CARTESIAN_POINT('',(6.28318530718,37.));
#4794 = ( GEOMETRIC_REPRESENTATION_CONTEXT(2) 
PARAMETRIC_REPRESENTATION_CONTEXT() REPRESENTATION_CONTEXT('2D SPACE',''
  ) );
#4795 = ADVANCED_FACE('',(#4796),#580,.T.);
#4796 = FACE_BOUND('',#4797,.T.);
#4797 = EDGE_LOOP('',(#4798,#4799,#4800,#4822));
#4798 = ORIENTED_EDGE('',*,*,#4579,.T.);
#4799 = ORIENTED_EDGE('',*,*,#659,.T.);
#4800 = ORIENTED_EDGE('',*,*,#4801,.F.);
#4801 = EDGE_CURVE('',#566,#639,#4802,.T.);
#4802 = SURFACE_CURVE('',#4803,(#4808,#4815),.PCURVE_S1.);
#4803 = CIRCLE('',#4804,15.);
#4804 = AXIS2_PLACEMENT_3D('',#4805,#4806,#4807);
#4805 = CARTESIAN_POINT('',(-100.,0.,0.));
#4806 = DIRECTION('',(-1.,0.,0.));
#4807 = DIRECTION('',(0.,0.,-1.));
#4808 = PCURVE('',#580,#4809);
#4809 = DEFINITIONAL_REPRESENTATION('',(#4810),#4814);
#4810 = CIRCLE('',#4811,15.);
#4811 = AXIS2_PLACEMENT_2D('',#4812,#4813);
#4812 = CARTESIAN_POINT('',(0.,0.));
#4813 = DIRECTION('',(1.,0.));
#4814 = ( GEOMETRIC_REPRESENTATION_CONTEXT(2) 
PARAMETRIC_REPRESENTATION_CONTEXT() REPRESENTATION_CONTEXT('2D SPACE',''
  ) );
#4815 = PCURVE('',#465,#4816);
#4816 = DEFINITIONAL_REPRESENTATION('',(#4817),#4821);
#4817 = LINE('',#4818,#4819);
#4818 = CARTESIAN_POINT('',(0.,65.));
#4819 = VECTOR('',#4820,1.);
#4820 = DIRECTION('',(1.,0.));
#4821 = ( GEOMETRIC_REPRESENTATION_CONTEXT(2) 
PARAMETRIC_REPRESENTATION_CONTEXT() REPRESENTATION_CONTEXT('2D SPACE',''
  ) );
#4822 = ORIENTED_EDGE('',*,*,#565,.T.);
#4823 = ADVANCED_FACE('',(#4824,#5270),#465,.F.);
#4824 = FACE_BOUND('',#4825,.F.);
#4825 = EDGE_LOOP('',(#4826,#4848,#4849,#4873,#4896,#4993,#5016,#5038,
    #5039,#5061,#5062,#5084,#5085,#5107,#5108,#5130,#5131,#5221,#5222,
    #5244,#5245,#5267,#5268,#5269));
#4826 = ORIENTED_EDGE('',*,*,#4827,.F.);
#4827 = EDGE_CURVE('',#2399,#592,#4828,.T.);
#4828 = SURFACE_CURVE('',#4829,(#4834,#4841),.PCURVE_S1.);
#4829 = CIRCLE('',#4830,15.);
#4830 = AXIS2_PLACEMENT_3D('',#4831,#4832,#4833);
#4831 = CARTESIAN_POINT('',(-105.,0.,0.));
#4832 = DIRECTION('',(-1.,0.,0.));
#4833 = DIRECTION('',(0.,0.,-1.));
#4834 = PCURVE('',#465,#4835);
#4835 = DEFINITIONAL_REPRESENTATION('',(#4836),#4840);
#4836 = LINE('',#4837,#4838);
#4837 = CARTESIAN_POINT('',(0.,70.));
#4838 = VECTOR('',#4839,1.);
#4839 = DIRECTION('',(1.,0.));
#4840 = ( GEOMETRIC_REPRESENTATION_CONTEXT(2) 
PARAMETRIC_REPRESENTATION_CONTEXT() REPRESENTATION_CONTEXT('2D SPACE',''
  ) );
#4841 = PCURVE('',#627,#4842);
#4842 = DEFINITIONAL_REPRESENTATION('',(#4843),#4847);
#4843 = CIRCLE('',#4844,15.);
#4844 = AXIS2_PLACEMENT_2D('',#4845,#4846);
#4845 = CARTESIAN_POINT('',(0.,0.));
#4846 = DIRECTION('',(1.,0.));
#4847 = ( GEOMETRIC_REPRESENTATION_CONTEXT(2) 
PARAMETRIC_REPRESENTATION_CONTEXT() REPRESENTATION_CONTEXT('2D SPACE',''
  ) );
#4848 = ORIENTED_EDGE('',*,*,#2398,.F.);
#4849 = ORIENTED_EDGE('',*,*,#4850,.F.);
#4850 = EDGE_CURVE('',#4851,#2373,#4853,.T.);
#4851 = VERTEX_POINT('',#4852);
#4852 = CARTESIAN_POINT('',(-100.,3.673940397442E-15,-15.));
#4853 = SURFACE_CURVE('',#4854,(#4859,#4866),.PCURVE_S1.);
#4854 = CIRCLE('',#4855,15.);
#4855 = AXIS2_PLACEMENT_3D('',#4856,#4857,#4858);
#4856 = CARTESIAN_POINT('',(-100.,0.,0.));
#4857 = DIRECTION('',(-1.,0.,0.));
#4858 = DIRECTION('',(0.,0.,-1.));
#4859 = PCURVE('',#465,#4860);
#4860 = DEFINITIONAL_REPRESENTATION('',(#4861),#4865);
#4861 = LINE('',#4862,#4863);
#4862 = CARTESIAN_POINT('',(0.,65.));
#4863 = VECTOR('',#4864,1.);
#4864 = DIRECTION('',(1.,0.));
#4865 = ( GEOMETRIC_REPRESENTATION_CONTEXT(2) 
PARAMETRIC_REPRESENTATION_CONTEXT() REPRESENTATION_CONTEXT('2D SPACE',''
  ) );
#4866 = PCURVE('',#2387,#4867);
#4867 = DEFINITIONAL_REPRESENTATION('',(#4868),#4872);
#4868 = CIRCLE('',#4869,15.);
#4869 = AXIS2_PLACEMENT_2D('',#4870,#4871);
#4870 = CARTESIAN_POINT('',(0.,0.));
#4871 = DIRECTION('',(1.,0.));
#4872 = ( GEOMETRIC_REPRESENTATION_CONTEXT(2) 
PARAMETRIC_REPRESENTATION_CONTEXT() REPRESENTATION_CONTEXT('2D SPACE',''
  ) );
#4873 = ORIENTED_EDGE('',*,*,#4874,.F.);
#4874 = EDGE_CURVE('',#4875,#4851,#4877,.T.);
#4875 = VERTEX_POINT('',#4876);
#4876 = CARTESIAN_POINT('',(-72.1,3.673940397442E-15,-15.));
#4877 = SEAM_CURVE('',#4878,(#4882,#4889),.PCURVE_S1.);
#4878 = LINE('',#4879,#4880);
#4879 = CARTESIAN_POINT('',(-35.,3.673940397442E-15,-15.));
#4880 = VECTOR('',#4881,1.);
#4881 = DIRECTION('',(-1.,0.,0.));
#4882 = PCURVE('',#465,#4883);
#4883 = DEFINITIONAL_REPRESENTATION('',(#4884),#4888);
#4884 = LINE('',#4885,#4886);
#4885 = CARTESIAN_POINT('',(6.28318530718,-0.));
#4886 = VECTOR('',#4887,1.);
#4887 = DIRECTION('',(0.,1.));
#4888 = ( GEOMETRIC_REPRESENTATION_CONTEXT(2) 
PARAMETRIC_REPRESENTATION_CONTEXT() REPRESENTATION_CONTEXT('2D SPACE',''
  ) );
#4889 = PCURVE('',#465,#4890);
#4890 = DEFINITIONAL_REPRESENTATION('',(#4891),#4895);
#4891 = LINE('',#4892,#4893);
#4892 = CARTESIAN_POINT('',(0.,-0.));
#4893 = VECTOR('',#4894,1.);
#4894 = DIRECTION('',(0.,1.));
#4895 = ( GEOMETRIC_REPRESENTATION_CONTEXT(2) 
PARAMETRIC_REPRESENTATION_CONTEXT() REPRESENTATION_CONTEXT('2D SPACE',''
  ) );
#4896 = ORIENTED_EDGE('',*,*,#4897,.T.);
#4897 = EDGE_CURVE('',#4875,#4898,#4900,.T.);
#4898 = VERTEX_POINT('',#4899);
#4899 = CARTESIAN_POINT('',(-67.9,1.5797943709E-15,-15.));
#4900 = SURFACE_CURVE('',#4901,(#4928,#4958),.PCURVE_S1.);
#4901 = B_SPLINE_CURVE_WITH_KNOTS('',7,(#4902,#4903,#4904,#4905,#4906,
    #4907,#4908,#4909,#4910,#4911,#4912,#4913,#4914,#4915,#4916,#4917,
    #4918,#4919,#4920,#4921,#4922,#4923,#4924,#4925,#4926,#4927),
  .UNSPECIFIED.,.F.,.F.,(8,6,6,6,8),(0.,0.24545722564,0.500054032253,
    0.754650219609,1.),.UNSPECIFIED.);
#4902 = CARTESIAN_POINT('',(-72.1,4.440892098501E-16,-15.));
#4903 = CARTESIAN_POINT('',(-72.1,-0.279114841086,-15.));
#4904 = CARTESIAN_POINT('',(-72.05671985613,-0.550621833632,
    -14.99394058823));
#4905 = CARTESIAN_POINT('',(-71.97440314705,-0.806764978539,
    -14.98241728871));
#4906 = CARTESIAN_POINT('',(-71.85873130942,-1.041123175926,
    -14.96699160453));
#4907 = CARTESIAN_POINT('',(-71.71677744774,-1.248816226171,
    -14.94978966022));
#4908 = CARTESIAN_POINT('',(-71.55692744357,-1.426969220229,
    -14.9327152988));
#4909 = CARTESIAN_POINT('',(-71.21432049966,-1.729017871856,
    -14.90081912626));
#4910 = CARTESIAN_POINT('',(-71.0262040304,-1.854814467231,
    -14.88566476047));
#4911 = CARTESIAN_POINT('',(-70.82887704014,-1.953787403224,
    -14.87268975536));
#4912 = CARTESIAN_POINT('',(-70.62546529399,-2.027106265677,
    -14.86257928826));
#4913 = CARTESIAN_POINT('',(-70.41829377989,-2.075678646908,
    -14.85571138535));
#4914 = CARTESIAN_POINT('',(-70.20923494631,-2.1,-14.85227255338));
#4915 = CARTESIAN_POINT('',(-69.79076556261,-2.1,-14.85227255338));
#4916 = CARTESIAN_POINT('',(-69.58170197913,-2.075678787251,
    -14.85571136488));
#4917 = CARTESIAN_POINT('',(-69.37452757371,-2.02710437675,
    -14.86257955539));
#4918 = CARTESIAN_POINT('',(-69.17111882996,-1.953784318804,
    -14.87269019772));
#4919 = CARTESIAN_POINT('',(-68.97379872539,-1.854814262741,
    -14.88566466089));
#4920 = CARTESIAN_POINT('',(-68.78568521653,-1.729022911364,
    -14.90081859409));
#4921 = CARTESIAN_POINT('',(-68.44314025397,-1.427028903651,
    -14.93270899626));
#4922 = CARTESIAN_POINT('',(-68.28325137764,-1.248871651566,
    -14.94978520486));
#4923 = CARTESIAN_POINT('',(-68.14123907644,-1.041116958034,
    -14.9669942657));
#4924 = CARTESIAN_POINT('',(-68.02553935042,-0.806673727463,
    -14.98242535667));
#4925 = CARTESIAN_POINT('',(-67.94323971552,-0.550471778571,
    -14.99394624532));
#4926 = CARTESIAN_POINT('',(-67.9,-0.278984464687,-15.));
#4927 = CARTESIAN_POINT('',(-67.9,-4.440892098501E-16,-15.));
#4928 = PCURVE('',#465,#4929);
#4929 = DEFINITIONAL_REPRESENTATION('',(#4930),#4957);
#4930 = B_SPLINE_CURVE_WITH_KNOTS('',7,(#4931,#4932,#4933,#4934,#4935,
    #4936,#4937,#4938,#4939,#4940,#4941,#4942,#4943,#4944,#4945,#4946,
    #4947,#4948,#4949,#4950,#4951,#4952,#4953,#4954,#4955,#4956),
  .UNSPECIFIED.,.F.,.F.,(8,6,6,6,8),(0.,0.24545722564,0.500054032253,
    0.754650219609,1.),.UNSPECIFIED.);
#4931 = CARTESIAN_POINT('',(0.,37.1));
#4932 = CARTESIAN_POINT('',(1.860765607243E-02,37.1));
#4933 = CARTESIAN_POINT('',(3.670813366069E-02,37.056719856138));
#4934 = CARTESIAN_POINT('',(5.379480272813E-02,36.97440314705));
#4935 = CARTESIAN_POINT('',(6.944786127734E-02,36.858731309421));
#4936 = CARTESIAN_POINT('',(8.333958794681E-02,36.716777447743));
#4937 = CARTESIAN_POINT('',(9.527031067627E-02,36.556927443575));
#4938 = CARTESIAN_POINT('',(0.115518850132,36.214320499662));
#4939 = CARTESIAN_POINT('',(0.123965014265,36.0262040304));
#4940 = CARTESIAN_POINT('',(0.130619352461,35.828877040142));
#4941 = CARTESIAN_POINT('',(0.135553493632,35.625465293995));
#4942 = CARTESIAN_POINT('',(0.138823864425,35.418293779898));
#4943 = CARTESIAN_POINT('',(0.14046141471,35.20923494631));
#4944 = CARTESIAN_POINT('',(0.14046141471,34.790765562613));
#4945 = CARTESIAN_POINT('',(0.13882387392,34.581701979131));
#4946 = CARTESIAN_POINT('',(0.135553366325,34.374527573714));
#4947 = CARTESIAN_POINT('',(0.130619144945,34.171118829963));
#4948 = CARTESIAN_POINT('',(0.123965001422,33.973798725399));
#4949 = CARTESIAN_POINT('',(0.115519187967,33.785685216538));
#4950 = CARTESIAN_POINT('',(9.527431169439E-02,33.443140253979));
#4951 = CARTESIAN_POINT('',(8.334329405049E-02,33.28325137764));
#4952 = CARTESIAN_POINT('',(6.94474310148E-02,33.141239076441));
#4953 = CARTESIAN_POINT('',(5.378870337015E-02,33.025539350428));
#4954 = CARTESIAN_POINT('',(3.66981302004E-02,32.94323971552));
#4955 = CARTESIAN_POINT('',(1.859896431244E-02,32.9));
#4956 = CARTESIAN_POINT('',(0.,32.9));
#4957 = ( GEOMETRIC_REPRESENTATION_CONTEXT(2) 
PARAMETRIC_REPRESENTATION_CONTEXT() REPRESENTATION_CONTEXT('2D SPACE',''
  ) );
#4958 = PCURVE('',#4959,#4964);
#4959 = CYLINDRICAL_SURFACE('',#4960,2.1);
#4960 = AXIS2_PLACEMENT_3D('',#4961,#4962,#4963);
#4961 = CARTESIAN_POINT('',(-70.,0.,-20.));
#4962 = DIRECTION('',(0.,0.,1.));
#4963 = DIRECTION('',(1.,0.,-0.));
#4964 = DEFINITIONAL_REPRESENTATION('',(#4965),#4992);
#4965 = B_SPLINE_CURVE_WITH_KNOTS('',7,(#4966,#4967,#4968,#4969,#4970,
    #4971,#4972,#4973,#4974,#4975,#4976,#4977,#4978,#4979,#4980,#4981,
    #4982,#4983,#4984,#4985,#4986,#4987,#4988,#4989,#4990,#4991),
  .UNSPECIFIED.,.F.,.F.,(8,6,6,6,8),(0.,0.24545722564,0.500054032253,
    0.754650219609,1.),.UNSPECIFIED.);
#4966 = CARTESIAN_POINT('',(3.14159265359,5.));
#4967 = CARTESIAN_POINT('',(3.274504482679,5.));
#4968 = CARTESIAN_POINT('',(3.403793436879,5.006059411762));
#4969 = CARTESIAN_POINT('',(3.529601652969,5.017582711289));
#4970 = CARTESIAN_POINT('',(3.65176528752,5.033008395469));
#4971 = CARTESIAN_POINT('',(3.769862235794,5.050210339774));
#4972 = CARTESIAN_POINT('',(3.883062273274,5.067284701199));
#4973 = CARTESIAN_POINT('',(4.10055828203,5.099180873737));
#4974 = CARTESIAN_POINT('',(4.207367459136,5.114335239521));
#4975 = CARTESIAN_POINT('',(4.311236508755,5.127310244634));
#4976 = CARTESIAN_POINT('',(4.412932245979,5.137420711731));
#4977 = CARTESIAN_POINT('',(4.513201622414,5.144288614644));
#4978 = CARTESIAN_POINT('',(4.612753291666,5.147727446616));
#4979 = CARTESIAN_POINT('',(4.81202442676,5.147727446616));
#4980 = CARTESIAN_POINT('',(4.911578347079,5.144288635115));
#4981 = CARTESIAN_POINT('',(5.011849127534,5.13742044461));
#4982 = CARTESIAN_POINT('',(5.113543695231,5.127309802272));
#4983 = CARTESIAN_POINT('',(5.217409578746,5.114335339108));
#4984 = CARTESIAN_POINT('',(5.324216049943,5.099181405907));
#4985 = CARTESIAN_POINT('',(5.541672711285,5.067291003736));
#4986 = CARTESIAN_POINT('',(5.654887988965,5.050214795134));
#4987 = CARTESIAN_POINT('',(5.773022741938,5.033005734295));
#4988 = CARTESIAN_POINT('',(5.895225063659,5.017574643326));
#4989 = CARTESIAN_POINT('',(6.021055992288,5.006053754678));
#4990 = CARTESIAN_POINT('',(6.150335562091,5.));
#4991 = CARTESIAN_POINT('',(6.28318530718,5.));
#4992 = ( GEOMETRIC_REPRESENTATION_CONTEXT(2) 
PARAMETRIC_REPRESENTATION_CONTEXT() REPRESENTATION_CONTEXT('2D SPACE',''
  ) );
#4993 = ORIENTED_EDGE('',*,*,#4994,.F.);
#4994 = EDGE_CURVE('',#4995,#4898,#4997,.T.);
#4995 = VERTEX_POINT('',#4996);
#4996 = CARTESIAN_POINT('',(-40.,3.673940397442E-15,-15.));
#4997 = SEAM_CURVE('',#4998,(#5002,#5009),.PCURVE_S1.);
#4998 = LINE('',#4999,#5000);
#4999 = CARTESIAN_POINT('',(-35.,3.673940397442E-15,-15.));
#5000 = VECTOR('',#5001,1.);
#5001 = DIRECTION('',(-1.,0.,0.));
#5002 = PCURVE('',#465,#5003);
#5003 = DEFINITIONAL_REPRESENTATION('',(#5004),#5008);
#5004 = LINE('',#5005,#5006);
#5005 = CARTESIAN_POINT('',(6.28318530718,-0.));
#5006 = VECTOR('',#5007,1.);
#5007 = DIRECTION('',(0.,1.));
#5008 = ( GEOMETRIC_REPRESENTATION_CONTEXT(2) 
PARAMETRIC_REPRESENTATION_CONTEXT() REPRESENTATION_CONTEXT('2D SPACE',''
  ) );
#5009 = PCURVE('',#465,#5010);
#5010 = DEFINITIONAL_REPRESENTATION('',(#5011),#5015);
#5011 = LINE('',#5012,#5013);
#5012 = CARTESIAN_POINT('',(0.,-0.));
#5013 = VECTOR('',#5014,1.);
#5014 = DIRECTION('',(0.,1.));
#5015 = ( GEOMETRIC_REPRESENTATION_CONTEXT(2) 
PARAMETRIC_REPRESENTATION_CONTEXT() REPRESENTATION_CONTEXT('2D SPACE',''
  ) );
#5016 = ORIENTED_EDGE('',*,*,#5017,.T.);
#5017 = EDGE_CURVE('',#4995,#2310,#5018,.T.);
#5018 = SURFACE_CURVE('',#5019,(#5024,#5031),.PCURVE_S1.);
#5019 = CIRCLE('',#5020,15.);
#5020 = AXIS2_PLACEMENT_3D('',#5021,#5022,#5023);
#5021 = CARTESIAN_POINT('',(-40.,0.,0.));
#5022 = DIRECTION('',(-1.,0.,0.));
#5023 = DIRECTION('',(0.,0.,-1.));
#5024 = PCURVE('',#465,#5025);
#5025 = DEFINITIONAL_REPRESENTATION('',(#5026),#5030);
#5026 = LINE('',#5027,#5028);
#5027 = CARTESIAN_POINT('',(0.,5.));
#5028 = VECTOR('',#5029,1.);
#5029 = DIRECTION('',(1.,0.));
#5030 = ( GEOMETRIC_REPRESENTATION_CONTEXT(2) 
PARAMETRIC_REPRESENTATION_CONTEXT() REPRESENTATION_CONTEXT('2D SPACE',''
  ) );
#5031 = PCURVE('',#2256,#5032);
#5032 = DEFINITIONAL_REPRESENTATION('',(#5033),#5037);
#5033 = CIRCLE('',#5034,15.);
#5034 = AXIS2_PLACEMENT_2D('',#5035,#5036);
#5035 = CARTESIAN_POINT('',(0.,0.));
#5036 = DIRECTION('',(1.,0.));
#5037 = ( GEOMETRIC_REPRESENTATION_CONTEXT(2) 
PARAMETRIC_REPRESENTATION_CONTEXT() REPRESENTATION_CONTEXT('2D SPACE',''
  ) );
#5038 = ORIENTED_EDGE('',*,*,#2309,.F.);
#5039 = ORIENTED_EDGE('',*,*,#5040,.T.);
#5040 = EDGE_CURVE('',#2289,#477,#5041,.T.);
#5041 = SURFACE_CURVE('',#5042,(#5047,#5054),.PCURVE_S1.);
#5042 = CIRCLE('',#5043,15.);
#5043 = AXIS2_PLACEMENT_3D('',#5044,#5045,#5046);
#5044 = CARTESIAN_POINT('',(-35.,0.,0.));
#5045 = DIRECTION('',(-1.,0.,0.));
#5046 = DIRECTION('',(0.,0.,-1.));
#5047 = PCURVE('',#465,#5048);
#5048 = DEFINITIONAL_REPRESENTATION('',(#5049),#5053);
#5049 = LINE('',#5050,#5051);
#5050 = CARTESIAN_POINT('',(0.,0.));
#5051 = VECTOR('',#5052,1.);
#5052 = DIRECTION('',(1.,0.));
#5053 = ( GEOMETRIC_REPRESENTATION_CONTEXT(2) 
PARAMETRIC_REPRESENTATION_CONTEXT() REPRESENTATION_CONTEXT('2D SPACE',''
  ) );
#5054 = PCURVE('',#491,#5055);
#5055 = DEFINITIONAL_REPRESENTATION('',(#5056),#5060);
#5056 = CIRCLE('',#5057,15.);
#5057 = AXIS2_PLACEMENT_2D('',#5058,#5059);
#5058 = CARTESIAN_POINT('',(0.,0.));
#5059 = DIRECTION('',(1.,0.));
#5060 = ( GEOMETRIC_REPRESENTATION_CONTEXT(2) 
PARAMETRIC_REPRESENTATION_CONTEXT() REPRESENTATION_CONTEXT('2D SPACE',''
  ) );
#5061 = ORIENTED_EDGE('',*,*,#502,.T.);
#5062 = ORIENTED_EDGE('',*,*,#5063,.T.);
#5063 = EDGE_CURVE('',#503,#425,#5064,.T.);
#5064 = SURFACE_CURVE('',#5065,(#5070,#5077),.PCURVE_S1.);
#5065 = CIRCLE('',#5066,15.);
#5066 = AXIS2_PLACEMENT_3D('',#5067,#5068,#5069);
#5067 = CARTESIAN_POINT('',(-40.,0.,0.));
#5068 = DIRECTION('',(-1.,0.,0.));
#5069 = DIRECTION('',(0.,0.,-1.));
#5070 = PCURVE('',#465,#5071);
#5071 = DEFINITIONAL_REPRESENTATION('',(#5072),#5076);
#5072 = LINE('',#5073,#5074);
#5073 = CARTESIAN_POINT('',(0.,5.));
#5074 = VECTOR('',#5075,1.);
#5075 = DIRECTION('',(1.,0.));
#5076 = ( GEOMETRIC_REPRESENTATION_CONTEXT(2) 
PARAMETRIC_REPRESENTATION_CONTEXT() REPRESENTATION_CONTEXT('2D SPACE',''
  ) );
#5077 = PCURVE('',#439,#5078);
#5078 = DEFINITIONAL_REPRESENTATION('',(#5079),#5083);
#5079 = CIRCLE('',#5080,15.);
#5080 = AXIS2_PLACEMENT_2D('',#5081,#5082);
#5081 = CARTESIAN_POINT('',(0.,0.));
#5082 = DIRECTION('',(1.,0.));
#5083 = ( GEOMETRIC_REPRESENTATION_CONTEXT(2) 
PARAMETRIC_REPRESENTATION_CONTEXT() REPRESENTATION_CONTEXT('2D SPACE',''
  ) );
#5084 = ORIENTED_EDGE('',*,*,#450,.F.);
#5085 = ORIENTED_EDGE('',*,*,#5086,.T.);
#5086 = EDGE_CURVE('',#451,#2268,#5087,.T.);
#5087 = SURFACE_CURVE('',#5088,(#5093,#5100),.PCURVE_S1.);
#5088 = CIRCLE('',#5089,15.);
#5089 = AXIS2_PLACEMENT_3D('',#5090,#5091,#5092);
#5090 = CARTESIAN_POINT('',(-35.,0.,0.));
#5091 = DIRECTION('',(-1.,0.,0.));
#5092 = DIRECTION('',(0.,0.,-1.));
#5093 = PCURVE('',#465,#5094);
#5094 = DEFINITIONAL_REPRESENTATION('',(#5095),#5099);
#5095 = LINE('',#5096,#5097);
#5096 = CARTESIAN_POINT('',(0.,0.));
#5097 = VECTOR('',#5098,1.);
#5098 = DIRECTION('',(1.,0.));
#5099 = ( GEOMETRIC_REPRESENTATION_CONTEXT(2) 
PARAMETRIC_REPRESENTATION_CONTEXT() REPRESENTATION_CONTEXT('2D SPACE',''
  ) );
#5100 = PCURVE('',#491,#5101);
#5101 = DEFINITIONAL_REPRESENTATION('',(#5102),#5106);
#5102 = CIRCLE('',#5103,15.);
#5103 = AXIS2_PLACEMENT_2D('',#5104,#5105);
#5104 = CARTESIAN_POINT('',(0.,0.));
#5105 = DIRECTION('',(1.,0.));
#5106 = ( GEOMETRIC_REPRESENTATION_CONTEXT(2) 
PARAMETRIC_REPRESENTATION_CONTEXT() REPRESENTATION_CONTEXT('2D SPACE',''
  ) );
#5107 = ORIENTED_EDGE('',*,*,#2267,.T.);
#5108 = ORIENTED_EDGE('',*,*,#5109,.T.);
#5109 = EDGE_CURVE('',#2242,#4995,#5110,.T.);
#5110 = SURFACE_CURVE('',#5111,(#5116,#5123),.PCURVE_S1.);
#5111 = CIRCLE('',#5112,15.);
#5112 = AXIS2_PLACEMENT_3D('',#5113,#5114,#5115);
#5113 = CARTESIAN_POINT('',(-40.,0.,0.));
#5114 = DIRECTION('',(-1.,0.,0.));
#5115 = DIRECTION('',(0.,0.,-1.));
#5116 = PCURVE('',#465,#5117);
#5117 = DEFINITIONAL_REPRESENTATION('',(#5118),#5122);
#5118 = LINE('',#5119,#5120);
#5119 = CARTESIAN_POINT('',(0.,5.));
#5120 = VECTOR('',#5121,1.);
#5121 = DIRECTION('',(1.,0.));
#5122 = ( GEOMETRIC_REPRESENTATION_CONTEXT(2) 
PARAMETRIC_REPRESENTATION_CONTEXT() REPRESENTATION_CONTEXT('2D SPACE',''
  ) );
#5123 = PCURVE('',#2256,#5124);
#5124 = DEFINITIONAL_REPRESENTATION('',(#5125),#5129);
#5125 = CIRCLE('',#5126,15.);
#5126 = AXIS2_PLACEMENT_2D('',#5127,#5128);
#5127 = CARTESIAN_POINT('',(0.,0.));
#5128 = DIRECTION('',(1.,0.));
#5129 = ( GEOMETRIC_REPRESENTATION_CONTEXT(2) 
PARAMETRIC_REPRESENTATION_CONTEXT() REPRESENTATION_CONTEXT('2D SPACE',''
  ) );
#5130 = ORIENTED_EDGE('',*,*,#4994,.T.);
#5131 = ORIENTED_EDGE('',*,*,#5132,.T.);
#5132 = EDGE_CURVE('',#4898,#4875,#5133,.T.);
#5133 = SURFACE_CURVE('',#5134,(#5161,#5191),.PCURVE_S1.);
#5134 = B_SPLINE_CURVE_WITH_KNOTS('',7,(#5135,#5136,#5137,#5138,#5139,
    #5140,#5141,#5142,#5143,#5144,#5145,#5146,#5147,#5148,#5149,#5150,
    #5151,#5152,#5153,#5154,#5155,#5156,#5157,#5158,#5159,#5160),
  .UNSPECIFIED.,.F.,.F.,(8,6,6,6,8),(0.,0.245431824219,0.500010262898,
    0.754602332378,1.),.UNSPECIFIED.);
#5135 = CARTESIAN_POINT('',(-67.9,1.5797943709E-15,-15.));
#5136 = CARTESIAN_POINT('',(-67.9,0.279114841086,-15.));
#5137 = CARTESIAN_POINT('',(-67.94328014386,0.550621833631,
    -14.99394058823));
#5138 = CARTESIAN_POINT('',(-68.02559685295,0.80676497854,
    -14.98241728871));
#5139 = CARTESIAN_POINT('',(-68.14126869057,1.041123175926,
    -14.96699160453));
#5140 = CARTESIAN_POINT('',(-68.28322255225,1.248816226172,
    -14.94978966022));
#5141 = CARTESIAN_POINT('',(-68.44307255642,1.426969220229,
    -14.9327152988));
#5142 = CARTESIAN_POINT('',(-68.78568496784,1.729022692113,
    -14.90081861724));
#5143 = CARTESIAN_POINT('',(-68.97379669799,1.854812629013,
    -14.88566483757));
#5144 = CARTESIAN_POINT('',(-69.17111709024,1.953784201403,
    -14.8726902789));
#5145 = CARTESIAN_POINT('',(-69.37453034562,2.027106735307,
    -14.86257921381));
#5146 = CARTESIAN_POINT('',(-69.58171111592,2.075681346837,
    -14.85571100596));
#5147 = CARTESIAN_POINT('',(-69.79077676497,2.1,-14.85227255338));
#5148 = CARTESIAN_POINT('',(-70.20923443738,2.1,-14.85227255338));
#5149 = CARTESIAN_POINT('',(-70.41829802086,2.075678787251,
    -14.85571136488));
#5150 = CARTESIAN_POINT('',(-70.62547242628,2.027104376749,
    -14.86257955539));
#5151 = CARTESIAN_POINT('',(-70.82888117003,1.953784318804,
    -14.87269019772));
#5152 = CARTESIAN_POINT('',(-71.0262012746,1.854814262741,
    -14.88566466089));
#5153 = CARTESIAN_POINT('',(-71.21431478346,1.729022911364,
    -14.90081859409));
#5154 = CARTESIAN_POINT('',(-71.55689527615,1.426997579627,
    -14.93271230406));
#5155 = CARTESIAN_POINT('',(-71.71675915015,1.248846638305,
    -14.94978711743));
#5156 = CARTESIAN_POINT('',(-71.85874085637,1.041127821907,
    -14.96699221715));
#5157 = CARTESIAN_POINT('',(-71.97442965442,0.806727799118,
    -14.98242098978));
#5158 = CARTESIAN_POINT('',(-72.05674053963,0.550550223873,
    -14.99394348792));
#5159 = CARTESIAN_POINT('',(-72.1,0.27904815939,-15.));
#5160 = CARTESIAN_POINT('',(-72.1,2.222733940452E-15,-15.));
#5161 = PCURVE('',#465,#5162);
#5162 = DEFINITIONAL_REPRESENTATION('',(#5163),#5190);
#5163 = B_SPLINE_CURVE_WITH_KNOTS('',7,(#5164,#5165,#5166,#5167,#5168,
    #5169,#5170,#5171,#5172,#5173,#5174,#5175,#5176,#5177,#5178,#5179,
    #5180,#5181,#5182,#5183,#5184,#5185,#5186,#5187,#5188,#5189),
  .UNSPECIFIED.,.F.,.F.,(8,6,6,6,8),(0.,0.245431824219,0.500010262898,
    0.754602332378,1.),.UNSPECIFIED.);
#5164 = CARTESIAN_POINT('',(6.28318530718,32.9));
#5165 = CARTESIAN_POINT('',(6.264577651107,32.9));
#5166 = CARTESIAN_POINT('',(6.246477173519,32.943280143862));
#5167 = CARTESIAN_POINT('',(6.229390504451,33.025596852951));
#5168 = CARTESIAN_POINT('',(6.213737445902,33.141268690578));
#5169 = CARTESIAN_POINT('',(6.199845719233,33.283222552258));
#5170 = CARTESIAN_POINT('',(6.187914996503,33.443072556425));
#5171 = CARTESIAN_POINT('',(6.16766613391,33.785684967846));
#5172 = CARTESIAN_POINT('',(6.159220415265,33.973796697997));
#5173 = CARTESIAN_POINT('',(6.152566170746,34.171117090248));
#5174 = CARTESIAN_POINT('',(6.147631781936,34.374530345629));
#5175 = CARTESIAN_POINT('',(6.144361260975,34.58171111592));
#5176 = CARTESIAN_POINT('',(6.14272389247,34.790776764976));
#5177 = CARTESIAN_POINT('',(6.14272389247,35.209234437387));
#5178 = CARTESIAN_POINT('',(6.14436143326,35.418298020869));
#5179 = CARTESIAN_POINT('',(6.147631940854,35.625472426286));
#5180 = CARTESIAN_POINT('',(6.152566162235,35.828881170037));
#5181 = CARTESIAN_POINT('',(6.159220305758,36.026201274601));
#5182 = CARTESIAN_POINT('',(6.167666119212,36.214314783462));
#5183 = CARTESIAN_POINT('',(6.187913095365,36.556895276153));
#5184 = CARTESIAN_POINT('',(6.199843684878,36.716759150151));
#5185 = CARTESIAN_POINT('',(6.213737142312,36.858740856377));
#5186 = CARTESIAN_POINT('',(6.229392991042,36.974429654425));
#5187 = CARTESIAN_POINT('',(6.246481947519,37.056740539635));
#5188 = CARTESIAN_POINT('',(6.264582096554,37.1));
#5189 = CARTESIAN_POINT('',(6.28318530718,37.1));
#5190 = ( GEOMETRIC_REPRESENTATION_CONTEXT(2) 
PARAMETRIC_REPRESENTATION_CONTEXT() REPRESENTATION_CONTEXT('2D SPACE',''
  ) );
#5191 = PCURVE('',#4959,#5192);
#5192 = DEFINITIONAL_REPRESENTATION('',(#5193),#5220);
#5193 = B_SPLINE_CURVE_WITH_KNOTS('',7,(#5194,#5195,#5196,#5197,#5198,
    #5199,#5200,#5201,#5202,#5203,#5204,#5205,#5206,#5207,#5208,#5209,
    #5210,#5211,#5212,#5213,#5214,#5215,#5216,#5217,#5218,#5219),
  .UNSPECIFIED.,.F.,.F.,(8,6,6,6,8),(0.,0.245431824219,0.500010262898,
    0.754602332378,1.),.UNSPECIFIED.);
#5194 = CARTESIAN_POINT('',(0.,5.));
#5195 = CARTESIAN_POINT('',(0.132911829089,5.));
#5196 = CARTESIAN_POINT('',(0.262200783289,5.006059411762));
#5197 = CARTESIAN_POINT('',(0.388008999379,5.017582711289));
#5198 = CARTESIAN_POINT('',(0.51017263393,5.033008395469));
#5199 = CARTESIAN_POINT('',(0.628269582204,5.050210339774));
#5200 = CARTESIAN_POINT('',(0.741469619685,5.067284701199));
#5201 = CARTESIAN_POINT('',(0.95896909936,5.099181382754));
#5202 = CARTESIAN_POINT('',(1.065774497183,5.114335162424));
#5203 = CARTESIAN_POINT('',(1.169640913774,5.127309721099));
#5204 = CARTESIAN_POINT('',(1.271337781005,5.137420786188));
#5205 = CARTESIAN_POINT('',(1.371611295788,5.144288994037));
#5206 = CARTESIAN_POINT('',(1.471166214879,5.147727446616));
#5207 = CARTESIAN_POINT('',(1.67043177317,5.147727446616));
#5208 = CARTESIAN_POINT('',(1.769985693489,5.144288635115));
#5209 = CARTESIAN_POINT('',(1.870256473944,5.13742044461));
#5210 = CARTESIAN_POINT('',(1.971951041641,5.127309802272));
#5211 = CARTESIAN_POINT('',(2.075816925156,5.114335339108));
#5212 = CARTESIAN_POINT('',(2.182623396354,5.099181405907));
#5213 = CARTESIAN_POINT('',(2.400102613169,5.067287695936));
#5214 = CARTESIAN_POINT('',(2.513306961949,5.05021288257));
#5215 = CARTESIAN_POINT('',(2.631420806018,5.033007782845));
#5216 = CARTESIAN_POINT('',(2.753604070727,5.017579010214));
#5217 = CARTESIAN_POINT('',(2.879425977551,5.006056512078));
#5218 = CARTESIAN_POINT('',(3.00871257769,5.));
#5219 = CARTESIAN_POINT('',(3.14159265359,5.));
#5220 = ( GEOMETRIC_REPRESENTATION_CONTEXT(2) 
PARAMETRIC_REPRESENTATION_CONTEXT() REPRESENTATION_CONTEXT('2D SPACE',''
  ) );
#5221 = ORIENTED_EDGE('',*,*,#4874,.T.);
#5222 = ORIENTED_EDGE('',*,*,#5223,.F.);
#5223 = EDGE_CURVE('',#2441,#4851,#5224,.T.);
#5224 = SURFACE_CURVE('',#5225,(#5230,#5237),.PCURVE_S1.);
#5225 = CIRCLE('',#5226,15.);
#5226 = AXIS2_PLACEMENT_3D('',#5227,#5228,#5229);
#5227 = CARTESIAN_POINT('',(-100.,0.,0.));
#5228 = DIRECTION('',(-1.,0.,0.));
#5229 = DIRECTION('',(0.,0.,-1.));
#5230 = PCURVE('',#465,#5231);
#5231 = DEFINITIONAL_REPRESENTATION('',(#5232),#5236);
#5232 = LINE('',#5233,#5234);
#5233 = CARTESIAN_POINT('',(0.,65.));
#5234 = VECTOR('',#5235,1.);
#5235 = DIRECTION('',(1.,0.));
#5236 = ( GEOMETRIC_REPRESENTATION_CONTEXT(2) 
PARAMETRIC_REPRESENTATION_CONTEXT() REPRESENTATION_CONTEXT('2D SPACE',''
  ) );
#5237 = PCURVE('',#2387,#5238);
#5238 = DEFINITIONAL_REPRESENTATION('',(#5239),#5243);
#5239 = CIRCLE('',#5240,15.);
#5240 = AXIS2_PLACEMENT_2D('',#5241,#5242);
#5241 = CARTESIAN_POINT('',(0.,0.));
#5242 = DIRECTION('',(1.,0.));
#5243 = ( GEOMETRIC_REPRESENTATION_CONTEXT(2) 
PARAMETRIC_REPRESENTATION_CONTEXT() REPRESENTATION_CONTEXT('2D SPACE',''
  ) );
#5244 = ORIENTED_EDGE('',*,*,#2440,.T.);
#5245 = ORIENTED_EDGE('',*,*,#5246,.F.);
#5246 = EDGE_CURVE('',#613,#2420,#5247,.T.);
#5247 = SURFACE_CURVE('',#5248,(#5253,#5260),.PCURVE_S1.);
#5248 = CIRCLE('',#5249,15.);
#5249 = AXIS2_PLACEMENT_3D('',#5250,#5251,#5252);
#5250 = CARTESIAN_POINT('',(-105.,0.,0.));
#5251 = DIRECTION('',(-1.,0.,0.));
#5252 = DIRECTION('',(0.,0.,-1.));
#5253 = PCURVE('',#465,#5254);
#5254 = DEFINITIONAL_REPRESENTATION('',(#5255),#5259);
#5255 = LINE('',#5256,#5257);
#5256 = CARTESIAN_POINT('',(0.,70.));
#5257 = VECTOR('',#5258,1.);
#5258 = DIRECTION('',(1.,0.));
#5259 = ( GEOMETRIC_REPRESENTATION_CONTEXT(2) 
PARAMETRIC_REPRESENTATION_CONTEXT() REPRESENTATION_CONTEXT('2D SPACE',''
  ) );
#5260 = PCURVE('',#627,#5261);
#5261 = DEFINITIONAL_REPRESENTATION('',(#5262),#5266);
#5262 = CIRCLE('',#5263,15.);
#5263 = AXIS2_PLACEMENT_2D('',#5264,#5265);
#5264 = CARTESIAN_POINT('',(0.,0.));
#5265 = DIRECTION('',(1.,0.));
#5266 = ( GEOMETRIC_REPRESENTATION_CONTEXT(2) 
PARAMETRIC_REPRESENTATION_CONTEXT() REPRESENTATION_CONTEXT('2D SPACE',''
  ) );
#5267 = ORIENTED_EDGE('',*,*,#638,.F.);
#5268 = ORIENTED_EDGE('',*,*,#4801,.F.);
#5269 = ORIENTED_EDGE('',*,*,#591,.T.);
#5270 = FACE_BOUND('',#5271,.F.);
#5271 = EDGE_LOOP('',(#5272));
#5272 = ORIENTED_EDGE('',*,*,#5273,.F.);
#5273 = EDGE_CURVE('',#5274,#5274,#5276,.T.);
#5274 = VERTEX_POINT('',#5275);
#5275 = CARTESIAN_POINT('',(-67.9,-5.143516556419E-16,15.));
#5276 = SURFACE_CURVE('',#5277,(#5328,#5382),.PCURVE_S1.);
#5277 = B_SPLINE_CURVE_WITH_KNOTS('',7,(#5278,#5279,#5280,#5281,#5282,
    #5283,#5284,#5285,#5286,#5287,#5288,#5289,#5290,#5291,#5292,#5293,
    #5294,#5295,#5296,#5297,#5298,#5299,#5300,#5301,#5302,#5303,#5304,
    #5305,#5306,#5307,#5308,#5309,#5310,#5311,#5312,#5313,#5314,#5315,
    #5316,#5317,#5318,#5319,#5320,#5321,#5322,#5323,#5324,#5325,#5326,
    #5327),.UNSPECIFIED.,.T.,.F.,(8,6,6,6,6,6,6,6,8),(0.,0.122716142367,
    0.250005600545,0.377301874136,0.500000938173,0.622729322531,
    0.750027484462,0.877325337522,1.),.UNSPECIFIED.);
#5278 = CARTESIAN_POINT('',(-67.9,-1.33226762955E-15,15.));
#5279 = CARTESIAN_POINT('',(-67.9,0.279114841086,15.));
#5280 = CARTESIAN_POINT('',(-67.94328014386,0.550621833632,
    14.993940588238));
#5281 = CARTESIAN_POINT('',(-68.02559685295,0.806764978539,
    14.982417288711));
#5282 = CARTESIAN_POINT('',(-68.14126869057,1.041123175926,
    14.966991604531));
#5283 = CARTESIAN_POINT('',(-68.28322255225,1.248816226172,
    14.949789660226));
#5284 = CARTESIAN_POINT('',(-68.44307255642,1.426969220229,
    14.932715298801));
#5285 = CARTESIAN_POINT('',(-68.78568496784,1.729022692112,
    14.900818617246));
#5286 = CARTESIAN_POINT('',(-68.97379669799,1.854812629014,
    14.885664837576));
#5287 = CARTESIAN_POINT('',(-69.17111709024,1.953784201403,
    14.872690278901));
#5288 = CARTESIAN_POINT('',(-69.37453034562,2.027106735307,
    14.862579213812));
#5289 = CARTESIAN_POINT('',(-69.58171111592,2.075681346837,
    14.855711005963));
#5290 = CARTESIAN_POINT('',(-69.79077676497,2.1,14.852272553384));
#5291 = CARTESIAN_POINT('',(-70.20923443738,2.1,14.852272553384));
#5292 = CARTESIAN_POINT('',(-70.41829802086,2.075678787251,
    14.855711364885));
#5293 = CARTESIAN_POINT('',(-70.62547242628,2.02710437675,14.86257955539
    ));
#5294 = CARTESIAN_POINT('',(-70.82888117003,1.953784318804,
    14.872690197728));
#5295 = CARTESIAN_POINT('',(-71.0262012746,1.854814262741,
    14.885664660892));
#5296 = CARTESIAN_POINT('',(-71.21431478346,1.729022911364,
    14.900818594093));
#5297 = CARTESIAN_POINT('',(-71.55689527615,1.426997579627,
    14.932712304064));
#5298 = CARTESIAN_POINT('',(-71.71675915015,1.248846638305,
    14.94978711743));
#5299 = CARTESIAN_POINT('',(-71.85874085637,1.041127821908,
    14.966992217155));
#5300 = CARTESIAN_POINT('',(-71.97442965442,0.806727799116,
    14.982420989786));
#5301 = CARTESIAN_POINT('',(-72.05674053963,0.550550223874,
    14.993943487922));
#5302 = CARTESIAN_POINT('',(-72.1,0.27904815939,15.));
#5303 = CARTESIAN_POINT('',(-72.1,-0.279114841087,15.));
#5304 = CARTESIAN_POINT('',(-72.05671985613,-0.550621833631,
    14.993940588238));
#5305 = CARTESIAN_POINT('',(-71.97440314704,-0.806764978541,
    14.982417288711));
#5306 = CARTESIAN_POINT('',(-71.85873130942,-1.041123175925,
    14.966991604531));
#5307 = CARTESIAN_POINT('',(-71.71677744774,-1.248816226172,
    14.949789660226));
#5308 = CARTESIAN_POINT('',(-71.55692744357,-1.426969220229,
    14.932715298801));
#5309 = CARTESIAN_POINT('',(-71.21432050569,-1.729017866534,
    14.900819126825));
#5310 = CARTESIAN_POINT('',(-71.02620401719,-1.854814480956,
    14.885664759014));
#5311 = CARTESIAN_POINT('',(-70.82887704564,-1.95378738837,
    14.872689756926));
#5312 = CARTESIAN_POINT('',(-70.62546530596,-2.027106273203,
    14.862579287524));
#5313 = CARTESIAN_POINT('',(-70.41829376457,-2.075678645466,
    14.855711385475));
#5314 = CARTESIAN_POINT('',(-70.20923495185,-2.1,14.852272553384));
#5315 = CARTESIAN_POINT('',(-69.79076555582,-2.1,14.852272553384));
#5316 = CARTESIAN_POINT('',(-69.58170199571,-2.075678785534,
    14.855711365038));
#5317 = CARTESIAN_POINT('',(-69.37452756173,-2.027104384878,
    14.862579554569));
#5318 = CARTESIAN_POINT('',(-69.171118824,-1.953784303542,
    14.872690199344));
#5319 = CARTESIAN_POINT('',(-68.97379873861,-1.854814276428,
    14.885664659428));
#5320 = CARTESIAN_POINT('',(-68.78568521063,-1.729022906161,
    14.900818594643));
#5321 = CARTESIAN_POINT('',(-68.44314025396,-1.427028903638,
    14.932708996266));
#5322 = CARTESIAN_POINT('',(-68.28325137764,-1.248871651563,
    14.949785204866));
#5323 = CARTESIAN_POINT('',(-68.14123907645,-1.041116958048,
    14.966994265703));
#5324 = CARTESIAN_POINT('',(-68.02553935043,-0.806673727479,
    14.982425356674));
#5325 = CARTESIAN_POINT('',(-67.94323971551,-0.550471778569,
    14.993946245323));
#5326 = CARTESIAN_POINT('',(-67.9,-0.278984464668,15.));
#5327 = CARTESIAN_POINT('',(-67.9,-1.33226762955E-15,15.));
#5328 = PCURVE('',#465,#5329);
#5329 = DEFINITIONAL_REPRESENTATION('',(#5330),#5381);
#5330 = B_SPLINE_CURVE_WITH_KNOTS('',7,(#5331,#5332,#5333,#5334,#5335,
    #5336,#5337,#5338,#5339,#5340,#5341,#5342,#5343,#5344,#5345,#5346,
    #5347,#5348,#5349,#5350,#5351,#5352,#5353,#5354,#5355,#5356,#5357,
    #5358,#5359,#5360,#5361,#5362,#5363,#5364,#5365,#5366,#5367,#5368,
    #5369,#5370,#5371,#5372,#5373,#5374,#5375,#5376,#5377,#5378,#5379,
    #5380),.UNSPECIFIED.,.T.,.F.,(8,6,6,6,6,6,6,6,8),(0.,0.122716142367,
    0.250005600545,0.377301874136,0.500000938173,0.622729322531,
    0.750027484462,0.877325337522,1.),.UNSPECIFIED.);
#5331 = CARTESIAN_POINT('',(3.14159265359,32.9));
#5332 = CARTESIAN_POINT('',(3.160200309662,32.9));
#5333 = CARTESIAN_POINT('',(3.17830078725,32.943280143862));
#5334 = CARTESIAN_POINT('',(3.195387456318,33.02559685295));
#5335 = CARTESIAN_POINT('',(3.211040514867,33.141268690579));
#5336 = CARTESIAN_POINT('',(3.224932241537,33.283222552258));
#5337 = CARTESIAN_POINT('',(3.236862964266,33.443072556425));
#5338 = CARTESIAN_POINT('',(3.257111826859,33.785684967846));
#5339 = CARTESIAN_POINT('',(3.265557545504,33.973796697997));
#5340 = CARTESIAN_POINT('',(3.272211790023,34.171117090248));
#5341 = CARTESIAN_POINT('',(3.277146178834,34.374530345629));
#5342 = CARTESIAN_POINT('',(3.280416699794,34.58171111592));
#5343 = CARTESIAN_POINT('',(3.2820540683,34.790776764976));
#5344 = CARTESIAN_POINT('',(3.2820540683,35.209234437388));
#5345 = CARTESIAN_POINT('',(3.28041652751,35.418298020869));
#5346 = CARTESIAN_POINT('',(3.277146019915,35.625472426286));
#5347 = CARTESIAN_POINT('',(3.272211798534,35.828881170036));
#5348 = CARTESIAN_POINT('',(3.265557655012,36.026201274602));
#5349 = CARTESIAN_POINT('',(3.257111841557,36.214314783462));
#5350 = CARTESIAN_POINT('',(3.236864865405,36.556895276153));
#5351 = CARTESIAN_POINT('',(3.224934275892,36.716759150151));
#5352 = CARTESIAN_POINT('',(3.211040818457,36.858740856377));
#5353 = CARTESIAN_POINT('',(3.195384969728,36.974429654425));
#5354 = CARTESIAN_POINT('',(3.178296013251,37.056740539635));
#5355 = CARTESIAN_POINT('',(3.160195864216,37.1));
#5356 = CARTESIAN_POINT('',(3.122984997517,37.1));
#5357 = CARTESIAN_POINT('',(3.104884519929,37.056719856138));
#5358 = CARTESIAN_POINT('',(3.087797850862,36.97440314705));
#5359 = CARTESIAN_POINT('',(3.072144792313,36.858731309422));
#5360 = CARTESIAN_POINT('',(3.058253065643,36.716777447742));
#5361 = CARTESIAN_POINT('',(3.046322342914,36.556927443575));
#5362 = CARTESIAN_POINT('',(3.026073803814,36.214320505699));
#5363 = CARTESIAN_POINT('',(3.017627638405,36.02620401719));
#5364 = CARTESIAN_POINT('',(3.010973302125,35.828877045644));
#5365 = CARTESIAN_POINT('',(3.006039159453,35.625465305965));
#5366 = CARTESIAN_POINT('',(3.002768789262,35.418293764571));
#5367 = CARTESIAN_POINT('',(3.00113123888,35.209234951855));
#5368 = CARTESIAN_POINT('',(3.00113123888,34.790765555824));
#5369 = CARTESIAN_POINT('',(3.002768779785,34.581701995711));
#5370 = CARTESIAN_POINT('',(3.00603928672,34.374527561739));
#5371 = CARTESIAN_POINT('',(3.010973509668,34.171118824007));
#5372 = CARTESIAN_POINT('',(3.01762765125,33.973798738612));
#5373 = CARTESIAN_POINT('',(3.026073465971,33.785685210636));
#5374 = CARTESIAN_POINT('',(3.046318341896,33.443140253964));
#5375 = CARTESIAN_POINT('',(3.05824935954,33.283251377644));
#5376 = CARTESIAN_POINT('',(3.072145222574,33.141239076452));
#5377 = CARTESIAN_POINT('',(3.087803950219,33.02553935043));
#5378 = CARTESIAN_POINT('',(3.10489452339,32.943239715514));
#5379 = CARTESIAN_POINT('',(3.122993689279,32.9));
#5380 = CARTESIAN_POINT('',(3.14159265359,32.9));
#5381 = ( GEOMETRIC_REPRESENTATION_CONTEXT(2) 
PARAMETRIC_REPRESENTATION_CONTEXT() REPRESENTATION_CONTEXT('2D SPACE',''
  ) );
#5382 = PCURVE('',#4737,#5383);
#5383 = DEFINITIONAL_REPRESENTATION('',(#5384),#5435);
#5384 = B_SPLINE_CURVE_WITH_KNOTS('',7,(#5385,#5386,#5387,#5388,#5389,
    #5390,#5391,#5392,#5393,#5394,#5395,#5396,#5397,#5398,#5399,#5400,
    #5401,#5402,#5403,#5404,#5405,#5406,#5407,#5408,#5409,#5410,#5411,
    #5412,#5413,#5414,#5415,#5416,#5417,#5418,#5419,#5420,#5421,#5422,
    #5423,#5424,#5425,#5426,#5427,#5428,#5429,#5430,#5431,#5432,#5433,
    #5434),.UNSPECIFIED.,.F.,.F.,(8,6,6,6,6,6,6,6,8),(0.,0.122716142367,
    0.250005600545,0.377301874136,0.500000938173,0.622729322531,
    0.750027484462,0.877325337522,1.),.UNSPECIFIED.);
#5385 = CARTESIAN_POINT('',(0.,35.));
#5386 = CARTESIAN_POINT('',(0.132911829089,35.));
#5387 = CARTESIAN_POINT('',(0.262200783289,34.993940588238));
#5388 = CARTESIAN_POINT('',(0.388008999379,34.982417288711));
#5389 = CARTESIAN_POINT('',(0.51017263393,34.966991604531));
#5390 = CARTESIAN_POINT('',(0.628269582204,34.949789660226));
#5391 = CARTESIAN_POINT('',(0.741469619685,34.932715298801));
#5392 = CARTESIAN_POINT('',(0.95896909936,34.900818617246));
#5393 = CARTESIAN_POINT('',(1.065774497183,34.885664837576));
#5394 = CARTESIAN_POINT('',(1.169640913773,34.872690278901));
#5395 = CARTESIAN_POINT('',(1.271337781005,34.862579213812));
#5396 = CARTESIAN_POINT('',(1.371611295788,34.855711005963));
#5397 = CARTESIAN_POINT('',(1.471166214879,34.852272553384));
#5398 = CARTESIAN_POINT('',(1.67043177317,34.852272553384));
#5399 = CARTESIAN_POINT('',(1.769985693489,34.855711364885));
#5400 = CARTESIAN_POINT('',(1.870256473944,34.86257955539));
#5401 = CARTESIAN_POINT('',(1.971951041641,34.872690197728));
#5402 = CARTESIAN_POINT('',(2.075816925156,34.885664660892));
#5403 = CARTESIAN_POINT('',(2.182623396353,34.900818594093));
#5404 = CARTESIAN_POINT('',(2.400102613169,34.932712304064));
#5405 = CARTESIAN_POINT('',(2.51330696195,34.94978711743));
#5406 = CARTESIAN_POINT('',(2.631420806017,34.966992217155));
#5407 = CARTESIAN_POINT('',(2.753604070727,34.982420989786));
#5408 = CARTESIAN_POINT('',(2.879425977551,34.993943487922));
#5409 = CARTESIAN_POINT('',(3.00871257769,35.));
#5410 = CARTESIAN_POINT('',(3.274504482679,35.));
#5411 = CARTESIAN_POINT('',(3.403793436878,34.993940588238));
#5412 = CARTESIAN_POINT('',(3.52960165297,34.982417288711));
#5413 = CARTESIAN_POINT('',(3.651765287519,34.966991604531));
#5414 = CARTESIAN_POINT('',(3.769862235794,34.949789660226));
#5415 = CARTESIAN_POINT('',(3.883062273274,34.932715298801));
#5416 = CARTESIAN_POINT('',(4.100558278198,34.900819126825));
#5417 = CARTESIAN_POINT('',(4.20736746784,34.885664759014));
#5418 = CARTESIAN_POINT('',(4.311236503448,34.872689756926));
#5419 = CARTESIAN_POINT('',(4.4129322418,34.862579287524));
#5420 = CARTESIAN_POINT('',(4.513201629335,34.855711385475));
#5421 = CARTESIAN_POINT('',(4.612753289025,34.852272553384));
#5422 = CARTESIAN_POINT('',(4.812024429992,34.852272553384));
#5423 = CARTESIAN_POINT('',(4.911578339589,34.855711365038));
#5424 = CARTESIAN_POINT('',(5.011849131658,34.862579554569));
#5425 = CARTESIAN_POINT('',(5.113543700785,34.872690199344));
#5426 = CARTESIAN_POINT('',(5.217409570059,34.885664659428));
#5427 = CARTESIAN_POINT('',(5.32421605369,34.900818594643));
#5428 = CARTESIAN_POINT('',(5.541672711295,34.932708996266));
#5429 = CARTESIAN_POINT('',(5.654887988965,34.949785204866));
#5430 = CARTESIAN_POINT('',(5.773022741931,34.966994265703));
#5431 = CARTESIAN_POINT('',(5.895225063652,34.982425356674));
#5432 = CARTESIAN_POINT('',(6.021055992289,34.993946245323));
#5433 = CARTESIAN_POINT('',(6.1503355621,35.));
#5434 = CARTESIAN_POINT('',(6.28318530718,35.));
#5435 = ( GEOMETRIC_REPRESENTATION_CONTEXT(2) 
PARAMETRIC_REPRESENTATION_CONTEXT() REPRESENTATION_CONTEXT('2D SPACE',''
  ) );
#5436 = ADVANCED_FACE('',(#5437),#627,.F.);
#5437 = FACE_BOUND('',#5438,.F.);
#5438 = EDGE_LOOP('',(#5439,#5440,#5441,#5442));
#5439 = ORIENTED_EDGE('',*,*,#2419,.T.);
#5440 = ORIENTED_EDGE('',*,*,#4827,.T.);
#5441 = ORIENTED_EDGE('',*,*,#612,.F.);
#5442 = ORIENTED_EDGE('',*,*,#5246,.T.);
#5443 = ADVANCED_FACE('',(#5444),#439,.F.);
#5444 = FACE_BOUND('',#5445,.F.);
#5445 = EDGE_LOOP('',(#5446,#5447,#5448,#5449));
#5446 = ORIENTED_EDGE('',*,*,#4602,.T.);
#5447 = ORIENTED_EDGE('',*,*,#424,.T.);
#5448 = ORIENTED_EDGE('',*,*,#5063,.F.);
#5449 = ORIENTED_EDGE('',*,*,#523,.T.);
#5450 = ADVANCED_FACE('',(#5451),#491,.T.);
#5451 = FACE_BOUND('',#5452,.T.);
#5452 = EDGE_LOOP('',(#5453,#5454,#5455,#5456));
#5453 = ORIENTED_EDGE('',*,*,#2288,.T.);
#5454 = ORIENTED_EDGE('',*,*,#5040,.T.);
#5455 = ORIENTED_EDGE('',*,*,#476,.F.);
#5456 = ORIENTED_EDGE('',*,*,#5086,.T.);
#5457 = ADVANCED_FACE('',(#5458),#697,.F.);
#5458 = FACE_BOUND('',#5459,.F.);
#5459 = EDGE_LOOP('',(#5460,#5461,#5482,#5483));
#5460 = ORIENTED_EDGE('',*,*,#680,.F.);
#5461 = ORIENTED_EDGE('',*,*,#5462,.F.);
#5462 = EDGE_CURVE('',#2483,#681,#5463,.T.);
#5463 = SEAM_CURVE('',#5464,(#5468,#5475),.PCURVE_S1.);
#5464 = LINE('',#5465,#5466);
#5465 = CARTESIAN_POINT('',(-19.5,-22.,-6.));
#5466 = VECTOR('',#5467,1.);
#5467 = DIRECTION('',(0.,0.,1.));
#5468 = PCURVE('',#697,#5469);
#5469 = DEFINITIONAL_REPRESENTATION('',(#5470),#5474);
#5470 = LINE('',#5471,#5472);
#5471 = CARTESIAN_POINT('',(6.28318530718,-0.));
#5472 = VECTOR('',#5473,1.);
#5473 = DIRECTION('',(0.,1.));
#5474 = ( GEOMETRIC_REPRESENTATION_CONTEXT(2) 
PARAMETRIC_REPRESENTATION_CONTEXT() REPRESENTATION_CONTEXT('2D SPACE',''
  ) );
#5475 = PCURVE('',#697,#5476);
#5476 = DEFINITIONAL_REPRESENTATION('',(#5477),#5481);
#5477 = LINE('',#5478,#5479);
#5478 = CARTESIAN_POINT('',(0.,-0.));
#5479 = VECTOR('',#5480,1.);
#5480 = DIRECTION('',(0.,1.));
#5481 = ( GEOMETRIC_REPRESENTATION_CONTEXT(2) 
PARAMETRIC_REPRESENTATION_CONTEXT() REPRESENTATION_CONTEXT('2D SPACE',''
  ) );
#5482 = ORIENTED_EDGE('',*,*,#2482,.T.);
#5483 = ORIENTED_EDGE('',*,*,#5462,.T.);
#5484 = ADVANCED_FACE('',(#5485,#5533),#728,.T.);
#5485 = FACE_BOUND('',#5486,.T.);
#5486 = EDGE_LOOP('',(#5487,#5488,#5510,#5511));
#5487 = ORIENTED_EDGE('',*,*,#711,.T.);
#5488 = ORIENTED_EDGE('',*,*,#5489,.F.);
#5489 = EDGE_CURVE('',#860,#714,#5490,.T.);
#5490 = SURFACE_CURVE('',#5491,(#5496,#5503),.PCURVE_S1.);
#5491 = CIRCLE('',#5492,17.);
#5492 = AXIS2_PLACEMENT_3D('',#5493,#5494,#5495);
#5493 = CARTESIAN_POINT('',(50.,-86.6,0.));
#5494 = DIRECTION('',(0.500011000363,-0.866019052629,0.));
#5495 = DIRECTION('',(-0.866019052629,-0.500011000363,0.));
#5496 = PCURVE('',#728,#5497);
#5497 = DEFINITIONAL_REPRESENTATION('',(#5498),#5502);
#5498 = LINE('',#5499,#5500);
#5499 = CARTESIAN_POINT('',(0.,59.99867998548));
#5500 = VECTOR('',#5501,1.);
#5501 = DIRECTION('',(1.,0.));
#5502 = ( GEOMETRIC_REPRESENTATION_CONTEXT(2) 
PARAMETRIC_REPRESENTATION_CONTEXT() REPRESENTATION_CONTEXT('2D SPACE',''
  ) );
#5503 = PCURVE('',#895,#5504);
#5504 = DEFINITIONAL_REPRESENTATION('',(#5505),#5509);
#5505 = CIRCLE('',#5506,17.);
#5506 = AXIS2_PLACEMENT_2D('',#5507,#5508);
#5507 = CARTESIAN_POINT('',(0.,0.));
#5508 = DIRECTION('',(1.,0.));
#5509 = ( GEOMETRIC_REPRESENTATION_CONTEXT(2) 
PARAMETRIC_REPRESENTATION_CONTEXT() REPRESENTATION_CONTEXT('2D SPACE',''
  ) );
#5510 = ORIENTED_EDGE('',*,*,#859,.F.);
#5511 = ORIENTED_EDGE('',*,*,#5512,.T.);
#5512 = EDGE_CURVE('',#839,#712,#5513,.T.);
#5513 = SURFACE_CURVE('',#5514,(#5519,#5526),.PCURVE_S1.);
#5514 = CIRCLE('',#5515,17.);
#5515 = AXIS2_PLACEMENT_3D('',#5516,#5517,#5518);
#5516 = CARTESIAN_POINT('',(20.,-34.64,0.));
#5517 = DIRECTION('',(0.500011000363,-0.866019052629,0.));
#5518 = DIRECTION('',(-0.866019052629,-0.500011000363,0.));
#5519 = PCURVE('',#728,#5520);
#5520 = DEFINITIONAL_REPRESENTATION('',(#5521),#5525);
#5521 = LINE('',#5522,#5523);
#5522 = CARTESIAN_POINT('',(0.,0.));
#5523 = VECTOR('',#5524,1.);
#5524 = DIRECTION('',(1.,0.));
#5525 = ( GEOMETRIC_REPRESENTATION_CONTEXT(2) 
PARAMETRIC_REPRESENTATION_CONTEXT() REPRESENTATION_CONTEXT('2D SPACE',''
  ) );
#5526 = PCURVE('',#754,#5527);
#5527 = DEFINITIONAL_REPRESENTATION('',(#5528),#5532);
#5528 = CIRCLE('',#5529,17.);
#5529 = AXIS2_PLACEMENT_2D('',#5530,#5531);
#5530 = CARTESIAN_POINT('',(0.,0.));
#5531 = DIRECTION('',(1.,0.));
#5532 = ( GEOMETRIC_REPRESENTATION_CONTEXT(2) 
PARAMETRIC_REPRESENTATION_CONTEXT() REPRESENTATION_CONTEXT('2D SPACE',''
  ) );
#5533 = FACE_BOUND('',#5534,.T.);
#5534 = EDGE_LOOP('',(#5535));
#5535 = ORIENTED_EDGE('',*,*,#5536,.F.);
#5536 = EDGE_CURVE('',#5537,#5537,#5539,.T.);
#5537 = VERTEX_POINT('',#5538);
#5538 = CARTESIAN_POINT('',(37.1,-60.62,16.902442087229));
#5539 = SURFACE_CURVE('',#5540,(#5599,#5661),.PCURVE_S1.);
#5540 = B_SPLINE_CURVE_WITH_KNOTS('',8,(#5541,#5542,#5543,#5544,#5545,
    #5546,#5547,#5548,#5549,#5550,#5551,#5552,#5553,#5554,#5555,#5556,
    #5557,#5558,#5559,#5560,#5561,#5562,#5563,#5564,#5565,#5566,#5567,
    #5568,#5569,#5570,#5571,#5572,#5573,#5574,#5575,#5576,#5577,#5578,
    #5579,#5580,#5581,#5582,#5583,#5584,#5585,#5586,#5587,#5588,#5589,
    #5590,#5591,#5592,#5593,#5594,#5595,#5596,#5597,#5598),
  .UNSPECIFIED.,.T.,.F.,(9,7,7,7,7,7,7,7,9),(0.,0.109575651357,
    0.279030744639,0.434773467446,0.542911995292,0.651052652781,
    0.760143274765,0.865277659091,1.),.UNSPECIFIED.);
#5541 = CARTESIAN_POINT('',(37.1,-60.62,16.902442087229));
#5542 = CARTESIAN_POINT('',(37.1,-60.47862338232,16.894836120328));
#5543 = CARTESIAN_POINT('',(37.089122720511,-60.33956838916,
    16.888026797497));
#5544 = CARTESIAN_POINT('',(37.067992406946,-60.2033724551,
    16.882163396086));
#5545 = CARTESIAN_POINT('',(37.037137832635,-60.07048421672,
    16.877354916201));
#5546 = CARTESIAN_POINT('',(36.996999747106,-59.941293279,
    16.873677455702));
#5547 = CARTESIAN_POINT('',(36.947937906253,-59.81615924886,
    16.871179641309));
#5548 = CARTESIAN_POINT('',(36.890237684378,-59.69544003563,
    16.869886115822));
#5549 = CARTESIAN_POINT('',(36.721861701359,-59.40025204725,
    16.869664485676));
#5550 = CARTESIAN_POINT('',(36.599610553182,-59.23270953907,
    16.87241520776));
#5551 = CARTESIAN_POINT('',(36.458176107282,-59.07810888734,
    16.878045782428));
#5552 = CARTESIAN_POINT('',(36.298019593445,-58.93804942861,
    16.886429821761));
#5553 = CARTESIAN_POINT('',(36.11946137362,-58.81462319039,
    16.897312071924));
#5554 = CARTESIAN_POINT('',(35.922895628188,-58.71054408878,
    16.910247072101));
#5555 = CARTESIAN_POINT('',(35.709072400462,-58.62931831046,
    16.924523109271));
#5556 = CARTESIAN_POINT('',(35.268525521556,-58.5259948766,
    16.952516825745));
#5557 = CARTESIAN_POINT('',(35.036488270074,-58.49782534739,
    16.966679314984));
#5558 = CARTESIAN_POINT('',(34.790280107488,-58.4992152521,
    16.980361195502));
#5559 = CARTESIAN_POINT('',(34.537764563149,-58.53524862131,
    16.99196238224));
#5560 = CARTESIAN_POINT('',(34.287400739177,-58.60805464053,
    16.99986221401));
#5561 = CARTESIAN_POINT('',(34.047494615786,-58.71713425836,
    17.003053721525));
#5562 = CARTESIAN_POINT('',(33.825601987174,-58.85958234578,
    17.001388130577));
#5563 = CARTESIAN_POINT('',(33.490452144851,-59.14888335845,
    16.991318761106));
#5564 = CARTESIAN_POINT('',(33.364818806357,-59.28099632253,
    16.985133364144));
#5565 = CARTESIAN_POINT('',(33.252461801173,-59.42531197935,
    16.977074190764));
#5566 = CARTESIAN_POINT('',(33.154745236792,-59.58027015258,
    16.967458821016));
#5567 = CARTESIAN_POINT('',(33.07281402283,-59.74413448741,
    16.956714258989));
#5568 = CARTESIAN_POINT('',(33.00757187341,-59.91502311483,
    16.945342720996));
#5569 = CARTESIAN_POINT('',(32.959655339877,-60.09094070833,
    16.933876174698));
#5570 = CARTESIAN_POINT('',(32.899151812033,-60.44868668016,
    16.911762865893));
#5571 = CARTESIAN_POINT('',(32.886555248313,-60.63057593588,
    16.901112860248));
#5572 = CARTESIAN_POINT('',(32.891973578666,-60.81341147603,
    16.891374877553));
#5573 = CARTESIAN_POINT('',(32.915461577801,-60.99510303055,
    16.883031232742));
#5574 = CARTESIAN_POINT('',(32.95678601183,-61.17357785356,
    16.876485885792));
#5575 = CARTESIAN_POINT('',(33.015438167655,-61.34681867889,
    16.872025290088));
#5576 = CARTESIAN_POINT('',(33.090642299055,-61.51290006094,
    16.869795493722));
#5577 = CARTESIAN_POINT('',(33.272874591879,-61.82852639211,
    16.869795493722));
#5578 = CARTESIAN_POINT('',(33.380113593597,-61.9778052301,
    16.872064792391));
#5579 = CARTESIAN_POINT('',(33.502508988532,-62.11695941818,
    16.876598295506));
#5580 = CARTESIAN_POINT('',(33.639699316755,-62.24487638218,
    16.883313982355));
#5581 = CARTESIAN_POINT('',(33.791425542178,-62.3601643647,
    16.892048121336));
#5582 = CARTESIAN_POINT('',(33.957419988205,-62.46107288122,
    16.902527736089));
#5583 = CARTESIAN_POINT('',(34.137266591227,-62.54539202008,
    16.914332907815));
#5584 = CARTESIAN_POINT('',(34.516157636005,-62.67289758654,
    16.938935734009));
#5585 = CARTESIAN_POINT('',(34.718406883813,-62.71885734918,
    16.951950512539));
#5586 = CARTESIAN_POINT('',(34.933773769099,-62.74312335959,
    16.965195419097));
#5587 = CARTESIAN_POINT('',(35.158273229078,-62.74176465697,
    16.977688772958));
#5588 = CARTESIAN_POINT('',(35.387311180923,-62.71194354433,
    16.988304938069));
#5589 = CARTESIAN_POINT('',(35.615861385579,-62.65185974645,
    16.995993425565));
#5590 = CARTESIAN_POINT('',(35.838606640219,-62.56070494155,17.));
#5591 = CARTESIAN_POINT('',(36.320938469258,-62.28222236127,17.));
#5592 = CARTESIAN_POINT('',(36.554350616409,-62.08596081872,
    16.993420721134));
#5593 = CARTESIAN_POINT('',(36.746572933106,-61.86061870184,
    16.981188550028));
#5594 = CARTESIAN_POINT('',(36.896082688406,-61.61595551241,
    16.965165428722));
#5595 = CARTESIAN_POINT('',(37.003133079963,-61.36121756434,
    16.947566342825));
#5596 = CARTESIAN_POINT('',(37.069764854905,-61.10513626397,
    16.930409081068));
#5597 = CARTESIAN_POINT('',(37.1,-60.85570429975,16.915122819955));
#5598 = CARTESIAN_POINT('',(37.1,-60.62,16.902442087229));
#5599 = PCURVE('',#728,#5600);
#5600 = DEFINITIONAL_REPRESENTATION('',(#5601),#5660);
#5601 = B_SPLINE_CURVE_WITH_KNOTS('',8,(#5602,#5603,#5604,#5605,#5606,
    #5607,#5608,#5609,#5610,#5611,#5612,#5613,#5614,#5615,#5616,#5617,
    #5618,#5619,#5620,#5621,#5622,#5623,#5624,#5625,#5626,#5627,#5628,
    #5629,#5630,#5631,#5632,#5633,#5634,#5635,#5636,#5637,#5638,#5639,
    #5640,#5641,#5642,#5643,#5644,#5645,#5646,#5647,#5648,#5649,#5650,
    #5651,#5652,#5653,#5654,#5655,#5656,#5657,#5658,#5659),
  .UNSPECIFIED.,.T.,.F.,(9,7,7,7,7,7,7,7,9),(0.,0.109575651357,
    0.279030744639,0.434773467446,0.542911995292,0.651052652781,
    0.760143274765,0.865277659091,1.),.UNSPECIFIED.);
#5602 = CARTESIAN_POINT('',(4.605205045512,31.049363093502));
#5603 = CARTESIAN_POINT('',(4.601022817662,30.926928249003));
#5604 = CARTESIAN_POINT('',(4.597464428955,30.801065216158));
#5605 = CARTESIAN_POINT('',(4.59451480801,30.672551553154));
#5606 = CARTESIAN_POINT('',(4.592161002462,30.542040180278));
#5607 = CARTESIAN_POINT('',(4.590392631667,30.410088882488));
#5608 = CARTESIAN_POINT('',(4.589202358319,30.277188968129));
#5609 = CARTESIAN_POINT('',(4.588586378971,30.143793083793));
#5610 = CARTESIAN_POINT('',(4.588480839358,29.803964818037));
#5611 = CARTESIAN_POINT('',(4.589790795904,29.597742894935));
#5612 = CARTESIAN_POINT('',(4.592469172581,29.393137006207));
#5613 = CARTESIAN_POINT('',(4.596538407998,29.191762827751));
#5614 = CARTESIAN_POINT('',(4.602041523816,28.995592279736));
#5615 = CARTESIAN_POINT('',(4.609034849862,28.807172759755));
#5616 = CARTESIAN_POINT('',(4.617579004511,28.629915722167));
#5617 = CARTESIAN_POINT('',(4.6370522315,28.320157374236));
#5618 = CARTESIAN_POINT('',(4.648075284188,28.179740847001));
#5619 = CARTESIAN_POINT('',(4.660682800637,28.057837741284));
#5620 = CARTESIAN_POINT('',(4.674619777231,27.962782775619));
#5621 = CARTESIAN_POINT('',(4.689517383992,27.900649509331));
#5622 = CARTESIAN_POINT('',(4.704943827915,27.875158835875));
#5623 = CARTESIAN_POINT('',(4.72043540505,27.887572838388));
#5624 = CARTESIAN_POINT('',(4.74602460456,27.97053441937));
#5625 = CARTESIAN_POINT('',(4.756316083873,28.022128712103));
#5626 = CARTESIAN_POINT('',(4.766294534231,28.090929081943));
#5627 = CARTESIAN_POINT('',(4.775845674901,28.176266455219));
#5628 = CARTESIAN_POINT('',(4.784860352805,28.277209582974));
#5629 = CARTESIAN_POINT('',(4.793236428598,28.392580597798));
#5630 = CARTESIAN_POINT('',(4.800881195582,28.520969791597));
#5631 = CARTESIAN_POINT('',(4.8145476019,28.800532189715));
#5632 = CARTESIAN_POINT('',(4.820571521752,28.951753330214));
#5633 = CARTESIAN_POINT('',(4.825704997225,29.112801616264));
#5634 = CARTESIAN_POINT('',(4.829881300659,29.281894222118));
#5635 = CARTESIAN_POINT('',(4.833048987891,29.457119490855));
#5636 = CARTESIAN_POINT('',(4.835172826622,29.6364760694));
#5637 = CARTESIAN_POINT('',(4.83623473576,29.817908603513));
#5638 = CARTESIAN_POINT('',(4.83623473576,30.182365170852));
#5639 = CARTESIAN_POINT('',(4.835154109085,30.365264169227));
#5640 = CARTESIAN_POINT('',(4.832995330835,30.54697339122));
#5641 = CARTESIAN_POINT('',(4.829744801759,30.726348592453));
#5642 = CARTESIAN_POINT('',(4.825376175393,30.902054963614));
#5643 = CARTESIAN_POINT('',(4.819853724865,31.072442710501));
#5644 = CARTESIAN_POINT('',(4.813136355884,31.235389971147));
#5645 = CARTESIAN_POINT('',(4.797517826848,31.535261911348));
#5646 = CARTESIAN_POINT('',(4.78853414998,31.67619079016));
#5647 = CARTESIAN_POINT('',(4.778247819143,31.804891429271));
#5648 = CARTESIAN_POINT('',(4.766749598337,31.915966966473));
#5649 = CARTESIAN_POINT('',(4.754192056472,32.004662810184));
#5650 = CARTESIAN_POINT('',(4.740777488214,32.066906712925));
#5651 = CARTESIAN_POINT('',(4.72674924457,32.09933999274));
#5652 = CARTESIAN_POINT('',(4.693987308853,32.09933999274));
#5653 = CARTESIAN_POINT('',(4.67632422635,32.04608239879));
#5654 = CARTESIAN_POINT('',(4.659894659596,31.947045105072));
#5655 = CARTESIAN_POINT('',(4.645056800465,31.80991864386));
#5656 = CARTESIAN_POINT('',(4.632071713065,31.642837100782));
#5657 = CARTESIAN_POINT('',(4.621099588375,31.454382436077));
#5658 = CARTESIAN_POINT('',(4.612177691364,31.253487507874));
#5659 = CARTESIAN_POINT('',(4.605205045512,31.049363093502));
#5660 = ( GEOMETRIC_REPRESENTATION_CONTEXT(2) 
PARAMETRIC_REPRESENTATION_CONTEXT() REPRESENTATION_CONTEXT('2D SPACE',''
  ) );
#5661 = PCURVE('',#5662,#5667);
#5662 = CYLINDRICAL_SURFACE('',#5663,2.1);
#5663 = AXIS2_PLACEMENT_3D('',#5664,#5665,#5666);
#5664 = CARTESIAN_POINT('',(35.,-60.62,-20.));
#5665 = DIRECTION('',(0.,0.,1.));
#5666 = DIRECTION('',(1.,0.,-0.));
#5667 = DEFINITIONAL_REPRESENTATION('',(#5668),#5727);
#5668 = B_SPLINE_CURVE_WITH_KNOTS('',8,(#5669,#5670,#5671,#5672,#5673,
    #5674,#5675,#5676,#5677,#5678,#5679,#5680,#5681,#5682,#5683,#5684,
    #5685,#5686,#5687,#5688,#5689,#5690,#5691,#5692,#5693,#5694,#5695,
    #5696,#5697,#5698,#5699,#5700,#5701,#5702,#5703,#5704,#5705,#5706,
    #5707,#5708,#5709,#5710,#5711,#5712,#5713,#5714,#5715,#5716,#5717,
    #5718,#5719,#5720,#5721,#5722,#5723,#5724,#5725,#5726),
  .UNSPECIFIED.,.F.,.F.,(9,7,7,7,7,7,7,7,9),(0.,0.109575651357,
    0.279030744639,0.434773467446,0.542911995292,0.651052652781,
    0.760143274765,0.865277659091,1.),.UNSPECIFIED.);
#5669 = CARTESIAN_POINT('',(-8.881784197001E-16,36.902442087229));
#5670 = CARTESIAN_POINT('',(6.732219889087E-02,36.894836120328));
#5671 = CARTESIAN_POINT('',(0.133539006272,36.888026797497));
#5672 = CARTESIAN_POINT('',(0.198858761095,36.882163396086));
#5673 = CARTESIAN_POINT('',(0.263469931283,36.877354916201));
#5674 = CARTESIAN_POINT('',(0.327550746371,36.873677455702));
#5675 = CARTESIAN_POINT('',(0.391276339024,36.871179641309));
#5676 = CARTESIAN_POINT('',(0.454823395416,36.869886115822));
#5677 = CARTESIAN_POINT('',(0.616648600061,36.869664485676));
#5678 = CARTESIAN_POINT('',(0.714792674501,36.87241520776));
#5679 = CARTESIAN_POINT('',(0.813557598333,36.878045782428));
#5680 = CARTESIAN_POINT('',(0.913598989518,36.886429821761));
#5681 = CARTESIAN_POINT('',(1.015579178388,36.897312071924));
#5682 = CARTESIAN_POINT('',(1.120181445945,36.910247072101));
#5683 = CARTESIAN_POINT('',(1.228144278008,36.924523109271));
#5684 = CARTESIAN_POINT('',(1.443621012813,36.952516825745));
#5685 = CARTESIAN_POINT('',(1.554258984946,36.966679314984));
#5686 = CARTESIAN_POINT('',(1.669926104197,36.980361195502));
#5687 = CARTESIAN_POINT('',(1.789119212423,36.99196238224));
#5688 = CARTESIAN_POINT('',(1.910807627902,36.99986221401));
#5689 = CARTESIAN_POINT('',(2.034162208243,37.003053721525));
#5690 = CARTESIAN_POINT('',(2.1584717674,37.001388130577));
#5691 = CARTESIAN_POINT('',(2.369301298833,36.991318761106));
#5692 = CARTESIAN_POINT('',(2.455696076666,36.985133364144));
#5693 = CARTESIAN_POINT('',(2.542085425695,36.977074190764));
#5694 = CARTESIAN_POINT('',(2.628473328569,36.967458821016));
#5695 = CARTESIAN_POINT('',(2.714865625895,36.956714258989));
#5696 = CARTESIAN_POINT('',(2.8012652953,36.945342720996));
#5697 = CARTESIAN_POINT('',(2.887667405812,36.933876174698));
#5698 = CARTESIAN_POINT('',(3.060441790591,36.911762865893));
#5699 = CARTESIAN_POINT('',(3.146843041362,36.901112860248));
#5700 = CARTESIAN_POINT('',(3.233241165211,36.891374877553));
#5701 = CARTESIAN_POINT('',(3.319632561755,36.883031232742));
#5702 = CARTESIAN_POINT('',(3.406020928136,36.876485885792));
#5703 = CARTESIAN_POINT('',(3.492411965932,36.872025290088));
#5704 = CARTESIAN_POINT('',(3.578808231728,36.869795493722));
#5705 = CARTESIAN_POINT('',(3.75235897808,36.869795493722));
#5706 = CARTESIAN_POINT('',(3.839453612901,36.872064792391));
#5707 = CARTESIAN_POINT('',(3.926991055262,36.876598295506));
#5708 = CARTESIAN_POINT('',(4.01542792492,36.883313982355));
#5709 = CARTESIAN_POINT('',(4.105224091062,36.892048121336));
#5710 = CARTESIAN_POINT('',(4.19685442109,36.902527736089));
#5711 = CARTESIAN_POINT('',(4.290829281296,36.914332907815));
#5712 = CARTESIAN_POINT('',(4.481195972019,36.938935734009));
#5713 = CARTESIAN_POINT('',(4.579455551149,36.951950512539));
#5714 = CARTESIAN_POINT('',(4.681582732099,36.965195419097));
#5715 = CARTESIAN_POINT('',(4.786966606207,36.977688772958));
#5716 = CARTESIAN_POINT('',(4.895236966031,36.988304938069));
#5717 = CARTESIAN_POINT('',(5.006188846737,36.995993425565));
#5718 = CARTESIAN_POINT('',(5.119750700467,37.));
#5719 = CARTESIAN_POINT('',(5.384966370555,37.));
#5720 = CARTESIAN_POINT('',(5.527954481074,36.993420721134));
#5721 = CARTESIAN_POINT('',(5.665910142234,36.981188550028));
#5722 = CARTESIAN_POINT('',(5.799249020711,36.965165428722));
#5723 = CARTESIAN_POINT('',(5.928068020784,36.947566342825));
#5724 = CARTESIAN_POINT('',(6.052168811565,36.930409081068));
#5725 = CARTESIAN_POINT('',(6.170945164441,36.915122819955));
#5726 = CARTESIAN_POINT('',(6.28318530718,36.902442087229));
#5727 = ( GEOMETRIC_REPRESENTATION_CONTEXT(2) 
PARAMETRIC_REPRESENTATION_CONTEXT() REPRESENTATION_CONTEXT('2D SPACE',''
  ) );
#5728 = ADVANCED_FACE('',(#5729),#895,.T.);
#5729 = FACE_BOUND('',#5730,.T.);
#5730 = EDGE_LOOP('',(#5731,#5732,#5733,#5734));
#5731 = ORIENTED_EDGE('',*,*,#880,.T.);
#5732 = ORIENTED_EDGE('',*,*,#5489,.T.);
#5733 = ORIENTED_EDGE('',*,*,#974,.T.);
#5734 = ORIENTED_EDGE('',*,*,#5735,.F.);
#5735 = EDGE_CURVE('',#881,#954,#5736,.T.);
#5736 = SURFACE_CURVE('',#5737,(#5742,#5749),.PCURVE_S1.);
#5737 = CIRCLE('',#5738,15.);
#5738 = AXIS2_PLACEMENT_3D('',#5739,#5740,#5741);
#5739 = CARTESIAN_POINT('',(50.,-86.6,0.));
#5740 = DIRECTION('',(0.500011000363,-0.866019052629,0.));
#5741 = DIRECTION('',(-0.866019052629,-0.500011000363,0.));
#5742 = PCURVE('',#895,#5743);
#5743 = DEFINITIONAL_REPRESENTATION('',(#5744),#5748);
#5744 = CIRCLE('',#5745,15.);
#5745 = AXIS2_PLACEMENT_2D('',#5746,#5747);
#5746 = CARTESIAN_POINT('',(0.,0.));
#5747 = DIRECTION('',(1.,0.));
#5748 = ( GEOMETRIC_REPRESENTATION_CONTEXT(2) 
PARAMETRIC_REPRESENTATION_CONTEXT() REPRESENTATION_CONTEXT('2D SPACE',''
  ) );
#5749 = PCURVE('',#780,#5750);
#5750 = DEFINITIONAL_REPRESENTATION('',(#5751),#5755);
#5751 = LINE('',#5752,#5753);
#5752 = CARTESIAN_POINT('',(0.,64.99856998427));
#5753 = VECTOR('',#5754,1.);
#5754 = DIRECTION('',(1.,0.));
#5755 = ( GEOMETRIC_REPRESENTATION_CONTEXT(2) 
PARAMETRIC_REPRESENTATION_CONTEXT() REPRESENTATION_CONTEXT('2D SPACE',''
  ) );
#5756 = ADVANCED_FACE('',(#5757,#5992,#6163),#780,.F.);
#5757 = FACE_BOUND('',#5758,.F.);
#5758 = EDGE_LOOP('',(#5759,#5784,#5806,#5807,#5808,#5809,#5831,#5832,
    #5854,#5855,#5877,#5878,#5900,#5901,#5923,#5924,#5946,#5947,#5969,
    #5970));
#5759 = ORIENTED_EDGE('',*,*,#5760,.T.);
#5760 = EDGE_CURVE('',#5761,#5763,#5765,.T.);
#5761 = VERTEX_POINT('',#5762);
#5762 = CARTESIAN_POINT('',(4.509714210569,-37.81016500544,
    3.673940397442E-15));
#5763 = VERTEX_POINT('',#5764);
#5764 = CARTESIAN_POINT('',(39.509714210569,-98.43016500544,
    3.673940397442E-15));
#5765 = SEAM_CURVE('',#5766,(#5770,#5777),.PCURVE_S1.);
#5766 = LINE('',#5767,#5768);
#5767 = CARTESIAN_POINT('',(4.509714210569,-37.81016500544,
    3.673940397442E-15));
#5768 = VECTOR('',#5769,1.);
#5769 = DIRECTION('',(0.500011000363,-0.866019052629,0.));
#5770 = PCURVE('',#780,#5771);
#5771 = DEFINITIONAL_REPRESENTATION('',(#5772),#5776);
#5772 = LINE('',#5773,#5774);
#5773 = CARTESIAN_POINT('',(6.28318530718,-0.));
#5774 = VECTOR('',#5775,1.);
#5775 = DIRECTION('',(0.,1.));
#5776 = ( GEOMETRIC_REPRESENTATION_CONTEXT(2) 
PARAMETRIC_REPRESENTATION_CONTEXT() REPRESENTATION_CONTEXT('2D SPACE',''
  ) );
#5777 = PCURVE('',#780,#5778);
#5778 = DEFINITIONAL_REPRESENTATION('',(#5779),#5783);
#5779 = LINE('',#5780,#5781);
#5780 = CARTESIAN_POINT('',(0.,-0.));
#5781 = VECTOR('',#5782,1.);
#5782 = DIRECTION('',(0.,1.));
#5783 = ( GEOMETRIC_REPRESENTATION_CONTEXT(2) 
PARAMETRIC_REPRESENTATION_CONTEXT() REPRESENTATION_CONTEXT('2D SPACE',''
  ) );
#5784 = ORIENTED_EDGE('',*,*,#5785,.F.);
#5785 = EDGE_CURVE('',#928,#5763,#5786,.T.);
#5786 = SURFACE_CURVE('',#5787,(#5792,#5799),.PCURVE_S1.);
#5787 = CIRCLE('',#5788,15.);
#5788 = AXIS2_PLACEMENT_3D('',#5789,#5790,#5791);
#5789 = CARTESIAN_POINT('',(52.5,-90.93,0.));
#5790 = DIRECTION('',(0.500011000363,-0.866019052629,0.));
#5791 = DIRECTION('',(-0.866019052629,-0.500011000363,0.));
#5792 = PCURVE('',#780,#5793);
#5793 = DEFINITIONAL_REPRESENTATION('',(#5794),#5798);
#5794 = LINE('',#5795,#5796);
#5795 = CARTESIAN_POINT('',(0.,69.99845998306));
#5796 = VECTOR('',#5797,1.);
#5797 = DIRECTION('',(1.,0.));
#5798 = ( GEOMETRIC_REPRESENTATION_CONTEXT(2) 
PARAMETRIC_REPRESENTATION_CONTEXT() REPRESENTATION_CONTEXT('2D SPACE',''
  ) );
#5799 = PCURVE('',#942,#5800);
#5800 = DEFINITIONAL_REPRESENTATION('',(#5801),#5805);
#5801 = CIRCLE('',#5802,15.);
#5802 = AXIS2_PLACEMENT_2D('',#5803,#5804);
#5803 = CARTESIAN_POINT('',(0.,0.));
#5804 = DIRECTION('',(1.,0.));
#5805 = ( GEOMETRIC_REPRESENTATION_CONTEXT(2) 
PARAMETRIC_REPRESENTATION_CONTEXT() REPRESENTATION_CONTEXT('2D SPACE',''
  ) );
#5806 = ORIENTED_EDGE('',*,*,#953,.F.);
#5807 = ORIENTED_EDGE('',*,*,#5735,.F.);
#5808 = ORIENTED_EDGE('',*,*,#906,.T.);
#5809 = ORIENTED_EDGE('',*,*,#5810,.F.);
#5810 = EDGE_CURVE('',#2694,#907,#5811,.T.);
#5811 = SURFACE_CURVE('',#5812,(#5817,#5824),.PCURVE_S1.);
#5812 = CIRCLE('',#5813,15.);
#5813 = AXIS2_PLACEMENT_3D('',#5814,#5815,#5816);
#5814 = CARTESIAN_POINT('',(52.5,-90.93,0.));
#5815 = DIRECTION('',(0.500011000363,-0.866019052629,0.));
#5816 = DIRECTION('',(-0.866019052629,-0.500011000363,0.));
#5817 = PCURVE('',#780,#5818);
#5818 = DEFINITIONAL_REPRESENTATION('',(#5819),#5823);
#5819 = LINE('',#5820,#5821);
#5820 = CARTESIAN_POINT('',(0.,69.99845998306));
#5821 = VECTOR('',#5822,1.);
#5822 = DIRECTION('',(1.,0.));
#5823 = ( GEOMETRIC_REPRESENTATION_CONTEXT(2) 
PARAMETRIC_REPRESENTATION_CONTEXT() REPRESENTATION_CONTEXT('2D SPACE',''
  ) );
#5824 = PCURVE('',#942,#5825);
#5825 = DEFINITIONAL_REPRESENTATION('',(#5826),#5830);
#5826 = CIRCLE('',#5827,15.);
#5827 = AXIS2_PLACEMENT_2D('',#5828,#5829);
#5828 = CARTESIAN_POINT('',(0.,0.));
#5829 = DIRECTION('',(1.,0.));
#5830 = ( GEOMETRIC_REPRESENTATION_CONTEXT(2) 
PARAMETRIC_REPRESENTATION_CONTEXT() REPRESENTATION_CONTEXT('2D SPACE',''
  ) );
#5831 = ORIENTED_EDGE('',*,*,#2693,.F.);
#5832 = ORIENTED_EDGE('',*,*,#5833,.F.);
#5833 = EDGE_CURVE('',#2736,#2668,#5834,.T.);
#5834 = SURFACE_CURVE('',#5835,(#5840,#5847),.PCURVE_S1.);
#5835 = CIRCLE('',#5836,15.);
#5836 = AXIS2_PLACEMENT_3D('',#5837,#5838,#5839);
#5837 = CARTESIAN_POINT('',(50.,-86.6,0.));
#5838 = DIRECTION('',(0.500011000363,-0.866019052629,0.));
#5839 = DIRECTION('',(-0.866019052629,-0.500011000363,0.));
#5840 = PCURVE('',#780,#5841);
#5841 = DEFINITIONAL_REPRESENTATION('',(#5842),#5846);
#5842 = LINE('',#5843,#5844);
#5843 = CARTESIAN_POINT('',(0.,64.99856998427));
#5844 = VECTOR('',#5845,1.);
#5845 = DIRECTION('',(1.,0.));
#5846 = ( GEOMETRIC_REPRESENTATION_CONTEXT(2) 
PARAMETRIC_REPRESENTATION_CONTEXT() REPRESENTATION_CONTEXT('2D SPACE',''
  ) );
#5847 = PCURVE('',#2682,#5848);
#5848 = DEFINITIONAL_REPRESENTATION('',(#5849),#5853);
#5849 = CIRCLE('',#5850,15.);
#5850 = AXIS2_PLACEMENT_2D('',#5851,#5852);
#5851 = CARTESIAN_POINT('',(0.,0.));
#5852 = DIRECTION('',(1.,0.));
#5853 = ( GEOMETRIC_REPRESENTATION_CONTEXT(2) 
PARAMETRIC_REPRESENTATION_CONTEXT() REPRESENTATION_CONTEXT('2D SPACE',''
  ) );
#5854 = ORIENTED_EDGE('',*,*,#2735,.T.);
#5855 = ORIENTED_EDGE('',*,*,#5856,.F.);
#5856 = EDGE_CURVE('',#5763,#2715,#5857,.T.);
#5857 = SURFACE_CURVE('',#5858,(#5863,#5870),.PCURVE_S1.);
#5858 = CIRCLE('',#5859,15.);
#5859 = AXIS2_PLACEMENT_3D('',#5860,#5861,#5862);
#5860 = CARTESIAN_POINT('',(52.5,-90.93,0.));
#5861 = DIRECTION('',(0.500011000363,-0.866019052629,0.));
#5862 = DIRECTION('',(-0.866019052629,-0.500011000363,0.));
#5863 = PCURVE('',#780,#5864);
#5864 = DEFINITIONAL_REPRESENTATION('',(#5865),#5869);
#5865 = LINE('',#5866,#5867);
#5866 = CARTESIAN_POINT('',(0.,69.99845998306));
#5867 = VECTOR('',#5868,1.);
#5868 = DIRECTION('',(1.,0.));
#5869 = ( GEOMETRIC_REPRESENTATION_CONTEXT(2) 
PARAMETRIC_REPRESENTATION_CONTEXT() REPRESENTATION_CONTEXT('2D SPACE',''
  ) );
#5870 = PCURVE('',#942,#5871);
#5871 = DEFINITIONAL_REPRESENTATION('',(#5872),#5876);
#5872 = CIRCLE('',#5873,15.);
#5873 = AXIS2_PLACEMENT_2D('',#5874,#5875);
#5874 = CARTESIAN_POINT('',(0.,0.));
#5875 = DIRECTION('',(1.,0.));
#5876 = ( GEOMETRIC_REPRESENTATION_CONTEXT(2) 
PARAMETRIC_REPRESENTATION_CONTEXT() REPRESENTATION_CONTEXT('2D SPACE',''
  ) );
#5877 = ORIENTED_EDGE('',*,*,#5760,.F.);
#5878 = ORIENTED_EDGE('',*,*,#5879,.T.);
#5879 = EDGE_CURVE('',#5761,#2563,#5880,.T.);
#5880 = SURFACE_CURVE('',#5881,(#5886,#5893),.PCURVE_S1.);
#5881 = CIRCLE('',#5882,15.);
#5882 = AXIS2_PLACEMENT_3D('',#5883,#5884,#5885);
#5883 = CARTESIAN_POINT('',(17.5,-30.31,0.));
#5884 = DIRECTION('',(0.500011000363,-0.866019052629,0.));
#5885 = DIRECTION('',(-0.866019052629,-0.500011000363,0.));
#5886 = PCURVE('',#780,#5887);
#5887 = DEFINITIONAL_REPRESENTATION('',(#5888),#5892);
#5888 = LINE('',#5889,#5890);
#5889 = CARTESIAN_POINT('',(0.,0.));
#5890 = VECTOR('',#5891,1.);
#5891 = DIRECTION('',(1.,0.));
#5892 = ( GEOMETRIC_REPRESENTATION_CONTEXT(2) 
PARAMETRIC_REPRESENTATION_CONTEXT() REPRESENTATION_CONTEXT('2D SPACE',''
  ) );
#5893 = PCURVE('',#806,#5894);
#5894 = DEFINITIONAL_REPRESENTATION('',(#5895),#5899);
#5895 = CIRCLE('',#5896,15.);
#5896 = AXIS2_PLACEMENT_2D('',#5897,#5898);
#5897 = CARTESIAN_POINT('',(0.,0.));
#5898 = DIRECTION('',(1.,0.));
#5899 = ( GEOMETRIC_REPRESENTATION_CONTEXT(2) 
PARAMETRIC_REPRESENTATION_CONTEXT() REPRESENTATION_CONTEXT('2D SPACE',''
  ) );
#5900 = ORIENTED_EDGE('',*,*,#2562,.T.);
#5901 = ORIENTED_EDGE('',*,*,#5902,.T.);
#5902 = EDGE_CURVE('',#2537,#2605,#5903,.T.);
#5903 = SURFACE_CURVE('',#5904,(#5909,#5916),.PCURVE_S1.);
#5904 = CIRCLE('',#5905,15.);
#5905 = AXIS2_PLACEMENT_3D('',#5906,#5907,#5908);
#5906 = CARTESIAN_POINT('',(20.,-34.64,0.));
#5907 = DIRECTION('',(0.500011000363,-0.866019052629,0.));
#5908 = DIRECTION('',(-0.866019052629,-0.500011000363,0.));
#5909 = PCURVE('',#780,#5910);
#5910 = DEFINITIONAL_REPRESENTATION('',(#5911),#5915);
#5911 = LINE('',#5912,#5913);
#5912 = CARTESIAN_POINT('',(0.,4.99988999879));
#5913 = VECTOR('',#5914,1.);
#5914 = DIRECTION('',(1.,0.));
#5915 = ( GEOMETRIC_REPRESENTATION_CONTEXT(2) 
PARAMETRIC_REPRESENTATION_CONTEXT() REPRESENTATION_CONTEXT('2D SPACE',''
  ) );
#5916 = PCURVE('',#2551,#5917);
#5917 = DEFINITIONAL_REPRESENTATION('',(#5918),#5922);
#5918 = CIRCLE('',#5919,15.);
#5919 = AXIS2_PLACEMENT_2D('',#5920,#5921);
#5920 = CARTESIAN_POINT('',(0.,0.));
#5921 = DIRECTION('',(1.,0.));
#5922 = ( GEOMETRIC_REPRESENTATION_CONTEXT(2) 
PARAMETRIC_REPRESENTATION_CONTEXT() REPRESENTATION_CONTEXT('2D SPACE',''
  ) );
#5923 = ORIENTED_EDGE('',*,*,#2604,.F.);
#5924 = ORIENTED_EDGE('',*,*,#5925,.T.);
#5925 = EDGE_CURVE('',#2584,#792,#5926,.T.);
#5926 = SURFACE_CURVE('',#5927,(#5932,#5939),.PCURVE_S1.);
#5927 = CIRCLE('',#5928,15.);
#5928 = AXIS2_PLACEMENT_3D('',#5929,#5930,#5931);
#5929 = CARTESIAN_POINT('',(17.5,-30.31,0.));
#5930 = DIRECTION('',(0.500011000363,-0.866019052629,0.));
#5931 = DIRECTION('',(-0.866019052629,-0.500011000363,0.));
#5932 = PCURVE('',#780,#5933);
#5933 = DEFINITIONAL_REPRESENTATION('',(#5934),#5938);
#5934 = LINE('',#5935,#5936);
#5935 = CARTESIAN_POINT('',(0.,0.));
#5936 = VECTOR('',#5937,1.);
#5937 = DIRECTION('',(1.,0.));
#5938 = ( GEOMETRIC_REPRESENTATION_CONTEXT(2) 
PARAMETRIC_REPRESENTATION_CONTEXT() REPRESENTATION_CONTEXT('2D SPACE',''
  ) );
#5939 = PCURVE('',#806,#5940);
#5940 = DEFINITIONAL_REPRESENTATION('',(#5941),#5945);
#5941 = CIRCLE('',#5942,15.);
#5942 = AXIS2_PLACEMENT_2D('',#5943,#5944);
#5943 = CARTESIAN_POINT('',(0.,0.));
#5944 = DIRECTION('',(1.,0.));
#5945 = ( GEOMETRIC_REPRESENTATION_CONTEXT(2) 
PARAMETRIC_REPRESENTATION_CONTEXT() REPRESENTATION_CONTEXT('2D SPACE',''
  ) );
#5946 = ORIENTED_EDGE('',*,*,#817,.T.);
#5947 = ORIENTED_EDGE('',*,*,#5948,.T.);
#5948 = EDGE_CURVE('',#818,#740,#5949,.T.);
#5949 = SURFACE_CURVE('',#5950,(#5955,#5962),.PCURVE_S1.);
#5950 = CIRCLE('',#5951,15.);
#5951 = AXIS2_PLACEMENT_3D('',#5952,#5953,#5954);
#5952 = CARTESIAN_POINT('',(20.,-34.64,0.));
#5953 = DIRECTION('',(0.500011000363,-0.866019052629,0.));
#5954 = DIRECTION('',(-0.866019052629,-0.500011000363,0.));
#5955 = PCURVE('',#780,#5956);
#5956 = DEFINITIONAL_REPRESENTATION('',(#5957),#5961);
#5957 = LINE('',#5958,#5959);
#5958 = CARTESIAN_POINT('',(0.,4.99988999879));
#5959 = VECTOR('',#5960,1.);
#5960 = DIRECTION('',(1.,0.));
#5961 = ( GEOMETRIC_REPRESENTATION_CONTEXT(2) 
PARAMETRIC_REPRESENTATION_CONTEXT() REPRESENTATION_CONTEXT('2D SPACE',''
  ) );
#5962 = PCURVE('',#754,#5963);
#5963 = DEFINITIONAL_REPRESENTATION('',(#5964),#5968);
#5964 = CIRCLE('',#5965,15.);
#5965 = AXIS2_PLACEMENT_2D('',#5966,#5967);
#5966 = CARTESIAN_POINT('',(0.,0.));
#5967 = DIRECTION('',(1.,0.));
#5968 = ( GEOMETRIC_REPRESENTATION_CONTEXT(2) 
PARAMETRIC_REPRESENTATION_CONTEXT() REPRESENTATION_CONTEXT('2D SPACE',''
  ) );
#5969 = ORIENTED_EDGE('',*,*,#765,.F.);
#5970 = ORIENTED_EDGE('',*,*,#5971,.T.);
#5971 = EDGE_CURVE('',#766,#5761,#5972,.T.);
#5972 = SURFACE_CURVE('',#5973,(#5978,#5985),.PCURVE_S1.);
#5973 = CIRCLE('',#5974,15.);
#5974 = AXIS2_PLACEMENT_3D('',#5975,#5976,#5977);
#5975 = CARTESIAN_POINT('',(17.5,-30.31,0.));
#5976 = DIRECTION('',(0.500011000363,-0.866019052629,0.));
#5977 = DIRECTION('',(-0.866019052629,-0.500011000363,0.));
#5978 = PCURVE('',#780,#5979);
#5979 = DEFINITIONAL_REPRESENTATION('',(#5980),#5984);
#5980 = LINE('',#5981,#5982);
#5981 = CARTESIAN_POINT('',(0.,0.));
#5982 = VECTOR('',#5983,1.);
#5983 = DIRECTION('',(1.,0.));
#5984 = ( GEOMETRIC_REPRESENTATION_CONTEXT(2) 
PARAMETRIC_REPRESENTATION_CONTEXT() REPRESENTATION_CONTEXT('2D SPACE',''
  ) );
#5985 = PCURVE('',#806,#5986);
#5986 = DEFINITIONAL_REPRESENTATION('',(#5987),#5991);
#5987 = CIRCLE('',#5988,15.);
#5988 = AXIS2_PLACEMENT_2D('',#5989,#5990);
#5989 = CARTESIAN_POINT('',(0.,0.));
#5990 = DIRECTION('',(1.,0.));
#5991 = ( GEOMETRIC_REPRESENTATION_CONTEXT(2) 
PARAMETRIC_REPRESENTATION_CONTEXT() REPRESENTATION_CONTEXT('2D SPACE',''
  ) );
#5992 = FACE_BOUND('',#5993,.F.);
#5993 = EDGE_LOOP('',(#5994));
#5994 = ORIENTED_EDGE('',*,*,#5995,.T.);
#5995 = EDGE_CURVE('',#5996,#5996,#5998,.T.);
#5996 = VERTEX_POINT('',#5997);
#5997 = CARTESIAN_POINT('',(37.1,-60.62,-14.8893434547));
#5998 = SURFACE_CURVE('',#5999,(#6050,#6104),.PCURVE_S1.);
#5999 = B_SPLINE_CURVE_WITH_KNOTS('',7,(#6000,#6001,#6002,#6003,#6004,
    #6005,#6006,#6007,#6008,#6009,#6010,#6011,#6012,#6013,#6014,#6015,
    #6016,#6017,#6018,#6019,#6020,#6021,#6022,#6023,#6024,#6025,#6026,
    #6027,#6028,#6029,#6030,#6031,#6032,#6033,#6034,#6035,#6036,#6037,
    #6038,#6039,#6040,#6041,#6042,#6043,#6044,#6045,#6046,#6047,#6048,
    #6049),.UNSPECIFIED.,.T.,.F.,(8,6,6,6,6,6,6,6,8),(0.,0.103297779299,
    0.251772823722,0.38285257802,0.493812379445,0.625074643235,
    0.742258619901,0.855232194209,1.),.UNSPECIFIED.);
#6000 = CARTESIAN_POINT('',(37.1,-60.62,-14.8893434547));
#6001 = CARTESIAN_POINT('',(37.1,-60.45847695606,-14.87947872379));
#6002 = CARTESIAN_POINT('',(37.085505980903,-60.30002595369,
    -14.87081602572));
#6003 = CARTESIAN_POINT('',(37.05750882772,-60.14550890434,
    -14.86362764342));
#6004 = CARTESIAN_POINT('',(37.01681070311,-59.99561290946,
    -14.85809506817));
#6005 = CARTESIAN_POINT('',(36.964045478322,-59.85092829907,
    -14.85433045541));
#6006 = CARTESIAN_POINT('',(36.899697153613,-59.71202388354,
    -14.85238962822));
#6007 = CARTESIAN_POINT('',(36.71548009603,-59.38906414974,
    -14.85211420826));
#6008 = CARTESIAN_POINT('',(36.583779660164,-59.2120778814,
    -14.85572800195));
#6009 = CARTESIAN_POINT('',(36.430081422142,-59.05019929001,
    -14.86311243328));
#6010 = CARTESIAN_POINT('',(36.254948290829,-58.90558077269,
    -14.87404984089));
#6011 = CARTESIAN_POINT('',(36.058796581799,-58.78110612294,
    -14.88809409721));
#6012 = CARTESIAN_POINT('',(35.842274932461,-58.68066951537,
    -14.90441651698));
#6013 = CARTESIAN_POINT('',(35.399179165125,-58.54689715724,
    -14.93692171144));
#6014 = CARTESIAN_POINT('',(35.171735470819,-58.50556321841,
    -14.9532649861));
#6015 = CARTESIAN_POINT('',(34.929557493749,-58.49285767221,
    -14.96947786699));
#6016 = CARTESIAN_POINT('',(34.678923832601,-58.51388433327,
    -14.9838276032));
#6017 = CARTESIAN_POINT('',(34.426995623789,-58.57175490306,
    -14.9944457299));
#6018 = CARTESIAN_POINT('',(34.181401095235,-58.66774324814,-15.));
#6019 = CARTESIAN_POINT('',(33.754074923602,-58.91446736571,-15.));
#6020 = CARTESIAN_POINT('',(33.572398305612,-59.05218810492,
    -14.99602037572));
#6021 = CARTESIAN_POINT('',(33.408670660989,-59.21236405484,
    -14.98806017587));
#6022 = CARTESIAN_POINT('',(33.266158105849,-59.39216112135,
    -14.97657155238));
#6023 = CARTESIAN_POINT('',(33.147579596228,-59.58817557936,
    -14.96243703135));
#6024 = CARTESIAN_POINT('',(33.054987920623,-59.79654428118,
    -14.94682968457));
#6025 = CARTESIAN_POINT('',(32.912294561342,-60.26918918636,
    -14.91217832644));
#6026 = CARTESIAN_POINT('',(32.876470116669,-60.52544178442,
    -14.8938551218));
#6027 = CARTESIAN_POINT('',(32.877212709336,-60.77621183123,
    -14.87781684468));
#6028 = CARTESIAN_POINT('',(32.910565436124,-61.01817916689,
    -14.86519849401));
#6029 = CARTESIAN_POINT('',(32.973558465792,-61.24908112469,
    -14.85658712194));
#6030 = CARTESIAN_POINT('',(33.064171654792,-61.46705290508,
    -14.85227255338));
#6031 = CARTESIAN_POINT('',(33.285979509828,-61.85122411,-14.85227255338
    ));
#6032 = CARTESIAN_POINT('',(33.411576234968,-62.02011628259,
    -14.85571136488));
#6033 = CARTESIAN_POINT('',(33.557232081634,-62.17524552531,
    -14.86257955539));
#6034 = CARTESIAN_POINT('',(33.722435258201,-62.31474053735,
    -14.87269019772));
#6035 = CARTESIAN_POINT('',(33.906807435266,-62.43613739063,
    -14.88566466089));
#6036 = CARTESIAN_POINT('',(34.109803965962,-62.53615021392,
    -14.90081859409));
#6037 = CARTESIAN_POINT('',(34.542698316321,-62.68182913699,
    -14.9327152988));
#6038 = CARTESIAN_POINT('',(34.77690896395,-62.73118382938,
    -14.94978966022));
#6039 = CARTESIAN_POINT('',(35.027753594944,-62.75026976837,
    -14.96699160453));
#6040 = CARTESIAN_POINT('',(35.288549450267,-62.73326210689,
    -14.98241728871));
#6041 = CARTESIAN_POINT('',(35.551533554016,-62.67647555519,
    -14.99394058823));
#6042 = CARTESIAN_POINT('',(35.80830433051,-62.57820050142,-15.));
#6043 = CARTESIAN_POINT('',(36.359768952411,-62.25980291372,-15.));
#6044 = CARTESIAN_POINT('',(36.61936442413,-62.02785705614,
    -14.99004961634));
#6045 = CARTESIAN_POINT('',(36.823005476261,-61.76008572313,
    -14.9718438042));
#6046 = CARTESIAN_POINT('',(36.969192012992,-61.47167426617,
    -14.94917505384));
#6047 = CARTESIAN_POINT('',(37.059668474332,-61.17708919801,
    -14.92618894705));
#6048 = CARTESIAN_POINT('',(37.1,-60.88943639668,-14.90579880054));
#6049 = CARTESIAN_POINT('',(37.1,-60.62,-14.8893434547));
#6050 = PCURVE('',#780,#6051);
#6051 = DEFINITIONAL_REPRESENTATION('',(#6052),#6103);
#6052 = B_SPLINE_CURVE_WITH_KNOTS('',7,(#6053,#6054,#6055,#6056,#6057,
    #6058,#6059,#6060,#6061,#6062,#6063,#6064,#6065,#6066,#6067,#6068,
    #6069,#6070,#6071,#6072,#6073,#6074,#6075,#6076,#6077,#6078,#6079,
    #6080,#6081,#6082,#6083,#6084,#6085,#6086,#6087,#6088,#6089,#6090,
    #6091,#6092,#6093,#6094,#6095,#6096,#6097,#6098,#6099,#6100,#6101,
    #6102),.UNSPECIFIED.,.T.,.F.,(8,6,6,6,6,6,6,6,8),(0.,0.103297779299,
    0.251772823722,0.38285257802,0.493812379445,0.625074643235,
    0.742258619901,0.855232194209,1.),.UNSPECIFIED.);
#6053 = CARTESIAN_POINT('',(1.6923380166,36.049253092292));
#6054 = CARTESIAN_POINT('',(1.697762251659,35.909371058806));
#6055 = CARTESIAN_POINT('',(1.7022444903,35.764902302857));
#6056 = CARTESIAN_POINT('',(1.705811054754,35.617088709596));
#6057 = CARTESIAN_POINT('',(1.708483579443,35.466926412117));
#6058 = CARTESIAN_POINT('',(1.710277764298,35.315243590066));
#6059 = CARTESIAN_POINT('',(1.711201990829,35.162774849516));
#6060 = CARTESIAN_POINT('',(1.711333144991,34.790975011568));
#6061 = CARTESIAN_POINT('',(1.709612198292,34.57184986444));
#6062 = CARTESIAN_POINT('',(1.706099887877,34.354809110342));
#6063 = CARTESIAN_POINT('',(1.700759401956,34.141998226792));
#6064 = CARTESIAN_POINT('',(1.693523478341,33.936122796283));
#6065 = CARTESIAN_POINT('',(1.684307383743,33.740879574063));
#6066 = CARTESIAN_POINT('',(1.663073734659,33.403477405326));
#6067 = CARTESIAN_POINT('',(1.651270373751,33.253957077659));
#6068 = CARTESIAN_POINT('',(1.637670681644,33.121862179994));
#6069 = CARTESIAN_POINT('',(1.62247371257,33.014752081454));
#6070 = CARTESIAN_POINT('',(1.605990494695,32.938902221768));
#6071 = CARTESIAN_POINT('',(1.58861150036,32.89922999153));
#6072 = CARTESIAN_POINT('',(1.555715675082,32.89922999153));
#6073 = CARTESIAN_POINT('',(1.540635839415,32.927658468129));
#6074 = CARTESIAN_POINT('',(1.52583823064,32.984508269154));
#6075 = CARTESIAN_POINT('',(1.511600055062,33.068958109102));
#6076 = CARTESIAN_POINT('',(1.498189139112,33.179419805111));
#6077 = CARTESIAN_POINT('',(1.485854465091,33.313574214511));
#6078 = CARTESIAN_POINT('',(1.461749992824,33.651545458208));
#6079 = CARTESIAN_POINT('',(1.451071510874,33.85555247399));
#6080 = CARTESIAN_POINT('',(1.442687365655,34.073095416861));
#6081 = CARTESIAN_POINT('',(1.436489929037,34.299320469941));
#6082 = CARTESIAN_POINT('',(1.432389514864,34.530783172472));
#6083 = CARTESIAN_POINT('',(1.430334912085,34.764858478498));
#6084 = CARTESIAN_POINT('',(1.430334912085,35.208464428917));
#6085 = CARTESIAN_POINT('',(1.431972452875,35.417528012399));
#6086 = CARTESIAN_POINT('',(1.43524296047,35.624702417816));
#6087 = CARTESIAN_POINT('',(1.44017718185,35.828111161567));
#6088 = CARTESIAN_POINT('',(1.446831325373,36.025431266131));
#6089 = CARTESIAN_POINT('',(1.455277138827,36.213544774992));
#6090 = CARTESIAN_POINT('',(1.475526016119,36.556157435105));
#6091 = CARTESIAN_POINT('',(1.487456738848,36.716007439272));
#6092 = CARTESIAN_POINT('',(1.501348465518,36.857961300951));
#6093 = CARTESIAN_POINT('',(1.517001524067,36.97363313858));
#6094 = CARTESIAN_POINT('',(1.534088193134,37.055949847668));
#6095 = CARTESIAN_POINT('',(1.552188670722,37.09922999153));
#6096 = CARTESIAN_POINT('',(1.59464074844,37.09922999153));
#6097 = CARTESIAN_POINT('',(1.617360100598,37.028161051194));
#6098 = CARTESIAN_POINT('',(1.638065214148,36.89808874125));
#6099 = CARTESIAN_POINT('',(1.656176435957,36.721413800991));
#6100 = CARTESIAN_POINT('',(1.671295798455,36.511536745287));
#6101 = CARTESIAN_POINT('',(1.683289856575,36.282590145292));
#6102 = CARTESIAN_POINT('',(1.6923380166,36.049253092292));
#6103 = ( GEOMETRIC_REPRESENTATION_CONTEXT(2) 
PARAMETRIC_REPRESENTATION_CONTEXT() REPRESENTATION_CONTEXT('2D SPACE',''
  ) );
#6104 = PCURVE('',#6105,#6110);
#6105 = CYLINDRICAL_SURFACE('',#6106,2.1);
#6106 = AXIS2_PLACEMENT_3D('',#6107,#6108,#6109);
#6107 = CARTESIAN_POINT('',(35.,-60.62,-20.));
#6108 = DIRECTION('',(0.,0.,1.));
#6109 = DIRECTION('',(1.,0.,-0.));
#6110 = DEFINITIONAL_REPRESENTATION('',(#6111),#6162);
#6111 = B_SPLINE_CURVE_WITH_KNOTS('',7,(#6112,#6113,#6114,#6115,#6116,
    #6117,#6118,#6119,#6120,#6121,#6122,#6123,#6124,#6125,#6126,#6127,
    #6128,#6129,#6130,#6131,#6132,#6133,#6134,#6135,#6136,#6137,#6138,
    #6139,#6140,#6141,#6142,#6143,#6144,#6145,#6146,#6147,#6148,#6149,
    #6150,#6151,#6152,#6153,#6154,#6155,#6156,#6157,#6158,#6159,#6160,
    #6161),.UNSPECIFIED.,.F.,.F.,(8,6,6,6,6,6,6,6,8),(0.,0.103297779299,
    0.251772823722,0.38285257802,0.493812379445,0.625074643235,
    0.742258619901,0.855232194209,1.),.UNSPECIFIED.);
#6112 = CARTESIAN_POINT('',(-8.881784197001E-16,5.110656545296));
#6113 = CARTESIAN_POINT('',(7.691573520687E-02,5.120521276202));
#6114 = CARTESIAN_POINT('',(0.152368784523,5.129183974275));
#6115 = CARTESIAN_POINT('',(0.226690841393,5.136372356574));
#6116 = CARTESIAN_POINT('',(0.300173566696,5.141904931821));
#6117 = CARTESIAN_POINT('',(0.373094336717,5.145669544581));
#6118 = CARTESIAN_POINT('',(0.445731953054,5.147610371776));
#6119 = CARTESIAN_POINT('',(0.622781924837,5.147885791735));
#6120 = CARTESIAN_POINT('',(0.727061784916,5.144271998042));
#6121 = CARTESIAN_POINT('',(0.832143173542,5.136887566714));
#6122 = CARTESIAN_POINT('',(0.938836610426,5.125950159105));
#6123 = CARTESIAN_POINT('',(1.048005884057,5.111905902781));
#6124 = CARTESIAN_POINT('',(1.160534326599,5.095583483017));
#6125 = CARTESIAN_POINT('',(1.380938461091,5.063078288558));
#6126 = CARTESIAN_POINT('',(1.490311625251,5.046735013895));
#6127 = CARTESIAN_POINT('',(1.604263575727,5.030522133001));
#6128 = CARTESIAN_POINT('',(1.7219833051,5.016172396793));
#6129 = CARTESIAN_POINT('',(1.843021076955,5.005554270095));
#6130 = CARTESIAN_POINT('',(1.967156564815,5.));
#6131 = CARTESIAN_POINT('',(2.202126745368,5.));
#6132 = CARTESIAN_POINT('',(2.309839332381,5.003979624279));
#6133 = CARTESIAN_POINT('',(2.417539902923,5.011939824125));
#6134 = CARTESIAN_POINT('',(2.525241796668,5.023428447615));
#6135 = CARTESIAN_POINT('',(2.632960218383,5.037562968646));
#6136 = CARTESIAN_POINT('',(2.740691682772,5.053170315421));
#6137 = CARTESIAN_POINT('',(2.975794111927,5.087821673554));
#6138 = CARTESIAN_POINT('',(3.097542322546,5.1061448782));
#6139 = CARTESIAN_POINT('',(3.215133577025,5.122183155313));
#6140 = CARTESIAN_POINT('',(3.32964171207,5.134801505989));
#6141 = CARTESIAN_POINT('',(3.442134673194,5.143412878053));
#6142 = CARTESIAN_POINT('',(3.553598648964,5.147727446616));
#6143 = CARTESIAN_POINT('',(3.764839577735,5.147727446616));
#6144 = CARTESIAN_POINT('',(3.864393498054,5.144288635115));
#6145 = CARTESIAN_POINT('',(3.964664278509,5.13742044461));
#6146 = CARTESIAN_POINT('',(4.066358846207,5.127309802272));
#6147 = CARTESIAN_POINT('',(4.170224729721,5.114335339108));
#6148 = CARTESIAN_POINT('',(4.277031200918,5.099181405907));
#6149 = CARTESIAN_POINT('',(4.49453083847,5.067284701199));
#6150 = CARTESIAN_POINT('',(4.607730875951,5.050210339774));
#6151 = CARTESIAN_POINT('',(4.725827824225,5.033008395469));
#6152 = CARTESIAN_POINT('',(4.847991458775,5.017582711289));
#6153 = CARTESIAN_POINT('',(4.973799674866,5.006059411762));
#6154 = CARTESIAN_POINT('',(5.103088629066,5.));
#6155 = CARTESIAN_POINT('',(5.406317755617,5.));
#6156 = CARTESIAN_POINT('',(5.568600548168,5.009950383656));
#6157 = CARTESIAN_POINT('',(5.724395221948,5.028156195792));
#6158 = CARTESIAN_POINT('',(5.874172552774,5.050824946155));
#6159 = CARTESIAN_POINT('',(6.017905814217,5.073811052946));
#6160 = CARTESIAN_POINT('',(6.15488226114,5.094201199454));
#6161 = CARTESIAN_POINT('',(6.28318530718,5.110656545296));
#6162 = ( GEOMETRIC_REPRESENTATION_CONTEXT(2) 
PARAMETRIC_REPRESENTATION_CONTEXT() REPRESENTATION_CONTEXT('2D SPACE',''
  ) );
#6163 = FACE_BOUND('',#6164,.F.);
#6164 = EDGE_LOOP('',(#6165));
#6165 = ORIENTED_EDGE('',*,*,#6166,.F.);
#6166 = EDGE_CURVE('',#6167,#6167,#6169,.T.);
#6167 = VERTEX_POINT('',#6168);
#6168 = CARTESIAN_POINT('',(37.1,-60.62,14.889343454704));
#6169 = SURFACE_CURVE('',#6170,(#6229,#6291),.PCURVE_S1.);
#6170 = B_SPLINE_CURVE_WITH_KNOTS('',8,(#6171,#6172,#6173,#6174,#6175,
    #6176,#6177,#6178,#6179,#6180,#6181,#6182,#6183,#6184,#6185,#6186,
    #6187,#6188,#6189,#6190,#6191,#6192,#6193,#6194,#6195,#6196,#6197,
    #6198,#6199,#6200,#6201,#6202,#6203,#6204,#6205,#6206,#6207,#6208,
    #6209,#6210,#6211,#6212,#6213,#6214,#6215,#6216,#6217,#6218,#6219,
    #6220,#6221,#6222,#6223,#6224,#6225,#6226,#6227,#6228),
  .UNSPECIFIED.,.T.,.F.,(9,7,7,7,7,7,7,7,9),(0.,0.109551707008,
    0.278999829774,0.434751869718,0.542860420733,0.650969813175,
    0.760060178975,0.865230948177,1.),.UNSPECIFIED.);
#6171 = CARTESIAN_POINT('',(37.1,-60.62,14.889343454704));
#6172 = CARTESIAN_POINT('',(37.1,-60.47866733655,14.880711815162));
#6173 = CARTESIAN_POINT('',(37.089129485678,-60.33963870428,
    14.872981700243));
#6174 = CARTESIAN_POINT('',(37.068007760164,-60.20345279785,
    14.866323286788));
#6175 = CARTESIAN_POINT('',(37.037159765415,-60.0705609069,
    14.860861355802));
#6176 = CARTESIAN_POINT('',(36.997023743814,-59.94135618057,
    14.856683338394));
#6177 = CARTESIAN_POINT('',(36.947958397145,-59.81620219519,
    14.853845248621));
#6178 = CARTESIAN_POINT('',(36.890249542928,-59.69546082542,
    14.852375503253));
#6179 = CARTESIAN_POINT('',(36.721825216966,-59.40018808471,
    14.852123694753));
#6180 = CARTESIAN_POINT('',(36.59952462437,-59.23259230374,
    14.855250364298));
#6181 = CARTESIAN_POINT('',(36.458036712587,-59.07796227117,
    14.861650283793));
#6182 = CARTESIAN_POINT('',(36.297836890456,-58.93790341439,
    14.871177478079));
#6183 = CARTESIAN_POINT('',(36.119261091604,-58.814505333,
    14.883537548592));
#6184 = CARTESIAN_POINT('',(35.922716380674,-58.71047159581,
    14.898220163138));
#6185 = CARTESIAN_POINT('',(35.708959853524,-58.62929191432,
    14.914415361535));
#6186 = CARTESIAN_POINT('',(35.268607669896,-58.52601414322,
    14.946160085576));
#6187 = CARTESIAN_POINT('',(35.036610459137,-58.49783355078,
    14.962221038392));
#6188 = CARTESIAN_POINT('',(34.79042123997,-58.49920484816,
    14.977734590027));
#6189 = CARTESIAN_POINT('',(34.537913848754,-58.5352178653,
    14.990885163693));
#6190 = CARTESIAN_POINT('',(34.287545582424,-58.60800150524,
    14.999839722499));
#6191 = CARTESIAN_POINT('',(34.047613898876,-58.71706530602,
    15.003460729306));
#6192 = CARTESIAN_POINT('',(33.82567047971,-58.85952322309,
    15.001575863823));
#6193 = CARTESIAN_POINT('',(33.490450890345,-59.14888444133,
    14.990160666499));
#6194 = CARTESIAN_POINT('',(33.364818268502,-59.28099722413,
    14.983149602423));
#6195 = CARTESIAN_POINT('',(33.252462233915,-59.42531183419,
    14.974013899592));
#6196 = CARTESIAN_POINT('',(33.154745957503,-59.58026906534,
    14.963112304629));
#6197 = CARTESIAN_POINT('',(33.07281432032,-59.74413339073,
    14.950927697126));
#6198 = CARTESIAN_POINT('',(33.007571658673,-59.91502306956,
    14.938028842348));
#6199 = CARTESIAN_POINT('',(32.959655154901,-60.09094180206,
    14.925019101891));
#6200 = CARTESIAN_POINT('',(32.89915235732,-60.44868345598,
    14.899925005017));
#6201 = CARTESIAN_POINT('',(32.886554759409,-60.6305749101,
    14.887836405409));
#6202 = CARTESIAN_POINT('',(32.891973276299,-60.81341329554,
    14.87678037747));
#6203 = CARTESIAN_POINT('',(32.91546214647,-60.99510567452,
    14.867305561484));
#6204 = CARTESIAN_POINT('',(32.956786799172,-61.17357895478,
    14.859871791643));
#6205 = CARTESIAN_POINT('',(33.01543801237,-61.34681741183,
    14.854805308089));
#6206 = CARTESIAN_POINT('',(33.090641080132,-61.51289794977,
    14.852272553384));
#6207 = CARTESIAN_POINT('',(33.272902072754,-61.82857398899,
    14.852272553384));
#6208 = CARTESIAN_POINT('',(33.38017704943,-61.9778932295,
    14.854851662125));
#6209 = CARTESIAN_POINT('',(33.502611135926,-62.11707206261,
    14.860003983495));
#6210 = CARTESIAN_POINT('',(33.639833677489,-62.24499303731,
    14.867634876956));
#6211 = CARTESIAN_POINT('',(33.7915748278,-62.36026435406,
    14.877555621875));
#6212 = CARTESIAN_POINT('',(33.957556555959,-62.46114059363,
    14.889453143232));
#6213 = CARTESIAN_POINT('',(34.137354818221,-62.5454217105,
    14.902848607648));
#6214 = CARTESIAN_POINT('',(34.51613736826,-62.67289076598,
    14.930758223787));
#6215 = CARTESIAN_POINT('',(34.718356302042,-62.71884515628,
    14.94552106987));
#6216 = CARTESIAN_POINT('',(34.933686858322,-62.74311254125,
    14.960540875417));
#6217 = CARTESIAN_POINT('',(35.158151522606,-62.74176593763,
    14.974704446621));
#6218 = CARTESIAN_POINT('',(35.387168489173,-62.71196715,14.986738526034
    ));
#6219 = CARTESIAN_POINT('',(35.61572624814,-62.65190679175,
    14.995455441178));
#6220 = CARTESIAN_POINT('',(35.838519176791,-62.56075544006,15.));
#6221 = CARTESIAN_POINT('',(36.321050720955,-62.28215755082,15.));
#6222 = CARTESIAN_POINT('',(36.5544655562,-62.08584352054,
    14.992537212258));
#6223 = CARTESIAN_POINT('',(36.746640081712,-61.86049997301,
    14.978670983759));
#6224 = CARTESIAN_POINT('',(36.896098744626,-61.61587999465,
    14.960509429026));
#6225 = CARTESIAN_POINT('',(37.003120685994,-61.36120486561,
    14.940555263798));
#6226 = CARTESIAN_POINT('',(37.069751355749,-61.10517599767,
    14.921091410427));
#6227 = CARTESIAN_POINT('',(37.1,-60.85575684709,14.903741882316));
#6228 = CARTESIAN_POINT('',(37.1,-60.62,14.889343454704));
#6229 = PCURVE('',#780,#6230);
#6230 = DEFINITIONAL_REPRESENTATION('',(#6231),#6290);
#6231 = B_SPLINE_CURVE_WITH_KNOTS('',8,(#6232,#6233,#6234,#6235,#6236,
    #6237,#6238,#6239,#6240,#6241,#6242,#6243,#6244,#6245,#6246,#6247,
    #6248,#6249,#6250,#6251,#6252,#6253,#6254,#6255,#6256,#6257,#6258,
    #6259,#6260,#6261,#6262,#6263,#6264,#6265,#6266,#6267,#6268,#6269,
    #6270,#6271,#6272,#6273,#6274,#6275,#6276,#6277,#6278,#6279,#6280,
    #6281,#6282,#6283,#6284,#6285,#6286,#6287,#6288,#6289),
  .UNSPECIFIED.,.T.,.F.,(9,7,7,7,7,7,7,7,9),(0.,0.109551707008,
    0.278999829774,0.434751869718,0.542860420733,0.650969813175,
    0.760060178975,0.865230948177,1.),.UNSPECIFIED.);
#6232 = CARTESIAN_POINT('',(4.59084729058,36.049253092292));
#6233 = CARTESIAN_POINT('',(4.586101084903,35.926856312992));
#6234 = CARTESIAN_POINT('',(4.58206137654,35.801019491844));
#6235 = CARTESIAN_POINT('',(4.578711714096,35.672518807068));
#6236 = CARTESIAN_POINT('',(4.576037990081,35.542007560856));
#6237 = CARTESIAN_POINT('',(4.574028908416,35.410045353848));
#6238 = CARTESIAN_POINT('',(4.572676486249,35.277126404929));
#6239 = CARTESIAN_POINT('',(4.571976590082,35.143707016342));
#6240 = CARTESIAN_POINT('',(4.571856679626,34.803781181455));
#6241 = CARTESIAN_POINT('',(4.573345668922,34.597488400344));
#6242 = CARTESIAN_POINT('',(4.576390017745,34.392830333725));
#6243 = CARTESIAN_POINT('',(4.581014165232,34.191435021936));
#6244 = CARTESIAN_POINT('',(4.587265143665,33.995280068572));
#6245 = CARTESIAN_POINT('',(4.595204569156,33.806910352523));
#6246 = CARTESIAN_POINT('',(4.604898791776,33.629726586692));
#6247 = CARTESIAN_POINT('',(4.62698132653,33.320105133359));
#6248 = CARTESIAN_POINT('',(4.639481504682,33.17969904596));
#6249 = CARTESIAN_POINT('',(4.653776144852,33.057789297857));
#6250 = CARTESIAN_POINT('',(4.669574561849,32.962720783565));
#6251 = CARTESIAN_POINT('',(4.686458712982,32.900565915167));
#6252 = CARTESIAN_POINT('',(4.703941929198,32.875048763488));
#6253 = CARTESIAN_POINT('',(4.721501696008,32.887445882824));
#6254 = CARTESIAN_POINT('',(4.750511035928,32.970424728695));
#6255 = CARTESIAN_POINT('',(4.762176493791,33.022019222762));
#6256 = CARTESIAN_POINT('',(4.773488558286,33.090819171397));
#6257 = CARTESIAN_POINT('',(4.78431815677,33.176155872796));
#6258 = CARTESIAN_POINT('',(4.794541696958,33.277098780765));
#6259 = CARTESIAN_POINT('',(4.804043153938,33.392470450007));
#6260 = CARTESIAN_POINT('',(4.812716880827,33.520860645085));
#6261 = CARTESIAN_POINT('',(4.828225465594,33.800419668954));
#6262 = CARTESIAN_POINT('',(4.835063266182,33.951642196201));
#6263 = CARTESIAN_POINT('',(4.840891682913,34.112693039597));
#6264 = CARTESIAN_POINT('',(4.845634227635,34.281786794976));
#6265 = CARTESIAN_POINT('',(4.849231884944,34.457010837004));
#6266 = CARTESIAN_POINT('',(4.851644205709,34.636364893242));
#6267 = CARTESIAN_POINT('',(4.852850395095,34.817796164511));
#6268 = CARTESIAN_POINT('',(4.852850395095,35.182310130183));
#6269 = CARTESIAN_POINT('',(4.851622239416,35.365262105791));
#6270 = CARTESIAN_POINT('',(4.849168787355,35.547012017051));
#6271 = CARTESIAN_POINT('',(4.84547523578,35.726406798656));
#6272 = CARTESIAN_POINT('',(4.840512821213,35.902106199546));
#6273 = CARTESIAN_POINT('',(4.834242529044,36.072459634911));
#6274 = CARTESIAN_POINT('',(4.826619461705,36.235349796871));
#6275 = CARTESIAN_POINT('',(4.808901694381,36.535135869305));
#6276 = CARTESIAN_POINT('',(4.798711249014,36.67604493823));
#6277 = CARTESIAN_POINT('',(4.787046239163,36.804728602822));
#6278 = CARTESIAN_POINT('',(4.774010312387,36.915797219765));
#6279 = CARTESIAN_POINT('',(4.759776282213,37.004501904487));
#6280 = CARTESIAN_POINT('',(4.744571994648,37.066769883634));
#6281 = CARTESIAN_POINT('',(4.728670679448,37.09922999153));
#6282 = CARTESIAN_POINT('',(4.691525111446,37.09922999153));
#6283 = CARTESIAN_POINT('',(4.671505044621,37.045928286278));
#6284 = CARTESIAN_POINT('',(4.652884510613,36.94686585748));
#6285 = CARTESIAN_POINT('',(4.636064482127,36.80975127112));
#6286 = CARTESIAN_POINT('',(4.621339110286,36.642709905101));
#6287 = CARTESIAN_POINT('',(4.608890994195,36.454300095289));
#6288 = CARTESIAN_POINT('',(4.598764430602,36.253423013666));
#6289 = CARTESIAN_POINT('',(4.59084729058,36.049253092292));
#6290 = ( GEOMETRIC_REPRESENTATION_CONTEXT(2) 
PARAMETRIC_REPRESENTATION_CONTEXT() REPRESENTATION_CONTEXT('2D SPACE',''
  ) );
#6291 = PCURVE('',#5662,#6292);
#6292 = DEFINITIONAL_REPRESENTATION('',(#6293),#6352);
#6293 = B_SPLINE_CURVE_WITH_KNOTS('',8,(#6294,#6295,#6296,#6297,#6298,
    #6299,#6300,#6301,#6302,#6303,#6304,#6305,#6306,#6307,#6308,#6309,
    #6310,#6311,#6312,#6313,#6314,#6315,#6316,#6317,#6318,#6319,#6320,
    #6321,#6322,#6323,#6324,#6325,#6326,#6327,#6328,#6329,#6330,#6331,
    #6332,#6333,#6334,#6335,#6336,#6337,#6338,#6339,#6340,#6341,#6342,
    #6343,#6344,#6345,#6346,#6347,#6348,#6349,#6350,#6351),
  .UNSPECIFIED.,.F.,.F.,(9,7,7,7,7,7,7,7,9),(0.,0.109551707008,
    0.278999829774,0.434751869718,0.542860420733,0.650969813175,
    0.760060178975,0.865230948177,1.),.UNSPECIFIED.);
#6294 = CARTESIAN_POINT('',(-8.881784197001E-16,34.889343454704));
#6295 = CARTESIAN_POINT('',(6.730126830602E-02,34.880711815162));
#6296 = CARTESIAN_POINT('',(0.133505522194,34.872981700243));
#6297 = CARTESIAN_POINT('',(0.198820070067,34.866323286788));
#6298 = CARTESIAN_POINT('',(0.263432204044,34.860861355802));
#6299 = CARTESIAN_POINT('',(0.327518855454,34.856683338394));
#6300 = CARTESIAN_POINT('',(0.391253740801,34.853845248621));
#6301 = CARTESIAN_POINT('',(0.454811998232,34.852375503253));
#6302 = CARTESIAN_POINT('',(0.616683665005,34.852123694753));
#6303 = CARTESIAN_POINT('',(0.714861443878,34.855250364298));
#6304 = CARTESIAN_POINT('',(0.813652672196,34.861650283793));
#6305 = CARTESIAN_POINT('',(0.913708510409,34.871177478079));
#6306 = CARTESIAN_POINT('',(1.015688009509,34.883537548592));
#6307 = CARTESIAN_POINT('',(1.120272430876,34.898220163138));
#6308 = CARTESIAN_POINT('',(1.228199326058,34.914415361535));
#6309 = CARTESIAN_POINT('',(1.443580833079,34.946160085576));
#6310 = CARTESIAN_POINT('',(1.554201447841,34.962221038392));
#6311 = CARTESIAN_POINT('',(1.669859831665,34.977734590027));
#6312 = CARTESIAN_POINT('',(1.789047908351,34.990885163693));
#6313 = CARTESIAN_POINT('',(1.910735852882,34.999839722499));
#6314 = CARTESIAN_POINT('',(2.034097750523,35.003460729306));
#6315 = CARTESIAN_POINT('',(2.158428681451,35.001575863823));
#6316 = CARTESIAN_POINT('',(2.369302087993,34.990160666499));
#6317 = CARTESIAN_POINT('',(2.455696547691,34.983149602423));
#6318 = CARTESIAN_POINT('',(2.542085256667,34.974013899592));
#6319 = CARTESIAN_POINT('',(2.628472733015,34.963112304629));
#6320 = CARTESIAN_POINT('',(2.714865097918,34.950927697126));
#6321 = CARTESIAN_POINT('',(2.801265295544,34.938028842348));
#6322 = CARTESIAN_POINT('',(2.88766793403,34.925019101891));
#6323 = CARTESIAN_POINT('',(3.060440233465,34.899925005017));
#6324 = CARTESIAN_POINT('',(3.146842584492,34.887836405409));
#6325 = CARTESIAN_POINT('',(3.233242012694,34.87678037747));
#6326 = CARTESIAN_POINT('',(3.319633799764,34.867305561484));
#6327 = CARTESIAN_POINT('',(3.406021513368,34.859871791643));
#6328 = CARTESIAN_POINT('',(3.492411416644,34.854805308089));
#6329 = CARTESIAN_POINT('',(3.578807070875,34.852272553384));
#6330 = CARTESIAN_POINT('',(3.752385149766,34.852272553384));
#6331 = CARTESIAN_POINT('',(3.839505013165,34.854851662125));
#6332 = CARTESIAN_POINT('',(3.927062735608,34.860003983495));
#6333 = CARTESIAN_POINT('',(4.015511567197,34.867634876956));
#6334 = CARTESIAN_POINT('',(4.105308552738,34.877555621875));
#6335 = CARTESIAN_POINT('',(4.196926341942,34.889453143232));
#6336 = CARTESIAN_POINT('',(4.290873609293,34.902848607648));
#6337 = CARTESIAN_POINT('',(4.481185788872,34.930758223787));
#6338 = CARTESIAN_POINT('',(4.57943086658,34.94552106987));
#6339 = CARTESIAN_POINT('',(4.681541468622,34.960540875417));
#6340 = CARTESIAN_POINT('',(4.7869096415,34.974704446621));
#6341 = CARTESIAN_POINT('',(4.895169539809,34.986738526034));
#6342 = CARTESIAN_POINT('',(5.006121913416,34.995455441178));
#6343 = CARTESIAN_POINT('',(5.119702607702,35.));
#6344 = CARTESIAN_POINT('',(5.385028093434,35.));
#6345 = CARTESIAN_POINT('',(5.52802985003,34.992537212258));
#6346 = CARTESIAN_POINT('',(5.66597221928,34.978670983759));
#6347 = CARTESIAN_POINT('',(5.799283887361,34.960509429026));
#6348 = CARTESIAN_POINT('',(5.928072525816,34.940555263798));
#6349 = CARTESIAN_POINT('',(6.052149925947,34.921091410427));
#6350 = CARTESIAN_POINT('',(6.170920141895,34.903741882316));
#6351 = CARTESIAN_POINT('',(6.28318530718,34.889343454704));
#6352 = ( GEOMETRIC_REPRESENTATION_CONTEXT(2) 
PARAMETRIC_REPRESENTATION_CONTEXT() REPRESENTATION_CONTEXT('2D SPACE',''
  ) );
#6353 = ADVANCED_FACE('',(#6354),#942,.F.);
#6354 = FACE_BOUND('',#6355,.F.);
#6355 = EDGE_LOOP('',(#6356,#6357,#6358,#6359,#6360));
#6356 = ORIENTED_EDGE('',*,*,#5785,.T.);
#6357 = ORIENTED_EDGE('',*,*,#5856,.T.);
#6358 = ORIENTED_EDGE('',*,*,#2714,.T.);
#6359 = ORIENTED_EDGE('',*,*,#5810,.T.);
#6360 = ORIENTED_EDGE('',*,*,#927,.F.);
#6361 = ADVANCED_FACE('',(#6362),#754,.F.);
#6362 = FACE_BOUND('',#6363,.F.);
#6363 = EDGE_LOOP('',(#6364,#6365,#6366,#6367));
#6364 = ORIENTED_EDGE('',*,*,#838,.T.);
#6365 = ORIENTED_EDGE('',*,*,#5512,.T.);
#6366 = ORIENTED_EDGE('',*,*,#739,.T.);
#6367 = ORIENTED_EDGE('',*,*,#5948,.F.);
#6368 = ADVANCED_FACE('',(#6369),#806,.T.);
#6369 = FACE_BOUND('',#6370,.T.);
#6370 = EDGE_LOOP('',(#6371,#6372,#6373,#6374,#6375));
#6371 = ORIENTED_EDGE('',*,*,#5971,.T.);
#6372 = ORIENTED_EDGE('',*,*,#5879,.T.);
#6373 = ORIENTED_EDGE('',*,*,#2583,.T.);
#6374 = ORIENTED_EDGE('',*,*,#5925,.T.);
#6375 = ORIENTED_EDGE('',*,*,#791,.F.);
#6376 = ADVANCED_FACE('',(#6377),#1012,.F.);
#6377 = FACE_BOUND('',#6378,.F.);
#6378 = EDGE_LOOP('',(#6379,#6380,#6401,#6402));
#6379 = ORIENTED_EDGE('',*,*,#995,.F.);
#6380 = ORIENTED_EDGE('',*,*,#6381,.F.);
#6381 = EDGE_CURVE('',#2778,#996,#6382,.T.);
#6382 = SEAM_CURVE('',#6383,(#6387,#6394),.PCURVE_S1.);
#6383 = LINE('',#6384,#6385);
#6384 = CARTESIAN_POINT('',(24.5,-22.,-6.));
#6385 = VECTOR('',#6386,1.);
#6386 = DIRECTION('',(0.,0.,1.));
#6387 = PCURVE('',#1012,#6388);
#6388 = DEFINITIONAL_REPRESENTATION('',(#6389),#6393);
#6389 = LINE('',#6390,#6391);
#6390 = CARTESIAN_POINT('',(6.28318530718,-0.));
#6391 = VECTOR('',#6392,1.);
#6392 = DIRECTION('',(0.,1.));
#6393 = ( GEOMETRIC_REPRESENTATION_CONTEXT(2) 
PARAMETRIC_REPRESENTATION_CONTEXT() REPRESENTATION_CONTEXT('2D SPACE',''
  ) );
#6394 = PCURVE('',#1012,#6395);
#6395 = DEFINITIONAL_REPRESENTATION('',(#6396),#6400);
#6396 = LINE('',#6397,#6398);
#6397 = CARTESIAN_POINT('',(0.,-0.));
#6398 = VECTOR('',#6399,1.);
#6399 = DIRECTION('',(0.,1.));
#6400 = ( GEOMETRIC_REPRESENTATION_CONTEXT(2) 
PARAMETRIC_REPRESENTATION_CONTEXT() REPRESENTATION_CONTEXT('2D SPACE',''
  ) );
#6401 = ORIENTED_EDGE('',*,*,#2777,.T.);
#6402 = ORIENTED_EDGE('',*,*,#6381,.T.);
#6403 = ADVANCED_FACE('',(#6404,#6460),#1043,.T.);
#6404 = FACE_BOUND('',#6405,.T.);
#6405 = EDGE_LOOP('',(#6406,#6432,#6433,#6459));
#6406 = ORIENTED_EDGE('',*,*,#6407,.T.);
#6407 = EDGE_CURVE('',#1029,#1175,#6408,.T.);
#6408 = SURFACE_CURVE('',#6409,(#6414,#6421),.PCURVE_S1.);
#6409 = CIRCLE('',#6410,17.);
#6410 = AXIS2_PLACEMENT_3D('',#6411,#6412,#6413);
#6411 = CARTESIAN_POINT('',(100.,0.,0.));
#6412 = DIRECTION('',(-1.,0.,0.));
#6413 = DIRECTION('',(0.,-0.955769224075,0.294117647059));
#6414 = PCURVE('',#1043,#6415);
#6415 = DEFINITIONAL_REPRESENTATION('',(#6416),#6420);
#6416 = LINE('',#6417,#6418);
#6417 = CARTESIAN_POINT('',(7.55544943279,60.));
#6418 = VECTOR('',#6419,1.);
#6419 = DIRECTION('',(-1.,-0.));
#6420 = ( GEOMETRIC_REPRESENTATION_CONTEXT(2) 
PARAMETRIC_REPRESENTATION_CONTEXT() REPRESENTATION_CONTEXT('2D SPACE',''
  ) );
#6421 = PCURVE('',#1210,#6422);
#6422 = DEFINITIONAL_REPRESENTATION('',(#6423),#6431);
#6423 = ( BOUNDED_CURVE() B_SPLINE_CURVE(2,(#6424,#6425,#6426,#6427,
#6428,#6429,#6430),.UNSPECIFIED.,.T.,.F.) B_SPLINE_CURVE_WITH_KNOTS((1,2
    ,2,2,2,1),(-2.094395102393,0.,2.094395102393,4.188790204786,
6.28318530718,8.377580409573),.UNSPECIFIED.) CURVE() 
GEOMETRIC_REPRESENTATION_ITEM() RATIONAL_B_SPLINE_CURVE((1.,0.5,1.,0.5,
1.,0.5,1.)) REPRESENTATION_ITEM('') );
#6424 = CARTESIAN_POINT('',(5.,16.248076809272));
#6425 = CARTESIAN_POINT('',(33.142494558941,7.587822771428));
#6426 = CARTESIAN_POINT('',(11.57124727947,-12.45416542355));
#6427 = CARTESIAN_POINT('',(-10.,-32.49615361854));
#6428 = CARTESIAN_POINT('',(-16.57124727947,-3.793911385714));
#6429 = CARTESIAN_POINT('',(-23.14249455894,24.908330847116));
#6430 = CARTESIAN_POINT('',(5.,16.248076809272));
#6431 = ( GEOMETRIC_REPRESENTATION_CONTEXT(2) 
PARAMETRIC_REPRESENTATION_CONTEXT() REPRESENTATION_CONTEXT('2D SPACE',''
  ) );
#6432 = ORIENTED_EDGE('',*,*,#1174,.F.);
#6433 = ORIENTED_EDGE('',*,*,#6434,.F.);
#6434 = EDGE_CURVE('',#1027,#1154,#6435,.T.);
#6435 = SURFACE_CURVE('',#6436,(#6441,#6448),.PCURVE_S1.);
#6436 = CIRCLE('',#6437,17.);
#6437 = AXIS2_PLACEMENT_3D('',#6438,#6439,#6440);
#6438 = CARTESIAN_POINT('',(40.,0.,0.));
#6439 = DIRECTION('',(-1.,0.,0.));
#6440 = DIRECTION('',(0.,-0.955769224075,0.294117647059));
#6441 = PCURVE('',#1043,#6442);
#6442 = DEFINITIONAL_REPRESENTATION('',(#6443),#6447);
#6443 = LINE('',#6444,#6445);
#6444 = CARTESIAN_POINT('',(7.55544943279,0.));
#6445 = VECTOR('',#6446,1.);
#6446 = DIRECTION('',(-1.,-0.));
#6447 = ( GEOMETRIC_REPRESENTATION_CONTEXT(2) 
PARAMETRIC_REPRESENTATION_CONTEXT() REPRESENTATION_CONTEXT('2D SPACE',''
  ) );
#6448 = PCURVE('',#1069,#6449);
#6449 = DEFINITIONAL_REPRESENTATION('',(#6450),#6458);
#6450 = ( BOUNDED_CURVE() B_SPLINE_CURVE(2,(#6451,#6452,#6453,#6454,
#6455,#6456,#6457),.UNSPECIFIED.,.T.,.F.) B_SPLINE_CURVE_WITH_KNOTS((1,2
    ,2,2,2,1),(-2.094395102393,0.,2.094395102393,4.188790204786,
6.28318530718,8.377580409573),.UNSPECIFIED.) CURVE() 
GEOMETRIC_REPRESENTATION_ITEM() RATIONAL_B_SPLINE_CURVE((1.,0.5,1.,0.5,
1.,0.5,1.)) REPRESENTATION_ITEM('') );
#6451 = CARTESIAN_POINT('',(5.,16.248076809272));
#6452 = CARTESIAN_POINT('',(33.142494558941,7.587822771428));
#6453 = CARTESIAN_POINT('',(11.57124727947,-12.45416542355));
#6454 = CARTESIAN_POINT('',(-10.,-32.49615361854));
#6455 = CARTESIAN_POINT('',(-16.57124727947,-3.793911385714));
#6456 = CARTESIAN_POINT('',(-23.14249455894,24.908330847116));
#6457 = CARTESIAN_POINT('',(5.,16.248076809272));
#6458 = ( GEOMETRIC_REPRESENTATION_CONTEXT(2) 
PARAMETRIC_REPRESENTATION_CONTEXT() REPRESENTATION_CONTEXT('2D SPACE',''
  ) );
#6459 = ORIENTED_EDGE('',*,*,#1026,.T.);
#6460 = FACE_BOUND('',#6461,.T.);
#6461 = EDGE_LOOP('',(#6462,#6561));
#6462 = ORIENTED_EDGE('',*,*,#6463,.F.);
#6463 = EDGE_CURVE('',#6464,#6466,#6468,.T.);
#6464 = VERTEX_POINT('',#6465);
#6465 = CARTESIAN_POINT('',(67.9,2.467663300282E-15,17.));
#6466 = VERTEX_POINT('',#6467);
#6467 = CARTESIAN_POINT('',(72.1,-5.143516556419E-16,17.));
#6468 = SURFACE_CURVE('',#6469,(#6496,#6526),.PCURVE_S1.);
#6469 = B_SPLINE_CURVE_WITH_KNOTS('',7,(#6470,#6471,#6472,#6473,#6474,
    #6475,#6476,#6477,#6478,#6479,#6480,#6481,#6482,#6483,#6484,#6485,
    #6486,#6487,#6488,#6489,#6490,#6491,#6492,#6493,#6494,#6495),
  .UNSPECIFIED.,.F.,.F.,(8,6,6,6,8),(0.,0.245413438469,0.500053663044,
    0.754693165598,1.),.UNSPECIFIED.);
#6470 = CARTESIAN_POINT('',(67.9,2.6645352591E-15,17.));
#6471 = CARTESIAN_POINT('',(67.9,-0.27899941845,17.));
#6472 = CARTESIAN_POINT('',(67.943244373087,-0.55047290149,
    16.994657900753));
#6473 = CARTESIAN_POINT('',(68.025536868238,-0.806637734836,
    16.984493160459));
#6474 = CARTESIAN_POINT('',(68.141209184295,-1.041038338694,
    16.970884385458));
#6475 = CARTESIAN_POINT('',(68.283180862092,-1.248771335965,
    16.955713808497));
#6476 = CARTESIAN_POINT('',(68.443054224045,-1.426953058062,
    16.940660624667));
#6477 = CARTESIAN_POINT('',(68.785759397592,-1.72908831076,
    16.912543569717));
#6478 = CARTESIAN_POINT('',(68.973938666959,-1.854903581117,
    16.899189364119));
#6479 = CARTESIAN_POINT('',(69.17129534203,-1.953860779536,
    16.887763039315));
#6480 = CARTESIAN_POINT('',(69.374698641669,-2.027148891724,
    16.878864306999));
#6481 = CARTESIAN_POINT('',(69.581829095486,-2.075693230289,
    16.872821245869));
#6482 = CARTESIAN_POINT('',(69.790827774773,-2.1,16.869795493722));
#6483 = CARTESIAN_POINT('',(70.209171632128,-2.1,16.869795493722));
#6484 = CARTESIAN_POINT('',(70.418175024608,-2.075693389921,
    16.872821225281));
#6485 = CARTESIAN_POINT('',(70.625308422803,-2.027147043265,
    16.87886453764));
#6486 = CARTESIAN_POINT('',(70.828708776623,-1.953857705366,
    16.88776342707));
#6487 = CARTESIAN_POINT('',(71.026058627962,-1.854903375824,
    16.899189278446));
#6488 = CARTESIAN_POINT('',(71.214234987154,-1.729093261272,
    16.912543109017));
#6489 = CARTESIAN_POINT('',(71.55687860241,-1.427012279508,
    16.940655113451));
#6490 = CARTESIAN_POINT('',(71.716790485895,-1.248826379456,
    16.955709905447));
#6491 = CARTESIAN_POINT('',(71.858820169592,-1.041032242296,
    16.970886704407));
#6492 = CARTESIAN_POINT('',(71.974520194985,-0.806547213735,
    16.984500225935));
#6493 = CARTESIAN_POINT('',(72.056795725308,-0.550323989144,
    16.994662851203));
#6494 = CARTESIAN_POINT('',(72.1,-0.278870054211,17.));
#6495 = CARTESIAN_POINT('',(72.1,1.7763568394E-15,17.));
#6496 = PCURVE('',#1043,#6497);
#6497 = DEFINITIONAL_REPRESENTATION('',(#6498),#6525);
#6498 = B_SPLINE_CURVE_WITH_KNOTS('',7,(#6499,#6500,#6501,#6502,#6503,
    #6504,#6505,#6506,#6507,#6508,#6509,#6510,#6511,#6512,#6513,#6514,
    #6515,#6516,#6517,#6518,#6519,#6520,#6521,#6522,#6523,#6524),
  .UNSPECIFIED.,.F.,.F.,(8,6,6,6,8),(0.,0.245413438469,0.500053663044,
    0.754693165598,1.),.UNSPECIFIED.);
#6499 = CARTESIAN_POINT('',(6.28318530718,27.9));
#6500 = CARTESIAN_POINT('',(6.299597037677,27.9));
#6501 = CARTESIAN_POINT('',(6.315566074119,27.943244373087));
#6502 = CARTESIAN_POINT('',(6.330641768755,28.025536868238));
#6503 = CARTESIAN_POINT('',(6.344450081509,28.141209184295));
#6504 = CARTESIAN_POINT('',(6.356700919988,28.283180862092));
#6505 = CARTESIAN_POINT('',(6.367219147134,28.443054224045));
#6506 = CARTESIAN_POINT('',(6.385068602138,28.785759397592));
#6507 = CARTESIAN_POINT('',(6.392510448891,28.973938666959));
#6508 = CARTESIAN_POINT('',(6.398369923213,29.17129534203));
#6509 = CARTESIAN_POINT('',(6.402712625678,29.374698641669));
#6510 = CARTESIAN_POINT('',(6.405590217492,29.581829095486));
#6511 = CARTESIAN_POINT('',(6.407031062555,29.790827774773));
#6512 = CARTESIAN_POINT('',(6.407031062555,30.209171632128));
#6513 = CARTESIAN_POINT('',(6.405590226988,30.418175024608));
#6514 = CARTESIAN_POINT('',(6.402712516015,30.625308422803));
#6515 = CARTESIAN_POINT('',(6.398369741093,30.828708776623));
#6516 = CARTESIAN_POINT('',(6.392510437345,31.026058627962));
#6517 = CARTESIAN_POINT('',(6.385068894603,31.214234987154));
#6518 = CARTESIAN_POINT('',(6.3672226458,31.55687860241));
#6519 = CARTESIAN_POINT('',(6.356704165404,31.716790485895));
#6520 = CARTESIAN_POINT('',(6.344449712193,31.858820169592));
#6521 = CARTESIAN_POINT('',(6.330636433105,31.974520194985));
#6522 = CARTESIAN_POINT('',(6.315557314716,32.056795725308));
#6523 = CARTESIAN_POINT('',(6.299589428016,32.1));
#6524 = CARTESIAN_POINT('',(6.28318530718,32.1));
#6525 = ( GEOMETRIC_REPRESENTATION_CONTEXT(2) 
PARAMETRIC_REPRESENTATION_CONTEXT() REPRESENTATION_CONTEXT('2D SPACE',''
  ) );
#6526 = PCURVE('',#6527,#6532);
#6527 = CYLINDRICAL_SURFACE('',#6528,2.1);
#6528 = AXIS2_PLACEMENT_3D('',#6529,#6530,#6531);
#6529 = CARTESIAN_POINT('',(70.,0.,-20.));
#6530 = DIRECTION('',(0.,0.,1.));
#6531 = DIRECTION('',(1.,0.,-0.));
#6532 = DEFINITIONAL_REPRESENTATION('',(#6533),#6560);
#6533 = B_SPLINE_CURVE_WITH_KNOTS('',7,(#6534,#6535,#6536,#6537,#6538,
    #6539,#6540,#6541,#6542,#6543,#6544,#6545,#6546,#6547,#6548,#6549,
    #6550,#6551,#6552,#6553,#6554,#6555,#6556,#6557,#6558,#6559),
  .UNSPECIFIED.,.F.,.F.,(8,6,6,6,8),(0.,0.245413438469,0.500053663044,
    0.754693165598,1.),.UNSPECIFIED.);
#6534 = CARTESIAN_POINT('',(3.14159265359,37.));
#6535 = CARTESIAN_POINT('',(3.274449519518,37.));
#6536 = CARTESIAN_POINT('',(3.403722513504,36.994657900753));
#6537 = CARTESIAN_POINT('',(3.529536325039,36.984493160459));
#6538 = CARTESIAN_POINT('',(3.651716686035,36.970884385458));
#6539 = CARTESIAN_POINT('',(3.76983320233,36.955713808497));
#6540 = CARTESIAN_POINT('',(3.883050635392,36.940660624667));
#6541 = CARTESIAN_POINT('',(4.100609002934,36.912543569717));
#6542 = CARTESIAN_POINT('',(4.207446494201,36.899189364119));
#6543 = CARTESIAN_POINT('',(4.311324231844,36.887763039315));
#6544 = CARTESIAN_POINT('',(4.413011756179,36.878864306999));
#6545 = CARTESIAN_POINT('',(4.513260136265,36.872821245869));
#6546 = CARTESIAN_POINT('',(4.612783158848,36.869795493722));
#6547 = CARTESIAN_POINT('',(4.811994519493,36.869795493722));
#6548 = CARTESIAN_POINT('',(4.91151977607,36.872821225281));
#6549 = CARTESIAN_POINT('',(5.011769581216,36.87886453764));
#6550 = CARTESIAN_POINT('',(5.113455966673,36.88776342707));
#6551 = CARTESIAN_POINT('',(5.217330562445,36.899189278446));
#6552 = CARTESIAN_POINT('',(5.324165393123,36.912543109017));
#6553 = CARTESIAN_POINT('',(5.541684681823,36.940655113451));
#6554 = CARTESIAN_POINT('',(5.65491720423,36.955709905447));
#6555 = CARTESIAN_POINT('',(5.773071231936,36.970886704407));
#6556 = CARTESIAN_POINT('',(5.895289999893,36.984500225935));
#6557 = CARTESIAN_POINT('',(6.02112637111,36.994662851203));
#6558 = CARTESIAN_POINT('',(6.150390043269,37.));
#6559 = CARTESIAN_POINT('',(6.28318530718,37.));
#6560 = ( GEOMETRIC_REPRESENTATION_CONTEXT(2) 
PARAMETRIC_REPRESENTATION_CONTEXT() REPRESENTATION_CONTEXT('2D SPACE',''
  ) );
#6561 = ORIENTED_EDGE('',*,*,#6562,.F.);
#6562 = EDGE_CURVE('',#6466,#6464,#6563,.T.);
#6563 = SURFACE_CURVE('',#6564,(#6591,#6621),.PCURVE_S1.);
#6564 = B_SPLINE_CURVE_WITH_KNOTS('',7,(#6565,#6566,#6567,#6568,#6569,
    #6570,#6571,#6572,#6573,#6574,#6575,#6576,#6577,#6578,#6579,#6580,
    #6581,#6582,#6583,#6584,#6585,#6586,#6587,#6588,#6589,#6590),
  .UNSPECIFIED.,.F.,.F.,(8,6,6,6,8),(0.,0.24538820917,0.500010346618,
    0.754645723859,1.),.UNSPECIFIED.);
#6565 = CARTESIAN_POINT('',(72.1,1.82472373073E-15,17.));
#6566 = CARTESIAN_POINT('',(72.1,0.27899941845,17.));
#6567 = CARTESIAN_POINT('',(72.056755626913,0.55047290149,
    16.994657900753));
#6568 = CARTESIAN_POINT('',(71.974463131762,0.806637734837,
    16.984493160459));
#6569 = CARTESIAN_POINT('',(71.858790815706,1.041038338693,
    16.970884385458));
#6570 = CARTESIAN_POINT('',(71.716819137907,1.248771335966,
    16.955713808497));
#6571 = CARTESIAN_POINT('',(71.556945775955,1.426953058062,
    16.940660624667));
#6572 = CARTESIAN_POINT('',(71.214235056973,1.729093199719,
    16.912543114745));
#6573 = CARTESIAN_POINT('',(71.026060488515,1.854901807554,
    16.899189424625));
#6574 = CARTESIAN_POINT('',(70.828710527082,1.953857527286,
    16.887763504767));
#6575 = CARTESIAN_POINT('',(70.625305906626,2.027149274002,
    16.878864252409));
#6576 = CARTESIAN_POINT('',(70.41816630343,2.075695872483,
    16.872820919048));
#6577 = CARTESIAN_POINT('',(70.209160756228,2.1,16.869795493722));
#6578 = CARTESIAN_POINT('',(69.790828367871,2.1,16.869795493722));
#6579 = CARTESIAN_POINT('',(69.581824975393,2.075693389922,
    16.872821225281));
#6580 = CARTESIAN_POINT('',(69.374691577195,2.027147043264,
    16.87886453764));
#6581 = CARTESIAN_POINT('',(69.171291223379,1.953857705366,
    16.887763427069));
#6582 = CARTESIAN_POINT('',(68.973941372037,1.854903375824,
    16.899189278446));
#6583 = CARTESIAN_POINT('',(68.785765012846,1.729093261272,
    16.912543109017));
#6584 = CARTESIAN_POINT('',(68.443086158607,1.426981212166,
    16.940658004614));
#6585 = CARTESIAN_POINT('',(68.283199021749,1.248801523859,
    16.955711583142));
#6586 = CARTESIAN_POINT('',(68.141199727498,1.04104297115,16.970884917)
  );
#6587 = CARTESIAN_POINT('',(68.025510572722,0.806600866758,
    16.98449640028));
#6588 = CARTESIAN_POINT('',(67.943223828592,0.550401825964,
    16.994660441865));
#6589 = CARTESIAN_POINT('',(67.9,0.278933156591,17.));
#6590 = CARTESIAN_POINT('',(67.9,2.467663300282E-15,17.));
#6591 = PCURVE('',#1043,#6592);
#6592 = DEFINITIONAL_REPRESENTATION('',(#6593),#6620);
#6593 = B_SPLINE_CURVE_WITH_KNOTS('',7,(#6594,#6595,#6596,#6597,#6598,
    #6599,#6600,#6601,#6602,#6603,#6604,#6605,#6606,#6607,#6608,#6609,
    #6610,#6611,#6612,#6613,#6614,#6615,#6616,#6617,#6618,#6619),
  .UNSPECIFIED.,.F.,.F.,(8,6,6,6,8),(0.,0.24538820917,0.500010346618,
    0.754645723859,1.),.UNSPECIFIED.);
#6594 = CARTESIAN_POINT('',(6.28318530718,32.1));
#6595 = CARTESIAN_POINT('',(6.266773576683,32.1));
#6596 = CARTESIAN_POINT('',(6.25080454024,32.056755626913));
#6597 = CARTESIAN_POINT('',(6.235728845604,31.974463131762));
#6598 = CARTESIAN_POINT('',(6.221920532851,31.858790815706));
#6599 = CARTESIAN_POINT('',(6.209669694371,31.716819137907));
#6600 = CARTESIAN_POINT('',(6.199151467225,31.556945775955));
#6601 = CARTESIAN_POINT('',(6.181301723393,31.214235056973));
#6602 = CARTESIAN_POINT('',(6.173860269635,31.026060488515));
#6603 = CARTESIAN_POINT('',(6.168000884229,30.828710527082));
#6604 = CARTESIAN_POINT('',(6.163657966026,30.625305906626));
#6605 = CARTESIAN_POINT('',(6.160780240249,30.41816630343));
#6606 = CARTESIAN_POINT('',(6.159339551804,30.209160756228));
#6607 = CARTESIAN_POINT('',(6.159339551804,29.790828367871));
#6608 = CARTESIAN_POINT('',(6.160780387371,29.581824975393));
#6609 = CARTESIAN_POINT('',(6.163658098344,29.374691577195));
#6610 = CARTESIAN_POINT('',(6.168000873266,29.171291223379));
#6611 = CARTESIAN_POINT('',(6.173860177014,28.973941372037));
#6612 = CARTESIAN_POINT('',(6.181301719756,28.785765012846));
#6613 = CARTESIAN_POINT('',(6.199149803946,28.443086158607));
#6614 = CARTESIAN_POINT('',(6.209667913922,28.283199021748));
#6615 = CARTESIAN_POINT('',(6.221920264532,28.141199727499));
#6616 = CARTESIAN_POINT('',(6.23573101974,28.025510572722));
#6617 = CARTESIAN_POINT('',(6.250808721168,27.943223828592));
#6618 = CARTESIAN_POINT('',(6.266777474439,27.9));
#6619 = CARTESIAN_POINT('',(6.28318530718,27.9));
#6620 = ( GEOMETRIC_REPRESENTATION_CONTEXT(2) 
PARAMETRIC_REPRESENTATION_CONTEXT() REPRESENTATION_CONTEXT('2D SPACE',''
  ) );
#6621 = PCURVE('',#6527,#6622);
#6622 = DEFINITIONAL_REPRESENTATION('',(#6623),#6650);
#6623 = B_SPLINE_CURVE_WITH_KNOTS('',7,(#6624,#6625,#6626,#6627,#6628,
    #6629,#6630,#6631,#6632,#6633,#6634,#6635,#6636,#6637,#6638,#6639,
    #6640,#6641,#6642,#6643,#6644,#6645,#6646,#6647,#6648,#6649),
  .UNSPECIFIED.,.F.,.F.,(8,6,6,6,8),(0.,0.24538820917,0.500010346618,
    0.754645723859,1.),.UNSPECIFIED.);
#6624 = CARTESIAN_POINT('',(0.,37.));
#6625 = CARTESIAN_POINT('',(0.132856865928,37.));
#6626 = CARTESIAN_POINT('',(0.262129859914,36.994657900753));
#6627 = CARTESIAN_POINT('',(0.38794367145,36.984493160459));
#6628 = CARTESIAN_POINT('',(0.510124032445,36.970884385458));
#6629 = CARTESIAN_POINT('',(0.62824054874,36.955713808497));
#6630 = CARTESIAN_POINT('',(0.741457981802,36.940660624667));
#6631 = CARTESIAN_POINT('',(0.959019869734,36.912543114745));
#6632 = CARTESIAN_POINT('',(1.065853593911,36.899189424625));
#6633 = CARTESIAN_POINT('',(1.16972862526,36.887763504767));
#6634 = CARTESIAN_POINT('',(1.271417197348,36.878864252409));
#6635 = CARTESIAN_POINT('',(1.371669668914,36.872820919048));
#6636 = CARTESIAN_POINT('',(1.471195966686,36.869795493722));
#6637 = CARTESIAN_POINT('',(1.670401865904,36.869795493722));
#6638 = CARTESIAN_POINT('',(1.76992712248,36.872821225281));
#6639 = CARTESIAN_POINT('',(1.870176927628,36.87886453764));
#6640 = CARTESIAN_POINT('',(1.971863313083,36.88776342707));
#6641 = CARTESIAN_POINT('',(2.075737908855,36.899189278446));
#6642 = CARTESIAN_POINT('',(2.182572739533,36.912543109017));
#6643 = CARTESIAN_POINT('',(2.400114398878,36.940658004614));
#6644 = CARTESIAN_POINT('',(2.513336115462,36.955711583142));
#6645 = CARTESIAN_POINT('',(2.631469387111,36.970884917));
#6646 = CARTESIAN_POINT('',(2.753669231282,36.98449640028));
#6647 = CARTESIAN_POINT('',(2.879496646385,36.994660441865));
#6648 = CARTESIAN_POINT('',(3.008767340927,37.));
#6649 = CARTESIAN_POINT('',(3.14159265359,37.));
#6650 = ( GEOMETRIC_REPRESENTATION_CONTEXT(2) 
PARAMETRIC_REPRESENTATION_CONTEXT() REPRESENTATION_CONTEXT('2D SPACE',''
  ) );
#6651 = ADVANCED_FACE('',(#6652),#1210,.T.);
#6652 = FACE_BOUND('',#6653,.T.);
#6653 = EDGE_LOOP('',(#6654,#6655,#6656,#6680,#6702));
#6654 = ORIENTED_EDGE('',*,*,#6407,.F.);
#6655 = ORIENTED_EDGE('',*,*,#1289,.T.);
#6656 = ORIENTED_EDGE('',*,*,#6657,.F.);
#6657 = EDGE_CURVE('',#6658,#1269,#6660,.T.);
#6658 = VERTEX_POINT('',#6659);
#6659 = CARTESIAN_POINT('',(100.,3.673940397442E-15,15.));
#6660 = SURFACE_CURVE('',#6661,(#6666,#6673),.PCURVE_S1.);
#6661 = CIRCLE('',#6662,15.);
#6662 = AXIS2_PLACEMENT_3D('',#6663,#6664,#6665);
#6663 = CARTESIAN_POINT('',(100.,0.,0.));
#6664 = DIRECTION('',(1.,0.,0.));
#6665 = DIRECTION('',(-0.,0.,1.));
#6666 = PCURVE('',#1210,#6667);
#6667 = DEFINITIONAL_REPRESENTATION('',(#6668),#6672);
#6668 = CIRCLE('',#6669,15.);
#6669 = AXIS2_PLACEMENT_2D('',#6670,#6671);
#6670 = CARTESIAN_POINT('',(0.,0.));
#6671 = DIRECTION('',(1.,0.));
#6672 = ( GEOMETRIC_REPRESENTATION_CONTEXT(2) 
PARAMETRIC_REPRESENTATION_CONTEXT() REPRESENTATION_CONTEXT('2D SPACE',''
  ) );
#6673 = PCURVE('',#1095,#6674);
#6674 = DEFINITIONAL_REPRESENTATION('',(#6675),#6679);
#6675 = LINE('',#6676,#6677);
#6676 = CARTESIAN_POINT('',(0.,65.));
#6677 = VECTOR('',#6678,1.);
#6678 = DIRECTION('',(1.,0.));
#6679 = ( GEOMETRIC_REPRESENTATION_CONTEXT(2) 
PARAMETRIC_REPRESENTATION_CONTEXT() REPRESENTATION_CONTEXT('2D SPACE',''
  ) );
#6680 = ORIENTED_EDGE('',*,*,#6681,.F.);
#6681 = EDGE_CURVE('',#1196,#6658,#6682,.T.);
#6682 = SURFACE_CURVE('',#6683,(#6688,#6695),.PCURVE_S1.);
#6683 = CIRCLE('',#6684,15.);
#6684 = AXIS2_PLACEMENT_3D('',#6685,#6686,#6687);
#6685 = CARTESIAN_POINT('',(100.,0.,0.));
#6686 = DIRECTION('',(1.,0.,0.));
#6687 = DIRECTION('',(-0.,0.,1.));
#6688 = PCURVE('',#1210,#6689);
#6689 = DEFINITIONAL_REPRESENTATION('',(#6690),#6694);
#6690 = CIRCLE('',#6691,15.);
#6691 = AXIS2_PLACEMENT_2D('',#6692,#6693);
#6692 = CARTESIAN_POINT('',(0.,0.));
#6693 = DIRECTION('',(1.,0.));
#6694 = ( GEOMETRIC_REPRESENTATION_CONTEXT(2) 
PARAMETRIC_REPRESENTATION_CONTEXT() REPRESENTATION_CONTEXT('2D SPACE',''
  ) );
#6695 = PCURVE('',#1095,#6696);
#6696 = DEFINITIONAL_REPRESENTATION('',(#6697),#6701);
#6697 = LINE('',#6698,#6699);
#6698 = CARTESIAN_POINT('',(0.,65.));
#6699 = VECTOR('',#6700,1.);
#6700 = DIRECTION('',(1.,0.));
#6701 = ( GEOMETRIC_REPRESENTATION_CONTEXT(2) 
PARAMETRIC_REPRESENTATION_CONTEXT() REPRESENTATION_CONTEXT('2D SPACE',''
  ) );
#6702 = ORIENTED_EDGE('',*,*,#1195,.T.);
#6703 = ADVANCED_FACE('',(#6704,#7122),#1095,.F.);
#6704 = FACE_BOUND('',#6705,.F.);
#6705 = EDGE_LOOP('',(#6706,#6728,#6729,#6730,#6753,#6845,#6868,#6890,
    #6891,#6913,#6914,#6936,#6937,#6959,#6960,#6982,#6983,#7073,#7074,
    #7075,#7076,#7098,#7099,#7121));
#6706 = ORIENTED_EDGE('',*,*,#6707,.F.);
#6707 = EDGE_CURVE('',#1243,#3010,#6708,.T.);
#6708 = SURFACE_CURVE('',#6709,(#6714,#6721),.PCURVE_S1.);
#6709 = CIRCLE('',#6710,15.);
#6710 = AXIS2_PLACEMENT_3D('',#6711,#6712,#6713);
#6711 = CARTESIAN_POINT('',(105.,0.,0.));
#6712 = DIRECTION('',(1.,0.,0.));
#6713 = DIRECTION('',(-0.,0.,1.));
#6714 = PCURVE('',#1095,#6715);
#6715 = DEFINITIONAL_REPRESENTATION('',(#6716),#6720);
#6716 = LINE('',#6717,#6718);
#6717 = CARTESIAN_POINT('',(0.,70.));
#6718 = VECTOR('',#6719,1.);
#6719 = DIRECTION('',(1.,0.));
#6720 = ( GEOMETRIC_REPRESENTATION_CONTEXT(2) 
PARAMETRIC_REPRESENTATION_CONTEXT() REPRESENTATION_CONTEXT('2D SPACE',''
  ) );
#6721 = PCURVE('',#1257,#6722);
#6722 = DEFINITIONAL_REPRESENTATION('',(#6723),#6727);
#6723 = CIRCLE('',#6724,15.);
#6724 = AXIS2_PLACEMENT_2D('',#6725,#6726);
#6725 = CARTESIAN_POINT('',(0.,0.));
#6726 = DIRECTION('',(1.,0.));
#6727 = ( GEOMETRIC_REPRESENTATION_CONTEXT(2) 
PARAMETRIC_REPRESENTATION_CONTEXT() REPRESENTATION_CONTEXT('2D SPACE',''
  ) );
#6728 = ORIENTED_EDGE('',*,*,#1268,.F.);
#6729 = ORIENTED_EDGE('',*,*,#6657,.F.);
#6730 = ORIENTED_EDGE('',*,*,#6731,.F.);
#6731 = EDGE_CURVE('',#6732,#6658,#6734,.T.);
#6732 = VERTEX_POINT('',#6733);
#6733 = CARTESIAN_POINT('',(72.1,1.5797943709E-15,15.));
#6734 = SEAM_CURVE('',#6735,(#6739,#6746),.PCURVE_S1.);
#6735 = LINE('',#6736,#6737);
#6736 = CARTESIAN_POINT('',(35.,3.673940397442E-15,15.));
#6737 = VECTOR('',#6738,1.);
#6738 = DIRECTION('',(1.,0.,0.));
#6739 = PCURVE('',#1095,#6740);
#6740 = DEFINITIONAL_REPRESENTATION('',(#6741),#6745);
#6741 = LINE('',#6742,#6743);
#6742 = CARTESIAN_POINT('',(6.28318530718,-0.));
#6743 = VECTOR('',#6744,1.);
#6744 = DIRECTION('',(0.,1.));
#6745 = ( GEOMETRIC_REPRESENTATION_CONTEXT(2) 
PARAMETRIC_REPRESENTATION_CONTEXT() REPRESENTATION_CONTEXT('2D SPACE',''
  ) );
#6746 = PCURVE('',#1095,#6747);
#6747 = DEFINITIONAL_REPRESENTATION('',(#6748),#6752);
#6748 = LINE('',#6749,#6750);
#6749 = CARTESIAN_POINT('',(0.,-0.));
#6750 = VECTOR('',#6751,1.);
#6751 = DIRECTION('',(0.,1.));
#6752 = ( GEOMETRIC_REPRESENTATION_CONTEXT(2) 
PARAMETRIC_REPRESENTATION_CONTEXT() REPRESENTATION_CONTEXT('2D SPACE',''
  ) );
#6753 = ORIENTED_EDGE('',*,*,#6754,.F.);
#6754 = EDGE_CURVE('',#6755,#6732,#6757,.T.);
#6755 = VERTEX_POINT('',#6756);
#6756 = CARTESIAN_POINT('',(67.9,3.673940397442E-15,15.));
#6757 = SURFACE_CURVE('',#6758,(#6785,#6815),.PCURVE_S1.);
#6758 = B_SPLINE_CURVE_WITH_KNOTS('',7,(#6759,#6760,#6761,#6762,#6763,
    #6764,#6765,#6766,#6767,#6768,#6769,#6770,#6771,#6772,#6773,#6774,
    #6775,#6776,#6777,#6778,#6779,#6780,#6781,#6782,#6783,#6784),
  .UNSPECIFIED.,.F.,.F.,(8,6,6,6,8),(0.,0.245457225641,0.500054032253,
    0.75465021961,1.),.UNSPECIFIED.);
#6759 = CARTESIAN_POINT('',(67.9,4.440892098501E-16,15.));
#6760 = CARTESIAN_POINT('',(67.9,-0.279114841086,15.));
#6761 = CARTESIAN_POINT('',(67.943280143862,-0.550621833631,
    14.993940588238));
#6762 = CARTESIAN_POINT('',(68.02559685295,-0.80676497854,
    14.982417288711));
#6763 = CARTESIAN_POINT('',(68.141268690579,-1.041123175926,
    14.966991604531));
#6764 = CARTESIAN_POINT('',(68.283222552258,-1.248816226172,
    14.949789660226));
#6765 = CARTESIAN_POINT('',(68.443072556425,-1.426969220229,
    14.932715298801));
#6766 = CARTESIAN_POINT('',(68.785679500338,-1.729017871856,
    14.900819126263));
#6767 = CARTESIAN_POINT('',(68.9737959696,-1.854814467231,
    14.885664760479));
#6768 = CARTESIAN_POINT('',(69.171122959857,-1.953787403224,
    14.872689755366));
#6769 = CARTESIAN_POINT('',(69.374534706005,-2.027106265677,
    14.862579288269));
#6770 = CARTESIAN_POINT('',(69.581706220102,-2.075678646908,
    14.855711385356));
#6771 = CARTESIAN_POINT('',(69.79076505369,-2.1,14.852272553384));
#6772 = CARTESIAN_POINT('',(70.209234437388,-2.1,14.852272553384));
#6773 = CARTESIAN_POINT('',(70.418298020868,-2.075678787251,
    14.855711364885));
#6774 = CARTESIAN_POINT('',(70.625472426287,-2.027104376749,
    14.86257955539));
#6775 = CARTESIAN_POINT('',(70.828881170036,-1.953784318804,
    14.872690197728));
#6776 = CARTESIAN_POINT('',(71.026201274602,-1.854814262741,
    14.885664660892));
#6777 = CARTESIAN_POINT('',(71.214314783462,-1.729022911364,
    14.900818594093));
#6778 = CARTESIAN_POINT('',(71.55685974602,-1.427028903652,
    14.932708996264));
#6779 = CARTESIAN_POINT('',(71.716748622359,-1.248871651567,
    14.949785204866));
#6780 = CARTESIAN_POINT('',(71.85876092356,-1.041116958033,
    14.966994265705));
#6781 = CARTESIAN_POINT('',(71.974460649572,-0.806673727463,
    14.982425356674));
#6782 = CARTESIAN_POINT('',(72.05676028448,-0.550471778571,
    14.993946245322));
#6783 = CARTESIAN_POINT('',(72.1,-0.278984464688,15.));
#6784 = CARTESIAN_POINT('',(72.1,-4.440892098501E-16,15.));
#6785 = PCURVE('',#1095,#6786);
#6786 = DEFINITIONAL_REPRESENTATION('',(#6787),#6814);
#6787 = B_SPLINE_CURVE_WITH_KNOTS('',7,(#6788,#6789,#6790,#6791,#6792,
    #6793,#6794,#6795,#6796,#6797,#6798,#6799,#6800,#6801,#6802,#6803,
    #6804,#6805,#6806,#6807,#6808,#6809,#6810,#6811,#6812,#6813),
  .UNSPECIFIED.,.F.,.F.,(8,6,6,6,8),(0.,0.245457225641,0.500054032253,
    0.75465021961,1.),.UNSPECIFIED.);
#6788 = CARTESIAN_POINT('',(0.,32.9));
#6789 = CARTESIAN_POINT('',(1.860765607243E-02,32.9));
#6790 = CARTESIAN_POINT('',(3.670813366068E-02,32.943280143862));
#6791 = CARTESIAN_POINT('',(5.379480272815E-02,33.02559685295));
#6792 = CARTESIAN_POINT('',(6.944786127732E-02,33.141268690579));
#6793 = CARTESIAN_POINT('',(8.333958794682E-02,33.283222552258));
#6794 = CARTESIAN_POINT('',(9.527031067627E-02,33.443072556425));
#6795 = CARTESIAN_POINT('',(0.115518850132,33.785679500338));
#6796 = CARTESIAN_POINT('',(0.123965014265,33.9737959696));
#6797 = CARTESIAN_POINT('',(0.130619352461,34.171122959857));
#6798 = CARTESIAN_POINT('',(0.135553493632,34.374534706005));
#6799 = CARTESIAN_POINT('',(0.138823864425,34.581706220102));
#6800 = CARTESIAN_POINT('',(0.14046141471,34.79076505369));
#6801 = CARTESIAN_POINT('',(0.14046141471,35.209234437388));
#6802 = CARTESIAN_POINT('',(0.13882387392,35.418298020869));
#6803 = CARTESIAN_POINT('',(0.135553366325,35.625472426287));
#6804 = CARTESIAN_POINT('',(0.130619144945,35.828881170036));
#6805 = CARTESIAN_POINT('',(0.123965001422,36.026201274602));
#6806 = CARTESIAN_POINT('',(0.115519187967,36.214314783462));
#6807 = CARTESIAN_POINT('',(9.527431169445E-02,36.55685974602));
#6808 = CARTESIAN_POINT('',(8.334329405054E-02,36.716748622359));
#6809 = CARTESIAN_POINT('',(6.944743101469E-02,36.85876092356));
#6810 = CARTESIAN_POINT('',(5.378870337011E-02,36.974460649572));
#6811 = CARTESIAN_POINT('',(3.669813020037E-02,37.05676028448));
#6812 = CARTESIAN_POINT('',(1.859896431256E-02,37.1));
#6813 = CARTESIAN_POINT('',(0.,37.1));
#6814 = ( GEOMETRIC_REPRESENTATION_CONTEXT(2) 
PARAMETRIC_REPRESENTATION_CONTEXT() REPRESENTATION_CONTEXT('2D SPACE',''
  ) );
#6815 = PCURVE('',#6527,#6816);
#6816 = DEFINITIONAL_REPRESENTATION('',(#6817),#6844);
#6817 = B_SPLINE_CURVE_WITH_KNOTS('',7,(#6818,#6819,#6820,#6821,#6822,
    #6823,#6824,#6825,#6826,#6827,#6828,#6829,#6830,#6831,#6832,#6833,
    #6834,#6835,#6836,#6837,#6838,#6839,#6840,#6841,#6842,#6843),
  .UNSPECIFIED.,.F.,.F.,(8,6,6,6,8),(0.,0.245457225641,0.500054032253,
    0.75465021961,1.),.UNSPECIFIED.);
#6818 = CARTESIAN_POINT('',(3.14159265359,35.));
#6819 = CARTESIAN_POINT('',(3.274504482679,35.));
#6820 = CARTESIAN_POINT('',(3.403793436879,34.993940588238));
#6821 = CARTESIAN_POINT('',(3.529601652969,34.982417288711));
#6822 = CARTESIAN_POINT('',(3.65176528752,34.966991604531));
#6823 = CARTESIAN_POINT('',(3.769862235794,34.949789660226));
#6824 = CARTESIAN_POINT('',(3.883062273274,34.932715298801));
#6825 = CARTESIAN_POINT('',(4.10055828203,34.900819126263));
#6826 = CARTESIAN_POINT('',(4.207367459136,34.885664760479));
#6827 = CARTESIAN_POINT('',(4.311236508755,34.872689755366));
#6828 = CARTESIAN_POINT('',(4.412932245979,34.862579288269));
#6829 = CARTESIAN_POINT('',(4.513201622414,34.855711385356));
#6830 = CARTESIAN_POINT('',(4.612753291666,34.852272553384));
#6831 = CARTESIAN_POINT('',(4.81202442676,34.852272553384));
#6832 = CARTESIAN_POINT('',(4.911578347078,34.855711364885));
#6833 = CARTESIAN_POINT('',(5.011849127534,34.86257955539));
#6834 = CARTESIAN_POINT('',(5.113543695231,34.872690197728));
#6835 = CARTESIAN_POINT('',(5.217409578746,34.885664660892));
#6836 = CARTESIAN_POINT('',(5.324216049943,34.900818594093));
#6837 = CARTESIAN_POINT('',(5.541672711285,34.932708996264));
#6838 = CARTESIAN_POINT('',(5.654887988964,34.949785204866));
#6839 = CARTESIAN_POINT('',(5.773022741939,34.966994265705));
#6840 = CARTESIAN_POINT('',(5.895225063659,34.982425356674));
#6841 = CARTESIAN_POINT('',(6.021055992288,34.993946245322));
#6842 = CARTESIAN_POINT('',(6.15033556209,35.));
#6843 = CARTESIAN_POINT('',(6.28318530718,35.));
#6844 = ( GEOMETRIC_REPRESENTATION_CONTEXT(2) 
PARAMETRIC_REPRESENTATION_CONTEXT() REPRESENTATION_CONTEXT('2D SPACE',''
  ) );
#6845 = ORIENTED_EDGE('',*,*,#6846,.F.);
#6846 = EDGE_CURVE('',#6847,#6755,#6849,.T.);
#6847 = VERTEX_POINT('',#6848);
#6848 = CARTESIAN_POINT('',(40.,3.673940397442E-15,15.));
#6849 = SEAM_CURVE('',#6850,(#6854,#6861),.PCURVE_S1.);
#6850 = LINE('',#6851,#6852);
#6851 = CARTESIAN_POINT('',(35.,3.673940397442E-15,15.));
#6852 = VECTOR('',#6853,1.);
#6853 = DIRECTION('',(1.,0.,0.));
#6854 = PCURVE('',#1095,#6855);
#6855 = DEFINITIONAL_REPRESENTATION('',(#6856),#6860);
#6856 = LINE('',#6857,#6858);
#6857 = CARTESIAN_POINT('',(6.28318530718,-0.));
#6858 = VECTOR('',#6859,1.);
#6859 = DIRECTION('',(0.,1.));
#6860 = ( GEOMETRIC_REPRESENTATION_CONTEXT(2) 
PARAMETRIC_REPRESENTATION_CONTEXT() REPRESENTATION_CONTEXT('2D SPACE',''
  ) );
#6861 = PCURVE('',#1095,#6862);
#6862 = DEFINITIONAL_REPRESENTATION('',(#6863),#6867);
#6863 = LINE('',#6864,#6865);
#6864 = CARTESIAN_POINT('',(0.,-0.));
#6865 = VECTOR('',#6866,1.);
#6866 = DIRECTION('',(0.,1.));
#6867 = ( GEOMETRIC_REPRESENTATION_CONTEXT(2) 
PARAMETRIC_REPRESENTATION_CONTEXT() REPRESENTATION_CONTEXT('2D SPACE',''
  ) );
#6868 = ORIENTED_EDGE('',*,*,#6869,.T.);
#6869 = EDGE_CURVE('',#6847,#1055,#6870,.T.);
#6870 = SURFACE_CURVE('',#6871,(#6876,#6883),.PCURVE_S1.);
#6871 = CIRCLE('',#6872,15.);
#6872 = AXIS2_PLACEMENT_3D('',#6873,#6874,#6875);
#6873 = CARTESIAN_POINT('',(40.,0.,0.));
#6874 = DIRECTION('',(1.,0.,0.));
#6875 = DIRECTION('',(-0.,0.,1.));
#6876 = PCURVE('',#1095,#6877);
#6877 = DEFINITIONAL_REPRESENTATION('',(#6878),#6882);
#6878 = LINE('',#6879,#6880);
#6879 = CARTESIAN_POINT('',(0.,5.));
#6880 = VECTOR('',#6881,1.);
#6881 = DIRECTION('',(1.,0.));
#6882 = ( GEOMETRIC_REPRESENTATION_CONTEXT(2) 
PARAMETRIC_REPRESENTATION_CONTEXT() REPRESENTATION_CONTEXT('2D SPACE',''
  ) );
#6883 = PCURVE('',#1069,#6884);
#6884 = DEFINITIONAL_REPRESENTATION('',(#6885),#6889);
#6885 = CIRCLE('',#6886,15.);
#6886 = AXIS2_PLACEMENT_2D('',#6887,#6888);
#6887 = CARTESIAN_POINT('',(0.,0.));
#6888 = DIRECTION('',(1.,0.));
#6889 = ( GEOMETRIC_REPRESENTATION_CONTEXT(2) 
PARAMETRIC_REPRESENTATION_CONTEXT() REPRESENTATION_CONTEXT('2D SPACE',''
  ) );
#6890 = ORIENTED_EDGE('',*,*,#1080,.F.);
#6891 = ORIENTED_EDGE('',*,*,#6892,.T.);
#6892 = EDGE_CURVE('',#1081,#2858,#6893,.T.);
#6893 = SURFACE_CURVE('',#6894,(#6899,#6906),.PCURVE_S1.);
#6894 = CIRCLE('',#6895,15.);
#6895 = AXIS2_PLACEMENT_3D('',#6896,#6897,#6898);
#6896 = CARTESIAN_POINT('',(35.,0.,0.));
#6897 = DIRECTION('',(1.,0.,0.));
#6898 = DIRECTION('',(-0.,0.,1.));
#6899 = PCURVE('',#1095,#6900);
#6900 = DEFINITIONAL_REPRESENTATION('',(#6901),#6905);
#6901 = LINE('',#6902,#6903);
#6902 = CARTESIAN_POINT('',(0.,0.));
#6903 = VECTOR('',#6904,1.);
#6904 = DIRECTION('',(1.,0.));
#6905 = ( GEOMETRIC_REPRESENTATION_CONTEXT(2) 
PARAMETRIC_REPRESENTATION_CONTEXT() REPRESENTATION_CONTEXT('2D SPACE',''
  ) );
#6906 = PCURVE('',#1121,#6907);
#6907 = DEFINITIONAL_REPRESENTATION('',(#6908),#6912);
#6908 = CIRCLE('',#6909,15.);
#6909 = AXIS2_PLACEMENT_2D('',#6910,#6911);
#6910 = CARTESIAN_POINT('',(0.,0.));
#6911 = DIRECTION('',(1.,0.));
#6912 = ( GEOMETRIC_REPRESENTATION_CONTEXT(2) 
PARAMETRIC_REPRESENTATION_CONTEXT() REPRESENTATION_CONTEXT('2D SPACE',''
  ) );
#6913 = ORIENTED_EDGE('',*,*,#2857,.T.);
#6914 = ORIENTED_EDGE('',*,*,#6915,.T.);
#6915 = EDGE_CURVE('',#2832,#2900,#6916,.T.);
#6916 = SURFACE_CURVE('',#6917,(#6922,#6929),.PCURVE_S1.);
#6917 = CIRCLE('',#6918,15.);
#6918 = AXIS2_PLACEMENT_3D('',#6919,#6920,#6921);
#6919 = CARTESIAN_POINT('',(40.,0.,0.));
#6920 = DIRECTION('',(1.,0.,0.));
#6921 = DIRECTION('',(-0.,0.,1.));
#6922 = PCURVE('',#1095,#6923);
#6923 = DEFINITIONAL_REPRESENTATION('',(#6924),#6928);
#6924 = LINE('',#6925,#6926);
#6925 = CARTESIAN_POINT('',(0.,5.));
#6926 = VECTOR('',#6927,1.);
#6927 = DIRECTION('',(1.,0.));
#6928 = ( GEOMETRIC_REPRESENTATION_CONTEXT(2) 
PARAMETRIC_REPRESENTATION_CONTEXT() REPRESENTATION_CONTEXT('2D SPACE',''
  ) );
#6929 = PCURVE('',#2846,#6930);
#6930 = DEFINITIONAL_REPRESENTATION('',(#6931),#6935);
#6931 = CIRCLE('',#6932,15.);
#6932 = AXIS2_PLACEMENT_2D('',#6933,#6934);
#6933 = CARTESIAN_POINT('',(0.,0.));
#6934 = DIRECTION('',(1.,0.));
#6935 = ( GEOMETRIC_REPRESENTATION_CONTEXT(2) 
PARAMETRIC_REPRESENTATION_CONTEXT() REPRESENTATION_CONTEXT('2D SPACE',''
  ) );
#6936 = ORIENTED_EDGE('',*,*,#2899,.F.);
#6937 = ORIENTED_EDGE('',*,*,#6938,.T.);
#6938 = EDGE_CURVE('',#2879,#1107,#6939,.T.);
#6939 = SURFACE_CURVE('',#6940,(#6945,#6952),.PCURVE_S1.);
#6940 = CIRCLE('',#6941,15.);
#6941 = AXIS2_PLACEMENT_3D('',#6942,#6943,#6944);
#6942 = CARTESIAN_POINT('',(35.,0.,0.));
#6943 = DIRECTION('',(1.,0.,0.));
#6944 = DIRECTION('',(-0.,0.,1.));
#6945 = PCURVE('',#1095,#6946);
#6946 = DEFINITIONAL_REPRESENTATION('',(#6947),#6951);
#6947 = LINE('',#6948,#6949);
#6948 = CARTESIAN_POINT('',(0.,0.));
#6949 = VECTOR('',#6950,1.);
#6950 = DIRECTION('',(1.,0.));
#6951 = ( GEOMETRIC_REPRESENTATION_CONTEXT(2) 
PARAMETRIC_REPRESENTATION_CONTEXT() REPRESENTATION_CONTEXT('2D SPACE',''
  ) );
#6952 = PCURVE('',#1121,#6953);
#6953 = DEFINITIONAL_REPRESENTATION('',(#6954),#6958);
#6954 = CIRCLE('',#6955,15.);
#6955 = AXIS2_PLACEMENT_2D('',#6956,#6957);
#6956 = CARTESIAN_POINT('',(0.,0.));
#6957 = DIRECTION('',(1.,0.));
#6958 = ( GEOMETRIC_REPRESENTATION_CONTEXT(2) 
PARAMETRIC_REPRESENTATION_CONTEXT() REPRESENTATION_CONTEXT('2D SPACE',''
  ) );
#6959 = ORIENTED_EDGE('',*,*,#1132,.T.);
#6960 = ORIENTED_EDGE('',*,*,#6961,.T.);
#6961 = EDGE_CURVE('',#1133,#6847,#6962,.T.);
#6962 = SURFACE_CURVE('',#6963,(#6968,#6975),.PCURVE_S1.);
#6963 = CIRCLE('',#6964,15.);
#6964 = AXIS2_PLACEMENT_3D('',#6965,#6966,#6967);
#6965 = CARTESIAN_POINT('',(40.,0.,0.));
#6966 = DIRECTION('',(1.,0.,0.));
#6967 = DIRECTION('',(-0.,0.,1.));
#6968 = PCURVE('',#1095,#6969);
#6969 = DEFINITIONAL_REPRESENTATION('',(#6970),#6974);
#6970 = LINE('',#6971,#6972);
#6971 = CARTESIAN_POINT('',(0.,5.));
#6972 = VECTOR('',#6973,1.);
#6973 = DIRECTION('',(1.,0.));
#6974 = ( GEOMETRIC_REPRESENTATION_CONTEXT(2) 
PARAMETRIC_REPRESENTATION_CONTEXT() REPRESENTATION_CONTEXT('2D SPACE',''
  ) );
#6975 = PCURVE('',#1069,#6976);
#6976 = DEFINITIONAL_REPRESENTATION('',(#6977),#6981);
#6977 = CIRCLE('',#6978,15.);
#6978 = AXIS2_PLACEMENT_2D('',#6979,#6980);
#6979 = CARTESIAN_POINT('',(0.,0.));
#6980 = DIRECTION('',(1.,0.));
#6981 = ( GEOMETRIC_REPRESENTATION_CONTEXT(2) 
PARAMETRIC_REPRESENTATION_CONTEXT() REPRESENTATION_CONTEXT('2D SPACE',''
  ) );
#6982 = ORIENTED_EDGE('',*,*,#6846,.T.);
#6983 = ORIENTED_EDGE('',*,*,#6984,.F.);
#6984 = EDGE_CURVE('',#6732,#6755,#6985,.T.);
#6985 = SURFACE_CURVE('',#6986,(#7013,#7043),.PCURVE_S1.);
#6986 = B_SPLINE_CURVE_WITH_KNOTS('',7,(#6987,#6988,#6989,#6990,#6991,
    #6992,#6993,#6994,#6995,#6996,#6997,#6998,#6999,#7000,#7001,#7002,
    #7003,#7004,#7005,#7006,#7007,#7008,#7009,#7010,#7011,#7012),
  .UNSPECIFIED.,.F.,.F.,(8,6,6,6,8),(0.,0.245431824219,0.500010262898,
    0.754602332378,1.),.UNSPECIFIED.);
#6987 = CARTESIAN_POINT('',(72.1,1.5797943709E-15,15.));
#6988 = CARTESIAN_POINT('',(72.1,0.279114841086,15.));
#6989 = CARTESIAN_POINT('',(72.056719856138,0.550621833631,
    14.993940588238));
#6990 = CARTESIAN_POINT('',(71.97440314705,0.806764978539,
    14.982417288711));
#6991 = CARTESIAN_POINT('',(71.858731309421,1.041123175926,
    14.966991604531));
#6992 = CARTESIAN_POINT('',(71.716777447743,1.248816226172,
    14.949789660226));
#6993 = CARTESIAN_POINT('',(71.556927443575,1.426969220229,
    14.932715298801));
#6994 = CARTESIAN_POINT('',(71.214315032154,1.729022692112,
    14.900818617246));
#6995 = CARTESIAN_POINT('',(71.026203302003,1.854812629013,
    14.885664837576));
#6996 = CARTESIAN_POINT('',(70.828882909752,1.953784201403,
    14.872690278901));
#6997 = CARTESIAN_POINT('',(70.625469654371,2.027106735307,
    14.862579213812));
#6998 = CARTESIAN_POINT('',(70.418288884081,2.075681346837,
    14.855711005963));
#6999 = CARTESIAN_POINT('',(70.209223235024,2.1,14.852272553384));
#7000 = CARTESIAN_POINT('',(69.790765562612,2.1,14.852272553384));
#7001 = CARTESIAN_POINT('',(69.581701979131,2.075678787251,
    14.855711364885));
#7002 = CARTESIAN_POINT('',(69.374527573713,2.027104376749,
    14.86257955539));
#7003 = CARTESIAN_POINT('',(69.171118829964,1.953784318804,
    14.872690197728));
#7004 = CARTESIAN_POINT('',(68.973798725398,1.854814262741,
    14.885664660892));
#7005 = CARTESIAN_POINT('',(68.785685216538,1.729022911364,
    14.900818594093));
#7006 = CARTESIAN_POINT('',(68.443104723847,1.426997579627,
    14.932712304064));
#7007 = CARTESIAN_POINT('',(68.283240849849,1.248846638305,
    14.94978711743));
#7008 = CARTESIAN_POINT('',(68.141259143623,1.041127821908,
    14.966992217155));
#7009 = CARTESIAN_POINT('',(68.025570345575,0.806727799117,
    14.982420989786));
#7010 = CARTESIAN_POINT('',(67.943259460365,0.550550223873,
    14.993943487922));
#7011 = CARTESIAN_POINT('',(67.9,0.27904815939,15.));
#7012 = CARTESIAN_POINT('',(67.9,2.222733940452E-15,15.));
#7013 = PCURVE('',#1095,#7014);
#7014 = DEFINITIONAL_REPRESENTATION('',(#7015),#7042);
#7015 = B_SPLINE_CURVE_WITH_KNOTS('',7,(#7016,#7017,#7018,#7019,#7020,
    #7021,#7022,#7023,#7024,#7025,#7026,#7027,#7028,#7029,#7030,#7031,
    #7032,#7033,#7034,#7035,#7036,#7037,#7038,#7039,#7040,#7041),
  .UNSPECIFIED.,.F.,.F.,(8,6,6,6,8),(0.,0.245431824219,0.500010262898,
    0.754602332378,1.),.UNSPECIFIED.);
#7016 = CARTESIAN_POINT('',(6.28318530718,37.1));
#7017 = CARTESIAN_POINT('',(6.264577651107,37.1));
#7018 = CARTESIAN_POINT('',(6.246477173519,37.056719856138));
#7019 = CARTESIAN_POINT('',(6.229390504451,36.97440314705));
#7020 = CARTESIAN_POINT('',(6.213737445902,36.858731309421));
#7021 = CARTESIAN_POINT('',(6.199845719233,36.716777447743));
#7022 = CARTESIAN_POINT('',(6.187914996503,36.556927443575));
#7023 = CARTESIAN_POINT('',(6.16766613391,36.214315032154));
#7024 = CARTESIAN_POINT('',(6.159220415265,36.026203302003));
#7025 = CARTESIAN_POINT('',(6.152566170746,35.828882909752));
#7026 = CARTESIAN_POINT('',(6.147631781936,35.625469654371));
#7027 = CARTESIAN_POINT('',(6.144361260975,35.418288884081));
#7028 = CARTESIAN_POINT('',(6.14272389247,35.209223235024));
#7029 = CARTESIAN_POINT('',(6.14272389247,34.790765562612));
#7030 = CARTESIAN_POINT('',(6.14436143326,34.581701979131));
#7031 = CARTESIAN_POINT('',(6.147631940855,34.374527573713));
#7032 = CARTESIAN_POINT('',(6.152566162235,34.171118829964));
#7033 = CARTESIAN_POINT('',(6.159220305758,33.973798725398));
#7034 = CARTESIAN_POINT('',(6.167666119212,33.785685216538));
#7035 = CARTESIAN_POINT('',(6.187913095365,33.443104723847));
#7036 = CARTESIAN_POINT('',(6.199843684878,33.283240849849));
#7037 = CARTESIAN_POINT('',(6.213737142312,33.141259143623));
#7038 = CARTESIAN_POINT('',(6.229392991042,33.025570345575));
#7039 = CARTESIAN_POINT('',(6.246481947519,32.943259460365));
#7040 = CARTESIAN_POINT('',(6.264582096554,32.9));
#7041 = CARTESIAN_POINT('',(6.28318530718,32.9));
#7042 = ( GEOMETRIC_REPRESENTATION_CONTEXT(2) 
PARAMETRIC_REPRESENTATION_CONTEXT() REPRESENTATION_CONTEXT('2D SPACE',''
  ) );
#7043 = PCURVE('',#6527,#7044);
#7044 = DEFINITIONAL_REPRESENTATION('',(#7045),#7072);
#7045 = B_SPLINE_CURVE_WITH_KNOTS('',7,(#7046,#7047,#7048,#7049,#7050,
    #7051,#7052,#7053,#7054,#7055,#7056,#7057,#7058,#7059,#7060,#7061,
    #7062,#7063,#7064,#7065,#7066,#7067,#7068,#7069,#7070,#7071),
  .UNSPECIFIED.,.F.,.F.,(8,6,6,6,8),(0.,0.245431824219,0.500010262898,
    0.754602332378,1.),.UNSPECIFIED.);
#7046 = CARTESIAN_POINT('',(0.,35.));
#7047 = CARTESIAN_POINT('',(0.132911829089,35.));
#7048 = CARTESIAN_POINT('',(0.262200783289,34.993940588238));
#7049 = CARTESIAN_POINT('',(0.388008999379,34.982417288711));
#7050 = CARTESIAN_POINT('',(0.51017263393,34.966991604531));
#7051 = CARTESIAN_POINT('',(0.628269582204,34.949789660226));
#7052 = CARTESIAN_POINT('',(0.741469619685,34.932715298801));
#7053 = CARTESIAN_POINT('',(0.95896909936,34.900818617246));
#7054 = CARTESIAN_POINT('',(1.065774497183,34.885664837576));
#7055 = CARTESIAN_POINT('',(1.169640913773,34.872690278901));
#7056 = CARTESIAN_POINT('',(1.271337781005,34.862579213812));
#7057 = CARTESIAN_POINT('',(1.371611295788,34.855711005963));
#7058 = CARTESIAN_POINT('',(1.471166214879,34.852272553384));
#7059 = CARTESIAN_POINT('',(1.67043177317,34.852272553384));
#7060 = CARTESIAN_POINT('',(1.769985693489,34.855711364885));
#7061 = CARTESIAN_POINT('',(1.870256473945,34.86257955539));
#7062 = CARTESIAN_POINT('',(1.971951041641,34.872690197728));
#7063 = CARTESIAN_POINT('',(2.075816925156,34.885664660892));
#7064 = CARTESIAN_POINT('',(2.182623396353,34.900818594093));
#7065 = CARTESIAN_POINT('',(2.400102613169,34.932712304064));
#7066 = CARTESIAN_POINT('',(2.51330696195,34.94978711743));
#7067 = CARTESIAN_POINT('',(2.631420806018,34.966992217155));
#7068 = CARTESIAN_POINT('',(2.753604070727,34.982420989786));
#7069 = CARTESIAN_POINT('',(2.879425977551,34.993943487922));
#7070 = CARTESIAN_POINT('',(3.00871257769,35.));
#7071 = CARTESIAN_POINT('',(3.14159265359,35.));
#7072 = ( GEOMETRIC_REPRESENTATION_CONTEXT(2) 
PARAMETRIC_REPRESENTATION_CONTEXT() REPRESENTATION_CONTEXT('2D SPACE',''
  ) );
#7073 = ORIENTED_EDGE('',*,*,#6731,.T.);
#7074 = ORIENTED_EDGE('',*,*,#6681,.F.);
#7075 = ORIENTED_EDGE('',*,*,#1221,.T.);
#7076 = ORIENTED_EDGE('',*,*,#7077,.F.);
#7077 = EDGE_CURVE('',#2989,#1222,#7078,.T.);
#7078 = SURFACE_CURVE('',#7079,(#7084,#7091),.PCURVE_S1.);
#7079 = CIRCLE('',#7080,15.);
#7080 = AXIS2_PLACEMENT_3D('',#7081,#7082,#7083);
#7081 = CARTESIAN_POINT('',(105.,0.,0.));
#7082 = DIRECTION('',(1.,0.,0.));
#7083 = DIRECTION('',(-0.,0.,1.));
#7084 = PCURVE('',#1095,#7085);
#7085 = DEFINITIONAL_REPRESENTATION('',(#7086),#7090);
#7086 = LINE('',#7087,#7088);
#7087 = CARTESIAN_POINT('',(0.,70.));
#7088 = VECTOR('',#7089,1.);
#7089 = DIRECTION('',(1.,0.));
#7090 = ( GEOMETRIC_REPRESENTATION_CONTEXT(2) 
PARAMETRIC_REPRESENTATION_CONTEXT() REPRESENTATION_CONTEXT('2D SPACE',''
  ) );
#7091 = PCURVE('',#1257,#7092);
#7092 = DEFINITIONAL_REPRESENTATION('',(#7093),#7097);
#7093 = CIRCLE('',#7094,15.);
#7094 = AXIS2_PLACEMENT_2D('',#7095,#7096);
#7095 = CARTESIAN_POINT('',(0.,0.));
#7096 = DIRECTION('',(1.,0.));
#7097 = ( GEOMETRIC_REPRESENTATION_CONTEXT(2) 
PARAMETRIC_REPRESENTATION_CONTEXT() REPRESENTATION_CONTEXT('2D SPACE',''
  ) );
#7098 = ORIENTED_EDGE('',*,*,#2988,.F.);
#7099 = ORIENTED_EDGE('',*,*,#7100,.F.);
#7100 = EDGE_CURVE('',#3031,#2963,#7101,.T.);
#7101 = SURFACE_CURVE('',#7102,(#7107,#7114),.PCURVE_S1.);
#7102 = CIRCLE('',#7103,15.);
#7103 = AXIS2_PLACEMENT_3D('',#7104,#7105,#7106);
#7104 = CARTESIAN_POINT('',(100.,0.,0.));
#7105 = DIRECTION('',(1.,0.,0.));
#7106 = DIRECTION('',(-0.,0.,1.));
#7107 = PCURVE('',#1095,#7108);
#7108 = DEFINITIONAL_REPRESENTATION('',(#7109),#7113);
#7109 = LINE('',#7110,#7111);
#7110 = CARTESIAN_POINT('',(0.,65.));
#7111 = VECTOR('',#7112,1.);
#7112 = DIRECTION('',(1.,0.));
#7113 = ( GEOMETRIC_REPRESENTATION_CONTEXT(2) 
PARAMETRIC_REPRESENTATION_CONTEXT() REPRESENTATION_CONTEXT('2D SPACE',''
  ) );
#7114 = PCURVE('',#2977,#7115);
#7115 = DEFINITIONAL_REPRESENTATION('',(#7116),#7120);
#7116 = CIRCLE('',#7117,15.);
#7117 = AXIS2_PLACEMENT_2D('',#7118,#7119);
#7118 = CARTESIAN_POINT('',(0.,0.));
#7119 = DIRECTION('',(1.,0.));
#7120 = ( GEOMETRIC_REPRESENTATION_CONTEXT(2) 
PARAMETRIC_REPRESENTATION_CONTEXT() REPRESENTATION_CONTEXT('2D SPACE',''
  ) );
#7121 = ORIENTED_EDGE('',*,*,#3030,.T.);
#7122 = FACE_BOUND('',#7123,.F.);
#7123 = EDGE_LOOP('',(#7124));
#7124 = ORIENTED_EDGE('',*,*,#7125,.T.);
#7125 = EDGE_CURVE('',#7126,#7126,#7128,.T.);
#7126 = VERTEX_POINT('',#7127);
#7127 = CARTESIAN_POINT('',(72.1,-5.143516556419E-16,-15.));
#7128 = SURFACE_CURVE('',#7129,(#7180,#7234),.PCURVE_S1.);
#7129 = B_SPLINE_CURVE_WITH_KNOTS('',7,(#7130,#7131,#7132,#7133,#7134,
    #7135,#7136,#7137,#7138,#7139,#7140,#7141,#7142,#7143,#7144,#7145,
    #7146,#7147,#7148,#7149,#7150,#7151,#7152,#7153,#7154,#7155,#7156,
    #7157,#7158,#7159,#7160,#7161,#7162,#7163,#7164,#7165,#7166,#7167,
    #7168,#7169,#7170,#7171,#7172,#7173,#7174,#7175,#7176,#7177,#7178,
    #7179),.UNSPECIFIED.,.T.,.F.,(8,6,6,6,6,6,6,6,8),(0.,0.122716135886,
    0.250005587342,0.37730185834,0.500000924029,0.622729310039,
    0.75002747809,0.877325336514,1.),.UNSPECIFIED.);
#7130 = CARTESIAN_POINT('',(72.1,-1.33226762955E-15,-15.));
#7131 = CARTESIAN_POINT('',(72.1,0.279114841086,-15.));
#7132 = CARTESIAN_POINT('',(72.056719856138,0.550621833632,
    -14.99394058823));
#7133 = CARTESIAN_POINT('',(71.97440314705,0.806764978539,
    -14.98241728871));
#7134 = CARTESIAN_POINT('',(71.858731309421,1.041123175926,
    -14.96699160453));
#7135 = CARTESIAN_POINT('',(71.716777447742,1.248816226172,
    -14.94978966022));
#7136 = CARTESIAN_POINT('',(71.556927443575,1.426969220229,
    -14.9327152988));
#7137 = CARTESIAN_POINT('',(71.214315032154,1.729022692112,
    -14.90081861724));
#7138 = CARTESIAN_POINT('',(71.026203302003,1.854812629014,
    -14.88566483757));
#7139 = CARTESIAN_POINT('',(70.828882909753,1.953784201403,
    -14.8726902789));
#7140 = CARTESIAN_POINT('',(70.62546965437,2.027106735307,
    -14.86257921381));
#7141 = CARTESIAN_POINT('',(70.418288884081,2.075681346837,
    -14.85571100596));
#7142 = CARTESIAN_POINT('',(70.209223235024,2.1,-14.85227255338));
#7143 = CARTESIAN_POINT('',(69.790765555825,2.1,-14.85227255338));
#7144 = CARTESIAN_POINT('',(69.581701995711,2.075678785534,
    -14.85571136503));
#7145 = CARTESIAN_POINT('',(69.374527561739,2.027104384878,
    -14.86257955456));
#7146 = CARTESIAN_POINT('',(69.171118824007,1.953784303542,
    -14.87269019934));
#7147 = CARTESIAN_POINT('',(68.973798738612,1.854814276428,
    -14.88566465942));
#7148 = CARTESIAN_POINT('',(68.785685210636,1.729022906161,
    -14.90081859464));
#7149 = CARTESIAN_POINT('',(68.443104723847,1.426997579627,
    -14.93271230406));
#7150 = CARTESIAN_POINT('',(68.283240849849,1.248846638305,
    -14.94978711743));
#7151 = CARTESIAN_POINT('',(68.141259143622,1.041127821907,
    -14.96699221715));
#7152 = CARTESIAN_POINT('',(68.025570345575,0.806727799118,
    -14.98242098978));
#7153 = CARTESIAN_POINT('',(67.943259460365,0.550550223873,
    -14.99394348792));
#7154 = CARTESIAN_POINT('',(67.9,0.27904815939,-15.));
#7155 = CARTESIAN_POINT('',(67.9,-0.279114841086,-15.));
#7156 = CARTESIAN_POINT('',(67.943280143862,-0.550621833631,
    -14.99394058823));
#7157 = CARTESIAN_POINT('',(68.025596852951,-0.80676497854,
    -14.98241728871));
#7158 = CARTESIAN_POINT('',(68.141268690578,-1.041123175926,
    -14.96699160453));
#7159 = CARTESIAN_POINT('',(68.283222552258,-1.248816226172,
    -14.94978966022));
#7160 = CARTESIAN_POINT('',(68.443072556425,-1.426969220229,
    -14.9327152988));
#7161 = CARTESIAN_POINT('',(68.785679500338,-1.729017871856,
    -14.90081912626));
#7162 = CARTESIAN_POINT('',(68.9737959696,-1.854814467231,
    -14.88566476047));
#7163 = CARTESIAN_POINT('',(69.171122959857,-1.953787403224,
    -14.87268975536));
#7164 = CARTESIAN_POINT('',(69.374534706006,-2.027106265677,
    -14.86257928826));
#7165 = CARTESIAN_POINT('',(69.581706220102,-2.075678646908,
    -14.85571138535));
#7166 = CARTESIAN_POINT('',(69.79076505369,-2.1,-14.85227255338));
#7167 = CARTESIAN_POINT('',(70.209234437388,-2.1,-14.85227255338));
#7168 = CARTESIAN_POINT('',(70.418298020868,-2.075678787251,
    -14.85571136488));
#7169 = CARTESIAN_POINT('',(70.625472426288,-2.027104376749,
    -14.86257955539));
#7170 = CARTESIAN_POINT('',(70.828881170035,-1.953784318804,
    -14.87269019772));
#7171 = CARTESIAN_POINT('',(71.026201274602,-1.854814262741,
    -14.88566466089));
#7172 = CARTESIAN_POINT('',(71.214314783462,-1.729022911364,
    -14.90081859409));
#7173 = CARTESIAN_POINT('',(71.556859746022,-1.42702890365,
    -14.93270899626));
#7174 = CARTESIAN_POINT('',(71.71674862236,-1.248871651566,
    -14.94978520486));
#7175 = CARTESIAN_POINT('',(71.858760923557,-1.041116958037,
    -14.9669942657));
#7176 = CARTESIAN_POINT('',(71.974460649573,-0.806673727464,
    -14.98242535667));
#7177 = CARTESIAN_POINT('',(72.05676028448,-0.550471778571,
    -14.99394624532));
#7178 = CARTESIAN_POINT('',(72.1,-0.278984464685,-15.));
#7179 = CARTESIAN_POINT('',(72.1,-1.33226762955E-15,-15.));
#7180 = PCURVE('',#1095,#7181);
#7181 = DEFINITIONAL_REPRESENTATION('',(#7182),#7233);
#7182 = B_SPLINE_CURVE_WITH_KNOTS('',7,(#7183,#7184,#7185,#7186,#7187,
    #7188,#7189,#7190,#7191,#7192,#7193,#7194,#7195,#7196,#7197,#7198,
    #7199,#7200,#7201,#7202,#7203,#7204,#7205,#7206,#7207,#7208,#7209,
    #7210,#7211,#7212,#7213,#7214,#7215,#7216,#7217,#7218,#7219,#7220,
    #7221,#7222,#7223,#7224,#7225,#7226,#7227,#7228,#7229,#7230,#7231,
    #7232),.UNSPECIFIED.,.T.,.F.,(8,6,6,6,6,6,6,6,8),(0.,0.122716135886,
    0.250005587342,0.37730185834,0.500000924029,0.622729310039,
    0.75002747809,0.877325336514,1.),.UNSPECIFIED.);
#7183 = CARTESIAN_POINT('',(3.14159265359,37.1));
#7184 = CARTESIAN_POINT('',(3.160200309662,37.1));
#7185 = CARTESIAN_POINT('',(3.17830078725,37.056719856138));
#7186 = CARTESIAN_POINT('',(3.195387456318,36.97440314705));
#7187 = CARTESIAN_POINT('',(3.211040514867,36.858731309421));
#7188 = CARTESIAN_POINT('',(3.224932241537,36.716777447743));
#7189 = CARTESIAN_POINT('',(3.236862964266,36.556927443575));
#7190 = CARTESIAN_POINT('',(3.257111826859,36.214315032154));
#7191 = CARTESIAN_POINT('',(3.265557545504,36.026203302003));
#7192 = CARTESIAN_POINT('',(3.272211790023,35.828882909753));
#7193 = CARTESIAN_POINT('',(3.277146178834,35.62546965437));
#7194 = CARTESIAN_POINT('',(3.280416699794,35.418288884081));
#7195 = CARTESIAN_POINT('',(3.2820540683,35.209223235024));
#7196 = CARTESIAN_POINT('',(3.2820540683,34.790765555825));
#7197 = CARTESIAN_POINT('',(3.280416527395,34.581701995711));
#7198 = CARTESIAN_POINT('',(3.27714602046,34.374527561739));
#7199 = CARTESIAN_POINT('',(3.272211797511,34.171118824007));
#7200 = CARTESIAN_POINT('',(3.265557655929,33.973798738612));
#7201 = CARTESIAN_POINT('',(3.257111841208,33.785685210636));
#7202 = CARTESIAN_POINT('',(3.236864865405,33.443104723847));
#7203 = CARTESIAN_POINT('',(3.224934275892,33.283240849849));
#7204 = CARTESIAN_POINT('',(3.211040818457,33.141259143622));
#7205 = CARTESIAN_POINT('',(3.195384969728,33.025570345575));
#7206 = CARTESIAN_POINT('',(3.178296013251,32.943259460365));
#7207 = CARTESIAN_POINT('',(3.160195864216,32.9));
#7208 = CARTESIAN_POINT('',(3.122984997517,32.9));
#7209 = CARTESIAN_POINT('',(3.104884519929,32.943280143862));
#7210 = CARTESIAN_POINT('',(3.087797850862,33.02559685295));
#7211 = CARTESIAN_POINT('',(3.072144792312,33.141268690579));
#7212 = CARTESIAN_POINT('',(3.058253065643,33.283222552258));
#7213 = CARTESIAN_POINT('',(3.046322342914,33.443072556425));
#7214 = CARTESIAN_POINT('',(3.026073803458,33.785679500338));
#7215 = CARTESIAN_POINT('',(3.017627639325,33.9737959696));
#7216 = CARTESIAN_POINT('',(3.010973301129,34.171122959857));
#7217 = CARTESIAN_POINT('',(3.006039159958,34.374534706006));
#7218 = CARTESIAN_POINT('',(3.002768789165,34.581706220102));
#7219 = CARTESIAN_POINT('',(3.00113123888,34.79076505369));
#7220 = CARTESIAN_POINT('',(3.00113123888,35.209234437388));
#7221 = CARTESIAN_POINT('',(3.00276877967,35.418298020868));
#7222 = CARTESIAN_POINT('',(3.006039287265,35.625472426288));
#7223 = CARTESIAN_POINT('',(3.010973508645,35.828881170035));
#7224 = CARTESIAN_POINT('',(3.017627652168,36.026201274602));
#7225 = CARTESIAN_POINT('',(3.026073465622,36.214314783462));
#7226 = CARTESIAN_POINT('',(3.046318341895,36.556859746022));
#7227 = CARTESIAN_POINT('',(3.058249359539,36.71674862236));
#7228 = CARTESIAN_POINT('',(3.072145222575,36.858760923557));
#7229 = CARTESIAN_POINT('',(3.08780395022,36.974460649573));
#7230 = CARTESIAN_POINT('',(3.104894523389,37.05676028448));
#7231 = CARTESIAN_POINT('',(3.122993689277,37.1));
#7232 = CARTESIAN_POINT('',(3.14159265359,37.1));
#7233 = ( GEOMETRIC_REPRESENTATION_CONTEXT(2) 
PARAMETRIC_REPRESENTATION_CONTEXT() REPRESENTATION_CONTEXT('2D SPACE',''
  ) );
#7234 = PCURVE('',#7235,#7240);
#7235 = CYLINDRICAL_SURFACE('',#7236,2.1);
#7236 = AXIS2_PLACEMENT_3D('',#7237,#7238,#7239);
#7237 = CARTESIAN_POINT('',(70.,0.,-20.));
#7238 = DIRECTION('',(0.,0.,1.));
#7239 = DIRECTION('',(1.,0.,-0.));
#7240 = DEFINITIONAL_REPRESENTATION('',(#7241),#7292);
#7241 = B_SPLINE_CURVE_WITH_KNOTS('',7,(#7242,#7243,#7244,#7245,#7246,
    #7247,#7248,#7249,#7250,#7251,#7252,#7253,#7254,#7255,#7256,#7257,
    #7258,#7259,#7260,#7261,#7262,#7263,#7264,#7265,#7266,#7267,#7268,
    #7269,#7270,#7271,#7272,#7273,#7274,#7275,#7276,#7277,#7278,#7279,
    #7280,#7281,#7282,#7283,#7284,#7285,#7286,#7287,#7288,#7289,#7290,
    #7291),.UNSPECIFIED.,.F.,.F.,(8,6,6,6,6,6,6,6,8),(0.,0.122716135886,
    0.250005587342,0.37730185834,0.500000924029,0.622729310039,
    0.75002747809,0.877325336514,1.),.UNSPECIFIED.);
#7242 = CARTESIAN_POINT('',(0.,5.));
#7243 = CARTESIAN_POINT('',(0.132911829089,5.));
#7244 = CARTESIAN_POINT('',(0.262200783289,5.006059411762));
#7245 = CARTESIAN_POINT('',(0.388008999379,5.017582711289));
#7246 = CARTESIAN_POINT('',(0.51017263393,5.033008395469));
#7247 = CARTESIAN_POINT('',(0.628269582204,5.050210339774));
#7248 = CARTESIAN_POINT('',(0.741469619685,5.067284701199));
#7249 = CARTESIAN_POINT('',(0.95896909936,5.099181382754));
#7250 = CARTESIAN_POINT('',(1.065774497183,5.114335162424));
#7251 = CARTESIAN_POINT('',(1.169640913773,5.127309721099));
#7252 = CARTESIAN_POINT('',(1.271337781005,5.137420786188));
#7253 = CARTESIAN_POINT('',(1.371611295788,5.144288994037));
#7254 = CARTESIAN_POINT('',(1.471166214879,5.147727446616));
#7255 = CARTESIAN_POINT('',(1.670431776402,5.147727446616));
#7256 = CARTESIAN_POINT('',(1.769985685999,5.144288634961));
#7257 = CARTESIAN_POINT('',(1.870256478069,5.137420445431));
#7258 = CARTESIAN_POINT('',(1.971951047195,5.127309800656));
#7259 = CARTESIAN_POINT('',(2.07581691647,5.114335340572));
#7260 = CARTESIAN_POINT('',(2.1826234001,5.099181405357));
#7261 = CARTESIAN_POINT('',(2.400102613169,5.067287695936));
#7262 = CARTESIAN_POINT('',(2.513306961949,5.05021288257));
#7263 = CARTESIAN_POINT('',(2.631420806018,5.033007782845));
#7264 = CARTESIAN_POINT('',(2.753604070727,5.017579010214));
#7265 = CARTESIAN_POINT('',(2.879425977551,5.006056512078));
#7266 = CARTESIAN_POINT('',(3.00871257769,5.));
#7267 = CARTESIAN_POINT('',(3.274504482679,5.));
#7268 = CARTESIAN_POINT('',(3.403793436878,5.006059411762));
#7269 = CARTESIAN_POINT('',(3.529601652969,5.017582711289));
#7270 = CARTESIAN_POINT('',(3.65176528752,5.033008395469));
#7271 = CARTESIAN_POINT('',(3.769862235794,5.050210339774));
#7272 = CARTESIAN_POINT('',(3.883062273274,5.067284701199));
#7273 = CARTESIAN_POINT('',(4.10055828203,5.099180873737));
#7274 = CARTESIAN_POINT('',(4.207367459136,5.114335239521));
#7275 = CARTESIAN_POINT('',(4.311236508754,5.127310244634));
#7276 = CARTESIAN_POINT('',(4.41293224598,5.137420711731));
#7277 = CARTESIAN_POINT('',(4.513201622414,5.144288614644));
#7278 = CARTESIAN_POINT('',(4.612753291666,5.147727446616));
#7279 = CARTESIAN_POINT('',(4.81202442676,5.147727446616));
#7280 = CARTESIAN_POINT('',(4.911578347078,5.144288635115));
#7281 = CARTESIAN_POINT('',(5.011849127536,5.13742044461));
#7282 = CARTESIAN_POINT('',(5.113543695229,5.127309802272));
#7283 = CARTESIAN_POINT('',(5.217409578747,5.114335339108));
#7284 = CARTESIAN_POINT('',(5.324216049943,5.099181405907));
#7285 = CARTESIAN_POINT('',(5.541672711286,5.067291003736));
#7286 = CARTESIAN_POINT('',(5.654887988965,5.050214795134));
#7287 = CARTESIAN_POINT('',(5.773022741937,5.033005734296));
#7288 = CARTESIAN_POINT('',(5.895225063659,5.017574643326));
#7289 = CARTESIAN_POINT('',(6.021055992288,5.006053754678));
#7290 = CARTESIAN_POINT('',(6.150335562091,5.));
#7291 = CARTESIAN_POINT('',(6.28318530718,5.));
#7292 = ( GEOMETRIC_REPRESENTATION_CONTEXT(2) 
PARAMETRIC_REPRESENTATION_CONTEXT() REPRESENTATION_CONTEXT('2D SPACE',''
  ) );
#7293 = ADVANCED_FACE('',(#7294),#1257,.F.);
#7294 = FACE_BOUND('',#7295,.F.);
#7295 = EDGE_LOOP('',(#7296,#7297,#7298,#7299));
#7296 = ORIENTED_EDGE('',*,*,#1242,.F.);
#7297 = ORIENTED_EDGE('',*,*,#6707,.T.);
#7298 = ORIENTED_EDGE('',*,*,#3009,.T.);
#7299 = ORIENTED_EDGE('',*,*,#7077,.T.);
#7300 = ADVANCED_FACE('',(#7301),#1069,.F.);
#7301 = FACE_BOUND('',#7302,.F.);
#7302 = EDGE_LOOP('',(#7303,#7304,#7305,#7306,#7307));
#7303 = ORIENTED_EDGE('',*,*,#6434,.F.);
#7304 = ORIENTED_EDGE('',*,*,#1054,.T.);
#7305 = ORIENTED_EDGE('',*,*,#6869,.F.);
#7306 = ORIENTED_EDGE('',*,*,#6961,.F.);
#7307 = ORIENTED_EDGE('',*,*,#1153,.T.);
#7308 = ADVANCED_FACE('',(#7309),#1121,.T.);
#7309 = FACE_BOUND('',#7310,.T.);
#7310 = EDGE_LOOP('',(#7311,#7312,#7313,#7314));
#7311 = ORIENTED_EDGE('',*,*,#1106,.F.);
#7312 = ORIENTED_EDGE('',*,*,#6892,.T.);
#7313 = ORIENTED_EDGE('',*,*,#2878,.T.);
#7314 = ORIENTED_EDGE('',*,*,#6938,.T.);
#7315 = ADVANCED_FACE('',(#7316),#1327,.F.);
#7316 = FACE_BOUND('',#7317,.F.);
#7317 = EDGE_LOOP('',(#7318,#7319,#7340,#7341));
#7318 = ORIENTED_EDGE('',*,*,#1310,.F.);
#7319 = ORIENTED_EDGE('',*,*,#7320,.F.);
#7320 = EDGE_CURVE('',#3073,#1311,#7321,.T.);
#7321 = SEAM_CURVE('',#7322,(#7326,#7333),.PCURVE_S1.);
#7322 = LINE('',#7323,#7324);
#7323 = CARTESIAN_POINT('',(-19.5,22.,-6.));
#7324 = VECTOR('',#7325,1.);
#7325 = DIRECTION('',(0.,0.,1.));
#7326 = PCURVE('',#1327,#7327);
#7327 = DEFINITIONAL_REPRESENTATION('',(#7328),#7332);
#7328 = LINE('',#7329,#7330);
#7329 = CARTESIAN_POINT('',(6.28318530718,-0.));
#7330 = VECTOR('',#7331,1.);
#7331 = DIRECTION('',(0.,1.));
#7332 = ( GEOMETRIC_REPRESENTATION_CONTEXT(2) 
PARAMETRIC_REPRESENTATION_CONTEXT() REPRESENTATION_CONTEXT('2D SPACE',''
  ) );
#7333 = PCURVE('',#1327,#7334);
#7334 = DEFINITIONAL_REPRESENTATION('',(#7335),#7339);
#7335 = LINE('',#7336,#7337);
#7336 = CARTESIAN_POINT('',(0.,-0.));
#7337 = VECTOR('',#7338,1.);
#7338 = DIRECTION('',(0.,1.));
#7339 = ( GEOMETRIC_REPRESENTATION_CONTEXT(2) 
PARAMETRIC_REPRESENTATION_CONTEXT() REPRESENTATION_CONTEXT('2D SPACE',''
  ) );
#7340 = ORIENTED_EDGE('',*,*,#3072,.T.);
#7341 = ORIENTED_EDGE('',*,*,#7320,.T.);
#7342 = ADVANCED_FACE('',(#7343,#7391),#1358,.T.);
#7343 = FACE_BOUND('',#7344,.T.);
#7344 = EDGE_LOOP('',(#7345,#7346,#7368,#7369));
#7345 = ORIENTED_EDGE('',*,*,#1341,.T.);
#7346 = ORIENTED_EDGE('',*,*,#7347,.F.);
#7347 = EDGE_CURVE('',#1490,#1344,#7348,.T.);
#7348 = SURFACE_CURVE('',#7349,(#7354,#7361),.PCURVE_S1.);
#7349 = CIRCLE('',#7350,17.);
#7350 = AXIS2_PLACEMENT_3D('',#7351,#7352,#7353);
#7351 = CARTESIAN_POINT('',(-50.,86.6,0.));
#7352 = DIRECTION('',(-0.500011000363,0.866019052629,0.));
#7353 = DIRECTION('',(0.866019052629,0.500011000363,0.));
#7354 = PCURVE('',#1358,#7355);
#7355 = DEFINITIONAL_REPRESENTATION('',(#7356),#7360);
#7356 = LINE('',#7357,#7358);
#7357 = CARTESIAN_POINT('',(0.,59.99867998548));
#7358 = VECTOR('',#7359,1.);
#7359 = DIRECTION('',(1.,0.));
#7360 = ( GEOMETRIC_REPRESENTATION_CONTEXT(2) 
PARAMETRIC_REPRESENTATION_CONTEXT() REPRESENTATION_CONTEXT('2D SPACE',''
  ) );
#7361 = PCURVE('',#1525,#7362);
#7362 = DEFINITIONAL_REPRESENTATION('',(#7363),#7367);
#7363 = CIRCLE('',#7364,17.);
#7364 = AXIS2_PLACEMENT_2D('',#7365,#7366);
#7365 = CARTESIAN_POINT('',(0.,0.));
#7366 = DIRECTION('',(1.,0.));
#7367 = ( GEOMETRIC_REPRESENTATION_CONTEXT(2) 
PARAMETRIC_REPRESENTATION_CONTEXT() REPRESENTATION_CONTEXT('2D SPACE',''
  ) );
#7368 = ORIENTED_EDGE('',*,*,#1489,.F.);
#7369 = ORIENTED_EDGE('',*,*,#7370,.T.);
#7370 = EDGE_CURVE('',#1469,#1342,#7371,.T.);
#7371 = SURFACE_CURVE('',#7372,(#7377,#7384),.PCURVE_S1.);
#7372 = CIRCLE('',#7373,17.);
#7373 = AXIS2_PLACEMENT_3D('',#7374,#7375,#7376);
#7374 = CARTESIAN_POINT('',(-20.,34.64,0.));
#7375 = DIRECTION('',(-0.500011000363,0.866019052629,0.));
#7376 = DIRECTION('',(0.866019052629,0.500011000363,0.));
#7377 = PCURVE('',#1358,#7378);
#7378 = DEFINITIONAL_REPRESENTATION('',(#7379),#7383);
#7379 = LINE('',#7380,#7381);
#7380 = CARTESIAN_POINT('',(0.,0.));
#7381 = VECTOR('',#7382,1.);
#7382 = DIRECTION('',(1.,0.));
#7383 = ( GEOMETRIC_REPRESENTATION_CONTEXT(2) 
PARAMETRIC_REPRESENTATION_CONTEXT() REPRESENTATION_CONTEXT('2D SPACE',''
  ) );
#7384 = PCURVE('',#1384,#7385);
#7385 = DEFINITIONAL_REPRESENTATION('',(#7386),#7390);
#7386 = CIRCLE('',#7387,17.);
#7387 = AXIS2_PLACEMENT_2D('',#7388,#7389);
#7388 = CARTESIAN_POINT('',(0.,0.));
#7389 = DIRECTION('',(1.,0.));
#7390 = ( GEOMETRIC_REPRESENTATION_CONTEXT(2) 
PARAMETRIC_REPRESENTATION_CONTEXT() REPRESENTATION_CONTEXT('2D SPACE',''
  ) );
#7391 = FACE_BOUND('',#7392,.T.);
#7392 = EDGE_LOOP('',(#7393));
#7393 = ORIENTED_EDGE('',*,*,#7394,.F.);
#7394 = EDGE_CURVE('',#7395,#7395,#7397,.T.);
#7395 = VERTEX_POINT('',#7396);
#7396 = CARTESIAN_POINT('',(-32.9,60.62,16.902442087229));
#7397 = SURFACE_CURVE('',#7398,(#7449,#7503),.PCURVE_S1.);
#7398 = B_SPLINE_CURVE_WITH_KNOTS('',7,(#7399,#7400,#7401,#7402,#7403,
    #7404,#7405,#7406,#7407,#7408,#7409,#7410,#7411,#7412,#7413,#7414,
    #7415,#7416,#7417,#7418,#7419,#7420,#7421,#7422,#7423,#7424,#7425,
    #7426,#7427,#7428,#7429,#7430,#7431,#7432,#7433,#7434,#7435,#7436,
    #7437,#7438,#7439,#7440,#7441,#7442,#7443,#7444,#7445,#7446,#7447,
    #7448),.UNSPECIFIED.,.T.,.F.,(8,6,6,6,6,6,6,6,8),(0.,0.103292772628,
    0.251740046601,0.38275248421,0.493699007666,0.625008251486,
    0.742241075894,0.855222380729,1.),.UNSPECIFIED.);
#7399 = CARTESIAN_POINT('',(-32.9,60.62,16.902442087229));
#7400 = CARTESIAN_POINT('',(-32.9,60.781573277338,16.893749553628));
#7401 = CARTESIAN_POINT('',(-32.91450303931,60.940051055339,
    16.88611921212));
#7402 = CARTESIAN_POINT('',(-32.94251032529,61.094573438624,
    16.879789906465));
#7403 = CARTESIAN_POINT('',(-32.98321400943,61.244458127924,
    16.874919925936));
#7404 = CARTESIAN_POINT('',(-33.03597732532,61.389121042775,
    16.871606671978));
#7405 = CARTESIAN_POINT('',(-33.10031639901,61.527999876211,
    16.869898549304));
#7406 = CARTESIAN_POINT('',(-33.28448537241,61.850875311327,
    16.869656131142));
#7407 = CARTESIAN_POINT('',(-33.41613790931,62.027811881687,
    16.872835665499));
#7408 = CARTESIAN_POINT('',(-33.56978548547,62.189667573462,
    16.879332900002));
#7409 = CARTESIAN_POINT('',(-33.7448839106,62.334296938823,
    16.88895923357));
#7410 = CARTESIAN_POINT('',(-33.94103760083,62.458810477395,
    16.90132758746));
#7411 = CARTESIAN_POINT('',(-34.1576132039,62.559296712551,
    16.915712237089));
#7412 = CARTESIAN_POINT('',(-34.60085170973,62.693112163993,
    16.944369153142));
#7413 = CARTESIAN_POINT('',(-34.82833270245,62.734449226795,
    16.958778828556));
#7414 = CARTESIAN_POINT('',(-35.07054995597,62.747147617829,
    16.973077650758));
#7415 = CARTESIAN_POINT('',(-35.32121403405,62.726100353663,
    16.98573705069));
#7416 = CARTESIAN_POINT('',(-35.57314405636,62.668201507128,
    16.99510315327));
#7417 = CARTESIAN_POINT('',(-35.81869256348,62.572202676388,17.));
#7418 = CARTESIAN_POINT('',(-36.24592296606,62.325533852724,17.));
#7419 = CARTESIAN_POINT('',(-36.42760122615,62.187812883576,
    16.99648868398));
#7420 = CARTESIAN_POINT('',(-36.59133077783,62.027635121143,
    16.989464764443));
#7421 = CARTESIAN_POINT('',(-36.73384309853,61.847836855003,
    16.979329064184));
#7422 = CARTESIAN_POINT('',(-36.85242003226,61.651823719091,
    16.966862686837));
#7423 = CARTESIAN_POINT('',(-36.94501143136,61.443457865244,
    16.953101961646));
#7424 = CARTESIAN_POINT('',(-37.08774313931,60.970685937305,
    16.922550359445));
#7425 = CARTESIAN_POINT('',(-37.12355299676,60.714347508158,
    16.906399662933));
#7426 = CARTESIAN_POINT('',(-37.12277120501,60.463546530974,
    16.892273573585));
#7427 = CARTESIAN_POINT('',(-37.08938252764,60.221603655266,
    16.881167681271));
#7428 = CARTESIAN_POINT('',(-37.02637860994,59.990766044531,
    16.873591333348));
#7429 = CARTESIAN_POINT('',(-36.93578626737,59.772874216103,
    16.869795493722));
#7430 = CARTESIAN_POINT('',(-36.71405189349,59.388830280545,
    16.869795493722));
#7431 = CARTESIAN_POINT('',(-36.5884979107,59.219982933015,
    16.872821225281));
#7432 = CARTESIAN_POINT('',(-36.44288687192,59.064875171096,
    16.87886453764));
#7433 = CARTESIAN_POINT('',(-36.27771449456,58.925372064538,
    16.887763427069));
#7434 = CARTESIAN_POINT('',(-36.09334106325,58.803941586548,
    16.899189278446));
#7435 = CARTESIAN_POINT('',(-35.89029685743,58.703883715466,
    16.912543109017));
#7436 = CARTESIAN_POINT('',(-35.45727852054,58.55816306808,
    16.940660624667));
#7437 = CARTESIAN_POINT('',(-35.22303131473,58.508802511734,
    16.955713808497));
#7438 = CARTESIAN_POINT('',(-34.9721431806,58.489721117601,
    16.970884385458));
#7439 = CARTESIAN_POINT('',(-34.71131036124,58.506749568455,
    16.984493160459));
#7440 = CARTESIAN_POINT('',(-34.44831958213,58.563567934345,
    16.994657900753));
#7441 = CARTESIAN_POINT('',(-34.19159571128,58.66185721116,17.));
#7442 = CARTESIAN_POINT('',(-33.64035933524,58.98012301719,17.));
#7443 = CARTESIAN_POINT('',(-33.38074606637,59.212011235968,
    16.991227628178));
#7444 = CARTESIAN_POINT('',(-33.1770356672,59.479803335472,
    16.975165103138));
#7445 = CARTESIAN_POINT('',(-33.03079895598,59.768285639704,
    16.955165754306));
#7446 = CARTESIAN_POINT('',(-32.94031352679,60.06294376223,
    16.934900657024));
#7447 = CARTESIAN_POINT('',(-32.9,60.350623657426,16.916934353201));
#7448 = CARTESIAN_POINT('',(-32.9,60.62,16.902442087229));
#7449 = PCURVE('',#1358,#7450);
#7450 = DEFINITIONAL_REPRESENTATION('',(#7451),#7502);
#7451 = B_SPLINE_CURVE_WITH_KNOTS('',7,(#7452,#7453,#7454,#7455,#7456,
    #7457,#7458,#7459,#7460,#7461,#7462,#7463,#7464,#7465,#7466,#7467,
    #7468,#7469,#7470,#7471,#7472,#7473,#7474,#7475,#7476,#7477,#7478,
    #7479,#7480,#7481,#7482,#7483,#7484,#7485,#7486,#7487,#7488,#7489,
    #7490,#7491,#7492,#7493,#7494,#7495,#7496,#7497,#7498,#7499,#7500,
    #7501),.UNSPECIFIED.,.T.,.F.,(8,6,6,6,6,6,6,6,8),(0.,0.103292772628,
    0.251740046601,0.38275248421,0.493699007666,0.625008251486,
    0.742241075894,0.855222380729,1.),.UNSPECIFIED.);
#7452 = CARTESIAN_POINT('',(4.819572915257,28.949316891978));
#7453 = CARTESIAN_POINT('',(4.824352604229,29.089242428548));
#7454 = CARTESIAN_POINT('',(4.828300507676,29.233738882912));
#7455 = CARTESIAN_POINT('',(4.831440739809,29.381562161974));
#7456 = CARTESIAN_POINT('',(4.833793176806,29.53171744843));
#7457 = CARTESIAN_POINT('',(4.835372249596,29.683380527261));
#7458 = CARTESIAN_POINT('',(4.836185661011,29.835822487622));
#7459 = CARTESIAN_POINT('',(4.836301099816,30.207525278682));
#7460 = CARTESIAN_POINT('',(4.834786953126,30.426583436398));
#7461 = CARTESIAN_POINT('',(4.831696631982,30.64357902751));
#7462 = CARTESIAN_POINT('',(4.826996410961,30.856381952193));
#7463 = CARTESIAN_POINT('',(4.820624732566,31.062292051781));
#7464 = CARTESIAN_POINT('',(4.812504036019,31.257605229901));
#7465 = CARTESIAN_POINT('',(4.793784231094,31.595116089084));
#7466 = CARTESIAN_POINT('',(4.783377467641,31.744657771787));
#7467 = CARTESIAN_POINT('',(4.771383591255,31.876766111597));
#7468 = CARTESIAN_POINT('',(4.757977395693,31.983873576259));
#7469 = CARTESIAN_POINT('',(4.743434258493,32.059699854509));
#7470 = CARTESIAN_POINT('',(4.728101889497,32.09933999274));
#7471 = CARTESIAN_POINT('',(4.699082666334,32.09933999274));
#7472 = CARTESIAN_POINT('',(4.685776841749,32.070912138084));
#7473 = CARTESIAN_POINT('',(4.672721060592,32.01406172093));
#7474 = CARTESIAN_POINT('',(4.660161243324,31.929610724865));
#7475 = CARTESIAN_POINT('',(4.648334242617,31.81914938585));
#7476 = CARTESIAN_POINT('',(4.637459268709,31.684997304591));
#7477 = CARTESIAN_POINT('',(4.61620670351,31.346935231524));
#7478 = CARTESIAN_POINT('',(4.606796137388,31.142846590607));
#7479 = CARTESIAN_POINT('',(4.599412816647,30.925257261477));
#7480 = CARTESIAN_POINT('',(4.593958373362,30.699035415491));
#7481 = CARTESIAN_POINT('',(4.590350810672,30.467622994618));
#7482 = CARTESIAN_POINT('',(4.588543225009,30.233627351949));
#7483 = CARTESIAN_POINT('',(4.588543225009,29.790168360611));
#7484 = CARTESIAN_POINT('',(4.589984060576,29.581164968133));
#7485 = CARTESIAN_POINT('',(4.592861771549,29.374031569935));
#7486 = CARTESIAN_POINT('',(4.597204546471,29.170631216119));
#7487 = CARTESIAN_POINT('',(4.603063850219,28.973281364777));
#7488 = CARTESIAN_POINT('',(4.610505392961,28.785105005586));
#7489 = CARTESIAN_POINT('',(4.62835514043,28.442394216785));
#7490 = CARTESIAN_POINT('',(4.638873367576,28.282520854832));
#7491 = CARTESIAN_POINT('',(4.651124206056,28.140549177035));
#7492 = CARTESIAN_POINT('',(4.66493251881,28.024876860977));
#7493 = CARTESIAN_POINT('',(4.680008213445,27.942584365827));
#7494 = CARTESIAN_POINT('',(4.695977249888,27.89933999274));
#7495 = CARTESIAN_POINT('',(4.733419462135,27.89933999274));
#7496 = CARTESIAN_POINT('',(4.753465158514,27.970350118006));
#7497 = CARTESIAN_POINT('',(4.771734186768,28.100405737849));
#7498 = CARTESIAN_POINT('',(4.787708133839,28.277116945391));
#7499 = CARTESIAN_POINT('',(4.801036437479,28.487052783543));
#7500 = CARTESIAN_POINT('',(4.811604177141,28.716031846981));
#7501 = CARTESIAN_POINT('',(4.819572915257,28.949316891978));
#7502 = ( GEOMETRIC_REPRESENTATION_CONTEXT(2) 
PARAMETRIC_REPRESENTATION_CONTEXT() REPRESENTATION_CONTEXT('2D SPACE',''
  ) );
#7503 = PCURVE('',#7504,#7509);
#7504 = CYLINDRICAL_SURFACE('',#7505,2.1);
#7505 = AXIS2_PLACEMENT_3D('',#7506,#7507,#7508);
#7506 = CARTESIAN_POINT('',(-35.,60.62,-20.));
#7507 = DIRECTION('',(0.,0.,1.));
#7508 = DIRECTION('',(1.,0.,-0.));
#7509 = DEFINITIONAL_REPRESENTATION('',(#7510),#7561);
#7510 = B_SPLINE_CURVE_WITH_KNOTS('',7,(#7511,#7512,#7513,#7514,#7515,
    #7516,#7517,#7518,#7519,#7520,#7521,#7522,#7523,#7524,#7525,#7526,
    #7527,#7528,#7529,#7530,#7531,#7532,#7533,#7534,#7535,#7536,#7537,
    #7538,#7539,#7540,#7541,#7542,#7543,#7544,#7545,#7546,#7547,#7548,
    #7549,#7550,#7551,#7552,#7553,#7554,#7555,#7556,#7557,#7558,#7559,
    #7560),.UNSPECIFIED.,.F.,.F.,(8,6,6,6,6,6,6,6,8),(0.,0.103292772628,
    0.251740046601,0.38275248421,0.493699007666,0.625008251486,
    0.742241075894,0.855222380729,1.),.UNSPECIFIED.);
#7511 = CARTESIAN_POINT('',(-8.881784197001E-16,36.902442087229));
#7512 = CARTESIAN_POINT('',(7.69396558752E-02,36.893749553628));
#7513 = CARTESIAN_POINT('',(0.152405456404,36.88611921212));
#7514 = CARTESIAN_POINT('',(0.22673074391,36.879789906465));
#7515 = CARTESIAN_POINT('',(0.300209118655,36.874919925936));
#7516 = CARTESIAN_POINT('',(0.373120125896,36.871606671978));
#7517 = CARTESIAN_POINT('',(0.445744978409,36.869898549304));
#7518 = CARTESIAN_POINT('',(0.622748736753,36.869656131142));
#7519 = CARTESIAN_POINT('',(0.726996736367,36.872835665499));
#7520 = CARTESIAN_POINT('',(0.832054940466,36.879332900002));
#7521 = CARTESIAN_POINT('',(0.938739558009,36.88895923357));
#7522 = CARTESIAN_POINT('',(1.047918813278,36.90132758746));
#7523 = CARTESIAN_POINT('',(1.160478683532,36.915712237089));
#7524 = CARTESIAN_POINT('',(1.380953818824,36.944369153142));
#7525 = CARTESIAN_POINT('',(1.49034441914,36.958778828556));
#7526 = CARTESIAN_POINT('',(1.604314080208,36.973077650758));
#7527 = CARTESIAN_POINT('',(1.722047880964,36.98573705069));
#7528 = CARTESIAN_POINT('',(1.843089059733,36.99510315327));
#7529 = CARTESIAN_POINT('',(1.96720806413,37.));
#7530 = CARTESIAN_POINT('',(2.202125584978,37.));
#7531 = CARTESIAN_POINT('',(2.309838918031,36.99648868398));
#7532 = CARTESIAN_POINT('',(2.41754059207,36.989464764443));
#7533 = CARTESIAN_POINT('',(2.525242867232,36.979329064184));
#7534 = CARTESIAN_POINT('',(2.632960470634,36.966862686837));
#7535 = CARTESIAN_POINT('',(2.740690615099,36.953101961646));
#7536 = CARTESIAN_POINT('',(2.975856227751,36.922550359445));
#7537 = CARTESIAN_POINT('',(3.097641560375,36.906399662933));
#7538 = CARTESIAN_POINT('',(3.215246448357,36.892273573585));
#7539 = CARTESIAN_POINT('',(3.329746093672,36.881167681271));
#7540 = CARTESIAN_POINT('',(3.442212685629,36.873591333348));
#7541 = CARTESIAN_POINT('',(3.553638722212,36.869795493722));
#7542 = CARTESIAN_POINT('',(3.764809670469,36.869795493722));
#7543 = CARTESIAN_POINT('',(3.864334927044,36.872821225281));
#7544 = CARTESIAN_POINT('',(3.964584732193,36.87886453764));
#7545 = CARTESIAN_POINT('',(4.066271117647,36.887763427069));
#7546 = CARTESIAN_POINT('',(4.170145713421,36.899189278446));
#7547 = CARTESIAN_POINT('',(4.276980544098,36.912543109017));
#7548 = CARTESIAN_POINT('',(4.494542476353,36.940660624667));
#7549 = CARTESIAN_POINT('',(4.607759909414,36.955713808497));
#7550 = CARTESIAN_POINT('',(4.72587642571,36.970884385458));
#7551 = CARTESIAN_POINT('',(4.848056786705,36.984493160459));
#7552 = CARTESIAN_POINT('',(4.973870598241,36.994657900753));
#7553 = CARTESIAN_POINT('',(5.103143592226,37.));
#7554 = CARTESIAN_POINT('',(5.406247215184,37.));
#7555 = CARTESIAN_POINT('',(5.568523569705,36.991227628178));
#7556 = CARTESIAN_POINT('',(5.724342085751,36.975165103138));
#7557 = CARTESIAN_POINT('',(5.87415595567,36.955165754306));
#7558 = CARTESIAN_POINT('',(6.017921462642,36.934900657024));
#7559 = CARTESIAN_POINT('',(6.154910858335,36.916934353201));
#7560 = CARTESIAN_POINT('',(6.28318530718,36.902442087229));
#7561 = ( GEOMETRIC_REPRESENTATION_CONTEXT(2) 
PARAMETRIC_REPRESENTATION_CONTEXT() REPRESENTATION_CONTEXT('2D SPACE',''
  ) );
#7562 = ADVANCED_FACE('',(#7563),#1525,.T.);
#7563 = FACE_BOUND('',#7564,.T.);
#7564 = EDGE_LOOP('',(#7565,#7566,#7567,#7568));
#7565 = ORIENTED_EDGE('',*,*,#1510,.T.);
#7566 = ORIENTED_EDGE('',*,*,#7347,.T.);
#7567 = ORIENTED_EDGE('',*,*,#1604,.T.);
#7568 = ORIENTED_EDGE('',*,*,#7569,.F.);
#7569 = EDGE_CURVE('',#1511,#1584,#7570,.T.);
#7570 = SURFACE_CURVE('',#7571,(#7576,#7583),.PCURVE_S1.);
#7571 = CIRCLE('',#7572,15.);
#7572 = AXIS2_PLACEMENT_3D('',#7573,#7574,#7575);
#7573 = CARTESIAN_POINT('',(-50.,86.6,0.));
#7574 = DIRECTION('',(-0.500011000363,0.866019052629,0.));
#7575 = DIRECTION('',(0.866019052629,0.500011000363,0.));
#7576 = PCURVE('',#1525,#7577);
#7577 = DEFINITIONAL_REPRESENTATION('',(#7578),#7582);
#7578 = CIRCLE('',#7579,15.);
#7579 = AXIS2_PLACEMENT_2D('',#7580,#7581);
#7580 = CARTESIAN_POINT('',(0.,0.));
#7581 = DIRECTION('',(1.,0.));
#7582 = ( GEOMETRIC_REPRESENTATION_CONTEXT(2) 
PARAMETRIC_REPRESENTATION_CONTEXT() REPRESENTATION_CONTEXT('2D SPACE',''
  ) );
#7583 = PCURVE('',#1410,#7584);
#7584 = DEFINITIONAL_REPRESENTATION('',(#7585),#7589);
#7585 = LINE('',#7586,#7587);
#7586 = CARTESIAN_POINT('',(0.,64.99856998427));
#7587 = VECTOR('',#7588,1.);
#7588 = DIRECTION('',(1.,0.));
#7589 = ( GEOMETRIC_REPRESENTATION_CONTEXT(2) 
PARAMETRIC_REPRESENTATION_CONTEXT() REPRESENTATION_CONTEXT('2D SPACE',''
  ) );
#7590 = ADVANCED_FACE('',(#7591,#7826,#7992),#1410,.F.);
#7591 = FACE_BOUND('',#7592,.F.);
#7592 = EDGE_LOOP('',(#7593,#7618,#7640,#7641,#7642,#7643,#7665,#7666,
    #7688,#7689,#7711,#7712,#7734,#7735,#7757,#7758,#7780,#7781,#7803,
    #7804));
#7593 = ORIENTED_EDGE('',*,*,#7594,.T.);
#7594 = EDGE_CURVE('',#7595,#7597,#7599,.T.);
#7595 = VERTEX_POINT('',#7596);
#7596 = CARTESIAN_POINT('',(-4.509714210569,37.810165005445,
    3.673940397442E-15));
#7597 = VERTEX_POINT('',#7598);
#7598 = CARTESIAN_POINT('',(-39.50971421056,98.430165005445,
    3.673940397442E-15));
#7599 = SEAM_CURVE('',#7600,(#7604,#7611),.PCURVE_S1.);
#7600 = LINE('',#7601,#7602);
#7601 = CARTESIAN_POINT('',(-4.509714210569,37.810165005445,
    3.673940397442E-15));
#7602 = VECTOR('',#7603,1.);
#7603 = DIRECTION('',(-0.500011000363,0.866019052629,0.));
#7604 = PCURVE('',#1410,#7605);
#7605 = DEFINITIONAL_REPRESENTATION('',(#7606),#7610);
#7606 = LINE('',#7607,#7608);
#7607 = CARTESIAN_POINT('',(6.28318530718,-0.));
#7608 = VECTOR('',#7609,1.);
#7609 = DIRECTION('',(0.,1.));
#7610 = ( GEOMETRIC_REPRESENTATION_CONTEXT(2) 
PARAMETRIC_REPRESENTATION_CONTEXT() REPRESENTATION_CONTEXT('2D SPACE',''
  ) );
#7611 = PCURVE('',#1410,#7612);
#7612 = DEFINITIONAL_REPRESENTATION('',(#7613),#7617);
#7613 = LINE('',#7614,#7615);
#7614 = CARTESIAN_POINT('',(0.,-0.));
#7615 = VECTOR('',#7616,1.);
#7616 = DIRECTION('',(0.,1.));
#7617 = ( GEOMETRIC_REPRESENTATION_CONTEXT(2) 
PARAMETRIC_REPRESENTATION_CONTEXT() REPRESENTATION_CONTEXT('2D SPACE',''
  ) );
#7618 = ORIENTED_EDGE('',*,*,#7619,.F.);
#7619 = EDGE_CURVE('',#1558,#7597,#7620,.T.);
#7620 = SURFACE_CURVE('',#7621,(#7626,#7633),.PCURVE_S1.);
#7621 = CIRCLE('',#7622,15.);
#7622 = AXIS2_PLACEMENT_3D('',#7623,#7624,#7625);
#7623 = CARTESIAN_POINT('',(-52.5,90.93,0.));
#7624 = DIRECTION('',(-0.500011000363,0.866019052629,0.));
#7625 = DIRECTION('',(0.866019052629,0.500011000363,0.));
#7626 = PCURVE('',#1410,#7627);
#7627 = DEFINITIONAL_REPRESENTATION('',(#7628),#7632);
#7628 = LINE('',#7629,#7630);
#7629 = CARTESIAN_POINT('',(0.,69.99845998306));
#7630 = VECTOR('',#7631,1.);
#7631 = DIRECTION('',(1.,0.));
#7632 = ( GEOMETRIC_REPRESENTATION_CONTEXT(2) 
PARAMETRIC_REPRESENTATION_CONTEXT() REPRESENTATION_CONTEXT('2D SPACE',''
  ) );
#7633 = PCURVE('',#1572,#7634);
#7634 = DEFINITIONAL_REPRESENTATION('',(#7635),#7639);
#7635 = CIRCLE('',#7636,15.);
#7636 = AXIS2_PLACEMENT_2D('',#7637,#7638);
#7637 = CARTESIAN_POINT('',(0.,0.));
#7638 = DIRECTION('',(1.,0.));
#7639 = ( GEOMETRIC_REPRESENTATION_CONTEXT(2) 
PARAMETRIC_REPRESENTATION_CONTEXT() REPRESENTATION_CONTEXT('2D SPACE',''
  ) );
#7640 = ORIENTED_EDGE('',*,*,#1583,.F.);
#7641 = ORIENTED_EDGE('',*,*,#7569,.F.);
#7642 = ORIENTED_EDGE('',*,*,#1536,.T.);
#7643 = ORIENTED_EDGE('',*,*,#7644,.F.);
#7644 = EDGE_CURVE('',#3284,#1537,#7645,.T.);
#7645 = SURFACE_CURVE('',#7646,(#7651,#7658),.PCURVE_S1.);
#7646 = CIRCLE('',#7647,15.);
#7647 = AXIS2_PLACEMENT_3D('',#7648,#7649,#7650);
#7648 = CARTESIAN_POINT('',(-52.5,90.93,0.));
#7649 = DIRECTION('',(-0.500011000363,0.866019052629,0.));
#7650 = DIRECTION('',(0.866019052629,0.500011000363,0.));
#7651 = PCURVE('',#1410,#7652);
#7652 = DEFINITIONAL_REPRESENTATION('',(#7653),#7657);
#7653 = LINE('',#7654,#7655);
#7654 = CARTESIAN_POINT('',(0.,69.99845998306));
#7655 = VECTOR('',#7656,1.);
#7656 = DIRECTION('',(1.,0.));
#7657 = ( GEOMETRIC_REPRESENTATION_CONTEXT(2) 
PARAMETRIC_REPRESENTATION_CONTEXT() REPRESENTATION_CONTEXT('2D SPACE',''
  ) );
#7658 = PCURVE('',#1572,#7659);
#7659 = DEFINITIONAL_REPRESENTATION('',(#7660),#7664);
#7660 = CIRCLE('',#7661,15.);
#7661 = AXIS2_PLACEMENT_2D('',#7662,#7663);
#7662 = CARTESIAN_POINT('',(0.,0.));
#7663 = DIRECTION('',(1.,0.));
#7664 = ( GEOMETRIC_REPRESENTATION_CONTEXT(2) 
PARAMETRIC_REPRESENTATION_CONTEXT() REPRESENTATION_CONTEXT('2D SPACE',''
  ) );
#7665 = ORIENTED_EDGE('',*,*,#3283,.F.);
#7666 = ORIENTED_EDGE('',*,*,#7667,.F.);
#7667 = EDGE_CURVE('',#3326,#3258,#7668,.T.);
#7668 = SURFACE_CURVE('',#7669,(#7674,#7681),.PCURVE_S1.);
#7669 = CIRCLE('',#7670,15.);
#7670 = AXIS2_PLACEMENT_3D('',#7671,#7672,#7673);
#7671 = CARTESIAN_POINT('',(-50.,86.6,0.));
#7672 = DIRECTION('',(-0.500011000363,0.866019052629,0.));
#7673 = DIRECTION('',(0.866019052629,0.500011000363,0.));
#7674 = PCURVE('',#1410,#7675);
#7675 = DEFINITIONAL_REPRESENTATION('',(#7676),#7680);
#7676 = LINE('',#7677,#7678);
#7677 = CARTESIAN_POINT('',(0.,64.99856998427));
#7678 = VECTOR('',#7679,1.);
#7679 = DIRECTION('',(1.,0.));
#7680 = ( GEOMETRIC_REPRESENTATION_CONTEXT(2) 
PARAMETRIC_REPRESENTATION_CONTEXT() REPRESENTATION_CONTEXT('2D SPACE',''
  ) );
#7681 = PCURVE('',#3272,#7682);
#7682 = DEFINITIONAL_REPRESENTATION('',(#7683),#7687);
#7683 = CIRCLE('',#7684,15.);
#7684 = AXIS2_PLACEMENT_2D('',#7685,#7686);
#7685 = CARTESIAN_POINT('',(0.,0.));
#7686 = DIRECTION('',(1.,0.));
#7687 = ( GEOMETRIC_REPRESENTATION_CONTEXT(2) 
PARAMETRIC_REPRESENTATION_CONTEXT() REPRESENTATION_CONTEXT('2D SPACE',''
  ) );
#7688 = ORIENTED_EDGE('',*,*,#3325,.T.);
#7689 = ORIENTED_EDGE('',*,*,#7690,.F.);
#7690 = EDGE_CURVE('',#7597,#3305,#7691,.T.);
#7691 = SURFACE_CURVE('',#7692,(#7697,#7704),.PCURVE_S1.);
#7692 = CIRCLE('',#7693,15.);
#7693 = AXIS2_PLACEMENT_3D('',#7694,#7695,#7696);
#7694 = CARTESIAN_POINT('',(-52.5,90.93,0.));
#7695 = DIRECTION('',(-0.500011000363,0.866019052629,0.));
#7696 = DIRECTION('',(0.866019052629,0.500011000363,0.));
#7697 = PCURVE('',#1410,#7698);
#7698 = DEFINITIONAL_REPRESENTATION('',(#7699),#7703);
#7699 = LINE('',#7700,#7701);
#7700 = CARTESIAN_POINT('',(0.,69.99845998306));
#7701 = VECTOR('',#7702,1.);
#7702 = DIRECTION('',(1.,0.));
#7703 = ( GEOMETRIC_REPRESENTATION_CONTEXT(2) 
PARAMETRIC_REPRESENTATION_CONTEXT() REPRESENTATION_CONTEXT('2D SPACE',''
  ) );
#7704 = PCURVE('',#1572,#7705);
#7705 = DEFINITIONAL_REPRESENTATION('',(#7706),#7710);
#7706 = CIRCLE('',#7707,15.);
#7707 = AXIS2_PLACEMENT_2D('',#7708,#7709);
#7708 = CARTESIAN_POINT('',(0.,0.));
#7709 = DIRECTION('',(1.,0.));
#7710 = ( GEOMETRIC_REPRESENTATION_CONTEXT(2) 
PARAMETRIC_REPRESENTATION_CONTEXT() REPRESENTATION_CONTEXT('2D SPACE',''
  ) );
#7711 = ORIENTED_EDGE('',*,*,#7594,.F.);
#7712 = ORIENTED_EDGE('',*,*,#7713,.T.);
#7713 = EDGE_CURVE('',#7595,#3153,#7714,.T.);
#7714 = SURFACE_CURVE('',#7715,(#7720,#7727),.PCURVE_S1.);
#7715 = CIRCLE('',#7716,15.);
#7716 = AXIS2_PLACEMENT_3D('',#7717,#7718,#7719);
#7717 = CARTESIAN_POINT('',(-17.5,30.31,0.));
#7718 = DIRECTION('',(-0.500011000363,0.866019052629,0.));
#7719 = DIRECTION('',(0.866019052629,0.500011000363,0.));
#7720 = PCURVE('',#1410,#7721);
#7721 = DEFINITIONAL_REPRESENTATION('',(#7722),#7726);
#7722 = LINE('',#7723,#7724);
#7723 = CARTESIAN_POINT('',(0.,0.));
#7724 = VECTOR('',#7725,1.);
#7725 = DIRECTION('',(1.,0.));
#7726 = ( GEOMETRIC_REPRESENTATION_CONTEXT(2) 
PARAMETRIC_REPRESENTATION_CONTEXT() REPRESENTATION_CONTEXT('2D SPACE',''
  ) );
#7727 = PCURVE('',#1436,#7728);
#7728 = DEFINITIONAL_REPRESENTATION('',(#7729),#7733);
#7729 = CIRCLE('',#7730,15.);
#7730 = AXIS2_PLACEMENT_2D('',#7731,#7732);
#7731 = CARTESIAN_POINT('',(0.,0.));
#7732 = DIRECTION('',(1.,0.));
#7733 = ( GEOMETRIC_REPRESENTATION_CONTEXT(2) 
PARAMETRIC_REPRESENTATION_CONTEXT() REPRESENTATION_CONTEXT('2D SPACE',''
  ) );
#7734 = ORIENTED_EDGE('',*,*,#3152,.T.);
#7735 = ORIENTED_EDGE('',*,*,#7736,.T.);
#7736 = EDGE_CURVE('',#3127,#3195,#7737,.T.);
#7737 = SURFACE_CURVE('',#7738,(#7743,#7750),.PCURVE_S1.);
#7738 = CIRCLE('',#7739,15.);
#7739 = AXIS2_PLACEMENT_3D('',#7740,#7741,#7742);
#7740 = CARTESIAN_POINT('',(-20.,34.64,0.));
#7741 = DIRECTION('',(-0.500011000363,0.866019052629,0.));
#7742 = DIRECTION('',(0.866019052629,0.500011000363,0.));
#7743 = PCURVE('',#1410,#7744);
#7744 = DEFINITIONAL_REPRESENTATION('',(#7745),#7749);
#7745 = LINE('',#7746,#7747);
#7746 = CARTESIAN_POINT('',(0.,4.99988999879));
#7747 = VECTOR('',#7748,1.);
#7748 = DIRECTION('',(1.,0.));
#7749 = ( GEOMETRIC_REPRESENTATION_CONTEXT(2) 
PARAMETRIC_REPRESENTATION_CONTEXT() REPRESENTATION_CONTEXT('2D SPACE',''
  ) );
#7750 = PCURVE('',#3141,#7751);
#7751 = DEFINITIONAL_REPRESENTATION('',(#7752),#7756);
#7752 = CIRCLE('',#7753,15.);
#7753 = AXIS2_PLACEMENT_2D('',#7754,#7755);
#7754 = CARTESIAN_POINT('',(0.,0.));
#7755 = DIRECTION('',(1.,0.));
#7756 = ( GEOMETRIC_REPRESENTATION_CONTEXT(2) 
PARAMETRIC_REPRESENTATION_CONTEXT() REPRESENTATION_CONTEXT('2D SPACE',''
  ) );
#7757 = ORIENTED_EDGE('',*,*,#3194,.F.);
#7758 = ORIENTED_EDGE('',*,*,#7759,.T.);
#7759 = EDGE_CURVE('',#3174,#1422,#7760,.T.);
#7760 = SURFACE_CURVE('',#7761,(#7766,#7773),.PCURVE_S1.);
#7761 = CIRCLE('',#7762,15.);
#7762 = AXIS2_PLACEMENT_3D('',#7763,#7764,#7765);
#7763 = CARTESIAN_POINT('',(-17.5,30.31,0.));
#7764 = DIRECTION('',(-0.500011000363,0.866019052629,0.));
#7765 = DIRECTION('',(0.866019052629,0.500011000363,0.));
#7766 = PCURVE('',#1410,#7767);
#7767 = DEFINITIONAL_REPRESENTATION('',(#7768),#7772);
#7768 = LINE('',#7769,#7770);
#7769 = CARTESIAN_POINT('',(0.,0.));
#7770 = VECTOR('',#7771,1.);
#7771 = DIRECTION('',(1.,0.));
#7772 = ( GEOMETRIC_REPRESENTATION_CONTEXT(2) 
PARAMETRIC_REPRESENTATION_CONTEXT() REPRESENTATION_CONTEXT('2D SPACE',''
  ) );
#7773 = PCURVE('',#1436,#7774);
#7774 = DEFINITIONAL_REPRESENTATION('',(#7775),#7779);
#7775 = CIRCLE('',#7776,15.);
#7776 = AXIS2_PLACEMENT_2D('',#7777,#7778);
#7777 = CARTESIAN_POINT('',(0.,0.));
#7778 = DIRECTION('',(1.,0.));
#7779 = ( GEOMETRIC_REPRESENTATION_CONTEXT(2) 
PARAMETRIC_REPRESENTATION_CONTEXT() REPRESENTATION_CONTEXT('2D SPACE',''
  ) );
#7780 = ORIENTED_EDGE('',*,*,#1447,.T.);
#7781 = ORIENTED_EDGE('',*,*,#7782,.T.);
#7782 = EDGE_CURVE('',#1448,#1370,#7783,.T.);
#7783 = SURFACE_CURVE('',#7784,(#7789,#7796),.PCURVE_S1.);
#7784 = CIRCLE('',#7785,15.);
#7785 = AXIS2_PLACEMENT_3D('',#7786,#7787,#7788);
#7786 = CARTESIAN_POINT('',(-20.,34.64,0.));
#7787 = DIRECTION('',(-0.500011000363,0.866019052629,0.));
#7788 = DIRECTION('',(0.866019052629,0.500011000363,0.));
#7789 = PCURVE('',#1410,#7790);
#7790 = DEFINITIONAL_REPRESENTATION('',(#7791),#7795);
#7791 = LINE('',#7792,#7793);
#7792 = CARTESIAN_POINT('',(0.,4.99988999879));
#7793 = VECTOR('',#7794,1.);
#7794 = DIRECTION('',(1.,0.));
#7795 = ( GEOMETRIC_REPRESENTATION_CONTEXT(2) 
PARAMETRIC_REPRESENTATION_CONTEXT() REPRESENTATION_CONTEXT('2D SPACE',''
  ) );
#7796 = PCURVE('',#1384,#7797);
#7797 = DEFINITIONAL_REPRESENTATION('',(#7798),#7802);
#7798 = CIRCLE('',#7799,15.);
#7799 = AXIS2_PLACEMENT_2D('',#7800,#7801);
#7800 = CARTESIAN_POINT('',(0.,0.));
#7801 = DIRECTION('',(1.,0.));
#7802 = ( GEOMETRIC_REPRESENTATION_CONTEXT(2) 
PARAMETRIC_REPRESENTATION_CONTEXT() REPRESENTATION_CONTEXT('2D SPACE',''
  ) );
#7803 = ORIENTED_EDGE('',*,*,#1395,.F.);
#7804 = ORIENTED_EDGE('',*,*,#7805,.T.);
#7805 = EDGE_CURVE('',#1396,#7595,#7806,.T.);
#7806 = SURFACE_CURVE('',#7807,(#7812,#7819),.PCURVE_S1.);
#7807 = CIRCLE('',#7808,15.);
#7808 = AXIS2_PLACEMENT_3D('',#7809,#7810,#7811);
#7809 = CARTESIAN_POINT('',(-17.5,30.31,0.));
#7810 = DIRECTION('',(-0.500011000363,0.866019052629,0.));
#7811 = DIRECTION('',(0.866019052629,0.500011000363,0.));
#7812 = PCURVE('',#1410,#7813);
#7813 = DEFINITIONAL_REPRESENTATION('',(#7814),#7818);
#7814 = LINE('',#7815,#7816);
#7815 = CARTESIAN_POINT('',(0.,0.));
#7816 = VECTOR('',#7817,1.);
#7817 = DIRECTION('',(1.,0.));
#7818 = ( GEOMETRIC_REPRESENTATION_CONTEXT(2) 
PARAMETRIC_REPRESENTATION_CONTEXT() REPRESENTATION_CONTEXT('2D SPACE',''
  ) );
#7819 = PCURVE('',#1436,#7820);
#7820 = DEFINITIONAL_REPRESENTATION('',(#7821),#7825);
#7821 = CIRCLE('',#7822,15.);
#7822 = AXIS2_PLACEMENT_2D('',#7823,#7824);
#7823 = CARTESIAN_POINT('',(0.,0.));
#7824 = DIRECTION('',(1.,0.));
#7825 = ( GEOMETRIC_REPRESENTATION_CONTEXT(2) 
PARAMETRIC_REPRESENTATION_CONTEXT() REPRESENTATION_CONTEXT('2D SPACE',''
  ) );
#7826 = FACE_BOUND('',#7827,.F.);
#7827 = EDGE_LOOP('',(#7828));
#7828 = ORIENTED_EDGE('',*,*,#7829,.F.);
#7829 = EDGE_CURVE('',#7830,#7830,#7832,.T.);
#7830 = VERTEX_POINT('',#7831);
#7831 = CARTESIAN_POINT('',(-32.9,60.62,14.889343454704));
#7832 = SURFACE_CURVE('',#7833,(#7884,#7938),.PCURVE_S1.);
#7833 = B_SPLINE_CURVE_WITH_KNOTS('',7,(#7834,#7835,#7836,#7837,#7838,
    #7839,#7840,#7841,#7842,#7843,#7844,#7845,#7846,#7847,#7848,#7849,
    #7850,#7851,#7852,#7853,#7854,#7855,#7856,#7857,#7858,#7859,#7860,
    #7861,#7862,#7863,#7864,#7865,#7866,#7867,#7868,#7869,#7870,#7871,
    #7872,#7873,#7874,#7875,#7876,#7877,#7878,#7879,#7880,#7881,#7882,
    #7883),.UNSPECIFIED.,.T.,.F.,(8,6,6,6,6,6,6,6,8),(0.,0.103297779298,
    0.251772823718,0.382852578022,0.493812379447,0.625074643236,
    0.742258619902,0.855232194209,1.),.UNSPECIFIED.);
#7834 = CARTESIAN_POINT('',(-32.9,60.62,14.889343454704));
#7835 = CARTESIAN_POINT('',(-32.9,60.781523043934,14.879478723798));
#7836 = CARTESIAN_POINT('',(-32.91449401909,60.939974046306,
    14.870816025725));
#7837 = CARTESIAN_POINT('',(-32.94249117228,61.094491095653,
    14.863627643426));
#7838 = CARTESIAN_POINT('',(-32.98318929689,61.244387090533,
    14.858095068179));
#7839 = CARTESIAN_POINT('',(-33.03595452167,61.389071700925,
    14.854330455419));
#7840 = CARTESIAN_POINT('',(-33.10030284638,61.527976116451,
    14.852389628224));
#7841 = CARTESIAN_POINT('',(-33.28451990397,61.850935850251,
    14.852114208265));
#7842 = CARTESIAN_POINT('',(-33.41622033983,62.027922118597,
    14.855728001958));
#7843 = CARTESIAN_POINT('',(-33.56991857785,62.189800709981,
    14.863112433286));
#7844 = CARTESIAN_POINT('',(-33.74505170917,62.334419227304,
    14.874049840895));
#7845 = CARTESIAN_POINT('',(-33.9412034182,62.458893877057,
    14.888094097219));
#7846 = CARTESIAN_POINT('',(-34.15772506753,62.559330484623,
    14.904416516983));
#7847 = CARTESIAN_POINT('',(-34.60082083488,62.693102842756,
    14.936921711443));
#7848 = CARTESIAN_POINT('',(-34.82826452916,62.734436781579,
    14.953264986104));
#7849 = CARTESIAN_POINT('',(-35.07044250624,62.747142327794,
    14.969477866998));
#7850 = CARTESIAN_POINT('',(-35.32107616741,62.726115666726,
    14.983827603208));
#7851 = CARTESIAN_POINT('',(-35.57300437622,62.668245096927,
    14.994445729904));
#7852 = CARTESIAN_POINT('',(-35.81859890475,62.572256751865,15.));
#7853 = CARTESIAN_POINT('',(-36.24592507639,62.325532634287,15.));
#7854 = CARTESIAN_POINT('',(-36.42760169438,62.187811895072,
    14.996020375721));
#7855 = CARTESIAN_POINT('',(-36.59132933901,62.027635945155,
    14.988060175875));
#7856 = CARTESIAN_POINT('',(-36.73384189415,61.847838878642,
    14.976571552385));
#7857 = CARTESIAN_POINT('',(-36.85242040377,61.651824420633,
    14.962437031354));
#7858 = CARTESIAN_POINT('',(-36.94501207937,61.443455718816,
    14.946829684579));
#7859 = CARTESIAN_POINT('',(-37.08770543865,60.970810813634,
    14.912178326446));
#7860 = CARTESIAN_POINT('',(-37.12352988333,60.714558215579,
    14.8938551218));
#7861 = CARTESIAN_POINT('',(-37.12278729066,60.463788168767,
    14.877816844687));
#7862 = CARTESIAN_POINT('',(-37.08943456387,60.221820833109,
    14.865198494011));
#7863 = CARTESIAN_POINT('',(-37.0264415342,59.990918875301,
    14.856587121947));
#7864 = CARTESIAN_POINT('',(-36.9358283452,59.772947094917,
    14.852272553384));
#7865 = CARTESIAN_POINT('',(-36.71402049017,59.388775889994,
    14.852272553384));
#7866 = CARTESIAN_POINT('',(-36.58842376503,59.219883717405,
    14.855711364885));
#7867 = CARTESIAN_POINT('',(-36.44276791836,59.064754474683,
    14.86257955539));
#7868 = CARTESIAN_POINT('',(-36.27756474179,58.925259462645,
    14.872690197728));
#7869 = CARTESIAN_POINT('',(-36.09319256473,58.803862609362,
    14.885664660892));
#7870 = CARTESIAN_POINT('',(-35.89019603403,58.703849786072,
    14.900818594093));
#7871 = CARTESIAN_POINT('',(-35.45730168367,58.55817086301,
    14.932715298801));
#7872 = CARTESIAN_POINT('',(-35.22309103605,58.508816170614,
    14.949789660226));
#7873 = CARTESIAN_POINT('',(-34.97224640505,58.489730231628,
    14.966991604531));
#7874 = CARTESIAN_POINT('',(-34.71145054973,58.506737893107,
    14.982417288711));
#7875 = CARTESIAN_POINT('',(-34.44846644598,58.563524444809,
    14.993940588238));
#7876 = CARTESIAN_POINT('',(-34.19169566949,58.661799498572,15.));
#7877 = CARTESIAN_POINT('',(-33.64023104758,58.980197086275,15.));
#7878 = CARTESIAN_POINT('',(-33.38063557587,59.21214294385,
    14.990049616344));
#7879 = CARTESIAN_POINT('',(-33.17699452373,59.479914276862,
    14.971843804208));
#7880 = CARTESIAN_POINT('',(-33.030807987,59.768325733828,
    14.949175053845));
#7881 = CARTESIAN_POINT('',(-32.94033152566,60.06291080199,
    14.926188947054));
#7882 = CARTESIAN_POINT('',(-32.9,60.350563603317,14.905798800546));
#7883 = CARTESIAN_POINT('',(-32.9,60.62,14.889343454704));
#7884 = PCURVE('',#1410,#7885);
#7885 = DEFINITIONAL_REPRESENTATION('',(#7886),#7937);
#7886 = B_SPLINE_CURVE_WITH_KNOTS('',7,(#7887,#7888,#7889,#7890,#7891,
    #7892,#7893,#7894,#7895,#7896,#7897,#7898,#7899,#7900,#7901,#7902,
    #7903,#7904,#7905,#7906,#7907,#7908,#7909,#7910,#7911,#7912,#7913,
    #7914,#7915,#7916,#7917,#7918,#7919,#7920,#7921,#7922,#7923,#7924,
    #7925,#7926,#7927,#7928,#7929,#7930,#7931,#7932,#7933,#7934,#7935,
    #7936),.UNSPECIFIED.,.T.,.F.,(8,6,6,6,6,6,6,6,8),(0.,0.103297779298,
    0.251772823718,0.382852578022,0.493812379447,0.625074643236,
    0.742258619902,0.855232194209,1.),.UNSPECIFIED.);
#7887 = CARTESIAN_POINT('',(4.833930670189,33.949206890767));
#7888 = CARTESIAN_POINT('',(4.839354905249,34.089088924253));
#7889 = CARTESIAN_POINT('',(4.84383714389,34.233557680203));
#7890 = CARTESIAN_POINT('',(4.847403708343,34.381371273464));
#7891 = CARTESIAN_POINT('',(4.850076233033,34.531533570943));
#7892 = CARTESIAN_POINT('',(4.851870417888,34.683216392994));
#7893 = CARTESIAN_POINT('',(4.852794644419,34.835685133543));
#7894 = CARTESIAN_POINT('',(4.85292579858,35.207484971492));
#7895 = CARTESIAN_POINT('',(4.851204851882,35.426610118619));
#7896 = CARTESIAN_POINT('',(4.847692541467,35.643650872718));
#7897 = CARTESIAN_POINT('',(4.842352055546,35.856461756267));
#7898 = CARTESIAN_POINT('',(4.835116131931,36.062337186777));
#7899 = CARTESIAN_POINT('',(4.825900037333,36.257580408997));
#7900 = CARTESIAN_POINT('',(4.804666388248,36.594982577743));
#7901 = CARTESIAN_POINT('',(4.792863027341,36.744502905387));
#7902 = CARTESIAN_POINT('',(4.779263335234,36.876597803066));
#7903 = CARTESIAN_POINT('',(4.764066366159,36.983707901614));
#7904 = CARTESIAN_POINT('',(4.747583148284,37.059557761288));
#7905 = CARTESIAN_POINT('',(4.730204153951,37.09922999153));
#7906 = CARTESIAN_POINT('',(4.697308328672,37.09922999153));
#7907 = CARTESIAN_POINT('',(4.682228493005,37.070801514931));
#7908 = CARTESIAN_POINT('',(4.66743088423,37.013951713905));
#7909 = CARTESIAN_POINT('',(4.653192708652,36.929501873958));
#7910 = CARTESIAN_POINT('',(4.639781792701,36.819040177949));
#7911 = CARTESIAN_POINT('',(4.62744711868,36.684885768548));
#7912 = CARTESIAN_POINT('',(4.603342646414,36.346914524852));
#7913 = CARTESIAN_POINT('',(4.592664164464,36.142907509069));
#7914 = CARTESIAN_POINT('',(4.584280019245,35.925364566199));
#7915 = CARTESIAN_POINT('',(4.578082582626,35.699139513119));
#7916 = CARTESIAN_POINT('',(4.573982168454,35.467676810588));
#7917 = CARTESIAN_POINT('',(4.571927565675,35.233601504562));
#7918 = CARTESIAN_POINT('',(4.571927565675,34.789995554142));
#7919 = CARTESIAN_POINT('',(4.573565106465,34.580931970661));
#7920 = CARTESIAN_POINT('',(4.57683561406,34.373757565243));
#7921 = CARTESIAN_POINT('',(4.58176983544,34.170348821494));
#7922 = CARTESIAN_POINT('',(4.588423978963,33.973028716928));
#7923 = CARTESIAN_POINT('',(4.596869792417,33.784915208068));
#7924 = CARTESIAN_POINT('',(4.617118669708,33.442302547955));
#7925 = CARTESIAN_POINT('',(4.629049392438,33.282452543788));
#7926 = CARTESIAN_POINT('',(4.642941119107,33.140498682108));
#7927 = CARTESIAN_POINT('',(4.658594177657,33.02482684448));
#7928 = CARTESIAN_POINT('',(4.675680846724,32.942510135392));
#7929 = CARTESIAN_POINT('',(4.693781324312,32.89922999153));
#7930 = CARTESIAN_POINT('',(4.736233402029,32.89922999153));
#7931 = CARTESIAN_POINT('',(4.758952754187,32.970298931865));
#7932 = CARTESIAN_POINT('',(4.779657867738,33.100371241809));
#7933 = CARTESIAN_POINT('',(4.797769089546,33.277046182069));
#7934 = CARTESIAN_POINT('',(4.812888452045,33.486923237772));
#7935 = CARTESIAN_POINT('',(4.824882510165,33.715869837768));
#7936 = CARTESIAN_POINT('',(4.833930670189,33.949206890767));
#7937 = ( GEOMETRIC_REPRESENTATION_CONTEXT(2) 
PARAMETRIC_REPRESENTATION_CONTEXT() REPRESENTATION_CONTEXT('2D SPACE',''
  ) );
#7938 = PCURVE('',#7504,#7939);
#7939 = DEFINITIONAL_REPRESENTATION('',(#7940),#7991);
#7940 = B_SPLINE_CURVE_WITH_KNOTS('',7,(#7941,#7942,#7943,#7944,#7945,
    #7946,#7947,#7948,#7949,#7950,#7951,#7952,#7953,#7954,#7955,#7956,
    #7957,#7958,#7959,#7960,#7961,#7962,#7963,#7964,#7965,#7966,#7967,
    #7968,#7969,#7970,#7971,#7972,#7973,#7974,#7975,#7976,#7977,#7978,
    #7979,#7980,#7981,#7982,#7983,#7984,#7985,#7986,#7987,#7988,#7989,
    #7990),.UNSPECIFIED.,.F.,.F.,(8,6,6,6,6,6,6,6,8),(0.,0.103297779298,
    0.251772823718,0.382852578022,0.493812379447,0.625074643236,
    0.742258619902,0.855232194209,1.),.UNSPECIFIED.);
#7941 = CARTESIAN_POINT('',(-8.881784197001E-16,34.889343454704));
#7942 = CARTESIAN_POINT('',(7.691573520686E-02,34.879478723798));
#7943 = CARTESIAN_POINT('',(0.152368784523,34.870816025725));
#7944 = CARTESIAN_POINT('',(0.226690841393,34.863627643426));
#7945 = CARTESIAN_POINT('',(0.300173566696,34.858095068179));
#7946 = CARTESIAN_POINT('',(0.373094336717,34.854330455419));
#7947 = CARTESIAN_POINT('',(0.445731953054,34.852389628224));
#7948 = CARTESIAN_POINT('',(0.622781924837,34.852114208265));
#7949 = CARTESIAN_POINT('',(0.727061784916,34.855728001958));
#7950 = CARTESIAN_POINT('',(0.832143173542,34.863112433286));
#7951 = CARTESIAN_POINT('',(0.938836610426,34.874049840895));
#7952 = CARTESIAN_POINT('',(1.048005884057,34.888094097219));
#7953 = CARTESIAN_POINT('',(1.160534326599,34.904416516983));
#7954 = CARTESIAN_POINT('',(1.380938461098,34.936921711443));
#7955 = CARTESIAN_POINT('',(1.490311625243,34.953264986104));
#7956 = CARTESIAN_POINT('',(1.604263575724,34.969477866998));
#7957 = CARTESIAN_POINT('',(1.721983305103,34.983827603208));
#7958 = CARTESIAN_POINT('',(1.843021076961,34.994445729904));
#7959 = CARTESIAN_POINT('',(1.967156564809,35.));
#7960 = CARTESIAN_POINT('',(2.202126745368,35.));
#7961 = CARTESIAN_POINT('',(2.309839332381,34.996020375721));
#7962 = CARTESIAN_POINT('',(2.417539902923,34.988060175875));
#7963 = CARTESIAN_POINT('',(2.525241796668,34.976571552385));
#7964 = CARTESIAN_POINT('',(2.632960218383,34.962437031354));
#7965 = CARTESIAN_POINT('',(2.740691682772,34.946829684579));
#7966 = CARTESIAN_POINT('',(2.975794111927,34.912178326446));
#7967 = CARTESIAN_POINT('',(3.097542322546,34.8938551218));
#7968 = CARTESIAN_POINT('',(3.215133577025,34.877816844687));
#7969 = CARTESIAN_POINT('',(3.32964171207,34.865198494011));
#7970 = CARTESIAN_POINT('',(3.442134673194,34.856587121947));
#7971 = CARTESIAN_POINT('',(3.553598648964,34.852272553384));
#7972 = CARTESIAN_POINT('',(3.764839577735,34.852272553384));
#7973 = CARTESIAN_POINT('',(3.864393498054,34.855711364885));
#7974 = CARTESIAN_POINT('',(3.964664278509,34.86257955539));
#7975 = CARTESIAN_POINT('',(4.066358846206,34.872690197728));
#7976 = CARTESIAN_POINT('',(4.170224729721,34.885664660892));
#7977 = CARTESIAN_POINT('',(4.277031200918,34.900818594093));
#7978 = CARTESIAN_POINT('',(4.49453083847,34.932715298801));
#7979 = CARTESIAN_POINT('',(4.60773087595,34.949789660226));
#7980 = CARTESIAN_POINT('',(4.725827824225,34.966991604531));
#7981 = CARTESIAN_POINT('',(4.847991458775,34.982417288711));
#7982 = CARTESIAN_POINT('',(4.973799674866,34.993940588238));
#7983 = CARTESIAN_POINT('',(5.103088629066,35.));
#7984 = CARTESIAN_POINT('',(5.406317755617,35.));
#7985 = CARTESIAN_POINT('',(5.568600548167,34.990049616344));
#7986 = CARTESIAN_POINT('',(5.724395221948,34.971843804208));
#7987 = CARTESIAN_POINT('',(5.874172552775,34.949175053845));
#7988 = CARTESIAN_POINT('',(6.017905814216,34.926188947054));
#7989 = CARTESIAN_POINT('',(6.15488226114,34.905798800546));
#7990 = CARTESIAN_POINT('',(6.28318530718,34.889343454704));
#7991 = ( GEOMETRIC_REPRESENTATION_CONTEXT(2) 
PARAMETRIC_REPRESENTATION_CONTEXT() REPRESENTATION_CONTEXT('2D SPACE',''
  ) );
#7992 = FACE_BOUND('',#7993,.F.);
#7993 = EDGE_LOOP('',(#7994));
#7994 = ORIENTED_EDGE('',*,*,#7995,.T.);
#7995 = EDGE_CURVE('',#7996,#7996,#7998,.T.);
#7996 = VERTEX_POINT('',#7997);
#7997 = CARTESIAN_POINT('',(-32.9,60.62,-14.8893434547));
#7998 = SURFACE_CURVE('',#7999,(#8058,#8120),.PCURVE_S1.);
#7999 = B_SPLINE_CURVE_WITH_KNOTS('',8,(#8000,#8001,#8002,#8003,#8004,
    #8005,#8006,#8007,#8008,#8009,#8010,#8011,#8012,#8013,#8014,#8015,
    #8016,#8017,#8018,#8019,#8020,#8021,#8022,#8023,#8024,#8025,#8026,
    #8027,#8028,#8029,#8030,#8031,#8032,#8033,#8034,#8035,#8036,#8037,
    #8038,#8039,#8040,#8041,#8042,#8043,#8044,#8045,#8046,#8047,#8048,
    #8049,#8050,#8051,#8052,#8053,#8054,#8055,#8056,#8057),
  .UNSPECIFIED.,.T.,.F.,(9,7,7,7,7,7,7,7,9),(0.,0.109551709138,
    0.278999835199,0.434751878171,0.542860431287,0.650969825831,
    0.760060190213,0.865230954488,1.),.UNSPECIFIED.);
#8000 = CARTESIAN_POINT('',(-32.9,60.62,-14.8893434547));
#8001 = CARTESIAN_POINT('',(-32.9,60.761332663442,-14.88071181516));
#8002 = CARTESIAN_POINT('',(-32.91087051432,60.900361295713,
    -14.87298170024));
#8003 = CARTESIAN_POINT('',(-32.93199223983,61.036547202148,
    -14.86632328678));
#8004 = CARTESIAN_POINT('',(-32.96284023458,61.169439093093,
    -14.8608613558));
#8005 = CARTESIAN_POINT('',(-33.00297625618,61.29864381943,
    -14.85668333839));
#8006 = CARTESIAN_POINT('',(-33.05204160285,61.423797804806,
    -14.85384524862));
#8007 = CARTESIAN_POINT('',(-33.10975045707,61.544539174574,
    -14.85237550325));
#8008 = CARTESIAN_POINT('',(-33.27817478303,61.839811915284,
    -14.85212369475));
#8009 = CARTESIAN_POINT('',(-33.40047537563,62.007407696257,
    -14.85525036429));
#8010 = CARTESIAN_POINT('',(-33.54196328741,62.162037728821,
    -14.86165028379));
#8011 = CARTESIAN_POINT('',(-33.70216310954,62.302096585609,
    -14.87117747807));
#8012 = CARTESIAN_POINT('',(-33.88073890839,62.425494666996,
    -14.88353754859));
#8013 = CARTESIAN_POINT('',(-34.07728361932,62.529528404184,
    -14.89822016313));
#8014 = CARTESIAN_POINT('',(-34.29104014647,62.610708085673,
    -14.91441536153));
#8015 = CARTESIAN_POINT('',(-34.7313923301,62.713985856774,
    -14.94616008557));
#8016 = CARTESIAN_POINT('',(-34.96338954086,62.742166449212,
    -14.96222103839));
#8017 = CARTESIAN_POINT('',(-35.20957876003,62.740795151839,
    -14.97773459002));
#8018 = CARTESIAN_POINT('',(-35.46208615124,62.704782134696,
    -14.99088516369));
#8019 = CARTESIAN_POINT('',(-35.71245441757,62.631998494755,
    -14.99983972249));
#8020 = CARTESIAN_POINT('',(-35.95238610112,62.52293469397,
    -15.0034607293));
#8021 = CARTESIAN_POINT('',(-36.17432952028,62.380476776905,
    -15.00157586382));
#8022 = CARTESIAN_POINT('',(-36.50954910965,62.091115558661,
    -14.99016066649));
#8023 = CARTESIAN_POINT('',(-36.63518173149,61.959002775869,
    -14.98314960242));
#8024 = CARTESIAN_POINT('',(-36.74753776608,61.814688165809,
    -14.97401389959));
#8025 = CARTESIAN_POINT('',(-36.84525404249,61.659730934658,
    -14.96311230462));
#8026 = CARTESIAN_POINT('',(-36.92718567968,61.495866609263,
    -14.95092769712));
#8027 = CARTESIAN_POINT('',(-36.99242834132,61.32497693044,
    -14.93802884234));
#8028 = CARTESIAN_POINT('',(-37.04034484509,61.149058197936,
    -14.92501910189));
#8029 = CARTESIAN_POINT('',(-37.10084764268,60.791316544017,
    -14.89992500501));
#8030 = CARTESIAN_POINT('',(-37.11344524059,60.609425089894,
    -14.8878364054));
#8031 = CARTESIAN_POINT('',(-37.1080267237,60.426586704452,
    -14.87678037747));
#8032 = CARTESIAN_POINT('',(-37.08453785353,60.244894325479,
    -14.86730556148));
#8033 = CARTESIAN_POINT('',(-37.04321320082,60.066421045219,
    -14.85987179164));
#8034 = CARTESIAN_POINT('',(-36.98456198763,59.893182588167,
    -14.85480530808));
#8035 = CARTESIAN_POINT('',(-36.90935891986,59.727102050227,
    -14.85227255338));
#8036 = CARTESIAN_POINT('',(-36.72709793021,59.41142601615,
    -14.85227255338));
#8037 = CARTESIAN_POINT('',(-36.61982294631,59.262106760552,
    -14.85485166201));
#8038 = CARTESIAN_POINT('',(-36.49738886086,59.122927940704,
    -14.86000398395));
#8039 = CARTESIAN_POINT('',(-36.36016633008,58.995006968664,
    -14.86763487655));
#8040 = CARTESIAN_POINT('',(-36.2084251754,58.879735642664,
    -14.87755562141));
#8041 = CARTESIAN_POINT('',(-36.04244343206,58.77885940354,
    -14.88945314419));
#8042 = CARTESIAN_POINT('',(-35.8626451883,58.694578291693,
    -14.90284860716));
#8043 = CARTESIAN_POINT('',(-35.48386263174,58.567109234013,
    -14.93075822378));
#8044 = CARTESIAN_POINT('',(-35.28164369795,58.521154843713,
    -14.94552106987));
#8045 = CARTESIAN_POINT('',(-35.06631314167,58.496887458748,
    -14.96054087541));
#8046 = CARTESIAN_POINT('',(-34.84184847739,58.498234062368,
    -14.97470444662));
#8047 = CARTESIAN_POINT('',(-34.61283151082,58.528032849995,
    -14.98673852603));
#8048 = CARTESIAN_POINT('',(-34.38427375186,58.58809320825,
    -14.99545544117));
#8049 = CARTESIAN_POINT('',(-34.1614808232,58.679244559935,-15.));
#8050 = CARTESIAN_POINT('',(-33.67894927904,58.957842449175,-15.));
#8051 = CARTESIAN_POINT('',(-33.4455344438,59.154156479456,
    -14.99253721225));
#8052 = CARTESIAN_POINT('',(-33.25335991828,59.379500026983,
    -14.97867098375));
#8053 = CARTESIAN_POINT('',(-33.10390125537,59.624120005345,
    -14.96050942902));
#8054 = CARTESIAN_POINT('',(-32.996879314,59.878795134389,
    -14.94055526379));
#8055 = CARTESIAN_POINT('',(-32.93024864425,60.134824002321,
    -14.92109141042));
#8056 = CARTESIAN_POINT('',(-32.9,60.384243152902,-14.90374188231));
#8057 = CARTESIAN_POINT('',(-32.9,60.62,-14.8893434547));
#8058 = PCURVE('',#1410,#8059);
#8059 = DEFINITIONAL_REPRESENTATION('',(#8060),#8119);
#8060 = B_SPLINE_CURVE_WITH_KNOTS('',8,(#8061,#8062,#8063,#8064,#8065,
    #8066,#8067,#8068,#8069,#8070,#8071,#8072,#8073,#8074,#8075,#8076,
    #8077,#8078,#8079,#8080,#8081,#8082,#8083,#8084,#8085,#8086,#8087,
    #8088,#8089,#8090,#8091,#8092,#8093,#8094,#8095,#8096,#8097,#8098,
    #8099,#8100,#8101,#8102,#8103,#8104,#8105,#8106,#8107,#8108,#8109,
    #8110,#8111,#8112,#8113,#8114,#8115,#8116,#8117,#8118),
  .UNSPECIFIED.,.T.,.F.,(9,7,7,7,7,7,7,7,9),(0.,0.109551709138,
    0.278999835199,0.434751878171,0.542860431287,0.650969825831,
    0.760060190213,0.865230954488,1.),.UNSPECIFIED.);
#8061 = CARTESIAN_POINT('',(1.44925463699,33.949206890767));
#8062 = CARTESIAN_POINT('',(1.444508431313,34.071603670067));
#8063 = CARTESIAN_POINT('',(1.44046872295,34.197440491215));
#8064 = CARTESIAN_POINT('',(1.437119060506,34.325941175991));
#8065 = CARTESIAN_POINT('',(1.434445336491,34.456452422203));
#8066 = CARTESIAN_POINT('',(1.432436254826,34.588414629212));
#8067 = CARTESIAN_POINT('',(1.431083832659,34.721333578131));
#8068 = CARTESIAN_POINT('',(1.430383936492,34.854752966717));
#8069 = CARTESIAN_POINT('',(1.430264026037,35.194678801604));
#8070 = CARTESIAN_POINT('',(1.431753015332,35.400971582716));
#8071 = CARTESIAN_POINT('',(1.434797364155,35.605629649335));
#8072 = CARTESIAN_POINT('',(1.439421511642,35.807024961124));
#8073 = CARTESIAN_POINT('',(1.445672490075,36.003179914487));
#8074 = CARTESIAN_POINT('',(1.453611915566,36.191549630537));
#8075 = CARTESIAN_POINT('',(1.463306138186,36.368733396367));
#8076 = CARTESIAN_POINT('',(1.485388672941,36.678354849701));
#8077 = CARTESIAN_POINT('',(1.497888851092,36.818760937099));
#8078 = CARTESIAN_POINT('',(1.512183491262,36.940670685204));
#8079 = CARTESIAN_POINT('',(1.527981908259,37.035739199493));
#8080 = CARTESIAN_POINT('',(1.544866059392,37.097894067894));
#8081 = CARTESIAN_POINT('',(1.562349275608,37.123411219571));
#8082 = CARTESIAN_POINT('',(1.579909042418,37.111014100236));
#8083 = CARTESIAN_POINT('',(1.608918382338,37.028035254365));
#8084 = CARTESIAN_POINT('',(1.620583840202,36.976440760297));
#8085 = CARTESIAN_POINT('',(1.631895904696,36.907640811662));
#8086 = CARTESIAN_POINT('',(1.64272550318,36.822304110264));
#8087 = CARTESIAN_POINT('',(1.652949043368,36.721361202295));
#8088 = CARTESIAN_POINT('',(1.662450500348,36.605989533053));
#8089 = CARTESIAN_POINT('',(1.671124227237,36.477599337975));
#8090 = CARTESIAN_POINT('',(1.686632812004,36.198040314106));
#8091 = CARTESIAN_POINT('',(1.693470612592,36.046817786859));
#8092 = CARTESIAN_POINT('',(1.699299029324,35.885766943463));
#8093 = CARTESIAN_POINT('',(1.704041574046,35.716673188083));
#8094 = CARTESIAN_POINT('',(1.707639231355,35.541449146056));
#8095 = CARTESIAN_POINT('',(1.710051552119,35.362095089818));
#8096 = CARTESIAN_POINT('',(1.711257741505,35.180663818549));
#8097 = CARTESIAN_POINT('',(1.711257741505,34.816149858816));
#8098 = CARTESIAN_POINT('',(1.710029585912,34.633197866531));
#8099 = CARTESIAN_POINT('',(1.707576133468,34.451447967275));
#8100 = CARTESIAN_POINT('',(1.70388258243,34.272053193368));
#8101 = CARTESIAN_POINT('',(1.698920167918,34.096353782281));
#8102 = CARTESIAN_POINT('',(1.692649874853,33.926000339713));
#8103 = CARTESIAN_POINT('',(1.685026808421,33.763110191353));
#8104 = CARTESIAN_POINT('',(1.667309040791,33.463324113754));
#8105 = CARTESIAN_POINT('',(1.657118595424,33.322415044829));
#8106 = CARTESIAN_POINT('',(1.645453585573,33.193731380238));
#8107 = CARTESIAN_POINT('',(1.632417658798,33.082662763294));
#8108 = CARTESIAN_POINT('',(1.618183628623,32.993958078572));
#8109 = CARTESIAN_POINT('',(1.602979341059,32.931690099426));
#8110 = CARTESIAN_POINT('',(1.587078025858,32.89922999153));
#8111 = CARTESIAN_POINT('',(1.549932457856,32.89922999153));
#8112 = CARTESIAN_POINT('',(1.529912391032,32.952531696782));
#8113 = CARTESIAN_POINT('',(1.511291857023,33.05159412558));
#8114 = CARTESIAN_POINT('',(1.494471828537,33.188708711939));
#8115 = CARTESIAN_POINT('',(1.479746456696,33.355750077958));
#8116 = CARTESIAN_POINT('',(1.467298340605,33.544159887771));
#8117 = CARTESIAN_POINT('',(1.457171777012,33.745036969393));
#8118 = CARTESIAN_POINT('',(1.44925463699,33.949206890767));
#8119 = ( GEOMETRIC_REPRESENTATION_CONTEXT(2) 
PARAMETRIC_REPRESENTATION_CONTEXT() REPRESENTATION_CONTEXT('2D SPACE',''
  ) );
#8120 = PCURVE('',#8121,#8126);
#8121 = CYLINDRICAL_SURFACE('',#8122,2.1);
#8122 = AXIS2_PLACEMENT_3D('',#8123,#8124,#8125);
#8123 = CARTESIAN_POINT('',(-35.,60.62,-20.));
#8124 = DIRECTION('',(0.,0.,1.));
#8125 = DIRECTION('',(1.,0.,-0.));
#8126 = DEFINITIONAL_REPRESENTATION('',(#8127),#8186);
#8127 = B_SPLINE_CURVE_WITH_KNOTS('',8,(#8128,#8129,#8130,#8131,#8132,
    #8133,#8134,#8135,#8136,#8137,#8138,#8139,#8140,#8141,#8142,#8143,
    #8144,#8145,#8146,#8147,#8148,#8149,#8150,#8151,#8152,#8153,#8154,
    #8155,#8156,#8157,#8158,#8159,#8160,#8161,#8162,#8163,#8164,#8165,
    #8166,#8167,#8168,#8169,#8170,#8171,#8172,#8173,#8174,#8175,#8176,
    #8177,#8178,#8179,#8180,#8181,#8182,#8183,#8184,#8185),
  .UNSPECIFIED.,.F.,.F.,(9,7,7,7,7,7,7,7,9),(0.,0.109551709138,
    0.278999835199,0.434751878171,0.542860431287,0.650969825831,
    0.760060190213,0.865230954488,1.),.UNSPECIFIED.);
#8128 = CARTESIAN_POINT('',(-8.881784197001E-16,5.110656545296));
#8129 = CARTESIAN_POINT('',(6.730126830592E-02,5.119288184838));
#8130 = CARTESIAN_POINT('',(0.133505522194,5.127018299757));
#8131 = CARTESIAN_POINT('',(0.198820070067,5.133676713212));
#8132 = CARTESIAN_POINT('',(0.263432204044,5.139138644198));
#8133 = CARTESIAN_POINT('',(0.327518855454,5.143316661606));
#8134 = CARTESIAN_POINT('',(0.391253740801,5.146154751379));
#8135 = CARTESIAN_POINT('',(0.454811998231,5.147624496747));
#8136 = CARTESIAN_POINT('',(0.616683665005,5.147876305247));
#8137 = CARTESIAN_POINT('',(0.714861443878,5.144749635702));
#8138 = CARTESIAN_POINT('',(0.813652672196,5.138349716207));
#8139 = CARTESIAN_POINT('',(0.913708510409,5.128822521921));
#8140 = CARTESIAN_POINT('',(1.015688009509,5.116462451408));
#8141 = CARTESIAN_POINT('',(1.120272430876,5.101779836862));
#8142 = CARTESIAN_POINT('',(1.228199326058,5.085584638465));
#8143 = CARTESIAN_POINT('',(1.443580833079,5.053839914424));
#8144 = CARTESIAN_POINT('',(1.554201447841,5.037778961608));
#8145 = CARTESIAN_POINT('',(1.669859831666,5.022265409973));
#8146 = CARTESIAN_POINT('',(1.78904790835,5.009114836307));
#8147 = CARTESIAN_POINT('',(1.910735852883,5.000160277501));
#8148 = CARTESIAN_POINT('',(2.034097750523,4.996539270694));
#8149 = CARTESIAN_POINT('',(2.15842868145,4.998424136177));
#8150 = CARTESIAN_POINT('',(2.369302087993,5.009839333501));
#8151 = CARTESIAN_POINT('',(2.455696547691,5.016850397577));
#8152 = CARTESIAN_POINT('',(2.542085256667,5.025986100408));
#8153 = CARTESIAN_POINT('',(2.628472733015,5.036887695371));
#8154 = CARTESIAN_POINT('',(2.714865097918,5.049072302874));
#8155 = CARTESIAN_POINT('',(2.801265295544,5.061971157652));
#8156 = CARTESIAN_POINT('',(2.88766793403,5.074980898109));
#8157 = CARTESIAN_POINT('',(3.060440233465,5.100074994983));
#8158 = CARTESIAN_POINT('',(3.146842584492,5.112163594591));
#8159 = CARTESIAN_POINT('',(3.233242012694,5.12321962253));
#8160 = CARTESIAN_POINT('',(3.319633799764,5.132694438516));
#8161 = CARTESIAN_POINT('',(3.406021513369,5.140128208357));
#8162 = CARTESIAN_POINT('',(3.492411416644,5.145194691911));
#8163 = CARTESIAN_POINT('',(3.578807070875,5.147727446616));
#8164 = CARTESIAN_POINT('',(3.752385146938,5.147727446616));
#8165 = CARTESIAN_POINT('',(3.839505017974,5.14514833799));
#8166 = CARTESIAN_POINT('',(3.927062735838,5.139996016049));
#8167 = CARTESIAN_POINT('',(4.015511562358,5.132365123441));
#8168 = CARTESIAN_POINT('',(4.105308552524,5.122444378585));
#8169 = CARTESIAN_POINT('',(4.19692634752,5.110546855808));
#8170 = CARTESIAN_POINT('',(4.290873606014,5.097151392833));
#8171 = CARTESIAN_POINT('',(4.481185788872,5.069241776213));
#8172 = CARTESIAN_POINT('',(4.57943086658,5.05447893013));
#8173 = CARTESIAN_POINT('',(4.681541468622,5.039459124583));
#8174 = CARTESIAN_POINT('',(4.7869096415,5.025295553379));
#8175 = CARTESIAN_POINT('',(4.895169539809,5.013261473966));
#8176 = CARTESIAN_POINT('',(5.006121913416,5.004544558822));
#8177 = CARTESIAN_POINT('',(5.119702607702,5.));
#8178 = CARTESIAN_POINT('',(5.385028093434,5.));
#8179 = CARTESIAN_POINT('',(5.52802985003,5.007462787742));
#8180 = CARTESIAN_POINT('',(5.66597221928,5.021329016241));
#8181 = CARTESIAN_POINT('',(5.799283887361,5.039490570974));
#8182 = CARTESIAN_POINT('',(5.928072525815,5.059444736201));
#8183 = CARTESIAN_POINT('',(6.052149925947,5.078908589573));
#8184 = CARTESIAN_POINT('',(6.170920141895,5.096258117684));
#8185 = CARTESIAN_POINT('',(6.28318530718,5.110656545296));
#8186 = ( GEOMETRIC_REPRESENTATION_CONTEXT(2) 
PARAMETRIC_REPRESENTATION_CONTEXT() REPRESENTATION_CONTEXT('2D SPACE',''
  ) );
#8187 = ADVANCED_FACE('',(#8188),#1572,.F.);
#8188 = FACE_BOUND('',#8189,.F.);
#8189 = EDGE_LOOP('',(#8190,#8191,#8192,#8193,#8194));
#8190 = ORIENTED_EDGE('',*,*,#7619,.T.);
#8191 = ORIENTED_EDGE('',*,*,#7690,.T.);
#8192 = ORIENTED_EDGE('',*,*,#3304,.T.);
#8193 = ORIENTED_EDGE('',*,*,#7644,.T.);
#8194 = ORIENTED_EDGE('',*,*,#1557,.F.);
#8195 = ADVANCED_FACE('',(#8196),#1384,.F.);
#8196 = FACE_BOUND('',#8197,.F.);
#8197 = EDGE_LOOP('',(#8198,#8199,#8200,#8201));
#8198 = ORIENTED_EDGE('',*,*,#1468,.T.);
#8199 = ORIENTED_EDGE('',*,*,#7370,.T.);
#8200 = ORIENTED_EDGE('',*,*,#1369,.T.);
#8201 = ORIENTED_EDGE('',*,*,#7782,.F.);
#8202 = ADVANCED_FACE('',(#8203),#1436,.T.);
#8203 = FACE_BOUND('',#8204,.T.);
#8204 = EDGE_LOOP('',(#8205,#8206,#8207,#8208,#8209));
#8205 = ORIENTED_EDGE('',*,*,#7805,.T.);
#8206 = ORIENTED_EDGE('',*,*,#7713,.T.);
#8207 = ORIENTED_EDGE('',*,*,#3173,.T.);
#8208 = ORIENTED_EDGE('',*,*,#7759,.T.);
#8209 = ORIENTED_EDGE('',*,*,#1421,.F.);
#8210 = ADVANCED_FACE('',(#8211),#1642,.F.);
#8211 = FACE_BOUND('',#8212,.F.);
#8212 = EDGE_LOOP('',(#8213,#8214,#8235,#8236));
#8213 = ORIENTED_EDGE('',*,*,#1625,.F.);
#8214 = ORIENTED_EDGE('',*,*,#8215,.F.);
#8215 = EDGE_CURVE('',#3368,#1626,#8216,.T.);
#8216 = SEAM_CURVE('',#8217,(#8221,#8228),.PCURVE_S1.);
#8217 = LINE('',#8218,#8219);
#8218 = CARTESIAN_POINT('',(24.5,22.,-6.));
#8219 = VECTOR('',#8220,1.);
#8220 = DIRECTION('',(0.,0.,1.));
#8221 = PCURVE('',#1642,#8222);
#8222 = DEFINITIONAL_REPRESENTATION('',(#8223),#8227);
#8223 = LINE('',#8224,#8225);
#8224 = CARTESIAN_POINT('',(6.28318530718,-0.));
#8225 = VECTOR('',#8226,1.);
#8226 = DIRECTION('',(0.,1.));
#8227 = ( GEOMETRIC_REPRESENTATION_CONTEXT(2) 
PARAMETRIC_REPRESENTATION_CONTEXT() REPRESENTATION_CONTEXT('2D SPACE',''
  ) );
#8228 = PCURVE('',#1642,#8229);
#8229 = DEFINITIONAL_REPRESENTATION('',(#8230),#8234);
#8230 = LINE('',#8231,#8232);
#8231 = CARTESIAN_POINT('',(0.,-0.));
#8232 = VECTOR('',#8233,1.);
#8233 = DIRECTION('',(0.,1.));
#8234 = ( GEOMETRIC_REPRESENTATION_CONTEXT(2) 
PARAMETRIC_REPRESENTATION_CONTEXT() REPRESENTATION_CONTEXT('2D SPACE',''
  ) );
#8235 = ORIENTED_EDGE('',*,*,#3367,.T.);
#8236 = ORIENTED_EDGE('',*,*,#8215,.T.);
#8237 = ADVANCED_FACE('',(#8238,#8286),#1673,.T.);
#8238 = FACE_BOUND('',#8239,.T.);
#8239 = EDGE_LOOP('',(#8240,#8241,#8263,#8264));
#8240 = ORIENTED_EDGE('',*,*,#1656,.T.);
#8241 = ORIENTED_EDGE('',*,*,#8242,.F.);
#8242 = EDGE_CURVE('',#1805,#1659,#8243,.T.);
#8243 = SURFACE_CURVE('',#8244,(#8249,#8256),.PCURVE_S1.);
#8244 = CIRCLE('',#8245,17.);
#8245 = AXIS2_PLACEMENT_3D('',#8246,#8247,#8248);
#8246 = CARTESIAN_POINT('',(50.,86.6,0.));
#8247 = DIRECTION('',(0.500011000363,0.866019052629,0.));
#8248 = DIRECTION('',(0.866019052629,-0.500011000363,0.));
#8249 = PCURVE('',#1673,#8250);
#8250 = DEFINITIONAL_REPRESENTATION('',(#8251),#8255);
#8251 = LINE('',#8252,#8253);
#8252 = CARTESIAN_POINT('',(0.,59.99867998548));
#8253 = VECTOR('',#8254,1.);
#8254 = DIRECTION('',(1.,0.));
#8255 = ( GEOMETRIC_REPRESENTATION_CONTEXT(2) 
PARAMETRIC_REPRESENTATION_CONTEXT() REPRESENTATION_CONTEXT('2D SPACE',''
  ) );
#8256 = PCURVE('',#1840,#8257);
#8257 = DEFINITIONAL_REPRESENTATION('',(#8258),#8262);
#8258 = CIRCLE('',#8259,17.);
#8259 = AXIS2_PLACEMENT_2D('',#8260,#8261);
#8260 = CARTESIAN_POINT('',(0.,0.));
#8261 = DIRECTION('',(1.,0.));
#8262 = ( GEOMETRIC_REPRESENTATION_CONTEXT(2) 
PARAMETRIC_REPRESENTATION_CONTEXT() REPRESENTATION_CONTEXT('2D SPACE',''
  ) );
#8263 = ORIENTED_EDGE('',*,*,#1804,.F.);
#8264 = ORIENTED_EDGE('',*,*,#8265,.T.);
#8265 = EDGE_CURVE('',#1784,#1657,#8266,.T.);
#8266 = SURFACE_CURVE('',#8267,(#8272,#8279),.PCURVE_S1.);
#8267 = CIRCLE('',#8268,17.);
#8268 = AXIS2_PLACEMENT_3D('',#8269,#8270,#8271);
#8269 = CARTESIAN_POINT('',(20.,34.64,0.));
#8270 = DIRECTION('',(0.500011000363,0.866019052629,0.));
#8271 = DIRECTION('',(0.866019052629,-0.500011000363,0.));
#8272 = PCURVE('',#1673,#8273);
#8273 = DEFINITIONAL_REPRESENTATION('',(#8274),#8278);
#8274 = LINE('',#8275,#8276);
#8275 = CARTESIAN_POINT('',(0.,0.));
#8276 = VECTOR('',#8277,1.);
#8277 = DIRECTION('',(1.,0.));
#8278 = ( GEOMETRIC_REPRESENTATION_CONTEXT(2) 
PARAMETRIC_REPRESENTATION_CONTEXT() REPRESENTATION_CONTEXT('2D SPACE',''
  ) );
#8279 = PCURVE('',#1699,#8280);
#8280 = DEFINITIONAL_REPRESENTATION('',(#8281),#8285);
#8281 = CIRCLE('',#8282,17.);
#8282 = AXIS2_PLACEMENT_2D('',#8283,#8284);
#8283 = CARTESIAN_POINT('',(0.,0.));
#8284 = DIRECTION('',(1.,0.));
#8285 = ( GEOMETRIC_REPRESENTATION_CONTEXT(2) 
PARAMETRIC_REPRESENTATION_CONTEXT() REPRESENTATION_CONTEXT('2D SPACE',''
  ) );
#8286 = FACE_BOUND('',#8287,.T.);
#8287 = EDGE_LOOP('',(#8288));
#8288 = ORIENTED_EDGE('',*,*,#8289,.F.);
#8289 = EDGE_CURVE('',#8290,#8290,#8292,.T.);
#8290 = VERTEX_POINT('',#8291);
#8291 = CARTESIAN_POINT('',(37.1,60.62,16.902442087229));
#8292 = SURFACE_CURVE('',#8293,(#8352,#8414),.PCURVE_S1.);
#8293 = B_SPLINE_CURVE_WITH_KNOTS('',8,(#8294,#8295,#8296,#8297,#8298,
    #8299,#8300,#8301,#8302,#8303,#8304,#8305,#8306,#8307,#8308,#8309,
    #8310,#8311,#8312,#8313,#8314,#8315,#8316,#8317,#8318,#8319,#8320,
    #8321,#8322,#8323,#8324,#8325,#8326,#8327,#8328,#8329,#8330,#8331,
    #8332,#8333,#8334,#8335,#8336,#8337,#8338,#8339,#8340,#8341,#8342,
    #8343,#8344,#8345,#8346,#8347,#8348,#8349,#8350,#8351),
  .UNSPECIFIED.,.T.,.F.,(9,7,7,7,7,7,7,7,9),(0.,0.125044464047,
    0.238089466519,0.336885766659,0.429977513992,0.579116347763,
    0.700372623511,0.839119685587,1.),.UNSPECIFIED.);
#8294 = CARTESIAN_POINT('',(37.1,60.62,16.902442087229));
#8295 = CARTESIAN_POINT('',(37.1,60.811297037732,16.912733739139));
#8296 = CARTESIAN_POINT('',(37.080084949813,61.00862430719,
    16.924579651964));
#8297 = CARTESIAN_POINT('',(37.038055613729,61.20961081679,
    16.937595260216));
#8298 = CARTESIAN_POINT('',(36.971946717194,61.411416779373,
    16.951185749257));
#8299 = CARTESIAN_POINT('',(36.880046846226,61.61071200474,
    16.964551208962));
#8300 = CARTESIAN_POINT('',(36.760939165973,61.803610535372,
    16.97671331913));
#8301 = CARTESIAN_POINT('',(36.613594576313,61.985516244731,
    16.986601440823));
#8302 = CARTESIAN_POINT('',(36.278396883791,62.300287829814,
    16.999233873345));
#8303 = CARTESIAN_POINT('',(36.099368506567,62.432821143128,
    17.002437176646));
#8304 = CARTESIAN_POINT('',(35.903846362661,62.543601402053,
    17.002264774779));
#8305 = CARTESIAN_POINT('',(35.696583851897,62.629277677719,
    16.99851024746));
#8306 = CARTESIAN_POINT('',(35.483255871158,62.688146500687,
    16.991525897492));
#8307 = CARTESIAN_POINT('',(35.2699950863,62.720356459326,
    16.982132303018));
#8308 = CARTESIAN_POINT('',(35.062979862535,62.728114420544,
    16.971372581785));
#8309 = CARTESIAN_POINT('',(34.697858462583,62.705142929159,
    16.950492905719));
#8310 = CARTESIAN_POINT('',(34.533708334076,62.678941777146,
    16.940282256275));
#8311 = CARTESIAN_POINT('',(34.376613287976,62.638986016518,
    16.930031624966));
#8312 = CARTESIAN_POINT('',(34.227197312608,62.586788880106,
    16.92010223715));
#8313 = CARTESIAN_POINT('',(34.085875862455,62.523666836035,
    16.910783595871));
#8314 = CARTESIAN_POINT('',(33.952928311128,62.450758318962,
    16.902298247233));
#8315 = CARTESIAN_POINT('',(33.828551614977,62.369037847237,
    16.894811233101));
#8316 = CARTESIAN_POINT('',(33.60391682554,62.194793243602,
    16.882444863429));
#8317 = CARTESIAN_POINT('',(33.502614734346,62.103114059935,
    16.877436059245));
#8318 = CARTESIAN_POINT('',(33.409111875074,62.004942905337,
    16.87351996451));
#8319 = CARTESIAN_POINT('',(33.323535679115,61.900834329507,
    16.870765782996));
#8320 = CARTESIAN_POINT('',(33.246033967511,61.791264300927,
    16.869215351684));
#8321 = CARTESIAN_POINT('',(33.176790999592,61.676651401595,
    16.868886468238));
#8322 = CARTESIAN_POINT('',(33.116043650644,61.557377417065,
    16.869773970619));
#8323 = CARTESIAN_POINT('',(32.980877068658,61.235840257803,
    16.87517220565));
#8324 = CARTESIAN_POINT('',(32.920292872571,61.026957204316,
    16.881540480286));
#8325 = CARTESIAN_POINT('',(32.883491417315,60.808528809604,
    16.890830928718));
#8326 = CARTESIAN_POINT('',(32.872273162735,60.581994160972,
    16.902765582394));
#8327 = CARTESIAN_POINT('',(32.889034323842,60.349261680667,
    16.916877280116));
#8328 = CARTESIAN_POINT('',(32.936728721256,60.112980812204,
    16.932402687433));
#8329 = CARTESIAN_POINT('',(33.018790726092,59.876971937527,
    16.948191239086));
#8330 = CARTESIAN_POINT('',(33.236663007274,59.460207807674,
    16.974531092374));
#8331 = CARTESIAN_POINT('',(33.361814216661,59.273052188777,
    16.985782947477));
#8332 = CARTESIAN_POINT('',(33.515264021216,59.095242941887,
    16.995202617126));
#8333 = CARTESIAN_POINT('',(33.694965313564,58.934960629207,
    17.001490688994));
#8334 = CARTESIAN_POINT('',(33.896415167486,58.798729987641,
    17.00369406055));
#8335 = CARTESIAN_POINT('',(34.113346936998,58.691003036567,
    17.001661294172));
#8336 = CARTESIAN_POINT('',(34.338325108702,58.613731078371,
    16.995968035786));
#8337 = CARTESIAN_POINT('',(34.820853996324,58.511159991012,
    16.978045650565));
#8338 = CARTESIAN_POINT('',(35.074016164911,58.495901699151,
    16.965155504979));
#8339 = CARTESIAN_POINT('',(35.317547862088,58.514869446697,
    16.950393795509));
#8340 = CARTESIAN_POINT('',(35.548043177975,58.563339350174,
    16.935158781799));
#8341 = CARTESIAN_POINT('',(35.763217300721,58.637067917641,
    16.920571497597));
#8342 = CARTESIAN_POINT('',(35.961553877056,58.732273526632,
    16.907440492544));
#8343 = CARTESIAN_POINT('',(36.142131417119,58.845626407319,
    16.896311220445));
#8344 = CARTESIAN_POINT('',(36.492531224692,59.123342625818,
    16.877281142555));
#8345 = CARTESIAN_POINT('',(36.657139702062,59.293827604092,
    16.870119471389));
#8346 = CARTESIAN_POINT('',(36.797774084092,59.482316655855,
    16.866520774415));
#8347 = CARTESIAN_POINT('',(36.913778969608,59.686435833418,
    16.866707773895));
#8348 = CARTESIAN_POINT('',(37.004049173181,59.904239119202,
    16.870702853001));
#8349 = CARTESIAN_POINT('',(37.066911544313,60.133905008055,
    16.878334037996));
#8350 = CARTESIAN_POINT('',(37.1,60.373423030071,16.889176412164));
#8351 = CARTESIAN_POINT('',(37.1,60.62,16.902442087229));
#8352 = PCURVE('',#1673,#8353);
#8353 = DEFINITIONAL_REPRESENTATION('',(#8354),#8413);
#8354 = B_SPLINE_CURVE_WITH_KNOTS('',8,(#8355,#8356,#8357,#8358,#8359,
    #8360,#8361,#8362,#8363,#8364,#8365,#8366,#8367,#8368,#8369,#8370,
    #8371,#8372,#8373,#8374,#8375,#8376,#8377,#8378,#8379,#8380,#8381,
    #8382,#8383,#8384,#8385,#8386,#8387,#8388,#8389,#8390,#8391,#8392,
    #8393,#8394,#8395,#8396,#8397,#8398,#8399,#8400,#8401,#8402,#8403,
    #8404,#8405,#8406,#8407,#8408,#8409,#8410,#8411,#8412),
  .UNSPECIFIED.,.T.,.F.,(9,7,7,7,7,7,7,7,9),(0.,0.125044464047,
    0.238089466519,0.336885766659,0.429977513992,0.579116347763,
    0.700372623511,0.839119685587,1.),.UNSPECIFIED.);
#8355 = CARTESIAN_POINT('',(4.819572915257,31.049363093502));
#8356 = CARTESIAN_POINT('',(4.813913932803,31.21502997289));
#8357 = CARTESIAN_POINT('',(4.807060124052,31.375961403677));
#8358 = CARTESIAN_POINT('',(4.798971598272,31.529004419932));
#8359 = CARTESIAN_POINT('',(4.789634783371,31.670717052973));
#8360 = CARTESIAN_POINT('',(4.779063748005,31.797359568823));
#8361 = CARTESIAN_POINT('',(4.767302961075,31.90485822122));
#8362 = CARTESIAN_POINT('',(4.754435315483,31.988718115633));
#8363 = CARTESIAN_POINT('',(4.72809090153,32.093713771984));
#8364 = CARTESIAN_POINT('',(4.715072515824,32.118973988433));
#8365 = CARTESIAN_POINT('',(4.701856453898,32.11714858055));
#8366 = CARTESIAN_POINT('',(4.688779490276,32.08771233229));
#8367 = CARTESIAN_POINT('',(4.676176618095,32.032027517531));
#8368 = CARTESIAN_POINT('',(4.664353726508,31.953289217022));
#8369 = CARTESIAN_POINT('',(4.653561660863,31.856497870121));
#8370 = CARTESIAN_POINT('',(4.635595154474,31.654039404471));
#8371 = CARTESIAN_POINT('',(4.627980309061,31.549271837662));
#8372 = CARTESIAN_POINT('',(4.621126575889,31.436120136544));
#8373 = CARTESIAN_POINT('',(4.61502251281,31.316206790604));
#8374 = CARTESIAN_POINT('',(4.609651955409,31.190879618134));
#8375 = CARTESIAN_POINT('',(4.604996945842,31.061264215115));
#8376 = CARTESIAN_POINT('',(4.601039941681,30.928303013347));
#8377 = CARTESIAN_POINT('',(4.594679747249,30.665084000998));
#8378 = CARTESIAN_POINT('',(4.592198162756,30.535035921257));
#8379 = CARTESIAN_POINT('',(4.590308281123,30.403265372755));
#8380 = CARTESIAN_POINT('',(4.589000839851,30.270316323195));
#8381 = CARTESIAN_POINT('',(4.588269731595,30.136674882499));
#8382 = CARTESIAN_POINT('',(4.588112187128,30.002795682343));
#8383 = CARTESIAN_POINT('',(4.58852899381,29.86912779654));
#8384 = CARTESIAN_POINT('',(4.591120012879,29.523085712617));
#8385 = CARTESIAN_POINT('',(4.59420033372,29.311896244034));
#8386 = CARTESIAN_POINT('',(4.598782762983,29.104331960121));
#8387 = CARTESIAN_POINT('',(4.60491441034,28.902539387631));
#8388 = CARTESIAN_POINT('',(4.612657609867,28.709369390453));
#8389 = CARTESIAN_POINT('',(4.622080037869,28.528593379955));
#8390 = CARTESIAN_POINT('',(4.633239134932,28.365237103025));
#8391 = CARTESIAN_POINT('',(4.65664742171,28.113249963385));
#8392 = CARTESIAN_POINT('',(4.668545363268,28.013746613016));
#8393 = CARTESIAN_POINT('',(4.681602093292,27.936487007757));
#8394 = CARTESIAN_POINT('',(4.69547205795,27.887532094131));
#8395 = CARTESIAN_POINT('',(4.709737417146,27.870280905965));
#8396 = CARTESIAN_POINT('',(4.723954407977,27.885455584937));
#8397 = CARTESIAN_POINT('',(4.737690838185,27.931028157599));
#8398 = CARTESIAN_POINT('',(4.765308960516,28.083469393501));
#8399 = CARTESIAN_POINT('',(4.778673616426,28.196839291209));
#8400 = CARTESIAN_POINT('',(4.790551214682,28.335034249494));
#8401 = CARTESIAN_POINT('',(4.800904998861,28.492260302861));
#8402 = CARTESIAN_POINT('',(4.809739122735,28.663700075376));
#8403 = CARTESIAN_POINT('',(4.817083110464,28.845320416621));
#8404 = CARTESIAN_POINT('',(4.822984548971,29.033776927417));
#8405 = CARTESIAN_POINT('',(4.832730914888,29.449488222172));
#8406 = CARTESIAN_POINT('',(4.836128155693,29.679437510982));
#8407 = CARTESIAN_POINT('',(4.837762266246,29.912991359065));
#8408 = CARTESIAN_POINT('',(4.837667586617,30.147766174696));
#8409 = CARTESIAN_POINT('',(4.835844764573,30.381524064702));
#8410 = CARTESIAN_POINT('',(4.83226387644,30.611850977262));
#8411 = CARTESIAN_POINT('',(4.826867198342,30.835822739604));
#8412 = CARTESIAN_POINT('',(4.819572915257,31.049363093502));
#8413 = ( GEOMETRIC_REPRESENTATION_CONTEXT(2) 
PARAMETRIC_REPRESENTATION_CONTEXT() REPRESENTATION_CONTEXT('2D SPACE',''
  ) );
#8414 = PCURVE('',#8415,#8420);
#8415 = CYLINDRICAL_SURFACE('',#8416,2.1);
#8416 = AXIS2_PLACEMENT_3D('',#8417,#8418,#8419);
#8417 = CARTESIAN_POINT('',(35.,60.62,-20.));
#8418 = DIRECTION('',(0.,0.,1.));
#8419 = DIRECTION('',(1.,0.,-0.));
#8420 = DEFINITIONAL_REPRESENTATION('',(#8421),#8480);
#8421 = B_SPLINE_CURVE_WITH_KNOTS('',8,(#8422,#8423,#8424,#8425,#8426,
    #8427,#8428,#8429,#8430,#8431,#8432,#8433,#8434,#8435,#8436,#8437,
    #8438,#8439,#8440,#8441,#8442,#8443,#8444,#8445,#8446,#8447,#8448,
    #8449,#8450,#8451,#8452,#8453,#8454,#8455,#8456,#8457,#8458,#8459,
    #8460,#8461,#8462,#8463,#8464,#8465,#8466,#8467,#8468,#8469,#8470,
    #8471,#8472,#8473,#8474,#8475,#8476,#8477,#8478,#8479),
  .UNSPECIFIED.,.F.,.F.,(9,7,7,7,7,7,7,7,9),(0.,0.125044464047,
    0.238089466519,0.336885766659,0.429977513992,0.579116347763,
    0.700372623511,0.839119685587,1.),.UNSPECIFIED.);
#8422 = CARTESIAN_POINT('',(8.881784197001E-16,36.902442087229));
#8423 = CARTESIAN_POINT('',(9.109382749165E-02,36.912733739139));
#8424 = CARTESIAN_POINT('',(0.185058806934,36.924579651964));
#8425 = CARTESIAN_POINT('',(0.281919980088,36.937595260216));
#8426 = CARTESIAN_POINT('',(0.381776543481,36.951185749257));
#8427 = CARTESIAN_POINT('',(0.484828382761,36.964551208962));
#8428 = CARTESIAN_POINT('',(0.591369797872,36.97671331913));
#8429 = CARTESIAN_POINT('',(0.701814266086,36.986601440823));
#8430 = CARTESIAN_POINT('',(0.920778351528,36.999233873345));
#8431 = CARTESIAN_POINT('',(1.026126306713,37.002437176646));
#8432 = CARTESIAN_POINT('',(1.131822579068,37.002264774779));
#8433 = CARTESIAN_POINT('',(1.237024181641,36.99851024746));
#8434 = CARTESIAN_POINT('',(1.340899683408,36.991525897492));
#8435 = CARTESIAN_POINT('',(1.44251115655,36.982132303018));
#8436 = CARTESIAN_POINT('',(1.54066380565,36.971372581785));
#8437 = CARTESIAN_POINT('',(1.71487490477,36.950492905719));
#8438 = CARTESIAN_POINT('',(1.79367129472,36.940282256275));
#8439 = CARTESIAN_POINT('',(1.870341412602,36.930031624966));
#8440 = CARTESIAN_POINT('',(1.945158001597,36.92010223715));
#8441 = CARTESIAN_POINT('',(2.018362474509,36.910783595871));
#8442 = CARTESIAN_POINT('',(2.090180033059,36.902298247233));
#8443 = CARTESIAN_POINT('',(2.160829917138,36.894811233101));
#8444 = CARTESIAN_POINT('',(2.296207084499,36.882444863429));
#8445 = CARTESIAN_POINT('',(2.361081094054,36.877436059245));
#8446 = CARTESIAN_POINT('',(2.425346506314,36.87351996451));
#8447 = CARTESIAN_POINT('',(2.489181954941,36.870765782996));
#8448 = CARTESIAN_POINT('',(2.55275835318,36.869215351684));
#8449 = CARTESIAN_POINT('',(2.616244954104,36.868886468238));
#8450 = CARTESIAN_POINT('',(2.679814131581,36.869773970619));
#8451 = CARTESIAN_POINT('',(2.845905758393,36.87517220565));
#8452 = CARTESIAN_POINT('',(2.948780731182,36.881540480286));
#8453 = CARTESIAN_POINT('',(3.053089253798,36.890830928718));
#8454 = CARTESIAN_POINT('',(3.159571533553,36.902765582394));
#8455 = CARTESIAN_POINT('',(3.268971323225,36.916877280116));
#8456 = CARTESIAN_POINT('',(3.38207235138,36.932402687433));
#8457 = CARTESIAN_POINT('',(3.499773873363,36.948191239086));
#8458 = CARTESIAN_POINT('',(3.723715410336,36.974531092374));
#8459 = CARTESIAN_POINT('',(3.830305933424,36.985782947477));
#8460 = CARTESIAN_POINT('',(3.940737254724,36.995202617126));
#8461 = CARTESIAN_POINT('',(4.053451130217,37.001490688994));
#8462 = CARTESIAN_POINT('',(4.167229373245,37.00369406055));
#8463 = CARTESIAN_POINT('',(4.280941216165,37.001661294171));
#8464 = CARTESIAN_POINT('',(4.39338330649,36.995968035786));
#8465 = CARTESIAN_POINT('',(4.628292926468,36.978045650565));
#8466 = CARTESIAN_POINT('',(4.747723307529,36.965155504979));
#8467 = CARTESIAN_POINT('',(4.862275759961,36.950393795509));
#8468 = CARTESIAN_POINT('',(4.972660053989,36.935158781799));
#8469 = CARTESIAN_POINT('',(5.079434974977,36.920571497597));
#8470 = CARTESIAN_POINT('',(5.18307514989,36.907440492544));
#8471 = CARTESIAN_POINT('',(5.283991937202,36.896311220445));
#8472 = CARTESIAN_POINT('',(5.496900913081,36.877281142555));
#8473 = CARTESIAN_POINT('',(5.608757387326,36.870119471389));
#8474 = CARTESIAN_POINT('',(5.719268291071,36.866520774415));
#8475 = CARTESIAN_POINT('',(5.829354520188,36.866707773895));
#8476 = CARTESIAN_POINT('',(5.939880970125,36.870702853001));
#8477 = CARTESIAN_POINT('',(6.051711295529,36.878334037996));
#8478 = CARTESIAN_POINT('',(6.165767702452,36.889176412164));
#8479 = CARTESIAN_POINT('',(6.28318530718,36.902442087229));
#8480 = ( GEOMETRIC_REPRESENTATION_CONTEXT(2) 
PARAMETRIC_REPRESENTATION_CONTEXT() REPRESENTATION_CONTEXT('2D SPACE',''
  ) );
#8481 = ADVANCED_FACE('',(#8482),#1840,.T.);
#8482 = FACE_BOUND('',#8483,.T.);
#8483 = EDGE_LOOP('',(#8484,#8485,#8486,#8487));
#8484 = ORIENTED_EDGE('',*,*,#1825,.T.);
#8485 = ORIENTED_EDGE('',*,*,#8242,.T.);
#8486 = ORIENTED_EDGE('',*,*,#1919,.T.);
#8487 = ORIENTED_EDGE('',*,*,#8488,.F.);
#8488 = EDGE_CURVE('',#1826,#1899,#8489,.T.);
#8489 = SURFACE_CURVE('',#8490,(#8495,#8502),.PCURVE_S1.);
#8490 = CIRCLE('',#8491,15.);
#8491 = AXIS2_PLACEMENT_3D('',#8492,#8493,#8494);
#8492 = CARTESIAN_POINT('',(50.,86.6,0.));
#8493 = DIRECTION('',(0.500011000363,0.866019052629,0.));
#8494 = DIRECTION('',(0.866019052629,-0.500011000363,0.));
#8495 = PCURVE('',#1840,#8496);
#8496 = DEFINITIONAL_REPRESENTATION('',(#8497),#8501);
#8497 = CIRCLE('',#8498,15.);
#8498 = AXIS2_PLACEMENT_2D('',#8499,#8500);
#8499 = CARTESIAN_POINT('',(0.,0.));
#8500 = DIRECTION('',(1.,0.));
#8501 = ( GEOMETRIC_REPRESENTATION_CONTEXT(2) 
PARAMETRIC_REPRESENTATION_CONTEXT() REPRESENTATION_CONTEXT('2D SPACE',''
  ) );
#8502 = PCURVE('',#1725,#8503);
#8503 = DEFINITIONAL_REPRESENTATION('',(#8504),#8508);
#8504 = LINE('',#8505,#8506);
#8505 = CARTESIAN_POINT('',(0.,64.99856998427));
#8506 = VECTOR('',#8507,1.);
#8507 = DIRECTION('',(1.,0.));
#8508 = ( GEOMETRIC_REPRESENTATION_CONTEXT(2) 
PARAMETRIC_REPRESENTATION_CONTEXT() REPRESENTATION_CONTEXT('2D SPACE',''
  ) );
#8509 = ADVANCED_FACE('',(#8510,#8745,#8940),#1725,.F.);
#8510 = FACE_BOUND('',#8511,.F.);
#8511 = EDGE_LOOP('',(#8512,#8537,#8559,#8560,#8561,#8562,#8584,#8585,
    #8607,#8608,#8630,#8631,#8653,#8654,#8676,#8677,#8699,#8700,#8722,
    #8723));
#8512 = ORIENTED_EDGE('',*,*,#8513,.T.);
#8513 = EDGE_CURVE('',#8514,#8516,#8518,.T.);
#8514 = VERTEX_POINT('',#8515);
#8515 = CARTESIAN_POINT('',(30.490285789431,22.809834994555,
    3.673940397442E-15));
#8516 = VERTEX_POINT('',#8517);
#8517 = CARTESIAN_POINT('',(65.490285789431,83.429834994555,
    3.673940397442E-15));
#8518 = SEAM_CURVE('',#8519,(#8523,#8530),.PCURVE_S1.);
#8519 = LINE('',#8520,#8521);
#8520 = CARTESIAN_POINT('',(30.490285789431,22.809834994555,
    3.673940397442E-15));
#8521 = VECTOR('',#8522,1.);
#8522 = DIRECTION('',(0.500011000363,0.866019052629,0.));
#8523 = PCURVE('',#1725,#8524);
#8524 = DEFINITIONAL_REPRESENTATION('',(#8525),#8529);
#8525 = LINE('',#8526,#8527);
#8526 = CARTESIAN_POINT('',(6.28318530718,-0.));
#8527 = VECTOR('',#8528,1.);
#8528 = DIRECTION('',(0.,1.));
#8529 = ( GEOMETRIC_REPRESENTATION_CONTEXT(2) 
PARAMETRIC_REPRESENTATION_CONTEXT() REPRESENTATION_CONTEXT('2D SPACE',''
  ) );
#8530 = PCURVE('',#1725,#8531);
#8531 = DEFINITIONAL_REPRESENTATION('',(#8532),#8536);
#8532 = LINE('',#8533,#8534);
#8533 = CARTESIAN_POINT('',(0.,-0.));
#8534 = VECTOR('',#8535,1.);
#8535 = DIRECTION('',(0.,1.));
#8536 = ( GEOMETRIC_REPRESENTATION_CONTEXT(2) 
PARAMETRIC_REPRESENTATION_CONTEXT() REPRESENTATION_CONTEXT('2D SPACE',''
  ) );
#8537 = ORIENTED_EDGE('',*,*,#8538,.F.);
#8538 = EDGE_CURVE('',#1873,#8516,#8539,.T.);
#8539 = SURFACE_CURVE('',#8540,(#8545,#8552),.PCURVE_S1.);
#8540 = CIRCLE('',#8541,15.);
#8541 = AXIS2_PLACEMENT_3D('',#8542,#8543,#8544);
#8542 = CARTESIAN_POINT('',(52.5,90.93,0.));
#8543 = DIRECTION('',(0.500011000363,0.866019052629,0.));
#8544 = DIRECTION('',(0.866019052629,-0.500011000363,0.));
#8545 = PCURVE('',#1725,#8546);
#8546 = DEFINITIONAL_REPRESENTATION('',(#8547),#8551);
#8547 = LINE('',#8548,#8549);
#8548 = CARTESIAN_POINT('',(0.,69.99845998306));
#8549 = VECTOR('',#8550,1.);
#8550 = DIRECTION('',(1.,0.));
#8551 = ( GEOMETRIC_REPRESENTATION_CONTEXT(2) 
PARAMETRIC_REPRESENTATION_CONTEXT() REPRESENTATION_CONTEXT('2D SPACE',''
  ) );
#8552 = PCURVE('',#1887,#8553);
#8553 = DEFINITIONAL_REPRESENTATION('',(#8554),#8558);
#8554 = CIRCLE('',#8555,15.);
#8555 = AXIS2_PLACEMENT_2D('',#8556,#8557);
#8556 = CARTESIAN_POINT('',(0.,0.));
#8557 = DIRECTION('',(1.,0.));
#8558 = ( GEOMETRIC_REPRESENTATION_CONTEXT(2) 
PARAMETRIC_REPRESENTATION_CONTEXT() REPRESENTATION_CONTEXT('2D SPACE',''
  ) );
#8559 = ORIENTED_EDGE('',*,*,#1898,.F.);
#8560 = ORIENTED_EDGE('',*,*,#8488,.F.);
#8561 = ORIENTED_EDGE('',*,*,#1851,.T.);
#8562 = ORIENTED_EDGE('',*,*,#8563,.F.);
#8563 = EDGE_CURVE('',#3579,#1852,#8564,.T.);
#8564 = SURFACE_CURVE('',#8565,(#8570,#8577),.PCURVE_S1.);
#8565 = CIRCLE('',#8566,15.);
#8566 = AXIS2_PLACEMENT_3D('',#8567,#8568,#8569);
#8567 = CARTESIAN_POINT('',(52.5,90.93,0.));
#8568 = DIRECTION('',(0.500011000363,0.866019052629,0.));
#8569 = DIRECTION('',(0.866019052629,-0.500011000363,0.));
#8570 = PCURVE('',#1725,#8571);
#8571 = DEFINITIONAL_REPRESENTATION('',(#8572),#8576);
#8572 = LINE('',#8573,#8574);
#8573 = CARTESIAN_POINT('',(0.,69.99845998306));
#8574 = VECTOR('',#8575,1.);
#8575 = DIRECTION('',(1.,0.));
#8576 = ( GEOMETRIC_REPRESENTATION_CONTEXT(2) 
PARAMETRIC_REPRESENTATION_CONTEXT() REPRESENTATION_CONTEXT('2D SPACE',''
  ) );
#8577 = PCURVE('',#1887,#8578);
#8578 = DEFINITIONAL_REPRESENTATION('',(#8579),#8583);
#8579 = CIRCLE('',#8580,15.);
#8580 = AXIS2_PLACEMENT_2D('',#8581,#8582);
#8581 = CARTESIAN_POINT('',(0.,0.));
#8582 = DIRECTION('',(1.,0.));
#8583 = ( GEOMETRIC_REPRESENTATION_CONTEXT(2) 
PARAMETRIC_REPRESENTATION_CONTEXT() REPRESENTATION_CONTEXT('2D SPACE',''
  ) );
#8584 = ORIENTED_EDGE('',*,*,#3578,.F.);
#8585 = ORIENTED_EDGE('',*,*,#8586,.F.);
#8586 = EDGE_CURVE('',#3621,#3553,#8587,.T.);
#8587 = SURFACE_CURVE('',#8588,(#8593,#8600),.PCURVE_S1.);
#8588 = CIRCLE('',#8589,15.);
#8589 = AXIS2_PLACEMENT_3D('',#8590,#8591,#8592);
#8590 = CARTESIAN_POINT('',(50.,86.6,0.));
#8591 = DIRECTION('',(0.500011000363,0.866019052629,0.));
#8592 = DIRECTION('',(0.866019052629,-0.500011000363,0.));
#8593 = PCURVE('',#1725,#8594);
#8594 = DEFINITIONAL_REPRESENTATION('',(#8595),#8599);
#8595 = LINE('',#8596,#8597);
#8596 = CARTESIAN_POINT('',(0.,64.99856998427));
#8597 = VECTOR('',#8598,1.);
#8598 = DIRECTION('',(1.,0.));
#8599 = ( GEOMETRIC_REPRESENTATION_CONTEXT(2) 
PARAMETRIC_REPRESENTATION_CONTEXT() REPRESENTATION_CONTEXT('2D SPACE',''
  ) );
#8600 = PCURVE('',#3567,#8601);
#8601 = DEFINITIONAL_REPRESENTATION('',(#8602),#8606);
#8602 = CIRCLE('',#8603,15.);
#8603 = AXIS2_PLACEMENT_2D('',#8604,#8605);
#8604 = CARTESIAN_POINT('',(0.,0.));
#8605 = DIRECTION('',(1.,0.));
#8606 = ( GEOMETRIC_REPRESENTATION_CONTEXT(2) 
PARAMETRIC_REPRESENTATION_CONTEXT() REPRESENTATION_CONTEXT('2D SPACE',''
  ) );
#8607 = ORIENTED_EDGE('',*,*,#3620,.T.);
#8608 = ORIENTED_EDGE('',*,*,#8609,.F.);
#8609 = EDGE_CURVE('',#8516,#3600,#8610,.T.);
#8610 = SURFACE_CURVE('',#8611,(#8616,#8623),.PCURVE_S1.);
#8611 = CIRCLE('',#8612,15.);
#8612 = AXIS2_PLACEMENT_3D('',#8613,#8614,#8615);
#8613 = CARTESIAN_POINT('',(52.5,90.93,0.));
#8614 = DIRECTION('',(0.500011000363,0.866019052629,0.));
#8615 = DIRECTION('',(0.866019052629,-0.500011000363,0.));
#8616 = PCURVE('',#1725,#8617);
#8617 = DEFINITIONAL_REPRESENTATION('',(#8618),#8622);
#8618 = LINE('',#8619,#8620);
#8619 = CARTESIAN_POINT('',(0.,69.99845998306));
#8620 = VECTOR('',#8621,1.);
#8621 = DIRECTION('',(1.,0.));
#8622 = ( GEOMETRIC_REPRESENTATION_CONTEXT(2) 
PARAMETRIC_REPRESENTATION_CONTEXT() REPRESENTATION_CONTEXT('2D SPACE',''
  ) );
#8623 = PCURVE('',#1887,#8624);
#8624 = DEFINITIONAL_REPRESENTATION('',(#8625),#8629);
#8625 = CIRCLE('',#8626,15.);
#8626 = AXIS2_PLACEMENT_2D('',#8627,#8628);
#8627 = CARTESIAN_POINT('',(0.,0.));
#8628 = DIRECTION('',(1.,0.));
#8629 = ( GEOMETRIC_REPRESENTATION_CONTEXT(2) 
PARAMETRIC_REPRESENTATION_CONTEXT() REPRESENTATION_CONTEXT('2D SPACE',''
  ) );
#8630 = ORIENTED_EDGE('',*,*,#8513,.F.);
#8631 = ORIENTED_EDGE('',*,*,#8632,.T.);
#8632 = EDGE_CURVE('',#8514,#3448,#8633,.T.);
#8633 = SURFACE_CURVE('',#8634,(#8639,#8646),.PCURVE_S1.);
#8634 = CIRCLE('',#8635,15.);
#8635 = AXIS2_PLACEMENT_3D('',#8636,#8637,#8638);
#8636 = CARTESIAN_POINT('',(17.5,30.31,0.));
#8637 = DIRECTION('',(0.500011000363,0.866019052629,0.));
#8638 = DIRECTION('',(0.866019052629,-0.500011000363,0.));
#8639 = PCURVE('',#1725,#8640);
#8640 = DEFINITIONAL_REPRESENTATION('',(#8641),#8645);
#8641 = LINE('',#8642,#8643);
#8642 = CARTESIAN_POINT('',(0.,0.));
#8643 = VECTOR('',#8644,1.);
#8644 = DIRECTION('',(1.,0.));
#8645 = ( GEOMETRIC_REPRESENTATION_CONTEXT(2) 
PARAMETRIC_REPRESENTATION_CONTEXT() REPRESENTATION_CONTEXT('2D SPACE',''
  ) );
#8646 = PCURVE('',#1751,#8647);
#8647 = DEFINITIONAL_REPRESENTATION('',(#8648),#8652);
#8648 = CIRCLE('',#8649,15.);
#8649 = AXIS2_PLACEMENT_2D('',#8650,#8651);
#8650 = CARTESIAN_POINT('',(0.,0.));
#8651 = DIRECTION('',(1.,0.));
#8652 = ( GEOMETRIC_REPRESENTATION_CONTEXT(2) 
PARAMETRIC_REPRESENTATION_CONTEXT() REPRESENTATION_CONTEXT('2D SPACE',''
  ) );
#8653 = ORIENTED_EDGE('',*,*,#3447,.T.);
#8654 = ORIENTED_EDGE('',*,*,#8655,.T.);
#8655 = EDGE_CURVE('',#3422,#3490,#8656,.T.);
#8656 = SURFACE_CURVE('',#8657,(#8662,#8669),.PCURVE_S1.);
#8657 = CIRCLE('',#8658,15.);
#8658 = AXIS2_PLACEMENT_3D('',#8659,#8660,#8661);
#8659 = CARTESIAN_POINT('',(20.,34.64,0.));
#8660 = DIRECTION('',(0.500011000363,0.866019052629,0.));
#8661 = DIRECTION('',(0.866019052629,-0.500011000363,0.));
#8662 = PCURVE('',#1725,#8663);
#8663 = DEFINITIONAL_REPRESENTATION('',(#8664),#8668);
#8664 = LINE('',#8665,#8666);
#8665 = CARTESIAN_POINT('',(0.,4.99988999879));
#8666 = VECTOR('',#8667,1.);
#8667 = DIRECTION('',(1.,0.));
#8668 = ( GEOMETRIC_REPRESENTATION_CONTEXT(2) 
PARAMETRIC_REPRESENTATION_CONTEXT() REPRESENTATION_CONTEXT('2D SPACE',''
  ) );
#8669 = PCURVE('',#3436,#8670);
#8670 = DEFINITIONAL_REPRESENTATION('',(#8671),#8675);
#8671 = CIRCLE('',#8672,15.);
#8672 = AXIS2_PLACEMENT_2D('',#8673,#8674);
#8673 = CARTESIAN_POINT('',(0.,0.));
#8674 = DIRECTION('',(1.,0.));
#8675 = ( GEOMETRIC_REPRESENTATION_CONTEXT(2) 
PARAMETRIC_REPRESENTATION_CONTEXT() REPRESENTATION_CONTEXT('2D SPACE',''
  ) );
#8676 = ORIENTED_EDGE('',*,*,#3489,.F.);
#8677 = ORIENTED_EDGE('',*,*,#8678,.T.);
#8678 = EDGE_CURVE('',#3469,#1737,#8679,.T.);
#8679 = SURFACE_CURVE('',#8680,(#8685,#8692),.PCURVE_S1.);
#8680 = CIRCLE('',#8681,15.);
#8681 = AXIS2_PLACEMENT_3D('',#8682,#8683,#8684);
#8682 = CARTESIAN_POINT('',(17.5,30.31,0.));
#8683 = DIRECTION('',(0.500011000363,0.866019052629,0.));
#8684 = DIRECTION('',(0.866019052629,-0.500011000363,0.));
#8685 = PCURVE('',#1725,#8686);
#8686 = DEFINITIONAL_REPRESENTATION('',(#8687),#8691);
#8687 = LINE('',#8688,#8689);
#8688 = CARTESIAN_POINT('',(0.,0.));
#8689 = VECTOR('',#8690,1.);
#8690 = DIRECTION('',(1.,0.));
#8691 = ( GEOMETRIC_REPRESENTATION_CONTEXT(2) 
PARAMETRIC_REPRESENTATION_CONTEXT() REPRESENTATION_CONTEXT('2D SPACE',''
  ) );
#8692 = PCURVE('',#1751,#8693);
#8693 = DEFINITIONAL_REPRESENTATION('',(#8694),#8698);
#8694 = CIRCLE('',#8695,15.);
#8695 = AXIS2_PLACEMENT_2D('',#8696,#8697);
#8696 = CARTESIAN_POINT('',(0.,0.));
#8697 = DIRECTION('',(1.,0.));
#8698 = ( GEOMETRIC_REPRESENTATION_CONTEXT(2) 
PARAMETRIC_REPRESENTATION_CONTEXT() REPRESENTATION_CONTEXT('2D SPACE',''
  ) );
#8699 = ORIENTED_EDGE('',*,*,#1762,.T.);
#8700 = ORIENTED_EDGE('',*,*,#8701,.T.);
#8701 = EDGE_CURVE('',#1763,#1685,#8702,.T.);
#8702 = SURFACE_CURVE('',#8703,(#8708,#8715),.PCURVE_S1.);
#8703 = CIRCLE('',#8704,15.);
#8704 = AXIS2_PLACEMENT_3D('',#8705,#8706,#8707);
#8705 = CARTESIAN_POINT('',(20.,34.64,0.));
#8706 = DIRECTION('',(0.500011000363,0.866019052629,0.));
#8707 = DIRECTION('',(0.866019052629,-0.500011000363,0.));
#8708 = PCURVE('',#1725,#8709);
#8709 = DEFINITIONAL_REPRESENTATION('',(#8710),#8714);
#8710 = LINE('',#8711,#8712);
#8711 = CARTESIAN_POINT('',(0.,4.99988999879));
#8712 = VECTOR('',#8713,1.);
#8713 = DIRECTION('',(1.,0.));
#8714 = ( GEOMETRIC_REPRESENTATION_CONTEXT(2) 
PARAMETRIC_REPRESENTATION_CONTEXT() REPRESENTATION_CONTEXT('2D SPACE',''
  ) );
#8715 = PCURVE('',#1699,#8716);
#8716 = DEFINITIONAL_REPRESENTATION('',(#8717),#8721);
#8717 = CIRCLE('',#8718,15.);
#8718 = AXIS2_PLACEMENT_2D('',#8719,#8720);
#8719 = CARTESIAN_POINT('',(0.,0.));
#8720 = DIRECTION('',(1.,0.));
#8721 = ( GEOMETRIC_REPRESENTATION_CONTEXT(2) 
PARAMETRIC_REPRESENTATION_CONTEXT() REPRESENTATION_CONTEXT('2D SPACE',''
  ) );
#8722 = ORIENTED_EDGE('',*,*,#1710,.F.);
#8723 = ORIENTED_EDGE('',*,*,#8724,.T.);
#8724 = EDGE_CURVE('',#1711,#8514,#8725,.T.);
#8725 = SURFACE_CURVE('',#8726,(#8731,#8738),.PCURVE_S1.);
#8726 = CIRCLE('',#8727,15.);
#8727 = AXIS2_PLACEMENT_3D('',#8728,#8729,#8730);
#8728 = CARTESIAN_POINT('',(17.5,30.31,0.));
#8729 = DIRECTION('',(0.500011000363,0.866019052629,0.));
#8730 = DIRECTION('',(0.866019052629,-0.500011000363,0.));
#8731 = PCURVE('',#1725,#8732);
#8732 = DEFINITIONAL_REPRESENTATION('',(#8733),#8737);
#8733 = LINE('',#8734,#8735);
#8734 = CARTESIAN_POINT('',(0.,0.));
#8735 = VECTOR('',#8736,1.);
#8736 = DIRECTION('',(1.,0.));
#8737 = ( GEOMETRIC_REPRESENTATION_CONTEXT(2) 
PARAMETRIC_REPRESENTATION_CONTEXT() REPRESENTATION_CONTEXT('2D SPACE',''
  ) );
#8738 = PCURVE('',#1751,#8739);
#8739 = DEFINITIONAL_REPRESENTATION('',(#8740),#8744);
#8740 = CIRCLE('',#8741,15.);
#8741 = AXIS2_PLACEMENT_2D('',#8742,#8743);
#8742 = CARTESIAN_POINT('',(0.,0.));
#8743 = DIRECTION('',(1.,0.));
#8744 = ( GEOMETRIC_REPRESENTATION_CONTEXT(2) 
PARAMETRIC_REPRESENTATION_CONTEXT() REPRESENTATION_CONTEXT('2D SPACE',''
  ) );
#8745 = FACE_BOUND('',#8746,.F.);
#8746 = EDGE_LOOP('',(#8747));
#8747 = ORIENTED_EDGE('',*,*,#8748,.T.);
#8748 = EDGE_CURVE('',#8749,#8749,#8751,.T.);
#8749 = VERTEX_POINT('',#8750);
#8750 = CARTESIAN_POINT('',(37.1,60.62,-14.8893434547));
#8751 = SURFACE_CURVE('',#8752,(#8811,#8873),.PCURVE_S1.);
#8752 = B_SPLINE_CURVE_WITH_KNOTS('',8,(#8753,#8754,#8755,#8756,#8757,
    #8758,#8759,#8760,#8761,#8762,#8763,#8764,#8765,#8766,#8767,#8768,
    #8769,#8770,#8771,#8772,#8773,#8774,#8775,#8776,#8777,#8778,#8779,
    #8780,#8781,#8782,#8783,#8784,#8785,#8786,#8787,#8788,#8789,#8790,
    #8791,#8792,#8793,#8794,#8795,#8796,#8797,#8798,#8799,#8800,#8801,
    #8802,#8803,#8804,#8805,#8806,#8807,#8808,#8809,#8810),
  .UNSPECIFIED.,.T.,.F.,(9,7,7,7,7,7,7,7,9),(0.,0.125059442494,
    0.238114568587,0.336941387296,0.430007015324,0.579172399287,
    0.700444126049,0.839204752876,1.),.UNSPECIFIED.);
#8753 = CARTESIAN_POINT('',(37.1,60.62,-14.8893434547));
#8754 = CARTESIAN_POINT('',(37.1,60.811353804621,-14.90103004594));
#8755 = CARTESIAN_POINT('',(37.080073131064,61.008689288404,
    -14.91447655002));
#8756 = CARTESIAN_POINT('',(37.038037188795,61.209653230585,
    -14.92924469883));
#8757 = CARTESIAN_POINT('',(36.971934308369,61.411423947007,
    -14.94465917409));
#8758 = CARTESIAN_POINT('',(36.880051892558,61.610687799888,
    -14.95981393034));
#8759 = CARTESIAN_POINT('',(36.760964012006,61.803572043601,
    -14.97360213709));
#8760 = CARTESIAN_POINT('',(36.613625244813,61.985487445092,
    -14.98481237056));
#8761 = CARTESIAN_POINT('',(36.278373969886,62.300309347403,
    -14.99913303781));
#8762 = CARTESIAN_POINT('',(36.099318512041,62.432857854142,
    -15.00276309633));
#8763 = CARTESIAN_POINT('',(35.903769532307,62.543643288577,
    -15.00256606456));
#8764 = CARTESIAN_POINT('',(35.696484217649,62.629316331904,
    -14.99830959206));
#8765 = CARTESIAN_POINT('',(35.483140933443,62.68817449505,
    -14.99039213983));
#8766 = CARTESIAN_POINT('',(35.269879619408,62.720367483359,
    -14.9797423758));
#8767 = CARTESIAN_POINT('',(35.062894238298,62.728109033524,
    -14.9675434392));
#8768 = CARTESIAN_POINT('',(34.697895962865,62.705145288477,
    -14.94387197379));
#8769 = CARTESIAN_POINT('',(34.533776324487,62.678953042654,
    -14.9322924896));
#8770 = CARTESIAN_POINT('',(34.37670209292,62.639010068708,
    -14.92066463158));
#8771 = CARTESIAN_POINT('',(34.227295021502,62.586826099565,
    -14.90939778179));
#8772 = CARTESIAN_POINT('',(34.085969058972,62.523713339838,
    -14.89882060026));
#8773 = CARTESIAN_POINT('',(33.953003054184,62.450805322753,
    -14.88918633808));
#8774 = CARTESIAN_POINT('',(33.828594624426,62.369071208785,
    -14.88068339637));
#8775 = CARTESIAN_POINT('',(33.603940544079,62.194811641587,
    -14.86664047667));
#8776 = CARTESIAN_POINT('',(33.502647596591,62.103145254572,
    -14.86095259209));
#8777 = CARTESIAN_POINT('',(33.409143633328,62.004979552073,
    -14.85650435234));
#8778 = CARTESIAN_POINT('',(33.323560451709,61.900869070757,
    -14.85337527999));
#8779 = CARTESIAN_POINT('',(33.246049751666,61.791291281809,
    -14.85161359644));
#8780 = CARTESIAN_POINT('',(33.176798756914,61.676667505858,
    -14.85123983835));
#8781 = CARTESIAN_POINT('',(33.116046063927,61.557383157834,
    -14.85224803914));
#8782 = CARTESIAN_POINT('',(32.980835025012,61.235740243477,
    -14.85838136704));
#8783 = CARTESIAN_POINT('',(32.920243353574,61.026773944574,
    -14.86561908416));
#8784 = CARTESIAN_POINT('',(32.883461445088,60.808290947568,
    -14.87617568266));
#8785 = CARTESIAN_POINT('',(32.872277840763,60.581738472223,
    -14.88973130569));
#8786 = CARTESIAN_POINT('',(32.889073725891,60.349027374063,
    -14.90575057997));
#8787 = CARTESIAN_POINT('',(32.936787513799,60.112803368358,
    -14.92336390673));
#8788 = CARTESIAN_POINT('',(33.018840151133,59.876877393218,
    -14.94126665121));
#8789 = CARTESIAN_POINT('',(33.236617881849,59.460294127322,
    -14.97112422202));
#8790 = CARTESIAN_POINT('',(33.361739242216,59.273147328969,
    -14.98388122746));
#8791 = CARTESIAN_POINT('',(33.515181315614,59.095317030765,
    -14.99456083333));
#8792 = CARTESIAN_POINT('',(33.694892643362,58.935007685878,
    -15.001688607));
#8793 = CARTESIAN_POINT('',(33.896362884058,58.798752773285,
    -15.00418702727));
#8794 = CARTESIAN_POINT('',(34.113320896945,58.691009247442,
    -15.00188416534));
#8795 = CARTESIAN_POINT('',(34.338322543208,58.613731623717,
    -14.99543105823));
#8796 = CARTESIAN_POINT('',(34.820849295886,58.511160990183,
    -14.97511489462));
#8797 = CARTESIAN_POINT('',(35.073984526908,58.495907014355,
    -14.96050231934));
#8798 = CARTESIAN_POINT('',(35.317476585748,58.514868999634,
    -14.9437656008));
#8799 = CARTESIAN_POINT('',(35.547934191856,58.563319722724,
    -14.92648656458));
#8800 = CARTESIAN_POINT('',(35.76308726053,58.637021164799,
    -14.90993489314));
#8801 = CARTESIAN_POINT('',(35.961431588629,58.732205399731,
    -14.89502855279));
#8802 = CARTESIAN_POINT('',(36.142052962225,58.845564226359,
    -14.88238889877));
#8803 = CARTESIAN_POINT('',(36.492504273444,59.123321265079,
    -14.86077717929));
#8804 = CARTESIAN_POINT('',(36.657128969,59.29380762713,-14.85264124936)
  );
#8805 = CARTESIAN_POINT('',(36.797794028557,59.482326487488,
    -14.84855079205));
#8806 = CARTESIAN_POINT('',(36.913820311616,59.686492482557,
    -14.84876375867));
#8807 = CARTESIAN_POINT('',(37.004090528586,59.904338392032,
    -14.8533059138));
#8808 = CARTESIAN_POINT('',(37.066933821739,60.134019184596,
    -14.86197741934));
#8809 = CARTESIAN_POINT('',(37.1,60.37350603806,-14.87428927701));
#8810 = CARTESIAN_POINT('',(37.1,60.62,-14.8893434547));
#8811 = PCURVE('',#1725,#8812);
#8812 = DEFINITIONAL_REPRESENTATION('',(#8813),#8872);
#8813 = B_SPLINE_CURVE_WITH_KNOTS('',8,(#8814,#8815,#8816,#8817,#8818,
    #8819,#8820,#8821,#8822,#8823,#8824,#8825,#8826,#8827,#8828,#8829,
    #8830,#8831,#8832,#8833,#8834,#8835,#8836,#8837,#8838,#8839,#8840,
    #8841,#8842,#8843,#8844,#8845,#8846,#8847,#8848,#8849,#8850,#8851,
    #8852,#8853,#8854,#8855,#8856,#8857,#8858,#8859,#8860,#8861,#8862,
    #8863,#8864,#8865,#8866,#8867,#8868,#8869,#8870,#8871),
  .UNSPECIFIED.,.T.,.F.,(9,7,7,7,7,7,7,7,9),(0.,0.125059442494,
    0.238114568587,0.336941387296,0.430007015324,0.579172399287,
    0.700444126049,0.839204752876,1.),.UNSPECIFIED.);
#8814 = CARTESIAN_POINT('',(1.44925463699,36.049253092292));
#8815 = CARTESIAN_POINT('',(1.455680642782,36.214969132887));
#8816 = CARTESIAN_POINT('',(1.463460783936,36.375901767932));
#8817 = CARTESIAN_POINT('',(1.472639088866,36.528921937207));
#8818 = CARTESIAN_POINT('',(1.483230134776,36.670607054522));
#8819 = CARTESIAN_POINT('',(1.495217541916,36.797231128972));
#8820 = CARTESIAN_POINT('',(1.508551133797,36.904727308693));
#8821 = CARTESIAN_POINT('',(1.523138098866,36.988598507975));
#8822 = CARTESIAN_POINT('',(1.553003256299,37.093610948212));
#8823 = CARTESIAN_POINT('',(1.56775954078,37.118870781847));
#8824 = CARTESIAN_POINT('',(1.582738627746,37.117036437846));
#8825 = CARTESIAN_POINT('',(1.597559941755,37.087585988121));
#8826 = CARTESIAN_POINT('',(1.611845010529,37.031884289851));
#8827 = CARTESIAN_POINT('',(1.625247475323,36.953131028119));
#8828 = CARTESIAN_POINT('',(1.637482051709,36.856340390589));
#8829 = CARTESIAN_POINT('',(1.657850832012,36.653950197028));
#8830 = CARTESIAN_POINT('',(1.666487071934,36.54920558855));
#8831 = CARTESIAN_POINT('',(1.674262339824,36.436075368437));
#8832 = CARTESIAN_POINT('',(1.681189206709,36.316177877676));
#8833 = CARTESIAN_POINT('',(1.68728548747,36.190856489387));
#8834 = CARTESIAN_POINT('',(1.69257097863,36.061232292434));
#8835 = CARTESIAN_POINT('',(1.697064985593,35.928243409071));
#8836 = CARTESIAN_POINT('',(1.704287452818,35.665001792324));
#8837 = CARTESIAN_POINT('',(1.707105540597,35.53496936668));
#8838 = CARTESIAN_POINT('',(1.709252259259,35.403202987792));
#8839 = CARTESIAN_POINT('',(1.710737666811,35.270248795139));
#8840 = CARTESIAN_POINT('',(1.711568388567,35.136596139498));
#8841 = CARTESIAN_POINT('',(1.711747430228,35.002703506478));
#8842 = CARTESIAN_POINT('',(1.711273938183,34.869023973614));
#8843 = CARTESIAN_POINT('',(1.70833009275,34.522868074809));
#8844 = CARTESIAN_POINT('',(1.704829219033,34.311602776352));
#8845 = CARTESIAN_POINT('',(1.699622145863,34.104000979413));
#8846 = CARTESIAN_POINT('',(1.692657213303,33.902210294158));
#8847 = CARTESIAN_POINT('',(1.68386592905,33.709076176718));
#8848 = CARTESIAN_POINT('',(1.673173949841,33.528359105912));
#8849 = CARTESIAN_POINT('',(1.660518280399,33.365069937707));
#8850 = CARTESIAN_POINT('',(1.633983790161,33.113192153426));
#8851 = CARTESIAN_POINT('',(1.62049573216,33.013681516978));
#8852 = CARTESIAN_POINT('',(1.605694668552,32.936399815217));
#8853 = CARTESIAN_POINT('',(1.589973484956,32.887426508993));
#8854 = CARTESIAN_POINT('',(1.573805323598,32.870164495268));
#8855 = CARTESIAN_POINT('',(1.557691482735,32.88533794215));
#8856 = CARTESIAN_POINT('',(1.542121091893,32.930917345894));
#8857 = CARTESIAN_POINT('',(1.510814193566,33.083357907322));
#8858 = CARTESIAN_POINT('',(1.495663078696,33.196718073717));
#8859 = CARTESIAN_POINT('',(1.482194389079,33.334888222165));
#8860 = CARTESIAN_POINT('',(1.470449515321,33.492078809646));
#8861 = CARTESIAN_POINT('',(1.460424442407,33.663484563788));
#8862 = CARTESIAN_POINT('',(1.452086903999,33.845090270659));
#8863 = CARTESIAN_POINT('',(1.445384388806,34.033573848001));
#8864 = CARTESIAN_POINT('',(1.434315820017,34.449346246235));
#8865 = CARTESIAN_POINT('',(1.430456186325,34.679304842694));
#8866 = CARTESIAN_POINT('',(1.428598886645,34.912899844689));
#8867 = CARTESIAN_POINT('',(1.428706713838,35.147725904178));
#8868 = CARTESIAN_POINT('',(1.430779021606,35.381520713811));
#8869 = CARTESIAN_POINT('',(1.434848207447,35.611850994069));
#8870 = CARTESIAN_POINT('',(1.440976925292,35.835784624894));
#8871 = CARTESIAN_POINT('',(1.44925463699,36.049253092292));
#8872 = ( GEOMETRIC_REPRESENTATION_CONTEXT(2) 
PARAMETRIC_REPRESENTATION_CONTEXT() REPRESENTATION_CONTEXT('2D SPACE',''
  ) );
#8873 = PCURVE('',#8874,#8879);
#8874 = CYLINDRICAL_SURFACE('',#8875,2.1);
#8875 = AXIS2_PLACEMENT_3D('',#8876,#8877,#8878);
#8876 = CARTESIAN_POINT('',(35.,60.62,-20.));
#8877 = DIRECTION('',(0.,0.,1.));
#8878 = DIRECTION('',(1.,0.,-0.));
#8879 = DEFINITIONAL_REPRESENTATION('',(#8880),#8939);
#8880 = B_SPLINE_CURVE_WITH_KNOTS('',8,(#8881,#8882,#8883,#8884,#8885,
    #8886,#8887,#8888,#8889,#8890,#8891,#8892,#8893,#8894,#8895,#8896,
    #8897,#8898,#8899,#8900,#8901,#8902,#8903,#8904,#8905,#8906,#8907,
    #8908,#8909,#8910,#8911,#8912,#8913,#8914,#8915,#8916,#8917,#8918,
    #8919,#8920,#8921,#8922,#8923,#8924,#8925,#8926,#8927,#8928,#8929,
    #8930,#8931,#8932,#8933,#8934,#8935,#8936,#8937,#8938),
  .UNSPECIFIED.,.F.,.F.,(9,7,7,7,7,7,7,7,9),(0.,0.125059442494,
    0.238114568587,0.336941387296,0.430007015324,0.579172399287,
    0.700444126049,0.839204752876,1.),.UNSPECIFIED.);
#8881 = CARTESIAN_POINT('',(8.881784197001E-16,5.110656545296));
#8882 = CARTESIAN_POINT('',(9.11208593434E-02,5.098969954056));
#8883 = CARTESIAN_POINT('',(0.185089744531,5.085523449977));
#8884 = CARTESIAN_POINT('',(0.281941219461,5.070755301166));
#8885 = CARTESIAN_POINT('',(0.381781766012,5.055340825907));
#8886 = CARTESIAN_POINT('',(0.484817551608,5.040186069656));
#8887 = CARTESIAN_POINT('',(0.591348619818,5.026397862903));
#8888 = CARTESIAN_POINT('',(0.701794232236,5.015187629431));
#8889 = CARTESIAN_POINT('',(0.920793319776,5.000866962184));
#8890 = CARTESIAN_POINT('',(1.026155615688,4.997236903667));
#8891 = CARTESIAN_POINT('',(1.131863678739,4.997433935439));
#8892 = CARTESIAN_POINT('',(1.237074255867,5.001690407936));
#8893 = CARTESIAN_POINT('',(1.340955123884,5.009607860162));
#8894 = CARTESIAN_POINT('',(1.442565691536,5.020257624199));
#8895 = CARTESIAN_POINT('',(1.540704659712,5.032456560795));
#8896 = CARTESIAN_POINT('',(1.714857012186,5.056128026208));
#8897 = CARTESIAN_POINT('',(1.793638645439,5.067707510393));
#8898 = CARTESIAN_POINT('',(1.87029794932,5.079335368415));
#8899 = CARTESIAN_POINT('',(1.945108648016,5.090602218203));
#8900 = CARTESIAN_POINT('',(2.018313259423,5.101179399734));
#8901 = CARTESIAN_POINT('',(2.090138191721,5.110813661917));
#8902 = CARTESIAN_POINT('',(2.1608039973,5.119316603628));
#8903 = CARTESIAN_POINT('',(2.296192790414,5.133359523322));
#8904 = CARTESIAN_POINT('',(2.361059624293,5.139047407906));
#8905 = CARTESIAN_POINT('',(2.425323579882,5.143495647654));
#8906 = CARTESIAN_POINT('',(2.489161779442,5.146624720005));
#8907 = CARTESIAN_POINT('',(2.552743540634,5.148386403555));
#8908 = CARTESIAN_POINT('',(2.61623645337,5.14876016165));
#8909 = CARTESIAN_POINT('',(2.679811166158,5.147751960853));
#8910 = CARTESIAN_POINT('',(2.845957421293,5.141618632955));
#8911 = CARTESIAN_POINT('',(2.948870322916,5.134380915831));
#8912 = CARTESIAN_POINT('',(3.053201654584,5.123824317339));
#8913 = CARTESIAN_POINT('',(3.159691057977,5.110268694305));
#8914 = CARTESIAN_POINT('',(3.269082415059,5.094249420021));
#8915 = CARTESIAN_POINT('',(3.382160209475,5.076636093265));
#8916 = CARTESIAN_POINT('',(3.499824675234,5.058733348786));
#8917 = CARTESIAN_POINT('',(3.723669027854,5.028875777978));
#8918 = CARTESIAN_POINT('',(3.830249248499,5.016118772534));
#8919 = CARTESIAN_POINT('',(3.940685578846,5.005439166665));
#8920 = CARTESIAN_POINT('',(4.053410694304,4.998311392999));
#8921 = CARTESIAN_POINT('',(4.167202724195,4.995812972722));
#8922 = CARTESIAN_POINT('',(4.280928466167,4.998115834653));
#8923 = CARTESIAN_POINT('',(4.39338205753,5.004568941769));
#8924 = CARTESIAN_POINT('',(4.628290638153,5.02488510538));
#8925 = CARTESIAN_POINT('',(4.747708049334,5.039497680654));
#8926 = CARTESIAN_POINT('',(4.862242423463,5.056234399198));
#8927 = CARTESIAN_POINT('',(4.972608504776,5.073513435411));
#8928 = CARTESIAN_POINT('',(5.079370490373,5.090065106853));
#8929 = CARTESIAN_POINT('',(5.183009364955,5.104971447209));
#8930 = CARTESIAN_POINT('',(5.283944266653,5.117611101224));
#8931 = CARTESIAN_POINT('',(5.496884537037,5.139222820706));
#8932 = CARTESIAN_POINT('',(5.608747468445,5.147358750635));
#8933 = CARTESIAN_POINT('',(5.71927767789,5.151449207949));
#8934 = CARTESIAN_POINT('',(5.829386706457,5.151236241326));
#8935 = CARTESIAN_POINT('',(5.939930734036,5.146694086199));
#8936 = CARTESIAN_POINT('',(6.051765664931,5.138022580658));
#8937 = CARTESIAN_POINT('',(6.165807230065,5.125710722986));
#8938 = CARTESIAN_POINT('',(6.28318530718,5.110656545296));
#8939 = ( GEOMETRIC_REPRESENTATION_CONTEXT(2) 
PARAMETRIC_REPRESENTATION_CONTEXT() REPRESENTATION_CONTEXT('2D SPACE',''
  ) );
#8940 = FACE_BOUND('',#8941,.F.);
#8941 = EDGE_LOOP('',(#8942));
#8942 = ORIENTED_EDGE('',*,*,#8943,.F.);
#8943 = EDGE_CURVE('',#8944,#8944,#8946,.T.);
#8944 = VERTEX_POINT('',#8945);
#8945 = CARTESIAN_POINT('',(37.1,60.62,14.889343454704));
#8946 = SURFACE_CURVE('',#8947,(#9006,#9068),.PCURVE_S1.);
#8947 = B_SPLINE_CURVE_WITH_KNOTS('',8,(#8948,#8949,#8950,#8951,#8952,
    #8953,#8954,#8955,#8956,#8957,#8958,#8959,#8960,#8961,#8962,#8963,
    #8964,#8965,#8966,#8967,#8968,#8969,#8970,#8971,#8972,#8973,#8974,
    #8975,#8976,#8977,#8978,#8979,#8980,#8981,#8982,#8983,#8984,#8985,
    #8986,#8987,#8988,#8989,#8990,#8991,#8992,#8993,#8994,#8995,#8996,
    #8997,#8998,#8999,#9000,#9001,#9002,#9003,#9004,#9005),
  .UNSPECIFIED.,.T.,.F.,(9,7,7,7,7,7,7,7,9),(0.,0.125059444918,
    0.238114573201,0.336941392105,0.430007018758,0.579172400517,
    0.700444125488,0.839204750265,1.),.UNSPECIFIED.);
#8948 = CARTESIAN_POINT('',(37.1,60.62,14.889343454704));
#8949 = CARTESIAN_POINT('',(37.1,60.811353804622,14.901030045944));
#8950 = CARTESIAN_POINT('',(37.080073131064,61.008689288403,
    14.914476550023));
#8951 = CARTESIAN_POINT('',(37.038037188795,61.209653230585,
    14.929244698834));
#8952 = CARTESIAN_POINT('',(36.971934308369,61.411423947007,
    14.944659174093));
#8953 = CARTESIAN_POINT('',(36.880051892558,61.610687799888,
    14.959813930344));
#8954 = CARTESIAN_POINT('',(36.760964012006,61.803572043601,
    14.973602137097));
#8955 = CARTESIAN_POINT('',(36.613625244813,61.985487445092,
    14.984812370569));
#8956 = CARTESIAN_POINT('',(36.278373969887,62.300309347403,
    14.999133037816));
#8957 = CARTESIAN_POINT('',(36.099318512041,62.432857854142,
    15.002763096333));
#8958 = CARTESIAN_POINT('',(35.903769532307,62.543643288577,
    15.002566064561));
#8959 = CARTESIAN_POINT('',(35.69648421765,62.629316331904,
    14.998309592064));
#8960 = CARTESIAN_POINT('',(35.483140933443,62.688174495051,
    14.990392139838));
#8961 = CARTESIAN_POINT('',(35.269879619408,62.720367483359,
    14.979742375801));
#8962 = CARTESIAN_POINT('',(35.062894238299,62.728109033524,
    14.967543439205));
#8963 = CARTESIAN_POINT('',(34.697895965828,62.705145288663,
    14.943871973984));
#8964 = CARTESIAN_POINT('',(34.533776319959,62.678953041472,
    14.932292489308));
#8965 = CARTESIAN_POINT('',(34.376702092466,62.639010069312,
    14.920664631555));
#8966 = CARTESIAN_POINT('',(34.227295025511,62.58682610097,
    14.909397782063));
#8967 = CARTESIAN_POINT('',(34.085969059458,62.523713339255,
    14.898820600301));
#8968 = CARTESIAN_POINT('',(33.953003050156,62.450805320948,
    14.889186337819));
#8969 = CARTESIAN_POINT('',(33.828594626363,62.369071210288,
    14.880683396493));
#8970 = CARTESIAN_POINT('',(33.603940544079,62.194811641587,
    14.866640476678));
#8971 = CARTESIAN_POINT('',(33.502647596591,62.103145254572,
    14.860952592094));
#8972 = CARTESIAN_POINT('',(33.409143633328,62.004979552073,
    14.856504352346));
#8973 = CARTESIAN_POINT('',(33.323560451709,61.900869070757,
    14.853375279995));
#8974 = CARTESIAN_POINT('',(33.246049751666,61.791291281809,
    14.851613596445));
#8975 = CARTESIAN_POINT('',(33.176798756914,61.676667505858,
    14.85123983835));
#8976 = CARTESIAN_POINT('',(33.116046063927,61.557383157834,
    14.852248039147));
#8977 = CARTESIAN_POINT('',(32.980835025012,61.235740243477,
    14.858381367045));
#8978 = CARTESIAN_POINT('',(32.920243353574,61.026773944573,
    14.865619084169));
#8979 = CARTESIAN_POINT('',(32.883461445088,60.808290947569,
    14.876175682661));
#8980 = CARTESIAN_POINT('',(32.872277840763,60.581738472223,
    14.889731305695));
#8981 = CARTESIAN_POINT('',(32.889073725891,60.349027374063,
    14.905750579979));
#8982 = CARTESIAN_POINT('',(32.936787513799,60.112803368358,
    14.923363906735));
#8983 = CARTESIAN_POINT('',(33.018840151133,59.876877393218,
    14.941266651214));
#8984 = CARTESIAN_POINT('',(33.236617881849,59.460294127322,
    14.971124222022));
#8985 = CARTESIAN_POINT('',(33.361739242217,59.273147328968,
    14.983881227466));
#8986 = CARTESIAN_POINT('',(33.515181315613,59.095317030766,
    14.994560833335));
#8987 = CARTESIAN_POINT('',(33.694892643365,58.935007685877,
    15.001688607001));
#8988 = CARTESIAN_POINT('',(33.896362884056,58.798752773286,
    15.004187027278));
#8989 = CARTESIAN_POINT('',(34.113320896946,58.691009247441,
    15.001884165347));
#8990 = CARTESIAN_POINT('',(34.338322543208,58.613731623717,
    14.995431058231));
#8991 = CARTESIAN_POINT('',(34.820849295886,58.511160990183,
    14.97511489462));
#8992 = CARTESIAN_POINT('',(35.073984526908,58.495907014355,
    14.960502319346));
#8993 = CARTESIAN_POINT('',(35.317476585748,58.514868999634,
    14.943765600802));
#8994 = CARTESIAN_POINT('',(35.547934191856,58.563319722724,
    14.926486564589));
#8995 = CARTESIAN_POINT('',(35.76308726053,58.6370211648,14.909934893147
    ));
#8996 = CARTESIAN_POINT('',(35.961431588629,58.732205399731,
    14.895028552791));
#8997 = CARTESIAN_POINT('',(36.142052962225,58.84556422636,
    14.882388898776));
#8998 = CARTESIAN_POINT('',(36.492504279278,59.123321269703,
    14.860777178934));
#8999 = CARTESIAN_POINT('',(36.657128958059,59.293807613479,
    14.852641249729));
#9000 = CARTESIAN_POINT('',(36.797794033619,59.482326500047,
    14.848550792274));
#9001 = CARTESIAN_POINT('',(36.913820315394,59.686492484097,
    14.848763758352));
#9002 = CARTESIAN_POINT('',(37.004090523009,59.904338379534,
    14.853305913639));
#9003 = CARTESIAN_POINT('',(37.06693382387,60.134019194917,
    14.861977419746));
#9004 = CARTESIAN_POINT('',(37.1,60.373506034826,14.874289276817));
#9005 = CARTESIAN_POINT('',(37.1,60.62,14.889343454704));
#9006 = PCURVE('',#1725,#9007);
#9007 = DEFINITIONAL_REPRESENTATION('',(#9008),#9067);
#9008 = B_SPLINE_CURVE_WITH_KNOTS('',8,(#9009,#9010,#9011,#9012,#9013,
    #9014,#9015,#9016,#9017,#9018,#9019,#9020,#9021,#9022,#9023,#9024,
    #9025,#9026,#9027,#9028,#9029,#9030,#9031,#9032,#9033,#9034,#9035,
    #9036,#9037,#9038,#9039,#9040,#9041,#9042,#9043,#9044,#9045,#9046,
    #9047,#9048,#9049,#9050,#9051,#9052,#9053,#9054,#9055,#9056,#9057,
    #9058,#9059,#9060,#9061,#9062,#9063,#9064,#9065,#9066),
  .UNSPECIFIED.,.T.,.F.,(9,7,7,7,7,7,7,7,9),(0.,0.125059444918,
    0.238114573201,0.336941392105,0.430007018758,0.579172400517,
    0.700444125488,0.839204750265,1.),.UNSPECIFIED.);
#9009 = CARTESIAN_POINT('',(4.833930670189,36.049253092292));
#9010 = CARTESIAN_POINT('',(4.827504664398,36.214969132887));
#9011 = CARTESIAN_POINT('',(4.819724523243,36.375901767931));
#9012 = CARTESIAN_POINT('',(4.810546218314,36.528921937207));
#9013 = CARTESIAN_POINT('',(4.799955172404,36.670607054522));
#9014 = CARTESIAN_POINT('',(4.787967765263,36.797231128972));
#9015 = CARTESIAN_POINT('',(4.774634173383,36.904727308693));
#9016 = CARTESIAN_POINT('',(4.760047208314,36.988598507975));
#9017 = CARTESIAN_POINT('',(4.73018205088,37.093610948212));
#9018 = CARTESIAN_POINT('',(4.7154257664,37.118870781847));
#9019 = CARTESIAN_POINT('',(4.700446679434,37.117036437846));
#9020 = CARTESIAN_POINT('',(4.685625365424,37.087585988121));
#9021 = CARTESIAN_POINT('',(4.671340296651,37.031884289852));
#9022 = CARTESIAN_POINT('',(4.657937831856,36.953131028118));
#9023 = CARTESIAN_POINT('',(4.645703255471,36.856340390589));
#9024 = CARTESIAN_POINT('',(4.625334475333,36.653950198671));
#9025 = CARTESIAN_POINT('',(4.616698235023,36.549205585262));
#9026 = CARTESIAN_POINT('',(4.608922967309,36.436075368733));
#9027 = CARTESIAN_POINT('',(4.601996100656,36.316177880897));
#9028 = CARTESIAN_POINT('',(4.595899819757,36.190856489125));
#9029 = CARTESIAN_POINT('',(4.590614328376,36.061232288856));
#9030 = CARTESIAN_POINT('',(4.586120321649,35.928243411341));
#9031 = CARTESIAN_POINT('',(4.578897854362,35.665001792324));
#9032 = CARTESIAN_POINT('',(4.576079766582,35.53496936668));
#9033 = CARTESIAN_POINT('',(4.573933047921,35.403202987792));
#9034 = CARTESIAN_POINT('',(4.572447640369,35.270248795139));
#9035 = CARTESIAN_POINT('',(4.571616918613,35.136596139498));
#9036 = CARTESIAN_POINT('',(4.571437876951,35.002703506478));
#9037 = CARTESIAN_POINT('',(4.571911368997,34.869023973614));
#9038 = CARTESIAN_POINT('',(4.574855214429,34.522868074809));
#9039 = CARTESIAN_POINT('',(4.578356088147,34.311602776352));
#9040 = CARTESIAN_POINT('',(4.583563161316,34.104000979413));
#9041 = CARTESIAN_POINT('',(4.590528093877,33.902210294158));
#9042 = CARTESIAN_POINT('',(4.599319378129,33.709076176718));
#9043 = CARTESIAN_POINT('',(4.610011357338,33.528359105912));
#9044 = CARTESIAN_POINT('',(4.622667026781,33.365069937707));
#9045 = CARTESIAN_POINT('',(4.649201517019,33.113192153426));
#9046 = CARTESIAN_POINT('',(4.66268957502,33.013681516978));
#9047 = CARTESIAN_POINT('',(4.677490638627,32.936399815217));
#9048 = CARTESIAN_POINT('',(4.693211822224,32.887426508993));
#9049 = CARTESIAN_POINT('',(4.709379983581,32.870164495267));
#9050 = CARTESIAN_POINT('',(4.725493824445,32.88533794215));
#9051 = CARTESIAN_POINT('',(4.741064215287,32.930917345894));
#9052 = CARTESIAN_POINT('',(4.772371113614,33.083357907322));
#9053 = CARTESIAN_POINT('',(4.787522228484,33.196718073717));
#9054 = CARTESIAN_POINT('',(4.800990918101,33.334888222165));
#9055 = CARTESIAN_POINT('',(4.812735791859,33.492078809647));
#9056 = CARTESIAN_POINT('',(4.822760864773,33.663484563788));
#9057 = CARTESIAN_POINT('',(4.831098403181,33.845090270658));
#9058 = CARTESIAN_POINT('',(4.837800918374,34.033573848001));
#9059 = CARTESIAN_POINT('',(4.848869487346,34.449346253156));
#9060 = CARTESIAN_POINT('',(4.852729120676,34.679304825401));
#9061 = CARTESIAN_POINT('',(4.854586420408,34.912899858096));
#9062 = CARTESIAN_POINT('',(4.85447859351,35.147725907401));
#9063 = CARTESIAN_POINT('',(4.852406285669,35.381520700199));
#9064 = CARTESIAN_POINT('',(4.84833709951,35.611851004073));
#9065 = CARTESIAN_POINT('',(4.842208381996,35.835784622093));
#9066 = CARTESIAN_POINT('',(4.833930670189,36.049253092292));
#9067 = ( GEOMETRIC_REPRESENTATION_CONTEXT(2) 
PARAMETRIC_REPRESENTATION_CONTEXT() REPRESENTATION_CONTEXT('2D SPACE',''
  ) );
#9068 = PCURVE('',#8415,#9069);
#9069 = DEFINITIONAL_REPRESENTATION('',(#9070),#9129);
#9070 = B_SPLINE_CURVE_WITH_KNOTS('',8,(#9071,#9072,#9073,#9074,#9075,
    #9076,#9077,#9078,#9079,#9080,#9081,#9082,#9083,#9084,#9085,#9086,
    #9087,#9088,#9089,#9090,#9091,#9092,#9093,#9094,#9095,#9096,#9097,
    #9098,#9099,#9100,#9101,#9102,#9103,#9104,#9105,#9106,#9107,#9108,
    #9109,#9110,#9111,#9112,#9113,#9114,#9115,#9116,#9117,#9118,#9119,
    #9120,#9121,#9122,#9123,#9124,#9125,#9126,#9127,#9128),
  .UNSPECIFIED.,.F.,.F.,(9,7,7,7,7,7,7,7,9),(0.,0.125059444918,
    0.238114573201,0.336941392105,0.430007018758,0.579172400517,
    0.700444125488,0.839204750265,1.),.UNSPECIFIED.);
#9071 = CARTESIAN_POINT('',(8.881784197001E-16,34.889343454704));
#9072 = CARTESIAN_POINT('',(9.11208593436E-02,34.901030045944));
#9073 = CARTESIAN_POINT('',(0.185089744531,34.914476550023));
#9074 = CARTESIAN_POINT('',(0.281941219462,34.929244698834));
#9075 = CARTESIAN_POINT('',(0.381781766012,34.944659174093));
#9076 = CARTESIAN_POINT('',(0.484817551608,34.959813930344));
#9077 = CARTESIAN_POINT('',(0.591348619818,34.973602137097));
#9078 = CARTESIAN_POINT('',(0.701794232236,34.984812370569));
#9079 = CARTESIAN_POINT('',(0.920793319776,34.999133037816));
#9080 = CARTESIAN_POINT('',(1.026155615689,35.002763096333));
#9081 = CARTESIAN_POINT('',(1.131863678739,35.002566064561));
#9082 = CARTESIAN_POINT('',(1.237074255867,34.998309592064));
#9083 = CARTESIAN_POINT('',(1.340955123884,34.990392139838));
#9084 = CARTESIAN_POINT('',(1.442565691537,34.979742375801));
#9085 = CARTESIAN_POINT('',(1.540704659712,34.967543439205));
#9086 = CARTESIAN_POINT('',(1.714857010772,34.943871973984));
#9087 = CARTESIAN_POINT('',(1.793638647737,34.932292489308));
#9088 = CARTESIAN_POINT('',(1.870297949429,34.920664631555));
#9089 = CARTESIAN_POINT('',(1.945108645923,34.909397782063));
#9090 = CARTESIAN_POINT('',(2.018313259305,34.898820600301));
#9091 = CARTESIAN_POINT('',(2.090138193898,34.889186337819));
#9092 = CARTESIAN_POINT('',(2.160803996133,34.880683396493));
#9093 = CARTESIAN_POINT('',(2.296192790414,34.866640476678));
#9094 = CARTESIAN_POINT('',(2.361059624293,34.860952592094));
#9095 = CARTESIAN_POINT('',(2.425323579882,34.856504352346));
#9096 = CARTESIAN_POINT('',(2.489161779442,34.853375279995));
#9097 = CARTESIAN_POINT('',(2.552743540634,34.851613596445));
#9098 = CARTESIAN_POINT('',(2.61623645337,34.85123983835));
#9099 = CARTESIAN_POINT('',(2.679811166158,34.852248039147));
#9100 = CARTESIAN_POINT('',(2.845957421293,34.858381367045));
#9101 = CARTESIAN_POINT('',(2.948870322916,34.865619084169));
#9102 = CARTESIAN_POINT('',(3.053201654584,34.876175682662));
#9103 = CARTESIAN_POINT('',(3.159691057977,34.889731305695));
#9104 = CARTESIAN_POINT('',(3.269082415059,34.905750579979));
#9105 = CARTESIAN_POINT('',(3.382160209475,34.923363906735));
#9106 = CARTESIAN_POINT('',(3.499824675234,34.941266651214));
#9107 = CARTESIAN_POINT('',(3.723669027854,34.971124222022));
#9108 = CARTESIAN_POINT('',(3.8302492485,34.983881227466));
#9109 = CARTESIAN_POINT('',(3.940685578844,34.994560833335));
#9110 = CARTESIAN_POINT('',(4.053410694307,35.001688607001));
#9111 = CARTESIAN_POINT('',(4.167202724192,35.004187027278));
#9112 = CARTESIAN_POINT('',(4.280928466168,35.001884165347));
#9113 = CARTESIAN_POINT('',(4.39338205753,34.995431058231));
#9114 = CARTESIAN_POINT('',(4.628290638153,34.97511489462));
#9115 = CARTESIAN_POINT('',(4.747708049333,34.960502319346));
#9116 = CARTESIAN_POINT('',(4.862242423463,34.943765600802));
#9117 = CARTESIAN_POINT('',(4.972608504776,34.926486564589));
#9118 = CARTESIAN_POINT('',(5.079370490373,34.909934893147));
#9119 = CARTESIAN_POINT('',(5.183009364955,34.895028552791));
#9120 = CARTESIAN_POINT('',(5.283944266653,34.882388898776));
#9121 = CARTESIAN_POINT('',(5.496884540582,34.860777178934));
#9122 = CARTESIAN_POINT('',(5.608747459588,34.852641249729));
#9123 = CARTESIAN_POINT('',(5.719277684845,34.848550792274));
#9124 = CARTESIAN_POINT('',(5.829386708022,34.848763758352));
#9125 = CARTESIAN_POINT('',(5.93993072698,34.853305913639));
#9126 = CARTESIAN_POINT('',(6.051765670247,34.861977419746));
#9127 = CARTESIAN_POINT('',(6.165807228525,34.874289276817));
#9128 = CARTESIAN_POINT('',(6.28318530718,34.889343454704));
#9129 = ( GEOMETRIC_REPRESENTATION_CONTEXT(2) 
PARAMETRIC_REPRESENTATION_CONTEXT() REPRESENTATION_CONTEXT('2D SPACE',''
  ) );
#9130 = ADVANCED_FACE('',(#9131),#1887,.F.);
#9131 = FACE_BOUND('',#9132,.F.);
#9132 = EDGE_LOOP('',(#9133,#9134,#9135,#9136,#9137));
#9133 = ORIENTED_EDGE('',*,*,#8538,.T.);
#9134 = ORIENTED_EDGE('',*,*,#8609,.T.);
#9135 = ORIENTED_EDGE('',*,*,#3599,.T.);
#9136 = ORIENTED_EDGE('',*,*,#8563,.T.);
#9137 = ORIENTED_EDGE('',*,*,#1872,.F.);
#9138 = ADVANCED_FACE('',(#9139),#1699,.F.);
#9139 = FACE_BOUND('',#9140,.F.);
#9140 = EDGE_LOOP('',(#9141,#9142,#9143,#9144));
#9141 = ORIENTED_EDGE('',*,*,#1783,.T.);
#9142 = ORIENTED_EDGE('',*,*,#8265,.T.);
#9143 = ORIENTED_EDGE('',*,*,#1684,.T.);
#9144 = ORIENTED_EDGE('',*,*,#8701,.F.);
#9145 = ADVANCED_FACE('',(#9146),#1751,.T.);
#9146 = FACE_BOUND('',#9147,.T.);
#9147 = EDGE_LOOP('',(#9148,#9149,#9150,#9151,#9152));
#9148 = ORIENTED_EDGE('',*,*,#8724,.T.);
#9149 = ORIENTED_EDGE('',*,*,#8632,.T.);
#9150 = ORIENTED_EDGE('',*,*,#3468,.T.);
#9151 = ORIENTED_EDGE('',*,*,#8678,.T.);
#9152 = ORIENTED_EDGE('',*,*,#1736,.F.);
#9153 = ADVANCED_FACE('',(#9154,#9202),#1961,.T.);
#9154 = FACE_BOUND('',#9155,.T.);
#9155 = EDGE_LOOP('',(#9156,#9178,#9179,#9201));
#9156 = ORIENTED_EDGE('',*,*,#9157,.F.);
#9157 = EDGE_CURVE('',#1947,#2083,#9158,.T.);
#9158 = SURFACE_CURVE('',#9159,(#9164,#9171),.PCURVE_S1.);
#9159 = CIRCLE('',#9160,17.);
#9160 = AXIS2_PLACEMENT_3D('',#9161,#9162,#9163);
#9161 = CARTESIAN_POINT('',(-50.,-86.6,0.));
#9162 = DIRECTION('',(-0.500011000363,-0.866019052629,0.));
#9163 = DIRECTION('',(-0.866019052629,0.500011000363,0.));
#9164 = PCURVE('',#1961,#9165);
#9165 = DEFINITIONAL_REPRESENTATION('',(#9166),#9170);
#9166 = LINE('',#9167,#9168);
#9167 = CARTESIAN_POINT('',(0.,59.99867998548));
#9168 = VECTOR('',#9169,1.);
#9169 = DIRECTION('',(1.,0.));
#9170 = ( GEOMETRIC_REPRESENTATION_CONTEXT(2) 
PARAMETRIC_REPRESENTATION_CONTEXT() REPRESENTATION_CONTEXT('2D SPACE',''
  ) );
#9171 = PCURVE('',#2118,#9172);
#9172 = DEFINITIONAL_REPRESENTATION('',(#9173),#9177);
#9173 = CIRCLE('',#9174,17.);
#9174 = AXIS2_PLACEMENT_2D('',#9175,#9176);
#9175 = CARTESIAN_POINT('',(0.,0.));
#9176 = DIRECTION('',(1.,0.));
#9177 = ( GEOMETRIC_REPRESENTATION_CONTEXT(2) 
PARAMETRIC_REPRESENTATION_CONTEXT() REPRESENTATION_CONTEXT('2D SPACE',''
  ) );
#9178 = ORIENTED_EDGE('',*,*,#1944,.F.);
#9179 = ORIENTED_EDGE('',*,*,#9180,.T.);
#9180 = EDGE_CURVE('',#1945,#2062,#9181,.T.);
#9181 = SURFACE_CURVE('',#9182,(#9187,#9194),.PCURVE_S1.);
#9182 = CIRCLE('',#9183,17.);
#9183 = AXIS2_PLACEMENT_3D('',#9184,#9185,#9186);
#9184 = CARTESIAN_POINT('',(-20.,-34.64,0.));
#9185 = DIRECTION('',(-0.500011000363,-0.866019052629,0.));
#9186 = DIRECTION('',(-0.866019052629,0.500011000363,0.));
#9187 = PCURVE('',#1961,#9188);
#9188 = DEFINITIONAL_REPRESENTATION('',(#9189),#9193);
#9189 = LINE('',#9190,#9191);
#9190 = CARTESIAN_POINT('',(0.,0.));
#9191 = VECTOR('',#9192,1.);
#9192 = DIRECTION('',(1.,0.));
#9193 = ( GEOMETRIC_REPRESENTATION_CONTEXT(2) 
PARAMETRIC_REPRESENTATION_CONTEXT() REPRESENTATION_CONTEXT('2D SPACE',''
  ) );
#9194 = PCURVE('',#1987,#9195);
#9195 = DEFINITIONAL_REPRESENTATION('',(#9196),#9200);
#9196 = CIRCLE('',#9197,17.);
#9197 = AXIS2_PLACEMENT_2D('',#9198,#9199);
#9198 = CARTESIAN_POINT('',(0.,0.));
#9199 = DIRECTION('',(1.,0.));
#9200 = ( GEOMETRIC_REPRESENTATION_CONTEXT(2) 
PARAMETRIC_REPRESENTATION_CONTEXT() REPRESENTATION_CONTEXT('2D SPACE',''
  ) );
#9201 = ORIENTED_EDGE('',*,*,#2082,.T.);
#9202 = FACE_BOUND('',#9203,.T.);
#9203 = EDGE_LOOP('',(#9204));
#9204 = ORIENTED_EDGE('',*,*,#9205,.T.);
#9205 = EDGE_CURVE('',#9206,#9206,#9208,.T.);
#9206 = VERTEX_POINT('',#9207);
#9207 = CARTESIAN_POINT('',(-32.9,-60.62,-16.90244208722));
#9208 = SURFACE_CURVE('',#9209,(#9268,#9330),.PCURVE_S1.);
#9209 = B_SPLINE_CURVE_WITH_KNOTS('',8,(#9210,#9211,#9212,#9213,#9214,
    #9215,#9216,#9217,#9218,#9219,#9220,#9221,#9222,#9223,#9224,#9225,
    #9226,#9227,#9228,#9229,#9230,#9231,#9232,#9233,#9234,#9235,#9236,
    #9237,#9238,#9239,#9240,#9241,#9242,#9243,#9244,#9245,#9246,#9247,
    #9248,#9249,#9250,#9251,#9252,#9253,#9254,#9255,#9256,#9257,#9258,
    #9259,#9260,#9261,#9262,#9263,#9264,#9265,#9266,#9267),
  .UNSPECIFIED.,.T.,.F.,(9,7,7,7,7,7,7,7,9),(0.,0.125044467112,
    0.238089472355,0.336885773185,0.429977519602,0.579116351905,
    0.70037262646,0.839119687171,1.),.UNSPECIFIED.);
#9210 = CARTESIAN_POINT('',(-32.9,-60.62,-16.90244208722));
#9211 = CARTESIAN_POINT('',(-32.9,-60.42870296226,-16.91273373913));
#9212 = CARTESIAN_POINT('',(-32.91991505018,-60.23137569281,
    -16.92457965196));
#9213 = CARTESIAN_POINT('',(-32.96194438627,-60.03038918321,
    -16.93759526021));
#9214 = CARTESIAN_POINT('',(-33.0280532828,-59.82858322062,
    -16.95118574925));
#9215 = CARTESIAN_POINT('',(-33.11995315377,-59.62928799526,
    -16.96455120896));
#9216 = CARTESIAN_POINT('',(-33.23906083402,-59.43638946462,
    -16.97671331913));
#9217 = CARTESIAN_POINT('',(-33.38640542368,-59.25448375526,
    -16.98660144082));
#9218 = CARTESIAN_POINT('',(-33.7216031162,-58.93971217018,
    -16.99923387334));
#9219 = CARTESIAN_POINT('',(-33.90063149343,-58.80717885687,
    -17.00243717664));
#9220 = CARTESIAN_POINT('',(-34.09615363733,-58.69639859794,
    -17.00226477477));
#9221 = CARTESIAN_POINT('',(-34.3034161481,-58.61072232228,
    -16.99851024746));
#9222 = CARTESIAN_POINT('',(-34.51674412884,-58.55185349931,
    -16.99152589749));
#9223 = CARTESIAN_POINT('',(-34.73000491369,-58.51964354067,
    -16.98213230301));
#9224 = CARTESIAN_POINT('',(-34.93702013746,-58.51188557945,
    -16.97137258178));
#9225 = CARTESIAN_POINT('',(-35.30214153443,-58.53485707065,
    -16.95049290589));
#9226 = CARTESIAN_POINT('',(-35.46629167048,-58.56105822404,
    -16.940282256));
#9227 = CARTESIAN_POINT('',(-35.62338671248,-58.60101398287,
    -16.93003162494));
#9228 = CARTESIAN_POINT('',(-35.77280268335,-58.65321111848,
    -16.92010223738));
#9229 = CARTESIAN_POINT('',(-35.91412413705,-58.71633316454,
    -16.9107835959));
#9230 = CARTESIAN_POINT('',(-36.04707169292,-58.78924168285,
    -16.90229824699));
#9231 = CARTESIAN_POINT('',(-36.17144838307,-58.87096215125,
    -16.8948112332));
#9232 = CARTESIAN_POINT('',(-36.39608317446,-59.04520675639,
    -16.88244486342));
#9233 = CARTESIAN_POINT('',(-36.49738526565,-59.13688594006,
    -16.87743605924));
#9234 = CARTESIAN_POINT('',(-36.59088812492,-59.23505709466,
    -16.87351996451));
#9235 = CARTESIAN_POINT('',(-36.67646432088,-59.33916567049,
    -16.87076578299));
#9236 = CARTESIAN_POINT('',(-36.75396603248,-59.44873569907,
    -16.86921535168));
#9237 = CARTESIAN_POINT('',(-36.8232090004,-59.5633485984,
    -16.86888646823));
#9238 = CARTESIAN_POINT('',(-36.88395634935,-59.68262258293,
    -16.86977397061));
#9239 = CARTESIAN_POINT('',(-37.01912293134,-60.00415974219,
    -16.87517220565));
#9240 = CARTESIAN_POINT('',(-37.07970712742,-60.21304279568,
    -16.88154048028));
#9241 = CARTESIAN_POINT('',(-37.11650858268,-60.43147119039,
    -16.89083092871));
#9242 = CARTESIAN_POINT('',(-37.12772683726,-60.65800583902,
    -16.90276558239));
#9243 = CARTESIAN_POINT('',(-37.11096567615,-60.89073831933,
    -16.91687728011));
#9244 = CARTESIAN_POINT('',(-37.06327127874,-61.12701918779,
    -16.93240268743));
#9245 = CARTESIAN_POINT('',(-36.9812092739,-61.36302806247,
    -16.94819123908));
#9246 = CARTESIAN_POINT('',(-36.76333699272,-61.77979219232,
    -16.97453109237));
#9247 = CARTESIAN_POINT('',(-36.63818578334,-61.96694781122,
    -16.98578294747));
#9248 = CARTESIAN_POINT('',(-36.48473597878,-62.14475705811,
    -16.99520261712));
#9249 = CARTESIAN_POINT('',(-36.30503468643,-62.30503937079,
    -17.00149068899));
#9250 = CARTESIAN_POINT('',(-36.10358483251,-62.44127001235,
    -17.00369406055));
#9251 = CARTESIAN_POINT('',(-35.886653063,-62.54899696343,
    -17.00166129417));
#9252 = CARTESIAN_POINT('',(-35.66167489129,-62.62626892162,
    -16.99596803578));
#9253 = CARTESIAN_POINT('',(-35.17914600367,-62.72884000898,
    -16.97804565056));
#9254 = CARTESIAN_POINT('',(-34.92598383508,-62.74409830084,
    -16.96515550497));
#9255 = CARTESIAN_POINT('',(-34.68245213791,-62.7251305533,
    -16.9503937955));
#9256 = CARTESIAN_POINT('',(-34.45195682202,-62.67666064982,
    -16.93515878179));
#9257 = CARTESIAN_POINT('',(-34.23678269928,-62.60293208235,
    -16.92057149759));
#9258 = CARTESIAN_POINT('',(-34.03844612294,-62.50772647336,
    -16.90744049254));
#9259 = CARTESIAN_POINT('',(-33.85786858288,-62.39437359268,
    -16.89631122044));
#9260 = CARTESIAN_POINT('',(-33.5074687753,-62.11665737418,
    -16.87728114255));
#9261 = CARTESIAN_POINT('',(-33.34286029793,-61.9461723959,
    -16.87011947138));
#9262 = CARTESIAN_POINT('',(-33.2022259159,-61.75768334414,
    -16.86652077441));
#9263 = CARTESIAN_POINT('',(-33.08622103039,-61.55356416658,
    -16.86670777389));
#9264 = CARTESIAN_POINT('',(-32.99595082681,-61.33576088079,
    -16.870702853));
#9265 = CARTESIAN_POINT('',(-32.93308845568,-61.10609499194,
    -16.87833403799));
#9266 = CARTESIAN_POINT('',(-32.9,-60.86657696992,-16.88917641216));
#9267 = CARTESIAN_POINT('',(-32.9,-60.62,-16.90244208722));
#9268 = PCURVE('',#1961,#9269);
#9269 = DEFINITIONAL_REPRESENTATION('',(#9270),#9329);
#9270 = B_SPLINE_CURVE_WITH_KNOTS('',8,(#9271,#9272,#9273,#9274,#9275,
    #9276,#9277,#9278,#9279,#9280,#9281,#9282,#9283,#9284,#9285,#9286,
    #9287,#9288,#9289,#9290,#9291,#9292,#9293,#9294,#9295,#9296,#9297,
    #9298,#9299,#9300,#9301,#9302,#9303,#9304,#9305,#9306,#9307,#9308,
    #9309,#9310,#9311,#9312,#9313,#9314,#9315,#9316,#9317,#9318,#9319,
    #9320,#9321,#9322,#9323,#9324,#9325,#9326,#9327,#9328),
  .UNSPECIFIED.,.T.,.F.,(9,7,7,7,7,7,7,7,9),(0.,0.125044467112,
    0.238089472355,0.336885773185,0.429977519602,0.579116351905,
    0.70037262646,0.839119687171,1.),.UNSPECIFIED.);
#9271 = CARTESIAN_POINT('',(1.677980261668,28.949316891978));
#9272 = CARTESIAN_POINT('',(1.672321279214,28.78365001259));
#9273 = CARTESIAN_POINT('',(1.665467470462,28.622718581803));
#9274 = CARTESIAN_POINT('',(1.657378944682,28.469675565547));
#9275 = CARTESIAN_POINT('',(1.648042129781,28.327962932506));
#9276 = CARTESIAN_POINT('',(1.637471094415,28.201320416656));
#9277 = CARTESIAN_POINT('',(1.625710307485,28.09382176426));
#9278 = CARTESIAN_POINT('',(1.612842661893,28.009961869847));
#9279 = CARTESIAN_POINT('',(1.58649824794,27.904966213495));
#9280 = CARTESIAN_POINT('',(1.573479862234,27.879705997047));
#9281 = CARTESIAN_POINT('',(1.560263800308,27.881531404929));
#9282 = CARTESIAN_POINT('',(1.547186836686,27.91096765319));
#9283 = CARTESIAN_POINT('',(1.534583964505,27.966652467949));
#9284 = CARTESIAN_POINT('',(1.522761072918,28.045390768457));
#9285 = CARTESIAN_POINT('',(1.511969007273,28.142182115358));
#9286 = CARTESIAN_POINT('',(1.494002501031,28.344640579353));
#9287 = CARTESIAN_POINT('',(1.486387655274,28.449408151127));
#9288 = CARTESIAN_POINT('',(1.479533922258,28.562559848642));
#9289 = CARTESIAN_POINT('',(1.473429859385,28.682473191635));
#9290 = CARTESIAN_POINT('',(1.468059301862,28.807800367605));
#9291 = CARTESIAN_POINT('',(1.463404292098,28.937415773962));
#9292 = CARTESIAN_POINT('',(1.459447288147,29.070376969853));
#9293 = CARTESIAN_POINT('',(1.45308709366,29.333595984482));
#9294 = CARTESIAN_POINT('',(1.450605509166,29.463644064223));
#9295 = CARTESIAN_POINT('',(1.448715627533,29.595414612724));
#9296 = CARTESIAN_POINT('',(1.447408186261,29.728363662284));
#9297 = CARTESIAN_POINT('',(1.446677078005,29.862005102981));
#9298 = CARTESIAN_POINT('',(1.446519533538,29.995884303137));
#9299 = CARTESIAN_POINT('',(1.44693634022,30.12955218894));
#9300 = CARTESIAN_POINT('',(1.449527359289,30.475594272863));
#9301 = CARTESIAN_POINT('',(1.45260768013,30.686783741445));
#9302 = CARTESIAN_POINT('',(1.457190109393,30.894348025359));
#9303 = CARTESIAN_POINT('',(1.46332175675,31.096140597849));
#9304 = CARTESIAN_POINT('',(1.471064956277,31.289310595027));
#9305 = CARTESIAN_POINT('',(1.480487384279,31.470086605525));
#9306 = CARTESIAN_POINT('',(1.491646481343,31.633442882455));
#9307 = CARTESIAN_POINT('',(1.51505476812,31.885430022094));
#9308 = CARTESIAN_POINT('',(1.526952709678,31.984933372463));
#9309 = CARTESIAN_POINT('',(1.540009439702,32.062192977723));
#9310 = CARTESIAN_POINT('',(1.55387940436,32.111147891348));
#9311 = CARTESIAN_POINT('',(1.568144763557,32.128399079516));
#9312 = CARTESIAN_POINT('',(1.582361754387,32.113224400542));
#9313 = CARTESIAN_POINT('',(1.596098184595,32.067651827881));
#9314 = CARTESIAN_POINT('',(1.623716306926,31.915210591979));
#9315 = CARTESIAN_POINT('',(1.637080962836,31.801840694271));
#9316 = CARTESIAN_POINT('',(1.648958561093,31.663645735985));
#9317 = CARTESIAN_POINT('',(1.659312345271,31.506419682619));
#9318 = CARTESIAN_POINT('',(1.668146469145,31.334979910104));
#9319 = CARTESIAN_POINT('',(1.675490456874,31.153359568858));
#9320 = CARTESIAN_POINT('',(1.681391895381,30.964903058063));
#9321 = CARTESIAN_POINT('',(1.691138261298,30.549191763309));
#9322 = CARTESIAN_POINT('',(1.694535502103,30.319242474495));
#9323 = CARTESIAN_POINT('',(1.696169612656,30.085688626415));
#9324 = CARTESIAN_POINT('',(1.696074933027,29.850913810784));
#9325 = CARTESIAN_POINT('',(1.694252110983,29.617155920777));
#9326 = CARTESIAN_POINT('',(1.69067122285,29.386829008218));
#9327 = CARTESIAN_POINT('',(1.685274544752,29.162857245875));
#9328 = CARTESIAN_POINT('',(1.677980261668,28.949316891978));
#9329 = ( GEOMETRIC_REPRESENTATION_CONTEXT(2) 
PARAMETRIC_REPRESENTATION_CONTEXT() REPRESENTATION_CONTEXT('2D SPACE',''
  ) );
#9330 = PCURVE('',#4486,#9331);
#9331 = DEFINITIONAL_REPRESENTATION('',(#9332),#9391);
#9332 = B_SPLINE_CURVE_WITH_KNOTS('',8,(#9333,#9334,#9335,#9336,#9337,
    #9338,#9339,#9340,#9341,#9342,#9343,#9344,#9345,#9346,#9347,#9348,
    #9349,#9350,#9351,#9352,#9353,#9354,#9355,#9356,#9357,#9358,#9359,
    #9360,#9361,#9362,#9363,#9364,#9365,#9366,#9367,#9368,#9369,#9370,
    #9371,#9372,#9373,#9374,#9375,#9376,#9377,#9378,#9379,#9380,#9381,
    #9382,#9383,#9384,#9385,#9386,#9387,#9388,#9389,#9390),
  .UNSPECIFIED.,.F.,.F.,(9,7,7,7,7,7,7,7,9),(0.,0.125044467112,
    0.238089472355,0.336885773185,0.429977519602,0.579116351905,
    0.70037262646,0.839119687171,1.),.UNSPECIFIED.);
#9333 = CARTESIAN_POINT('',(8.881784197001E-16,3.097557912771));
#9334 = CARTESIAN_POINT('',(9.109382749143E-02,3.087266260861));
#9335 = CARTESIAN_POINT('',(0.185058806934,3.075420348036));
#9336 = CARTESIAN_POINT('',(0.281919980088,3.062404739784));
#9337 = CARTESIAN_POINT('',(0.381776543481,3.048814250743));
#9338 = CARTESIAN_POINT('',(0.484828382761,3.035448791038));
#9339 = CARTESIAN_POINT('',(0.591369797872,3.02328668087));
#9340 = CARTESIAN_POINT('',(0.701814266086,3.013398559177));
#9341 = CARTESIAN_POINT('',(0.920778351529,3.000766126655));
#9342 = CARTESIAN_POINT('',(1.026126306713,2.997562823354));
#9343 = CARTESIAN_POINT('',(1.131822579068,2.997735225221));
#9344 = CARTESIAN_POINT('',(1.237024181641,3.00148975254));
#9345 = CARTESIAN_POINT('',(1.340899683408,3.008474102508));
#9346 = CARTESIAN_POINT('',(1.44251115655,3.017867696982));
#9347 = CARTESIAN_POINT('',(1.54066380565,3.028627418215));
#9348 = CARTESIAN_POINT('',(1.714874903345,3.04950709411));
#9349 = CARTESIAN_POINT('',(1.793671297035,3.059717743991));
#9350 = CARTESIAN_POINT('',(1.870341412714,3.06996837506));
#9351 = CARTESIAN_POINT('',(1.945157999491,3.079897762614));
#9352 = CARTESIAN_POINT('',(2.018362474388,3.089216404097));
#9353 = CARTESIAN_POINT('',(2.090180035247,3.097701753001));
#9354 = CARTESIAN_POINT('',(2.160829915966,3.105188766792));
#9355 = CARTESIAN_POINT('',(2.296207084499,3.117555136571));
#9356 = CARTESIAN_POINT('',(2.361081094054,3.122563940755));
#9357 = CARTESIAN_POINT('',(2.425346506314,3.12648003549));
#9358 = CARTESIAN_POINT('',(2.489181954941,3.129234217004));
#9359 = CARTESIAN_POINT('',(2.55275835318,3.130784648316));
#9360 = CARTESIAN_POINT('',(2.616244954104,3.131113531762));
#9361 = CARTESIAN_POINT('',(2.679814131581,3.130226029381));
#9362 = CARTESIAN_POINT('',(2.845905758393,3.12482779435));
#9363 = CARTESIAN_POINT('',(2.948780731182,3.118459519714));
#9364 = CARTESIAN_POINT('',(3.053089253798,3.109169071282));
#9365 = CARTESIAN_POINT('',(3.159571533553,3.097234417606));
#9366 = CARTESIAN_POINT('',(3.268971323225,3.083122719884));
#9367 = CARTESIAN_POINT('',(3.38207235138,3.067597312567));
#9368 = CARTESIAN_POINT('',(3.499773873363,3.051808760914));
#9369 = CARTESIAN_POINT('',(3.723715410336,3.025468907626));
#9370 = CARTESIAN_POINT('',(3.830305933424,3.014217052523));
#9371 = CARTESIAN_POINT('',(3.940737254724,3.004797382874));
#9372 = CARTESIAN_POINT('',(4.053451130218,2.998509311007));
#9373 = CARTESIAN_POINT('',(4.167229373244,2.99630593945));
#9374 = CARTESIAN_POINT('',(4.280941216165,2.998338705829));
#9375 = CARTESIAN_POINT('',(4.39338330649,3.004031964214));
#9376 = CARTESIAN_POINT('',(4.628292926468,3.021954349435));
#9377 = CARTESIAN_POINT('',(4.747723307528,3.034844495021));
#9378 = CARTESIAN_POINT('',(4.862275759962,3.049606204491));
#9379 = CARTESIAN_POINT('',(4.972660053989,3.064841218201));
#9380 = CARTESIAN_POINT('',(5.079434974977,3.079428502403));
#9381 = CARTESIAN_POINT('',(5.18307514989,3.092559507456));
#9382 = CARTESIAN_POINT('',(5.283991937202,3.103688779555));
#9383 = CARTESIAN_POINT('',(5.496900913081,3.122718857445));
#9384 = CARTESIAN_POINT('',(5.608757387328,3.129880528611));
#9385 = CARTESIAN_POINT('',(5.719268291071,3.133479225585));
#9386 = CARTESIAN_POINT('',(5.829354520188,3.133292226105));
#9387 = CARTESIAN_POINT('',(5.939880970126,3.129297146999));
#9388 = CARTESIAN_POINT('',(6.051711295528,3.121665962004));
#9389 = CARTESIAN_POINT('',(6.165767702452,3.110823587836));
#9390 = CARTESIAN_POINT('',(6.28318530718,3.097557912771));
#9391 = ( GEOMETRIC_REPRESENTATION_CONTEXT(2) 
PARAMETRIC_REPRESENTATION_CONTEXT() REPRESENTATION_CONTEXT('2D SPACE',''
  ) );
#9392 = ADVANCED_FACE('',(#9393),#2118,.T.);
#9393 = FACE_BOUND('',#9394,.T.);
#9394 = EDGE_LOOP('',(#9395,#9396,#9397,#9398));
#9395 = ORIENTED_EDGE('',*,*,#2192,.F.);
#9396 = ORIENTED_EDGE('',*,*,#9157,.T.);
#9397 = ORIENTED_EDGE('',*,*,#2103,.F.);
#9398 = ORIENTED_EDGE('',*,*,#4008,.F.);
#9399 = ADVANCED_FACE('',(#9400),#1987,.F.);
#9400 = FACE_BOUND('',#9401,.F.);
#9401 = EDGE_LOOP('',(#9402,#9403,#9404,#9405));
#9402 = ORIENTED_EDGE('',*,*,#1972,.F.);
#9403 = ORIENTED_EDGE('',*,*,#9180,.T.);
#9404 = ORIENTED_EDGE('',*,*,#2061,.F.);
#9405 = ORIENTED_EDGE('',*,*,#4077,.F.);
#9406 = ADVANCED_FACE('',(#9407,#9463),#2230,.T.);
#9407 = FACE_BOUND('',#9408,.T.);
#9408 = EDGE_LOOP('',(#9409,#9435,#9436,#9462));
#9409 = ORIENTED_EDGE('',*,*,#9410,.F.);
#9410 = EDGE_CURVE('',#2331,#2214,#9411,.T.);
#9411 = SURFACE_CURVE('',#9412,(#9417,#9424),.PCURVE_S1.);
#9412 = CIRCLE('',#9413,17.);
#9413 = AXIS2_PLACEMENT_3D('',#9414,#9415,#9416);
#9414 = CARTESIAN_POINT('',(-40.,0.,0.));
#9415 = DIRECTION('',(1.,0.,0.));
#9416 = DIRECTION('',(0.,-0.955769224075,-0.294117647059));
#9417 = PCURVE('',#2230,#9418);
#9418 = DEFINITIONAL_REPRESENTATION('',(#9419),#9423);
#9419 = LINE('',#9420,#9421);
#9420 = CARTESIAN_POINT('',(7.55544943279,0.));
#9421 = VECTOR('',#9422,1.);
#9422 = DIRECTION('',(-1.,-0.));
#9423 = ( GEOMETRIC_REPRESENTATION_CONTEXT(2) 
PARAMETRIC_REPRESENTATION_CONTEXT() REPRESENTATION_CONTEXT('2D SPACE',''
  ) );
#9424 = PCURVE('',#2256,#9425);
#9425 = DEFINITIONAL_REPRESENTATION('',(#9426),#9434);
#9426 = ( BOUNDED_CURVE() B_SPLINE_CURVE(2,(#9427,#9428,#9429,#9430,
#9431,#9432,#9433),.UNSPECIFIED.,.T.,.F.) B_SPLINE_CURVE_WITH_KNOTS((1,2
    ,2,2,2,1),(-2.094395102393,0.,2.094395102393,4.188790204786,
6.28318530718,8.377580409573),.UNSPECIFIED.) CURVE() 
GEOMETRIC_REPRESENTATION_ITEM() RATIONAL_B_SPLINE_CURVE((1.,0.5,1.,0.5,
1.,0.5,1.)) REPRESENTATION_ITEM('') );
#9427 = CARTESIAN_POINT('',(5.,16.248076809272));
#9428 = CARTESIAN_POINT('',(33.142494558941,7.587822771428));
#9429 = CARTESIAN_POINT('',(11.57124727947,-12.45416542355));
#9430 = CARTESIAN_POINT('',(-10.,-32.49615361854));
#9431 = CARTESIAN_POINT('',(-16.57124727947,-3.793911385714));
#9432 = CARTESIAN_POINT('',(-23.14249455894,24.908330847116));
#9433 = CARTESIAN_POINT('',(5.,16.248076809272));
#9434 = ( GEOMETRIC_REPRESENTATION_CONTEXT(2) 
PARAMETRIC_REPRESENTATION_CONTEXT() REPRESENTATION_CONTEXT('2D SPACE',''
  ) );
#9435 = ORIENTED_EDGE('',*,*,#2351,.T.);
#9436 = ORIENTED_EDGE('',*,*,#9437,.T.);
#9437 = EDGE_CURVE('',#2352,#2216,#9438,.T.);
#9438 = SURFACE_CURVE('',#9439,(#9444,#9451),.PCURVE_S1.);
#9439 = CIRCLE('',#9440,17.);
#9440 = AXIS2_PLACEMENT_3D('',#9441,#9442,#9443);
#9441 = CARTESIAN_POINT('',(-100.,0.,0.));
#9442 = DIRECTION('',(1.,0.,0.));
#9443 = DIRECTION('',(0.,-0.955769224075,-0.294117647059));
#9444 = PCURVE('',#2230,#9445);
#9445 = DEFINITIONAL_REPRESENTATION('',(#9446),#9450);
#9446 = LINE('',#9447,#9448);
#9447 = CARTESIAN_POINT('',(7.55544943279,60.));
#9448 = VECTOR('',#9449,1.);
#9449 = DIRECTION('',(-1.,-0.));
#9450 = ( GEOMETRIC_REPRESENTATION_CONTEXT(2) 
PARAMETRIC_REPRESENTATION_CONTEXT() REPRESENTATION_CONTEXT('2D SPACE',''
  ) );
#9451 = PCURVE('',#2387,#9452);
#9452 = DEFINITIONAL_REPRESENTATION('',(#9453),#9461);
#9453 = ( BOUNDED_CURVE() B_SPLINE_CURVE(2,(#9454,#9455,#9456,#9457,
#9458,#9459,#9460),.UNSPECIFIED.,.T.,.F.) B_SPLINE_CURVE_WITH_KNOTS((1,2
    ,2,2,2,1),(-2.094395102393,0.,2.094395102393,4.188790204786,
6.28318530718,8.377580409573),.UNSPECIFIED.) CURVE() 
GEOMETRIC_REPRESENTATION_ITEM() RATIONAL_B_SPLINE_CURVE((1.,0.5,1.,0.5,
1.,0.5,1.)) REPRESENTATION_ITEM('') );
#9454 = CARTESIAN_POINT('',(5.,16.248076809272));
#9455 = CARTESIAN_POINT('',(33.142494558941,7.587822771428));
#9456 = CARTESIAN_POINT('',(11.57124727947,-12.45416542355));
#9457 = CARTESIAN_POINT('',(-10.,-32.49615361854));
#9458 = CARTESIAN_POINT('',(-16.57124727947,-3.793911385714));
#9459 = CARTESIAN_POINT('',(-23.14249455894,24.908330847116));
#9460 = CARTESIAN_POINT('',(5.,16.248076809272));
#9461 = ( GEOMETRIC_REPRESENTATION_CONTEXT(2) 
PARAMETRIC_REPRESENTATION_CONTEXT() REPRESENTATION_CONTEXT('2D SPACE',''
  ) );
#9462 = ORIENTED_EDGE('',*,*,#2213,.F.);
#9463 = FACE_BOUND('',#9464,.T.);
#9464 = EDGE_LOOP('',(#9465,#9559));
#9465 = ORIENTED_EDGE('',*,*,#9466,.T.);
#9466 = EDGE_CURVE('',#9467,#9469,#9471,.T.);
#9467 = VERTEX_POINT('',#9468);
#9468 = CARTESIAN_POINT('',(-67.9,-5.143516556419E-16,-17.));
#9469 = VERTEX_POINT('',#9470);
#9470 = CARTESIAN_POINT('',(-72.1,2.467663300282E-15,-17.));
#9471 = SURFACE_CURVE('',#9472,(#9499,#9529),.PCURVE_S1.);
#9472 = B_SPLINE_CURVE_WITH_KNOTS('',7,(#9473,#9474,#9475,#9476,#9477,
    #9478,#9479,#9480,#9481,#9482,#9483,#9484,#9485,#9486,#9487,#9488,
    #9489,#9490,#9491,#9492,#9493,#9494,#9495,#9496,#9497,#9498),
  .UNSPECIFIED.,.F.,.F.,(8,6,6,6,8),(0.,0.245388198885,0.500010334568,
    0.754645717946,1.),.UNSPECIFIED.);
#9473 = CARTESIAN_POINT('',(-67.9,1.82472373073E-15,-17.));
#9474 = CARTESIAN_POINT('',(-67.9,0.27899941845,-17.));
#9475 = CARTESIAN_POINT('',(-67.94324437308,0.550472901491,
    -16.99465790075));
#9476 = CARTESIAN_POINT('',(-68.02553686823,0.806637734836,
    -16.98449316045));
#9477 = CARTESIAN_POINT('',(-68.14120918429,1.041038338694,
    -16.97088438545));
#9478 = CARTESIAN_POINT('',(-68.28318086209,1.248771335965,
    -16.95571380849));
#9479 = CARTESIAN_POINT('',(-68.44305422404,1.426953058062,
    -16.94066062466));
#9480 = CARTESIAN_POINT('',(-68.78576494913,1.7290932051,-16.91254311424
    ));
#9481 = CARTESIAN_POINT('',(-68.97393949816,1.854901793688,
    -16.89918942593));
#9482 = CARTESIAN_POINT('',(-69.17128947839,1.953857542309,
    -16.88776350336));
#9483 = CARTESIAN_POINT('',(-69.37469410558,2.027149266282,
    -16.8788642531));
#9484 = CARTESIAN_POINT('',(-69.58183368071,2.075695874102,
    -16.87282091891));
#9485 = CARTESIAN_POINT('',(-69.79083925026,2.1,-16.86979549372));
#9486 = CARTESIAN_POINT('',(-70.20917163212,2.1,-16.86979549372));
#9487 = CARTESIAN_POINT('',(-70.4181750246,2.075693389921,
    -16.87282122528));
#9488 = CARTESIAN_POINT('',(-70.6253084228,2.027147043265,
    -16.87886453764));
#9489 = CARTESIAN_POINT('',(-70.82870877662,1.953857705366,
    -16.88776342707));
#9490 = CARTESIAN_POINT('',(-71.02605862796,1.854903375824,
    -16.89918927844));
#9491 = CARTESIAN_POINT('',(-71.21423498715,1.729093261272,
    -16.91254310901));
#9492 = CARTESIAN_POINT('',(-71.55691384139,1.426981212166,
    -16.94065800461));
#9493 = CARTESIAN_POINT('',(-71.71680097825,1.24880152386,
    -16.95571158314));
#9494 = CARTESIAN_POINT('',(-71.8588002725,1.041042971149,-16.970884917)
  );
#9495 = CARTESIAN_POINT('',(-71.97448942727,0.806600866759,
    -16.98449640028));
#9496 = CARTESIAN_POINT('',(-72.0567761714,0.550401825963,
    -16.99466044186));
#9497 = CARTESIAN_POINT('',(-72.1,0.278933156592,-17.));
#9498 = CARTESIAN_POINT('',(-72.1,2.467663300282E-15,-17.));
#9499 = PCURVE('',#2230,#9500);
#9500 = DEFINITIONAL_REPRESENTATION('',(#9501),#9528);
#9501 = B_SPLINE_CURVE_WITH_KNOTS('',7,(#9502,#9503,#9504,#9505,#9506,
    #9507,#9508,#9509,#9510,#9511,#9512,#9513,#9514,#9515,#9516,#9517,
    #9518,#9519,#9520,#9521,#9522,#9523,#9524,#9525,#9526,#9527),
  .UNSPECIFIED.,.F.,.F.,(8,6,6,6,8),(0.,0.245388198885,0.500010334568,
    0.754645717946,1.),.UNSPECIFIED.);
#9502 = CARTESIAN_POINT('',(6.28318530718,27.9));
#9503 = CARTESIAN_POINT('',(6.266773576683,27.9));
#9504 = CARTESIAN_POINT('',(6.25080454024,27.943244373087));
#9505 = CARTESIAN_POINT('',(6.235728845604,28.025536868237));
#9506 = CARTESIAN_POINT('',(6.221920532851,28.141209184295));
#9507 = CARTESIAN_POINT('',(6.209669694371,28.283180862092));
#9508 = CARTESIAN_POINT('',(6.199151467225,28.443054224045));
#9509 = CARTESIAN_POINT('',(6.181301723075,28.785764949131));
#9510 = CARTESIAN_POINT('',(6.173860270454,28.973939498165));
#9511 = CARTESIAN_POINT('',(6.168000883341,29.17128947839));
#9512 = CARTESIAN_POINT('',(6.163657966482,29.374694105581));
#9513 = CARTESIAN_POINT('',(6.160780240153,29.581833680714));
#9514 = CARTESIAN_POINT('',(6.159339551804,29.790839250264));
#9515 = CARTESIAN_POINT('',(6.159339551804,30.209171632129));
#9516 = CARTESIAN_POINT('',(6.160780387371,30.418175024607));
#9517 = CARTESIAN_POINT('',(6.163658098344,30.625308422804));
#9518 = CARTESIAN_POINT('',(6.168000873266,30.828708776622));
#9519 = CARTESIAN_POINT('',(6.173860177014,31.026058627963));
#9520 = CARTESIAN_POINT('',(6.181301719756,31.214234987154));
#9521 = CARTESIAN_POINT('',(6.199149803946,31.556913841393));
#9522 = CARTESIAN_POINT('',(6.209667913922,31.716800978251));
#9523 = CARTESIAN_POINT('',(6.221920264532,31.858800272503));
#9524 = CARTESIAN_POINT('',(6.235731019739,31.974489427277));
#9525 = CARTESIAN_POINT('',(6.250808721168,32.056776171408));
#9526 = CARTESIAN_POINT('',(6.266777474439,32.1));
#9527 = CARTESIAN_POINT('',(6.28318530718,32.1));
#9528 = ( GEOMETRIC_REPRESENTATION_CONTEXT(2) 
PARAMETRIC_REPRESENTATION_CONTEXT() REPRESENTATION_CONTEXT('2D SPACE',''
  ) );
#9529 = PCURVE('',#4959,#9530);
#9530 = DEFINITIONAL_REPRESENTATION('',(#9531),#9558);
#9531 = B_SPLINE_CURVE_WITH_KNOTS('',7,(#9532,#9533,#9534,#9535,#9536,
    #9537,#9538,#9539,#9540,#9541,#9542,#9543,#9544,#9545,#9546,#9547,
    #9548,#9549,#9550,#9551,#9552,#9553,#9554,#9555,#9556,#9557),
  .UNSPECIFIED.,.F.,.F.,(8,6,6,6,8),(0.,0.245388198885,0.500010334568,
    0.754645717946,1.),.UNSPECIFIED.);
#9532 = CARTESIAN_POINT('',(0.,3.));
#9533 = CARTESIAN_POINT('',(0.132856865928,3.));
#9534 = CARTESIAN_POINT('',(0.262129859914,3.005342099247));
#9535 = CARTESIAN_POINT('',(0.387943671449,3.015506839541));
#9536 = CARTESIAN_POINT('',(0.510124032445,3.029115614542));
#9537 = CARTESIAN_POINT('',(0.62824054874,3.044286191503));
#9538 = CARTESIAN_POINT('',(0.741457981802,3.059339375333));
#9539 = CARTESIAN_POINT('',(0.959019873609,3.087456885756));
#9540 = CARTESIAN_POINT('',(1.065853585147,3.100810574067));
#9541 = CARTESIAN_POINT('',(1.16972863053,3.112236496636));
#9542 = CARTESIAN_POINT('',(1.271417201678,3.1211357469));
#9543 = CARTESIAN_POINT('',(1.371669661727,3.127179081083));
#9544 = CARTESIAN_POINT('',(1.471195969778,3.130204506278));
#9545 = CARTESIAN_POINT('',(1.670401865904,3.130204506278));
#9546 = CARTESIAN_POINT('',(1.76992712248,3.127178774719));
#9547 = CARTESIAN_POINT('',(1.870176927627,3.12113546236));
#9548 = CARTESIAN_POINT('',(1.971863313083,3.11223657293));
#9549 = CARTESIAN_POINT('',(2.075737908855,3.100810721554));
#9550 = CARTESIAN_POINT('',(2.182572739533,3.087456890983));
#9551 = CARTESIAN_POINT('',(2.400114398878,3.059341995386));
#9552 = CARTESIAN_POINT('',(2.513336115461,3.044288416858));
#9553 = CARTESIAN_POINT('',(2.631469387112,3.029115083));
#9554 = CARTESIAN_POINT('',(2.75366923128,3.01550359972));
#9555 = CARTESIAN_POINT('',(2.879496646386,3.005339558135));
#9556 = CARTESIAN_POINT('',(3.008767340927,3.));
#9557 = CARTESIAN_POINT('',(3.14159265359,3.));
#9558 = ( GEOMETRIC_REPRESENTATION_CONTEXT(2) 
PARAMETRIC_REPRESENTATION_CONTEXT() REPRESENTATION_CONTEXT('2D SPACE',''
  ) );
#9559 = ORIENTED_EDGE('',*,*,#9560,.T.);
#9560 = EDGE_CURVE('',#9469,#9467,#9561,.T.);
#9561 = SURFACE_CURVE('',#9562,(#9589,#9619),.PCURVE_S1.);
#9562 = B_SPLINE_CURVE_WITH_KNOTS('',7,(#9563,#9564,#9565,#9566,#9567,
    #9568,#9569,#9570,#9571,#9572,#9573,#9574,#9575,#9576,#9577,#9578,
    #9579,#9580,#9581,#9582,#9583,#9584,#9585,#9586,#9587,#9588),
  .UNSPECIFIED.,.F.,.F.,(8,6,6,6,8),(0.,0.245413453836,0.500053685709,
    0.754693180874,1.),.UNSPECIFIED.);
#9563 = CARTESIAN_POINT('',(-72.1,2.6645352591E-15,-17.));
#9564 = CARTESIAN_POINT('',(-72.1,-0.27899941845,-17.));
#9565 = CARTESIAN_POINT('',(-72.05675562691,-0.55047290149,
    -16.99465790075));
#9566 = CARTESIAN_POINT('',(-71.97446313176,-0.806637734837,
    -16.98449316045));
#9567 = CARTESIAN_POINT('',(-71.8587908157,-1.041038338693,
    -16.97088438545));
#9568 = CARTESIAN_POINT('',(-71.7168191379,-1.248771335966,
    -16.95571380849));
#9569 = CARTESIAN_POINT('',(-71.55694577595,-1.426953058062,
    -16.94066062466));
#9570 = CARTESIAN_POINT('',(-71.21424060833,-1.729088305536,
    -16.9125435702));
#9571 = CARTESIAN_POINT('',(-71.02606132008,-1.854903594578,
    -16.89918936285));
#9572 = CARTESIAN_POINT('',(-70.82870466335,-1.95386076498,
    -16.88776304066));
#9573 = CARTESIAN_POINT('',(-70.62530137005,-2.027148899093,
    -16.87886430635));
#9574 = CARTESIAN_POINT('',(-70.41817088951,-2.075693228878,
    -16.87282124597));
#9575 = CARTESIAN_POINT('',(-70.20917223064,-2.1,-16.86979549372));
#9576 = CARTESIAN_POINT('',(-69.79082837451,-2.1,-16.86979549372));
#9577 = CARTESIAN_POINT('',(-69.58182495915,-2.075693391604,
    -16.87282122514));
#9578 = CARTESIAN_POINT('',(-69.37469158893,-2.027147035299,
    -16.87886453834));
#9579 = CARTESIAN_POINT('',(-69.17129122921,-1.953857720333,
    -16.88776342567));
#9580 = CARTESIAN_POINT('',(-68.97394135907,-1.854903362391,
    -16.89918927971));
#9581 = CARTESIAN_POINT('',(-68.78576501864,-1.729093266383,
    -16.91254310854));
#9582 = CARTESIAN_POINT('',(-68.44312139759,-1.427012279514,
    -16.94065511345));
#9583 = CARTESIAN_POINT('',(-68.2832095141,-1.248826379458,
    -16.95570990544));
#9584 = CARTESIAN_POINT('',(-68.1411798304,-1.041032242289,
    -16.9708867044));
#9585 = CARTESIAN_POINT('',(-68.02547980501,-0.806547213729,
    -16.98450022593));
#9586 = CARTESIAN_POINT('',(-67.94320427469,-0.550323989145,
    -16.9946628512));
#9587 = CARTESIAN_POINT('',(-67.9,-0.27887005422,-17.));
#9588 = CARTESIAN_POINT('',(-67.9,1.7763568394E-15,-17.));
#9589 = PCURVE('',#2230,#9590);
#9590 = DEFINITIONAL_REPRESENTATION('',(#9591),#9618);
#9591 = B_SPLINE_CURVE_WITH_KNOTS('',7,(#9592,#9593,#9594,#9595,#9596,
    #9597,#9598,#9599,#9600,#9601,#9602,#9603,#9604,#9605,#9606,#9607,
    #9608,#9609,#9610,#9611,#9612,#9613,#9614,#9615,#9616,#9617),
  .UNSPECIFIED.,.F.,.F.,(8,6,6,6,8),(0.,0.245413453836,0.500053685709,
    0.754693180874,1.),.UNSPECIFIED.);
#9592 = CARTESIAN_POINT('',(6.28318530718,32.1));
#9593 = CARTESIAN_POINT('',(6.299597037677,32.1));
#9594 = CARTESIAN_POINT('',(6.315566074119,32.056755626914));
#9595 = CARTESIAN_POINT('',(6.330641768755,31.974463131761));
#9596 = CARTESIAN_POINT('',(6.344450081508,31.858790815707));
#9597 = CARTESIAN_POINT('',(6.356700919988,31.716819137907));
#9598 = CARTESIAN_POINT('',(6.367219147134,31.556945775955));
#9599 = CARTESIAN_POINT('',(6.385068601829,31.214240608334));
#9600 = CARTESIAN_POINT('',(6.392510449687,31.026061320087));
#9601 = CARTESIAN_POINT('',(6.398369922353,30.828704663356));
#9602 = CARTESIAN_POINT('',(6.402712626113,30.625301370058));
#9603 = CARTESIAN_POINT('',(6.405590217409,30.418170889515));
#9604 = CARTESIAN_POINT('',(6.407031062555,30.209172230648));
#9605 = CARTESIAN_POINT('',(6.407031062555,29.790828374514));
#9606 = CARTESIAN_POINT('',(6.405590227087,29.581824959156));
#9607 = CARTESIAN_POINT('',(6.402712515545,29.374691588934));
#9608 = CARTESIAN_POINT('',(6.398369741977,29.171291229215));
#9609 = CARTESIAN_POINT('',(6.392510436552,28.97394135907));
#9610 = CARTESIAN_POINT('',(6.385068894905,28.785765018643));
#9611 = CARTESIAN_POINT('',(6.367222645801,28.443121397597));
#9612 = CARTESIAN_POINT('',(6.356704165404,28.283209514104));
#9613 = CARTESIAN_POINT('',(6.344449712193,28.141179830402));
#9614 = CARTESIAN_POINT('',(6.330636433105,28.025479805015));
#9615 = CARTESIAN_POINT('',(6.315557314716,27.943204274695));
#9616 = CARTESIAN_POINT('',(6.299589428016,27.9));
#9617 = CARTESIAN_POINT('',(6.28318530718,27.9));
#9618 = ( GEOMETRIC_REPRESENTATION_CONTEXT(2) 
PARAMETRIC_REPRESENTATION_CONTEXT() REPRESENTATION_CONTEXT('2D SPACE',''
  ) );
#9619 = PCURVE('',#4959,#9620);
#9620 = DEFINITIONAL_REPRESENTATION('',(#9621),#9648);
#9621 = B_SPLINE_CURVE_WITH_KNOTS('',7,(#9622,#9623,#9624,#9625,#9626,
    #9627,#9628,#9629,#9630,#9631,#9632,#9633,#9634,#9635,#9636,#9637,
    #9638,#9639,#9640,#9641,#9642,#9643,#9644,#9645,#9646,#9647),
  .UNSPECIFIED.,.F.,.F.,(8,6,6,6,8),(0.,0.245413453836,0.500053685709,
    0.754693180874,1.),.UNSPECIFIED.);
#9622 = CARTESIAN_POINT('',(3.14159265359,3.));
#9623 = CARTESIAN_POINT('',(3.274449519518,3.));
#9624 = CARTESIAN_POINT('',(3.403722513503,3.005342099247));
#9625 = CARTESIAN_POINT('',(3.52953632504,3.015506839541));
#9626 = CARTESIAN_POINT('',(3.651716686034,3.029115614542));
#9627 = CARTESIAN_POINT('',(3.76983320233,3.044286191503));
#9628 = CARTESIAN_POINT('',(3.883050635391,3.059339375333));
#9629 = CARTESIAN_POINT('',(4.100608999172,3.087456429796));
#9630 = CARTESIAN_POINT('',(4.207446502737,3.100810637146));
#9631 = CARTESIAN_POINT('',(4.311324226645,3.112236959337));
#9632 = CARTESIAN_POINT('',(4.413011752085,3.121135693644));
#9633 = CARTESIAN_POINT('',(4.513260143038,3.127178754028));
#9634 = CARTESIAN_POINT('',(4.612783156266,3.130204506278));
#9635 = CARTESIAN_POINT('',(4.81199451633,3.130204506278));
#9636 = CARTESIAN_POINT('',(4.911519783404,3.127178774851));
#9637 = CARTESIAN_POINT('',(5.011769577175,3.121135461651));
#9638 = CARTESIAN_POINT('',(5.113455961226,3.112236574326));
#9639 = CARTESIAN_POINT('',(5.217330570971,3.100810720288));
#9640 = CARTESIAN_POINT('',(5.324165389443,3.087456891459));
#9641 = CARTESIAN_POINT('',(5.541684681819,3.05934488655));
#9642 = CARTESIAN_POINT('',(5.65491720423,3.044290094553));
#9643 = CARTESIAN_POINT('',(5.77307123194,3.029113295592));
#9644 = CARTESIAN_POINT('',(5.895289999895,3.015499774065));
#9645 = CARTESIAN_POINT('',(6.021126371109,3.005337148797));
#9646 = CARTESIAN_POINT('',(6.150390043265,3.));
#9647 = CARTESIAN_POINT('',(6.28318530718,3.));
#9648 = ( GEOMETRIC_REPRESENTATION_CONTEXT(2) 
PARAMETRIC_REPRESENTATION_CONTEXT() REPRESENTATION_CONTEXT('2D SPACE',''
  ) );
#9649 = ADVANCED_FACE('',(#9650),#2387,.T.);
#9650 = FACE_BOUND('',#9651,.T.);
#9651 = EDGE_LOOP('',(#9652,#9653,#9654,#9655,#9656));
#9652 = ORIENTED_EDGE('',*,*,#2461,.F.);
#9653 = ORIENTED_EDGE('',*,*,#9437,.F.);
#9654 = ORIENTED_EDGE('',*,*,#2372,.F.);
#9655 = ORIENTED_EDGE('',*,*,#4850,.F.);
#9656 = ORIENTED_EDGE('',*,*,#5223,.F.);
#9657 = ADVANCED_FACE('',(#9658),#2256,.F.);
#9658 = FACE_BOUND('',#9659,.F.);
#9659 = EDGE_LOOP('',(#9660,#9661,#9662,#9663,#9664));
#9660 = ORIENTED_EDGE('',*,*,#2241,.F.);
#9661 = ORIENTED_EDGE('',*,*,#9410,.F.);
#9662 = ORIENTED_EDGE('',*,*,#2330,.F.);
#9663 = ORIENTED_EDGE('',*,*,#5017,.F.);
#9664 = ORIENTED_EDGE('',*,*,#5109,.F.);
#9665 = ADVANCED_FACE('',(#9666,#9714),#2525,.T.);
#9666 = FACE_BOUND('',#9667,.T.);
#9667 = EDGE_LOOP('',(#9668,#9690,#9691,#9713));
#9668 = ORIENTED_EDGE('',*,*,#9669,.F.);
#9669 = EDGE_CURVE('',#2511,#2647,#9670,.T.);
#9670 = SURFACE_CURVE('',#9671,(#9676,#9683),.PCURVE_S1.);
#9671 = CIRCLE('',#9672,17.);
#9672 = AXIS2_PLACEMENT_3D('',#9673,#9674,#9675);
#9673 = CARTESIAN_POINT('',(50.,-86.6,0.));
#9674 = DIRECTION('',(0.500011000363,-0.866019052629,0.));
#9675 = DIRECTION('',(-0.866019052629,-0.500011000363,0.));
#9676 = PCURVE('',#2525,#9677);
#9677 = DEFINITIONAL_REPRESENTATION('',(#9678),#9682);
#9678 = LINE('',#9679,#9680);
#9679 = CARTESIAN_POINT('',(0.,59.99867998548));
#9680 = VECTOR('',#9681,1.);
#9681 = DIRECTION('',(1.,0.));
#9682 = ( GEOMETRIC_REPRESENTATION_CONTEXT(2) 
PARAMETRIC_REPRESENTATION_CONTEXT() REPRESENTATION_CONTEXT('2D SPACE',''
  ) );
#9683 = PCURVE('',#2682,#9684);
#9684 = DEFINITIONAL_REPRESENTATION('',(#9685),#9689);
#9685 = CIRCLE('',#9686,17.);
#9686 = AXIS2_PLACEMENT_2D('',#9687,#9688);
#9687 = CARTESIAN_POINT('',(0.,0.));
#9688 = DIRECTION('',(1.,0.));
#9689 = ( GEOMETRIC_REPRESENTATION_CONTEXT(2) 
PARAMETRIC_REPRESENTATION_CONTEXT() REPRESENTATION_CONTEXT('2D SPACE',''
  ) );
#9690 = ORIENTED_EDGE('',*,*,#2508,.F.);
#9691 = ORIENTED_EDGE('',*,*,#9692,.T.);
#9692 = EDGE_CURVE('',#2509,#2626,#9693,.T.);
#9693 = SURFACE_CURVE('',#9694,(#9699,#9706),.PCURVE_S1.);
#9694 = CIRCLE('',#9695,17.);
#9695 = AXIS2_PLACEMENT_3D('',#9696,#9697,#9698);
#9696 = CARTESIAN_POINT('',(20.,-34.64,0.));
#9697 = DIRECTION('',(0.500011000363,-0.866019052629,0.));
#9698 = DIRECTION('',(-0.866019052629,-0.500011000363,0.));
#9699 = PCURVE('',#2525,#9700);
#9700 = DEFINITIONAL_REPRESENTATION('',(#9701),#9705);
#9701 = LINE('',#9702,#9703);
#9702 = CARTESIAN_POINT('',(0.,0.));
#9703 = VECTOR('',#9704,1.);
#9704 = DIRECTION('',(1.,0.));
#9705 = ( GEOMETRIC_REPRESENTATION_CONTEXT(2) 
PARAMETRIC_REPRESENTATION_CONTEXT() REPRESENTATION_CONTEXT('2D SPACE',''
  ) );
#9706 = PCURVE('',#2551,#9707);
#9707 = DEFINITIONAL_REPRESENTATION('',(#9708),#9712);
#9708 = CIRCLE('',#9709,17.);
#9709 = AXIS2_PLACEMENT_2D('',#9710,#9711);
#9710 = CARTESIAN_POINT('',(0.,0.));
#9711 = DIRECTION('',(1.,0.));
#9712 = ( GEOMETRIC_REPRESENTATION_CONTEXT(2) 
PARAMETRIC_REPRESENTATION_CONTEXT() REPRESENTATION_CONTEXT('2D SPACE',''
  ) );
#9713 = ORIENTED_EDGE('',*,*,#2646,.T.);
#9714 = FACE_BOUND('',#9715,.T.);
#9715 = EDGE_LOOP('',(#9716));
#9716 = ORIENTED_EDGE('',*,*,#9717,.T.);
#9717 = EDGE_CURVE('',#9718,#9718,#9720,.T.);
#9718 = VERTEX_POINT('',#9719);
#9719 = CARTESIAN_POINT('',(37.1,-60.62,-16.90244208722));
#9720 = SURFACE_CURVE('',#9721,(#9772,#9826),.PCURVE_S1.);
#9721 = B_SPLINE_CURVE_WITH_KNOTS('',7,(#9722,#9723,#9724,#9725,#9726,
    #9727,#9728,#9729,#9730,#9731,#9732,#9733,#9734,#9735,#9736,#9737,
    #9738,#9739,#9740,#9741,#9742,#9743,#9744,#9745,#9746,#9747,#9748,
    #9749,#9750,#9751,#9752,#9753,#9754,#9755,#9756,#9757,#9758,#9759,
    #9760,#9761,#9762,#9763,#9764,#9765,#9766,#9767,#9768,#9769,#9770,
    #9771),.UNSPECIFIED.,.T.,.F.,(8,6,6,6,6,6,6,6,8),(0.,0.103292774742,
    0.251740051755,0.382752492045,0.493699017772,0.62500826428,
    0.742241087365,0.855222387172,1.),.UNSPECIFIED.);
#9722 = CARTESIAN_POINT('',(37.1,-60.62,-16.90244208722));
#9723 = CARTESIAN_POINT('',(37.1,-60.45842672266,-16.89374955362));
#9724 = CARTESIAN_POINT('',(37.085496960682,-60.29994894466,
    -16.88611921212));
#9725 = CARTESIAN_POINT('',(37.057489674705,-60.14542656137,
    -16.87978990646));
#9726 = CARTESIAN_POINT('',(37.016785990565,-59.99554187207,
    -16.87491992593));
#9727 = CARTESIAN_POINT('',(36.964022674675,-59.85087895722,
    -16.87160667197));
#9728 = CARTESIAN_POINT('',(36.899683600985,-59.71200012378,
    -16.8698985493));
#9729 = CARTESIAN_POINT('',(36.715514627587,-59.38912468867,
    -16.86965613114));
#9730 = CARTESIAN_POINT('',(36.583862090685,-59.21218811831,
    -16.87283566549));
#9731 = CARTESIAN_POINT('',(36.430214514527,-59.05033242653,-16.8793329)
  );
#9732 = CARTESIAN_POINT('',(36.255116089398,-58.90570306117,
    -16.88895923357));
#9733 = CARTESIAN_POINT('',(36.05896239917,-58.7811895226,
    -16.90132758746));
#9734 = CARTESIAN_POINT('',(35.842386796095,-58.68070328744,
    -16.91571223708));
#9735 = CARTESIAN_POINT('',(35.399148290268,-58.546887836,
    -16.94436915314));
#9736 = CARTESIAN_POINT('',(35.171667297542,-58.5055507732,
    -16.95877882855));
#9737 = CARTESIAN_POINT('',(34.929450044024,-58.49285238217,
    -16.97307765075));
#9738 = CARTESIAN_POINT('',(34.678785965944,-58.51389964633,
    -16.98573705069));
#9739 = CARTESIAN_POINT('',(34.426855943638,-58.57179849287,
    -16.99510315327));
#9740 = CARTESIAN_POINT('',(34.181307436521,-58.66779732361,-17.));
#9741 = CARTESIAN_POINT('',(33.754077033934,-58.91446614727,-17.));
#9742 = CARTESIAN_POINT('',(33.572398773843,-59.05218711642,
    -16.99648868398));
#9743 = CARTESIAN_POINT('',(33.40866922217,-59.21236487885,
    -16.98946476444));
#9744 = CARTESIAN_POINT('',(33.266156901461,-59.39216314499,
    -16.97932906418));
#9745 = CARTESIAN_POINT('',(33.147579967738,-59.5881762809,
    -16.96686268683));
#9746 = CARTESIAN_POINT('',(33.054988568638,-59.79654213475,
    -16.95310196164));
#9747 = CARTESIAN_POINT('',(32.912256860687,-60.26931406269,
    -16.92255035944));
#9748 = CARTESIAN_POINT('',(32.876447003239,-60.52565249184,
    -16.90639966293));
#9749 = CARTESIAN_POINT('',(32.877228794981,-60.77645346902,
    -16.89227357358));
#9750 = CARTESIAN_POINT('',(32.910617472357,-61.01839634473,
    -16.88116768127));
#9751 = CARTESIAN_POINT('',(32.973621390051,-61.24923395546,
    -16.87359133334));
#9752 = CARTESIAN_POINT('',(33.064213732629,-61.46712578389,
    -16.86979549372));
#9753 = CARTESIAN_POINT('',(33.285948103186,-61.8511697137,
    -16.86979549372));
#9754 = CARTESIAN_POINT('',(33.411502095955,-62.02001708188,
    -16.87282122514));
#9755 = CARTESIAN_POINT('',(33.557113129104,-62.17512481475,
    -16.87886453834));
#9756 = CARTESIAN_POINT('',(33.722285489556,-62.31462793789,
    -16.88776342567));
#9757 = CARTESIAN_POINT('',(33.906658954866,-62.43605841796,
    -16.89918927971));
#9758 = CARTESIAN_POINT('',(34.109703135244,-62.53611628206,
    -16.91254310854));
#9759 = CARTESIAN_POINT('',(34.542721479458,-62.68183693192,
    -16.94066062466));
#9760 = CARTESIAN_POINT('',(34.776968685264,-62.73119748826,
    -16.95571380849));
#9761 = CARTESIAN_POINT('',(35.027856819401,-62.75027888239,
    -16.97088438545));
#9762 = CARTESIAN_POINT('',(35.288689638754,-62.73325043154,
    -16.98449316045));
#9763 = CARTESIAN_POINT('',(35.551680417869,-62.67643206565,
    -16.99465790075));
#9764 = CARTESIAN_POINT('',(35.808404288712,-62.57814278884,-17.));
#9765 = CARTESIAN_POINT('',(36.359640664757,-62.25987698281,-17.));
#9766 = CARTESIAN_POINT('',(36.619253933627,-62.02798876403,
    -16.99122762817));
#9767 = CARTESIAN_POINT('',(36.822964332793,-61.76019666452,
    -16.97516510313));
#9768 = CARTESIAN_POINT('',(36.969201044018,-61.47171436029,
    -16.9551657543));
#9769 = CARTESIAN_POINT('',(37.059686473207,-61.17705623776,
    -16.93490065702));
#9770 = CARTESIAN_POINT('',(37.1,-60.88937634257,-16.9169343532));
#9771 = CARTESIAN_POINT('',(37.1,-60.62,-16.90244208722));
#9772 = PCURVE('',#2525,#9773);
#9773 = DEFINITIONAL_REPRESENTATION('',(#9774),#9825);
#9774 = B_SPLINE_CURVE_WITH_KNOTS('',7,(#9775,#9776,#9777,#9778,#9779,
    #9780,#9781,#9782,#9783,#9784,#9785,#9786,#9787,#9788,#9789,#9790,
    #9791,#9792,#9793,#9794,#9795,#9796,#9797,#9798,#9799,#9800,#9801,
    #9802,#9803,#9804,#9805,#9806,#9807,#9808,#9809,#9810,#9811,#9812,
    #9813,#9814,#9815,#9816,#9817,#9818,#9819,#9820,#9821,#9822,#9823,
    #9824),.UNSPECIFIED.,.T.,.F.,(8,6,6,6,6,6,6,6,8),(0.,0.103292774742,
    0.251740051755,0.382752492045,0.493699017772,0.62500826428,
    0.742241087365,0.855222387172,1.),.UNSPECIFIED.);
#9775 = CARTESIAN_POINT('',(1.677980261668,31.049363093502));
#9776 = CARTESIAN_POINT('',(1.682759950639,30.909437556932));
#9777 = CARTESIAN_POINT('',(1.686707854087,30.764941102567));
#9778 = CARTESIAN_POINT('',(1.689848086219,30.617117823506));
#9779 = CARTESIAN_POINT('',(1.692200523216,30.46696253705));
#9780 = CARTESIAN_POINT('',(1.693779596007,30.315299458219));
#9781 = CARTESIAN_POINT('',(1.694593007422,30.162857497858));
#9782 = CARTESIAN_POINT('',(1.694708446226,29.791154706798));
#9783 = CARTESIAN_POINT('',(1.693194299536,29.572096549082));
#9784 = CARTESIAN_POINT('',(1.690103978392,29.35510095797));
#9785 = CARTESIAN_POINT('',(1.685403757371,29.142298033287));
#9786 = CARTESIAN_POINT('',(1.679032078976,28.936387933698));
#9787 = CARTESIAN_POINT('',(1.670911382429,28.741074755579));
#9788 = CARTESIAN_POINT('',(1.652191577504,28.403563896395));
#9789 = CARTESIAN_POINT('',(1.641784814051,28.254022213693));
#9790 = CARTESIAN_POINT('',(1.629790937665,28.121913873883));
#9791 = CARTESIAN_POINT('',(1.616384742103,28.014806409221));
#9792 = CARTESIAN_POINT('',(1.601841604903,27.938980130971));
#9793 = CARTESIAN_POINT('',(1.586509235907,27.89933999274));
#9794 = CARTESIAN_POINT('',(1.557490012744,27.89933999274));
#9795 = CARTESIAN_POINT('',(1.544184188159,27.927767847396));
#9796 = CARTESIAN_POINT('',(1.531128407002,27.98461826455));
#9797 = CARTESIAN_POINT('',(1.518568589734,28.069069260615));
#9798 = CARTESIAN_POINT('',(1.506741589027,28.179530599629));
#9799 = CARTESIAN_POINT('',(1.495866615119,28.313682680889));
#9800 = CARTESIAN_POINT('',(1.474614049921,28.651744753955));
#9801 = CARTESIAN_POINT('',(1.465203483799,28.855833394873));
#9802 = CARTESIAN_POINT('',(1.457820163057,29.073422724003));
#9803 = CARTESIAN_POINT('',(1.452365719772,29.299644569989));
#9804 = CARTESIAN_POINT('',(1.448758157083,29.531056990862));
#9805 = CARTESIAN_POINT('',(1.44695057142,29.76505263353));
#9806 = CARTESIAN_POINT('',(1.44695057142,30.208511618226));
#9807 = CARTESIAN_POINT('',(1.448391406887,30.417515033584));
#9808 = CARTESIAN_POINT('',(1.45126911843,30.624648403805));
#9809 = CARTESIAN_POINT('',(1.455611891997,30.828048763525));
#9810 = CARTESIAN_POINT('',(1.461471197423,31.025398633669));
#9811 = CARTESIAN_POINT('',(1.46891273907,31.213574974097));
#9812 = CARTESIAN_POINT('',(1.486762486841,31.556285768695));
#9813 = CARTESIAN_POINT('',(1.497280713986,31.716159130647));
#9814 = CARTESIAN_POINT('',(1.509531552466,31.858130808445));
#9815 = CARTESIAN_POINT('',(1.52333986522,31.973803124502));
#9816 = CARTESIAN_POINT('',(1.538415559855,32.056095619653));
#9817 = CARTESIAN_POINT('',(1.554384596298,32.09933999274));
#9818 = CARTESIAN_POINT('',(1.591826808546,32.09933999274));
#9819 = CARTESIAN_POINT('',(1.611872504924,32.028329867474));
#9820 = CARTESIAN_POINT('',(1.630141533179,31.898274247631));
#9821 = CARTESIAN_POINT('',(1.646115480249,31.721563040089));
#9822 = CARTESIAN_POINT('',(1.65944378389,31.511627201936));
#9823 = CARTESIAN_POINT('',(1.670011523551,31.282648138499));
#9824 = CARTESIAN_POINT('',(1.677980261668,31.049363093502));
#9825 = ( GEOMETRIC_REPRESENTATION_CONTEXT(2) 
PARAMETRIC_REPRESENTATION_CONTEXT() REPRESENTATION_CONTEXT('2D SPACE',''
  ) );
#9826 = PCURVE('',#6105,#9827);
#9827 = DEFINITIONAL_REPRESENTATION('',(#9828),#9879);
#9828 = B_SPLINE_CURVE_WITH_KNOTS('',7,(#9829,#9830,#9831,#9832,#9833,
    #9834,#9835,#9836,#9837,#9838,#9839,#9840,#9841,#9842,#9843,#9844,
    #9845,#9846,#9847,#9848,#9849,#9850,#9851,#9852,#9853,#9854,#9855,
    #9856,#9857,#9858,#9859,#9860,#9861,#9862,#9863,#9864,#9865,#9866,
    #9867,#9868,#9869,#9870,#9871,#9872,#9873,#9874,#9875,#9876,#9877,
    #9878),.UNSPECIFIED.,.F.,.F.,(8,6,6,6,6,6,6,6,8),(0.,0.103292774742,
    0.251740051755,0.382752492045,0.493699017772,0.62500826428,
    0.742241087365,0.855222387172,1.),.UNSPECIFIED.);
#9829 = CARTESIAN_POINT('',(-8.881784197001E-16,3.097557912771));
#9830 = CARTESIAN_POINT('',(7.693965587529E-02,3.106250446372));
#9831 = CARTESIAN_POINT('',(0.152405456404,3.11388078788));
#9832 = CARTESIAN_POINT('',(0.22673074391,3.120210093535));
#9833 = CARTESIAN_POINT('',(0.300209118655,3.125080074064));
#9834 = CARTESIAN_POINT('',(0.373120125896,3.128393328022));
#9835 = CARTESIAN_POINT('',(0.445744978409,3.130101450696));
#9836 = CARTESIAN_POINT('',(0.622748736753,3.130343868858));
#9837 = CARTESIAN_POINT('',(0.726996736367,3.127164334501));
#9838 = CARTESIAN_POINT('',(0.832054940466,3.120667099998));
#9839 = CARTESIAN_POINT('',(0.938739558009,3.11104076643));
#9840 = CARTESIAN_POINT('',(1.047918813278,3.09867241254));
#9841 = CARTESIAN_POINT('',(1.160478683532,3.084287762911));
#9842 = CARTESIAN_POINT('',(1.380953818824,3.055630846858));
#9843 = CARTESIAN_POINT('',(1.49034441914,3.041221171444));
#9844 = CARTESIAN_POINT('',(1.604314080208,3.026922349242));
#9845 = CARTESIAN_POINT('',(1.722047880963,3.01426294931));
#9846 = CARTESIAN_POINT('',(1.843089059734,3.00489684673));
#9847 = CARTESIAN_POINT('',(1.96720806413,3.));
#9848 = CARTESIAN_POINT('',(2.202125584978,3.));
#9849 = CARTESIAN_POINT('',(2.309838918031,3.00351131602));
#9850 = CARTESIAN_POINT('',(2.41754059207,3.010535235557));
#9851 = CARTESIAN_POINT('',(2.525242867232,3.020670935816));
#9852 = CARTESIAN_POINT('',(2.632960470634,3.033137313163));
#9853 = CARTESIAN_POINT('',(2.740690615099,3.046898038354));
#9854 = CARTESIAN_POINT('',(2.975856227751,3.077449640555));
#9855 = CARTESIAN_POINT('',(3.097641560375,3.093600337067));
#9856 = CARTESIAN_POINT('',(3.215246448357,3.107726426415));
#9857 = CARTESIAN_POINT('',(3.329746093672,3.118832318729));
#9858 = CARTESIAN_POINT('',(3.442212685629,3.126408666652));
#9859 = CARTESIAN_POINT('',(3.553638722212,3.130204506278));
#9860 = CARTESIAN_POINT('',(3.764809667305,3.130204506278));
#9861 = CARTESIAN_POINT('',(3.864334934379,3.127178774851));
#9862 = CARTESIAN_POINT('',(3.96458472815,3.121135461651));
#9863 = CARTESIAN_POINT('',(4.066271112202,3.112236574326));
#9864 = CARTESIAN_POINT('',(4.170145721945,3.100810720288));
#9865 = CARTESIAN_POINT('',(4.276980540418,3.087456891459));
#9866 = CARTESIAN_POINT('',(4.494542476353,3.059339375333));
#9867 = CARTESIAN_POINT('',(4.607759909414,3.044286191503));
#9868 = CARTESIAN_POINT('',(4.72587642571,3.029115614542));
#9869 = CARTESIAN_POINT('',(4.848056786705,3.015506839541));
#9870 = CARTESIAN_POINT('',(4.973870598241,3.005342099247));
#9871 = CARTESIAN_POINT('',(5.103143592226,3.));
#9872 = CARTESIAN_POINT('',(5.406247215184,3.));
#9873 = CARTESIAN_POINT('',(5.568523569705,3.008772371822));
#9874 = CARTESIAN_POINT('',(5.724342085752,3.024834896862));
#9875 = CARTESIAN_POINT('',(5.874155955669,3.044834245694));
#9876 = CARTESIAN_POINT('',(6.017921462642,3.065099342976));
#9877 = CARTESIAN_POINT('',(6.154910858335,3.083065646799));
#9878 = CARTESIAN_POINT('',(6.28318530718,3.097557912771));
#9879 = ( GEOMETRIC_REPRESENTATION_CONTEXT(2) 
PARAMETRIC_REPRESENTATION_CONTEXT() REPRESENTATION_CONTEXT('2D SPACE',''
  ) );
#9880 = ADVANCED_FACE('',(#9881),#2682,.T.);
#9881 = FACE_BOUND('',#9882,.T.);
#9882 = EDGE_LOOP('',(#9883,#9884,#9885,#9886));
#9883 = ORIENTED_EDGE('',*,*,#2756,.F.);
#9884 = ORIENTED_EDGE('',*,*,#9669,.T.);
#9885 = ORIENTED_EDGE('',*,*,#2667,.F.);
#9886 = ORIENTED_EDGE('',*,*,#5833,.F.);
#9887 = ADVANCED_FACE('',(#9888),#2551,.F.);
#9888 = FACE_BOUND('',#9889,.F.);
#9889 = EDGE_LOOP('',(#9890,#9891,#9892,#9893));
#9890 = ORIENTED_EDGE('',*,*,#2536,.F.);
#9891 = ORIENTED_EDGE('',*,*,#9692,.T.);
#9892 = ORIENTED_EDGE('',*,*,#2625,.F.);
#9893 = ORIENTED_EDGE('',*,*,#5902,.F.);
#9894 = ADVANCED_FACE('',(#9895,#9943),#2820,.T.);
#9895 = FACE_BOUND('',#9896,.T.);
#9896 = EDGE_LOOP('',(#9897,#9919,#9920,#9942));
#9897 = ORIENTED_EDGE('',*,*,#9898,.F.);
#9898 = EDGE_CURVE('',#2806,#2942,#9899,.T.);
#9899 = SURFACE_CURVE('',#9900,(#9905,#9912),.PCURVE_S1.);
#9900 = CIRCLE('',#9901,17.);
#9901 = AXIS2_PLACEMENT_3D('',#9902,#9903,#9904);
#9902 = CARTESIAN_POINT('',(100.,0.,0.));
#9903 = DIRECTION('',(1.,0.,0.));
#9904 = DIRECTION('',(-0.,0.,1.));
#9905 = PCURVE('',#2820,#9906);
#9906 = DEFINITIONAL_REPRESENTATION('',(#9907),#9911);
#9907 = LINE('',#9908,#9909);
#9908 = CARTESIAN_POINT('',(0.,60.));
#9909 = VECTOR('',#9910,1.);
#9910 = DIRECTION('',(1.,0.));
#9911 = ( GEOMETRIC_REPRESENTATION_CONTEXT(2) 
PARAMETRIC_REPRESENTATION_CONTEXT() REPRESENTATION_CONTEXT('2D SPACE',''
  ) );
#9912 = PCURVE('',#2977,#9913);
#9913 = DEFINITIONAL_REPRESENTATION('',(#9914),#9918);
#9914 = CIRCLE('',#9915,17.);
#9915 = AXIS2_PLACEMENT_2D('',#9916,#9917);
#9916 = CARTESIAN_POINT('',(0.,0.));
#9917 = DIRECTION('',(1.,0.));
#9918 = ( GEOMETRIC_REPRESENTATION_CONTEXT(2) 
PARAMETRIC_REPRESENTATION_CONTEXT() REPRESENTATION_CONTEXT('2D SPACE',''
  ) );
#9919 = ORIENTED_EDGE('',*,*,#2803,.F.);
#9920 = ORIENTED_EDGE('',*,*,#9921,.T.);
#9921 = EDGE_CURVE('',#2804,#2921,#9922,.T.);
#9922 = SURFACE_CURVE('',#9923,(#9928,#9935),.PCURVE_S1.);
#9923 = CIRCLE('',#9924,17.);
#9924 = AXIS2_PLACEMENT_3D('',#9925,#9926,#9927);
#9925 = CARTESIAN_POINT('',(40.,0.,0.));
#9926 = DIRECTION('',(1.,0.,0.));
#9927 = DIRECTION('',(-0.,0.,1.));
#9928 = PCURVE('',#2820,#9929);
#9929 = DEFINITIONAL_REPRESENTATION('',(#9930),#9934);
#9930 = LINE('',#9931,#9932);
#9931 = CARTESIAN_POINT('',(0.,0.));
#9932 = VECTOR('',#9933,1.);
#9933 = DIRECTION('',(1.,0.));
#9934 = ( GEOMETRIC_REPRESENTATION_CONTEXT(2) 
PARAMETRIC_REPRESENTATION_CONTEXT() REPRESENTATION_CONTEXT('2D SPACE',''
  ) );
#9935 = PCURVE('',#2846,#9936);
#9936 = DEFINITIONAL_REPRESENTATION('',(#9937),#9941);
#9937 = CIRCLE('',#9938,17.);
#9938 = AXIS2_PLACEMENT_2D('',#9939,#9940);
#9939 = CARTESIAN_POINT('',(0.,0.));
#9940 = DIRECTION('',(1.,0.));
#9941 = ( GEOMETRIC_REPRESENTATION_CONTEXT(2) 
PARAMETRIC_REPRESENTATION_CONTEXT() REPRESENTATION_CONTEXT('2D SPACE',''
  ) );
#9942 = ORIENTED_EDGE('',*,*,#2941,.T.);
#9943 = FACE_BOUND('',#9944,.T.);
#9944 = EDGE_LOOP('',(#9945));
#9945 = ORIENTED_EDGE('',*,*,#9946,.T.);
#9946 = EDGE_CURVE('',#9947,#9947,#9949,.T.);
#9947 = VERTEX_POINT('',#9948);
#9948 = CARTESIAN_POINT('',(72.1,-5.143516556419E-16,-17.));
#9949 = SURFACE_CURVE('',#9950,(#10001,#10055),.PCURVE_S1.);
#9950 = B_SPLINE_CURVE_WITH_KNOTS('',7,(#9951,#9952,#9953,#9954,#9955,
    #9956,#9957,#9958,#9959,#9960,#9961,#9962,#9963,#9964,#9965,#9966,
    #9967,#9968,#9969,#9970,#9971,#9972,#9973,#9974,#9975,#9976,#9977,
    #9978,#9979,#9980,#9981,#9982,#9983,#9984,#9985,#9986,#9987,#9988,
    #9989,#9990,#9991,#9992,#9993,#9994,#9995,#9996,#9997,#9998,#9999,
    #10000),.UNSPECIFIED.,.T.,.F.,(8,6,6,6,6,6,6,6,8),(0.,0.122694323886
    ,0.250005620163,0.377323536349,0.500000893689,0.622707393602,
    0.750027278323,0.877346802033,1.),.UNSPECIFIED.);
#9951 = CARTESIAN_POINT('',(72.1,-1.33226762955E-15,-17.));
#9952 = CARTESIAN_POINT('',(72.1,0.27899941845,-17.));
#9953 = CARTESIAN_POINT('',(72.056755626913,0.550472901491,
    -16.99465790075));
#9954 = CARTESIAN_POINT('',(71.974463131763,0.806637734836,
    -16.98449316045));
#9955 = CARTESIAN_POINT('',(71.858790815705,1.041038338694,
    -16.97088438545));
#9956 = CARTESIAN_POINT('',(71.716819137908,1.248771335965,
    -16.95571380849));
#9957 = CARTESIAN_POINT('',(71.556945775955,1.426953058062,
    -16.94066062466));
#9958 = CARTESIAN_POINT('',(71.214235056973,1.729093199719,
    -16.91254311474));
#9959 = CARTESIAN_POINT('',(71.026060488515,1.854901807554,
    -16.89918942462));
#9960 = CARTESIAN_POINT('',(70.828710527083,1.953857527286,
    -16.88776350476));
#9961 = CARTESIAN_POINT('',(70.625305906626,2.027149274002,
    -16.8788642524));
#9962 = CARTESIAN_POINT('',(70.41816630343,2.075695872483,
    -16.87282091904));
#9963 = CARTESIAN_POINT('',(70.209160756228,2.1,-16.86979549372));
#9964 = CARTESIAN_POINT('',(69.790828367871,2.1,-16.86979549372));
#9965 = CARTESIAN_POINT('',(69.581824975393,2.075693389922,
    -16.87282122528));
#9966 = CARTESIAN_POINT('',(69.374691577196,2.027147043265,
    -16.87886453764));
#9967 = CARTESIAN_POINT('',(69.171291223378,1.953857705366,
    -16.88776342707));
#9968 = CARTESIAN_POINT('',(68.973941372037,1.854903375824,
    -16.89918927844));
#9969 = CARTESIAN_POINT('',(68.785765012846,1.729093261272,
    -16.91254310901));
#9970 = CARTESIAN_POINT('',(68.443086158607,1.426981212166,
    -16.94065800461));
#9971 = CARTESIAN_POINT('',(68.283199021749,1.248801523859,
    -16.95571158314));
#9972 = CARTESIAN_POINT('',(68.141199727498,1.04104297115,-16.970884917)
  );
#9973 = CARTESIAN_POINT('',(68.025510572722,0.806600866759,
    -16.98449640028));
#9974 = CARTESIAN_POINT('',(67.943223828592,0.550401825964,
    -16.99466044186));
#9975 = CARTESIAN_POINT('',(67.9,0.278933156591,-17.));
#9976 = CARTESIAN_POINT('',(67.9,-0.27899941845,-17.));
#9977 = CARTESIAN_POINT('',(67.943244373087,-0.550472901491,
    -16.99465790075));
#9978 = CARTESIAN_POINT('',(68.025536868238,-0.806637734836,
    -16.98449316045));
#9979 = CARTESIAN_POINT('',(68.141209184295,-1.041038338694,
    -16.97088438545));
#9980 = CARTESIAN_POINT('',(68.283180862092,-1.248771335965,
    -16.95571380849));
#9981 = CARTESIAN_POINT('',(68.443054224045,-1.426953058062,
    -16.94066062466));
#9982 = CARTESIAN_POINT('',(68.785759397591,-1.72908831076,
    -16.91254356971));
#9983 = CARTESIAN_POINT('',(68.973938666959,-1.854903581117,
    -16.89918936411));
#9984 = CARTESIAN_POINT('',(69.171295342029,-1.953860779535,
    -16.88776303931));
#9985 = CARTESIAN_POINT('',(69.37469864167,-2.027148891724,
    -16.87886430699));
#9986 = CARTESIAN_POINT('',(69.581829095486,-2.075693230289,
    -16.87282124586));
#9987 = CARTESIAN_POINT('',(69.790827774773,-2.1,-16.86979549372));
#9988 = CARTESIAN_POINT('',(70.209171632129,-2.1,-16.86979549372));
#9989 = CARTESIAN_POINT('',(70.418175024607,-2.075693389921,
    -16.87282122528));
#9990 = CARTESIAN_POINT('',(70.625308422804,-2.027147043265,
    -16.87886453764));
#9991 = CARTESIAN_POINT('',(70.828708776621,-1.953857705366,
    -16.88776342706));
#9992 = CARTESIAN_POINT('',(71.026058627963,-1.854903375824,
    -16.89918927844));
#9993 = CARTESIAN_POINT('',(71.214234987154,-1.729093261272,
    -16.91254310901));
#9994 = CARTESIAN_POINT('',(71.556878602399,-1.427012279518,
    -16.94065511345));
#9995 = CARTESIAN_POINT('',(71.716790485898,-1.248826379459,
    -16.95570990544));
#9996 = CARTESIAN_POINT('',(71.858820169601,-1.041032242286,
    -16.9708867044));
#9997 = CARTESIAN_POINT('',(71.974520194986,-0.806547213723,
    -16.98450022593));
#9998 = CARTESIAN_POINT('',(72.056795725304,-0.550323989146,
    -16.9946628512));
#9999 = CARTESIAN_POINT('',(72.1,-0.278870054225,-17.));
#10000 = CARTESIAN_POINT('',(72.1,-1.33226762955E-15,-17.));
#10001 = PCURVE('',#2820,#10002);
#10002 = DEFINITIONAL_REPRESENTATION('',(#10003),#10054);
#10003 = B_SPLINE_CURVE_WITH_KNOTS('',7,(#10004,#10005,#10006,#10007,
    #10008,#10009,#10010,#10011,#10012,#10013,#10014,#10015,#10016,
    #10017,#10018,#10019,#10020,#10021,#10022,#10023,#10024,#10025,
    #10026,#10027,#10028,#10029,#10030,#10031,#10032,#10033,#10034,
    #10035,#10036,#10037,#10038,#10039,#10040,#10041,#10042,#10043,
    #10044,#10045,#10046,#10047,#10048,#10049,#10050,#10051,#10052,
    #10053),.UNSPECIFIED.,.T.,.F.,(8,6,6,6,6,6,6,6,8),(0.,0.122694323886
    ,0.250005620163,0.377323536349,0.500000893689,0.622707393602,
    0.750027278323,0.877346802033,1.),.UNSPECIFIED.);
#10004 = CARTESIAN_POINT('',(3.14159265359,32.1));
#10005 = CARTESIAN_POINT('',(3.158004384087,32.1));
#10006 = CARTESIAN_POINT('',(3.173973420529,32.056755626913));
#10007 = CARTESIAN_POINT('',(3.189049115165,31.974463131763));
#10008 = CARTESIAN_POINT('',(3.202857427919,31.858790815705));
#10009 = CARTESIAN_POINT('',(3.215108266398,31.716819137908));
#10010 = CARTESIAN_POINT('',(3.225626493544,31.556945775955));
#10011 = CARTESIAN_POINT('',(3.243476237377,31.214235056973));
#10012 = CARTESIAN_POINT('',(3.250917691135,31.026060488515));
#10013 = CARTESIAN_POINT('',(3.256777076541,30.828710527082));
#10014 = CARTESIAN_POINT('',(3.261119994743,30.625305906626));
#10015 = CARTESIAN_POINT('',(3.263997720521,30.41816630343));
#10016 = CARTESIAN_POINT('',(3.265438408965,30.209160756228));
#10017 = CARTESIAN_POINT('',(3.265438408965,29.790828367871));
#10018 = CARTESIAN_POINT('',(3.263997573398,29.581824975393));
#10019 = CARTESIAN_POINT('',(3.261119862425,29.374691577195));
#10020 = CARTESIAN_POINT('',(3.256777087503,29.171291223379));
#10021 = CARTESIAN_POINT('',(3.250917783755,28.973941372037));
#10022 = CARTESIAN_POINT('',(3.243476241013,28.785765012846));
#10023 = CARTESIAN_POINT('',(3.225628156824,28.443086158607));
#10024 = CARTESIAN_POINT('',(3.215110046847,28.283199021749));
#10025 = CARTESIAN_POINT('',(3.202857696237,28.141199727498));
#10026 = CARTESIAN_POINT('',(3.18904694103,28.025510572722));
#10027 = CARTESIAN_POINT('',(3.173969239602,27.943223828592));
#10028 = CARTESIAN_POINT('',(3.15800048633,27.9));
#10029 = CARTESIAN_POINT('',(3.125180923093,27.9));
#10030 = CARTESIAN_POINT('',(3.10921188665,27.943244373087));
#10031 = CARTESIAN_POINT('',(3.094136192015,28.025536868238));
#10032 = CARTESIAN_POINT('',(3.080327879261,28.141209184295));
#10033 = CARTESIAN_POINT('',(3.068077040781,28.283180862092));
#10034 = CARTESIAN_POINT('',(3.057558813636,28.443054224045));
#10035 = CARTESIAN_POINT('',(3.039709358631,28.785759397591));
#10036 = CARTESIAN_POINT('',(3.032267511878,28.973938666959));
#10037 = CARTESIAN_POINT('',(3.026408037557,29.171295342029));
#10038 = CARTESIAN_POINT('',(3.022065335092,29.37469864167));
#10039 = CARTESIAN_POINT('',(3.019187743277,29.581829095486));
#10040 = CARTESIAN_POINT('',(3.017746898214,29.790827774773));
#10041 = CARTESIAN_POINT('',(3.017746898214,30.209171632129));
#10042 = CARTESIAN_POINT('',(3.019187733781,30.418175024607));
#10043 = CARTESIAN_POINT('',(3.022065444754,30.625308422804));
#10044 = CARTESIAN_POINT('',(3.026408219676,30.828708776622));
#10045 = CARTESIAN_POINT('',(3.032267523424,31.026058627963));
#10046 = CARTESIAN_POINT('',(3.039709066166,31.214234987154));
#10047 = CARTESIAN_POINT('',(3.057555314968,31.556878602399));
#10048 = CARTESIAN_POINT('',(3.068073795366,31.716790485898));
#10049 = CARTESIAN_POINT('',(3.080328248577,31.858820169601));
#10050 = CARTESIAN_POINT('',(3.094141527665,31.974520194986));
#10051 = CARTESIAN_POINT('',(3.109220646054,32.056795725304));
#10052 = CARTESIAN_POINT('',(3.125188532753,32.1));
#10053 = CARTESIAN_POINT('',(3.14159265359,32.1));
#10054 = ( GEOMETRIC_REPRESENTATION_CONTEXT(2) 
PARAMETRIC_REPRESENTATION_CONTEXT() REPRESENTATION_CONTEXT('2D SPACE',''
  ) );
#10055 = PCURVE('',#7235,#10056);
#10056 = DEFINITIONAL_REPRESENTATION('',(#10057),#10108);
#10057 = B_SPLINE_CURVE_WITH_KNOTS('',7,(#10058,#10059,#10060,#10061,
    #10062,#10063,#10064,#10065,#10066,#10067,#10068,#10069,#10070,
    #10071,#10072,#10073,#10074,#10075,#10076,#10077,#10078,#10079,
    #10080,#10081,#10082,#10083,#10084,#10085,#10086,#10087,#10088,
    #10089,#10090,#10091,#10092,#10093,#10094,#10095,#10096,#10097,
    #10098,#10099,#10100,#10101,#10102,#10103,#10104,#10105,#10106,
    #10107),.UNSPECIFIED.,.F.,.F.,(8,6,6,6,6,6,6,6,8),(0.,0.122694323886
    ,0.250005620163,0.377323536349,0.500000893689,0.622707393602,
    0.750027278323,0.877346802033,1.),.UNSPECIFIED.);
#10058 = CARTESIAN_POINT('',(0.,3.));
#10059 = CARTESIAN_POINT('',(0.132856865928,3.));
#10060 = CARTESIAN_POINT('',(0.262129859914,3.005342099247));
#10061 = CARTESIAN_POINT('',(0.387943671449,3.015506839541));
#10062 = CARTESIAN_POINT('',(0.510124032445,3.029115614542));
#10063 = CARTESIAN_POINT('',(0.62824054874,3.044286191503));
#10064 = CARTESIAN_POINT('',(0.741457981802,3.059339375333));
#10065 = CARTESIAN_POINT('',(0.959019869734,3.087456885255));
#10066 = CARTESIAN_POINT('',(1.065853593911,3.100810575375));
#10067 = CARTESIAN_POINT('',(1.16972862526,3.112236495233));
#10068 = CARTESIAN_POINT('',(1.271417197348,3.121135747591));
#10069 = CARTESIAN_POINT('',(1.371669668914,3.127179080952));
#10070 = CARTESIAN_POINT('',(1.471195966686,3.130204506278));
#10071 = CARTESIAN_POINT('',(1.670401865904,3.130204506278));
#10072 = CARTESIAN_POINT('',(1.76992712248,3.127178774719));
#10073 = CARTESIAN_POINT('',(1.870176927628,3.12113546236));
#10074 = CARTESIAN_POINT('',(1.971863313083,3.11223657293));
#10075 = CARTESIAN_POINT('',(2.075737908855,3.100810721554));
#10076 = CARTESIAN_POINT('',(2.182572739533,3.087456890983));
#10077 = CARTESIAN_POINT('',(2.400114398878,3.059341995386));
#10078 = CARTESIAN_POINT('',(2.513336115462,3.044288416858));
#10079 = CARTESIAN_POINT('',(2.631469387111,3.029115083));
#10080 = CARTESIAN_POINT('',(2.753669231281,3.01550359972));
#10081 = CARTESIAN_POINT('',(2.879496646385,3.005339558135));
#10082 = CARTESIAN_POINT('',(3.008767340927,3.));
#10083 = CARTESIAN_POINT('',(3.274449519518,3.));
#10084 = CARTESIAN_POINT('',(3.403722513504,3.005342099247));
#10085 = CARTESIAN_POINT('',(3.529536325039,3.015506839541));
#10086 = CARTESIAN_POINT('',(3.651716686035,3.029115614542));
#10087 = CARTESIAN_POINT('',(3.76983320233,3.044286191503));
#10088 = CARTESIAN_POINT('',(3.883050635392,3.059339375333));
#10089 = CARTESIAN_POINT('',(4.100609002933,3.087456430283));
#10090 = CARTESIAN_POINT('',(4.207446494201,3.100810635881));
#10091 = CARTESIAN_POINT('',(4.311324231844,3.112236960685));
#10092 = CARTESIAN_POINT('',(4.41301175618,3.121135693001));
#10093 = CARTESIAN_POINT('',(4.513260136265,3.127178754131));
#10094 = CARTESIAN_POINT('',(4.612783158848,3.130204506278));
#10095 = CARTESIAN_POINT('',(4.811994519494,3.130204506278));
#10096 = CARTESIAN_POINT('',(4.91151977607,3.127178774719));
#10097 = CARTESIAN_POINT('',(5.011769581217,3.12113546236));
#10098 = CARTESIAN_POINT('',(5.113455966672,3.112236572931));
#10099 = CARTESIAN_POINT('',(5.217330562445,3.100810721554));
#10100 = CARTESIAN_POINT('',(5.324165393123,3.087456890983));
#10101 = CARTESIAN_POINT('',(5.541684681816,3.05934488655));
#10102 = CARTESIAN_POINT('',(5.654917204231,3.044290094553));
#10103 = CARTESIAN_POINT('',(5.773071231942,3.029113295592));
#10104 = CARTESIAN_POINT('',(5.895289999898,3.015499774064));
#10105 = CARTESIAN_POINT('',(6.021126371109,3.005337148798));
#10106 = CARTESIAN_POINT('',(6.150390043263,3.));
#10107 = CARTESIAN_POINT('',(6.28318530718,3.));
#10108 = ( GEOMETRIC_REPRESENTATION_CONTEXT(2) 
PARAMETRIC_REPRESENTATION_CONTEXT() REPRESENTATION_CONTEXT('2D SPACE',''
  ) );
#10109 = ADVANCED_FACE('',(#10110),#2977,.T.);
#10110 = FACE_BOUND('',#10111,.T.);
#10111 = EDGE_LOOP('',(#10112,#10113,#10114,#10115));
#10112 = ORIENTED_EDGE('',*,*,#3051,.F.);
#10113 = ORIENTED_EDGE('',*,*,#9898,.T.);
#10114 = ORIENTED_EDGE('',*,*,#2962,.F.);
#10115 = ORIENTED_EDGE('',*,*,#7100,.F.);
#10116 = ADVANCED_FACE('',(#10117),#2846,.F.);
#10117 = FACE_BOUND('',#10118,.F.);
#10118 = EDGE_LOOP('',(#10119,#10120,#10121,#10122));
#10119 = ORIENTED_EDGE('',*,*,#2831,.F.);
#10120 = ORIENTED_EDGE('',*,*,#9921,.T.);
#10121 = ORIENTED_EDGE('',*,*,#2920,.F.);
#10122 = ORIENTED_EDGE('',*,*,#6915,.F.);
#10123 = ADVANCED_FACE('',(#10124,#10172),#3115,.T.);
#10124 = FACE_BOUND('',#10125,.T.);
#10125 = EDGE_LOOP('',(#10126,#10148,#10149,#10171));
#10126 = ORIENTED_EDGE('',*,*,#10127,.F.);
#10127 = EDGE_CURVE('',#3101,#3237,#10128,.T.);
#10128 = SURFACE_CURVE('',#10129,(#10134,#10141),.PCURVE_S1.);
#10129 = CIRCLE('',#10130,17.);
#10130 = AXIS2_PLACEMENT_3D('',#10131,#10132,#10133);
#10131 = CARTESIAN_POINT('',(-50.,86.6,0.));
#10132 = DIRECTION('',(-0.500011000363,0.866019052629,0.));
#10133 = DIRECTION('',(0.866019052629,0.500011000363,0.));
#10134 = PCURVE('',#3115,#10135);
#10135 = DEFINITIONAL_REPRESENTATION('',(#10136),#10140);
#10136 = LINE('',#10137,#10138);
#10137 = CARTESIAN_POINT('',(0.,59.99867998548));
#10138 = VECTOR('',#10139,1.);
#10139 = DIRECTION('',(1.,0.));
#10140 = ( GEOMETRIC_REPRESENTATION_CONTEXT(2) 
PARAMETRIC_REPRESENTATION_CONTEXT() REPRESENTATION_CONTEXT('2D SPACE',''
  ) );
#10141 = PCURVE('',#3272,#10142);
#10142 = DEFINITIONAL_REPRESENTATION('',(#10143),#10147);
#10143 = CIRCLE('',#10144,17.);
#10144 = AXIS2_PLACEMENT_2D('',#10145,#10146);
#10145 = CARTESIAN_POINT('',(0.,0.));
#10146 = DIRECTION('',(1.,0.));
#10147 = ( GEOMETRIC_REPRESENTATION_CONTEXT(2) 
PARAMETRIC_REPRESENTATION_CONTEXT() REPRESENTATION_CONTEXT('2D SPACE',''
  ) );
#10148 = ORIENTED_EDGE('',*,*,#3098,.F.);
#10149 = ORIENTED_EDGE('',*,*,#10150,.T.);
#10150 = EDGE_CURVE('',#3099,#3216,#10151,.T.);
#10151 = SURFACE_CURVE('',#10152,(#10157,#10164),.PCURVE_S1.);
#10152 = CIRCLE('',#10153,17.);
#10153 = AXIS2_PLACEMENT_3D('',#10154,#10155,#10156);
#10154 = CARTESIAN_POINT('',(-20.,34.64,0.));
#10155 = DIRECTION('',(-0.500011000363,0.866019052629,0.));
#10156 = DIRECTION('',(0.866019052629,0.500011000363,0.));
#10157 = PCURVE('',#3115,#10158);
#10158 = DEFINITIONAL_REPRESENTATION('',(#10159),#10163);
#10159 = LINE('',#10160,#10161);
#10160 = CARTESIAN_POINT('',(0.,0.));
#10161 = VECTOR('',#10162,1.);
#10162 = DIRECTION('',(1.,0.));
#10163 = ( GEOMETRIC_REPRESENTATION_CONTEXT(2) 
PARAMETRIC_REPRESENTATION_CONTEXT() REPRESENTATION_CONTEXT('2D SPACE',''
  ) );
#10164 = PCURVE('',#3141,#10165);
#10165 = DEFINITIONAL_REPRESENTATION('',(#10166),#10170);
#10166 = CIRCLE('',#10167,17.);
#10167 = AXIS2_PLACEMENT_2D('',#10168,#10169);
#10168 = CARTESIAN_POINT('',(0.,0.));
#10169 = DIRECTION('',(1.,0.));
#10170 = ( GEOMETRIC_REPRESENTATION_CONTEXT(2) 
PARAMETRIC_REPRESENTATION_CONTEXT() REPRESENTATION_CONTEXT('2D SPACE',''
  ) );
#10171 = ORIENTED_EDGE('',*,*,#3236,.T.);
#10172 = FACE_BOUND('',#10173,.T.);
#10173 = EDGE_LOOP('',(#10174));
#10174 = ORIENTED_EDGE('',*,*,#10175,.T.);
#10175 = EDGE_CURVE('',#10176,#10176,#10178,.T.);
#10176 = VERTEX_POINT('',#10177);
#10177 = CARTESIAN_POINT('',(-32.9,60.62,-16.90244208722));
#10178 = SURFACE_CURVE('',#10179,(#10238,#10300),.PCURVE_S1.);
#10179 = B_SPLINE_CURVE_WITH_KNOTS('',8,(#10180,#10181,#10182,#10183,
    #10184,#10185,#10186,#10187,#10188,#10189,#10190,#10191,#10192,
    #10193,#10194,#10195,#10196,#10197,#10198,#10199,#10200,#10201,
    #10202,#10203,#10204,#10205,#10206,#10207,#10208,#10209,#10210,
    #10211,#10212,#10213,#10214,#10215,#10216,#10217,#10218,#10219,
    #10220,#10221,#10222,#10223,#10224,#10225,#10226,#10227,#10228,
    #10229,#10230,#10231,#10232,#10233,#10234,#10235,#10236,#10237),
  .UNSPECIFIED.,.T.,.F.,(9,7,7,7,7,7,7,7,9),(0.,0.109575653444,
    0.279030749955,0.434773475728,0.542912005634,0.651052665183,
    0.760143285781,0.865277665278,1.),.UNSPECIFIED.);
#10180 = CARTESIAN_POINT('',(-32.9,60.62,-16.90244208722));
#10181 = CARTESIAN_POINT('',(-32.9,60.761376617671,-16.89483612032));
#10182 = CARTESIAN_POINT('',(-32.91087727948,60.900431610838,
    -16.88802679749));
#10183 = CARTESIAN_POINT('',(-32.93200759305,61.036627544892,
    -16.88216339608));
#10184 = CARTESIAN_POINT('',(-32.96286216736,61.169515783274,
    -16.8773549162));
#10185 = CARTESIAN_POINT('',(-33.00300025289,61.298706720993,
    -16.8736774557));
#10186 = CARTESIAN_POINT('',(-33.05206209374,61.423840751134,
    -16.8711796413));
#10187 = CARTESIAN_POINT('',(-33.10976231562,61.544559964364,
    -16.86988611582));
#10188 = CARTESIAN_POINT('',(-33.27813829864,61.83974795275,
    -16.86966448567));
#10189 = CARTESIAN_POINT('',(-33.40038944681,62.007290460927,
    -16.87241520776));
#10190 = CARTESIAN_POINT('',(-33.54182389271,62.161891112657,
    -16.87804578242));
#10191 = CARTESIAN_POINT('',(-33.70198040655,62.301950571383,
    -16.88642982176));
#10192 = CARTESIAN_POINT('',(-33.88053862638,62.425376809609,
    -16.89731207192));
#10193 = CARTESIAN_POINT('',(-34.07710437181,62.529455911213,
    -16.9102470721));
#10194 = CARTESIAN_POINT('',(-34.29092759953,62.610681689536,
    -16.92452310927));
#10195 = CARTESIAN_POINT('',(-34.73147447844,62.714005123392,
    -16.95251682574));
#10196 = CARTESIAN_POINT('',(-34.96351172992,62.742174652603,
    -16.96667931498));
#10197 = CARTESIAN_POINT('',(-35.20971989251,62.740784747899,
    -16.9803611955));
#10198 = CARTESIAN_POINT('',(-35.46223543685,62.704751378689,
    -16.99196238224));
#10199 = CARTESIAN_POINT('',(-35.71259926082,62.631945359467,
    -16.99986221401));
#10200 = CARTESIAN_POINT('',(-35.95250538421,62.522865741639,
    -17.00305372152));
#10201 = CARTESIAN_POINT('',(-36.17439801282,62.380417654215,
    -17.00138813057));
#10202 = CARTESIAN_POINT('',(-36.50954785514,62.091116641549,
    -16.9913187611));
#10203 = CARTESIAN_POINT('',(-36.63518119364,61.95900367747,
    -16.98513336414));
#10204 = CARTESIAN_POINT('',(-36.74753819882,61.814688020649,
    -16.97707419076));
#10205 = CARTESIAN_POINT('',(-36.8452547632,61.659729847411,
    -16.96745882101));
#10206 = CARTESIAN_POINT('',(-36.92718597717,61.495865512581,
    -16.95671425898));
#10207 = CARTESIAN_POINT('',(-36.99242812659,61.324976885163,
    -16.94534272099));
#10208 = CARTESIAN_POINT('',(-37.04034466012,61.149059291662,
    -16.93387617469));
#10209 = CARTESIAN_POINT('',(-37.10084818796,60.791313319838,
    -16.91176286589));
#10210 = CARTESIAN_POINT('',(-37.11344475168,60.609424064113,
    -16.90111286024));
#10211 = CARTESIAN_POINT('',(-37.10802642133,60.426588523961,
    -16.89137487755));
#10212 = CARTESIAN_POINT('',(-37.08453842219,60.244896969448,
    -16.88303123274));
#10213 = CARTESIAN_POINT('',(-37.04321398817,60.06642214644,
    -16.87648588579));
#10214 = CARTESIAN_POINT('',(-36.98456183234,59.893181321101,
    -16.87202529008));
#10215 = CARTESIAN_POINT('',(-36.90935770094,59.727099939053,
    -16.86979549372));
#10216 = CARTESIAN_POINT('',(-36.72712541102,59.411473612915,
    -16.86979549372));
#10217 = CARTESIAN_POINT('',(-36.61988640223,59.262194760159,
    -16.87206479229));
#10218 = CARTESIAN_POINT('',(-36.49749100832,59.12304058507,
    -16.87659829589));
#10219 = CARTESIAN_POINT('',(-36.36030069067,58.995123623677,
    -16.88331398201));
#10220 = CARTESIAN_POINT('',(-36.20857446095,58.879835632081,
    -16.89204812093));
#10221 = CARTESIAN_POINT('',(-36.04258000003,58.778927116009,
    -16.90252773691));
#10222 = CARTESIAN_POINT('',(-35.86273341518,58.69460798207,
    -16.91433290739));
#10223 = CARTESIAN_POINT('',(-35.48384236399,58.567102413451,
    -16.938935734));
#10224 = CARTESIAN_POINT('',(-35.28159311618,58.52114265082,
    -16.95195051253));
#10225 = CARTESIAN_POINT('',(-35.0662262309,58.496876640401,
    -16.96519541909));
#10226 = CARTESIAN_POINT('',(-34.84172677092,58.498235343028,
    -16.97768877295));
#10227 = CARTESIAN_POINT('',(-34.61268881907,58.528056455664,
    -16.98830493806));
#10228 = CARTESIAN_POINT('',(-34.38413861442,58.588140253549,
    -16.99599342556));
#10229 = CARTESIAN_POINT('',(-34.16139335978,58.67929505845,-17.));
#10230 = CARTESIAN_POINT('',(-33.67906153074,58.957777638726,-17.));
#10231 = CARTESIAN_POINT('',(-33.44564938359,59.154039181273,
    -16.99342072113));
#10232 = CARTESIAN_POINT('',(-33.25342706689,59.379381298158,
    -16.98118855002));
#10233 = CARTESIAN_POINT('',(-33.10391731159,59.624044487588,
    -16.96516542872));
#10234 = CARTESIAN_POINT('',(-32.99686692003,59.878782435651,
    -16.94756634282));
#10235 = CARTESIAN_POINT('',(-32.93023514509,60.134863736029,
    -16.93040908106));
#10236 = CARTESIAN_POINT('',(-32.9,60.384295700248,-16.91512281995));
#10237 = CARTESIAN_POINT('',(-32.9,60.62,-16.90244208722));
#10238 = PCURVE('',#3115,#10239);
#10239 = DEFINITIONAL_REPRESENTATION('',(#10240),#10299);
#10240 = B_SPLINE_CURVE_WITH_KNOTS('',8,(#10241,#10242,#10243,#10244,
    #10245,#10246,#10247,#10248,#10249,#10250,#10251,#10252,#10253,
    #10254,#10255,#10256,#10257,#10258,#10259,#10260,#10261,#10262,
    #10263,#10264,#10265,#10266,#10267,#10268,#10269,#10270,#10271,
    #10272,#10273,#10274,#10275,#10276,#10277,#10278,#10279,#10280,
    #10281,#10282,#10283,#10284,#10285,#10286,#10287,#10288,#10289,
    #10290,#10291,#10292,#10293,#10294,#10295,#10296,#10297,#10298),
  .UNSPECIFIED.,.T.,.F.,(9,7,7,7,7,7,7,7,9),(0.,0.109575653444,
    0.279030749955,0.434773475728,0.542912005634,0.651052665183,
    0.760143285781,0.865277665278,1.),.UNSPECIFIED.);
#10241 = CARTESIAN_POINT('',(1.463612391922,28.949316891978));
#10242 = CARTESIAN_POINT('',(1.459430164072,29.071751736477));
#10243 = CARTESIAN_POINT('',(1.455871775365,29.197614769321));
#10244 = CARTESIAN_POINT('',(1.45292215442,29.326128432326));
#10245 = CARTESIAN_POINT('',(1.450568348872,29.456639805202));
#10246 = CARTESIAN_POINT('',(1.448799978077,29.588591102992));
#10247 = CARTESIAN_POINT('',(1.447609704729,29.721491017351));
#10248 = CARTESIAN_POINT('',(1.446993725381,29.854886901687));
#10249 = CARTESIAN_POINT('',(1.446888185768,30.194715167443));
#10250 = CARTESIAN_POINT('',(1.448198142314,30.400937090545));
#10251 = CARTESIAN_POINT('',(1.450876518991,30.605542979272));
#10252 = CARTESIAN_POINT('',(1.454945754408,30.806917157728));
#10253 = CARTESIAN_POINT('',(1.460448870226,31.003087705745));
#10254 = CARTESIAN_POINT('',(1.467442196273,31.191507225724));
#10255 = CARTESIAN_POINT('',(1.475986350922,31.368764263312));
#10256 = CARTESIAN_POINT('',(1.495459577911,31.678522611244));
#10257 = CARTESIAN_POINT('',(1.506482630598,31.818939138479));
#10258 = CARTESIAN_POINT('',(1.519090147047,31.940842244196));
#10259 = CARTESIAN_POINT('',(1.533027123641,32.035897209861));
#10260 = CARTESIAN_POINT('',(1.547924730402,32.098030476149));
#10261 = CARTESIAN_POINT('',(1.563351174325,32.123521149605));
#10262 = CARTESIAN_POINT('',(1.57884275146,32.111107147092));
#10263 = CARTESIAN_POINT('',(1.60443195097,32.02814556611));
#10264 = CARTESIAN_POINT('',(1.614723430284,31.976551273377));
#10265 = CARTESIAN_POINT('',(1.624701880641,31.907750903537));
#10266 = CARTESIAN_POINT('',(1.634253021311,31.822413530261));
#10267 = CARTESIAN_POINT('',(1.643267699215,31.721470402506));
#10268 = CARTESIAN_POINT('',(1.651643775009,31.606099387681));
#10269 = CARTESIAN_POINT('',(1.659288541992,31.477710193883));
#10270 = CARTESIAN_POINT('',(1.672954948311,31.198147795765));
#10271 = CARTESIAN_POINT('',(1.678978868163,31.046926655265));
#10272 = CARTESIAN_POINT('',(1.684112343636,30.885878369216));
#10273 = CARTESIAN_POINT('',(1.688288647069,30.716785763362));
#10274 = CARTESIAN_POINT('',(1.691456334301,30.541560494624));
#10275 = CARTESIAN_POINT('',(1.693580173032,30.362203916079));
#10276 = CARTESIAN_POINT('',(1.69464208217,30.180771381967));
#10277 = CARTESIAN_POINT('',(1.69464208217,29.81631482044));
#10278 = CARTESIAN_POINT('',(1.69356145557,29.633415805735));
#10279 = CARTESIAN_POINT('',(1.691402676988,29.451706595507));
#10280 = CARTESIAN_POINT('',(1.688152148376,29.272331401814));
#10281 = CARTESIAN_POINT('',(1.683783522058,29.096625020651));
#10282 = CARTESIAN_POINT('',(1.678261070755,28.926237266703));
#10283 = CARTESIAN_POINT('',(1.671543702558,28.763290019405));
#10284 = CARTESIAN_POINT('',(1.655925173258,28.463418074132));
#10285 = CARTESIAN_POINT('',(1.64694149639,28.322489195321));
#10286 = CARTESIAN_POINT('',(1.636655165554,28.193788556209));
#10287 = CARTESIAN_POINT('',(1.625156944747,28.082713019006));
#10288 = CARTESIAN_POINT('',(1.612599402882,27.994017175296));
#10289 = CARTESIAN_POINT('',(1.599184834624,27.931773272555));
#10290 = CARTESIAN_POINT('',(1.58515659098,27.89933999274));
#10291 = CARTESIAN_POINT('',(1.552394655263,27.89933999274));
#10292 = CARTESIAN_POINT('',(1.53473157276,27.95259758669));
#10293 = CARTESIAN_POINT('',(1.518302006007,28.051634880408));
#10294 = CARTESIAN_POINT('',(1.503464146876,28.18876134162));
#10295 = CARTESIAN_POINT('',(1.490479059475,28.355842884698));
#10296 = CARTESIAN_POINT('',(1.479506934785,28.544297549402));
#10297 = CARTESIAN_POINT('',(1.470585037774,28.745192477606));
#10298 = CARTESIAN_POINT('',(1.463612391922,28.949316891978));
#10299 = ( GEOMETRIC_REPRESENTATION_CONTEXT(2) 
PARAMETRIC_REPRESENTATION_CONTEXT() REPRESENTATION_CONTEXT('2D SPACE',''
  ) );
#10300 = PCURVE('',#8121,#10301);
#10301 = DEFINITIONAL_REPRESENTATION('',(#10302),#10361);
#10302 = B_SPLINE_CURVE_WITH_KNOTS('',8,(#10303,#10304,#10305,#10306,
    #10307,#10308,#10309,#10310,#10311,#10312,#10313,#10314,#10315,
    #10316,#10317,#10318,#10319,#10320,#10321,#10322,#10323,#10324,
    #10325,#10326,#10327,#10328,#10329,#10330,#10331,#10332,#10333,
    #10334,#10335,#10336,#10337,#10338,#10339,#10340,#10341,#10342,
    #10343,#10344,#10345,#10346,#10347,#10348,#10349,#10350,#10351,
    #10352,#10353,#10354,#10355,#10356,#10357,#10358,#10359,#10360),
  .UNSPECIFIED.,.F.,.F.,(9,7,7,7,7,7,7,7,9),(0.,0.109575653444,
    0.279030749955,0.434773475728,0.542912005634,0.651052665183,
    0.760143285781,0.865277665278,1.),.UNSPECIFIED.);
#10303 = CARTESIAN_POINT('',(-8.881784197001E-16,3.097557912771));
#10304 = CARTESIAN_POINT('',(6.73221988908E-02,3.105163879672));
#10305 = CARTESIAN_POINT('',(0.133539006272,3.111973202503));
#10306 = CARTESIAN_POINT('',(0.198858761095,3.117836603914));
#10307 = CARTESIAN_POINT('',(0.263469931283,3.122645083799));
#10308 = CARTESIAN_POINT('',(0.327550746371,3.126322544298));
#10309 = CARTESIAN_POINT('',(0.391276339024,3.128820358691));
#10310 = CARTESIAN_POINT('',(0.454823395416,3.130113884178));
#10311 = CARTESIAN_POINT('',(0.616648600061,3.130335514324));
#10312 = CARTESIAN_POINT('',(0.714792674502,3.12758479224));
#10313 = CARTESIAN_POINT('',(0.813557598333,3.121954217572));
#10314 = CARTESIAN_POINT('',(0.913598989518,3.113570178239));
#10315 = CARTESIAN_POINT('',(1.015579178388,3.102687928076));
#10316 = CARTESIAN_POINT('',(1.120181445945,3.089752927899));
#10317 = CARTESIAN_POINT('',(1.228144278008,3.075476890729));
#10318 = CARTESIAN_POINT('',(1.443621012813,3.047483174255));
#10319 = CARTESIAN_POINT('',(1.554258984945,3.033320685016));
#10320 = CARTESIAN_POINT('',(1.669926104198,3.019638804498));
#10321 = CARTESIAN_POINT('',(1.789119212422,3.00803761776));
#10322 = CARTESIAN_POINT('',(1.910807627903,3.00013778599));
#10323 = CARTESIAN_POINT('',(2.034162208242,2.996946278475));
#10324 = CARTESIAN_POINT('',(2.158471767401,2.998611869423));
#10325 = CARTESIAN_POINT('',(2.369301298833,3.008681238894));
#10326 = CARTESIAN_POINT('',(2.455696076666,3.014866635856));
#10327 = CARTESIAN_POINT('',(2.542085425695,3.022925809236));
#10328 = CARTESIAN_POINT('',(2.628473328569,3.032541178984));
#10329 = CARTESIAN_POINT('',(2.714865625895,3.043285741011));
#10330 = CARTESIAN_POINT('',(2.8012652953,3.054657279004));
#10331 = CARTESIAN_POINT('',(2.887667405812,3.066123825302));
#10332 = CARTESIAN_POINT('',(3.060441790591,3.088237134107));
#10333 = CARTESIAN_POINT('',(3.146843041362,3.098887139752));
#10334 = CARTESIAN_POINT('',(3.233241165211,3.108625122447));
#10335 = CARTESIAN_POINT('',(3.319632561755,3.116968767258));
#10336 = CARTESIAN_POINT('',(3.406020928136,3.123514114208));
#10337 = CARTESIAN_POINT('',(3.492411965932,3.127974709912));
#10338 = CARTESIAN_POINT('',(3.578808231728,3.130204506278));
#10339 = CARTESIAN_POINT('',(3.752358975312,3.130204506278));
#10340 = CARTESIAN_POINT('',(3.839453617611,3.127935207708));
#10341 = CARTESIAN_POINT('',(3.926991055486,3.123401704101));
#10342 = CARTESIAN_POINT('',(4.015427920176,3.116686017988));
#10343 = CARTESIAN_POINT('',(4.105224090856,3.107951879062));
#10344 = CARTESIAN_POINT('',(4.196854426563,3.097472263081));
#10345 = CARTESIAN_POINT('',(4.290829278076,3.085667092601));
#10346 = CARTESIAN_POINT('',(4.481195972019,3.061064265991));
#10347 = CARTESIAN_POINT('',(4.579455551149,3.048049487461));
#10348 = CARTESIAN_POINT('',(4.681582732099,3.034804580903));
#10349 = CARTESIAN_POINT('',(4.786966606207,3.022311227042));
#10350 = CARTESIAN_POINT('',(4.895236966031,3.011695061931));
#10351 = CARTESIAN_POINT('',(5.006188846737,3.004006574435));
#10352 = CARTESIAN_POINT('',(5.119750700467,3.));
#10353 = CARTESIAN_POINT('',(5.384966370555,3.));
#10354 = CARTESIAN_POINT('',(5.527954481075,3.006579278866));
#10355 = CARTESIAN_POINT('',(5.665910142234,3.018811449972));
#10356 = CARTESIAN_POINT('',(5.79924902071,3.034834571278));
#10357 = CARTESIAN_POINT('',(5.928068020784,3.052433657175));
#10358 = CARTESIAN_POINT('',(6.052168811565,3.069590918932));
#10359 = CARTESIAN_POINT('',(6.170945164441,3.084877180045));
#10360 = CARTESIAN_POINT('',(6.28318530718,3.097557912771));
#10361 = ( GEOMETRIC_REPRESENTATION_CONTEXT(2) 
PARAMETRIC_REPRESENTATION_CONTEXT() REPRESENTATION_CONTEXT('2D SPACE',''
  ) );
#10362 = ADVANCED_FACE('',(#10363),#3272,.T.);
#10363 = FACE_BOUND('',#10364,.T.);
#10364 = EDGE_LOOP('',(#10365,#10366,#10367,#10368));
#10365 = ORIENTED_EDGE('',*,*,#3346,.F.);
#10366 = ORIENTED_EDGE('',*,*,#10127,.T.);
#10367 = ORIENTED_EDGE('',*,*,#3257,.F.);
#10368 = ORIENTED_EDGE('',*,*,#7667,.F.);
#10369 = ADVANCED_FACE('',(#10370),#3141,.F.);
#10370 = FACE_BOUND('',#10371,.F.);
#10371 = EDGE_LOOP('',(#10372,#10373,#10374,#10375));
#10372 = ORIENTED_EDGE('',*,*,#3126,.F.);
#10373 = ORIENTED_EDGE('',*,*,#10150,.T.);
#10374 = ORIENTED_EDGE('',*,*,#3215,.F.);
#10375 = ORIENTED_EDGE('',*,*,#7736,.F.);
#10376 = ADVANCED_FACE('',(#10377,#10425),#3410,.T.);
#10377 = FACE_BOUND('',#10378,.T.);
#10378 = EDGE_LOOP('',(#10379,#10401,#10402,#10424));
#10379 = ORIENTED_EDGE('',*,*,#10380,.F.);
#10380 = EDGE_CURVE('',#3396,#3532,#10381,.T.);
#10381 = SURFACE_CURVE('',#10382,(#10387,#10394),.PCURVE_S1.);
#10382 = CIRCLE('',#10383,17.);
#10383 = AXIS2_PLACEMENT_3D('',#10384,#10385,#10386);
#10384 = CARTESIAN_POINT('',(50.,86.6,0.));
#10385 = DIRECTION('',(0.500011000363,0.866019052629,0.));
#10386 = DIRECTION('',(0.866019052629,-0.500011000363,0.));
#10387 = PCURVE('',#3410,#10388);
#10388 = DEFINITIONAL_REPRESENTATION('',(#10389),#10393);
#10389 = LINE('',#10390,#10391);
#10390 = CARTESIAN_POINT('',(0.,59.99867998548));
#10391 = VECTOR('',#10392,1.);
#10392 = DIRECTION('',(1.,0.));
#10393 = ( GEOMETRIC_REPRESENTATION_CONTEXT(2) 
PARAMETRIC_REPRESENTATION_CONTEXT() REPRESENTATION_CONTEXT('2D SPACE',''
  ) );
#10394 = PCURVE('',#3567,#10395);
#10395 = DEFINITIONAL_REPRESENTATION('',(#10396),#10400);
#10396 = CIRCLE('',#10397,17.);
#10397 = AXIS2_PLACEMENT_2D('',#10398,#10399);
#10398 = CARTESIAN_POINT('',(0.,0.));
#10399 = DIRECTION('',(1.,0.));
#10400 = ( GEOMETRIC_REPRESENTATION_CONTEXT(2) 
PARAMETRIC_REPRESENTATION_CONTEXT() REPRESENTATION_CONTEXT('2D SPACE',''
  ) );
#10401 = ORIENTED_EDGE('',*,*,#3393,.F.);
#10402 = ORIENTED_EDGE('',*,*,#10403,.T.);
#10403 = EDGE_CURVE('',#3394,#3511,#10404,.T.);
#10404 = SURFACE_CURVE('',#10405,(#10410,#10417),.PCURVE_S1.);
#10405 = CIRCLE('',#10406,17.);
#10406 = AXIS2_PLACEMENT_3D('',#10407,#10408,#10409);
#10407 = CARTESIAN_POINT('',(20.,34.64,0.));
#10408 = DIRECTION('',(0.500011000363,0.866019052629,0.));
#10409 = DIRECTION('',(0.866019052629,-0.500011000363,0.));
#10410 = PCURVE('',#3410,#10411);
#10411 = DEFINITIONAL_REPRESENTATION('',(#10412),#10416);
#10412 = LINE('',#10413,#10414);
#10413 = CARTESIAN_POINT('',(0.,0.));
#10414 = VECTOR('',#10415,1.);
#10415 = DIRECTION('',(1.,0.));
#10416 = ( GEOMETRIC_REPRESENTATION_CONTEXT(2) 
PARAMETRIC_REPRESENTATION_CONTEXT() REPRESENTATION_CONTEXT('2D SPACE',''
  ) );
#10417 = PCURVE('',#3436,#10418);
#10418 = DEFINITIONAL_REPRESENTATION('',(#10419),#10423);
#10419 = CIRCLE('',#10420,17.);
#10420 = AXIS2_PLACEMENT_2D('',#10421,#10422);
#10421 = CARTESIAN_POINT('',(0.,0.));
#10422 = DIRECTION('',(1.,0.));
#10423 = ( GEOMETRIC_REPRESENTATION_CONTEXT(2) 
PARAMETRIC_REPRESENTATION_CONTEXT() REPRESENTATION_CONTEXT('2D SPACE',''
  ) );
#10424 = ORIENTED_EDGE('',*,*,#3531,.T.);
#10425 = FACE_BOUND('',#10426,.T.);
#10426 = EDGE_LOOP('',(#10427));
#10427 = ORIENTED_EDGE('',*,*,#10428,.T.);
#10428 = EDGE_CURVE('',#10429,#10429,#10431,.T.);
#10429 = VERTEX_POINT('',#10430);
#10430 = CARTESIAN_POINT('',(37.1,60.62,-16.90244208722));
#10431 = SURFACE_CURVE('',#10432,(#10491,#10553),.PCURVE_S1.);
#10432 = B_SPLINE_CURVE_WITH_KNOTS('',8,(#10433,#10434,#10435,#10436,
    #10437,#10438,#10439,#10440,#10441,#10442,#10443,#10444,#10445,
    #10446,#10447,#10448,#10449,#10450,#10451,#10452,#10453,#10454,
    #10455,#10456,#10457,#10458,#10459,#10460,#10461,#10462,#10463,
    #10464,#10465,#10466,#10467,#10468,#10469,#10470,#10471,#10472,
    #10473,#10474,#10475,#10476,#10477,#10478,#10479,#10480,#10481,
    #10482,#10483,#10484,#10485,#10486,#10487,#10488,#10489,#10490),
  .UNSPECIFIED.,.T.,.F.,(9,7,7,7,7,7,7,7,9),(0.,0.125044467112,
    0.238089472356,0.336885773185,0.429977519603,0.579116351905,
    0.700372626461,0.839119687171,1.),.UNSPECIFIED.);
#10433 = CARTESIAN_POINT('',(37.1,60.62,-16.90244208722));
#10434 = CARTESIAN_POINT('',(37.1,60.811297037732,-16.91273373913));
#10435 = CARTESIAN_POINT('',(37.080084949813,61.00862430719,
    -16.92457965196));
#10436 = CARTESIAN_POINT('',(37.038055613729,61.20961081679,
    -16.93759526021));
#10437 = CARTESIAN_POINT('',(36.971946717194,61.411416779373,
    -16.95118574925));
#10438 = CARTESIAN_POINT('',(36.880046846226,61.61071200474,
    -16.96455120896));
#10439 = CARTESIAN_POINT('',(36.760939165973,61.803610535371,
    -16.97671331913));
#10440 = CARTESIAN_POINT('',(36.613594576313,61.985516244731,
    -16.98660144082));
#10441 = CARTESIAN_POINT('',(36.278396883791,62.300287829814,
    -16.99923387334));
#10442 = CARTESIAN_POINT('',(36.099368506567,62.432821143128,
    -17.00243717664));
#10443 = CARTESIAN_POINT('',(35.903846362661,62.543601402053,
    -17.00226477477));
#10444 = CARTESIAN_POINT('',(35.696583851897,62.629277677719,
    -16.99851024746));
#10445 = CARTESIAN_POINT('',(35.483255871158,62.688146500687,
    -16.99152589749));
#10446 = CARTESIAN_POINT('',(35.2699950863,62.720356459326,
    -16.98213230301));
#10447 = CARTESIAN_POINT('',(35.062979862535,62.728114420544,
    -16.97137258178));
#10448 = CARTESIAN_POINT('',(34.697858465569,62.705142929347,
    -16.95049290589));
#10449 = CARTESIAN_POINT('',(34.533708329516,62.678941775957,
    -16.940282256));
#10450 = CARTESIAN_POINT('',(34.376613287515,62.638986017124,
    -16.93003162494));
#10451 = CARTESIAN_POINT('',(34.227197316642,62.586788881519,
    -16.92010223738));
#10452 = CARTESIAN_POINT('',(34.085875862948,62.523666835451,
    -16.9107835959));
#10453 = CARTESIAN_POINT('',(33.952928307076,62.450758317148,
    -16.90229824699));
#10454 = CARTESIAN_POINT('',(33.828551616922,62.369037848746,
    -16.8948112332));
#10455 = CARTESIAN_POINT('',(33.60391682554,62.194793243601,
    -16.88244486342));
#10456 = CARTESIAN_POINT('',(33.502614734346,62.103114059935,
    -16.87743605924));
#10457 = CARTESIAN_POINT('',(33.409111875074,62.004942905337,
    -16.87351996451));
#10458 = CARTESIAN_POINT('',(33.323535679115,61.900834329507,
    -16.87076578299));
#10459 = CARTESIAN_POINT('',(33.246033967511,61.791264300927,
    -16.86921535168));
#10460 = CARTESIAN_POINT('',(33.176790999592,61.676651401595,
    -16.86888646823));
#10461 = CARTESIAN_POINT('',(33.116043650644,61.557377417064,
    -16.86977397061));
#10462 = CARTESIAN_POINT('',(32.980877068658,61.235840257803,
    -16.87517220565));
#10463 = CARTESIAN_POINT('',(32.920292872571,61.026957204316,
    -16.88154048028));
#10464 = CARTESIAN_POINT('',(32.883491417315,60.808528809604,
    -16.89083092871));
#10465 = CARTESIAN_POINT('',(32.872273162735,60.581994160972,
    -16.90276558239));
#10466 = CARTESIAN_POINT('',(32.889034323842,60.349261680667,
    -16.91687728011));
#10467 = CARTESIAN_POINT('',(32.936728721256,60.112980812204,
    -16.93240268743));
#10468 = CARTESIAN_POINT('',(33.018790726092,59.876971937527,
    -16.94819123908));
#10469 = CARTESIAN_POINT('',(33.236663007274,59.460207807674,
    -16.97453109237));
#10470 = CARTESIAN_POINT('',(33.361814216661,59.273052188776,
    -16.98578294747));
#10471 = CARTESIAN_POINT('',(33.515264021215,59.095242941888,
    -16.99520261712));
#10472 = CARTESIAN_POINT('',(33.694965313566,58.934960629207,
    -17.00149068899));
#10473 = CARTESIAN_POINT('',(33.896415167484,58.798729987642,
    -17.00369406055));
#10474 = CARTESIAN_POINT('',(34.113346936998,58.691003036567,
    -17.00166129417));
#10475 = CARTESIAN_POINT('',(34.338325108701,58.613731078371,
    -16.99596803578));
#10476 = CARTESIAN_POINT('',(34.820853996324,58.511159991012,
    -16.97804565056));
#10477 = CARTESIAN_POINT('',(35.074016164911,58.495901699151,
    -16.96515550497));
#10478 = CARTESIAN_POINT('',(35.317547862088,58.514869446697,
    -16.9503937955));
#10479 = CARTESIAN_POINT('',(35.548043177975,58.563339350174,
    -16.93515878179));
#10480 = CARTESIAN_POINT('',(35.76321730072,58.637067917641,
    -16.92057149759));
#10481 = CARTESIAN_POINT('',(35.961553877057,58.732273526632,
    -16.90744049254));
#10482 = CARTESIAN_POINT('',(36.142131417119,58.845626407319,
    -16.89631122044));
#10483 = CARTESIAN_POINT('',(36.492531224691,59.123342625817,
    -16.87728114255));
#10484 = CARTESIAN_POINT('',(36.657139702064,59.293827604094,
    -16.87011947138));
#10485 = CARTESIAN_POINT('',(36.797774084091,59.482316655855,
    -16.86652077441));
#10486 = CARTESIAN_POINT('',(36.913778969607,59.686435833417,
    -16.86670777389));
#10487 = CARTESIAN_POINT('',(37.004049173182,59.904239119203,
    -16.870702853));
#10488 = CARTESIAN_POINT('',(37.066911544313,60.133905008056,
    -16.87833403799));
#10489 = CARTESIAN_POINT('',(37.1,60.373423030071,-16.88917641216));
#10490 = CARTESIAN_POINT('',(37.1,60.62,-16.90244208722));
#10491 = PCURVE('',#3410,#10492);
#10492 = DEFINITIONAL_REPRESENTATION('',(#10493),#10552);
#10493 = B_SPLINE_CURVE_WITH_KNOTS('',8,(#10494,#10495,#10496,#10497,
    #10498,#10499,#10500,#10501,#10502,#10503,#10504,#10505,#10506,
    #10507,#10508,#10509,#10510,#10511,#10512,#10513,#10514,#10515,
    #10516,#10517,#10518,#10519,#10520,#10521,#10522,#10523,#10524,
    #10525,#10526,#10527,#10528,#10529,#10530,#10531,#10532,#10533,
    #10534,#10535,#10536,#10537,#10538,#10539,#10540,#10541,#10542,
    #10543,#10544,#10545,#10546,#10547,#10548,#10549,#10550,#10551),
  .UNSPECIFIED.,.T.,.F.,(9,7,7,7,7,7,7,7,9),(0.,0.125044467112,
    0.238089472356,0.336885773185,0.429977519603,0.579116351905,
    0.700372626461,0.839119687171,1.),.UNSPECIFIED.);
#10494 = CARTESIAN_POINT('',(1.463612391922,31.049363093502));
#10495 = CARTESIAN_POINT('',(1.469271374376,31.21502997289));
#10496 = CARTESIAN_POINT('',(1.476125183127,31.375961403677));
#10497 = CARTESIAN_POINT('',(1.484213708908,31.529004419933));
#10498 = CARTESIAN_POINT('',(1.493550523808,31.670717052973));
#10499 = CARTESIAN_POINT('',(1.504121559175,31.797359568823));
#10500 = CARTESIAN_POINT('',(1.515882346105,31.90485822122));
#10501 = CARTESIAN_POINT('',(1.528749991697,31.988718115633));
#10502 = CARTESIAN_POINT('',(1.55509440565,32.093713771985));
#10503 = CARTESIAN_POINT('',(1.568112791355,32.118973988433));
#10504 = CARTESIAN_POINT('',(1.581328853282,32.11714858055));
#10505 = CARTESIAN_POINT('',(1.594405816904,32.08771233229));
#10506 = CARTESIAN_POINT('',(1.607008689085,32.032027517531));
#10507 = CARTESIAN_POINT('',(1.618831580672,31.953289217022));
#10508 = CARTESIAN_POINT('',(1.629623646317,31.856497870121));
#10509 = CARTESIAN_POINT('',(1.647590152559,31.654039406127));
#10510 = CARTESIAN_POINT('',(1.655204998316,31.549271834353));
#10511 = CARTESIAN_POINT('',(1.662058731332,31.436120136838));
#10512 = CARTESIAN_POINT('',(1.668162794205,31.316206793844));
#10513 = CARTESIAN_POINT('',(1.673533351728,31.190879617874));
#10514 = CARTESIAN_POINT('',(1.678188361492,31.061264211518));
#10515 = CARTESIAN_POINT('',(1.682145365443,30.928303015626));
#10516 = CARTESIAN_POINT('',(1.68850555993,30.665084000998));
#10517 = CARTESIAN_POINT('',(1.690987144423,30.535035921257));
#10518 = CARTESIAN_POINT('',(1.692877026056,30.403265372755));
#10519 = CARTESIAN_POINT('',(1.694184467329,30.270316323195));
#10520 = CARTESIAN_POINT('',(1.694915575585,30.136674882499));
#10521 = CARTESIAN_POINT('',(1.695073120052,30.002795682343));
#10522 = CARTESIAN_POINT('',(1.69465631337,29.86912779654));
#10523 = CARTESIAN_POINT('',(1.6920652943,29.523085712617));
#10524 = CARTESIAN_POINT('',(1.68898497346,29.311896244034));
#10525 = CARTESIAN_POINT('',(1.684402544197,29.104331960121));
#10526 = CARTESIAN_POINT('',(1.67827089684,28.90253938763));
#10527 = CARTESIAN_POINT('',(1.670527697313,28.709369390453));
#10528 = CARTESIAN_POINT('',(1.661105269311,28.528593379955));
#10529 = CARTESIAN_POINT('',(1.649946172247,28.365237103025));
#10530 = CARTESIAN_POINT('',(1.62653788547,28.113249963386));
#10531 = CARTESIAN_POINT('',(1.614639943911,28.013746613016));
#10532 = CARTESIAN_POINT('',(1.601583213888,27.936487007758));
#10533 = CARTESIAN_POINT('',(1.58771324923,27.887532094131));
#10534 = CARTESIAN_POINT('',(1.573447890033,27.870280905964));
#10535 = CARTESIAN_POINT('',(1.559230899203,27.885455584938));
#10536 = CARTESIAN_POINT('',(1.545494468995,27.931028157599));
#10537 = CARTESIAN_POINT('',(1.517876346664,28.083469393501));
#10538 = CARTESIAN_POINT('',(1.504511690754,28.196839291209));
#10539 = CARTESIAN_POINT('',(1.492634092497,28.335034249495));
#10540 = CARTESIAN_POINT('',(1.482280308319,28.49226030286));
#10541 = CARTESIAN_POINT('',(1.473446184445,28.663700075376));
#10542 = CARTESIAN_POINT('',(1.466102196716,28.845320416621));
#10543 = CARTESIAN_POINT('',(1.460200758209,29.033776927417));
#10544 = CARTESIAN_POINT('',(1.450454392292,29.449488222171));
#10545 = CARTESIAN_POINT('',(1.447057151486,29.679437510985));
#10546 = CARTESIAN_POINT('',(1.445423040934,29.912991359065));
#10547 = CARTESIAN_POINT('',(1.445517720563,30.147766174695));
#10548 = CARTESIAN_POINT('',(1.447340542607,30.381524064702));
#10549 = CARTESIAN_POINT('',(1.45092143074,30.611850977263));
#10550 = CARTESIAN_POINT('',(1.456318108838,30.835822739604));
#10551 = CARTESIAN_POINT('',(1.463612391922,31.049363093502));
#10552 = ( GEOMETRIC_REPRESENTATION_CONTEXT(2) 
PARAMETRIC_REPRESENTATION_CONTEXT() REPRESENTATION_CONTEXT('2D SPACE',''
  ) );
#10553 = PCURVE('',#8874,#10554);
#10554 = DEFINITIONAL_REPRESENTATION('',(#10555),#10614);
#10555 = B_SPLINE_CURVE_WITH_KNOTS('',8,(#10556,#10557,#10558,#10559,
    #10560,#10561,#10562,#10563,#10564,#10565,#10566,#10567,#10568,
    #10569,#10570,#10571,#10572,#10573,#10574,#10575,#10576,#10577,
    #10578,#10579,#10580,#10581,#10582,#10583,#10584,#10585,#10586,
    #10587,#10588,#10589,#10590,#10591,#10592,#10593,#10594,#10595,
    #10596,#10597,#10598,#10599,#10600,#10601,#10602,#10603,#10604,
    #10605,#10606,#10607,#10608,#10609,#10610,#10611,#10612,#10613),
  .UNSPECIFIED.,.F.,.F.,(9,7,7,7,7,7,7,7,9),(0.,0.125044467112,
    0.238089472356,0.336885773185,0.429977519603,0.579116351905,
    0.700372626461,0.839119687171,1.),.UNSPECIFIED.);
#10556 = CARTESIAN_POINT('',(8.881784197001E-16,3.097557912771));
#10557 = CARTESIAN_POINT('',(9.109382749153E-02,3.087266260861));
#10558 = CARTESIAN_POINT('',(0.185058806934,3.075420348036));
#10559 = CARTESIAN_POINT('',(0.281919980088,3.062404739784));
#10560 = CARTESIAN_POINT('',(0.381776543481,3.048814250743));
#10561 = CARTESIAN_POINT('',(0.484828382761,3.035448791038));
#10562 = CARTESIAN_POINT('',(0.591369797872,3.02328668087));
#10563 = CARTESIAN_POINT('',(0.701814266086,3.013398559177));
#10564 = CARTESIAN_POINT('',(0.920778351528,3.000766126655));
#10565 = CARTESIAN_POINT('',(1.026126306713,2.997562823354));
#10566 = CARTESIAN_POINT('',(1.131822579068,2.997735225221));
#10567 = CARTESIAN_POINT('',(1.237024181641,3.00148975254));
#10568 = CARTESIAN_POINT('',(1.340899683408,3.008474102508));
#10569 = CARTESIAN_POINT('',(1.44251115655,3.017867696982));
#10570 = CARTESIAN_POINT('',(1.54066380565,3.028627418215));
#10571 = CARTESIAN_POINT('',(1.714874903345,3.04950709411));
#10572 = CARTESIAN_POINT('',(1.793671297035,3.059717743991));
#10573 = CARTESIAN_POINT('',(1.870341412714,3.06996837506));
#10574 = CARTESIAN_POINT('',(1.945157999491,3.079897762614));
#10575 = CARTESIAN_POINT('',(2.018362474388,3.089216404097));
#10576 = CARTESIAN_POINT('',(2.090180035247,3.097701753001));
#10577 = CARTESIAN_POINT('',(2.160829915966,3.105188766792));
#10578 = CARTESIAN_POINT('',(2.296207084499,3.117555136571));
#10579 = CARTESIAN_POINT('',(2.361081094054,3.122563940755));
#10580 = CARTESIAN_POINT('',(2.425346506314,3.12648003549));
#10581 = CARTESIAN_POINT('',(2.489181954941,3.129234217004));
#10582 = CARTESIAN_POINT('',(2.55275835318,3.130784648316));
#10583 = CARTESIAN_POINT('',(2.616244954104,3.131113531762));
#10584 = CARTESIAN_POINT('',(2.679814131581,3.130226029381));
#10585 = CARTESIAN_POINT('',(2.845905758393,3.12482779435));
#10586 = CARTESIAN_POINT('',(2.948780731182,3.118459519714));
#10587 = CARTESIAN_POINT('',(3.053089253798,3.109169071282));
#10588 = CARTESIAN_POINT('',(3.159571533553,3.097234417606));
#10589 = CARTESIAN_POINT('',(3.268971323225,3.083122719884));
#10590 = CARTESIAN_POINT('',(3.38207235138,3.067597312567));
#10591 = CARTESIAN_POINT('',(3.499773873363,3.051808760914));
#10592 = CARTESIAN_POINT('',(3.723715410336,3.025468907626));
#10593 = CARTESIAN_POINT('',(3.830305933425,3.014217052523));
#10594 = CARTESIAN_POINT('',(3.940737254722,3.004797382874));
#10595 = CARTESIAN_POINT('',(4.053451130219,2.998509311006));
#10596 = CARTESIAN_POINT('',(4.167229373243,2.99630593945));
#10597 = CARTESIAN_POINT('',(4.280941216166,2.998338705829));
#10598 = CARTESIAN_POINT('',(4.39338330649,3.004031964214));
#10599 = CARTESIAN_POINT('',(4.628292926468,3.021954349435));
#10600 = CARTESIAN_POINT('',(4.747723307528,3.034844495021));
#10601 = CARTESIAN_POINT('',(4.862275759962,3.049606204491));
#10602 = CARTESIAN_POINT('',(4.972660053989,3.064841218201));
#10603 = CARTESIAN_POINT('',(5.079434974977,3.079428502403));
#10604 = CARTESIAN_POINT('',(5.18307514989,3.092559507456));
#10605 = CARTESIAN_POINT('',(5.283991937202,3.103688779555));
#10606 = CARTESIAN_POINT('',(5.496900913081,3.122718857445));
#10607 = CARTESIAN_POINT('',(5.608757387328,3.129880528611));
#10608 = CARTESIAN_POINT('',(5.719268291071,3.133479225584));
#10609 = CARTESIAN_POINT('',(5.829354520187,3.133292226105));
#10610 = CARTESIAN_POINT('',(5.939880970125,3.129297146999));
#10611 = CARTESIAN_POINT('',(6.051711295529,3.121665962004));
#10612 = CARTESIAN_POINT('',(6.165767702451,3.110823587836));
#10613 = CARTESIAN_POINT('',(6.28318530718,3.097557912771));
#10614 = ( GEOMETRIC_REPRESENTATION_CONTEXT(2) 
PARAMETRIC_REPRESENTATION_CONTEXT() REPRESENTATION_CONTEXT('2D SPACE',''
  ) );
#10615 = ADVANCED_FACE('',(#10616),#3567,.T.);
#10616 = FACE_BOUND('',#10617,.T.);
#10617 = EDGE_LOOP('',(#10618,#10619,#10620,#10621));
#10618 = ORIENTED_EDGE('',*,*,#3641,.F.);
#10619 = ORIENTED_EDGE('',*,*,#10380,.T.);
#10620 = ORIENTED_EDGE('',*,*,#3552,.F.);
#10621 = ORIENTED_EDGE('',*,*,#8586,.F.);
#10622 = ADVANCED_FACE('',(#10623),#3436,.F.);
#10623 = FACE_BOUND('',#10624,.F.);
#10624 = EDGE_LOOP('',(#10625,#10626,#10627,#10628));
#10625 = ORIENTED_EDGE('',*,*,#3421,.F.);
#10626 = ORIENTED_EDGE('',*,*,#10403,.T.);
#10627 = ORIENTED_EDGE('',*,*,#3510,.F.);
#10628 = ORIENTED_EDGE('',*,*,#8655,.F.);
#10629 = ADVANCED_FACE('',(#10630),#3837,.F.);
#10630 = FACE_BOUND('',#10631,.F.);
#10631 = EDGE_LOOP('',(#10632,#10633,#10654,#10655));
#10632 = ORIENTED_EDGE('',*,*,#3711,.F.);
#10633 = ORIENTED_EDGE('',*,*,#10634,.F.);
#10634 = EDGE_CURVE('',#4171,#3712,#10635,.T.);
#10635 = SEAM_CURVE('',#10636,(#10640,#10647),.PCURVE_S1.);
#10636 = LINE('',#10637,#10638);
#10637 = CARTESIAN_POINT('',(-32.9,-60.62,-20.));
#10638 = VECTOR('',#10639,1.);
#10639 = DIRECTION('',(0.,0.,1.));
#10640 = PCURVE('',#3837,#10641);
#10641 = DEFINITIONAL_REPRESENTATION('',(#10642),#10646);
#10642 = LINE('',#10643,#10644);
#10643 = CARTESIAN_POINT('',(6.28318530718,-0.));
#10644 = VECTOR('',#10645,1.);
#10645 = DIRECTION('',(0.,1.));
#10646 = ( GEOMETRIC_REPRESENTATION_CONTEXT(2) 
PARAMETRIC_REPRESENTATION_CONTEXT() REPRESENTATION_CONTEXT('2D SPACE',''
  ) );
#10647 = PCURVE('',#3837,#10648);
#10648 = DEFINITIONAL_REPRESENTATION('',(#10649),#10653);
#10649 = LINE('',#10650,#10651);
#10650 = CARTESIAN_POINT('',(0.,-0.));
#10651 = VECTOR('',#10652,1.);
#10652 = DIRECTION('',(0.,1.));
#10653 = ( GEOMETRIC_REPRESENTATION_CONTEXT(2) 
PARAMETRIC_REPRESENTATION_CONTEXT() REPRESENTATION_CONTEXT('2D SPACE',''
  ) );
#10654 = ORIENTED_EDGE('',*,*,#4170,.T.);
#10655 = ORIENTED_EDGE('',*,*,#10634,.T.);
#10656 = ADVANCED_FACE('',(#10657),#4486,.F.);
#10657 = FACE_BOUND('',#10658,.F.);
#10658 = EDGE_LOOP('',(#10659,#10660,#10681,#10682));
#10659 = ORIENTED_EDGE('',*,*,#4360,.F.);
#10660 = ORIENTED_EDGE('',*,*,#10661,.F.);
#10661 = EDGE_CURVE('',#9206,#4361,#10662,.T.);
#10662 = SEAM_CURVE('',#10663,(#10667,#10674),.PCURVE_S1.);
#10663 = LINE('',#10664,#10665);
#10664 = CARTESIAN_POINT('',(-32.9,-60.62,-20.));
#10665 = VECTOR('',#10666,1.);
#10666 = DIRECTION('',(0.,0.,1.));
#10667 = PCURVE('',#4486,#10668);
#10668 = DEFINITIONAL_REPRESENTATION('',(#10669),#10673);
#10669 = LINE('',#10670,#10671);
#10670 = CARTESIAN_POINT('',(6.28318530718,-0.));
#10671 = VECTOR('',#10672,1.);
#10672 = DIRECTION('',(0.,1.));
#10673 = ( GEOMETRIC_REPRESENTATION_CONTEXT(2) 
PARAMETRIC_REPRESENTATION_CONTEXT() REPRESENTATION_CONTEXT('2D SPACE',''
  ) );
#10674 = PCURVE('',#4486,#10675);
#10675 = DEFINITIONAL_REPRESENTATION('',(#10676),#10680);
#10676 = LINE('',#10677,#10678);
#10677 = CARTESIAN_POINT('',(0.,-0.));
#10678 = VECTOR('',#10679,1.);
#10679 = DIRECTION('',(0.,1.));
#10680 = ( GEOMETRIC_REPRESENTATION_CONTEXT(2) 
PARAMETRIC_REPRESENTATION_CONTEXT() REPRESENTATION_CONTEXT('2D SPACE',''
  ) );
#10681 = ORIENTED_EDGE('',*,*,#9205,.T.);
#10682 = ORIENTED_EDGE('',*,*,#10661,.T.);
#10683 = ADVANCED_FACE('',(#10684),#4737,.F.);
#10684 = FACE_BOUND('',#10685,.F.);
#10685 = EDGE_LOOP('',(#10686,#10687,#10708,#10709));
#10686 = ORIENTED_EDGE('',*,*,#4627,.F.);
#10687 = ORIENTED_EDGE('',*,*,#10688,.F.);
#10688 = EDGE_CURVE('',#5274,#4628,#10689,.T.);
#10689 = SEAM_CURVE('',#10690,(#10694,#10701),.PCURVE_S1.);
#10690 = LINE('',#10691,#10692);
#10691 = CARTESIAN_POINT('',(-67.9,-5.143516556419E-16,-20.));
#10692 = VECTOR('',#10693,1.);
#10693 = DIRECTION('',(0.,0.,1.));
#10694 = PCURVE('',#4737,#10695);
#10695 = DEFINITIONAL_REPRESENTATION('',(#10696),#10700);
#10696 = LINE('',#10697,#10698);
#10697 = CARTESIAN_POINT('',(6.28318530718,-0.));
#10698 = VECTOR('',#10699,1.);
#10699 = DIRECTION('',(0.,1.));
#10700 = ( GEOMETRIC_REPRESENTATION_CONTEXT(2) 
PARAMETRIC_REPRESENTATION_CONTEXT() REPRESENTATION_CONTEXT('2D SPACE',''
  ) );
#10701 = PCURVE('',#4737,#10702);
#10702 = DEFINITIONAL_REPRESENTATION('',(#10703),#10707);
#10703 = LINE('',#10704,#10705);
#10704 = CARTESIAN_POINT('',(0.,-0.));
#10705 = VECTOR('',#10706,1.);
#10706 = DIRECTION('',(0.,1.));
#10707 = ( GEOMETRIC_REPRESENTATION_CONTEXT(2) 
PARAMETRIC_REPRESENTATION_CONTEXT() REPRESENTATION_CONTEXT('2D SPACE',''
  ) );
#10708 = ORIENTED_EDGE('',*,*,#5273,.T.);
#10709 = ORIENTED_EDGE('',*,*,#10688,.T.);
#10710 = ADVANCED_FACE('',(#10711),#4959,.F.);
#10711 = FACE_BOUND('',#10712,.F.);
#10712 = EDGE_LOOP('',(#10713,#10714,#10735,#10736,#10737,#10738));
#10713 = ORIENTED_EDGE('',*,*,#5132,.F.);
#10714 = ORIENTED_EDGE('',*,*,#10715,.F.);
#10715 = EDGE_CURVE('',#9467,#4898,#10716,.T.);
#10716 = SEAM_CURVE('',#10717,(#10721,#10728),.PCURVE_S1.);
#10717 = LINE('',#10718,#10719);
#10718 = CARTESIAN_POINT('',(-67.9,-5.143516556419E-16,-20.));
#10719 = VECTOR('',#10720,1.);
#10720 = DIRECTION('',(0.,0.,1.));
#10721 = PCURVE('',#4959,#10722);
#10722 = DEFINITIONAL_REPRESENTATION('',(#10723),#10727);
#10723 = LINE('',#10724,#10725);
#10724 = CARTESIAN_POINT('',(6.28318530718,-0.));
#10725 = VECTOR('',#10726,1.);
#10726 = DIRECTION('',(0.,1.));
#10727 = ( GEOMETRIC_REPRESENTATION_CONTEXT(2) 
PARAMETRIC_REPRESENTATION_CONTEXT() REPRESENTATION_CONTEXT('2D SPACE',''
  ) );
#10728 = PCURVE('',#4959,#10729);
#10729 = DEFINITIONAL_REPRESENTATION('',(#10730),#10734);
#10730 = LINE('',#10731,#10732);
#10731 = CARTESIAN_POINT('',(0.,-0.));
#10732 = VECTOR('',#10733,1.);
#10733 = DIRECTION('',(0.,1.));
#10734 = ( GEOMETRIC_REPRESENTATION_CONTEXT(2) 
PARAMETRIC_REPRESENTATION_CONTEXT() REPRESENTATION_CONTEXT('2D SPACE',''
  ) );
#10735 = ORIENTED_EDGE('',*,*,#9466,.T.);
#10736 = ORIENTED_EDGE('',*,*,#9560,.T.);
#10737 = ORIENTED_EDGE('',*,*,#10715,.T.);
#10738 = ORIENTED_EDGE('',*,*,#4897,.F.);
#10739 = ADVANCED_FACE('',(#10740),#5662,.F.);
#10740 = FACE_BOUND('',#10741,.F.);
#10741 = EDGE_LOOP('',(#10742,#10743,#10764,#10765));
#10742 = ORIENTED_EDGE('',*,*,#5536,.F.);
#10743 = ORIENTED_EDGE('',*,*,#10744,.F.);
#10744 = EDGE_CURVE('',#6167,#5537,#10745,.T.);
#10745 = SEAM_CURVE('',#10746,(#10750,#10757),.PCURVE_S1.);
#10746 = LINE('',#10747,#10748);
#10747 = CARTESIAN_POINT('',(37.1,-60.62,-20.));
#10748 = VECTOR('',#10749,1.);
#10749 = DIRECTION('',(0.,0.,1.));
#10750 = PCURVE('',#5662,#10751);
#10751 = DEFINITIONAL_REPRESENTATION('',(#10752),#10756);
#10752 = LINE('',#10753,#10754);
#10753 = CARTESIAN_POINT('',(6.28318530718,-0.));
#10754 = VECTOR('',#10755,1.);
#10755 = DIRECTION('',(0.,1.));
#10756 = ( GEOMETRIC_REPRESENTATION_CONTEXT(2) 
PARAMETRIC_REPRESENTATION_CONTEXT() REPRESENTATION_CONTEXT('2D SPACE',''
  ) );
#10757 = PCURVE('',#5662,#10758);
#10758 = DEFINITIONAL_REPRESENTATION('',(#10759),#10763);
#10759 = LINE('',#10760,#10761);
#10760 = CARTESIAN_POINT('',(0.,-0.));
#10761 = VECTOR('',#10762,1.);
#10762 = DIRECTION('',(0.,1.));
#10763 = ( GEOMETRIC_REPRESENTATION_CONTEXT(2) 
PARAMETRIC_REPRESENTATION_CONTEXT() REPRESENTATION_CONTEXT('2D SPACE',''
  ) );
#10764 = ORIENTED_EDGE('',*,*,#6166,.T.);
#10765 = ORIENTED_EDGE('',*,*,#10744,.T.);
#10766 = ADVANCED_FACE('',(#10767),#6105,.F.);
#10767 = FACE_BOUND('',#10768,.F.);
#10768 = EDGE_LOOP('',(#10769,#10770,#10791,#10792));
#10769 = ORIENTED_EDGE('',*,*,#5995,.F.);
#10770 = ORIENTED_EDGE('',*,*,#10771,.F.);
#10771 = EDGE_CURVE('',#9718,#5996,#10772,.T.);
#10772 = SEAM_CURVE('',#10773,(#10777,#10784),.PCURVE_S1.);
#10773 = LINE('',#10774,#10775);
#10774 = CARTESIAN_POINT('',(37.1,-60.62,-20.));
#10775 = VECTOR('',#10776,1.);
#10776 = DIRECTION('',(0.,0.,1.));
#10777 = PCURVE('',#6105,#10778);
#10778 = DEFINITIONAL_REPRESENTATION('',(#10779),#10783);
#10779 = LINE('',#10780,#10781);
#10780 = CARTESIAN_POINT('',(6.28318530718,-0.));
#10781 = VECTOR('',#10782,1.);
#10782 = DIRECTION('',(0.,1.));
#10783 = ( GEOMETRIC_REPRESENTATION_CONTEXT(2) 
PARAMETRIC_REPRESENTATION_CONTEXT() REPRESENTATION_CONTEXT('2D SPACE',''
  ) );
#10784 = PCURVE('',#6105,#10785);
#10785 = DEFINITIONAL_REPRESENTATION('',(#10786),#10790);
#10786 = LINE('',#10787,#10788);
#10787 = CARTESIAN_POINT('',(0.,-0.));
#10788 = VECTOR('',#10789,1.);
#10789 = DIRECTION('',(0.,1.));
#10790 = ( GEOMETRIC_REPRESENTATION_CONTEXT(2) 
PARAMETRIC_REPRESENTATION_CONTEXT() REPRESENTATION_CONTEXT('2D SPACE',''
  ) );
#10791 = ORIENTED_EDGE('',*,*,#9717,.T.);
#10792 = ORIENTED_EDGE('',*,*,#10771,.T.);
#10793 = ADVANCED_FACE('',(#10794),#6527,.F.);
#10794 = FACE_BOUND('',#10795,.F.);
#10795 = EDGE_LOOP('',(#10796,#10797,#10818,#10819,#10820,#10821));
#10796 = ORIENTED_EDGE('',*,*,#6562,.F.);
#10797 = ORIENTED_EDGE('',*,*,#10798,.F.);
#10798 = EDGE_CURVE('',#6732,#6466,#10799,.T.);
#10799 = SEAM_CURVE('',#10800,(#10804,#10811),.PCURVE_S1.);
#10800 = LINE('',#10801,#10802);
#10801 = CARTESIAN_POINT('',(72.1,-5.143516556419E-16,-20.));
#10802 = VECTOR('',#10803,1.);
#10803 = DIRECTION('',(0.,0.,1.));
#10804 = PCURVE('',#6527,#10805);
#10805 = DEFINITIONAL_REPRESENTATION('',(#10806),#10810);
#10806 = LINE('',#10807,#10808);
#10807 = CARTESIAN_POINT('',(6.28318530718,-0.));
#10808 = VECTOR('',#10809,1.);
#10809 = DIRECTION('',(0.,1.));
#10810 = ( GEOMETRIC_REPRESENTATION_CONTEXT(2) 
PARAMETRIC_REPRESENTATION_CONTEXT() REPRESENTATION_CONTEXT('2D SPACE',''
  ) );
#10811 = PCURVE('',#6527,#10812);
#10812 = DEFINITIONAL_REPRESENTATION('',(#10813),#10817);
#10813 = LINE('',#10814,#10815);
#10814 = CARTESIAN_POINT('',(0.,-0.));
#10815 = VECTOR('',#10816,1.);
#10816 = DIRECTION('',(0.,1.));
#10817 = ( GEOMETRIC_REPRESENTATION_CONTEXT(2) 
PARAMETRIC_REPRESENTATION_CONTEXT() REPRESENTATION_CONTEXT('2D SPACE',''
  ) );
#10818 = ORIENTED_EDGE('',*,*,#6984,.T.);
#10819 = ORIENTED_EDGE('',*,*,#6754,.T.);
#10820 = ORIENTED_EDGE('',*,*,#10798,.T.);
#10821 = ORIENTED_EDGE('',*,*,#6463,.F.);
#10822 = ADVANCED_FACE('',(#10823),#7235,.F.);
#10823 = FACE_BOUND('',#10824,.F.);
#10824 = EDGE_LOOP('',(#10825,#10826,#10847,#10848));
#10825 = ORIENTED_EDGE('',*,*,#7125,.F.);
#10826 = ORIENTED_EDGE('',*,*,#10827,.F.);
#10827 = EDGE_CURVE('',#9947,#7126,#10828,.T.);
#10828 = SEAM_CURVE('',#10829,(#10833,#10840),.PCURVE_S1.);
#10829 = LINE('',#10830,#10831);
#10830 = CARTESIAN_POINT('',(72.1,-5.143516556419E-16,-20.));
#10831 = VECTOR('',#10832,1.);
#10832 = DIRECTION('',(0.,0.,1.));
#10833 = PCURVE('',#7235,#10834);
#10834 = DEFINITIONAL_REPRESENTATION('',(#10835),#10839);
#10835 = LINE('',#10836,#10837);
#10836 = CARTESIAN_POINT('',(6.28318530718,-0.));
#10837 = VECTOR('',#10838,1.);
#10838 = DIRECTION('',(0.,1.));
#10839 = ( GEOMETRIC_REPRESENTATION_CONTEXT(2) 
PARAMETRIC_REPRESENTATION_CONTEXT() REPRESENTATION_CONTEXT('2D SPACE',''
  ) );
#10840 = PCURVE('',#7235,#10841);
#10841 = DEFINITIONAL_REPRESENTATION('',(#10842),#10846);
#10842 = LINE('',#10843,#10844);
#10843 = CARTESIAN_POINT('',(0.,-0.));
#10844 = VECTOR('',#10845,1.);
#10845 = DIRECTION('',(0.,1.));
#10846 = ( GEOMETRIC_REPRESENTATION_CONTEXT(2) 
PARAMETRIC_REPRESENTATION_CONTEXT() REPRESENTATION_CONTEXT('2D SPACE',''
  ) );
#10847 = ORIENTED_EDGE('',*,*,#9946,.T.);
#10848 = ORIENTED_EDGE('',*,*,#10827,.T.);
#10849 = ADVANCED_FACE('',(#10850),#7504,.F.);
#10850 = FACE_BOUND('',#10851,.F.);
#10851 = EDGE_LOOP('',(#10852,#10853,#10874,#10875));
#10852 = ORIENTED_EDGE('',*,*,#7394,.F.);
#10853 = ORIENTED_EDGE('',*,*,#10854,.F.);
#10854 = EDGE_CURVE('',#7830,#7395,#10855,.T.);
#10855 = SEAM_CURVE('',#10856,(#10860,#10867),.PCURVE_S1.);
#10856 = LINE('',#10857,#10858);
#10857 = CARTESIAN_POINT('',(-32.9,60.62,-20.));
#10858 = VECTOR('',#10859,1.);
#10859 = DIRECTION('',(0.,0.,1.));
#10860 = PCURVE('',#7504,#10861);
#10861 = DEFINITIONAL_REPRESENTATION('',(#10862),#10866);
#10862 = LINE('',#10863,#10864);
#10863 = CARTESIAN_POINT('',(6.28318530718,-0.));
#10864 = VECTOR('',#10865,1.);
#10865 = DIRECTION('',(0.,1.));
#10866 = ( GEOMETRIC_REPRESENTATION_CONTEXT(2) 
PARAMETRIC_REPRESENTATION_CONTEXT() REPRESENTATION_CONTEXT('2D SPACE',''
  ) );
#10867 = PCURVE('',#7504,#10868);
#10868 = DEFINITIONAL_REPRESENTATION('',(#10869),#10873);
#10869 = LINE('',#10870,#10871);
#10870 = CARTESIAN_POINT('',(0.,-0.));
#10871 = VECTOR('',#10872,1.);
#10872 = DIRECTION('',(0.,1.));
#10873 = ( GEOMETRIC_REPRESENTATION_CONTEXT(2) 
PARAMETRIC_REPRESENTATION_CONTEXT() REPRESENTATION_CONTEXT('2D SPACE',''
  ) );
#10874 = ORIENTED_EDGE('',*,*,#7829,.T.);
#10875 = ORIENTED_EDGE('',*,*,#10854,.T.);
#10876 = ADVANCED_FACE('',(#10877),#8121,.F.);
#10877 = FACE_BOUND('',#10878,.F.);
#10878 = EDGE_LOOP('',(#10879,#10880,#10901,#10902));
#10879 = ORIENTED_EDGE('',*,*,#7995,.F.);
#10880 = ORIENTED_EDGE('',*,*,#10881,.F.);
#10881 = EDGE_CURVE('',#10176,#7996,#10882,.T.);
#10882 = SEAM_CURVE('',#10883,(#10887,#10894),.PCURVE_S1.);
#10883 = LINE('',#10884,#10885);
#10884 = CARTESIAN_POINT('',(-32.9,60.62,-20.));
#10885 = VECTOR('',#10886,1.);
#10886 = DIRECTION('',(0.,0.,1.));
#10887 = PCURVE('',#8121,#10888);
#10888 = DEFINITIONAL_REPRESENTATION('',(#10889),#10893);
#10889 = LINE('',#10890,#10891);
#10890 = CARTESIAN_POINT('',(6.28318530718,-0.));
#10891 = VECTOR('',#10892,1.);
#10892 = DIRECTION('',(0.,1.));
#10893 = ( GEOMETRIC_REPRESENTATION_CONTEXT(2) 
PARAMETRIC_REPRESENTATION_CONTEXT() REPRESENTATION_CONTEXT('2D SPACE',''
  ) );
#10894 = PCURVE('',#8121,#10895);
#10895 = DEFINITIONAL_REPRESENTATION('',(#10896),#10900);
#10896 = LINE('',#10897,#10898);
#10897 = CARTESIAN_POINT('',(0.,-0.));
#10898 = VECTOR('',#10899,1.);
#10899 = DIRECTION('',(0.,1.));
#10900 = ( GEOMETRIC_REPRESENTATION_CONTEXT(2) 
PARAMETRIC_REPRESENTATION_CONTEXT() REPRESENTATION_CONTEXT('2D SPACE',''
  ) );
#10901 = ORIENTED_EDGE('',*,*,#10175,.T.);
#10902 = ORIENTED_EDGE('',*,*,#10881,.T.);
#10903 = ADVANCED_FACE('',(#10904),#8415,.F.);
#10904 = FACE_BOUND('',#10905,.F.);
#10905 = EDGE_LOOP('',(#10906,#10907,#10928,#10929));
#10906 = ORIENTED_EDGE('',*,*,#8289,.F.);
#10907 = ORIENTED_EDGE('',*,*,#10908,.F.);
#10908 = EDGE_CURVE('',#8944,#8290,#10909,.T.);
#10909 = SEAM_CURVE('',#10910,(#10914,#10921),.PCURVE_S1.);
#10910 = LINE('',#10911,#10912);
#10911 = CARTESIAN_POINT('',(37.1,60.62,-20.));
#10912 = VECTOR('',#10913,1.);
#10913 = DIRECTION('',(0.,0.,1.));
#10914 = PCURVE('',#8415,#10915);
#10915 = DEFINITIONAL_REPRESENTATION('',(#10916),#10920);
#10916 = LINE('',#10917,#10918);
#10917 = CARTESIAN_POINT('',(6.28318530718,-0.));
#10918 = VECTOR('',#10919,1.);
#10919 = DIRECTION('',(0.,1.));
#10920 = ( GEOMETRIC_REPRESENTATION_CONTEXT(2) 
PARAMETRIC_REPRESENTATION_CONTEXT() REPRESENTATION_CONTEXT('2D SPACE',''
  ) );
#10921 = PCURVE('',#8415,#10922);
#10922 = DEFINITIONAL_REPRESENTATION('',(#10923),#10927);
#10923 = LINE('',#10924,#10925);
#10924 = CARTESIAN_POINT('',(0.,-0.));
#10925 = VECTOR('',#10926,1.);
#10926 = DIRECTION('',(0.,1.));
#10927 = ( GEOMETRIC_REPRESENTATION_CONTEXT(2) 
PARAMETRIC_REPRESENTATION_CONTEXT() REPRESENTATION_CONTEXT('2D SPACE',''
  ) );
#10928 = ORIENTED_EDGE('',*,*,#8943,.T.);
#10929 = ORIENTED_EDGE('',*,*,#10908,.T.);
#10930 = ADVANCED_FACE('',(#10931),#8874,.F.);
#10931 = FACE_BOUND('',#10932,.F.);
#10932 = EDGE_LOOP('',(#10933,#10934,#10955,#10956));
#10933 = ORIENTED_EDGE('',*,*,#8748,.F.);
#10934 = ORIENTED_EDGE('',*,*,#10935,.F.);
#10935 = EDGE_CURVE('',#10429,#8749,#10936,.T.);
#10936 = SEAM_CURVE('',#10937,(#10941,#10948),.PCURVE_S1.);
#10937 = LINE('',#10938,#10939);
#10938 = CARTESIAN_POINT('',(37.1,60.62,-20.));
#10939 = VECTOR('',#10940,1.);
#10940 = DIRECTION('',(0.,0.,1.));
#10941 = PCURVE('',#8874,#10942);
#10942 = DEFINITIONAL_REPRESENTATION('',(#10943),#10947);
#10943 = LINE('',#10944,#10945);
#10944 = CARTESIAN_POINT('',(6.28318530718,-0.));
#10945 = VECTOR('',#10946,1.);
#10946 = DIRECTION('',(0.,1.));
#10947 = ( GEOMETRIC_REPRESENTATION_CONTEXT(2) 
PARAMETRIC_REPRESENTATION_CONTEXT() REPRESENTATION_CONTEXT('2D SPACE',''
  ) );
#10948 = PCURVE('',#8874,#10949);
#10949 = DEFINITIONAL_REPRESENTATION('',(#10950),#10954);
#10950 = LINE('',#10951,#10952);
#10951 = CARTESIAN_POINT('',(0.,-0.));
#10952 = VECTOR('',#10953,1.);
#10953 = DIRECTION('',(0.,1.));
#10954 = ( GEOMETRIC_REPRESENTATION_CONTEXT(2) 
PARAMETRIC_REPRESENTATION_CONTEXT() REPRESENTATION_CONTEXT('2D SPACE',''
  ) );
#10955 = ORIENTED_EDGE('',*,*,#10428,.T.);
#10956 = ORIENTED_EDGE('',*,*,#10935,.T.);
#10957 = ( GEOMETRIC_REPRESENTATION_CONTEXT(3) 
GLOBAL_UNCERTAINTY_ASSIGNED_CONTEXT((#10961)) 
GLOBAL_UNIT_ASSIGNED_CONTEXT((#10958,#10959,#10960)) 
REPRESENTATION_CONTEXT('Context #1',
  '3D Context with UNIT and UNCERTAINTY') );
#10958 = ( LENGTH_UNIT() NAMED_UNIT(*) SI_UNIT(.MILLI.,.METRE.) );
#10959 = ( NAMED_UNIT(*) PLANE_ANGLE_UNIT() SI_UNIT($,.RADIAN.) );
#10960 = ( NAMED_UNIT(*) SI_UNIT($,.STERADIAN.) SOLID_ANGLE_UNIT() );
#10961 = UNCERTAINTY_MEASURE_WITH_UNIT(LENGTH_MEASURE(1.E-07),#10958,
  'distance_accuracy_value','confusion accuracy');
#10962 = PRODUCT_RELATED_PRODUCT_CATEGORY('part',$,(#7));
ENDSEC;
END-ISO-10303-21;
