ISO-10303-21;
HEADER;
FILE_NAME('Open CASCADE Shape Model','2026-09-28T23:38:03',('Author'),(
    'Open CASCADE'),'Open CASCADE STEP processor 8.0','Open CASCADE 8.0'
  ,'Unknown');
FILE_DESCRIPTION(('Open CASCADE Model'),'2;1');
FILE_SCHEMA((''));
ENDSEC;
DATA;
#1 = APPLICATION_PROTOCOL_DEFINITION('international standard',
  'automotive_design',2000,#2);
#2 = APPLICATION_CONTEXT(
  'core data for automotive mechanical design processes');
#3 = SHAPE_DEFINITION_REPRESENTATION(#4,#10);
#4 = PRODUCT_DEFINITION_SHAPE('','',#5);
#5 = PRODUCT_DEFINITION('design','',#6,#9);
#6 = PRODUCT_DEFINITION_FORMATION('','',#7);
#7 = PRODUCT('Open CASCADE STEP translator 8.0 1',
  'Open CASCADE STEP translator 8.0 1','',(#8));
#8 = PRODUCT_CONTEXT('',#2,'mechanical');
#9 = PRODUCT_DEFINITION_CONTEXT('part definition',#2,'design');
#10 = ADVANCED_BREP_SHAPE_REPRESENTATION('',(#11,#15),#10621);
#11 = AXIS2_PLACEMENT_3D('',#12,#13,#14);
#12 = CARTESIAN_POINT('',(0.,0.,0.));
#13 = DIRECTION('',(0.,0.,1.));
#14 = DIRECTION('',(1.,0.,-0.));
#15 = MANIFOLD_SOLID_BREP('',#16);
#16 = CLOSED_SHELL('',(#17,#105,#1813,#3431,#3675,#3703,#4324,#4332,
    #4339,#4347,#4591,#4619,#5192,#5200,#5207,#5215,#5435,#5463,#6076,
    #6083,#6090,#6097,#6317,#6345,#6966,#6974,#6981,#6989,#7237,#7289,
    #7879,#7886,#7894,#7901,#8145,#8173,#8794,#8802,#8809,#8817,#9056,
    #9063,#9070,#9285,#9292,#9299,#9542,#9550,#9558,#9797,#9804,#9811,
    #10026,#10033,#10040,#10279,#10286,#10293,#10320,#10347,#10374,
    #10401,#10428,#10457,#10484,#10511,#10540,#10567,#10594));
#17 = ADVANCED_FACE('',(#18),#31,.T.);
#18 = FACE_BOUND('',#19,.T.);
#19 = EDGE_LOOP('',(#20,#54,#77,#104));
#20 = ORIENTED_EDGE('',*,*,#21,.F.);
#21 = EDGE_CURVE('',#22,#22,#24,.T.);
#22 = VERTEX_POINT('',#23);
#23 = CARTESIAN_POINT('',(110.,-2.694222958124E-14,5.));
#24 = SURFACE_CURVE('',#25,(#30,#42),.PCURVE_S1.);
#25 = CIRCLE('',#26,110.);
#26 = AXIS2_PLACEMENT_3D('',#27,#28,#29);
#27 = CARTESIAN_POINT('',(0.,0.,5.));
#28 = DIRECTION('',(0.,0.,1.));
#29 = DIRECTION('',(1.,0.,-0.));
#30 = PCURVE('',#31,#36);
#31 = CYLINDRICAL_SURFACE('',#32,110.);
#32 = AXIS2_PLACEMENT_3D('',#33,#34,#35);
#33 = CARTESIAN_POINT('',(0.,0.,-5.));
#34 = DIRECTION('',(0.,0.,1.));
#35 = DIRECTION('',(1.,0.,-0.));
#36 = DEFINITIONAL_REPRESENTATION('',(#37),#41);
#37 = LINE('',#38,#39);
#38 = CARTESIAN_POINT('',(0.,10.));
#39 = VECTOR('',#40,1.);
#40 = DIRECTION('',(1.,0.));
#41 = ( GEOMETRIC_REPRESENTATION_CONTEXT(2) 
PARAMETRIC_REPRESENTATION_CONTEXT() REPRESENTATION_CONTEXT('2D SPACE',''
  ) );
#42 = PCURVE('',#43,#48);
#43 = PLANE('',#44);
#44 = AXIS2_PLACEMENT_3D('',#45,#46,#47);
#45 = CARTESIAN_POINT('',(0.,0.,5.));
#46 = DIRECTION('',(0.,0.,1.));
#47 = DIRECTION('',(1.,0.,-0.));
#48 = DEFINITIONAL_REPRESENTATION('',(#49),#53);
#49 = CIRCLE('',#50,110.);
#50 = AXIS2_PLACEMENT_2D('',#51,#52);
#51 = CARTESIAN_POINT('',(0.,0.));
#52 = DIRECTION('',(1.,0.));
#53 = ( GEOMETRIC_REPRESENTATION_CONTEXT(2) 
PARAMETRIC_REPRESENTATION_CONTEXT() REPRESENTATION_CONTEXT('2D SPACE',''
  ) );
#54 = ORIENTED_EDGE('',*,*,#55,.F.);
#55 = EDGE_CURVE('',#56,#22,#58,.T.);
#56 = VERTEX_POINT('',#57);
#57 = CARTESIAN_POINT('',(110.,-2.694222958124E-14,-5.));
#58 = SEAM_CURVE('',#59,(#63,#70),.PCURVE_S1.);
#59 = LINE('',#60,#61);
#60 = CARTESIAN_POINT('',(110.,-2.694222958124E-14,-5.));
#61 = VECTOR('',#62,1.);
#62 = DIRECTION('',(0.,0.,1.));
#63 = PCURVE('',#31,#64);
#64 = DEFINITIONAL_REPRESENTATION('',(#65),#69);
#65 = LINE('',#66,#67);
#66 = CARTESIAN_POINT('',(6.28318530718,-0.));
#67 = VECTOR('',#68,1.);
#68 = DIRECTION('',(0.,1.));
#69 = ( GEOMETRIC_REPRESENTATION_CONTEXT(2) 
PARAMETRIC_REPRESENTATION_CONTEXT() REPRESENTATION_CONTEXT('2D SPACE',''
  ) );
#70 = PCURVE('',#31,#71);
#71 = DEFINITIONAL_REPRESENTATION('',(#72),#76);
#72 = LINE('',#73,#74);
#73 = CARTESIAN_POINT('',(0.,-0.));
#74 = VECTOR('',#75,1.);
#75 = DIRECTION('',(0.,1.));
#76 = ( GEOMETRIC_REPRESENTATION_CONTEXT(2) 
PARAMETRIC_REPRESENTATION_CONTEXT() REPRESENTATION_CONTEXT('2D SPACE',''
  ) );
#77 = ORIENTED_EDGE('',*,*,#78,.T.);
#78 = EDGE_CURVE('',#56,#56,#79,.T.);
#79 = SURFACE_CURVE('',#80,(#85,#92),.PCURVE_S1.);
#80 = CIRCLE('',#81,110.);
#81 = AXIS2_PLACEMENT_3D('',#82,#83,#84);
#82 = CARTESIAN_POINT('',(0.,0.,-5.));
#83 = DIRECTION('',(0.,0.,1.));
#84 = DIRECTION('',(1.,0.,-0.));
#85 = PCURVE('',#31,#86);
#86 = DEFINITIONAL_REPRESENTATION('',(#87),#91);
#87 = LINE('',#88,#89);
#88 = CARTESIAN_POINT('',(0.,0.));
#89 = VECTOR('',#90,1.);
#90 = DIRECTION('',(1.,0.));
#91 = ( GEOMETRIC_REPRESENTATION_CONTEXT(2) 
PARAMETRIC_REPRESENTATION_CONTEXT() REPRESENTATION_CONTEXT('2D SPACE',''
  ) );
#92 = PCURVE('',#93,#98);
#93 = PLANE('',#94);
#94 = AXIS2_PLACEMENT_3D('',#95,#96,#97);
#95 = CARTESIAN_POINT('',(0.,0.,-5.));
#96 = DIRECTION('',(0.,0.,1.));
#97 = DIRECTION('',(1.,0.,-0.));
#98 = DEFINITIONAL_REPRESENTATION('',(#99),#103);
#99 = CIRCLE('',#100,110.);
#100 = AXIS2_PLACEMENT_2D('',#101,#102);
#101 = CARTESIAN_POINT('',(0.,0.));
#102 = DIRECTION('',(1.,0.));
#103 = ( GEOMETRIC_REPRESENTATION_CONTEXT(2) 
PARAMETRIC_REPRESENTATION_CONTEXT() REPRESENTATION_CONTEXT('2D SPACE',''
  ) );
#104 = ORIENTED_EDGE('',*,*,#55,.T.);
#105 = ADVANCED_FACE('',(#106,#109,#393,#677,#961,#1245,#1529),#43,.T.);
#106 = FACE_BOUND('',#107,.T.);
#107 = EDGE_LOOP('',(#108));
#108 = ORIENTED_EDGE('',*,*,#21,.T.);
#109 = FACE_BOUND('',#110,.T.);
#110 = EDGE_LOOP('',(#111,#139,#165,#191,#217,#238,#259,#280,#306,#327,
    #353,#374));
#111 = ORIENTED_EDGE('',*,*,#112,.F.);
#112 = EDGE_CURVE('',#113,#115,#117,.T.);
#113 = VERTEX_POINT('',#114);
#114 = CARTESIAN_POINT('',(-36.32279363583,-25.21575425182,5.));
#115 = VERTEX_POINT('',#116);
#116 = CARTESIAN_POINT('',(-66.32279363583,-77.17575425182,5.));
#117 = SURFACE_CURVE('',#118,(#122,#128),.PCURVE_S1.);
#118 = LINE('',#119,#120);
#119 = CARTESIAN_POINT('',(-36.32279363583,-25.21575425182,5.));
#120 = VECTOR('',#121,1.);
#121 = DIRECTION('',(-0.500011000363,-0.866019052629,0.));
#122 = PCURVE('',#43,#123);
#123 = DEFINITIONAL_REPRESENTATION('',(#124),#127);
#124 = B_SPLINE_CURVE_WITH_KNOTS('',1,(#125,#126),.UNSPECIFIED.,.F.,.F.,
  (2,2),(-6.000000033402E-07,59.99868058548),.PIECEWISE_BEZIER_KNOTS.);
#125 = CARTESIAN_POINT('',(-36.32279333582,-25.21575373221));
#126 = CARTESIAN_POINT('',(-66.32279393584,-77.17575477143));
#127 = ( GEOMETRIC_REPRESENTATION_CONTEXT(2) 
PARAMETRIC_REPRESENTATION_CONTEXT() REPRESENTATION_CONTEXT('2D SPACE',''
  ) );
#128 = PCURVE('',#129,#134);
#129 = CYLINDRICAL_SURFACE('',#130,19.5);
#130 = AXIS2_PLACEMENT_3D('',#131,#132,#133);
#131 = CARTESIAN_POINT('',(-20.,-34.64,0.));
#132 = DIRECTION('',(-0.500011000363,-0.866019052629,0.));
#133 = DIRECTION('',(-0.866019052629,0.500011000363,0.));
#134 = DEFINITIONAL_REPRESENTATION('',(#135),#138);
#135 = B_SPLINE_CURVE_WITH_KNOTS('',1,(#136,#137),.UNSPECIFIED.,.F.,.F.,
  (2,2),(-6.000000033402E-07,59.99868058548),.PIECEWISE_BEZIER_KNOTS.);
#136 = CARTESIAN_POINT('',(6.023878850907,-6.000000051166E-07));
#137 = CARTESIAN_POINT('',(6.023878850907,59.99868058548));
#138 = ( GEOMETRIC_REPRESENTATION_CONTEXT(2) 
PARAMETRIC_REPRESENTATION_CONTEXT() REPRESENTATION_CONTEXT('2D SPACE',''
  ) );
#139 = ORIENTED_EDGE('',*,*,#140,.T.);
#140 = EDGE_CURVE('',#113,#141,#143,.T.);
#141 = VERTEX_POINT('',#142);
#142 = CARTESIAN_POINT('',(-34.52358103615,-26.25456060268,5.));
#143 = SURFACE_CURVE('',#144,(#148,#154),.PCURVE_S1.);
#144 = LINE('',#145,#146);
#145 = CARTESIAN_POINT('',(-20.,-34.64,5.));
#146 = VECTOR('',#147,1.);
#147 = DIRECTION('',(0.866019052629,-0.500011000363,0.));
#148 = PCURVE('',#43,#149);
#149 = DEFINITIONAL_REPRESENTATION('',(#150),#153);
#150 = B_SPLINE_CURVE_WITH_KNOTS('',1,(#151,#152),.UNSPECIFIED.,.F.,.F.,
  (2,2),(-19.5,19.5),.PIECEWISE_BEZIER_KNOTS.);
#151 = CARTESIAN_POINT('',(-36.88737152626,-24.88978549292));
#152 = CARTESIAN_POINT('',(-3.11262847374,-44.39021450707));
#153 = ( GEOMETRIC_REPRESENTATION_CONTEXT(2) 
PARAMETRIC_REPRESENTATION_CONTEXT() REPRESENTATION_CONTEXT('2D SPACE',''
  ) );
#154 = PCURVE('',#155,#160);
#155 = PLANE('',#156);
#156 = AXIS2_PLACEMENT_3D('',#157,#158,#159);
#157 = CARTESIAN_POINT('',(-20.,-34.64,0.));
#158 = DIRECTION('',(-0.500011000363,-0.866019052629,0.));
#159 = DIRECTION('',(-0.866019052629,0.500011000363,0.));
#160 = DEFINITIONAL_REPRESENTATION('',(#161),#164);
#161 = B_SPLINE_CURVE_WITH_KNOTS('',1,(#162,#163),.UNSPECIFIED.,.F.,.F.,
  (2,2),(-19.5,19.5),.PIECEWISE_BEZIER_KNOTS.);
#162 = CARTESIAN_POINT('',(19.5,-5.));
#163 = CARTESIAN_POINT('',(-19.5,-5.));
#164 = ( GEOMETRIC_REPRESENTATION_CONTEXT(2) 
PARAMETRIC_REPRESENTATION_CONTEXT() REPRESENTATION_CONTEXT('2D SPACE',''
  ) );
#165 = ORIENTED_EDGE('',*,*,#166,.F.);
#166 = EDGE_CURVE('',#167,#141,#169,.T.);
#167 = VERTEX_POINT('',#168);
#168 = CARTESIAN_POINT('',(-32.02358103615,-21.92456060268,5.));
#169 = SURFACE_CURVE('',#170,(#174,#180),.PCURVE_S1.);
#170 = LINE('',#171,#172);
#171 = CARTESIAN_POINT('',(-32.02358103615,-21.92456060268,5.));
#172 = VECTOR('',#173,1.);
#173 = DIRECTION('',(-0.500011000363,-0.866019052629,0.));
#174 = PCURVE('',#43,#175);
#175 = DEFINITIONAL_REPRESENTATION('',(#176),#179);
#176 = B_SPLINE_CURVE_WITH_KNOTS('',1,(#177,#178),.UNSPECIFIED.,.F.,.F.,
  (2,2),(-6.000000033402E-07,69.99846058306),.PIECEWISE_BEZIER_KNOTS.);
#177 = CARTESIAN_POINT('',(-32.02358073615,-21.92456008306));
#178 = CARTESIAN_POINT('',(-67.02358133616,-82.54456112229));
#179 = ( GEOMETRIC_REPRESENTATION_CONTEXT(2) 
PARAMETRIC_REPRESENTATION_CONTEXT() REPRESENTATION_CONTEXT('2D SPACE',''
  ) );
#180 = PCURVE('',#181,#186);
#181 = CYLINDRICAL_SURFACE('',#182,17.5);
#182 = AXIS2_PLACEMENT_3D('',#183,#184,#185);
#183 = CARTESIAN_POINT('',(-17.5,-30.31,0.));
#184 = DIRECTION('',(-0.500011000363,-0.866019052629,0.));
#185 = DIRECTION('',(-0.866019052629,0.500011000363,0.));
#186 = DEFINITIONAL_REPRESENTATION('',(#187),#190);
#187 = B_SPLINE_CURVE_WITH_KNOTS('',1,(#188,#189),.UNSPECIFIED.,.F.,.F.,
  (2,2),(-6.000000033402E-07,69.99846058306),.PIECEWISE_BEZIER_KNOTS.);
#188 = CARTESIAN_POINT('',(5.993433605744,-5.999999997875E-07));
#189 = CARTESIAN_POINT('',(5.993433605744,69.99846058306));
#190 = ( GEOMETRIC_REPRESENTATION_CONTEXT(2) 
PARAMETRIC_REPRESENTATION_CONTEXT() REPRESENTATION_CONTEXT('2D SPACE',''
  ) );
#191 = ORIENTED_EDGE('',*,*,#192,.T.);
#192 = EDGE_CURVE('',#167,#193,#195,.T.);
#193 = VERTEX_POINT('',#194);
#194 = CARTESIAN_POINT('',(-2.976418963841,-38.69543939732,5.));
#195 = SURFACE_CURVE('',#196,(#200,#206),.PCURVE_S1.);
#196 = LINE('',#197,#198);
#197 = CARTESIAN_POINT('',(-17.5,-30.31,5.));
#198 = VECTOR('',#199,1.);
#199 = DIRECTION('',(0.866019052629,-0.500011000363,0.));
#200 = PCURVE('',#43,#201);
#201 = DEFINITIONAL_REPRESENTATION('',(#202),#205);
#202 = B_SPLINE_CURVE_WITH_KNOTS('',1,(#203,#204),.UNSPECIFIED.,.F.,.F.,
  (2,2),(-17.5,17.5),.PIECEWISE_BEZIER_KNOTS.);
#203 = CARTESIAN_POINT('',(-32.655333421,-21.55980749364));
#204 = CARTESIAN_POINT('',(-2.344666578997,-39.06019250635));
#205 = ( GEOMETRIC_REPRESENTATION_CONTEXT(2) 
PARAMETRIC_REPRESENTATION_CONTEXT() REPRESENTATION_CONTEXT('2D SPACE',''
  ) );
#206 = PCURVE('',#207,#212);
#207 = PLANE('',#208);
#208 = AXIS2_PLACEMENT_3D('',#209,#210,#211);
#209 = CARTESIAN_POINT('',(-17.5,-30.31,0.));
#210 = DIRECTION('',(-0.500011000363,-0.866019052629,0.));
#211 = DIRECTION('',(-0.866019052629,0.500011000363,0.));
#212 = DEFINITIONAL_REPRESENTATION('',(#213),#216);
#213 = B_SPLINE_CURVE_WITH_KNOTS('',1,(#214,#215),.UNSPECIFIED.,.F.,.F.,
  (2,2),(-17.5,17.5),.PIECEWISE_BEZIER_KNOTS.);
#214 = CARTESIAN_POINT('',(17.5,-5.));
#215 = CARTESIAN_POINT('',(-17.5,-5.));
#216 = ( GEOMETRIC_REPRESENTATION_CONTEXT(2) 
PARAMETRIC_REPRESENTATION_CONTEXT() REPRESENTATION_CONTEXT('2D SPACE',''
  ) );
#217 = ORIENTED_EDGE('',*,*,#218,.T.);
#218 = EDGE_CURVE('',#193,#219,#221,.T.);
#219 = VERTEX_POINT('',#220);
#220 = CARTESIAN_POINT('',(-5.476418963841,-43.02543939732,5.));
#221 = SURFACE_CURVE('',#222,(#226,#232),.PCURVE_S1.);
#222 = LINE('',#223,#224);
#223 = CARTESIAN_POINT('',(-2.976418963841,-38.69543939732,5.));
#224 = VECTOR('',#225,1.);
#225 = DIRECTION('',(-0.500011000363,-0.866019052629,0.));
#226 = PCURVE('',#43,#227);
#227 = DEFINITIONAL_REPRESENTATION('',(#228),#231);
#228 = B_SPLINE_CURVE_WITH_KNOTS('',1,(#229,#230),.UNSPECIFIED.,.F.,.F.,
  (2,2),(-5.999999971868E-07,69.99846058306),.PIECEWISE_BEZIER_KNOTS.);
#229 = CARTESIAN_POINT('',(-2.976418663835,-38.6954388777));
#230 = CARTESIAN_POINT('',(-37.97641926384,-99.31543991693));
#231 = ( GEOMETRIC_REPRESENTATION_CONTEXT(2) 
PARAMETRIC_REPRESENTATION_CONTEXT() REPRESENTATION_CONTEXT('2D SPACE',''
  ) );
#232 = PCURVE('',#181,#233);
#233 = DEFINITIONAL_REPRESENTATION('',(#234),#237);
#234 = B_SPLINE_CURVE_WITH_KNOTS('',1,(#235,#236),.UNSPECIFIED.,.F.,.F.,
  (2,2),(-5.999999971868E-07,69.99846058306),.PIECEWISE_BEZIER_KNOTS.);
#235 = CARTESIAN_POINT('',(3.431344355026,-5.999999989631E-07));
#236 = CARTESIAN_POINT('',(3.431344355026,69.99846058306));
#237 = ( GEOMETRIC_REPRESENTATION_CONTEXT(2) 
PARAMETRIC_REPRESENTATION_CONTEXT() REPRESENTATION_CONTEXT('2D SPACE',''
  ) );
#238 = ORIENTED_EDGE('',*,*,#239,.T.);
#239 = EDGE_CURVE('',#219,#240,#242,.T.);
#240 = VERTEX_POINT('',#241);
#241 = CARTESIAN_POINT('',(-3.677206364165,-44.06424574817,5.));
#242 = SURFACE_CURVE('',#243,(#247,#253),.PCURVE_S1.);
#243 = LINE('',#244,#245);
#244 = CARTESIAN_POINT('',(-20.,-34.64,5.));
#245 = VECTOR('',#246,1.);
#246 = DIRECTION('',(0.866019052629,-0.500011000363,0.));
#247 = PCURVE('',#43,#248);
#248 = DEFINITIONAL_REPRESENTATION('',(#249),#252);
#249 = B_SPLINE_CURVE_WITH_KNOTS('',1,(#250,#251),.UNSPECIFIED.,.F.,.F.,
  (2,2),(-19.5,19.5),.PIECEWISE_BEZIER_KNOTS.);
#250 = CARTESIAN_POINT('',(-36.88737152626,-24.88978549292));
#251 = CARTESIAN_POINT('',(-3.11262847374,-44.39021450707));
#252 = ( GEOMETRIC_REPRESENTATION_CONTEXT(2) 
PARAMETRIC_REPRESENTATION_CONTEXT() REPRESENTATION_CONTEXT('2D SPACE',''
  ) );
#253 = PCURVE('',#155,#254);
#254 = DEFINITIONAL_REPRESENTATION('',(#255),#258);
#255 = B_SPLINE_CURVE_WITH_KNOTS('',1,(#256,#257),.UNSPECIFIED.,.F.,.F.,
  (2,2),(-19.5,19.5),.PIECEWISE_BEZIER_KNOTS.);
#256 = CARTESIAN_POINT('',(19.5,-5.));
#257 = CARTESIAN_POINT('',(-19.5,-5.));
#258 = ( GEOMETRIC_REPRESENTATION_CONTEXT(2) 
PARAMETRIC_REPRESENTATION_CONTEXT() REPRESENTATION_CONTEXT('2D SPACE',''
  ) );
#259 = ORIENTED_EDGE('',*,*,#260,.T.);
#260 = EDGE_CURVE('',#240,#261,#263,.T.);
#261 = VERTEX_POINT('',#262);
#262 = CARTESIAN_POINT('',(-33.67720636416,-96.02424574817,5.));
#263 = SURFACE_CURVE('',#264,(#268,#274),.PCURVE_S1.);
#264 = LINE('',#265,#266);
#265 = CARTESIAN_POINT('',(-3.677206364165,-44.06424574817,5.));
#266 = VECTOR('',#267,1.);
#267 = DIRECTION('',(-0.500011000363,-0.866019052629,0.));
#268 = PCURVE('',#43,#269);
#269 = DEFINITIONAL_REPRESENTATION('',(#270),#273);
#270 = B_SPLINE_CURVE_WITH_KNOTS('',1,(#271,#272),.UNSPECIFIED.,.F.,.F.,
  (2,2),(-5.999999954104E-07,59.99868058548),.PIECEWISE_BEZIER_KNOTS.);
#271 = CARTESIAN_POINT('',(-3.677206064159,-44.06424522856));
#272 = CARTESIAN_POINT('',(-33.67720666417,-96.02424626778));
#273 = ( GEOMETRIC_REPRESENTATION_CONTEXT(2) 
PARAMETRIC_REPRESENTATION_CONTEXT() REPRESENTATION_CONTEXT('2D SPACE',''
  ) );
#274 = PCURVE('',#129,#275);
#275 = DEFINITIONAL_REPRESENTATION('',(#276),#279);
#276 = B_SPLINE_CURVE_WITH_KNOTS('',1,(#277,#278),.UNSPECIFIED.,.F.,.F.,
  (2,2),(-5.999999954104E-07,59.99868058548),.PIECEWISE_BEZIER_KNOTS.);
#277 = CARTESIAN_POINT('',(3.400899109863,-5.999999954104E-07));
#278 = CARTESIAN_POINT('',(3.400899109863,59.99868058548));
#279 = ( GEOMETRIC_REPRESENTATION_CONTEXT(2) 
PARAMETRIC_REPRESENTATION_CONTEXT() REPRESENTATION_CONTEXT('2D SPACE',''
  ) );
#280 = ORIENTED_EDGE('',*,*,#281,.F.);
#281 = EDGE_CURVE('',#282,#261,#284,.T.);
#282 = VERTEX_POINT('',#283);
#283 = CARTESIAN_POINT('',(-35.47641896384,-94.98543939732,5.));
#284 = SURFACE_CURVE('',#285,(#289,#295),.PCURVE_S1.);
#285 = LINE('',#286,#287);
#286 = CARTESIAN_POINT('',(-50.,-86.6,5.));
#287 = VECTOR('',#288,1.);
#288 = DIRECTION('',(0.866019052629,-0.500011000363,0.));
#289 = PCURVE('',#43,#290);
#290 = DEFINITIONAL_REPRESENTATION('',(#291),#294);
#291 = B_SPLINE_CURVE_WITH_KNOTS('',1,(#292,#293),.UNSPECIFIED.,.F.,.F.,
  (2,2),(-19.5,19.5),.PIECEWISE_BEZIER_KNOTS.);
#292 = CARTESIAN_POINT('',(-66.88737152626,-76.84978549292));
#293 = CARTESIAN_POINT('',(-33.11262847374,-96.35021450707));
#294 = ( GEOMETRIC_REPRESENTATION_CONTEXT(2) 
PARAMETRIC_REPRESENTATION_CONTEXT() REPRESENTATION_CONTEXT('2D SPACE',''
  ) );
#295 = PCURVE('',#296,#301);
#296 = PLANE('',#297);
#297 = AXIS2_PLACEMENT_3D('',#298,#299,#300);
#298 = CARTESIAN_POINT('',(-50.,-86.6,0.));
#299 = DIRECTION('',(-0.500011000363,-0.866019052629,0.));
#300 = DIRECTION('',(-0.866019052629,0.500011000363,0.));
#301 = DEFINITIONAL_REPRESENTATION('',(#302),#305);
#302 = B_SPLINE_CURVE_WITH_KNOTS('',1,(#303,#304),.UNSPECIFIED.,.F.,.F.,
  (2,2),(-19.5,19.5),.PIECEWISE_BEZIER_KNOTS.);
#303 = CARTESIAN_POINT('',(19.5,-5.));
#304 = CARTESIAN_POINT('',(-19.5,-5.));
#305 = ( GEOMETRIC_REPRESENTATION_CONTEXT(2) 
PARAMETRIC_REPRESENTATION_CONTEXT() REPRESENTATION_CONTEXT('2D SPACE',''
  ) );
#306 = ORIENTED_EDGE('',*,*,#307,.T.);
#307 = EDGE_CURVE('',#282,#308,#310,.T.);
#308 = VERTEX_POINT('',#309);
#309 = CARTESIAN_POINT('',(-37.97641896384,-99.31543939732,5.));
#310 = SURFACE_CURVE('',#311,(#315,#321),.PCURVE_S1.);
#311 = LINE('',#312,#313);
#312 = CARTESIAN_POINT('',(-2.976418963841,-38.69543939732,5.));
#313 = VECTOR('',#314,1.);
#314 = DIRECTION('',(-0.500011000363,-0.866019052629,0.));
#315 = PCURVE('',#43,#316);
#316 = DEFINITIONAL_REPRESENTATION('',(#317),#320);
#317 = B_SPLINE_CURVE_WITH_KNOTS('',1,(#318,#319),.UNSPECIFIED.,.F.,.F.,
  (2,2),(-5.999999971868E-07,69.99846058306),.PIECEWISE_BEZIER_KNOTS.);
#318 = CARTESIAN_POINT('',(-2.976418663835,-38.6954388777));
#319 = CARTESIAN_POINT('',(-37.97641926384,-99.31543991693));
#320 = ( GEOMETRIC_REPRESENTATION_CONTEXT(2) 
PARAMETRIC_REPRESENTATION_CONTEXT() REPRESENTATION_CONTEXT('2D SPACE',''
  ) );
#321 = PCURVE('',#181,#322);
#322 = DEFINITIONAL_REPRESENTATION('',(#323),#326);
#323 = B_SPLINE_CURVE_WITH_KNOTS('',1,(#324,#325),.UNSPECIFIED.,.F.,.F.,
  (2,2),(-5.999999971868E-07,69.99846058306),.PIECEWISE_BEZIER_KNOTS.);
#324 = CARTESIAN_POINT('',(3.431344355026,-5.999999989631E-07));
#325 = CARTESIAN_POINT('',(3.431344355026,69.99846058306));
#326 = ( GEOMETRIC_REPRESENTATION_CONTEXT(2) 
PARAMETRIC_REPRESENTATION_CONTEXT() REPRESENTATION_CONTEXT('2D SPACE',''
  ) );
#327 = ORIENTED_EDGE('',*,*,#328,.F.);
#328 = EDGE_CURVE('',#329,#308,#331,.T.);
#329 = VERTEX_POINT('',#330);
#330 = CARTESIAN_POINT('',(-67.02358103615,-82.54456060268,5.));
#331 = SURFACE_CURVE('',#332,(#336,#342),.PCURVE_S1.);
#332 = LINE('',#333,#334);
#333 = CARTESIAN_POINT('',(-52.5,-90.93,5.));
#334 = VECTOR('',#335,1.);
#335 = DIRECTION('',(0.866019052629,-0.500011000363,0.));
#336 = PCURVE('',#43,#337);
#337 = DEFINITIONAL_REPRESENTATION('',(#338),#341);
#338 = B_SPLINE_CURVE_WITH_KNOTS('',1,(#339,#340),.UNSPECIFIED.,.F.,.F.,
  (2,2),(-17.5,17.5),.PIECEWISE_BEZIER_KNOTS.);
#339 = CARTESIAN_POINT('',(-67.655333421,-82.17980749364));
#340 = CARTESIAN_POINT('',(-37.34466657899,-99.68019250635));
#341 = ( GEOMETRIC_REPRESENTATION_CONTEXT(2) 
PARAMETRIC_REPRESENTATION_CONTEXT() REPRESENTATION_CONTEXT('2D SPACE',''
  ) );
#342 = PCURVE('',#343,#348);
#343 = PLANE('',#344);
#344 = AXIS2_PLACEMENT_3D('',#345,#346,#347);
#345 = CARTESIAN_POINT('',(-52.5,-90.93,0.));
#346 = DIRECTION('',(-0.500011000363,-0.866019052629,0.));
#347 = DIRECTION('',(-0.866019052629,0.500011000363,0.));
#348 = DEFINITIONAL_REPRESENTATION('',(#349),#352);
#349 = B_SPLINE_CURVE_WITH_KNOTS('',1,(#350,#351),.UNSPECIFIED.,.F.,.F.,
  (2,2),(-17.5,17.5),.PIECEWISE_BEZIER_KNOTS.);
#350 = CARTESIAN_POINT('',(17.5,-5.));
#351 = CARTESIAN_POINT('',(-17.5,-5.));
#352 = ( GEOMETRIC_REPRESENTATION_CONTEXT(2) 
PARAMETRIC_REPRESENTATION_CONTEXT() REPRESENTATION_CONTEXT('2D SPACE',''
  ) );
#353 = ORIENTED_EDGE('',*,*,#354,.F.);
#354 = EDGE_CURVE('',#355,#329,#357,.T.);
#355 = VERTEX_POINT('',#356);
#356 = CARTESIAN_POINT('',(-64.52358103615,-78.21456060268,5.));
#357 = SURFACE_CURVE('',#358,(#362,#368),.PCURVE_S1.);
#358 = LINE('',#359,#360);
#359 = CARTESIAN_POINT('',(-32.02358103615,-21.92456060268,5.));
#360 = VECTOR('',#361,1.);
#361 = DIRECTION('',(-0.500011000363,-0.866019052629,0.));
#362 = PCURVE('',#43,#363);
#363 = DEFINITIONAL_REPRESENTATION('',(#364),#367);
#364 = B_SPLINE_CURVE_WITH_KNOTS('',1,(#365,#366),.UNSPECIFIED.,.F.,.F.,
  (2,2),(-6.000000033402E-07,69.99846058306),.PIECEWISE_BEZIER_KNOTS.);
#365 = CARTESIAN_POINT('',(-32.02358073615,-21.92456008306));
#366 = CARTESIAN_POINT('',(-67.02358133616,-82.54456112229));
#367 = ( GEOMETRIC_REPRESENTATION_CONTEXT(2) 
PARAMETRIC_REPRESENTATION_CONTEXT() REPRESENTATION_CONTEXT('2D SPACE',''
  ) );
#368 = PCURVE('',#181,#369);
#369 = DEFINITIONAL_REPRESENTATION('',(#370),#373);
#370 = B_SPLINE_CURVE_WITH_KNOTS('',1,(#371,#372),.UNSPECIFIED.,.F.,.F.,
  (2,2),(-6.000000033402E-07,69.99846058306),.PIECEWISE_BEZIER_KNOTS.);
#371 = CARTESIAN_POINT('',(5.993433605744,-5.999999997875E-07));
#372 = CARTESIAN_POINT('',(5.993433605744,69.99846058306));
#373 = ( GEOMETRIC_REPRESENTATION_CONTEXT(2) 
PARAMETRIC_REPRESENTATION_CONTEXT() REPRESENTATION_CONTEXT('2D SPACE',''
  ) );
#374 = ORIENTED_EDGE('',*,*,#375,.F.);
#375 = EDGE_CURVE('',#115,#355,#376,.T.);
#376 = SURFACE_CURVE('',#377,(#381,#387),.PCURVE_S1.);
#377 = LINE('',#378,#379);
#378 = CARTESIAN_POINT('',(-50.,-86.6,5.));
#379 = VECTOR('',#380,1.);
#380 = DIRECTION('',(0.866019052629,-0.500011000363,0.));
#381 = PCURVE('',#43,#382);
#382 = DEFINITIONAL_REPRESENTATION('',(#383),#386);
#383 = B_SPLINE_CURVE_WITH_KNOTS('',1,(#384,#385),.UNSPECIFIED.,.F.,.F.,
  (2,2),(-19.5,19.5),.PIECEWISE_BEZIER_KNOTS.);
#384 = CARTESIAN_POINT('',(-66.88737152626,-76.84978549292));
#385 = CARTESIAN_POINT('',(-33.11262847374,-96.35021450707));
#386 = ( GEOMETRIC_REPRESENTATION_CONTEXT(2) 
PARAMETRIC_REPRESENTATION_CONTEXT() REPRESENTATION_CONTEXT('2D SPACE',''
  ) );
#387 = PCURVE('',#296,#388);
#388 = DEFINITIONAL_REPRESENTATION('',(#389),#392);
#389 = B_SPLINE_CURVE_WITH_KNOTS('',1,(#390,#391),.UNSPECIFIED.,.F.,.F.,
  (2,2),(-19.5,19.5),.PIECEWISE_BEZIER_KNOTS.);
#390 = CARTESIAN_POINT('',(19.5,-5.));
#391 = CARTESIAN_POINT('',(-19.5,-5.));
#392 = ( GEOMETRIC_REPRESENTATION_CONTEXT(2) 
PARAMETRIC_REPRESENTATION_CONTEXT() REPRESENTATION_CONTEXT('2D SPACE',''
  ) );
#393 = FACE_BOUND('',#394,.T.);
#394 = EDGE_LOOP('',(#395,#423,#449,#475,#501,#522,#543,#564,#590,#611,
    #637,#658));
#395 = ORIENTED_EDGE('',*,*,#396,.F.);
#396 = EDGE_CURVE('',#397,#399,#401,.T.);
#397 = VERTEX_POINT('',#398);
#398 = CARTESIAN_POINT('',(3.677206364165,-44.06424574817,5.));
#399 = VERTEX_POINT('',#400);
#400 = CARTESIAN_POINT('',(33.677206364165,-96.02424574817,5.));
#401 = SURFACE_CURVE('',#402,(#406,#412),.PCURVE_S1.);
#402 = LINE('',#403,#404);
#403 = CARTESIAN_POINT('',(3.677206364165,-44.06424574817,5.));
#404 = VECTOR('',#405,1.);
#405 = DIRECTION('',(0.500011000363,-0.866019052629,0.));
#406 = PCURVE('',#43,#407);
#407 = DEFINITIONAL_REPRESENTATION('',(#408),#411);
#408 = B_SPLINE_CURVE_WITH_KNOTS('',1,(#409,#410),.UNSPECIFIED.,.F.,.F.,
  (2,2),(-5.999999997874E-07,59.99868058548),.PIECEWISE_BEZIER_KNOTS.);
#409 = CARTESIAN_POINT('',(3.677206064159,-44.06424522856));
#410 = CARTESIAN_POINT('',(33.677206664172,-96.02424626778));
#411 = ( GEOMETRIC_REPRESENTATION_CONTEXT(2) 
PARAMETRIC_REPRESENTATION_CONTEXT() REPRESENTATION_CONTEXT('2D SPACE',''
  ) );
#412 = PCURVE('',#413,#418);
#413 = CYLINDRICAL_SURFACE('',#414,19.5);
#414 = AXIS2_PLACEMENT_3D('',#415,#416,#417);
#415 = CARTESIAN_POINT('',(20.,-34.64,0.));
#416 = DIRECTION('',(0.500011000363,-0.866019052629,0.));
#417 = DIRECTION('',(-0.866019052629,-0.500011000363,0.));
#418 = DEFINITIONAL_REPRESENTATION('',(#419),#422);
#419 = B_SPLINE_CURVE_WITH_KNOTS('',1,(#420,#421),.UNSPECIFIED.,.F.,.F.,
  (2,2),(-5.999999997874E-07,59.99868058548),.PIECEWISE_BEZIER_KNOTS.);
#420 = CARTESIAN_POINT('',(6.023878850907,-5.999999997874E-07));
#421 = CARTESIAN_POINT('',(6.023878850907,59.99868058548));
#422 = ( GEOMETRIC_REPRESENTATION_CONTEXT(2) 
PARAMETRIC_REPRESENTATION_CONTEXT() REPRESENTATION_CONTEXT('2D SPACE',''
  ) );
#423 = ORIENTED_EDGE('',*,*,#424,.T.);
#424 = EDGE_CURVE('',#397,#425,#427,.T.);
#425 = VERTEX_POINT('',#426);
#426 = CARTESIAN_POINT('',(5.476418963841,-43.02543939732,5.));
#427 = SURFACE_CURVE('',#428,(#432,#438),.PCURVE_S1.);
#428 = LINE('',#429,#430);
#429 = CARTESIAN_POINT('',(20.,-34.64,5.));
#430 = VECTOR('',#431,1.);
#431 = DIRECTION('',(0.866019052629,0.500011000363,-0.));
#432 = PCURVE('',#43,#433);
#433 = DEFINITIONAL_REPRESENTATION('',(#434),#437);
#434 = B_SPLINE_CURVE_WITH_KNOTS('',1,(#435,#436),.UNSPECIFIED.,.F.,.F.,
  (2,2),(-19.5,19.5),.PIECEWISE_BEZIER_KNOTS.);
#435 = CARTESIAN_POINT('',(3.11262847374,-44.39021450707));
#436 = CARTESIAN_POINT('',(36.88737152626,-24.88978549292));
#437 = ( GEOMETRIC_REPRESENTATION_CONTEXT(2) 
PARAMETRIC_REPRESENTATION_CONTEXT() REPRESENTATION_CONTEXT('2D SPACE',''
  ) );
#438 = PCURVE('',#439,#444);
#439 = PLANE('',#440);
#440 = AXIS2_PLACEMENT_3D('',#441,#442,#443);
#441 = CARTESIAN_POINT('',(20.,-34.64,0.));
#442 = DIRECTION('',(0.500011000363,-0.866019052629,0.));
#443 = DIRECTION('',(-0.866019052629,-0.500011000363,0.));
#444 = DEFINITIONAL_REPRESENTATION('',(#445),#448);
#445 = B_SPLINE_CURVE_WITH_KNOTS('',1,(#446,#447),.UNSPECIFIED.,.F.,.F.,
  (2,2),(-19.5,19.5),.PIECEWISE_BEZIER_KNOTS.);
#446 = CARTESIAN_POINT('',(19.5,-5.));
#447 = CARTESIAN_POINT('',(-19.5,-5.));
#448 = ( GEOMETRIC_REPRESENTATION_CONTEXT(2) 
PARAMETRIC_REPRESENTATION_CONTEXT() REPRESENTATION_CONTEXT('2D SPACE',''
  ) );
#449 = ORIENTED_EDGE('',*,*,#450,.F.);
#450 = EDGE_CURVE('',#451,#425,#453,.T.);
#451 = VERTEX_POINT('',#452);
#452 = CARTESIAN_POINT('',(2.976418963841,-38.69543939732,5.));
#453 = SURFACE_CURVE('',#454,(#458,#464),.PCURVE_S1.);
#454 = LINE('',#455,#456);
#455 = CARTESIAN_POINT('',(2.976418963841,-38.69543939732,5.));
#456 = VECTOR('',#457,1.);
#457 = DIRECTION('',(0.500011000363,-0.866019052629,0.));
#458 = PCURVE('',#43,#459);
#459 = DEFINITIONAL_REPRESENTATION('',(#460),#463);
#460 = B_SPLINE_CURVE_WITH_KNOTS('',1,(#461,#462),.UNSPECIFIED.,.F.,.F.,
  (2,2),(-6.000000006756E-07,69.99846058306),.PIECEWISE_BEZIER_KNOTS.);
#461 = CARTESIAN_POINT('',(2.976418663835,-38.6954388777));
#462 = CARTESIAN_POINT('',(37.976419263848,-99.31543991693));
#463 = ( GEOMETRIC_REPRESENTATION_CONTEXT(2) 
PARAMETRIC_REPRESENTATION_CONTEXT() REPRESENTATION_CONTEXT('2D SPACE',''
  ) );
#464 = PCURVE('',#465,#470);
#465 = CYLINDRICAL_SURFACE('',#466,17.5);
#466 = AXIS2_PLACEMENT_3D('',#467,#468,#469);
#467 = CARTESIAN_POINT('',(17.5,-30.31,0.));
#468 = DIRECTION('',(0.500011000363,-0.866019052629,0.));
#469 = DIRECTION('',(-0.866019052629,-0.500011000363,0.));
#470 = DEFINITIONAL_REPRESENTATION('',(#471),#474);
#471 = B_SPLINE_CURVE_WITH_KNOTS('',1,(#472,#473),.UNSPECIFIED.,.F.,.F.,
  (2,2),(-6.000000006756E-07,69.99846058306),.PIECEWISE_BEZIER_KNOTS.);
#472 = CARTESIAN_POINT('',(5.993433605744,-6.00000002452E-07));
#473 = CARTESIAN_POINT('',(5.993433605744,69.99846058306));
#474 = ( GEOMETRIC_REPRESENTATION_CONTEXT(2) 
PARAMETRIC_REPRESENTATION_CONTEXT() REPRESENTATION_CONTEXT('2D SPACE',''
  ) );
#475 = ORIENTED_EDGE('',*,*,#476,.T.);
#476 = EDGE_CURVE('',#451,#477,#479,.T.);
#477 = VERTEX_POINT('',#478);
#478 = CARTESIAN_POINT('',(32.023581036159,-21.92456060268,5.));
#479 = SURFACE_CURVE('',#480,(#484,#490),.PCURVE_S1.);
#480 = LINE('',#481,#482);
#481 = CARTESIAN_POINT('',(17.5,-30.31,5.));
#482 = VECTOR('',#483,1.);
#483 = DIRECTION('',(0.866019052629,0.500011000363,-0.));
#484 = PCURVE('',#43,#485);
#485 = DEFINITIONAL_REPRESENTATION('',(#486),#489);
#486 = B_SPLINE_CURVE_WITH_KNOTS('',1,(#487,#488),.UNSPECIFIED.,.F.,.F.,
  (2,2),(-17.5,17.5),.PIECEWISE_BEZIER_KNOTS.);
#487 = CARTESIAN_POINT('',(2.344666578997,-39.06019250635));
#488 = CARTESIAN_POINT('',(32.655333421003,-21.55980749364));
#489 = ( GEOMETRIC_REPRESENTATION_CONTEXT(2) 
PARAMETRIC_REPRESENTATION_CONTEXT() REPRESENTATION_CONTEXT('2D SPACE',''
  ) );
#490 = PCURVE('',#491,#496);
#491 = PLANE('',#492);
#492 = AXIS2_PLACEMENT_3D('',#493,#494,#495);
#493 = CARTESIAN_POINT('',(17.5,-30.31,0.));
#494 = DIRECTION('',(0.500011000363,-0.866019052629,0.));
#495 = DIRECTION('',(-0.866019052629,-0.500011000363,0.));
#496 = DEFINITIONAL_REPRESENTATION('',(#497),#500);
#497 = B_SPLINE_CURVE_WITH_KNOTS('',1,(#498,#499),.UNSPECIFIED.,.F.,.F.,
  (2,2),(-17.5,17.5),.PIECEWISE_BEZIER_KNOTS.);
#498 = CARTESIAN_POINT('',(17.5,-5.));
#499 = CARTESIAN_POINT('',(-17.5,-5.));
#500 = ( GEOMETRIC_REPRESENTATION_CONTEXT(2) 
PARAMETRIC_REPRESENTATION_CONTEXT() REPRESENTATION_CONTEXT('2D SPACE',''
  ) );
#501 = ORIENTED_EDGE('',*,*,#502,.T.);
#502 = EDGE_CURVE('',#477,#503,#505,.T.);
#503 = VERTEX_POINT('',#504);
#504 = CARTESIAN_POINT('',(34.523581036159,-26.25456060268,5.));
#505 = SURFACE_CURVE('',#506,(#510,#516),.PCURVE_S1.);
#506 = LINE('',#507,#508);
#507 = CARTESIAN_POINT('',(32.023581036159,-21.92456060268,5.));
#508 = VECTOR('',#509,1.);
#509 = DIRECTION('',(0.500011000363,-0.866019052629,0.));
#510 = PCURVE('',#43,#511);
#511 = DEFINITIONAL_REPRESENTATION('',(#512),#515);
#512 = B_SPLINE_CURVE_WITH_KNOTS('',1,(#513,#514),.UNSPECIFIED.,.F.,.F.,
  (2,2),(-6.000000033402E-07,69.99846058306),.PIECEWISE_BEZIER_KNOTS.);
#513 = CARTESIAN_POINT('',(32.023580736152,-21.92456008306));
#514 = CARTESIAN_POINT('',(67.023581336165,-82.54456112229));
#515 = ( GEOMETRIC_REPRESENTATION_CONTEXT(2) 
PARAMETRIC_REPRESENTATION_CONTEXT() REPRESENTATION_CONTEXT('2D SPACE',''
  ) );
#516 = PCURVE('',#465,#517);
#517 = DEFINITIONAL_REPRESENTATION('',(#518),#521);
#518 = B_SPLINE_CURVE_WITH_KNOTS('',1,(#519,#520),.UNSPECIFIED.,.F.,.F.,
  (2,2),(-6.000000033402E-07,69.99846058306),.PIECEWISE_BEZIER_KNOTS.);
#519 = CARTESIAN_POINT('',(3.431344355026,-5.999999997875E-07));
#520 = CARTESIAN_POINT('',(3.431344355026,69.99846058306));
#521 = ( GEOMETRIC_REPRESENTATION_CONTEXT(2) 
PARAMETRIC_REPRESENTATION_CONTEXT() REPRESENTATION_CONTEXT('2D SPACE',''
  ) );
#522 = ORIENTED_EDGE('',*,*,#523,.T.);
#523 = EDGE_CURVE('',#503,#524,#526,.T.);
#524 = VERTEX_POINT('',#525);
#525 = CARTESIAN_POINT('',(36.322793635835,-25.21575425182,5.));
#526 = SURFACE_CURVE('',#527,(#531,#537),.PCURVE_S1.);
#527 = LINE('',#528,#529);
#528 = CARTESIAN_POINT('',(20.,-34.64,5.));
#529 = VECTOR('',#530,1.);
#530 = DIRECTION('',(0.866019052629,0.500011000363,-0.));
#531 = PCURVE('',#43,#532);
#532 = DEFINITIONAL_REPRESENTATION('',(#533),#536);
#533 = B_SPLINE_CURVE_WITH_KNOTS('',1,(#534,#535),.UNSPECIFIED.,.F.,.F.,
  (2,2),(-19.5,19.5),.PIECEWISE_BEZIER_KNOTS.);
#534 = CARTESIAN_POINT('',(3.11262847374,-44.39021450707));
#535 = CARTESIAN_POINT('',(36.88737152626,-24.88978549292));
#536 = ( GEOMETRIC_REPRESENTATION_CONTEXT(2) 
PARAMETRIC_REPRESENTATION_CONTEXT() REPRESENTATION_CONTEXT('2D SPACE',''
  ) );
#537 = PCURVE('',#439,#538);
#538 = DEFINITIONAL_REPRESENTATION('',(#539),#542);
#539 = B_SPLINE_CURVE_WITH_KNOTS('',1,(#540,#541),.UNSPECIFIED.,.F.,.F.,
  (2,2),(-19.5,19.5),.PIECEWISE_BEZIER_KNOTS.);
#540 = CARTESIAN_POINT('',(19.5,-5.));
#541 = CARTESIAN_POINT('',(-19.5,-5.));
#542 = ( GEOMETRIC_REPRESENTATION_CONTEXT(2) 
PARAMETRIC_REPRESENTATION_CONTEXT() REPRESENTATION_CONTEXT('2D SPACE',''
  ) );
#543 = ORIENTED_EDGE('',*,*,#544,.T.);
#544 = EDGE_CURVE('',#524,#545,#547,.T.);
#545 = VERTEX_POINT('',#546);
#546 = CARTESIAN_POINT('',(66.322793635835,-77.17575425182,5.));
#547 = SURFACE_CURVE('',#548,(#552,#558),.PCURVE_S1.);
#548 = LINE('',#549,#550);
#549 = CARTESIAN_POINT('',(36.322793635835,-25.21575425182,5.));
#550 = VECTOR('',#551,1.);
#551 = DIRECTION('',(0.500011000363,-0.866019052629,0.));
#552 = PCURVE('',#43,#553);
#553 = DEFINITIONAL_REPRESENTATION('',(#554),#557);
#554 = B_SPLINE_CURVE_WITH_KNOTS('',1,(#555,#556),.UNSPECIFIED.,.F.,.F.,
  (2,2),(-5.999999997874E-07,59.99868058548),.PIECEWISE_BEZIER_KNOTS.);
#555 = CARTESIAN_POINT('',(36.322793335828,-25.21575373221));
#556 = CARTESIAN_POINT('',(66.322793935841,-77.17575477143));
#557 = ( GEOMETRIC_REPRESENTATION_CONTEXT(2) 
PARAMETRIC_REPRESENTATION_CONTEXT() REPRESENTATION_CONTEXT('2D SPACE',''
  ) );
#558 = PCURVE('',#413,#559);
#559 = DEFINITIONAL_REPRESENTATION('',(#560),#563);
#560 = B_SPLINE_CURVE_WITH_KNOTS('',1,(#561,#562),.UNSPECIFIED.,.F.,.F.,
  (2,2),(-5.999999997874E-07,59.99868058548),.PIECEWISE_BEZIER_KNOTS.);
#561 = CARTESIAN_POINT('',(3.400899109863,-6.000000015638E-07));
#562 = CARTESIAN_POINT('',(3.400899109863,59.99868058548));
#563 = ( GEOMETRIC_REPRESENTATION_CONTEXT(2) 
PARAMETRIC_REPRESENTATION_CONTEXT() REPRESENTATION_CONTEXT('2D SPACE',''
  ) );
#564 = ORIENTED_EDGE('',*,*,#565,.F.);
#565 = EDGE_CURVE('',#566,#545,#568,.T.);
#566 = VERTEX_POINT('',#567);
#567 = CARTESIAN_POINT('',(64.523581036159,-78.21456060268,5.));
#568 = SURFACE_CURVE('',#569,(#573,#579),.PCURVE_S1.);
#569 = LINE('',#570,#571);
#570 = CARTESIAN_POINT('',(50.,-86.6,5.));
#571 = VECTOR('',#572,1.);
#572 = DIRECTION('',(0.866019052629,0.500011000363,-0.));
#573 = PCURVE('',#43,#574);
#574 = DEFINITIONAL_REPRESENTATION('',(#575),#578);
#575 = B_SPLINE_CURVE_WITH_KNOTS('',1,(#576,#577),.UNSPECIFIED.,.F.,.F.,
  (2,2),(-19.5,19.5),.PIECEWISE_BEZIER_KNOTS.);
#576 = CARTESIAN_POINT('',(33.11262847374,-96.35021450707));
#577 = CARTESIAN_POINT('',(66.88737152626,-76.84978549292));
#578 = ( GEOMETRIC_REPRESENTATION_CONTEXT(2) 
PARAMETRIC_REPRESENTATION_CONTEXT() REPRESENTATION_CONTEXT('2D SPACE',''
  ) );
#579 = PCURVE('',#580,#585);
#580 = PLANE('',#581);
#581 = AXIS2_PLACEMENT_3D('',#582,#583,#584);
#582 = CARTESIAN_POINT('',(50.,-86.6,0.));
#583 = DIRECTION('',(0.500011000363,-0.866019052629,0.));
#584 = DIRECTION('',(-0.866019052629,-0.500011000363,0.));
#585 = DEFINITIONAL_REPRESENTATION('',(#586),#589);
#586 = B_SPLINE_CURVE_WITH_KNOTS('',1,(#587,#588),.UNSPECIFIED.,.F.,.F.,
  (2,2),(-19.5,19.5),.PIECEWISE_BEZIER_KNOTS.);
#587 = CARTESIAN_POINT('',(19.5,-5.));
#588 = CARTESIAN_POINT('',(-19.5,-5.));
#589 = ( GEOMETRIC_REPRESENTATION_CONTEXT(2) 
PARAMETRIC_REPRESENTATION_CONTEXT() REPRESENTATION_CONTEXT('2D SPACE',''
  ) );
#590 = ORIENTED_EDGE('',*,*,#591,.T.);
#591 = EDGE_CURVE('',#566,#592,#594,.T.);
#592 = VERTEX_POINT('',#593);
#593 = CARTESIAN_POINT('',(67.023581036159,-82.54456060268,5.));
#594 = SURFACE_CURVE('',#595,(#599,#605),.PCURVE_S1.);
#595 = LINE('',#596,#597);
#596 = CARTESIAN_POINT('',(32.023581036159,-21.92456060268,5.));
#597 = VECTOR('',#598,1.);
#598 = DIRECTION('',(0.500011000363,-0.866019052629,0.));
#599 = PCURVE('',#43,#600);
#600 = DEFINITIONAL_REPRESENTATION('',(#601),#604);
#601 = B_SPLINE_CURVE_WITH_KNOTS('',1,(#602,#603),.UNSPECIFIED.,.F.,.F.,
  (2,2),(-6.000000033402E-07,69.99846058306),.PIECEWISE_BEZIER_KNOTS.);
#602 = CARTESIAN_POINT('',(32.023580736152,-21.92456008306));
#603 = CARTESIAN_POINT('',(67.023581336165,-82.54456112229));
#604 = ( GEOMETRIC_REPRESENTATION_CONTEXT(2) 
PARAMETRIC_REPRESENTATION_CONTEXT() REPRESENTATION_CONTEXT('2D SPACE',''
  ) );
#605 = PCURVE('',#465,#606);
#606 = DEFINITIONAL_REPRESENTATION('',(#607),#610);
#607 = B_SPLINE_CURVE_WITH_KNOTS('',1,(#608,#609),.UNSPECIFIED.,.F.,.F.,
  (2,2),(-6.000000033402E-07,69.99846058306),.PIECEWISE_BEZIER_KNOTS.);
#608 = CARTESIAN_POINT('',(3.431344355026,-5.999999997875E-07));
#609 = CARTESIAN_POINT('',(3.431344355026,69.99846058306));
#610 = ( GEOMETRIC_REPRESENTATION_CONTEXT(2) 
PARAMETRIC_REPRESENTATION_CONTEXT() REPRESENTATION_CONTEXT('2D SPACE',''
  ) );
#611 = ORIENTED_EDGE('',*,*,#612,.F.);
#612 = EDGE_CURVE('',#613,#592,#615,.T.);
#613 = VERTEX_POINT('',#614);
#614 = CARTESIAN_POINT('',(37.976418963841,-99.31543939732,5.));
#615 = SURFACE_CURVE('',#616,(#620,#626),.PCURVE_S1.);
#616 = LINE('',#617,#618);
#617 = CARTESIAN_POINT('',(52.5,-90.93,5.));
#618 = VECTOR('',#619,1.);
#619 = DIRECTION('',(0.866019052629,0.500011000363,-0.));
#620 = PCURVE('',#43,#621);
#621 = DEFINITIONAL_REPRESENTATION('',(#622),#625);
#622 = B_SPLINE_CURVE_WITH_KNOTS('',1,(#623,#624),.UNSPECIFIED.,.F.,.F.,
  (2,2),(-17.5,17.5),.PIECEWISE_BEZIER_KNOTS.);
#623 = CARTESIAN_POINT('',(37.344666578997,-99.68019250635));
#624 = CARTESIAN_POINT('',(67.655333421003,-82.17980749364));
#625 = ( GEOMETRIC_REPRESENTATION_CONTEXT(2) 
PARAMETRIC_REPRESENTATION_CONTEXT() REPRESENTATION_CONTEXT('2D SPACE',''
  ) );
#626 = PCURVE('',#627,#632);
#627 = PLANE('',#628);
#628 = AXIS2_PLACEMENT_3D('',#629,#630,#631);
#629 = CARTESIAN_POINT('',(52.5,-90.93,0.));
#630 = DIRECTION('',(0.500011000363,-0.866019052629,0.));
#631 = DIRECTION('',(-0.866019052629,-0.500011000363,0.));
#632 = DEFINITIONAL_REPRESENTATION('',(#633),#636);
#633 = B_SPLINE_CURVE_WITH_KNOTS('',1,(#634,#635),.UNSPECIFIED.,.F.,.F.,
  (2,2),(-17.5,17.5),.PIECEWISE_BEZIER_KNOTS.);
#634 = CARTESIAN_POINT('',(17.5,-5.));
#635 = CARTESIAN_POINT('',(-17.5,-5.));
#636 = ( GEOMETRIC_REPRESENTATION_CONTEXT(2) 
PARAMETRIC_REPRESENTATION_CONTEXT() REPRESENTATION_CONTEXT('2D SPACE',''
  ) );
#637 = ORIENTED_EDGE('',*,*,#638,.F.);
#638 = EDGE_CURVE('',#639,#613,#641,.T.);
#639 = VERTEX_POINT('',#640);
#640 = CARTESIAN_POINT('',(35.476418963841,-94.98543939732,5.));
#641 = SURFACE_CURVE('',#642,(#646,#652),.PCURVE_S1.);
#642 = LINE('',#643,#644);
#643 = CARTESIAN_POINT('',(2.976418963841,-38.69543939732,5.));
#644 = VECTOR('',#645,1.);
#645 = DIRECTION('',(0.500011000363,-0.866019052629,0.));
#646 = PCURVE('',#43,#647);
#647 = DEFINITIONAL_REPRESENTATION('',(#648),#651);
#648 = B_SPLINE_CURVE_WITH_KNOTS('',1,(#649,#650),.UNSPECIFIED.,.F.,.F.,
  (2,2),(-6.000000006756E-07,69.99846058306),.PIECEWISE_BEZIER_KNOTS.);
#649 = CARTESIAN_POINT('',(2.976418663835,-38.6954388777));
#650 = CARTESIAN_POINT('',(37.976419263848,-99.31543991693));
#651 = ( GEOMETRIC_REPRESENTATION_CONTEXT(2) 
PARAMETRIC_REPRESENTATION_CONTEXT() REPRESENTATION_CONTEXT('2D SPACE',''
  ) );
#652 = PCURVE('',#465,#653);
#653 = DEFINITIONAL_REPRESENTATION('',(#654),#657);
#654 = B_SPLINE_CURVE_WITH_KNOTS('',1,(#655,#656),.UNSPECIFIED.,.F.,.F.,
  (2,2),(-6.000000006756E-07,69.99846058306),.PIECEWISE_BEZIER_KNOTS.);
#655 = CARTESIAN_POINT('',(5.993433605744,-6.00000002452E-07));
#656 = CARTESIAN_POINT('',(5.993433605744,69.99846058306));
#657 = ( GEOMETRIC_REPRESENTATION_CONTEXT(2) 
PARAMETRIC_REPRESENTATION_CONTEXT() REPRESENTATION_CONTEXT('2D SPACE',''
  ) );
#658 = ORIENTED_EDGE('',*,*,#659,.F.);
#659 = EDGE_CURVE('',#399,#639,#660,.T.);
#660 = SURFACE_CURVE('',#661,(#665,#671),.PCURVE_S1.);
#661 = LINE('',#662,#663);
#662 = CARTESIAN_POINT('',(50.,-86.6,5.));
#663 = VECTOR('',#664,1.);
#664 = DIRECTION('',(0.866019052629,0.500011000363,-0.));
#665 = PCURVE('',#43,#666);
#666 = DEFINITIONAL_REPRESENTATION('',(#667),#670);
#667 = B_SPLINE_CURVE_WITH_KNOTS('',1,(#668,#669),.UNSPECIFIED.,.F.,.F.,
  (2,2),(-19.5,19.5),.PIECEWISE_BEZIER_KNOTS.);
#668 = CARTESIAN_POINT('',(33.11262847374,-96.35021450707));
#669 = CARTESIAN_POINT('',(66.88737152626,-76.84978549292));
#670 = ( GEOMETRIC_REPRESENTATION_CONTEXT(2) 
PARAMETRIC_REPRESENTATION_CONTEXT() REPRESENTATION_CONTEXT('2D SPACE',''
  ) );
#671 = PCURVE('',#580,#672);
#672 = DEFINITIONAL_REPRESENTATION('',(#673),#676);
#673 = B_SPLINE_CURVE_WITH_KNOTS('',1,(#674,#675),.UNSPECIFIED.,.F.,.F.,
  (2,2),(-19.5,19.5),.PIECEWISE_BEZIER_KNOTS.);
#674 = CARTESIAN_POINT('',(19.5,-5.));
#675 = CARTESIAN_POINT('',(-19.5,-5.));
#676 = ( GEOMETRIC_REPRESENTATION_CONTEXT(2) 
PARAMETRIC_REPRESENTATION_CONTEXT() REPRESENTATION_CONTEXT('2D SPACE',''
  ) );
#677 = FACE_BOUND('',#678,.T.);
#678 = EDGE_LOOP('',(#679,#707,#733,#759,#785,#806,#827,#848,#874,#895,
    #921,#942));
#679 = ORIENTED_EDGE('',*,*,#680,.F.);
#680 = EDGE_CURVE('',#681,#683,#685,.T.);
#681 = VERTEX_POINT('',#682);
#682 = CARTESIAN_POINT('',(-40.,18.848076824971,5.));
#683 = VERTEX_POINT('',#684);
#684 = CARTESIAN_POINT('',(-100.,18.848076824971,5.));
#685 = SURFACE_CURVE('',#686,(#690,#696),.PCURVE_S1.);
#686 = LINE('',#687,#688);
#687 = CARTESIAN_POINT('',(-40.,18.848076824971,5.));
#688 = VECTOR('',#689,1.);
#689 = DIRECTION('',(-1.,0.,0.));
#690 = PCURVE('',#43,#691);
#691 = DEFINITIONAL_REPRESENTATION('',(#692),#695);
#692 = B_SPLINE_CURVE_WITH_KNOTS('',1,(#693,#694),.UNSPECIFIED.,.F.,.F.,
  (2,2),(-5.999999999062E-07,60.0000006),.PIECEWISE_BEZIER_KNOTS.);
#693 = CARTESIAN_POINT('',(-39.9999994,18.848076824971));
#694 = CARTESIAN_POINT('',(-100.0000006,18.848076824971));
#695 = ( GEOMETRIC_REPRESENTATION_CONTEXT(2) 
PARAMETRIC_REPRESENTATION_CONTEXT() REPRESENTATION_CONTEXT('2D SPACE',''
  ) );
#696 = PCURVE('',#697,#702);
#697 = CYLINDRICAL_SURFACE('',#698,19.5);
#698 = AXIS2_PLACEMENT_3D('',#699,#700,#701);
#699 = CARTESIAN_POINT('',(-40.,0.,0.));
#700 = DIRECTION('',(-1.,0.,0.));
#701 = DIRECTION('',(0.,0.,-1.));
#702 = DEFINITIONAL_REPRESENTATION('',(#703),#706);
#703 = B_SPLINE_CURVE_WITH_KNOTS('',1,(#704,#705),.UNSPECIFIED.,.F.,.F.,
  (2,2),(-5.999999999062E-07,60.0000006),.PIECEWISE_BEZIER_KNOTS.);
#704 = CARTESIAN_POINT('',(4.453082524112,-5.999999999062E-07));
#705 = CARTESIAN_POINT('',(4.453082524112,60.0000006));
#706 = ( GEOMETRIC_REPRESENTATION_CONTEXT(2) 
PARAMETRIC_REPRESENTATION_CONTEXT() REPRESENTATION_CONTEXT('2D SPACE',''
  ) );
#707 = ORIENTED_EDGE('',*,*,#708,.T.);
#708 = EDGE_CURVE('',#681,#709,#711,.T.);
#709 = VERTEX_POINT('',#710);
#710 = CARTESIAN_POINT('',(-40.,16.770509831248,5.));
#711 = SURFACE_CURVE('',#712,(#716,#722),.PCURVE_S1.);
#712 = LINE('',#713,#714);
#713 = CARTESIAN_POINT('',(-40.,0.,5.));
#714 = VECTOR('',#715,1.);
#715 = DIRECTION('',(0.,-1.,0.));
#716 = PCURVE('',#43,#717);
#717 = DEFINITIONAL_REPRESENTATION('',(#718),#721);
#718 = B_SPLINE_CURVE_WITH_KNOTS('',1,(#719,#720),.UNSPECIFIED.,.F.,.F.,
  (2,2),(-19.5,19.5),.PIECEWISE_BEZIER_KNOTS.);
#719 = CARTESIAN_POINT('',(-40.,19.5));
#720 = CARTESIAN_POINT('',(-40.,-19.5));
#721 = ( GEOMETRIC_REPRESENTATION_CONTEXT(2) 
PARAMETRIC_REPRESENTATION_CONTEXT() REPRESENTATION_CONTEXT('2D SPACE',''
  ) );
#722 = PCURVE('',#723,#728);
#723 = PLANE('',#724);
#724 = AXIS2_PLACEMENT_3D('',#725,#726,#727);
#725 = CARTESIAN_POINT('',(-40.,0.,0.));
#726 = DIRECTION('',(-1.,0.,0.));
#727 = DIRECTION('',(0.,0.,-1.));
#728 = DEFINITIONAL_REPRESENTATION('',(#729),#732);
#729 = B_SPLINE_CURVE_WITH_KNOTS('',1,(#730,#731),.UNSPECIFIED.,.F.,.F.,
  (2,2),(-19.5,19.5),.PIECEWISE_BEZIER_KNOTS.);
#730 = CARTESIAN_POINT('',(-5.,-19.5));
#731 = CARTESIAN_POINT('',(-5.,19.5));
#732 = ( GEOMETRIC_REPRESENTATION_CONTEXT(2) 
PARAMETRIC_REPRESENTATION_CONTEXT() REPRESENTATION_CONTEXT('2D SPACE',''
  ) );
#733 = ORIENTED_EDGE('',*,*,#734,.F.);
#734 = EDGE_CURVE('',#735,#709,#737,.T.);
#735 = VERTEX_POINT('',#736);
#736 = CARTESIAN_POINT('',(-35.,16.770509831248,5.));
#737 = SURFACE_CURVE('',#738,(#742,#748),.PCURVE_S1.);
#738 = LINE('',#739,#740);
#739 = CARTESIAN_POINT('',(-35.,16.770509831248,5.));
#740 = VECTOR('',#741,1.);
#741 = DIRECTION('',(-1.,0.,0.));
#742 = PCURVE('',#43,#743);
#743 = DEFINITIONAL_REPRESENTATION('',(#744),#747);
#744 = B_SPLINE_CURVE_WITH_KNOTS('',1,(#745,#746),.UNSPECIFIED.,.F.,.F.,
  (2,2),(-5.999999999062E-07,70.0000006),.PIECEWISE_BEZIER_KNOTS.);
#745 = CARTESIAN_POINT('',(-34.9999994,16.770509831248));
#746 = CARTESIAN_POINT('',(-105.0000006,16.770509831248));
#747 = ( GEOMETRIC_REPRESENTATION_CONTEXT(2) 
PARAMETRIC_REPRESENTATION_CONTEXT() REPRESENTATION_CONTEXT('2D SPACE',''
  ) );
#748 = PCURVE('',#749,#754);
#749 = CYLINDRICAL_SURFACE('',#750,17.5);
#750 = AXIS2_PLACEMENT_3D('',#751,#752,#753);
#751 = CARTESIAN_POINT('',(-35.,0.,0.));
#752 = DIRECTION('',(-1.,0.,0.));
#753 = DIRECTION('',(0.,0.,-1.));
#754 = DEFINITIONAL_REPRESENTATION('',(#755),#758);
#755 = B_SPLINE_CURVE_WITH_KNOTS('',1,(#756,#757),.UNSPECIFIED.,.F.,.F.,
  (2,2),(-5.999999999062E-07,70.0000006),.PIECEWISE_BEZIER_KNOTS.);
#756 = CARTESIAN_POINT('',(4.422637278949,-5.999999999062E-07));
#757 = CARTESIAN_POINT('',(4.422637278949,70.0000006));
#758 = ( GEOMETRIC_REPRESENTATION_CONTEXT(2) 
PARAMETRIC_REPRESENTATION_CONTEXT() REPRESENTATION_CONTEXT('2D SPACE',''
  ) );
#759 = ORIENTED_EDGE('',*,*,#760,.T.);
#760 = EDGE_CURVE('',#735,#761,#763,.T.);
#761 = VERTEX_POINT('',#762);
#762 = CARTESIAN_POINT('',(-35.,-16.77050983124,5.));
#763 = SURFACE_CURVE('',#764,(#768,#774),.PCURVE_S1.);
#764 = LINE('',#765,#766);
#765 = CARTESIAN_POINT('',(-35.,0.,5.));
#766 = VECTOR('',#767,1.);
#767 = DIRECTION('',(0.,-1.,0.));
#768 = PCURVE('',#43,#769);
#769 = DEFINITIONAL_REPRESENTATION('',(#770),#773);
#770 = B_SPLINE_CURVE_WITH_KNOTS('',1,(#771,#772),.UNSPECIFIED.,.F.,.F.,
  (2,2),(-17.5,17.5),.PIECEWISE_BEZIER_KNOTS.);
#771 = CARTESIAN_POINT('',(-35.,17.5));
#772 = CARTESIAN_POINT('',(-35.,-17.5));
#773 = ( GEOMETRIC_REPRESENTATION_CONTEXT(2) 
PARAMETRIC_REPRESENTATION_CONTEXT() REPRESENTATION_CONTEXT('2D SPACE',''
  ) );
#774 = PCURVE('',#775,#780);
#775 = PLANE('',#776);
#776 = AXIS2_PLACEMENT_3D('',#777,#778,#779);
#777 = CARTESIAN_POINT('',(-35.,0.,0.));
#778 = DIRECTION('',(-1.,0.,0.));
#779 = DIRECTION('',(0.,0.,-1.));
#780 = DEFINITIONAL_REPRESENTATION('',(#781),#784);
#781 = B_SPLINE_CURVE_WITH_KNOTS('',1,(#782,#783),.UNSPECIFIED.,.F.,.F.,
  (2,2),(-17.5,17.5),.PIECEWISE_BEZIER_KNOTS.);
#782 = CARTESIAN_POINT('',(-5.,-17.5));
#783 = CARTESIAN_POINT('',(-5.,17.5));
#784 = ( GEOMETRIC_REPRESENTATION_CONTEXT(2) 
PARAMETRIC_REPRESENTATION_CONTEXT() REPRESENTATION_CONTEXT('2D SPACE',''
  ) );
#785 = ORIENTED_EDGE('',*,*,#786,.T.);
#786 = EDGE_CURVE('',#761,#787,#789,.T.);
#787 = VERTEX_POINT('',#788);
#788 = CARTESIAN_POINT('',(-40.,-16.77050983124,5.));
#789 = SURFACE_CURVE('',#790,(#794,#800),.PCURVE_S1.);
#790 = LINE('',#791,#792);
#791 = CARTESIAN_POINT('',(-35.,-16.77050983124,5.));
#792 = VECTOR('',#793,1.);
#793 = DIRECTION('',(-1.,0.,0.));
#794 = PCURVE('',#43,#795);
#795 = DEFINITIONAL_REPRESENTATION('',(#796),#799);
#796 = B_SPLINE_CURVE_WITH_KNOTS('',1,(#797,#798),.UNSPECIFIED.,.F.,.F.,
  (2,2),(-5.999999999062E-07,70.0000006),.PIECEWISE_BEZIER_KNOTS.);
#797 = CARTESIAN_POINT('',(-34.9999994,-16.77050983124));
#798 = CARTESIAN_POINT('',(-105.0000006,-16.77050983124));
#799 = ( GEOMETRIC_REPRESENTATION_CONTEXT(2) 
PARAMETRIC_REPRESENTATION_CONTEXT() REPRESENTATION_CONTEXT('2D SPACE',''
  ) );
#800 = PCURVE('',#749,#801);
#801 = DEFINITIONAL_REPRESENTATION('',(#802),#805);
#802 = B_SPLINE_CURVE_WITH_KNOTS('',1,(#803,#804),.UNSPECIFIED.,.F.,.F.,
  (2,2),(-5.999999999062E-07,70.0000006),.PIECEWISE_BEZIER_KNOTS.);
#803 = CARTESIAN_POINT('',(1.860548028231,-5.999999999062E-07));
#804 = CARTESIAN_POINT('',(1.860548028231,70.0000006));
#805 = ( GEOMETRIC_REPRESENTATION_CONTEXT(2) 
PARAMETRIC_REPRESENTATION_CONTEXT() REPRESENTATION_CONTEXT('2D SPACE',''
  ) );
#806 = ORIENTED_EDGE('',*,*,#807,.T.);
#807 = EDGE_CURVE('',#787,#808,#810,.T.);
#808 = VERTEX_POINT('',#809);
#809 = CARTESIAN_POINT('',(-40.,-18.84807682497,5.));
#810 = SURFACE_CURVE('',#811,(#815,#821),.PCURVE_S1.);
#811 = LINE('',#812,#813);
#812 = CARTESIAN_POINT('',(-40.,0.,5.));
#813 = VECTOR('',#814,1.);
#814 = DIRECTION('',(0.,-1.,0.));
#815 = PCURVE('',#43,#816);
#816 = DEFINITIONAL_REPRESENTATION('',(#817),#820);
#817 = B_SPLINE_CURVE_WITH_KNOTS('',1,(#818,#819),.UNSPECIFIED.,.F.,.F.,
  (2,2),(-19.5,19.5),.PIECEWISE_BEZIER_KNOTS.);
#818 = CARTESIAN_POINT('',(-40.,19.5));
#819 = CARTESIAN_POINT('',(-40.,-19.5));
#820 = ( GEOMETRIC_REPRESENTATION_CONTEXT(2) 
PARAMETRIC_REPRESENTATION_CONTEXT() REPRESENTATION_CONTEXT('2D SPACE',''
  ) );
#821 = PCURVE('',#723,#822);
#822 = DEFINITIONAL_REPRESENTATION('',(#823),#826);
#823 = B_SPLINE_CURVE_WITH_KNOTS('',1,(#824,#825),.UNSPECIFIED.,.F.,.F.,
  (2,2),(-19.5,19.5),.PIECEWISE_BEZIER_KNOTS.);
#824 = CARTESIAN_POINT('',(-5.,-19.5));
#825 = CARTESIAN_POINT('',(-5.,19.5));
#826 = ( GEOMETRIC_REPRESENTATION_CONTEXT(2) 
PARAMETRIC_REPRESENTATION_CONTEXT() REPRESENTATION_CONTEXT('2D SPACE',''
  ) );
#827 = ORIENTED_EDGE('',*,*,#828,.T.);
#828 = EDGE_CURVE('',#808,#829,#831,.T.);
#829 = VERTEX_POINT('',#830);
#830 = CARTESIAN_POINT('',(-100.,-18.84807682497,5.));
#831 = SURFACE_CURVE('',#832,(#836,#842),.PCURVE_S1.);
#832 = LINE('',#833,#834);
#833 = CARTESIAN_POINT('',(-40.,-18.84807682497,5.));
#834 = VECTOR('',#835,1.);
#835 = DIRECTION('',(-1.,0.,0.));
#836 = PCURVE('',#43,#837);
#837 = DEFINITIONAL_REPRESENTATION('',(#838),#841);
#838 = B_SPLINE_CURVE_WITH_KNOTS('',1,(#839,#840),.UNSPECIFIED.,.F.,.F.,
  (2,2),(-5.999999999062E-07,60.0000006),.PIECEWISE_BEZIER_KNOTS.);
#839 = CARTESIAN_POINT('',(-39.9999994,-18.84807682497));
#840 = CARTESIAN_POINT('',(-100.0000006,-18.84807682497));
#841 = ( GEOMETRIC_REPRESENTATION_CONTEXT(2) 
PARAMETRIC_REPRESENTATION_CONTEXT() REPRESENTATION_CONTEXT('2D SPACE',''
  ) );
#842 = PCURVE('',#697,#843);
#843 = DEFINITIONAL_REPRESENTATION('',(#844),#847);
#844 = B_SPLINE_CURVE_WITH_KNOTS('',1,(#845,#846),.UNSPECIFIED.,.F.,.F.,
  (2,2),(-5.999999999062E-07,60.0000006),.PIECEWISE_BEZIER_KNOTS.);
#845 = CARTESIAN_POINT('',(1.830102783068,-5.999999999062E-07));
#846 = CARTESIAN_POINT('',(1.830102783068,60.0000006));
#847 = ( GEOMETRIC_REPRESENTATION_CONTEXT(2) 
PARAMETRIC_REPRESENTATION_CONTEXT() REPRESENTATION_CONTEXT('2D SPACE',''
  ) );
#848 = ORIENTED_EDGE('',*,*,#849,.F.);
#849 = EDGE_CURVE('',#850,#829,#852,.T.);
#850 = VERTEX_POINT('',#851);
#851 = CARTESIAN_POINT('',(-100.,-16.77050983124,5.));
#852 = SURFACE_CURVE('',#853,(#857,#863),.PCURVE_S1.);
#853 = LINE('',#854,#855);
#854 = CARTESIAN_POINT('',(-100.,0.,5.));
#855 = VECTOR('',#856,1.);
#856 = DIRECTION('',(0.,-1.,0.));
#857 = PCURVE('',#43,#858);
#858 = DEFINITIONAL_REPRESENTATION('',(#859),#862);
#859 = B_SPLINE_CURVE_WITH_KNOTS('',1,(#860,#861),.UNSPECIFIED.,.F.,.F.,
  (2,2),(-19.5,19.5),.PIECEWISE_BEZIER_KNOTS.);
#860 = CARTESIAN_POINT('',(-100.,19.5));
#861 = CARTESIAN_POINT('',(-100.,-19.5));
#862 = ( GEOMETRIC_REPRESENTATION_CONTEXT(2) 
PARAMETRIC_REPRESENTATION_CONTEXT() REPRESENTATION_CONTEXT('2D SPACE',''
  ) );
#863 = PCURVE('',#864,#869);
#864 = PLANE('',#865);
#865 = AXIS2_PLACEMENT_3D('',#866,#867,#868);
#866 = CARTESIAN_POINT('',(-100.,0.,0.));
#867 = DIRECTION('',(-1.,0.,0.));
#868 = DIRECTION('',(0.,0.,-1.));
#869 = DEFINITIONAL_REPRESENTATION('',(#870),#873);
#870 = B_SPLINE_CURVE_WITH_KNOTS('',1,(#871,#872),.UNSPECIFIED.,.F.,.F.,
  (2,2),(-19.5,19.5),.PIECEWISE_BEZIER_KNOTS.);
#871 = CARTESIAN_POINT('',(-5.,-19.5));
#872 = CARTESIAN_POINT('',(-5.,19.5));
#873 = ( GEOMETRIC_REPRESENTATION_CONTEXT(2) 
PARAMETRIC_REPRESENTATION_CONTEXT() REPRESENTATION_CONTEXT('2D SPACE',''
  ) );
#874 = ORIENTED_EDGE('',*,*,#875,.T.);
#875 = EDGE_CURVE('',#850,#876,#878,.T.);
#876 = VERTEX_POINT('',#877);
#877 = CARTESIAN_POINT('',(-105.,-16.77050983124,5.));
#878 = SURFACE_CURVE('',#879,(#883,#889),.PCURVE_S1.);
#879 = LINE('',#880,#881);
#880 = CARTESIAN_POINT('',(-35.,-16.77050983124,5.));
#881 = VECTOR('',#882,1.);
#882 = DIRECTION('',(-1.,0.,0.));
#883 = PCURVE('',#43,#884);
#884 = DEFINITIONAL_REPRESENTATION('',(#885),#888);
#885 = B_SPLINE_CURVE_WITH_KNOTS('',1,(#886,#887),.UNSPECIFIED.,.F.,.F.,
  (2,2),(-5.999999999062E-07,70.0000006),.PIECEWISE_BEZIER_KNOTS.);
#886 = CARTESIAN_POINT('',(-34.9999994,-16.77050983124));
#887 = CARTESIAN_POINT('',(-105.0000006,-16.77050983124));
#888 = ( GEOMETRIC_REPRESENTATION_CONTEXT(2) 
PARAMETRIC_REPRESENTATION_CONTEXT() REPRESENTATION_CONTEXT('2D SPACE',''
  ) );
#889 = PCURVE('',#749,#890);
#890 = DEFINITIONAL_REPRESENTATION('',(#891),#894);
#891 = B_SPLINE_CURVE_WITH_KNOTS('',1,(#892,#893),.UNSPECIFIED.,.F.,.F.,
  (2,2),(-5.999999999062E-07,70.0000006),.PIECEWISE_BEZIER_KNOTS.);
#892 = CARTESIAN_POINT('',(1.860548028231,-5.999999999062E-07));
#893 = CARTESIAN_POINT('',(1.860548028231,70.0000006));
#894 = ( GEOMETRIC_REPRESENTATION_CONTEXT(2) 
PARAMETRIC_REPRESENTATION_CONTEXT() REPRESENTATION_CONTEXT('2D SPACE',''
  ) );
#895 = ORIENTED_EDGE('',*,*,#896,.F.);
#896 = EDGE_CURVE('',#897,#876,#899,.T.);
#897 = VERTEX_POINT('',#898);
#898 = CARTESIAN_POINT('',(-105.,16.770509831248,5.));
#899 = SURFACE_CURVE('',#900,(#904,#910),.PCURVE_S1.);
#900 = LINE('',#901,#902);
#901 = CARTESIAN_POINT('',(-105.,0.,5.));
#902 = VECTOR('',#903,1.);
#903 = DIRECTION('',(0.,-1.,0.));
#904 = PCURVE('',#43,#905);
#905 = DEFINITIONAL_REPRESENTATION('',(#906),#909);
#906 = B_SPLINE_CURVE_WITH_KNOTS('',1,(#907,#908),.UNSPECIFIED.,.F.,.F.,
  (2,2),(-17.5,17.5),.PIECEWISE_BEZIER_KNOTS.);
#907 = CARTESIAN_POINT('',(-105.,17.5));
#908 = CARTESIAN_POINT('',(-105.,-17.5));
#909 = ( GEOMETRIC_REPRESENTATION_CONTEXT(2) 
PARAMETRIC_REPRESENTATION_CONTEXT() REPRESENTATION_CONTEXT('2D SPACE',''
  ) );
#910 = PCURVE('',#911,#916);
#911 = PLANE('',#912);
#912 = AXIS2_PLACEMENT_3D('',#913,#914,#915);
#913 = CARTESIAN_POINT('',(-105.,0.,0.));
#914 = DIRECTION('',(-1.,0.,0.));
#915 = DIRECTION('',(0.,0.,-1.));
#916 = DEFINITIONAL_REPRESENTATION('',(#917),#920);
#917 = B_SPLINE_CURVE_WITH_KNOTS('',1,(#918,#919),.UNSPECIFIED.,.F.,.F.,
  (2,2),(-17.5,17.5),.PIECEWISE_BEZIER_KNOTS.);
#918 = CARTESIAN_POINT('',(-5.,-17.5));
#919 = CARTESIAN_POINT('',(-5.,17.5));
#920 = ( GEOMETRIC_REPRESENTATION_CONTEXT(2) 
PARAMETRIC_REPRESENTATION_CONTEXT() REPRESENTATION_CONTEXT('2D SPACE',''
  ) );
#921 = ORIENTED_EDGE('',*,*,#922,.F.);
#922 = EDGE_CURVE('',#923,#897,#925,.T.);
#923 = VERTEX_POINT('',#924);
#924 = CARTESIAN_POINT('',(-100.,16.770509831248,5.));
#925 = SURFACE_CURVE('',#926,(#930,#936),.PCURVE_S1.);
#926 = LINE('',#927,#928);
#927 = CARTESIAN_POINT('',(-35.,16.770509831248,5.));
#928 = VECTOR('',#929,1.);
#929 = DIRECTION('',(-1.,0.,0.));
#930 = PCURVE('',#43,#931);
#931 = DEFINITIONAL_REPRESENTATION('',(#932),#935);
#932 = B_SPLINE_CURVE_WITH_KNOTS('',1,(#933,#934),.UNSPECIFIED.,.F.,.F.,
  (2,2),(-5.999999999062E-07,70.0000006),.PIECEWISE_BEZIER_KNOTS.);
#933 = CARTESIAN_POINT('',(-34.9999994,16.770509831248));
#934 = CARTESIAN_POINT('',(-105.0000006,16.770509831248));
#935 = ( GEOMETRIC_REPRESENTATION_CONTEXT(2) 
PARAMETRIC_REPRESENTATION_CONTEXT() REPRESENTATION_CONTEXT('2D SPACE',''
  ) );
#936 = PCURVE('',#749,#937);
#937 = DEFINITIONAL_REPRESENTATION('',(#938),#941);
#938 = B_SPLINE_CURVE_WITH_KNOTS('',1,(#939,#940),.UNSPECIFIED.,.F.,.F.,
  (2,2),(-5.999999999062E-07,70.0000006),.PIECEWISE_BEZIER_KNOTS.);
#939 = CARTESIAN_POINT('',(4.422637278949,-5.999999999062E-07));
#940 = CARTESIAN_POINT('',(4.422637278949,70.0000006));
#941 = ( GEOMETRIC_REPRESENTATION_CONTEXT(2) 
PARAMETRIC_REPRESENTATION_CONTEXT() REPRESENTATION_CONTEXT('2D SPACE',''
  ) );
#942 = ORIENTED_EDGE('',*,*,#943,.F.);
#943 = EDGE_CURVE('',#683,#923,#944,.T.);
#944 = SURFACE_CURVE('',#945,(#949,#955),.PCURVE_S1.);
#945 = LINE('',#946,#947);
#946 = CARTESIAN_POINT('',(-100.,0.,5.));
#947 = VECTOR('',#948,1.);
#948 = DIRECTION('',(0.,-1.,0.));
#949 = PCURVE('',#43,#950);
#950 = DEFINITIONAL_REPRESENTATION('',(#951),#954);
#951 = B_SPLINE_CURVE_WITH_KNOTS('',1,(#952,#953),.UNSPECIFIED.,.F.,.F.,
  (2,2),(-19.5,19.5),.PIECEWISE_BEZIER_KNOTS.);
#952 = CARTESIAN_POINT('',(-100.,19.5));
#953 = CARTESIAN_POINT('',(-100.,-19.5));
#954 = ( GEOMETRIC_REPRESENTATION_CONTEXT(2) 
PARAMETRIC_REPRESENTATION_CONTEXT() REPRESENTATION_CONTEXT('2D SPACE',''
  ) );
#955 = PCURVE('',#864,#956);
#956 = DEFINITIONAL_REPRESENTATION('',(#957),#960);
#957 = B_SPLINE_CURVE_WITH_KNOTS('',1,(#958,#959),.UNSPECIFIED.,.F.,.F.,
  (2,2),(-19.5,19.5),.PIECEWISE_BEZIER_KNOTS.);
#958 = CARTESIAN_POINT('',(-5.,-19.5));
#959 = CARTESIAN_POINT('',(-5.,19.5));
#960 = ( GEOMETRIC_REPRESENTATION_CONTEXT(2) 
PARAMETRIC_REPRESENTATION_CONTEXT() REPRESENTATION_CONTEXT('2D SPACE',''
  ) );
#961 = FACE_BOUND('',#962,.T.);
#962 = EDGE_LOOP('',(#963,#991,#1017,#1043,#1069,#1090,#1111,#1132,#1158
    ,#1179,#1205,#1226));
#963 = ORIENTED_EDGE('',*,*,#964,.F.);
#964 = EDGE_CURVE('',#965,#967,#969,.T.);
#965 = VERTEX_POINT('',#966);
#966 = CARTESIAN_POINT('',(-3.677206364165,44.064245748173,5.));
#967 = VERTEX_POINT('',#968);
#968 = CARTESIAN_POINT('',(-33.67720636416,96.024245748173,5.));
#969 = SURFACE_CURVE('',#970,(#974,#980),.PCURVE_S1.);
#970 = LINE('',#971,#972);
#971 = CARTESIAN_POINT('',(-3.677206364165,44.064245748173,5.));
#972 = VECTOR('',#973,1.);
#973 = DIRECTION('',(-0.500011000363,0.866019052629,0.));
#974 = PCURVE('',#43,#975);
#975 = DEFINITIONAL_REPRESENTATION('',(#976),#979);
#976 = B_SPLINE_CURVE_WITH_KNOTS('',1,(#977,#978),.UNSPECIFIED.,.F.,.F.,
  (2,2),(-5.999999997874E-07,59.99868058548),.PIECEWISE_BEZIER_KNOTS.);
#977 = CARTESIAN_POINT('',(-3.677206064159,44.064245228561));
#978 = CARTESIAN_POINT('',(-33.67720666417,96.024246267784));
#979 = ( GEOMETRIC_REPRESENTATION_CONTEXT(2) 
PARAMETRIC_REPRESENTATION_CONTEXT() REPRESENTATION_CONTEXT('2D SPACE',''
  ) );
#980 = PCURVE('',#981,#986);
#981 = CYLINDRICAL_SURFACE('',#982,19.5);
#982 = AXIS2_PLACEMENT_3D('',#983,#984,#985);
#983 = CARTESIAN_POINT('',(-20.,34.64,0.));
#984 = DIRECTION('',(-0.500011000363,0.866019052629,0.));
#985 = DIRECTION('',(0.866019052629,0.500011000363,0.));
#986 = DEFINITIONAL_REPRESENTATION('',(#987),#990);
#987 = B_SPLINE_CURVE_WITH_KNOTS('',1,(#988,#989),.UNSPECIFIED.,.F.,.F.,
  (2,2),(-5.999999997874E-07,59.99868058548),.PIECEWISE_BEZIER_KNOTS.);
#988 = CARTESIAN_POINT('',(6.023878850907,-5.999999997874E-07));
#989 = CARTESIAN_POINT('',(6.023878850907,59.99868058548));
#990 = ( GEOMETRIC_REPRESENTATION_CONTEXT(2) 
PARAMETRIC_REPRESENTATION_CONTEXT() REPRESENTATION_CONTEXT('2D SPACE',''
  ) );
#991 = ORIENTED_EDGE('',*,*,#992,.T.);
#992 = EDGE_CURVE('',#965,#993,#995,.T.);
#993 = VERTEX_POINT('',#994);
#994 = CARTESIAN_POINT('',(-5.476418963841,43.02543939732,5.));
#995 = SURFACE_CURVE('',#996,(#1000,#1006),.PCURVE_S1.);
#996 = LINE('',#997,#998);
#997 = CARTESIAN_POINT('',(-20.,34.64,5.));
#998 = VECTOR('',#999,1.);
#999 = DIRECTION('',(-0.866019052629,-0.500011000363,0.));
#1000 = PCURVE('',#43,#1001);
#1001 = DEFINITIONAL_REPRESENTATION('',(#1002),#1005);
#1002 = B_SPLINE_CURVE_WITH_KNOTS('',1,(#1003,#1004),.UNSPECIFIED.,.F.,
  .F.,(2,2),(-19.5,19.5),.PIECEWISE_BEZIER_KNOTS.);
#1003 = CARTESIAN_POINT('',(-3.11262847374,44.390214507079));
#1004 = CARTESIAN_POINT('',(-36.88737152626,24.889785492921));
#1005 = ( GEOMETRIC_REPRESENTATION_CONTEXT(2) 
PARAMETRIC_REPRESENTATION_CONTEXT() REPRESENTATION_CONTEXT('2D SPACE',''
  ) );
#1006 = PCURVE('',#1007,#1012);
#1007 = PLANE('',#1008);
#1008 = AXIS2_PLACEMENT_3D('',#1009,#1010,#1011);
#1009 = CARTESIAN_POINT('',(-20.,34.64,0.));
#1010 = DIRECTION('',(-0.500011000363,0.866019052629,0.));
#1011 = DIRECTION('',(0.866019052629,0.500011000363,0.));
#1012 = DEFINITIONAL_REPRESENTATION('',(#1013),#1016);
#1013 = B_SPLINE_CURVE_WITH_KNOTS('',1,(#1014,#1015),.UNSPECIFIED.,.F.,
  .F.,(2,2),(-19.5,19.5),.PIECEWISE_BEZIER_KNOTS.);
#1014 = CARTESIAN_POINT('',(19.5,-5.));
#1015 = CARTESIAN_POINT('',(-19.5,-5.));
#1016 = ( GEOMETRIC_REPRESENTATION_CONTEXT(2) 
PARAMETRIC_REPRESENTATION_CONTEXT() REPRESENTATION_CONTEXT('2D SPACE',''
  ) );
#1017 = ORIENTED_EDGE('',*,*,#1018,.F.);
#1018 = EDGE_CURVE('',#1019,#993,#1021,.T.);
#1019 = VERTEX_POINT('',#1020);
#1020 = CARTESIAN_POINT('',(-2.976418963841,38.69543939732,5.));
#1021 = SURFACE_CURVE('',#1022,(#1026,#1032),.PCURVE_S1.);
#1022 = LINE('',#1023,#1024);
#1023 = CARTESIAN_POINT('',(-2.976418963841,38.69543939732,5.));
#1024 = VECTOR('',#1025,1.);
#1025 = DIRECTION('',(-0.500011000363,0.866019052629,0.));
#1026 = PCURVE('',#43,#1027);
#1027 = DEFINITIONAL_REPRESENTATION('',(#1028),#1031);
#1028 = B_SPLINE_CURVE_WITH_KNOTS('',1,(#1029,#1030),.UNSPECIFIED.,.F.,
  .F.,(2,2),(-6.000000006756E-07,69.99846058306),
  .PIECEWISE_BEZIER_KNOTS.);
#1029 = CARTESIAN_POINT('',(-2.976418663835,38.695438877709));
#1030 = CARTESIAN_POINT('',(-37.97641926384,99.315439916932));
#1031 = ( GEOMETRIC_REPRESENTATION_CONTEXT(2) 
PARAMETRIC_REPRESENTATION_CONTEXT() REPRESENTATION_CONTEXT('2D SPACE',''
  ) );
#1032 = PCURVE('',#1033,#1038);
#1033 = CYLINDRICAL_SURFACE('',#1034,17.5);
#1034 = AXIS2_PLACEMENT_3D('',#1035,#1036,#1037);
#1035 = CARTESIAN_POINT('',(-17.5,30.31,0.));
#1036 = DIRECTION('',(-0.500011000363,0.866019052629,0.));
#1037 = DIRECTION('',(0.866019052629,0.500011000363,0.));
#1038 = DEFINITIONAL_REPRESENTATION('',(#1039),#1042);
#1039 = B_SPLINE_CURVE_WITH_KNOTS('',1,(#1040,#1041),.UNSPECIFIED.,.F.,
  .F.,(2,2),(-6.000000006756E-07,69.99846058306),
  .PIECEWISE_BEZIER_KNOTS.);
#1040 = CARTESIAN_POINT('',(5.993433605744,-6.00000002452E-07));
#1041 = CARTESIAN_POINT('',(5.993433605744,69.99846058306));
#1042 = ( GEOMETRIC_REPRESENTATION_CONTEXT(2) 
PARAMETRIC_REPRESENTATION_CONTEXT() REPRESENTATION_CONTEXT('2D SPACE',''
  ) );
#1043 = ORIENTED_EDGE('',*,*,#1044,.T.);
#1044 = EDGE_CURVE('',#1019,#1045,#1047,.T.);
#1045 = VERTEX_POINT('',#1046);
#1046 = CARTESIAN_POINT('',(-32.02358103615,21.92456060268,5.));
#1047 = SURFACE_CURVE('',#1048,(#1052,#1058),.PCURVE_S1.);
#1048 = LINE('',#1049,#1050);
#1049 = CARTESIAN_POINT('',(-17.5,30.31,5.));
#1050 = VECTOR('',#1051,1.);
#1051 = DIRECTION('',(-0.866019052629,-0.500011000363,0.));
#1052 = PCURVE('',#43,#1053);
#1053 = DEFINITIONAL_REPRESENTATION('',(#1054),#1057);
#1054 = B_SPLINE_CURVE_WITH_KNOTS('',1,(#1055,#1056),.UNSPECIFIED.,.F.,
  .F.,(2,2),(-17.5,17.5),.PIECEWISE_BEZIER_KNOTS.);
#1055 = CARTESIAN_POINT('',(-2.344666578997,39.060192506353));
#1056 = CARTESIAN_POINT('',(-32.655333421,21.559807493647));
#1057 = ( GEOMETRIC_REPRESENTATION_CONTEXT(2) 
PARAMETRIC_REPRESENTATION_CONTEXT() REPRESENTATION_CONTEXT('2D SPACE',''
  ) );
#1058 = PCURVE('',#1059,#1064);
#1059 = PLANE('',#1060);
#1060 = AXIS2_PLACEMENT_3D('',#1061,#1062,#1063);
#1061 = CARTESIAN_POINT('',(-17.5,30.31,0.));
#1062 = DIRECTION('',(-0.500011000363,0.866019052629,0.));
#1063 = DIRECTION('',(0.866019052629,0.500011000363,0.));
#1064 = DEFINITIONAL_REPRESENTATION('',(#1065),#1068);
#1065 = B_SPLINE_CURVE_WITH_KNOTS('',1,(#1066,#1067),.UNSPECIFIED.,.F.,
  .F.,(2,2),(-17.5,17.5),.PIECEWISE_BEZIER_KNOTS.);
#1066 = CARTESIAN_POINT('',(17.5,-5.));
#1067 = CARTESIAN_POINT('',(-17.5,-5.));
#1068 = ( GEOMETRIC_REPRESENTATION_CONTEXT(2) 
PARAMETRIC_REPRESENTATION_CONTEXT() REPRESENTATION_CONTEXT('2D SPACE',''
  ) );
#1069 = ORIENTED_EDGE('',*,*,#1070,.T.);
#1070 = EDGE_CURVE('',#1045,#1071,#1073,.T.);
#1071 = VERTEX_POINT('',#1072);
#1072 = CARTESIAN_POINT('',(-34.52358103615,26.25456060268,5.));
#1073 = SURFACE_CURVE('',#1074,(#1078,#1084),.PCURVE_S1.);
#1074 = LINE('',#1075,#1076);
#1075 = CARTESIAN_POINT('',(-32.02358103615,21.92456060268,5.));
#1076 = VECTOR('',#1077,1.);
#1077 = DIRECTION('',(-0.500011000363,0.866019052629,0.));
#1078 = PCURVE('',#43,#1079);
#1079 = DEFINITIONAL_REPRESENTATION('',(#1080),#1083);
#1080 = B_SPLINE_CURVE_WITH_KNOTS('',1,(#1081,#1082),.UNSPECIFIED.,.F.,
  .F.,(2,2),(-6.000000033402E-07,69.99846058306),
  .PIECEWISE_BEZIER_KNOTS.);
#1081 = CARTESIAN_POINT('',(-32.02358073615,21.924560083068));
#1082 = CARTESIAN_POINT('',(-67.02358133616,82.544561122291));
#1083 = ( GEOMETRIC_REPRESENTATION_CONTEXT(2) 
PARAMETRIC_REPRESENTATION_CONTEXT() REPRESENTATION_CONTEXT('2D SPACE',''
  ) );
#1084 = PCURVE('',#1033,#1085);
#1085 = DEFINITIONAL_REPRESENTATION('',(#1086),#1089);
#1086 = B_SPLINE_CURVE_WITH_KNOTS('',1,(#1087,#1088),.UNSPECIFIED.,.F.,
  .F.,(2,2),(-6.000000033402E-07,69.99846058306),
  .PIECEWISE_BEZIER_KNOTS.);
#1087 = CARTESIAN_POINT('',(3.431344355026,-5.999999997875E-07));
#1088 = CARTESIAN_POINT('',(3.431344355026,69.99846058306));
#1089 = ( GEOMETRIC_REPRESENTATION_CONTEXT(2) 
PARAMETRIC_REPRESENTATION_CONTEXT() REPRESENTATION_CONTEXT('2D SPACE',''
  ) );
#1090 = ORIENTED_EDGE('',*,*,#1091,.T.);
#1091 = EDGE_CURVE('',#1071,#1092,#1094,.T.);
#1092 = VERTEX_POINT('',#1093);
#1093 = CARTESIAN_POINT('',(-36.32279363583,25.215754251827,5.));
#1094 = SURFACE_CURVE('',#1095,(#1099,#1105),.PCURVE_S1.);
#1095 = LINE('',#1096,#1097);
#1096 = CARTESIAN_POINT('',(-20.,34.64,5.));
#1097 = VECTOR('',#1098,1.);
#1098 = DIRECTION('',(-0.866019052629,-0.500011000363,0.));
#1099 = PCURVE('',#43,#1100);
#1100 = DEFINITIONAL_REPRESENTATION('',(#1101),#1104);
#1101 = B_SPLINE_CURVE_WITH_KNOTS('',1,(#1102,#1103),.UNSPECIFIED.,.F.,
  .F.,(2,2),(-19.5,19.5),.PIECEWISE_BEZIER_KNOTS.);
#1102 = CARTESIAN_POINT('',(-3.11262847374,44.390214507079));
#1103 = CARTESIAN_POINT('',(-36.88737152626,24.889785492921));
#1104 = ( GEOMETRIC_REPRESENTATION_CONTEXT(2) 
PARAMETRIC_REPRESENTATION_CONTEXT() REPRESENTATION_CONTEXT('2D SPACE',''
  ) );
#1105 = PCURVE('',#1007,#1106);
#1106 = DEFINITIONAL_REPRESENTATION('',(#1107),#1110);
#1107 = B_SPLINE_CURVE_WITH_KNOTS('',1,(#1108,#1109),.UNSPECIFIED.,.F.,
  .F.,(2,2),(-19.5,19.5),.PIECEWISE_BEZIER_KNOTS.);
#1108 = CARTESIAN_POINT('',(19.5,-5.));
#1109 = CARTESIAN_POINT('',(-19.5,-5.));
#1110 = ( GEOMETRIC_REPRESENTATION_CONTEXT(2) 
PARAMETRIC_REPRESENTATION_CONTEXT() REPRESENTATION_CONTEXT('2D SPACE',''
  ) );
#1111 = ORIENTED_EDGE('',*,*,#1112,.T.);
#1112 = EDGE_CURVE('',#1092,#1113,#1115,.T.);
#1113 = VERTEX_POINT('',#1114);
#1114 = CARTESIAN_POINT('',(-66.32279363583,77.175754251827,5.));
#1115 = SURFACE_CURVE('',#1116,(#1120,#1126),.PCURVE_S1.);
#1116 = LINE('',#1117,#1118);
#1117 = CARTESIAN_POINT('',(-36.32279363583,25.215754251827,5.));
#1118 = VECTOR('',#1119,1.);
#1119 = DIRECTION('',(-0.500011000363,0.866019052629,0.));
#1120 = PCURVE('',#43,#1121);
#1121 = DEFINITIONAL_REPRESENTATION('',(#1122),#1125);
#1122 = B_SPLINE_CURVE_WITH_KNOTS('',1,(#1123,#1124),.UNSPECIFIED.,.F.,
  .F.,(2,2),(-5.999999997874E-07,59.99868058548),
  .PIECEWISE_BEZIER_KNOTS.);
#1123 = CARTESIAN_POINT('',(-36.32279333582,25.215753732216));
#1124 = CARTESIAN_POINT('',(-66.32279393584,77.175754771439));
#1125 = ( GEOMETRIC_REPRESENTATION_CONTEXT(2) 
PARAMETRIC_REPRESENTATION_CONTEXT() REPRESENTATION_CONTEXT('2D SPACE',''
  ) );
#1126 = PCURVE('',#981,#1127);
#1127 = DEFINITIONAL_REPRESENTATION('',(#1128),#1131);
#1128 = B_SPLINE_CURVE_WITH_KNOTS('',1,(#1129,#1130),.UNSPECIFIED.,.F.,
  .F.,(2,2),(-5.999999997874E-07,59.99868058548),
  .PIECEWISE_BEZIER_KNOTS.);
#1129 = CARTESIAN_POINT('',(3.400899109863,-6.000000015638E-07));
#1130 = CARTESIAN_POINT('',(3.400899109863,59.99868058548));
#1131 = ( GEOMETRIC_REPRESENTATION_CONTEXT(2) 
PARAMETRIC_REPRESENTATION_CONTEXT() REPRESENTATION_CONTEXT('2D SPACE',''
  ) );
#1132 = ORIENTED_EDGE('',*,*,#1133,.F.);
#1133 = EDGE_CURVE('',#1134,#1113,#1136,.T.);
#1134 = VERTEX_POINT('',#1135);
#1135 = CARTESIAN_POINT('',(-64.52358103615,78.21456060268,5.));
#1136 = SURFACE_CURVE('',#1137,(#1141,#1147),.PCURVE_S1.);
#1137 = LINE('',#1138,#1139);
#1138 = CARTESIAN_POINT('',(-50.,86.6,5.));
#1139 = VECTOR('',#1140,1.);
#1140 = DIRECTION('',(-0.866019052629,-0.500011000363,0.));
#1141 = PCURVE('',#43,#1142);
#1142 = DEFINITIONAL_REPRESENTATION('',(#1143),#1146);
#1143 = B_SPLINE_CURVE_WITH_KNOTS('',1,(#1144,#1145),.UNSPECIFIED.,.F.,
  .F.,(2,2),(-19.5,19.5),.PIECEWISE_BEZIER_KNOTS.);
#1144 = CARTESIAN_POINT('',(-33.11262847374,96.350214507079));
#1145 = CARTESIAN_POINT('',(-66.88737152626,76.849785492921));
#1146 = ( GEOMETRIC_REPRESENTATION_CONTEXT(2) 
PARAMETRIC_REPRESENTATION_CONTEXT() REPRESENTATION_CONTEXT('2D SPACE',''
  ) );
#1147 = PCURVE('',#1148,#1153);
#1148 = PLANE('',#1149);
#1149 = AXIS2_PLACEMENT_3D('',#1150,#1151,#1152);
#1150 = CARTESIAN_POINT('',(-50.,86.6,0.));
#1151 = DIRECTION('',(-0.500011000363,0.866019052629,0.));
#1152 = DIRECTION('',(0.866019052629,0.500011000363,0.));
#1153 = DEFINITIONAL_REPRESENTATION('',(#1154),#1157);
#1154 = B_SPLINE_CURVE_WITH_KNOTS('',1,(#1155,#1156),.UNSPECIFIED.,.F.,
  .F.,(2,2),(-19.5,19.5),.PIECEWISE_BEZIER_KNOTS.);
#1155 = CARTESIAN_POINT('',(19.5,-5.));
#1156 = CARTESIAN_POINT('',(-19.5,-5.));
#1157 = ( GEOMETRIC_REPRESENTATION_CONTEXT(2) 
PARAMETRIC_REPRESENTATION_CONTEXT() REPRESENTATION_CONTEXT('2D SPACE',''
  ) );
#1158 = ORIENTED_EDGE('',*,*,#1159,.T.);
#1159 = EDGE_CURVE('',#1134,#1160,#1162,.T.);
#1160 = VERTEX_POINT('',#1161);
#1161 = CARTESIAN_POINT('',(-67.02358103615,82.54456060268,5.));
#1162 = SURFACE_CURVE('',#1163,(#1167,#1173),.PCURVE_S1.);
#1163 = LINE('',#1164,#1165);
#1164 = CARTESIAN_POINT('',(-32.02358103615,21.92456060268,5.));
#1165 = VECTOR('',#1166,1.);
#1166 = DIRECTION('',(-0.500011000363,0.866019052629,0.));
#1167 = PCURVE('',#43,#1168);
#1168 = DEFINITIONAL_REPRESENTATION('',(#1169),#1172);
#1169 = B_SPLINE_CURVE_WITH_KNOTS('',1,(#1170,#1171),.UNSPECIFIED.,.F.,
  .F.,(2,2),(-6.000000033402E-07,69.99846058306),
  .PIECEWISE_BEZIER_KNOTS.);
#1170 = CARTESIAN_POINT('',(-32.02358073615,21.924560083068));
#1171 = CARTESIAN_POINT('',(-67.02358133616,82.544561122291));
#1172 = ( GEOMETRIC_REPRESENTATION_CONTEXT(2) 
PARAMETRIC_REPRESENTATION_CONTEXT() REPRESENTATION_CONTEXT('2D SPACE',''
  ) );
#1173 = PCURVE('',#1033,#1174);
#1174 = DEFINITIONAL_REPRESENTATION('',(#1175),#1178);
#1175 = B_SPLINE_CURVE_WITH_KNOTS('',1,(#1176,#1177),.UNSPECIFIED.,.F.,
  .F.,(2,2),(-6.000000033402E-07,69.99846058306),
  .PIECEWISE_BEZIER_KNOTS.);
#1176 = CARTESIAN_POINT('',(3.431344355026,-5.999999997875E-07));
#1177 = CARTESIAN_POINT('',(3.431344355026,69.99846058306));
#1178 = ( GEOMETRIC_REPRESENTATION_CONTEXT(2) 
PARAMETRIC_REPRESENTATION_CONTEXT() REPRESENTATION_CONTEXT('2D SPACE',''
  ) );
#1179 = ORIENTED_EDGE('',*,*,#1180,.F.);
#1180 = EDGE_CURVE('',#1181,#1160,#1183,.T.);
#1181 = VERTEX_POINT('',#1182);
#1182 = CARTESIAN_POINT('',(-37.97641896384,99.31543939732,5.));
#1183 = SURFACE_CURVE('',#1184,(#1188,#1194),.PCURVE_S1.);
#1184 = LINE('',#1185,#1186);
#1185 = CARTESIAN_POINT('',(-52.5,90.93,5.));
#1186 = VECTOR('',#1187,1.);
#1187 = DIRECTION('',(-0.866019052629,-0.500011000363,0.));
#1188 = PCURVE('',#43,#1189);
#1189 = DEFINITIONAL_REPRESENTATION('',(#1190),#1193);
#1190 = B_SPLINE_CURVE_WITH_KNOTS('',1,(#1191,#1192),.UNSPECIFIED.,.F.,
  .F.,(2,2),(-17.5,17.5),.PIECEWISE_BEZIER_KNOTS.);
#1191 = CARTESIAN_POINT('',(-37.34466657899,99.680192506353));
#1192 = CARTESIAN_POINT('',(-67.655333421,82.179807493647));
#1193 = ( GEOMETRIC_REPRESENTATION_CONTEXT(2) 
PARAMETRIC_REPRESENTATION_CONTEXT() REPRESENTATION_CONTEXT('2D SPACE',''
  ) );
#1194 = PCURVE('',#1195,#1200);
#1195 = PLANE('',#1196);
#1196 = AXIS2_PLACEMENT_3D('',#1197,#1198,#1199);
#1197 = CARTESIAN_POINT('',(-52.5,90.93,0.));
#1198 = DIRECTION('',(-0.500011000363,0.866019052629,0.));
#1199 = DIRECTION('',(0.866019052629,0.500011000363,0.));
#1200 = DEFINITIONAL_REPRESENTATION('',(#1201),#1204);
#1201 = B_SPLINE_CURVE_WITH_KNOTS('',1,(#1202,#1203),.UNSPECIFIED.,.F.,
  .F.,(2,2),(-17.5,17.5),.PIECEWISE_BEZIER_KNOTS.);
#1202 = CARTESIAN_POINT('',(17.5,-5.));
#1203 = CARTESIAN_POINT('',(-17.5,-5.));
#1204 = ( GEOMETRIC_REPRESENTATION_CONTEXT(2) 
PARAMETRIC_REPRESENTATION_CONTEXT() REPRESENTATION_CONTEXT('2D SPACE',''
  ) );
#1205 = ORIENTED_EDGE('',*,*,#1206,.F.);
#1206 = EDGE_CURVE('',#1207,#1181,#1209,.T.);
#1207 = VERTEX_POINT('',#1208);
#1208 = CARTESIAN_POINT('',(-35.47641896384,94.98543939732,5.));
#1209 = SURFACE_CURVE('',#1210,(#1214,#1220),.PCURVE_S1.);
#1210 = LINE('',#1211,#1212);
#1211 = CARTESIAN_POINT('',(-2.976418963841,38.69543939732,5.));
#1212 = VECTOR('',#1213,1.);
#1213 = DIRECTION('',(-0.500011000363,0.866019052629,0.));
#1214 = PCURVE('',#43,#1215);
#1215 = DEFINITIONAL_REPRESENTATION('',(#1216),#1219);
#1216 = B_SPLINE_CURVE_WITH_KNOTS('',1,(#1217,#1218),.UNSPECIFIED.,.F.,
  .F.,(2,2),(-6.000000006756E-07,69.99846058306),
  .PIECEWISE_BEZIER_KNOTS.);
#1217 = CARTESIAN_POINT('',(-2.976418663835,38.695438877709));
#1218 = CARTESIAN_POINT('',(-37.97641926384,99.315439916932));
#1219 = ( GEOMETRIC_REPRESENTATION_CONTEXT(2) 
PARAMETRIC_REPRESENTATION_CONTEXT() REPRESENTATION_CONTEXT('2D SPACE',''
  ) );
#1220 = PCURVE('',#1033,#1221);
#1221 = DEFINITIONAL_REPRESENTATION('',(#1222),#1225);
#1222 = B_SPLINE_CURVE_WITH_KNOTS('',1,(#1223,#1224),.UNSPECIFIED.,.F.,
  .F.,(2,2),(-6.000000006756E-07,69.99846058306),
  .PIECEWISE_BEZIER_KNOTS.);
#1223 = CARTESIAN_POINT('',(5.993433605744,-6.00000002452E-07));
#1224 = CARTESIAN_POINT('',(5.993433605744,69.99846058306));
#1225 = ( GEOMETRIC_REPRESENTATION_CONTEXT(2) 
PARAMETRIC_REPRESENTATION_CONTEXT() REPRESENTATION_CONTEXT('2D SPACE',''
  ) );
#1226 = ORIENTED_EDGE('',*,*,#1227,.F.);
#1227 = EDGE_CURVE('',#967,#1207,#1228,.T.);
#1228 = SURFACE_CURVE('',#1229,(#1233,#1239),.PCURVE_S1.);
#1229 = LINE('',#1230,#1231);
#1230 = CARTESIAN_POINT('',(-50.,86.6,5.));
#1231 = VECTOR('',#1232,1.);
#1232 = DIRECTION('',(-0.866019052629,-0.500011000363,0.));
#1233 = PCURVE('',#43,#1234);
#1234 = DEFINITIONAL_REPRESENTATION('',(#1235),#1238);
#1235 = B_SPLINE_CURVE_WITH_KNOTS('',1,(#1236,#1237),.UNSPECIFIED.,.F.,
  .F.,(2,2),(-19.5,19.5),.PIECEWISE_BEZIER_KNOTS.);
#1236 = CARTESIAN_POINT('',(-33.11262847374,96.350214507079));
#1237 = CARTESIAN_POINT('',(-66.88737152626,76.849785492921));
#1238 = ( GEOMETRIC_REPRESENTATION_CONTEXT(2) 
PARAMETRIC_REPRESENTATION_CONTEXT() REPRESENTATION_CONTEXT('2D SPACE',''
  ) );
#1239 = PCURVE('',#1148,#1240);
#1240 = DEFINITIONAL_REPRESENTATION('',(#1241),#1244);
#1241 = B_SPLINE_CURVE_WITH_KNOTS('',1,(#1242,#1243),.UNSPECIFIED.,.F.,
  .F.,(2,2),(-19.5,19.5),.PIECEWISE_BEZIER_KNOTS.);
#1242 = CARTESIAN_POINT('',(19.5,-5.));
#1243 = CARTESIAN_POINT('',(-19.5,-5.));
#1244 = ( GEOMETRIC_REPRESENTATION_CONTEXT(2) 
PARAMETRIC_REPRESENTATION_CONTEXT() REPRESENTATION_CONTEXT('2D SPACE',''
  ) );
#1245 = FACE_BOUND('',#1246,.T.);
#1246 = EDGE_LOOP('',(#1247,#1275,#1301,#1327,#1353,#1374,#1395,#1416,
    #1442,#1463,#1489,#1510));
#1247 = ORIENTED_EDGE('',*,*,#1248,.F.);
#1248 = EDGE_CURVE('',#1249,#1251,#1253,.T.);
#1249 = VERTEX_POINT('',#1250);
#1250 = CARTESIAN_POINT('',(40.,-18.84807682497,5.));
#1251 = VERTEX_POINT('',#1252);
#1252 = CARTESIAN_POINT('',(100.,-18.84807682497,5.));
#1253 = SURFACE_CURVE('',#1254,(#1258,#1264),.PCURVE_S1.);
#1254 = LINE('',#1255,#1256);
#1255 = CARTESIAN_POINT('',(40.,-18.84807682497,5.));
#1256 = VECTOR('',#1257,1.);
#1257 = DIRECTION('',(1.,0.,0.));
#1258 = PCURVE('',#43,#1259);
#1259 = DEFINITIONAL_REPRESENTATION('',(#1260),#1263);
#1260 = B_SPLINE_CURVE_WITH_KNOTS('',1,(#1261,#1262),.UNSPECIFIED.,.F.,
  .F.,(2,2),(-5.999999999062E-07,60.0000006),.PIECEWISE_BEZIER_KNOTS.);
#1261 = CARTESIAN_POINT('',(39.9999994,-18.84807682497));
#1262 = CARTESIAN_POINT('',(100.0000006,-18.84807682497));
#1263 = ( GEOMETRIC_REPRESENTATION_CONTEXT(2) 
PARAMETRIC_REPRESENTATION_CONTEXT() REPRESENTATION_CONTEXT('2D SPACE',''
  ) );
#1264 = PCURVE('',#1265,#1270);
#1265 = CYLINDRICAL_SURFACE('',#1266,19.5);
#1266 = AXIS2_PLACEMENT_3D('',#1267,#1268,#1269);
#1267 = CARTESIAN_POINT('',(40.,0.,0.));
#1268 = DIRECTION('',(1.,0.,0.));
#1269 = DIRECTION('',(-0.,0.,1.));
#1270 = DEFINITIONAL_REPRESENTATION('',(#1271),#1274);
#1271 = B_SPLINE_CURVE_WITH_KNOTS('',1,(#1272,#1273),.UNSPECIFIED.,.F.,
  .F.,(2,2),(0.,60.),.PIECEWISE_BEZIER_KNOTS.);
#1272 = CARTESIAN_POINT('',(7.594675177702,0.));
#1273 = CARTESIAN_POINT('',(7.594675177702,60.));
#1274 = ( GEOMETRIC_REPRESENTATION_CONTEXT(2) 
PARAMETRIC_REPRESENTATION_CONTEXT() REPRESENTATION_CONTEXT('2D SPACE',''
  ) );
#1275 = ORIENTED_EDGE('',*,*,#1276,.T.);
#1276 = EDGE_CURVE('',#1249,#1277,#1279,.T.);
#1277 = VERTEX_POINT('',#1278);
#1278 = CARTESIAN_POINT('',(40.,-16.77050983124,5.));
#1279 = SURFACE_CURVE('',#1280,(#1284,#1290),.PCURVE_S1.);
#1280 = LINE('',#1281,#1282);
#1281 = CARTESIAN_POINT('',(40.,0.,5.));
#1282 = VECTOR('',#1283,1.);
#1283 = DIRECTION('',(0.,1.,0.));
#1284 = PCURVE('',#43,#1285);
#1285 = DEFINITIONAL_REPRESENTATION('',(#1286),#1289);
#1286 = B_SPLINE_CURVE_WITH_KNOTS('',1,(#1287,#1288),.UNSPECIFIED.,.F.,
  .F.,(2,2),(-19.5,19.5),.PIECEWISE_BEZIER_KNOTS.);
#1287 = CARTESIAN_POINT('',(40.,-19.5));
#1288 = CARTESIAN_POINT('',(40.,19.5));
#1289 = ( GEOMETRIC_REPRESENTATION_CONTEXT(2) 
PARAMETRIC_REPRESENTATION_CONTEXT() REPRESENTATION_CONTEXT('2D SPACE',''
  ) );
#1290 = PCURVE('',#1291,#1296);
#1291 = PLANE('',#1292);
#1292 = AXIS2_PLACEMENT_3D('',#1293,#1294,#1295);
#1293 = CARTESIAN_POINT('',(40.,0.,0.));
#1294 = DIRECTION('',(1.,0.,0.));
#1295 = DIRECTION('',(-0.,0.,1.));
#1296 = DEFINITIONAL_REPRESENTATION('',(#1297),#1300);
#1297 = B_SPLINE_CURVE_WITH_KNOTS('',1,(#1298,#1299),.UNSPECIFIED.,.F.,
  .F.,(2,2),(-19.5,19.5),.PIECEWISE_BEZIER_KNOTS.);
#1298 = CARTESIAN_POINT('',(5.,19.5));
#1299 = CARTESIAN_POINT('',(5.,-19.5));
#1300 = ( GEOMETRIC_REPRESENTATION_CONTEXT(2) 
PARAMETRIC_REPRESENTATION_CONTEXT() REPRESENTATION_CONTEXT('2D SPACE',''
  ) );
#1301 = ORIENTED_EDGE('',*,*,#1302,.F.);
#1302 = EDGE_CURVE('',#1303,#1277,#1305,.T.);
#1303 = VERTEX_POINT('',#1304);
#1304 = CARTESIAN_POINT('',(35.,-16.77050983124,5.));
#1305 = SURFACE_CURVE('',#1306,(#1310,#1316),.PCURVE_S1.);
#1306 = LINE('',#1307,#1308);
#1307 = CARTESIAN_POINT('',(35.,-16.77050983124,5.));
#1308 = VECTOR('',#1309,1.);
#1309 = DIRECTION('',(1.,0.,0.));
#1310 = PCURVE('',#43,#1311);
#1311 = DEFINITIONAL_REPRESENTATION('',(#1312),#1315);
#1312 = B_SPLINE_CURVE_WITH_KNOTS('',1,(#1313,#1314),.UNSPECIFIED.,.F.,
  .F.,(2,2),(-5.999999999062E-07,70.0000006),.PIECEWISE_BEZIER_KNOTS.);
#1313 = CARTESIAN_POINT('',(34.9999994,-16.77050983124));
#1314 = CARTESIAN_POINT('',(105.0000006,-16.77050983124));
#1315 = ( GEOMETRIC_REPRESENTATION_CONTEXT(2) 
PARAMETRIC_REPRESENTATION_CONTEXT() REPRESENTATION_CONTEXT('2D SPACE',''
  ) );
#1316 = PCURVE('',#1317,#1322);
#1317 = CYLINDRICAL_SURFACE('',#1318,17.5);
#1318 = AXIS2_PLACEMENT_3D('',#1319,#1320,#1321);
#1319 = CARTESIAN_POINT('',(35.,0.,0.));
#1320 = DIRECTION('',(1.,0.,0.));
#1321 = DIRECTION('',(-0.,0.,1.));
#1322 = DEFINITIONAL_REPRESENTATION('',(#1323),#1326);
#1323 = B_SPLINE_CURVE_WITH_KNOTS('',1,(#1324,#1325),.UNSPECIFIED.,.F.,
  .F.,(2,2),(-5.999999999062E-07,70.0000006),.PIECEWISE_BEZIER_KNOTS.);
#1324 = CARTESIAN_POINT('',(1.281044625359,-5.999999999062E-07));
#1325 = CARTESIAN_POINT('',(1.281044625359,70.0000006));
#1326 = ( GEOMETRIC_REPRESENTATION_CONTEXT(2) 
PARAMETRIC_REPRESENTATION_CONTEXT() REPRESENTATION_CONTEXT('2D SPACE',''
  ) );
#1327 = ORIENTED_EDGE('',*,*,#1328,.T.);
#1328 = EDGE_CURVE('',#1303,#1329,#1331,.T.);
#1329 = VERTEX_POINT('',#1330);
#1330 = CARTESIAN_POINT('',(35.,16.770509831248,5.));
#1331 = SURFACE_CURVE('',#1332,(#1336,#1342),.PCURVE_S1.);
#1332 = LINE('',#1333,#1334);
#1333 = CARTESIAN_POINT('',(35.,0.,5.));
#1334 = VECTOR('',#1335,1.);
#1335 = DIRECTION('',(0.,1.,0.));
#1336 = PCURVE('',#43,#1337);
#1337 = DEFINITIONAL_REPRESENTATION('',(#1338),#1341);
#1338 = B_SPLINE_CURVE_WITH_KNOTS('',1,(#1339,#1340),.UNSPECIFIED.,.F.,
  .F.,(2,2),(-17.5,17.5),.PIECEWISE_BEZIER_KNOTS.);
#1339 = CARTESIAN_POINT('',(35.,-17.5));
#1340 = CARTESIAN_POINT('',(35.,17.5));
#1341 = ( GEOMETRIC_REPRESENTATION_CONTEXT(2) 
PARAMETRIC_REPRESENTATION_CONTEXT() REPRESENTATION_CONTEXT('2D SPACE',''
  ) );
#1342 = PCURVE('',#1343,#1348);
#1343 = PLANE('',#1344);
#1344 = AXIS2_PLACEMENT_3D('',#1345,#1346,#1347);
#1345 = CARTESIAN_POINT('',(35.,0.,0.));
#1346 = DIRECTION('',(1.,0.,0.));
#1347 = DIRECTION('',(-0.,0.,1.));
#1348 = DEFINITIONAL_REPRESENTATION('',(#1349),#1352);
#1349 = B_SPLINE_CURVE_WITH_KNOTS('',1,(#1350,#1351),.UNSPECIFIED.,.F.,
  .F.,(2,2),(-17.5,17.5),.PIECEWISE_BEZIER_KNOTS.);
#1350 = CARTESIAN_POINT('',(5.,17.5));
#1351 = CARTESIAN_POINT('',(5.,-17.5));
#1352 = ( GEOMETRIC_REPRESENTATION_CONTEXT(2) 
PARAMETRIC_REPRESENTATION_CONTEXT() REPRESENTATION_CONTEXT('2D SPACE',''
  ) );
#1353 = ORIENTED_EDGE('',*,*,#1354,.T.);
#1354 = EDGE_CURVE('',#1329,#1355,#1357,.T.);
#1355 = VERTEX_POINT('',#1356);
#1356 = CARTESIAN_POINT('',(40.,16.770509831248,5.));
#1357 = SURFACE_CURVE('',#1358,(#1362,#1368),.PCURVE_S1.);
#1358 = LINE('',#1359,#1360);
#1359 = CARTESIAN_POINT('',(35.,16.770509831248,5.));
#1360 = VECTOR('',#1361,1.);
#1361 = DIRECTION('',(1.,0.,0.));
#1362 = PCURVE('',#43,#1363);
#1363 = DEFINITIONAL_REPRESENTATION('',(#1364),#1367);
#1364 = B_SPLINE_CURVE_WITH_KNOTS('',1,(#1365,#1366),.UNSPECIFIED.,.F.,
  .F.,(2,2),(-5.999999999062E-07,70.0000006),.PIECEWISE_BEZIER_KNOTS.);
#1365 = CARTESIAN_POINT('',(34.9999994,16.770509831248));
#1366 = CARTESIAN_POINT('',(105.0000006,16.770509831248));
#1367 = ( GEOMETRIC_REPRESENTATION_CONTEXT(2) 
PARAMETRIC_REPRESENTATION_CONTEXT() REPRESENTATION_CONTEXT('2D SPACE',''
  ) );
#1368 = PCURVE('',#1317,#1369);
#1369 = DEFINITIONAL_REPRESENTATION('',(#1370),#1373);
#1370 = B_SPLINE_CURVE_WITH_KNOTS('',1,(#1371,#1372),.UNSPECIFIED.,.F.,
  .F.,(2,2),(-5.999999999062E-07,70.0000006),.PIECEWISE_BEZIER_KNOTS.);
#1371 = CARTESIAN_POINT('',(5.002140681821,-5.999999999062E-07));
#1372 = CARTESIAN_POINT('',(5.002140681821,70.0000006));
#1373 = ( GEOMETRIC_REPRESENTATION_CONTEXT(2) 
PARAMETRIC_REPRESENTATION_CONTEXT() REPRESENTATION_CONTEXT('2D SPACE',''
  ) );
#1374 = ORIENTED_EDGE('',*,*,#1375,.T.);
#1375 = EDGE_CURVE('',#1355,#1376,#1378,.T.);
#1376 = VERTEX_POINT('',#1377);
#1377 = CARTESIAN_POINT('',(40.,18.848076824971,5.));
#1378 = SURFACE_CURVE('',#1379,(#1383,#1389),.PCURVE_S1.);
#1379 = LINE('',#1380,#1381);
#1380 = CARTESIAN_POINT('',(40.,0.,5.));
#1381 = VECTOR('',#1382,1.);
#1382 = DIRECTION('',(0.,1.,0.));
#1383 = PCURVE('',#43,#1384);
#1384 = DEFINITIONAL_REPRESENTATION('',(#1385),#1388);
#1385 = B_SPLINE_CURVE_WITH_KNOTS('',1,(#1386,#1387),.UNSPECIFIED.,.F.,
  .F.,(2,2),(-19.5,19.5),.PIECEWISE_BEZIER_KNOTS.);
#1386 = CARTESIAN_POINT('',(40.,-19.5));
#1387 = CARTESIAN_POINT('',(40.,19.5));
#1388 = ( GEOMETRIC_REPRESENTATION_CONTEXT(2) 
PARAMETRIC_REPRESENTATION_CONTEXT() REPRESENTATION_CONTEXT('2D SPACE',''
  ) );
#1389 = PCURVE('',#1291,#1390);
#1390 = DEFINITIONAL_REPRESENTATION('',(#1391),#1394);
#1391 = B_SPLINE_CURVE_WITH_KNOTS('',1,(#1392,#1393),.UNSPECIFIED.,.F.,
  .F.,(2,2),(-19.5,19.5),.PIECEWISE_BEZIER_KNOTS.);
#1392 = CARTESIAN_POINT('',(5.,19.5));
#1393 = CARTESIAN_POINT('',(5.,-19.5));
#1394 = ( GEOMETRIC_REPRESENTATION_CONTEXT(2) 
PARAMETRIC_REPRESENTATION_CONTEXT() REPRESENTATION_CONTEXT('2D SPACE',''
  ) );
#1395 = ORIENTED_EDGE('',*,*,#1396,.T.);
#1396 = EDGE_CURVE('',#1376,#1397,#1399,.T.);
#1397 = VERTEX_POINT('',#1398);
#1398 = CARTESIAN_POINT('',(100.,18.848076824971,5.));
#1399 = SURFACE_CURVE('',#1400,(#1404,#1410),.PCURVE_S1.);
#1400 = LINE('',#1401,#1402);
#1401 = CARTESIAN_POINT('',(40.,18.848076824971,5.));
#1402 = VECTOR('',#1403,1.);
#1403 = DIRECTION('',(1.,0.,0.));
#1404 = PCURVE('',#43,#1405);
#1405 = DEFINITIONAL_REPRESENTATION('',(#1406),#1409);
#1406 = B_SPLINE_CURVE_WITH_KNOTS('',1,(#1407,#1408),.UNSPECIFIED.,.F.,
  .F.,(2,2),(-5.999999999062E-07,60.0000006),.PIECEWISE_BEZIER_KNOTS.);
#1407 = CARTESIAN_POINT('',(39.9999994,18.848076824971));
#1408 = CARTESIAN_POINT('',(100.0000006,18.848076824971));
#1409 = ( GEOMETRIC_REPRESENTATION_CONTEXT(2) 
PARAMETRIC_REPRESENTATION_CONTEXT() REPRESENTATION_CONTEXT('2D SPACE',''
  ) );
#1410 = PCURVE('',#1265,#1411);
#1411 = DEFINITIONAL_REPRESENTATION('',(#1412),#1415);
#1412 = B_SPLINE_CURVE_WITH_KNOTS('',1,(#1413,#1414),.UNSPECIFIED.,.F.,
  .F.,(2,2),(0.,60.),.PIECEWISE_BEZIER_KNOTS.);
#1413 = CARTESIAN_POINT('',(4.971695436657,0.));
#1414 = CARTESIAN_POINT('',(4.971695436657,60.));
#1415 = ( GEOMETRIC_REPRESENTATION_CONTEXT(2) 
PARAMETRIC_REPRESENTATION_CONTEXT() REPRESENTATION_CONTEXT('2D SPACE',''
  ) );
#1416 = ORIENTED_EDGE('',*,*,#1417,.F.);
#1417 = EDGE_CURVE('',#1418,#1397,#1420,.T.);
#1418 = VERTEX_POINT('',#1419);
#1419 = CARTESIAN_POINT('',(100.,16.770509831248,5.));
#1420 = SURFACE_CURVE('',#1421,(#1425,#1431),.PCURVE_S1.);
#1421 = LINE('',#1422,#1423);
#1422 = CARTESIAN_POINT('',(100.,0.,5.));
#1423 = VECTOR('',#1424,1.);
#1424 = DIRECTION('',(0.,1.,0.));
#1425 = PCURVE('',#43,#1426);
#1426 = DEFINITIONAL_REPRESENTATION('',(#1427),#1430);
#1427 = B_SPLINE_CURVE_WITH_KNOTS('',1,(#1428,#1429),.UNSPECIFIED.,.F.,
  .F.,(2,2),(-19.5,19.5),.PIECEWISE_BEZIER_KNOTS.);
#1428 = CARTESIAN_POINT('',(100.,-19.5));
#1429 = CARTESIAN_POINT('',(100.,19.5));
#1430 = ( GEOMETRIC_REPRESENTATION_CONTEXT(2) 
PARAMETRIC_REPRESENTATION_CONTEXT() REPRESENTATION_CONTEXT('2D SPACE',''
  ) );
#1431 = PCURVE('',#1432,#1437);
#1432 = PLANE('',#1433);
#1433 = AXIS2_PLACEMENT_3D('',#1434,#1435,#1436);
#1434 = CARTESIAN_POINT('',(100.,0.,0.));
#1435 = DIRECTION('',(1.,0.,0.));
#1436 = DIRECTION('',(-0.,0.,1.));
#1437 = DEFINITIONAL_REPRESENTATION('',(#1438),#1441);
#1438 = B_SPLINE_CURVE_WITH_KNOTS('',1,(#1439,#1440),.UNSPECIFIED.,.F.,
  .F.,(2,2),(-19.5,19.5),.PIECEWISE_BEZIER_KNOTS.);
#1439 = CARTESIAN_POINT('',(5.,19.5));
#1440 = CARTESIAN_POINT('',(5.,-19.5));
#1441 = ( GEOMETRIC_REPRESENTATION_CONTEXT(2) 
PARAMETRIC_REPRESENTATION_CONTEXT() REPRESENTATION_CONTEXT('2D SPACE',''
  ) );
#1442 = ORIENTED_EDGE('',*,*,#1443,.T.);
#1443 = EDGE_CURVE('',#1418,#1444,#1446,.T.);
#1444 = VERTEX_POINT('',#1445);
#1445 = CARTESIAN_POINT('',(105.,16.770509831248,5.));
#1446 = SURFACE_CURVE('',#1447,(#1451,#1457),.PCURVE_S1.);
#1447 = LINE('',#1448,#1449);
#1448 = CARTESIAN_POINT('',(35.,16.770509831248,5.));
#1449 = VECTOR('',#1450,1.);
#1450 = DIRECTION('',(1.,0.,0.));
#1451 = PCURVE('',#43,#1452);
#1452 = DEFINITIONAL_REPRESENTATION('',(#1453),#1456);
#1453 = B_SPLINE_CURVE_WITH_KNOTS('',1,(#1454,#1455),.UNSPECIFIED.,.F.,
  .F.,(2,2),(-5.999999999062E-07,70.0000006),.PIECEWISE_BEZIER_KNOTS.);
#1454 = CARTESIAN_POINT('',(34.9999994,16.770509831248));
#1455 = CARTESIAN_POINT('',(105.0000006,16.770509831248));
#1456 = ( GEOMETRIC_REPRESENTATION_CONTEXT(2) 
PARAMETRIC_REPRESENTATION_CONTEXT() REPRESENTATION_CONTEXT('2D SPACE',''
  ) );
#1457 = PCURVE('',#1317,#1458);
#1458 = DEFINITIONAL_REPRESENTATION('',(#1459),#1462);
#1459 = B_SPLINE_CURVE_WITH_KNOTS('',1,(#1460,#1461),.UNSPECIFIED.,.F.,
  .F.,(2,2),(-5.999999999062E-07,70.0000006),.PIECEWISE_BEZIER_KNOTS.);
#1460 = CARTESIAN_POINT('',(5.002140681821,-5.999999999062E-07));
#1461 = CARTESIAN_POINT('',(5.002140681821,70.0000006));
#1462 = ( GEOMETRIC_REPRESENTATION_CONTEXT(2) 
PARAMETRIC_REPRESENTATION_CONTEXT() REPRESENTATION_CONTEXT('2D SPACE',''
  ) );
#1463 = ORIENTED_EDGE('',*,*,#1464,.F.);
#1464 = EDGE_CURVE('',#1465,#1444,#1467,.T.);
#1465 = VERTEX_POINT('',#1466);
#1466 = CARTESIAN_POINT('',(105.,-16.77050983124,5.));
#1467 = SURFACE_CURVE('',#1468,(#1472,#1478),.PCURVE_S1.);
#1468 = LINE('',#1469,#1470);
#1469 = CARTESIAN_POINT('',(105.,0.,5.));
#1470 = VECTOR('',#1471,1.);
#1471 = DIRECTION('',(0.,1.,0.));
#1472 = PCURVE('',#43,#1473);
#1473 = DEFINITIONAL_REPRESENTATION('',(#1474),#1477);
#1474 = B_SPLINE_CURVE_WITH_KNOTS('',1,(#1475,#1476),.UNSPECIFIED.,.F.,
  .F.,(2,2),(-17.5,17.5),.PIECEWISE_BEZIER_KNOTS.);
#1475 = CARTESIAN_POINT('',(105.,-17.5));
#1476 = CARTESIAN_POINT('',(105.,17.5));
#1477 = ( GEOMETRIC_REPRESENTATION_CONTEXT(2) 
PARAMETRIC_REPRESENTATION_CONTEXT() REPRESENTATION_CONTEXT('2D SPACE',''
  ) );
#1478 = PCURVE('',#1479,#1484);
#1479 = PLANE('',#1480);
#1480 = AXIS2_PLACEMENT_3D('',#1481,#1482,#1483);
#1481 = CARTESIAN_POINT('',(105.,0.,0.));
#1482 = DIRECTION('',(1.,0.,0.));
#1483 = DIRECTION('',(-0.,0.,1.));
#1484 = DEFINITIONAL_REPRESENTATION('',(#1485),#1488);
#1485 = B_SPLINE_CURVE_WITH_KNOTS('',1,(#1486,#1487),.UNSPECIFIED.,.F.,
  .F.,(2,2),(-17.5,17.5),.PIECEWISE_BEZIER_KNOTS.);
#1486 = CARTESIAN_POINT('',(5.,17.5));
#1487 = CARTESIAN_POINT('',(5.,-17.5));
#1488 = ( GEOMETRIC_REPRESENTATION_CONTEXT(2) 
PARAMETRIC_REPRESENTATION_CONTEXT() REPRESENTATION_CONTEXT('2D SPACE',''
  ) );
#1489 = ORIENTED_EDGE('',*,*,#1490,.F.);
#1490 = EDGE_CURVE('',#1491,#1465,#1493,.T.);
#1491 = VERTEX_POINT('',#1492);
#1492 = CARTESIAN_POINT('',(100.,-16.77050983124,5.));
#1493 = SURFACE_CURVE('',#1494,(#1498,#1504),.PCURVE_S1.);
#1494 = LINE('',#1495,#1496);
#1495 = CARTESIAN_POINT('',(35.,-16.77050983124,5.));
#1496 = VECTOR('',#1497,1.);
#1497 = DIRECTION('',(1.,0.,0.));
#1498 = PCURVE('',#43,#1499);
#1499 = DEFINITIONAL_REPRESENTATION('',(#1500),#1503);
#1500 = B_SPLINE_CURVE_WITH_KNOTS('',1,(#1501,#1502),.UNSPECIFIED.,.F.,
  .F.,(2,2),(-5.999999999062E-07,70.0000006),.PIECEWISE_BEZIER_KNOTS.);
#1501 = CARTESIAN_POINT('',(34.9999994,-16.77050983124));
#1502 = CARTESIAN_POINT('',(105.0000006,-16.77050983124));
#1503 = ( GEOMETRIC_REPRESENTATION_CONTEXT(2) 
PARAMETRIC_REPRESENTATION_CONTEXT() REPRESENTATION_CONTEXT('2D SPACE',''
  ) );
#1504 = PCURVE('',#1317,#1505);
#1505 = DEFINITIONAL_REPRESENTATION('',(#1506),#1509);
#1506 = B_SPLINE_CURVE_WITH_KNOTS('',1,(#1507,#1508),.UNSPECIFIED.,.F.,
  .F.,(2,2),(-5.999999999062E-07,70.0000006),.PIECEWISE_BEZIER_KNOTS.);
#1507 = CARTESIAN_POINT('',(1.281044625359,-5.999999999062E-07));
#1508 = CARTESIAN_POINT('',(1.281044625359,70.0000006));
#1509 = ( GEOMETRIC_REPRESENTATION_CONTEXT(2) 
PARAMETRIC_REPRESENTATION_CONTEXT() REPRESENTATION_CONTEXT('2D SPACE',''
  ) );
#1510 = ORIENTED_EDGE('',*,*,#1511,.F.);
#1511 = EDGE_CURVE('',#1251,#1491,#1512,.T.);
#1512 = SURFACE_CURVE('',#1513,(#1517,#1523),.PCURVE_S1.);
#1513 = LINE('',#1514,#1515);
#1514 = CARTESIAN_POINT('',(100.,0.,5.));
#1515 = VECTOR('',#1516,1.);
#1516 = DIRECTION('',(0.,1.,0.));
#1517 = PCURVE('',#43,#1518);
#1518 = DEFINITIONAL_REPRESENTATION('',(#1519),#1522);
#1519 = B_SPLINE_CURVE_WITH_KNOTS('',1,(#1520,#1521),.UNSPECIFIED.,.F.,
  .F.,(2,2),(-19.5,19.5),.PIECEWISE_BEZIER_KNOTS.);
#1520 = CARTESIAN_POINT('',(100.,-19.5));
#1521 = CARTESIAN_POINT('',(100.,19.5));
#1522 = ( GEOMETRIC_REPRESENTATION_CONTEXT(2) 
PARAMETRIC_REPRESENTATION_CONTEXT() REPRESENTATION_CONTEXT('2D SPACE',''
  ) );
#1523 = PCURVE('',#1432,#1524);
#1524 = DEFINITIONAL_REPRESENTATION('',(#1525),#1528);
#1525 = B_SPLINE_CURVE_WITH_KNOTS('',1,(#1526,#1527),.UNSPECIFIED.,.F.,
  .F.,(2,2),(-19.5,19.5),.PIECEWISE_BEZIER_KNOTS.);
#1526 = CARTESIAN_POINT('',(5.,19.5));
#1527 = CARTESIAN_POINT('',(5.,-19.5));
#1528 = ( GEOMETRIC_REPRESENTATION_CONTEXT(2) 
PARAMETRIC_REPRESENTATION_CONTEXT() REPRESENTATION_CONTEXT('2D SPACE',''
  ) );
#1529 = FACE_BOUND('',#1530,.T.);
#1530 = EDGE_LOOP('',(#1531,#1559,#1585,#1611,#1637,#1658,#1679,#1700,
    #1726,#1747,#1773,#1794));
#1531 = ORIENTED_EDGE('',*,*,#1532,.F.);
#1532 = EDGE_CURVE('',#1533,#1535,#1537,.T.);
#1533 = VERTEX_POINT('',#1534);
#1534 = CARTESIAN_POINT('',(36.322793635835,25.215754251827,5.));
#1535 = VERTEX_POINT('',#1536);
#1536 = CARTESIAN_POINT('',(66.322793635835,77.175754251827,5.));
#1537 = SURFACE_CURVE('',#1538,(#1542,#1548),.PCURVE_S1.);
#1538 = LINE('',#1539,#1540);
#1539 = CARTESIAN_POINT('',(36.322793635835,25.215754251827,5.));
#1540 = VECTOR('',#1541,1.);
#1541 = DIRECTION('',(0.500011000363,0.866019052629,0.));
#1542 = PCURVE('',#43,#1543);
#1543 = DEFINITIONAL_REPRESENTATION('',(#1544),#1547);
#1544 = B_SPLINE_CURVE_WITH_KNOTS('',1,(#1545,#1546),.UNSPECIFIED.,.F.,
  .F.,(2,2),(-6.000000033402E-07,59.99868058548),
  .PIECEWISE_BEZIER_KNOTS.);
#1545 = CARTESIAN_POINT('',(36.322793335828,25.215753732216));
#1546 = CARTESIAN_POINT('',(66.322793935841,77.175754771439));
#1547 = ( GEOMETRIC_REPRESENTATION_CONTEXT(2) 
PARAMETRIC_REPRESENTATION_CONTEXT() REPRESENTATION_CONTEXT('2D SPACE',''
  ) );
#1548 = PCURVE('',#1549,#1554);
#1549 = CYLINDRICAL_SURFACE('',#1550,19.5);
#1550 = AXIS2_PLACEMENT_3D('',#1551,#1552,#1553);
#1551 = CARTESIAN_POINT('',(20.,34.64,0.));
#1552 = DIRECTION('',(0.500011000363,0.866019052629,0.));
#1553 = DIRECTION('',(0.866019052629,-0.500011000363,0.));
#1554 = DEFINITIONAL_REPRESENTATION('',(#1555),#1558);
#1555 = B_SPLINE_CURVE_WITH_KNOTS('',1,(#1556,#1557),.UNSPECIFIED.,.F.,
  .F.,(2,2),(-6.000000033402E-07,59.99868058548),
  .PIECEWISE_BEZIER_KNOTS.);
#1556 = CARTESIAN_POINT('',(6.023878850907,-6.000000051166E-07));
#1557 = CARTESIAN_POINT('',(6.023878850907,59.99868058548));
#1558 = ( GEOMETRIC_REPRESENTATION_CONTEXT(2) 
PARAMETRIC_REPRESENTATION_CONTEXT() REPRESENTATION_CONTEXT('2D SPACE',''
  ) );
#1559 = ORIENTED_EDGE('',*,*,#1560,.T.);
#1560 = EDGE_CURVE('',#1533,#1561,#1563,.T.);
#1561 = VERTEX_POINT('',#1562);
#1562 = CARTESIAN_POINT('',(34.523581036159,26.25456060268,5.));
#1563 = SURFACE_CURVE('',#1564,(#1568,#1574),.PCURVE_S1.);
#1564 = LINE('',#1565,#1566);
#1565 = CARTESIAN_POINT('',(20.,34.64,5.));
#1566 = VECTOR('',#1567,1.);
#1567 = DIRECTION('',(-0.866019052629,0.500011000363,0.));
#1568 = PCURVE('',#43,#1569);
#1569 = DEFINITIONAL_REPRESENTATION('',(#1570),#1573);
#1570 = B_SPLINE_CURVE_WITH_KNOTS('',1,(#1571,#1572),.UNSPECIFIED.,.F.,
  .F.,(2,2),(-19.5,19.5),.PIECEWISE_BEZIER_KNOTS.);
#1571 = CARTESIAN_POINT('',(36.88737152626,24.889785492921));
#1572 = CARTESIAN_POINT('',(3.11262847374,44.390214507079));
#1573 = ( GEOMETRIC_REPRESENTATION_CONTEXT(2) 
PARAMETRIC_REPRESENTATION_CONTEXT() REPRESENTATION_CONTEXT('2D SPACE',''
  ) );
#1574 = PCURVE('',#1575,#1580);
#1575 = PLANE('',#1576);
#1576 = AXIS2_PLACEMENT_3D('',#1577,#1578,#1579);
#1577 = CARTESIAN_POINT('',(20.,34.64,0.));
#1578 = DIRECTION('',(0.500011000363,0.866019052629,0.));
#1579 = DIRECTION('',(0.866019052629,-0.500011000363,0.));
#1580 = DEFINITIONAL_REPRESENTATION('',(#1581),#1584);
#1581 = B_SPLINE_CURVE_WITH_KNOTS('',1,(#1582,#1583),.UNSPECIFIED.,.F.,
  .F.,(2,2),(-19.5,19.5),.PIECEWISE_BEZIER_KNOTS.);
#1582 = CARTESIAN_POINT('',(19.5,-5.));
#1583 = CARTESIAN_POINT('',(-19.5,-5.));
#1584 = ( GEOMETRIC_REPRESENTATION_CONTEXT(2) 
PARAMETRIC_REPRESENTATION_CONTEXT() REPRESENTATION_CONTEXT('2D SPACE',''
  ) );
#1585 = ORIENTED_EDGE('',*,*,#1586,.F.);
#1586 = EDGE_CURVE('',#1587,#1561,#1589,.T.);
#1587 = VERTEX_POINT('',#1588);
#1588 = CARTESIAN_POINT('',(32.023581036159,21.92456060268,5.));
#1589 = SURFACE_CURVE('',#1590,(#1594,#1600),.PCURVE_S1.);
#1590 = LINE('',#1591,#1592);
#1591 = CARTESIAN_POINT('',(32.023581036159,21.92456060268,5.));
#1592 = VECTOR('',#1593,1.);
#1593 = DIRECTION('',(0.500011000363,0.866019052629,0.));
#1594 = PCURVE('',#43,#1595);
#1595 = DEFINITIONAL_REPRESENTATION('',(#1596),#1599);
#1596 = B_SPLINE_CURVE_WITH_KNOTS('',1,(#1597,#1598),.UNSPECIFIED.,.F.,
  .F.,(2,2),(-6.000000033402E-07,69.99846058306),
  .PIECEWISE_BEZIER_KNOTS.);
#1597 = CARTESIAN_POINT('',(32.023580736152,21.924560083068));
#1598 = CARTESIAN_POINT('',(67.023581336165,82.544561122291));
#1599 = ( GEOMETRIC_REPRESENTATION_CONTEXT(2) 
PARAMETRIC_REPRESENTATION_CONTEXT() REPRESENTATION_CONTEXT('2D SPACE',''
  ) );
#1600 = PCURVE('',#1601,#1606);
#1601 = CYLINDRICAL_SURFACE('',#1602,17.5);
#1602 = AXIS2_PLACEMENT_3D('',#1603,#1604,#1605);
#1603 = CARTESIAN_POINT('',(17.5,30.31,0.));
#1604 = DIRECTION('',(0.500011000363,0.866019052629,0.));
#1605 = DIRECTION('',(0.866019052629,-0.500011000363,0.));
#1606 = DEFINITIONAL_REPRESENTATION('',(#1607),#1610);
#1607 = B_SPLINE_CURVE_WITH_KNOTS('',1,(#1608,#1609),.UNSPECIFIED.,.F.,
  .F.,(2,2),(-6.000000033402E-07,69.99846058306),
  .PIECEWISE_BEZIER_KNOTS.);
#1608 = CARTESIAN_POINT('',(5.993433605744,-5.999999997875E-07));
#1609 = CARTESIAN_POINT('',(5.993433605744,69.99846058306));
#1610 = ( GEOMETRIC_REPRESENTATION_CONTEXT(2) 
PARAMETRIC_REPRESENTATION_CONTEXT() REPRESENTATION_CONTEXT('2D SPACE',''
  ) );
#1611 = ORIENTED_EDGE('',*,*,#1612,.T.);
#1612 = EDGE_CURVE('',#1587,#1613,#1615,.T.);
#1613 = VERTEX_POINT('',#1614);
#1614 = CARTESIAN_POINT('',(2.976418963841,38.69543939732,5.));
#1615 = SURFACE_CURVE('',#1616,(#1620,#1626),.PCURVE_S1.);
#1616 = LINE('',#1617,#1618);
#1617 = CARTESIAN_POINT('',(17.5,30.31,5.));
#1618 = VECTOR('',#1619,1.);
#1619 = DIRECTION('',(-0.866019052629,0.500011000363,0.));
#1620 = PCURVE('',#43,#1621);
#1621 = DEFINITIONAL_REPRESENTATION('',(#1622),#1625);
#1622 = B_SPLINE_CURVE_WITH_KNOTS('',1,(#1623,#1624),.UNSPECIFIED.,.F.,
  .F.,(2,2),(-17.5,17.5),.PIECEWISE_BEZIER_KNOTS.);
#1623 = CARTESIAN_POINT('',(32.655333421003,21.559807493647));
#1624 = CARTESIAN_POINT('',(2.344666578997,39.060192506353));
#1625 = ( GEOMETRIC_REPRESENTATION_CONTEXT(2) 
PARAMETRIC_REPRESENTATION_CONTEXT() REPRESENTATION_CONTEXT('2D SPACE',''
  ) );
#1626 = PCURVE('',#1627,#1632);
#1627 = PLANE('',#1628);
#1628 = AXIS2_PLACEMENT_3D('',#1629,#1630,#1631);
#1629 = CARTESIAN_POINT('',(17.5,30.31,0.));
#1630 = DIRECTION('',(0.500011000363,0.866019052629,0.));
#1631 = DIRECTION('',(0.866019052629,-0.500011000363,0.));
#1632 = DEFINITIONAL_REPRESENTATION('',(#1633),#1636);
#1633 = B_SPLINE_CURVE_WITH_KNOTS('',1,(#1634,#1635),.UNSPECIFIED.,.F.,
  .F.,(2,2),(-17.5,17.5),.PIECEWISE_BEZIER_KNOTS.);
#1634 = CARTESIAN_POINT('',(17.5,-5.));
#1635 = CARTESIAN_POINT('',(-17.5,-5.));
#1636 = ( GEOMETRIC_REPRESENTATION_CONTEXT(2) 
PARAMETRIC_REPRESENTATION_CONTEXT() REPRESENTATION_CONTEXT('2D SPACE',''
  ) );
#1637 = ORIENTED_EDGE('',*,*,#1638,.T.);
#1638 = EDGE_CURVE('',#1613,#1639,#1641,.T.);
#1639 = VERTEX_POINT('',#1640);
#1640 = CARTESIAN_POINT('',(5.476418963841,43.02543939732,5.));
#1641 = SURFACE_CURVE('',#1642,(#1646,#1652),.PCURVE_S1.);
#1642 = LINE('',#1643,#1644);
#1643 = CARTESIAN_POINT('',(2.976418963841,38.69543939732,5.));
#1644 = VECTOR('',#1645,1.);
#1645 = DIRECTION('',(0.500011000363,0.866019052629,0.));
#1646 = PCURVE('',#43,#1647);
#1647 = DEFINITIONAL_REPRESENTATION('',(#1648),#1651);
#1648 = B_SPLINE_CURVE_WITH_KNOTS('',1,(#1649,#1650),.UNSPECIFIED.,.F.,
  .F.,(2,2),(-5.999999971868E-07,69.99846058306),
  .PIECEWISE_BEZIER_KNOTS.);
#1649 = CARTESIAN_POINT('',(2.976418663835,38.695438877709));
#1650 = CARTESIAN_POINT('',(37.976419263848,99.315439916932));
#1651 = ( GEOMETRIC_REPRESENTATION_CONTEXT(2) 
PARAMETRIC_REPRESENTATION_CONTEXT() REPRESENTATION_CONTEXT('2D SPACE',''
  ) );
#1652 = PCURVE('',#1601,#1653);
#1653 = DEFINITIONAL_REPRESENTATION('',(#1654),#1657);
#1654 = B_SPLINE_CURVE_WITH_KNOTS('',1,(#1655,#1656),.UNSPECIFIED.,.F.,
  .F.,(2,2),(-5.999999971868E-07,69.99846058306),
  .PIECEWISE_BEZIER_KNOTS.);
#1655 = CARTESIAN_POINT('',(3.431344355026,-5.999999989631E-07));
#1656 = CARTESIAN_POINT('',(3.431344355026,69.99846058306));
#1657 = ( GEOMETRIC_REPRESENTATION_CONTEXT(2) 
PARAMETRIC_REPRESENTATION_CONTEXT() REPRESENTATION_CONTEXT('2D SPACE',''
  ) );
#1658 = ORIENTED_EDGE('',*,*,#1659,.T.);
#1659 = EDGE_CURVE('',#1639,#1660,#1662,.T.);
#1660 = VERTEX_POINT('',#1661);
#1661 = CARTESIAN_POINT('',(3.677206364165,44.064245748173,5.));
#1662 = SURFACE_CURVE('',#1663,(#1667,#1673),.PCURVE_S1.);
#1663 = LINE('',#1664,#1665);
#1664 = CARTESIAN_POINT('',(20.,34.64,5.));
#1665 = VECTOR('',#1666,1.);
#1666 = DIRECTION('',(-0.866019052629,0.500011000363,0.));
#1667 = PCURVE('',#43,#1668);
#1668 = DEFINITIONAL_REPRESENTATION('',(#1669),#1672);
#1669 = B_SPLINE_CURVE_WITH_KNOTS('',1,(#1670,#1671),.UNSPECIFIED.,.F.,
  .F.,(2,2),(-19.5,19.5),.PIECEWISE_BEZIER_KNOTS.);
#1670 = CARTESIAN_POINT('',(36.88737152626,24.889785492921));
#1671 = CARTESIAN_POINT('',(3.11262847374,44.390214507079));
#1672 = ( GEOMETRIC_REPRESENTATION_CONTEXT(2) 
PARAMETRIC_REPRESENTATION_CONTEXT() REPRESENTATION_CONTEXT('2D SPACE',''
  ) );
#1673 = PCURVE('',#1575,#1674);
#1674 = DEFINITIONAL_REPRESENTATION('',(#1675),#1678);
#1675 = B_SPLINE_CURVE_WITH_KNOTS('',1,(#1676,#1677),.UNSPECIFIED.,.F.,
  .F.,(2,2),(-19.5,19.5),.PIECEWISE_BEZIER_KNOTS.);
#1676 = CARTESIAN_POINT('',(19.5,-5.));
#1677 = CARTESIAN_POINT('',(-19.5,-5.));
#1678 = ( GEOMETRIC_REPRESENTATION_CONTEXT(2) 
PARAMETRIC_REPRESENTATION_CONTEXT() REPRESENTATION_CONTEXT('2D SPACE',''
  ) );
#1679 = ORIENTED_EDGE('',*,*,#1680,.T.);
#1680 = EDGE_CURVE('',#1660,#1681,#1683,.T.);
#1681 = VERTEX_POINT('',#1682);
#1682 = CARTESIAN_POINT('',(33.677206364165,96.024245748173,5.));
#1683 = SURFACE_CURVE('',#1684,(#1688,#1694),.PCURVE_S1.);
#1684 = LINE('',#1685,#1686);
#1685 = CARTESIAN_POINT('',(3.677206364165,44.064245748173,5.));
#1686 = VECTOR('',#1687,1.);
#1687 = DIRECTION('',(0.500011000363,0.866019052629,0.));
#1688 = PCURVE('',#43,#1689);
#1689 = DEFINITIONAL_REPRESENTATION('',(#1690),#1693);
#1690 = B_SPLINE_CURVE_WITH_KNOTS('',1,(#1691,#1692),.UNSPECIFIED.,.F.,
  .F.,(2,2),(-5.999999954104E-07,59.99868058548),
  .PIECEWISE_BEZIER_KNOTS.);
#1691 = CARTESIAN_POINT('',(3.677206064159,44.064245228561));
#1692 = CARTESIAN_POINT('',(33.677206664172,96.024246267784));
#1693 = ( GEOMETRIC_REPRESENTATION_CONTEXT(2) 
PARAMETRIC_REPRESENTATION_CONTEXT() REPRESENTATION_CONTEXT('2D SPACE',''
  ) );
#1694 = PCURVE('',#1549,#1695);
#1695 = DEFINITIONAL_REPRESENTATION('',(#1696),#1699);
#1696 = B_SPLINE_CURVE_WITH_KNOTS('',1,(#1697,#1698),.UNSPECIFIED.,.F.,
  .F.,(2,2),(-5.999999954104E-07,59.99868058548),
  .PIECEWISE_BEZIER_KNOTS.);
#1697 = CARTESIAN_POINT('',(3.400899109863,-5.999999954104E-07));
#1698 = CARTESIAN_POINT('',(3.400899109863,59.99868058548));
#1699 = ( GEOMETRIC_REPRESENTATION_CONTEXT(2) 
PARAMETRIC_REPRESENTATION_CONTEXT() REPRESENTATION_CONTEXT('2D SPACE',''
  ) );
#1700 = ORIENTED_EDGE('',*,*,#1701,.F.);
#1701 = EDGE_CURVE('',#1702,#1681,#1704,.T.);
#1702 = VERTEX_POINT('',#1703);
#1703 = CARTESIAN_POINT('',(35.476418963841,94.98543939732,5.));
#1704 = SURFACE_CURVE('',#1705,(#1709,#1715),.PCURVE_S1.);
#1705 = LINE('',#1706,#1707);
#1706 = CARTESIAN_POINT('',(50.,86.6,5.));
#1707 = VECTOR('',#1708,1.);
#1708 = DIRECTION('',(-0.866019052629,0.500011000363,0.));
#1709 = PCURVE('',#43,#1710);
#1710 = DEFINITIONAL_REPRESENTATION('',(#1711),#1714);
#1711 = B_SPLINE_CURVE_WITH_KNOTS('',1,(#1712,#1713),.UNSPECIFIED.,.F.,
  .F.,(2,2),(-19.5,19.5),.PIECEWISE_BEZIER_KNOTS.);
#1712 = CARTESIAN_POINT('',(66.88737152626,76.849785492921));
#1713 = CARTESIAN_POINT('',(33.11262847374,96.350214507079));
#1714 = ( GEOMETRIC_REPRESENTATION_CONTEXT(2) 
PARAMETRIC_REPRESENTATION_CONTEXT() REPRESENTATION_CONTEXT('2D SPACE',''
  ) );
#1715 = PCURVE('',#1716,#1721);
#1716 = PLANE('',#1717);
#1717 = AXIS2_PLACEMENT_3D('',#1718,#1719,#1720);
#1718 = CARTESIAN_POINT('',(50.,86.6,0.));
#1719 = DIRECTION('',(0.500011000363,0.866019052629,0.));
#1720 = DIRECTION('',(0.866019052629,-0.500011000363,0.));
#1721 = DEFINITIONAL_REPRESENTATION('',(#1722),#1725);
#1722 = B_SPLINE_CURVE_WITH_KNOTS('',1,(#1723,#1724),.UNSPECIFIED.,.F.,
  .F.,(2,2),(-19.5,19.5),.PIECEWISE_BEZIER_KNOTS.);
#1723 = CARTESIAN_POINT('',(19.5,-5.));
#1724 = CARTESIAN_POINT('',(-19.5,-5.));
#1725 = ( GEOMETRIC_REPRESENTATION_CONTEXT(2) 
PARAMETRIC_REPRESENTATION_CONTEXT() REPRESENTATION_CONTEXT('2D SPACE',''
  ) );
#1726 = ORIENTED_EDGE('',*,*,#1727,.T.);
#1727 = EDGE_CURVE('',#1702,#1728,#1730,.T.);
#1728 = VERTEX_POINT('',#1729);
#1729 = CARTESIAN_POINT('',(37.976418963841,99.31543939732,5.));
#1730 = SURFACE_CURVE('',#1731,(#1735,#1741),.PCURVE_S1.);
#1731 = LINE('',#1732,#1733);
#1732 = CARTESIAN_POINT('',(2.976418963841,38.69543939732,5.));
#1733 = VECTOR('',#1734,1.);
#1734 = DIRECTION('',(0.500011000363,0.866019052629,0.));
#1735 = PCURVE('',#43,#1736);
#1736 = DEFINITIONAL_REPRESENTATION('',(#1737),#1740);
#1737 = B_SPLINE_CURVE_WITH_KNOTS('',1,(#1738,#1739),.UNSPECIFIED.,.F.,
  .F.,(2,2),(-5.999999971868E-07,69.99846058306),
  .PIECEWISE_BEZIER_KNOTS.);
#1738 = CARTESIAN_POINT('',(2.976418663835,38.695438877709));
#1739 = CARTESIAN_POINT('',(37.976419263848,99.315439916932));
#1740 = ( GEOMETRIC_REPRESENTATION_CONTEXT(2) 
PARAMETRIC_REPRESENTATION_CONTEXT() REPRESENTATION_CONTEXT('2D SPACE',''
  ) );
#1741 = PCURVE('',#1601,#1742);
#1742 = DEFINITIONAL_REPRESENTATION('',(#1743),#1746);
#1743 = B_SPLINE_CURVE_WITH_KNOTS('',1,(#1744,#1745),.UNSPECIFIED.,.F.,
  .F.,(2,2),(-5.999999971868E-07,69.99846058306),
  .PIECEWISE_BEZIER_KNOTS.);
#1744 = CARTESIAN_POINT('',(3.431344355026,-5.999999989631E-07));
#1745 = CARTESIAN_POINT('',(3.431344355026,69.99846058306));
#1746 = ( GEOMETRIC_REPRESENTATION_CONTEXT(2) 
PARAMETRIC_REPRESENTATION_CONTEXT() REPRESENTATION_CONTEXT('2D SPACE',''
  ) );
#1747 = ORIENTED_EDGE('',*,*,#1748,.F.);
#1748 = EDGE_CURVE('',#1749,#1728,#1751,.T.);
#1749 = VERTEX_POINT('',#1750);
#1750 = CARTESIAN_POINT('',(67.023581036159,82.54456060268,5.));
#1751 = SURFACE_CURVE('',#1752,(#1756,#1762),.PCURVE_S1.);
#1752 = LINE('',#1753,#1754);
#1753 = CARTESIAN_POINT('',(52.5,90.93,5.));
#1754 = VECTOR('',#1755,1.);
#1755 = DIRECTION('',(-0.866019052629,0.500011000363,0.));
#1756 = PCURVE('',#43,#1757);
#1757 = DEFINITIONAL_REPRESENTATION('',(#1758),#1761);
#1758 = B_SPLINE_CURVE_WITH_KNOTS('',1,(#1759,#1760),.UNSPECIFIED.,.F.,
  .F.,(2,2),(-17.5,17.5),.PIECEWISE_BEZIER_KNOTS.);
#1759 = CARTESIAN_POINT('',(67.655333421003,82.179807493647));
#1760 = CARTESIAN_POINT('',(37.344666578997,99.680192506353));
#1761 = ( GEOMETRIC_REPRESENTATION_CONTEXT(2) 
PARAMETRIC_REPRESENTATION_CONTEXT() REPRESENTATION_CONTEXT('2D SPACE',''
  ) );
#1762 = PCURVE('',#1763,#1768);
#1763 = PLANE('',#1764);
#1764 = AXIS2_PLACEMENT_3D('',#1765,#1766,#1767);
#1765 = CARTESIAN_POINT('',(52.5,90.93,0.));
#1766 = DIRECTION('',(0.500011000363,0.866019052629,0.));
#1767 = DIRECTION('',(0.866019052629,-0.500011000363,0.));
#1768 = DEFINITIONAL_REPRESENTATION('',(#1769),#1772);
#1769 = B_SPLINE_CURVE_WITH_KNOTS('',1,(#1770,#1771),.UNSPECIFIED.,.F.,
  .F.,(2,2),(-17.5,17.5),.PIECEWISE_BEZIER_KNOTS.);
#1770 = CARTESIAN_POINT('',(17.5,-5.));
#1771 = CARTESIAN_POINT('',(-17.5,-5.));
#1772 = ( GEOMETRIC_REPRESENTATION_CONTEXT(2) 
PARAMETRIC_REPRESENTATION_CONTEXT() REPRESENTATION_CONTEXT('2D SPACE',''
  ) );
#1773 = ORIENTED_EDGE('',*,*,#1774,.F.);
#1774 = EDGE_CURVE('',#1775,#1749,#1777,.T.);
#1775 = VERTEX_POINT('',#1776);
#1776 = CARTESIAN_POINT('',(64.523581036159,78.21456060268,5.));
#1777 = SURFACE_CURVE('',#1778,(#1782,#1788),.PCURVE_S1.);
#1778 = LINE('',#1779,#1780);
#1779 = CARTESIAN_POINT('',(32.023581036159,21.92456060268,5.));
#1780 = VECTOR('',#1781,1.);
#1781 = DIRECTION('',(0.500011000363,0.866019052629,0.));
#1782 = PCURVE('',#43,#1783);
#1783 = DEFINITIONAL_REPRESENTATION('',(#1784),#1787);
#1784 = B_SPLINE_CURVE_WITH_KNOTS('',1,(#1785,#1786),.UNSPECIFIED.,.F.,
  .F.,(2,2),(-6.000000033402E-07,69.99846058306),
  .PIECEWISE_BEZIER_KNOTS.);
#1785 = CARTESIAN_POINT('',(32.023580736152,21.924560083068));
#1786 = CARTESIAN_POINT('',(67.023581336165,82.544561122291));
#1787 = ( GEOMETRIC_REPRESENTATION_CONTEXT(2) 
PARAMETRIC_REPRESENTATION_CONTEXT() REPRESENTATION_CONTEXT('2D SPACE',''
  ) );
#1788 = PCURVE('',#1601,#1789);
#1789 = DEFINITIONAL_REPRESENTATION('',(#1790),#1793);
#1790 = B_SPLINE_CURVE_WITH_KNOTS('',1,(#1791,#1792),.UNSPECIFIED.,.F.,
  .F.,(2,2),(-6.000000033402E-07,69.99846058306),
  .PIECEWISE_BEZIER_KNOTS.);
#1791 = CARTESIAN_POINT('',(5.993433605744,-5.999999997875E-07));
#1792 = CARTESIAN_POINT('',(5.993433605744,69.99846058306));
#1793 = ( GEOMETRIC_REPRESENTATION_CONTEXT(2) 
PARAMETRIC_REPRESENTATION_CONTEXT() REPRESENTATION_CONTEXT('2D SPACE',''
  ) );
#1794 = ORIENTED_EDGE('',*,*,#1795,.F.);
#1795 = EDGE_CURVE('',#1535,#1775,#1796,.T.);
#1796 = SURFACE_CURVE('',#1797,(#1801,#1807),.PCURVE_S1.);
#1797 = LINE('',#1798,#1799);
#1798 = CARTESIAN_POINT('',(50.,86.6,5.));
#1799 = VECTOR('',#1800,1.);
#1800 = DIRECTION('',(-0.866019052629,0.500011000363,0.));
#1801 = PCURVE('',#43,#1802);
#1802 = DEFINITIONAL_REPRESENTATION('',(#1803),#1806);
#1803 = B_SPLINE_CURVE_WITH_KNOTS('',1,(#1804,#1805),.UNSPECIFIED.,.F.,
  .F.,(2,2),(-19.5,19.5),.PIECEWISE_BEZIER_KNOTS.);
#1804 = CARTESIAN_POINT('',(66.88737152626,76.849785492921));
#1805 = CARTESIAN_POINT('',(33.11262847374,96.350214507079));
#1806 = ( GEOMETRIC_REPRESENTATION_CONTEXT(2) 
PARAMETRIC_REPRESENTATION_CONTEXT() REPRESENTATION_CONTEXT('2D SPACE',''
  ) );
#1807 = PCURVE('',#1716,#1808);
#1808 = DEFINITIONAL_REPRESENTATION('',(#1809),#1812);
#1809 = B_SPLINE_CURVE_WITH_KNOTS('',1,(#1810,#1811),.UNSPECIFIED.,.F.,
  .F.,(2,2),(-19.5,19.5),.PIECEWISE_BEZIER_KNOTS.);
#1810 = CARTESIAN_POINT('',(19.5,-5.));
#1811 = CARTESIAN_POINT('',(-19.5,-5.));
#1812 = ( GEOMETRIC_REPRESENTATION_CONTEXT(2) 
PARAMETRIC_REPRESENTATION_CONTEXT() REPRESENTATION_CONTEXT('2D SPACE',''
  ) );
#1813 = ADVANCED_FACE('',(#1814,#1817,#2086,#2355,#2624,#2893,#3162),#93
  ,.F.);
#1814 = FACE_BOUND('',#1815,.F.);
#1815 = EDGE_LOOP('',(#1816));
#1816 = ORIENTED_EDGE('',*,*,#78,.T.);
#1817 = FACE_BOUND('',#1818,.F.);
#1818 = EDGE_LOOP('',(#1819,#1847,#1873,#1894,#1915,#1936,#1957,#1978,
    #2004,#2025,#2046,#2067));
#1819 = ORIENTED_EDGE('',*,*,#1820,.F.);
#1820 = EDGE_CURVE('',#1821,#1823,#1825,.T.);
#1821 = VERTEX_POINT('',#1822);
#1822 = CARTESIAN_POINT('',(-36.32279363583,-25.21575425182,-5.));
#1823 = VERTEX_POINT('',#1824);
#1824 = CARTESIAN_POINT('',(-66.32279363583,-77.17575425182,-5.));
#1825 = SURFACE_CURVE('',#1826,(#1830,#1836),.PCURVE_S1.);
#1826 = LINE('',#1827,#1828);
#1827 = CARTESIAN_POINT('',(-36.32279363583,-25.21575425182,-5.));
#1828 = VECTOR('',#1829,1.);
#1829 = DIRECTION('',(-0.500011000363,-0.866019052629,0.));
#1830 = PCURVE('',#93,#1831);
#1831 = DEFINITIONAL_REPRESENTATION('',(#1832),#1835);
#1832 = B_SPLINE_CURVE_WITH_KNOTS('',1,(#1833,#1834),.UNSPECIFIED.,.F.,
  .F.,(2,2),(-5.999999997874E-07,59.99868058548),
  .PIECEWISE_BEZIER_KNOTS.);
#1833 = CARTESIAN_POINT('',(-36.32279333582,-25.21575373221));
#1834 = CARTESIAN_POINT('',(-66.32279393584,-77.17575477143));
#1835 = ( GEOMETRIC_REPRESENTATION_CONTEXT(2) 
PARAMETRIC_REPRESENTATION_CONTEXT() REPRESENTATION_CONTEXT('2D SPACE',''
  ) );
#1836 = PCURVE('',#1837,#1842);
#1837 = CYLINDRICAL_SURFACE('',#1838,19.5);
#1838 = AXIS2_PLACEMENT_3D('',#1839,#1840,#1841);
#1839 = CARTESIAN_POINT('',(-20.,-34.64,0.));
#1840 = DIRECTION('',(-0.500011000363,-0.866019052629,0.));
#1841 = DIRECTION('',(-0.866019052629,0.500011000363,0.));
#1842 = DEFINITIONAL_REPRESENTATION('',(#1843),#1846);
#1843 = B_SPLINE_CURVE_WITH_KNOTS('',1,(#1844,#1845),.UNSPECIFIED.,.F.,
  .F.,(2,2),(-5.999999997874E-07,59.99868058548),
  .PIECEWISE_BEZIER_KNOTS.);
#1844 = CARTESIAN_POINT('',(0.259306456273,-6.000000015638E-07));
#1845 = CARTESIAN_POINT('',(0.259306456273,59.99868058548));
#1846 = ( GEOMETRIC_REPRESENTATION_CONTEXT(2) 
PARAMETRIC_REPRESENTATION_CONTEXT() REPRESENTATION_CONTEXT('2D SPACE',''
  ) );
#1847 = ORIENTED_EDGE('',*,*,#1848,.T.);
#1848 = EDGE_CURVE('',#1821,#1849,#1851,.T.);
#1849 = VERTEX_POINT('',#1850);
#1850 = CARTESIAN_POINT('',(-34.52358103615,-26.25456060268,-5.));
#1851 = SURFACE_CURVE('',#1852,(#1856,#1862),.PCURVE_S1.);
#1852 = LINE('',#1853,#1854);
#1853 = CARTESIAN_POINT('',(-20.,-34.64,-5.));
#1854 = VECTOR('',#1855,1.);
#1855 = DIRECTION('',(0.866019052629,-0.500011000363,0.));
#1856 = PCURVE('',#93,#1857);
#1857 = DEFINITIONAL_REPRESENTATION('',(#1858),#1861);
#1858 = B_SPLINE_CURVE_WITH_KNOTS('',1,(#1859,#1860),.UNSPECIFIED.,.F.,
  .F.,(2,2),(-19.5,19.5),.PIECEWISE_BEZIER_KNOTS.);
#1859 = CARTESIAN_POINT('',(-36.88737152626,-24.88978549292));
#1860 = CARTESIAN_POINT('',(-3.11262847374,-44.39021450707));
#1861 = ( GEOMETRIC_REPRESENTATION_CONTEXT(2) 
PARAMETRIC_REPRESENTATION_CONTEXT() REPRESENTATION_CONTEXT('2D SPACE',''
  ) );
#1862 = PCURVE('',#1863,#1868);
#1863 = PLANE('',#1864);
#1864 = AXIS2_PLACEMENT_3D('',#1865,#1866,#1867);
#1865 = CARTESIAN_POINT('',(-20.,-34.64,0.));
#1866 = DIRECTION('',(-0.500011000363,-0.866019052629,0.));
#1867 = DIRECTION('',(-0.866019052629,0.500011000363,0.));
#1868 = DEFINITIONAL_REPRESENTATION('',(#1869),#1872);
#1869 = B_SPLINE_CURVE_WITH_KNOTS('',1,(#1870,#1871),.UNSPECIFIED.,.F.,
  .F.,(2,2),(-19.5,19.5),.PIECEWISE_BEZIER_KNOTS.);
#1870 = CARTESIAN_POINT('',(19.5,5.));
#1871 = CARTESIAN_POINT('',(-19.5,5.));
#1872 = ( GEOMETRIC_REPRESENTATION_CONTEXT(2) 
PARAMETRIC_REPRESENTATION_CONTEXT() REPRESENTATION_CONTEXT('2D SPACE',''
  ) );
#1873 = ORIENTED_EDGE('',*,*,#1874,.F.);
#1874 = EDGE_CURVE('',#1875,#1849,#1877,.T.);
#1875 = VERTEX_POINT('',#1876);
#1876 = CARTESIAN_POINT('',(-32.02358103615,-21.92456060268,-5.));
#1877 = SURFACE_CURVE('',#1878,(#1882,#1888),.PCURVE_S1.);
#1878 = LINE('',#1879,#1880);
#1879 = CARTESIAN_POINT('',(-32.02358103615,-21.92456060268,-5.));
#1880 = VECTOR('',#1881,1.);
#1881 = DIRECTION('',(-0.500011000363,-0.866019052629,0.));
#1882 = PCURVE('',#93,#1883);
#1883 = DEFINITIONAL_REPRESENTATION('',(#1884),#1887);
#1884 = B_SPLINE_CURVE_WITH_KNOTS('',1,(#1885,#1886),.UNSPECIFIED.,.F.,
  .F.,(2,2),(-6.000000033402E-07,69.99846058306),
  .PIECEWISE_BEZIER_KNOTS.);
#1885 = CARTESIAN_POINT('',(-32.02358073615,-21.92456008306));
#1886 = CARTESIAN_POINT('',(-67.02358133616,-82.54456112229));
#1887 = ( GEOMETRIC_REPRESENTATION_CONTEXT(2) 
PARAMETRIC_REPRESENTATION_CONTEXT() REPRESENTATION_CONTEXT('2D SPACE',''
  ) );
#1888 = PCURVE('',#181,#1889);
#1889 = DEFINITIONAL_REPRESENTATION('',(#1890),#1893);
#1890 = B_SPLINE_CURVE_WITH_KNOTS('',1,(#1891,#1892),.UNSPECIFIED.,.F.,
  .F.,(2,2),(-6.000000033402E-07,69.99846058306),
  .PIECEWISE_BEZIER_KNOTS.);
#1891 = CARTESIAN_POINT('',(0.289751701436,-5.999999997875E-07));
#1892 = CARTESIAN_POINT('',(0.289751701436,69.99846058306));
#1893 = ( GEOMETRIC_REPRESENTATION_CONTEXT(2) 
PARAMETRIC_REPRESENTATION_CONTEXT() REPRESENTATION_CONTEXT('2D SPACE',''
  ) );
#1894 = ORIENTED_EDGE('',*,*,#1895,.T.);
#1895 = EDGE_CURVE('',#1875,#1896,#1898,.T.);
#1896 = VERTEX_POINT('',#1897);
#1897 = CARTESIAN_POINT('',(-2.976418963841,-38.69543939732,-5.));
#1898 = SURFACE_CURVE('',#1899,(#1903,#1909),.PCURVE_S1.);
#1899 = LINE('',#1900,#1901);
#1900 = CARTESIAN_POINT('',(-17.5,-30.31,-5.));
#1901 = VECTOR('',#1902,1.);
#1902 = DIRECTION('',(0.866019052629,-0.500011000363,0.));
#1903 = PCURVE('',#93,#1904);
#1904 = DEFINITIONAL_REPRESENTATION('',(#1905),#1908);
#1905 = B_SPLINE_CURVE_WITH_KNOTS('',1,(#1906,#1907),.UNSPECIFIED.,.F.,
  .F.,(2,2),(-17.5,17.5),.PIECEWISE_BEZIER_KNOTS.);
#1906 = CARTESIAN_POINT('',(-32.655333421,-21.55980749364));
#1907 = CARTESIAN_POINT('',(-2.344666578997,-39.06019250635));
#1908 = ( GEOMETRIC_REPRESENTATION_CONTEXT(2) 
PARAMETRIC_REPRESENTATION_CONTEXT() REPRESENTATION_CONTEXT('2D SPACE',''
  ) );
#1909 = PCURVE('',#207,#1910);
#1910 = DEFINITIONAL_REPRESENTATION('',(#1911),#1914);
#1911 = B_SPLINE_CURVE_WITH_KNOTS('',1,(#1912,#1913),.UNSPECIFIED.,.F.,
  .F.,(2,2),(-17.5,17.5),.PIECEWISE_BEZIER_KNOTS.);
#1912 = CARTESIAN_POINT('',(17.5,5.));
#1913 = CARTESIAN_POINT('',(-17.5,5.));
#1914 = ( GEOMETRIC_REPRESENTATION_CONTEXT(2) 
PARAMETRIC_REPRESENTATION_CONTEXT() REPRESENTATION_CONTEXT('2D SPACE',''
  ) );
#1915 = ORIENTED_EDGE('',*,*,#1916,.T.);
#1916 = EDGE_CURVE('',#1896,#1917,#1919,.T.);
#1917 = VERTEX_POINT('',#1918);
#1918 = CARTESIAN_POINT('',(-5.476418963841,-43.02543939732,-5.));
#1919 = SURFACE_CURVE('',#1920,(#1924,#1930),.PCURVE_S1.);
#1920 = LINE('',#1921,#1922);
#1921 = CARTESIAN_POINT('',(-2.976418963841,-38.69543939732,-5.));
#1922 = VECTOR('',#1923,1.);
#1923 = DIRECTION('',(-0.500011000363,-0.866019052629,0.));
#1924 = PCURVE('',#93,#1925);
#1925 = DEFINITIONAL_REPRESENTATION('',(#1926),#1929);
#1926 = B_SPLINE_CURVE_WITH_KNOTS('',1,(#1927,#1928),.UNSPECIFIED.,.F.,
  .F.,(2,2),(-5.999999971868E-07,69.99846058306),
  .PIECEWISE_BEZIER_KNOTS.);
#1927 = CARTESIAN_POINT('',(-2.976418663835,-38.6954388777));
#1928 = CARTESIAN_POINT('',(-37.97641926384,-99.31543991693));
#1929 = ( GEOMETRIC_REPRESENTATION_CONTEXT(2) 
PARAMETRIC_REPRESENTATION_CONTEXT() REPRESENTATION_CONTEXT('2D SPACE',''
  ) );
#1930 = PCURVE('',#181,#1931);
#1931 = DEFINITIONAL_REPRESENTATION('',(#1932),#1935);
#1932 = B_SPLINE_CURVE_WITH_KNOTS('',1,(#1933,#1934),.UNSPECIFIED.,.F.,
  .F.,(2,2),(-5.999999971868E-07,69.99846058306),
  .PIECEWISE_BEZIER_KNOTS.);
#1933 = CARTESIAN_POINT('',(2.851840952154,-5.999999989631E-07));
#1934 = CARTESIAN_POINT('',(2.851840952154,69.99846058306));
#1935 = ( GEOMETRIC_REPRESENTATION_CONTEXT(2) 
PARAMETRIC_REPRESENTATION_CONTEXT() REPRESENTATION_CONTEXT('2D SPACE',''
  ) );
#1936 = ORIENTED_EDGE('',*,*,#1937,.T.);
#1937 = EDGE_CURVE('',#1917,#1938,#1940,.T.);
#1938 = VERTEX_POINT('',#1939);
#1939 = CARTESIAN_POINT('',(-3.677206364165,-44.06424574817,-5.));
#1940 = SURFACE_CURVE('',#1941,(#1945,#1951),.PCURVE_S1.);
#1941 = LINE('',#1942,#1943);
#1942 = CARTESIAN_POINT('',(-20.,-34.64,-5.));
#1943 = VECTOR('',#1944,1.);
#1944 = DIRECTION('',(0.866019052629,-0.500011000363,0.));
#1945 = PCURVE('',#93,#1946);
#1946 = DEFINITIONAL_REPRESENTATION('',(#1947),#1950);
#1947 = B_SPLINE_CURVE_WITH_KNOTS('',1,(#1948,#1949),.UNSPECIFIED.,.F.,
  .F.,(2,2),(-19.5,19.5),.PIECEWISE_BEZIER_KNOTS.);
#1948 = CARTESIAN_POINT('',(-36.88737152626,-24.88978549292));
#1949 = CARTESIAN_POINT('',(-3.11262847374,-44.39021450707));
#1950 = ( GEOMETRIC_REPRESENTATION_CONTEXT(2) 
PARAMETRIC_REPRESENTATION_CONTEXT() REPRESENTATION_CONTEXT('2D SPACE',''
  ) );
#1951 = PCURVE('',#1863,#1952);
#1952 = DEFINITIONAL_REPRESENTATION('',(#1953),#1956);
#1953 = B_SPLINE_CURVE_WITH_KNOTS('',1,(#1954,#1955),.UNSPECIFIED.,.F.,
  .F.,(2,2),(-19.5,19.5),.PIECEWISE_BEZIER_KNOTS.);
#1954 = CARTESIAN_POINT('',(19.5,5.));
#1955 = CARTESIAN_POINT('',(-19.5,5.));
#1956 = ( GEOMETRIC_REPRESENTATION_CONTEXT(2) 
PARAMETRIC_REPRESENTATION_CONTEXT() REPRESENTATION_CONTEXT('2D SPACE',''
  ) );
#1957 = ORIENTED_EDGE('',*,*,#1958,.T.);
#1958 = EDGE_CURVE('',#1938,#1959,#1961,.T.);
#1959 = VERTEX_POINT('',#1960);
#1960 = CARTESIAN_POINT('',(-33.67720636416,-96.02424574817,-5.));
#1961 = SURFACE_CURVE('',#1962,(#1966,#1972),.PCURVE_S1.);
#1962 = LINE('',#1963,#1964);
#1963 = CARTESIAN_POINT('',(-3.677206364165,-44.06424574817,-5.));
#1964 = VECTOR('',#1965,1.);
#1965 = DIRECTION('',(-0.500011000363,-0.866019052629,0.));
#1966 = PCURVE('',#93,#1967);
#1967 = DEFINITIONAL_REPRESENTATION('',(#1968),#1971);
#1968 = B_SPLINE_CURVE_WITH_KNOTS('',1,(#1969,#1970),.UNSPECIFIED.,.F.,
  .F.,(2,2),(-5.999999954104E-07,59.99868058548),
  .PIECEWISE_BEZIER_KNOTS.);
#1969 = CARTESIAN_POINT('',(-3.677206064159,-44.06424522856));
#1970 = CARTESIAN_POINT('',(-33.67720666417,-96.02424626778));
#1971 = ( GEOMETRIC_REPRESENTATION_CONTEXT(2) 
PARAMETRIC_REPRESENTATION_CONTEXT() REPRESENTATION_CONTEXT('2D SPACE',''
  ) );
#1972 = PCURVE('',#1837,#1973);
#1973 = DEFINITIONAL_REPRESENTATION('',(#1974),#1977);
#1974 = B_SPLINE_CURVE_WITH_KNOTS('',1,(#1975,#1976),.UNSPECIFIED.,.F.,
  .F.,(2,2),(-5.999999954104E-07,59.99868058548),
  .PIECEWISE_BEZIER_KNOTS.);
#1975 = CARTESIAN_POINT('',(2.882286197317,-5.999999954104E-07));
#1976 = CARTESIAN_POINT('',(2.882286197317,59.99868058548));
#1977 = ( GEOMETRIC_REPRESENTATION_CONTEXT(2) 
PARAMETRIC_REPRESENTATION_CONTEXT() REPRESENTATION_CONTEXT('2D SPACE',''
  ) );
#1978 = ORIENTED_EDGE('',*,*,#1979,.F.);
#1979 = EDGE_CURVE('',#1980,#1959,#1982,.T.);
#1980 = VERTEX_POINT('',#1981);
#1981 = CARTESIAN_POINT('',(-35.47641896384,-94.98543939732,-5.));
#1982 = SURFACE_CURVE('',#1983,(#1987,#1993),.PCURVE_S1.);
#1983 = LINE('',#1984,#1985);
#1984 = CARTESIAN_POINT('',(-50.,-86.6,-5.));
#1985 = VECTOR('',#1986,1.);
#1986 = DIRECTION('',(0.866019052629,-0.500011000363,0.));
#1987 = PCURVE('',#93,#1988);
#1988 = DEFINITIONAL_REPRESENTATION('',(#1989),#1992);
#1989 = B_SPLINE_CURVE_WITH_KNOTS('',1,(#1990,#1991),.UNSPECIFIED.,.F.,
  .F.,(2,2),(-19.5,19.5),.PIECEWISE_BEZIER_KNOTS.);
#1990 = CARTESIAN_POINT('',(-66.88737152626,-76.84978549292));
#1991 = CARTESIAN_POINT('',(-33.11262847374,-96.35021450707));
#1992 = ( GEOMETRIC_REPRESENTATION_CONTEXT(2) 
PARAMETRIC_REPRESENTATION_CONTEXT() REPRESENTATION_CONTEXT('2D SPACE',''
  ) );
#1993 = PCURVE('',#1994,#1999);
#1994 = PLANE('',#1995);
#1995 = AXIS2_PLACEMENT_3D('',#1996,#1997,#1998);
#1996 = CARTESIAN_POINT('',(-50.,-86.6,0.));
#1997 = DIRECTION('',(-0.500011000363,-0.866019052629,0.));
#1998 = DIRECTION('',(-0.866019052629,0.500011000363,0.));
#1999 = DEFINITIONAL_REPRESENTATION('',(#2000),#2003);
#2000 = B_SPLINE_CURVE_WITH_KNOTS('',1,(#2001,#2002),.UNSPECIFIED.,.F.,
  .F.,(2,2),(-19.5,19.5),.PIECEWISE_BEZIER_KNOTS.);
#2001 = CARTESIAN_POINT('',(19.5,5.));
#2002 = CARTESIAN_POINT('',(-19.5,5.));
#2003 = ( GEOMETRIC_REPRESENTATION_CONTEXT(2) 
PARAMETRIC_REPRESENTATION_CONTEXT() REPRESENTATION_CONTEXT('2D SPACE',''
  ) );
#2004 = ORIENTED_EDGE('',*,*,#2005,.T.);
#2005 = EDGE_CURVE('',#1980,#2006,#2008,.T.);
#2006 = VERTEX_POINT('',#2007);
#2007 = CARTESIAN_POINT('',(-37.97641896384,-99.31543939732,-5.));
#2008 = SURFACE_CURVE('',#2009,(#2013,#2019),.PCURVE_S1.);
#2009 = LINE('',#2010,#2011);
#2010 = CARTESIAN_POINT('',(-2.976418963841,-38.69543939732,-5.));
#2011 = VECTOR('',#2012,1.);
#2012 = DIRECTION('',(-0.500011000363,-0.866019052629,0.));
#2013 = PCURVE('',#93,#2014);
#2014 = DEFINITIONAL_REPRESENTATION('',(#2015),#2018);
#2015 = B_SPLINE_CURVE_WITH_KNOTS('',1,(#2016,#2017),.UNSPECIFIED.,.F.,
  .F.,(2,2),(-5.999999971868E-07,69.99846058306),
  .PIECEWISE_BEZIER_KNOTS.);
#2016 = CARTESIAN_POINT('',(-2.976418663835,-38.6954388777));
#2017 = CARTESIAN_POINT('',(-37.97641926384,-99.31543991693));
#2018 = ( GEOMETRIC_REPRESENTATION_CONTEXT(2) 
PARAMETRIC_REPRESENTATION_CONTEXT() REPRESENTATION_CONTEXT('2D SPACE',''
  ) );
#2019 = PCURVE('',#181,#2020);
#2020 = DEFINITIONAL_REPRESENTATION('',(#2021),#2024);
#2021 = B_SPLINE_CURVE_WITH_KNOTS('',1,(#2022,#2023),.UNSPECIFIED.,.F.,
  .F.,(2,2),(-5.999999971868E-07,69.99846058306),
  .PIECEWISE_BEZIER_KNOTS.);
#2022 = CARTESIAN_POINT('',(2.851840952154,-5.999999989631E-07));
#2023 = CARTESIAN_POINT('',(2.851840952154,69.99846058306));
#2024 = ( GEOMETRIC_REPRESENTATION_CONTEXT(2) 
PARAMETRIC_REPRESENTATION_CONTEXT() REPRESENTATION_CONTEXT('2D SPACE',''
  ) );
#2025 = ORIENTED_EDGE('',*,*,#2026,.F.);
#2026 = EDGE_CURVE('',#2027,#2006,#2029,.T.);
#2027 = VERTEX_POINT('',#2028);
#2028 = CARTESIAN_POINT('',(-67.02358103615,-82.54456060268,-5.));
#2029 = SURFACE_CURVE('',#2030,(#2034,#2040),.PCURVE_S1.);
#2030 = LINE('',#2031,#2032);
#2031 = CARTESIAN_POINT('',(-52.5,-90.93,-5.));
#2032 = VECTOR('',#2033,1.);
#2033 = DIRECTION('',(0.866019052629,-0.500011000363,0.));
#2034 = PCURVE('',#93,#2035);
#2035 = DEFINITIONAL_REPRESENTATION('',(#2036),#2039);
#2036 = B_SPLINE_CURVE_WITH_KNOTS('',1,(#2037,#2038),.UNSPECIFIED.,.F.,
  .F.,(2,2),(-17.5,17.5),.PIECEWISE_BEZIER_KNOTS.);
#2037 = CARTESIAN_POINT('',(-67.655333421,-82.17980749364));
#2038 = CARTESIAN_POINT('',(-37.34466657899,-99.68019250635));
#2039 = ( GEOMETRIC_REPRESENTATION_CONTEXT(2) 
PARAMETRIC_REPRESENTATION_CONTEXT() REPRESENTATION_CONTEXT('2D SPACE',''
  ) );
#2040 = PCURVE('',#343,#2041);
#2041 = DEFINITIONAL_REPRESENTATION('',(#2042),#2045);
#2042 = B_SPLINE_CURVE_WITH_KNOTS('',1,(#2043,#2044),.UNSPECIFIED.,.F.,
  .F.,(2,2),(-17.5,17.5),.PIECEWISE_BEZIER_KNOTS.);
#2043 = CARTESIAN_POINT('',(17.5,5.));
#2044 = CARTESIAN_POINT('',(-17.5,5.));
#2045 = ( GEOMETRIC_REPRESENTATION_CONTEXT(2) 
PARAMETRIC_REPRESENTATION_CONTEXT() REPRESENTATION_CONTEXT('2D SPACE',''
  ) );
#2046 = ORIENTED_EDGE('',*,*,#2047,.F.);
#2047 = EDGE_CURVE('',#2048,#2027,#2050,.T.);
#2048 = VERTEX_POINT('',#2049);
#2049 = CARTESIAN_POINT('',(-64.52358103615,-78.21456060268,-5.));
#2050 = SURFACE_CURVE('',#2051,(#2055,#2061),.PCURVE_S1.);
#2051 = LINE('',#2052,#2053);
#2052 = CARTESIAN_POINT('',(-32.02358103615,-21.92456060268,-5.));
#2053 = VECTOR('',#2054,1.);
#2054 = DIRECTION('',(-0.500011000363,-0.866019052629,0.));
#2055 = PCURVE('',#93,#2056);
#2056 = DEFINITIONAL_REPRESENTATION('',(#2057),#2060);
#2057 = B_SPLINE_CURVE_WITH_KNOTS('',1,(#2058,#2059),.UNSPECIFIED.,.F.,
  .F.,(2,2),(-6.000000033402E-07,69.99846058306),
  .PIECEWISE_BEZIER_KNOTS.);
#2058 = CARTESIAN_POINT('',(-32.02358073615,-21.92456008306));
#2059 = CARTESIAN_POINT('',(-67.02358133616,-82.54456112229));
#2060 = ( GEOMETRIC_REPRESENTATION_CONTEXT(2) 
PARAMETRIC_REPRESENTATION_CONTEXT() REPRESENTATION_CONTEXT('2D SPACE',''
  ) );
#2061 = PCURVE('',#181,#2062);
#2062 = DEFINITIONAL_REPRESENTATION('',(#2063),#2066);
#2063 = B_SPLINE_CURVE_WITH_KNOTS('',1,(#2064,#2065),.UNSPECIFIED.,.F.,
  .F.,(2,2),(-6.000000033402E-07,69.99846058306),
  .PIECEWISE_BEZIER_KNOTS.);
#2064 = CARTESIAN_POINT('',(0.289751701436,-5.999999997875E-07));
#2065 = CARTESIAN_POINT('',(0.289751701436,69.99846058306));
#2066 = ( GEOMETRIC_REPRESENTATION_CONTEXT(2) 
PARAMETRIC_REPRESENTATION_CONTEXT() REPRESENTATION_CONTEXT('2D SPACE',''
  ) );
#2067 = ORIENTED_EDGE('',*,*,#2068,.F.);
#2068 = EDGE_CURVE('',#1823,#2048,#2069,.T.);
#2069 = SURFACE_CURVE('',#2070,(#2074,#2080),.PCURVE_S1.);
#2070 = LINE('',#2071,#2072);
#2071 = CARTESIAN_POINT('',(-50.,-86.6,-5.));
#2072 = VECTOR('',#2073,1.);
#2073 = DIRECTION('',(0.866019052629,-0.500011000363,0.));
#2074 = PCURVE('',#93,#2075);
#2075 = DEFINITIONAL_REPRESENTATION('',(#2076),#2079);
#2076 = B_SPLINE_CURVE_WITH_KNOTS('',1,(#2077,#2078),.UNSPECIFIED.,.F.,
  .F.,(2,2),(-19.5,19.5),.PIECEWISE_BEZIER_KNOTS.);
#2077 = CARTESIAN_POINT('',(-66.88737152626,-76.84978549292));
#2078 = CARTESIAN_POINT('',(-33.11262847374,-96.35021450707));
#2079 = ( GEOMETRIC_REPRESENTATION_CONTEXT(2) 
PARAMETRIC_REPRESENTATION_CONTEXT() REPRESENTATION_CONTEXT('2D SPACE',''
  ) );
#2080 = PCURVE('',#1994,#2081);
#2081 = DEFINITIONAL_REPRESENTATION('',(#2082),#2085);
#2082 = B_SPLINE_CURVE_WITH_KNOTS('',1,(#2083,#2084),.UNSPECIFIED.,.F.,
  .F.,(2,2),(-19.5,19.5),.PIECEWISE_BEZIER_KNOTS.);
#2083 = CARTESIAN_POINT('',(19.5,5.));
#2084 = CARTESIAN_POINT('',(-19.5,5.));
#2085 = ( GEOMETRIC_REPRESENTATION_CONTEXT(2) 
PARAMETRIC_REPRESENTATION_CONTEXT() REPRESENTATION_CONTEXT('2D SPACE',''
  ) );
#2086 = FACE_BOUND('',#2087,.F.);
#2087 = EDGE_LOOP('',(#2088,#2116,#2142,#2163,#2184,#2205,#2226,#2247,
    #2273,#2294,#2315,#2336));
#2088 = ORIENTED_EDGE('',*,*,#2089,.F.);
#2089 = EDGE_CURVE('',#2090,#2092,#2094,.T.);
#2090 = VERTEX_POINT('',#2091);
#2091 = CARTESIAN_POINT('',(3.677206364165,-44.06424574817,-5.));
#2092 = VERTEX_POINT('',#2093);
#2093 = CARTESIAN_POINT('',(33.677206364165,-96.02424574817,-5.));
#2094 = SURFACE_CURVE('',#2095,(#2099,#2105),.PCURVE_S1.);
#2095 = LINE('',#2096,#2097);
#2096 = CARTESIAN_POINT('',(3.677206364165,-44.06424574817,-5.));
#2097 = VECTOR('',#2098,1.);
#2098 = DIRECTION('',(0.500011000363,-0.866019052629,0.));
#2099 = PCURVE('',#93,#2100);
#2100 = DEFINITIONAL_REPRESENTATION('',(#2101),#2104);
#2101 = B_SPLINE_CURVE_WITH_KNOTS('',1,(#2102,#2103),.UNSPECIFIED.,.F.,
  .F.,(2,2),(-5.999999954104E-07,59.99868058548),
  .PIECEWISE_BEZIER_KNOTS.);
#2102 = CARTESIAN_POINT('',(3.677206064159,-44.06424522856));
#2103 = CARTESIAN_POINT('',(33.677206664172,-96.02424626778));
#2104 = ( GEOMETRIC_REPRESENTATION_CONTEXT(2) 
PARAMETRIC_REPRESENTATION_CONTEXT() REPRESENTATION_CONTEXT('2D SPACE',''
  ) );
#2105 = PCURVE('',#2106,#2111);
#2106 = CYLINDRICAL_SURFACE('',#2107,19.5);
#2107 = AXIS2_PLACEMENT_3D('',#2108,#2109,#2110);
#2108 = CARTESIAN_POINT('',(20.,-34.64,0.));
#2109 = DIRECTION('',(0.500011000363,-0.866019052629,0.));
#2110 = DIRECTION('',(-0.866019052629,-0.500011000363,0.));
#2111 = DEFINITIONAL_REPRESENTATION('',(#2112),#2115);
#2112 = B_SPLINE_CURVE_WITH_KNOTS('',1,(#2113,#2114),.UNSPECIFIED.,.F.,
  .F.,(2,2),(-5.999999954104E-07,59.99868058548),
  .PIECEWISE_BEZIER_KNOTS.);
#2113 = CARTESIAN_POINT('',(0.259306456273,-5.999999954104E-07));
#2114 = CARTESIAN_POINT('',(0.259306456273,59.99868058548));
#2115 = ( GEOMETRIC_REPRESENTATION_CONTEXT(2) 
PARAMETRIC_REPRESENTATION_CONTEXT() REPRESENTATION_CONTEXT('2D SPACE',''
  ) );
#2116 = ORIENTED_EDGE('',*,*,#2117,.T.);
#2117 = EDGE_CURVE('',#2090,#2118,#2120,.T.);
#2118 = VERTEX_POINT('',#2119);
#2119 = CARTESIAN_POINT('',(5.476418963841,-43.02543939732,-5.));
#2120 = SURFACE_CURVE('',#2121,(#2125,#2131),.PCURVE_S1.);
#2121 = LINE('',#2122,#2123);
#2122 = CARTESIAN_POINT('',(20.,-34.64,-5.));
#2123 = VECTOR('',#2124,1.);
#2124 = DIRECTION('',(0.866019052629,0.500011000363,-0.));
#2125 = PCURVE('',#93,#2126);
#2126 = DEFINITIONAL_REPRESENTATION('',(#2127),#2130);
#2127 = B_SPLINE_CURVE_WITH_KNOTS('',1,(#2128,#2129),.UNSPECIFIED.,.F.,
  .F.,(2,2),(-19.5,19.5),.PIECEWISE_BEZIER_KNOTS.);
#2128 = CARTESIAN_POINT('',(3.11262847374,-44.39021450707));
#2129 = CARTESIAN_POINT('',(36.88737152626,-24.88978549292));
#2130 = ( GEOMETRIC_REPRESENTATION_CONTEXT(2) 
PARAMETRIC_REPRESENTATION_CONTEXT() REPRESENTATION_CONTEXT('2D SPACE',''
  ) );
#2131 = PCURVE('',#2132,#2137);
#2132 = PLANE('',#2133);
#2133 = AXIS2_PLACEMENT_3D('',#2134,#2135,#2136);
#2134 = CARTESIAN_POINT('',(20.,-34.64,0.));
#2135 = DIRECTION('',(0.500011000363,-0.866019052629,0.));
#2136 = DIRECTION('',(-0.866019052629,-0.500011000363,0.));
#2137 = DEFINITIONAL_REPRESENTATION('',(#2138),#2141);
#2138 = B_SPLINE_CURVE_WITH_KNOTS('',1,(#2139,#2140),.UNSPECIFIED.,.F.,
  .F.,(2,2),(-19.5,19.5),.PIECEWISE_BEZIER_KNOTS.);
#2139 = CARTESIAN_POINT('',(19.5,5.));
#2140 = CARTESIAN_POINT('',(-19.5,5.));
#2141 = ( GEOMETRIC_REPRESENTATION_CONTEXT(2) 
PARAMETRIC_REPRESENTATION_CONTEXT() REPRESENTATION_CONTEXT('2D SPACE',''
  ) );
#2142 = ORIENTED_EDGE('',*,*,#2143,.F.);
#2143 = EDGE_CURVE('',#2144,#2118,#2146,.T.);
#2144 = VERTEX_POINT('',#2145);
#2145 = CARTESIAN_POINT('',(2.976418963841,-38.69543939732,-5.));
#2146 = SURFACE_CURVE('',#2147,(#2151,#2157),.PCURVE_S1.);
#2147 = LINE('',#2148,#2149);
#2148 = CARTESIAN_POINT('',(2.976418963841,-38.69543939732,-5.));
#2149 = VECTOR('',#2150,1.);
#2150 = DIRECTION('',(0.500011000363,-0.866019052629,0.));
#2151 = PCURVE('',#93,#2152);
#2152 = DEFINITIONAL_REPRESENTATION('',(#2153),#2156);
#2153 = B_SPLINE_CURVE_WITH_KNOTS('',1,(#2154,#2155),.UNSPECIFIED.,.F.,
  .F.,(2,2),(-5.999999971868E-07,69.99846058306),
  .PIECEWISE_BEZIER_KNOTS.);
#2154 = CARTESIAN_POINT('',(2.976418663835,-38.6954388777));
#2155 = CARTESIAN_POINT('',(37.976419263848,-99.31543991693));
#2156 = ( GEOMETRIC_REPRESENTATION_CONTEXT(2) 
PARAMETRIC_REPRESENTATION_CONTEXT() REPRESENTATION_CONTEXT('2D SPACE',''
  ) );
#2157 = PCURVE('',#465,#2158);
#2158 = DEFINITIONAL_REPRESENTATION('',(#2159),#2162);
#2159 = B_SPLINE_CURVE_WITH_KNOTS('',1,(#2160,#2161),.UNSPECIFIED.,.F.,
  .F.,(2,2),(-5.999999971868E-07,69.99846058306),
  .PIECEWISE_BEZIER_KNOTS.);
#2160 = CARTESIAN_POINT('',(0.289751701436,-5.999999989631E-07));
#2161 = CARTESIAN_POINT('',(0.289751701436,69.99846058306));
#2162 = ( GEOMETRIC_REPRESENTATION_CONTEXT(2) 
PARAMETRIC_REPRESENTATION_CONTEXT() REPRESENTATION_CONTEXT('2D SPACE',''
  ) );
#2163 = ORIENTED_EDGE('',*,*,#2164,.T.);
#2164 = EDGE_CURVE('',#2144,#2165,#2167,.T.);
#2165 = VERTEX_POINT('',#2166);
#2166 = CARTESIAN_POINT('',(32.023581036159,-21.92456060268,-5.));
#2167 = SURFACE_CURVE('',#2168,(#2172,#2178),.PCURVE_S1.);
#2168 = LINE('',#2169,#2170);
#2169 = CARTESIAN_POINT('',(17.5,-30.31,-5.));
#2170 = VECTOR('',#2171,1.);
#2171 = DIRECTION('',(0.866019052629,0.500011000363,-0.));
#2172 = PCURVE('',#93,#2173);
#2173 = DEFINITIONAL_REPRESENTATION('',(#2174),#2177);
#2174 = B_SPLINE_CURVE_WITH_KNOTS('',1,(#2175,#2176),.UNSPECIFIED.,.F.,
  .F.,(2,2),(-17.5,17.5),.PIECEWISE_BEZIER_KNOTS.);
#2175 = CARTESIAN_POINT('',(2.344666578997,-39.06019250635));
#2176 = CARTESIAN_POINT('',(32.655333421003,-21.55980749364));
#2177 = ( GEOMETRIC_REPRESENTATION_CONTEXT(2) 
PARAMETRIC_REPRESENTATION_CONTEXT() REPRESENTATION_CONTEXT('2D SPACE',''
  ) );
#2178 = PCURVE('',#491,#2179);
#2179 = DEFINITIONAL_REPRESENTATION('',(#2180),#2183);
#2180 = B_SPLINE_CURVE_WITH_KNOTS('',1,(#2181,#2182),.UNSPECIFIED.,.F.,
  .F.,(2,2),(-17.5,17.5),.PIECEWISE_BEZIER_KNOTS.);
#2181 = CARTESIAN_POINT('',(17.5,5.));
#2182 = CARTESIAN_POINT('',(-17.5,5.));
#2183 = ( GEOMETRIC_REPRESENTATION_CONTEXT(2) 
PARAMETRIC_REPRESENTATION_CONTEXT() REPRESENTATION_CONTEXT('2D SPACE',''
  ) );
#2184 = ORIENTED_EDGE('',*,*,#2185,.T.);
#2185 = EDGE_CURVE('',#2165,#2186,#2188,.T.);
#2186 = VERTEX_POINT('',#2187);
#2187 = CARTESIAN_POINT('',(34.523581036159,-26.25456060268,-5.));
#2188 = SURFACE_CURVE('',#2189,(#2193,#2199),.PCURVE_S1.);
#2189 = LINE('',#2190,#2191);
#2190 = CARTESIAN_POINT('',(32.023581036159,-21.92456060268,-5.));
#2191 = VECTOR('',#2192,1.);
#2192 = DIRECTION('',(0.500011000363,-0.866019052629,0.));
#2193 = PCURVE('',#93,#2194);
#2194 = DEFINITIONAL_REPRESENTATION('',(#2195),#2198);
#2195 = B_SPLINE_CURVE_WITH_KNOTS('',1,(#2196,#2197),.UNSPECIFIED.,.F.,
  .F.,(2,2),(-6.000000033402E-07,69.99846058306),
  .PIECEWISE_BEZIER_KNOTS.);
#2196 = CARTESIAN_POINT('',(32.023580736152,-21.92456008306));
#2197 = CARTESIAN_POINT('',(67.023581336165,-82.54456112229));
#2198 = ( GEOMETRIC_REPRESENTATION_CONTEXT(2) 
PARAMETRIC_REPRESENTATION_CONTEXT() REPRESENTATION_CONTEXT('2D SPACE',''
  ) );
#2199 = PCURVE('',#465,#2200);
#2200 = DEFINITIONAL_REPRESENTATION('',(#2201),#2204);
#2201 = B_SPLINE_CURVE_WITH_KNOTS('',1,(#2202,#2203),.UNSPECIFIED.,.F.,
  .F.,(2,2),(-6.000000033402E-07,69.99846058306),
  .PIECEWISE_BEZIER_KNOTS.);
#2202 = CARTESIAN_POINT('',(2.851840952154,-5.999999997875E-07));
#2203 = CARTESIAN_POINT('',(2.851840952154,69.99846058306));
#2204 = ( GEOMETRIC_REPRESENTATION_CONTEXT(2) 
PARAMETRIC_REPRESENTATION_CONTEXT() REPRESENTATION_CONTEXT('2D SPACE',''
  ) );
#2205 = ORIENTED_EDGE('',*,*,#2206,.T.);
#2206 = EDGE_CURVE('',#2186,#2207,#2209,.T.);
#2207 = VERTEX_POINT('',#2208);
#2208 = CARTESIAN_POINT('',(36.322793635835,-25.21575425182,-5.));
#2209 = SURFACE_CURVE('',#2210,(#2214,#2220),.PCURVE_S1.);
#2210 = LINE('',#2211,#2212);
#2211 = CARTESIAN_POINT('',(20.,-34.64,-5.));
#2212 = VECTOR('',#2213,1.);
#2213 = DIRECTION('',(0.866019052629,0.500011000363,-0.));
#2214 = PCURVE('',#93,#2215);
#2215 = DEFINITIONAL_REPRESENTATION('',(#2216),#2219);
#2216 = B_SPLINE_CURVE_WITH_KNOTS('',1,(#2217,#2218),.UNSPECIFIED.,.F.,
  .F.,(2,2),(-19.5,19.5),.PIECEWISE_BEZIER_KNOTS.);
#2217 = CARTESIAN_POINT('',(3.11262847374,-44.39021450707));
#2218 = CARTESIAN_POINT('',(36.88737152626,-24.88978549292));
#2219 = ( GEOMETRIC_REPRESENTATION_CONTEXT(2) 
PARAMETRIC_REPRESENTATION_CONTEXT() REPRESENTATION_CONTEXT('2D SPACE',''
  ) );
#2220 = PCURVE('',#2132,#2221);
#2221 = DEFINITIONAL_REPRESENTATION('',(#2222),#2225);
#2222 = B_SPLINE_CURVE_WITH_KNOTS('',1,(#2223,#2224),.UNSPECIFIED.,.F.,
  .F.,(2,2),(-19.5,19.5),.PIECEWISE_BEZIER_KNOTS.);
#2223 = CARTESIAN_POINT('',(19.5,5.));
#2224 = CARTESIAN_POINT('',(-19.5,5.));
#2225 = ( GEOMETRIC_REPRESENTATION_CONTEXT(2) 
PARAMETRIC_REPRESENTATION_CONTEXT() REPRESENTATION_CONTEXT('2D SPACE',''
  ) );
#2226 = ORIENTED_EDGE('',*,*,#2227,.T.);
#2227 = EDGE_CURVE('',#2207,#2228,#2230,.T.);
#2228 = VERTEX_POINT('',#2229);
#2229 = CARTESIAN_POINT('',(66.322793635835,-77.17575425182,-5.));
#2230 = SURFACE_CURVE('',#2231,(#2235,#2241),.PCURVE_S1.);
#2231 = LINE('',#2232,#2233);
#2232 = CARTESIAN_POINT('',(36.322793635835,-25.21575425182,-5.));
#2233 = VECTOR('',#2234,1.);
#2234 = DIRECTION('',(0.500011000363,-0.866019052629,0.));
#2235 = PCURVE('',#93,#2236);
#2236 = DEFINITIONAL_REPRESENTATION('',(#2237),#2240);
#2237 = B_SPLINE_CURVE_WITH_KNOTS('',1,(#2238,#2239),.UNSPECIFIED.,.F.,
  .F.,(2,2),(-5.999999997874E-07,59.99868058548),
  .PIECEWISE_BEZIER_KNOTS.);
#2238 = CARTESIAN_POINT('',(36.322793335828,-25.21575373221));
#2239 = CARTESIAN_POINT('',(66.322793935841,-77.17575477143));
#2240 = ( GEOMETRIC_REPRESENTATION_CONTEXT(2) 
PARAMETRIC_REPRESENTATION_CONTEXT() REPRESENTATION_CONTEXT('2D SPACE',''
  ) );
#2241 = PCURVE('',#2106,#2242);
#2242 = DEFINITIONAL_REPRESENTATION('',(#2243),#2246);
#2243 = B_SPLINE_CURVE_WITH_KNOTS('',1,(#2244,#2245),.UNSPECIFIED.,.F.,
  .F.,(2,2),(-5.999999997874E-07,59.99868058548),
  .PIECEWISE_BEZIER_KNOTS.);
#2244 = CARTESIAN_POINT('',(2.882286197317,-6.000000015638E-07));
#2245 = CARTESIAN_POINT('',(2.882286197317,59.99868058548));
#2246 = ( GEOMETRIC_REPRESENTATION_CONTEXT(2) 
PARAMETRIC_REPRESENTATION_CONTEXT() REPRESENTATION_CONTEXT('2D SPACE',''
  ) );
#2247 = ORIENTED_EDGE('',*,*,#2248,.F.);
#2248 = EDGE_CURVE('',#2249,#2228,#2251,.T.);
#2249 = VERTEX_POINT('',#2250);
#2250 = CARTESIAN_POINT('',(64.523581036159,-78.21456060268,-5.));
#2251 = SURFACE_CURVE('',#2252,(#2256,#2262),.PCURVE_S1.);
#2252 = LINE('',#2253,#2254);
#2253 = CARTESIAN_POINT('',(50.,-86.6,-5.));
#2254 = VECTOR('',#2255,1.);
#2255 = DIRECTION('',(0.866019052629,0.500011000363,-0.));
#2256 = PCURVE('',#93,#2257);
#2257 = DEFINITIONAL_REPRESENTATION('',(#2258),#2261);
#2258 = B_SPLINE_CURVE_WITH_KNOTS('',1,(#2259,#2260),.UNSPECIFIED.,.F.,
  .F.,(2,2),(-19.5,19.5),.PIECEWISE_BEZIER_KNOTS.);
#2259 = CARTESIAN_POINT('',(33.11262847374,-96.35021450707));
#2260 = CARTESIAN_POINT('',(66.88737152626,-76.84978549292));
#2261 = ( GEOMETRIC_REPRESENTATION_CONTEXT(2) 
PARAMETRIC_REPRESENTATION_CONTEXT() REPRESENTATION_CONTEXT('2D SPACE',''
  ) );
#2262 = PCURVE('',#2263,#2268);
#2263 = PLANE('',#2264);
#2264 = AXIS2_PLACEMENT_3D('',#2265,#2266,#2267);
#2265 = CARTESIAN_POINT('',(50.,-86.6,0.));
#2266 = DIRECTION('',(0.500011000363,-0.866019052629,0.));
#2267 = DIRECTION('',(-0.866019052629,-0.500011000363,0.));
#2268 = DEFINITIONAL_REPRESENTATION('',(#2269),#2272);
#2269 = B_SPLINE_CURVE_WITH_KNOTS('',1,(#2270,#2271),.UNSPECIFIED.,.F.,
  .F.,(2,2),(-19.5,19.5),.PIECEWISE_BEZIER_KNOTS.);
#2270 = CARTESIAN_POINT('',(19.5,5.));
#2271 = CARTESIAN_POINT('',(-19.5,5.));
#2272 = ( GEOMETRIC_REPRESENTATION_CONTEXT(2) 
PARAMETRIC_REPRESENTATION_CONTEXT() REPRESENTATION_CONTEXT('2D SPACE',''
  ) );
#2273 = ORIENTED_EDGE('',*,*,#2274,.T.);
#2274 = EDGE_CURVE('',#2249,#2275,#2277,.T.);
#2275 = VERTEX_POINT('',#2276);
#2276 = CARTESIAN_POINT('',(67.023581036159,-82.54456060268,-5.));
#2277 = SURFACE_CURVE('',#2278,(#2282,#2288),.PCURVE_S1.);
#2278 = LINE('',#2279,#2280);
#2279 = CARTESIAN_POINT('',(32.023581036159,-21.92456060268,-5.));
#2280 = VECTOR('',#2281,1.);
#2281 = DIRECTION('',(0.500011000363,-0.866019052629,0.));
#2282 = PCURVE('',#93,#2283);
#2283 = DEFINITIONAL_REPRESENTATION('',(#2284),#2287);
#2284 = B_SPLINE_CURVE_WITH_KNOTS('',1,(#2285,#2286),.UNSPECIFIED.,.F.,
  .F.,(2,2),(-6.000000033402E-07,69.99846058306),
  .PIECEWISE_BEZIER_KNOTS.);
#2285 = CARTESIAN_POINT('',(32.023580736152,-21.92456008306));
#2286 = CARTESIAN_POINT('',(67.023581336165,-82.54456112229));
#2287 = ( GEOMETRIC_REPRESENTATION_CONTEXT(2) 
PARAMETRIC_REPRESENTATION_CONTEXT() REPRESENTATION_CONTEXT('2D SPACE',''
  ) );
#2288 = PCURVE('',#465,#2289);
#2289 = DEFINITIONAL_REPRESENTATION('',(#2290),#2293);
#2290 = B_SPLINE_CURVE_WITH_KNOTS('',1,(#2291,#2292),.UNSPECIFIED.,.F.,
  .F.,(2,2),(-6.000000033402E-07,69.99846058306),
  .PIECEWISE_BEZIER_KNOTS.);
#2291 = CARTESIAN_POINT('',(2.851840952154,-5.999999997875E-07));
#2292 = CARTESIAN_POINT('',(2.851840952154,69.99846058306));
#2293 = ( GEOMETRIC_REPRESENTATION_CONTEXT(2) 
PARAMETRIC_REPRESENTATION_CONTEXT() REPRESENTATION_CONTEXT('2D SPACE',''
  ) );
#2294 = ORIENTED_EDGE('',*,*,#2295,.F.);
#2295 = EDGE_CURVE('',#2296,#2275,#2298,.T.);
#2296 = VERTEX_POINT('',#2297);
#2297 = CARTESIAN_POINT('',(37.976418963841,-99.31543939732,-5.));
#2298 = SURFACE_CURVE('',#2299,(#2303,#2309),.PCURVE_S1.);
#2299 = LINE('',#2300,#2301);
#2300 = CARTESIAN_POINT('',(52.5,-90.93,-5.));
#2301 = VECTOR('',#2302,1.);
#2302 = DIRECTION('',(0.866019052629,0.500011000363,-0.));
#2303 = PCURVE('',#93,#2304);
#2304 = DEFINITIONAL_REPRESENTATION('',(#2305),#2308);
#2305 = B_SPLINE_CURVE_WITH_KNOTS('',1,(#2306,#2307),.UNSPECIFIED.,.F.,
  .F.,(2,2),(-17.5,17.5),.PIECEWISE_BEZIER_KNOTS.);
#2306 = CARTESIAN_POINT('',(37.344666578997,-99.68019250635));
#2307 = CARTESIAN_POINT('',(67.655333421003,-82.17980749364));
#2308 = ( GEOMETRIC_REPRESENTATION_CONTEXT(2) 
PARAMETRIC_REPRESENTATION_CONTEXT() REPRESENTATION_CONTEXT('2D SPACE',''
  ) );
#2309 = PCURVE('',#627,#2310);
#2310 = DEFINITIONAL_REPRESENTATION('',(#2311),#2314);
#2311 = B_SPLINE_CURVE_WITH_KNOTS('',1,(#2312,#2313),.UNSPECIFIED.,.F.,
  .F.,(2,2),(-17.5,17.5),.PIECEWISE_BEZIER_KNOTS.);
#2312 = CARTESIAN_POINT('',(17.5,5.));
#2313 = CARTESIAN_POINT('',(-17.5,5.));
#2314 = ( GEOMETRIC_REPRESENTATION_CONTEXT(2) 
PARAMETRIC_REPRESENTATION_CONTEXT() REPRESENTATION_CONTEXT('2D SPACE',''
  ) );
#2315 = ORIENTED_EDGE('',*,*,#2316,.F.);
#2316 = EDGE_CURVE('',#2317,#2296,#2319,.T.);
#2317 = VERTEX_POINT('',#2318);
#2318 = CARTESIAN_POINT('',(35.476418963841,-94.98543939732,-5.));
#2319 = SURFACE_CURVE('',#2320,(#2324,#2330),.PCURVE_S1.);
#2320 = LINE('',#2321,#2322);
#2321 = CARTESIAN_POINT('',(2.976418963841,-38.69543939732,-5.));
#2322 = VECTOR('',#2323,1.);
#2323 = DIRECTION('',(0.500011000363,-0.866019052629,0.));
#2324 = PCURVE('',#93,#2325);
#2325 = DEFINITIONAL_REPRESENTATION('',(#2326),#2329);
#2326 = B_SPLINE_CURVE_WITH_KNOTS('',1,(#2327,#2328),.UNSPECIFIED.,.F.,
  .F.,(2,2),(-5.999999971868E-07,69.99846058306),
  .PIECEWISE_BEZIER_KNOTS.);
#2327 = CARTESIAN_POINT('',(2.976418663835,-38.6954388777));
#2328 = CARTESIAN_POINT('',(37.976419263848,-99.31543991693));
#2329 = ( GEOMETRIC_REPRESENTATION_CONTEXT(2) 
PARAMETRIC_REPRESENTATION_CONTEXT() REPRESENTATION_CONTEXT('2D SPACE',''
  ) );
#2330 = PCURVE('',#465,#2331);
#2331 = DEFINITIONAL_REPRESENTATION('',(#2332),#2335);
#2332 = B_SPLINE_CURVE_WITH_KNOTS('',1,(#2333,#2334),.UNSPECIFIED.,.F.,
  .F.,(2,2),(-5.999999971868E-07,69.99846058306),
  .PIECEWISE_BEZIER_KNOTS.);
#2333 = CARTESIAN_POINT('',(0.289751701436,-5.999999989631E-07));
#2334 = CARTESIAN_POINT('',(0.289751701436,69.99846058306));
#2335 = ( GEOMETRIC_REPRESENTATION_CONTEXT(2) 
PARAMETRIC_REPRESENTATION_CONTEXT() REPRESENTATION_CONTEXT('2D SPACE',''
  ) );
#2336 = ORIENTED_EDGE('',*,*,#2337,.F.);
#2337 = EDGE_CURVE('',#2092,#2317,#2338,.T.);
#2338 = SURFACE_CURVE('',#2339,(#2343,#2349),.PCURVE_S1.);
#2339 = LINE('',#2340,#2341);
#2340 = CARTESIAN_POINT('',(50.,-86.6,-5.));
#2341 = VECTOR('',#2342,1.);
#2342 = DIRECTION('',(0.866019052629,0.500011000363,-0.));
#2343 = PCURVE('',#93,#2344);
#2344 = DEFINITIONAL_REPRESENTATION('',(#2345),#2348);
#2345 = B_SPLINE_CURVE_WITH_KNOTS('',1,(#2346,#2347),.UNSPECIFIED.,.F.,
  .F.,(2,2),(-19.5,19.5),.PIECEWISE_BEZIER_KNOTS.);
#2346 = CARTESIAN_POINT('',(33.11262847374,-96.35021450707));
#2347 = CARTESIAN_POINT('',(66.88737152626,-76.84978549292));
#2348 = ( GEOMETRIC_REPRESENTATION_CONTEXT(2) 
PARAMETRIC_REPRESENTATION_CONTEXT() REPRESENTATION_CONTEXT('2D SPACE',''
  ) );
#2349 = PCURVE('',#2263,#2350);
#2350 = DEFINITIONAL_REPRESENTATION('',(#2351),#2354);
#2351 = B_SPLINE_CURVE_WITH_KNOTS('',1,(#2352,#2353),.UNSPECIFIED.,.F.,
  .F.,(2,2),(-19.5,19.5),.PIECEWISE_BEZIER_KNOTS.);
#2352 = CARTESIAN_POINT('',(19.5,5.));
#2353 = CARTESIAN_POINT('',(-19.5,5.));
#2354 = ( GEOMETRIC_REPRESENTATION_CONTEXT(2) 
PARAMETRIC_REPRESENTATION_CONTEXT() REPRESENTATION_CONTEXT('2D SPACE',''
  ) );
#2355 = FACE_BOUND('',#2356,.F.);
#2356 = EDGE_LOOP('',(#2357,#2385,#2411,#2432,#2453,#2474,#2495,#2516,
    #2542,#2563,#2584,#2605));
#2357 = ORIENTED_EDGE('',*,*,#2358,.F.);
#2358 = EDGE_CURVE('',#2359,#2361,#2363,.T.);
#2359 = VERTEX_POINT('',#2360);
#2360 = CARTESIAN_POINT('',(-40.,18.848076824971,-5.));
#2361 = VERTEX_POINT('',#2362);
#2362 = CARTESIAN_POINT('',(-100.,18.848076824971,-5.));
#2363 = SURFACE_CURVE('',#2364,(#2368,#2374),.PCURVE_S1.);
#2364 = LINE('',#2365,#2366);
#2365 = CARTESIAN_POINT('',(-40.,18.848076824971,-5.));
#2366 = VECTOR('',#2367,1.);
#2367 = DIRECTION('',(-1.,0.,0.));
#2368 = PCURVE('',#93,#2369);
#2369 = DEFINITIONAL_REPRESENTATION('',(#2370),#2373);
#2370 = B_SPLINE_CURVE_WITH_KNOTS('',1,(#2371,#2372),.UNSPECIFIED.,.F.,
  .F.,(2,2),(-5.999999999062E-07,60.0000006),.PIECEWISE_BEZIER_KNOTS.);
#2371 = CARTESIAN_POINT('',(-39.9999994,18.848076824971));
#2372 = CARTESIAN_POINT('',(-100.0000006,18.848076824971));
#2373 = ( GEOMETRIC_REPRESENTATION_CONTEXT(2) 
PARAMETRIC_REPRESENTATION_CONTEXT() REPRESENTATION_CONTEXT('2D SPACE',''
  ) );
#2374 = PCURVE('',#2375,#2380);
#2375 = CYLINDRICAL_SURFACE('',#2376,19.5);
#2376 = AXIS2_PLACEMENT_3D('',#2377,#2378,#2379);
#2377 = CARTESIAN_POINT('',(-40.,0.,0.));
#2378 = DIRECTION('',(-1.,0.,0.));
#2379 = DIRECTION('',(0.,0.,-1.));
#2380 = DEFINITIONAL_REPRESENTATION('',(#2381),#2384);
#2381 = B_SPLINE_CURVE_WITH_KNOTS('',1,(#2382,#2383),.UNSPECIFIED.,.F.,
  .F.,(2,2),(0.,60.),.PIECEWISE_BEZIER_KNOTS.);
#2382 = CARTESIAN_POINT('',(4.971695436657,0.));
#2383 = CARTESIAN_POINT('',(4.971695436657,60.));
#2384 = ( GEOMETRIC_REPRESENTATION_CONTEXT(2) 
PARAMETRIC_REPRESENTATION_CONTEXT() REPRESENTATION_CONTEXT('2D SPACE',''
  ) );
#2385 = ORIENTED_EDGE('',*,*,#2386,.T.);
#2386 = EDGE_CURVE('',#2359,#2387,#2389,.T.);
#2387 = VERTEX_POINT('',#2388);
#2388 = CARTESIAN_POINT('',(-40.,16.770509831248,-5.));
#2389 = SURFACE_CURVE('',#2390,(#2394,#2400),.PCURVE_S1.);
#2390 = LINE('',#2391,#2392);
#2391 = CARTESIAN_POINT('',(-40.,0.,-5.));
#2392 = VECTOR('',#2393,1.);
#2393 = DIRECTION('',(0.,-1.,0.));
#2394 = PCURVE('',#93,#2395);
#2395 = DEFINITIONAL_REPRESENTATION('',(#2396),#2399);
#2396 = B_SPLINE_CURVE_WITH_KNOTS('',1,(#2397,#2398),.UNSPECIFIED.,.F.,
  .F.,(2,2),(-19.5,19.5),.PIECEWISE_BEZIER_KNOTS.);
#2397 = CARTESIAN_POINT('',(-40.,19.5));
#2398 = CARTESIAN_POINT('',(-40.,-19.5));
#2399 = ( GEOMETRIC_REPRESENTATION_CONTEXT(2) 
PARAMETRIC_REPRESENTATION_CONTEXT() REPRESENTATION_CONTEXT('2D SPACE',''
  ) );
#2400 = PCURVE('',#2401,#2406);
#2401 = PLANE('',#2402);
#2402 = AXIS2_PLACEMENT_3D('',#2403,#2404,#2405);
#2403 = CARTESIAN_POINT('',(-40.,0.,0.));
#2404 = DIRECTION('',(-1.,0.,0.));
#2405 = DIRECTION('',(0.,0.,-1.));
#2406 = DEFINITIONAL_REPRESENTATION('',(#2407),#2410);
#2407 = B_SPLINE_CURVE_WITH_KNOTS('',1,(#2408,#2409),.UNSPECIFIED.,.F.,
  .F.,(2,2),(-19.5,19.5),.PIECEWISE_BEZIER_KNOTS.);
#2408 = CARTESIAN_POINT('',(5.,-19.5));
#2409 = CARTESIAN_POINT('',(5.,19.5));
#2410 = ( GEOMETRIC_REPRESENTATION_CONTEXT(2) 
PARAMETRIC_REPRESENTATION_CONTEXT() REPRESENTATION_CONTEXT('2D SPACE',''
  ) );
#2411 = ORIENTED_EDGE('',*,*,#2412,.F.);
#2412 = EDGE_CURVE('',#2413,#2387,#2415,.T.);
#2413 = VERTEX_POINT('',#2414);
#2414 = CARTESIAN_POINT('',(-35.,16.770509831248,-5.));
#2415 = SURFACE_CURVE('',#2416,(#2420,#2426),.PCURVE_S1.);
#2416 = LINE('',#2417,#2418);
#2417 = CARTESIAN_POINT('',(-35.,16.770509831248,-5.));
#2418 = VECTOR('',#2419,1.);
#2419 = DIRECTION('',(-1.,0.,0.));
#2420 = PCURVE('',#93,#2421);
#2421 = DEFINITIONAL_REPRESENTATION('',(#2422),#2425);
#2422 = B_SPLINE_CURVE_WITH_KNOTS('',1,(#2423,#2424),.UNSPECIFIED.,.F.,
  .F.,(2,2),(-5.999999999062E-07,70.0000006),.PIECEWISE_BEZIER_KNOTS.);
#2423 = CARTESIAN_POINT('',(-34.9999994,16.770509831248));
#2424 = CARTESIAN_POINT('',(-105.0000006,16.770509831248));
#2425 = ( GEOMETRIC_REPRESENTATION_CONTEXT(2) 
PARAMETRIC_REPRESENTATION_CONTEXT() REPRESENTATION_CONTEXT('2D SPACE',''
  ) );
#2426 = PCURVE('',#749,#2427);
#2427 = DEFINITIONAL_REPRESENTATION('',(#2428),#2431);
#2428 = B_SPLINE_CURVE_WITH_KNOTS('',1,(#2429,#2430),.UNSPECIFIED.,.F.,
  .F.,(2,2),(-5.999999999062E-07,70.0000006),.PIECEWISE_BEZIER_KNOTS.);
#2429 = CARTESIAN_POINT('',(5.002140681821,-5.999999999062E-07));
#2430 = CARTESIAN_POINT('',(5.002140681821,70.0000006));
#2431 = ( GEOMETRIC_REPRESENTATION_CONTEXT(2) 
PARAMETRIC_REPRESENTATION_CONTEXT() REPRESENTATION_CONTEXT('2D SPACE',''
  ) );
#2432 = ORIENTED_EDGE('',*,*,#2433,.T.);
#2433 = EDGE_CURVE('',#2413,#2434,#2436,.T.);
#2434 = VERTEX_POINT('',#2435);
#2435 = CARTESIAN_POINT('',(-35.,-16.77050983124,-5.));
#2436 = SURFACE_CURVE('',#2437,(#2441,#2447),.PCURVE_S1.);
#2437 = LINE('',#2438,#2439);
#2438 = CARTESIAN_POINT('',(-35.,0.,-5.));
#2439 = VECTOR('',#2440,1.);
#2440 = DIRECTION('',(0.,-1.,0.));
#2441 = PCURVE('',#93,#2442);
#2442 = DEFINITIONAL_REPRESENTATION('',(#2443),#2446);
#2443 = B_SPLINE_CURVE_WITH_KNOTS('',1,(#2444,#2445),.UNSPECIFIED.,.F.,
  .F.,(2,2),(-17.5,17.5),.PIECEWISE_BEZIER_KNOTS.);
#2444 = CARTESIAN_POINT('',(-35.,17.5));
#2445 = CARTESIAN_POINT('',(-35.,-17.5));
#2446 = ( GEOMETRIC_REPRESENTATION_CONTEXT(2) 
PARAMETRIC_REPRESENTATION_CONTEXT() REPRESENTATION_CONTEXT('2D SPACE',''
  ) );
#2447 = PCURVE('',#775,#2448);
#2448 = DEFINITIONAL_REPRESENTATION('',(#2449),#2452);
#2449 = B_SPLINE_CURVE_WITH_KNOTS('',1,(#2450,#2451),.UNSPECIFIED.,.F.,
  .F.,(2,2),(-17.5,17.5),.PIECEWISE_BEZIER_KNOTS.);
#2450 = CARTESIAN_POINT('',(5.,-17.5));
#2451 = CARTESIAN_POINT('',(5.,17.5));
#2452 = ( GEOMETRIC_REPRESENTATION_CONTEXT(2) 
PARAMETRIC_REPRESENTATION_CONTEXT() REPRESENTATION_CONTEXT('2D SPACE',''
  ) );
#2453 = ORIENTED_EDGE('',*,*,#2454,.T.);
#2454 = EDGE_CURVE('',#2434,#2455,#2457,.T.);
#2455 = VERTEX_POINT('',#2456);
#2456 = CARTESIAN_POINT('',(-40.,-16.77050983124,-5.));
#2457 = SURFACE_CURVE('',#2458,(#2462,#2468),.PCURVE_S1.);
#2458 = LINE('',#2459,#2460);
#2459 = CARTESIAN_POINT('',(-35.,-16.77050983124,-5.));
#2460 = VECTOR('',#2461,1.);
#2461 = DIRECTION('',(-1.,0.,0.));
#2462 = PCURVE('',#93,#2463);
#2463 = DEFINITIONAL_REPRESENTATION('',(#2464),#2467);
#2464 = B_SPLINE_CURVE_WITH_KNOTS('',1,(#2465,#2466),.UNSPECIFIED.,.F.,
  .F.,(2,2),(-5.999999999062E-07,70.0000006),.PIECEWISE_BEZIER_KNOTS.);
#2465 = CARTESIAN_POINT('',(-34.9999994,-16.77050983124));
#2466 = CARTESIAN_POINT('',(-105.0000006,-16.77050983124));
#2467 = ( GEOMETRIC_REPRESENTATION_CONTEXT(2) 
PARAMETRIC_REPRESENTATION_CONTEXT() REPRESENTATION_CONTEXT('2D SPACE',''
  ) );
#2468 = PCURVE('',#749,#2469);
#2469 = DEFINITIONAL_REPRESENTATION('',(#2470),#2473);
#2470 = B_SPLINE_CURVE_WITH_KNOTS('',1,(#2471,#2472),.UNSPECIFIED.,.F.,
  .F.,(2,2),(-5.999999999062E-07,70.0000006),.PIECEWISE_BEZIER_KNOTS.);
#2471 = CARTESIAN_POINT('',(1.281044625359,-5.999999999062E-07));
#2472 = CARTESIAN_POINT('',(1.281044625359,70.0000006));
#2473 = ( GEOMETRIC_REPRESENTATION_CONTEXT(2) 
PARAMETRIC_REPRESENTATION_CONTEXT() REPRESENTATION_CONTEXT('2D SPACE',''
  ) );
#2474 = ORIENTED_EDGE('',*,*,#2475,.T.);
#2475 = EDGE_CURVE('',#2455,#2476,#2478,.T.);
#2476 = VERTEX_POINT('',#2477);
#2477 = CARTESIAN_POINT('',(-40.,-18.84807682497,-5.));
#2478 = SURFACE_CURVE('',#2479,(#2483,#2489),.PCURVE_S1.);
#2479 = LINE('',#2480,#2481);
#2480 = CARTESIAN_POINT('',(-40.,0.,-5.));
#2481 = VECTOR('',#2482,1.);
#2482 = DIRECTION('',(0.,-1.,0.));
#2483 = PCURVE('',#93,#2484);
#2484 = DEFINITIONAL_REPRESENTATION('',(#2485),#2488);
#2485 = B_SPLINE_CURVE_WITH_KNOTS('',1,(#2486,#2487),.UNSPECIFIED.,.F.,
  .F.,(2,2),(-19.5,19.5),.PIECEWISE_BEZIER_KNOTS.);
#2486 = CARTESIAN_POINT('',(-40.,19.5));
#2487 = CARTESIAN_POINT('',(-40.,-19.5));
#2488 = ( GEOMETRIC_REPRESENTATION_CONTEXT(2) 
PARAMETRIC_REPRESENTATION_CONTEXT() REPRESENTATION_CONTEXT('2D SPACE',''
  ) );
#2489 = PCURVE('',#2401,#2490);
#2490 = DEFINITIONAL_REPRESENTATION('',(#2491),#2494);
#2491 = B_SPLINE_CURVE_WITH_KNOTS('',1,(#2492,#2493),.UNSPECIFIED.,.F.,
  .F.,(2,2),(-19.5,19.5),.PIECEWISE_BEZIER_KNOTS.);
#2492 = CARTESIAN_POINT('',(5.,-19.5));
#2493 = CARTESIAN_POINT('',(5.,19.5));
#2494 = ( GEOMETRIC_REPRESENTATION_CONTEXT(2) 
PARAMETRIC_REPRESENTATION_CONTEXT() REPRESENTATION_CONTEXT('2D SPACE',''
  ) );
#2495 = ORIENTED_EDGE('',*,*,#2496,.T.);
#2496 = EDGE_CURVE('',#2476,#2497,#2499,.T.);
#2497 = VERTEX_POINT('',#2498);
#2498 = CARTESIAN_POINT('',(-100.,-18.84807682497,-5.));
#2499 = SURFACE_CURVE('',#2500,(#2504,#2510),.PCURVE_S1.);
#2500 = LINE('',#2501,#2502);
#2501 = CARTESIAN_POINT('',(-40.,-18.84807682497,-5.));
#2502 = VECTOR('',#2503,1.);
#2503 = DIRECTION('',(-1.,0.,0.));
#2504 = PCURVE('',#93,#2505);
#2505 = DEFINITIONAL_REPRESENTATION('',(#2506),#2509);
#2506 = B_SPLINE_CURVE_WITH_KNOTS('',1,(#2507,#2508),.UNSPECIFIED.,.F.,
  .F.,(2,2),(-5.999999999062E-07,60.0000006),.PIECEWISE_BEZIER_KNOTS.);
#2507 = CARTESIAN_POINT('',(-39.9999994,-18.84807682497));
#2508 = CARTESIAN_POINT('',(-100.0000006,-18.84807682497));
#2509 = ( GEOMETRIC_REPRESENTATION_CONTEXT(2) 
PARAMETRIC_REPRESENTATION_CONTEXT() REPRESENTATION_CONTEXT('2D SPACE',''
  ) );
#2510 = PCURVE('',#2375,#2511);
#2511 = DEFINITIONAL_REPRESENTATION('',(#2512),#2515);
#2512 = B_SPLINE_CURVE_WITH_KNOTS('',1,(#2513,#2514),.UNSPECIFIED.,.F.,
  .F.,(2,2),(0.,60.),.PIECEWISE_BEZIER_KNOTS.);
#2513 = CARTESIAN_POINT('',(7.594675177702,0.));
#2514 = CARTESIAN_POINT('',(7.594675177702,60.));
#2515 = ( GEOMETRIC_REPRESENTATION_CONTEXT(2) 
PARAMETRIC_REPRESENTATION_CONTEXT() REPRESENTATION_CONTEXT('2D SPACE',''
  ) );
#2516 = ORIENTED_EDGE('',*,*,#2517,.F.);
#2517 = EDGE_CURVE('',#2518,#2497,#2520,.T.);
#2518 = VERTEX_POINT('',#2519);
#2519 = CARTESIAN_POINT('',(-100.,-16.77050983124,-5.));
#2520 = SURFACE_CURVE('',#2521,(#2525,#2531),.PCURVE_S1.);
#2521 = LINE('',#2522,#2523);
#2522 = CARTESIAN_POINT('',(-100.,0.,-5.));
#2523 = VECTOR('',#2524,1.);
#2524 = DIRECTION('',(0.,-1.,0.));
#2525 = PCURVE('',#93,#2526);
#2526 = DEFINITIONAL_REPRESENTATION('',(#2527),#2530);
#2527 = B_SPLINE_CURVE_WITH_KNOTS('',1,(#2528,#2529),.UNSPECIFIED.,.F.,
  .F.,(2,2),(-19.5,19.5),.PIECEWISE_BEZIER_KNOTS.);
#2528 = CARTESIAN_POINT('',(-100.,19.5));
#2529 = CARTESIAN_POINT('',(-100.,-19.5));
#2530 = ( GEOMETRIC_REPRESENTATION_CONTEXT(2) 
PARAMETRIC_REPRESENTATION_CONTEXT() REPRESENTATION_CONTEXT('2D SPACE',''
  ) );
#2531 = PCURVE('',#2532,#2537);
#2532 = PLANE('',#2533);
#2533 = AXIS2_PLACEMENT_3D('',#2534,#2535,#2536);
#2534 = CARTESIAN_POINT('',(-100.,0.,0.));
#2535 = DIRECTION('',(-1.,0.,0.));
#2536 = DIRECTION('',(0.,0.,-1.));
#2537 = DEFINITIONAL_REPRESENTATION('',(#2538),#2541);
#2538 = B_SPLINE_CURVE_WITH_KNOTS('',1,(#2539,#2540),.UNSPECIFIED.,.F.,
  .F.,(2,2),(-19.5,19.5),.PIECEWISE_BEZIER_KNOTS.);
#2539 = CARTESIAN_POINT('',(5.,-19.5));
#2540 = CARTESIAN_POINT('',(5.,19.5));
#2541 = ( GEOMETRIC_REPRESENTATION_CONTEXT(2) 
PARAMETRIC_REPRESENTATION_CONTEXT() REPRESENTATION_CONTEXT('2D SPACE',''
  ) );
#2542 = ORIENTED_EDGE('',*,*,#2543,.T.);
#2543 = EDGE_CURVE('',#2518,#2544,#2546,.T.);
#2544 = VERTEX_POINT('',#2545);
#2545 = CARTESIAN_POINT('',(-105.,-16.77050983124,-5.));
#2546 = SURFACE_CURVE('',#2547,(#2551,#2557),.PCURVE_S1.);
#2547 = LINE('',#2548,#2549);
#2548 = CARTESIAN_POINT('',(-35.,-16.77050983124,-5.));
#2549 = VECTOR('',#2550,1.);
#2550 = DIRECTION('',(-1.,0.,0.));
#2551 = PCURVE('',#93,#2552);
#2552 = DEFINITIONAL_REPRESENTATION('',(#2553),#2556);
#2553 = B_SPLINE_CURVE_WITH_KNOTS('',1,(#2554,#2555),.UNSPECIFIED.,.F.,
  .F.,(2,2),(-5.999999999062E-07,70.0000006),.PIECEWISE_BEZIER_KNOTS.);
#2554 = CARTESIAN_POINT('',(-34.9999994,-16.77050983124));
#2555 = CARTESIAN_POINT('',(-105.0000006,-16.77050983124));
#2556 = ( GEOMETRIC_REPRESENTATION_CONTEXT(2) 
PARAMETRIC_REPRESENTATION_CONTEXT() REPRESENTATION_CONTEXT('2D SPACE',''
  ) );
#2557 = PCURVE('',#749,#2558);
#2558 = DEFINITIONAL_REPRESENTATION('',(#2559),#2562);
#2559 = B_SPLINE_CURVE_WITH_KNOTS('',1,(#2560,#2561),.UNSPECIFIED.,.F.,
  .F.,(2,2),(-5.999999999062E-07,70.0000006),.PIECEWISE_BEZIER_KNOTS.);
#2560 = CARTESIAN_POINT('',(1.281044625359,-5.999999999062E-07));
#2561 = CARTESIAN_POINT('',(1.281044625359,70.0000006));
#2562 = ( GEOMETRIC_REPRESENTATION_CONTEXT(2) 
PARAMETRIC_REPRESENTATION_CONTEXT() REPRESENTATION_CONTEXT('2D SPACE',''
  ) );
#2563 = ORIENTED_EDGE('',*,*,#2564,.F.);
#2564 = EDGE_CURVE('',#2565,#2544,#2567,.T.);
#2565 = VERTEX_POINT('',#2566);
#2566 = CARTESIAN_POINT('',(-105.,16.770509831248,-5.));
#2567 = SURFACE_CURVE('',#2568,(#2572,#2578),.PCURVE_S1.);
#2568 = LINE('',#2569,#2570);
#2569 = CARTESIAN_POINT('',(-105.,0.,-5.));
#2570 = VECTOR('',#2571,1.);
#2571 = DIRECTION('',(0.,-1.,0.));
#2572 = PCURVE('',#93,#2573);
#2573 = DEFINITIONAL_REPRESENTATION('',(#2574),#2577);
#2574 = B_SPLINE_CURVE_WITH_KNOTS('',1,(#2575,#2576),.UNSPECIFIED.,.F.,
  .F.,(2,2),(-17.5,17.5),.PIECEWISE_BEZIER_KNOTS.);
#2575 = CARTESIAN_POINT('',(-105.,17.5));
#2576 = CARTESIAN_POINT('',(-105.,-17.5));
#2577 = ( GEOMETRIC_REPRESENTATION_CONTEXT(2) 
PARAMETRIC_REPRESENTATION_CONTEXT() REPRESENTATION_CONTEXT('2D SPACE',''
  ) );
#2578 = PCURVE('',#911,#2579);
#2579 = DEFINITIONAL_REPRESENTATION('',(#2580),#2583);
#2580 = B_SPLINE_CURVE_WITH_KNOTS('',1,(#2581,#2582),.UNSPECIFIED.,.F.,
  .F.,(2,2),(-17.5,17.5),.PIECEWISE_BEZIER_KNOTS.);
#2581 = CARTESIAN_POINT('',(5.,-17.5));
#2582 = CARTESIAN_POINT('',(5.,17.5));
#2583 = ( GEOMETRIC_REPRESENTATION_CONTEXT(2) 
PARAMETRIC_REPRESENTATION_CONTEXT() REPRESENTATION_CONTEXT('2D SPACE',''
  ) );
#2584 = ORIENTED_EDGE('',*,*,#2585,.F.);
#2585 = EDGE_CURVE('',#2586,#2565,#2588,.T.);
#2586 = VERTEX_POINT('',#2587);
#2587 = CARTESIAN_POINT('',(-100.,16.770509831248,-5.));
#2588 = SURFACE_CURVE('',#2589,(#2593,#2599),.PCURVE_S1.);
#2589 = LINE('',#2590,#2591);
#2590 = CARTESIAN_POINT('',(-35.,16.770509831248,-5.));
#2591 = VECTOR('',#2592,1.);
#2592 = DIRECTION('',(-1.,0.,0.));
#2593 = PCURVE('',#93,#2594);
#2594 = DEFINITIONAL_REPRESENTATION('',(#2595),#2598);
#2595 = B_SPLINE_CURVE_WITH_KNOTS('',1,(#2596,#2597),.UNSPECIFIED.,.F.,
  .F.,(2,2),(-5.999999999062E-07,70.0000006),.PIECEWISE_BEZIER_KNOTS.);
#2596 = CARTESIAN_POINT('',(-34.9999994,16.770509831248));
#2597 = CARTESIAN_POINT('',(-105.0000006,16.770509831248));
#2598 = ( GEOMETRIC_REPRESENTATION_CONTEXT(2) 
PARAMETRIC_REPRESENTATION_CONTEXT() REPRESENTATION_CONTEXT('2D SPACE',''
  ) );
#2599 = PCURVE('',#749,#2600);
#2600 = DEFINITIONAL_REPRESENTATION('',(#2601),#2604);
#2601 = B_SPLINE_CURVE_WITH_KNOTS('',1,(#2602,#2603),.UNSPECIFIED.,.F.,
  .F.,(2,2),(-5.999999999062E-07,70.0000006),.PIECEWISE_BEZIER_KNOTS.);
#2602 = CARTESIAN_POINT('',(5.002140681821,-5.999999999062E-07));
#2603 = CARTESIAN_POINT('',(5.002140681821,70.0000006));
#2604 = ( GEOMETRIC_REPRESENTATION_CONTEXT(2) 
PARAMETRIC_REPRESENTATION_CONTEXT() REPRESENTATION_CONTEXT('2D SPACE',''
  ) );
#2605 = ORIENTED_EDGE('',*,*,#2606,.F.);
#2606 = EDGE_CURVE('',#2361,#2586,#2607,.T.);
#2607 = SURFACE_CURVE('',#2608,(#2612,#2618),.PCURVE_S1.);
#2608 = LINE('',#2609,#2610);
#2609 = CARTESIAN_POINT('',(-100.,0.,-5.));
#2610 = VECTOR('',#2611,1.);
#2611 = DIRECTION('',(0.,-1.,0.));
#2612 = PCURVE('',#93,#2613);
#2613 = DEFINITIONAL_REPRESENTATION('',(#2614),#2617);
#2614 = B_SPLINE_CURVE_WITH_KNOTS('',1,(#2615,#2616),.UNSPECIFIED.,.F.,
  .F.,(2,2),(-19.5,19.5),.PIECEWISE_BEZIER_KNOTS.);
#2615 = CARTESIAN_POINT('',(-100.,19.5));
#2616 = CARTESIAN_POINT('',(-100.,-19.5));
#2617 = ( GEOMETRIC_REPRESENTATION_CONTEXT(2) 
PARAMETRIC_REPRESENTATION_CONTEXT() REPRESENTATION_CONTEXT('2D SPACE',''
  ) );
#2618 = PCURVE('',#2532,#2619);
#2619 = DEFINITIONAL_REPRESENTATION('',(#2620),#2623);
#2620 = B_SPLINE_CURVE_WITH_KNOTS('',1,(#2621,#2622),.UNSPECIFIED.,.F.,
  .F.,(2,2),(-19.5,19.5),.PIECEWISE_BEZIER_KNOTS.);
#2621 = CARTESIAN_POINT('',(5.,-19.5));
#2622 = CARTESIAN_POINT('',(5.,19.5));
#2623 = ( GEOMETRIC_REPRESENTATION_CONTEXT(2) 
PARAMETRIC_REPRESENTATION_CONTEXT() REPRESENTATION_CONTEXT('2D SPACE',''
  ) );
#2624 = FACE_BOUND('',#2625,.F.);
#2625 = EDGE_LOOP('',(#2626,#2654,#2680,#2701,#2722,#2743,#2764,#2785,
    #2811,#2832,#2853,#2874));
#2626 = ORIENTED_EDGE('',*,*,#2627,.F.);
#2627 = EDGE_CURVE('',#2628,#2630,#2632,.T.);
#2628 = VERTEX_POINT('',#2629);
#2629 = CARTESIAN_POINT('',(-3.677206364165,44.064245748173,-5.));
#2630 = VERTEX_POINT('',#2631);
#2631 = CARTESIAN_POINT('',(-33.67720636416,96.024245748173,-5.));
#2632 = SURFACE_CURVE('',#2633,(#2637,#2643),.PCURVE_S1.);
#2633 = LINE('',#2634,#2635);
#2634 = CARTESIAN_POINT('',(-3.677206364165,44.064245748173,-5.));
#2635 = VECTOR('',#2636,1.);
#2636 = DIRECTION('',(-0.500011000363,0.866019052629,0.));
#2637 = PCURVE('',#93,#2638);
#2638 = DEFINITIONAL_REPRESENTATION('',(#2639),#2642);
#2639 = B_SPLINE_CURVE_WITH_KNOTS('',1,(#2640,#2641),.UNSPECIFIED.,.F.,
  .F.,(2,2),(-5.999999954104E-07,59.99868058548),
  .PIECEWISE_BEZIER_KNOTS.);
#2640 = CARTESIAN_POINT('',(-3.677206064159,44.064245228561));
#2641 = CARTESIAN_POINT('',(-33.67720666417,96.024246267784));
#2642 = ( GEOMETRIC_REPRESENTATION_CONTEXT(2) 
PARAMETRIC_REPRESENTATION_CONTEXT() REPRESENTATION_CONTEXT('2D SPACE',''
  ) );
#2643 = PCURVE('',#2644,#2649);
#2644 = CYLINDRICAL_SURFACE('',#2645,19.5);
#2645 = AXIS2_PLACEMENT_3D('',#2646,#2647,#2648);
#2646 = CARTESIAN_POINT('',(-20.,34.64,0.));
#2647 = DIRECTION('',(-0.500011000363,0.866019052629,0.));
#2648 = DIRECTION('',(0.866019052629,0.500011000363,0.));
#2649 = DEFINITIONAL_REPRESENTATION('',(#2650),#2653);
#2650 = B_SPLINE_CURVE_WITH_KNOTS('',1,(#2651,#2652),.UNSPECIFIED.,.F.,
  .F.,(2,2),(-5.999999954104E-07,59.99868058548),
  .PIECEWISE_BEZIER_KNOTS.);
#2651 = CARTESIAN_POINT('',(0.259306456273,-5.999999954104E-07));
#2652 = CARTESIAN_POINT('',(0.259306456273,59.99868058548));
#2653 = ( GEOMETRIC_REPRESENTATION_CONTEXT(2) 
PARAMETRIC_REPRESENTATION_CONTEXT() REPRESENTATION_CONTEXT('2D SPACE',''
  ) );
#2654 = ORIENTED_EDGE('',*,*,#2655,.T.);
#2655 = EDGE_CURVE('',#2628,#2656,#2658,.T.);
#2656 = VERTEX_POINT('',#2657);
#2657 = CARTESIAN_POINT('',(-5.476418963841,43.02543939732,-5.));
#2658 = SURFACE_CURVE('',#2659,(#2663,#2669),.PCURVE_S1.);
#2659 = LINE('',#2660,#2661);
#2660 = CARTESIAN_POINT('',(-20.,34.64,-5.));
#2661 = VECTOR('',#2662,1.);
#2662 = DIRECTION('',(-0.866019052629,-0.500011000363,0.));
#2663 = PCURVE('',#93,#2664);
#2664 = DEFINITIONAL_REPRESENTATION('',(#2665),#2668);
#2665 = B_SPLINE_CURVE_WITH_KNOTS('',1,(#2666,#2667),.UNSPECIFIED.,.F.,
  .F.,(2,2),(-19.5,19.5),.PIECEWISE_BEZIER_KNOTS.);
#2666 = CARTESIAN_POINT('',(-3.11262847374,44.390214507079));
#2667 = CARTESIAN_POINT('',(-36.88737152626,24.889785492921));
#2668 = ( GEOMETRIC_REPRESENTATION_CONTEXT(2) 
PARAMETRIC_REPRESENTATION_CONTEXT() REPRESENTATION_CONTEXT('2D SPACE',''
  ) );
#2669 = PCURVE('',#2670,#2675);
#2670 = PLANE('',#2671);
#2671 = AXIS2_PLACEMENT_3D('',#2672,#2673,#2674);
#2672 = CARTESIAN_POINT('',(-20.,34.64,0.));
#2673 = DIRECTION('',(-0.500011000363,0.866019052629,0.));
#2674 = DIRECTION('',(0.866019052629,0.500011000363,0.));
#2675 = DEFINITIONAL_REPRESENTATION('',(#2676),#2679);
#2676 = B_SPLINE_CURVE_WITH_KNOTS('',1,(#2677,#2678),.UNSPECIFIED.,.F.,
  .F.,(2,2),(-19.5,19.5),.PIECEWISE_BEZIER_KNOTS.);
#2677 = CARTESIAN_POINT('',(19.5,5.));
#2678 = CARTESIAN_POINT('',(-19.5,5.));
#2679 = ( GEOMETRIC_REPRESENTATION_CONTEXT(2) 
PARAMETRIC_REPRESENTATION_CONTEXT() REPRESENTATION_CONTEXT('2D SPACE',''
  ) );
#2680 = ORIENTED_EDGE('',*,*,#2681,.F.);
#2681 = EDGE_CURVE('',#2682,#2656,#2684,.T.);
#2682 = VERTEX_POINT('',#2683);
#2683 = CARTESIAN_POINT('',(-2.976418963841,38.69543939732,-5.));
#2684 = SURFACE_CURVE('',#2685,(#2689,#2695),.PCURVE_S1.);
#2685 = LINE('',#2686,#2687);
#2686 = CARTESIAN_POINT('',(-2.976418963841,38.69543939732,-5.));
#2687 = VECTOR('',#2688,1.);
#2688 = DIRECTION('',(-0.500011000363,0.866019052629,0.));
#2689 = PCURVE('',#93,#2690);
#2690 = DEFINITIONAL_REPRESENTATION('',(#2691),#2694);
#2691 = B_SPLINE_CURVE_WITH_KNOTS('',1,(#2692,#2693),.UNSPECIFIED.,.F.,
  .F.,(2,2),(-5.999999971868E-07,69.99846058306),
  .PIECEWISE_BEZIER_KNOTS.);
#2692 = CARTESIAN_POINT('',(-2.976418663835,38.695438877709));
#2693 = CARTESIAN_POINT('',(-37.97641926384,99.315439916932));
#2694 = ( GEOMETRIC_REPRESENTATION_CONTEXT(2) 
PARAMETRIC_REPRESENTATION_CONTEXT() REPRESENTATION_CONTEXT('2D SPACE',''
  ) );
#2695 = PCURVE('',#1033,#2696);
#2696 = DEFINITIONAL_REPRESENTATION('',(#2697),#2700);
#2697 = B_SPLINE_CURVE_WITH_KNOTS('',1,(#2698,#2699),.UNSPECIFIED.,.F.,
  .F.,(2,2),(-5.999999971868E-07,69.99846058306),
  .PIECEWISE_BEZIER_KNOTS.);
#2698 = CARTESIAN_POINT('',(0.289751701436,-5.999999989631E-07));
#2699 = CARTESIAN_POINT('',(0.289751701436,69.99846058306));
#2700 = ( GEOMETRIC_REPRESENTATION_CONTEXT(2) 
PARAMETRIC_REPRESENTATION_CONTEXT() REPRESENTATION_CONTEXT('2D SPACE',''
  ) );
#2701 = ORIENTED_EDGE('',*,*,#2702,.T.);
#2702 = EDGE_CURVE('',#2682,#2703,#2705,.T.);
#2703 = VERTEX_POINT('',#2704);
#2704 = CARTESIAN_POINT('',(-32.02358103615,21.92456060268,-5.));
#2705 = SURFACE_CURVE('',#2706,(#2710,#2716),.PCURVE_S1.);
#2706 = LINE('',#2707,#2708);
#2707 = CARTESIAN_POINT('',(-17.5,30.31,-5.));
#2708 = VECTOR('',#2709,1.);
#2709 = DIRECTION('',(-0.866019052629,-0.500011000363,0.));
#2710 = PCURVE('',#93,#2711);
#2711 = DEFINITIONAL_REPRESENTATION('',(#2712),#2715);
#2712 = B_SPLINE_CURVE_WITH_KNOTS('',1,(#2713,#2714),.UNSPECIFIED.,.F.,
  .F.,(2,2),(-17.5,17.5),.PIECEWISE_BEZIER_KNOTS.);
#2713 = CARTESIAN_POINT('',(-2.344666578997,39.060192506353));
#2714 = CARTESIAN_POINT('',(-32.655333421,21.559807493647));
#2715 = ( GEOMETRIC_REPRESENTATION_CONTEXT(2) 
PARAMETRIC_REPRESENTATION_CONTEXT() REPRESENTATION_CONTEXT('2D SPACE',''
  ) );
#2716 = PCURVE('',#1059,#2717);
#2717 = DEFINITIONAL_REPRESENTATION('',(#2718),#2721);
#2718 = B_SPLINE_CURVE_WITH_KNOTS('',1,(#2719,#2720),.UNSPECIFIED.,.F.,
  .F.,(2,2),(-17.5,17.5),.PIECEWISE_BEZIER_KNOTS.);
#2719 = CARTESIAN_POINT('',(17.5,5.));
#2720 = CARTESIAN_POINT('',(-17.5,5.));
#2721 = ( GEOMETRIC_REPRESENTATION_CONTEXT(2) 
PARAMETRIC_REPRESENTATION_CONTEXT() REPRESENTATION_CONTEXT('2D SPACE',''
  ) );
#2722 = ORIENTED_EDGE('',*,*,#2723,.T.);
#2723 = EDGE_CURVE('',#2703,#2724,#2726,.T.);
#2724 = VERTEX_POINT('',#2725);
#2725 = CARTESIAN_POINT('',(-34.52358103615,26.25456060268,-5.));
#2726 = SURFACE_CURVE('',#2727,(#2731,#2737),.PCURVE_S1.);
#2727 = LINE('',#2728,#2729);
#2728 = CARTESIAN_POINT('',(-32.02358103615,21.92456060268,-5.));
#2729 = VECTOR('',#2730,1.);
#2730 = DIRECTION('',(-0.500011000363,0.866019052629,0.));
#2731 = PCURVE('',#93,#2732);
#2732 = DEFINITIONAL_REPRESENTATION('',(#2733),#2736);
#2733 = B_SPLINE_CURVE_WITH_KNOTS('',1,(#2734,#2735),.UNSPECIFIED.,.F.,
  .F.,(2,2),(-6.000000033402E-07,69.99846058306),
  .PIECEWISE_BEZIER_KNOTS.);
#2734 = CARTESIAN_POINT('',(-32.02358073615,21.924560083068));
#2735 = CARTESIAN_POINT('',(-67.02358133616,82.544561122291));
#2736 = ( GEOMETRIC_REPRESENTATION_CONTEXT(2) 
PARAMETRIC_REPRESENTATION_CONTEXT() REPRESENTATION_CONTEXT('2D SPACE',''
  ) );
#2737 = PCURVE('',#1033,#2738);
#2738 = DEFINITIONAL_REPRESENTATION('',(#2739),#2742);
#2739 = B_SPLINE_CURVE_WITH_KNOTS('',1,(#2740,#2741),.UNSPECIFIED.,.F.,
  .F.,(2,2),(-6.000000033402E-07,69.99846058306),
  .PIECEWISE_BEZIER_KNOTS.);
#2740 = CARTESIAN_POINT('',(2.851840952154,-5.999999997875E-07));
#2741 = CARTESIAN_POINT('',(2.851840952154,69.99846058306));
#2742 = ( GEOMETRIC_REPRESENTATION_CONTEXT(2) 
PARAMETRIC_REPRESENTATION_CONTEXT() REPRESENTATION_CONTEXT('2D SPACE',''
  ) );
#2743 = ORIENTED_EDGE('',*,*,#2744,.T.);
#2744 = EDGE_CURVE('',#2724,#2745,#2747,.T.);
#2745 = VERTEX_POINT('',#2746);
#2746 = CARTESIAN_POINT('',(-36.32279363583,25.215754251827,-5.));
#2747 = SURFACE_CURVE('',#2748,(#2752,#2758),.PCURVE_S1.);
#2748 = LINE('',#2749,#2750);
#2749 = CARTESIAN_POINT('',(-20.,34.64,-5.));
#2750 = VECTOR('',#2751,1.);
#2751 = DIRECTION('',(-0.866019052629,-0.500011000363,0.));
#2752 = PCURVE('',#93,#2753);
#2753 = DEFINITIONAL_REPRESENTATION('',(#2754),#2757);
#2754 = B_SPLINE_CURVE_WITH_KNOTS('',1,(#2755,#2756),.UNSPECIFIED.,.F.,
  .F.,(2,2),(-19.5,19.5),.PIECEWISE_BEZIER_KNOTS.);
#2755 = CARTESIAN_POINT('',(-3.11262847374,44.390214507079));
#2756 = CARTESIAN_POINT('',(-36.88737152626,24.889785492921));
#2757 = ( GEOMETRIC_REPRESENTATION_CONTEXT(2) 
PARAMETRIC_REPRESENTATION_CONTEXT() REPRESENTATION_CONTEXT('2D SPACE',''
  ) );
#2758 = PCURVE('',#2670,#2759);
#2759 = DEFINITIONAL_REPRESENTATION('',(#2760),#2763);
#2760 = B_SPLINE_CURVE_WITH_KNOTS('',1,(#2761,#2762),.UNSPECIFIED.,.F.,
  .F.,(2,2),(-19.5,19.5),.PIECEWISE_BEZIER_KNOTS.);
#2761 = CARTESIAN_POINT('',(19.5,5.));
#2762 = CARTESIAN_POINT('',(-19.5,5.));
#2763 = ( GEOMETRIC_REPRESENTATION_CONTEXT(2) 
PARAMETRIC_REPRESENTATION_CONTEXT() REPRESENTATION_CONTEXT('2D SPACE',''
  ) );
#2764 = ORIENTED_EDGE('',*,*,#2765,.T.);
#2765 = EDGE_CURVE('',#2745,#2766,#2768,.T.);
#2766 = VERTEX_POINT('',#2767);
#2767 = CARTESIAN_POINT('',(-66.32279363583,77.175754251827,-5.));
#2768 = SURFACE_CURVE('',#2769,(#2773,#2779),.PCURVE_S1.);
#2769 = LINE('',#2770,#2771);
#2770 = CARTESIAN_POINT('',(-36.32279363583,25.215754251827,-5.));
#2771 = VECTOR('',#2772,1.);
#2772 = DIRECTION('',(-0.500011000363,0.866019052629,0.));
#2773 = PCURVE('',#93,#2774);
#2774 = DEFINITIONAL_REPRESENTATION('',(#2775),#2778);
#2775 = B_SPLINE_CURVE_WITH_KNOTS('',1,(#2776,#2777),.UNSPECIFIED.,.F.,
  .F.,(2,2),(-5.999999997874E-07,59.99868058548),
  .PIECEWISE_BEZIER_KNOTS.);
#2776 = CARTESIAN_POINT('',(-36.32279333582,25.215753732216));
#2777 = CARTESIAN_POINT('',(-66.32279393584,77.175754771439));
#2778 = ( GEOMETRIC_REPRESENTATION_CONTEXT(2) 
PARAMETRIC_REPRESENTATION_CONTEXT() REPRESENTATION_CONTEXT('2D SPACE',''
  ) );
#2779 = PCURVE('',#2644,#2780);
#2780 = DEFINITIONAL_REPRESENTATION('',(#2781),#2784);
#2781 = B_SPLINE_CURVE_WITH_KNOTS('',1,(#2782,#2783),.UNSPECIFIED.,.F.,
  .F.,(2,2),(-5.999999997874E-07,59.99868058548),
  .PIECEWISE_BEZIER_KNOTS.);
#2782 = CARTESIAN_POINT('',(2.882286197317,-6.000000015638E-07));
#2783 = CARTESIAN_POINT('',(2.882286197317,59.99868058548));
#2784 = ( GEOMETRIC_REPRESENTATION_CONTEXT(2) 
PARAMETRIC_REPRESENTATION_CONTEXT() REPRESENTATION_CONTEXT('2D SPACE',''
  ) );
#2785 = ORIENTED_EDGE('',*,*,#2786,.F.);
#2786 = EDGE_CURVE('',#2787,#2766,#2789,.T.);
#2787 = VERTEX_POINT('',#2788);
#2788 = CARTESIAN_POINT('',(-64.52358103615,78.21456060268,-5.));
#2789 = SURFACE_CURVE('',#2790,(#2794,#2800),.PCURVE_S1.);
#2790 = LINE('',#2791,#2792);
#2791 = CARTESIAN_POINT('',(-50.,86.6,-5.));
#2792 = VECTOR('',#2793,1.);
#2793 = DIRECTION('',(-0.866019052629,-0.500011000363,0.));
#2794 = PCURVE('',#93,#2795);
#2795 = DEFINITIONAL_REPRESENTATION('',(#2796),#2799);
#2796 = B_SPLINE_CURVE_WITH_KNOTS('',1,(#2797,#2798),.UNSPECIFIED.,.F.,
  .F.,(2,2),(-19.5,19.5),.PIECEWISE_BEZIER_KNOTS.);
#2797 = CARTESIAN_POINT('',(-33.11262847374,96.350214507079));
#2798 = CARTESIAN_POINT('',(-66.88737152626,76.849785492921));
#2799 = ( GEOMETRIC_REPRESENTATION_CONTEXT(2) 
PARAMETRIC_REPRESENTATION_CONTEXT() REPRESENTATION_CONTEXT('2D SPACE',''
  ) );
#2800 = PCURVE('',#2801,#2806);
#2801 = PLANE('',#2802);
#2802 = AXIS2_PLACEMENT_3D('',#2803,#2804,#2805);
#2803 = CARTESIAN_POINT('',(-50.,86.6,0.));
#2804 = DIRECTION('',(-0.500011000363,0.866019052629,0.));
#2805 = DIRECTION('',(0.866019052629,0.500011000363,0.));
#2806 = DEFINITIONAL_REPRESENTATION('',(#2807),#2810);
#2807 = B_SPLINE_CURVE_WITH_KNOTS('',1,(#2808,#2809),.UNSPECIFIED.,.F.,
  .F.,(2,2),(-19.5,19.5),.PIECEWISE_BEZIER_KNOTS.);
#2808 = CARTESIAN_POINT('',(19.5,5.));
#2809 = CARTESIAN_POINT('',(-19.5,5.));
#2810 = ( GEOMETRIC_REPRESENTATION_CONTEXT(2) 
PARAMETRIC_REPRESENTATION_CONTEXT() REPRESENTATION_CONTEXT('2D SPACE',''
  ) );
#2811 = ORIENTED_EDGE('',*,*,#2812,.T.);
#2812 = EDGE_CURVE('',#2787,#2813,#2815,.T.);
#2813 = VERTEX_POINT('',#2814);
#2814 = CARTESIAN_POINT('',(-67.02358103615,82.54456060268,-5.));
#2815 = SURFACE_CURVE('',#2816,(#2820,#2826),.PCURVE_S1.);
#2816 = LINE('',#2817,#2818);
#2817 = CARTESIAN_POINT('',(-32.02358103615,21.92456060268,-5.));
#2818 = VECTOR('',#2819,1.);
#2819 = DIRECTION('',(-0.500011000363,0.866019052629,0.));
#2820 = PCURVE('',#93,#2821);
#2821 = DEFINITIONAL_REPRESENTATION('',(#2822),#2825);
#2822 = B_SPLINE_CURVE_WITH_KNOTS('',1,(#2823,#2824),.UNSPECIFIED.,.F.,
  .F.,(2,2),(-6.000000033402E-07,69.99846058306),
  .PIECEWISE_BEZIER_KNOTS.);
#2823 = CARTESIAN_POINT('',(-32.02358073615,21.924560083068));
#2824 = CARTESIAN_POINT('',(-67.02358133616,82.544561122291));
#2825 = ( GEOMETRIC_REPRESENTATION_CONTEXT(2) 
PARAMETRIC_REPRESENTATION_CONTEXT() REPRESENTATION_CONTEXT('2D SPACE',''
  ) );
#2826 = PCURVE('',#1033,#2827);
#2827 = DEFINITIONAL_REPRESENTATION('',(#2828),#2831);
#2828 = B_SPLINE_CURVE_WITH_KNOTS('',1,(#2829,#2830),.UNSPECIFIED.,.F.,
  .F.,(2,2),(-6.000000033402E-07,69.99846058306),
  .PIECEWISE_BEZIER_KNOTS.);
#2829 = CARTESIAN_POINT('',(2.851840952154,-5.999999997875E-07));
#2830 = CARTESIAN_POINT('',(2.851840952154,69.99846058306));
#2831 = ( GEOMETRIC_REPRESENTATION_CONTEXT(2) 
PARAMETRIC_REPRESENTATION_CONTEXT() REPRESENTATION_CONTEXT('2D SPACE',''
  ) );
#2832 = ORIENTED_EDGE('',*,*,#2833,.F.);
#2833 = EDGE_CURVE('',#2834,#2813,#2836,.T.);
#2834 = VERTEX_POINT('',#2835);
#2835 = CARTESIAN_POINT('',(-37.97641896384,99.31543939732,-5.));
#2836 = SURFACE_CURVE('',#2837,(#2841,#2847),.PCURVE_S1.);
#2837 = LINE('',#2838,#2839);
#2838 = CARTESIAN_POINT('',(-52.5,90.93,-5.));
#2839 = VECTOR('',#2840,1.);
#2840 = DIRECTION('',(-0.866019052629,-0.500011000363,0.));
#2841 = PCURVE('',#93,#2842);
#2842 = DEFINITIONAL_REPRESENTATION('',(#2843),#2846);
#2843 = B_SPLINE_CURVE_WITH_KNOTS('',1,(#2844,#2845),.UNSPECIFIED.,.F.,
  .F.,(2,2),(-17.5,17.5),.PIECEWISE_BEZIER_KNOTS.);
#2844 = CARTESIAN_POINT('',(-37.34466657899,99.680192506353));
#2845 = CARTESIAN_POINT('',(-67.655333421,82.179807493647));
#2846 = ( GEOMETRIC_REPRESENTATION_CONTEXT(2) 
PARAMETRIC_REPRESENTATION_CONTEXT() REPRESENTATION_CONTEXT('2D SPACE',''
  ) );
#2847 = PCURVE('',#1195,#2848);
#2848 = DEFINITIONAL_REPRESENTATION('',(#2849),#2852);
#2849 = B_SPLINE_CURVE_WITH_KNOTS('',1,(#2850,#2851),.UNSPECIFIED.,.F.,
  .F.,(2,2),(-17.5,17.5),.PIECEWISE_BEZIER_KNOTS.);
#2850 = CARTESIAN_POINT('',(17.5,5.));
#2851 = CARTESIAN_POINT('',(-17.5,5.));
#2852 = ( GEOMETRIC_REPRESENTATION_CONTEXT(2) 
PARAMETRIC_REPRESENTATION_CONTEXT() REPRESENTATION_CONTEXT('2D SPACE',''
  ) );
#2853 = ORIENTED_EDGE('',*,*,#2854,.F.);
#2854 = EDGE_CURVE('',#2855,#2834,#2857,.T.);
#2855 = VERTEX_POINT('',#2856);
#2856 = CARTESIAN_POINT('',(-35.47641896384,94.98543939732,-5.));
#2857 = SURFACE_CURVE('',#2858,(#2862,#2868),.PCURVE_S1.);
#2858 = LINE('',#2859,#2860);
#2859 = CARTESIAN_POINT('',(-2.976418963841,38.69543939732,-5.));
#2860 = VECTOR('',#2861,1.);
#2861 = DIRECTION('',(-0.500011000363,0.866019052629,0.));
#2862 = PCURVE('',#93,#2863);
#2863 = DEFINITIONAL_REPRESENTATION('',(#2864),#2867);
#2864 = B_SPLINE_CURVE_WITH_KNOTS('',1,(#2865,#2866),.UNSPECIFIED.,.F.,
  .F.,(2,2),(-5.999999971868E-07,69.99846058306),
  .PIECEWISE_BEZIER_KNOTS.);
#2865 = CARTESIAN_POINT('',(-2.976418663835,38.695438877709));
#2866 = CARTESIAN_POINT('',(-37.97641926384,99.315439916932));
#2867 = ( GEOMETRIC_REPRESENTATION_CONTEXT(2) 
PARAMETRIC_REPRESENTATION_CONTEXT() REPRESENTATION_CONTEXT('2D SPACE',''
  ) );
#2868 = PCURVE('',#1033,#2869);
#2869 = DEFINITIONAL_REPRESENTATION('',(#2870),#2873);
#2870 = B_SPLINE_CURVE_WITH_KNOTS('',1,(#2871,#2872),.UNSPECIFIED.,.F.,
  .F.,(2,2),(-5.999999971868E-07,69.99846058306),
  .PIECEWISE_BEZIER_KNOTS.);
#2871 = CARTESIAN_POINT('',(0.289751701436,-5.999999989631E-07));
#2872 = CARTESIAN_POINT('',(0.289751701436,69.99846058306));
#2873 = ( GEOMETRIC_REPRESENTATION_CONTEXT(2) 
PARAMETRIC_REPRESENTATION_CONTEXT() REPRESENTATION_CONTEXT('2D SPACE',''
  ) );
#2874 = ORIENTED_EDGE('',*,*,#2875,.F.);
#2875 = EDGE_CURVE('',#2630,#2855,#2876,.T.);
#2876 = SURFACE_CURVE('',#2877,(#2881,#2887),.PCURVE_S1.);
#2877 = LINE('',#2878,#2879);
#2878 = CARTESIAN_POINT('',(-50.,86.6,-5.));
#2879 = VECTOR('',#2880,1.);
#2880 = DIRECTION('',(-0.866019052629,-0.500011000363,0.));
#2881 = PCURVE('',#93,#2882);
#2882 = DEFINITIONAL_REPRESENTATION('',(#2883),#2886);
#2883 = B_SPLINE_CURVE_WITH_KNOTS('',1,(#2884,#2885),.UNSPECIFIED.,.F.,
  .F.,(2,2),(-19.5,19.5),.PIECEWISE_BEZIER_KNOTS.);
#2884 = CARTESIAN_POINT('',(-33.11262847374,96.350214507079));
#2885 = CARTESIAN_POINT('',(-66.88737152626,76.849785492921));
#2886 = ( GEOMETRIC_REPRESENTATION_CONTEXT(2) 
PARAMETRIC_REPRESENTATION_CONTEXT() REPRESENTATION_CONTEXT('2D SPACE',''
  ) );
#2887 = PCURVE('',#2801,#2888);
#2888 = DEFINITIONAL_REPRESENTATION('',(#2889),#2892);
#2889 = B_SPLINE_CURVE_WITH_KNOTS('',1,(#2890,#2891),.UNSPECIFIED.,.F.,
  .F.,(2,2),(-19.5,19.5),.PIECEWISE_BEZIER_KNOTS.);
#2890 = CARTESIAN_POINT('',(19.5,5.));
#2891 = CARTESIAN_POINT('',(-19.5,5.));
#2892 = ( GEOMETRIC_REPRESENTATION_CONTEXT(2) 
PARAMETRIC_REPRESENTATION_CONTEXT() REPRESENTATION_CONTEXT('2D SPACE',''
  ) );
#2893 = FACE_BOUND('',#2894,.F.);
#2894 = EDGE_LOOP('',(#2895,#2923,#2949,#2970,#2991,#3012,#3033,#3054,
    #3080,#3101,#3122,#3143));
#2895 = ORIENTED_EDGE('',*,*,#2896,.F.);
#2896 = EDGE_CURVE('',#2897,#2899,#2901,.T.);
#2897 = VERTEX_POINT('',#2898);
#2898 = CARTESIAN_POINT('',(40.,-18.84807682497,-5.));
#2899 = VERTEX_POINT('',#2900);
#2900 = CARTESIAN_POINT('',(100.,-18.84807682497,-5.));
#2901 = SURFACE_CURVE('',#2902,(#2906,#2912),.PCURVE_S1.);
#2902 = LINE('',#2903,#2904);
#2903 = CARTESIAN_POINT('',(40.,-18.84807682497,-5.));
#2904 = VECTOR('',#2905,1.);
#2905 = DIRECTION('',(1.,0.,0.));
#2906 = PCURVE('',#93,#2907);
#2907 = DEFINITIONAL_REPRESENTATION('',(#2908),#2911);
#2908 = B_SPLINE_CURVE_WITH_KNOTS('',1,(#2909,#2910),.UNSPECIFIED.,.F.,
  .F.,(2,2),(-5.999999999062E-07,60.0000006),.PIECEWISE_BEZIER_KNOTS.);
#2909 = CARTESIAN_POINT('',(39.9999994,-18.84807682497));
#2910 = CARTESIAN_POINT('',(100.0000006,-18.84807682497));
#2911 = ( GEOMETRIC_REPRESENTATION_CONTEXT(2) 
PARAMETRIC_REPRESENTATION_CONTEXT() REPRESENTATION_CONTEXT('2D SPACE',''
  ) );
#2912 = PCURVE('',#2913,#2918);
#2913 = CYLINDRICAL_SURFACE('',#2914,19.5);
#2914 = AXIS2_PLACEMENT_3D('',#2915,#2916,#2917);
#2915 = CARTESIAN_POINT('',(40.,0.,0.));
#2916 = DIRECTION('',(1.,0.,0.));
#2917 = DIRECTION('',(-0.,0.,1.));
#2918 = DEFINITIONAL_REPRESENTATION('',(#2919),#2922);
#2919 = B_SPLINE_CURVE_WITH_KNOTS('',1,(#2920,#2921),.UNSPECIFIED.,.F.,
  .F.,(2,2),(-5.999999999062E-07,60.0000006),.PIECEWISE_BEZIER_KNOTS.);
#2920 = CARTESIAN_POINT('',(1.830102783068,-5.999999999062E-07));
#2921 = CARTESIAN_POINT('',(1.830102783068,60.0000006));
#2922 = ( GEOMETRIC_REPRESENTATION_CONTEXT(2) 
PARAMETRIC_REPRESENTATION_CONTEXT() REPRESENTATION_CONTEXT('2D SPACE',''
  ) );
#2923 = ORIENTED_EDGE('',*,*,#2924,.T.);
#2924 = EDGE_CURVE('',#2897,#2925,#2927,.T.);
#2925 = VERTEX_POINT('',#2926);
#2926 = CARTESIAN_POINT('',(40.,-16.77050983124,-5.));
#2927 = SURFACE_CURVE('',#2928,(#2932,#2938),.PCURVE_S1.);
#2928 = LINE('',#2929,#2930);
#2929 = CARTESIAN_POINT('',(40.,0.,-5.));
#2930 = VECTOR('',#2931,1.);
#2931 = DIRECTION('',(0.,1.,0.));
#2932 = PCURVE('',#93,#2933);
#2933 = DEFINITIONAL_REPRESENTATION('',(#2934),#2937);
#2934 = B_SPLINE_CURVE_WITH_KNOTS('',1,(#2935,#2936),.UNSPECIFIED.,.F.,
  .F.,(2,2),(-19.5,19.5),.PIECEWISE_BEZIER_KNOTS.);
#2935 = CARTESIAN_POINT('',(40.,-19.5));
#2936 = CARTESIAN_POINT('',(40.,19.5));
#2937 = ( GEOMETRIC_REPRESENTATION_CONTEXT(2) 
PARAMETRIC_REPRESENTATION_CONTEXT() REPRESENTATION_CONTEXT('2D SPACE',''
  ) );
#2938 = PCURVE('',#2939,#2944);
#2939 = PLANE('',#2940);
#2940 = AXIS2_PLACEMENT_3D('',#2941,#2942,#2943);
#2941 = CARTESIAN_POINT('',(40.,0.,0.));
#2942 = DIRECTION('',(1.,0.,0.));
#2943 = DIRECTION('',(-0.,0.,1.));
#2944 = DEFINITIONAL_REPRESENTATION('',(#2945),#2948);
#2945 = B_SPLINE_CURVE_WITH_KNOTS('',1,(#2946,#2947),.UNSPECIFIED.,.F.,
  .F.,(2,2),(-19.5,19.5),.PIECEWISE_BEZIER_KNOTS.);
#2946 = CARTESIAN_POINT('',(-5.,19.5));
#2947 = CARTESIAN_POINT('',(-5.,-19.5));
#2948 = ( GEOMETRIC_REPRESENTATION_CONTEXT(2) 
PARAMETRIC_REPRESENTATION_CONTEXT() REPRESENTATION_CONTEXT('2D SPACE',''
  ) );
#2949 = ORIENTED_EDGE('',*,*,#2950,.F.);
#2950 = EDGE_CURVE('',#2951,#2925,#2953,.T.);
#2951 = VERTEX_POINT('',#2952);
#2952 = CARTESIAN_POINT('',(35.,-16.77050983124,-5.));
#2953 = SURFACE_CURVE('',#2954,(#2958,#2964),.PCURVE_S1.);
#2954 = LINE('',#2955,#2956);
#2955 = CARTESIAN_POINT('',(35.,-16.77050983124,-5.));
#2956 = VECTOR('',#2957,1.);
#2957 = DIRECTION('',(1.,0.,0.));
#2958 = PCURVE('',#93,#2959);
#2959 = DEFINITIONAL_REPRESENTATION('',(#2960),#2963);
#2960 = B_SPLINE_CURVE_WITH_KNOTS('',1,(#2961,#2962),.UNSPECIFIED.,.F.,
  .F.,(2,2),(-5.999999999062E-07,70.0000006),.PIECEWISE_BEZIER_KNOTS.);
#2961 = CARTESIAN_POINT('',(34.9999994,-16.77050983124));
#2962 = CARTESIAN_POINT('',(105.0000006,-16.77050983124));
#2963 = ( GEOMETRIC_REPRESENTATION_CONTEXT(2) 
PARAMETRIC_REPRESENTATION_CONTEXT() REPRESENTATION_CONTEXT('2D SPACE',''
  ) );
#2964 = PCURVE('',#1317,#2965);
#2965 = DEFINITIONAL_REPRESENTATION('',(#2966),#2969);
#2966 = B_SPLINE_CURVE_WITH_KNOTS('',1,(#2967,#2968),.UNSPECIFIED.,.F.,
  .F.,(2,2),(-5.999999999062E-07,70.0000006),.PIECEWISE_BEZIER_KNOTS.);
#2967 = CARTESIAN_POINT('',(1.860548028231,-5.999999999062E-07));
#2968 = CARTESIAN_POINT('',(1.860548028231,70.0000006));
#2969 = ( GEOMETRIC_REPRESENTATION_CONTEXT(2) 
PARAMETRIC_REPRESENTATION_CONTEXT() REPRESENTATION_CONTEXT('2D SPACE',''
  ) );
#2970 = ORIENTED_EDGE('',*,*,#2971,.T.);
#2971 = EDGE_CURVE('',#2951,#2972,#2974,.T.);
#2972 = VERTEX_POINT('',#2973);
#2973 = CARTESIAN_POINT('',(35.,16.770509831248,-5.));
#2974 = SURFACE_CURVE('',#2975,(#2979,#2985),.PCURVE_S1.);
#2975 = LINE('',#2976,#2977);
#2976 = CARTESIAN_POINT('',(35.,0.,-5.));
#2977 = VECTOR('',#2978,1.);
#2978 = DIRECTION('',(0.,1.,0.));
#2979 = PCURVE('',#93,#2980);
#2980 = DEFINITIONAL_REPRESENTATION('',(#2981),#2984);
#2981 = B_SPLINE_CURVE_WITH_KNOTS('',1,(#2982,#2983),.UNSPECIFIED.,.F.,
  .F.,(2,2),(-17.5,17.5),.PIECEWISE_BEZIER_KNOTS.);
#2982 = CARTESIAN_POINT('',(35.,-17.5));
#2983 = CARTESIAN_POINT('',(35.,17.5));
#2984 = ( GEOMETRIC_REPRESENTATION_CONTEXT(2) 
PARAMETRIC_REPRESENTATION_CONTEXT() REPRESENTATION_CONTEXT('2D SPACE',''
  ) );
#2985 = PCURVE('',#1343,#2986);
#2986 = DEFINITIONAL_REPRESENTATION('',(#2987),#2990);
#2987 = B_SPLINE_CURVE_WITH_KNOTS('',1,(#2988,#2989),.UNSPECIFIED.,.F.,
  .F.,(2,2),(-17.5,17.5),.PIECEWISE_BEZIER_KNOTS.);
#2988 = CARTESIAN_POINT('',(-5.,17.5));
#2989 = CARTESIAN_POINT('',(-5.,-17.5));
#2990 = ( GEOMETRIC_REPRESENTATION_CONTEXT(2) 
PARAMETRIC_REPRESENTATION_CONTEXT() REPRESENTATION_CONTEXT('2D SPACE',''
  ) );
#2991 = ORIENTED_EDGE('',*,*,#2992,.T.);
#2992 = EDGE_CURVE('',#2972,#2993,#2995,.T.);
#2993 = VERTEX_POINT('',#2994);
#2994 = CARTESIAN_POINT('',(40.,16.770509831248,-5.));
#2995 = SURFACE_CURVE('',#2996,(#3000,#3006),.PCURVE_S1.);
#2996 = LINE('',#2997,#2998);
#2997 = CARTESIAN_POINT('',(35.,16.770509831248,-5.));
#2998 = VECTOR('',#2999,1.);
#2999 = DIRECTION('',(1.,0.,0.));
#3000 = PCURVE('',#93,#3001);
#3001 = DEFINITIONAL_REPRESENTATION('',(#3002),#3005);
#3002 = B_SPLINE_CURVE_WITH_KNOTS('',1,(#3003,#3004),.UNSPECIFIED.,.F.,
  .F.,(2,2),(-5.999999999062E-07,70.0000006),.PIECEWISE_BEZIER_KNOTS.);
#3003 = CARTESIAN_POINT('',(34.9999994,16.770509831248));
#3004 = CARTESIAN_POINT('',(105.0000006,16.770509831248));
#3005 = ( GEOMETRIC_REPRESENTATION_CONTEXT(2) 
PARAMETRIC_REPRESENTATION_CONTEXT() REPRESENTATION_CONTEXT('2D SPACE',''
  ) );
#3006 = PCURVE('',#1317,#3007);
#3007 = DEFINITIONAL_REPRESENTATION('',(#3008),#3011);
#3008 = B_SPLINE_CURVE_WITH_KNOTS('',1,(#3009,#3010),.UNSPECIFIED.,.F.,
  .F.,(2,2),(-5.999999999062E-07,70.0000006),.PIECEWISE_BEZIER_KNOTS.);
#3009 = CARTESIAN_POINT('',(4.422637278949,-5.999999999062E-07));
#3010 = CARTESIAN_POINT('',(4.422637278949,70.0000006));
#3011 = ( GEOMETRIC_REPRESENTATION_CONTEXT(2) 
PARAMETRIC_REPRESENTATION_CONTEXT() REPRESENTATION_CONTEXT('2D SPACE',''
  ) );
#3012 = ORIENTED_EDGE('',*,*,#3013,.T.);
#3013 = EDGE_CURVE('',#2993,#3014,#3016,.T.);
#3014 = VERTEX_POINT('',#3015);
#3015 = CARTESIAN_POINT('',(40.,18.848076824971,-5.));
#3016 = SURFACE_CURVE('',#3017,(#3021,#3027),.PCURVE_S1.);
#3017 = LINE('',#3018,#3019);
#3018 = CARTESIAN_POINT('',(40.,0.,-5.));
#3019 = VECTOR('',#3020,1.);
#3020 = DIRECTION('',(0.,1.,0.));
#3021 = PCURVE('',#93,#3022);
#3022 = DEFINITIONAL_REPRESENTATION('',(#3023),#3026);
#3023 = B_SPLINE_CURVE_WITH_KNOTS('',1,(#3024,#3025),.UNSPECIFIED.,.F.,
  .F.,(2,2),(-19.5,19.5),.PIECEWISE_BEZIER_KNOTS.);
#3024 = CARTESIAN_POINT('',(40.,-19.5));
#3025 = CARTESIAN_POINT('',(40.,19.5));
#3026 = ( GEOMETRIC_REPRESENTATION_CONTEXT(2) 
PARAMETRIC_REPRESENTATION_CONTEXT() REPRESENTATION_CONTEXT('2D SPACE',''
  ) );
#3027 = PCURVE('',#2939,#3028);
#3028 = DEFINITIONAL_REPRESENTATION('',(#3029),#3032);
#3029 = B_SPLINE_CURVE_WITH_KNOTS('',1,(#3030,#3031),.UNSPECIFIED.,.F.,
  .F.,(2,2),(-19.5,19.5),.PIECEWISE_BEZIER_KNOTS.);
#3030 = CARTESIAN_POINT('',(-5.,19.5));
#3031 = CARTESIAN_POINT('',(-5.,-19.5));
#3032 = ( GEOMETRIC_REPRESENTATION_CONTEXT(2) 
PARAMETRIC_REPRESENTATION_CONTEXT() REPRESENTATION_CONTEXT('2D SPACE',''
  ) );
#3033 = ORIENTED_EDGE('',*,*,#3034,.T.);
#3034 = EDGE_CURVE('',#3014,#3035,#3037,.T.);
#3035 = VERTEX_POINT('',#3036);
#3036 = CARTESIAN_POINT('',(100.,18.848076824971,-5.));
#3037 = SURFACE_CURVE('',#3038,(#3042,#3048),.PCURVE_S1.);
#3038 = LINE('',#3039,#3040);
#3039 = CARTESIAN_POINT('',(40.,18.848076824971,-5.));
#3040 = VECTOR('',#3041,1.);
#3041 = DIRECTION('',(1.,0.,0.));
#3042 = PCURVE('',#93,#3043);
#3043 = DEFINITIONAL_REPRESENTATION('',(#3044),#3047);
#3044 = B_SPLINE_CURVE_WITH_KNOTS('',1,(#3045,#3046),.UNSPECIFIED.,.F.,
  .F.,(2,2),(-5.999999999062E-07,60.0000006),.PIECEWISE_BEZIER_KNOTS.);
#3045 = CARTESIAN_POINT('',(39.9999994,18.848076824971));
#3046 = CARTESIAN_POINT('',(100.0000006,18.848076824971));
#3047 = ( GEOMETRIC_REPRESENTATION_CONTEXT(2) 
PARAMETRIC_REPRESENTATION_CONTEXT() REPRESENTATION_CONTEXT('2D SPACE',''
  ) );
#3048 = PCURVE('',#2913,#3049);
#3049 = DEFINITIONAL_REPRESENTATION('',(#3050),#3053);
#3050 = B_SPLINE_CURVE_WITH_KNOTS('',1,(#3051,#3052),.UNSPECIFIED.,.F.,
  .F.,(2,2),(-5.999999999062E-07,60.0000006),.PIECEWISE_BEZIER_KNOTS.);
#3051 = CARTESIAN_POINT('',(4.453082524112,-5.999999999062E-07));
#3052 = CARTESIAN_POINT('',(4.453082524112,60.0000006));
#3053 = ( GEOMETRIC_REPRESENTATION_CONTEXT(2) 
PARAMETRIC_REPRESENTATION_CONTEXT() REPRESENTATION_CONTEXT('2D SPACE',''
  ) );
#3054 = ORIENTED_EDGE('',*,*,#3055,.F.);
#3055 = EDGE_CURVE('',#3056,#3035,#3058,.T.);
#3056 = VERTEX_POINT('',#3057);
#3057 = CARTESIAN_POINT('',(100.,16.770509831248,-5.));
#3058 = SURFACE_CURVE('',#3059,(#3063,#3069),.PCURVE_S1.);
#3059 = LINE('',#3060,#3061);
#3060 = CARTESIAN_POINT('',(100.,0.,-5.));
#3061 = VECTOR('',#3062,1.);
#3062 = DIRECTION('',(0.,1.,0.));
#3063 = PCURVE('',#93,#3064);
#3064 = DEFINITIONAL_REPRESENTATION('',(#3065),#3068);
#3065 = B_SPLINE_CURVE_WITH_KNOTS('',1,(#3066,#3067),.UNSPECIFIED.,.F.,
  .F.,(2,2),(-19.5,19.5),.PIECEWISE_BEZIER_KNOTS.);
#3066 = CARTESIAN_POINT('',(100.,-19.5));
#3067 = CARTESIAN_POINT('',(100.,19.5));
#3068 = ( GEOMETRIC_REPRESENTATION_CONTEXT(2) 
PARAMETRIC_REPRESENTATION_CONTEXT() REPRESENTATION_CONTEXT('2D SPACE',''
  ) );
#3069 = PCURVE('',#3070,#3075);
#3070 = PLANE('',#3071);
#3071 = AXIS2_PLACEMENT_3D('',#3072,#3073,#3074);
#3072 = CARTESIAN_POINT('',(100.,0.,0.));
#3073 = DIRECTION('',(1.,0.,0.));
#3074 = DIRECTION('',(-0.,0.,1.));
#3075 = DEFINITIONAL_REPRESENTATION('',(#3076),#3079);
#3076 = B_SPLINE_CURVE_WITH_KNOTS('',1,(#3077,#3078),.UNSPECIFIED.,.F.,
  .F.,(2,2),(-19.5,19.5),.PIECEWISE_BEZIER_KNOTS.);
#3077 = CARTESIAN_POINT('',(-5.,19.5));
#3078 = CARTESIAN_POINT('',(-5.,-19.5));
#3079 = ( GEOMETRIC_REPRESENTATION_CONTEXT(2) 
PARAMETRIC_REPRESENTATION_CONTEXT() REPRESENTATION_CONTEXT('2D SPACE',''
  ) );
#3080 = ORIENTED_EDGE('',*,*,#3081,.T.);
#3081 = EDGE_CURVE('',#3056,#3082,#3084,.T.);
#3082 = VERTEX_POINT('',#3083);
#3083 = CARTESIAN_POINT('',(105.,16.770509831248,-5.));
#3084 = SURFACE_CURVE('',#3085,(#3089,#3095),.PCURVE_S1.);
#3085 = LINE('',#3086,#3087);
#3086 = CARTESIAN_POINT('',(35.,16.770509831248,-5.));
#3087 = VECTOR('',#3088,1.);
#3088 = DIRECTION('',(1.,0.,0.));
#3089 = PCURVE('',#93,#3090);
#3090 = DEFINITIONAL_REPRESENTATION('',(#3091),#3094);
#3091 = B_SPLINE_CURVE_WITH_KNOTS('',1,(#3092,#3093),.UNSPECIFIED.,.F.,
  .F.,(2,2),(-5.999999999062E-07,70.0000006),.PIECEWISE_BEZIER_KNOTS.);
#3092 = CARTESIAN_POINT('',(34.9999994,16.770509831248));
#3093 = CARTESIAN_POINT('',(105.0000006,16.770509831248));
#3094 = ( GEOMETRIC_REPRESENTATION_CONTEXT(2) 
PARAMETRIC_REPRESENTATION_CONTEXT() REPRESENTATION_CONTEXT('2D SPACE',''
  ) );
#3095 = PCURVE('',#1317,#3096);
#3096 = DEFINITIONAL_REPRESENTATION('',(#3097),#3100);
#3097 = B_SPLINE_CURVE_WITH_KNOTS('',1,(#3098,#3099),.UNSPECIFIED.,.F.,
  .F.,(2,2),(-5.999999999062E-07,70.0000006),.PIECEWISE_BEZIER_KNOTS.);
#3098 = CARTESIAN_POINT('',(4.422637278949,-5.999999999062E-07));
#3099 = CARTESIAN_POINT('',(4.422637278949,70.0000006));
#3100 = ( GEOMETRIC_REPRESENTATION_CONTEXT(2) 
PARAMETRIC_REPRESENTATION_CONTEXT() REPRESENTATION_CONTEXT('2D SPACE',''
  ) );
#3101 = ORIENTED_EDGE('',*,*,#3102,.F.);
#3102 = EDGE_CURVE('',#3103,#3082,#3105,.T.);
#3103 = VERTEX_POINT('',#3104);
#3104 = CARTESIAN_POINT('',(105.,-16.77050983124,-5.));
#3105 = SURFACE_CURVE('',#3106,(#3110,#3116),.PCURVE_S1.);
#3106 = LINE('',#3107,#3108);
#3107 = CARTESIAN_POINT('',(105.,0.,-5.));
#3108 = VECTOR('',#3109,1.);
#3109 = DIRECTION('',(0.,1.,0.));
#3110 = PCURVE('',#93,#3111);
#3111 = DEFINITIONAL_REPRESENTATION('',(#3112),#3115);
#3112 = B_SPLINE_CURVE_WITH_KNOTS('',1,(#3113,#3114),.UNSPECIFIED.,.F.,
  .F.,(2,2),(-17.5,17.5),.PIECEWISE_BEZIER_KNOTS.);
#3113 = CARTESIAN_POINT('',(105.,-17.5));
#3114 = CARTESIAN_POINT('',(105.,17.5));
#3115 = ( GEOMETRIC_REPRESENTATION_CONTEXT(2) 
PARAMETRIC_REPRESENTATION_CONTEXT() REPRESENTATION_CONTEXT('2D SPACE',''
  ) );
#3116 = PCURVE('',#1479,#3117);
#3117 = DEFINITIONAL_REPRESENTATION('',(#3118),#3121);
#3118 = B_SPLINE_CURVE_WITH_KNOTS('',1,(#3119,#3120),.UNSPECIFIED.,.F.,
  .F.,(2,2),(-17.5,17.5),.PIECEWISE_BEZIER_KNOTS.);
#3119 = CARTESIAN_POINT('',(-5.,17.5));
#3120 = CARTESIAN_POINT('',(-5.,-17.5));
#3121 = ( GEOMETRIC_REPRESENTATION_CONTEXT(2) 
PARAMETRIC_REPRESENTATION_CONTEXT() REPRESENTATION_CONTEXT('2D SPACE',''
  ) );
#3122 = ORIENTED_EDGE('',*,*,#3123,.F.);
#3123 = EDGE_CURVE('',#3124,#3103,#3126,.T.);
#3124 = VERTEX_POINT('',#3125);
#3125 = CARTESIAN_POINT('',(100.,-16.77050983124,-5.));
#3126 = SURFACE_CURVE('',#3127,(#3131,#3137),.PCURVE_S1.);
#3127 = LINE('',#3128,#3129);
#3128 = CARTESIAN_POINT('',(35.,-16.77050983124,-5.));
#3129 = VECTOR('',#3130,1.);
#3130 = DIRECTION('',(1.,0.,0.));
#3131 = PCURVE('',#93,#3132);
#3132 = DEFINITIONAL_REPRESENTATION('',(#3133),#3136);
#3133 = B_SPLINE_CURVE_WITH_KNOTS('',1,(#3134,#3135),.UNSPECIFIED.,.F.,
  .F.,(2,2),(-5.999999999062E-07,70.0000006),.PIECEWISE_BEZIER_KNOTS.);
#3134 = CARTESIAN_POINT('',(34.9999994,-16.77050983124));
#3135 = CARTESIAN_POINT('',(105.0000006,-16.77050983124));
#3136 = ( GEOMETRIC_REPRESENTATION_CONTEXT(2) 
PARAMETRIC_REPRESENTATION_CONTEXT() REPRESENTATION_CONTEXT('2D SPACE',''
  ) );
#3137 = PCURVE('',#1317,#3138);
#3138 = DEFINITIONAL_REPRESENTATION('',(#3139),#3142);
#3139 = B_SPLINE_CURVE_WITH_KNOTS('',1,(#3140,#3141),.UNSPECIFIED.,.F.,
  .F.,(2,2),(-5.999999999062E-07,70.0000006),.PIECEWISE_BEZIER_KNOTS.);
#3140 = CARTESIAN_POINT('',(1.860548028231,-5.999999999062E-07));
#3141 = CARTESIAN_POINT('',(1.860548028231,70.0000006));
#3142 = ( GEOMETRIC_REPRESENTATION_CONTEXT(2) 
PARAMETRIC_REPRESENTATION_CONTEXT() REPRESENTATION_CONTEXT('2D SPACE',''
  ) );
#3143 = ORIENTED_EDGE('',*,*,#3144,.F.);
#3144 = EDGE_CURVE('',#2899,#3124,#3145,.T.);
#3145 = SURFACE_CURVE('',#3146,(#3150,#3156),.PCURVE_S1.);
#3146 = LINE('',#3147,#3148);
#3147 = CARTESIAN_POINT('',(100.,0.,-5.));
#3148 = VECTOR('',#3149,1.);
#3149 = DIRECTION('',(0.,1.,0.));
#3150 = PCURVE('',#93,#3151);
#3151 = DEFINITIONAL_REPRESENTATION('',(#3152),#3155);
#3152 = B_SPLINE_CURVE_WITH_KNOTS('',1,(#3153,#3154),.UNSPECIFIED.,.F.,
  .F.,(2,2),(-19.5,19.5),.PIECEWISE_BEZIER_KNOTS.);
#3153 = CARTESIAN_POINT('',(100.,-19.5));
#3154 = CARTESIAN_POINT('',(100.,19.5));
#3155 = ( GEOMETRIC_REPRESENTATION_CONTEXT(2) 
PARAMETRIC_REPRESENTATION_CONTEXT() REPRESENTATION_CONTEXT('2D SPACE',''
  ) );
#3156 = PCURVE('',#3070,#3157);
#3157 = DEFINITIONAL_REPRESENTATION('',(#3158),#3161);
#3158 = B_SPLINE_CURVE_WITH_KNOTS('',1,(#3159,#3160),.UNSPECIFIED.,.F.,
  .F.,(2,2),(-19.5,19.5),.PIECEWISE_BEZIER_KNOTS.);
#3159 = CARTESIAN_POINT('',(-5.,19.5));
#3160 = CARTESIAN_POINT('',(-5.,-19.5));
#3161 = ( GEOMETRIC_REPRESENTATION_CONTEXT(2) 
PARAMETRIC_REPRESENTATION_CONTEXT() REPRESENTATION_CONTEXT('2D SPACE',''
  ) );
#3162 = FACE_BOUND('',#3163,.F.);
#3163 = EDGE_LOOP('',(#3164,#3192,#3218,#3239,#3260,#3281,#3302,#3323,
    #3349,#3370,#3391,#3412));
#3164 = ORIENTED_EDGE('',*,*,#3165,.F.);
#3165 = EDGE_CURVE('',#3166,#3168,#3170,.T.);
#3166 = VERTEX_POINT('',#3167);
#3167 = CARTESIAN_POINT('',(36.322793635835,25.215754251827,-5.));
#3168 = VERTEX_POINT('',#3169);
#3169 = CARTESIAN_POINT('',(66.322793635835,77.175754251827,-5.));
#3170 = SURFACE_CURVE('',#3171,(#3175,#3181),.PCURVE_S1.);
#3171 = LINE('',#3172,#3173);
#3172 = CARTESIAN_POINT('',(36.322793635835,25.215754251827,-5.));
#3173 = VECTOR('',#3174,1.);
#3174 = DIRECTION('',(0.500011000363,0.866019052629,0.));
#3175 = PCURVE('',#93,#3176);
#3176 = DEFINITIONAL_REPRESENTATION('',(#3177),#3180);
#3177 = B_SPLINE_CURVE_WITH_KNOTS('',1,(#3178,#3179),.UNSPECIFIED.,.F.,
  .F.,(2,2),(-5.999999997874E-07,59.99868058548),
  .PIECEWISE_BEZIER_KNOTS.);
#3178 = CARTESIAN_POINT('',(36.322793335828,25.215753732216));
#3179 = CARTESIAN_POINT('',(66.322793935841,77.175754771439));
#3180 = ( GEOMETRIC_REPRESENTATION_CONTEXT(2) 
PARAMETRIC_REPRESENTATION_CONTEXT() REPRESENTATION_CONTEXT('2D SPACE',''
  ) );
#3181 = PCURVE('',#3182,#3187);
#3182 = CYLINDRICAL_SURFACE('',#3183,19.5);
#3183 = AXIS2_PLACEMENT_3D('',#3184,#3185,#3186);
#3184 = CARTESIAN_POINT('',(20.,34.64,0.));
#3185 = DIRECTION('',(0.500011000363,0.866019052629,0.));
#3186 = DIRECTION('',(0.866019052629,-0.500011000363,0.));
#3187 = DEFINITIONAL_REPRESENTATION('',(#3188),#3191);
#3188 = B_SPLINE_CURVE_WITH_KNOTS('',1,(#3189,#3190),.UNSPECIFIED.,.F.,
  .F.,(2,2),(-5.999999997874E-07,59.99868058548),
  .PIECEWISE_BEZIER_KNOTS.);
#3189 = CARTESIAN_POINT('',(0.259306456273,-6.000000015638E-07));
#3190 = CARTESIAN_POINT('',(0.259306456273,59.99868058548));
#3191 = ( GEOMETRIC_REPRESENTATION_CONTEXT(2) 
PARAMETRIC_REPRESENTATION_CONTEXT() REPRESENTATION_CONTEXT('2D SPACE',''
  ) );
#3192 = ORIENTED_EDGE('',*,*,#3193,.T.);
#3193 = EDGE_CURVE('',#3166,#3194,#3196,.T.);
#3194 = VERTEX_POINT('',#3195);
#3195 = CARTESIAN_POINT('',(34.523581036159,26.25456060268,-5.));
#3196 = SURFACE_CURVE('',#3197,(#3201,#3207),.PCURVE_S1.);
#3197 = LINE('',#3198,#3199);
#3198 = CARTESIAN_POINT('',(20.,34.64,-5.));
#3199 = VECTOR('',#3200,1.);
#3200 = DIRECTION('',(-0.866019052629,0.500011000363,0.));
#3201 = PCURVE('',#93,#3202);
#3202 = DEFINITIONAL_REPRESENTATION('',(#3203),#3206);
#3203 = B_SPLINE_CURVE_WITH_KNOTS('',1,(#3204,#3205),.UNSPECIFIED.,.F.,
  .F.,(2,2),(-19.5,19.5),.PIECEWISE_BEZIER_KNOTS.);
#3204 = CARTESIAN_POINT('',(36.88737152626,24.889785492921));
#3205 = CARTESIAN_POINT('',(3.11262847374,44.390214507079));
#3206 = ( GEOMETRIC_REPRESENTATION_CONTEXT(2) 
PARAMETRIC_REPRESENTATION_CONTEXT() REPRESENTATION_CONTEXT('2D SPACE',''
  ) );
#3207 = PCURVE('',#3208,#3213);
#3208 = PLANE('',#3209);
#3209 = AXIS2_PLACEMENT_3D('',#3210,#3211,#3212);
#3210 = CARTESIAN_POINT('',(20.,34.64,0.));
#3211 = DIRECTION('',(0.500011000363,0.866019052629,0.));
#3212 = DIRECTION('',(0.866019052629,-0.500011000363,0.));
#3213 = DEFINITIONAL_REPRESENTATION('',(#3214),#3217);
#3214 = B_SPLINE_CURVE_WITH_KNOTS('',1,(#3215,#3216),.UNSPECIFIED.,.F.,
  .F.,(2,2),(-19.5,19.5),.PIECEWISE_BEZIER_KNOTS.);
#3215 = CARTESIAN_POINT('',(19.5,5.));
#3216 = CARTESIAN_POINT('',(-19.5,5.));
#3217 = ( GEOMETRIC_REPRESENTATION_CONTEXT(2) 
PARAMETRIC_REPRESENTATION_CONTEXT() REPRESENTATION_CONTEXT('2D SPACE',''
  ) );
#3218 = ORIENTED_EDGE('',*,*,#3219,.F.);
#3219 = EDGE_CURVE('',#3220,#3194,#3222,.T.);
#3220 = VERTEX_POINT('',#3221);
#3221 = CARTESIAN_POINT('',(32.023581036159,21.92456060268,-5.));
#3222 = SURFACE_CURVE('',#3223,(#3227,#3233),.PCURVE_S1.);
#3223 = LINE('',#3224,#3225);
#3224 = CARTESIAN_POINT('',(32.023581036159,21.92456060268,-5.));
#3225 = VECTOR('',#3226,1.);
#3226 = DIRECTION('',(0.500011000363,0.866019052629,0.));
#3227 = PCURVE('',#93,#3228);
#3228 = DEFINITIONAL_REPRESENTATION('',(#3229),#3232);
#3229 = B_SPLINE_CURVE_WITH_KNOTS('',1,(#3230,#3231),.UNSPECIFIED.,.F.,
  .F.,(2,2),(-6.000000033402E-07,69.99846058306),
  .PIECEWISE_BEZIER_KNOTS.);
#3230 = CARTESIAN_POINT('',(32.023580736152,21.924560083068));
#3231 = CARTESIAN_POINT('',(67.023581336165,82.544561122291));
#3232 = ( GEOMETRIC_REPRESENTATION_CONTEXT(2) 
PARAMETRIC_REPRESENTATION_CONTEXT() REPRESENTATION_CONTEXT('2D SPACE',''
  ) );
#3233 = PCURVE('',#1601,#3234);
#3234 = DEFINITIONAL_REPRESENTATION('',(#3235),#3238);
#3235 = B_SPLINE_CURVE_WITH_KNOTS('',1,(#3236,#3237),.UNSPECIFIED.,.F.,
  .F.,(2,2),(-6.000000033402E-07,69.99846058306),
  .PIECEWISE_BEZIER_KNOTS.);
#3236 = CARTESIAN_POINT('',(0.289751701436,-5.999999997875E-07));
#3237 = CARTESIAN_POINT('',(0.289751701436,69.99846058306));
#3238 = ( GEOMETRIC_REPRESENTATION_CONTEXT(2) 
PARAMETRIC_REPRESENTATION_CONTEXT() REPRESENTATION_CONTEXT('2D SPACE',''
  ) );
#3239 = ORIENTED_EDGE('',*,*,#3240,.T.);
#3240 = EDGE_CURVE('',#3220,#3241,#3243,.T.);
#3241 = VERTEX_POINT('',#3242);
#3242 = CARTESIAN_POINT('',(2.976418963841,38.69543939732,-5.));
#3243 = SURFACE_CURVE('',#3244,(#3248,#3254),.PCURVE_S1.);
#3244 = LINE('',#3245,#3246);
#3245 = CARTESIAN_POINT('',(17.5,30.31,-5.));
#3246 = VECTOR('',#3247,1.);
#3247 = DIRECTION('',(-0.866019052629,0.500011000363,0.));
#3248 = PCURVE('',#93,#3249);
#3249 = DEFINITIONAL_REPRESENTATION('',(#3250),#3253);
#3250 = B_SPLINE_CURVE_WITH_KNOTS('',1,(#3251,#3252),.UNSPECIFIED.,.F.,
  .F.,(2,2),(-17.5,17.5),.PIECEWISE_BEZIER_KNOTS.);
#3251 = CARTESIAN_POINT('',(32.655333421003,21.559807493647));
#3252 = CARTESIAN_POINT('',(2.344666578997,39.060192506353));
#3253 = ( GEOMETRIC_REPRESENTATION_CONTEXT(2) 
PARAMETRIC_REPRESENTATION_CONTEXT() REPRESENTATION_CONTEXT('2D SPACE',''
  ) );
#3254 = PCURVE('',#1627,#3255);
#3255 = DEFINITIONAL_REPRESENTATION('',(#3256),#3259);
#3256 = B_SPLINE_CURVE_WITH_KNOTS('',1,(#3257,#3258),.UNSPECIFIED.,.F.,
  .F.,(2,2),(-17.5,17.5),.PIECEWISE_BEZIER_KNOTS.);
#3257 = CARTESIAN_POINT('',(17.5,5.));
#3258 = CARTESIAN_POINT('',(-17.5,5.));
#3259 = ( GEOMETRIC_REPRESENTATION_CONTEXT(2) 
PARAMETRIC_REPRESENTATION_CONTEXT() REPRESENTATION_CONTEXT('2D SPACE',''
  ) );
#3260 = ORIENTED_EDGE('',*,*,#3261,.T.);
#3261 = EDGE_CURVE('',#3241,#3262,#3264,.T.);
#3262 = VERTEX_POINT('',#3263);
#3263 = CARTESIAN_POINT('',(5.476418963841,43.02543939732,-5.));
#3264 = SURFACE_CURVE('',#3265,(#3269,#3275),.PCURVE_S1.);
#3265 = LINE('',#3266,#3267);
#3266 = CARTESIAN_POINT('',(2.976418963841,38.69543939732,-5.));
#3267 = VECTOR('',#3268,1.);
#3268 = DIRECTION('',(0.500011000363,0.866019052629,0.));
#3269 = PCURVE('',#93,#3270);
#3270 = DEFINITIONAL_REPRESENTATION('',(#3271),#3274);
#3271 = B_SPLINE_CURVE_WITH_KNOTS('',1,(#3272,#3273),.UNSPECIFIED.,.F.,
  .F.,(2,2),(-5.999999971868E-07,69.99846058306),
  .PIECEWISE_BEZIER_KNOTS.);
#3272 = CARTESIAN_POINT('',(2.976418663835,38.695438877709));
#3273 = CARTESIAN_POINT('',(37.976419263848,99.315439916932));
#3274 = ( GEOMETRIC_REPRESENTATION_CONTEXT(2) 
PARAMETRIC_REPRESENTATION_CONTEXT() REPRESENTATION_CONTEXT('2D SPACE',''
  ) );
#3275 = PCURVE('',#1601,#3276);
#3276 = DEFINITIONAL_REPRESENTATION('',(#3277),#3280);
#3277 = B_SPLINE_CURVE_WITH_KNOTS('',1,(#3278,#3279),.UNSPECIFIED.,.F.,
  .F.,(2,2),(-5.999999971868E-07,69.99846058306),
  .PIECEWISE_BEZIER_KNOTS.);
#3278 = CARTESIAN_POINT('',(2.851840952154,-5.999999989631E-07));
#3279 = CARTESIAN_POINT('',(2.851840952154,69.99846058306));
#3280 = ( GEOMETRIC_REPRESENTATION_CONTEXT(2) 
PARAMETRIC_REPRESENTATION_CONTEXT() REPRESENTATION_CONTEXT('2D SPACE',''
  ) );
#3281 = ORIENTED_EDGE('',*,*,#3282,.T.);
#3282 = EDGE_CURVE('',#3262,#3283,#3285,.T.);
#3283 = VERTEX_POINT('',#3284);
#3284 = CARTESIAN_POINT('',(3.677206364165,44.064245748173,-5.));
#3285 = SURFACE_CURVE('',#3286,(#3290,#3296),.PCURVE_S1.);
#3286 = LINE('',#3287,#3288);
#3287 = CARTESIAN_POINT('',(20.,34.64,-5.));
#3288 = VECTOR('',#3289,1.);
#3289 = DIRECTION('',(-0.866019052629,0.500011000363,0.));
#3290 = PCURVE('',#93,#3291);
#3291 = DEFINITIONAL_REPRESENTATION('',(#3292),#3295);
#3292 = B_SPLINE_CURVE_WITH_KNOTS('',1,(#3293,#3294),.UNSPECIFIED.,.F.,
  .F.,(2,2),(-19.5,19.5),.PIECEWISE_BEZIER_KNOTS.);
#3293 = CARTESIAN_POINT('',(36.88737152626,24.889785492921));
#3294 = CARTESIAN_POINT('',(3.11262847374,44.390214507079));
#3295 = ( GEOMETRIC_REPRESENTATION_CONTEXT(2) 
PARAMETRIC_REPRESENTATION_CONTEXT() REPRESENTATION_CONTEXT('2D SPACE',''
  ) );
#3296 = PCURVE('',#3208,#3297);
#3297 = DEFINITIONAL_REPRESENTATION('',(#3298),#3301);
#3298 = B_SPLINE_CURVE_WITH_KNOTS('',1,(#3299,#3300),.UNSPECIFIED.,.F.,
  .F.,(2,2),(-19.5,19.5),.PIECEWISE_BEZIER_KNOTS.);
#3299 = CARTESIAN_POINT('',(19.5,5.));
#3300 = CARTESIAN_POINT('',(-19.5,5.));
#3301 = ( GEOMETRIC_REPRESENTATION_CONTEXT(2) 
PARAMETRIC_REPRESENTATION_CONTEXT() REPRESENTATION_CONTEXT('2D SPACE',''
  ) );
#3302 = ORIENTED_EDGE('',*,*,#3303,.T.);
#3303 = EDGE_CURVE('',#3283,#3304,#3306,.T.);
#3304 = VERTEX_POINT('',#3305);
#3305 = CARTESIAN_POINT('',(33.677206364165,96.024245748173,-5.));
#3306 = SURFACE_CURVE('',#3307,(#3311,#3317),.PCURVE_S1.);
#3307 = LINE('',#3308,#3309);
#3308 = CARTESIAN_POINT('',(3.677206364165,44.064245748173,-5.));
#3309 = VECTOR('',#3310,1.);
#3310 = DIRECTION('',(0.500011000363,0.866019052629,0.));
#3311 = PCURVE('',#93,#3312);
#3312 = DEFINITIONAL_REPRESENTATION('',(#3313),#3316);
#3313 = B_SPLINE_CURVE_WITH_KNOTS('',1,(#3314,#3315),.UNSPECIFIED.,.F.,
  .F.,(2,2),(-5.999999954104E-07,59.99868058548),
  .PIECEWISE_BEZIER_KNOTS.);
#3314 = CARTESIAN_POINT('',(3.677206064159,44.064245228561));
#3315 = CARTESIAN_POINT('',(33.677206664172,96.024246267784));
#3316 = ( GEOMETRIC_REPRESENTATION_CONTEXT(2) 
PARAMETRIC_REPRESENTATION_CONTEXT() REPRESENTATION_CONTEXT('2D SPACE',''
  ) );
#3317 = PCURVE('',#3182,#3318);
#3318 = DEFINITIONAL_REPRESENTATION('',(#3319),#3322);
#3319 = B_SPLINE_CURVE_WITH_KNOTS('',1,(#3320,#3321),.UNSPECIFIED.,.F.,
  .F.,(2,2),(-5.999999954104E-07,59.99868058548),
  .PIECEWISE_BEZIER_KNOTS.);
#3320 = CARTESIAN_POINT('',(2.882286197317,-5.999999954104E-07));
#3321 = CARTESIAN_POINT('',(2.882286197317,59.99868058548));
#3322 = ( GEOMETRIC_REPRESENTATION_CONTEXT(2) 
PARAMETRIC_REPRESENTATION_CONTEXT() REPRESENTATION_CONTEXT('2D SPACE',''
  ) );
#3323 = ORIENTED_EDGE('',*,*,#3324,.F.);
#3324 = EDGE_CURVE('',#3325,#3304,#3327,.T.);
#3325 = VERTEX_POINT('',#3326);
#3326 = CARTESIAN_POINT('',(35.476418963841,94.98543939732,-5.));
#3327 = SURFACE_CURVE('',#3328,(#3332,#3338),.PCURVE_S1.);
#3328 = LINE('',#3329,#3330);
#3329 = CARTESIAN_POINT('',(50.,86.6,-5.));
#3330 = VECTOR('',#3331,1.);
#3331 = DIRECTION('',(-0.866019052629,0.500011000363,0.));
#3332 = PCURVE('',#93,#3333);
#3333 = DEFINITIONAL_REPRESENTATION('',(#3334),#3337);
#3334 = B_SPLINE_CURVE_WITH_KNOTS('',1,(#3335,#3336),.UNSPECIFIED.,.F.,
  .F.,(2,2),(-19.5,19.5),.PIECEWISE_BEZIER_KNOTS.);
#3335 = CARTESIAN_POINT('',(66.88737152626,76.849785492921));
#3336 = CARTESIAN_POINT('',(33.11262847374,96.350214507079));
#3337 = ( GEOMETRIC_REPRESENTATION_CONTEXT(2) 
PARAMETRIC_REPRESENTATION_CONTEXT() REPRESENTATION_CONTEXT('2D SPACE',''
  ) );
#3338 = PCURVE('',#3339,#3344);
#3339 = PLANE('',#3340);
#3340 = AXIS2_PLACEMENT_3D('',#3341,#3342,#3343);
#3341 = CARTESIAN_POINT('',(50.,86.6,0.));
#3342 = DIRECTION('',(0.500011000363,0.866019052629,0.));
#3343 = DIRECTION('',(0.866019052629,-0.500011000363,0.));
#3344 = DEFINITIONAL_REPRESENTATION('',(#3345),#3348);
#3345 = B_SPLINE_CURVE_WITH_KNOTS('',1,(#3346,#3347),.UNSPECIFIED.,.F.,
  .F.,(2,2),(-19.5,19.5),.PIECEWISE_BEZIER_KNOTS.);
#3346 = CARTESIAN_POINT('',(19.5,5.));
#3347 = CARTESIAN_POINT('',(-19.5,5.));
#3348 = ( GEOMETRIC_REPRESENTATION_CONTEXT(2) 
PARAMETRIC_REPRESENTATION_CONTEXT() REPRESENTATION_CONTEXT('2D SPACE',''
  ) );
#3349 = ORIENTED_EDGE('',*,*,#3350,.T.);
#3350 = EDGE_CURVE('',#3325,#3351,#3353,.T.);
#3351 = VERTEX_POINT('',#3352);
#3352 = CARTESIAN_POINT('',(37.976418963841,99.31543939732,-5.));
#3353 = SURFACE_CURVE('',#3354,(#3358,#3364),.PCURVE_S1.);
#3354 = LINE('',#3355,#3356);
#3355 = CARTESIAN_POINT('',(2.976418963841,38.69543939732,-5.));
#3356 = VECTOR('',#3357,1.);
#3357 = DIRECTION('',(0.500011000363,0.866019052629,0.));
#3358 = PCURVE('',#93,#3359);
#3359 = DEFINITIONAL_REPRESENTATION('',(#3360),#3363);
#3360 = B_SPLINE_CURVE_WITH_KNOTS('',1,(#3361,#3362),.UNSPECIFIED.,.F.,
  .F.,(2,2),(-5.999999971868E-07,69.99846058306),
  .PIECEWISE_BEZIER_KNOTS.);
#3361 = CARTESIAN_POINT('',(2.976418663835,38.695438877709));
#3362 = CARTESIAN_POINT('',(37.976419263848,99.315439916932));
#3363 = ( GEOMETRIC_REPRESENTATION_CONTEXT(2) 
PARAMETRIC_REPRESENTATION_CONTEXT() REPRESENTATION_CONTEXT('2D SPACE',''
  ) );
#3364 = PCURVE('',#1601,#3365);
#3365 = DEFINITIONAL_REPRESENTATION('',(#3366),#3369);
#3366 = B_SPLINE_CURVE_WITH_KNOTS('',1,(#3367,#3368),.UNSPECIFIED.,.F.,
  .F.,(2,2),(-5.999999971868E-07,69.99846058306),
  .PIECEWISE_BEZIER_KNOTS.);
#3367 = CARTESIAN_POINT('',(2.851840952154,-5.999999989631E-07));
#3368 = CARTESIAN_POINT('',(2.851840952154,69.99846058306));
#3369 = ( GEOMETRIC_REPRESENTATION_CONTEXT(2) 
PARAMETRIC_REPRESENTATION_CONTEXT() REPRESENTATION_CONTEXT('2D SPACE',''
  ) );
#3370 = ORIENTED_EDGE('',*,*,#3371,.F.);
#3371 = EDGE_CURVE('',#3372,#3351,#3374,.T.);
#3372 = VERTEX_POINT('',#3373);
#3373 = CARTESIAN_POINT('',(67.023581036159,82.54456060268,-5.));
#3374 = SURFACE_CURVE('',#3375,(#3379,#3385),.PCURVE_S1.);
#3375 = LINE('',#3376,#3377);
#3376 = CARTESIAN_POINT('',(52.5,90.93,-5.));
#3377 = VECTOR('',#3378,1.);
#3378 = DIRECTION('',(-0.866019052629,0.500011000363,0.));
#3379 = PCURVE('',#93,#3380);
#3380 = DEFINITIONAL_REPRESENTATION('',(#3381),#3384);
#3381 = B_SPLINE_CURVE_WITH_KNOTS('',1,(#3382,#3383),.UNSPECIFIED.,.F.,
  .F.,(2,2),(-17.5,17.5),.PIECEWISE_BEZIER_KNOTS.);
#3382 = CARTESIAN_POINT('',(67.655333421003,82.179807493647));
#3383 = CARTESIAN_POINT('',(37.344666578997,99.680192506353));
#3384 = ( GEOMETRIC_REPRESENTATION_CONTEXT(2) 
PARAMETRIC_REPRESENTATION_CONTEXT() REPRESENTATION_CONTEXT('2D SPACE',''
  ) );
#3385 = PCURVE('',#1763,#3386);
#3386 = DEFINITIONAL_REPRESENTATION('',(#3387),#3390);
#3387 = B_SPLINE_CURVE_WITH_KNOTS('',1,(#3388,#3389),.UNSPECIFIED.,.F.,
  .F.,(2,2),(-17.5,17.5),.PIECEWISE_BEZIER_KNOTS.);
#3388 = CARTESIAN_POINT('',(17.5,5.));
#3389 = CARTESIAN_POINT('',(-17.5,5.));
#3390 = ( GEOMETRIC_REPRESENTATION_CONTEXT(2) 
PARAMETRIC_REPRESENTATION_CONTEXT() REPRESENTATION_CONTEXT('2D SPACE',''
  ) );
#3391 = ORIENTED_EDGE('',*,*,#3392,.F.);
#3392 = EDGE_CURVE('',#3393,#3372,#3395,.T.);
#3393 = VERTEX_POINT('',#3394);
#3394 = CARTESIAN_POINT('',(64.523581036159,78.21456060268,-5.));
#3395 = SURFACE_CURVE('',#3396,(#3400,#3406),.PCURVE_S1.);
#3396 = LINE('',#3397,#3398);
#3397 = CARTESIAN_POINT('',(32.023581036159,21.92456060268,-5.));
#3398 = VECTOR('',#3399,1.);
#3399 = DIRECTION('',(0.500011000363,0.866019052629,0.));
#3400 = PCURVE('',#93,#3401);
#3401 = DEFINITIONAL_REPRESENTATION('',(#3402),#3405);
#3402 = B_SPLINE_CURVE_WITH_KNOTS('',1,(#3403,#3404),.UNSPECIFIED.,.F.,
  .F.,(2,2),(-6.000000033402E-07,69.99846058306),
  .PIECEWISE_BEZIER_KNOTS.);
#3403 = CARTESIAN_POINT('',(32.023580736152,21.924560083068));
#3404 = CARTESIAN_POINT('',(67.023581336165,82.544561122291));
#3405 = ( GEOMETRIC_REPRESENTATION_CONTEXT(2) 
PARAMETRIC_REPRESENTATION_CONTEXT() REPRESENTATION_CONTEXT('2D SPACE',''
  ) );
#3406 = PCURVE('',#1601,#3407);
#3407 = DEFINITIONAL_REPRESENTATION('',(#3408),#3411);
#3408 = B_SPLINE_CURVE_WITH_KNOTS('',1,(#3409,#3410),.UNSPECIFIED.,.F.,
  .F.,(2,2),(-6.000000033402E-07,69.99846058306),
  .PIECEWISE_BEZIER_KNOTS.);
#3409 = CARTESIAN_POINT('',(0.289751701436,-5.999999997875E-07));
#3410 = CARTESIAN_POINT('',(0.289751701436,69.99846058306));
#3411 = ( GEOMETRIC_REPRESENTATION_CONTEXT(2) 
PARAMETRIC_REPRESENTATION_CONTEXT() REPRESENTATION_CONTEXT('2D SPACE',''
  ) );
#3412 = ORIENTED_EDGE('',*,*,#3413,.F.);
#3413 = EDGE_CURVE('',#3168,#3393,#3414,.T.);
#3414 = SURFACE_CURVE('',#3415,(#3419,#3425),.PCURVE_S1.);
#3415 = LINE('',#3416,#3417);
#3416 = CARTESIAN_POINT('',(50.,86.6,-5.));
#3417 = VECTOR('',#3418,1.);
#3418 = DIRECTION('',(-0.866019052629,0.500011000363,0.));
#3419 = PCURVE('',#93,#3420);
#3420 = DEFINITIONAL_REPRESENTATION('',(#3421),#3424);
#3421 = B_SPLINE_CURVE_WITH_KNOTS('',1,(#3422,#3423),.UNSPECIFIED.,.F.,
  .F.,(2,2),(-19.5,19.5),.PIECEWISE_BEZIER_KNOTS.);
#3422 = CARTESIAN_POINT('',(66.88737152626,76.849785492921));
#3423 = CARTESIAN_POINT('',(33.11262847374,96.350214507079));
#3424 = ( GEOMETRIC_REPRESENTATION_CONTEXT(2) 
PARAMETRIC_REPRESENTATION_CONTEXT() REPRESENTATION_CONTEXT('2D SPACE',''
  ) );
#3425 = PCURVE('',#3339,#3426);
#3426 = DEFINITIONAL_REPRESENTATION('',(#3427),#3430);
#3427 = B_SPLINE_CURVE_WITH_KNOTS('',1,(#3428,#3429),.UNSPECIFIED.,.F.,
  .F.,(2,2),(-19.5,19.5),.PIECEWISE_BEZIER_KNOTS.);
#3428 = CARTESIAN_POINT('',(19.5,5.));
#3429 = CARTESIAN_POINT('',(-19.5,5.));
#3430 = ( GEOMETRIC_REPRESENTATION_CONTEXT(2) 
PARAMETRIC_REPRESENTATION_CONTEXT() REPRESENTATION_CONTEXT('2D SPACE',''
  ) );
#3431 = ADVANCED_FACE('',(#3432,#3480),#129,.T.);
#3432 = FACE_BOUND('',#3433,.T.);
#3433 = EDGE_LOOP('',(#3434,#3435,#3457,#3458));
#3434 = ORIENTED_EDGE('',*,*,#112,.T.);
#3435 = ORIENTED_EDGE('',*,*,#3436,.F.);
#3436 = EDGE_CURVE('',#261,#115,#3437,.T.);
#3437 = SURFACE_CURVE('',#3438,(#3443,#3450),.PCURVE_S1.);
#3438 = CIRCLE('',#3439,19.5);
#3439 = AXIS2_PLACEMENT_3D('',#3440,#3441,#3442);
#3440 = CARTESIAN_POINT('',(-50.,-86.6,0.));
#3441 = DIRECTION('',(-0.500011000363,-0.866019052629,0.));
#3442 = DIRECTION('',(-0.866019052629,0.500011000363,0.));
#3443 = PCURVE('',#129,#3444);
#3444 = DEFINITIONAL_REPRESENTATION('',(#3445),#3449);
#3445 = LINE('',#3446,#3447);
#3446 = CARTESIAN_POINT('',(0.,59.99867998548));
#3447 = VECTOR('',#3448,1.);
#3448 = DIRECTION('',(1.,0.));
#3449 = ( GEOMETRIC_REPRESENTATION_CONTEXT(2) 
PARAMETRIC_REPRESENTATION_CONTEXT() REPRESENTATION_CONTEXT('2D SPACE',''
  ) );
#3450 = PCURVE('',#296,#3451);
#3451 = DEFINITIONAL_REPRESENTATION('',(#3452),#3456);
#3452 = CIRCLE('',#3453,19.5);
#3453 = AXIS2_PLACEMENT_2D('',#3454,#3455);
#3454 = CARTESIAN_POINT('',(0.,0.));
#3455 = DIRECTION('',(1.,0.));
#3456 = ( GEOMETRIC_REPRESENTATION_CONTEXT(2) 
PARAMETRIC_REPRESENTATION_CONTEXT() REPRESENTATION_CONTEXT('2D SPACE',''
  ) );
#3457 = ORIENTED_EDGE('',*,*,#260,.F.);
#3458 = ORIENTED_EDGE('',*,*,#3459,.T.);
#3459 = EDGE_CURVE('',#240,#113,#3460,.T.);
#3460 = SURFACE_CURVE('',#3461,(#3466,#3473),.PCURVE_S1.);
#3461 = CIRCLE('',#3462,19.5);
#3462 = AXIS2_PLACEMENT_3D('',#3463,#3464,#3465);
#3463 = CARTESIAN_POINT('',(-20.,-34.64,0.));
#3464 = DIRECTION('',(-0.500011000363,-0.866019052629,0.));
#3465 = DIRECTION('',(-0.866019052629,0.500011000363,0.));
#3466 = PCURVE('',#129,#3467);
#3467 = DEFINITIONAL_REPRESENTATION('',(#3468),#3472);
#3468 = LINE('',#3469,#3470);
#3469 = CARTESIAN_POINT('',(0.,0.));
#3470 = VECTOR('',#3471,1.);
#3471 = DIRECTION('',(1.,0.));
#3472 = ( GEOMETRIC_REPRESENTATION_CONTEXT(2) 
PARAMETRIC_REPRESENTATION_CONTEXT() REPRESENTATION_CONTEXT('2D SPACE',''
  ) );
#3473 = PCURVE('',#155,#3474);
#3474 = DEFINITIONAL_REPRESENTATION('',(#3475),#3479);
#3475 = CIRCLE('',#3476,19.5);
#3476 = AXIS2_PLACEMENT_2D('',#3477,#3478);
#3477 = CARTESIAN_POINT('',(0.,0.));
#3478 = DIRECTION('',(1.,0.));
#3479 = ( GEOMETRIC_REPRESENTATION_CONTEXT(2) 
PARAMETRIC_REPRESENTATION_CONTEXT() REPRESENTATION_CONTEXT('2D SPACE',''
  ) );
#3480 = FACE_BOUND('',#3481,.T.);
#3481 = EDGE_LOOP('',(#3482));
#3482 = ORIENTED_EDGE('',*,*,#3483,.F.);
#3483 = EDGE_CURVE('',#3484,#3484,#3486,.T.);
#3484 = VERTEX_POINT('',#3485);
#3485 = CARTESIAN_POINT('',(-32.9,-60.62,19.415008331498));
#3486 = SURFACE_CURVE('',#3487,(#3546,#3608),.PCURVE_S1.);
#3487 = B_SPLINE_CURVE_WITH_KNOTS('',8,(#3488,#3489,#3490,#3491,#3492,
    #3493,#3494,#3495,#3496,#3497,#3498,#3499,#3500,#3501,#3502,#3503,
    #3504,#3505,#3506,#3507,#3508,#3509,#3510,#3511,#3512,#3513,#3514,
    #3515,#3516,#3517,#3518,#3519,#3520,#3521,#3522,#3523,#3524,#3525,
    #3526,#3527,#3528,#3529,#3530,#3531,#3532,#3533,#3534,#3535,#3536,
    #3537,#3538,#3539,#3540,#3541,#3542,#3543,#3544,#3545),
  .UNSPECIFIED.,.T.,.F.,(9,7,7,7,7,7,7,7,9),(0.,0.125031864708,
    0.238068189505,0.33683879202,0.429952460319,0.579068919992,
    0.70031202509,0.839047762376,1.),.UNSPECIFIED.);
#3488 = CARTESIAN_POINT('',(-32.9,-60.62,19.415008331498));
#3489 = CARTESIAN_POINT('',(-32.9,-60.42875113396,19.423965847403));
#3490 = CARTESIAN_POINT('',(-32.91990502357,-60.23143103511,
    19.434279375021));
#3491 = CARTESIAN_POINT('',(-32.96192867862,-60.0304256571,
    19.445615223011));
#3492 = CARTESIAN_POINT('',(-33.02804252225,-59.82859001984,
    19.457455616643));
#3493 = CARTESIAN_POINT('',(-33.11995702497,-59.62926825566,
    19.46910287305));
#3494 = CARTESIAN_POINT('',(-33.2390814084,-59.43635748298,
    19.479702848399));
#3495 = CARTESIAN_POINT('',(-33.38643104112,-59.25445969889,
    19.488320880514));
#3496 = CARTESIAN_POINT('',(-33.72158377587,-58.93973033196,
    19.499331241459));
#3497 = CARTESIAN_POINT('',(-33.90058933795,-58.80720980482,
    19.502124093884));
#3498 = CARTESIAN_POINT('',(-34.09608892757,-58.69643385574,
    19.501974862399));
#3499 = CARTESIAN_POINT('',(-34.30333229963,-58.61075485074,
    19.498702549711));
#3500 = CARTESIAN_POINT('',(-34.51664739295,-58.55187708241,
    19.492614827942));
#3501 = CARTESIAN_POINT('',(-34.72990765083,-58.51965284498,
    19.484427936414));
#3502 = CARTESIAN_POINT('',(-34.93694795898,-58.51188103837,
    19.475050641549));
#3503 = CARTESIAN_POINT('',(-35.30217338412,-58.53485907446,
    19.456852910041));
#3504 = CARTESIAN_POINT('',(-35.46634932115,-58.56106778574,
    19.447956112864));
#3505 = CARTESIAN_POINT('',(-35.62346191272,-58.60103437133,
    19.439026445667));
#3506 = CARTESIAN_POINT('',(-35.77288531752,-58.65324262131,
    19.430378822999));
#3507 = CARTESIAN_POINT('',(-35.9142028509,-58.71637246452,
    19.422265266611));
#3508 = CARTESIAN_POINT('',(-36.04713474011,-58.78928134575,
    19.414879119276));
#3509 = CARTESIAN_POINT('',(-36.17148462623,-58.87099026432,
    19.408363387163));
#3510 = CARTESIAN_POINT('',(-36.3961030309,-59.04522215863,
    19.39760033949));
#3511 = CARTESIAN_POINT('',(-36.49741280624,-59.13691207926,
    19.393240943525));
#3512 = CARTESIAN_POINT('',(-36.5909147511,-59.23508781773,
    19.389833361654));
#3513 = CARTESIAN_POINT('',(-36.67648508557,-59.33919479611,
    19.387437223804));
#3514 = CARTESIAN_POINT('',(-36.75397925064,-59.44875830337,
    19.386088484716));
#3515 = CARTESIAN_POINT('',(-36.823215484,-59.56336206591,19.385802425)
  );
#3516 = CARTESIAN_POINT('',(-36.88395835823,-59.6826273617,
    19.386574619618));
#3517 = CARTESIAN_POINT('',(-37.01908764031,-60.00407579113,
    19.391270889811));
#3518 = CARTESIAN_POINT('',(-37.07966544945,-60.21288872715,
    19.396809604118));
#3519 = CARTESIAN_POINT('',(-37.11648325946,-60.43127091238,
    19.404891268865));
#3520 = CARTESIAN_POINT('',(-37.12773068722,-60.65779024885,
    19.41527665216));
#3521 = CARTESIAN_POINT('',(-37.11099886566,-60.89054050855,
    19.427562315517));
#3522 = CARTESIAN_POINT('',(-37.06332092916,-61.12686921317,
    19.441085709961));
#3523 = CARTESIAN_POINT('',(-36.98125109167,-61.36294806998,
    19.454844231099));
#3524 = CARTESIAN_POINT('',(-36.76329894581,-61.7798649716,
    19.477803478388));
#3525 = CARTESIAN_POINT('',(-36.63812259886,-61.96702795434,
    19.48760960749));
#3526 = CARTESIAN_POINT('',(-36.48466634941,-62.14481939074,
    19.495819041888));
#3527 = CARTESIAN_POINT('',(-36.3049735506,-62.305078967,19.501300120166
    ));
#3528 = CARTESIAN_POINT('',(-36.10354081264,-62.4412892118,
    19.503220189609));
#3529 = CARTESIAN_POINT('',(-35.88663110331,-62.54900220427,
    19.50144742209));
#3530 = CARTESIAN_POINT('',(-35.66167271507,-62.62626938422,
    19.49648455344));
#3531 = CARTESIAN_POINT('',(-35.17914154168,-62.72884095747,
    19.480862570982));
#3532 = CARTESIAN_POINT('',(-34.9259563591,-62.74410280314,
    19.46962741435));
#3533 = CARTESIAN_POINT('',(-34.6823911648,-62.7251300456,
    19.456762615866));
#3534 = CARTESIAN_POINT('',(-34.45186416771,-62.67664385235,
    19.443489033657));
#3535 = CARTESIAN_POINT('',(-34.23667252114,-62.60289238863,
    19.43078449503));
#3536 = CARTESIAN_POINT('',(-34.03834272918,-62.50766883099,
    19.419352827786));
#3537 = CARTESIAN_POINT('',(-33.85780233423,-62.39432108602,
    19.409667500141));
#3538 = CARTESIAN_POINT('',(-33.50744615736,-62.11663944789,
    19.393105784976));
#3539 = CARTESIAN_POINT('',(-33.34285114926,-61.946155518,
    19.386874763482));
#3540 = CARTESIAN_POINT('',(-33.20224255086,-61.75769140988,
    19.383745132965));
#3541 = CARTESIAN_POINT('',(-33.08625573981,-61.55361162646,
    19.383907497808));
#3542 = CARTESIAN_POINT('',(-32.99598557921,-61.33584426228,
    19.387381107954));
#3543 = CARTESIAN_POINT('',(-32.93310714325,-61.10619088167,
    19.394019211966));
#3544 = CARTESIAN_POINT('',(-32.9,-60.86664658102,19.40345615491));
#3545 = CARTESIAN_POINT('',(-32.9,-60.62,19.415008331498));
#3546 = PCURVE('',#129,#3547);
#3547 = DEFINITIONAL_REPRESENTATION('',(#3548),#3607);
#3548 = B_SPLINE_CURVE_WITH_KNOTS('',8,(#3549,#3550,#3551,#3552,#3553,
    #3554,#3555,#3556,#3557,#3558,#3559,#3560,#3561,#3562,#3563,#3564,
    #3565,#3566,#3567,#3568,#3569,#3570,#3571,#3572,#3573,#3574,#3575,
    #3576,#3577,#3578,#3579,#3580,#3581,#3582,#3583,#3584,#3585,#3586,
    #3587,#3588,#3589,#3590,#3591,#3592,#3593,#3594,#3595,#3596,#3597,
    #3598,#3599,#3600,#3601,#3602,#3603,#3604,#3605,#3606),
  .UNSPECIFIED.,.T.,.F.,(9,7,7,7,7,7,7,7,9),(0.,0.125031864708,
    0.238068189505,0.33683879202,0.429952460319,0.579068919992,
    0.70031202509,0.839047762376,1.),.UNSPECIFIED.);
#3549 = CARTESIAN_POINT('',(4.618989655513,28.949316891978));
#3550 = CARTESIAN_POINT('',(4.623915048033,28.7836917302));
#3551 = CARTESIAN_POINT('',(4.629882079447,28.622761495872));
#3552 = CARTESIAN_POINT('',(4.636926289909,28.469699298642));
#3553 = CARTESIAN_POINT('',(4.645060034171,28.327963440361));
#3554 = CARTESIAN_POINT('',(4.654271335284,28.201305257432));
#3555 = CARTESIAN_POINT('',(4.664521287604,28.09380435496));
#3556 = CARTESIAN_POINT('',(4.675736891363,28.009953845567));
#3557 = CARTESIAN_POINT('',(4.698698542334,27.904972271565));
#3558 = CARTESIAN_POINT('',(4.710046533861,27.879711720364));
#3559 = CARTESIAN_POINT('',(4.721567660722,27.88152958326));
#3560 = CARTESIAN_POINT('',(4.732967605237,27.910953898298));
#3561 = CARTESIAN_POINT('',(4.743953547978,27.966624522355));
#3562 = CARTESIAN_POINT('',(4.754258612994,28.045350193665));
#3563 = CARTESIAN_POINT('',(4.763664765337,28.14214209266));
#3564 = CARTESIAN_POINT('',(4.779323516861,28.344658239891));
#3565 = CARTESIAN_POINT('',(4.785958164851,28.449445257714));
#3566 = CARTESIAN_POINT('',(4.791928226685,28.562615106384));
#3567 = CARTESIAN_POINT('',(4.797243937909,28.682541791684));
#3568 = CARTESIAN_POINT('',(4.801919719886,28.807873759922));
#3569 = CARTESIAN_POINT('',(4.805971588954,28.937481647078));
#3570 = CARTESIAN_POINT('',(4.80941521078,29.07041943829));
#3571 = CARTESIAN_POINT('',(4.814950794602,29.333619251558));
#3572 = CARTESIAN_POINT('',(4.817110597012,29.463680471865));
#3573 = CARTESIAN_POINT('',(4.818755056121,29.595454532876));
#3574 = CARTESIAN_POINT('',(4.819892529126,29.728399268196));
#3575 = CARTESIAN_POINT('',(4.820528530915,29.862031287957));
#3576 = CARTESIAN_POINT('',(4.82066556099,29.995899208125));
#3577 = CARTESIAN_POINT('',(4.820302907808,30.129557331902));
#3578 = CARTESIAN_POINT('',(4.818048814469,30.475503923743));
#3579 = CARTESIAN_POINT('',(4.815369753557,30.686629475716));
#3580 = CARTESIAN_POINT('',(4.811383627572,30.894161918892));
#3581 = CARTESIAN_POINT('',(4.806048255418,31.095955817671));
#3582 = CARTESIAN_POINT('',(4.79930790628,31.289155882243));
#3583 = CARTESIAN_POINT('',(4.791102051534,31.469981550399));
#3584 = CARTESIAN_POINT('',(4.781379239685,31.63339451678));
#3585 = CARTESIAN_POINT('',(4.760975305052,31.885474026464));
#3586 = CARTESIAN_POINT('',(4.750605156613,31.984971185));
#3587 = CARTESIAN_POINT('',(4.739224599252,32.062212143514));
#3588 = CARTESIAN_POINT('',(4.727134061976,32.111151613831));
#3589 = CARTESIAN_POINT('',(4.714698077905,32.128393696185));
#3590 = CARTESIAN_POINT('',(4.702304586985,32.113217959127));
#3591 = CARTESIAN_POINT('',(4.69033081807,32.067651140365));
#3592 = CARTESIAN_POINT('',(4.666257581319,31.915209182339));
#3593 = CARTESIAN_POINT('',(4.654609252807,31.801830855048));
#3594 = CARTESIAN_POINT('',(4.644259228501,31.663614809081));
#3595 = CARTESIAN_POINT('',(4.635239716412,31.506358807514));
#3596 = CARTESIAN_POINT('',(4.627546636892,31.334890444305));
#3597 = CARTESIAN_POINT('',(4.621153472092,31.153257951451));
#3598 = CARTESIAN_POINT('',(4.616017818012,30.964824461248));
#3599 = CARTESIAN_POINT('',(4.60753563853,30.549164929579));
#3600 = CARTESIAN_POINT('',(4.604580018464,30.319223283475));
#3601 = CARTESIAN_POINT('',(4.603158831986,30.085703929157));
#3602 = CARTESIAN_POINT('',(4.60324103859,29.850972267038));
#3603 = CARTESIAN_POINT('',(4.604826013253,29.617245507316));
#3604 = CARTESIAN_POINT('',(4.607940818282,29.386921394541));
#3605 = CARTESIAN_POINT('',(4.612637559155,29.162917530411));
#3606 = CARTESIAN_POINT('',(4.618989655513,28.949316891978));
#3607 = ( GEOMETRIC_REPRESENTATION_CONTEXT(2) 
PARAMETRIC_REPRESENTATION_CONTEXT() REPRESENTATION_CONTEXT('2D SPACE',''
  ) );
#3608 = PCURVE('',#3609,#3614);
#3609 = CYLINDRICAL_SURFACE('',#3610,2.1);
#3610 = AXIS2_PLACEMENT_3D('',#3611,#3612,#3613);
#3611 = CARTESIAN_POINT('',(-35.,-60.62,-20.));
#3612 = DIRECTION('',(0.,0.,1.));
#3613 = DIRECTION('',(1.,0.,-0.));
#3614 = DEFINITIONAL_REPRESENTATION('',(#3615),#3674);
#3615 = B_SPLINE_CURVE_WITH_KNOTS('',8,(#3616,#3617,#3618,#3619,#3620,
    #3621,#3622,#3623,#3624,#3625,#3626,#3627,#3628,#3629,#3630,#3631,
    #3632,#3633,#3634,#3635,#3636,#3637,#3638,#3639,#3640,#3641,#3642,
    #3643,#3644,#3645,#3646,#3647,#3648,#3649,#3650,#3651,#3652,#3653,
    #3654,#3655,#3656,#3657,#3658,#3659,#3660,#3661,#3662,#3663,#3664,
    #3665,#3666,#3667,#3668,#3669,#3670,#3671,#3672,#3673),
  .UNSPECIFIED.,.F.,.F.,(9,7,7,7,7,7,7,7,9),(0.,0.125031864708,
    0.238068189505,0.33683879202,0.429952460319,0.579068919992,
    0.70031202509,0.839047762376,1.),.UNSPECIFIED.);
#3616 = CARTESIAN_POINT('',(8.881784197001E-16,39.415008331498));
#3617 = CARTESIAN_POINT('',(9.107088858679E-02,39.423965847403));
#3618 = CARTESIAN_POINT('',(0.185032458387,39.434279375021));
#3619 = CARTESIAN_POINT('',(0.281901727588,39.445615223011));
#3620 = CARTESIAN_POINT('',(0.381771759929,39.457455616643));
#3621 = CARTESIAN_POINT('',(0.484837154019,39.46910287305));
#3622 = CARTESIAN_POINT('',(0.59138737007,39.479702848399));
#3623 = CARTESIAN_POINT('',(0.701831000388,39.488320880514));
#3624 = CARTESIAN_POINT('',(0.920765717675,39.499331241459));
#3625 = CARTESIAN_POINT('',(1.026101595959,39.502124093884));
#3626 = CARTESIAN_POINT('',(1.131787967548,39.501974862399));
#3627 = CARTESIAN_POINT('',(1.236982040189,39.498702549711));
#3628 = CARTESIAN_POINT('',(1.340853019163,39.492614827942));
#3629 = CARTESIAN_POINT('',(1.442465220117,39.484427936414));
#3630 = CARTESIAN_POINT('',(1.54062936699,39.475050641549));
#3631 = CARTESIAN_POINT('',(1.714890099853,39.456852910041));
#3632 = CARTESIAN_POINT('',(1.793698981339,39.447956112864));
#3633 = CARTESIAN_POINT('',(1.870378219669,39.439026445667));
#3634 = CARTESIAN_POINT('',(1.945199743127,39.430378822999));
#3635 = CARTESIAN_POINT('',(2.018404046874,39.422265266611));
#3636 = CARTESIAN_POINT('',(2.090215333195,39.414879119276));
#3637 = CARTESIAN_POINT('',(2.160851758068,39.408363387163));
#3638 = CARTESIAN_POINT('',(2.296219051077,39.39760033949));
#3639 = CARTESIAN_POINT('',(2.36109908582,39.393240943525));
#3640 = CARTESIAN_POINT('',(2.425365727348,39.389833361654));
#3641 = CARTESIAN_POINT('',(2.48919886804,39.387437223804));
#3642 = CARTESIAN_POINT('',(2.552770761443,39.386088484716));
#3643 = CARTESIAN_POINT('',(2.616252062491,39.385802425));
#3644 = CARTESIAN_POINT('',(2.679816600076,39.386574619618));
#3645 = CARTESIAN_POINT('',(2.845862393054,39.391270889811));
#3646 = CARTESIAN_POINT('',(2.948705401563,39.396809604118));
#3647 = CARTESIAN_POINT('',(3.05299460606,39.404891268865));
#3648 = CARTESIAN_POINT('',(3.159470754358,39.41527665216));
#3649 = CARTESIAN_POINT('',(3.268877543424,39.427562315517));
#3650 = CARTESIAN_POINT('',(3.381998103042,39.441085709961));
#3651 = CARTESIAN_POINT('',(3.499730890679,39.454844231099));
#3652 = CARTESIAN_POINT('',(3.723754517118,39.477803478388));
#3653 = CARTESIAN_POINT('',(3.830353689168,39.48760960749));
#3654 = CARTESIAN_POINT('',(3.940780747219,39.495819041888));
#3655 = CARTESIAN_POINT('',(4.053485153693,39.501300120166));
#3656 = CARTESIAN_POINT('',(4.167251811754,39.503220189609));
#3657 = CARTESIAN_POINT('',(4.2809519687,39.50144742209));
#3658 = CARTESIAN_POINT('',(4.393384365941,39.49648455344));
#3659 = CARTESIAN_POINT('',(4.628295098702,39.480862570982));
#3660 = CARTESIAN_POINT('',(4.747736547342,39.46962741435));
#3661 = CARTESIAN_POINT('',(4.862304280355,39.456762615866));
#3662 = CARTESIAN_POINT('',(4.972703891485,39.443489033657));
#3663 = CARTESIAN_POINT('',(5.079489626942,39.43078449503));
#3664 = CARTESIAN_POINT('',(5.183130782785,39.419352827786));
#3665 = CARTESIAN_POINT('',(5.284032191021,39.409667500141));
#3666 = CARTESIAN_POINT('',(5.496914656133,39.393105784976));
#3667 = CARTESIAN_POINT('',(5.608765797291,39.386874763482));
#3668 = CARTESIAN_POINT('',(5.719260507698,39.383745132965));
#3669 = CARTESIAN_POINT('',(5.829327539363,39.383907497808));
#3670 = CARTESIAN_POINT('',(5.939839173911,39.387381107954));
#3671 = CARTESIAN_POINT('',(6.051665634142,39.394019211966));
#3672 = CARTESIAN_POINT('',(6.16573455431,39.40345615491));
#3673 = CARTESIAN_POINT('',(6.28318530718,39.415008331498));
#3674 = ( GEOMETRIC_REPRESENTATION_CONTEXT(2) 
PARAMETRIC_REPRESENTATION_CONTEXT() REPRESENTATION_CONTEXT('2D SPACE',''
  ) );
#3675 = ADVANCED_FACE('',(#3676),#296,.T.);
#3676 = FACE_BOUND('',#3677,.T.);
#3677 = EDGE_LOOP('',(#3678,#3679,#3680,#3681));
#3678 = ORIENTED_EDGE('',*,*,#281,.T.);
#3679 = ORIENTED_EDGE('',*,*,#3436,.T.);
#3680 = ORIENTED_EDGE('',*,*,#375,.T.);
#3681 = ORIENTED_EDGE('',*,*,#3682,.F.);
#3682 = EDGE_CURVE('',#282,#355,#3683,.T.);
#3683 = SURFACE_CURVE('',#3684,(#3689,#3696),.PCURVE_S1.);
#3684 = CIRCLE('',#3685,17.5);
#3685 = AXIS2_PLACEMENT_3D('',#3686,#3687,#3688);
#3686 = CARTESIAN_POINT('',(-50.,-86.6,0.));
#3687 = DIRECTION('',(-0.500011000363,-0.866019052629,0.));
#3688 = DIRECTION('',(-0.866019052629,0.500011000363,0.));
#3689 = PCURVE('',#296,#3690);
#3690 = DEFINITIONAL_REPRESENTATION('',(#3691),#3695);
#3691 = CIRCLE('',#3692,17.5);
#3692 = AXIS2_PLACEMENT_2D('',#3693,#3694);
#3693 = CARTESIAN_POINT('',(0.,0.));
#3694 = DIRECTION('',(1.,0.));
#3695 = ( GEOMETRIC_REPRESENTATION_CONTEXT(2) 
PARAMETRIC_REPRESENTATION_CONTEXT() REPRESENTATION_CONTEXT('2D SPACE',''
  ) );
#3696 = PCURVE('',#181,#3697);
#3697 = DEFINITIONAL_REPRESENTATION('',(#3698),#3702);
#3698 = LINE('',#3699,#3700);
#3699 = CARTESIAN_POINT('',(0.,64.99856998427));
#3700 = VECTOR('',#3701,1.);
#3701 = DIRECTION('',(1.,0.));
#3702 = ( GEOMETRIC_REPRESENTATION_CONTEXT(2) 
PARAMETRIC_REPRESENTATION_CONTEXT() REPRESENTATION_CONTEXT('2D SPACE',''
  ) );
#3703 = ADVANCED_FACE('',(#3704,#3939,#4129),#181,.F.);
#3704 = FACE_BOUND('',#3705,.F.);
#3705 = EDGE_LOOP('',(#3706,#3731,#3753,#3754,#3755,#3756,#3778,#3779,
    #3801,#3802,#3824,#3825,#3847,#3848,#3870,#3871,#3893,#3894,#3916,
    #3917));
#3706 = ORIENTED_EDGE('',*,*,#3707,.T.);
#3707 = EDGE_CURVE('',#3708,#3710,#3712,.T.);
#3708 = VERTEX_POINT('',#3709);
#3709 = CARTESIAN_POINT('',(-32.655333421,-21.55980749364,
    4.286263797016E-15));
#3710 = VERTEX_POINT('',#3711);
#3711 = CARTESIAN_POINT('',(-67.655333421,-82.17980749364,
    4.286263797016E-15));
#3712 = SEAM_CURVE('',#3713,(#3717,#3724),.PCURVE_S1.);
#3713 = LINE('',#3714,#3715);
#3714 = CARTESIAN_POINT('',(-32.655333421,-21.55980749364,
    4.286263797016E-15));
#3715 = VECTOR('',#3716,1.);
#3716 = DIRECTION('',(-0.500011000363,-0.866019052629,0.));
#3717 = PCURVE('',#181,#3718);
#3718 = DEFINITIONAL_REPRESENTATION('',(#3719),#3723);
#3719 = LINE('',#3720,#3721);
#3720 = CARTESIAN_POINT('',(6.28318530718,-0.));
#3721 = VECTOR('',#3722,1.);
#3722 = DIRECTION('',(0.,1.));
#3723 = ( GEOMETRIC_REPRESENTATION_CONTEXT(2) 
PARAMETRIC_REPRESENTATION_CONTEXT() REPRESENTATION_CONTEXT('2D SPACE',''
  ) );
#3724 = PCURVE('',#181,#3725);
#3725 = DEFINITIONAL_REPRESENTATION('',(#3726),#3730);
#3726 = LINE('',#3727,#3728);
#3727 = CARTESIAN_POINT('',(0.,-0.));
#3728 = VECTOR('',#3729,1.);
#3729 = DIRECTION('',(0.,1.));
#3730 = ( GEOMETRIC_REPRESENTATION_CONTEXT(2) 
PARAMETRIC_REPRESENTATION_CONTEXT() REPRESENTATION_CONTEXT('2D SPACE',''
  ) );
#3731 = ORIENTED_EDGE('',*,*,#3732,.F.);
#3732 = EDGE_CURVE('',#329,#3710,#3733,.T.);
#3733 = SURFACE_CURVE('',#3734,(#3739,#3746),.PCURVE_S1.);
#3734 = CIRCLE('',#3735,17.5);
#3735 = AXIS2_PLACEMENT_3D('',#3736,#3737,#3738);
#3736 = CARTESIAN_POINT('',(-52.5,-90.93,0.));
#3737 = DIRECTION('',(-0.500011000363,-0.866019052629,0.));
#3738 = DIRECTION('',(-0.866019052629,0.500011000363,0.));
#3739 = PCURVE('',#181,#3740);
#3740 = DEFINITIONAL_REPRESENTATION('',(#3741),#3745);
#3741 = LINE('',#3742,#3743);
#3742 = CARTESIAN_POINT('',(0.,69.99845998306));
#3743 = VECTOR('',#3744,1.);
#3744 = DIRECTION('',(1.,0.));
#3745 = ( GEOMETRIC_REPRESENTATION_CONTEXT(2) 
PARAMETRIC_REPRESENTATION_CONTEXT() REPRESENTATION_CONTEXT('2D SPACE',''
  ) );
#3746 = PCURVE('',#343,#3747);
#3747 = DEFINITIONAL_REPRESENTATION('',(#3748),#3752);
#3748 = CIRCLE('',#3749,17.5);
#3749 = AXIS2_PLACEMENT_2D('',#3750,#3751);
#3750 = CARTESIAN_POINT('',(0.,0.));
#3751 = DIRECTION('',(1.,0.));
#3752 = ( GEOMETRIC_REPRESENTATION_CONTEXT(2) 
PARAMETRIC_REPRESENTATION_CONTEXT() REPRESENTATION_CONTEXT('2D SPACE',''
  ) );
#3753 = ORIENTED_EDGE('',*,*,#354,.F.);
#3754 = ORIENTED_EDGE('',*,*,#3682,.F.);
#3755 = ORIENTED_EDGE('',*,*,#307,.T.);
#3756 = ORIENTED_EDGE('',*,*,#3757,.F.);
#3757 = EDGE_CURVE('',#2006,#308,#3758,.T.);
#3758 = SURFACE_CURVE('',#3759,(#3764,#3771),.PCURVE_S1.);
#3759 = CIRCLE('',#3760,17.5);
#3760 = AXIS2_PLACEMENT_3D('',#3761,#3762,#3763);
#3761 = CARTESIAN_POINT('',(-52.5,-90.93,0.));
#3762 = DIRECTION('',(-0.500011000363,-0.866019052629,0.));
#3763 = DIRECTION('',(-0.866019052629,0.500011000363,0.));
#3764 = PCURVE('',#181,#3765);
#3765 = DEFINITIONAL_REPRESENTATION('',(#3766),#3770);
#3766 = LINE('',#3767,#3768);
#3767 = CARTESIAN_POINT('',(0.,69.99845998306));
#3768 = VECTOR('',#3769,1.);
#3769 = DIRECTION('',(1.,0.));
#3770 = ( GEOMETRIC_REPRESENTATION_CONTEXT(2) 
PARAMETRIC_REPRESENTATION_CONTEXT() REPRESENTATION_CONTEXT('2D SPACE',''
  ) );
#3771 = PCURVE('',#343,#3772);
#3772 = DEFINITIONAL_REPRESENTATION('',(#3773),#3777);
#3773 = CIRCLE('',#3774,17.5);
#3774 = AXIS2_PLACEMENT_2D('',#3775,#3776);
#3775 = CARTESIAN_POINT('',(0.,0.));
#3776 = DIRECTION('',(1.,0.));
#3777 = ( GEOMETRIC_REPRESENTATION_CONTEXT(2) 
PARAMETRIC_REPRESENTATION_CONTEXT() REPRESENTATION_CONTEXT('2D SPACE',''
  ) );
#3778 = ORIENTED_EDGE('',*,*,#2005,.F.);
#3779 = ORIENTED_EDGE('',*,*,#3780,.F.);
#3780 = EDGE_CURVE('',#2048,#1980,#3781,.T.);
#3781 = SURFACE_CURVE('',#3782,(#3787,#3794),.PCURVE_S1.);
#3782 = CIRCLE('',#3783,17.5);
#3783 = AXIS2_PLACEMENT_3D('',#3784,#3785,#3786);
#3784 = CARTESIAN_POINT('',(-50.,-86.6,0.));
#3785 = DIRECTION('',(-0.500011000363,-0.866019052629,0.));
#3786 = DIRECTION('',(-0.866019052629,0.500011000363,0.));
#3787 = PCURVE('',#181,#3788);
#3788 = DEFINITIONAL_REPRESENTATION('',(#3789),#3793);
#3789 = LINE('',#3790,#3791);
#3790 = CARTESIAN_POINT('',(0.,64.99856998427));
#3791 = VECTOR('',#3792,1.);
#3792 = DIRECTION('',(1.,0.));
#3793 = ( GEOMETRIC_REPRESENTATION_CONTEXT(2) 
PARAMETRIC_REPRESENTATION_CONTEXT() REPRESENTATION_CONTEXT('2D SPACE',''
  ) );
#3794 = PCURVE('',#1994,#3795);
#3795 = DEFINITIONAL_REPRESENTATION('',(#3796),#3800);
#3796 = CIRCLE('',#3797,17.5);
#3797 = AXIS2_PLACEMENT_2D('',#3798,#3799);
#3798 = CARTESIAN_POINT('',(0.,0.));
#3799 = DIRECTION('',(1.,0.));
#3800 = ( GEOMETRIC_REPRESENTATION_CONTEXT(2) 
PARAMETRIC_REPRESENTATION_CONTEXT() REPRESENTATION_CONTEXT('2D SPACE',''
  ) );
#3801 = ORIENTED_EDGE('',*,*,#2047,.T.);
#3802 = ORIENTED_EDGE('',*,*,#3803,.F.);
#3803 = EDGE_CURVE('',#3710,#2027,#3804,.T.);
#3804 = SURFACE_CURVE('',#3805,(#3810,#3817),.PCURVE_S1.);
#3805 = CIRCLE('',#3806,17.5);
#3806 = AXIS2_PLACEMENT_3D('',#3807,#3808,#3809);
#3807 = CARTESIAN_POINT('',(-52.5,-90.93,0.));
#3808 = DIRECTION('',(-0.500011000363,-0.866019052629,0.));
#3809 = DIRECTION('',(-0.866019052629,0.500011000363,0.));
#3810 = PCURVE('',#181,#3811);
#3811 = DEFINITIONAL_REPRESENTATION('',(#3812),#3816);
#3812 = LINE('',#3813,#3814);
#3813 = CARTESIAN_POINT('',(0.,69.99845998306));
#3814 = VECTOR('',#3815,1.);
#3815 = DIRECTION('',(1.,0.));
#3816 = ( GEOMETRIC_REPRESENTATION_CONTEXT(2) 
PARAMETRIC_REPRESENTATION_CONTEXT() REPRESENTATION_CONTEXT('2D SPACE',''
  ) );
#3817 = PCURVE('',#343,#3818);
#3818 = DEFINITIONAL_REPRESENTATION('',(#3819),#3823);
#3819 = CIRCLE('',#3820,17.5);
#3820 = AXIS2_PLACEMENT_2D('',#3821,#3822);
#3821 = CARTESIAN_POINT('',(0.,0.));
#3822 = DIRECTION('',(1.,0.));
#3823 = ( GEOMETRIC_REPRESENTATION_CONTEXT(2) 
PARAMETRIC_REPRESENTATION_CONTEXT() REPRESENTATION_CONTEXT('2D SPACE',''
  ) );
#3824 = ORIENTED_EDGE('',*,*,#3707,.F.);
#3825 = ORIENTED_EDGE('',*,*,#3826,.T.);
#3826 = EDGE_CURVE('',#3708,#1875,#3827,.T.);
#3827 = SURFACE_CURVE('',#3828,(#3833,#3840),.PCURVE_S1.);
#3828 = CIRCLE('',#3829,17.5);
#3829 = AXIS2_PLACEMENT_3D('',#3830,#3831,#3832);
#3830 = CARTESIAN_POINT('',(-17.5,-30.31,0.));
#3831 = DIRECTION('',(-0.500011000363,-0.866019052629,0.));
#3832 = DIRECTION('',(-0.866019052629,0.500011000363,0.));
#3833 = PCURVE('',#181,#3834);
#3834 = DEFINITIONAL_REPRESENTATION('',(#3835),#3839);
#3835 = LINE('',#3836,#3837);
#3836 = CARTESIAN_POINT('',(0.,0.));
#3837 = VECTOR('',#3838,1.);
#3838 = DIRECTION('',(1.,0.));
#3839 = ( GEOMETRIC_REPRESENTATION_CONTEXT(2) 
PARAMETRIC_REPRESENTATION_CONTEXT() REPRESENTATION_CONTEXT('2D SPACE',''
  ) );
#3840 = PCURVE('',#207,#3841);
#3841 = DEFINITIONAL_REPRESENTATION('',(#3842),#3846);
#3842 = CIRCLE('',#3843,17.5);
#3843 = AXIS2_PLACEMENT_2D('',#3844,#3845);
#3844 = CARTESIAN_POINT('',(0.,0.));
#3845 = DIRECTION('',(1.,0.));
#3846 = ( GEOMETRIC_REPRESENTATION_CONTEXT(2) 
PARAMETRIC_REPRESENTATION_CONTEXT() REPRESENTATION_CONTEXT('2D SPACE',''
  ) );
#3847 = ORIENTED_EDGE('',*,*,#1874,.T.);
#3848 = ORIENTED_EDGE('',*,*,#3849,.T.);
#3849 = EDGE_CURVE('',#1849,#1917,#3850,.T.);
#3850 = SURFACE_CURVE('',#3851,(#3856,#3863),.PCURVE_S1.);
#3851 = CIRCLE('',#3852,17.5);
#3852 = AXIS2_PLACEMENT_3D('',#3853,#3854,#3855);
#3853 = CARTESIAN_POINT('',(-20.,-34.64,0.));
#3854 = DIRECTION('',(-0.500011000363,-0.866019052629,0.));
#3855 = DIRECTION('',(-0.866019052629,0.500011000363,0.));
#3856 = PCURVE('',#181,#3857);
#3857 = DEFINITIONAL_REPRESENTATION('',(#3858),#3862);
#3858 = LINE('',#3859,#3860);
#3859 = CARTESIAN_POINT('',(0.,4.99988999879));
#3860 = VECTOR('',#3861,1.);
#3861 = DIRECTION('',(1.,0.));
#3862 = ( GEOMETRIC_REPRESENTATION_CONTEXT(2) 
PARAMETRIC_REPRESENTATION_CONTEXT() REPRESENTATION_CONTEXT('2D SPACE',''
  ) );
#3863 = PCURVE('',#1863,#3864);
#3864 = DEFINITIONAL_REPRESENTATION('',(#3865),#3869);
#3865 = CIRCLE('',#3866,17.5);
#3866 = AXIS2_PLACEMENT_2D('',#3867,#3868);
#3867 = CARTESIAN_POINT('',(0.,0.));
#3868 = DIRECTION('',(1.,0.));
#3869 = ( GEOMETRIC_REPRESENTATION_CONTEXT(2) 
PARAMETRIC_REPRESENTATION_CONTEXT() REPRESENTATION_CONTEXT('2D SPACE',''
  ) );
#3870 = ORIENTED_EDGE('',*,*,#1916,.F.);
#3871 = ORIENTED_EDGE('',*,*,#3872,.T.);
#3872 = EDGE_CURVE('',#1896,#193,#3873,.T.);
#3873 = SURFACE_CURVE('',#3874,(#3879,#3886),.PCURVE_S1.);
#3874 = CIRCLE('',#3875,17.5);
#3875 = AXIS2_PLACEMENT_3D('',#3876,#3877,#3878);
#3876 = CARTESIAN_POINT('',(-17.5,-30.31,0.));
#3877 = DIRECTION('',(-0.500011000363,-0.866019052629,0.));
#3878 = DIRECTION('',(-0.866019052629,0.500011000363,0.));
#3879 = PCURVE('',#181,#3880);
#3880 = DEFINITIONAL_REPRESENTATION('',(#3881),#3885);
#3881 = LINE('',#3882,#3883);
#3882 = CARTESIAN_POINT('',(0.,0.));
#3883 = VECTOR('',#3884,1.);
#3884 = DIRECTION('',(1.,0.));
#3885 = ( GEOMETRIC_REPRESENTATION_CONTEXT(2) 
PARAMETRIC_REPRESENTATION_CONTEXT() REPRESENTATION_CONTEXT('2D SPACE',''
  ) );
#3886 = PCURVE('',#207,#3887);
#3887 = DEFINITIONAL_REPRESENTATION('',(#3888),#3892);
#3888 = CIRCLE('',#3889,17.5);
#3889 = AXIS2_PLACEMENT_2D('',#3890,#3891);
#3890 = CARTESIAN_POINT('',(0.,0.));
#3891 = DIRECTION('',(1.,0.));
#3892 = ( GEOMETRIC_REPRESENTATION_CONTEXT(2) 
PARAMETRIC_REPRESENTATION_CONTEXT() REPRESENTATION_CONTEXT('2D SPACE',''
  ) );
#3893 = ORIENTED_EDGE('',*,*,#218,.T.);
#3894 = ORIENTED_EDGE('',*,*,#3895,.T.);
#3895 = EDGE_CURVE('',#219,#141,#3896,.T.);
#3896 = SURFACE_CURVE('',#3897,(#3902,#3909),.PCURVE_S1.);
#3897 = CIRCLE('',#3898,17.5);
#3898 = AXIS2_PLACEMENT_3D('',#3899,#3900,#3901);
#3899 = CARTESIAN_POINT('',(-20.,-34.64,0.));
#3900 = DIRECTION('',(-0.500011000363,-0.866019052629,0.));
#3901 = DIRECTION('',(-0.866019052629,0.500011000363,0.));
#3902 = PCURVE('',#181,#3903);
#3903 = DEFINITIONAL_REPRESENTATION('',(#3904),#3908);
#3904 = LINE('',#3905,#3906);
#3905 = CARTESIAN_POINT('',(0.,4.99988999879));
#3906 = VECTOR('',#3907,1.);
#3907 = DIRECTION('',(1.,0.));
#3908 = ( GEOMETRIC_REPRESENTATION_CONTEXT(2) 
PARAMETRIC_REPRESENTATION_CONTEXT() REPRESENTATION_CONTEXT('2D SPACE',''
  ) );
#3909 = PCURVE('',#155,#3910);
#3910 = DEFINITIONAL_REPRESENTATION('',(#3911),#3915);
#3911 = CIRCLE('',#3912,17.5);
#3912 = AXIS2_PLACEMENT_2D('',#3913,#3914);
#3913 = CARTESIAN_POINT('',(0.,0.));
#3914 = DIRECTION('',(1.,0.));
#3915 = ( GEOMETRIC_REPRESENTATION_CONTEXT(2) 
PARAMETRIC_REPRESENTATION_CONTEXT() REPRESENTATION_CONTEXT('2D SPACE',''
  ) );
#3916 = ORIENTED_EDGE('',*,*,#166,.F.);
#3917 = ORIENTED_EDGE('',*,*,#3918,.T.);
#3918 = EDGE_CURVE('',#167,#3708,#3919,.T.);
#3919 = SURFACE_CURVE('',#3920,(#3925,#3932),.PCURVE_S1.);
#3920 = CIRCLE('',#3921,17.5);
#3921 = AXIS2_PLACEMENT_3D('',#3922,#3923,#3924);
#3922 = CARTESIAN_POINT('',(-17.5,-30.31,0.));
#3923 = DIRECTION('',(-0.500011000363,-0.866019052629,0.));
#3924 = DIRECTION('',(-0.866019052629,0.500011000363,0.));
#3925 = PCURVE('',#181,#3926);
#3926 = DEFINITIONAL_REPRESENTATION('',(#3927),#3931);
#3927 = LINE('',#3928,#3929);
#3928 = CARTESIAN_POINT('',(0.,0.));
#3929 = VECTOR('',#3930,1.);
#3930 = DIRECTION('',(1.,0.));
#3931 = ( GEOMETRIC_REPRESENTATION_CONTEXT(2) 
PARAMETRIC_REPRESENTATION_CONTEXT() REPRESENTATION_CONTEXT('2D SPACE',''
  ) );
#3932 = PCURVE('',#207,#3933);
#3933 = DEFINITIONAL_REPRESENTATION('',(#3934),#3938);
#3934 = CIRCLE('',#3935,17.5);
#3935 = AXIS2_PLACEMENT_2D('',#3936,#3937);
#3936 = CARTESIAN_POINT('',(0.,0.));
#3937 = DIRECTION('',(1.,0.));
#3938 = ( GEOMETRIC_REPRESENTATION_CONTEXT(2) 
PARAMETRIC_REPRESENTATION_CONTEXT() REPRESENTATION_CONTEXT('2D SPACE',''
  ) );
#3939 = FACE_BOUND('',#3940,.F.);
#3940 = EDGE_LOOP('',(#3941));
#3941 = ORIENTED_EDGE('',*,*,#3942,.F.);
#3942 = EDGE_CURVE('',#3943,#3943,#3945,.T.);
#3943 = VERTEX_POINT('',#3944);
#3944 = CARTESIAN_POINT('',(-32.9,-60.62,17.405244856426));
#3945 = SURFACE_CURVE('',#3946,(#4005,#4067),.PCURVE_S1.);
#3946 = B_SPLINE_CURVE_WITH_KNOTS('',8,(#3947,#3948,#3949,#3950,#3951,
    #3952,#3953,#3954,#3955,#3956,#3957,#3958,#3959,#3960,#3961,#3962,
    #3963,#3964,#3965,#3966,#3967,#3968,#3969,#3970,#3971,#3972,#3973,
    #3974,#3975,#3976,#3977,#3978,#3979,#3980,#3981,#3982,#3983,#3984,
    #3985,#3986,#3987,#3988,#3989,#3990,#3991,#3992,#3993,#3994,#3995,
    #3996,#3997,#3998,#3999,#4000,#4001,#4002,#4003,#4004),
  .UNSPECIFIED.,.T.,.F.,(9,7,7,7,7,7,7,7,9),(0.,0.125041505114,
    0.238084484126,0.336874749392,0.429971650739,0.579105228866,
    0.700358422456,0.83910281448,1.),.UNSPECIFIED.);
#3947 = CARTESIAN_POINT('',(-32.9,-60.62,17.405244856426));
#3948 = CARTESIAN_POINT('',(-32.9,-60.42871424616,17.415238613533));
#3949 = CARTESIAN_POINT('',(-32.9199127013,-60.23138864008,
    17.426742490685));
#3950 = CARTESIAN_POINT('',(-32.96194071275,-60.03039768771,
    17.43938332123));
#3951 = CARTESIAN_POINT('',(-33.028050781,-59.82858475488,
    17.452583489111));
#3952 = CARTESIAN_POINT('',(-33.11995409408,-59.62928330613,
    17.465565852622));
#3953 = CARTESIAN_POINT('',(-33.23906569501,-59.43638191749,
    17.477379716379));
#3954 = CARTESIAN_POINT('',(-33.38641145767,-59.25447808898,
    17.486984695877));
#3955 = CARTESIAN_POINT('',(-33.72159857851,-58.93971643136,
    17.499255539562));
#3956 = CARTESIAN_POINT('',(-33.9006215951,-58.807186125,17.502367379606
    ));
#3957 = CARTESIAN_POINT('',(-34.09613843921,-58.69640687911,
    17.502200182838));
#3958 = CARTESIAN_POINT('',(-34.30339645221,-58.61072996336,
    17.498553154305));
#3959 = CARTESIAN_POINT('',(-34.51672140451,-58.55185903867,
    17.491768671124));
#3960 = CARTESIAN_POINT('',(-34.7299820689,-58.51964572379,
    17.482644091934));
#3961 = CARTESIAN_POINT('',(-34.93700319243,-58.51188451336,
    17.472192569218));
#3962 = CARTESIAN_POINT('',(-35.30214899234,-58.53485753986,
    17.45191078161));
#3963 = CARTESIAN_POINT('',(-35.46630517919,-58.56106046384,
    17.441993120179));
#3964 = CARTESIAN_POINT('',(-35.62340434067,-58.60101876044,
    17.43203713935));
#3965 = CARTESIAN_POINT('',(-35.77282206214,-58.65321850422,
    17.422393743539));
#3966 = CARTESIAN_POINT('',(-35.91414260551,-58.71634238367,
    17.413344068595));
#3967 = CARTESIAN_POINT('',(-36.04708649287,-58.78925099219,
    17.405104127027));
#3968 = CARTESIAN_POINT('',(-36.17145689326,-58.87096875242,
    17.397834016449));
#3969 = CARTESIAN_POINT('',(-36.39608784774,-59.04521038137,
    17.385825658484));
#3970 = CARTESIAN_POINT('',(-36.49739174501,-59.13689209004,
    17.380961863884));
#3971 = CARTESIAN_POINT('',(-36.59089438827,-59.23506432186,
    17.377159347999));
#3972 = CARTESIAN_POINT('',(-36.6764692058,-59.33917252191,
    17.374485153235));
#3973 = CARTESIAN_POINT('',(-36.75396914308,-59.4487410177,
    17.372979785189));
#3974 = CARTESIAN_POINT('',(-36.82321052721,-59.56335176922,
    17.37266047128));
#3975 = CARTESIAN_POINT('',(-36.88395682309,-59.68262370987,
    17.373522216644));
#3976 = CARTESIAN_POINT('',(-37.01911463267,-60.00414000115,
    17.378763625571));
#3977 = CARTESIAN_POINT('',(-37.07969733665,-60.21300658779,
    17.384946511639));
#3978 = CARTESIAN_POINT('',(-37.11650264207,-60.43142414889,
    17.393966880434));
#3979 = CARTESIAN_POINT('',(-37.12772774889,-60.65795522635,
    17.405555518947));
#3980 = CARTESIAN_POINT('',(-37.11097347048,-60.89069190096,
    17.41925961646));
#3981 = CARTESIAN_POINT('',(-37.06328292848,-61.12698400807,
    17.434338411376));
#3982 = CARTESIAN_POINT('',(-36.98121907977,-61.36300930499,
    17.449674327997));
#3983 = CARTESIAN_POINT('',(-36.76332806044,-61.77980927873,
    17.475260643949));
#3984 = CARTESIAN_POINT('',(-36.6381709471,-61.96696663244,
    17.486190185513));
#3985 = CARTESIAN_POINT('',(-36.48471962341,-62.14477170303,
    17.49534004578));
#3986 = CARTESIAN_POINT('',(-36.30502032242,-62.30504867331,
    17.501448240489));
#3987 = CARTESIAN_POINT('',(-36.10357449284,-62.44127452079,
    17.503588444209));
#3988 = CARTESIAN_POINT('',(-35.88664790789,-62.54899819347,
    17.501613596953));
#3989 = CARTESIAN_POINT('',(-35.66167438147,-62.62626903,17.496083129927
    ));
#3990 = CARTESIAN_POINT('',(-35.17914499709,-62.72884022295,
    17.478673510418));
#3991 = CARTESIAN_POINT('',(-34.92597745028,-62.74409935614,
    17.46615228616));
#3992 = CARTESIAN_POINT('',(-34.68243789523,-62.72513044485,
    17.451813487979));
#3993 = CARTESIAN_POINT('',(-34.45193513218,-62.6766567267,
    17.437015912303));
#3994 = CARTESIAN_POINT('',(-34.23675687664,-62.60292278596,
    17.422848699901));
#3995 = CARTESIAN_POINT('',(-34.03842187267,-62.50771295717,
    17.410097022861));
#3996 = CARTESIAN_POINT('',(-33.85785303783,-62.39436127214,
    17.399290212552));
#3997 = CARTESIAN_POINT('',(-33.50746345137,-62.11665315459,
    17.38081134613));
#3998 = CARTESIAN_POINT('',(-33.34285817094,-61.94616845162,
    17.37385756824));
#3999 = CARTESIAN_POINT('',(-33.20222983291,-61.75768524622,
    17.370363708151));
#4000 = CARTESIAN_POINT('',(-33.08622918814,-61.55357533449,
    17.370545190526));
#4001 = CARTESIAN_POINT('',(-32.99595900005,-61.33578049527,
    17.374423691754));
#4002 = CARTESIAN_POINT('',(-32.93309284766,-61.10611752195,
    17.381832984237));
#4003 = CARTESIAN_POINT('',(-32.9,-60.86659334291,17.392361544815));
#4004 = CARTESIAN_POINT('',(-32.9,-60.62,17.405244856426));
#4005 = PCURVE('',#181,#4006);
#4006 = DEFINITIONAL_REPRESENTATION('',(#4007),#4066);
#4007 = B_SPLINE_CURVE_WITH_KNOTS('',8,(#4008,#4009,#4010,#4011,#4012,
    #4013,#4014,#4015,#4016,#4017,#4018,#4019,#4020,#4021,#4022,#4023,
    #4024,#4025,#4026,#4027,#4028,#4029,#4030,#4031,#4032,#4033,#4034,
    #4035,#4036,#4037,#4038,#4039,#4040,#4041,#4042,#4043,#4044,#4045,
    #4046,#4047,#4048,#4049,#4050,#4051,#4052,#4053,#4054,#4055,#4056,
    #4057,#4058,#4059,#4060,#4061,#4062,#4063,#4064,#4065),
  .UNSPECIFIED.,.T.,.F.,(9,7,7,7,7,7,7,7,9),(0.,0.125041505114,
    0.238084484126,0.336874749392,0.429971650739,0.579105228866,
    0.700358422456,0.83910281448,1.),.UNSPECIFIED.);
#4008 = CARTESIAN_POINT('',(4.608278721725,33.949206890767));
#4009 = CARTESIAN_POINT('',(4.613773903316,33.783549783451));
#4010 = CARTESIAN_POINT('',(4.6204297726,33.622618618713));
#4011 = CARTESIAN_POINT('',(4.628285280558,33.469571092603));
#4012 = CARTESIAN_POINT('',(4.637353748157,33.327853009061));
#4013 = CARTESIAN_POINT('',(4.647621583533,33.201206824737));
#4014 = CARTESIAN_POINT('',(4.659045551717,33.093707657635));
#4015 = CARTESIAN_POINT('',(4.671544936012,33.009849978582));
#4016 = CARTESIAN_POINT('',(4.697135271445,32.904857633651));
#4017 = CARTESIAN_POINT('',(4.709781344485,32.879597340906));
#4018 = CARTESIAN_POINT('',(4.722619655722,32.881420976139));
#4019 = CARTESIAN_POINT('',(4.735322864564,32.910854421141));
#4020 = CARTESIAN_POINT('',(4.747565346782,32.966535901519));
#4021 = CARTESIAN_POINT('',(4.759049899856,33.045271235222));
#4022 = CARTESIAN_POINT('',(4.769533015382,33.14206271819));
#4023 = CARTESIAN_POINT('',(4.786985051778,33.344534713528));
#4024 = CARTESIAN_POINT('',(4.794381300218,33.449306844127));
#4025 = CARTESIAN_POINT('',(4.801037906731,33.562462799185));
#4026 = CARTESIAN_POINT('',(4.806966054816,33.682379276226));
#4027 = CARTESIAN_POINT('',(4.812181533384,33.807707584769));
#4028 = CARTESIAN_POINT('',(4.816701881302,33.937321234957));
#4029 = CARTESIAN_POINT('',(4.820544236823,34.07027694057));
#4030 = CARTESIAN_POINT('',(4.826720300897,34.333491459261));
#4031 = CARTESIAN_POINT('',(4.829130031645,34.463542628766));
#4032 = CARTESIAN_POINT('',(4.830965096262,34.595314002153));
#4033 = CARTESIAN_POINT('',(4.832234566688,34.72826203705));
#4034 = CARTESIAN_POINT('',(4.832944425767,34.861901263139));
#4035 = CARTESIAN_POINT('',(4.833097385993,34.995777811338));
#4036 = CARTESIAN_POINT('',(4.832692675932,35.129443400553));
#4037 = CARTESIAN_POINT('',(4.830176929507,35.475463026114));
#4038 = CARTESIAN_POINT('',(4.827186281614,35.686637488017));
#4039 = CARTESIAN_POINT('',(4.822737088109,35.894194314943));
#4040 = CARTESIAN_POINT('',(4.816783293603,36.095987220925));
#4041 = CARTESIAN_POINT('',(4.809263981104,36.289164291877));
#4042 = CARTESIAN_POINT('',(4.800113008034,36.469951963004));
#4043 = CARTESIAN_POINT('',(4.789274216173,36.633321539955));
#4044 = CARTESIAN_POINT('',(4.766535599718,36.885330351799));
#4045 = CARTESIAN_POINT('',(4.754978231321,36.984832252513));
#4046 = CARTESIAN_POINT('',(4.742295134467,37.062087481428));
#4047 = CARTESIAN_POINT('',(4.728821775368,37.111038764138));
#4048 = CARTESIAN_POINT('',(4.714964124773,37.128287812745));
#4049 = CARTESIAN_POINT('',(4.70115354551,37.113112886962));
#4050 = CARTESIAN_POINT('',(4.687809998178,37.067541665607));
#4051 = CARTESIAN_POINT('',(4.660982039991,36.915100272767));
#4052 = CARTESIAN_POINT('',(4.647999993716,36.801728414494));
#4053 = CARTESIAN_POINT('',(4.636463012565,36.663528519357));
#4054 = CARTESIAN_POINT('',(4.626406846498,36.506295438753));
#4055 = CARTESIAN_POINT('',(4.61782734134,36.334848946439));
#4056 = CARTESIAN_POINT('',(4.610695613119,36.153225736965));
#4057 = CARTESIAN_POINT('',(4.604965194088,35.964774614343));
#4058 = CARTESIAN_POINT('',(4.595501134354,35.549075445828));
#4059 = CARTESIAN_POINT('',(4.592202551071,35.319127993942));
#4060 = CARTESIAN_POINT('',(4.590616026504,35.08558223099));
#4061 = CARTESIAN_POINT('',(4.590707912709,34.850817560163));
#4062 = CARTESIAN_POINT('',(4.592477565546,34.617066992783));
#4063 = CARTESIAN_POINT('',(4.595954309462,34.386740714468));
#4064 = CARTESIAN_POINT('',(4.601194685557,34.162761423984));
#4065 = CARTESIAN_POINT('',(4.608278721725,33.949206890767));
#4066 = ( GEOMETRIC_REPRESENTATION_CONTEXT(2) 
PARAMETRIC_REPRESENTATION_CONTEXT() REPRESENTATION_CONTEXT('2D SPACE',''
  ) );
#4067 = PCURVE('',#3609,#4068);
#4068 = DEFINITIONAL_REPRESENTATION('',(#4069),#4128);
#4069 = B_SPLINE_CURVE_WITH_KNOTS('',8,(#4070,#4071,#4072,#4073,#4074,
    #4075,#4076,#4077,#4078,#4079,#4080,#4081,#4082,#4083,#4084,#4085,
    #4086,#4087,#4088,#4089,#4090,#4091,#4092,#4093,#4094,#4095,#4096,
    #4097,#4098,#4099,#4100,#4101,#4102,#4103,#4104,#4105,#4106,#4107,
    #4108,#4109,#4110,#4111,#4112,#4113,#4114,#4115,#4116,#4117,#4118,
    #4119,#4120,#4121,#4122,#4123,#4124,#4125,#4126,#4127),
  .UNSPECIFIED.,.F.,.F.,(9,7,7,7,7,7,7,7,9),(0.,0.125041505114,
    0.238084484126,0.336874749392,0.429971650739,0.579105228866,
    0.700358422456,0.83910281448,1.),.UNSPECIFIED.);
#4070 = CARTESIAN_POINT('',(8.881784197001E-16,37.405244856426));
#4071 = CARTESIAN_POINT('',(9.108845420669E-02,37.415238613533));
#4072 = CARTESIAN_POINT('',(0.185052642721,37.426742490685));
#4073 = CARTESIAN_POINT('',(0.281915723215,37.43938332123));
#4074 = CARTESIAN_POINT('',(0.38177545163,37.452583489111));
#4075 = CARTESIAN_POINT('',(0.484830471607,37.465565852622));
#4076 = CARTESIAN_POINT('',(0.591373946613,37.477379716379));
#4077 = CARTESIAN_POINT('',(0.701818207717,37.486984695877));
#4078 = CARTESIAN_POINT('',(0.920775387329,37.499255539562));
#4079 = CARTESIAN_POINT('',(1.026120504095,37.502367379606));
#4080 = CARTESIAN_POINT('',(1.13181444986,37.502200182838));
#4081 = CARTESIAN_POINT('',(1.237014282825,37.498553154305));
#4082 = CARTESIAN_POINT('',(1.340888721543,37.491768671124));
#4083 = CARTESIAN_POINT('',(1.442500367142,37.482644091934));
#4084 = CARTESIAN_POINT('',(1.540655720633,37.472192569218));
#4085 = CARTESIAN_POINT('',(1.714878461753,37.45191078161));
#4086 = CARTESIAN_POINT('',(1.793677784024,37.441993120179));
#4087 = CARTESIAN_POINT('',(1.870350040687,37.43203713935));
#4088 = CARTESIAN_POINT('',(1.945167788545,37.422393743539));
#4089 = CARTESIAN_POINT('',(2.018372228033,37.413344068595));
#4090 = CARTESIAN_POINT('',(2.090188320891,37.405104127027));
#4091 = CARTESIAN_POINT('',(2.160835044665,37.397834016449));
#4092 = CARTESIAN_POINT('',(2.296209900876,37.385825658484));
#4093 = CARTESIAN_POINT('',(2.361085327005,37.380961863884));
#4094 = CARTESIAN_POINT('',(2.425351027773,37.377159347999));
#4095 = CARTESIAN_POINT('',(2.489185933626,37.374485153235));
#4096 = CARTESIAN_POINT('',(2.552761272881,37.372979785189));
#4097 = CARTESIAN_POINT('',(2.61624662776,37.37266047128));
#4098 = CARTESIAN_POINT('',(2.679814713706,37.373522216644));
#4099 = CARTESIAN_POINT('',(2.845895561061,37.378763625571));
#4100 = CARTESIAN_POINT('',(2.948763028608,37.384946511639));
#4101 = CARTESIAN_POINT('',(3.053067023441,37.393966880434));
#4102 = CARTESIAN_POINT('',(3.159547874215,37.405555518947));
#4103 = CARTESIAN_POINT('',(3.268949316139,37.41925961646));
#4104 = CARTESIAN_POINT('',(3.382054934167,37.434338411376));
#4105 = CARTESIAN_POINT('',(3.499763794334,37.449674327997));
#4106 = CARTESIAN_POINT('',(3.723724591443,37.475260643949));
#4107 = CARTESIAN_POINT('',(3.830317148127,37.486190185513));
#4108 = CARTESIAN_POINT('',(3.940747471836,37.49534004578));
#4109 = CARTESIAN_POINT('',(4.053459123649,37.501448240489));
#4110 = CARTESIAN_POINT('',(4.167234643626,37.503588444209));
#4111 = CARTESIAN_POINT('',(4.280943740324,37.501613596953));
#4112 = CARTESIAN_POINT('',(4.393383554687,37.496083129927));
#4113 = CARTESIAN_POINT('',(4.628293416503,37.478673510418));
#4114 = CARTESIAN_POINT('',(4.747726385055,37.46615228616));
#4115 = CARTESIAN_POINT('',(4.862282421802,37.451813487979));
#4116 = CARTESIAN_POINT('',(4.97267031503,37.437015912303));
#4117 = CARTESIAN_POINT('',(5.079447782492,37.422848699901));
#4118 = CARTESIAN_POINT('',(5.183088197181,37.410097022861));
#4119 = CARTESIAN_POINT('',(5.284001382641,37.399290212552));
#4120 = CARTESIAN_POINT('',(5.496904147996,37.38081134613));
#4121 = CARTESIAN_POINT('',(5.608759347876,37.37385756824));
#4122 = CARTESIAN_POINT('',(5.71926645847,37.370363708151));
#4123 = CARTESIAN_POINT('',(5.829348173492,37.370545190526));
#4124 = CARTESIAN_POINT('',(5.939871137265,37.374423691754));
#4125 = CARTESIAN_POINT('',(6.05170056744,37.381832984237));
#4126 = CARTESIAN_POINT('',(6.165759905791,37.392361544815));
#4127 = CARTESIAN_POINT('',(6.28318530718,37.405244856426));
#4128 = ( GEOMETRIC_REPRESENTATION_CONTEXT(2) 
PARAMETRIC_REPRESENTATION_CONTEXT() REPRESENTATION_CONTEXT('2D SPACE',''
  ) );
#4129 = FACE_BOUND('',#4130,.F.);
#4130 = EDGE_LOOP('',(#4131));
#4131 = ORIENTED_EDGE('',*,*,#4132,.T.);
#4132 = EDGE_CURVE('',#4133,#4133,#4135,.T.);
#4133 = VERTEX_POINT('',#4134);
#4134 = CARTESIAN_POINT('',(-32.9,-60.62,-17.40524485642));
#4135 = SURFACE_CURVE('',#4136,(#4195,#4257),.PCURVE_S1.);
#4136 = B_SPLINE_CURVE_WITH_KNOTS('',8,(#4137,#4138,#4139,#4140,#4141,
    #4142,#4143,#4144,#4145,#4146,#4147,#4148,#4149,#4150,#4151,#4152,
    #4153,#4154,#4155,#4156,#4157,#4158,#4159,#4160,#4161,#4162,#4163,
    #4164,#4165,#4166,#4167,#4168,#4169,#4170,#4171,#4172,#4173,#4174,
    #4175,#4176,#4177,#4178,#4179,#4180,#4181,#4182,#4183,#4184,#4185,
    #4186,#4187,#4188,#4189,#4190,#4191,#4192,#4193,#4194),
  .UNSPECIFIED.,.T.,.F.,(9,7,7,7,7,7,7,7,9),(0.,0.125041505196,
    0.238084484197,0.336874749453,0.429971650792,0.579105228905,
    0.700358422483,0.839102814495,1.),.UNSPECIFIED.);
#4137 = CARTESIAN_POINT('',(-32.9,-60.62,-17.40524485642));
#4138 = CARTESIAN_POINT('',(-32.9,-60.42871424635,-17.41523861352));
#4139 = CARTESIAN_POINT('',(-32.91991270126,-60.23138864013,
    -17.42674249068));
#4140 = CARTESIAN_POINT('',(-32.96194071275,-60.03039768759,
    -17.43938332123));
#4141 = CARTESIAN_POINT('',(-33.02805078106,-59.82858475472,
    -17.45258348912));
#4142 = CARTESIAN_POINT('',(-33.11995409415,-59.62928330607,
    -17.46556585262));
#4143 = CARTESIAN_POINT('',(-33.23906569498,-59.43638191758,
    -17.47737971637));
#4144 = CARTESIAN_POINT('',(-33.38641145753,-59.2544780891,
    -17.48698469587));
#4145 = CARTESIAN_POINT('',(-33.72159857851,-58.93971643136,
    -17.49925553956));
#4146 = CARTESIAN_POINT('',(-33.9006215951,-58.807186125,-17.5023673796)
  );
#4147 = CARTESIAN_POINT('',(-34.09613843921,-58.69640687911,
    -17.50220018283));
#4148 = CARTESIAN_POINT('',(-34.30339645221,-58.61072996336,
    -17.4985531543));
#4149 = CARTESIAN_POINT('',(-34.51672140451,-58.55185903867,
    -17.49176867112));
#4150 = CARTESIAN_POINT('',(-34.7299820689,-58.51964572379,
    -17.48264409193));
#4151 = CARTESIAN_POINT('',(-34.93700319243,-58.51188451336,
    -17.47219256921));
#4152 = CARTESIAN_POINT('',(-35.30214899234,-58.53485753986,
    -17.45191078161));
#4153 = CARTESIAN_POINT('',(-35.46630517919,-58.56106046384,
    -17.44199312017));
#4154 = CARTESIAN_POINT('',(-35.62340434067,-58.60101876044,
    -17.43203713935));
#4155 = CARTESIAN_POINT('',(-35.77282206214,-58.65321850422,
    -17.42239374353));
#4156 = CARTESIAN_POINT('',(-35.91414260551,-58.71634238367,
    -17.41334406859));
#4157 = CARTESIAN_POINT('',(-36.04708649287,-58.78925099219,
    -17.40510412702));
#4158 = CARTESIAN_POINT('',(-36.17145689326,-58.87096875242,
    -17.39783401644));
#4159 = CARTESIAN_POINT('',(-36.39608784774,-59.04521038137,
    -17.38582565848));
#4160 = CARTESIAN_POINT('',(-36.49739174501,-59.13689209004,
    -17.38096186388));
#4161 = CARTESIAN_POINT('',(-36.59089438827,-59.23506432186,
    -17.37715934799));
#4162 = CARTESIAN_POINT('',(-36.6764692058,-59.33917252191,
    -17.37448515323));
#4163 = CARTESIAN_POINT('',(-36.75396914308,-59.4487410177,
    -17.37297978518));
#4164 = CARTESIAN_POINT('',(-36.82321052721,-59.56335176922,
    -17.37266047128));
#4165 = CARTESIAN_POINT('',(-36.88395682309,-59.68262370987,
    -17.37352221664));
#4166 = CARTESIAN_POINT('',(-37.01911463267,-60.00414000115,
    -17.37876362557));
#4167 = CARTESIAN_POINT('',(-37.07969733665,-60.21300658779,
    -17.38494651163));
#4168 = CARTESIAN_POINT('',(-37.11650264207,-60.43142414889,
    -17.39396688043));
#4169 = CARTESIAN_POINT('',(-37.12772774889,-60.65795522635,
    -17.40555551894));
#4170 = CARTESIAN_POINT('',(-37.11097347048,-60.89069190096,
    -17.41925961646));
#4171 = CARTESIAN_POINT('',(-37.06328292848,-61.12698400807,
    -17.43433841137));
#4172 = CARTESIAN_POINT('',(-36.98121907977,-61.36300930499,
    -17.44967432799));
#4173 = CARTESIAN_POINT('',(-36.76332806044,-61.77980927873,
    -17.47526064394));
#4174 = CARTESIAN_POINT('',(-36.6381709471,-61.96696663244,
    -17.48619018551));
#4175 = CARTESIAN_POINT('',(-36.48471962341,-62.14477170303,
    -17.49534004578));
#4176 = CARTESIAN_POINT('',(-36.30502032242,-62.30504867331,
    -17.50144824048));
#4177 = CARTESIAN_POINT('',(-36.10357449284,-62.44127452079,
    -17.50358844421));
#4178 = CARTESIAN_POINT('',(-35.88664790789,-62.54899819347,
    -17.50161359695));
#4179 = CARTESIAN_POINT('',(-35.66167438147,-62.62626903,-17.49608312992
    ));
#4180 = CARTESIAN_POINT('',(-35.17914499709,-62.72884022295,
    -17.47867351041));
#4181 = CARTESIAN_POINT('',(-34.92597745028,-62.74409935614,
    -17.46615228616));
#4182 = CARTESIAN_POINT('',(-34.68243789523,-62.72513044485,
    -17.45181348797));
#4183 = CARTESIAN_POINT('',(-34.45193513218,-62.6766567267,
    -17.4370159123));
#4184 = CARTESIAN_POINT('',(-34.23675687664,-62.60292278596,
    -17.4228486999));
#4185 = CARTESIAN_POINT('',(-34.03842187267,-62.50771295717,
    -17.41009702286));
#4186 = CARTESIAN_POINT('',(-33.85785303783,-62.39436127214,
    -17.39929021255));
#4187 = CARTESIAN_POINT('',(-33.50746345137,-62.11665315459,
    -17.38081134613));
#4188 = CARTESIAN_POINT('',(-33.34285817094,-61.94616845162,
    -17.37385756824));
#4189 = CARTESIAN_POINT('',(-33.20222983291,-61.75768524622,
    -17.37036370815));
#4190 = CARTESIAN_POINT('',(-33.08622918814,-61.55357533449,
    -17.37054519052));
#4191 = CARTESIAN_POINT('',(-32.99595900005,-61.33578049527,
    -17.37442369175));
#4192 = CARTESIAN_POINT('',(-32.93309284766,-61.10611752195,
    -17.38183298423));
#4193 = CARTESIAN_POINT('',(-32.9,-60.86659334291,-17.39236154481));
#4194 = CARTESIAN_POINT('',(-32.9,-60.62,-17.40524485642));
#4195 = PCURVE('',#181,#4196);
#4196 = DEFINITIONAL_REPRESENTATION('',(#4197),#4256);
#4197 = B_SPLINE_CURVE_WITH_KNOTS('',8,(#4198,#4199,#4200,#4201,#4202,
    #4203,#4204,#4205,#4206,#4207,#4208,#4209,#4210,#4211,#4212,#4213,
    #4214,#4215,#4216,#4217,#4218,#4219,#4220,#4221,#4222,#4223,#4224,
    #4225,#4226,#4227,#4228,#4229,#4230,#4231,#4232,#4233,#4234,#4235,
    #4236,#4237,#4238,#4239,#4240,#4241,#4242,#4243,#4244,#4245,#4246,
    #4247,#4248,#4249,#4250,#4251,#4252,#4253,#4254,#4255),
  .UNSPECIFIED.,.T.,.F.,(9,7,7,7,7,7,7,7,9),(0.,0.125041505196,
    0.238084484197,0.336874749453,0.429971650792,0.579105228905,
    0.700358422483,0.839102814495,1.),.UNSPECIFIED.);
#4198 = CARTESIAN_POINT('',(1.674906585455,33.949206890767));
#4199 = CARTESIAN_POINT('',(1.669411403869,33.783549783613));
#4200 = CARTESIAN_POINT('',(1.662755534583,33.622618618736));
#4201 = CARTESIAN_POINT('',(1.654900026618,33.4695710925));
#4202 = CARTESIAN_POINT('',(1.645831559015,33.327853008958));
#4203 = CARTESIAN_POINT('',(1.635563723642,33.201206824726));
#4204 = CARTESIAN_POINT('',(1.624139755466,33.0937076577));
#4205 = CARTESIAN_POINT('',(1.611640371178,33.009849978623));
#4206 = CARTESIAN_POINT('',(1.586050035735,32.904857633651));
#4207 = CARTESIAN_POINT('',(1.573403962695,32.879597340906));
#4208 = CARTESIAN_POINT('',(1.560565651458,32.881420976139));
#4209 = CARTESIAN_POINT('',(1.547862442615,32.910854421141));
#4210 = CARTESIAN_POINT('',(1.535619960397,32.966535901519));
#4211 = CARTESIAN_POINT('',(1.524135407323,33.045271235222));
#4212 = CARTESIAN_POINT('',(1.513652291798,33.14206271819));
#4213 = CARTESIAN_POINT('',(1.496200255402,33.344534713528));
#4214 = CARTESIAN_POINT('',(1.488804006962,33.449306844127));
#4215 = CARTESIAN_POINT('',(1.482147400448,33.562462799185));
#4216 = CARTESIAN_POINT('',(1.476219252364,33.682379276226));
#4217 = CARTESIAN_POINT('',(1.471003773795,33.80770758477));
#4218 = CARTESIAN_POINT('',(1.466483425877,33.937321234957));
#4219 = CARTESIAN_POINT('',(1.462641070357,34.07027694057));
#4220 = CARTESIAN_POINT('',(1.456465006283,34.333491459261));
#4221 = CARTESIAN_POINT('',(1.454055275535,34.463542628766));
#4222 = CARTESIAN_POINT('',(1.452220210917,34.595314002153));
#4223 = CARTESIAN_POINT('',(1.450950740491,34.72826203705));
#4224 = CARTESIAN_POINT('',(1.450240881413,34.861901263139));
#4225 = CARTESIAN_POINT('',(1.450087921186,34.995777811338));
#4226 = CARTESIAN_POINT('',(1.450492631248,35.129443400553));
#4227 = CARTESIAN_POINT('',(1.453008377673,35.475463026114));
#4228 = CARTESIAN_POINT('',(1.455999025566,35.686637488017));
#4229 = CARTESIAN_POINT('',(1.46044821907,35.894194314943));
#4230 = CARTESIAN_POINT('',(1.466402013577,36.095987220925));
#4231 = CARTESIAN_POINT('',(1.473921326075,36.289164291877));
#4232 = CARTESIAN_POINT('',(1.483072299146,36.469951963004));
#4233 = CARTESIAN_POINT('',(1.493911091007,36.633321539955));
#4234 = CARTESIAN_POINT('',(1.516649707462,36.885330351799));
#4235 = CARTESIAN_POINT('',(1.528207075859,36.984832252512));
#4236 = CARTESIAN_POINT('',(1.540890172713,37.062087481429));
#4237 = CARTESIAN_POINT('',(1.554363531811,37.111038764137));
#4238 = CARTESIAN_POINT('',(1.568221182407,37.128287812746));
#4239 = CARTESIAN_POINT('',(1.58203176167,37.113112886961));
#4240 = CARTESIAN_POINT('',(1.595375309002,37.067541665607));
#4241 = CARTESIAN_POINT('',(1.622203267188,36.915100272767));
#4242 = CARTESIAN_POINT('',(1.635185313464,36.801728414494));
#4243 = CARTESIAN_POINT('',(1.646722294614,36.663528519357));
#4244 = CARTESIAN_POINT('',(1.656778460682,36.506295438753));
#4245 = CARTESIAN_POINT('',(1.665357965839,36.334848946439));
#4246 = CARTESIAN_POINT('',(1.672489694061,36.153225736965));
#4247 = CARTESIAN_POINT('',(1.678220113092,35.964774614343));
#4248 = CARTESIAN_POINT('',(1.687684172825,35.549075445827));
#4249 = CARTESIAN_POINT('',(1.690982756109,35.319127993943));
#4250 = CARTESIAN_POINT('',(1.692569280676,35.085582230989));
#4251 = CARTESIAN_POINT('',(1.69247739447,34.850817560162));
#4252 = CARTESIAN_POINT('',(1.690707741634,34.617066992784));
#4253 = CARTESIAN_POINT('',(1.687230997718,34.386740714468));
#4254 = CARTESIAN_POINT('',(1.681990621623,34.162761423984));
#4255 = CARTESIAN_POINT('',(1.674906585455,33.949206890767));
#4256 = ( GEOMETRIC_REPRESENTATION_CONTEXT(2) 
PARAMETRIC_REPRESENTATION_CONTEXT() REPRESENTATION_CONTEXT('2D SPACE',''
  ) );
#4257 = PCURVE('',#4258,#4263);
#4258 = CYLINDRICAL_SURFACE('',#4259,2.1);
#4259 = AXIS2_PLACEMENT_3D('',#4260,#4261,#4262);
#4260 = CARTESIAN_POINT('',(-35.,-60.62,-20.));
#4261 = DIRECTION('',(0.,0.,1.));
#4262 = DIRECTION('',(1.,0.,-0.));
#4263 = DEFINITIONAL_REPRESENTATION('',(#4264),#4323);
#4264 = B_SPLINE_CURVE_WITH_KNOTS('',8,(#4265,#4266,#4267,#4268,#4269,
    #4270,#4271,#4272,#4273,#4274,#4275,#4276,#4277,#4278,#4279,#4280,
    #4281,#4282,#4283,#4284,#4285,#4286,#4287,#4288,#4289,#4290,#4291,
    #4292,#4293,#4294,#4295,#4296,#4297,#4298,#4299,#4300,#4301,#4302,
    #4303,#4304,#4305,#4306,#4307,#4308,#4309,#4310,#4311,#4312,#4313,
    #4314,#4315,#4316,#4317,#4318,#4319,#4320,#4321,#4322),
  .UNSPECIFIED.,.F.,.F.,(9,7,7,7,7,7,7,7,9),(0.,0.125041505196,
    0.238084484197,0.336874749453,0.429971650792,0.579105228905,
    0.700358422483,0.839102814495,1.),.UNSPECIFIED.);
#4265 = CARTESIAN_POINT('',(8.881784197001E-16,2.594755143574));
#4266 = CARTESIAN_POINT('',(9.108845411741E-02,2.584761386477));
#4267 = CARTESIAN_POINT('',(0.185052642697,2.57325750932));
#4268 = CARTESIAN_POINT('',(0.281915723268,2.560616678763));
#4269 = CARTESIAN_POINT('',(0.381775451707,2.547416510878));
#4270 = CARTESIAN_POINT('',(0.484830471645,2.534434147376));
#4271 = CARTESIAN_POINT('',(0.591373946576,2.522620283628));
#4272 = CARTESIAN_POINT('',(0.701818207631,2.513015304128));
#4273 = CARTESIAN_POINT('',(0.920775387329,2.500744460438));
#4274 = CARTESIAN_POINT('',(1.026120504095,2.497632620394));
#4275 = CARTESIAN_POINT('',(1.13181444986,2.497799817162));
#4276 = CARTESIAN_POINT('',(1.237014282825,2.501446845695));
#4277 = CARTESIAN_POINT('',(1.340888721543,2.508231328876));
#4278 = CARTESIAN_POINT('',(1.442500367142,2.517355908066));
#4279 = CARTESIAN_POINT('',(1.540655720633,2.527807430783));
#4280 = CARTESIAN_POINT('',(1.714878461753,2.54808921839));
#4281 = CARTESIAN_POINT('',(1.793677784024,2.558006879821));
#4282 = CARTESIAN_POINT('',(1.870350040687,2.56796286065));
#4283 = CARTESIAN_POINT('',(1.945167788545,2.577606256461));
#4284 = CARTESIAN_POINT('',(2.018372228033,2.586655931405));
#4285 = CARTESIAN_POINT('',(2.090188320891,2.594895872973));
#4286 = CARTESIAN_POINT('',(2.160835044665,2.602165983551));
#4287 = CARTESIAN_POINT('',(2.296209900876,2.614174341516));
#4288 = CARTESIAN_POINT('',(2.361085327005,2.619038136116));
#4289 = CARTESIAN_POINT('',(2.425351027773,2.622840652001));
#4290 = CARTESIAN_POINT('',(2.489185933626,2.625514846765));
#4291 = CARTESIAN_POINT('',(2.552761272881,2.627020214811));
#4292 = CARTESIAN_POINT('',(2.61624662776,2.62733952872));
#4293 = CARTESIAN_POINT('',(2.679814713706,2.626477783356));
#4294 = CARTESIAN_POINT('',(2.845895561061,2.621236374429));
#4295 = CARTESIAN_POINT('',(2.948763028608,2.615053488361));
#4296 = CARTESIAN_POINT('',(3.053067023441,2.606033119566));
#4297 = CARTESIAN_POINT('',(3.159547874215,2.594444481053));
#4298 = CARTESIAN_POINT('',(3.268949316139,2.58074038354));
#4299 = CARTESIAN_POINT('',(3.382054934166,2.565661588624));
#4300 = CARTESIAN_POINT('',(3.499763794334,2.550325672003));
#4301 = CARTESIAN_POINT('',(3.723724591443,2.524739356051));
#4302 = CARTESIAN_POINT('',(3.830317148126,2.513809814487));
#4303 = CARTESIAN_POINT('',(3.940747471838,2.50465995422));
#4304 = CARTESIAN_POINT('',(4.053459123646,2.498551759511));
#4305 = CARTESIAN_POINT('',(4.167234643628,2.49641155579));
#4306 = CARTESIAN_POINT('',(4.280943740324,2.498386403047));
#4307 = CARTESIAN_POINT('',(4.393383554687,2.503916870073));
#4308 = CARTESIAN_POINT('',(4.628293416503,2.521326489582));
#4309 = CARTESIAN_POINT('',(4.747726385054,2.53384771384));
#4310 = CARTESIAN_POINT('',(4.862282421802,2.548186512021));
#4311 = CARTESIAN_POINT('',(4.97267031503,2.562984087697));
#4312 = CARTESIAN_POINT('',(5.079447782492,2.577151300099));
#4313 = CARTESIAN_POINT('',(5.183088197181,2.589902977139));
#4314 = CARTESIAN_POINT('',(5.284001382641,2.600709787448));
#4315 = CARTESIAN_POINT('',(5.496904147996,2.61918865387));
#4316 = CARTESIAN_POINT('',(5.608759347876,2.62614243176));
#4317 = CARTESIAN_POINT('',(5.71926645847,2.629636291849));
#4318 = CARTESIAN_POINT('',(5.829348173493,2.629454809474));
#4319 = CARTESIAN_POINT('',(5.939871137265,2.625576308247));
#4320 = CARTESIAN_POINT('',(6.05170056744,2.618167015763));
#4321 = CARTESIAN_POINT('',(6.165759905791,2.607638455185));
#4322 = CARTESIAN_POINT('',(6.28318530718,2.594755143574));
#4323 = ( GEOMETRIC_REPRESENTATION_CONTEXT(2) 
PARAMETRIC_REPRESENTATION_CONTEXT() REPRESENTATION_CONTEXT('2D SPACE',''
  ) );
#4324 = ADVANCED_FACE('',(#4325),#343,.F.);
#4325 = FACE_BOUND('',#4326,.F.);
#4326 = EDGE_LOOP('',(#4327,#4328,#4329,#4330,#4331));
#4327 = ORIENTED_EDGE('',*,*,#3732,.T.);
#4328 = ORIENTED_EDGE('',*,*,#3803,.T.);
#4329 = ORIENTED_EDGE('',*,*,#2026,.T.);
#4330 = ORIENTED_EDGE('',*,*,#3757,.T.);
#4331 = ORIENTED_EDGE('',*,*,#328,.F.);
#4332 = ADVANCED_FACE('',(#4333),#155,.F.);
#4333 = FACE_BOUND('',#4334,.F.);
#4334 = EDGE_LOOP('',(#4335,#4336,#4337,#4338));
#4335 = ORIENTED_EDGE('',*,*,#239,.T.);
#4336 = ORIENTED_EDGE('',*,*,#3459,.T.);
#4337 = ORIENTED_EDGE('',*,*,#140,.T.);
#4338 = ORIENTED_EDGE('',*,*,#3895,.F.);
#4339 = ADVANCED_FACE('',(#4340),#207,.T.);
#4340 = FACE_BOUND('',#4341,.T.);
#4341 = EDGE_LOOP('',(#4342,#4343,#4344,#4345,#4346));
#4342 = ORIENTED_EDGE('',*,*,#3918,.T.);
#4343 = ORIENTED_EDGE('',*,*,#3826,.T.);
#4344 = ORIENTED_EDGE('',*,*,#1895,.T.);
#4345 = ORIENTED_EDGE('',*,*,#3872,.T.);
#4346 = ORIENTED_EDGE('',*,*,#192,.F.);
#4347 = ADVANCED_FACE('',(#4348,#4396),#413,.T.);
#4348 = FACE_BOUND('',#4349,.T.);
#4349 = EDGE_LOOP('',(#4350,#4351,#4373,#4374));
#4350 = ORIENTED_EDGE('',*,*,#396,.T.);
#4351 = ORIENTED_EDGE('',*,*,#4352,.F.);
#4352 = EDGE_CURVE('',#545,#399,#4353,.T.);
#4353 = SURFACE_CURVE('',#4354,(#4359,#4366),.PCURVE_S1.);
#4354 = CIRCLE('',#4355,19.5);
#4355 = AXIS2_PLACEMENT_3D('',#4356,#4357,#4358);
#4356 = CARTESIAN_POINT('',(50.,-86.6,0.));
#4357 = DIRECTION('',(0.500011000363,-0.866019052629,0.));
#4358 = DIRECTION('',(-0.866019052629,-0.500011000363,0.));
#4359 = PCURVE('',#413,#4360);
#4360 = DEFINITIONAL_REPRESENTATION('',(#4361),#4365);
#4361 = LINE('',#4362,#4363);
#4362 = CARTESIAN_POINT('',(0.,59.99867998548));
#4363 = VECTOR('',#4364,1.);
#4364 = DIRECTION('',(1.,0.));
#4365 = ( GEOMETRIC_REPRESENTATION_CONTEXT(2) 
PARAMETRIC_REPRESENTATION_CONTEXT() REPRESENTATION_CONTEXT('2D SPACE',''
  ) );
#4366 = PCURVE('',#580,#4367);
#4367 = DEFINITIONAL_REPRESENTATION('',(#4368),#4372);
#4368 = CIRCLE('',#4369,19.5);
#4369 = AXIS2_PLACEMENT_2D('',#4370,#4371);
#4370 = CARTESIAN_POINT('',(0.,0.));
#4371 = DIRECTION('',(1.,0.));
#4372 = ( GEOMETRIC_REPRESENTATION_CONTEXT(2) 
PARAMETRIC_REPRESENTATION_CONTEXT() REPRESENTATION_CONTEXT('2D SPACE',''
  ) );
#4373 = ORIENTED_EDGE('',*,*,#544,.F.);
#4374 = ORIENTED_EDGE('',*,*,#4375,.T.);
#4375 = EDGE_CURVE('',#524,#397,#4376,.T.);
#4376 = SURFACE_CURVE('',#4377,(#4382,#4389),.PCURVE_S1.);
#4377 = CIRCLE('',#4378,19.5);
#4378 = AXIS2_PLACEMENT_3D('',#4379,#4380,#4381);
#4379 = CARTESIAN_POINT('',(20.,-34.64,0.));
#4380 = DIRECTION('',(0.500011000363,-0.866019052629,0.));
#4381 = DIRECTION('',(-0.866019052629,-0.500011000363,0.));
#4382 = PCURVE('',#413,#4383);
#4383 = DEFINITIONAL_REPRESENTATION('',(#4384),#4388);
#4384 = LINE('',#4385,#4386);
#4385 = CARTESIAN_POINT('',(0.,0.));
#4386 = VECTOR('',#4387,1.);
#4387 = DIRECTION('',(1.,0.));
#4388 = ( GEOMETRIC_REPRESENTATION_CONTEXT(2) 
PARAMETRIC_REPRESENTATION_CONTEXT() REPRESENTATION_CONTEXT('2D SPACE',''
  ) );
#4389 = PCURVE('',#439,#4390);
#4390 = DEFINITIONAL_REPRESENTATION('',(#4391),#4395);
#4391 = CIRCLE('',#4392,19.5);
#4392 = AXIS2_PLACEMENT_2D('',#4393,#4394);
#4393 = CARTESIAN_POINT('',(0.,0.));
#4394 = DIRECTION('',(1.,0.));
#4395 = ( GEOMETRIC_REPRESENTATION_CONTEXT(2) 
PARAMETRIC_REPRESENTATION_CONTEXT() REPRESENTATION_CONTEXT('2D SPACE',''
  ) );
#4396 = FACE_BOUND('',#4397,.T.);
#4397 = EDGE_LOOP('',(#4398));
#4398 = ORIENTED_EDGE('',*,*,#4399,.F.);
#4399 = EDGE_CURVE('',#4400,#4400,#4402,.T.);
#4400 = VERTEX_POINT('',#4401);
#4401 = CARTESIAN_POINT('',(37.1,-60.62,19.415008331498));
#4402 = SURFACE_CURVE('',#4403,(#4462,#4524),.PCURVE_S1.);
#4403 = B_SPLINE_CURVE_WITH_KNOTS('',8,(#4404,#4405,#4406,#4407,#4408,
    #4409,#4410,#4411,#4412,#4413,#4414,#4415,#4416,#4417,#4418,#4419,
    #4420,#4421,#4422,#4423,#4424,#4425,#4426,#4427,#4428,#4429,#4430,
    #4431,#4432,#4433,#4434,#4435,#4436,#4437,#4438,#4439,#4440,#4441,
    #4442,#4443,#4444,#4445,#4446,#4447,#4448,#4449,#4450,#4451,#4452,
    #4453,#4454,#4455,#4456,#4457,#4458,#4459,#4460,#4461),
  .UNSPECIFIED.,.T.,.F.,(9,7,7,7,7,7,7,7,9),(0.,0.109595727296,
    0.279056714069,0.434792021994,0.542956168956,0.651123557211,
    0.760214046355,0.865317420158,1.),.UNSPECIFIED.);
#4404 = CARTESIAN_POINT('',(37.1,-60.62,19.415008331498));
#4405 = CARTESIAN_POINT('',(37.1,-60.47858652234,19.408384953793));
#4406 = CARTESIAN_POINT('',(37.089117045254,-60.33950937906,
    19.402456941842));
#4407 = CARTESIAN_POINT('',(37.067979517997,-60.20330501332,
    19.397353795296));
#4408 = CARTESIAN_POINT('',(37.037119418549,-60.0704198565,
    19.393169736567));
#4409 = CARTESIAN_POINT('',(36.9969796127,-59.94124053055,
    19.389970342712));
#4410 = CARTESIAN_POINT('',(36.947920738958,-59.81612328435,
    19.387797424367));
#4411 = CARTESIAN_POINT('',(36.890227775689,-59.69542266424,
    19.386672151736));
#4412 = CARTESIAN_POINT('',(36.721892198048,-59.40030551245,
    19.386479340232));
#4413 = CARTESIAN_POINT('',(36.599682698359,-59.23280810162,
    19.388871492895));
#4414 = CARTESIAN_POINT('',(36.458293476171,-59.07823244499,
    19.393768195116));
#4415 = CARTESIAN_POINT('',(36.298173552073,-58.93817246669,
    19.401061030989));
#4416 = CARTESIAN_POINT('',(36.119629961278,-58.8147223032,
    19.410530786594));
#4417 = CARTESIAN_POINT('',(35.923046099447,-58.71060485358,
    19.421792645763));
#4418 = CARTESIAN_POINT('',(35.709166503465,-58.62934038086,
    19.434228276147));
#4419 = CARTESIAN_POINT('',(35.268456422769,-58.52597867055,
    19.458621025117));
#4420 = CARTESIAN_POINT('',(35.036385608799,-58.49781848079,
    19.470961240959));
#4421 = CARTESIAN_POINT('',(34.790161638896,-58.49922401568,
    19.482884217101));
#4422 = CARTESIAN_POINT('',(34.53763919738,-58.535274416,19.492996418457
    ));
#4423 = CARTESIAN_POINT('',(34.287278881365,-58.60809927276,
    19.499882555123));
#4424 = CARTESIAN_POINT('',(34.047394077063,-58.71719234853,
    19.502662320862));
#4425 = CARTESIAN_POINT('',(33.825544184894,-58.85963224065,
    19.501208445687));
#4426 = CARTESIAN_POINT('',(33.490453211668,-59.14888243757,
    19.492432127444));
#4427 = CARTESIAN_POINT('',(33.36481926297,-59.28099555604,
    19.487040344925));
#4428 = CARTESIAN_POINT('',(33.252461433388,-59.42531210353,
    19.480015678337));
#4429 = CARTESIAN_POINT('',(33.154744625189,-59.58027107627,
    19.471635756245));
#4430 = CARTESIAN_POINT('',(33.072813770732,-59.74413541681,
    19.462273522916));
#4431 = CARTESIAN_POINT('',(33.007572055523,-59.91502315195,
    19.452367071261));
#4432 = CARTESIAN_POINT('',(32.959655496257,-60.09093978369,
    19.442379861938));
#4433 = CARTESIAN_POINT('',(32.899151344882,-60.44868944233,
    19.423122506839));
#4434 = CARTESIAN_POINT('',(32.886555559143,-60.63057745272,
    19.413849869802));
#4435 = CARTESIAN_POINT('',(32.89197388747,-60.81341096349,
    19.405373026655));
#4436 = CARTESIAN_POINT('',(32.915461357238,-60.99510151464,
    19.398111170009));
#4437 = CARTESIAN_POINT('',(32.956785521694,-61.17357671814,
    19.392415147743));
#4438 = CARTESIAN_POINT('',(33.015437976785,-61.34681855714,
    19.388533620607));
#4439 = CARTESIAN_POINT('',(33.090642525467,-61.51290045309,
    19.386593305684));
#4440 = CARTESIAN_POINT('',(33.272851636665,-61.82848663368,
    19.386593305684));
#4441 = CARTESIAN_POINT('',(33.380060445902,-61.97773147193,
    19.388567008823));
#4442 = CARTESIAN_POINT('',(33.502423237196,-62.1168647731,
    19.392510041448));
#4443 = CARTESIAN_POINT('',(33.639586351159,-62.24477825393,
    19.398351976584));
#4444 = CARTESIAN_POINT('',(33.791299961446,-62.36008024559,
    19.405952113001));
#4445 = CARTESIAN_POINT('',(33.957305142044,-62.4610159428,
    19.415074863185));
#4446 = CARTESIAN_POINT('',(34.137192443456,-62.54536706765,
    19.425356030136));
#4447 = CARTESIAN_POINT('',(34.516174453081,-62.67290324588,
    19.44678753867));
#4448 = CARTESIAN_POINT('',(34.71844903536,-62.7188675263,
    19.458125483278));
#4449 = CARTESIAN_POINT('',(34.9338464068,-62.74313243697,
    19.469666544185));
#4450 = CARTESIAN_POINT('',(35.158375220591,-62.74176364141,
    19.480555316722));
#4451 = CARTESIAN_POINT('',(35.387431045444,-62.71192377512,
    19.48980887818));
#4452 = CARTESIAN_POINT('',(35.61597513068,-62.6518201786,
    19.496509535945));
#4453 = CARTESIAN_POINT('',(35.838680371591,-62.56066237147,19.5));
#4454 = CARTESIAN_POINT('',(36.32084394091,-62.28227693884,19.5));
#4455 = CARTESIAN_POINT('',(36.55425409604,-62.08605942625,
    19.494268281184));
#4456 = CARTESIAN_POINT('',(36.746516919278,-61.86071814268,
    19.483606319636));
#4457 = CARTESIAN_POINT('',(36.896069712883,-61.61601819939,
    19.469638725765));
#4458 = CARTESIAN_POINT('',(37.003143868845,-61.36122720357,
    19.45430146098));
#4459 = CARTESIAN_POINT('',(37.06977635609,-61.10510189995,
    19.43935614173));
#4460 = CARTESIAN_POINT('',(37.1,-60.85565952512,19.426045907764));
#4461 = CARTESIAN_POINT('',(37.1,-60.62,19.415008331498));
#4462 = PCURVE('',#413,#4463);
#4463 = DEFINITIONAL_REPRESENTATION('',(#4464),#4523);
#4464 = B_SPLINE_CURVE_WITH_KNOTS('',8,(#4465,#4466,#4467,#4468,#4469,
    #4470,#4471,#4472,#4473,#4474,#4475,#4476,#4477,#4478,#4479,#4480,
    #4481,#4482,#4483,#4484,#4485,#4486,#4487,#4488,#4489,#4490,#4491,
    #4492,#4493,#4494,#4495,#4496,#4497,#4498,#4499,#4500,#4501,#4502,
    #4503,#4504,#4505,#4506,#4507,#4508,#4509,#4510,#4511,#4512,#4513,
    #4514,#4515,#4516,#4517,#4518,#4519,#4520,#4521,#4522),
  .UNSPECIFIED.,.T.,.F.,(9,7,7,7,7,7,7,7,9),(0.,0.109595727296,
    0.279056714069,0.434792021994,0.542956168956,0.651123557211,
    0.760214046355,0.865317420158,1.),.UNSPECIFIED.);
#4465 = CARTESIAN_POINT('',(4.618989655513,31.049363093502));
#4466 = CARTESIAN_POINT('',(4.615347715565,30.926896327555));
#4467 = CARTESIAN_POINT('',(4.612249966129,30.801011274597));
#4468 = CARTESIAN_POINT('',(4.609682864149,30.672486702664));
#4469 = CARTESIAN_POINT('',(4.607634749893,30.541975235855));
#4470 = CARTESIAN_POINT('',(4.606096271751,30.410033133898));
#4471 = CARTESIAN_POINT('',(4.605060818975,30.27714923834));
#4472 = CARTESIAN_POINT('',(4.604524962344,30.143773085379));
#4473 = CARTESIAN_POINT('',(4.604433146082,29.804026368602));
#4474 = CARTESIAN_POINT('',(4.605572344995,29.597864325364));
#4475 = CARTESIAN_POINT('',(4.607901625556,29.393302695227));
#4476 = CARTESIAN_POINT('',(4.611441191729,29.191946362082));
#4477 = CARTESIAN_POINT('',(4.616229668829,28.995762409008));
#4478 = CARTESIAN_POINT('',(4.622317601666,28.807300620511));
#4479 = CARTESIAN_POINT('',(4.629759345033,28.62998188809));
#4480 = CARTESIAN_POINT('',(4.6467276364,28.320108789336));
#4481 = CARTESIAN_POINT('',(4.656332687639,28.179683568626));
#4482 = CARTESIAN_POINT('',(4.667319880427,28.05778609512));
#4483 = CARTESIAN_POINT('',(4.679468000179,27.96274243005));
#4484 = CARTESIAN_POINT('',(4.692455541852,27.900627231453));
#4485 = CARTESIAN_POINT('',(4.705904307425,27.875158872602));
#4486 = CARTESIAN_POINT('',(4.719408073581,27.887587146521));
#4487 = CARTESIAN_POINT('',(4.741711253452,27.970534155294));
#4488 = CARTESIAN_POINT('',(4.75068215706,28.022128276627));
#4489 = CARTESIAN_POINT('',(4.759379273412,28.090929005588));
#4490 = CARTESIAN_POINT('',(4.767702684899,28.176266949342));
#4491 = CARTESIAN_POINT('',(4.775557160017,28.277210261795));
#4492 = CARTESIAN_POINT('',(4.782853829619,28.392580721001));
#4493 = CARTESIAN_POINT('',(4.78951224947,28.520969069027));
#4494 = CARTESIAN_POINT('',(4.801413627131,28.800534348231));
#4495 = CARTESIAN_POINT('',(4.806658359642,28.95175479924));
#4496 = CARTESIAN_POINT('',(4.811126932652,29.112801326792));
#4497 = CARTESIAN_POINT('',(4.814761727654,29.281892799031));
#4498 = CARTESIAN_POINT('',(4.817518370421,29.457118262494));
#4499 = CARTESIAN_POINT('',(4.819366498104,29.63647586852));
#4500 = CARTESIAN_POINT('',(4.82029054467,29.817909056326));
#4501 = CARTESIAN_POINT('',(4.82029054467,30.182319261434));
#4502 = CARTESIAN_POINT('',(4.819350678389,30.365173718816));
#4503 = CARTESIAN_POINT('',(4.817473074139,30.54684855017));
#4504 = CARTESIAN_POINT('',(4.814645486553,30.726207127483));
#4505 = CARTESIAN_POINT('',(4.810844239607,30.901919323113));
#4506 = CARTESIAN_POINT('',(4.80603723376,31.072335976404));
#4507 = CARTESIAN_POINT('',(4.800187563191,31.235331287164));
#4508 = CARTESIAN_POINT('',(4.786582271032,31.535275221162));
#4509 = CARTESIAN_POINT('',(4.77875614591,31.676220679983));
#4510 = CARTESIAN_POINT('',(4.769793226274,31.804935610099));
#4511 = CARTESIAN_POINT('',(4.759772127319,31.916017083862));
#4512 = CARTESIAN_POINT('',(4.748825914227,32.004705623248));
#4513 = CARTESIAN_POINT('',(4.737131868603,32.066929320218));
#4514 = CARTESIAN_POINT('',(4.724903818993,32.09933999274));
#4515 = CARTESIAN_POINT('',(4.696352095087,32.09933999274));
#4516 = CARTESIAN_POINT('',(4.680954729043,32.04611953354));
#4517 = CARTESIAN_POINT('',(4.666631726731,31.947103215201));
#4518 = CARTESIAN_POINT('',(4.653698609533,31.809966444076));
#4519 = CARTESIAN_POINT('',(4.642384080374,31.642850843094));
#4520 = CARTESIAN_POINT('',(4.632827092362,31.454358426905));
#4521 = CARTESIAN_POINT('',(4.625058793001,31.253448732197));
#4522 = CARTESIAN_POINT('',(4.618989655513,31.049363093502));
#4523 = ( GEOMETRIC_REPRESENTATION_CONTEXT(2) 
PARAMETRIC_REPRESENTATION_CONTEXT() REPRESENTATION_CONTEXT('2D SPACE',''
  ) );
#4524 = PCURVE('',#4525,#4530);
#4525 = CYLINDRICAL_SURFACE('',#4526,2.1);
#4526 = AXIS2_PLACEMENT_3D('',#4527,#4528,#4529);
#4527 = CARTESIAN_POINT('',(35.,-60.62,-20.));
#4528 = DIRECTION('',(0.,0.,1.));
#4529 = DIRECTION('',(1.,0.,-0.));
#4530 = DEFINITIONAL_REPRESENTATION('',(#4531),#4590);
#4531 = B_SPLINE_CURVE_WITH_KNOTS('',8,(#4532,#4533,#4534,#4535,#4536,
    #4537,#4538,#4539,#4540,#4541,#4542,#4543,#4544,#4545,#4546,#4547,
    #4548,#4549,#4550,#4551,#4552,#4553,#4554,#4555,#4556,#4557,#4558,
    #4559,#4560,#4561,#4562,#4563,#4564,#4565,#4566,#4567,#4568,#4569,
    #4570,#4571,#4572,#4573,#4574,#4575,#4576,#4577,#4578,#4579,#4580,
    #4581,#4582,#4583,#4584,#4585,#4586,#4587,#4588,#4589),
  .UNSPECIFIED.,.F.,.F.,(9,7,7,7,7,7,7,7,9),(0.,0.109595727296,
    0.279056714069,0.434792021994,0.542956168956,0.651123557211,
    0.760214046355,0.865317420158,1.),.UNSPECIFIED.);
#4532 = CARTESIAN_POINT('',(-8.881784197001E-16,39.415008331498));
#4533 = CARTESIAN_POINT('',(6.733975126424E-02,39.408384953793));
#4534 = CARTESIAN_POINT('',(0.133567106825,39.402456941842));
#4535 = CARTESIAN_POINT('',(0.198891239351,39.397353795296));
#4536 = CARTESIAN_POINT('',(0.263501593571,39.393169736567));
#4537 = CARTESIAN_POINT('',(0.327577491474,39.389970342712));
#4538 = CARTESIAN_POINT('',(0.391295265344,39.387797424367));
#4539 = CARTESIAN_POINT('',(0.454832918601,39.386672151736));
#4540 = CARTESIAN_POINT('',(0.616619289866,39.386479340232));
#4541 = CARTESIAN_POINT('',(0.714734881592,39.388871492895));
#4542 = CARTESIAN_POINT('',(0.813477511932,39.393768195116));
#4543 = CARTESIAN_POINT('',(0.913506707691,39.401061030989));
#4544 = CARTESIAN_POINT('',(1.015487594388,39.410530786594));
#4545 = CARTESIAN_POINT('',(1.120105077735,39.421792645764));
#4546 = CARTESIAN_POINT('',(1.228098251107,39.434228276147));
#4547 = CARTESIAN_POINT('',(1.443654809854,39.458621025117));
#4548 = CARTESIAN_POINT('',(1.5543073239,39.470961240959));
#4549 = CARTESIAN_POINT('',(1.669981735521,39.482884217101));
#4550 = CARTESIAN_POINT('',(1.789179096143,39.492996418457));
#4551 = CARTESIAN_POINT('',(1.910867997313,39.499882555123));
#4552 = CARTESIAN_POINT('',(2.034216528541,39.502662320862));
#4553 = CARTESIAN_POINT('',(2.158508128533,39.501208445687));
#4554 = CARTESIAN_POINT('',(2.36930062774,39.492432127444));
#4555 = CARTESIAN_POINT('',(2.45569567634,39.487040344925));
#4556 = CARTESIAN_POINT('',(2.542085569741,39.480015678337));
#4557 = CARTESIAN_POINT('',(2.628473834412,39.471635756245));
#4558 = CARTESIAN_POINT('',(2.714866073272,39.462273522916));
#4559 = CARTESIAN_POINT('',(2.801265294534,39.452367071261));
#4560 = CARTESIAN_POINT('',(2.887666959252,39.442379861938));
#4561 = CARTESIAN_POINT('',(3.060443124591,39.423122506839));
#4562 = CARTESIAN_POINT('',(3.146843740671,39.413849869802));
#4563 = CARTESIAN_POINT('',(3.233240927122,39.405373026655));
#4564 = CARTESIAN_POINT('',(3.319631860357,39.398111170009));
#4565 = CARTESIAN_POINT('',(3.406020365471,39.392415147743));
#4566 = CARTESIAN_POINT('',(3.492411861361,39.388533620607));
#4567 = CARTESIAN_POINT('',(3.578808447353,39.386593305684));
#4568 = CARTESIAN_POINT('',(3.752337116452,39.386593305684));
#4569 = CARTESIAN_POINT('',(3.839410539881,39.388567008823));
#4570 = CARTESIAN_POINT('',(3.926930852022,39.392510041448));
#4571 = CARTESIAN_POINT('',(4.015357587753,39.398351976584));
#4572 = CARTESIAN_POINT('',(4.105153040848,39.405952113001));
#4573 = CARTESIAN_POINT('',(4.196793939895,39.415074863185));
#4574 = CARTESIAN_POINT('',(4.290792027141,39.425356030136));
#4575 = CARTESIAN_POINT('',(4.481204421444,39.44678753867));
#4576 = CARTESIAN_POINT('',(4.579476123938,39.458125483278));
#4577 = CARTESIAN_POINT('',(4.681617222772,39.469666544185));
#4578 = CARTESIAN_POINT('',(4.787014343138,39.480555316722));
#4579 = CARTESIAN_POINT('',(4.895293599261,39.48980887818));
#4580 = CARTESIAN_POINT('',(5.006245176989,39.496509535945));
#4581 = CARTESIAN_POINT('',(5.119791242505,39.5));
#4582 = CARTESIAN_POINT('',(5.384914393063,39.5));
#4583 = CARTESIAN_POINT('',(5.527891165021,39.494268281184));
#4584 = CARTESIAN_POINT('',(5.66585821772,39.483606319636));
#4585 = CARTESIAN_POINT('',(5.79922014586,39.469638725765));
#4586 = CARTESIAN_POINT('',(5.928064740699,39.45430146098));
#4587 = CARTESIAN_POINT('',(6.052185146621,39.43935614173));
#4588 = CARTESIAN_POINT('',(6.17096648569,39.426045907764));
#4589 = CARTESIAN_POINT('',(6.28318530718,39.415008331498));
#4590 = ( GEOMETRIC_REPRESENTATION_CONTEXT(2) 
PARAMETRIC_REPRESENTATION_CONTEXT() REPRESENTATION_CONTEXT('2D SPACE',''
  ) );
#4591 = ADVANCED_FACE('',(#4592),#580,.T.);
#4592 = FACE_BOUND('',#4593,.T.);
#4593 = EDGE_LOOP('',(#4594,#4595,#4596,#4597));
#4594 = ORIENTED_EDGE('',*,*,#565,.T.);
#4595 = ORIENTED_EDGE('',*,*,#4352,.T.);
#4596 = ORIENTED_EDGE('',*,*,#659,.T.);
#4597 = ORIENTED_EDGE('',*,*,#4598,.F.);
#4598 = EDGE_CURVE('',#566,#639,#4599,.T.);
#4599 = SURFACE_CURVE('',#4600,(#4605,#4612),.PCURVE_S1.);
#4600 = CIRCLE('',#4601,17.5);
#4601 = AXIS2_PLACEMENT_3D('',#4602,#4603,#4604);
#4602 = CARTESIAN_POINT('',(50.,-86.6,0.));
#4603 = DIRECTION('',(0.500011000363,-0.866019052629,0.));
#4604 = DIRECTION('',(-0.866019052629,-0.500011000363,0.));
#4605 = PCURVE('',#580,#4606);
#4606 = DEFINITIONAL_REPRESENTATION('',(#4607),#4611);
#4607 = CIRCLE('',#4608,17.5);
#4608 = AXIS2_PLACEMENT_2D('',#4609,#4610);
#4609 = CARTESIAN_POINT('',(0.,0.));
#4610 = DIRECTION('',(1.,0.));
#4611 = ( GEOMETRIC_REPRESENTATION_CONTEXT(2) 
PARAMETRIC_REPRESENTATION_CONTEXT() REPRESENTATION_CONTEXT('2D SPACE',''
  ) );
#4612 = PCURVE('',#465,#4613);
#4613 = DEFINITIONAL_REPRESENTATION('',(#4614),#4618);
#4614 = LINE('',#4615,#4616);
#4615 = CARTESIAN_POINT('',(0.,64.99856998427));
#4616 = VECTOR('',#4617,1.);
#4617 = DIRECTION('',(1.,0.));
#4618 = ( GEOMETRIC_REPRESENTATION_CONTEXT(2) 
PARAMETRIC_REPRESENTATION_CONTEXT() REPRESENTATION_CONTEXT('2D SPACE',''
  ) );
#4619 = ADVANCED_FACE('',(#4620,#4855,#5026),#465,.F.);
#4620 = FACE_BOUND('',#4621,.F.);
#4621 = EDGE_LOOP('',(#4622,#4647,#4669,#4670,#4671,#4672,#4694,#4695,
    #4717,#4718,#4740,#4741,#4763,#4764,#4786,#4787,#4809,#4810,#4832,
    #4833));
#4622 = ORIENTED_EDGE('',*,*,#4623,.T.);
#4623 = EDGE_CURVE('',#4624,#4626,#4628,.T.);
#4624 = VERTEX_POINT('',#4625);
#4625 = CARTESIAN_POINT('',(2.344666578997,-39.06019250635,
    4.286263797016E-15));
#4626 = VERTEX_POINT('',#4627);
#4627 = CARTESIAN_POINT('',(37.344666578997,-99.68019250635,
    4.286263797016E-15));
#4628 = SEAM_CURVE('',#4629,(#4633,#4640),.PCURVE_S1.);
#4629 = LINE('',#4630,#4631);
#4630 = CARTESIAN_POINT('',(2.344666578997,-39.06019250635,
    4.286263797016E-15));
#4631 = VECTOR('',#4632,1.);
#4632 = DIRECTION('',(0.500011000363,-0.866019052629,0.));
#4633 = PCURVE('',#465,#4634);
#4634 = DEFINITIONAL_REPRESENTATION('',(#4635),#4639);
#4635 = LINE('',#4636,#4637);
#4636 = CARTESIAN_POINT('',(6.28318530718,-0.));
#4637 = VECTOR('',#4638,1.);
#4638 = DIRECTION('',(0.,1.));
#4639 = ( GEOMETRIC_REPRESENTATION_CONTEXT(2) 
PARAMETRIC_REPRESENTATION_CONTEXT() REPRESENTATION_CONTEXT('2D SPACE',''
  ) );
#4640 = PCURVE('',#465,#4641);
#4641 = DEFINITIONAL_REPRESENTATION('',(#4642),#4646);
#4642 = LINE('',#4643,#4644);
#4643 = CARTESIAN_POINT('',(0.,-0.));
#4644 = VECTOR('',#4645,1.);
#4645 = DIRECTION('',(0.,1.));
#4646 = ( GEOMETRIC_REPRESENTATION_CONTEXT(2) 
PARAMETRIC_REPRESENTATION_CONTEXT() REPRESENTATION_CONTEXT('2D SPACE',''
  ) );
#4647 = ORIENTED_EDGE('',*,*,#4648,.F.);
#4648 = EDGE_CURVE('',#613,#4626,#4649,.T.);
#4649 = SURFACE_CURVE('',#4650,(#4655,#4662),.PCURVE_S1.);
#4650 = CIRCLE('',#4651,17.5);
#4651 = AXIS2_PLACEMENT_3D('',#4652,#4653,#4654);
#4652 = CARTESIAN_POINT('',(52.5,-90.93,0.));
#4653 = DIRECTION('',(0.500011000363,-0.866019052629,0.));
#4654 = DIRECTION('',(-0.866019052629,-0.500011000363,0.));
#4655 = PCURVE('',#465,#4656);
#4656 = DEFINITIONAL_REPRESENTATION('',(#4657),#4661);
#4657 = LINE('',#4658,#4659);
#4658 = CARTESIAN_POINT('',(0.,69.99845998306));
#4659 = VECTOR('',#4660,1.);
#4660 = DIRECTION('',(1.,0.));
#4661 = ( GEOMETRIC_REPRESENTATION_CONTEXT(2) 
PARAMETRIC_REPRESENTATION_CONTEXT() REPRESENTATION_CONTEXT('2D SPACE',''
  ) );
#4662 = PCURVE('',#627,#4663);
#4663 = DEFINITIONAL_REPRESENTATION('',(#4664),#4668);
#4664 = CIRCLE('',#4665,17.5);
#4665 = AXIS2_PLACEMENT_2D('',#4666,#4667);
#4666 = CARTESIAN_POINT('',(0.,0.));
#4667 = DIRECTION('',(1.,0.));
#4668 = ( GEOMETRIC_REPRESENTATION_CONTEXT(2) 
PARAMETRIC_REPRESENTATION_CONTEXT() REPRESENTATION_CONTEXT('2D SPACE',''
  ) );
#4669 = ORIENTED_EDGE('',*,*,#638,.F.);
#4670 = ORIENTED_EDGE('',*,*,#4598,.F.);
#4671 = ORIENTED_EDGE('',*,*,#591,.T.);
#4672 = ORIENTED_EDGE('',*,*,#4673,.F.);
#4673 = EDGE_CURVE('',#2275,#592,#4674,.T.);
#4674 = SURFACE_CURVE('',#4675,(#4680,#4687),.PCURVE_S1.);
#4675 = CIRCLE('',#4676,17.5);
#4676 = AXIS2_PLACEMENT_3D('',#4677,#4678,#4679);
#4677 = CARTESIAN_POINT('',(52.5,-90.93,0.));
#4678 = DIRECTION('',(0.500011000363,-0.866019052629,0.));
#4679 = DIRECTION('',(-0.866019052629,-0.500011000363,0.));
#4680 = PCURVE('',#465,#4681);
#4681 = DEFINITIONAL_REPRESENTATION('',(#4682),#4686);
#4682 = LINE('',#4683,#4684);
#4683 = CARTESIAN_POINT('',(0.,69.99845998306));
#4684 = VECTOR('',#4685,1.);
#4685 = DIRECTION('',(1.,0.));
#4686 = ( GEOMETRIC_REPRESENTATION_CONTEXT(2) 
PARAMETRIC_REPRESENTATION_CONTEXT() REPRESENTATION_CONTEXT('2D SPACE',''
  ) );
#4687 = PCURVE('',#627,#4688);
#4688 = DEFINITIONAL_REPRESENTATION('',(#4689),#4693);
#4689 = CIRCLE('',#4690,17.5);
#4690 = AXIS2_PLACEMENT_2D('',#4691,#4692);
#4691 = CARTESIAN_POINT('',(0.,0.));
#4692 = DIRECTION('',(1.,0.));
#4693 = ( GEOMETRIC_REPRESENTATION_CONTEXT(2) 
PARAMETRIC_REPRESENTATION_CONTEXT() REPRESENTATION_CONTEXT('2D SPACE',''
  ) );
#4694 = ORIENTED_EDGE('',*,*,#2274,.F.);
#4695 = ORIENTED_EDGE('',*,*,#4696,.F.);
#4696 = EDGE_CURVE('',#2317,#2249,#4697,.T.);
#4697 = SURFACE_CURVE('',#4698,(#4703,#4710),.PCURVE_S1.);
#4698 = CIRCLE('',#4699,17.5);
#4699 = AXIS2_PLACEMENT_3D('',#4700,#4701,#4702);
#4700 = CARTESIAN_POINT('',(50.,-86.6,0.));
#4701 = DIRECTION('',(0.500011000363,-0.866019052629,0.));
#4702 = DIRECTION('',(-0.866019052629,-0.500011000363,0.));
#4703 = PCURVE('',#465,#4704);
#4704 = DEFINITIONAL_REPRESENTATION('',(#4705),#4709);
#4705 = LINE('',#4706,#4707);
#4706 = CARTESIAN_POINT('',(0.,64.99856998427));
#4707 = VECTOR('',#4708,1.);
#4708 = DIRECTION('',(1.,0.));
#4709 = ( GEOMETRIC_REPRESENTATION_CONTEXT(2) 
PARAMETRIC_REPRESENTATION_CONTEXT() REPRESENTATION_CONTEXT('2D SPACE',''
  ) );
#4710 = PCURVE('',#2263,#4711);
#4711 = DEFINITIONAL_REPRESENTATION('',(#4712),#4716);
#4712 = CIRCLE('',#4713,17.5);
#4713 = AXIS2_PLACEMENT_2D('',#4714,#4715);
#4714 = CARTESIAN_POINT('',(0.,0.));
#4715 = DIRECTION('',(1.,0.));
#4716 = ( GEOMETRIC_REPRESENTATION_CONTEXT(2) 
PARAMETRIC_REPRESENTATION_CONTEXT() REPRESENTATION_CONTEXT('2D SPACE',''
  ) );
#4717 = ORIENTED_EDGE('',*,*,#2316,.T.);
#4718 = ORIENTED_EDGE('',*,*,#4719,.F.);
#4719 = EDGE_CURVE('',#4626,#2296,#4720,.T.);
#4720 = SURFACE_CURVE('',#4721,(#4726,#4733),.PCURVE_S1.);
#4721 = CIRCLE('',#4722,17.5);
#4722 = AXIS2_PLACEMENT_3D('',#4723,#4724,#4725);
#4723 = CARTESIAN_POINT('',(52.5,-90.93,0.));
#4724 = DIRECTION('',(0.500011000363,-0.866019052629,0.));
#4725 = DIRECTION('',(-0.866019052629,-0.500011000363,0.));
#4726 = PCURVE('',#465,#4727);
#4727 = DEFINITIONAL_REPRESENTATION('',(#4728),#4732);
#4728 = LINE('',#4729,#4730);
#4729 = CARTESIAN_POINT('',(0.,69.99845998306));
#4730 = VECTOR('',#4731,1.);
#4731 = DIRECTION('',(1.,0.));
#4732 = ( GEOMETRIC_REPRESENTATION_CONTEXT(2) 
PARAMETRIC_REPRESENTATION_CONTEXT() REPRESENTATION_CONTEXT('2D SPACE',''
  ) );
#4733 = PCURVE('',#627,#4734);
#4734 = DEFINITIONAL_REPRESENTATION('',(#4735),#4739);
#4735 = CIRCLE('',#4736,17.5);
#4736 = AXIS2_PLACEMENT_2D('',#4737,#4738);
#4737 = CARTESIAN_POINT('',(0.,0.));
#4738 = DIRECTION('',(1.,0.));
#4739 = ( GEOMETRIC_REPRESENTATION_CONTEXT(2) 
PARAMETRIC_REPRESENTATION_CONTEXT() REPRESENTATION_CONTEXT('2D SPACE',''
  ) );
#4740 = ORIENTED_EDGE('',*,*,#4623,.F.);
#4741 = ORIENTED_EDGE('',*,*,#4742,.T.);
#4742 = EDGE_CURVE('',#4624,#2144,#4743,.T.);
#4743 = SURFACE_CURVE('',#4744,(#4749,#4756),.PCURVE_S1.);
#4744 = CIRCLE('',#4745,17.5);
#4745 = AXIS2_PLACEMENT_3D('',#4746,#4747,#4748);
#4746 = CARTESIAN_POINT('',(17.5,-30.31,0.));
#4747 = DIRECTION('',(0.500011000363,-0.866019052629,0.));
#4748 = DIRECTION('',(-0.866019052629,-0.500011000363,0.));
#4749 = PCURVE('',#465,#4750);
#4750 = DEFINITIONAL_REPRESENTATION('',(#4751),#4755);
#4751 = LINE('',#4752,#4753);
#4752 = CARTESIAN_POINT('',(0.,0.));
#4753 = VECTOR('',#4754,1.);
#4754 = DIRECTION('',(1.,0.));
#4755 = ( GEOMETRIC_REPRESENTATION_CONTEXT(2) 
PARAMETRIC_REPRESENTATION_CONTEXT() REPRESENTATION_CONTEXT('2D SPACE',''
  ) );
#4756 = PCURVE('',#491,#4757);
#4757 = DEFINITIONAL_REPRESENTATION('',(#4758),#4762);
#4758 = CIRCLE('',#4759,17.5);
#4759 = AXIS2_PLACEMENT_2D('',#4760,#4761);
#4760 = CARTESIAN_POINT('',(0.,0.));
#4761 = DIRECTION('',(1.,0.));
#4762 = ( GEOMETRIC_REPRESENTATION_CONTEXT(2) 
PARAMETRIC_REPRESENTATION_CONTEXT() REPRESENTATION_CONTEXT('2D SPACE',''
  ) );
#4763 = ORIENTED_EDGE('',*,*,#2143,.T.);
#4764 = ORIENTED_EDGE('',*,*,#4765,.T.);
#4765 = EDGE_CURVE('',#2118,#2186,#4766,.T.);
#4766 = SURFACE_CURVE('',#4767,(#4772,#4779),.PCURVE_S1.);
#4767 = CIRCLE('',#4768,17.5);
#4768 = AXIS2_PLACEMENT_3D('',#4769,#4770,#4771);
#4769 = CARTESIAN_POINT('',(20.,-34.64,0.));
#4770 = DIRECTION('',(0.500011000363,-0.866019052629,0.));
#4771 = DIRECTION('',(-0.866019052629,-0.500011000363,0.));
#4772 = PCURVE('',#465,#4773);
#4773 = DEFINITIONAL_REPRESENTATION('',(#4774),#4778);
#4774 = LINE('',#4775,#4776);
#4775 = CARTESIAN_POINT('',(0.,4.99988999879));
#4776 = VECTOR('',#4777,1.);
#4777 = DIRECTION('',(1.,0.));
#4778 = ( GEOMETRIC_REPRESENTATION_CONTEXT(2) 
PARAMETRIC_REPRESENTATION_CONTEXT() REPRESENTATION_CONTEXT('2D SPACE',''
  ) );
#4779 = PCURVE('',#2132,#4780);
#4780 = DEFINITIONAL_REPRESENTATION('',(#4781),#4785);
#4781 = CIRCLE('',#4782,17.5);
#4782 = AXIS2_PLACEMENT_2D('',#4783,#4784);
#4783 = CARTESIAN_POINT('',(0.,0.));
#4784 = DIRECTION('',(1.,0.));
#4785 = ( GEOMETRIC_REPRESENTATION_CONTEXT(2) 
PARAMETRIC_REPRESENTATION_CONTEXT() REPRESENTATION_CONTEXT('2D SPACE',''
  ) );
#4786 = ORIENTED_EDGE('',*,*,#2185,.F.);
#4787 = ORIENTED_EDGE('',*,*,#4788,.T.);
#4788 = EDGE_CURVE('',#2165,#477,#4789,.T.);
#4789 = SURFACE_CURVE('',#4790,(#4795,#4802),.PCURVE_S1.);
#4790 = CIRCLE('',#4791,17.5);
#4791 = AXIS2_PLACEMENT_3D('',#4792,#4793,#4794);
#4792 = CARTESIAN_POINT('',(17.5,-30.31,0.));
#4793 = DIRECTION('',(0.500011000363,-0.866019052629,0.));
#4794 = DIRECTION('',(-0.866019052629,-0.500011000363,0.));
#4795 = PCURVE('',#465,#4796);
#4796 = DEFINITIONAL_REPRESENTATION('',(#4797),#4801);
#4797 = LINE('',#4798,#4799);
#4798 = CARTESIAN_POINT('',(0.,0.));
#4799 = VECTOR('',#4800,1.);
#4800 = DIRECTION('',(1.,0.));
#4801 = ( GEOMETRIC_REPRESENTATION_CONTEXT(2) 
PARAMETRIC_REPRESENTATION_CONTEXT() REPRESENTATION_CONTEXT('2D SPACE',''
  ) );
#4802 = PCURVE('',#491,#4803);
#4803 = DEFINITIONAL_REPRESENTATION('',(#4804),#4808);
#4804 = CIRCLE('',#4805,17.5);
#4805 = AXIS2_PLACEMENT_2D('',#4806,#4807);
#4806 = CARTESIAN_POINT('',(0.,0.));
#4807 = DIRECTION('',(1.,0.));
#4808 = ( GEOMETRIC_REPRESENTATION_CONTEXT(2) 
PARAMETRIC_REPRESENTATION_CONTEXT() REPRESENTATION_CONTEXT('2D SPACE',''
  ) );
#4809 = ORIENTED_EDGE('',*,*,#502,.T.);
#4810 = ORIENTED_EDGE('',*,*,#4811,.T.);
#4811 = EDGE_CURVE('',#503,#425,#4812,.T.);
#4812 = SURFACE_CURVE('',#4813,(#4818,#4825),.PCURVE_S1.);
#4813 = CIRCLE('',#4814,17.5);
#4814 = AXIS2_PLACEMENT_3D('',#4815,#4816,#4817);
#4815 = CARTESIAN_POINT('',(20.,-34.64,0.));
#4816 = DIRECTION('',(0.500011000363,-0.866019052629,0.));
#4817 = DIRECTION('',(-0.866019052629,-0.500011000363,0.));
#4818 = PCURVE('',#465,#4819);
#4819 = DEFINITIONAL_REPRESENTATION('',(#4820),#4824);
#4820 = LINE('',#4821,#4822);
#4821 = CARTESIAN_POINT('',(0.,4.99988999879));
#4822 = VECTOR('',#4823,1.);
#4823 = DIRECTION('',(1.,0.));
#4824 = ( GEOMETRIC_REPRESENTATION_CONTEXT(2) 
PARAMETRIC_REPRESENTATION_CONTEXT() REPRESENTATION_CONTEXT('2D SPACE',''
  ) );
#4825 = PCURVE('',#439,#4826);
#4826 = DEFINITIONAL_REPRESENTATION('',(#4827),#4831);
#4827 = CIRCLE('',#4828,17.5);
#4828 = AXIS2_PLACEMENT_2D('',#4829,#4830);
#4829 = CARTESIAN_POINT('',(0.,0.));
#4830 = DIRECTION('',(1.,0.));
#4831 = ( GEOMETRIC_REPRESENTATION_CONTEXT(2) 
PARAMETRIC_REPRESENTATION_CONTEXT() REPRESENTATION_CONTEXT('2D SPACE',''
  ) );
#4832 = ORIENTED_EDGE('',*,*,#450,.F.);
#4833 = ORIENTED_EDGE('',*,*,#4834,.T.);
#4834 = EDGE_CURVE('',#451,#4624,#4835,.T.);
#4835 = SURFACE_CURVE('',#4836,(#4841,#4848),.PCURVE_S1.);
#4836 = CIRCLE('',#4837,17.5);
#4837 = AXIS2_PLACEMENT_3D('',#4838,#4839,#4840);
#4838 = CARTESIAN_POINT('',(17.5,-30.31,0.));
#4839 = DIRECTION('',(0.500011000363,-0.866019052629,0.));
#4840 = DIRECTION('',(-0.866019052629,-0.500011000363,0.));
#4841 = PCURVE('',#465,#4842);
#4842 = DEFINITIONAL_REPRESENTATION('',(#4843),#4847);
#4843 = LINE('',#4844,#4845);
#4844 = CARTESIAN_POINT('',(0.,0.));
#4845 = VECTOR('',#4846,1.);
#4846 = DIRECTION('',(1.,0.));
#4847 = ( GEOMETRIC_REPRESENTATION_CONTEXT(2) 
PARAMETRIC_REPRESENTATION_CONTEXT() REPRESENTATION_CONTEXT('2D SPACE',''
  ) );
#4848 = PCURVE('',#491,#4849);
#4849 = DEFINITIONAL_REPRESENTATION('',(#4850),#4854);
#4850 = CIRCLE('',#4851,17.5);
#4851 = AXIS2_PLACEMENT_2D('',#4852,#4853);
#4852 = CARTESIAN_POINT('',(0.,0.));
#4853 = DIRECTION('',(1.,0.));
#4854 = ( GEOMETRIC_REPRESENTATION_CONTEXT(2) 
PARAMETRIC_REPRESENTATION_CONTEXT() REPRESENTATION_CONTEXT('2D SPACE',''
  ) );
#4855 = FACE_BOUND('',#4856,.F.);
#4856 = EDGE_LOOP('',(#4857));
#4857 = ORIENTED_EDGE('',*,*,#4858,.T.);
#4858 = EDGE_CURVE('',#4859,#4859,#4861,.T.);
#4859 = VERTEX_POINT('',#4860);
#4860 = CARTESIAN_POINT('',(37.1,-60.62,-17.40524485642));
#4861 = SURFACE_CURVE('',#4862,(#4913,#4967),.PCURVE_S1.);
#4862 = B_SPLINE_CURVE_WITH_KNOTS('',7,(#4863,#4864,#4865,#4866,#4867,
    #4868,#4869,#4870,#4871,#4872,#4873,#4874,#4875,#4876,#4877,#4878,
    #4879,#4880,#4881,#4882,#4883,#4884,#4885,#4886,#4887,#4888,#4889,
    #4890,#4891,#4892,#4893,#4894,#4895,#4896,#4897,#4898,#4899,#4900,
    #4901,#4902,#4903,#4904,#4905,#4906,#4907,#4908,#4909,#4910,#4911,
    #4912),.UNSPECIFIED.,.T.,.F.,(8,6,6,6,6,6,6,6,8),(0.,0.103291797794,
    0.251733624832,0.382732787528,0.49367671884,0.624995230906,
    0.742237689121,0.855220482955,1.),.UNSPECIFIED.);
#4863 = CARTESIAN_POINT('',(37.1,-60.62,-17.40524485642));
#4864 = CARTESIAN_POINT('',(37.1,-60.45841681411,-17.39680291508));
#4865 = CARTESIAN_POINT('',(37.085495181035,-60.29993374568,
    -17.38939311745));
#4866 = CARTESIAN_POINT('',(37.057485893652,-60.14541030835,
    -17.38324721455));
#4867 = CARTESIAN_POINT('',(37.016781112634,-59.9955278562,
    -17.3785186189));
#4868 = CARTESIAN_POINT('',(36.964018177906,-59.85086923114,
    -17.3753016505));
#4869 = CARTESIAN_POINT('',(36.899680934006,-59.71199544818,
    -17.37364316845));
#4870 = CARTESIAN_POINT('',(36.715521420314,-59.38913659732,
    -17.37340779131));
#4871 = CARTESIAN_POINT('',(36.583878343,-59.21220986984,-17.37649473911
    ));
#4872 = CARTESIAN_POINT('',(36.430240802609,-59.05035874018,
    -17.38280280544));
#4873 = CARTESIAN_POINT('',(36.255149262016,-58.90572724141,
    -17.39214943804));
#4874 = CARTESIAN_POINT('',(36.058995178194,-58.78120600621,
    -17.40415987677));
#4875 = CARTESIAN_POINT('',(35.842408893245,-58.68070995866,
    -17.41813018091));
#4876 = CARTESIAN_POINT('',(35.399142220391,-58.54688600348,
    -17.4459636894));
#4877 = CARTESIAN_POINT('',(35.171653878088,-58.50554832166,
    -17.4599595719));
#4878 = CARTESIAN_POINT('',(34.929428866924,-58.49285133426,
    -17.47384857508));
#4879 = CARTESIAN_POINT('',(34.678758749639,-58.51390265844,
    -17.48614587083));
#4880 = CARTESIAN_POINT('',(34.426828327632,-58.57180710438,
    -17.49524382828));
#4881 = CARTESIAN_POINT('',(34.181288898195,-58.66780802703,-17.5));
#4882 = CARTESIAN_POINT('',(33.754077459915,-58.91446590132,-17.5));
#4883 = CARTESIAN_POINT('',(33.572398867994,-59.05218691687,
    -17.4965890302));
#4884 = CARTESIAN_POINT('',(33.408668931947,-59.21236504572,
    -17.48976575234));
#4885 = CARTESIAN_POINT('',(33.266156658943,-59.39216355274,
    -17.47991989743));
#4886 = CARTESIAN_POINT('',(33.147580042783,-59.58817642112,
    -17.46781071416));
#4887 = CARTESIAN_POINT('',(33.054988698778,-59.79654170369,
    -17.45444516346));
#4888 = CARTESIAN_POINT('',(32.912249438295,-60.26933864797,
    -17.42477091218));
#4889 = CARTESIAN_POINT('',(32.876442418861,-60.52569409518,
    -17.40908489394));
#4890 = CARTESIAN_POINT('',(32.87723196467,-60.77650127533,
    -17.39536726093));
#4891 = CARTESIAN_POINT('',(32.910627781574,-61.01843932648,
    -17.38458403894));
#4892 = CARTESIAN_POINT('',(32.97363384254,-61.2492641516,
    -17.37722836097));
#4893 = CARTESIAN_POINT('',(33.064222014806,-61.46714012862,
    -17.37354310438));
#4894 = CARTESIAN_POINT('',(33.285941924539,-61.85115901228,
    -17.37354310438));
#4895 = CARTESIAN_POINT('',(33.411487479295,-62.01999751091,
    -17.37648075691));
#4896 = CARTESIAN_POINT('',(33.557089638337,-62.175100963,
    -17.38234817496));
#4897 = CARTESIAN_POINT('',(33.722255888181,-62.3146056787,
    -17.39098853945));
#4898 = CARTESIAN_POINT('',(33.906629608419,-62.43604281156,
    -17.40208368256));
#4899 = CARTESIAN_POINT('',(34.10968321956,-62.53610957998,-17.415052656
    ));
#4900 = CARTESIAN_POINT('',(34.542726017111,-62.68183845894,
    -17.44236169701));
#4901 = CARTESIAN_POINT('',(34.776980421584,-62.73120017626,
    -17.45698240074));
#4902 = CARTESIAN_POINT('',(35.027877146807,-62.75028068513,
    -17.47171806887));
#4903 = CARTESIAN_POINT('',(35.288717303001,-62.7332481414,
    -17.48493761682));
#4904 = CARTESIAN_POINT('',(35.55170944978,-62.67642347666,
    -17.49481138579));
#4905 = CARTESIAN_POINT('',(35.808424072616,-62.57813136626,-17.5));
#4906 = CARTESIAN_POINT('',(36.359615291099,-62.25989163272,-17.5));
#4907 = CARTESIAN_POINT('',(36.619232135477,-62.02801477935,
    -17.49147968506));
#4908 = CARTESIAN_POINT('',(36.82295629211,-61.7602184956,
    -17.47587635624));
#4909 = CARTESIAN_POINT('',(36.969202899815,-61.47172212493,
    -17.45644889244));
#4910 = CARTESIAN_POINT('',(37.059690060343,-61.17704956525,
    -17.43676602267));
#4911 = CARTESIAN_POINT('',(37.1,-60.88936437311,-17.41931784442));
#4912 = CARTESIAN_POINT('',(37.1,-60.62,-17.40524485642));
#4913 = PCURVE('',#465,#4914);
#4914 = DEFINITIONAL_REPRESENTATION('',(#4915),#4966);
#4915 = B_SPLINE_CURVE_WITH_KNOTS('',7,(#4916,#4917,#4918,#4919,#4920,
    #4921,#4922,#4923,#4924,#4925,#4926,#4927,#4928,#4929,#4930,#4931,
    #4932,#4933,#4934,#4935,#4936,#4937,#4938,#4939,#4940,#4941,#4942,
    #4943,#4944,#4945,#4946,#4947,#4948,#4949,#4950,#4951,#4952,#4953,
    #4954,#4955,#4956,#4957,#4958,#4959,#4960,#4961,#4962,#4963,#4964,
    #4965),.UNSPECIFIED.,.T.,.F.,(8,6,6,6,6,6,6,6,8),(0.,0.103291797794,
    0.251733624832,0.382732787528,0.49367671884,0.624995230906,
    0.742237689121,0.855220482955,1.),.UNSPECIFIED.);
#4916 = CARTESIAN_POINT('',(1.674906585455,36.049253092292));
#4917 = CARTESIAN_POINT('',(1.679548483405,35.909318974732));
#4918 = CARTESIAN_POINT('',(1.683382244945,35.764817048907));
#4919 = CARTESIAN_POINT('',(1.686431465005,35.616991856297));
#4920 = CARTESIAN_POINT('',(1.688715602489,35.466837958805));
#4921 = CARTESIAN_POINT('',(1.69024878667,35.315178785601));
#4922 = CARTESIAN_POINT('',(1.691038558991,35.162742113964));
#4923 = CARTESIAN_POINT('',(1.69115064488,34.791058415147));
#4924 = CARTESIAN_POINT('',(1.68968058919,34.572013511451));
#4925 = CARTESIAN_POINT('',(1.686680244376,34.35502688921));
#4926 = CARTESIAN_POINT('',(1.682116610566,34.142225559296));
#4927 = CARTESIAN_POINT('',(1.675929465775,33.936308597482));
#4928 = CARTESIAN_POINT('',(1.668042928795,33.740981580587));
#4929 = CARTESIAN_POINT('',(1.649861005509,33.403449273183));
#4930 = CARTESIAN_POINT('',(1.639753109825,33.253903379527));
#4931 = CARTESIAN_POINT('',(1.628103041479,33.121792376387));
#4932 = CARTESIAN_POINT('',(1.615080436498,33.014685408101));
#4933 = CARTESIAN_POINT('',(1.600952983936,32.938863779189));
#4934 = CARTESIAN_POINT('',(1.586059072426,32.89922999153));
#4935 = CARTESIAN_POINT('',(1.557870221253,32.89922999153));
#4936 = CARTESIAN_POINT('',(1.544944545946,32.92765772045));
#4937 = CARTESIAN_POINT('',(1.532261965936,32.984508262736));
#4938 = CARTESIAN_POINT('',(1.520061631327,33.06895949126));
#4939 = CARTESIAN_POINT('',(1.508573729853,33.179420757368));
#4940 = CARTESIAN_POINT('',(1.49801111465,33.313572371439));
#4941 = CARTESIAN_POINT('',(1.477368859756,33.651652332785));
#4942 = CARTESIAN_POINT('',(1.468229395042,33.855757130714));
#4943 = CARTESIAN_POINT('',(1.46105979675,34.073355708844));
#4944 = CARTESIAN_POINT('',(1.455763856645,34.299576946512));
#4945 = CARTESIAN_POINT('',(1.452261370654,34.530979366461));
#4946 = CARTESIAN_POINT('',(1.4505064444,34.76495919631));
#4947 = CARTESIAN_POINT('',(1.4505064444,35.208389259994));
#4948 = CARTESIAN_POINT('',(1.45190533738,35.417380775045));
#4949 = CARTESIAN_POINT('',(1.454699290111,35.624506000885));
#4950 = CARTESIAN_POINT('',(1.458915885199,35.827904684418));
#4951 = CARTESIAN_POINT('',(1.464605481043,36.02526044347));
#4952 = CARTESIAN_POINT('',(1.471832364579,36.213449210691));
#4953 = CARTESIAN_POINT('',(1.489168870827,36.556179358794));
#4954 = CARTESIAN_POINT('',(1.49938486989,36.716057325586));
#4955 = CARTESIAN_POINT('',(1.51128442093,36.858032532367));
#4956 = CARTESIAN_POINT('',(1.524697593406,36.973704972415));
#4957 = CARTESIAN_POINT('',(1.539342407132,37.055992696489));
#4958 = CARTESIAN_POINT('',(1.554854808292,37.09922999153));
#4959 = CARTESIAN_POINT('',(1.591224263399,37.09922999153));
#4960 = CARTESIAN_POINT('',(1.610697077378,37.028231496715));
#4961 = CARTESIAN_POINT('',(1.628444101578,36.898179132115));
#4962 = CARTESIAN_POINT('',(1.643960390136,36.721460691125));
#4963 = CARTESIAN_POINT('',(1.656905517998,36.511513215806));
#4964 = CARTESIAN_POINT('',(1.667168392124,36.282527771506));
#4965 = CARTESIAN_POINT('',(1.674906585455,36.049253092292));
#4966 = ( GEOMETRIC_REPRESENTATION_CONTEXT(2) 
PARAMETRIC_REPRESENTATION_CONTEXT() REPRESENTATION_CONTEXT('2D SPACE',''
  ) );
#4967 = PCURVE('',#4968,#4973);
#4968 = CYLINDRICAL_SURFACE('',#4969,2.1);
#4969 = AXIS2_PLACEMENT_3D('',#4970,#4971,#4972);
#4970 = CARTESIAN_POINT('',(35.,-60.62,-20.));
#4971 = DIRECTION('',(0.,0.,1.));
#4972 = DIRECTION('',(1.,0.,-0.));
#4973 = DEFINITIONAL_REPRESENTATION('',(#4974),#5025);
#4974 = B_SPLINE_CURVE_WITH_KNOTS('',7,(#4975,#4976,#4977,#4978,#4979,
    #4980,#4981,#4982,#4983,#4984,#4985,#4986,#4987,#4988,#4989,#4990,
    #4991,#4992,#4993,#4994,#4995,#4996,#4997,#4998,#4999,#5000,#5001,
    #5002,#5003,#5004,#5005,#5006,#5007,#5008,#5009,#5010,#5011,#5012,
    #5013,#5014,#5015,#5016,#5017,#5018,#5019,#5020,#5021,#5022,#5023,
    #5024),.UNSPECIFIED.,.F.,.F.,(8,6,6,6,6,6,6,6,8),(0.,0.103291797794,
    0.251733624832,0.382732787528,0.49367671884,0.624995230906,
    0.742237689121,0.855220482955,1.),.UNSPECIFIED.);
#4975 = CARTESIAN_POINT('',(-8.881784197001E-16,2.594755143574));
#4976 = CARTESIAN_POINT('',(7.694437423076E-02,2.603197084911));
#4977 = CARTESIAN_POINT('',(0.15241269418,2.610606882546));
#4978 = CARTESIAN_POINT('',(0.226738619957,2.616752785449));
#4979 = CARTESIAN_POINT('',(0.300216133412,2.6214813811));
#4980 = CARTESIAN_POINT('',(0.373125209811,2.624698349493));
#4981 = CARTESIAN_POINT('',(0.445747541627,2.626356831545));
#4982 = CARTESIAN_POINT('',(0.622742208301,2.626592208681));
#4983 = CARTESIAN_POINT('',(0.726983904198,2.623505260889));
#4984 = CARTESIAN_POINT('',(0.832037507471,2.617197194554));
#4985 = CARTESIAN_POINT('',(0.938720370916,2.607850561954));
#4986 = CARTESIAN_POINT('',(1.047901601409,2.595840123228));
#4987 = CARTESIAN_POINT('',(1.160467691996,2.581869819084));
#4988 = CARTESIAN_POINT('',(1.380956838094,2.554036310596));
#4989 = CARTESIAN_POINT('',(1.490350874609,2.540040428091));
#4990 = CARTESIAN_POINT('',(1.604324034585,2.526151424914));
#4991 = CARTESIAN_POINT('',(1.722060628287,2.513854129165));
#4992 = CARTESIAN_POINT('',(1.843102498918,2.504756171714));
#4993 = CARTESIAN_POINT('',(1.96721825764,2.5));
#4994 = CARTESIAN_POINT('',(2.202125350747,2.5));
#4995 = CARTESIAN_POINT('',(2.309838834469,2.503410969796));
#4996 = CARTESIAN_POINT('',(2.417540731366,2.510234247651));
#4997 = CARTESIAN_POINT('',(2.525243082883,2.520080102565));
#4998 = CARTESIAN_POINT('',(2.632960520932,2.532189285833));
#4999 = CARTESIAN_POINT('',(2.740690400678,2.545554836534));
#5000 = CARTESIAN_POINT('',(2.975868456928,2.575229087814));
#5001 = CARTESIAN_POINT('',(3.09766115729,2.590915106053));
#5002 = CARTESIAN_POINT('',(3.215268776941,2.604632739067));
#5003 = CARTESIAN_POINT('',(3.329766751764,2.615415961057));
#5004 = CARTESIAN_POINT('',(3.442228103955,2.622771639021));
#5005 = CARTESIAN_POINT('',(3.553646609827,2.626456895613));
#5006 = CARTESIAN_POINT('',(3.764803783009,2.626456895613));
#5007 = CARTESIAN_POINT('',(3.864323382925,2.62351924309));
#5008 = CARTESIAN_POINT('',(3.964569014024,2.617651825032));
#5009 = CARTESIAN_POINT('',(4.066253771225,2.609011460544));
#5010 = CARTESIAN_POINT('',(4.170130106766,2.597916317432));
#5011 = CARTESIAN_POINT('',(4.276970534156,2.584947343997));
#5012 = CARTESIAN_POINT('',(4.494544756212,2.557638302981));
#5013 = CARTESIAN_POINT('',(4.607765615548,2.543017599259));
#5014 = CARTESIAN_POINT('',(4.725885997289,2.528281931128));
#5015 = CARTESIAN_POINT('',(4.848069677557,2.515062383173));
#5016 = CARTESIAN_POINT('',(4.973884616346,2.505188614205));
#5017 = CARTESIAN_POINT('',(5.103154470632,2.5));
#5018 = CARTESIAN_POINT('',(5.406233263188,2.5));
#5019 = CARTESIAN_POINT('',(5.568508375573,2.508520314936));
#5020 = CARTESIAN_POINT('',(5.724331643253,2.524123643756));
#5021 = CARTESIAN_POINT('',(5.874152754476,2.543551107559));
#5022 = CARTESIAN_POINT('',(6.017924630928,2.56323397733));
#5023 = CARTESIAN_POINT('',(6.154916558079,2.580682155574));
#5024 = CARTESIAN_POINT('',(6.28318530718,2.594755143574));
#5025 = ( GEOMETRIC_REPRESENTATION_CONTEXT(2) 
PARAMETRIC_REPRESENTATION_CONTEXT() REPRESENTATION_CONTEXT('2D SPACE',''
  ) );
#5026 = FACE_BOUND('',#5027,.F.);
#5027 = EDGE_LOOP('',(#5028));
#5028 = ORIENTED_EDGE('',*,*,#5029,.F.);
#5029 = EDGE_CURVE('',#5030,#5030,#5032,.T.);
#5030 = VERTEX_POINT('',#5031);
#5031 = CARTESIAN_POINT('',(37.1,-60.62,17.405244856426));
#5032 = SURFACE_CURVE('',#5033,(#5084,#5138),.PCURVE_S1.);
#5033 = B_SPLINE_CURVE_WITH_KNOTS('',7,(#5034,#5035,#5036,#5037,#5038,
    #5039,#5040,#5041,#5042,#5043,#5044,#5045,#5046,#5047,#5048,#5049,
    #5050,#5051,#5052,#5053,#5054,#5055,#5056,#5057,#5058,#5059,#5060,
    #5061,#5062,#5063,#5064,#5065,#5066,#5067,#5068,#5069,#5070,#5071,
    #5072,#5073,#5074,#5075,#5076,#5077,#5078,#5079,#5080,#5081,#5082,
    #5083),.UNSPECIFIED.,.T.,.F.,(8,6,6,6,6,6,6,6,8),(0.,0.103291797791,
    0.251733624825,0.382732787532,0.493676718843,0.624995230908,
    0.742237689122,0.855220482956,1.),.UNSPECIFIED.);
#5034 = CARTESIAN_POINT('',(37.1,-60.62,17.405244856426));
#5035 = CARTESIAN_POINT('',(37.1,-60.45841681411,17.396802915089));
#5036 = CARTESIAN_POINT('',(37.085495181035,-60.29993374568,
    17.389393117454));
#5037 = CARTESIAN_POINT('',(37.057485893652,-60.14541030835,
    17.383247214551));
#5038 = CARTESIAN_POINT('',(37.016781112634,-59.9955278562,17.3785186189
    ));
#5039 = CARTESIAN_POINT('',(36.964018177905,-59.85086923114,
    17.375301650507));
#5040 = CARTESIAN_POINT('',(36.899680934007,-59.71199544818,
    17.373643168455));
#5041 = CARTESIAN_POINT('',(36.715521420314,-59.38913659732,
    17.373407791319));
#5042 = CARTESIAN_POINT('',(36.583878343,-59.21220986984,17.376494739111
    ));
#5043 = CARTESIAN_POINT('',(36.430240802609,-59.05035874018,
    17.382802805446));
#5044 = CARTESIAN_POINT('',(36.255149262016,-58.90572724141,
    17.392149438046));
#5045 = CARTESIAN_POINT('',(36.058995178194,-58.78120600621,
    17.404159876772));
#5046 = CARTESIAN_POINT('',(35.842408893245,-58.68070995866,
    17.418130180916));
#5047 = CARTESIAN_POINT('',(35.399142220368,-58.54688600348,
    17.445963689406));
#5048 = CARTESIAN_POINT('',(35.171653878114,-58.50554832167,
    17.459959571908));
#5049 = CARTESIAN_POINT('',(34.929428866941,-58.49285133425,
    17.473848575085));
#5050 = CARTESIAN_POINT('',(34.678758749617,-58.51390265843,
    17.486145870837));
#5051 = CARTESIAN_POINT('',(34.426828327614,-58.5718071044,
    17.495243828286));
#5052 = CARTESIAN_POINT('',(34.181288898215,-58.66780802702,17.5));
#5053 = CARTESIAN_POINT('',(33.754077459915,-58.91446590132,17.5));
#5054 = CARTESIAN_POINT('',(33.572398867994,-59.05218691687,
    17.496589030204));
#5055 = CARTESIAN_POINT('',(33.408668931947,-59.21236504572,
    17.489765752349));
#5056 = CARTESIAN_POINT('',(33.266156658943,-59.39216355274,
    17.479919897435));
#5057 = CARTESIAN_POINT('',(33.147580042783,-59.58817642112,
    17.467810714167));
#5058 = CARTESIAN_POINT('',(33.054988698778,-59.79654170369,
    17.454445163466));
#5059 = CARTESIAN_POINT('',(32.912249438295,-60.26933864797,
    17.424770912186));
#5060 = CARTESIAN_POINT('',(32.876442418861,-60.52569409518,
    17.409084893947));
#5061 = CARTESIAN_POINT('',(32.87723196467,-60.77650127533,
    17.395367260933));
#5062 = CARTESIAN_POINT('',(32.910627781574,-61.01843932648,
    17.384584038943));
#5063 = CARTESIAN_POINT('',(32.97363384254,-61.2492641516,
    17.377228360979));
#5064 = CARTESIAN_POINT('',(33.064222014806,-61.46714012862,
    17.373543104387));
#5065 = CARTESIAN_POINT('',(33.285941924539,-61.85115901228,
    17.373543104387));
#5066 = CARTESIAN_POINT('',(33.411487479295,-62.01999751091,
    17.37648075691));
#5067 = CARTESIAN_POINT('',(33.557089638336,-62.175100963,
    17.382348174968));
#5068 = CARTESIAN_POINT('',(33.722255888182,-62.3146056787,
    17.390988539456));
#5069 = CARTESIAN_POINT('',(33.906629608418,-62.43604281156,
    17.402083682568));
#5070 = CARTESIAN_POINT('',(34.10968321956,-62.53610957998,
    17.415052656003));
#5071 = CARTESIAN_POINT('',(34.542726017111,-62.68183845894,
    17.442361697019));
#5072 = CARTESIAN_POINT('',(34.776980421583,-62.73120017626,
    17.456982400741));
#5073 = CARTESIAN_POINT('',(35.027877146809,-62.75028068513,
    17.471718068872));
#5074 = CARTESIAN_POINT('',(35.288717302999,-62.7332481414,
    17.484937616826));
#5075 = CARTESIAN_POINT('',(35.551709449781,-62.67642347666,
    17.494811385795));
#5076 = CARTESIAN_POINT('',(35.808424072616,-62.57813136626,17.5));
#5077 = CARTESIAN_POINT('',(36.359615291098,-62.25989163272,17.5));
#5078 = CARTESIAN_POINT('',(36.619232135478,-62.02801477935,
    17.491479685064));
#5079 = CARTESIAN_POINT('',(36.822956292109,-61.76021849559,
    17.475876356243));
#5080 = CARTESIAN_POINT('',(36.969202899816,-61.47172212494,
    17.456448892441));
#5081 = CARTESIAN_POINT('',(37.059690060343,-61.17704956525,
    17.43676602267));
#5082 = CARTESIAN_POINT('',(37.1,-60.88936437311,17.419317844426));
#5083 = CARTESIAN_POINT('',(37.1,-60.62,17.405244856426));
#5084 = PCURVE('',#465,#5085);
#5085 = DEFINITIONAL_REPRESENTATION('',(#5086),#5137);
#5086 = B_SPLINE_CURVE_WITH_KNOTS('',7,(#5087,#5088,#5089,#5090,#5091,
    #5092,#5093,#5094,#5095,#5096,#5097,#5098,#5099,#5100,#5101,#5102,
    #5103,#5104,#5105,#5106,#5107,#5108,#5109,#5110,#5111,#5112,#5113,
    #5114,#5115,#5116,#5117,#5118,#5119,#5120,#5121,#5122,#5123,#5124,
    #5125,#5126,#5127,#5128,#5129,#5130,#5131,#5132,#5133,#5134,#5135,
    #5136),.UNSPECIFIED.,.T.,.F.,(8,6,6,6,6,6,6,6,8),(0.,0.103291797791,
    0.251733624825,0.382732787532,0.493676718843,0.624995230908,
    0.742237689122,0.855220482956,1.),.UNSPECIFIED.);
#5087 = CARTESIAN_POINT('',(4.608278721725,36.049253092292));
#5088 = CARTESIAN_POINT('',(4.603636823775,35.909318974732));
#5089 = CARTESIAN_POINT('',(4.599803062234,35.764817048907));
#5090 = CARTESIAN_POINT('',(4.596753842174,35.616991856297));
#5091 = CARTESIAN_POINT('',(4.594469704691,35.466837958805));
#5092 = CARTESIAN_POINT('',(4.59293652051,35.3151787856));
#5093 = CARTESIAN_POINT('',(4.592146748189,35.162742113964));
#5094 = CARTESIAN_POINT('',(4.5920346623,34.791058415147));
#5095 = CARTESIAN_POINT('',(4.59350471799,34.572013511451));
#5096 = CARTESIAN_POINT('',(4.596505062804,34.355026889211));
#5097 = CARTESIAN_POINT('',(4.601068696613,34.142225559296));
#5098 = CARTESIAN_POINT('',(4.607255841404,33.936308597482));
#5099 = CARTESIAN_POINT('',(4.615142378385,33.740981580587));
#5100 = CARTESIAN_POINT('',(4.633324301671,33.403449273165));
#5101 = CARTESIAN_POINT('',(4.643432197354,33.253903379552));
#5102 = CARTESIAN_POINT('',(4.655082265699,33.121792376386));
#5103 = CARTESIAN_POINT('',(4.668104870683,33.014685408085));
#5104 = CARTESIAN_POINT('',(4.682232323245,32.938863779196));
#5105 = CARTESIAN_POINT('',(4.697126234752,32.89922999153));
#5106 = CARTESIAN_POINT('',(4.725315085927,32.89922999153));
#5107 = CARTESIAN_POINT('',(4.738240761234,32.92765772045));
#5108 = CARTESIAN_POINT('',(4.750923341244,32.984508262736));
#5109 = CARTESIAN_POINT('',(4.763123675853,33.06895949126));
#5110 = CARTESIAN_POINT('',(4.774611577326,33.179420757368));
#5111 = CARTESIAN_POINT('',(4.78517419253,33.313572371439));
#5112 = CARTESIAN_POINT('',(4.805816447424,33.651652332785));
#5113 = CARTESIAN_POINT('',(4.814955912138,33.855757130714));
#5114 = CARTESIAN_POINT('',(4.82212551043,34.073355708844));
#5115 = CARTESIAN_POINT('',(4.827421450535,34.299576946512));
#5116 = CARTESIAN_POINT('',(4.830923936526,34.530979366461));
#5117 = CARTESIAN_POINT('',(4.832678862779,34.76495919631));
#5118 = CARTESIAN_POINT('',(4.832678862779,35.208389259993));
#5119 = CARTESIAN_POINT('',(4.8312799698,35.417380775045));
#5120 = CARTESIAN_POINT('',(4.828486017069,35.624506000884));
#5121 = CARTESIAN_POINT('',(4.824269421981,35.827904684419));
#5122 = CARTESIAN_POINT('',(4.818579826137,36.02526044347));
#5123 = CARTESIAN_POINT('',(4.811352942601,36.213449210691));
#5124 = CARTESIAN_POINT('',(4.794016436352,36.556179358794));
#5125 = CARTESIAN_POINT('',(4.78380043729,36.716057325586));
#5126 = CARTESIAN_POINT('',(4.771900886249,36.858032532369));
#5127 = CARTESIAN_POINT('',(4.758487713774,36.973704972414));
#5128 = CARTESIAN_POINT('',(4.743842900047,37.05599269649));
#5129 = CARTESIAN_POINT('',(4.728330498887,37.09922999153));
#5130 = CARTESIAN_POINT('',(4.691961043781,37.09922999153));
#5131 = CARTESIAN_POINT('',(4.672488229802,37.028231496716));
#5132 = CARTESIAN_POINT('',(4.654741205602,36.898179132114));
#5133 = CARTESIAN_POINT('',(4.639224917043,36.721460691128));
#5134 = CARTESIAN_POINT('',(4.626279789181,36.511513215805));
#5135 = CARTESIAN_POINT('',(4.616016915055,36.282527771507));
#5136 = CARTESIAN_POINT('',(4.608278721725,36.049253092292));
#5137 = ( GEOMETRIC_REPRESENTATION_CONTEXT(2) 
PARAMETRIC_REPRESENTATION_CONTEXT() REPRESENTATION_CONTEXT('2D SPACE',''
  ) );
#5138 = PCURVE('',#4525,#5139);
#5139 = DEFINITIONAL_REPRESENTATION('',(#5140),#5191);
#5140 = B_SPLINE_CURVE_WITH_KNOTS('',7,(#5141,#5142,#5143,#5144,#5145,
    #5146,#5147,#5148,#5149,#5150,#5151,#5152,#5153,#5154,#5155,#5156,
    #5157,#5158,#5159,#5160,#5161,#5162,#5163,#5164,#5165,#5166,#5167,
    #5168,#5169,#5170,#5171,#5172,#5173,#5174,#5175,#5176,#5177,#5178,
    #5179,#5180,#5181,#5182,#5183,#5184,#5185,#5186,#5187,#5188,#5189,
    #5190),.UNSPECIFIED.,.F.,.F.,(8,6,6,6,6,6,6,6,8),(0.,0.103291797791,
    0.251733624825,0.382732787532,0.493676718843,0.624995230908,
    0.742237689122,0.855220482956,1.),.UNSPECIFIED.);
#5141 = CARTESIAN_POINT('',(-8.881784197001E-16,37.405244856426));
#5142 = CARTESIAN_POINT('',(7.69443742307E-02,37.396802915089));
#5143 = CARTESIAN_POINT('',(0.15241269418,37.389393117454));
#5144 = CARTESIAN_POINT('',(0.226738619957,37.383247214551));
#5145 = CARTESIAN_POINT('',(0.300216133412,37.3785186189));
#5146 = CARTESIAN_POINT('',(0.373125209811,37.375301650507));
#5147 = CARTESIAN_POINT('',(0.445747541626,37.373643168455));
#5148 = CARTESIAN_POINT('',(0.622742208301,37.373407791319));
#5149 = CARTESIAN_POINT('',(0.726983904198,37.376494739111));
#5150 = CARTESIAN_POINT('',(0.832037507471,37.382802805446));
#5151 = CARTESIAN_POINT('',(0.938720370916,37.392149438046));
#5152 = CARTESIAN_POINT('',(1.047901601409,37.404159876772));
#5153 = CARTESIAN_POINT('',(1.160467691996,37.418130180916));
#5154 = CARTESIAN_POINT('',(1.380956838106,37.445963689406));
#5155 = CARTESIAN_POINT('',(1.490350874595,37.459959571908));
#5156 = CARTESIAN_POINT('',(1.604324034579,37.473848575085));
#5157 = CARTESIAN_POINT('',(1.722060628294,37.486145870837));
#5158 = CARTESIAN_POINT('',(1.843102498929,37.495243828286));
#5159 = CARTESIAN_POINT('',(1.967218257629,37.5));
#5160 = CARTESIAN_POINT('',(2.202125350747,37.5));
#5161 = CARTESIAN_POINT('',(2.309838834469,37.496589030204));
#5162 = CARTESIAN_POINT('',(2.417540731366,37.489765752349));
#5163 = CARTESIAN_POINT('',(2.525243082883,37.479919897435));
#5164 = CARTESIAN_POINT('',(2.632960520932,37.467810714167));
#5165 = CARTESIAN_POINT('',(2.740690400678,37.454445163466));
#5166 = CARTESIAN_POINT('',(2.975868456928,37.424770912186));
#5167 = CARTESIAN_POINT('',(3.09766115729,37.409084893947));
#5168 = CARTESIAN_POINT('',(3.215268776941,37.395367260933));
#5169 = CARTESIAN_POINT('',(3.329766751764,37.384584038943));
#5170 = CARTESIAN_POINT('',(3.442228103955,37.377228360979));
#5171 = CARTESIAN_POINT('',(3.553646609827,37.373543104387));
#5172 = CARTESIAN_POINT('',(3.764803783009,37.373543104387));
#5173 = CARTESIAN_POINT('',(3.864323382925,37.37648075691));
#5174 = CARTESIAN_POINT('',(3.964569014023,37.382348174968));
#5175 = CARTESIAN_POINT('',(4.066253771225,37.390988539456));
#5176 = CARTESIAN_POINT('',(4.170130106765,37.402083682568));
#5177 = CARTESIAN_POINT('',(4.276970534156,37.415052656003));
#5178 = CARTESIAN_POINT('',(4.494544756212,37.442361697019));
#5179 = CARTESIAN_POINT('',(4.607765615547,37.456982400741));
#5180 = CARTESIAN_POINT('',(4.725885997291,37.471718068872));
#5181 = CARTESIAN_POINT('',(4.848069677556,37.484937616826));
#5182 = CARTESIAN_POINT('',(4.973884616347,37.494811385795));
#5183 = CARTESIAN_POINT('',(5.103154470631,37.5));
#5184 = CARTESIAN_POINT('',(5.406233263188,37.5));
#5185 = CARTESIAN_POINT('',(5.568508375573,37.491479685064));
#5186 = CARTESIAN_POINT('',(5.724331643254,37.475876356243));
#5187 = CARTESIAN_POINT('',(5.874152754475,37.456448892441));
#5188 = CARTESIAN_POINT('',(6.017924630929,37.43676602267));
#5189 = CARTESIAN_POINT('',(6.154916558079,37.419317844426));
#5190 = CARTESIAN_POINT('',(6.28318530718,37.405244856426));
#5191 = ( GEOMETRIC_REPRESENTATION_CONTEXT(2) 
PARAMETRIC_REPRESENTATION_CONTEXT() REPRESENTATION_CONTEXT('2D SPACE',''
  ) );
#5192 = ADVANCED_FACE('',(#5193),#627,.F.);
#5193 = FACE_BOUND('',#5194,.F.);
#5194 = EDGE_LOOP('',(#5195,#5196,#5197,#5198,#5199));
#5195 = ORIENTED_EDGE('',*,*,#4648,.T.);
#5196 = ORIENTED_EDGE('',*,*,#4719,.T.);
#5197 = ORIENTED_EDGE('',*,*,#2295,.T.);
#5198 = ORIENTED_EDGE('',*,*,#4673,.T.);
#5199 = ORIENTED_EDGE('',*,*,#612,.F.);
#5200 = ADVANCED_FACE('',(#5201),#439,.F.);
#5201 = FACE_BOUND('',#5202,.F.);
#5202 = EDGE_LOOP('',(#5203,#5204,#5205,#5206));
#5203 = ORIENTED_EDGE('',*,*,#523,.T.);
#5204 = ORIENTED_EDGE('',*,*,#4375,.T.);
#5205 = ORIENTED_EDGE('',*,*,#424,.T.);
#5206 = ORIENTED_EDGE('',*,*,#4811,.F.);
#5207 = ADVANCED_FACE('',(#5208),#491,.T.);
#5208 = FACE_BOUND('',#5209,.T.);
#5209 = EDGE_LOOP('',(#5210,#5211,#5212,#5213,#5214));
#5210 = ORIENTED_EDGE('',*,*,#4834,.T.);
#5211 = ORIENTED_EDGE('',*,*,#4742,.T.);
#5212 = ORIENTED_EDGE('',*,*,#2164,.T.);
#5213 = ORIENTED_EDGE('',*,*,#4788,.T.);
#5214 = ORIENTED_EDGE('',*,*,#476,.F.);
#5215 = ADVANCED_FACE('',(#5216,#5264),#697,.T.);
#5216 = FACE_BOUND('',#5217,.T.);
#5217 = EDGE_LOOP('',(#5218,#5240,#5241,#5263));
#5218 = ORIENTED_EDGE('',*,*,#5219,.F.);
#5219 = EDGE_CURVE('',#829,#683,#5220,.T.);
#5220 = SURFACE_CURVE('',#5221,(#5226,#5233),.PCURVE_S1.);
#5221 = CIRCLE('',#5222,19.5);
#5222 = AXIS2_PLACEMENT_3D('',#5223,#5224,#5225);
#5223 = CARTESIAN_POINT('',(-100.,0.,0.));
#5224 = DIRECTION('',(-1.,0.,0.));
#5225 = DIRECTION('',(0.,0.,-1.));
#5226 = PCURVE('',#697,#5227);
#5227 = DEFINITIONAL_REPRESENTATION('',(#5228),#5232);
#5228 = LINE('',#5229,#5230);
#5229 = CARTESIAN_POINT('',(0.,60.));
#5230 = VECTOR('',#5231,1.);
#5231 = DIRECTION('',(1.,0.));
#5232 = ( GEOMETRIC_REPRESENTATION_CONTEXT(2) 
PARAMETRIC_REPRESENTATION_CONTEXT() REPRESENTATION_CONTEXT('2D SPACE',''
  ) );
#5233 = PCURVE('',#864,#5234);
#5234 = DEFINITIONAL_REPRESENTATION('',(#5235),#5239);
#5235 = CIRCLE('',#5236,19.5);
#5236 = AXIS2_PLACEMENT_2D('',#5237,#5238);
#5237 = CARTESIAN_POINT('',(0.,0.));
#5238 = DIRECTION('',(1.,0.));
#5239 = ( GEOMETRIC_REPRESENTATION_CONTEXT(2) 
PARAMETRIC_REPRESENTATION_CONTEXT() REPRESENTATION_CONTEXT('2D SPACE',''
  ) );
#5240 = ORIENTED_EDGE('',*,*,#828,.F.);
#5241 = ORIENTED_EDGE('',*,*,#5242,.T.);
#5242 = EDGE_CURVE('',#808,#681,#5243,.T.);
#5243 = SURFACE_CURVE('',#5244,(#5249,#5256),.PCURVE_S1.);
#5244 = CIRCLE('',#5245,19.5);
#5245 = AXIS2_PLACEMENT_3D('',#5246,#5247,#5248);
#5246 = CARTESIAN_POINT('',(-40.,0.,0.));
#5247 = DIRECTION('',(-1.,0.,0.));
#5248 = DIRECTION('',(0.,0.,-1.));
#5249 = PCURVE('',#697,#5250);
#5250 = DEFINITIONAL_REPRESENTATION('',(#5251),#5255);
#5251 = LINE('',#5252,#5253);
#5252 = CARTESIAN_POINT('',(0.,0.));
#5253 = VECTOR('',#5254,1.);
#5254 = DIRECTION('',(1.,0.));
#5255 = ( GEOMETRIC_REPRESENTATION_CONTEXT(2) 
PARAMETRIC_REPRESENTATION_CONTEXT() REPRESENTATION_CONTEXT('2D SPACE',''
  ) );
#5256 = PCURVE('',#723,#5257);
#5257 = DEFINITIONAL_REPRESENTATION('',(#5258),#5262);
#5258 = CIRCLE('',#5259,19.5);
#5259 = AXIS2_PLACEMENT_2D('',#5260,#5261);
#5260 = CARTESIAN_POINT('',(0.,0.));
#5261 = DIRECTION('',(1.,0.));
#5262 = ( GEOMETRIC_REPRESENTATION_CONTEXT(2) 
PARAMETRIC_REPRESENTATION_CONTEXT() REPRESENTATION_CONTEXT('2D SPACE',''
  ) );
#5263 = ORIENTED_EDGE('',*,*,#680,.T.);
#5264 = FACE_BOUND('',#5265,.T.);
#5265 = EDGE_LOOP('',(#5266));
#5266 = ORIENTED_EDGE('',*,*,#5267,.F.);
#5267 = EDGE_CURVE('',#5268,#5268,#5270,.T.);
#5268 = VERTEX_POINT('',#5269);
#5269 = CARTESIAN_POINT('',(-67.9,-5.143516556419E-16,19.5));
#5270 = SURFACE_CURVE('',#5271,(#5322,#5376),.PCURVE_S1.);
#5271 = B_SPLINE_CURVE_WITH_KNOTS('',7,(#5272,#5273,#5274,#5275,#5276,
    #5277,#5278,#5279,#5280,#5281,#5282,#5283,#5284,#5285,#5286,#5287,
    #5288,#5289,#5290,#5291,#5292,#5293,#5294,#5295,#5296,#5297,#5298,
    #5299,#5300,#5301,#5302,#5303,#5304,#5305,#5306,#5307,#5308,#5309,
    #5310,#5311,#5312,#5313,#5314,#5315,#5316,#5317,#5318,#5319,#5320,
    #5321),.UNSPECIFIED.,.T.,.F.,(8,6,6,6,6,6,6,6,8),(0.,0.122675920643,
    0.250005620621,0.377341797057,0.500000857522,0.622688908714,
    0.750027111303,0.877364906411,1.),.UNSPECIFIED.);
#5272 = CARTESIAN_POINT('',(-67.9,-1.33226762955E-15,19.5));
#5273 = CARTESIAN_POINT('',(-67.9,0.278902117558,19.5));
#5274 = CARTESIAN_POINT('',(-67.94321423002,0.550347615411,
    19.495346047927));
#5275 = CARTESIAN_POINT('',(-68.02548645317,0.80653100283,
    19.486486576332));
#5276 = CARTESIAN_POINT('',(-68.14115936458,1.040967401936,
    19.474624057113));
#5277 = CARTESIAN_POINT('',(-68.28314607939,1.248733918973,
    19.461404022639));
#5278 = CARTESIAN_POINT('',(-68.44303901282,1.426939647571,
    19.448289865195));
#5279 = CARTESIAN_POINT('',(-68.7858321437,1.729152445086,
    19.423796708051));
#5280 = CARTESIAN_POINT('',(-68.97405959886,1.85497680487,19.41216770068
    ));
#5281 = CARTESIAN_POINT('',(-69.17143451208,1.95391922061,
    19.402222905061));
#5282 = CARTESIAN_POINT('',(-69.37483177248,2.027184964418,
    19.394480882184));
#5283 = CARTESIAN_POINT('',(-69.5819364995,2.075708010213,
    19.389224649799));
#5284 = CARTESIAN_POINT('',(-69.7908914653,2.1,19.386593305684));
#5285 = CARTESIAN_POINT('',(-70.20911917073,2.1,19.386593305684));
#5286 = CARTESIAN_POINT('',(-70.41807189744,2.075705584299,
    19.389224909983));
#5287 = CARTESIAN_POINT('',(-70.62517055539,2.027182835401,
    19.39448111979));
#5288 = CARTESIAN_POINT('',(-70.82856373134,1.953919436667,
    19.402222833964));
#5289 = CARTESIAN_POINT('',(-71.0259386589,1.854978331899,
    19.412167578968));
#5290 = CARTESIAN_POINT('',(-71.21416792544,1.729152384124,
    19.423796712992));
#5291 = CARTESIAN_POINT('',(-71.5569292489,1.426967628621,
    19.448287597441));
#5292 = CARTESIAN_POINT('',(-71.71683587796,1.248763917103,
    19.461402096071));
#5293 = CARTESIAN_POINT('',(-71.85885001694,1.040972021843,
    19.474624513998));
#5294 = CARTESIAN_POINT('',(-71.97453966294,0.806494396873,
    19.486489381744));
#5295 = CARTESIAN_POINT('',(-72.05680619597,0.550276993638,
    19.495348250292));
#5296 = CARTESIAN_POINT('',(-72.1,0.278836214035,19.5));
#5297 = CARTESIAN_POINT('',(-72.1,-0.278902117558,19.5));
#5298 = CARTESIAN_POINT('',(-72.05678576997,-0.550347615411,
    19.495346047927));
#5299 = CARTESIAN_POINT('',(-71.97451354683,-0.80653100283,
    19.486486576332));
#5300 = CARTESIAN_POINT('',(-71.85884063541,-1.040967401937,
    19.474624057113));
#5301 = CARTESIAN_POINT('',(-71.7168539206,-1.248733918973,
    19.461404022639));
#5302 = CARTESIAN_POINT('',(-71.55696098717,-1.426939647571,
    19.448289865195));
#5303 = CARTESIAN_POINT('',(-71.21417346112,-1.729147503762,
    19.423797108526));
#5304 = CARTESIAN_POINT('',(-71.02594131217,-1.85497854779,
    19.412167651246));
#5305 = CARTESIAN_POINT('',(-70.82855962908,-1.953922489121,
    19.40222249891));
#5306 = CARTESIAN_POINT('',(-70.62516355608,-2.027184658533,
    19.39448092167));
#5307 = CARTESIAN_POINT('',(-70.41806785823,-2.075705408627,
    19.3892249297));
#5308 = CARTESIAN_POINT('',(-70.2091198334,-2.1,19.386593305684));
#5309 = CARTESIAN_POINT('',(-69.79088083577,-2.1,19.386593305684));
#5310 = CARTESIAN_POINT('',(-69.58192808663,-2.075705585948,
    19.38922490987));
#5311 = CARTESIAN_POINT('',(-69.37482945612,-2.027182827586,
    19.394481120396));
#5312 = CARTESIAN_POINT('',(-69.17143627438,-1.953919451358,
    19.402222832771));
#5313 = CARTESIAN_POINT('',(-68.97406132836,-1.854978318704,
    19.412167580051));
#5314 = CARTESIAN_POINT('',(-68.78583208025,-1.729152389148,
    19.423796712585));
#5315 = CARTESIAN_POINT('',(-68.44310574326,-1.426998478363,
    19.448285097191));
#5316 = CARTESIAN_POINT('',(-68.28317458455,-1.248788639172,
    19.461400640746));
#5317 = CARTESIAN_POINT('',(-68.1411302314,-1.040961408675,
    19.474626057304));
#5318 = CARTESIAN_POINT('',(-68.02542976192,-0.806441100196,
    19.486492696616));
#5319 = CARTESIAN_POINT('',(-67.9431744111,-0.550199671419,
    19.495350333358));
#5320 = CARTESIAN_POINT('',(-67.9,-0.278773611417,19.5));
#5321 = CARTESIAN_POINT('',(-67.9,-1.33226762955E-15,19.5));
#5322 = PCURVE('',#697,#5323);
#5323 = DEFINITIONAL_REPRESENTATION('',(#5324),#5375);
#5324 = B_SPLINE_CURVE_WITH_KNOTS('',7,(#5325,#5326,#5327,#5328,#5329,
    #5330,#5331,#5332,#5333,#5334,#5335,#5336,#5337,#5338,#5339,#5340,
    #5341,#5342,#5343,#5344,#5345,#5346,#5347,#5348,#5349,#5350,#5351,
    #5352,#5353,#5354,#5355,#5356,#5357,#5358,#5359,#5360,#5361,#5362,
    #5363,#5364,#5365,#5366,#5367,#5368,#5369,#5370,#5371,#5372,#5373,
    #5374),.UNSPECIFIED.,.T.,.F.,(8,6,6,6,6,6,6,6,8),(0.,0.122675920643,
    0.250005620621,0.377341797057,0.500000857522,0.622688908714,
    0.750027111303,0.877364906411,1.),.UNSPECIFIED.);
#5325 = CARTESIAN_POINT('',(3.14159265359,27.9));
#5326 = CARTESIAN_POINT('',(3.155895326285,27.9));
#5327 = CARTESIAN_POINT('',(3.169815613649,27.943214230029));
#5328 = CARTESIAN_POINT('',(3.182957971702,28.025486453169));
#5329 = CARTESIAN_POINT('',(3.194993629347,28.141159364586));
#5330 = CARTESIAN_POINT('',(3.205669016365,28.283146079399));
#5331 = CARTESIAN_POINT('',(3.214832227365,28.443039012829));
#5332 = CARTESIAN_POINT('',(3.230381135567,28.785832143705));
#5333 = CARTESIAN_POINT('',(3.236860753866,28.974059598868));
#5334 = CARTESIAN_POINT('',(3.241960149299,29.171434512081));
#5335 = CARTESIAN_POINT('',(3.245738268331,29.374831772485));
#5336 = CARTESIAN_POINT('',(3.248241187856,29.581936499506));
#5337 = CARTESIAN_POINT('',(3.249494217875,29.7908914653));
#5338 = CARTESIAN_POINT('',(3.249494217875,30.20911917073));
#5339 = CARTESIAN_POINT('',(3.248241062749,30.418071897441));
#5340 = CARTESIAN_POINT('',(3.245738158453,30.625170555392));
#5341 = CARTESIAN_POINT('',(3.241960160709,30.82856373134));
#5342 = CARTESIAN_POINT('',(3.236860832402,31.025938658901));
#5343 = CARTESIAN_POINT('',(3.230381132431,31.214167925443));
#5344 = CARTESIAN_POINT('',(3.214833666995,31.556929248901));
#5345 = CARTESIAN_POINT('',(3.205670557818,31.716835877964));
#5346 = CARTESIAN_POINT('',(3.194993863519,31.858850016946));
#5347 = CARTESIAN_POINT('',(3.182956090904,31.974539662941));
#5348 = CARTESIAN_POINT('',(3.169811992008,32.056806195979));
#5349 = CARTESIAN_POINT('',(3.155891946617,32.1));
#5350 = CARTESIAN_POINT('',(3.127289980895,32.1));
#5351 = CARTESIAN_POINT('',(3.11336969353,32.056785769971));
#5352 = CARTESIAN_POINT('',(3.100227335478,31.974513546831));
#5353 = CARTESIAN_POINT('',(3.088191677832,31.858840635414));
#5354 = CARTESIAN_POINT('',(3.077516290814,31.716853920602));
#5355 = CARTESIAN_POINT('',(3.068353079815,31.556960987171));
#5356 = CARTESIAN_POINT('',(3.052804425844,31.214173461127));
#5357 = CARTESIAN_POINT('',(3.046324464048,31.025941312171));
#5358 = CARTESIAN_POINT('',(3.041224989091,30.828559629089));
#5359 = CARTESIAN_POINT('',(3.037447054625,30.62516355608));
#5360 = CARTESIAN_POINT('',(3.034944253515,30.418067858238));
#5361 = CARTESIAN_POINT('',(3.033691089305,30.209119833404));
#5362 = CARTESIAN_POINT('',(3.033691089305,29.790880835779));
#5363 = CARTESIAN_POINT('',(3.034944244346,29.581928086638));
#5364 = CARTESIAN_POINT('',(3.037447149129,29.374829456129));
#5365 = CARTESIAN_POINT('',(3.041225145714,29.171436274384));
#5366 = CARTESIAN_POINT('',(3.046324475456,28.974061328363));
#5367 = CARTESIAN_POINT('',(3.05280417449,28.785832080255));
#5368 = CARTESIAN_POINT('',(3.068350052959,28.443105743264));
#5369 = CARTESIAN_POINT('',(3.077513479665,28.283174584559));
#5370 = CARTESIAN_POINT('',(3.088191992212,28.141130231401));
#5371 = CARTESIAN_POINT('',(3.100231953032,28.02542976192));
#5372 = CARTESIAN_POINT('',(3.113377280304,27.943174411102));
#5373 = CARTESIAN_POINT('',(3.127296570953,27.9));
#5374 = CARTESIAN_POINT('',(3.14159265359,27.9));
#5375 = ( GEOMETRIC_REPRESENTATION_CONTEXT(2) 
PARAMETRIC_REPRESENTATION_CONTEXT() REPRESENTATION_CONTEXT('2D SPACE',''
  ) );
#5376 = PCURVE('',#5377,#5382);
#5377 = CYLINDRICAL_SURFACE('',#5378,2.1);
#5378 = AXIS2_PLACEMENT_3D('',#5379,#5380,#5381);
#5379 = CARTESIAN_POINT('',(-70.,0.,-20.));
#5380 = DIRECTION('',(0.,0.,1.));
#5381 = DIRECTION('',(1.,0.,-0.));
#5382 = DEFINITIONAL_REPRESENTATION('',(#5383),#5434);
#5383 = B_SPLINE_CURVE_WITH_KNOTS('',7,(#5384,#5385,#5386,#5387,#5388,
    #5389,#5390,#5391,#5392,#5393,#5394,#5395,#5396,#5397,#5398,#5399,
    #5400,#5401,#5402,#5403,#5404,#5405,#5406,#5407,#5408,#5409,#5410,
    #5411,#5412,#5413,#5414,#5415,#5416,#5417,#5418,#5419,#5420,#5421,
    #5422,#5423,#5424,#5425,#5426,#5427,#5428,#5429,#5430,#5431,#5432,
    #5433),.UNSPECIFIED.,.F.,.F.,(8,6,6,6,6,6,6,6,8),(0.,0.122675920643,
    0.250005620621,0.377341797057,0.500000857522,0.622688908714,
    0.750027111303,0.877364906411,1.),.UNSPECIFIED.);
#5384 = CARTESIAN_POINT('',(0.,39.5));
#5385 = CARTESIAN_POINT('',(0.132810532171,39.5));
#5386 = CARTESIAN_POINT('',(0.262070197497,39.495346047927));
#5387 = CARTESIAN_POINT('',(0.387888855732,39.486486576332));
#5388 = CARTESIAN_POINT('',(0.510083374302,39.474624057113));
#5389 = CARTESIAN_POINT('',(0.628216337184,39.461404022639));
#5390 = CARTESIAN_POINT('',(0.741448325317,39.448289865195));
#5391 = CARTESIAN_POINT('',(0.959062530513,39.423796708051));
#5392 = CARTESIAN_POINT('',(1.06592010747,39.41216770068));
#5393 = CARTESIAN_POINT('',(1.169802419939,39.402222905061));
#5394 = CARTESIAN_POINT('',(1.271483960506,39.394480882184));
#5395 = CARTESIAN_POINT('',(1.371718624358,39.389224649799));
#5396 = CARTESIAN_POINT('',(1.471220834081,39.386593305684));
#5397 = CARTESIAN_POINT('',(1.670376884285,39.386593305684));
#5398 = CARTESIAN_POINT('',(1.769878012835,39.389224909983));
#5399 = CARTESIAN_POINT('',(1.870110067882,39.39448111979));
#5400 = CARTESIAN_POINT('',(1.971789507805,39.402222833964));
#5401 = CARTESIAN_POINT('',(2.075671450947,39.412167578968));
#5402 = CARTESIAN_POINT('',(2.182530166974,39.423796712992));
#5403 = CARTESIAN_POINT('',(2.400124179974,39.448287597441));
#5404 = CARTESIAN_POINT('',(2.51336042872,39.461402096071));
#5405 = CARTESIAN_POINT('',(2.631510028665,39.474624513998));
#5406 = CARTESIAN_POINT('',(2.753723905875,39.486489381744));
#5407 = CARTESIAN_POINT('',(2.879556092617,39.495348250292));
#5408 = CARTESIAN_POINT('',(3.008813504049,39.5));
#5409 = CARTESIAN_POINT('',(3.27440318576,39.5));
#5410 = CARTESIAN_POINT('',(3.403662851087,39.495346047927));
#5411 = CARTESIAN_POINT('',(3.529481509322,39.486486576332));
#5412 = CARTESIAN_POINT('',(3.651676027892,39.474624057113));
#5413 = CARTESIAN_POINT('',(3.769808990774,39.461404022639));
#5414 = CARTESIAN_POINT('',(3.883040978907,39.448289865195));
#5415 = CARTESIAN_POINT('',(4.100651626007,39.423797108526));
#5416 = CARTESIAN_POINT('',(4.207512973994,39.412167651246));
#5417 = CARTESIAN_POINT('',(4.311398027072,39.40222249891));
#5418 = CARTESIAN_POINT('',(4.41307858317,39.39448092167));
#5419 = CARTESIAN_POINT('',(4.513309207389,39.3892249297));
#5420 = CARTESIAN_POINT('',(4.612808107335,39.386593305684));
#5421 = CARTESIAN_POINT('',(4.811969534776,39.386593305684));
#5422 = CARTESIAN_POINT('',(4.911470673616,39.38922490987));
#5423 = CARTESIAN_POINT('',(5.011702717505,39.394481120396));
#5424 = CARTESIAN_POINT('',(5.11338215605,39.402222832771));
#5425 = CARTESIAN_POINT('',(5.217264112911,39.412167580051));
#5426 = CARTESIAN_POINT('',(5.324122816946,39.423796712585));
#5427 = CARTESIAN_POINT('',(5.541694619606,39.448285097191));
#5428 = CARTESIAN_POINT('',(5.654941569716,39.461400640746));
#5429 = CARTESIAN_POINT('',(5.773111795484,39.474626057304));
#5430 = CARTESIAN_POINT('',(5.895344483819,39.486492696616));
#5431 = CARTESIAN_POINT('',(6.02118557206,39.495350333358));
#5432 = CARTESIAN_POINT('',(6.150435968409,39.5));
#5433 = CARTESIAN_POINT('',(6.28318530718,39.5));
#5434 = ( GEOMETRIC_REPRESENTATION_CONTEXT(2) 
PARAMETRIC_REPRESENTATION_CONTEXT() REPRESENTATION_CONTEXT('2D SPACE',''
  ) );
#5435 = ADVANCED_FACE('',(#5436),#864,.T.);
#5436 = FACE_BOUND('',#5437,.T.);
#5437 = EDGE_LOOP('',(#5438,#5439,#5440,#5462));
#5438 = ORIENTED_EDGE('',*,*,#5219,.T.);
#5439 = ORIENTED_EDGE('',*,*,#943,.T.);
#5440 = ORIENTED_EDGE('',*,*,#5441,.F.);
#5441 = EDGE_CURVE('',#850,#923,#5442,.T.);
#5442 = SURFACE_CURVE('',#5443,(#5448,#5455),.PCURVE_S1.);
#5443 = CIRCLE('',#5444,17.5);
#5444 = AXIS2_PLACEMENT_3D('',#5445,#5446,#5447);
#5445 = CARTESIAN_POINT('',(-100.,0.,0.));
#5446 = DIRECTION('',(-1.,0.,0.));
#5447 = DIRECTION('',(0.,0.,-1.));
#5448 = PCURVE('',#864,#5449);
#5449 = DEFINITIONAL_REPRESENTATION('',(#5450),#5454);
#5450 = CIRCLE('',#5451,17.5);
#5451 = AXIS2_PLACEMENT_2D('',#5452,#5453);
#5452 = CARTESIAN_POINT('',(0.,0.));
#5453 = DIRECTION('',(1.,0.));
#5454 = ( GEOMETRIC_REPRESENTATION_CONTEXT(2) 
PARAMETRIC_REPRESENTATION_CONTEXT() REPRESENTATION_CONTEXT('2D SPACE',''
  ) );
#5455 = PCURVE('',#749,#5456);
#5456 = DEFINITIONAL_REPRESENTATION('',(#5457),#5461);
#5457 = LINE('',#5458,#5459);
#5458 = CARTESIAN_POINT('',(0.,65.));
#5459 = VECTOR('',#5460,1.);
#5460 = DIRECTION('',(1.,0.));
#5461 = ( GEOMETRIC_REPRESENTATION_CONTEXT(2) 
PARAMETRIC_REPRESENTATION_CONTEXT() REPRESENTATION_CONTEXT('2D SPACE',''
  ) );
#5462 = ORIENTED_EDGE('',*,*,#849,.T.);
#5463 = ADVANCED_FACE('',(#5464,#5910),#749,.F.);
#5464 = FACE_BOUND('',#5465,.F.);
#5465 = EDGE_LOOP('',(#5466,#5488,#5489,#5513,#5536,#5633,#5656,#5678,
    #5679,#5701,#5702,#5724,#5725,#5747,#5748,#5770,#5771,#5861,#5862,
    #5884,#5885,#5907,#5908,#5909));
#5466 = ORIENTED_EDGE('',*,*,#5467,.F.);
#5467 = EDGE_CURVE('',#2544,#876,#5468,.T.);
#5468 = SURFACE_CURVE('',#5469,(#5474,#5481),.PCURVE_S1.);
#5469 = CIRCLE('',#5470,17.5);
#5470 = AXIS2_PLACEMENT_3D('',#5471,#5472,#5473);
#5471 = CARTESIAN_POINT('',(-105.,0.,0.));
#5472 = DIRECTION('',(-1.,0.,0.));
#5473 = DIRECTION('',(0.,0.,-1.));
#5474 = PCURVE('',#749,#5475);
#5475 = DEFINITIONAL_REPRESENTATION('',(#5476),#5480);
#5476 = LINE('',#5477,#5478);
#5477 = CARTESIAN_POINT('',(0.,70.));
#5478 = VECTOR('',#5479,1.);
#5479 = DIRECTION('',(1.,0.));
#5480 = ( GEOMETRIC_REPRESENTATION_CONTEXT(2) 
PARAMETRIC_REPRESENTATION_CONTEXT() REPRESENTATION_CONTEXT('2D SPACE',''
  ) );
#5481 = PCURVE('',#911,#5482);
#5482 = DEFINITIONAL_REPRESENTATION('',(#5483),#5487);
#5483 = CIRCLE('',#5484,17.5);
#5484 = AXIS2_PLACEMENT_2D('',#5485,#5486);
#5485 = CARTESIAN_POINT('',(0.,0.));
#5486 = DIRECTION('',(1.,0.));
#5487 = ( GEOMETRIC_REPRESENTATION_CONTEXT(2) 
PARAMETRIC_REPRESENTATION_CONTEXT() REPRESENTATION_CONTEXT('2D SPACE',''
  ) );
#5488 = ORIENTED_EDGE('',*,*,#2543,.F.);
#5489 = ORIENTED_EDGE('',*,*,#5490,.F.);
#5490 = EDGE_CURVE('',#5491,#2518,#5493,.T.);
#5491 = VERTEX_POINT('',#5492);
#5492 = CARTESIAN_POINT('',(-100.,4.286263797016E-15,-17.5));
#5493 = SURFACE_CURVE('',#5494,(#5499,#5506),.PCURVE_S1.);
#5494 = CIRCLE('',#5495,17.5);
#5495 = AXIS2_PLACEMENT_3D('',#5496,#5497,#5498);
#5496 = CARTESIAN_POINT('',(-100.,0.,0.));
#5497 = DIRECTION('',(-1.,0.,0.));
#5498 = DIRECTION('',(0.,0.,-1.));
#5499 = PCURVE('',#749,#5500);
#5500 = DEFINITIONAL_REPRESENTATION('',(#5501),#5505);
#5501 = LINE('',#5502,#5503);
#5502 = CARTESIAN_POINT('',(0.,65.));
#5503 = VECTOR('',#5504,1.);
#5504 = DIRECTION('',(1.,0.));
#5505 = ( GEOMETRIC_REPRESENTATION_CONTEXT(2) 
PARAMETRIC_REPRESENTATION_CONTEXT() REPRESENTATION_CONTEXT('2D SPACE',''
  ) );
#5506 = PCURVE('',#2532,#5507);
#5507 = DEFINITIONAL_REPRESENTATION('',(#5508),#5512);
#5508 = CIRCLE('',#5509,17.5);
#5509 = AXIS2_PLACEMENT_2D('',#5510,#5511);
#5510 = CARTESIAN_POINT('',(0.,0.));
#5511 = DIRECTION('',(1.,0.));
#5512 = ( GEOMETRIC_REPRESENTATION_CONTEXT(2) 
PARAMETRIC_REPRESENTATION_CONTEXT() REPRESENTATION_CONTEXT('2D SPACE',''
  ) );
#5513 = ORIENTED_EDGE('',*,*,#5514,.F.);
#5514 = EDGE_CURVE('',#5515,#5491,#5517,.T.);
#5515 = VERTEX_POINT('',#5516);
#5516 = CARTESIAN_POINT('',(-72.1,4.286263797016E-15,-17.5));
#5517 = SEAM_CURVE('',#5518,(#5522,#5529),.PCURVE_S1.);
#5518 = LINE('',#5519,#5520);
#5519 = CARTESIAN_POINT('',(-35.,4.286263797016E-15,-17.5));
#5520 = VECTOR('',#5521,1.);
#5521 = DIRECTION('',(-1.,0.,0.));
#5522 = PCURVE('',#749,#5523);
#5523 = DEFINITIONAL_REPRESENTATION('',(#5524),#5528);
#5524 = LINE('',#5525,#5526);
#5525 = CARTESIAN_POINT('',(6.28318530718,-0.));
#5526 = VECTOR('',#5527,1.);
#5527 = DIRECTION('',(0.,1.));
#5528 = ( GEOMETRIC_REPRESENTATION_CONTEXT(2) 
PARAMETRIC_REPRESENTATION_CONTEXT() REPRESENTATION_CONTEXT('2D SPACE',''
  ) );
#5529 = PCURVE('',#749,#5530);
#5530 = DEFINITIONAL_REPRESENTATION('',(#5531),#5535);
#5531 = LINE('',#5532,#5533);
#5532 = CARTESIAN_POINT('',(0.,-0.));
#5533 = VECTOR('',#5534,1.);
#5534 = DIRECTION('',(0.,1.));
#5535 = ( GEOMETRIC_REPRESENTATION_CONTEXT(2) 
PARAMETRIC_REPRESENTATION_CONTEXT() REPRESENTATION_CONTEXT('2D SPACE',''
  ) );
#5536 = ORIENTED_EDGE('',*,*,#5537,.T.);
#5537 = EDGE_CURVE('',#5515,#5538,#5540,.T.);
#5538 = VERTEX_POINT('',#5539);
#5539 = CARTESIAN_POINT('',(-67.9,1.885956070687E-15,-17.5));
#5540 = SURFACE_CURVE('',#5541,(#5568,#5598),.PCURVE_S1.);
#5541 = B_SPLINE_CURVE_WITH_KNOTS('',7,(#5542,#5543,#5544,#5545,#5546,
    #5547,#5548,#5549,#5550,#5551,#5552,#5553,#5554,#5555,#5556,#5557,
    #5558,#5559,#5560,#5561,#5562,#5563,#5564,#5565,#5566,#5567),
  .UNSPECIFIED.,.F.,.F.,(8,6,6,6,8),(0.,0.245404771165,0.500053590985,
    0.754701668163,1.),.UNSPECIFIED.);
#5542 = CARTESIAN_POINT('',(-72.1,4.440892098501E-16,-17.5));
#5543 = CARTESIAN_POINT('',(-72.1,-0.278976573798,-17.5));
#5544 = CARTESIAN_POINT('',(-72.05676270496,-0.550443464713,
    -17.49481138579));
#5545 = CARTESIAN_POINT('',(-71.97447498088,-0.806612631977,
    -17.48493761682));
#5546 = CARTESIAN_POINT('',(-71.85880254083,-1.041021636161,
    -17.47171806887));
#5547 = CARTESIAN_POINT('',(-71.71682733405,-1.24876251612,
    -17.45698240074));
#5548 = CARTESIAN_POINT('',(-71.55694936726,-1.426949891897,
    -17.44236169701));
#5549 = CARTESIAN_POINT('',(-71.2142248214,-1.729102223584,
    -17.41505310239));
#5550 = CARTESIAN_POINT('',(-71.02603313173,-1.854921194897,
    -17.40208376392));
#5551 = CARTESIAN_POINT('',(-70.82867058376,-1.953875280008,
    -17.39098816491));
#5552 = CARTESIAN_POINT('',(-70.62526897209,-2.027157302888,
    -17.38234795102));
#5553 = CARTESIAN_POINT('',(-70.41814666684,-2.075696099005,
    -17.37648077751));
#5554 = CARTESIAN_POINT('',(-70.20915988505,-2.1,-17.37354310438));
#5555 = CARTESIAN_POINT('',(-69.79084072492,-2.1,-17.37354310438));
#5556 = CARTESIAN_POINT('',(-69.58184923265,-2.075696262531,
    -17.37648075703));
#5557 = CARTESIAN_POINT('',(-69.37472397895,-2.027155460546,
    -17.38234817428));
#5558 = CARTESIAN_POINT('',(-69.17132530129,-1.953872210943,
    -17.3909885408));
#5559 = CARTESIAN_POINT('',(-68.97396956097,-1.854920986979,
    -17.40208368134));
#5560 = CARTESIAN_POINT('',(-68.78578077506,-1.729107157537,
    -17.41505265646));
#5561 = CARTESIAN_POINT('',(-68.44311770236,-1.427009021731,
    -17.44235635285));
#5562 = CARTESIAN_POINT('',(-68.28320128353,-1.24881748382,
    -17.45697861463));
#5563 = CARTESIAN_POINT('',(-68.14116815697,-1.04101556391,
    -17.47172031595));
#5564 = CARTESIAN_POINT('',(-68.02546804309,-0.806522255817,
    -17.48494447015));
#5565 = CARTESIAN_POINT('',(-67.94319726215,-0.550294779306,
    -17.49481618687));
#5566 = CARTESIAN_POINT('',(-67.9,-0.27884741064,-17.5));
#5567 = CARTESIAN_POINT('',(-67.9,-4.440892098501E-16,-17.5));
#5568 = PCURVE('',#749,#5569);
#5569 = DEFINITIONAL_REPRESENTATION('',(#5570),#5597);
#5570 = B_SPLINE_CURVE_WITH_KNOTS('',7,(#5571,#5572,#5573,#5574,#5575,
    #5576,#5577,#5578,#5579,#5580,#5581,#5582,#5583,#5584,#5585,#5586,
    #5587,#5588,#5589,#5590,#5591,#5592,#5593,#5594,#5595,#5596),
  .UNSPECIFIED.,.F.,.F.,(8,6,6,6,8),(0.,0.245404771165,0.500053590985,
    0.754701668163,1.),.UNSPECIFIED.);
#5571 = CARTESIAN_POINT('',(0.,37.1));
#5572 = CARTESIAN_POINT('',(1.594151850277E-02,37.1));
#5573 = CARTESIAN_POINT('',(3.145391966265E-02,37.05676270496));
#5574 = CARTESIAN_POINT('',(4.609873338925E-02,36.974474980885));
#5575 = CARTESIAN_POINT('',(5.951190586469E-02,36.858802540838));
#5576 = CARTESIAN_POINT('',(7.141145690481E-02,36.716827334057));
#5577 = CARTESIAN_POINT('',(8.16274559677E-02,36.556949367264));
#5578 = CARTESIAN_POINT('',(9.896367883474E-02,36.214224821407));
#5579 = CARTESIAN_POINT('',(0.106190857917,36.026033131735));
#5580 = CARTESIAN_POINT('',(0.111880617292,35.828670583769));
#5581 = CARTESIAN_POINT('',(0.116097143265,35.625268972092));
#5582 = CARTESIAN_POINT('',(0.118890979876,35.418146666841));
#5583 = CARTESIAN_POINT('',(0.120289882395,35.209159885057));
#5584 = CARTESIAN_POINT('',(0.120289882395,34.790840724924));
#5585 = CARTESIAN_POINT('',(0.118890989319,34.58184923265));
#5586 = CARTESIAN_POINT('',(0.116097037139,34.374723978956));
#5587 = CARTESIAN_POINT('',(0.111880440741,34.1713253013));
#5588 = CARTESIAN_POINT('',(0.10619084652,33.973969560974));
#5589 = CARTESIAN_POINT('',(9.896396192411E-02,33.785780775064));
#5590 = CARTESIAN_POINT('',(8.16308485875E-02,33.443117702367));
#5591 = CARTESIAN_POINT('',(7.141460484089E-02,33.283201283534));
#5592 = CARTESIAN_POINT('',(5.951154908587E-02,33.141168156976));
#5593 = CARTESIAN_POINT('',(4.609355907929E-02,33.02546804309));
#5594 = CARTESIAN_POINT('',(3.144542348786E-02,32.943197262155));
#5595 = CARTESIAN_POINT('',(1.593413775087E-02,32.9));
#5596 = CARTESIAN_POINT('',(0.,32.9));
#5597 = ( GEOMETRIC_REPRESENTATION_CONTEXT(2) 
PARAMETRIC_REPRESENTATION_CONTEXT() REPRESENTATION_CONTEXT('2D SPACE',''
  ) );
#5598 = PCURVE('',#5599,#5604);
#5599 = CYLINDRICAL_SURFACE('',#5600,2.1);
#5600 = AXIS2_PLACEMENT_3D('',#5601,#5602,#5603);
#5601 = CARTESIAN_POINT('',(-70.,0.,-20.));
#5602 = DIRECTION('',(0.,0.,1.));
#5603 = DIRECTION('',(1.,0.,-0.));
#5604 = DEFINITIONAL_REPRESENTATION('',(#5605),#5632);
#5605 = B_SPLINE_CURVE_WITH_KNOTS('',7,(#5606,#5607,#5608,#5609,#5610,
    #5611,#5612,#5613,#5614,#5615,#5616,#5617,#5618,#5619,#5620,#5621,
    #5622,#5623,#5624,#5625,#5626,#5627,#5628,#5629,#5630,#5631),
  .UNSPECIFIED.,.F.,.F.,(8,6,6,6,8),(0.,0.245404771165,0.500053590985,
    0.754701668163,1.),.UNSPECIFIED.);
#5606 = CARTESIAN_POINT('',(3.14159265359,2.5));
#5607 = CARTESIAN_POINT('',(3.274438641113,2.5));
#5608 = CARTESIAN_POINT('',(3.403708495398,2.505188614205));
#5609 = CARTESIAN_POINT('',(3.529523434188,2.515062383173));
#5610 = CARTESIAN_POINT('',(3.651707114455,2.528281931128));
#5611 = CARTESIAN_POINT('',(3.769827496196,2.543017599259));
#5612 = CARTESIAN_POINT('',(3.883048355533,2.557638302981));
#5613 = CARTESIAN_POINT('',(4.100619021133,2.584946897605));
#5614 = CARTESIAN_POINT('',(4.207462114601,2.597916236078));
#5615 = CARTESIAN_POINT('',(4.311341570532,2.60901183509));
#5616 = CARTESIAN_POINT('',(4.413027462514,2.617652048974));
#5617 = CARTESIAN_POINT('',(4.513271678361,2.623519222483));
#5618 = CARTESIAN_POINT('',(4.612789035119,2.626456895613));
#5619 = CARTESIAN_POINT('',(4.811988635183,2.626456895613));
#5620 = CARTESIAN_POINT('',(4.911508224648,2.623519242962));
#5621 = CARTESIAN_POINT('',(5.011753867073,2.617651825717));
#5622 = CARTESIAN_POINT('',(5.113438625673,2.609011459194));
#5623 = CARTESIAN_POINT('',(5.217314947299,2.597916318657));
#5624 = CARTESIAN_POINT('',(5.324155386847,2.584947343537));
#5625 = CARTESIAN_POINT('',(5.541687027649,2.557643647148));
#5626 = CARTESIAN_POINT('',(5.654922946448,2.543021385368));
#5627 = CARTESIAN_POINT('',(5.773080781363,2.528279684043));
#5628 = CARTESIAN_POINT('',(5.89530281298,2.515055529849));
#5629 = CARTESIAN_POINT('',(6.021140281068,2.505183813123));
#5630 = CARTESIAN_POINT('',(6.150400825922,2.5));
#5631 = CARTESIAN_POINT('',(6.28318530718,2.5));
#5632 = ( GEOMETRIC_REPRESENTATION_CONTEXT(2) 
PARAMETRIC_REPRESENTATION_CONTEXT() REPRESENTATION_CONTEXT('2D SPACE',''
  ) );
#5633 = ORIENTED_EDGE('',*,*,#5634,.F.);
#5634 = EDGE_CURVE('',#5635,#5538,#5637,.T.);
#5635 = VERTEX_POINT('',#5636);
#5636 = CARTESIAN_POINT('',(-40.,4.286263797016E-15,-17.5));
#5637 = SEAM_CURVE('',#5638,(#5642,#5649),.PCURVE_S1.);
#5638 = LINE('',#5639,#5640);
#5639 = CARTESIAN_POINT('',(-35.,4.286263797016E-15,-17.5));
#5640 = VECTOR('',#5641,1.);
#5641 = DIRECTION('',(-1.,0.,0.));
#5642 = PCURVE('',#749,#5643);
#5643 = DEFINITIONAL_REPRESENTATION('',(#5644),#5648);
#5644 = LINE('',#5645,#5646);
#5645 = CARTESIAN_POINT('',(6.28318530718,-0.));
#5646 = VECTOR('',#5647,1.);
#5647 = DIRECTION('',(0.,1.));
#5648 = ( GEOMETRIC_REPRESENTATION_CONTEXT(2) 
PARAMETRIC_REPRESENTATION_CONTEXT() REPRESENTATION_CONTEXT('2D SPACE',''
  ) );
#5649 = PCURVE('',#749,#5650);
#5650 = DEFINITIONAL_REPRESENTATION('',(#5651),#5655);
#5651 = LINE('',#5652,#5653);
#5652 = CARTESIAN_POINT('',(0.,-0.));
#5653 = VECTOR('',#5654,1.);
#5654 = DIRECTION('',(0.,1.));
#5655 = ( GEOMETRIC_REPRESENTATION_CONTEXT(2) 
PARAMETRIC_REPRESENTATION_CONTEXT() REPRESENTATION_CONTEXT('2D SPACE',''
  ) );
#5656 = ORIENTED_EDGE('',*,*,#5657,.T.);
#5657 = EDGE_CURVE('',#5635,#2455,#5658,.T.);
#5658 = SURFACE_CURVE('',#5659,(#5664,#5671),.PCURVE_S1.);
#5659 = CIRCLE('',#5660,17.5);
#5660 = AXIS2_PLACEMENT_3D('',#5661,#5662,#5663);
#5661 = CARTESIAN_POINT('',(-40.,0.,0.));
#5662 = DIRECTION('',(-1.,0.,0.));
#5663 = DIRECTION('',(0.,0.,-1.));
#5664 = PCURVE('',#749,#5665);
#5665 = DEFINITIONAL_REPRESENTATION('',(#5666),#5670);
#5666 = LINE('',#5667,#5668);
#5667 = CARTESIAN_POINT('',(0.,5.));
#5668 = VECTOR('',#5669,1.);
#5669 = DIRECTION('',(1.,0.));
#5670 = ( GEOMETRIC_REPRESENTATION_CONTEXT(2) 
PARAMETRIC_REPRESENTATION_CONTEXT() REPRESENTATION_CONTEXT('2D SPACE',''
  ) );
#5671 = PCURVE('',#2401,#5672);
#5672 = DEFINITIONAL_REPRESENTATION('',(#5673),#5677);
#5673 = CIRCLE('',#5674,17.5);
#5674 = AXIS2_PLACEMENT_2D('',#5675,#5676);
#5675 = CARTESIAN_POINT('',(0.,0.));
#5676 = DIRECTION('',(1.,0.));
#5677 = ( GEOMETRIC_REPRESENTATION_CONTEXT(2) 
PARAMETRIC_REPRESENTATION_CONTEXT() REPRESENTATION_CONTEXT('2D SPACE',''
  ) );
#5678 = ORIENTED_EDGE('',*,*,#2454,.F.);
#5679 = ORIENTED_EDGE('',*,*,#5680,.T.);
#5680 = EDGE_CURVE('',#2434,#761,#5681,.T.);
#5681 = SURFACE_CURVE('',#5682,(#5687,#5694),.PCURVE_S1.);
#5682 = CIRCLE('',#5683,17.5);
#5683 = AXIS2_PLACEMENT_3D('',#5684,#5685,#5686);
#5684 = CARTESIAN_POINT('',(-35.,0.,0.));
#5685 = DIRECTION('',(-1.,0.,0.));
#5686 = DIRECTION('',(0.,0.,-1.));
#5687 = PCURVE('',#749,#5688);
#5688 = DEFINITIONAL_REPRESENTATION('',(#5689),#5693);
#5689 = LINE('',#5690,#5691);
#5690 = CARTESIAN_POINT('',(0.,0.));
#5691 = VECTOR('',#5692,1.);
#5692 = DIRECTION('',(1.,0.));
#5693 = ( GEOMETRIC_REPRESENTATION_CONTEXT(2) 
PARAMETRIC_REPRESENTATION_CONTEXT() REPRESENTATION_CONTEXT('2D SPACE',''
  ) );
#5694 = PCURVE('',#775,#5695);
#5695 = DEFINITIONAL_REPRESENTATION('',(#5696),#5700);
#5696 = CIRCLE('',#5697,17.5);
#5697 = AXIS2_PLACEMENT_2D('',#5698,#5699);
#5698 = CARTESIAN_POINT('',(0.,0.));
#5699 = DIRECTION('',(1.,0.));
#5700 = ( GEOMETRIC_REPRESENTATION_CONTEXT(2) 
PARAMETRIC_REPRESENTATION_CONTEXT() REPRESENTATION_CONTEXT('2D SPACE',''
  ) );
#5701 = ORIENTED_EDGE('',*,*,#786,.T.);
#5702 = ORIENTED_EDGE('',*,*,#5703,.T.);
#5703 = EDGE_CURVE('',#787,#709,#5704,.T.);
#5704 = SURFACE_CURVE('',#5705,(#5710,#5717),.PCURVE_S1.);
#5705 = CIRCLE('',#5706,17.5);
#5706 = AXIS2_PLACEMENT_3D('',#5707,#5708,#5709);
#5707 = CARTESIAN_POINT('',(-40.,0.,0.));
#5708 = DIRECTION('',(-1.,0.,0.));
#5709 = DIRECTION('',(0.,0.,-1.));
#5710 = PCURVE('',#749,#5711);
#5711 = DEFINITIONAL_REPRESENTATION('',(#5712),#5716);
#5712 = LINE('',#5713,#5714);
#5713 = CARTESIAN_POINT('',(0.,5.));
#5714 = VECTOR('',#5715,1.);
#5715 = DIRECTION('',(1.,0.));
#5716 = ( GEOMETRIC_REPRESENTATION_CONTEXT(2) 
PARAMETRIC_REPRESENTATION_CONTEXT() REPRESENTATION_CONTEXT('2D SPACE',''
  ) );
#5717 = PCURVE('',#723,#5718);
#5718 = DEFINITIONAL_REPRESENTATION('',(#5719),#5723);
#5719 = CIRCLE('',#5720,17.5);
#5720 = AXIS2_PLACEMENT_2D('',#5721,#5722);
#5721 = CARTESIAN_POINT('',(0.,0.));
#5722 = DIRECTION('',(1.,0.));
#5723 = ( GEOMETRIC_REPRESENTATION_CONTEXT(2) 
PARAMETRIC_REPRESENTATION_CONTEXT() REPRESENTATION_CONTEXT('2D SPACE',''
  ) );
#5724 = ORIENTED_EDGE('',*,*,#734,.F.);
#5725 = ORIENTED_EDGE('',*,*,#5726,.T.);
#5726 = EDGE_CURVE('',#735,#2413,#5727,.T.);
#5727 = SURFACE_CURVE('',#5728,(#5733,#5740),.PCURVE_S1.);
#5728 = CIRCLE('',#5729,17.5);
#5729 = AXIS2_PLACEMENT_3D('',#5730,#5731,#5732);
#5730 = CARTESIAN_POINT('',(-35.,0.,0.));
#5731 = DIRECTION('',(-1.,0.,0.));
#5732 = DIRECTION('',(0.,0.,-1.));
#5733 = PCURVE('',#749,#5734);
#5734 = DEFINITIONAL_REPRESENTATION('',(#5735),#5739);
#5735 = LINE('',#5736,#5737);
#5736 = CARTESIAN_POINT('',(0.,0.));
#5737 = VECTOR('',#5738,1.);
#5738 = DIRECTION('',(1.,0.));
#5739 = ( GEOMETRIC_REPRESENTATION_CONTEXT(2) 
PARAMETRIC_REPRESENTATION_CONTEXT() REPRESENTATION_CONTEXT('2D SPACE',''
  ) );
#5740 = PCURVE('',#775,#5741);
#5741 = DEFINITIONAL_REPRESENTATION('',(#5742),#5746);
#5742 = CIRCLE('',#5743,17.5);
#5743 = AXIS2_PLACEMENT_2D('',#5744,#5745);
#5744 = CARTESIAN_POINT('',(0.,0.));
#5745 = DIRECTION('',(1.,0.));
#5746 = ( GEOMETRIC_REPRESENTATION_CONTEXT(2) 
PARAMETRIC_REPRESENTATION_CONTEXT() REPRESENTATION_CONTEXT('2D SPACE',''
  ) );
#5747 = ORIENTED_EDGE('',*,*,#2412,.T.);
#5748 = ORIENTED_EDGE('',*,*,#5749,.T.);
#5749 = EDGE_CURVE('',#2387,#5635,#5750,.T.);
#5750 = SURFACE_CURVE('',#5751,(#5756,#5763),.PCURVE_S1.);
#5751 = CIRCLE('',#5752,17.5);
#5752 = AXIS2_PLACEMENT_3D('',#5753,#5754,#5755);
#5753 = CARTESIAN_POINT('',(-40.,0.,0.));
#5754 = DIRECTION('',(-1.,0.,0.));
#5755 = DIRECTION('',(0.,0.,-1.));
#5756 = PCURVE('',#749,#5757);
#5757 = DEFINITIONAL_REPRESENTATION('',(#5758),#5762);
#5758 = LINE('',#5759,#5760);
#5759 = CARTESIAN_POINT('',(0.,5.));
#5760 = VECTOR('',#5761,1.);
#5761 = DIRECTION('',(1.,0.));
#5762 = ( GEOMETRIC_REPRESENTATION_CONTEXT(2) 
PARAMETRIC_REPRESENTATION_CONTEXT() REPRESENTATION_CONTEXT('2D SPACE',''
  ) );
#5763 = PCURVE('',#2401,#5764);
#5764 = DEFINITIONAL_REPRESENTATION('',(#5765),#5769);
#5765 = CIRCLE('',#5766,17.5);
#5766 = AXIS2_PLACEMENT_2D('',#5767,#5768);
#5767 = CARTESIAN_POINT('',(0.,0.));
#5768 = DIRECTION('',(1.,0.));
#5769 = ( GEOMETRIC_REPRESENTATION_CONTEXT(2) 
PARAMETRIC_REPRESENTATION_CONTEXT() REPRESENTATION_CONTEXT('2D SPACE',''
  ) );
#5770 = ORIENTED_EDGE('',*,*,#5634,.T.);
#5771 = ORIENTED_EDGE('',*,*,#5772,.T.);
#5772 = EDGE_CURVE('',#5538,#5515,#5773,.T.);
#5773 = SURFACE_CURVE('',#5774,(#5801,#5831),.PCURVE_S1.);
#5774 = B_SPLINE_CURVE_WITH_KNOTS('',7,(#5775,#5776,#5777,#5778,#5779,
    #5780,#5781,#5782,#5783,#5784,#5785,#5786,#5787,#5788,#5789,#5790,
    #5791,#5792,#5793,#5794,#5795,#5796,#5797,#5798,#5799,#5800),
  .UNSPECIFIED.,.F.,.F.,(8,6,6,6,8),(0.,0.245379565032,0.500010348334,
    0.754654306967,1.),.UNSPECIFIED.);
#5775 = CARTESIAN_POINT('',(-67.9,1.885956070687E-15,-17.5));
#5776 = CARTESIAN_POINT('',(-67.9,0.278976573799,-17.5));
#5777 = CARTESIAN_POINT('',(-67.94323729504,0.550443464712,
    -17.49481138579));
#5778 = CARTESIAN_POINT('',(-68.02552501911,0.806612631978,
    -17.48493761682));
#5779 = CARTESIAN_POINT('',(-68.14119745916,1.041021636161,
    -17.47171806887));
#5780 = CARTESIAN_POINT('',(-68.28317266594,1.24876251612,
    -17.45698240074));
#5781 = CARTESIAN_POINT('',(-68.44305063273,1.426949891897,
    -17.44236169701));
#5782 = CARTESIAN_POINT('',(-68.78578074379,1.729107129969,
    -17.41505265895));
#5783 = CARTESIAN_POINT('',(-68.97396771919,1.854919418256,
    -17.40208382275));
#5784 = CARTESIAN_POINT('',(-69.17132355357,1.953872035051,
    -17.39098861615));
#5785 = CARTESIAN_POINT('',(-69.37472645862,2.027157660671,
    -17.38234790071));
#5786 = CARTESIAN_POINT('',(-69.58185786275,2.075698732424,
    -17.3764804613));
#5787 = CARTESIAN_POINT('',(-69.79085154686,2.1,-17.37354310438));
#5788 = CARTESIAN_POINT('',(-70.20915927507,2.1,-17.37354310438));
#5789 = CARTESIAN_POINT('',(-70.41815076735,2.075696262531,
    -17.37648075703));
#5790 = CARTESIAN_POINT('',(-70.62527602104,2.027155460545,
    -17.38234817428));
#5791 = CARTESIAN_POINT('',(-70.8286746987,1.953872210944,-17.3909885408
    ));
#5792 = CARTESIAN_POINT('',(-71.02603043902,1.854920986979,
    -17.40208368134));
#5793 = CARTESIAN_POINT('',(-71.21421922493,1.729107157537,
    -17.41505265646));
#5794 = CARTESIAN_POINT('',(-71.55691747875,1.426978005403,
    -17.44235915611));
#5795 = CARTESIAN_POINT('',(-71.71680920186,1.248792659489,
    -17.45698024249));
#5796 = CARTESIAN_POINT('',(-71.8588119799,1.041026265724,
    -17.47171858351));
#5797 = CARTESIAN_POINT('',(-71.97450123431,0.806575825504,
    -17.48494075909));
#5798 = CARTESIAN_POINT('',(-72.05678322175,0.550372495492,
    -17.49481385092));
#5799 = CARTESIAN_POINT('',(-72.1,0.278910395659,-17.5));
#5800 = CARTESIAN_POINT('',(-72.1,2.528895640239E-15,-17.5));
#5801 = PCURVE('',#749,#5802);
#5802 = DEFINITIONAL_REPRESENTATION('',(#5803),#5830);
#5803 = B_SPLINE_CURVE_WITH_KNOTS('',7,(#5804,#5805,#5806,#5807,#5808,
    #5809,#5810,#5811,#5812,#5813,#5814,#5815,#5816,#5817,#5818,#5819,
    #5820,#5821,#5822,#5823,#5824,#5825,#5826,#5827,#5828,#5829),
  .UNSPECIFIED.,.F.,.F.,(8,6,6,6,8),(0.,0.245379565032,0.500010348334,
    0.754654306967,1.),.UNSPECIFIED.);
#5804 = CARTESIAN_POINT('',(6.28318530718,32.9));
#5805 = CARTESIAN_POINT('',(6.267243788677,32.9));
#5806 = CARTESIAN_POINT('',(6.251731387517,32.94323729504));
#5807 = CARTESIAN_POINT('',(6.23708657379,33.025525019115));
#5808 = CARTESIAN_POINT('',(6.223673401315,33.141197459162));
#5809 = CARTESIAN_POINT('',(6.211773850275,33.283172665944));
#5810 = CARTESIAN_POINT('',(6.201557851212,33.443050632735));
#5811 = CARTESIAN_POINT('',(6.184221346837,33.785780743794));
#5812 = CARTESIAN_POINT('',(6.176994550637,33.973967719192));
#5813 = CARTESIAN_POINT('',(6.171304876937,34.17132355357));
#5814 = CARTESIAN_POINT('',(6.167088143324,34.374726458624));
#5815 = CARTESIAN_POINT('',(6.164294175732,34.581857862751));
#5816 = CARTESIAN_POINT('',(6.162895424785,34.790851546868));
#5817 = CARTESIAN_POINT('',(6.162895424785,35.209159275076));
#5818 = CARTESIAN_POINT('',(6.164294317861,35.418150767349));
#5819 = CARTESIAN_POINT('',(6.167088270041,35.625276021045));
#5820 = CARTESIAN_POINT('',(6.171304866439,35.828674698699));
#5821 = CARTESIAN_POINT('',(6.17699446066,36.026030439026));
#5822 = CARTESIAN_POINT('',(6.184221345255,36.214219224936));
#5823 = CARTESIAN_POINT('',(6.201556238178,36.556917478751));
#5824 = CARTESIAN_POINT('',(6.211772123504,36.716809201867));
#5825 = CARTESIAN_POINT('',(6.223673140592,36.858811979903));
#5826 = CARTESIAN_POINT('',(6.237088681982,36.974501234311));
#5827 = CARTESIAN_POINT('',(6.251735442915,37.056783221757));
#5828 = CARTESIAN_POINT('',(6.267247570285,37.1));
#5829 = CARTESIAN_POINT('',(6.28318530718,37.1));
#5830 = ( GEOMETRIC_REPRESENTATION_CONTEXT(2) 
PARAMETRIC_REPRESENTATION_CONTEXT() REPRESENTATION_CONTEXT('2D SPACE',''
  ) );
#5831 = PCURVE('',#5599,#5832);
#5832 = DEFINITIONAL_REPRESENTATION('',(#5833),#5860);
#5833 = B_SPLINE_CURVE_WITH_KNOTS('',7,(#5834,#5835,#5836,#5837,#5838,
    #5839,#5840,#5841,#5842,#5843,#5844,#5845,#5846,#5847,#5848,#5849,
    #5850,#5851,#5852,#5853,#5854,#5855,#5856,#5857,#5858,#5859),
  .UNSPECIFIED.,.F.,.F.,(8,6,6,6,8),(0.,0.245379565032,0.500010348334,
    0.754654306967,1.),.UNSPECIFIED.);
#5834 = CARTESIAN_POINT('',(0.,2.5));
#5835 = CARTESIAN_POINT('',(0.132845987523,2.5));
#5836 = CARTESIAN_POINT('',(0.262115841808,2.505188614205));
#5837 = CARTESIAN_POINT('',(0.387930780598,2.515062383173));
#5838 = CARTESIAN_POINT('',(0.510114460865,2.528281931128));
#5839 = CARTESIAN_POINT('',(0.628234842607,2.543017599259));
#5840 = CARTESIAN_POINT('',(0.741455701943,2.557638302981));
#5841 = CARTESIAN_POINT('',(0.959029900481,2.584947341045));
#5842 = CARTESIAN_POINT('',(1.065869215988,2.597916177248));
#5843 = CARTESIAN_POINT('',(1.169745967719,2.609011383842));
#5844 = CARTESIAN_POINT('',(1.271432891285,2.61765209929));
#5845 = CARTESIAN_POINT('',(1.37168117729,2.623519538691));
#5846 = CARTESIAN_POINT('',(1.471201825304,2.626456895613));
#5847 = CARTESIAN_POINT('',(1.670395981593,2.626456895613));
#5848 = CARTESIAN_POINT('',(1.769915571058,2.623519242962));
#5849 = CARTESIAN_POINT('',(1.870161213484,2.617651825717));
#5850 = CARTESIAN_POINT('',(1.971845972083,2.609011459194));
#5851 = CARTESIAN_POINT('',(2.07572229371,2.597916318657));
#5852 = CARTESIAN_POINT('',(2.182562733257,2.584947343537));
#5853 = CARTESIAN_POINT('',(2.40011670797,2.557640843886));
#5854 = CARTESIAN_POINT('',(2.513341845461,2.543019757505));
#5855 = CARTESIAN_POINT('',(2.631478954758,2.528281416484));
#5856 = CARTESIAN_POINT('',(2.753682088987,2.515059240901));
#5857 = CARTESIAN_POINT('',(2.879510613842,2.505186149072));
#5858 = CARTESIAN_POINT('',(3.008778179467,2.5));
#5859 = CARTESIAN_POINT('',(3.14159265359,2.5));
#5860 = ( GEOMETRIC_REPRESENTATION_CONTEXT(2) 
PARAMETRIC_REPRESENTATION_CONTEXT() REPRESENTATION_CONTEXT('2D SPACE',''
  ) );
#5861 = ORIENTED_EDGE('',*,*,#5514,.T.);
#5862 = ORIENTED_EDGE('',*,*,#5863,.F.);
#5863 = EDGE_CURVE('',#2586,#5491,#5864,.T.);
#5864 = SURFACE_CURVE('',#5865,(#5870,#5877),.PCURVE_S1.);
#5865 = CIRCLE('',#5866,17.5);
#5866 = AXIS2_PLACEMENT_3D('',#5867,#5868,#5869);
#5867 = CARTESIAN_POINT('',(-100.,0.,0.));
#5868 = DIRECTION('',(-1.,0.,0.));
#5869 = DIRECTION('',(0.,0.,-1.));
#5870 = PCURVE('',#749,#5871);
#5871 = DEFINITIONAL_REPRESENTATION('',(#5872),#5876);
#5872 = LINE('',#5873,#5874);
#5873 = CARTESIAN_POINT('',(0.,65.));
#5874 = VECTOR('',#5875,1.);
#5875 = DIRECTION('',(1.,0.));
#5876 = ( GEOMETRIC_REPRESENTATION_CONTEXT(2) 
PARAMETRIC_REPRESENTATION_CONTEXT() REPRESENTATION_CONTEXT('2D SPACE',''
  ) );
#5877 = PCURVE('',#2532,#5878);
#5878 = DEFINITIONAL_REPRESENTATION('',(#5879),#5883);
#5879 = CIRCLE('',#5880,17.5);
#5880 = AXIS2_PLACEMENT_2D('',#5881,#5882);
#5881 = CARTESIAN_POINT('',(0.,0.));
#5882 = DIRECTION('',(1.,0.));
#5883 = ( GEOMETRIC_REPRESENTATION_CONTEXT(2) 
PARAMETRIC_REPRESENTATION_CONTEXT() REPRESENTATION_CONTEXT('2D SPACE',''
  ) );
#5884 = ORIENTED_EDGE('',*,*,#2585,.T.);
#5885 = ORIENTED_EDGE('',*,*,#5886,.F.);
#5886 = EDGE_CURVE('',#897,#2565,#5887,.T.);
#5887 = SURFACE_CURVE('',#5888,(#5893,#5900),.PCURVE_S1.);
#5888 = CIRCLE('',#5889,17.5);
#5889 = AXIS2_PLACEMENT_3D('',#5890,#5891,#5892);
#5890 = CARTESIAN_POINT('',(-105.,0.,0.));
#5891 = DIRECTION('',(-1.,0.,0.));
#5892 = DIRECTION('',(0.,0.,-1.));
#5893 = PCURVE('',#749,#5894);
#5894 = DEFINITIONAL_REPRESENTATION('',(#5895),#5899);
#5895 = LINE('',#5896,#5897);
#5896 = CARTESIAN_POINT('',(0.,70.));
#5897 = VECTOR('',#5898,1.);
#5898 = DIRECTION('',(1.,0.));
#5899 = ( GEOMETRIC_REPRESENTATION_CONTEXT(2) 
PARAMETRIC_REPRESENTATION_CONTEXT() REPRESENTATION_CONTEXT('2D SPACE',''
  ) );
#5900 = PCURVE('',#911,#5901);
#5901 = DEFINITIONAL_REPRESENTATION('',(#5902),#5906);
#5902 = CIRCLE('',#5903,17.5);
#5903 = AXIS2_PLACEMENT_2D('',#5904,#5905);
#5904 = CARTESIAN_POINT('',(0.,0.));
#5905 = DIRECTION('',(1.,0.));
#5906 = ( GEOMETRIC_REPRESENTATION_CONTEXT(2) 
PARAMETRIC_REPRESENTATION_CONTEXT() REPRESENTATION_CONTEXT('2D SPACE',''
  ) );
#5907 = ORIENTED_EDGE('',*,*,#922,.F.);
#5908 = ORIENTED_EDGE('',*,*,#5441,.F.);
#5909 = ORIENTED_EDGE('',*,*,#875,.T.);
#5910 = FACE_BOUND('',#5911,.F.);
#5911 = EDGE_LOOP('',(#5912));
#5912 = ORIENTED_EDGE('',*,*,#5913,.F.);
#5913 = EDGE_CURVE('',#5914,#5914,#5916,.T.);
#5914 = VERTEX_POINT('',#5915);
#5915 = CARTESIAN_POINT('',(-67.9,-5.143516556419E-16,17.5));
#5916 = SURFACE_CURVE('',#5917,(#5968,#6022),.PCURVE_S1.);
#5917 = B_SPLINE_CURVE_WITH_KNOTS('',7,(#5918,#5919,#5920,#5921,#5922,
    #5923,#5924,#5925,#5926,#5927,#5928,#5929,#5930,#5931,#5932,#5933,
    #5934,#5935,#5936,#5937,#5938,#5939,#5940,#5941,#5942,#5943,#5944,
    #5945,#5946,#5947,#5948,#5949,#5950,#5951,#5952,#5953,#5954,#5955,
    #5956,#5957,#5958,#5959,#5960,#5961,#5962,#5963,#5964,#5965,#5966,
    #5967),.UNSPECIFIED.,.T.,.F.,(8,6,6,6,6,6,6,6,8),(0.,0.122690003934,
    0.250005625351,0.377327830421,0.500000890388,0.622703057463,
    0.750027240635,0.877351052487,1.),.UNSPECIFIED.);
#5918 = CARTESIAN_POINT('',(-67.9,-1.33226762955E-15,17.5));
#5919 = CARTESIAN_POINT('',(-67.9,0.278976573798,17.5));
#5920 = CARTESIAN_POINT('',(-67.94323729504,0.550443464713,
    17.494811385795));
#5921 = CARTESIAN_POINT('',(-68.02552501911,0.806612631976,
    17.484937616827));
#5922 = CARTESIAN_POINT('',(-68.14119745916,1.041021636162,
    17.471718068872));
#5923 = CARTESIAN_POINT('',(-68.28317266594,1.248762516119,
    17.456982400741));
#5924 = CARTESIAN_POINT('',(-68.44305063273,1.426949891897,
    17.442361697019));
#5925 = CARTESIAN_POINT('',(-68.78578074379,1.729107129969,
    17.415052658955));
#5926 = CARTESIAN_POINT('',(-68.97396771919,1.854919418256,
    17.402083822752));
#5927 = CARTESIAN_POINT('',(-69.17132355357,1.953872035052,
    17.390988616158));
#5928 = CARTESIAN_POINT('',(-69.37472645862,2.027157660671,
    17.38234790071));
#5929 = CARTESIAN_POINT('',(-69.58185786275,2.075698732424,
    17.376480461309));
#5930 = CARTESIAN_POINT('',(-69.79085154686,2.1,17.373543104387));
#5931 = CARTESIAN_POINT('',(-70.20915926846,2.1,17.373543104387));
#5932 = CARTESIAN_POINT('',(-70.41815078351,2.075696264206,
    17.37648075691));
#5933 = CARTESIAN_POINT('',(-70.62527600935,2.027155452614,
    17.382348174968));
#5934 = CARTESIAN_POINT('',(-70.82867469288,1.953872225847,
    17.390988539456));
#5935 = CARTESIAN_POINT('',(-71.02603045194,1.854920973601,
    17.402083682568));
#5936 = CARTESIAN_POINT('',(-71.21421921916,1.729107162628,
    17.415052656003));
#5937 = CARTESIAN_POINT('',(-71.55691747875,1.426978005403,
    17.442359156114));
#5938 = CARTESIAN_POINT('',(-71.71680920186,1.248792659489,
    17.456980242495));
#5939 = CARTESIAN_POINT('',(-71.8588119799,1.041026265724,
    17.471718583517));
#5940 = CARTESIAN_POINT('',(-71.97450123431,0.806575825504,
    17.484940759099));
#5941 = CARTESIAN_POINT('',(-72.05678322175,0.550372495492,
    17.494813850928));
#5942 = CARTESIAN_POINT('',(-72.1,0.278910395659,17.5));
#5943 = CARTESIAN_POINT('',(-72.1,-0.278976573799,17.5));
#5944 = CARTESIAN_POINT('',(-72.05676270496,-0.550443464712,
    17.494811385795));
#5945 = CARTESIAN_POINT('',(-71.97447498088,-0.806612631977,
    17.484937616827));
#5946 = CARTESIAN_POINT('',(-71.85880254083,-1.041021636161,
    17.471718068872));
#5947 = CARTESIAN_POINT('',(-71.71682733405,-1.24876251612,
    17.456982400741));
#5948 = CARTESIAN_POINT('',(-71.55694936726,-1.426949891897,
    17.442361697019));
#5949 = CARTESIAN_POINT('',(-71.2142248214,-1.729102223584,
    17.415053102395));
#5950 = CARTESIAN_POINT('',(-71.02603313173,-1.854921194897,
    17.402083763922));
#5951 = CARTESIAN_POINT('',(-70.82867058376,-1.953875280008,
    17.39098816491));
#5952 = CARTESIAN_POINT('',(-70.62526897209,-2.027157302888,
    17.382347951026));
#5953 = CARTESIAN_POINT('',(-70.41814666684,-2.075696099005,
    17.376480777517));
#5954 = CARTESIAN_POINT('',(-70.20915988505,-2.1,17.373543104387));
#5955 = CARTESIAN_POINT('',(-69.79084072492,-2.1,17.373543104387));
#5956 = CARTESIAN_POINT('',(-69.58184923265,-2.075696262531,
    17.376480757038));
#5957 = CARTESIAN_POINT('',(-69.37472397895,-2.027155460545,
    17.382348174283));
#5958 = CARTESIAN_POINT('',(-69.1713253013,-1.953872210944,
    17.390988540806));
#5959 = CARTESIAN_POINT('',(-68.97396956097,-1.854920986979,
    17.402083681343));
#5960 = CARTESIAN_POINT('',(-68.78578077506,-1.729107157537,
    17.415052656463));
#5961 = CARTESIAN_POINT('',(-68.44311770235,-1.427009021722,
    17.442356352852));
#5962 = CARTESIAN_POINT('',(-68.28320128353,-1.248817483818,
    17.456978614632));
#5963 = CARTESIAN_POINT('',(-68.14116815698,-1.041015563918,
    17.471720315956));
#5964 = CARTESIAN_POINT('',(-68.02546804309,-0.806522255829,
    17.484944470151));
#5965 = CARTESIAN_POINT('',(-67.94319726215,-0.550294779305,
    17.494816186878));
#5966 = CARTESIAN_POINT('',(-67.9,-0.278847410627,17.5));
#5967 = CARTESIAN_POINT('',(-67.9,-1.33226762955E-15,17.5));
#5968 = PCURVE('',#749,#5969);
#5969 = DEFINITIONAL_REPRESENTATION('',(#5970),#6021);
#5970 = B_SPLINE_CURVE_WITH_KNOTS('',7,(#5971,#5972,#5973,#5974,#5975,
    #5976,#5977,#5978,#5979,#5980,#5981,#5982,#5983,#5984,#5985,#5986,
    #5987,#5988,#5989,#5990,#5991,#5992,#5993,#5994,#5995,#5996,#5997,
    #5998,#5999,#6000,#6001,#6002,#6003,#6004,#6005,#6006,#6007,#6008,
    #6009,#6010,#6011,#6012,#6013,#6014,#6015,#6016,#6017,#6018,#6019,
    #6020),.UNSPECIFIED.,.T.,.F.,(8,6,6,6,6,6,6,6,8),(0.,0.122690003934,
    0.250005625351,0.377327830421,0.500000890388,0.622703057463,
    0.750027240635,0.877351052487,1.),.UNSPECIFIED.);
#5971 = CARTESIAN_POINT('',(3.14159265359,32.9));
#5972 = CARTESIAN_POINT('',(3.157534172093,32.9));
#5973 = CARTESIAN_POINT('',(3.173046573252,32.94323729504));
#5974 = CARTESIAN_POINT('',(3.187691386979,33.025525019115));
#5975 = CARTESIAN_POINT('',(3.201104559454,33.141197459162));
#5976 = CARTESIAN_POINT('',(3.213004110495,33.283172665944));
#5977 = CARTESIAN_POINT('',(3.223220109557,33.443050632736));
#5978 = CARTESIAN_POINT('',(3.240556613932,33.785780743794));
#5979 = CARTESIAN_POINT('',(3.247783410132,33.973967719192));
#5980 = CARTESIAN_POINT('',(3.253473083833,34.17132355357));
#5981 = CARTESIAN_POINT('',(3.257689817446,34.374726458624));
#5982 = CARTESIAN_POINT('',(3.260483785037,34.581857862751));
#5983 = CARTESIAN_POINT('',(3.261882535985,34.790851546868));
#5984 = CARTESIAN_POINT('',(3.261882535985,35.209159268464));
#5985 = CARTESIAN_POINT('',(3.260483643005,35.418150783515));
#5986 = CARTESIAN_POINT('',(3.257689690274,35.625276009355));
#5987 = CARTESIAN_POINT('',(3.253473095186,35.828674692889));
#5988 = CARTESIAN_POINT('',(3.247783499342,36.02603045194));
#5989 = CARTESIAN_POINT('',(3.240556615806,36.214219219161));
#5990 = CARTESIAN_POINT('',(3.223221722592,36.556917478751));
#5991 = CARTESIAN_POINT('',(3.213005837266,36.716809201866));
#5992 = CARTESIAN_POINT('',(3.201104820177,36.858811979904));
#5993 = CARTESIAN_POINT('',(3.187689278787,36.97450123431));
#5994 = CARTESIAN_POINT('',(3.173042517854,37.056783221758));
#5995 = CARTESIAN_POINT('',(3.157530390485,37.1));
#5996 = CARTESIAN_POINT('',(3.125651135087,37.1));
#5997 = CARTESIAN_POINT('',(3.110138733927,37.05676270496));
#5998 = CARTESIAN_POINT('',(3.095493920201,36.974474980885));
#5999 = CARTESIAN_POINT('',(3.082080747725,36.858802540838));
#6000 = CARTESIAN_POINT('',(3.070181196685,36.716827334057));
#6001 = CARTESIAN_POINT('',(3.059965197622,36.556949367264));
#6002 = CARTESIAN_POINT('',(3.042628974755,36.214224821407));
#6003 = CARTESIAN_POINT('',(3.035401795672,36.026033131735));
#6004 = CARTESIAN_POINT('',(3.029712036298,35.828670583769));
#6005 = CARTESIAN_POINT('',(3.025495510325,35.625268972092));
#6006 = CARTESIAN_POINT('',(3.022701673714,35.418146666841));
#6007 = CARTESIAN_POINT('',(3.021302771195,35.209159885057));
#6008 = CARTESIAN_POINT('',(3.021302771195,34.790840724924));
#6009 = CARTESIAN_POINT('',(3.022701664271,34.581849232651));
#6010 = CARTESIAN_POINT('',(3.025495616451,34.374723978955));
#6011 = CARTESIAN_POINT('',(3.029712212849,34.171325301301));
#6012 = CARTESIAN_POINT('',(3.03540180707,33.973969560973));
#6013 = CARTESIAN_POINT('',(3.042628691666,33.785780775065));
#6014 = CARTESIAN_POINT('',(3.059961805003,33.443117702356));
#6015 = CARTESIAN_POINT('',(3.070178048749,33.283201283537));
#6016 = CARTESIAN_POINT('',(3.082081104503,33.141168156983));
#6017 = CARTESIAN_POINT('',(3.09549909451,33.025468043092));
#6018 = CARTESIAN_POINT('',(3.110147230102,32.943197262151));
#6019 = CARTESIAN_POINT('',(3.12565851584,32.9));
#6020 = CARTESIAN_POINT('',(3.14159265359,32.9));
#6021 = ( GEOMETRIC_REPRESENTATION_CONTEXT(2) 
PARAMETRIC_REPRESENTATION_CONTEXT() REPRESENTATION_CONTEXT('2D SPACE',''
  ) );
#6022 = PCURVE('',#5377,#6023);
#6023 = DEFINITIONAL_REPRESENTATION('',(#6024),#6075);
#6024 = B_SPLINE_CURVE_WITH_KNOTS('',7,(#6025,#6026,#6027,#6028,#6029,
    #6030,#6031,#6032,#6033,#6034,#6035,#6036,#6037,#6038,#6039,#6040,
    #6041,#6042,#6043,#6044,#6045,#6046,#6047,#6048,#6049,#6050,#6051,
    #6052,#6053,#6054,#6055,#6056,#6057,#6058,#6059,#6060,#6061,#6062,
    #6063,#6064,#6065,#6066,#6067,#6068,#6069,#6070,#6071,#6072,#6073,
    #6074),.UNSPECIFIED.,.F.,.F.,(8,6,6,6,6,6,6,6,8),(0.,0.122690003934,
    0.250005625351,0.377327830421,0.500000890388,0.622703057463,
    0.750027240635,0.877351052487,1.),.UNSPECIFIED.);
#6025 = CARTESIAN_POINT('',(0.,37.5));
#6026 = CARTESIAN_POINT('',(0.132845987523,37.5));
#6027 = CARTESIAN_POINT('',(0.262115841808,37.494811385795));
#6028 = CARTESIAN_POINT('',(0.387930780598,37.484937616827));
#6029 = CARTESIAN_POINT('',(0.510114460865,37.471718068872));
#6030 = CARTESIAN_POINT('',(0.628234842607,37.456982400741));
#6031 = CARTESIAN_POINT('',(0.741455701943,37.442361697019));
#6032 = CARTESIAN_POINT('',(0.959029900481,37.415052658955));
#6033 = CARTESIAN_POINT('',(1.065869215988,37.402083822752));
#6034 = CARTESIAN_POINT('',(1.169745967719,37.390988616158));
#6035 = CARTESIAN_POINT('',(1.271432891285,37.38234790071));
#6036 = CARTESIAN_POINT('',(1.37168117729,37.376480461309));
#6037 = CARTESIAN_POINT('',(1.471201825304,37.373543104387));
#6038 = CARTESIAN_POINT('',(1.670395978444,37.373543104387));
#6039 = CARTESIAN_POINT('',(1.76991557836,37.37648075691));
#6040 = CARTESIAN_POINT('',(1.870161209458,37.382348174968));
#6041 = CARTESIAN_POINT('',(1.971845966661,37.390988539456));
#6042 = CARTESIAN_POINT('',(2.0757223022,37.402083682568));
#6043 = CARTESIAN_POINT('',(2.182562729591,37.415052656003));
#6044 = CARTESIAN_POINT('',(2.40011670797,37.442359156114));
#6045 = CARTESIAN_POINT('',(2.513341845461,37.456980242495));
#6046 = CARTESIAN_POINT('',(2.631478954758,37.471718583517));
#6047 = CARTESIAN_POINT('',(2.753682088987,37.484940759099));
#6048 = CARTESIAN_POINT('',(2.879510613842,37.494813850928));
#6049 = CARTESIAN_POINT('',(3.008778179467,37.5));
#6050 = CARTESIAN_POINT('',(3.274438641113,37.5));
#6051 = CARTESIAN_POINT('',(3.403708495398,37.494811385795));
#6052 = CARTESIAN_POINT('',(3.529523434188,37.484937616827));
#6053 = CARTESIAN_POINT('',(3.651707114455,37.471718068872));
#6054 = CARTESIAN_POINT('',(3.769827496197,37.456982400741));
#6055 = CARTESIAN_POINT('',(3.883048355533,37.442361697019));
#6056 = CARTESIAN_POINT('',(4.100619021133,37.415053102395));
#6057 = CARTESIAN_POINT('',(4.207462114601,37.402083763922));
#6058 = CARTESIAN_POINT('',(4.311341570532,37.39098816491));
#6059 = CARTESIAN_POINT('',(4.413027462514,37.382347951026));
#6060 = CARTESIAN_POINT('',(4.51327167836,37.376480777517));
#6061 = CARTESIAN_POINT('',(4.612789035119,37.373543104387));
#6062 = CARTESIAN_POINT('',(4.811988635183,37.373543104387));
#6063 = CARTESIAN_POINT('',(4.911508224647,37.376480757038));
#6064 = CARTESIAN_POINT('',(5.011753867075,37.382348174283));
#6065 = CARTESIAN_POINT('',(5.113438625671,37.390988540806));
#6066 = CARTESIAN_POINT('',(5.2173149473,37.402083681343));
#6067 = CARTESIAN_POINT('',(5.324155386847,37.415052656463));
#6068 = CARTESIAN_POINT('',(5.541687027656,37.442356352852));
#6069 = CARTESIAN_POINT('',(5.654922946448,37.456978614632));
#6070 = CARTESIAN_POINT('',(5.773080781357,37.471720315956));
#6071 = CARTESIAN_POINT('',(5.895302812976,37.484944470151));
#6072 = CARTESIAN_POINT('',(6.021140281069,37.494816186878));
#6073 = CARTESIAN_POINT('',(6.150400825929,37.5));
#6074 = CARTESIAN_POINT('',(6.28318530718,37.5));
#6075 = ( GEOMETRIC_REPRESENTATION_CONTEXT(2) 
PARAMETRIC_REPRESENTATION_CONTEXT() REPRESENTATION_CONTEXT('2D SPACE',''
  ) );
#6076 = ADVANCED_FACE('',(#6077),#911,.F.);
#6077 = FACE_BOUND('',#6078,.F.);
#6078 = EDGE_LOOP('',(#6079,#6080,#6081,#6082));
#6079 = ORIENTED_EDGE('',*,*,#2564,.T.);
#6080 = ORIENTED_EDGE('',*,*,#5467,.T.);
#6081 = ORIENTED_EDGE('',*,*,#896,.F.);
#6082 = ORIENTED_EDGE('',*,*,#5886,.T.);
#6083 = ADVANCED_FACE('',(#6084),#723,.F.);
#6084 = FACE_BOUND('',#6085,.F.);
#6085 = EDGE_LOOP('',(#6086,#6087,#6088,#6089));
#6086 = ORIENTED_EDGE('',*,*,#5242,.T.);
#6087 = ORIENTED_EDGE('',*,*,#708,.T.);
#6088 = ORIENTED_EDGE('',*,*,#5703,.F.);
#6089 = ORIENTED_EDGE('',*,*,#807,.T.);
#6090 = ADVANCED_FACE('',(#6091),#775,.T.);
#6091 = FACE_BOUND('',#6092,.T.);
#6092 = EDGE_LOOP('',(#6093,#6094,#6095,#6096));
#6093 = ORIENTED_EDGE('',*,*,#2433,.T.);
#6094 = ORIENTED_EDGE('',*,*,#5680,.T.);
#6095 = ORIENTED_EDGE('',*,*,#760,.F.);
#6096 = ORIENTED_EDGE('',*,*,#5726,.T.);
#6097 = ADVANCED_FACE('',(#6098,#6146),#981,.T.);
#6098 = FACE_BOUND('',#6099,.T.);
#6099 = EDGE_LOOP('',(#6100,#6101,#6123,#6124));
#6100 = ORIENTED_EDGE('',*,*,#964,.T.);
#6101 = ORIENTED_EDGE('',*,*,#6102,.F.);
#6102 = EDGE_CURVE('',#1113,#967,#6103,.T.);
#6103 = SURFACE_CURVE('',#6104,(#6109,#6116),.PCURVE_S1.);
#6104 = CIRCLE('',#6105,19.5);
#6105 = AXIS2_PLACEMENT_3D('',#6106,#6107,#6108);
#6106 = CARTESIAN_POINT('',(-50.,86.6,0.));
#6107 = DIRECTION('',(-0.500011000363,0.866019052629,0.));
#6108 = DIRECTION('',(0.866019052629,0.500011000363,0.));
#6109 = PCURVE('',#981,#6110);
#6110 = DEFINITIONAL_REPRESENTATION('',(#6111),#6115);
#6111 = LINE('',#6112,#6113);
#6112 = CARTESIAN_POINT('',(0.,59.99867998548));
#6113 = VECTOR('',#6114,1.);
#6114 = DIRECTION('',(1.,0.));
#6115 = ( GEOMETRIC_REPRESENTATION_CONTEXT(2) 
PARAMETRIC_REPRESENTATION_CONTEXT() REPRESENTATION_CONTEXT('2D SPACE',''
  ) );
#6116 = PCURVE('',#1148,#6117);
#6117 = DEFINITIONAL_REPRESENTATION('',(#6118),#6122);
#6118 = CIRCLE('',#6119,19.5);
#6119 = AXIS2_PLACEMENT_2D('',#6120,#6121);
#6120 = CARTESIAN_POINT('',(0.,0.));
#6121 = DIRECTION('',(1.,0.));
#6122 = ( GEOMETRIC_REPRESENTATION_CONTEXT(2) 
PARAMETRIC_REPRESENTATION_CONTEXT() REPRESENTATION_CONTEXT('2D SPACE',''
  ) );
#6123 = ORIENTED_EDGE('',*,*,#1112,.F.);
#6124 = ORIENTED_EDGE('',*,*,#6125,.T.);
#6125 = EDGE_CURVE('',#1092,#965,#6126,.T.);
#6126 = SURFACE_CURVE('',#6127,(#6132,#6139),.PCURVE_S1.);
#6127 = CIRCLE('',#6128,19.5);
#6128 = AXIS2_PLACEMENT_3D('',#6129,#6130,#6131);
#6129 = CARTESIAN_POINT('',(-20.,34.64,0.));
#6130 = DIRECTION('',(-0.500011000363,0.866019052629,0.));
#6131 = DIRECTION('',(0.866019052629,0.500011000363,0.));
#6132 = PCURVE('',#981,#6133);
#6133 = DEFINITIONAL_REPRESENTATION('',(#6134),#6138);
#6134 = LINE('',#6135,#6136);
#6135 = CARTESIAN_POINT('',(0.,0.));
#6136 = VECTOR('',#6137,1.);
#6137 = DIRECTION('',(1.,0.));
#6138 = ( GEOMETRIC_REPRESENTATION_CONTEXT(2) 
PARAMETRIC_REPRESENTATION_CONTEXT() REPRESENTATION_CONTEXT('2D SPACE',''
  ) );
#6139 = PCURVE('',#1007,#6140);
#6140 = DEFINITIONAL_REPRESENTATION('',(#6141),#6145);
#6141 = CIRCLE('',#6142,19.5);
#6142 = AXIS2_PLACEMENT_2D('',#6143,#6144);
#6143 = CARTESIAN_POINT('',(0.,0.));
#6144 = DIRECTION('',(1.,0.));
#6145 = ( GEOMETRIC_REPRESENTATION_CONTEXT(2) 
PARAMETRIC_REPRESENTATION_CONTEXT() REPRESENTATION_CONTEXT('2D SPACE',''
  ) );
#6146 = FACE_BOUND('',#6147,.T.);
#6147 = EDGE_LOOP('',(#6148));
#6148 = ORIENTED_EDGE('',*,*,#6149,.F.);
#6149 = EDGE_CURVE('',#6150,#6150,#6152,.T.);
#6150 = VERTEX_POINT('',#6151);
#6151 = CARTESIAN_POINT('',(-32.9,60.62,19.415008331498));
#6152 = SURFACE_CURVE('',#6153,(#6204,#6258),.PCURVE_S1.);
#6153 = B_SPLINE_CURVE_WITH_KNOTS('',7,(#6154,#6155,#6156,#6157,#6158,
    #6159,#6160,#6161,#6162,#6163,#6164,#6165,#6166,#6167,#6168,#6169,
    #6170,#6171,#6172,#6173,#6174,#6175,#6176,#6177,#6178,#6179,#6180,
    #6181,#6182,#6183,#6184,#6185,#6186,#6187,#6188,#6189,#6190,#6191,
    #6192,#6193,#6194,#6195,#6196,#6197,#6198,#6199,#6200,#6201,#6202,
    #6203),.UNSPECIFIED.,.T.,.F.,(8,6,6,6,6,6,6,6,8),(0.,0.103288656027,
    0.251712840675,0.382668845147,0.493604407419,0.624953021127,
    0.742226798773,0.855214372536,1.),.UNSPECIFIED.);
#6154 = CARTESIAN_POINT('',(-32.9,60.62,19.415008331498));
#6155 = CARTESIAN_POINT('',(-32.9,60.781615403034,19.407438756978));
#6156 = CARTESIAN_POINT('',(-32.91451060632,60.940115693573,
    19.400796336796));
#6157 = CARTESIAN_POINT('',(-32.9425264074,61.094642562544,
    19.395288270395));
#6158 = CARTESIAN_POINT('',(-32.98323475549,61.244517724443,
    19.391051202739));
#6159 = CARTESIAN_POINT('',(-33.03599644031,61.389162377784,
    19.388168909335));
#6160 = CARTESIAN_POINT('',(-33.10032772323,61.528019729235,
    19.386682969464));
#6161 = CARTESIAN_POINT('',(-33.28445653559,61.850824756114,
    19.386472068395));
#6162 = CARTESIAN_POINT('',(-33.41606882956,62.02771938977,
    19.389237325659));
#6163 = CARTESIAN_POINT('',(-33.56967364228,62.189555583081,
    19.394888103001));
#6164 = CARTESIAN_POINT('',(-33.74474270951,62.334194003369,
    19.403262494856));
#6165 = CARTESIAN_POINT('',(-33.94089807835,62.45874032203,
    19.414027855523));
#6166 = CARTESIAN_POINT('',(-34.1575191842,62.559268327632,
    19.426555506329));
#6167 = CARTESIAN_POINT('',(-34.60087746909,62.693119940846,
    19.451520733502));
#6168 = CARTESIAN_POINT('',(-34.82838969011,62.734459641642,
    19.464075034516));
#6169 = CARTESIAN_POINT('',(-35.07063994873,62.747152083334,
    19.476535775807));
#6170 = CARTESIAN_POINT('',(-35.32132979308,62.726087567115,
    19.487570625778));
#6171 = CARTESIAN_POINT('',(-35.57326161103,62.668164865178,
    19.495733878521));
#6172 = CARTESIAN_POINT('',(-35.8187715255,62.572157086303,19.5));
#6173 = CARTESIAN_POINT('',(-36.24592113255,62.325534911334,19.5));
#6174 = CARTESIAN_POINT('',(-36.42760082175,62.187813742497,
    19.496938941058));
#6175 = CARTESIAN_POINT('',(-36.59133202652,62.027634401671,
    19.490815363204));
#6176 = CARTESIAN_POINT('',(-36.73384414101,61.84783510166,
    19.481980082289));
#6177 = CARTESIAN_POINT('',(-36.85241970912,61.651823118808,
    19.471115827782));
#6178 = CARTESIAN_POINT('',(-36.94501087273,61.443459715595,
    19.45912698296));
#6179 = CARTESIAN_POINT('',(-37.08777464302,60.970581587197,
    19.432509262011));
#6180 = CARTESIAN_POINT('',(-37.12357255045,60.714170591845,
    19.418441497049));
#6181 = CARTESIAN_POINT('',(-37.12275774934,60.463342957006,
    19.4061449599));
#6182 = CARTESIAN_POINT('',(-37.08933859254,60.221420554,19.396483354912
    ));
#6183 = CARTESIAN_POINT('',(-37.026325559,59.990637512924,19.38989437553
    ));
#6184 = CARTESIAN_POINT('',(-36.93575108674,59.772813283255,
    19.386593305684));
#6185 = CARTESIAN_POINT('',(-36.71407812802,59.388875718752,
    19.386593305684));
#6186 = CARTESIAN_POINT('',(-36.58856002945,59.220066131171,
    19.38922490987));
#6187 = CARTESIAN_POINT('',(-36.44298680281,59.064976684325,
    19.394481120396));
#6188 = CARTESIAN_POINT('',(-36.27784049486,58.925466807798,
    19.402222832771));
#6189 = CARTESIAN_POINT('',(-36.09346594469,58.804007998747,
    19.412167580051));
#6190 = CARTESIAN_POINT('',(-35.89038159774,58.703912232533,
    19.423796712585));
#6191 = CARTESIAN_POINT('',(-35.45725930102,58.55815660027,
    19.448289865195));
#6192 = CARTESIAN_POINT('',(-35.22298151917,58.508791098166,
    19.461404022639));
#6193 = CARTESIAN_POINT('',(-34.97205683761,58.489713441943,
    19.474624057113));
#6194 = CARTESIAN_POINT('',(-34.7111927212,58.506759275222,
    19.486486576332));
#6195 = CARTESIAN_POINT('',(-34.44819601013,58.563604474301,
    19.495346047927));
#6196 = CARTESIAN_POINT('',(-34.19151144686,58.661905862676,19.5));
#6197 = CARTESIAN_POINT('',(-33.64046736764,58.980060642827,19.5));
#6198 = CARTESIAN_POINT('',(-33.3808387494,59.21190055072,
    19.492357708245));
#6199 = CARTESIAN_POINT('',(-33.17706967951,59.479710641281,
    19.478355486471));
#6200 = CARTESIAN_POINT('',(-33.03079089471,59.768252959933,
    19.460921965058));
#6201 = CARTESIAN_POINT('',(-32.94029819188,60.062972523915,
    19.443267287516));
#6202 = CARTESIAN_POINT('',(-32.9,60.350674828425,19.427622704373));
#6203 = CARTESIAN_POINT('',(-32.9,60.62,19.415008331498));
#6204 = PCURVE('',#981,#6205);
#6205 = DEFINITIONAL_REPRESENTATION('',(#6206),#6257);
#6206 = B_SPLINE_CURVE_WITH_KNOTS('',7,(#6207,#6208,#6209,#6210,#6211,
    #6212,#6213,#6214,#6215,#6216,#6217,#6218,#6219,#6220,#6221,#6222,
    #6223,#6224,#6225,#6226,#6227,#6228,#6229,#6230,#6231,#6232,#6233,
    #6234,#6235,#6236,#6237,#6238,#6239,#6240,#6241,#6242,#6243,#6244,
    #6245,#6246,#6247,#6248,#6249,#6250,#6251,#6252,#6253,#6254,#6255,
    #6256),.UNSPECIFIED.,.T.,.F.,(8,6,6,6,6,6,6,6,8),(0.,0.103288656027,
    0.251712840675,0.382668845147,0.493604407419,0.624953021127,
    0.742226798773,0.855214372536,1.),.UNSPECIFIED.);
#6207 = CARTESIAN_POINT('',(4.805788305257,28.949316891978));
#6208 = CARTESIAN_POINT('',(4.80995052234,29.089278910203));
#6209 = CARTESIAN_POINT('',(4.813387152074,29.233798644443));
#6210 = CARTESIAN_POINT('',(4.816119863348,29.38163006584));
#6211 = CARTESIAN_POINT('',(4.818166558406,29.531779433408));
#6212 = CARTESIAN_POINT('',(4.81954024004,29.68342588187));
#6213 = CARTESIAN_POINT('',(4.820247847056,29.835845342951));
#6214 = CARTESIAN_POINT('',(4.820348277515,30.207467078176));
#6215 = CARTESIAN_POINT('',(4.819031415453,30.426468796002));
#6216 = CARTESIAN_POINT('',(4.816343704241,30.64342611888));
#6217 = CARTESIAN_POINT('',(4.812254834948,30.856222206029));
#6218 = CARTESIAN_POINT('',(4.806709526939,31.062161533128));
#6219 = CARTESIAN_POINT('',(4.799638114939,31.257533637135));
#6220 = CARTESIAN_POINT('',(4.783329863845,31.595135703951));
#6221 = CARTESIAN_POINT('',(4.774263155336,31.744695285698));
#6222 = CARTESIAN_POINT('',(4.763811260358,31.87681497618));
#6223 = CARTESIAN_POINT('',(4.752125934352,31.983920383651));
#6224 = CARTESIAN_POINT('',(4.739447932987,32.05972690051));
#6225 = CARTESIAN_POINT('',(4.726082738167,32.09933999274));
#6226 = CARTESIAN_POINT('',(4.700788712606,32.09933999274));
#6227 = CARTESIAN_POINT('',(4.68918869669,32.070912679721));
#6228 = CARTESIAN_POINT('',(4.677807416243,32.014061722215));
#6229 = CARTESIAN_POINT('',(4.66686024355,31.929609727689));
#6230 = CARTESIAN_POINT('',(4.656554055234,31.819148704424));
#6231 = CARTESIAN_POINT('',(4.647079595095,31.68499862771));
#6232 = CARTESIAN_POINT('',(4.628563549808,31.346860614543));
#6233 = CARTESIAN_POINT('',(4.620367967743,31.142703154772));
#6234 = CARTESIAN_POINT('',(4.613941796772,30.925074234557));
#6235 = CARTESIAN_POINT('',(4.609196800757,30.698854878274));
#6236 = CARTESIAN_POINT('',(4.606059393146,30.467485157743));
#6237 = CARTESIAN_POINT('',(4.6044874161,30.233556992241));
#6238 = CARTESIAN_POINT('',(4.6044874161,29.790220828518));
#6239 = CARTESIAN_POINT('',(4.605740571141,29.581268079379));
#6240 = CARTESIAN_POINT('',(4.608243475924,29.374169448868));
#6241 = CARTESIAN_POINT('',(4.612021472509,29.170776267125));
#6242 = CARTESIAN_POINT('',(4.617120802251,28.973401321103));
#6243 = CARTESIAN_POINT('',(4.623600501285,28.785172072995));
#6244 = CARTESIAN_POINT('',(4.63914940661,28.442379005569));
#6245 = CARTESIAN_POINT('',(4.648312617609,28.282486072139));
#6246 = CARTESIAN_POINT('',(4.658988004627,28.140499357325));
#6247 = CARTESIAN_POINT('',(4.671023662273,28.02482644591));
#6248 = CARTESIAN_POINT('',(4.684166020325,27.942554222768));
#6249 = CARTESIAN_POINT('',(4.698086307689,27.89933999274));
#6250 = CARTESIAN_POINT('',(4.730716849296,27.89933999274));
#6251 = CARTESIAN_POINT('',(4.74819202587,27.970300605006));
#6252 = CARTESIAN_POINT('',(4.76411875894,28.100342469441));
#6253 = CARTESIAN_POINT('',(4.778039943532,28.277084613366));
#6254 = CARTESIAN_POINT('',(4.789650441834,28.487070024085));
#6255 = CARTESIAN_POINT('',(4.798852148127,28.716076162041));
#6256 = CARTESIAN_POINT('',(4.805788305257,28.949316891978));
#6257 = ( GEOMETRIC_REPRESENTATION_CONTEXT(2) 
PARAMETRIC_REPRESENTATION_CONTEXT() REPRESENTATION_CONTEXT('2D SPACE',''
  ) );
#6258 = PCURVE('',#6259,#6264);
#6259 = CYLINDRICAL_SURFACE('',#6260,2.1);
#6260 = AXIS2_PLACEMENT_3D('',#6261,#6262,#6263);
#6261 = CARTESIAN_POINT('',(-35.,60.62,-20.));
#6262 = DIRECTION('',(0.,0.,1.));
#6263 = DIRECTION('',(1.,0.,-0.));
#6264 = DEFINITIONAL_REPRESENTATION('',(#6265),#6316);
#6265 = B_SPLINE_CURVE_WITH_KNOTS('',7,(#6266,#6267,#6268,#6269,#6270,
    #6271,#6272,#6273,#6274,#6275,#6276,#6277,#6278,#6279,#6280,#6281,
    #6282,#6283,#6284,#6285,#6286,#6287,#6288,#6289,#6290,#6291,#6292,
    #6293,#6294,#6295,#6296,#6297,#6298,#6299,#6300,#6301,#6302,#6303,
    #6304,#6305,#6306,#6307,#6308,#6309,#6310,#6311,#6312,#6313,#6314,
    #6315),.UNSPECIFIED.,.F.,.F.,(8,6,6,6,6,6,6,6,8),(0.,0.103288656027,
    0.251712840675,0.382668845147,0.493604407419,0.624953021127,
    0.742226798773,0.855214372536,1.),.UNSPECIFIED.);
#6266 = CARTESIAN_POINT('',(-8.881784197001E-16,39.415008331498));
#6267 = CARTESIAN_POINT('',(7.695971573055E-02,39.407438756978));
#6268 = CARTESIAN_POINT('',(0.152436237189,39.400796336796));
#6269 = CARTESIAN_POINT('',(0.226764240648,39.395288270395));
#6270 = CARTESIAN_POINT('',(0.300238946493,39.391051202739));
#6271 = CARTESIAN_POINT('',(0.373141733109,39.388168909335));
#6272 = CARTESIAN_POINT('',(0.445755862048,39.386682969464));
#6273 = CARTESIAN_POINT('',(0.622721021846,39.386472068395));
#6274 = CARTESIAN_POINT('',(0.72694217809,39.389237325659));
#6275 = CARTESIAN_POINT('',(0.831980759048,39.394888103001));
#6276 = CARTESIAN_POINT('',(0.938657885838,39.403262494856));
#6277 = CARTESIAN_POINT('',(1.047845552606,39.414027855523));
#6278 = CARTESIAN_POINT('',(1.160431916371,39.426555506329));
#6279 = CARTESIAN_POINT('',(1.380966632013,39.451520733502));
#6280 = CARTESIAN_POINT('',(1.490371833702,39.464075034516));
#6281 = CARTESIAN_POINT('',(1.604356382866,39.476535775807));
#6282 = CARTESIAN_POINT('',(1.722102097693,39.487570625778));
#6283 = CARTESIAN_POINT('',(1.843146263373,39.495733878521));
#6284 = CARTESIAN_POINT('',(1.967251482303,39.5));
#6285 = CARTESIAN_POINT('',(2.2021245768,39.5));
#6286 = CARTESIAN_POINT('',(2.309838558541,39.496938941058));
#6287 = CARTESIAN_POINT('',(2.417541192062,39.490815363204));
#6288 = CARTESIAN_POINT('',(2.525243794407,39.481980082289));
#6289 = CARTESIAN_POINT('',(2.632960685707,39.471115827782));
#6290 = CARTESIAN_POINT('',(2.740689694699,39.45912698296));
#6291 = CARTESIAN_POINT('',(2.97590813345,39.432509262011));
#6292 = CARTESIAN_POINT('',(3.097724903308,39.418441497049));
#6293 = CARTESIAN_POINT('',(3.215341524556,39.4061449599));
#6294 = CARTESIAN_POINT('',(3.329834095173,39.396483354912));
#6295 = CARTESIAN_POINT('',(3.442278325511,39.38989437553));
#6296 = CARTESIAN_POINT('',(3.553672226835,39.386593305684));
#6297 = CARTESIAN_POINT('',(3.764784685751,39.386593305684));
#6298 = CARTESIAN_POINT('',(3.864285824591,39.38922490987));
#6299 = CARTESIAN_POINT('',(3.96451786848,39.394481120396));
#6300 = CARTESIAN_POINT('',(4.066197307025,39.402222832771));
#6301 = CARTESIAN_POINT('',(4.170079263886,39.412167580051));
#6302 = CARTESIAN_POINT('',(4.276937967921,39.423796712585));
#6303 = CARTESIAN_POINT('',(4.494552132838,39.448289865195));
#6304 = CARTESIAN_POINT('',(4.60778412097,39.461404022639));
#6305 = CARTESIAN_POINT('',(4.725917083854,39.474624057113));
#6306 = CARTESIAN_POINT('',(4.848111602422,39.486486576332));
#6307 = CARTESIAN_POINT('',(4.973930260658,39.495346047927));
#6308 = CARTESIAN_POINT('',(5.103189925984,39.5));
#6309 = CARTESIAN_POINT('',(5.406187812335,39.5));
#6310 = CARTESIAN_POINT('',(5.568458949249,39.492357708245));
#6311 = CARTESIAN_POINT('',(5.724297778802,39.478355486471));
#6312 = CARTESIAN_POINT('',(5.874142512917,39.460921965058));
#6313 = CARTESIAN_POINT('',(6.017935120336,39.443267287516));
#6314 = CARTESIAN_POINT('',(6.154935225477,39.427622704373));
#6315 = CARTESIAN_POINT('',(6.28318530718,39.415008331498));
#6316 = ( GEOMETRIC_REPRESENTATION_CONTEXT(2) 
PARAMETRIC_REPRESENTATION_CONTEXT() REPRESENTATION_CONTEXT('2D SPACE',''
  ) );
#6317 = ADVANCED_FACE('',(#6318),#1148,.T.);
#6318 = FACE_BOUND('',#6319,.T.);
#6319 = EDGE_LOOP('',(#6320,#6321,#6322,#6323));
#6320 = ORIENTED_EDGE('',*,*,#1133,.T.);
#6321 = ORIENTED_EDGE('',*,*,#6102,.T.);
#6322 = ORIENTED_EDGE('',*,*,#1227,.T.);
#6323 = ORIENTED_EDGE('',*,*,#6324,.F.);
#6324 = EDGE_CURVE('',#1134,#1207,#6325,.T.);
#6325 = SURFACE_CURVE('',#6326,(#6331,#6338),.PCURVE_S1.);
#6326 = CIRCLE('',#6327,17.5);
#6327 = AXIS2_PLACEMENT_3D('',#6328,#6329,#6330);
#6328 = CARTESIAN_POINT('',(-50.,86.6,0.));
#6329 = DIRECTION('',(-0.500011000363,0.866019052629,0.));
#6330 = DIRECTION('',(0.866019052629,0.500011000363,0.));
#6331 = PCURVE('',#1148,#6332);
#6332 = DEFINITIONAL_REPRESENTATION('',(#6333),#6337);
#6333 = CIRCLE('',#6334,17.5);
#6334 = AXIS2_PLACEMENT_2D('',#6335,#6336);
#6335 = CARTESIAN_POINT('',(0.,0.));
#6336 = DIRECTION('',(1.,0.));
#6337 = ( GEOMETRIC_REPRESENTATION_CONTEXT(2) 
PARAMETRIC_REPRESENTATION_CONTEXT() REPRESENTATION_CONTEXT('2D SPACE',''
  ) );
#6338 = PCURVE('',#1033,#6339);
#6339 = DEFINITIONAL_REPRESENTATION('',(#6340),#6344);
#6340 = LINE('',#6341,#6342);
#6341 = CARTESIAN_POINT('',(0.,64.99856998427));
#6342 = VECTOR('',#6343,1.);
#6343 = DIRECTION('',(1.,0.));
#6344 = ( GEOMETRIC_REPRESENTATION_CONTEXT(2) 
PARAMETRIC_REPRESENTATION_CONTEXT() REPRESENTATION_CONTEXT('2D SPACE',''
  ) );
#6345 = ADVANCED_FACE('',(#6346,#6581,#6771),#1033,.F.);
#6346 = FACE_BOUND('',#6347,.F.);
#6347 = EDGE_LOOP('',(#6348,#6373,#6395,#6396,#6397,#6398,#6420,#6421,
    #6443,#6444,#6466,#6467,#6489,#6490,#6512,#6513,#6535,#6536,#6558,
    #6559));
#6348 = ORIENTED_EDGE('',*,*,#6349,.T.);
#6349 = EDGE_CURVE('',#6350,#6352,#6354,.T.);
#6350 = VERTEX_POINT('',#6351);
#6351 = CARTESIAN_POINT('',(-2.344666578997,39.060192506353,
    4.286263797016E-15));
#6352 = VERTEX_POINT('',#6353);
#6353 = CARTESIAN_POINT('',(-37.34466657899,99.680192506353,
    4.286263797016E-15));
#6354 = SEAM_CURVE('',#6355,(#6359,#6366),.PCURVE_S1.);
#6355 = LINE('',#6356,#6357);
#6356 = CARTESIAN_POINT('',(-2.344666578997,39.060192506353,
    4.286263797016E-15));
#6357 = VECTOR('',#6358,1.);
#6358 = DIRECTION('',(-0.500011000363,0.866019052629,0.));
#6359 = PCURVE('',#1033,#6360);
#6360 = DEFINITIONAL_REPRESENTATION('',(#6361),#6365);
#6361 = LINE('',#6362,#6363);
#6362 = CARTESIAN_POINT('',(6.28318530718,-0.));
#6363 = VECTOR('',#6364,1.);
#6364 = DIRECTION('',(0.,1.));
#6365 = ( GEOMETRIC_REPRESENTATION_CONTEXT(2) 
PARAMETRIC_REPRESENTATION_CONTEXT() REPRESENTATION_CONTEXT('2D SPACE',''
  ) );
#6366 = PCURVE('',#1033,#6367);
#6367 = DEFINITIONAL_REPRESENTATION('',(#6368),#6372);
#6368 = LINE('',#6369,#6370);
#6369 = CARTESIAN_POINT('',(0.,-0.));
#6370 = VECTOR('',#6371,1.);
#6371 = DIRECTION('',(0.,1.));
#6372 = ( GEOMETRIC_REPRESENTATION_CONTEXT(2) 
PARAMETRIC_REPRESENTATION_CONTEXT() REPRESENTATION_CONTEXT('2D SPACE',''
  ) );
#6373 = ORIENTED_EDGE('',*,*,#6374,.F.);
#6374 = EDGE_CURVE('',#1181,#6352,#6375,.T.);
#6375 = SURFACE_CURVE('',#6376,(#6381,#6388),.PCURVE_S1.);
#6376 = CIRCLE('',#6377,17.5);
#6377 = AXIS2_PLACEMENT_3D('',#6378,#6379,#6380);
#6378 = CARTESIAN_POINT('',(-52.5,90.93,0.));
#6379 = DIRECTION('',(-0.500011000363,0.866019052629,0.));
#6380 = DIRECTION('',(0.866019052629,0.500011000363,0.));
#6381 = PCURVE('',#1033,#6382);
#6382 = DEFINITIONAL_REPRESENTATION('',(#6383),#6387);
#6383 = LINE('',#6384,#6385);
#6384 = CARTESIAN_POINT('',(0.,69.99845998306));
#6385 = VECTOR('',#6386,1.);
#6386 = DIRECTION('',(1.,0.));
#6387 = ( GEOMETRIC_REPRESENTATION_CONTEXT(2) 
PARAMETRIC_REPRESENTATION_CONTEXT() REPRESENTATION_CONTEXT('2D SPACE',''
  ) );
#6388 = PCURVE('',#1195,#6389);
#6389 = DEFINITIONAL_REPRESENTATION('',(#6390),#6394);
#6390 = CIRCLE('',#6391,17.5);
#6391 = AXIS2_PLACEMENT_2D('',#6392,#6393);
#6392 = CARTESIAN_POINT('',(0.,0.));
#6393 = DIRECTION('',(1.,0.));
#6394 = ( GEOMETRIC_REPRESENTATION_CONTEXT(2) 
PARAMETRIC_REPRESENTATION_CONTEXT() REPRESENTATION_CONTEXT('2D SPACE',''
  ) );
#6395 = ORIENTED_EDGE('',*,*,#1206,.F.);
#6396 = ORIENTED_EDGE('',*,*,#6324,.F.);
#6397 = ORIENTED_EDGE('',*,*,#1159,.T.);
#6398 = ORIENTED_EDGE('',*,*,#6399,.F.);
#6399 = EDGE_CURVE('',#2813,#1160,#6400,.T.);
#6400 = SURFACE_CURVE('',#6401,(#6406,#6413),.PCURVE_S1.);
#6401 = CIRCLE('',#6402,17.5);
#6402 = AXIS2_PLACEMENT_3D('',#6403,#6404,#6405);
#6403 = CARTESIAN_POINT('',(-52.5,90.93,0.));
#6404 = DIRECTION('',(-0.500011000363,0.866019052629,0.));
#6405 = DIRECTION('',(0.866019052629,0.500011000363,0.));
#6406 = PCURVE('',#1033,#6407);
#6407 = DEFINITIONAL_REPRESENTATION('',(#6408),#6412);
#6408 = LINE('',#6409,#6410);
#6409 = CARTESIAN_POINT('',(0.,69.99845998306));
#6410 = VECTOR('',#6411,1.);
#6411 = DIRECTION('',(1.,0.));
#6412 = ( GEOMETRIC_REPRESENTATION_CONTEXT(2) 
PARAMETRIC_REPRESENTATION_CONTEXT() REPRESENTATION_CONTEXT('2D SPACE',''
  ) );
#6413 = PCURVE('',#1195,#6414);
#6414 = DEFINITIONAL_REPRESENTATION('',(#6415),#6419);
#6415 = CIRCLE('',#6416,17.5);
#6416 = AXIS2_PLACEMENT_2D('',#6417,#6418);
#6417 = CARTESIAN_POINT('',(0.,0.));
#6418 = DIRECTION('',(1.,0.));
#6419 = ( GEOMETRIC_REPRESENTATION_CONTEXT(2) 
PARAMETRIC_REPRESENTATION_CONTEXT() REPRESENTATION_CONTEXT('2D SPACE',''
  ) );
#6420 = ORIENTED_EDGE('',*,*,#2812,.F.);
#6421 = ORIENTED_EDGE('',*,*,#6422,.F.);
#6422 = EDGE_CURVE('',#2855,#2787,#6423,.T.);
#6423 = SURFACE_CURVE('',#6424,(#6429,#6436),.PCURVE_S1.);
#6424 = CIRCLE('',#6425,17.5);
#6425 = AXIS2_PLACEMENT_3D('',#6426,#6427,#6428);
#6426 = CARTESIAN_POINT('',(-50.,86.6,0.));
#6427 = DIRECTION('',(-0.500011000363,0.866019052629,0.));
#6428 = DIRECTION('',(0.866019052629,0.500011000363,0.));
#6429 = PCURVE('',#1033,#6430);
#6430 = DEFINITIONAL_REPRESENTATION('',(#6431),#6435);
#6431 = LINE('',#6432,#6433);
#6432 = CARTESIAN_POINT('',(0.,64.99856998427));
#6433 = VECTOR('',#6434,1.);
#6434 = DIRECTION('',(1.,0.));
#6435 = ( GEOMETRIC_REPRESENTATION_CONTEXT(2) 
PARAMETRIC_REPRESENTATION_CONTEXT() REPRESENTATION_CONTEXT('2D SPACE',''
  ) );
#6436 = PCURVE('',#2801,#6437);
#6437 = DEFINITIONAL_REPRESENTATION('',(#6438),#6442);
#6438 = CIRCLE('',#6439,17.5);
#6439 = AXIS2_PLACEMENT_2D('',#6440,#6441);
#6440 = CARTESIAN_POINT('',(0.,0.));
#6441 = DIRECTION('',(1.,0.));
#6442 = ( GEOMETRIC_REPRESENTATION_CONTEXT(2) 
PARAMETRIC_REPRESENTATION_CONTEXT() REPRESENTATION_CONTEXT('2D SPACE',''
  ) );
#6443 = ORIENTED_EDGE('',*,*,#2854,.T.);
#6444 = ORIENTED_EDGE('',*,*,#6445,.F.);
#6445 = EDGE_CURVE('',#6352,#2834,#6446,.T.);
#6446 = SURFACE_CURVE('',#6447,(#6452,#6459),.PCURVE_S1.);
#6447 = CIRCLE('',#6448,17.5);
#6448 = AXIS2_PLACEMENT_3D('',#6449,#6450,#6451);
#6449 = CARTESIAN_POINT('',(-52.5,90.93,0.));
#6450 = DIRECTION('',(-0.500011000363,0.866019052629,0.));
#6451 = DIRECTION('',(0.866019052629,0.500011000363,0.));
#6452 = PCURVE('',#1033,#6453);
#6453 = DEFINITIONAL_REPRESENTATION('',(#6454),#6458);
#6454 = LINE('',#6455,#6456);
#6455 = CARTESIAN_POINT('',(0.,69.99845998306));
#6456 = VECTOR('',#6457,1.);
#6457 = DIRECTION('',(1.,0.));
#6458 = ( GEOMETRIC_REPRESENTATION_CONTEXT(2) 
PARAMETRIC_REPRESENTATION_CONTEXT() REPRESENTATION_CONTEXT('2D SPACE',''
  ) );
#6459 = PCURVE('',#1195,#6460);
#6460 = DEFINITIONAL_REPRESENTATION('',(#6461),#6465);
#6461 = CIRCLE('',#6462,17.5);
#6462 = AXIS2_PLACEMENT_2D('',#6463,#6464);
#6463 = CARTESIAN_POINT('',(0.,0.));
#6464 = DIRECTION('',(1.,0.));
#6465 = ( GEOMETRIC_REPRESENTATION_CONTEXT(2) 
PARAMETRIC_REPRESENTATION_CONTEXT() REPRESENTATION_CONTEXT('2D SPACE',''
  ) );
#6466 = ORIENTED_EDGE('',*,*,#6349,.F.);
#6467 = ORIENTED_EDGE('',*,*,#6468,.T.);
#6468 = EDGE_CURVE('',#6350,#2682,#6469,.T.);
#6469 = SURFACE_CURVE('',#6470,(#6475,#6482),.PCURVE_S1.);
#6470 = CIRCLE('',#6471,17.5);
#6471 = AXIS2_PLACEMENT_3D('',#6472,#6473,#6474);
#6472 = CARTESIAN_POINT('',(-17.5,30.31,0.));
#6473 = DIRECTION('',(-0.500011000363,0.866019052629,0.));
#6474 = DIRECTION('',(0.866019052629,0.500011000363,0.));
#6475 = PCURVE('',#1033,#6476);
#6476 = DEFINITIONAL_REPRESENTATION('',(#6477),#6481);
#6477 = LINE('',#6478,#6479);
#6478 = CARTESIAN_POINT('',(0.,0.));
#6479 = VECTOR('',#6480,1.);
#6480 = DIRECTION('',(1.,0.));
#6481 = ( GEOMETRIC_REPRESENTATION_CONTEXT(2) 
PARAMETRIC_REPRESENTATION_CONTEXT() REPRESENTATION_CONTEXT('2D SPACE',''
  ) );
#6482 = PCURVE('',#1059,#6483);
#6483 = DEFINITIONAL_REPRESENTATION('',(#6484),#6488);
#6484 = CIRCLE('',#6485,17.5);
#6485 = AXIS2_PLACEMENT_2D('',#6486,#6487);
#6486 = CARTESIAN_POINT('',(0.,0.));
#6487 = DIRECTION('',(1.,0.));
#6488 = ( GEOMETRIC_REPRESENTATION_CONTEXT(2) 
PARAMETRIC_REPRESENTATION_CONTEXT() REPRESENTATION_CONTEXT('2D SPACE',''
  ) );
#6489 = ORIENTED_EDGE('',*,*,#2681,.T.);
#6490 = ORIENTED_EDGE('',*,*,#6491,.T.);
#6491 = EDGE_CURVE('',#2656,#2724,#6492,.T.);
#6492 = SURFACE_CURVE('',#6493,(#6498,#6505),.PCURVE_S1.);
#6493 = CIRCLE('',#6494,17.5);
#6494 = AXIS2_PLACEMENT_3D('',#6495,#6496,#6497);
#6495 = CARTESIAN_POINT('',(-20.,34.64,0.));
#6496 = DIRECTION('',(-0.500011000363,0.866019052629,0.));
#6497 = DIRECTION('',(0.866019052629,0.500011000363,0.));
#6498 = PCURVE('',#1033,#6499);
#6499 = DEFINITIONAL_REPRESENTATION('',(#6500),#6504);
#6500 = LINE('',#6501,#6502);
#6501 = CARTESIAN_POINT('',(0.,4.99988999879));
#6502 = VECTOR('',#6503,1.);
#6503 = DIRECTION('',(1.,0.));
#6504 = ( GEOMETRIC_REPRESENTATION_CONTEXT(2) 
PARAMETRIC_REPRESENTATION_CONTEXT() REPRESENTATION_CONTEXT('2D SPACE',''
  ) );
#6505 = PCURVE('',#2670,#6506);
#6506 = DEFINITIONAL_REPRESENTATION('',(#6507),#6511);
#6507 = CIRCLE('',#6508,17.5);
#6508 = AXIS2_PLACEMENT_2D('',#6509,#6510);
#6509 = CARTESIAN_POINT('',(0.,0.));
#6510 = DIRECTION('',(1.,0.));
#6511 = ( GEOMETRIC_REPRESENTATION_CONTEXT(2) 
PARAMETRIC_REPRESENTATION_CONTEXT() REPRESENTATION_CONTEXT('2D SPACE',''
  ) );
#6512 = ORIENTED_EDGE('',*,*,#2723,.F.);
#6513 = ORIENTED_EDGE('',*,*,#6514,.T.);
#6514 = EDGE_CURVE('',#2703,#1045,#6515,.T.);
#6515 = SURFACE_CURVE('',#6516,(#6521,#6528),.PCURVE_S1.);
#6516 = CIRCLE('',#6517,17.5);
#6517 = AXIS2_PLACEMENT_3D('',#6518,#6519,#6520);
#6518 = CARTESIAN_POINT('',(-17.5,30.31,0.));
#6519 = DIRECTION('',(-0.500011000363,0.866019052629,0.));
#6520 = DIRECTION('',(0.866019052629,0.500011000363,0.));
#6521 = PCURVE('',#1033,#6522);
#6522 = DEFINITIONAL_REPRESENTATION('',(#6523),#6527);
#6523 = LINE('',#6524,#6525);
#6524 = CARTESIAN_POINT('',(0.,0.));
#6525 = VECTOR('',#6526,1.);
#6526 = DIRECTION('',(1.,0.));
#6527 = ( GEOMETRIC_REPRESENTATION_CONTEXT(2) 
PARAMETRIC_REPRESENTATION_CONTEXT() REPRESENTATION_CONTEXT('2D SPACE',''
  ) );
#6528 = PCURVE('',#1059,#6529);
#6529 = DEFINITIONAL_REPRESENTATION('',(#6530),#6534);
#6530 = CIRCLE('',#6531,17.5);
#6531 = AXIS2_PLACEMENT_2D('',#6532,#6533);
#6532 = CARTESIAN_POINT('',(0.,0.));
#6533 = DIRECTION('',(1.,0.));
#6534 = ( GEOMETRIC_REPRESENTATION_CONTEXT(2) 
PARAMETRIC_REPRESENTATION_CONTEXT() REPRESENTATION_CONTEXT('2D SPACE',''
  ) );
#6535 = ORIENTED_EDGE('',*,*,#1070,.T.);
#6536 = ORIENTED_EDGE('',*,*,#6537,.T.);
#6537 = EDGE_CURVE('',#1071,#993,#6538,.T.);
#6538 = SURFACE_CURVE('',#6539,(#6544,#6551),.PCURVE_S1.);
#6539 = CIRCLE('',#6540,17.5);
#6540 = AXIS2_PLACEMENT_3D('',#6541,#6542,#6543);
#6541 = CARTESIAN_POINT('',(-20.,34.64,0.));
#6542 = DIRECTION('',(-0.500011000363,0.866019052629,0.));
#6543 = DIRECTION('',(0.866019052629,0.500011000363,0.));
#6544 = PCURVE('',#1033,#6545);
#6545 = DEFINITIONAL_REPRESENTATION('',(#6546),#6550);
#6546 = LINE('',#6547,#6548);
#6547 = CARTESIAN_POINT('',(0.,4.99988999879));
#6548 = VECTOR('',#6549,1.);
#6549 = DIRECTION('',(1.,0.));
#6550 = ( GEOMETRIC_REPRESENTATION_CONTEXT(2) 
PARAMETRIC_REPRESENTATION_CONTEXT() REPRESENTATION_CONTEXT('2D SPACE',''
  ) );
#6551 = PCURVE('',#1007,#6552);
#6552 = DEFINITIONAL_REPRESENTATION('',(#6553),#6557);
#6553 = CIRCLE('',#6554,17.5);
#6554 = AXIS2_PLACEMENT_2D('',#6555,#6556);
#6555 = CARTESIAN_POINT('',(0.,0.));
#6556 = DIRECTION('',(1.,0.));
#6557 = ( GEOMETRIC_REPRESENTATION_CONTEXT(2) 
PARAMETRIC_REPRESENTATION_CONTEXT() REPRESENTATION_CONTEXT('2D SPACE',''
  ) );
#6558 = ORIENTED_EDGE('',*,*,#1018,.F.);
#6559 = ORIENTED_EDGE('',*,*,#6560,.T.);
#6560 = EDGE_CURVE('',#1019,#6350,#6561,.T.);
#6561 = SURFACE_CURVE('',#6562,(#6567,#6574),.PCURVE_S1.);
#6562 = CIRCLE('',#6563,17.5);
#6563 = AXIS2_PLACEMENT_3D('',#6564,#6565,#6566);
#6564 = CARTESIAN_POINT('',(-17.5,30.31,0.));
#6565 = DIRECTION('',(-0.500011000363,0.866019052629,0.));
#6566 = DIRECTION('',(0.866019052629,0.500011000363,0.));
#6567 = PCURVE('',#1033,#6568);
#6568 = DEFINITIONAL_REPRESENTATION('',(#6569),#6573);
#6569 = LINE('',#6570,#6571);
#6570 = CARTESIAN_POINT('',(0.,0.));
#6571 = VECTOR('',#6572,1.);
#6572 = DIRECTION('',(1.,0.));
#6573 = ( GEOMETRIC_REPRESENTATION_CONTEXT(2) 
PARAMETRIC_REPRESENTATION_CONTEXT() REPRESENTATION_CONTEXT('2D SPACE',''
  ) );
#6574 = PCURVE('',#1059,#6575);
#6575 = DEFINITIONAL_REPRESENTATION('',(#6576),#6580);
#6576 = CIRCLE('',#6577,17.5);
#6577 = AXIS2_PLACEMENT_2D('',#6578,#6579);
#6578 = CARTESIAN_POINT('',(0.,0.));
#6579 = DIRECTION('',(1.,0.));
#6580 = ( GEOMETRIC_REPRESENTATION_CONTEXT(2) 
PARAMETRIC_REPRESENTATION_CONTEXT() REPRESENTATION_CONTEXT('2D SPACE',''
  ) );
#6581 = FACE_BOUND('',#6582,.F.);
#6582 = EDGE_LOOP('',(#6583));
#6583 = ORIENTED_EDGE('',*,*,#6584,.F.);
#6584 = EDGE_CURVE('',#6585,#6585,#6587,.T.);
#6585 = VERTEX_POINT('',#6586);
#6586 = CARTESIAN_POINT('',(-32.9,60.62,17.405244856426));
#6587 = SURFACE_CURVE('',#6588,(#6647,#6709),.PCURVE_S1.);
#6588 = B_SPLINE_CURVE_WITH_KNOTS('',8,(#6589,#6590,#6591,#6592,#6593,
    #6594,#6595,#6596,#6597,#6598,#6599,#6600,#6601,#6602,#6603,#6604,
    #6605,#6606,#6607,#6608,#6609,#6610,#6611,#6612,#6613,#6614,#6615,
    #6616,#6617,#6618,#6619,#6620,#6621,#6622,#6623,#6624,#6625,#6626,
    #6627,#6628,#6629,#6630,#6631,#6632,#6633,#6634,#6635,#6636,#6637,
    #6638,#6639,#6640,#6641,#6642,#6643,#6644,#6645,#6646),
  .UNSPECIFIED.,.T.,.F.,(9,7,7,7,7,7,7,7,9),(0.,0.109580353006,
    0.279036798255,0.434777711105,0.542922208122,0.651069086467,
    0.760159744749,0.865286914116,1.),.UNSPECIFIED.);
#6589 = CARTESIAN_POINT('',(-32.9,60.62,17.405244856426));
#6590 = CARTESIAN_POINT('',(-32.9,60.761385287649,17.397858157756));
#6591 = CARTESIAN_POINT('',(-32.91087861422,60.900445487211,
    17.391245566863));
#6592 = CARTESIAN_POINT('',(-32.93201062357,61.036643402652,
    17.38555192814));
#6593 = CARTESIAN_POINT('',(-32.96286649685,61.169530917725,
    17.380882916726));
#6594 = CARTESIAN_POINT('',(-33.00300498788,61.298719128197,
    17.377312255753));
#6595 = CARTESIAN_POINT('',(-33.05206613306,61.423849214599,
    17.374887029994));
#6596 = CARTESIAN_POINT('',(-33.10976464922,61.544564055521,
    17.373631095909));
#6597 = CARTESIAN_POINT('',(-33.27813111837,61.839735364686,
    17.373415904108));
#6598 = CARTESIAN_POINT('',(-33.40037248714,62.0072673021,
    17.376086483398));
#6599 = CARTESIAN_POINT('',(-33.54179632869,62.161862103488,
    17.381553038892));
#6600 = CARTESIAN_POINT('',(-33.7019442571,62.301921680433,
    17.389693256701));
#6601 = CARTESIAN_POINT('',(-33.88049902261,62.425353517304,
    17.400260042999));
#6602 = CARTESIAN_POINT('',(-34.07706898517,62.529441612603,
    17.412821590771));
#6603 = CARTESIAN_POINT('',(-34.29090543453,62.610676491077,
    17.426687084271));
#6604 = CARTESIAN_POINT('',(-34.73149071422,62.714008931242,
    17.453877835932));
#6605 = CARTESIAN_POINT('',(-34.96353586138,62.742176268781,
    17.467633963863));
#6606 = CARTESIAN_POINT('',(-35.2097477486,62.740782689788,
    17.480923673756));
#6607 = CARTESIAN_POINT('',(-35.46226491034,62.704745311605,
    17.492192964674));
#6608 = CARTESIAN_POINT('',(-35.71262789118,62.631934867308,
    17.49986685048));
#6609 = CARTESIAN_POINT('',(-35.95252899041,62.522852100028,
    17.502966498909));
#6610 = CARTESIAN_POINT('',(-36.17441157864,62.380405944214,
    17.501348020015));
#6611 = CARTESIAN_POINT('',(-36.50954761278,62.091116850762,
    17.491566897491));
#6612 = CARTESIAN_POINT('',(-36.63518108902,61.959003852362,
    17.485558386853));
#6613 = CARTESIAN_POINT('',(-36.74753828188,61.814687993373,
    17.477729810664));
#6614 = CARTESIAN_POINT('',(-36.84525490249,61.659729637625,
    17.468389874589));
#6615 = CARTESIAN_POINT('',(-36.92718603502,61.495865300331,
    17.457953561359));
#6616 = CARTESIAN_POINT('',(-36.99242808539,61.324976875535,
    17.446908807603));
#6617 = CARTESIAN_POINT('',(-37.04034462456,61.149059501933,
    17.435772302799));
#6618 = CARTESIAN_POINT('',(-37.1008482939,60.79131269347,
    17.414296281423));
#6619 = CARTESIAN_POINT('',(-37.11344466499,60.609423815773,
    17.403953705513));
#6620 = CARTESIAN_POINT('',(-37.10802635899,60.42658879566,
    17.394497273813));
#6621 = CARTESIAN_POINT('',(-37.0845385119,60.244897423043,
    17.386395181808));
#6622 = CARTESIAN_POINT('',(-37.04321412595,60.066422373709,
    17.380039505384));
#6623 = CARTESIAN_POINT('',(-36.98456182702,59.893181169728,
    17.375708240207));
#6624 = CARTESIAN_POINT('',(-36.90935752979,59.727099642613,
    17.373543104387));
#6625 = CARTESIAN_POINT('',(-36.72713081445,59.411482971644,
    17.373543104387));
#6626 = CARTESIAN_POINT('',(-36.61989891354,59.262212123441,
    17.375746343875));
#6627 = CARTESIAN_POINT('',(-36.49751117443,59.123062828288,
    17.380147892816));
#6628 = CARTESIAN_POINT('',(-36.36032722934,58.995146673312,
    17.386668357544));
#6629 = CARTESIAN_POINT('',(-36.20860396361,58.879855399674,
    17.395149218507));
#6630 = CARTESIAN_POINT('',(-36.0426070005,58.77894049909,
    17.405325925123));
#6631 = CARTESIAN_POINT('',(-35.86275083502,58.694613844247,
    17.416791051234));
#6632 = CARTESIAN_POINT('',(-35.48383839354,58.567101077304,
    17.44068646172));
#6633 = CARTESIAN_POINT('',(-35.28158317953,58.521140253063,
    17.45332722481));
#6634 = CARTESIAN_POINT('',(-35.06620912515,58.496874505689,
    17.466192193323));
#6635 = CARTESIAN_POINT('',(-34.84170277509,58.498235586729,
    17.478327842849));
#6636 = CARTESIAN_POINT('',(-34.61266064195,58.528061107872,
    17.48864028019));
#6637 = CARTESIAN_POINT('',(-34.38411189451,58.588149550935,
    17.496108539346));
#6638 = CARTESIAN_POINT('',(-34.16137604886,58.679305053205,17.5));
#6639 = CARTESIAN_POINT('',(-33.67908373269,58.957764820048,17.5));
#6640 = CARTESIAN_POINT('',(-33.44567207561,59.1540160073,
    17.493609763798));
#6641 = CARTESIAN_POINT('',(-33.25344026662,59.379357897991,
    17.481727604551));
#6642 = CARTESIAN_POINT('',(-33.10392040403,59.624029689731,
    17.466162624342));
#6643 = CARTESIAN_POINT('',(-32.99686441498,59.878780084944,
    17.449067816277));
#6644 = CARTESIAN_POINT('',(-32.93023245474,60.134871732784,
    17.432403978109));
#6645 = CARTESIAN_POINT('',(-32.9,60.384306173527,17.417558720926));
#6646 = CARTESIAN_POINT('',(-32.9,60.62,17.405244856426));
#6647 = PCURVE('',#1033,#6648);
#6648 = DEFINITIONAL_REPRESENTATION('',(#6649),#6708);
#6649 = B_SPLINE_CURVE_WITH_KNOTS('',8,(#6650,#6651,#6652,#6653,#6654,
    #6655,#6656,#6657,#6658,#6659,#6660,#6661,#6662,#6663,#6664,#6665,
    #6666,#6667,#6668,#6669,#6670,#6671,#6672,#6673,#6674,#6675,#6676,
    #6677,#6678,#6679,#6680,#6681,#6682,#6683,#6684,#6685,#6686,#6687,
    #6688,#6689,#6690,#6691,#6692,#6693,#6694,#6695,#6696,#6697,#6698,
    #6699,#6700,#6701,#6702,#6703,#6704,#6705,#6706,#6707),
  .UNSPECIFIED.,.T.,.F.,(9,7,7,7,7,7,7,7,9),(0.,0.109580353006,
    0.279036798255,0.434777711105,0.542922208122,0.651069086467,
    0.760159744749,0.865286914116,1.),.UNSPECIFIED.);
#6650 = CARTESIAN_POINT('',(4.816499239045,33.949206890767));
#6651 = CARTESIAN_POINT('',(4.820560899751,34.071649243633));
#6652 = CARTESIAN_POINT('',(4.82401645815,34.197517452697));
#6653 = CARTESIAN_POINT('',(4.826880661073,34.326033679534));
#6654 = CARTESIAN_POINT('',(4.829166187337,34.456545075509));
#6655 = CARTESIAN_POINT('',(4.830883200147,34.588494214206));
#6656 = CARTESIAN_POINT('',(4.83203888334,34.721390365368));
#6657 = CARTESIAN_POINT('',(4.832636961491,34.854781610325));
#6658 = CARTESIAN_POINT('',(4.832739435184,35.194590674519));
#6659 = CARTESIAN_POINT('',(4.831467644123,35.400798553327));
#6660 = CARTESIAN_POINT('',(4.828867289968,35.605394073255));
#6661 = CARTESIAN_POINT('',(4.824916407255,35.80676406128));
#6662 = CARTESIAN_POINT('',(4.819572910792,36.002937730634));
#6663 = CARTESIAN_POINT('',(4.81278170375,36.191367147938));
#6664 = CARTESIAN_POINT('',(4.804483503512,36.368638677391));
#6665 = CARTESIAN_POINT('',(4.785568841731,36.678424025771));
#6666 = CARTESIAN_POINT('',(4.774861986377,36.818842602906));
#6667 = CARTESIAN_POINT('',(4.762615724179,36.940744388977));
#6668 = CARTESIAN_POINT('',(4.749077486692,37.035796691512));
#6669 = CARTESIAN_POINT('',(4.734605557169,37.097925704021));
#6670 = CARTESIAN_POINT('',(4.719619851578,37.123411137859));
#6671 = CARTESIAN_POINT('',(4.704571339062,37.110993787856));
#6672 = CARTESIAN_POINT('',(4.679714658966,37.028035624895));
#6673 = CARTESIAN_POINT('',(4.669717524442,36.976441371318));
#6674 = CARTESIAN_POINT('',(4.660024708229,36.907640920237));
#6675 = CARTESIAN_POINT('',(4.650747300958,36.822303417018));
#6676 = CARTESIAN_POINT('',(4.641991356078,36.72136024641));
#6677 = CARTESIAN_POINT('',(4.633856049176,36.605989357537));
#6678 = CARTESIAN_POINT('',(4.626431340008,36.47760035699));
#6679 = CARTESIAN_POINT('',(4.613158788314,36.198037305076));
#6680 = CARTESIAN_POINT('',(4.607308788044,36.04681639564));
#6681 = CARTESIAN_POINT('',(4.602323755581,35.885768572133));
#6682 = CARTESIAN_POINT('',(4.598268366673,35.71667619983));
#6683 = CARTESIAN_POINT('',(4.595192473863,35.541450759127));
#6684 = CARTESIAN_POINT('',(4.593130213276,35.362093781115));
#6685 = CARTESIAN_POINT('',(4.59209909799,35.180661038454));
#6686 = CARTESIAN_POINT('',(4.59209909799,34.816215625838));
#6687 = CARTESIAN_POINT('',(4.593148267797,34.633327097249));
#6688 = CARTESIAN_POINT('',(4.595244211178,34.451625940621));
#6689 = CARTESIAN_POINT('',(4.598400241445,34.272254631658));
#6690 = CARTESIAN_POINT('',(4.602642137477,34.096546890208));
#6691 = CARTESIAN_POINT('',(4.608004855014,33.926152356026));
#6692 = CARTESIAN_POINT('',(4.61452859774,33.763193805064));
#6693 = CARTESIAN_POINT('',(4.629698040452,33.463304930526));
#6694 = CARTESIAN_POINT('',(4.638423523714,33.322372149171));
#6695 = CARTESIAN_POINT('',(4.64841474288,33.193668153235));
#6696 = CARTESIAN_POINT('',(4.659583660758,33.082591230668));
#6697 = CARTESIAN_POINT('',(4.671782052143,32.993897114117));
#6698 = CARTESIAN_POINT('',(4.684813161012,32.93165796281));
#6699 = CARTESIAN_POINT('',(4.698440151695,32.89922999153));
#6700 = CARTESIAN_POINT('',(4.730263424913,32.89922999153));
#6701 = CARTESIAN_POINT('',(4.747421527473,32.95247886264));
#6702 = CARTESIAN_POINT('',(4.763381621093,33.05151121422));
#6703 = CARTESIAN_POINT('',(4.777794899447,33.188640071439));
#6704 = CARTESIAN_POINT('',(4.790407466674,33.355729595178));
#6705 = CARTESIAN_POINT('',(4.80106389012,33.544193128329));
#6706 = CARTESIAN_POINT('',(4.809728319881,33.745091546455));
#6707 = CARTESIAN_POINT('',(4.816499239045,33.949206890767));
#6708 = ( GEOMETRIC_REPRESENTATION_CONTEXT(2) 
PARAMETRIC_REPRESENTATION_CONTEXT() REPRESENTATION_CONTEXT('2D SPACE',''
  ) );
#6709 = PCURVE('',#6259,#6710);
#6710 = DEFINITIONAL_REPRESENTATION('',(#6711),#6770);
#6711 = B_SPLINE_CURVE_WITH_KNOTS('',8,(#6712,#6713,#6714,#6715,#6716,
    #6717,#6718,#6719,#6720,#6721,#6722,#6723,#6724,#6725,#6726,#6727,
    #6728,#6729,#6730,#6731,#6732,#6733,#6734,#6735,#6736,#6737,#6738,
    #6739,#6740,#6741,#6742,#6743,#6744,#6745,#6746,#6747,#6748,#6749,
    #6750,#6751,#6752,#6753,#6754,#6755,#6756,#6757,#6758,#6759,#6760,
    #6761,#6762,#6763,#6764,#6765,#6766,#6767,#6768,#6769),
  .UNSPECIFIED.,.F.,.F.,(9,7,7,7,7,7,7,7,9),(0.,0.109580353006,
    0.279036798255,0.434777711105,0.542922208122,0.651069086467,
    0.760159744749,0.865286914116,1.),.UNSPECIFIED.);
#6712 = CARTESIAN_POINT('',(-8.881784197001E-16,37.405244856426));
#6713 = CARTESIAN_POINT('',(6.732632745185E-02,37.397858157756));
#6714 = CARTESIAN_POINT('',(0.133545614193,37.391245566863));
#6715 = CARTESIAN_POINT('',(0.198866397791,37.38555192814));
#6716 = CARTESIAN_POINT('',(0.263477376684,37.380882916726));
#6717 = CARTESIAN_POINT('',(0.327557037061,37.377312255753));
#6718 = CARTESIAN_POINT('',(0.391280792765,37.374887029994));
#6719 = CARTESIAN_POINT('',(0.454825638232,37.373631095909));
#6720 = CARTESIAN_POINT('',(0.61664169915,37.373415904108));
#6721 = CARTESIAN_POINT('',(0.714779093232,37.376086483398));
#6722 = CARTESIAN_POINT('',(0.813538792734,37.381553038892));
#6723 = CARTESIAN_POINT('',(0.913577320655,37.389693256701));
#6724 = CARTESIAN_POINT('',(1.015557661552,37.400260042999));
#6725 = CARTESIAN_POINT('',(1.120163485335,37.412821590771));
#6726 = CARTESIAN_POINT('',(1.228133436839,37.426687084271));
#6727 = CARTESIAN_POINT('',(1.443628953925,37.453877835932));
#6728 = CARTESIAN_POINT('',(1.554270347684,37.467633963863));
#6729 = CARTESIAN_POINT('',(1.669939184961,37.480923673756));
#6730 = CARTESIAN_POINT('',(1.789133290702,37.492192964674));
#6731 = CARTESIAN_POINT('',(1.910821812911,37.49986685048));
#6732 = CARTESIAN_POINT('',(2.034174963181,37.502966498909));
#6733 = CARTESIAN_POINT('',(2.158480301121,37.501348020015));
#6734 = CARTESIAN_POINT('',(2.369301146369,37.491566897491));
#6735 = CARTESIAN_POINT('',(2.455695985192,37.485558386853));
#6736 = CARTESIAN_POINT('',(2.542085457908,37.477729810664));
#6737 = CARTESIAN_POINT('',(2.628473443541,37.468389874589));
#6738 = CARTESIAN_POINT('',(2.714865728137,37.457953561359));
#6739 = CARTESIAN_POINT('',(2.801265295676,37.446908807603));
#6740 = CARTESIAN_POINT('',(2.887667304261,37.435772302799));
#6741 = CARTESIAN_POINT('',(3.060442093097,37.414296281423));
#6742 = CARTESIAN_POINT('',(3.146843153843,37.403953705513));
#6743 = CARTESIAN_POINT('',(3.233241038658,37.394497273813));
#6744 = CARTESIAN_POINT('',(3.319632349984,37.386395181808));
#6745 = CARTESIAN_POINT('',(3.406020810542,37.380039505384));
#6746 = CARTESIAN_POINT('',(3.492412027584,37.375708240207));
#6747 = CARTESIAN_POINT('',(3.578808394729,37.373543104387));
#6748 = CARTESIAN_POINT('',(3.752353829308,37.373543104387));
#6749 = CARTESIAN_POINT('',(3.839443478257,37.375746343875));
#6750 = CARTESIAN_POINT('',(3.926976902139,37.380147892816));
#6751 = CARTESIAN_POINT('',(4.015411397348,37.386668357544));
#6752 = CARTESIAN_POINT('',(4.105207397258,37.395149218507));
#6753 = CARTESIAN_POINT('',(4.196840208161,37.405325925123));
#6754 = CARTESIAN_POINT('',(4.290820525805,37.416791051234));
#6755 = CARTESIAN_POINT('',(4.481197966896,37.44068646172));
#6756 = CARTESIAN_POINT('',(4.579460400714,37.45332722481));
#6757 = CARTESIAN_POINT('',(4.681590854137,37.466192193323));
#6758 = CARTESIAN_POINT('',(4.786977837423,37.478327842849));
#6759 = CARTESIAN_POINT('',(4.895250279603,37.48864028019));
#6760 = CARTESIAN_POINT('',(5.006202079918,37.496108539346));
#6761 = CARTESIAN_POINT('',(5.119760219072,37.5));
#6762 = CARTESIAN_POINT('',(5.384954162559,37.5));
#6763 = CARTESIAN_POINT('',(5.527939597477,37.493609763798));
#6764 = CARTESIAN_POINT('',(5.665897917873,37.481727604551));
#6765 = CARTESIAN_POINT('',(5.799242198865,37.466162624342));
#6766 = CARTESIAN_POINT('',(5.928067208146,37.449067816277));
#6767 = CARTESIAN_POINT('',(6.052172612716,37.432403978109));
#6768 = CARTESIAN_POINT('',(6.170950151716,37.417558720926));
#6769 = CARTESIAN_POINT('',(6.28318530718,37.405244856426));
#6770 = ( GEOMETRIC_REPRESENTATION_CONTEXT(2) 
PARAMETRIC_REPRESENTATION_CONTEXT() REPRESENTATION_CONTEXT('2D SPACE',''
  ) );
#6771 = FACE_BOUND('',#6772,.F.);
#6772 = EDGE_LOOP('',(#6773));
#6773 = ORIENTED_EDGE('',*,*,#6774,.T.);
#6774 = EDGE_CURVE('',#6775,#6775,#6777,.T.);
#6775 = VERTEX_POINT('',#6776);
#6776 = CARTESIAN_POINT('',(-32.9,60.62,-17.40524485642));
#6777 = SURFACE_CURVE('',#6778,(#6837,#6899),.PCURVE_S1.);
#6778 = B_SPLINE_CURVE_WITH_KNOTS('',8,(#6779,#6780,#6781,#6782,#6783,
    #6784,#6785,#6786,#6787,#6788,#6789,#6790,#6791,#6792,#6793,#6794,
    #6795,#6796,#6797,#6798,#6799,#6800,#6801,#6802,#6803,#6804,#6805,
    #6806,#6807,#6808,#6809,#6810,#6811,#6812,#6813,#6814,#6815,#6816,
    #6817,#6818,#6819,#6820,#6821,#6822,#6823,#6824,#6825,#6826,#6827,
    #6828,#6829,#6830,#6831,#6832,#6833,#6834,#6835,#6836),
  .UNSPECIFIED.,.T.,.F.,(9,7,7,7,7,7,7,7,9),(0.,0.109580355085,
    0.279036803547,0.434777719351,0.542922218419,0.651069098815,
    0.760159755717,0.865286920277,1.),.UNSPECIFIED.);
#6779 = CARTESIAN_POINT('',(-32.9,60.62,-17.40524485642));
#6780 = CARTESIAN_POINT('',(-32.9,60.761385287649,-17.39785815775));
#6781 = CARTESIAN_POINT('',(-32.91087861422,60.900445487211,
    -17.39124556686));
#6782 = CARTESIAN_POINT('',(-32.93201062357,61.036643402652,
    -17.38555192814));
#6783 = CARTESIAN_POINT('',(-32.96286649685,61.169530917725,
    -17.38088291672));
#6784 = CARTESIAN_POINT('',(-33.00300498788,61.298719128197,
    -17.37731225575));
#6785 = CARTESIAN_POINT('',(-33.05206613306,61.423849214599,
    -17.37488702999));
#6786 = CARTESIAN_POINT('',(-33.10976464922,61.544564055521,
    -17.3736310959));
#6787 = CARTESIAN_POINT('',(-33.27813111837,61.839735364686,
    -17.3734159041));
#6788 = CARTESIAN_POINT('',(-33.40037248714,62.007267302101,
    -17.37608648339));
#6789 = CARTESIAN_POINT('',(-33.54179632869,62.161862103488,
    -17.38155303889));
#6790 = CARTESIAN_POINT('',(-33.7019442571,62.301921680433,
    -17.3896932567));
#6791 = CARTESIAN_POINT('',(-33.88049902261,62.425353517304,
    -17.40026004299));
#6792 = CARTESIAN_POINT('',(-34.07706898517,62.529441612603,
    -17.41282159077));
#6793 = CARTESIAN_POINT('',(-34.29090543453,62.610676491077,
    -17.42668708427));
#6794 = CARTESIAN_POINT('',(-34.73149071422,62.714008931242,
    -17.45387783593));
#6795 = CARTESIAN_POINT('',(-34.96353586138,62.742176268782,
    -17.46763396386));
#6796 = CARTESIAN_POINT('',(-35.2097477486,62.740782689787,
    -17.48092367375));
#6797 = CARTESIAN_POINT('',(-35.46226491034,62.704745311606,
    -17.49219296467));
#6798 = CARTESIAN_POINT('',(-35.71262789118,62.631934867307,
    -17.49986685048));
#6799 = CARTESIAN_POINT('',(-35.95252899041,62.522852100028,
    -17.5029664989));
#6800 = CARTESIAN_POINT('',(-36.17441157864,62.380405944214,
    -17.50134802001));
#6801 = CARTESIAN_POINT('',(-36.50954761278,62.091116850762,
    -17.49156689749));
#6802 = CARTESIAN_POINT('',(-36.63518108902,61.959003852362,
    -17.48555838685));
#6803 = CARTESIAN_POINT('',(-36.74753828188,61.814687993373,
    -17.47772981066));
#6804 = CARTESIAN_POINT('',(-36.84525490249,61.659729637625,
    -17.46838987458));
#6805 = CARTESIAN_POINT('',(-36.92718603502,61.495865300331,
    -17.45795356135));
#6806 = CARTESIAN_POINT('',(-36.99242808539,61.324976875534,
    -17.4469088076));
#6807 = CARTESIAN_POINT('',(-37.04034462456,61.149059501933,
    -17.43577230279));
#6808 = CARTESIAN_POINT('',(-37.1008482939,60.79131269347,
    -17.41429628142));
#6809 = CARTESIAN_POINT('',(-37.11344466499,60.609423815773,
    -17.40395370551));
#6810 = CARTESIAN_POINT('',(-37.10802635899,60.42658879566,
    -17.39449727381));
#6811 = CARTESIAN_POINT('',(-37.08453851191,60.244897423043,
    -17.3863951818));
#6812 = CARTESIAN_POINT('',(-37.04321412595,60.066422373709,
    -17.38003950538));
#6813 = CARTESIAN_POINT('',(-36.98456182702,59.893181169728,
    -17.3757082402));
#6814 = CARTESIAN_POINT('',(-36.90935752979,59.727099642613,
    -17.37354310438));
#6815 = CARTESIAN_POINT('',(-36.72713081734,59.411482976655,
    -17.37354310438));
#6816 = CARTESIAN_POINT('',(-36.61989890939,59.262212113745,
    -17.37574634377));
#6817 = CARTESIAN_POINT('',(-36.4975111713,59.123062831529,
    -17.38014789319));
#6818 = CARTESIAN_POINT('',(-36.36032723674,58.995146679147,
    -17.38666835721));
#6819 = CARTESIAN_POINT('',(-36.20860396673,58.879855396477,
    -17.39514921812));
#6820 = CARTESIAN_POINT('',(-36.04260698879,58.778940496333,
    -17.40532592592));
#6821 = CARTESIAN_POINT('',(-35.8627508414,58.694613846396,
    -17.41679105083));
#6822 = CARTESIAN_POINT('',(-35.48383839354,58.567101077304,
    -17.44068646172));
#6823 = CARTESIAN_POINT('',(-35.28158317953,58.521140253063,
    -17.45332722481));
#6824 = CARTESIAN_POINT('',(-35.06620912515,58.496874505689,
    -17.46619219332));
#6825 = CARTESIAN_POINT('',(-34.84170277509,58.498235586729,
    -17.47832784284));
#6826 = CARTESIAN_POINT('',(-34.61266064195,58.528061107872,
    -17.48864028019));
#6827 = CARTESIAN_POINT('',(-34.38411189451,58.588149550935,
    -17.49610853934));
#6828 = CARTESIAN_POINT('',(-34.16137604886,58.679305053205,-17.5));
#6829 = CARTESIAN_POINT('',(-33.67908373269,58.957764820048,-17.5));
#6830 = CARTESIAN_POINT('',(-33.44567207561,59.154016007301,
    -17.49360976379));
#6831 = CARTESIAN_POINT('',(-33.25344026662,59.379357897991,
    -17.48172760455));
#6832 = CARTESIAN_POINT('',(-33.10392040403,59.624029689731,
    -17.46616262434));
#6833 = CARTESIAN_POINT('',(-32.99686441498,59.878780084945,
    -17.44906781627));
#6834 = CARTESIAN_POINT('',(-32.93023245474,60.134871732783,
    -17.4324039781));
#6835 = CARTESIAN_POINT('',(-32.9,60.384306173527,-17.41755872092));
#6836 = CARTESIAN_POINT('',(-32.9,60.62,-17.40524485642));
#6837 = PCURVE('',#1033,#6838);
#6838 = DEFINITIONAL_REPRESENTATION('',(#6839),#6898);
#6839 = B_SPLINE_CURVE_WITH_KNOTS('',8,(#6840,#6841,#6842,#6843,#6844,
    #6845,#6846,#6847,#6848,#6849,#6850,#6851,#6852,#6853,#6854,#6855,
    #6856,#6857,#6858,#6859,#6860,#6861,#6862,#6863,#6864,#6865,#6866,
    #6867,#6868,#6869,#6870,#6871,#6872,#6873,#6874,#6875,#6876,#6877,
    #6878,#6879,#6880,#6881,#6882,#6883,#6884,#6885,#6886,#6887,#6888,
    #6889,#6890,#6891,#6892,#6893,#6894,#6895,#6896,#6897),
  .UNSPECIFIED.,.T.,.F.,(9,7,7,7,7,7,7,7,9),(0.,0.109580355085,
    0.279036803547,0.434777719351,0.542922218419,0.651069098815,
    0.760159755717,0.865286920277,1.),.UNSPECIFIED.);
#6840 = CARTESIAN_POINT('',(1.466686068135,33.949206890767));
#6841 = CARTESIAN_POINT('',(1.462624407429,34.071649243633));
#6842 = CARTESIAN_POINT('',(1.45916884903,34.197517452697));
#6843 = CARTESIAN_POINT('',(1.456304646107,34.326033679534));
#6844 = CARTESIAN_POINT('',(1.454019119843,34.456545075509));
#6845 = CARTESIAN_POINT('',(1.452302107033,34.588494214206));
#6846 = CARTESIAN_POINT('',(1.45114642384,34.721390365368));
#6847 = CARTESIAN_POINT('',(1.450548345688,34.854781610325));
#6848 = CARTESIAN_POINT('',(1.450445871996,35.194590674519));
#6849 = CARTESIAN_POINT('',(1.451717663057,35.400798553328));
#6850 = CARTESIAN_POINT('',(1.454318017211,35.605394073254));
#6851 = CARTESIAN_POINT('',(1.458268899924,35.80676406128));
#6852 = CARTESIAN_POINT('',(1.463612396388,36.002937730634));
#6853 = CARTESIAN_POINT('',(1.47040360343,36.191367147937));
#6854 = CARTESIAN_POINT('',(1.478701803668,36.368638677391));
#6855 = CARTESIAN_POINT('',(1.497616465449,36.678424025771));
#6856 = CARTESIAN_POINT('',(1.508323320802,36.818842602906));
#6857 = CARTESIAN_POINT('',(1.520569583001,36.940744388976));
#6858 = CARTESIAN_POINT('',(1.534107820487,37.035796691513));
#6859 = CARTESIAN_POINT('',(1.548579750011,37.097925704021));
#6860 = CARTESIAN_POINT('',(1.563565455601,37.123411137859));
#6861 = CARTESIAN_POINT('',(1.578613968118,37.110993787856));
#6862 = CARTESIAN_POINT('',(1.603470648213,37.028035624895));
#6863 = CARTESIAN_POINT('',(1.613467782737,36.976441371318));
#6864 = CARTESIAN_POINT('',(1.623160598951,36.907640920237));
#6865 = CARTESIAN_POINT('',(1.632438006222,36.822303417018));
#6866 = CARTESIAN_POINT('',(1.641193951102,36.72136024641));
#6867 = CARTESIAN_POINT('',(1.649329258004,36.605989357537));
#6868 = CARTESIAN_POINT('',(1.656753967172,36.47760035699));
#6869 = CARTESIAN_POINT('',(1.670026518866,36.198037305076));
#6870 = CARTESIAN_POINT('',(1.675876519136,36.04681639564));
#6871 = CARTESIAN_POINT('',(1.680861551599,35.885768572133));
#6872 = CARTESIAN_POINT('',(1.684916940506,35.71667619983));
#6873 = CARTESIAN_POINT('',(1.687992833316,35.541450759127));
#6874 = CARTESIAN_POINT('',(1.690055093904,35.362093781115));
#6875 = CARTESIAN_POINT('',(1.69108620919,35.180661038454));
#6876 = CARTESIAN_POINT('',(1.69108620919,34.816215631624));
#6877 = CARTESIAN_POINT('',(1.690037039455,34.633327086778));
#6878 = CARTESIAN_POINT('',(1.687941095753,34.451625941865));
#6879 = CARTESIAN_POINT('',(1.684785065935,34.272254640408));
#6880 = CARTESIAN_POINT('',(1.680543169949,34.096546888997));
#6881 = CARTESIAN_POINT('',(1.675180451663,33.926152347784));
#6882 = CARTESIAN_POINT('',(1.668656709695,33.763193810116));
#6883 = CARTESIAN_POINT('',(1.653487266728,33.463304930526));
#6884 = CARTESIAN_POINT('',(1.644761783465,33.322372149171));
#6885 = CARTESIAN_POINT('',(1.6347705643,33.193668153235));
#6886 = CARTESIAN_POINT('',(1.623601646422,33.082591230668));
#6887 = CARTESIAN_POINT('',(1.611403255037,32.993897114117));
#6888 = CARTESIAN_POINT('',(1.598372146168,32.93165796281));
#6889 = CARTESIAN_POINT('',(1.584745155485,32.89922999153));
#6890 = CARTESIAN_POINT('',(1.552921882266,32.89922999153));
#6891 = CARTESIAN_POINT('',(1.535763779707,32.952478862641));
#6892 = CARTESIAN_POINT('',(1.519803686087,33.051511214219));
#6893 = CARTESIAN_POINT('',(1.505390407733,33.188640071439));
#6894 = CARTESIAN_POINT('',(1.492777840505,33.355729595179));
#6895 = CARTESIAN_POINT('',(1.48212141706,33.544193128328));
#6896 = CARTESIAN_POINT('',(1.473456987299,33.745091546455));
#6897 = CARTESIAN_POINT('',(1.466686068135,33.949206890767));
#6898 = ( GEOMETRIC_REPRESENTATION_CONTEXT(2) 
PARAMETRIC_REPRESENTATION_CONTEXT() REPRESENTATION_CONTEXT('2D SPACE',''
  ) );
#6899 = PCURVE('',#6900,#6905);
#6900 = CYLINDRICAL_SURFACE('',#6901,2.1);
#6901 = AXIS2_PLACEMENT_3D('',#6902,#6903,#6904);
#6902 = CARTESIAN_POINT('',(-35.,60.62,-20.));
#6903 = DIRECTION('',(0.,0.,1.));
#6904 = DIRECTION('',(1.,0.,-0.));
#6905 = DEFINITIONAL_REPRESENTATION('',(#6906),#6965);
#6906 = B_SPLINE_CURVE_WITH_KNOTS('',8,(#6907,#6908,#6909,#6910,#6911,
    #6912,#6913,#6914,#6915,#6916,#6917,#6918,#6919,#6920,#6921,#6922,
    #6923,#6924,#6925,#6926,#6927,#6928,#6929,#6930,#6931,#6932,#6933,
    #6934,#6935,#6936,#6937,#6938,#6939,#6940,#6941,#6942,#6943,#6944,
    #6945,#6946,#6947,#6948,#6949,#6950,#6951,#6952,#6953,#6954,#6955,
    #6956,#6957,#6958,#6959,#6960,#6961,#6962,#6963,#6964),
  .UNSPECIFIED.,.F.,.F.,(9,7,7,7,7,7,7,7,9),(0.,0.109580355085,
    0.279036803547,0.434777719351,0.542922218419,0.651069098815,
    0.760159755717,0.865286920277,1.),.UNSPECIFIED.);
#6907 = CARTESIAN_POINT('',(-8.881784197001E-16,2.594755143574));
#6908 = CARTESIAN_POINT('',(6.732632745186E-02,2.602141842244));
#6909 = CARTESIAN_POINT('',(0.133545614193,2.608754433137));
#6910 = CARTESIAN_POINT('',(0.198866397791,2.61444807186));
#6911 = CARTESIAN_POINT('',(0.263477376684,2.619117083274));
#6912 = CARTESIAN_POINT('',(0.327557037061,2.622687744247));
#6913 = CARTESIAN_POINT('',(0.391280792765,2.625112970006));
#6914 = CARTESIAN_POINT('',(0.454825638232,2.626368904091));
#6915 = CARTESIAN_POINT('',(0.61664169915,2.626584095892));
#6916 = CARTESIAN_POINT('',(0.714779093232,2.623913516602));
#6917 = CARTESIAN_POINT('',(0.813538792734,2.618446961108));
#6918 = CARTESIAN_POINT('',(0.913577320655,2.610306743299));
#6919 = CARTESIAN_POINT('',(1.015557661553,2.599739957001));
#6920 = CARTESIAN_POINT('',(1.120163485335,2.587178409229));
#6921 = CARTESIAN_POINT('',(1.228133436839,2.573312915729));
#6922 = CARTESIAN_POINT('',(1.443628953925,2.546122164068));
#6923 = CARTESIAN_POINT('',(1.554270347684,2.532366036137));
#6924 = CARTESIAN_POINT('',(1.669939184962,2.519076326244));
#6925 = CARTESIAN_POINT('',(1.789133290701,2.507807035326));
#6926 = CARTESIAN_POINT('',(1.910821812912,2.500133149519));
#6927 = CARTESIAN_POINT('',(2.034174963181,2.497033501091));
#6928 = CARTESIAN_POINT('',(2.158480301121,2.498651979985));
#6929 = CARTESIAN_POINT('',(2.369301146369,2.508433102509));
#6930 = CARTESIAN_POINT('',(2.455695985193,2.514441613147));
#6931 = CARTESIAN_POINT('',(2.542085457908,2.522270189336));
#6932 = CARTESIAN_POINT('',(2.628473443541,2.531610125411));
#6933 = CARTESIAN_POINT('',(2.714865728137,2.542046438641));
#6934 = CARTESIAN_POINT('',(2.801265295676,2.553091192397));
#6935 = CARTESIAN_POINT('',(2.887667304261,2.564227697201));
#6936 = CARTESIAN_POINT('',(3.060442093097,2.585703718577));
#6937 = CARTESIAN_POINT('',(3.146843153843,2.596046294487));
#6938 = CARTESIAN_POINT('',(3.233241038658,2.605502726187));
#6939 = CARTESIAN_POINT('',(3.319632349984,2.613604818192));
#6940 = CARTESIAN_POINT('',(3.406020810542,2.619960494616));
#6941 = CARTESIAN_POINT('',(3.492412027584,2.624291759793));
#6942 = CARTESIAN_POINT('',(3.578808394729,2.626456895613));
#6943 = CARTESIAN_POINT('',(3.752353826553,2.626456895613));
#6944 = CARTESIAN_POINT('',(3.839443482946,2.624253656221));
#6945 = CARTESIAN_POINT('',(3.926976902362,2.619852106804));
#6946 = CARTESIAN_POINT('',(4.015411392624,2.613331642788));
#6947 = CARTESIAN_POINT('',(4.105207397053,2.604850781877));
#6948 = CARTESIAN_POINT('',(4.196840213613,2.594674074074));
#6949 = CARTESIAN_POINT('',(4.290820522597,2.583208949169));
#6950 = CARTESIAN_POINT('',(4.481197966896,2.55931353828));
#6951 = CARTESIAN_POINT('',(4.579460400714,2.54667277519));
#6952 = CARTESIAN_POINT('',(4.681590854137,2.533807806677));
#6953 = CARTESIAN_POINT('',(4.786977837423,2.521672157151));
#6954 = CARTESIAN_POINT('',(4.895250279603,2.51135971981));
#6955 = CARTESIAN_POINT('',(5.006202079918,2.503891460654));
#6956 = CARTESIAN_POINT('',(5.119760219072,2.5));
#6957 = CARTESIAN_POINT('',(5.384954162558,2.5));
#6958 = CARTESIAN_POINT('',(5.527939597477,2.506390236202));
#6959 = CARTESIAN_POINT('',(5.665897917872,2.518272395449));
#6960 = CARTESIAN_POINT('',(5.799242198865,2.533837375658));
#6961 = CARTESIAN_POINT('',(5.928067208147,2.550932183723));
#6962 = CARTESIAN_POINT('',(6.052172612715,2.567596021891));
#6963 = CARTESIAN_POINT('',(6.170950151716,2.582441279074));
#6964 = CARTESIAN_POINT('',(6.28318530718,2.594755143574));
#6965 = ( GEOMETRIC_REPRESENTATION_CONTEXT(2) 
PARAMETRIC_REPRESENTATION_CONTEXT() REPRESENTATION_CONTEXT('2D SPACE',''
  ) );
#6966 = ADVANCED_FACE('',(#6967),#1195,.F.);
#6967 = FACE_BOUND('',#6968,.F.);
#6968 = EDGE_LOOP('',(#6969,#6970,#6971,#6972,#6973));
#6969 = ORIENTED_EDGE('',*,*,#6374,.T.);
#6970 = ORIENTED_EDGE('',*,*,#6445,.T.);
#6971 = ORIENTED_EDGE('',*,*,#2833,.T.);
#6972 = ORIENTED_EDGE('',*,*,#6399,.T.);
#6973 = ORIENTED_EDGE('',*,*,#1180,.F.);
#6974 = ADVANCED_FACE('',(#6975),#1007,.F.);
#6975 = FACE_BOUND('',#6976,.F.);
#6976 = EDGE_LOOP('',(#6977,#6978,#6979,#6980));
#6977 = ORIENTED_EDGE('',*,*,#1091,.T.);
#6978 = ORIENTED_EDGE('',*,*,#6125,.T.);
#6979 = ORIENTED_EDGE('',*,*,#992,.T.);
#6980 = ORIENTED_EDGE('',*,*,#6537,.F.);
#6981 = ADVANCED_FACE('',(#6982),#1059,.T.);
#6982 = FACE_BOUND('',#6983,.T.);
#6983 = EDGE_LOOP('',(#6984,#6985,#6986,#6987,#6988));
#6984 = ORIENTED_EDGE('',*,*,#6560,.T.);
#6985 = ORIENTED_EDGE('',*,*,#6468,.T.);
#6986 = ORIENTED_EDGE('',*,*,#2702,.T.);
#6987 = ORIENTED_EDGE('',*,*,#6514,.T.);
#6988 = ORIENTED_EDGE('',*,*,#1044,.F.);
#6989 = ADVANCED_FACE('',(#6990,#7046),#1265,.T.);
#6990 = FACE_BOUND('',#6991,.T.);
#6991 = EDGE_LOOP('',(#6992,#7018,#7019,#7045));
#6992 = ORIENTED_EDGE('',*,*,#6993,.T.);
#6993 = EDGE_CURVE('',#1251,#1397,#6994,.T.);
#6994 = SURFACE_CURVE('',#6995,(#7000,#7007),.PCURVE_S1.);
#6995 = CIRCLE('',#6996,19.5);
#6996 = AXIS2_PLACEMENT_3D('',#6997,#6998,#6999);
#6997 = CARTESIAN_POINT('',(100.,0.,0.));
#6998 = DIRECTION('',(-1.,0.,0.));
#6999 = DIRECTION('',(0.,-0.966568042306,0.25641025641));
#7000 = PCURVE('',#1265,#7001);
#7001 = DEFINITIONAL_REPRESENTATION('',(#7002),#7006);
#7002 = LINE('',#7003,#7004);
#7003 = CARTESIAN_POINT('',(7.594675177702,60.));
#7004 = VECTOR('',#7005,1.);
#7005 = DIRECTION('',(-1.,-0.));
#7006 = ( GEOMETRIC_REPRESENTATION_CONTEXT(2) 
PARAMETRIC_REPRESENTATION_CONTEXT() REPRESENTATION_CONTEXT('2D SPACE',''
  ) );
#7007 = PCURVE('',#1432,#7008);
#7008 = DEFINITIONAL_REPRESENTATION('',(#7009),#7017);
#7009 = ( BOUNDED_CURVE() B_SPLINE_CURVE(2,(#7010,#7011,#7012,#7013,
#7014,#7015,#7016),.UNSPECIFIED.,.T.,.F.) B_SPLINE_CURVE_WITH_KNOTS((1,2
    ,2,2,2,1),(-2.094395102393,0.,2.094395102393,4.188790204786,
6.28318530718,8.377580409573),.UNSPECIFIED.) CURVE() 
GEOMETRIC_REPRESENTATION_ITEM() RATIONAL_B_SPLINE_CURVE((1.,0.5,1.,0.5,
1.,0.5,1.)) REPRESENTATION_ITEM('') );
#7010 = CARTESIAN_POINT('',(5.,18.848076824971));
#7011 = CARTESIAN_POINT('',(37.645826685811,10.187822787126));
#7012 = CARTESIAN_POINT('',(13.822913342905,-13.7541654314));
#7013 = CARTESIAN_POINT('',(-10.,-37.69615364994));
#7014 = CARTESIAN_POINT('',(-18.8229133429,-5.093911393563));
#7015 = CARTESIAN_POINT('',(-27.64582668581,27.508330862815));
#7016 = CARTESIAN_POINT('',(5.,18.848076824971));
#7017 = ( GEOMETRIC_REPRESENTATION_CONTEXT(2) 
PARAMETRIC_REPRESENTATION_CONTEXT() REPRESENTATION_CONTEXT('2D SPACE',''
  ) );
#7018 = ORIENTED_EDGE('',*,*,#1396,.F.);
#7019 = ORIENTED_EDGE('',*,*,#7020,.F.);
#7020 = EDGE_CURVE('',#1249,#1376,#7021,.T.);
#7021 = SURFACE_CURVE('',#7022,(#7027,#7034),.PCURVE_S1.);
#7022 = CIRCLE('',#7023,19.5);
#7023 = AXIS2_PLACEMENT_3D('',#7024,#7025,#7026);
#7024 = CARTESIAN_POINT('',(40.,0.,0.));
#7025 = DIRECTION('',(-1.,0.,0.));
#7026 = DIRECTION('',(0.,-0.966568042306,0.25641025641));
#7027 = PCURVE('',#1265,#7028);
#7028 = DEFINITIONAL_REPRESENTATION('',(#7029),#7033);
#7029 = LINE('',#7030,#7031);
#7030 = CARTESIAN_POINT('',(7.594675177702,0.));
#7031 = VECTOR('',#7032,1.);
#7032 = DIRECTION('',(-1.,-0.));
#7033 = ( GEOMETRIC_REPRESENTATION_CONTEXT(2) 
PARAMETRIC_REPRESENTATION_CONTEXT() REPRESENTATION_CONTEXT('2D SPACE',''
  ) );
#7034 = PCURVE('',#1291,#7035);
#7035 = DEFINITIONAL_REPRESENTATION('',(#7036),#7044);
#7036 = ( BOUNDED_CURVE() B_SPLINE_CURVE(2,(#7037,#7038,#7039,#7040,
#7041,#7042,#7043),.UNSPECIFIED.,.T.,.F.) B_SPLINE_CURVE_WITH_KNOTS((1,2
    ,2,2,2,1),(-2.094395102393,0.,2.094395102393,4.188790204786,
6.28318530718,8.377580409573),.UNSPECIFIED.) CURVE() 
GEOMETRIC_REPRESENTATION_ITEM() RATIONAL_B_SPLINE_CURVE((1.,0.5,1.,0.5,
1.,0.5,1.)) REPRESENTATION_ITEM('') );
#7037 = CARTESIAN_POINT('',(5.,18.848076824971));
#7038 = CARTESIAN_POINT('',(37.645826685811,10.187822787126));
#7039 = CARTESIAN_POINT('',(13.822913342905,-13.7541654314));
#7040 = CARTESIAN_POINT('',(-10.,-37.69615364994));
#7041 = CARTESIAN_POINT('',(-18.8229133429,-5.093911393563));
#7042 = CARTESIAN_POINT('',(-27.64582668581,27.508330862815));
#7043 = CARTESIAN_POINT('',(5.,18.848076824971));
#7044 = ( GEOMETRIC_REPRESENTATION_CONTEXT(2) 
PARAMETRIC_REPRESENTATION_CONTEXT() REPRESENTATION_CONTEXT('2D SPACE',''
  ) );
#7045 = ORIENTED_EDGE('',*,*,#1248,.T.);
#7046 = FACE_BOUND('',#7047,.T.);
#7047 = EDGE_LOOP('',(#7048,#7147));
#7048 = ORIENTED_EDGE('',*,*,#7049,.F.);
#7049 = EDGE_CURVE('',#7050,#7052,#7054,.T.);
#7050 = VERTEX_POINT('',#7051);
#7051 = CARTESIAN_POINT('',(67.9,2.773825000069E-15,19.5));
#7052 = VERTEX_POINT('',#7053);
#7053 = CARTESIAN_POINT('',(72.1,-5.143516556419E-16,19.5));
#7054 = SURFACE_CURVE('',#7055,(#7082,#7112),.PCURVE_S1.);
#7055 = B_SPLINE_CURVE_WITH_KNOTS('',7,(#7056,#7057,#7058,#7059,#7060,
    #7061,#7062,#7063,#7064,#7065,#7066,#7067,#7068,#7069,#7070,#7071,
    #7072,#7073,#7074,#7075,#7076,#7077,#7078,#7079,#7080,#7081),
  .UNSPECIFIED.,.F.,.F.,(8,6,6,6,8),(0.,0.245376523207,0.50005336516,
    0.754729392149,1.),.UNSPECIFIED.);
#7056 = CARTESIAN_POINT('',(67.9,2.6645352591E-15,19.5));
#7057 = CARTESIAN_POINT('',(67.9,-0.278902117558,19.5));
#7058 = CARTESIAN_POINT('',(67.943214230029,-0.550347615411,
    19.495346047927));
#7059 = CARTESIAN_POINT('',(68.025486453169,-0.80653100283,
    19.486486576332));
#7060 = CARTESIAN_POINT('',(68.141159364586,-1.040967401936,
    19.474624057113));
#7061 = CARTESIAN_POINT('',(68.283146079399,-1.248733918973,
    19.461404022639));
#7062 = CARTESIAN_POINT('',(68.443039012829,-1.426939647571,
    19.448289865195));
#7063 = CARTESIAN_POINT('',(68.785826538873,-1.729147503762,
    19.423797108526));
#7064 = CARTESIAN_POINT('',(68.974058687829,-1.85497854779,
    19.412167651246));
#7065 = CARTESIAN_POINT('',(69.171440370911,-1.953922489121,
    19.40222249891));
#7066 = CARTESIAN_POINT('',(69.37483644392,-2.027184658533,
    19.39448092167));
#7067 = CARTESIAN_POINT('',(69.581932141762,-2.075705408627,
    19.3892249297));
#7068 = CARTESIAN_POINT('',(69.790880166596,-2.1,19.386593305684));
#7069 = CARTESIAN_POINT('',(70.209119164221,-2.1,19.386593305684));
#7070 = CARTESIAN_POINT('',(70.418071913361,-2.075705585949,
    19.38922490987));
#7071 = CARTESIAN_POINT('',(70.625170543872,-2.027182827586,
    19.394481120396));
#7072 = CARTESIAN_POINT('',(70.828563725614,-1.953919451359,
    19.402222832771));
#7073 = CARTESIAN_POINT('',(71.025938671637,-1.854978318704,
    19.412167580051));
#7074 = CARTESIAN_POINT('',(71.214167919744,-1.729152389148,
    19.423796712585));
#7075 = CARTESIAN_POINT('',(71.556894256756,-1.426998478346,
    19.448285097192));
#7076 = CARTESIAN_POINT('',(71.716825415436,-1.248788639168,
    19.461400640746));
#7077 = CARTESIAN_POINT('',(71.858869768585,-1.040961408692,
    19.474626057302));
#7078 = CARTESIAN_POINT('',(71.974570238077,-0.806441100218,
    19.486492696616));
#7079 = CARTESIAN_POINT('',(72.056825588905,-0.550199671415,
    19.495350333359));
#7080 = CARTESIAN_POINT('',(72.1,-0.278773611393,19.5));
#7081 = CARTESIAN_POINT('',(72.1,2.22044604925E-15,19.5));
#7082 = PCURVE('',#1265,#7083);
#7083 = DEFINITIONAL_REPRESENTATION('',(#7084),#7111);
#7084 = B_SPLINE_CURVE_WITH_KNOTS('',7,(#7085,#7086,#7087,#7088,#7089,
    #7090,#7091,#7092,#7093,#7094,#7095,#7096,#7097,#7098,#7099,#7100,
    #7101,#7102,#7103,#7104,#7105,#7106,#7107,#7108,#7109,#7110),
  .UNSPECIFIED.,.F.,.F.,(8,6,6,6,8),(0.,0.245376523207,0.50005336516,
    0.754729392149,1.),.UNSPECIFIED.);
#7085 = CARTESIAN_POINT('',(6.28318530718,27.9));
#7086 = CARTESIAN_POINT('',(6.297487979875,27.9));
#7087 = CARTESIAN_POINT('',(6.311408267239,27.943214230029));
#7088 = CARTESIAN_POINT('',(6.324550625291,28.025486453169));
#7089 = CARTESIAN_POINT('',(6.336586282937,28.141159364586));
#7090 = CARTESIAN_POINT('',(6.347261669955,28.283146079399));
#7091 = CARTESIAN_POINT('',(6.356424880954,28.443039012829));
#7092 = CARTESIAN_POINT('',(6.371973534925,28.785826538873));
#7093 = CARTESIAN_POINT('',(6.378453496721,28.974058687829));
#7094 = CARTESIAN_POINT('',(6.383552971679,29.171440370911));
#7095 = CARTESIAN_POINT('',(6.387330906144,29.37483644392));
#7096 = CARTESIAN_POINT('',(6.389833707254,29.581932141762));
#7097 = CARTESIAN_POINT('',(6.391086871465,29.790880166596));
#7098 = CARTESIAN_POINT('',(6.391086871465,30.209119164221));
#7099 = CARTESIAN_POINT('',(6.389833716423,30.418071913361));
#7100 = CARTESIAN_POINT('',(6.38733081164,30.625170543872));
#7101 = CARTESIAN_POINT('',(6.383552815055,30.828563725614));
#7102 = CARTESIAN_POINT('',(6.378453485313,31.025938671637));
#7103 = CARTESIAN_POINT('',(6.371973786279,31.214167919744));
#7104 = CARTESIAN_POINT('',(6.356427907809,31.556894256756));
#7105 = CARTESIAN_POINT('',(6.347264481104,31.716825415436));
#7106 = CARTESIAN_POINT('',(6.336585968558,31.858869768584));
#7107 = CARTESIAN_POINT('',(6.324546007738,31.974570238077));
#7108 = CARTESIAN_POINT('',(6.311400680465,32.056825588905));
#7109 = CARTESIAN_POINT('',(6.297481389815,32.1));
#7110 = CARTESIAN_POINT('',(6.28318530718,32.1));
#7111 = ( GEOMETRIC_REPRESENTATION_CONTEXT(2) 
PARAMETRIC_REPRESENTATION_CONTEXT() REPRESENTATION_CONTEXT('2D SPACE',''
  ) );
#7112 = PCURVE('',#7113,#7118);
#7113 = CYLINDRICAL_SURFACE('',#7114,2.1);
#7114 = AXIS2_PLACEMENT_3D('',#7115,#7116,#7117);
#7115 = CARTESIAN_POINT('',(70.,0.,-20.));
#7116 = DIRECTION('',(0.,0.,1.));
#7117 = DIRECTION('',(1.,0.,-0.));
#7118 = DEFINITIONAL_REPRESENTATION('',(#7119),#7146);
#7119 = B_SPLINE_CURVE_WITH_KNOTS('',7,(#7120,#7121,#7122,#7123,#7124,
    #7125,#7126,#7127,#7128,#7129,#7130,#7131,#7132,#7133,#7134,#7135,
    #7136,#7137,#7138,#7139,#7140,#7141,#7142,#7143,#7144,#7145),
  .UNSPECIFIED.,.F.,.F.,(8,6,6,6,8),(0.,0.245376523207,0.50005336516,
    0.754729392149,1.),.UNSPECIFIED.);
#7120 = CARTESIAN_POINT('',(3.14159265359,39.5));
#7121 = CARTESIAN_POINT('',(3.27440318576,39.5));
#7122 = CARTESIAN_POINT('',(3.403662851087,39.495346047927));
#7123 = CARTESIAN_POINT('',(3.529481509322,39.486486576332));
#7124 = CARTESIAN_POINT('',(3.651676027891,39.474624057113));
#7125 = CARTESIAN_POINT('',(3.769808990774,39.461404022639));
#7126 = CARTESIAN_POINT('',(3.883040978907,39.448289865195));
#7127 = CARTESIAN_POINT('',(4.100651626007,39.423797108526));
#7128 = CARTESIAN_POINT('',(4.207512973994,39.412167651246));
#7129 = CARTESIAN_POINT('',(4.311398027072,39.40222249891));
#7130 = CARTESIAN_POINT('',(4.413078583171,39.39448092167));
#7131 = CARTESIAN_POINT('',(4.513309207389,39.3892249297));
#7132 = CARTESIAN_POINT('',(4.612808107335,39.386593305684));
#7133 = CARTESIAN_POINT('',(4.811969534776,39.386593305684));
#7134 = CARTESIAN_POINT('',(4.911470673615,39.38922490987));
#7135 = CARTESIAN_POINT('',(5.011702717505,39.394481120396));
#7136 = CARTESIAN_POINT('',(5.113382156049,39.402222832771));
#7137 = CARTESIAN_POINT('',(5.217264112911,39.412167580051));
#7138 = CARTESIAN_POINT('',(5.324122816946,39.423796712585));
#7139 = CARTESIAN_POINT('',(5.541694619619,39.448285097192));
#7140 = CARTESIAN_POINT('',(5.654941569715,39.461400640746));
#7141 = CARTESIAN_POINT('',(5.773111795475,39.474626057302));
#7142 = CARTESIAN_POINT('',(5.895344483809,39.486492696616));
#7143 = CARTESIAN_POINT('',(6.021185572062,39.495350333359));
#7144 = CARTESIAN_POINT('',(6.150435968421,39.5));
#7145 = CARTESIAN_POINT('',(6.28318530718,39.5));
#7146 = ( GEOMETRIC_REPRESENTATION_CONTEXT(2) 
PARAMETRIC_REPRESENTATION_CONTEXT() REPRESENTATION_CONTEXT('2D SPACE',''
  ) );
#7147 = ORIENTED_EDGE('',*,*,#7148,.F.);
#7148 = EDGE_CURVE('',#7052,#7050,#7149,.T.);
#7149 = SURFACE_CURVE('',#7150,(#7177,#7207),.PCURVE_S1.);
#7150 = B_SPLINE_CURVE_WITH_KNOTS('',7,(#7151,#7152,#7153,#7154,#7155,
    #7156,#7157,#7158,#7159,#7160,#7161,#7162,#7163,#7164,#7165,#7166,
    #7167,#7168,#7169,#7170,#7171,#7172,#7173,#7174,#7175,#7176),
  .UNSPECIFIED.,.F.,.F.,(8,6,6,6,8),(0.,0.245351430597,0.500010395528,
    0.754682305602,1.),.UNSPECIFIED.);
#7151 = CARTESIAN_POINT('',(72.1,2.130885430516E-15,19.5));
#7152 = CARTESIAN_POINT('',(72.1,0.278902117558,19.5));
#7153 = CARTESIAN_POINT('',(72.056785769971,0.550347615411,
    19.495346047927));
#7154 = CARTESIAN_POINT('',(71.97451354683,0.80653100283,19.486486576332
    ));
#7155 = CARTESIAN_POINT('',(71.858840635415,1.040967401936,
    19.474624057113));
#7156 = CARTESIAN_POINT('',(71.716853920601,1.248733918973,
    19.461404022639));
#7157 = CARTESIAN_POINT('',(71.556960987171,1.426939647571,
    19.448289865195));
#7158 = CARTESIAN_POINT('',(71.214167862297,1.729152439795,
    19.42379670848));
#7159 = CARTESIAN_POINT('',(71.025940388046,1.854976818494,
    19.412167699561));
#7160 = CARTESIAN_POINT('',(70.828565493286,1.953919205859,
    19.402222906261));
#7161 = CARTESIAN_POINT('',(70.625168239501,2.027184971994,
    19.394480881594));
#7162 = CARTESIAN_POINT('',(70.418063484942,2.075708008624,
    19.389224649912));
#7163 = CARTESIAN_POINT('',(70.209108541064,2.1,19.386593305684));
#7164 = CARTESIAN_POINT('',(69.79088082927,2.1,19.386593305684));
#7165 = CARTESIAN_POINT('',(69.581928102559,2.075705584299,
    19.389224909983));
#7166 = CARTESIAN_POINT('',(69.374829444608,2.027182835401,
    19.39448111979));
#7167 = CARTESIAN_POINT('',(69.171436268661,1.953919436667,
    19.402222833964));
#7168 = CARTESIAN_POINT('',(68.974061341099,1.854978331898,
    19.412167578968));
#7169 = CARTESIAN_POINT('',(68.785832074557,1.729152384124,
    19.423796712992));
#7170 = CARTESIAN_POINT('',(68.443070751099,1.426967628621,
    19.448287597441));
#7171 = CARTESIAN_POINT('',(68.283164122036,1.248763917103,
    19.461402096071));
#7172 = CARTESIAN_POINT('',(68.141149983054,1.040972021843,
    19.474624513998));
#7173 = CARTESIAN_POINT('',(68.025460337058,0.806494396873,
    19.486489381744));
#7174 = CARTESIAN_POINT('',(67.943193804021,0.550276993637,
    19.495348250292));
#7175 = CARTESIAN_POINT('',(67.9,0.278836214035,19.5));
#7176 = CARTESIAN_POINT('',(67.9,2.773825000069E-15,19.5));
#7177 = PCURVE('',#1265,#7178);
#7178 = DEFINITIONAL_REPRESENTATION('',(#7179),#7206);
#7179 = B_SPLINE_CURVE_WITH_KNOTS('',7,(#7180,#7181,#7182,#7183,#7184,
    #7185,#7186,#7187,#7188,#7189,#7190,#7191,#7192,#7193,#7194,#7195,
    #7196,#7197,#7198,#7199,#7200,#7201,#7202,#7203,#7204,#7205),
  .UNSPECIFIED.,.F.,.F.,(8,6,6,6,8),(0.,0.245351430597,0.500010395528,
    0.754682305602,1.),.UNSPECIFIED.);
#7180 = CARTESIAN_POINT('',(6.28318530718,32.1));
#7181 = CARTESIAN_POINT('',(6.268882634484,32.1));
#7182 = CARTESIAN_POINT('',(6.25496234712,32.056785769971));
#7183 = CARTESIAN_POINT('',(6.241819989068,31.974513546831));
#7184 = CARTESIAN_POINT('',(6.229784331422,31.858840635414));
#7185 = CARTESIAN_POINT('',(6.219108944404,31.716853920601));
#7186 = CARTESIAN_POINT('',(6.209945733405,31.556960987171));
#7187 = CARTESIAN_POINT('',(6.194396825474,31.214167862297));
#7188 = CARTESIAN_POINT('',(6.187917206203,31.025940388046));
#7189 = CARTESIAN_POINT('',(6.182817812229,30.828565493286));
#7190 = CARTESIAN_POINT('',(6.179039692048,30.625168239501));
#7191 = CARTESIAN_POINT('',(6.176536772995,30.418063484942));
#7192 = CARTESIAN_POINT('',(6.175283742895,30.209108541064));
#7193 = CARTESIAN_POINT('',(6.175283742895,29.79088082927));
#7194 = CARTESIAN_POINT('',(6.176536898021,29.581928102559));
#7195 = CARTESIAN_POINT('',(6.179039802317,29.374829444608));
#7196 = CARTESIAN_POINT('',(6.18281780006,29.171436268661));
#7197 = CARTESIAN_POINT('',(6.187917128367,28.974061341099));
#7198 = CARTESIAN_POINT('',(6.194396828339,28.785832074557));
#7199 = CARTESIAN_POINT('',(6.209944293774,28.443070751099));
#7200 = CARTESIAN_POINT('',(6.219107402951,28.283164122036));
#7201 = CARTESIAN_POINT('',(6.229784097251,28.141149983054));
#7202 = CARTESIAN_POINT('',(6.241821869865,28.025460337058));
#7203 = CARTESIAN_POINT('',(6.254965968761,27.943193804021));
#7204 = CARTESIAN_POINT('',(6.268886014152,27.9));
#7205 = CARTESIAN_POINT('',(6.28318530718,27.9));
#7206 = ( GEOMETRIC_REPRESENTATION_CONTEXT(2) 
PARAMETRIC_REPRESENTATION_CONTEXT() REPRESENTATION_CONTEXT('2D SPACE',''
  ) );
#7207 = PCURVE('',#7113,#7208);
#7208 = DEFINITIONAL_REPRESENTATION('',(#7209),#7236);
#7209 = B_SPLINE_CURVE_WITH_KNOTS('',7,(#7210,#7211,#7212,#7213,#7214,
    #7215,#7216,#7217,#7218,#7219,#7220,#7221,#7222,#7223,#7224,#7225,
    #7226,#7227,#7228,#7229,#7230,#7231,#7232,#7233,#7234,#7235),
  .UNSPECIFIED.,.F.,.F.,(8,6,6,6,8),(0.,0.245351430597,0.500010395528,
    0.754682305602,1.),.UNSPECIFIED.);
#7210 = CARTESIAN_POINT('',(0.,39.5));
#7211 = CARTESIAN_POINT('',(0.132810532171,39.5));
#7212 = CARTESIAN_POINT('',(0.262070197497,39.495346047927));
#7213 = CARTESIAN_POINT('',(0.387888855732,39.486486576332));
#7214 = CARTESIAN_POINT('',(0.510083374302,39.474624057113));
#7215 = CARTESIAN_POINT('',(0.628216337184,39.461404022639));
#7216 = CARTESIAN_POINT('',(0.741448325317,39.448289865195));
#7217 = CARTESIAN_POINT('',(0.959062526703,39.42379670848));
#7218 = CARTESIAN_POINT('',(1.065920116082,39.412167699561));
#7219 = CARTESIAN_POINT('',(1.169802414766,39.402222906261));
#7220 = CARTESIAN_POINT('',(1.271483956254,39.394480881594));
#7221 = CARTESIAN_POINT('',(1.371718631406,39.389224649912));
#7222 = CARTESIAN_POINT('',(1.47122083105,39.386593305684));
#7223 = CARTESIAN_POINT('',(1.670376884285,39.386593305684));
#7224 = CARTESIAN_POINT('',(1.769878012835,39.389224909983));
#7225 = CARTESIAN_POINT('',(1.870110067882,39.39448111979));
#7226 = CARTESIAN_POINT('',(1.971789507805,39.402222833964));
#7227 = CARTESIAN_POINT('',(2.075671450947,39.412167578968));
#7228 = CARTESIAN_POINT('',(2.182530166974,39.423796712992));
#7229 = CARTESIAN_POINT('',(2.400124179974,39.448287597441));
#7230 = CARTESIAN_POINT('',(2.51336042872,39.461402096071));
#7231 = CARTESIAN_POINT('',(2.631510028664,39.474624513998));
#7232 = CARTESIAN_POINT('',(2.753723905875,39.486489381744));
#7233 = CARTESIAN_POINT('',(2.879556092617,39.495348250292));
#7234 = CARTESIAN_POINT('',(3.008813504049,39.5));
#7235 = CARTESIAN_POINT('',(3.14159265359,39.5));
#7236 = ( GEOMETRIC_REPRESENTATION_CONTEXT(2) 
PARAMETRIC_REPRESENTATION_CONTEXT() REPRESENTATION_CONTEXT('2D SPACE',''
  ) );
#7237 = ADVANCED_FACE('',(#7238),#1432,.T.);
#7238 = FACE_BOUND('',#7239,.T.);
#7239 = EDGE_LOOP('',(#7240,#7241,#7242,#7266,#7288));
#7240 = ORIENTED_EDGE('',*,*,#6993,.F.);
#7241 = ORIENTED_EDGE('',*,*,#1511,.T.);
#7242 = ORIENTED_EDGE('',*,*,#7243,.F.);
#7243 = EDGE_CURVE('',#7244,#1491,#7246,.T.);
#7244 = VERTEX_POINT('',#7245);
#7245 = CARTESIAN_POINT('',(100.,4.286263797016E-15,17.5));
#7246 = SURFACE_CURVE('',#7247,(#7252,#7259),.PCURVE_S1.);
#7247 = CIRCLE('',#7248,17.5);
#7248 = AXIS2_PLACEMENT_3D('',#7249,#7250,#7251);
#7249 = CARTESIAN_POINT('',(100.,0.,0.));
#7250 = DIRECTION('',(1.,0.,0.));
#7251 = DIRECTION('',(-0.,0.,1.));
#7252 = PCURVE('',#1432,#7253);
#7253 = DEFINITIONAL_REPRESENTATION('',(#7254),#7258);
#7254 = CIRCLE('',#7255,17.5);
#7255 = AXIS2_PLACEMENT_2D('',#7256,#7257);
#7256 = CARTESIAN_POINT('',(0.,0.));
#7257 = DIRECTION('',(1.,0.));
#7258 = ( GEOMETRIC_REPRESENTATION_CONTEXT(2) 
PARAMETRIC_REPRESENTATION_CONTEXT() REPRESENTATION_CONTEXT('2D SPACE',''
  ) );
#7259 = PCURVE('',#1317,#7260);
#7260 = DEFINITIONAL_REPRESENTATION('',(#7261),#7265);
#7261 = LINE('',#7262,#7263);
#7262 = CARTESIAN_POINT('',(0.,65.));
#7263 = VECTOR('',#7264,1.);
#7264 = DIRECTION('',(1.,0.));
#7265 = ( GEOMETRIC_REPRESENTATION_CONTEXT(2) 
PARAMETRIC_REPRESENTATION_CONTEXT() REPRESENTATION_CONTEXT('2D SPACE',''
  ) );
#7266 = ORIENTED_EDGE('',*,*,#7267,.F.);
#7267 = EDGE_CURVE('',#1418,#7244,#7268,.T.);
#7268 = SURFACE_CURVE('',#7269,(#7274,#7281),.PCURVE_S1.);
#7269 = CIRCLE('',#7270,17.5);
#7270 = AXIS2_PLACEMENT_3D('',#7271,#7272,#7273);
#7271 = CARTESIAN_POINT('',(100.,0.,0.));
#7272 = DIRECTION('',(1.,0.,0.));
#7273 = DIRECTION('',(-0.,0.,1.));
#7274 = PCURVE('',#1432,#7275);
#7275 = DEFINITIONAL_REPRESENTATION('',(#7276),#7280);
#7276 = CIRCLE('',#7277,17.5);
#7277 = AXIS2_PLACEMENT_2D('',#7278,#7279);
#7278 = CARTESIAN_POINT('',(0.,0.));
#7279 = DIRECTION('',(1.,0.));
#7280 = ( GEOMETRIC_REPRESENTATION_CONTEXT(2) 
PARAMETRIC_REPRESENTATION_CONTEXT() REPRESENTATION_CONTEXT('2D SPACE',''
  ) );
#7281 = PCURVE('',#1317,#7282);
#7282 = DEFINITIONAL_REPRESENTATION('',(#7283),#7287);
#7283 = LINE('',#7284,#7285);
#7284 = CARTESIAN_POINT('',(0.,65.));
#7285 = VECTOR('',#7286,1.);
#7286 = DIRECTION('',(1.,0.));
#7287 = ( GEOMETRIC_REPRESENTATION_CONTEXT(2) 
PARAMETRIC_REPRESENTATION_CONTEXT() REPRESENTATION_CONTEXT('2D SPACE',''
  ) );
#7288 = ORIENTED_EDGE('',*,*,#1417,.T.);
#7289 = ADVANCED_FACE('',(#7290,#7708),#1317,.F.);
#7290 = FACE_BOUND('',#7291,.F.);
#7291 = EDGE_LOOP('',(#7292,#7314,#7315,#7316,#7339,#7431,#7454,#7476,
    #7477,#7499,#7500,#7522,#7523,#7545,#7546,#7568,#7569,#7659,#7660,
    #7661,#7662,#7684,#7685,#7707));
#7292 = ORIENTED_EDGE('',*,*,#7293,.F.);
#7293 = EDGE_CURVE('',#1465,#3103,#7294,.T.);
#7294 = SURFACE_CURVE('',#7295,(#7300,#7307),.PCURVE_S1.);
#7295 = CIRCLE('',#7296,17.5);
#7296 = AXIS2_PLACEMENT_3D('',#7297,#7298,#7299);
#7297 = CARTESIAN_POINT('',(105.,0.,0.));
#7298 = DIRECTION('',(1.,0.,0.));
#7299 = DIRECTION('',(-0.,0.,1.));
#7300 = PCURVE('',#1317,#7301);
#7301 = DEFINITIONAL_REPRESENTATION('',(#7302),#7306);
#7302 = LINE('',#7303,#7304);
#7303 = CARTESIAN_POINT('',(0.,70.));
#7304 = VECTOR('',#7305,1.);
#7305 = DIRECTION('',(1.,0.));
#7306 = ( GEOMETRIC_REPRESENTATION_CONTEXT(2) 
PARAMETRIC_REPRESENTATION_CONTEXT() REPRESENTATION_CONTEXT('2D SPACE',''
  ) );
#7307 = PCURVE('',#1479,#7308);
#7308 = DEFINITIONAL_REPRESENTATION('',(#7309),#7313);
#7309 = CIRCLE('',#7310,17.5);
#7310 = AXIS2_PLACEMENT_2D('',#7311,#7312);
#7311 = CARTESIAN_POINT('',(0.,0.));
#7312 = DIRECTION('',(1.,0.));
#7313 = ( GEOMETRIC_REPRESENTATION_CONTEXT(2) 
PARAMETRIC_REPRESENTATION_CONTEXT() REPRESENTATION_CONTEXT('2D SPACE',''
  ) );
#7314 = ORIENTED_EDGE('',*,*,#1490,.F.);
#7315 = ORIENTED_EDGE('',*,*,#7243,.F.);
#7316 = ORIENTED_EDGE('',*,*,#7317,.F.);
#7317 = EDGE_CURVE('',#7318,#7244,#7320,.T.);
#7318 = VERTEX_POINT('',#7319);
#7319 = CARTESIAN_POINT('',(72.1,1.885956070687E-15,17.5));
#7320 = SEAM_CURVE('',#7321,(#7325,#7332),.PCURVE_S1.);
#7321 = LINE('',#7322,#7323);
#7322 = CARTESIAN_POINT('',(35.,4.286263797016E-15,17.5));
#7323 = VECTOR('',#7324,1.);
#7324 = DIRECTION('',(1.,0.,0.));
#7325 = PCURVE('',#1317,#7326);
#7326 = DEFINITIONAL_REPRESENTATION('',(#7327),#7331);
#7327 = LINE('',#7328,#7329);
#7328 = CARTESIAN_POINT('',(6.28318530718,-0.));
#7329 = VECTOR('',#7330,1.);
#7330 = DIRECTION('',(0.,1.));
#7331 = ( GEOMETRIC_REPRESENTATION_CONTEXT(2) 
PARAMETRIC_REPRESENTATION_CONTEXT() REPRESENTATION_CONTEXT('2D SPACE',''
  ) );
#7332 = PCURVE('',#1317,#7333);
#7333 = DEFINITIONAL_REPRESENTATION('',(#7334),#7338);
#7334 = LINE('',#7335,#7336);
#7335 = CARTESIAN_POINT('',(0.,-0.));
#7336 = VECTOR('',#7337,1.);
#7337 = DIRECTION('',(0.,1.));
#7338 = ( GEOMETRIC_REPRESENTATION_CONTEXT(2) 
PARAMETRIC_REPRESENTATION_CONTEXT() REPRESENTATION_CONTEXT('2D SPACE',''
  ) );
#7339 = ORIENTED_EDGE('',*,*,#7340,.F.);
#7340 = EDGE_CURVE('',#7341,#7318,#7343,.T.);
#7341 = VERTEX_POINT('',#7342);
#7342 = CARTESIAN_POINT('',(67.9,4.286263797016E-15,17.5));
#7343 = SURFACE_CURVE('',#7344,(#7371,#7401),.PCURVE_S1.);
#7344 = B_SPLINE_CURVE_WITH_KNOTS('',7,(#7345,#7346,#7347,#7348,#7349,
    #7350,#7351,#7352,#7353,#7354,#7355,#7356,#7357,#7358,#7359,#7360,
    #7361,#7362,#7363,#7364,#7365,#7366,#7367,#7368,#7369,#7370),
  .UNSPECIFIED.,.F.,.F.,(8,6,6,6,8),(0.,0.245404777032,0.50005360294,
    0.754701678155,1.),.UNSPECIFIED.);
#7345 = CARTESIAN_POINT('',(67.9,4.440892098501E-16,17.5));
#7346 = CARTESIAN_POINT('',(67.9,-0.278976573798,17.5));
#7347 = CARTESIAN_POINT('',(67.94323729504,-0.550443464713,
    17.494811385795));
#7348 = CARTESIAN_POINT('',(68.025525019115,-0.806612631977,
    17.484937616827));
#7349 = CARTESIAN_POINT('',(68.141197459162,-1.041021636161,
    17.471718068872));
#7350 = CARTESIAN_POINT('',(68.283172665944,-1.24876251612,
    17.456982400741));
#7351 = CARTESIAN_POINT('',(68.443050632736,-1.426949891897,
    17.442361697019));
#7352 = CARTESIAN_POINT('',(68.785775178593,-1.729102223584,
    17.415053102395));
#7353 = CARTESIAN_POINT('',(68.973966868265,-1.854921194897,
    17.402083763922));
#7354 = CARTESIAN_POINT('',(69.171329416231,-1.953875280008,
    17.39098816491));
#7355 = CARTESIAN_POINT('',(69.374731027908,-2.027157302888,
    17.382347951026));
#7356 = CARTESIAN_POINT('',(69.581853333159,-2.075696099005,
    17.376480777517));
#7357 = CARTESIAN_POINT('',(69.790840114943,-2.1,17.373543104387));
#7358 = CARTESIAN_POINT('',(70.209159268464,-2.1,17.373543104387));
#7359 = CARTESIAN_POINT('',(70.418150783515,-2.075696264206,
    17.37648075691));
#7360 = CARTESIAN_POINT('',(70.625276009355,-2.027155452614,
    17.382348174968));
#7361 = CARTESIAN_POINT('',(70.828674692889,-1.953872225847,
    17.390988539456));
#7362 = CARTESIAN_POINT('',(71.02603045194,-1.854920973601,
    17.402083682568));
#7363 = CARTESIAN_POINT('',(71.214219219161,-1.729107162628,
    17.415052656003));
#7364 = CARTESIAN_POINT('',(71.556882297643,-1.427009021722,
    17.442356352852));
#7365 = CARTESIAN_POINT('',(71.716798716464,-1.248817483818,
    17.456978614632));
#7366 = CARTESIAN_POINT('',(71.858831843016,-1.041015563918,
    17.471720315956));
#7367 = CARTESIAN_POINT('',(71.974531956909,-0.806522255828,
    17.484944470151));
#7368 = CARTESIAN_POINT('',(72.056802737849,-0.550294779305,
    17.494816186878));
#7369 = CARTESIAN_POINT('',(72.1,-0.278847410628,17.5));
#7370 = CARTESIAN_POINT('',(72.1,-4.440892098501E-16,17.5));
#7371 = PCURVE('',#1317,#7372);
#7372 = DEFINITIONAL_REPRESENTATION('',(#7373),#7400);
#7373 = B_SPLINE_CURVE_WITH_KNOTS('',7,(#7374,#7375,#7376,#7377,#7378,
    #7379,#7380,#7381,#7382,#7383,#7384,#7385,#7386,#7387,#7388,#7389,
    #7390,#7391,#7392,#7393,#7394,#7395,#7396,#7397,#7398,#7399),
  .UNSPECIFIED.,.F.,.F.,(8,6,6,6,8),(0.,0.245404777032,0.50005360294,
    0.754701678155,1.),.UNSPECIFIED.);
#7374 = CARTESIAN_POINT('',(0.,32.9));
#7375 = CARTESIAN_POINT('',(1.594151850277E-02,32.9));
#7376 = CARTESIAN_POINT('',(3.145391966266E-02,32.94323729504));
#7377 = CARTESIAN_POINT('',(4.609873338924E-02,33.025525019115));
#7378 = CARTESIAN_POINT('',(5.95119058647E-02,33.141197459162));
#7379 = CARTESIAN_POINT('',(7.14114569048E-02,33.283172665944));
#7380 = CARTESIAN_POINT('',(8.16274559677E-02,33.443050632736));
#7381 = CARTESIAN_POINT('',(9.896367883474E-02,33.785775178593));
#7382 = CARTESIAN_POINT('',(0.106190857917,33.973966868265));
#7383 = CARTESIAN_POINT('',(0.111880617292,34.171329416231));
#7384 = CARTESIAN_POINT('',(0.116097143265,34.374731027908));
#7385 = CARTESIAN_POINT('',(0.118890979876,34.581853333159));
#7386 = CARTESIAN_POINT('',(0.120289882395,34.790840114943));
#7387 = CARTESIAN_POINT('',(0.120289882395,35.209159268464));
#7388 = CARTESIAN_POINT('',(0.118890989415,35.418150783515));
#7389 = CARTESIAN_POINT('',(0.116097036684,35.625276009355));
#7390 = CARTESIAN_POINT('',(0.111880441596,35.828674692889));
#7391 = CARTESIAN_POINT('',(0.106190845752,36.02603045194));
#7392 = CARTESIAN_POINT('',(9.896396221621E-02,36.214219219161));
#7393 = CARTESIAN_POINT('',(8.1630848587E-02,36.556882297643));
#7394 = CARTESIAN_POINT('',(7.141460484076E-02,36.716798716464));
#7395 = CARTESIAN_POINT('',(5.951154908636E-02,36.858831843017));
#7396 = CARTESIAN_POINT('',(4.60935590799E-02,36.974531956908));
#7397 = CARTESIAN_POINT('',(3.144542348777E-02,37.056802737849));
#7398 = CARTESIAN_POINT('',(1.593413775016E-02,37.1));
#7399 = CARTESIAN_POINT('',(0.,37.1));
#7400 = ( GEOMETRIC_REPRESENTATION_CONTEXT(2) 
PARAMETRIC_REPRESENTATION_CONTEXT() REPRESENTATION_CONTEXT('2D SPACE',''
  ) );
#7401 = PCURVE('',#7113,#7402);
#7402 = DEFINITIONAL_REPRESENTATION('',(#7403),#7430);
#7403 = B_SPLINE_CURVE_WITH_KNOTS('',7,(#7404,#7405,#7406,#7407,#7408,
    #7409,#7410,#7411,#7412,#7413,#7414,#7415,#7416,#7417,#7418,#7419,
    #7420,#7421,#7422,#7423,#7424,#7425,#7426,#7427,#7428,#7429),
  .UNSPECIFIED.,.F.,.F.,(8,6,6,6,8),(0.,0.245404777032,0.50005360294,
    0.754701678155,1.),.UNSPECIFIED.);
#7404 = CARTESIAN_POINT('',(3.14159265359,37.5));
#7405 = CARTESIAN_POINT('',(3.274438641113,37.5));
#7406 = CARTESIAN_POINT('',(3.403708495398,37.494811385795));
#7407 = CARTESIAN_POINT('',(3.529523434188,37.484937616827));
#7408 = CARTESIAN_POINT('',(3.651707114455,37.471718068872));
#7409 = CARTESIAN_POINT('',(3.769827496196,37.456982400741));
#7410 = CARTESIAN_POINT('',(3.883048355533,37.442361697019));
#7411 = CARTESIAN_POINT('',(4.100619021133,37.415053102395));
#7412 = CARTESIAN_POINT('',(4.207462114601,37.402083763922));
#7413 = CARTESIAN_POINT('',(4.311341570532,37.39098816491));
#7414 = CARTESIAN_POINT('',(4.413027462514,37.382347951026));
#7415 = CARTESIAN_POINT('',(4.513271678361,37.376480777517));
#7416 = CARTESIAN_POINT('',(4.612789035119,37.373543104387));
#7417 = CARTESIAN_POINT('',(4.811988632034,37.373543104387));
#7418 = CARTESIAN_POINT('',(4.91150823195,37.37648075691));
#7419 = CARTESIAN_POINT('',(5.011753863048,37.382348174968));
#7420 = CARTESIAN_POINT('',(5.11343862025,37.390988539456));
#7421 = CARTESIAN_POINT('',(5.21731495579,37.402083682568));
#7422 = CARTESIAN_POINT('',(5.324155383181,37.415052656003));
#7423 = CARTESIAN_POINT('',(5.541687027655,37.442356352852));
#7424 = CARTESIAN_POINT('',(5.654922946448,37.456978614632));
#7425 = CARTESIAN_POINT('',(5.773080781358,37.471720315956));
#7426 = CARTESIAN_POINT('',(5.895302812975,37.484944470151));
#7427 = CARTESIAN_POINT('',(6.021140281069,37.494816186878));
#7428 = CARTESIAN_POINT('',(6.150400825928,37.5));
#7429 = CARTESIAN_POINT('',(6.28318530718,37.5));
#7430 = ( GEOMETRIC_REPRESENTATION_CONTEXT(2) 
PARAMETRIC_REPRESENTATION_CONTEXT() REPRESENTATION_CONTEXT('2D SPACE',''
  ) );
#7431 = ORIENTED_EDGE('',*,*,#7432,.F.);
#7432 = EDGE_CURVE('',#7433,#7341,#7435,.T.);
#7433 = VERTEX_POINT('',#7434);
#7434 = CARTESIAN_POINT('',(40.,4.286263797016E-15,17.5));
#7435 = SEAM_CURVE('',#7436,(#7440,#7447),.PCURVE_S1.);
#7436 = LINE('',#7437,#7438);
#7437 = CARTESIAN_POINT('',(35.,4.286263797016E-15,17.5));
#7438 = VECTOR('',#7439,1.);
#7439 = DIRECTION('',(1.,0.,0.));
#7440 = PCURVE('',#1317,#7441);
#7441 = DEFINITIONAL_REPRESENTATION('',(#7442),#7446);
#7442 = LINE('',#7443,#7444);
#7443 = CARTESIAN_POINT('',(6.28318530718,-0.));
#7444 = VECTOR('',#7445,1.);
#7445 = DIRECTION('',(0.,1.));
#7446 = ( GEOMETRIC_REPRESENTATION_CONTEXT(2) 
PARAMETRIC_REPRESENTATION_CONTEXT() REPRESENTATION_CONTEXT('2D SPACE',''
  ) );
#7447 = PCURVE('',#1317,#7448);
#7448 = DEFINITIONAL_REPRESENTATION('',(#7449),#7453);
#7449 = LINE('',#7450,#7451);
#7450 = CARTESIAN_POINT('',(0.,-0.));
#7451 = VECTOR('',#7452,1.);
#7452 = DIRECTION('',(0.,1.));
#7453 = ( GEOMETRIC_REPRESENTATION_CONTEXT(2) 
PARAMETRIC_REPRESENTATION_CONTEXT() REPRESENTATION_CONTEXT('2D SPACE',''
  ) );
#7454 = ORIENTED_EDGE('',*,*,#7455,.T.);
#7455 = EDGE_CURVE('',#7433,#1277,#7456,.T.);
#7456 = SURFACE_CURVE('',#7457,(#7462,#7469),.PCURVE_S1.);
#7457 = CIRCLE('',#7458,17.5);
#7458 = AXIS2_PLACEMENT_3D('',#7459,#7460,#7461);
#7459 = CARTESIAN_POINT('',(40.,0.,0.));
#7460 = DIRECTION('',(1.,0.,0.));
#7461 = DIRECTION('',(-0.,0.,1.));
#7462 = PCURVE('',#1317,#7463);
#7463 = DEFINITIONAL_REPRESENTATION('',(#7464),#7468);
#7464 = LINE('',#7465,#7466);
#7465 = CARTESIAN_POINT('',(0.,5.));
#7466 = VECTOR('',#7467,1.);
#7467 = DIRECTION('',(1.,0.));
#7468 = ( GEOMETRIC_REPRESENTATION_CONTEXT(2) 
PARAMETRIC_REPRESENTATION_CONTEXT() REPRESENTATION_CONTEXT('2D SPACE',''
  ) );
#7469 = PCURVE('',#1291,#7470);
#7470 = DEFINITIONAL_REPRESENTATION('',(#7471),#7475);
#7471 = CIRCLE('',#7472,17.5);
#7472 = AXIS2_PLACEMENT_2D('',#7473,#7474);
#7473 = CARTESIAN_POINT('',(0.,0.));
#7474 = DIRECTION('',(1.,0.));
#7475 = ( GEOMETRIC_REPRESENTATION_CONTEXT(2) 
PARAMETRIC_REPRESENTATION_CONTEXT() REPRESENTATION_CONTEXT('2D SPACE',''
  ) );
#7476 = ORIENTED_EDGE('',*,*,#1302,.F.);
#7477 = ORIENTED_EDGE('',*,*,#7478,.T.);
#7478 = EDGE_CURVE('',#1303,#2951,#7479,.T.);
#7479 = SURFACE_CURVE('',#7480,(#7485,#7492),.PCURVE_S1.);
#7480 = CIRCLE('',#7481,17.5);
#7481 = AXIS2_PLACEMENT_3D('',#7482,#7483,#7484);
#7482 = CARTESIAN_POINT('',(35.,0.,0.));
#7483 = DIRECTION('',(1.,0.,0.));
#7484 = DIRECTION('',(-0.,0.,1.));
#7485 = PCURVE('',#1317,#7486);
#7486 = DEFINITIONAL_REPRESENTATION('',(#7487),#7491);
#7487 = LINE('',#7488,#7489);
#7488 = CARTESIAN_POINT('',(0.,0.));
#7489 = VECTOR('',#7490,1.);
#7490 = DIRECTION('',(1.,0.));
#7491 = ( GEOMETRIC_REPRESENTATION_CONTEXT(2) 
PARAMETRIC_REPRESENTATION_CONTEXT() REPRESENTATION_CONTEXT('2D SPACE',''
  ) );
#7492 = PCURVE('',#1343,#7493);
#7493 = DEFINITIONAL_REPRESENTATION('',(#7494),#7498);
#7494 = CIRCLE('',#7495,17.5);
#7495 = AXIS2_PLACEMENT_2D('',#7496,#7497);
#7496 = CARTESIAN_POINT('',(0.,0.));
#7497 = DIRECTION('',(1.,0.));
#7498 = ( GEOMETRIC_REPRESENTATION_CONTEXT(2) 
PARAMETRIC_REPRESENTATION_CONTEXT() REPRESENTATION_CONTEXT('2D SPACE',''
  ) );
#7499 = ORIENTED_EDGE('',*,*,#2950,.T.);
#7500 = ORIENTED_EDGE('',*,*,#7501,.T.);
#7501 = EDGE_CURVE('',#2925,#2993,#7502,.T.);
#7502 = SURFACE_CURVE('',#7503,(#7508,#7515),.PCURVE_S1.);
#7503 = CIRCLE('',#7504,17.5);
#7504 = AXIS2_PLACEMENT_3D('',#7505,#7506,#7507);
#7505 = CARTESIAN_POINT('',(40.,0.,0.));
#7506 = DIRECTION('',(1.,0.,0.));
#7507 = DIRECTION('',(-0.,0.,1.));
#7508 = PCURVE('',#1317,#7509);
#7509 = DEFINITIONAL_REPRESENTATION('',(#7510),#7514);
#7510 = LINE('',#7511,#7512);
#7511 = CARTESIAN_POINT('',(0.,5.));
#7512 = VECTOR('',#7513,1.);
#7513 = DIRECTION('',(1.,0.));
#7514 = ( GEOMETRIC_REPRESENTATION_CONTEXT(2) 
PARAMETRIC_REPRESENTATION_CONTEXT() REPRESENTATION_CONTEXT('2D SPACE',''
  ) );
#7515 = PCURVE('',#2939,#7516);
#7516 = DEFINITIONAL_REPRESENTATION('',(#7517),#7521);
#7517 = CIRCLE('',#7518,17.5);
#7518 = AXIS2_PLACEMENT_2D('',#7519,#7520);
#7519 = CARTESIAN_POINT('',(0.,0.));
#7520 = DIRECTION('',(1.,0.));
#7521 = ( GEOMETRIC_REPRESENTATION_CONTEXT(2) 
PARAMETRIC_REPRESENTATION_CONTEXT() REPRESENTATION_CONTEXT('2D SPACE',''
  ) );
#7522 = ORIENTED_EDGE('',*,*,#2992,.F.);
#7523 = ORIENTED_EDGE('',*,*,#7524,.T.);
#7524 = EDGE_CURVE('',#2972,#1329,#7525,.T.);
#7525 = SURFACE_CURVE('',#7526,(#7531,#7538),.PCURVE_S1.);
#7526 = CIRCLE('',#7527,17.5);
#7527 = AXIS2_PLACEMENT_3D('',#7528,#7529,#7530);
#7528 = CARTESIAN_POINT('',(35.,0.,0.));
#7529 = DIRECTION('',(1.,0.,0.));
#7530 = DIRECTION('',(-0.,0.,1.));
#7531 = PCURVE('',#1317,#7532);
#7532 = DEFINITIONAL_REPRESENTATION('',(#7533),#7537);
#7533 = LINE('',#7534,#7535);
#7534 = CARTESIAN_POINT('',(0.,0.));
#7535 = VECTOR('',#7536,1.);
#7536 = DIRECTION('',(1.,0.));
#7537 = ( GEOMETRIC_REPRESENTATION_CONTEXT(2) 
PARAMETRIC_REPRESENTATION_CONTEXT() REPRESENTATION_CONTEXT('2D SPACE',''
  ) );
#7538 = PCURVE('',#1343,#7539);
#7539 = DEFINITIONAL_REPRESENTATION('',(#7540),#7544);
#7540 = CIRCLE('',#7541,17.5);
#7541 = AXIS2_PLACEMENT_2D('',#7542,#7543);
#7542 = CARTESIAN_POINT('',(0.,0.));
#7543 = DIRECTION('',(1.,0.));
#7544 = ( GEOMETRIC_REPRESENTATION_CONTEXT(2) 
PARAMETRIC_REPRESENTATION_CONTEXT() REPRESENTATION_CONTEXT('2D SPACE',''
  ) );
#7545 = ORIENTED_EDGE('',*,*,#1354,.T.);
#7546 = ORIENTED_EDGE('',*,*,#7547,.T.);
#7547 = EDGE_CURVE('',#1355,#7433,#7548,.T.);
#7548 = SURFACE_CURVE('',#7549,(#7554,#7561),.PCURVE_S1.);
#7549 = CIRCLE('',#7550,17.5);
#7550 = AXIS2_PLACEMENT_3D('',#7551,#7552,#7553);
#7551 = CARTESIAN_POINT('',(40.,0.,0.));
#7552 = DIRECTION('',(1.,0.,0.));
#7553 = DIRECTION('',(-0.,0.,1.));
#7554 = PCURVE('',#1317,#7555);
#7555 = DEFINITIONAL_REPRESENTATION('',(#7556),#7560);
#7556 = LINE('',#7557,#7558);
#7557 = CARTESIAN_POINT('',(0.,5.));
#7558 = VECTOR('',#7559,1.);
#7559 = DIRECTION('',(1.,0.));
#7560 = ( GEOMETRIC_REPRESENTATION_CONTEXT(2) 
PARAMETRIC_REPRESENTATION_CONTEXT() REPRESENTATION_CONTEXT('2D SPACE',''
  ) );
#7561 = PCURVE('',#1291,#7562);
#7562 = DEFINITIONAL_REPRESENTATION('',(#7563),#7567);
#7563 = CIRCLE('',#7564,17.5);
#7564 = AXIS2_PLACEMENT_2D('',#7565,#7566);
#7565 = CARTESIAN_POINT('',(0.,0.));
#7566 = DIRECTION('',(1.,0.));
#7567 = ( GEOMETRIC_REPRESENTATION_CONTEXT(2) 
PARAMETRIC_REPRESENTATION_CONTEXT() REPRESENTATION_CONTEXT('2D SPACE',''
  ) );
#7568 = ORIENTED_EDGE('',*,*,#7432,.T.);
#7569 = ORIENTED_EDGE('',*,*,#7570,.F.);
#7570 = EDGE_CURVE('',#7318,#7341,#7571,.T.);
#7571 = SURFACE_CURVE('',#7572,(#7599,#7629),.PCURVE_S1.);
#7572 = B_SPLINE_CURVE_WITH_KNOTS('',7,(#7573,#7574,#7575,#7576,#7577,
    #7578,#7579,#7580,#7581,#7582,#7583,#7584,#7585,#7586,#7587,#7588,
    #7589,#7590,#7591,#7592,#7593,#7594,#7595,#7596,#7597,#7598),
  .UNSPECIFIED.,.F.,.F.,(8,6,6,6,8),(0.,0.245379570902,0.500010360296,
    0.754654316971,1.),.UNSPECIFIED.);
#7573 = CARTESIAN_POINT('',(72.1,1.885956070687E-15,17.5));
#7574 = CARTESIAN_POINT('',(72.1,0.278976573798,17.5));
#7575 = CARTESIAN_POINT('',(72.05676270496,0.550443464713,
    17.494811385795));
#7576 = CARTESIAN_POINT('',(71.974474980884,0.806612631977,
    17.484937616827));
#7577 = CARTESIAN_POINT('',(71.858802540839,1.041021636161,
    17.471718068872));
#7578 = CARTESIAN_POINT('',(71.716827334056,1.24876251612,
    17.456982400741));
#7579 = CARTESIAN_POINT('',(71.556949367265,1.426949891897,
    17.442361697019));
#7580 = CARTESIAN_POINT('',(71.214219256206,1.729107129969,
    17.415052658955));
#7581 = CARTESIAN_POINT('',(71.026032280808,1.854919418256,
    17.402083822752));
#7582 = CARTESIAN_POINT('',(70.828676446431,1.953872035051,
    17.390988616158));
#7583 = CARTESIAN_POINT('',(70.625273541375,2.027157660671,
    17.38234790071));
#7584 = CARTESIAN_POINT('',(70.418142137249,2.075698732424,
    17.376480461309));
#7585 = CARTESIAN_POINT('',(70.209148453132,2.1,17.373543104387));
#7586 = CARTESIAN_POINT('',(69.790840731536,2.1,17.373543104387));
#7587 = CARTESIAN_POINT('',(69.581849216485,2.075696264206,
    17.37648075691));
#7588 = CARTESIAN_POINT('',(69.374723990645,2.027155452614,
    17.382348174968));
#7589 = CARTESIAN_POINT('',(69.171325307111,1.953872225847,
    17.390988539456));
#7590 = CARTESIAN_POINT('',(68.97396954806,1.854920973601,
    17.402083682568));
#7591 = CARTESIAN_POINT('',(68.785780780839,1.729107162628,
    17.415052656003));
#7592 = CARTESIAN_POINT('',(68.443082521249,1.426978005403,
    17.442359156114));
#7593 = CARTESIAN_POINT('',(68.283190798133,1.248792659489,
    17.456980242495));
#7594 = CARTESIAN_POINT('',(68.141188020097,1.041026265724,
    17.471718583516));
#7595 = CARTESIAN_POINT('',(68.02549876569,0.806575825503,
    17.484940759099));
#7596 = CARTESIAN_POINT('',(67.943216778242,0.550372495492,
    17.494813850928));
#7597 = CARTESIAN_POINT('',(67.9,0.278910395659,17.5));
#7598 = CARTESIAN_POINT('',(67.9,2.528895640239E-15,17.5));
#7599 = PCURVE('',#1317,#7600);
#7600 = DEFINITIONAL_REPRESENTATION('',(#7601),#7628);
#7601 = B_SPLINE_CURVE_WITH_KNOTS('',7,(#7602,#7603,#7604,#7605,#7606,
    #7607,#7608,#7609,#7610,#7611,#7612,#7613,#7614,#7615,#7616,#7617,
    #7618,#7619,#7620,#7621,#7622,#7623,#7624,#7625,#7626,#7627),
  .UNSPECIFIED.,.F.,.F.,(8,6,6,6,8),(0.,0.245379570902,0.500010360296,
    0.754654316971,1.),.UNSPECIFIED.);
#7602 = CARTESIAN_POINT('',(6.28318530718,37.1));
#7603 = CARTESIAN_POINT('',(6.267243788677,37.1));
#7604 = CARTESIAN_POINT('',(6.251731387517,37.05676270496));
#7605 = CARTESIAN_POINT('',(6.23708657379,36.974474980884));
#7606 = CARTESIAN_POINT('',(6.223673401315,36.858802540839));
#7607 = CARTESIAN_POINT('',(6.211773850275,36.716827334056));
#7608 = CARTESIAN_POINT('',(6.201557851212,36.556949367265));
#7609 = CARTESIAN_POINT('',(6.184221346837,36.214219256206));
#7610 = CARTESIAN_POINT('',(6.176994550637,36.026032280808));
#7611 = CARTESIAN_POINT('',(6.171304876937,35.828676446431));
#7612 = CARTESIAN_POINT('',(6.167088143324,35.625273541375));
#7613 = CARTESIAN_POINT('',(6.164294175732,35.418142137249));
#7614 = CARTESIAN_POINT('',(6.162895424785,35.209148453132));
#7615 = CARTESIAN_POINT('',(6.162895424785,34.790840731536));
#7616 = CARTESIAN_POINT('',(6.164294317765,34.581849216485));
#7617 = CARTESIAN_POINT('',(6.167088270496,34.374723990645));
#7618 = CARTESIAN_POINT('',(6.171304865584,34.171325307111));
#7619 = CARTESIAN_POINT('',(6.176994461428,33.97396954806));
#7620 = CARTESIAN_POINT('',(6.184221344963,33.785780780839));
#7621 = CARTESIAN_POINT('',(6.201556238178,33.443082521249));
#7622 = CARTESIAN_POINT('',(6.211772123504,33.283190798133));
#7623 = CARTESIAN_POINT('',(6.223673140592,33.141188020097));
#7624 = CARTESIAN_POINT('',(6.237088681982,33.02549876569));
#7625 = CARTESIAN_POINT('',(6.251735442915,32.943216778243));
#7626 = CARTESIAN_POINT('',(6.267247570285,32.9));
#7627 = CARTESIAN_POINT('',(6.28318530718,32.9));
#7628 = ( GEOMETRIC_REPRESENTATION_CONTEXT(2) 
PARAMETRIC_REPRESENTATION_CONTEXT() REPRESENTATION_CONTEXT('2D SPACE',''
  ) );
#7629 = PCURVE('',#7113,#7630);
#7630 = DEFINITIONAL_REPRESENTATION('',(#7631),#7658);
#7631 = B_SPLINE_CURVE_WITH_KNOTS('',7,(#7632,#7633,#7634,#7635,#7636,
    #7637,#7638,#7639,#7640,#7641,#7642,#7643,#7644,#7645,#7646,#7647,
    #7648,#7649,#7650,#7651,#7652,#7653,#7654,#7655,#7656,#7657),
  .UNSPECIFIED.,.F.,.F.,(8,6,6,6,8),(0.,0.245379570902,0.500010360296,
    0.754654316971,1.),.UNSPECIFIED.);
#7632 = CARTESIAN_POINT('',(0.,37.5));
#7633 = CARTESIAN_POINT('',(0.132845987523,37.5));
#7634 = CARTESIAN_POINT('',(0.262115841808,37.494811385795));
#7635 = CARTESIAN_POINT('',(0.387930780598,37.484937616827));
#7636 = CARTESIAN_POINT('',(0.510114460865,37.471718068872));
#7637 = CARTESIAN_POINT('',(0.628234842607,37.456982400741));
#7638 = CARTESIAN_POINT('',(0.741455701943,37.442361697019));
#7639 = CARTESIAN_POINT('',(0.959029900481,37.415052658955));
#7640 = CARTESIAN_POINT('',(1.065869215988,37.402083822752));
#7641 = CARTESIAN_POINT('',(1.169745967719,37.390988616158));
#7642 = CARTESIAN_POINT('',(1.271432891286,37.38234790071));
#7643 = CARTESIAN_POINT('',(1.37168117729,37.376480461309));
#7644 = CARTESIAN_POINT('',(1.471201825304,37.373543104387));
#7645 = CARTESIAN_POINT('',(1.670395978444,37.373543104387));
#7646 = CARTESIAN_POINT('',(1.76991557836,37.37648075691));
#7647 = CARTESIAN_POINT('',(1.870161209458,37.382348174968));
#7648 = CARTESIAN_POINT('',(1.971845966661,37.390988539456));
#7649 = CARTESIAN_POINT('',(2.0757223022,37.402083682568));
#7650 = CARTESIAN_POINT('',(2.182562729591,37.415052656003));
#7651 = CARTESIAN_POINT('',(2.40011670797,37.442359156114));
#7652 = CARTESIAN_POINT('',(2.513341845461,37.456980242495));
#7653 = CARTESIAN_POINT('',(2.631478954758,37.471718583516));
#7654 = CARTESIAN_POINT('',(2.753682088987,37.484940759099));
#7655 = CARTESIAN_POINT('',(2.879510613842,37.494813850928));
#7656 = CARTESIAN_POINT('',(3.008778179467,37.5));
#7657 = CARTESIAN_POINT('',(3.14159265359,37.5));
#7658 = ( GEOMETRIC_REPRESENTATION_CONTEXT(2) 
PARAMETRIC_REPRESENTATION_CONTEXT() REPRESENTATION_CONTEXT('2D SPACE',''
  ) );
#7659 = ORIENTED_EDGE('',*,*,#7317,.T.);
#7660 = ORIENTED_EDGE('',*,*,#7267,.F.);
#7661 = ORIENTED_EDGE('',*,*,#1443,.T.);
#7662 = ORIENTED_EDGE('',*,*,#7663,.F.);
#7663 = EDGE_CURVE('',#3082,#1444,#7664,.T.);
#7664 = SURFACE_CURVE('',#7665,(#7670,#7677),.PCURVE_S1.);
#7665 = CIRCLE('',#7666,17.5);
#7666 = AXIS2_PLACEMENT_3D('',#7667,#7668,#7669);
#7667 = CARTESIAN_POINT('',(105.,0.,0.));
#7668 = DIRECTION('',(1.,0.,0.));
#7669 = DIRECTION('',(-0.,0.,1.));
#7670 = PCURVE('',#1317,#7671);
#7671 = DEFINITIONAL_REPRESENTATION('',(#7672),#7676);
#7672 = LINE('',#7673,#7674);
#7673 = CARTESIAN_POINT('',(0.,70.));
#7674 = VECTOR('',#7675,1.);
#7675 = DIRECTION('',(1.,0.));
#7676 = ( GEOMETRIC_REPRESENTATION_CONTEXT(2) 
PARAMETRIC_REPRESENTATION_CONTEXT() REPRESENTATION_CONTEXT('2D SPACE',''
  ) );
#7677 = PCURVE('',#1479,#7678);
#7678 = DEFINITIONAL_REPRESENTATION('',(#7679),#7683);
#7679 = CIRCLE('',#7680,17.5);
#7680 = AXIS2_PLACEMENT_2D('',#7681,#7682);
#7681 = CARTESIAN_POINT('',(0.,0.));
#7682 = DIRECTION('',(1.,0.));
#7683 = ( GEOMETRIC_REPRESENTATION_CONTEXT(2) 
PARAMETRIC_REPRESENTATION_CONTEXT() REPRESENTATION_CONTEXT('2D SPACE',''
  ) );
#7684 = ORIENTED_EDGE('',*,*,#3081,.F.);
#7685 = ORIENTED_EDGE('',*,*,#7686,.F.);
#7686 = EDGE_CURVE('',#3124,#3056,#7687,.T.);
#7687 = SURFACE_CURVE('',#7688,(#7693,#7700),.PCURVE_S1.);
#7688 = CIRCLE('',#7689,17.5);
#7689 = AXIS2_PLACEMENT_3D('',#7690,#7691,#7692);
#7690 = CARTESIAN_POINT('',(100.,0.,0.));
#7691 = DIRECTION('',(1.,0.,0.));
#7692 = DIRECTION('',(-0.,0.,1.));
#7693 = PCURVE('',#1317,#7694);
#7694 = DEFINITIONAL_REPRESENTATION('',(#7695),#7699);
#7695 = LINE('',#7696,#7697);
#7696 = CARTESIAN_POINT('',(0.,65.));
#7697 = VECTOR('',#7698,1.);
#7698 = DIRECTION('',(1.,0.));
#7699 = ( GEOMETRIC_REPRESENTATION_CONTEXT(2) 
PARAMETRIC_REPRESENTATION_CONTEXT() REPRESENTATION_CONTEXT('2D SPACE',''
  ) );
#7700 = PCURVE('',#3070,#7701);
#7701 = DEFINITIONAL_REPRESENTATION('',(#7702),#7706);
#7702 = CIRCLE('',#7703,17.5);
#7703 = AXIS2_PLACEMENT_2D('',#7704,#7705);
#7704 = CARTESIAN_POINT('',(0.,0.));
#7705 = DIRECTION('',(1.,0.));
#7706 = ( GEOMETRIC_REPRESENTATION_CONTEXT(2) 
PARAMETRIC_REPRESENTATION_CONTEXT() REPRESENTATION_CONTEXT('2D SPACE',''
  ) );
#7707 = ORIENTED_EDGE('',*,*,#3123,.T.);
#7708 = FACE_BOUND('',#7709,.F.);
#7709 = EDGE_LOOP('',(#7710));
#7710 = ORIENTED_EDGE('',*,*,#7711,.T.);
#7711 = EDGE_CURVE('',#7712,#7712,#7714,.T.);
#7712 = VERTEX_POINT('',#7713);
#7713 = CARTESIAN_POINT('',(72.1,-5.143516556419E-16,-17.5));
#7714 = SURFACE_CURVE('',#7715,(#7766,#7820),.PCURVE_S1.);
#7715 = B_SPLINE_CURVE_WITH_KNOTS('',7,(#7716,#7717,#7718,#7719,#7720,
    #7721,#7722,#7723,#7724,#7725,#7726,#7727,#7728,#7729,#7730,#7731,
    #7732,#7733,#7734,#7735,#7736,#7737,#7738,#7739,#7740,#7741,#7742,
    #7743,#7744,#7745,#7746,#7747,#7748,#7749,#7750,#7751,#7752,#7753,
    #7754,#7755,#7756,#7757,#7758,#7759,#7760,#7761,#7762,#7763,#7764,
    #7765),.UNSPECIFIED.,.T.,.F.,(8,6,6,6,6,6,6,6,8),(0.,0.122690002322,
    0.250005622066,0.377327829488,0.50000089578,0.622703069181,
    0.750027254611,0.877351061411,1.),.UNSPECIFIED.);
#7716 = CARTESIAN_POINT('',(72.1,-1.33226762955E-15,-17.5));
#7717 = CARTESIAN_POINT('',(72.1,0.278976573798,-17.5));
#7718 = CARTESIAN_POINT('',(72.05676270496,0.550443464712,
    -17.49481138579));
#7719 = CARTESIAN_POINT('',(71.974474980885,0.806612631977,
    -17.48493761682));
#7720 = CARTESIAN_POINT('',(71.858802540838,1.041021636161,
    -17.47171806887));
#7721 = CARTESIAN_POINT('',(71.716827334056,1.24876251612,
    -17.45698240074));
#7722 = CARTESIAN_POINT('',(71.556949367265,1.426949891897,
    -17.44236169701));
#7723 = CARTESIAN_POINT('',(71.214219256206,1.729107129969,
    -17.41505265895));
#7724 = CARTESIAN_POINT('',(71.026032280808,1.854919418256,
    -17.40208382275));
#7725 = CARTESIAN_POINT('',(70.828676446431,1.953872035052,
    -17.39098861615));
#7726 = CARTESIAN_POINT('',(70.625273541375,2.02715766067,
    -17.38234790071));
#7727 = CARTESIAN_POINT('',(70.41814213725,2.075698732424,-17.3764804613
    ));
#7728 = CARTESIAN_POINT('',(70.209148453131,2.1,-17.37354310438));
#7729 = CARTESIAN_POINT('',(69.790840724924,2.1,-17.37354310438));
#7730 = CARTESIAN_POINT('',(69.58184923265,2.075696262531,
    -17.37648075703));
#7731 = CARTESIAN_POINT('',(69.374723978956,2.027155460546,
    -17.38234817428));
#7732 = CARTESIAN_POINT('',(69.1713253013,1.953872210943,-17.3909885408)
  );
#7733 = CARTESIAN_POINT('',(68.973969560974,1.854920986979,
    -17.40208368134));
#7734 = CARTESIAN_POINT('',(68.785780775064,1.729107157537,
    -17.41505265646));
#7735 = CARTESIAN_POINT('',(68.443082521249,1.426978005403,
    -17.44235915611));
#7736 = CARTESIAN_POINT('',(68.283190798133,1.248792659489,
    -17.45698024249));
#7737 = CARTESIAN_POINT('',(68.141188020097,1.041026265724,
    -17.47171858351));
#7738 = CARTESIAN_POINT('',(68.02549876569,0.806575825503,
    -17.48494075909));
#7739 = CARTESIAN_POINT('',(67.943216778242,0.550372495492,
    -17.49481385092));
#7740 = CARTESIAN_POINT('',(67.9,0.278910395659,-17.5));
#7741 = CARTESIAN_POINT('',(67.9,-0.278976573798,-17.5));
#7742 = CARTESIAN_POINT('',(67.94323729504,-0.550443464712,
    -17.49481138579));
#7743 = CARTESIAN_POINT('',(68.025525019115,-0.806612631977,
    -17.48493761682));
#7744 = CARTESIAN_POINT('',(68.141197459162,-1.041021636161,
    -17.47171806887));
#7745 = CARTESIAN_POINT('',(68.283172665944,-1.24876251612,
    -17.45698240074));
#7746 = CARTESIAN_POINT('',(68.443050632736,-1.426949891897,
    -17.44236169701));
#7747 = CARTESIAN_POINT('',(68.785775172691,-1.729102218381,
    -17.41505310286));
#7748 = CARTESIAN_POINT('',(68.973966881165,-1.854921208303,
    -17.40208376269));
#7749 = CARTESIAN_POINT('',(69.17132941087,-1.953875265516,
    -17.39098816621));
#7750 = CARTESIAN_POINT('',(69.374731016231,-2.027157310225,
    -17.3823479504));
#7751 = CARTESIAN_POINT('',(69.581853348089,-2.075696097599,
    -17.37648077761));
#7752 = CARTESIAN_POINT('',(69.790840109547,-2.1,-17.37354310438));
#7753 = CARTESIAN_POINT('',(70.209159268463,-2.1,-17.37354310438));
#7754 = CARTESIAN_POINT('',(70.418150783516,-2.075696264206,
    -17.37648075691));
#7755 = CARTESIAN_POINT('',(70.625276009353,-2.027155452615,
    -17.38234817496));
#7756 = CARTESIAN_POINT('',(70.828674692891,-1.953872225846,
    -17.39098853945));
#7757 = CARTESIAN_POINT('',(71.026030451939,-1.854920973602,
    -17.40208368256));
#7758 = CARTESIAN_POINT('',(71.214219219161,-1.729107162628,
    -17.415052656));
#7759 = CARTESIAN_POINT('',(71.556882297642,-1.427009021723,
    -17.44235635285));
#7760 = CARTESIAN_POINT('',(71.716798716464,-1.248817483818,
    -17.45697861463));
#7761 = CARTESIAN_POINT('',(71.858831843018,-1.041015563917,
    -17.47172031595));
#7762 = CARTESIAN_POINT('',(71.974531956908,-0.806522255828,
    -17.48494447015));
#7763 = CARTESIAN_POINT('',(72.056802737849,-0.550294779304,
    -17.49481618687));
#7764 = CARTESIAN_POINT('',(72.1,-0.278847410629,-17.5));
#7765 = CARTESIAN_POINT('',(72.1,-1.33226762955E-15,-17.5));
#7766 = PCURVE('',#1317,#7767);
#7767 = DEFINITIONAL_REPRESENTATION('',(#7768),#7819);
#7768 = B_SPLINE_CURVE_WITH_KNOTS('',7,(#7769,#7770,#7771,#7772,#7773,
    #7774,#7775,#7776,#7777,#7778,#7779,#7780,#7781,#7782,#7783,#7784,
    #7785,#7786,#7787,#7788,#7789,#7790,#7791,#7792,#7793,#7794,#7795,
    #7796,#7797,#7798,#7799,#7800,#7801,#7802,#7803,#7804,#7805,#7806,
    #7807,#7808,#7809,#7810,#7811,#7812,#7813,#7814,#7815,#7816,#7817,
    #7818),.UNSPECIFIED.,.T.,.F.,(8,6,6,6,6,6,6,6,8),(0.,0.122690002322,
    0.250005622066,0.377327829488,0.50000089578,0.622703069181,
    0.750027254611,0.877351061411,1.),.UNSPECIFIED.);
#7769 = CARTESIAN_POINT('',(3.14159265359,37.1));
#7770 = CARTESIAN_POINT('',(3.157534172093,37.1));
#7771 = CARTESIAN_POINT('',(3.173046573252,37.05676270496));
#7772 = CARTESIAN_POINT('',(3.187691386979,36.974474980884));
#7773 = CARTESIAN_POINT('',(3.201104559454,36.858802540839));
#7774 = CARTESIAN_POINT('',(3.213004110495,36.716827334056));
#7775 = CARTESIAN_POINT('',(3.223220109557,36.556949367265));
#7776 = CARTESIAN_POINT('',(3.240556613932,36.214219256206));
#7777 = CARTESIAN_POINT('',(3.247783410132,36.026032280808));
#7778 = CARTESIAN_POINT('',(3.253473083833,35.828676446431));
#7779 = CARTESIAN_POINT('',(3.257689817446,35.625273541375));
#7780 = CARTESIAN_POINT('',(3.260483785037,35.41814213725));
#7781 = CARTESIAN_POINT('',(3.261882535985,35.209148453131));
#7782 = CARTESIAN_POINT('',(3.261882535985,34.790840724924));
#7783 = CARTESIAN_POINT('',(3.260483642909,34.58184923265));
#7784 = CARTESIAN_POINT('',(3.257689690729,34.374723978956));
#7785 = CARTESIAN_POINT('',(3.253473094331,34.1713253013));
#7786 = CARTESIAN_POINT('',(3.247783500109,33.973969560974));
#7787 = CARTESIAN_POINT('',(3.240556615514,33.785780775064));
#7788 = CARTESIAN_POINT('',(3.223221722592,33.443082521249));
#7789 = CARTESIAN_POINT('',(3.213005837266,33.283190798133));
#7790 = CARTESIAN_POINT('',(3.201104820177,33.141188020097));
#7791 = CARTESIAN_POINT('',(3.187689278787,33.025498765689));
#7792 = CARTESIAN_POINT('',(3.173042517854,32.943216778243));
#7793 = CARTESIAN_POINT('',(3.157530390485,32.9));
#7794 = CARTESIAN_POINT('',(3.125651135087,32.9));
#7795 = CARTESIAN_POINT('',(3.110138733927,32.94323729504));
#7796 = CARTESIAN_POINT('',(3.095493920201,33.025525019115));
#7797 = CARTESIAN_POINT('',(3.082080747725,33.141197459162));
#7798 = CARTESIAN_POINT('',(3.070181196685,33.283172665944));
#7799 = CARTESIAN_POINT('',(3.059965197622,33.443050632736));
#7800 = CARTESIAN_POINT('',(3.042628975054,33.785775172691));
#7801 = CARTESIAN_POINT('',(3.035401794903,33.973966881165));
#7802 = CARTESIAN_POINT('',(3.029712037129,34.17132941087));
#7803 = CARTESIAN_POINT('',(3.025495509904,34.374731016231));
#7804 = CARTESIAN_POINT('',(3.022701673794,34.581853348089));
#7805 = CARTESIAN_POINT('',(3.021302771195,34.790840109547));
#7806 = CARTESIAN_POINT('',(3.021302771195,35.209159268463));
#7807 = CARTESIAN_POINT('',(3.022701664175,35.418150783516));
#7808 = CARTESIAN_POINT('',(3.025495616906,35.625276009353));
#7809 = CARTESIAN_POINT('',(3.029712211994,35.828674692891));
#7810 = CARTESIAN_POINT('',(3.035401807838,36.026030451939));
#7811 = CARTESIAN_POINT('',(3.042628691374,36.214219219161));
#7812 = CARTESIAN_POINT('',(3.059961805003,36.556882297642));
#7813 = CARTESIAN_POINT('',(3.070178048749,36.716798716463));
#7814 = CARTESIAN_POINT('',(3.082081104504,36.858831843018));
#7815 = CARTESIAN_POINT('',(3.09549909451,36.974531956908));
#7816 = CARTESIAN_POINT('',(3.110147230102,37.056802737849));
#7817 = CARTESIAN_POINT('',(3.12565851584,37.1));
#7818 = CARTESIAN_POINT('',(3.14159265359,37.1));
#7819 = ( GEOMETRIC_REPRESENTATION_CONTEXT(2) 
PARAMETRIC_REPRESENTATION_CONTEXT() REPRESENTATION_CONTEXT('2D SPACE',''
  ) );
#7820 = PCURVE('',#7821,#7826);
#7821 = CYLINDRICAL_SURFACE('',#7822,2.1);
#7822 = AXIS2_PLACEMENT_3D('',#7823,#7824,#7825);
#7823 = CARTESIAN_POINT('',(70.,0.,-20.));
#7824 = DIRECTION('',(0.,0.,1.));
#7825 = DIRECTION('',(1.,0.,-0.));
#7826 = DEFINITIONAL_REPRESENTATION('',(#7827),#7878);
#7827 = B_SPLINE_CURVE_WITH_KNOTS('',7,(#7828,#7829,#7830,#7831,#7832,
    #7833,#7834,#7835,#7836,#7837,#7838,#7839,#7840,#7841,#7842,#7843,
    #7844,#7845,#7846,#7847,#7848,#7849,#7850,#7851,#7852,#7853,#7854,
    #7855,#7856,#7857,#7858,#7859,#7860,#7861,#7862,#7863,#7864,#7865,
    #7866,#7867,#7868,#7869,#7870,#7871,#7872,#7873,#7874,#7875,#7876,
    #7877),.UNSPECIFIED.,.F.,.F.,(8,6,6,6,6,6,6,6,8),(0.,0.122690002322,
    0.250005622066,0.377327829488,0.50000089578,0.622703069181,
    0.750027254611,0.877351061411,1.),.UNSPECIFIED.);
#7828 = CARTESIAN_POINT('',(0.,2.5));
#7829 = CARTESIAN_POINT('',(0.132845987523,2.5));
#7830 = CARTESIAN_POINT('',(0.262115841808,2.505188614205));
#7831 = CARTESIAN_POINT('',(0.387930780598,2.515062383173));
#7832 = CARTESIAN_POINT('',(0.510114460865,2.528281931128));
#7833 = CARTESIAN_POINT('',(0.628234842607,2.543017599259));
#7834 = CARTESIAN_POINT('',(0.741455701943,2.557638302981));
#7835 = CARTESIAN_POINT('',(0.959029900481,2.584947341045));
#7836 = CARTESIAN_POINT('',(1.065869215988,2.597916177248));
#7837 = CARTESIAN_POINT('',(1.169745967719,2.609011383842));
#7838 = CARTESIAN_POINT('',(1.271432891286,2.61765209929));
#7839 = CARTESIAN_POINT('',(1.371681177289,2.623519538691));
#7840 = CARTESIAN_POINT('',(1.471201825304,2.626456895613));
#7841 = CARTESIAN_POINT('',(1.670395981593,2.626456895613));
#7842 = CARTESIAN_POINT('',(1.769915571058,2.623519242962));
#7843 = CARTESIAN_POINT('',(1.870161213484,2.617651825717));
#7844 = CARTESIAN_POINT('',(1.971845972083,2.609011459194));
#7845 = CARTESIAN_POINT('',(2.075722293709,2.597916318657));
#7846 = CARTESIAN_POINT('',(2.182562733257,2.584947343537));
#7847 = CARTESIAN_POINT('',(2.40011670797,2.557640843886));
#7848 = CARTESIAN_POINT('',(2.513341845461,2.543019757505));
#7849 = CARTESIAN_POINT('',(2.631478954757,2.528281416484));
#7850 = CARTESIAN_POINT('',(2.753682088987,2.515059240901));
#7851 = CARTESIAN_POINT('',(2.879510613842,2.505186149072));
#7852 = CARTESIAN_POINT('',(3.008778179467,2.5));
#7853 = CARTESIAN_POINT('',(3.274438641113,2.5));
#7854 = CARTESIAN_POINT('',(3.403708495398,2.505188614205));
#7855 = CARTESIAN_POINT('',(3.529523434188,2.515062383173));
#7856 = CARTESIAN_POINT('',(3.651707114455,2.528281931128));
#7857 = CARTESIAN_POINT('',(3.769827496196,2.543017599259));
#7858 = CARTESIAN_POINT('',(3.883048355533,2.557638302981));
#7859 = CARTESIAN_POINT('',(4.100619017387,2.584946897135));
#7860 = CARTESIAN_POINT('',(4.207462123102,2.597916237302));
#7861 = CARTESIAN_POINT('',(4.311341565356,2.609011833787));
#7862 = CARTESIAN_POINT('',(4.413027458437,2.617652049595));
#7863 = CARTESIAN_POINT('',(4.513271685102,2.623519222384));
#7864 = CARTESIAN_POINT('',(4.61278903255,2.626456895613));
#7865 = CARTESIAN_POINT('',(4.811988632034,2.626456895613));
#7866 = CARTESIAN_POINT('',(4.911508231951,2.62351924309));
#7867 = CARTESIAN_POINT('',(5.011753863047,2.617651825032));
#7868 = CARTESIAN_POINT('',(5.113438620251,2.609011460544));
#7869 = CARTESIAN_POINT('',(5.21731495579,2.597916317432));
#7870 = CARTESIAN_POINT('',(5.324155383181,2.584947343997));
#7871 = CARTESIAN_POINT('',(5.541687027655,2.557643647148));
#7872 = CARTESIAN_POINT('',(5.654922946448,2.543021385368));
#7873 = CARTESIAN_POINT('',(5.773080781359,2.528279684044));
#7874 = CARTESIAN_POINT('',(5.895302812975,2.515055529849));
#7875 = CARTESIAN_POINT('',(6.021140281069,2.505183813122));
#7876 = CARTESIAN_POINT('',(6.150400825928,2.5));
#7877 = CARTESIAN_POINT('',(6.28318530718,2.5));
#7878 = ( GEOMETRIC_REPRESENTATION_CONTEXT(2) 
PARAMETRIC_REPRESENTATION_CONTEXT() REPRESENTATION_CONTEXT('2D SPACE',''
  ) );
#7879 = ADVANCED_FACE('',(#7880),#1479,.F.);
#7880 = FACE_BOUND('',#7881,.F.);
#7881 = EDGE_LOOP('',(#7882,#7883,#7884,#7885));
#7882 = ORIENTED_EDGE('',*,*,#1464,.F.);
#7883 = ORIENTED_EDGE('',*,*,#7293,.T.);
#7884 = ORIENTED_EDGE('',*,*,#3102,.T.);
#7885 = ORIENTED_EDGE('',*,*,#7663,.T.);
#7886 = ADVANCED_FACE('',(#7887),#1291,.F.);
#7887 = FACE_BOUND('',#7888,.F.);
#7888 = EDGE_LOOP('',(#7889,#7890,#7891,#7892,#7893));
#7889 = ORIENTED_EDGE('',*,*,#7020,.F.);
#7890 = ORIENTED_EDGE('',*,*,#1276,.T.);
#7891 = ORIENTED_EDGE('',*,*,#7455,.F.);
#7892 = ORIENTED_EDGE('',*,*,#7547,.F.);
#7893 = ORIENTED_EDGE('',*,*,#1375,.T.);
#7894 = ADVANCED_FACE('',(#7895),#1343,.T.);
#7895 = FACE_BOUND('',#7896,.T.);
#7896 = EDGE_LOOP('',(#7897,#7898,#7899,#7900));
#7897 = ORIENTED_EDGE('',*,*,#1328,.F.);
#7898 = ORIENTED_EDGE('',*,*,#7478,.T.);
#7899 = ORIENTED_EDGE('',*,*,#2971,.T.);
#7900 = ORIENTED_EDGE('',*,*,#7524,.T.);
#7901 = ADVANCED_FACE('',(#7902,#7950),#1549,.T.);
#7902 = FACE_BOUND('',#7903,.T.);
#7903 = EDGE_LOOP('',(#7904,#7905,#7927,#7928));
#7904 = ORIENTED_EDGE('',*,*,#1532,.T.);
#7905 = ORIENTED_EDGE('',*,*,#7906,.F.);
#7906 = EDGE_CURVE('',#1681,#1535,#7907,.T.);
#7907 = SURFACE_CURVE('',#7908,(#7913,#7920),.PCURVE_S1.);
#7908 = CIRCLE('',#7909,19.5);
#7909 = AXIS2_PLACEMENT_3D('',#7910,#7911,#7912);
#7910 = CARTESIAN_POINT('',(50.,86.6,0.));
#7911 = DIRECTION('',(0.500011000363,0.866019052629,0.));
#7912 = DIRECTION('',(0.866019052629,-0.500011000363,0.));
#7913 = PCURVE('',#1549,#7914);
#7914 = DEFINITIONAL_REPRESENTATION('',(#7915),#7919);
#7915 = LINE('',#7916,#7917);
#7916 = CARTESIAN_POINT('',(0.,59.99867998548));
#7917 = VECTOR('',#7918,1.);
#7918 = DIRECTION('',(1.,0.));
#7919 = ( GEOMETRIC_REPRESENTATION_CONTEXT(2) 
PARAMETRIC_REPRESENTATION_CONTEXT() REPRESENTATION_CONTEXT('2D SPACE',''
  ) );
#7920 = PCURVE('',#1716,#7921);
#7921 = DEFINITIONAL_REPRESENTATION('',(#7922),#7926);
#7922 = CIRCLE('',#7923,19.5);
#7923 = AXIS2_PLACEMENT_2D('',#7924,#7925);
#7924 = CARTESIAN_POINT('',(0.,0.));
#7925 = DIRECTION('',(1.,0.));
#7926 = ( GEOMETRIC_REPRESENTATION_CONTEXT(2) 
PARAMETRIC_REPRESENTATION_CONTEXT() REPRESENTATION_CONTEXT('2D SPACE',''
  ) );
#7927 = ORIENTED_EDGE('',*,*,#1680,.F.);
#7928 = ORIENTED_EDGE('',*,*,#7929,.T.);
#7929 = EDGE_CURVE('',#1660,#1533,#7930,.T.);
#7930 = SURFACE_CURVE('',#7931,(#7936,#7943),.PCURVE_S1.);
#7931 = CIRCLE('',#7932,19.5);
#7932 = AXIS2_PLACEMENT_3D('',#7933,#7934,#7935);
#7933 = CARTESIAN_POINT('',(20.,34.64,0.));
#7934 = DIRECTION('',(0.500011000363,0.866019052629,0.));
#7935 = DIRECTION('',(0.866019052629,-0.500011000363,0.));
#7936 = PCURVE('',#1549,#7937);
#7937 = DEFINITIONAL_REPRESENTATION('',(#7938),#7942);
#7938 = LINE('',#7939,#7940);
#7939 = CARTESIAN_POINT('',(0.,0.));
#7940 = VECTOR('',#7941,1.);
#7941 = DIRECTION('',(1.,0.));
#7942 = ( GEOMETRIC_REPRESENTATION_CONTEXT(2) 
PARAMETRIC_REPRESENTATION_CONTEXT() REPRESENTATION_CONTEXT('2D SPACE',''
  ) );
#7943 = PCURVE('',#1575,#7944);
#7944 = DEFINITIONAL_REPRESENTATION('',(#7945),#7949);
#7945 = CIRCLE('',#7946,19.5);
#7946 = AXIS2_PLACEMENT_2D('',#7947,#7948);
#7947 = CARTESIAN_POINT('',(0.,0.));
#7948 = DIRECTION('',(1.,0.));
#7949 = ( GEOMETRIC_REPRESENTATION_CONTEXT(2) 
PARAMETRIC_REPRESENTATION_CONTEXT() REPRESENTATION_CONTEXT('2D SPACE',''
  ) );
#7950 = FACE_BOUND('',#7951,.T.);
#7951 = EDGE_LOOP('',(#7952));
#7952 = ORIENTED_EDGE('',*,*,#7953,.F.);
#7953 = EDGE_CURVE('',#7954,#7954,#7956,.T.);
#7954 = VERTEX_POINT('',#7955);
#7955 = CARTESIAN_POINT('',(37.1,60.62,19.415008331498));
#7956 = SURFACE_CURVE('',#7957,(#8016,#8078),.PCURVE_S1.);
#7957 = B_SPLINE_CURVE_WITH_KNOTS('',8,(#7958,#7959,#7960,#7961,#7962,
    #7963,#7964,#7965,#7966,#7967,#7968,#7969,#7970,#7971,#7972,#7973,
    #7974,#7975,#7976,#7977,#7978,#7979,#7980,#7981,#7982,#7983,#7984,
    #7985,#7986,#7987,#7988,#7989,#7990,#7991,#7992,#7993,#7994,#7995,
    #7996,#7997,#7998,#7999,#8000,#8001,#8002,#8003,#8004,#8005,#8006,
    #8007,#8008,#8009,#8010,#8011,#8012,#8013,#8014,#8015),
  .UNSPECIFIED.,.T.,.F.,(9,7,7,7,7,7,7,7,9),(0.,0.125031863996,
    0.238068188238,0.336838790269,0.429952458112,0.579068917054,
    0.700312021559,0.839047758166,1.),.UNSPECIFIED.);
#7958 = CARTESIAN_POINT('',(37.1,60.62,19.415008331498));
#7959 = CARTESIAN_POINT('',(37.1,60.811248866232,19.423965847413));
#7960 = CARTESIAN_POINT('',(37.080094976384,61.008568964944,
    19.434279375026));
#7961 = CARTESIAN_POINT('',(37.038071321376,61.209574342766,
    19.445615223004));
#7962 = CARTESIAN_POINT('',(36.971957477818,61.41140997999,
    19.457455616632));
#7963 = CARTESIAN_POINT('',(36.880042975097,61.610731744283,
    19.469102873047));
#7964 = CARTESIAN_POINT('',(36.760918591565,61.803642517114,
    19.479702848406));
#7965 = CARTESIAN_POINT('',(36.613568958732,61.985540301241,
    19.488320880519));
#7966 = CARTESIAN_POINT('',(36.278416224125,62.300269668032,
    19.499331241459));
#7967 = CARTESIAN_POINT('',(36.099410662046,62.432790195171,
    19.502124093884));
#7968 = CARTESIAN_POINT('',(35.903911072423,62.543566144257,
    19.501974862399));
#7969 = CARTESIAN_POINT('',(35.696667700368,62.629245149259,
    19.498702549711));
#7970 = CARTESIAN_POINT('',(35.483352607043,62.688122917588,
    19.492614827942));
#7971 = CARTESIAN_POINT('',(35.270092349168,62.720347155014,
    19.484427936414));
#7972 = CARTESIAN_POINT('',(35.063052041012,62.728118961629,
    19.475050641549));
#7973 = CARTESIAN_POINT('',(34.697826615875,62.705140925534,
    19.456852910041));
#7974 = CARTESIAN_POINT('',(34.53365067885,62.678932214252,
    19.447956112864));
#7975 = CARTESIAN_POINT('',(34.376538087274,62.638965628664,
    19.439026445667));
#7976 = CARTESIAN_POINT('',(34.227114682471,62.586757378685,
    19.430378822999));
#7977 = CARTESIAN_POINT('',(34.085797149098,62.523627535477,
    19.422265266611));
#7978 = CARTESIAN_POINT('',(33.952865259888,62.450718654246,
    19.414879119276));
#7979 = CARTESIAN_POINT('',(33.828515373764,62.369009735671,
    19.408363387163));
#7980 = CARTESIAN_POINT('',(33.603896969091,62.194777841361,
    19.39760033949));
#7981 = CARTESIAN_POINT('',(33.502587193759,62.103087920735,
    19.393240943525));
#7982 = CARTESIAN_POINT('',(33.409085248893,62.004912182263,
    19.389833361654));
#7983 = CARTESIAN_POINT('',(33.323514914428,61.90080520389,
    19.387437223804));
#7984 = CARTESIAN_POINT('',(33.24602074936,61.791241696626,
    19.386088484716));
#7985 = CARTESIAN_POINT('',(33.176784515993,61.676637934087,19.385802425
    ));
#7986 = CARTESIAN_POINT('',(33.116041641765,61.5573726383,
    19.386574619618));
#7987 = CARTESIAN_POINT('',(32.980912359689,61.235924208862,
    19.391270889811));
#7988 = CARTESIAN_POINT('',(32.920334550541,61.02711127285,
    19.396809604118));
#7989 = CARTESIAN_POINT('',(32.883516740539,60.808729087618,
    19.404891268865));
#7990 = CARTESIAN_POINT('',(32.872269312778,60.582209751147,
    19.41527665216));
#7991 = CARTESIAN_POINT('',(32.889001134337,60.349459491443,
    19.427562315517));
#7992 = CARTESIAN_POINT('',(32.936679070836,60.113130786828,
    19.441085709961));
#7993 = CARTESIAN_POINT('',(33.018748908323,59.877051930015,
    19.454844231099));
#7994 = CARTESIAN_POINT('',(33.236701054186,59.460135028392,
    19.477803478388));
#7995 = CARTESIAN_POINT('',(33.36187740113,59.272972045661,
    19.48760960749));
#7996 = CARTESIAN_POINT('',(33.51533365059,59.095180609257,
    19.495819041888));
#7997 = CARTESIAN_POINT('',(33.695026449397,58.934921032999,
    19.501300120165));
#7998 = CARTESIAN_POINT('',(33.89645918736,58.798710788189,
    19.503220189609));
#7999 = CARTESIAN_POINT('',(34.113368896688,58.690997795722,
    19.50144742209));
#8000 = CARTESIAN_POINT('',(34.338327284926,58.613730615771,
    19.49648455344));
#8001 = CARTESIAN_POINT('',(34.820858458319,58.511159042526,
    19.480862570982));
#8002 = CARTESIAN_POINT('',(35.07404364089,58.495897196861,
    19.46962741435));
#8003 = CARTESIAN_POINT('',(35.317608835193,58.5148699544,
    19.456762615866));
#8004 = CARTESIAN_POINT('',(35.548135832286,58.563356147647,
    19.443489033657));
#8005 = CARTESIAN_POINT('',(35.763327478853,58.637107611365,
    19.43078449503));
#8006 = CARTESIAN_POINT('',(35.961657270816,58.732331169,19.419352827786
    ));
#8007 = CARTESIAN_POINT('',(36.142197665761,58.845678913976,
    19.409667500141));
#8008 = CARTESIAN_POINT('',(36.492553848475,59.12336055674,19.3931057847
    ));
#8009 = CARTESIAN_POINT('',(36.657148839785,59.293844468327,
    19.386874763761));
#8010 = CARTESIAN_POINT('',(36.797757454202,59.482308602689,
    19.383745133136));
#8011 = CARTESIAN_POINT('',(36.913744263973,59.686388375076,
    19.383907497561));
#8012 = CARTESIAN_POINT('',(37.004014415204,59.904155725204,
    19.38738110783));
#8013 = CARTESIAN_POINT('',(37.066892858881,60.133809128657,
    19.394019212276));
#8014 = CARTESIAN_POINT('',(37.1,60.373353415736,19.403456154759));
#8015 = CARTESIAN_POINT('',(37.1,60.62,19.415008331498));
#8016 = PCURVE('',#1549,#8017);
#8017 = DEFINITIONAL_REPRESENTATION('',(#8018),#8077);
#8018 = B_SPLINE_CURVE_WITH_KNOTS('',8,(#8019,#8020,#8021,#8022,#8023,
    #8024,#8025,#8026,#8027,#8028,#8029,#8030,#8031,#8032,#8033,#8034,
    #8035,#8036,#8037,#8038,#8039,#8040,#8041,#8042,#8043,#8044,#8045,
    #8046,#8047,#8048,#8049,#8050,#8051,#8052,#8053,#8054,#8055,#8056,
    #8057,#8058,#8059,#8060,#8061,#8062,#8063,#8064,#8065,#8066,#8067,
    #8068,#8069,#8070,#8071,#8072,#8073,#8074,#8075,#8076),
  .UNSPECIFIED.,.T.,.F.,(9,7,7,7,7,7,7,7,9),(0.,0.125031863996,
    0.238068188238,0.336838790269,0.429952458112,0.579068917054,
    0.700312021559,0.839047758166,1.),.UNSPECIFIED.);
#8019 = CARTESIAN_POINT('',(4.805788305257,31.049363093502));
#8020 = CARTESIAN_POINT('',(4.800862912731,31.214988255453));
#8021 = CARTESIAN_POINT('',(4.79489588132,31.375918489633));
#8022 = CARTESIAN_POINT('',(4.787851670864,31.528980686728));
#8023 = CARTESIAN_POINT('',(4.779717926606,31.670716545009));
#8024 = CARTESIAN_POINT('',(4.77050662549,31.797374728037));
#8025 = CARTESIAN_POINT('',(4.760256673162,31.904875630588));
#8026 = CARTESIAN_POINT('',(4.749041069397,31.988726139957));
#8027 = CARTESIAN_POINT('',(4.726079418435,32.093707713915));
#8028 = CARTESIAN_POINT('',(4.714731426909,32.118968265116));
#8029 = CARTESIAN_POINT('',(4.703210300047,32.11715040222));
#8030 = CARTESIAN_POINT('',(4.691810355533,32.087726087182));
#8031 = CARTESIAN_POINT('',(4.680824412791,32.032055463125));
#8032 = CARTESIAN_POINT('',(4.670519347776,31.953329791815));
#8033 = CARTESIAN_POINT('',(4.661113195432,31.85653789282));
#8034 = CARTESIAN_POINT('',(4.645454443909,31.654021745589));
#8035 = CARTESIAN_POINT('',(4.638819795918,31.549234727766));
#8036 = CARTESIAN_POINT('',(4.632849734084,31.436064879095));
#8037 = CARTESIAN_POINT('',(4.62753402286,31.316138193796));
#8038 = CARTESIAN_POINT('',(4.622858240884,31.190806225558));
#8039 = CARTESIAN_POINT('',(4.618806371815,31.061198338401));
#8040 = CARTESIAN_POINT('',(4.615362749989,30.92826054719));
#8041 = CARTESIAN_POINT('',(4.609827166168,30.665060733922));
#8042 = CARTESIAN_POINT('',(4.607667363758,30.534999513615));
#8043 = CARTESIAN_POINT('',(4.606022904648,30.403225452604));
#8044 = CARTESIAN_POINT('',(4.604885431643,30.270280717284));
#8045 = CARTESIAN_POINT('',(4.604249429854,30.136648697523));
#8046 = CARTESIAN_POINT('',(4.60411239978,30.002780777354));
#8047 = CARTESIAN_POINT('',(4.604475052961,29.869122653577));
#8048 = CARTESIAN_POINT('',(4.6067291463,29.523176061737));
#8049 = CARTESIAN_POINT('',(4.609408207213,29.312050509764));
#8050 = CARTESIAN_POINT('',(4.613394333197,29.104518066588));
#8051 = CARTESIAN_POINT('',(4.618729705351,28.902724167809));
#8052 = CARTESIAN_POINT('',(4.62547005449,28.709524103237));
#8053 = CARTESIAN_POINT('',(4.633675909235,28.52869843508));
#8054 = CARTESIAN_POINT('',(4.643398721084,28.3652854687));
#8055 = CARTESIAN_POINT('',(4.663802655718,28.113205959015));
#8056 = CARTESIAN_POINT('',(4.674172804157,28.013708800481));
#8057 = CARTESIAN_POINT('',(4.685553361517,27.936467841965));
#8058 = CARTESIAN_POINT('',(4.697643898793,27.887528371649));
#8059 = CARTESIAN_POINT('',(4.710079882864,27.870286289295));
#8060 = CARTESIAN_POINT('',(4.722473373785,27.885462026353));
#8061 = CARTESIAN_POINT('',(4.734447142699,27.931028845115));
#8062 = CARTESIAN_POINT('',(4.758520379451,28.083470803141));
#8063 = CARTESIAN_POINT('',(4.770168707962,28.196849130431));
#8064 = CARTESIAN_POINT('',(4.780518732268,28.335065176398));
#8065 = CARTESIAN_POINT('',(4.789538244358,28.492321177966));
#8066 = CARTESIAN_POINT('',(4.797231323877,28.663789541175));
#8067 = CARTESIAN_POINT('',(4.803624488678,28.845422034028));
#8068 = CARTESIAN_POINT('',(4.808760142757,29.033855524232));
#8069 = CARTESIAN_POINT('',(4.81724232238,29.449515062832));
#8070 = CARTESIAN_POINT('',(4.820197942168,29.679456684694));
#8071 = CARTESIAN_POINT('',(4.821619128685,29.912976069742));
#8072 = CARTESIAN_POINT('',(4.821536922308,30.147707721668));
#8073 = CARTESIAN_POINT('',(4.819951947589,30.381434464539));
#8074 = CARTESIAN_POINT('',(4.816837142316,30.611758600955));
#8075 = CARTESIAN_POINT('',(4.812140401698,30.835762452264));
#8076 = CARTESIAN_POINT('',(4.805788305257,31.049363093502));
#8077 = ( GEOMETRIC_REPRESENTATION_CONTEXT(2) 
PARAMETRIC_REPRESENTATION_CONTEXT() REPRESENTATION_CONTEXT('2D SPACE',''
  ) );
#8078 = PCURVE('',#8079,#8084);
#8079 = CYLINDRICAL_SURFACE('',#8080,2.1);
#8080 = AXIS2_PLACEMENT_3D('',#8081,#8082,#8083);
#8081 = CARTESIAN_POINT('',(35.,60.62,-20.));
#8082 = DIRECTION('',(0.,0.,1.));
#8083 = DIRECTION('',(1.,0.,-0.));
#8084 = DEFINITIONAL_REPRESENTATION('',(#8085),#8144);
#8085 = B_SPLINE_CURVE_WITH_KNOTS('',8,(#8086,#8087,#8088,#8089,#8090,
    #8091,#8092,#8093,#8094,#8095,#8096,#8097,#8098,#8099,#8100,#8101,
    #8102,#8103,#8104,#8105,#8106,#8107,#8108,#8109,#8110,#8111,#8112,
    #8113,#8114,#8115,#8116,#8117,#8118,#8119,#8120,#8121,#8122,#8123,
    #8124,#8125,#8126,#8127,#8128,#8129,#8130,#8131,#8132,#8133,#8134,
    #8135,#8136,#8137,#8138,#8139,#8140,#8141,#8142,#8143),
  .UNSPECIFIED.,.F.,.F.,(9,7,7,7,7,7,7,7,9),(0.,0.125031863996,
    0.238068188238,0.336838790269,0.429952458112,0.579068917054,
    0.700312021559,0.839047758166,1.),.UNSPECIFIED.);
#8086 = CARTESIAN_POINT('',(8.881784197001E-16,39.415008331498));
#8087 = CARTESIAN_POINT('',(9.107088868181E-02,39.423965847413));
#8088 = CARTESIAN_POINT('',(0.185032458412,39.434279375026));
#8089 = CARTESIAN_POINT('',(0.281901727531,39.445615223004));
#8090 = CARTESIAN_POINT('',(0.381771759848,39.457455616632));
#8091 = CARTESIAN_POINT('',(0.48483715398,39.469102873047));
#8092 = CARTESIAN_POINT('',(0.59138737011,39.479702848406));
#8093 = CARTESIAN_POINT('',(0.701831000479,39.488320880519));
#8094 = CARTESIAN_POINT('',(0.920765717675,39.499331241459));
#8095 = CARTESIAN_POINT('',(1.026101595959,39.502124093884));
#8096 = CARTESIAN_POINT('',(1.131787967548,39.501974862399));
#8097 = CARTESIAN_POINT('',(1.236982040189,39.498702549711));
#8098 = CARTESIAN_POINT('',(1.340853019163,39.492614827942));
#8099 = CARTESIAN_POINT('',(1.442465220117,39.484427936414));
#8100 = CARTESIAN_POINT('',(1.54062936699,39.475050641549));
#8101 = CARTESIAN_POINT('',(1.714890099853,39.456852910041));
#8102 = CARTESIAN_POINT('',(1.793698981339,39.447956112864));
#8103 = CARTESIAN_POINT('',(1.870378219669,39.439026445667));
#8104 = CARTESIAN_POINT('',(1.945199743127,39.430378822999));
#8105 = CARTESIAN_POINT('',(2.018404046874,39.422265266611));
#8106 = CARTESIAN_POINT('',(2.090215333195,39.414879119276));
#8107 = CARTESIAN_POINT('',(2.160851758068,39.408363387163));
#8108 = CARTESIAN_POINT('',(2.296219051077,39.39760033949));
#8109 = CARTESIAN_POINT('',(2.36109908582,39.393240943525));
#8110 = CARTESIAN_POINT('',(2.425365727348,39.389833361654));
#8111 = CARTESIAN_POINT('',(2.48919886804,39.387437223804));
#8112 = CARTESIAN_POINT('',(2.552770761443,39.386088484716));
#8113 = CARTESIAN_POINT('',(2.616252062491,39.385802425));
#8114 = CARTESIAN_POINT('',(2.679816600076,39.386574619618));
#8115 = CARTESIAN_POINT('',(2.845862393054,39.391270889811));
#8116 = CARTESIAN_POINT('',(2.948705401563,39.396809604118));
#8117 = CARTESIAN_POINT('',(3.05299460606,39.404891268865));
#8118 = CARTESIAN_POINT('',(3.159470754358,39.41527665216));
#8119 = CARTESIAN_POINT('',(3.268877543424,39.427562315517));
#8120 = CARTESIAN_POINT('',(3.381998103042,39.441085709961));
#8121 = CARTESIAN_POINT('',(3.499730890679,39.454844231099));
#8122 = CARTESIAN_POINT('',(3.723754517119,39.477803478388));
#8123 = CARTESIAN_POINT('',(3.830353689166,39.48760960749));
#8124 = CARTESIAN_POINT('',(3.940780747222,39.495819041888));
#8125 = CARTESIAN_POINT('',(4.053485153689,39.501300120165));
#8126 = CARTESIAN_POINT('',(4.167251811757,39.503220189609));
#8127 = CARTESIAN_POINT('',(4.280951968698,39.50144742209));
#8128 = CARTESIAN_POINT('',(4.393384365941,39.49648455344));
#8129 = CARTESIAN_POINT('',(4.628295098702,39.480862570982));
#8130 = CARTESIAN_POINT('',(4.747736547342,39.46962741435));
#8131 = CARTESIAN_POINT('',(4.862304280355,39.456762615866));
#8132 = CARTESIAN_POINT('',(4.972703891485,39.443489033657));
#8133 = CARTESIAN_POINT('',(5.079489626943,39.43078449503));
#8134 = CARTESIAN_POINT('',(5.183130782785,39.419352827786));
#8135 = CARTESIAN_POINT('',(5.284032191021,39.409667500141));
#8136 = CARTESIAN_POINT('',(5.496914659683,39.3931057847));
#8137 = CARTESIAN_POINT('',(5.608765788423,39.386874763761));
#8138 = CARTESIAN_POINT('',(5.719260514661,39.383745133136));
#8139 = CARTESIAN_POINT('',(5.829327540929,39.383907497561));
#8140 = CARTESIAN_POINT('',(5.939839166847,39.38738110783));
#8141 = CARTESIAN_POINT('',(6.051665639465,39.394019212276));
#8142 = CARTESIAN_POINT('',(6.165734552768,39.403456154759));
#8143 = CARTESIAN_POINT('',(6.28318530718,39.415008331498));
#8144 = ( GEOMETRIC_REPRESENTATION_CONTEXT(2) 
PARAMETRIC_REPRESENTATION_CONTEXT() REPRESENTATION_CONTEXT('2D SPACE',''
  ) );
#8145 = ADVANCED_FACE('',(#8146),#1716,.T.);
#8146 = FACE_BOUND('',#8147,.T.);
#8147 = EDGE_LOOP('',(#8148,#8149,#8150,#8151));
#8148 = ORIENTED_EDGE('',*,*,#1701,.T.);
#8149 = ORIENTED_EDGE('',*,*,#7906,.T.);
#8150 = ORIENTED_EDGE('',*,*,#1795,.T.);
#8151 = ORIENTED_EDGE('',*,*,#8152,.F.);
#8152 = EDGE_CURVE('',#1702,#1775,#8153,.T.);
#8153 = SURFACE_CURVE('',#8154,(#8159,#8166),.PCURVE_S1.);
#8154 = CIRCLE('',#8155,17.5);
#8155 = AXIS2_PLACEMENT_3D('',#8156,#8157,#8158);
#8156 = CARTESIAN_POINT('',(50.,86.6,0.));
#8157 = DIRECTION('',(0.500011000363,0.866019052629,0.));
#8158 = DIRECTION('',(0.866019052629,-0.500011000363,0.));
#8159 = PCURVE('',#1716,#8160);
#8160 = DEFINITIONAL_REPRESENTATION('',(#8161),#8165);
#8161 = CIRCLE('',#8162,17.5);
#8162 = AXIS2_PLACEMENT_2D('',#8163,#8164);
#8163 = CARTESIAN_POINT('',(0.,0.));
#8164 = DIRECTION('',(1.,0.));
#8165 = ( GEOMETRIC_REPRESENTATION_CONTEXT(2) 
PARAMETRIC_REPRESENTATION_CONTEXT() REPRESENTATION_CONTEXT('2D SPACE',''
  ) );
#8166 = PCURVE('',#1601,#8167);
#8167 = DEFINITIONAL_REPRESENTATION('',(#8168),#8172);
#8168 = LINE('',#8169,#8170);
#8169 = CARTESIAN_POINT('',(0.,64.99856998427));
#8170 = VECTOR('',#8171,1.);
#8171 = DIRECTION('',(1.,0.));
#8172 = ( GEOMETRIC_REPRESENTATION_CONTEXT(2) 
PARAMETRIC_REPRESENTATION_CONTEXT() REPRESENTATION_CONTEXT('2D SPACE',''
  ) );
#8173 = ADVANCED_FACE('',(#8174,#8409,#8599),#1601,.F.);
#8174 = FACE_BOUND('',#8175,.F.);
#8175 = EDGE_LOOP('',(#8176,#8201,#8223,#8224,#8225,#8226,#8248,#8249,
    #8271,#8272,#8294,#8295,#8317,#8318,#8340,#8341,#8363,#8364,#8386,
    #8387));
#8176 = ORIENTED_EDGE('',*,*,#8177,.T.);
#8177 = EDGE_CURVE('',#8178,#8180,#8182,.T.);
#8178 = VERTEX_POINT('',#8179);
#8179 = CARTESIAN_POINT('',(32.655333421003,21.559807493647,
    4.286263797016E-15));
#8180 = VERTEX_POINT('',#8181);
#8181 = CARTESIAN_POINT('',(67.655333421003,82.179807493647,
    4.286263797016E-15));
#8182 = SEAM_CURVE('',#8183,(#8187,#8194),.PCURVE_S1.);
#8183 = LINE('',#8184,#8185);
#8184 = CARTESIAN_POINT('',(32.655333421003,21.559807493647,
    4.286263797016E-15));
#8185 = VECTOR('',#8186,1.);
#8186 = DIRECTION('',(0.500011000363,0.866019052629,0.));
#8187 = PCURVE('',#1601,#8188);
#8188 = DEFINITIONAL_REPRESENTATION('',(#8189),#8193);
#8189 = LINE('',#8190,#8191);
#8190 = CARTESIAN_POINT('',(6.28318530718,-0.));
#8191 = VECTOR('',#8192,1.);
#8192 = DIRECTION('',(0.,1.));
#8193 = ( GEOMETRIC_REPRESENTATION_CONTEXT(2) 
PARAMETRIC_REPRESENTATION_CONTEXT() REPRESENTATION_CONTEXT('2D SPACE',''
  ) );
#8194 = PCURVE('',#1601,#8195);
#8195 = DEFINITIONAL_REPRESENTATION('',(#8196),#8200);
#8196 = LINE('',#8197,#8198);
#8197 = CARTESIAN_POINT('',(0.,-0.));
#8198 = VECTOR('',#8199,1.);
#8199 = DIRECTION('',(0.,1.));
#8200 = ( GEOMETRIC_REPRESENTATION_CONTEXT(2) 
PARAMETRIC_REPRESENTATION_CONTEXT() REPRESENTATION_CONTEXT('2D SPACE',''
  ) );
#8201 = ORIENTED_EDGE('',*,*,#8202,.F.);
#8202 = EDGE_CURVE('',#1749,#8180,#8203,.T.);
#8203 = SURFACE_CURVE('',#8204,(#8209,#8216),.PCURVE_S1.);
#8204 = CIRCLE('',#8205,17.5);
#8205 = AXIS2_PLACEMENT_3D('',#8206,#8207,#8208);
#8206 = CARTESIAN_POINT('',(52.5,90.93,0.));
#8207 = DIRECTION('',(0.500011000363,0.866019052629,0.));
#8208 = DIRECTION('',(0.866019052629,-0.500011000363,0.));
#8209 = PCURVE('',#1601,#8210);
#8210 = DEFINITIONAL_REPRESENTATION('',(#8211),#8215);
#8211 = LINE('',#8212,#8213);
#8212 = CARTESIAN_POINT('',(0.,69.99845998306));
#8213 = VECTOR('',#8214,1.);
#8214 = DIRECTION('',(1.,0.));
#8215 = ( GEOMETRIC_REPRESENTATION_CONTEXT(2) 
PARAMETRIC_REPRESENTATION_CONTEXT() REPRESENTATION_CONTEXT('2D SPACE',''
  ) );
#8216 = PCURVE('',#1763,#8217);
#8217 = DEFINITIONAL_REPRESENTATION('',(#8218),#8222);
#8218 = CIRCLE('',#8219,17.5);
#8219 = AXIS2_PLACEMENT_2D('',#8220,#8221);
#8220 = CARTESIAN_POINT('',(0.,0.));
#8221 = DIRECTION('',(1.,0.));
#8222 = ( GEOMETRIC_REPRESENTATION_CONTEXT(2) 
PARAMETRIC_REPRESENTATION_CONTEXT() REPRESENTATION_CONTEXT('2D SPACE',''
  ) );
#8223 = ORIENTED_EDGE('',*,*,#1774,.F.);
#8224 = ORIENTED_EDGE('',*,*,#8152,.F.);
#8225 = ORIENTED_EDGE('',*,*,#1727,.T.);
#8226 = ORIENTED_EDGE('',*,*,#8227,.F.);
#8227 = EDGE_CURVE('',#3351,#1728,#8228,.T.);
#8228 = SURFACE_CURVE('',#8229,(#8234,#8241),.PCURVE_S1.);
#8229 = CIRCLE('',#8230,17.5);
#8230 = AXIS2_PLACEMENT_3D('',#8231,#8232,#8233);
#8231 = CARTESIAN_POINT('',(52.5,90.93,0.));
#8232 = DIRECTION('',(0.500011000363,0.866019052629,0.));
#8233 = DIRECTION('',(0.866019052629,-0.500011000363,0.));
#8234 = PCURVE('',#1601,#8235);
#8235 = DEFINITIONAL_REPRESENTATION('',(#8236),#8240);
#8236 = LINE('',#8237,#8238);
#8237 = CARTESIAN_POINT('',(0.,69.99845998306));
#8238 = VECTOR('',#8239,1.);
#8239 = DIRECTION('',(1.,0.));
#8240 = ( GEOMETRIC_REPRESENTATION_CONTEXT(2) 
PARAMETRIC_REPRESENTATION_CONTEXT() REPRESENTATION_CONTEXT('2D SPACE',''
  ) );
#8241 = PCURVE('',#1763,#8242);
#8242 = DEFINITIONAL_REPRESENTATION('',(#8243),#8247);
#8243 = CIRCLE('',#8244,17.5);
#8244 = AXIS2_PLACEMENT_2D('',#8245,#8246);
#8245 = CARTESIAN_POINT('',(0.,0.));
#8246 = DIRECTION('',(1.,0.));
#8247 = ( GEOMETRIC_REPRESENTATION_CONTEXT(2) 
PARAMETRIC_REPRESENTATION_CONTEXT() REPRESENTATION_CONTEXT('2D SPACE',''
  ) );
#8248 = ORIENTED_EDGE('',*,*,#3350,.F.);
#8249 = ORIENTED_EDGE('',*,*,#8250,.F.);
#8250 = EDGE_CURVE('',#3393,#3325,#8251,.T.);
#8251 = SURFACE_CURVE('',#8252,(#8257,#8264),.PCURVE_S1.);
#8252 = CIRCLE('',#8253,17.5);
#8253 = AXIS2_PLACEMENT_3D('',#8254,#8255,#8256);
#8254 = CARTESIAN_POINT('',(50.,86.6,0.));
#8255 = DIRECTION('',(0.500011000363,0.866019052629,0.));
#8256 = DIRECTION('',(0.866019052629,-0.500011000363,0.));
#8257 = PCURVE('',#1601,#8258);
#8258 = DEFINITIONAL_REPRESENTATION('',(#8259),#8263);
#8259 = LINE('',#8260,#8261);
#8260 = CARTESIAN_POINT('',(0.,64.99856998427));
#8261 = VECTOR('',#8262,1.);
#8262 = DIRECTION('',(1.,0.));
#8263 = ( GEOMETRIC_REPRESENTATION_CONTEXT(2) 
PARAMETRIC_REPRESENTATION_CONTEXT() REPRESENTATION_CONTEXT('2D SPACE',''
  ) );
#8264 = PCURVE('',#3339,#8265);
#8265 = DEFINITIONAL_REPRESENTATION('',(#8266),#8270);
#8266 = CIRCLE('',#8267,17.5);
#8267 = AXIS2_PLACEMENT_2D('',#8268,#8269);
#8268 = CARTESIAN_POINT('',(0.,0.));
#8269 = DIRECTION('',(1.,0.));
#8270 = ( GEOMETRIC_REPRESENTATION_CONTEXT(2) 
PARAMETRIC_REPRESENTATION_CONTEXT() REPRESENTATION_CONTEXT('2D SPACE',''
  ) );
#8271 = ORIENTED_EDGE('',*,*,#3392,.T.);
#8272 = ORIENTED_EDGE('',*,*,#8273,.F.);
#8273 = EDGE_CURVE('',#8180,#3372,#8274,.T.);
#8274 = SURFACE_CURVE('',#8275,(#8280,#8287),.PCURVE_S1.);
#8275 = CIRCLE('',#8276,17.5);
#8276 = AXIS2_PLACEMENT_3D('',#8277,#8278,#8279);
#8277 = CARTESIAN_POINT('',(52.5,90.93,0.));
#8278 = DIRECTION('',(0.500011000363,0.866019052629,0.));
#8279 = DIRECTION('',(0.866019052629,-0.500011000363,0.));
#8280 = PCURVE('',#1601,#8281);
#8281 = DEFINITIONAL_REPRESENTATION('',(#8282),#8286);
#8282 = LINE('',#8283,#8284);
#8283 = CARTESIAN_POINT('',(0.,69.99845998306));
#8284 = VECTOR('',#8285,1.);
#8285 = DIRECTION('',(1.,0.));
#8286 = ( GEOMETRIC_REPRESENTATION_CONTEXT(2) 
PARAMETRIC_REPRESENTATION_CONTEXT() REPRESENTATION_CONTEXT('2D SPACE',''
  ) );
#8287 = PCURVE('',#1763,#8288);
#8288 = DEFINITIONAL_REPRESENTATION('',(#8289),#8293);
#8289 = CIRCLE('',#8290,17.5);
#8290 = AXIS2_PLACEMENT_2D('',#8291,#8292);
#8291 = CARTESIAN_POINT('',(0.,0.));
#8292 = DIRECTION('',(1.,0.));
#8293 = ( GEOMETRIC_REPRESENTATION_CONTEXT(2) 
PARAMETRIC_REPRESENTATION_CONTEXT() REPRESENTATION_CONTEXT('2D SPACE',''
  ) );
#8294 = ORIENTED_EDGE('',*,*,#8177,.F.);
#8295 = ORIENTED_EDGE('',*,*,#8296,.T.);
#8296 = EDGE_CURVE('',#8178,#3220,#8297,.T.);
#8297 = SURFACE_CURVE('',#8298,(#8303,#8310),.PCURVE_S1.);
#8298 = CIRCLE('',#8299,17.5);
#8299 = AXIS2_PLACEMENT_3D('',#8300,#8301,#8302);
#8300 = CARTESIAN_POINT('',(17.5,30.31,0.));
#8301 = DIRECTION('',(0.500011000363,0.866019052629,0.));
#8302 = DIRECTION('',(0.866019052629,-0.500011000363,0.));
#8303 = PCURVE('',#1601,#8304);
#8304 = DEFINITIONAL_REPRESENTATION('',(#8305),#8309);
#8305 = LINE('',#8306,#8307);
#8306 = CARTESIAN_POINT('',(0.,0.));
#8307 = VECTOR('',#8308,1.);
#8308 = DIRECTION('',(1.,0.));
#8309 = ( GEOMETRIC_REPRESENTATION_CONTEXT(2) 
PARAMETRIC_REPRESENTATION_CONTEXT() REPRESENTATION_CONTEXT('2D SPACE',''
  ) );
#8310 = PCURVE('',#1627,#8311);
#8311 = DEFINITIONAL_REPRESENTATION('',(#8312),#8316);
#8312 = CIRCLE('',#8313,17.5);
#8313 = AXIS2_PLACEMENT_2D('',#8314,#8315);
#8314 = CARTESIAN_POINT('',(0.,0.));
#8315 = DIRECTION('',(1.,0.));
#8316 = ( GEOMETRIC_REPRESENTATION_CONTEXT(2) 
PARAMETRIC_REPRESENTATION_CONTEXT() REPRESENTATION_CONTEXT('2D SPACE',''
  ) );
#8317 = ORIENTED_EDGE('',*,*,#3219,.T.);
#8318 = ORIENTED_EDGE('',*,*,#8319,.T.);
#8319 = EDGE_CURVE('',#3194,#3262,#8320,.T.);
#8320 = SURFACE_CURVE('',#8321,(#8326,#8333),.PCURVE_S1.);
#8321 = CIRCLE('',#8322,17.5);
#8322 = AXIS2_PLACEMENT_3D('',#8323,#8324,#8325);
#8323 = CARTESIAN_POINT('',(20.,34.64,0.));
#8324 = DIRECTION('',(0.500011000363,0.866019052629,0.));
#8325 = DIRECTION('',(0.866019052629,-0.500011000363,0.));
#8326 = PCURVE('',#1601,#8327);
#8327 = DEFINITIONAL_REPRESENTATION('',(#8328),#8332);
#8328 = LINE('',#8329,#8330);
#8329 = CARTESIAN_POINT('',(0.,4.99988999879));
#8330 = VECTOR('',#8331,1.);
#8331 = DIRECTION('',(1.,0.));
#8332 = ( GEOMETRIC_REPRESENTATION_CONTEXT(2) 
PARAMETRIC_REPRESENTATION_CONTEXT() REPRESENTATION_CONTEXT('2D SPACE',''
  ) );
#8333 = PCURVE('',#3208,#8334);
#8334 = DEFINITIONAL_REPRESENTATION('',(#8335),#8339);
#8335 = CIRCLE('',#8336,17.5);
#8336 = AXIS2_PLACEMENT_2D('',#8337,#8338);
#8337 = CARTESIAN_POINT('',(0.,0.));
#8338 = DIRECTION('',(1.,0.));
#8339 = ( GEOMETRIC_REPRESENTATION_CONTEXT(2) 
PARAMETRIC_REPRESENTATION_CONTEXT() REPRESENTATION_CONTEXT('2D SPACE',''
  ) );
#8340 = ORIENTED_EDGE('',*,*,#3261,.F.);
#8341 = ORIENTED_EDGE('',*,*,#8342,.T.);
#8342 = EDGE_CURVE('',#3241,#1613,#8343,.T.);
#8343 = SURFACE_CURVE('',#8344,(#8349,#8356),.PCURVE_S1.);
#8344 = CIRCLE('',#8345,17.5);
#8345 = AXIS2_PLACEMENT_3D('',#8346,#8347,#8348);
#8346 = CARTESIAN_POINT('',(17.5,30.31,0.));
#8347 = DIRECTION('',(0.500011000363,0.866019052629,0.));
#8348 = DIRECTION('',(0.866019052629,-0.500011000363,0.));
#8349 = PCURVE('',#1601,#8350);
#8350 = DEFINITIONAL_REPRESENTATION('',(#8351),#8355);
#8351 = LINE('',#8352,#8353);
#8352 = CARTESIAN_POINT('',(0.,0.));
#8353 = VECTOR('',#8354,1.);
#8354 = DIRECTION('',(1.,0.));
#8355 = ( GEOMETRIC_REPRESENTATION_CONTEXT(2) 
PARAMETRIC_REPRESENTATION_CONTEXT() REPRESENTATION_CONTEXT('2D SPACE',''
  ) );
#8356 = PCURVE('',#1627,#8357);
#8357 = DEFINITIONAL_REPRESENTATION('',(#8358),#8362);
#8358 = CIRCLE('',#8359,17.5);
#8359 = AXIS2_PLACEMENT_2D('',#8360,#8361);
#8360 = CARTESIAN_POINT('',(0.,0.));
#8361 = DIRECTION('',(1.,0.));
#8362 = ( GEOMETRIC_REPRESENTATION_CONTEXT(2) 
PARAMETRIC_REPRESENTATION_CONTEXT() REPRESENTATION_CONTEXT('2D SPACE',''
  ) );
#8363 = ORIENTED_EDGE('',*,*,#1638,.T.);
#8364 = ORIENTED_EDGE('',*,*,#8365,.T.);
#8365 = EDGE_CURVE('',#1639,#1561,#8366,.T.);
#8366 = SURFACE_CURVE('',#8367,(#8372,#8379),.PCURVE_S1.);
#8367 = CIRCLE('',#8368,17.5);
#8368 = AXIS2_PLACEMENT_3D('',#8369,#8370,#8371);
#8369 = CARTESIAN_POINT('',(20.,34.64,0.));
#8370 = DIRECTION('',(0.500011000363,0.866019052629,0.));
#8371 = DIRECTION('',(0.866019052629,-0.500011000363,0.));
#8372 = PCURVE('',#1601,#8373);
#8373 = DEFINITIONAL_REPRESENTATION('',(#8374),#8378);
#8374 = LINE('',#8375,#8376);
#8375 = CARTESIAN_POINT('',(0.,4.99988999879));
#8376 = VECTOR('',#8377,1.);
#8377 = DIRECTION('',(1.,0.));
#8378 = ( GEOMETRIC_REPRESENTATION_CONTEXT(2) 
PARAMETRIC_REPRESENTATION_CONTEXT() REPRESENTATION_CONTEXT('2D SPACE',''
  ) );
#8379 = PCURVE('',#1575,#8380);
#8380 = DEFINITIONAL_REPRESENTATION('',(#8381),#8385);
#8381 = CIRCLE('',#8382,17.5);
#8382 = AXIS2_PLACEMENT_2D('',#8383,#8384);
#8383 = CARTESIAN_POINT('',(0.,0.));
#8384 = DIRECTION('',(1.,0.));
#8385 = ( GEOMETRIC_REPRESENTATION_CONTEXT(2) 
PARAMETRIC_REPRESENTATION_CONTEXT() REPRESENTATION_CONTEXT('2D SPACE',''
  ) );
#8386 = ORIENTED_EDGE('',*,*,#1586,.F.);
#8387 = ORIENTED_EDGE('',*,*,#8388,.T.);
#8388 = EDGE_CURVE('',#1587,#8178,#8389,.T.);
#8389 = SURFACE_CURVE('',#8390,(#8395,#8402),.PCURVE_S1.);
#8390 = CIRCLE('',#8391,17.5);
#8391 = AXIS2_PLACEMENT_3D('',#8392,#8393,#8394);
#8392 = CARTESIAN_POINT('',(17.5,30.31,0.));
#8393 = DIRECTION('',(0.500011000363,0.866019052629,0.));
#8394 = DIRECTION('',(0.866019052629,-0.500011000363,0.));
#8395 = PCURVE('',#1601,#8396);
#8396 = DEFINITIONAL_REPRESENTATION('',(#8397),#8401);
#8397 = LINE('',#8398,#8399);
#8398 = CARTESIAN_POINT('',(0.,0.));
#8399 = VECTOR('',#8400,1.);
#8400 = DIRECTION('',(1.,0.));
#8401 = ( GEOMETRIC_REPRESENTATION_CONTEXT(2) 
PARAMETRIC_REPRESENTATION_CONTEXT() REPRESENTATION_CONTEXT('2D SPACE',''
  ) );
#8402 = PCURVE('',#1627,#8403);
#8403 = DEFINITIONAL_REPRESENTATION('',(#8404),#8408);
#8404 = CIRCLE('',#8405,17.5);
#8405 = AXIS2_PLACEMENT_2D('',#8406,#8407);
#8406 = CARTESIAN_POINT('',(0.,0.));
#8407 = DIRECTION('',(1.,0.));
#8408 = ( GEOMETRIC_REPRESENTATION_CONTEXT(2) 
PARAMETRIC_REPRESENTATION_CONTEXT() REPRESENTATION_CONTEXT('2D SPACE',''
  ) );
#8409 = FACE_BOUND('',#8410,.F.);
#8410 = EDGE_LOOP('',(#8411));
#8411 = ORIENTED_EDGE('',*,*,#8412,.F.);
#8412 = EDGE_CURVE('',#8413,#8413,#8415,.T.);
#8413 = VERTEX_POINT('',#8414);
#8414 = CARTESIAN_POINT('',(37.1,60.62,17.405244856426));
#8415 = SURFACE_CURVE('',#8416,(#8475,#8537),.PCURVE_S1.);
#8416 = B_SPLINE_CURVE_WITH_KNOTS('',8,(#8417,#8418,#8419,#8420,#8421,
    #8422,#8423,#8424,#8425,#8426,#8427,#8428,#8429,#8430,#8431,#8432,
    #8433,#8434,#8435,#8436,#8437,#8438,#8439,#8440,#8441,#8442,#8443,
    #8444,#8445,#8446,#8447,#8448,#8449,#8450,#8451,#8452,#8453,#8454,
    #8455,#8456,#8457,#8458,#8459,#8460,#8461,#8462,#8463,#8464,#8465,
    #8466,#8467,#8468,#8469,#8470,#8471,#8472,#8473,#8474),
  .UNSPECIFIED.,.T.,.F.,(9,7,7,7,7,7,7,7,9),(0.,0.125041502751,
    0.238084479542,0.336874744602,0.429971647323,0.57910522765,
    0.700358423029,0.839102817102,1.),.UNSPECIFIED.);
#8417 = CARTESIAN_POINT('',(37.1,60.62,17.405244856426));
#8418 = CARTESIAN_POINT('',(37.1,60.811285753647,17.415238613523));
#8419 = CARTESIAN_POINT('',(37.080087298735,61.008611359864,
    17.42674249068));
#8420 = CARTESIAN_POINT('',(37.038059287244,61.209602312404,
    17.439383321237));
#8421 = CARTESIAN_POINT('',(36.971949218933,61.411415245273,
    17.452583489122));
#8422 = CARTESIAN_POINT('',(36.880045905846,61.610716693921,
    17.465565852624));
#8423 = CARTESIAN_POINT('',(36.760934305012,61.803618082415,
    17.477379716372));
#8424 = CARTESIAN_POINT('',(36.613588542461,61.985521910895,
    17.486984695872));
#8425 = CARTESIAN_POINT('',(36.278401421489,62.300283568633,
    17.499255539562));
#8426 = CARTESIAN_POINT('',(36.099378404899,62.432813874992,
    17.502367379606));
#8427 = CARTESIAN_POINT('',(35.903861560789,62.543593120884,
    17.502200182838));
#8428 = CARTESIAN_POINT('',(35.696603547781,62.62927003664,
    17.498553154305));
#8429 = CARTESIAN_POINT('',(35.483278595487,62.688140961322,
    17.491768671124));
#8430 = CARTESIAN_POINT('',(35.270017931094,62.720354276207,
    17.482644091934));
#8431 = CARTESIAN_POINT('',(35.062996807567,62.728115486636,
    17.472192569218));
#8432 = CARTESIAN_POINT('',(34.697851004666,62.705142459947,
    17.451910781444));
#8433 = CARTESIAN_POINT('',(34.533694825376,62.67893953735,
    17.441993120437));
#8434 = CARTESIAN_POINT('',(34.376595659784,62.638981238952,
    17.432037139376));
#8435 = CARTESIAN_POINT('',(34.227177933814,62.586781494364,
    17.42239374331));
#8436 = CARTESIAN_POINT('',(34.085857393987,62.523657616911,
    17.413344068564));
#8437 = CARTESIAN_POINT('',(33.95291351118,62.450749009623,
    17.405104127254));
#8438 = CARTESIAN_POINT('',(33.828543104793,62.369031246062,
    17.397834016345));
#8439 = CARTESIAN_POINT('',(33.603912152253,62.194789618629,
    17.385825658484));
#8440 = CARTESIAN_POINT('',(33.502608254983,62.103107909955,
    17.380961863884));
#8441 = CARTESIAN_POINT('',(33.409105611727,62.004935678134,
    17.377159347999));
#8442 = CARTESIAN_POINT('',(33.323530794195,61.900827478085,
    17.374485153235));
#8443 = CARTESIAN_POINT('',(33.246030856911,61.791258982298,
    17.372979785189));
#8444 = CARTESIAN_POINT('',(33.176789472782,61.676648230776,
    17.37266047128));
#8445 = CARTESIAN_POINT('',(33.116043176906,61.557376290127,
    17.373522216644));
#8446 = CARTESIAN_POINT('',(32.980885367322,61.235859998842,
    17.378763625571));
#8447 = CARTESIAN_POINT('',(32.920302663342,61.026993412209,
    17.384946511639));
#8448 = CARTESIAN_POINT('',(32.883497357928,60.808575851103,
    17.393966880434));
#8449 = CARTESIAN_POINT('',(32.872272251101,60.582044773647,
    17.405555518947));
#8450 = CARTESIAN_POINT('',(32.889026529515,60.349308099033,
    17.41925961646));
#8451 = CARTESIAN_POINT('',(32.936717071514,60.113015991927,
    17.434338411376));
#8452 = CARTESIAN_POINT('',(33.018780920224,59.876990695002,
    17.449674327997));
#8453 = CARTESIAN_POINT('',(33.236671939556,59.460190721267,
    17.475260643949));
#8454 = CARTESIAN_POINT('',(33.361829052896,59.273033367553,
    17.486190185513));
#8455 = CARTESIAN_POINT('',(33.515280376583,59.095228296964,
    17.49534004578));
#8456 = CARTESIAN_POINT('',(33.694979677571,58.934951326689,
    17.501448240489));
#8457 = CARTESIAN_POINT('',(33.896425507159,58.798725479204,
    17.50358844421));
#8458 = CARTESIAN_POINT('',(34.113352092104,58.691001806526,
    17.501613596953));
#8459 = CARTESIAN_POINT('',(34.338325618525,58.613730969998,
    17.496083129927));
#8460 = CARTESIAN_POINT('',(34.820855002907,58.511159777042,
    17.478673510418));
#8461 = CARTESIAN_POINT('',(35.074022549717,58.495900643856,
    17.46615228616));
#8462 = CARTESIAN_POINT('',(35.31756210477,58.514869555148,
    17.451813487979));
#8463 = CARTESIAN_POINT('',(35.548064867813,58.563343273297,
    17.437015912303));
#8464 = CARTESIAN_POINT('',(35.763243123356,58.637077214034,
    17.422848699901));
#8465 = CARTESIAN_POINT('',(35.961578127329,58.732287042825,
    17.410097022861));
#8466 = CARTESIAN_POINT('',(36.142146962166,58.845638727851,
    17.399290212552));
#8467 = CARTESIAN_POINT('',(36.492536542784,59.123346840776,
    17.380811346438));
#8468 = CARTESIAN_POINT('',(36.65714184001,59.293831562046,
    17.373857567928));
#8469 = CARTESIAN_POINT('',(36.797770162018,59.482314741197,
    17.370363707959));
#8470 = CARTESIAN_POINT('',(36.913770808075,59.686424663965,
    17.370545190801));
#8471 = CARTESIAN_POINT('',(37.00404100553,59.904219517243,
    17.374423691893));
#8472 = CARTESIAN_POINT('',(37.066907150199,60.133882467704,
    17.381832983891));
#8473 = CARTESIAN_POINT('',(37.1,60.373406660324,17.392361544984));
#8474 = CARTESIAN_POINT('',(37.1,60.62,17.405244856426));
#8475 = PCURVE('',#1601,#8476);
#8476 = DEFINITIONAL_REPRESENTATION('',(#8477),#8536);
#8477 = B_SPLINE_CURVE_WITH_KNOTS('',8,(#8478,#8479,#8480,#8481,#8482,
    #8483,#8484,#8485,#8486,#8487,#8488,#8489,#8490,#8491,#8492,#8493,
    #8494,#8495,#8496,#8497,#8498,#8499,#8500,#8501,#8502,#8503,#8504,
    #8505,#8506,#8507,#8508,#8509,#8510,#8511,#8512,#8513,#8514,#8515,
    #8516,#8517,#8518,#8519,#8520,#8521,#8522,#8523,#8524,#8525,#8526,
    #8527,#8528,#8529,#8530,#8531,#8532,#8533,#8534,#8535),
  .UNSPECIFIED.,.T.,.F.,(9,7,7,7,7,7,7,7,9),(0.,0.125041502751,
    0.238084479542,0.336874744602,0.429971647323,0.57910522765,
    0.700358423029,0.839102817102,1.),.UNSPECIFIED.);
#8478 = CARTESIAN_POINT('',(4.816499239045,36.049253092292));
#8479 = CARTESIAN_POINT('',(4.811004057459,36.214910199447));
#8480 = CARTESIAN_POINT('',(4.804348188172,36.375841364324));
#8481 = CARTESIAN_POINT('',(4.796492680208,36.528888890559));
#8482 = CARTESIAN_POINT('',(4.787424212605,36.670606974101));
#8483 = CARTESIAN_POINT('',(4.777156377232,36.797253158334));
#8484 = CARTESIAN_POINT('',(4.765732409056,36.90475232536));
#8485 = CARTESIAN_POINT('',(4.753233024767,36.988610004437));
#8486 = CARTESIAN_POINT('',(4.727642689325,37.093602349409));
#8487 = CARTESIAN_POINT('',(4.714996616285,37.118862642153));
#8488 = CARTESIAN_POINT('',(4.702158305048,37.117039006921));
#8489 = CARTESIAN_POINT('',(4.689455096205,37.087605561919));
#8490 = CARTESIAN_POINT('',(4.677212613987,37.03192408154));
#8491 = CARTESIAN_POINT('',(4.665728060913,36.953188747838));
#8492 = CARTESIAN_POINT('',(4.655244945388,36.856397264869));
#8493 = CARTESIAN_POINT('',(4.637792908849,36.653925267873));
#8494 = CARTESIAN_POINT('',(4.630396660744,36.549153142247));
#8495 = CARTESIAN_POINT('',(4.623740054078,36.43599718358));
#8496 = CARTESIAN_POINT('',(4.617811905794,36.31608070359));
#8497 = CARTESIAN_POINT('',(4.612596427344,36.190752398549));
#8498 = CARTESIAN_POINT('',(4.608076079617,36.061138751703));
#8499 = CARTESIAN_POINT('',(4.604233723893,35.928183040208));
#8500 = CARTESIAN_POINT('',(4.598057659872,35.664968523798));
#8501 = CARTESIAN_POINT('',(4.595647929124,35.534917354294));
#8502 = CARTESIAN_POINT('',(4.593812864507,35.403145980907));
#8503 = CARTESIAN_POINT('',(4.592543394081,35.27019794601));
#8504 = CARTESIAN_POINT('',(4.591833535002,35.136558719921));
#8505 = CARTESIAN_POINT('',(4.591680574776,35.002682171722));
#8506 = CARTESIAN_POINT('',(4.592085284838,34.869016582506));
#8507 = CARTESIAN_POINT('',(4.594601031263,34.522996956946));
#8508 = CARTESIAN_POINT('',(4.597591679155,34.311822495043));
#8509 = CARTESIAN_POINT('',(4.60204087266,34.104265668117));
#8510 = CARTESIAN_POINT('',(4.607994667167,33.902472762134));
#8511 = CARTESIAN_POINT('',(4.615513979665,33.709295691183));
#8512 = CARTESIAN_POINT('',(4.624664952736,33.528508020056));
#8513 = CARTESIAN_POINT('',(4.635503744597,33.365138443104));
#8514 = CARTESIAN_POINT('',(4.658242361052,33.11312963126));
#8515 = CARTESIAN_POINT('',(4.669799729448,33.013627730548));
#8516 = CARTESIAN_POINT('',(4.682482826303,32.936372501629));
#8517 = CARTESIAN_POINT('',(4.695956185401,32.887421218924));
#8518 = CARTESIAN_POINT('',(4.709813835997,32.870172170313));
#8519 = CARTESIAN_POINT('',(4.72362441526,32.885347096098));
#8520 = CARTESIAN_POINT('',(4.736967962592,32.930918317453));
#8521 = CARTESIAN_POINT('',(4.763795920778,33.083359710292));
#8522 = CARTESIAN_POINT('',(4.776777967054,33.196731568566));
#8523 = CARTESIAN_POINT('',(4.788314948204,33.334931463702));
#8524 = CARTESIAN_POINT('',(4.798371114272,33.492164544307));
#8525 = CARTESIAN_POINT('',(4.806950619429,33.663611036621));
#8526 = CARTESIAN_POINT('',(4.81408234765,33.845234246095));
#8527 = CARTESIAN_POINT('',(4.819812766682,34.033685368716));
#8528 = CARTESIAN_POINT('',(4.829276826257,34.449384530301));
#8529 = CARTESIAN_POINT('',(4.832575409851,34.679332006434));
#8530 = CARTESIAN_POINT('',(4.834161934375,34.912877738644));
#8531 = CARTESIAN_POINT('',(4.834070047916,35.14764241967));
#8532 = CARTESIAN_POINT('',(4.832300395142,35.381393003906));
#8533 = CARTESIAN_POINT('',(4.828823651498,35.611719258573));
#8534 = CARTESIAN_POINT('',(4.823583275119,35.835698561881));
#8535 = CARTESIAN_POINT('',(4.816499239045,36.049253092292));
#8536 = ( GEOMETRIC_REPRESENTATION_CONTEXT(2) 
PARAMETRIC_REPRESENTATION_CONTEXT() REPRESENTATION_CONTEXT('2D SPACE',''
  ) );
#8537 = PCURVE('',#8079,#8538);
#8538 = DEFINITIONAL_REPRESENTATION('',(#8539),#8598);
#8539 = B_SPLINE_CURVE_WITH_KNOTS('',8,(#8540,#8541,#8542,#8543,#8544,
    #8545,#8546,#8547,#8548,#8549,#8550,#8551,#8552,#8553,#8554,#8555,
    #8556,#8557,#8558,#8559,#8560,#8561,#8562,#8563,#8564,#8565,#8566,
    #8567,#8568,#8569,#8570,#8571,#8572,#8573,#8574,#8575,#8576,#8577,
    #8578,#8579,#8580,#8581,#8582,#8583,#8584,#8585,#8586,#8587,#8588,
    #8589,#8590,#8591,#8592,#8593,#8594,#8595,#8596,#8597),
  .UNSPECIFIED.,.F.,.F.,(9,7,7,7,7,7,7,7,9),(0.,0.125041502751,
    0.238084479542,0.336874744602,0.429971647323,0.57910522765,
    0.700358423029,0.839102817102,1.),.UNSPECIFIED.);
#8540 = CARTESIAN_POINT('',(8.881784197001E-16,37.405244856426));
#8541 = CARTESIAN_POINT('',(9.108845411753E-02,37.415238613523));
#8542 = CARTESIAN_POINT('',(0.185052642697,37.42674249068));
#8543 = CARTESIAN_POINT('',(0.281915723268,37.439383321237));
#8544 = CARTESIAN_POINT('',(0.381775451707,37.452583489122));
#8545 = CARTESIAN_POINT('',(0.484830471645,37.465565852624));
#8546 = CARTESIAN_POINT('',(0.591373946576,37.477379716372));
#8547 = CARTESIAN_POINT('',(0.701818207631,37.486984695872));
#8548 = CARTESIAN_POINT('',(0.920775387329,37.499255539562));
#8549 = CARTESIAN_POINT('',(1.026120504095,37.502367379606));
#8550 = CARTESIAN_POINT('',(1.13181444986,37.502200182838));
#8551 = CARTESIAN_POINT('',(1.237014282825,37.498553154305));
#8552 = CARTESIAN_POINT('',(1.340888721543,37.491768671124));
#8553 = CARTESIAN_POINT('',(1.442500367142,37.482644091934));
#8554 = CARTESIAN_POINT('',(1.540655720633,37.472192569218));
#8555 = CARTESIAN_POINT('',(1.71487846318,37.451910781444));
#8556 = CARTESIAN_POINT('',(1.793677781707,37.441993120437));
#8557 = CARTESIAN_POINT('',(1.870350040574,37.432037139376));
#8558 = CARTESIAN_POINT('',(1.945167790653,37.42239374331));
#8559 = CARTESIAN_POINT('',(2.018372228155,37.413344068564));
#8560 = CARTESIAN_POINT('',(2.0901883187,37.405104127254));
#8561 = CARTESIAN_POINT('',(2.160835045839,37.397834016345));
#8562 = CARTESIAN_POINT('',(2.296209900876,37.385825658484));
#8563 = CARTESIAN_POINT('',(2.361085327004,37.380961863884));
#8564 = CARTESIAN_POINT('',(2.425351027773,37.377159347999));
#8565 = CARTESIAN_POINT('',(2.489185933626,37.374485153235));
#8566 = CARTESIAN_POINT('',(2.552761272881,37.372979785189));
#8567 = CARTESIAN_POINT('',(2.61624662776,37.37266047128));
#8568 = CARTESIAN_POINT('',(2.679814713706,37.373522216644));
#8569 = CARTESIAN_POINT('',(2.845895561061,37.378763625571));
#8570 = CARTESIAN_POINT('',(2.948763028608,37.384946511639));
#8571 = CARTESIAN_POINT('',(3.053067023441,37.393966880434));
#8572 = CARTESIAN_POINT('',(3.159547874215,37.405555518947));
#8573 = CARTESIAN_POINT('',(3.268949316139,37.41925961646));
#8574 = CARTESIAN_POINT('',(3.382054934166,37.434338411376));
#8575 = CARTESIAN_POINT('',(3.499763794334,37.449674327997));
#8576 = CARTESIAN_POINT('',(3.723724591443,37.475260643949));
#8577 = CARTESIAN_POINT('',(3.830317148125,37.486190185513));
#8578 = CARTESIAN_POINT('',(3.940747471841,37.49534004578));
#8579 = CARTESIAN_POINT('',(4.053459123643,37.501448240489));
#8580 = CARTESIAN_POINT('',(4.167234643631,37.50358844421));
#8581 = CARTESIAN_POINT('',(4.280943740322,37.501613596953));
#8582 = CARTESIAN_POINT('',(4.393383554687,37.496083129927));
#8583 = CARTESIAN_POINT('',(4.628293416503,37.478673510418));
#8584 = CARTESIAN_POINT('',(4.747726385055,37.46615228616));
#8585 = CARTESIAN_POINT('',(4.862282421802,37.451813487979));
#8586 = CARTESIAN_POINT('',(4.97267031503,37.437015912303));
#8587 = CARTESIAN_POINT('',(5.079447782492,37.422848699901));
#8588 = CARTESIAN_POINT('',(5.183088197181,37.410097022861));
#8589 = CARTESIAN_POINT('',(5.284001382641,37.399290212552));
#8590 = CARTESIAN_POINT('',(5.496904144446,37.380811346438));
#8591 = CARTESIAN_POINT('',(5.608759356747,37.373857567928));
#8592 = CARTESIAN_POINT('',(5.719266451505,37.370363707959));
#8593 = CARTESIAN_POINT('',(5.829348171925,37.370545190801));
#8594 = CARTESIAN_POINT('',(5.939871144332,37.374423691893));
#8595 = CARTESIAN_POINT('',(6.051700562115,37.381832983891));
#8596 = CARTESIAN_POINT('',(6.165759907334,37.392361544984));
#8597 = CARTESIAN_POINT('',(6.28318530718,37.405244856426));
#8598 = ( GEOMETRIC_REPRESENTATION_CONTEXT(2) 
PARAMETRIC_REPRESENTATION_CONTEXT() REPRESENTATION_CONTEXT('2D SPACE',''
  ) );
#8599 = FACE_BOUND('',#8600,.F.);
#8600 = EDGE_LOOP('',(#8601));
#8601 = ORIENTED_EDGE('',*,*,#8602,.T.);
#8602 = EDGE_CURVE('',#8603,#8603,#8605,.T.);
#8603 = VERTEX_POINT('',#8604);
#8604 = CARTESIAN_POINT('',(37.1,60.62,-17.40524485642));
#8605 = SURFACE_CURVE('',#8606,(#8665,#8727),.PCURVE_S1.);
#8606 = B_SPLINE_CURVE_WITH_KNOTS('',8,(#8607,#8608,#8609,#8610,#8611,
    #8612,#8613,#8614,#8615,#8616,#8617,#8618,#8619,#8620,#8621,#8622,
    #8623,#8624,#8625,#8626,#8627,#8628,#8629,#8630,#8631,#8632,#8633,
    #8634,#8635,#8636,#8637,#8638,#8639,#8640,#8641,#8642,#8643,#8644,
    #8645,#8646,#8647,#8648,#8649,#8650,#8651,#8652,#8653,#8654,#8655,
    #8656,#8657,#8658,#8659,#8660,#8661,#8662,#8663,#8664),
  .UNSPECIFIED.,.T.,.F.,(9,7,7,7,7,7,7,7,9),(0.,0.125041505192,
    0.238084483521,0.336874748865,0.429971650286,0.579105228532,
    0.700358422218,0.839102814353,1.),.UNSPECIFIED.);
#8607 = CARTESIAN_POINT('',(37.1,60.62,-17.40524485642));
#8608 = CARTESIAN_POINT('',(37.1,60.811285753834,-17.41523861353));
#8609 = CARTESIAN_POINT('',(37.080087298697,61.008611359914,
    -17.42674249068));
#8610 = CARTESIAN_POINT('',(37.038059287242,61.209602312286,
    -17.43938332123));
#8611 = CARTESIAN_POINT('',(36.971949219,61.411415245116,-17.45258348911
    ));
#8612 = CARTESIAN_POINT('',(36.880045905918,61.610716693867,
    -17.46556585262));
#8613 = CARTESIAN_POINT('',(36.760934304987,61.803618082504,
    -17.47737971637));
#8614 = CARTESIAN_POINT('',(36.613588542329,61.985521911018,
    -17.48698469587));
#8615 = CARTESIAN_POINT('',(36.27840142255,62.300283567636,
    -17.49925553952));
#8616 = CARTESIAN_POINT('',(36.099378401181,62.432813877321,
    -17.50236737963));
#8617 = CARTESIAN_POINT('',(35.903861565248,62.543593119221,
    -17.50220018291));
#8618 = CARTESIAN_POINT('',(35.696603547586,62.629270035871,
    -17.49855315422));
#8619 = CARTESIAN_POINT('',(35.483278591037,62.688140963018,
    -17.49176867105));
#8620 = CARTESIAN_POINT('',(35.270017935237,62.720354275559,
    -17.48264409208));
#8621 = CARTESIAN_POINT('',(35.062996806234,62.728115486552,
    -17.47219256914));
#8622 = CARTESIAN_POINT('',(34.697851007656,62.705142460135,
    -17.45191078161));
#8623 = CARTESIAN_POINT('',(34.53369482081,62.678939536159,
    -17.44199312017));
#8624 = CARTESIAN_POINT('',(34.376595659322,62.638981239559,
    -17.43203713935));
#8625 = CARTESIAN_POINT('',(34.227177937853,62.586781495777,
    -17.42239374353));
#8626 = CARTESIAN_POINT('',(34.085857394481,62.523657616326,
    -17.41334406859));
#8627 = CARTESIAN_POINT('',(33.952913507124,62.450749007808,
    -17.40510412702));
#8628 = CARTESIAN_POINT('',(33.828543106741,62.369031247572,
    -17.39783401644));
#8629 = CARTESIAN_POINT('',(33.603912152253,62.194789618629,
    -17.38582565848));
#8630 = CARTESIAN_POINT('',(33.502608254983,62.103107909955,
    -17.38096186388));
#8631 = CARTESIAN_POINT('',(33.409105611727,62.004935678134,
    -17.37715934799));
#8632 = CARTESIAN_POINT('',(33.323530794195,61.900827478085,
    -17.37448515323));
#8633 = CARTESIAN_POINT('',(33.246030856911,61.791258982298,
    -17.37297978518));
#8634 = CARTESIAN_POINT('',(33.176789472782,61.676648230776,
    -17.37266047128));
#8635 = CARTESIAN_POINT('',(33.116043176906,61.557376290127,
    -17.37352221664));
#8636 = CARTESIAN_POINT('',(32.980885367322,61.235859998842,
    -17.37876362557));
#8637 = CARTESIAN_POINT('',(32.920302663342,61.026993412209,
    -17.38494651163));
#8638 = CARTESIAN_POINT('',(32.883497357928,60.808575851103,
    -17.39396688043));
#8639 = CARTESIAN_POINT('',(32.872272251101,60.582044773647,
    -17.40555551894));
#8640 = CARTESIAN_POINT('',(32.889026529515,60.349308099032,
    -17.41925961646));
#8641 = CARTESIAN_POINT('',(32.936717071514,60.113015991927,
    -17.43433841137));
#8642 = CARTESIAN_POINT('',(33.018780920224,59.876990695002,
    -17.44967432799));
#8643 = CARTESIAN_POINT('',(33.236671939555,59.460190721267,
    -17.47526064394));
#8644 = CARTESIAN_POINT('',(33.361829052898,59.273033367551,
    -17.48619018551));
#8645 = CARTESIAN_POINT('',(33.51528037658,59.095228296967,
    -17.49534004578));
#8646 = CARTESIAN_POINT('',(33.694979677576,58.934951326687,
    -17.50144824048));
#8647 = CARTESIAN_POINT('',(33.896425507154,58.798725479206,
    -17.50358844421));
#8648 = CARTESIAN_POINT('',(34.113352092107,58.691001806525,
    -17.50161359695));
#8649 = CARTESIAN_POINT('',(34.338325618524,58.613730969998,
    -17.49608312992));
#8650 = CARTESIAN_POINT('',(34.820855002907,58.511159777042,
    -17.47867351041));
#8651 = CARTESIAN_POINT('',(35.074022549717,58.495900643856,
    -17.46615228616));
#8652 = CARTESIAN_POINT('',(35.31756210477,58.514869555148,
    -17.45181348797));
#8653 = CARTESIAN_POINT('',(35.548064867813,58.563343273297,
    -17.4370159123));
#8654 = CARTESIAN_POINT('',(35.763243123356,58.637077214034,
    -17.4228486999));
#8655 = CARTESIAN_POINT('',(35.961578127329,58.732287042825,
    -17.41009702286));
#8656 = CARTESIAN_POINT('',(36.142146962166,58.845638727851,
    -17.39929021255));
#8657 = CARTESIAN_POINT('',(36.492536548627,59.123346845407,
    -17.38081134613));
#8658 = CARTESIAN_POINT('',(36.657141829054,59.293831548375,
    -17.37385756823));
#8659 = CARTESIAN_POINT('',(36.797770167085,59.482314753775,
    -17.37036370815));
#8660 = CARTESIAN_POINT('',(36.913770811858,59.686424665507,
    -17.37054519052));
#8661 = CARTESIAN_POINT('',(37.004040999946,59.904219504727,
    -17.37442369175));
#8662 = CARTESIAN_POINT('',(37.066907152334,60.133882478041,
    -17.38183298423));
#8663 = CARTESIAN_POINT('',(37.1,60.373406657084,-17.39236154481));
#8664 = CARTESIAN_POINT('',(37.1,60.62,-17.40524485642));
#8665 = PCURVE('',#1601,#8666);
#8666 = DEFINITIONAL_REPRESENTATION('',(#8667),#8726);
#8667 = B_SPLINE_CURVE_WITH_KNOTS('',8,(#8668,#8669,#8670,#8671,#8672,
    #8673,#8674,#8675,#8676,#8677,#8678,#8679,#8680,#8681,#8682,#8683,
    #8684,#8685,#8686,#8687,#8688,#8689,#8690,#8691,#8692,#8693,#8694,
    #8695,#8696,#8697,#8698,#8699,#8700,#8701,#8702,#8703,#8704,#8705,
    #8706,#8707,#8708,#8709,#8710,#8711,#8712,#8713,#8714,#8715,#8716,
    #8717,#8718,#8719,#8720,#8721,#8722,#8723,#8724,#8725),
  .UNSPECIFIED.,.T.,.F.,(9,7,7,7,7,7,7,7,9),(0.,0.125041505192,
    0.238084483521,0.336874748865,0.429971650286,0.579105228532,
    0.700358422218,0.839102814353,1.),.UNSPECIFIED.);
#8668 = CARTESIAN_POINT('',(1.466686068135,36.049253092292));
#8669 = CARTESIAN_POINT('',(1.472181249726,36.214910199609));
#8670 = CARTESIAN_POINT('',(1.478837119011,36.375841364347));
#8671 = CARTESIAN_POINT('',(1.486692626968,36.528888890457));
#8672 = CARTESIAN_POINT('',(1.495761094567,36.670606973999));
#8673 = CARTESIAN_POINT('',(1.506028929943,36.797253158323));
#8674 = CARTESIAN_POINT('',(1.517452898127,36.904752325424));
#8675 = CARTESIAN_POINT('',(1.529952282422,36.988610004478));
#8676 = CARTESIAN_POINT('',(1.555542617774,37.093602349076));
#8677 = CARTESIAN_POINT('',(1.568188691146,37.118862642311));
#8678 = CARTESIAN_POINT('',(1.581027001863,37.11703900771));
#8679 = CARTESIAN_POINT('',(1.593730210962,37.087605561155));
#8680 = CARTESIAN_POINT('',(1.605972693461,37.031924080784));
#8681 = CARTESIAN_POINT('',(1.617457246042,36.953188749349));
#8682 = CARTESIAN_POINT('',(1.627940361856,36.85639726413));
#8683 = CARTESIAN_POINT('',(1.645392398188,36.653925269532));
#8684 = CARTESIAN_POINT('',(1.652788646628,36.549153138933));
#8685 = CARTESIAN_POINT('',(1.659445253141,36.435997183874));
#8686 = CARTESIAN_POINT('',(1.665373401226,36.316080706834));
#8687 = CARTESIAN_POINT('',(1.670588879795,36.19075239829));
#8688 = CARTESIAN_POINT('',(1.675109227712,36.061138748103));
#8689 = CARTESIAN_POINT('',(1.678951583233,35.928183042489));
#8690 = CARTESIAN_POINT('',(1.685127647307,35.664968523798));
#8691 = CARTESIAN_POINT('',(1.687537378055,35.534917354294));
#8692 = CARTESIAN_POINT('',(1.689372442673,35.403145980907));
#8693 = CARTESIAN_POINT('',(1.690641913098,35.27019794601));
#8694 = CARTESIAN_POINT('',(1.691351772177,35.136558719921));
#8695 = CARTESIAN_POINT('',(1.691504732403,35.002682171722));
#8696 = CARTESIAN_POINT('',(1.691100022342,34.869016582506));
#8697 = CARTESIAN_POINT('',(1.688584275917,34.522996956946));
#8698 = CARTESIAN_POINT('',(1.685593628024,34.311822495043));
#8699 = CARTESIAN_POINT('',(1.681144434519,34.104265668117));
#8700 = CARTESIAN_POINT('',(1.675190640013,33.902472762134));
#8701 = CARTESIAN_POINT('',(1.667671327515,33.709295691183));
#8702 = CARTESIAN_POINT('',(1.658520354444,33.528508020056));
#8703 = CARTESIAN_POINT('',(1.647681562583,33.365138443104));
#8704 = CARTESIAN_POINT('',(1.624942946128,33.11312963126));
#8705 = CARTESIAN_POINT('',(1.613385577731,33.013627730547));
#8706 = CARTESIAN_POINT('',(1.600702480877,32.936372501629));
#8707 = CARTESIAN_POINT('',(1.587229121778,32.887421218924));
#8708 = CARTESIAN_POINT('',(1.573371471183,32.870172170312));
#8709 = CARTESIAN_POINT('',(1.55956089192,32.885347096099));
#8710 = CARTESIAN_POINT('',(1.546217344588,32.930918317452));
#8711 = CARTESIAN_POINT('',(1.519389386401,33.083359710292));
#8712 = CARTESIAN_POINT('',(1.506407340126,33.196731568566));
#8713 = CARTESIAN_POINT('',(1.494870358975,33.334931463703));
#8714 = CARTESIAN_POINT('',(1.484814192908,33.492164544307));
#8715 = CARTESIAN_POINT('',(1.47623468775,33.663611036621));
#8716 = CARTESIAN_POINT('',(1.469102959529,33.845234246095));
#8717 = CARTESIAN_POINT('',(1.463372540498,34.033685368716));
#8718 = CARTESIAN_POINT('',(1.453908480765,34.449384537232));
#8719 = CARTESIAN_POINT('',(1.450609897481,34.679331989116));
#8720 = CARTESIAN_POINT('',(1.449023372914,34.912877752072));
#8721 = CARTESIAN_POINT('',(1.449115259119,35.147642422897));
#8722 = CARTESIAN_POINT('',(1.450884911956,35.381392990275));
#8723 = CARTESIAN_POINT('',(1.454361655872,35.611719268593));
#8724 = CARTESIAN_POINT('',(1.459602031967,35.835698559075));
#8725 = CARTESIAN_POINT('',(1.466686068135,36.049253092292));
#8726 = ( GEOMETRIC_REPRESENTATION_CONTEXT(2) 
PARAMETRIC_REPRESENTATION_CONTEXT() REPRESENTATION_CONTEXT('2D SPACE',''
  ) );
#8727 = PCURVE('',#8728,#8733);
#8728 = CYLINDRICAL_SURFACE('',#8729,2.1);
#8729 = AXIS2_PLACEMENT_3D('',#8730,#8731,#8732);
#8730 = CARTESIAN_POINT('',(35.,60.62,-20.));
#8731 = DIRECTION('',(0.,0.,1.));
#8732 = DIRECTION('',(1.,0.,-0.));
#8733 = DEFINITIONAL_REPRESENTATION('',(#8734),#8793);
#8734 = B_SPLINE_CURVE_WITH_KNOTS('',8,(#8735,#8736,#8737,#8738,#8739,
    #8740,#8741,#8742,#8743,#8744,#8745,#8746,#8747,#8748,#8749,#8750,
    #8751,#8752,#8753,#8754,#8755,#8756,#8757,#8758,#8759,#8760,#8761,
    #8762,#8763,#8764,#8765,#8766,#8767,#8768,#8769,#8770,#8771,#8772,
    #8773,#8774,#8775,#8776,#8777,#8778,#8779,#8780,#8781,#8782,#8783,
    #8784,#8785,#8786,#8787,#8788,#8789,#8790,#8791,#8792),
  .UNSPECIFIED.,.F.,.F.,(9,7,7,7,7,7,7,7,9),(0.,0.125041505192,
    0.238084483521,0.336874748865,0.429971650286,0.579105228532,
    0.700358422218,0.839102814353,1.),.UNSPECIFIED.);
#8735 = CARTESIAN_POINT('',(8.881784197001E-16,2.594755143574));
#8736 = CARTESIAN_POINT('',(9.108845420677E-02,2.584761386467));
#8737 = CARTESIAN_POINT('',(0.185052642721,2.573257509315));
#8738 = CARTESIAN_POINT('',(0.281915723215,2.56061667877));
#8739 = CARTESIAN_POINT('',(0.38177545163,2.547416510889));
#8740 = CARTESIAN_POINT('',(0.484830471607,2.534434147378));
#8741 = CARTESIAN_POINT('',(0.591373946613,2.522620283621));
#8742 = CARTESIAN_POINT('',(0.701818207717,2.513015304123));
#8743 = CARTESIAN_POINT('',(0.920775386636,2.500744460477));
#8744 = CARTESIAN_POINT('',(1.026120506281,2.497632620369));
#8745 = CARTESIAN_POINT('',(1.131814447454,2.497799817086));
#8746 = CARTESIAN_POINT('',(1.237014282786,2.501446845776));
#8747 = CARTESIAN_POINT('',(1.34088872395,2.508231328949));
#8748 = CARTESIAN_POINT('',(1.442500365043,2.517355907914));
#8749 = CARTESIAN_POINT('',(1.540655721269,2.527807430857));
#8750 = CARTESIAN_POINT('',(1.714878461753,2.54808921839));
#8751 = CARTESIAN_POINT('',(1.793677784024,2.558006879821));
#8752 = CARTESIAN_POINT('',(1.870350040687,2.56796286065));
#8753 = CARTESIAN_POINT('',(1.945167788545,2.577606256461));
#8754 = CARTESIAN_POINT('',(2.018372228033,2.586655931405));
#8755 = CARTESIAN_POINT('',(2.090188320891,2.594895872973));
#8756 = CARTESIAN_POINT('',(2.160835044665,2.602165983551));
#8757 = CARTESIAN_POINT('',(2.296209900876,2.614174341516));
#8758 = CARTESIAN_POINT('',(2.361085327005,2.619038136116));
#8759 = CARTESIAN_POINT('',(2.425351027773,2.622840652001));
#8760 = CARTESIAN_POINT('',(2.489185933626,2.625514846765));
#8761 = CARTESIAN_POINT('',(2.552761272881,2.627020214811));
#8762 = CARTESIAN_POINT('',(2.61624662776,2.62733952872));
#8763 = CARTESIAN_POINT('',(2.679814713706,2.626477783356));
#8764 = CARTESIAN_POINT('',(2.845895561061,2.621236374429));
#8765 = CARTESIAN_POINT('',(2.948763028608,2.615053488361));
#8766 = CARTESIAN_POINT('',(3.053067023441,2.606033119566));
#8767 = CARTESIAN_POINT('',(3.159547874215,2.594444481053));
#8768 = CARTESIAN_POINT('',(3.268949316139,2.58074038354));
#8769 = CARTESIAN_POINT('',(3.382054934166,2.565661588624));
#8770 = CARTESIAN_POINT('',(3.499763794334,2.550325672003));
#8771 = CARTESIAN_POINT('',(3.723724591443,2.524739356051));
#8772 = CARTESIAN_POINT('',(3.830317148127,2.513809814487));
#8773 = CARTESIAN_POINT('',(3.940747471835,2.50465995422));
#8774 = CARTESIAN_POINT('',(4.05345912365,2.498551759511));
#8775 = CARTESIAN_POINT('',(4.167234643625,2.49641155579));
#8776 = CARTESIAN_POINT('',(4.280943740325,2.498386403047));
#8777 = CARTESIAN_POINT('',(4.393383554687,2.503916870073));
#8778 = CARTESIAN_POINT('',(4.628293416503,2.521326489582));
#8779 = CARTESIAN_POINT('',(4.747726385055,2.53384771384));
#8780 = CARTESIAN_POINT('',(4.862282421802,2.548186512021));
#8781 = CARTESIAN_POINT('',(4.97267031503,2.562984087697));
#8782 = CARTESIAN_POINT('',(5.079447782492,2.577151300099));
#8783 = CARTESIAN_POINT('',(5.183088197181,2.589902977139));
#8784 = CARTESIAN_POINT('',(5.284001382641,2.600709787448));
#8785 = CARTESIAN_POINT('',(5.496904147996,2.61918865387));
#8786 = CARTESIAN_POINT('',(5.608759347875,2.626142431761));
#8787 = CARTESIAN_POINT('',(5.719266458472,2.629636291849));
#8788 = CARTESIAN_POINT('',(5.829348173493,2.629454809474));
#8789 = CARTESIAN_POINT('',(5.939871137263,2.625576308247));
#8790 = CARTESIAN_POINT('',(6.05170056744,2.618167015763));
#8791 = CARTESIAN_POINT('',(6.165759905791,2.607638455185));
#8792 = CARTESIAN_POINT('',(6.28318530718,2.594755143574));
#8793 = ( GEOMETRIC_REPRESENTATION_CONTEXT(2) 
PARAMETRIC_REPRESENTATION_CONTEXT() REPRESENTATION_CONTEXT('2D SPACE',''
  ) );
#8794 = ADVANCED_FACE('',(#8795),#1763,.F.);
#8795 = FACE_BOUND('',#8796,.F.);
#8796 = EDGE_LOOP('',(#8797,#8798,#8799,#8800,#8801));
#8797 = ORIENTED_EDGE('',*,*,#8202,.T.);
#8798 = ORIENTED_EDGE('',*,*,#8273,.T.);
#8799 = ORIENTED_EDGE('',*,*,#3371,.T.);
#8800 = ORIENTED_EDGE('',*,*,#8227,.T.);
#8801 = ORIENTED_EDGE('',*,*,#1748,.F.);
#8802 = ADVANCED_FACE('',(#8803),#1575,.F.);
#8803 = FACE_BOUND('',#8804,.F.);
#8804 = EDGE_LOOP('',(#8805,#8806,#8807,#8808));
#8805 = ORIENTED_EDGE('',*,*,#1659,.T.);
#8806 = ORIENTED_EDGE('',*,*,#7929,.T.);
#8807 = ORIENTED_EDGE('',*,*,#1560,.T.);
#8808 = ORIENTED_EDGE('',*,*,#8365,.F.);
#8809 = ADVANCED_FACE('',(#8810),#1627,.T.);
#8810 = FACE_BOUND('',#8811,.T.);
#8811 = EDGE_LOOP('',(#8812,#8813,#8814,#8815,#8816));
#8812 = ORIENTED_EDGE('',*,*,#8388,.T.);
#8813 = ORIENTED_EDGE('',*,*,#8296,.T.);
#8814 = ORIENTED_EDGE('',*,*,#3240,.T.);
#8815 = ORIENTED_EDGE('',*,*,#8342,.T.);
#8816 = ORIENTED_EDGE('',*,*,#1612,.F.);
#8817 = ADVANCED_FACE('',(#8818,#8866),#1837,.T.);
#8818 = FACE_BOUND('',#8819,.T.);
#8819 = EDGE_LOOP('',(#8820,#8842,#8843,#8865));
#8820 = ORIENTED_EDGE('',*,*,#8821,.F.);
#8821 = EDGE_CURVE('',#1823,#1959,#8822,.T.);
#8822 = SURFACE_CURVE('',#8823,(#8828,#8835),.PCURVE_S1.);
#8823 = CIRCLE('',#8824,19.5);
#8824 = AXIS2_PLACEMENT_3D('',#8825,#8826,#8827);
#8825 = CARTESIAN_POINT('',(-50.,-86.6,0.));
#8826 = DIRECTION('',(-0.500011000363,-0.866019052629,0.));
#8827 = DIRECTION('',(-0.866019052629,0.500011000363,0.));
#8828 = PCURVE('',#1837,#8829);
#8829 = DEFINITIONAL_REPRESENTATION('',(#8830),#8834);
#8830 = LINE('',#8831,#8832);
#8831 = CARTESIAN_POINT('',(0.,59.99867998548));
#8832 = VECTOR('',#8833,1.);
#8833 = DIRECTION('',(1.,0.));
#8834 = ( GEOMETRIC_REPRESENTATION_CONTEXT(2) 
PARAMETRIC_REPRESENTATION_CONTEXT() REPRESENTATION_CONTEXT('2D SPACE',''
  ) );
#8835 = PCURVE('',#1994,#8836);
#8836 = DEFINITIONAL_REPRESENTATION('',(#8837),#8841);
#8837 = CIRCLE('',#8838,19.5);
#8838 = AXIS2_PLACEMENT_2D('',#8839,#8840);
#8839 = CARTESIAN_POINT('',(0.,0.));
#8840 = DIRECTION('',(1.,0.));
#8841 = ( GEOMETRIC_REPRESENTATION_CONTEXT(2) 
PARAMETRIC_REPRESENTATION_CONTEXT() REPRESENTATION_CONTEXT('2D SPACE',''
  ) );
#8842 = ORIENTED_EDGE('',*,*,#1820,.F.);
#8843 = ORIENTED_EDGE('',*,*,#8844,.T.);
#8844 = EDGE_CURVE('',#1821,#1938,#8845,.T.);
#8845 = SURFACE_CURVE('',#8846,(#8851,#8858),.PCURVE_S1.);
#8846 = CIRCLE('',#8847,19.5);
#8847 = AXIS2_PLACEMENT_3D('',#8848,#8849,#8850);
#8848 = CARTESIAN_POINT('',(-20.,-34.64,0.));
#8849 = DIRECTION('',(-0.500011000363,-0.866019052629,0.));
#8850 = DIRECTION('',(-0.866019052629,0.500011000363,0.));
#8851 = PCURVE('',#1837,#8852);
#8852 = DEFINITIONAL_REPRESENTATION('',(#8853),#8857);
#8853 = LINE('',#8854,#8855);
#8854 = CARTESIAN_POINT('',(0.,0.));
#8855 = VECTOR('',#8856,1.);
#8856 = DIRECTION('',(1.,0.));
#8857 = ( GEOMETRIC_REPRESENTATION_CONTEXT(2) 
PARAMETRIC_REPRESENTATION_CONTEXT() REPRESENTATION_CONTEXT('2D SPACE',''
  ) );
#8858 = PCURVE('',#1863,#8859);
#8859 = DEFINITIONAL_REPRESENTATION('',(#8860),#8864);
#8860 = CIRCLE('',#8861,19.5);
#8861 = AXIS2_PLACEMENT_2D('',#8862,#8863);
#8862 = CARTESIAN_POINT('',(0.,0.));
#8863 = DIRECTION('',(1.,0.));
#8864 = ( GEOMETRIC_REPRESENTATION_CONTEXT(2) 
PARAMETRIC_REPRESENTATION_CONTEXT() REPRESENTATION_CONTEXT('2D SPACE',''
  ) );
#8865 = ORIENTED_EDGE('',*,*,#1958,.T.);
#8866 = FACE_BOUND('',#8867,.T.);
#8867 = EDGE_LOOP('',(#8868));
#8868 = ORIENTED_EDGE('',*,*,#8869,.T.);
#8869 = EDGE_CURVE('',#8870,#8870,#8872,.T.);
#8870 = VERTEX_POINT('',#8871);
#8871 = CARTESIAN_POINT('',(-32.9,-60.62,-19.41500833149));
#8872 = SURFACE_CURVE('',#8873,(#8932,#8994),.PCURVE_S1.);
#8873 = B_SPLINE_CURVE_WITH_KNOTS('',8,(#8874,#8875,#8876,#8877,#8878,
    #8879,#8880,#8881,#8882,#8883,#8884,#8885,#8886,#8887,#8888,#8889,
    #8890,#8891,#8892,#8893,#8894,#8895,#8896,#8897,#8898,#8899,#8900,
    #8901,#8902,#8903,#8904,#8905,#8906,#8907,#8908,#8909,#8910,#8911,
    #8912,#8913,#8914,#8915,#8916,#8917,#8918,#8919,#8920,#8921,#8922,
    #8923,#8924,#8925,#8926,#8927,#8928,#8929,#8930,#8931),
  .UNSPECIFIED.,.T.,.F.,(9,7,7,7,7,7,7,7,9),(0.,0.125031867158,
    0.238068193498,0.3368387963,0.429952463296,0.579068920882,
    0.700312024285,0.83904775963,1.),.UNSPECIFIED.);
#8874 = CARTESIAN_POINT('',(-32.9,-60.62,-19.41500833149));
#8875 = CARTESIAN_POINT('',(-32.9,-60.42875113376,-19.42396584741));
#8876 = CARTESIAN_POINT('',(-32.91990502361,-60.23143103505,
    -19.43427937502));
#8877 = CARTESIAN_POINT('',(-32.96192867862,-60.03042565723,
    -19.445615223));
#8878 = CARTESIAN_POINT('',(-33.02804252218,-59.82859002001,
    -19.45745561663));
#8879 = CARTESIAN_POINT('',(-33.1199570249,-59.62926825571,
    -19.46910287304));
#8880 = CARTESIAN_POINT('',(-33.23908140843,-59.43635748288,
    -19.4797028484));
#8881 = CARTESIAN_POINT('',(-33.38643104126,-59.25445969875,
    -19.48832088051));
#8882 = CARTESIAN_POINT('',(-33.7215837748,-58.93973033297,
    -19.49933124142));
#8883 = CARTESIAN_POINT('',(-33.9005893417,-58.80720980248,
    -19.5021240939));
#8884 = CARTESIAN_POINT('',(-34.09608892308,-58.69643385741,
    -19.50197486246));
#8885 = CARTESIAN_POINT('',(-34.30333229982,-58.61075485151,
    -19.49870254963));
#8886 = CARTESIAN_POINT('',(-34.51664739744,-58.5518770807,
    -19.49261482787));
#8887 = CARTESIAN_POINT('',(-34.72990764666,-58.51965284563,
    -19.48442793655));
#8888 = CARTESIAN_POINT('',(-34.93694796032,-58.51188103845,
    -19.47505064148));
#8889 = CARTESIAN_POINT('',(-35.30217338111,-58.53485907427,
    -19.45685291019));
#8890 = CARTESIAN_POINT('',(-35.46634932573,-58.56106778694,
    -19.44795611263));
#8891 = CARTESIAN_POINT('',(-35.62346191319,-58.60103437072,
    -19.43902644564));
#8892 = CARTESIAN_POINT('',(-35.77288531347,-58.65324261989,
    -19.4303788232));
#8893 = CARTESIAN_POINT('',(-35.9142028504,-58.7163724651,
    -19.42226526664));
#8894 = CARTESIAN_POINT('',(-36.04713474418,-58.78928134757,
    -19.41487911907));
#8895 = CARTESIAN_POINT('',(-36.17148462428,-58.87099026281,
    -19.40836338725));
#8896 = CARTESIAN_POINT('',(-36.3961030309,-59.04522215863,
    -19.39760033949));
#8897 = CARTESIAN_POINT('',(-36.49741280624,-59.13691207926,
    -19.39324094352));
#8898 = CARTESIAN_POINT('',(-36.5909147511,-59.23508781773,
    -19.38983336165));
#8899 = CARTESIAN_POINT('',(-36.67648508557,-59.33919479611,
    -19.3874372238));
#8900 = CARTESIAN_POINT('',(-36.75397925064,-59.44875830337,
    -19.38608848471));
#8901 = CARTESIAN_POINT('',(-36.823215484,-59.56336206591,-19.385802425)
  );
#8902 = CARTESIAN_POINT('',(-36.88395835823,-59.6826273617,
    -19.38657461961));
#8903 = CARTESIAN_POINT('',(-37.01908764031,-60.00407579113,
    -19.39127088981));
#8904 = CARTESIAN_POINT('',(-37.07966544946,-60.21288872715,
    -19.39680960411));
#8905 = CARTESIAN_POINT('',(-37.11648325946,-60.43127091238,
    -19.40489126886));
#8906 = CARTESIAN_POINT('',(-37.12773068722,-60.65779024885,
    -19.41527665216));
#8907 = CARTESIAN_POINT('',(-37.11099886566,-60.89054050855,
    -19.42756231551));
#8908 = CARTESIAN_POINT('',(-37.06332092916,-61.12686921317,
    -19.44108570996));
#8909 = CARTESIAN_POINT('',(-36.98125109167,-61.36294806998,
    -19.45484423109));
#8910 = CARTESIAN_POINT('',(-36.76329894581,-61.7798649716,
    -19.47780347838));
#8911 = CARTESIAN_POINT('',(-36.63812259887,-61.96702795433,
    -19.48760960748));
#8912 = CARTESIAN_POINT('',(-36.4846663494,-62.14481939074,
    -19.49581904188));
#8913 = CARTESIAN_POINT('',(-36.3049735506,-62.305078967,-19.50130012016
    ));
#8914 = CARTESIAN_POINT('',(-36.10354081264,-62.44128921181,
    -19.5032201896));
#8915 = CARTESIAN_POINT('',(-35.88663110331,-62.54900220427,
    -19.50144742209));
#8916 = CARTESIAN_POINT('',(-35.66167271507,-62.62626938422,
    -19.49648455344));
#8917 = CARTESIAN_POINT('',(-35.17914154168,-62.72884095747,
    -19.48086257098));
#8918 = CARTESIAN_POINT('',(-34.9259563591,-62.74410280313,
    -19.46962741435));
#8919 = CARTESIAN_POINT('',(-34.6823911648,-62.7251300456,
    -19.45676261586));
#8920 = CARTESIAN_POINT('',(-34.45186416771,-62.67664385235,
    -19.44348903365));
#8921 = CARTESIAN_POINT('',(-34.23667252114,-62.60289238863,
    -19.43078449503));
#8922 = CARTESIAN_POINT('',(-34.03834272918,-62.507668831,
    -19.41935282778));
#8923 = CARTESIAN_POINT('',(-33.85780233423,-62.39432108602,
    -19.40966750014));
#8924 = CARTESIAN_POINT('',(-33.50744615152,-62.11663944326,
    -19.3931057847));
#8925 = CARTESIAN_POINT('',(-33.34285116021,-61.94615553167,
    -19.38687476376));
#8926 = CARTESIAN_POINT('',(-33.20224254579,-61.75769139731,
    -19.38374513313));
#8927 = CARTESIAN_POINT('',(-33.08625573602,-61.55361162492,
    -19.38390749756));
#8928 = CARTESIAN_POINT('',(-32.99598558479,-61.33584427479,
    -19.38738110783));
#8929 = CARTESIAN_POINT('',(-32.93310714112,-61.10619087134,
    -19.39401921227));
#8930 = CARTESIAN_POINT('',(-32.9,-60.86664658426,-19.40345615475));
#8931 = CARTESIAN_POINT('',(-32.9,-60.62,-19.41500833149));
#8932 = PCURVE('',#1837,#8933);
#8933 = DEFINITIONAL_REPRESENTATION('',(#8934),#8993);
#8934 = B_SPLINE_CURVE_WITH_KNOTS('',8,(#8935,#8936,#8937,#8938,#8939,
    #8940,#8941,#8942,#8943,#8944,#8945,#8946,#8947,#8948,#8949,#8950,
    #8951,#8952,#8953,#8954,#8955,#8956,#8957,#8958,#8959,#8960,#8961,
    #8962,#8963,#8964,#8965,#8966,#8967,#8968,#8969,#8970,#8971,#8972,
    #8973,#8974,#8975,#8976,#8977,#8978,#8979,#8980,#8981,#8982,#8983,
    #8984,#8985,#8986,#8987,#8988,#8989,#8990,#8991,#8992),
  .UNSPECIFIED.,.T.,.F.,(9,7,7,7,7,7,7,7,9),(0.,0.125031867158,
    0.238068193498,0.3368387963,0.429952463296,0.579068920882,
    0.700312024285,0.83904775963,1.),.UNSPECIFIED.);
#8935 = CARTESIAN_POINT('',(1.664195651667,28.949316891978));
#8936 = CARTESIAN_POINT('',(1.659270259141,28.783691730027));
#8937 = CARTESIAN_POINT('',(1.65330322773,28.622761495847));
#8938 = CARTESIAN_POINT('',(1.646259017274,28.469699298751));
#8939 = CARTESIAN_POINT('',(1.638125273016,28.32796344047));
#8940 = CARTESIAN_POINT('',(1.6289139719,28.201305257443));
#8941 = CARTESIAN_POINT('',(1.618664019572,28.093804354892));
#8942 = CARTESIAN_POINT('',(1.607448415807,28.009953845523));
#8943 = CARTESIAN_POINT('',(1.584486764919,27.9049722719));
#8944 = CARTESIAN_POINT('',(1.573138773092,27.879711720204));
#8945 = CARTESIAN_POINT('',(1.5616176467,27.881529582466));
#8946 = CARTESIAN_POINT('',(1.550217701954,27.910953899067));
#8947 = CARTESIAN_POINT('',(1.539231758958,27.966624523116));
#8948 = CARTESIAN_POINT('',(1.528926694388,28.045350192145));
#8949 = CARTESIAN_POINT('',(1.519520541785,28.142142093403));
#8950 = CARTESIAN_POINT('',(1.503861790448,28.344658238224));
#8951 = CARTESIAN_POINT('',(1.497227142155,28.449445261041));
#8952 = CARTESIAN_POINT('',(1.491257080458,28.562615106091));
#8953 = CARTESIAN_POINT('',(1.485941369414,28.682541788428));
#8954 = CARTESIAN_POINT('',(1.481265587331,28.80787376018));
#8955 = CARTESIAN_POINT('',(1.477213718091,28.937481650691));
#8956 = CARTESIAN_POINT('',(1.473770096447,29.070419436002));
#8957 = CARTESIAN_POINT('',(1.468234512578,29.333619251558));
#8958 = CARTESIAN_POINT('',(1.466074710168,29.463680471865));
#8959 = CARTESIAN_POINT('',(1.464430251058,29.595454532876));
#8960 = CARTESIAN_POINT('',(1.463292778053,29.728399268196));
#8961 = CARTESIAN_POINT('',(1.462656776265,29.862031287957));
#8962 = CARTESIAN_POINT('',(1.46251974619,29.995899208125));
#8963 = CARTESIAN_POINT('',(1.462882399372,30.129557331902));
#8964 = CARTESIAN_POINT('',(1.46513649271,30.475503923743));
#8965 = CARTESIAN_POINT('',(1.467815553623,30.686629475716));
#8966 = CARTESIAN_POINT('',(1.471801679607,30.894161918892));
#8967 = CARTESIAN_POINT('',(1.477137051761,31.095955817671));
#8968 = CARTESIAN_POINT('',(1.4838774009,31.289155882243));
#8969 = CARTESIAN_POINT('',(1.492083255646,31.469981550399));
#8970 = CARTESIAN_POINT('',(1.501806067494,31.63339451678));
#8971 = CARTESIAN_POINT('',(1.522210002128,31.885474026465));
#8972 = CARTESIAN_POINT('',(1.532580150567,31.984971184999));
#8973 = CARTESIAN_POINT('',(1.543960707928,32.062212143515));
#8974 = CARTESIAN_POINT('',(1.556051245203,32.11115161383));
#8975 = CARTESIAN_POINT('',(1.568487229274,32.128393696185));
#8976 = CARTESIAN_POINT('',(1.580880720195,32.113217959127));
#8977 = CARTESIAN_POINT('',(1.59285448911,32.067651140365));
#8978 = CARTESIAN_POINT('',(1.616927725861,31.915209182339));
#8979 = CARTESIAN_POINT('',(1.628576054373,31.801830855048));
#8980 = CARTESIAN_POINT('',(1.638926078678,31.663614809081));
#8981 = CARTESIAN_POINT('',(1.647945590768,31.506358807514));
#8982 = CARTESIAN_POINT('',(1.655638670287,31.334890444304));
#8983 = CARTESIAN_POINT('',(1.662031835088,31.153257951452));
#8984 = CARTESIAN_POINT('',(1.667167489168,30.964824461248));
#8985 = CARTESIAN_POINT('',(1.675649668791,30.549164922649));
#8986 = CARTESIAN_POINT('',(1.678605288578,30.319223300784));
#8987 = CARTESIAN_POINT('',(1.680026475095,30.085703915738));
#8988 = CARTESIAN_POINT('',(1.679944268719,29.850972263812));
#8989 = CARTESIAN_POINT('',(1.678359293999,29.61724552094));
#8990 = CARTESIAN_POINT('',(1.675244488726,29.386921384526));
#8991 = CARTESIAN_POINT('',(1.670547748108,29.162917533216));
#8992 = CARTESIAN_POINT('',(1.664195651667,28.949316891978));
#8993 = ( GEOMETRIC_REPRESENTATION_CONTEXT(2) 
PARAMETRIC_REPRESENTATION_CONTEXT() REPRESENTATION_CONTEXT('2D SPACE',''
  ) );
#8994 = PCURVE('',#4258,#8995);
#8995 = DEFINITIONAL_REPRESENTATION('',(#8996),#9055);
#8996 = B_SPLINE_CURVE_WITH_KNOTS('',8,(#8997,#8998,#8999,#9000,#9001,
    #9002,#9003,#9004,#9005,#9006,#9007,#9008,#9009,#9010,#9011,#9012,
    #9013,#9014,#9015,#9016,#9017,#9018,#9019,#9020,#9021,#9022,#9023,
    #9024,#9025,#9026,#9027,#9028,#9029,#9030,#9031,#9032,#9033,#9034,
    #9035,#9036,#9037,#9038,#9039,#9040,#9041,#9042,#9043,#9044,#9045,
    #9046,#9047,#9048,#9049,#9050,#9051,#9052,#9053,#9054),
  .UNSPECIFIED.,.F.,.F.,(9,7,7,7,7,7,7,7,9),(0.,0.125031867158,
    0.238068193498,0.3368387963,0.429952463296,0.579068920882,
    0.700312024285,0.83904775963,1.),.UNSPECIFIED.);
#8997 = CARTESIAN_POINT('',(8.881784197001E-16,0.584991668502));
#8998 = CARTESIAN_POINT('',(9.107088868185E-02,0.576034152587));
#8999 = CARTESIAN_POINT('',(0.185032458412,0.565720624974));
#9000 = CARTESIAN_POINT('',(0.281901727531,0.554384776996));
#9001 = CARTESIAN_POINT('',(0.381771759848,0.542544383368));
#9002 = CARTESIAN_POINT('',(0.48483715398,0.530897126953));
#9003 = CARTESIAN_POINT('',(0.59138737011,0.520297151594));
#9004 = CARTESIAN_POINT('',(0.701831000479,0.511679119481));
#9005 = CARTESIAN_POINT('',(0.920765716976,0.500668758576));
#9006 = CARTESIAN_POINT('',(1.026101598163,0.497875906093));
#9007 = CARTESIAN_POINT('',(1.131787965125,0.498025137532));
#9008 = CARTESIAN_POINT('',(1.236982040148,0.501297450362));
#9009 = CARTESIAN_POINT('',(1.340853021589,0.507385172124));
#9010 = CARTESIAN_POINT('',(1.442465218003,0.515572063449));
#9011 = CARTESIAN_POINT('',(1.540629367629,0.524949358518));
#9012 = CARTESIAN_POINT('',(1.714890098418,0.54314708981));
#9013 = CARTESIAN_POINT('',(1.793698983667,0.552043887369));
#9014 = CARTESIAN_POINT('',(1.870378219784,0.560973554356));
#9015 = CARTESIAN_POINT('',(1.945199741011,0.569621176794));
#9016 = CARTESIAN_POINT('',(2.01840404675,0.57773473336));
#9017 = CARTESIAN_POINT('',(2.090215335394,0.585120880929));
#9018 = CARTESIAN_POINT('',(2.160851756892,0.591636612743));
#9019 = CARTESIAN_POINT('',(2.296219051077,0.60239966051));
#9020 = CARTESIAN_POINT('',(2.36109908582,0.606759056475));
#9021 = CARTESIAN_POINT('',(2.425365727348,0.610166638346));
#9022 = CARTESIAN_POINT('',(2.48919886804,0.612562776196));
#9023 = CARTESIAN_POINT('',(2.552770761443,0.613911515284));
#9024 = CARTESIAN_POINT('',(2.616252062491,0.614197575));
#9025 = CARTESIAN_POINT('',(2.679816600076,0.613425380382));
#9026 = CARTESIAN_POINT('',(2.845862393054,0.608729110189));
#9027 = CARTESIAN_POINT('',(2.948705401563,0.603190395882));
#9028 = CARTESIAN_POINT('',(3.05299460606,0.595108731135));
#9029 = CARTESIAN_POINT('',(3.159470754358,0.58472334784));
#9030 = CARTESIAN_POINT('',(3.268877543424,0.572437684483));
#9031 = CARTESIAN_POINT('',(3.381998103042,0.558914290039));
#9032 = CARTESIAN_POINT('',(3.499730890679,0.545155768901));
#9033 = CARTESIAN_POINT('',(3.723754517119,0.522196521612));
#9034 = CARTESIAN_POINT('',(3.830353689166,0.512390392511));
#9035 = CARTESIAN_POINT('',(3.940780747223,0.504180958112));
#9036 = CARTESIAN_POINT('',(4.053485153689,0.498699879835));
#9037 = CARTESIAN_POINT('',(4.167251811757,0.496779810391));
#9038 = CARTESIAN_POINT('',(4.280951968698,0.49855257791));
#9039 = CARTESIAN_POINT('',(4.393384365941,0.50351544656));
#9040 = CARTESIAN_POINT('',(4.628295098702,0.519137429018));
#9041 = CARTESIAN_POINT('',(4.747736547342,0.53037258565));
#9042 = CARTESIAN_POINT('',(4.862304280355,0.543237384134));
#9043 = CARTESIAN_POINT('',(4.972703891485,0.556510966343));
#9044 = CARTESIAN_POINT('',(5.079489626942,0.56921550497));
#9045 = CARTESIAN_POINT('',(5.183130782785,0.580647172214));
#9046 = CARTESIAN_POINT('',(5.284032191021,0.590332499859));
#9047 = CARTESIAN_POINT('',(5.496914659682,0.6068942153));
#9048 = CARTESIAN_POINT('',(5.608765788424,0.613125236239));
#9049 = CARTESIAN_POINT('',(5.719260514661,0.616254866864));
#9050 = CARTESIAN_POINT('',(5.829327540929,0.616092502439));
#9051 = CARTESIAN_POINT('',(5.939839166847,0.61261889217));
#9052 = CARTESIAN_POINT('',(6.051665639465,0.605980787724));
#9053 = CARTESIAN_POINT('',(6.165734552768,0.596543845241));
#9054 = CARTESIAN_POINT('',(6.28318530718,0.584991668502));
#9055 = ( GEOMETRIC_REPRESENTATION_CONTEXT(2) 
PARAMETRIC_REPRESENTATION_CONTEXT() REPRESENTATION_CONTEXT('2D SPACE',''
  ) );
#9056 = ADVANCED_FACE('',(#9057),#1994,.T.);
#9057 = FACE_BOUND('',#9058,.T.);
#9058 = EDGE_LOOP('',(#9059,#9060,#9061,#9062));
#9059 = ORIENTED_EDGE('',*,*,#2068,.F.);
#9060 = ORIENTED_EDGE('',*,*,#8821,.T.);
#9061 = ORIENTED_EDGE('',*,*,#1979,.F.);
#9062 = ORIENTED_EDGE('',*,*,#3780,.F.);
#9063 = ADVANCED_FACE('',(#9064),#1863,.F.);
#9064 = FACE_BOUND('',#9065,.F.);
#9065 = EDGE_LOOP('',(#9066,#9067,#9068,#9069));
#9066 = ORIENTED_EDGE('',*,*,#1848,.F.);
#9067 = ORIENTED_EDGE('',*,*,#8844,.T.);
#9068 = ORIENTED_EDGE('',*,*,#1937,.F.);
#9069 = ORIENTED_EDGE('',*,*,#3849,.F.);
#9070 = ADVANCED_FACE('',(#9071,#9119),#2106,.T.);
#9071 = FACE_BOUND('',#9072,.T.);
#9072 = EDGE_LOOP('',(#9073,#9095,#9096,#9118));
#9073 = ORIENTED_EDGE('',*,*,#9074,.F.);
#9074 = EDGE_CURVE('',#2092,#2228,#9075,.T.);
#9075 = SURFACE_CURVE('',#9076,(#9081,#9088),.PCURVE_S1.);
#9076 = CIRCLE('',#9077,19.5);
#9077 = AXIS2_PLACEMENT_3D('',#9078,#9079,#9080);
#9078 = CARTESIAN_POINT('',(50.,-86.6,0.));
#9079 = DIRECTION('',(0.500011000363,-0.866019052629,0.));
#9080 = DIRECTION('',(-0.866019052629,-0.500011000363,0.));
#9081 = PCURVE('',#2106,#9082);
#9082 = DEFINITIONAL_REPRESENTATION('',(#9083),#9087);
#9083 = LINE('',#9084,#9085);
#9084 = CARTESIAN_POINT('',(0.,59.99867998548));
#9085 = VECTOR('',#9086,1.);
#9086 = DIRECTION('',(1.,0.));
#9087 = ( GEOMETRIC_REPRESENTATION_CONTEXT(2) 
PARAMETRIC_REPRESENTATION_CONTEXT() REPRESENTATION_CONTEXT('2D SPACE',''
  ) );
#9088 = PCURVE('',#2263,#9089);
#9089 = DEFINITIONAL_REPRESENTATION('',(#9090),#9094);
#9090 = CIRCLE('',#9091,19.5);
#9091 = AXIS2_PLACEMENT_2D('',#9092,#9093);
#9092 = CARTESIAN_POINT('',(0.,0.));
#9093 = DIRECTION('',(1.,0.));
#9094 = ( GEOMETRIC_REPRESENTATION_CONTEXT(2) 
PARAMETRIC_REPRESENTATION_CONTEXT() REPRESENTATION_CONTEXT('2D SPACE',''
  ) );
#9095 = ORIENTED_EDGE('',*,*,#2089,.F.);
#9096 = ORIENTED_EDGE('',*,*,#9097,.T.);
#9097 = EDGE_CURVE('',#2090,#2207,#9098,.T.);
#9098 = SURFACE_CURVE('',#9099,(#9104,#9111),.PCURVE_S1.);
#9099 = CIRCLE('',#9100,19.5);
#9100 = AXIS2_PLACEMENT_3D('',#9101,#9102,#9103);
#9101 = CARTESIAN_POINT('',(20.,-34.64,0.));
#9102 = DIRECTION('',(0.500011000363,-0.866019052629,0.));
#9103 = DIRECTION('',(-0.866019052629,-0.500011000363,0.));
#9104 = PCURVE('',#2106,#9105);
#9105 = DEFINITIONAL_REPRESENTATION('',(#9106),#9110);
#9106 = LINE('',#9107,#9108);
#9107 = CARTESIAN_POINT('',(0.,0.));
#9108 = VECTOR('',#9109,1.);
#9109 = DIRECTION('',(1.,0.));
#9110 = ( GEOMETRIC_REPRESENTATION_CONTEXT(2) 
PARAMETRIC_REPRESENTATION_CONTEXT() REPRESENTATION_CONTEXT('2D SPACE',''
  ) );
#9111 = PCURVE('',#2132,#9112);
#9112 = DEFINITIONAL_REPRESENTATION('',(#9113),#9117);
#9113 = CIRCLE('',#9114,19.5);
#9114 = AXIS2_PLACEMENT_2D('',#9115,#9116);
#9115 = CARTESIAN_POINT('',(0.,0.));
#9116 = DIRECTION('',(1.,0.));
#9117 = ( GEOMETRIC_REPRESENTATION_CONTEXT(2) 
PARAMETRIC_REPRESENTATION_CONTEXT() REPRESENTATION_CONTEXT('2D SPACE',''
  ) );
#9118 = ORIENTED_EDGE('',*,*,#2227,.T.);
#9119 = FACE_BOUND('',#9120,.T.);
#9120 = EDGE_LOOP('',(#9121));
#9121 = ORIENTED_EDGE('',*,*,#9122,.T.);
#9122 = EDGE_CURVE('',#9123,#9123,#9125,.T.);
#9123 = VERTEX_POINT('',#9124);
#9124 = CARTESIAN_POINT('',(37.1,-60.62,-19.41500833149));
#9125 = SURFACE_CURVE('',#9126,(#9177,#9231),.PCURVE_S1.);
#9126 = B_SPLINE_CURVE_WITH_KNOTS('',7,(#9127,#9128,#9129,#9130,#9131,
    #9132,#9133,#9134,#9135,#9136,#9137,#9138,#9139,#9140,#9141,#9142,
    #9143,#9144,#9145,#9146,#9147,#9148,#9149,#9150,#9151,#9152,#9153,
    #9154,#9155,#9156,#9157,#9158,#9159,#9160,#9161,#9162,#9163,#9164,
    #9165,#9166,#9167,#9168,#9169,#9170,#9171,#9172,#9173,#9174,#9175,
    #9176),.UNSPECIFIED.,.T.,.F.,(8,6,6,6,6,6,6,6,8),(0.,0.103288656027,
    0.251712840675,0.382668845147,0.493604407419,0.624953021127,
    0.742226798773,0.855214372536,1.),.UNSPECIFIED.);
#9127 = CARTESIAN_POINT('',(37.1,-60.62,-19.41500833149));
#9128 = CARTESIAN_POINT('',(37.1,-60.45838459696,-19.40743875697));
#9129 = CARTESIAN_POINT('',(37.085489393672,-60.29988430642,
    -19.40079633679));
#9130 = CARTESIAN_POINT('',(37.057473592591,-60.14535743745,
    -19.39528827039));
#9131 = CARTESIAN_POINT('',(37.016765244507,-59.99548227555,
    -19.39105120273));
#9132 = CARTESIAN_POINT('',(36.964003559687,-59.85083762221,
    -19.38816890933));
#9133 = CARTESIAN_POINT('',(36.899672276769,-59.71198027076,
    -19.38668296946));
#9134 = CARTESIAN_POINT('',(36.71554346441,-59.38917524388,
    -19.38647206839));
#9135 = CARTESIAN_POINT('',(36.583931170432,-59.21228061023,
    -19.38923732565));
#9136 = CARTESIAN_POINT('',(36.430326357716,-59.05044441691,
    -19.394888103));
#9137 = CARTESIAN_POINT('',(36.25525729049,-58.90580599663,
    -19.40326249485));
#9138 = CARTESIAN_POINT('',(36.059101921642,-58.78125967797,
    -19.41402785552));
#9139 = CARTESIAN_POINT('',(35.842480815798,-58.68073167236,
    -19.42655550632));
#9140 = CARTESIAN_POINT('',(35.399122530906,-58.54688005915,
    -19.4515207335));
#9141 = CARTESIAN_POINT('',(35.171610309886,-58.50554035835,
    -19.46407503451));
#9142 = CARTESIAN_POINT('',(34.929360051261,-58.49284791666,
    -19.4765357758));
#9143 = CARTESIAN_POINT('',(34.678670206919,-58.51391243288,
    -19.48757062577));
#9144 = CARTESIAN_POINT('',(34.42673838897,-58.57183513482,
    -19.49573387852));
#9145 = CARTESIAN_POINT('',(34.181228474493,-58.66784291369,-19.5));
#9146 = CARTESIAN_POINT('',(33.754078867447,-58.91446508866,-19.5));
#9147 = CARTESIAN_POINT('',(33.572399178244,-59.0521862575,
    -19.49693894105));
#9148 = CARTESIAN_POINT('',(33.408667973474,-59.21236559832,
    -19.4908153632));
#9149 = CARTESIAN_POINT('',(33.266155858981,-59.39216489834,
    -19.48198008228));
#9150 = CARTESIAN_POINT('',(33.147580290871,-59.58817688119,
    -19.47111582778));
#9151 = CARTESIAN_POINT('',(33.054989127266,-59.7965402844,
    -19.45912698296));
#9152 = CARTESIAN_POINT('',(32.912225356978,-60.2694184128,
    -19.43250926201));
#9153 = CARTESIAN_POINT('',(32.876427449544,-60.52582940815,
    -19.41844149704));
#9154 = CARTESIAN_POINT('',(32.877242250656,-60.77665704299,
    -19.4061449599));
#9155 = CARTESIAN_POINT('',(32.910661407453,-61.01857944599,
    -19.39648335491));
#9156 = CARTESIAN_POINT('',(32.973674440992,-61.24936248707,
    -19.38989437553));
#9157 = CARTESIAN_POINT('',(33.064248913257,-61.46718671674,
    -19.38659330568));
#9158 = CARTESIAN_POINT('',(33.285921871977,-61.85112428124,
    -19.38659330568));
#9159 = CARTESIAN_POINT('',(33.411439970544,-62.01993386882,
    -19.38922490987));
#9160 = CARTESIAN_POINT('',(33.557013197187,-62.17502331567,
    -19.39448112039));
#9161 = CARTESIAN_POINT('',(33.722159505131,-62.3145331922,
    -19.40222283277));
#9162 = CARTESIAN_POINT('',(33.906534055305,-62.43599200125,
    -19.41216758005));
#9163 = CARTESIAN_POINT('',(34.10961840226,-62.53608776746,
    -19.42379671258));
#9164 = CARTESIAN_POINT('',(34.542740698973,-62.68184339972,
    -19.44828986519));
#9165 = CARTESIAN_POINT('',(34.777018480823,-62.73120890183,
    -19.46140402263));
#9166 = CARTESIAN_POINT('',(35.027943162387,-62.75028655805,
    -19.47462405711));
#9167 = CARTESIAN_POINT('',(35.288807278794,-62.73324072477,
    -19.48648657633));
#9168 = CARTESIAN_POINT('',(35.551803989861,-62.6763955257,
    -19.49534604792));
#9169 = CARTESIAN_POINT('',(35.808488553138,-62.57809413732,-19.5));
#9170 = CARTESIAN_POINT('',(36.35953263236,-62.25993935717,-19.5));
#9171 = CARTESIAN_POINT('',(36.6191612506,-62.02809944928,
    -19.49235770824));
#9172 = CARTESIAN_POINT('',(36.822930320485,-61.76028935872,
    -19.47835548647));
#9173 = CARTESIAN_POINT('',(36.969209105281,-61.47174704006,
    -19.46092196505));
#9174 = CARTESIAN_POINT('',(37.059701808119,-61.17702747608,
    -19.44326728751));
#9175 = CARTESIAN_POINT('',(37.1,-60.88932517157,-19.42762270437));
#9176 = CARTESIAN_POINT('',(37.1,-60.62,-19.41500833149));
#9177 = PCURVE('',#2106,#9178);
#9178 = DEFINITIONAL_REPRESENTATION('',(#9179),#9230);
#9179 = B_SPLINE_CURVE_WITH_KNOTS('',7,(#9180,#9181,#9182,#9183,#9184,
    #9185,#9186,#9187,#9188,#9189,#9190,#9191,#9192,#9193,#9194,#9195,
    #9196,#9197,#9198,#9199,#9200,#9201,#9202,#9203,#9204,#9205,#9206,
    #9207,#9208,#9209,#9210,#9211,#9212,#9213,#9214,#9215,#9216,#9217,
    #9218,#9219,#9220,#9221,#9222,#9223,#9224,#9225,#9226,#9227,#9228,
    #9229),.UNSPECIFIED.,.T.,.F.,(8,6,6,6,6,6,6,6,8),(0.,0.103288656027,
    0.251712840675,0.382668845147,0.493604407419,0.624953021127,
    0.742226798773,0.855214372536,1.),.UNSPECIFIED.);
#9180 = CARTESIAN_POINT('',(1.664195651667,31.049363093502));
#9181 = CARTESIAN_POINT('',(1.66835786875,30.909401075276));
#9182 = CARTESIAN_POINT('',(1.671794498484,30.764881341037));
#9183 = CARTESIAN_POINT('',(1.674527209758,30.61704991964));
#9184 = CARTESIAN_POINT('',(1.676573904816,30.466900552071));
#9185 = CARTESIAN_POINT('',(1.67794758645,30.31525410361));
#9186 = CARTESIAN_POINT('',(1.678655193466,30.162834642528));
#9187 = CARTESIAN_POINT('',(1.678755623925,29.791212907303));
#9188 = CARTESIAN_POINT('',(1.677438761863,29.572211189478));
#9189 = CARTESIAN_POINT('',(1.674751050652,29.355253866599));
#9190 = CARTESIAN_POINT('',(1.670662181358,29.142457779452));
#9191 = CARTESIAN_POINT('',(1.665116873349,28.936518452352));
#9192 = CARTESIAN_POINT('',(1.658045461349,28.741146348344));
#9193 = CARTESIAN_POINT('',(1.641737210255,28.403544281528));
#9194 = CARTESIAN_POINT('',(1.632670501746,28.253984699782));
#9195 = CARTESIAN_POINT('',(1.622218606769,28.121865009299));
#9196 = CARTESIAN_POINT('',(1.610533280762,28.01475960183));
#9197 = CARTESIAN_POINT('',(1.597855279398,27.93895308497));
#9198 = CARTESIAN_POINT('',(1.584490084577,27.89933999274));
#9199 = CARTESIAN_POINT('',(1.559196059016,27.89933999274));
#9200 = CARTESIAN_POINT('',(1.5475960431,27.927767305759));
#9201 = CARTESIAN_POINT('',(1.536214762653,27.984618263264));
#9202 = CARTESIAN_POINT('',(1.525267589961,28.069070257791));
#9203 = CARTESIAN_POINT('',(1.514961401644,28.179531281056));
#9204 = CARTESIAN_POINT('',(1.505486941505,28.31368135777));
#9205 = CARTESIAN_POINT('',(1.486970896219,28.651819370936));
#9206 = CARTESIAN_POINT('',(1.478775314153,28.855976830707));
#9207 = CARTESIAN_POINT('',(1.472349143182,29.073605750924));
#9208 = CARTESIAN_POINT('',(1.467604147167,29.299825107204));
#9209 = CARTESIAN_POINT('',(1.464466739556,29.531194827737));
#9210 = CARTESIAN_POINT('',(1.46289476251,29.765122993238));
#9211 = CARTESIAN_POINT('',(1.46289476251,30.208459156961));
#9212 = CARTESIAN_POINT('',(1.464147917551,30.417411906101));
#9213 = CARTESIAN_POINT('',(1.466650822334,30.624510536611));
#9214 = CARTESIAN_POINT('',(1.470428818919,30.827903718355));
#9215 = CARTESIAN_POINT('',(1.475528148661,31.025278664377));
#9216 = CARTESIAN_POINT('',(1.482007847696,31.213507912484));
#9217 = CARTESIAN_POINT('',(1.49755675302,31.556300979911));
#9218 = CARTESIAN_POINT('',(1.50671996402,31.716193913341));
#9219 = CARTESIAN_POINT('',(1.517395351038,31.858180628154));
#9220 = CARTESIAN_POINT('',(1.529431008683,31.973853539571));
#9221 = CARTESIAN_POINT('',(1.542573366735,32.056125762711));
#9222 = CARTESIAN_POINT('',(1.5564936541,32.09933999274));
#9223 = CARTESIAN_POINT('',(1.589124195707,32.09933999274));
#9224 = CARTESIAN_POINT('',(1.60659937228,32.028379380473));
#9225 = CARTESIAN_POINT('',(1.62252610535,31.898337516039));
#9226 = CARTESIAN_POINT('',(1.636447289942,31.721595372113));
#9227 = CARTESIAN_POINT('',(1.648057788244,31.511609961395));
#9228 = CARTESIAN_POINT('',(1.657259494537,31.282603823438));
#9229 = CARTESIAN_POINT('',(1.664195651667,31.049363093502));
#9230 = ( GEOMETRIC_REPRESENTATION_CONTEXT(2) 
PARAMETRIC_REPRESENTATION_CONTEXT() REPRESENTATION_CONTEXT('2D SPACE',''
  ) );
#9231 = PCURVE('',#4968,#9232);
#9232 = DEFINITIONAL_REPRESENTATION('',(#9233),#9284);
#9233 = B_SPLINE_CURVE_WITH_KNOTS('',7,(#9234,#9235,#9236,#9237,#9238,
    #9239,#9240,#9241,#9242,#9243,#9244,#9245,#9246,#9247,#9248,#9249,
    #9250,#9251,#9252,#9253,#9254,#9255,#9256,#9257,#9258,#9259,#9260,
    #9261,#9262,#9263,#9264,#9265,#9266,#9267,#9268,#9269,#9270,#9271,
    #9272,#9273,#9274,#9275,#9276,#9277,#9278,#9279,#9280,#9281,#9282,
    #9283),.UNSPECIFIED.,.F.,.F.,(8,6,6,6,6,6,6,6,8),(0.,0.103288656027,
    0.251712840675,0.382668845147,0.493604407419,0.624953021127,
    0.742226798773,0.855214372536,1.),.UNSPECIFIED.);
#9234 = CARTESIAN_POINT('',(-8.881784197001E-16,0.584991668502));
#9235 = CARTESIAN_POINT('',(7.695971573056E-02,0.592561243022));
#9236 = CARTESIAN_POINT('',(0.152436237189,0.599203663204));
#9237 = CARTESIAN_POINT('',(0.226764240648,0.604711729605));
#9238 = CARTESIAN_POINT('',(0.300238946493,0.608948797261));
#9239 = CARTESIAN_POINT('',(0.373141733109,0.611831090665));
#9240 = CARTESIAN_POINT('',(0.445755862048,0.613317030536));
#9241 = CARTESIAN_POINT('',(0.622721021846,0.613527931605));
#9242 = CARTESIAN_POINT('',(0.72694217809,0.610762674341));
#9243 = CARTESIAN_POINT('',(0.831980759048,0.605111896999));
#9244 = CARTESIAN_POINT('',(0.938657885838,0.596737505144));
#9245 = CARTESIAN_POINT('',(1.047845552607,0.585972144477));
#9246 = CARTESIAN_POINT('',(1.160431916371,0.573444493671));
#9247 = CARTESIAN_POINT('',(1.380966632013,0.548479266498));
#9248 = CARTESIAN_POINT('',(1.490371833702,0.535924965484));
#9249 = CARTESIAN_POINT('',(1.604356382866,0.523464224193));
#9250 = CARTESIAN_POINT('',(1.722102097693,0.512429374222));
#9251 = CARTESIAN_POINT('',(1.843146263373,0.504266121479));
#9252 = CARTESIAN_POINT('',(1.967251482303,0.5));
#9253 = CARTESIAN_POINT('',(2.2021245768,0.5));
#9254 = CARTESIAN_POINT('',(2.309838558541,0.503061058942));
#9255 = CARTESIAN_POINT('',(2.417541192062,0.509184636796));
#9256 = CARTESIAN_POINT('',(2.525243794407,0.518019917711));
#9257 = CARTESIAN_POINT('',(2.632960685707,0.528884172218));
#9258 = CARTESIAN_POINT('',(2.740689694699,0.54087301704));
#9259 = CARTESIAN_POINT('',(2.97590813345,0.567490737989));
#9260 = CARTESIAN_POINT('',(3.097724903308,0.581558502951));
#9261 = CARTESIAN_POINT('',(3.215341524557,0.5938550401));
#9262 = CARTESIAN_POINT('',(3.329834095172,0.603516645088));
#9263 = CARTESIAN_POINT('',(3.442278325511,0.61010562447));
#9264 = CARTESIAN_POINT('',(3.553672226835,0.613406694316));
#9265 = CARTESIAN_POINT('',(3.764784685751,0.613406694316));
#9266 = CARTESIAN_POINT('',(3.86428582459,0.61077509013));
#9267 = CARTESIAN_POINT('',(3.96451786848,0.605518879604));
#9268 = CARTESIAN_POINT('',(4.066197307025,0.597777167229));
#9269 = CARTESIAN_POINT('',(4.170079263886,0.587832419949));
#9270 = CARTESIAN_POINT('',(4.276937967921,0.576203287415));
#9271 = CARTESIAN_POINT('',(4.494552132838,0.551710134805));
#9272 = CARTESIAN_POINT('',(4.60778412097,0.538595977361));
#9273 = CARTESIAN_POINT('',(4.725917083854,0.525375942887));
#9274 = CARTESIAN_POINT('',(4.848111602422,0.513513423668));
#9275 = CARTESIAN_POINT('',(4.973930260658,0.504653952073));
#9276 = CARTESIAN_POINT('',(5.103189925984,0.5));
#9277 = CARTESIAN_POINT('',(5.406187812335,0.5));
#9278 = CARTESIAN_POINT('',(5.568458949249,0.507642291755));
#9279 = CARTESIAN_POINT('',(5.724297778803,0.521644513529));
#9280 = CARTESIAN_POINT('',(5.874142512917,0.539078034942));
#9281 = CARTESIAN_POINT('',(6.017935120336,0.556732712484));
#9282 = CARTESIAN_POINT('',(6.154935225477,0.572377295627));
#9283 = CARTESIAN_POINT('',(6.28318530718,0.584991668502));
#9284 = ( GEOMETRIC_REPRESENTATION_CONTEXT(2) 
PARAMETRIC_REPRESENTATION_CONTEXT() REPRESENTATION_CONTEXT('2D SPACE',''
  ) );
#9285 = ADVANCED_FACE('',(#9286),#2263,.T.);
#9286 = FACE_BOUND('',#9287,.T.);
#9287 = EDGE_LOOP('',(#9288,#9289,#9290,#9291));
#9288 = ORIENTED_EDGE('',*,*,#2337,.F.);
#9289 = ORIENTED_EDGE('',*,*,#9074,.T.);
#9290 = ORIENTED_EDGE('',*,*,#2248,.F.);
#9291 = ORIENTED_EDGE('',*,*,#4696,.F.);
#9292 = ADVANCED_FACE('',(#9293),#2132,.F.);
#9293 = FACE_BOUND('',#9294,.F.);
#9294 = EDGE_LOOP('',(#9295,#9296,#9297,#9298));
#9295 = ORIENTED_EDGE('',*,*,#2117,.F.);
#9296 = ORIENTED_EDGE('',*,*,#9097,.T.);
#9297 = ORIENTED_EDGE('',*,*,#2206,.F.);
#9298 = ORIENTED_EDGE('',*,*,#4765,.F.);
#9299 = ADVANCED_FACE('',(#9300,#9356),#2375,.T.);
#9300 = FACE_BOUND('',#9301,.T.);
#9301 = EDGE_LOOP('',(#9302,#9328,#9329,#9355));
#9302 = ORIENTED_EDGE('',*,*,#9303,.F.);
#9303 = EDGE_CURVE('',#2476,#2359,#9304,.T.);
#9304 = SURFACE_CURVE('',#9305,(#9310,#9317),.PCURVE_S1.);
#9305 = CIRCLE('',#9306,19.5);
#9306 = AXIS2_PLACEMENT_3D('',#9307,#9308,#9309);
#9307 = CARTESIAN_POINT('',(-40.,0.,0.));
#9308 = DIRECTION('',(1.,0.,0.));
#9309 = DIRECTION('',(0.,-0.966568042306,-0.25641025641));
#9310 = PCURVE('',#2375,#9311);
#9311 = DEFINITIONAL_REPRESENTATION('',(#9312),#9316);
#9312 = LINE('',#9313,#9314);
#9313 = CARTESIAN_POINT('',(7.594675177702,0.));
#9314 = VECTOR('',#9315,1.);
#9315 = DIRECTION('',(-1.,-0.));
#9316 = ( GEOMETRIC_REPRESENTATION_CONTEXT(2) 
PARAMETRIC_REPRESENTATION_CONTEXT() REPRESENTATION_CONTEXT('2D SPACE',''
  ) );
#9317 = PCURVE('',#2401,#9318);
#9318 = DEFINITIONAL_REPRESENTATION('',(#9319),#9327);
#9319 = ( BOUNDED_CURVE() B_SPLINE_CURVE(2,(#9320,#9321,#9322,#9323,
#9324,#9325,#9326),.UNSPECIFIED.,.T.,.F.) B_SPLINE_CURVE_WITH_KNOTS((1,2
    ,2,2,2,1),(-2.094395102393,0.,2.094395102393,4.188790204786,
6.28318530718,8.377580409573),.UNSPECIFIED.) CURVE() 
GEOMETRIC_REPRESENTATION_ITEM() RATIONAL_B_SPLINE_CURVE((1.,0.5,1.,0.5,
1.,0.5,1.)) REPRESENTATION_ITEM('') );
#9320 = CARTESIAN_POINT('',(5.,18.848076824971));
#9321 = CARTESIAN_POINT('',(37.645826685811,10.187822787126));
#9322 = CARTESIAN_POINT('',(13.822913342905,-13.7541654314));
#9323 = CARTESIAN_POINT('',(-10.,-37.69615364994));
#9324 = CARTESIAN_POINT('',(-18.8229133429,-5.093911393563));
#9325 = CARTESIAN_POINT('',(-27.64582668581,27.508330862815));
#9326 = CARTESIAN_POINT('',(5.,18.848076824971));
#9327 = ( GEOMETRIC_REPRESENTATION_CONTEXT(2) 
PARAMETRIC_REPRESENTATION_CONTEXT() REPRESENTATION_CONTEXT('2D SPACE',''
  ) );
#9328 = ORIENTED_EDGE('',*,*,#2496,.T.);
#9329 = ORIENTED_EDGE('',*,*,#9330,.T.);
#9330 = EDGE_CURVE('',#2497,#2361,#9331,.T.);
#9331 = SURFACE_CURVE('',#9332,(#9337,#9344),.PCURVE_S1.);
#9332 = CIRCLE('',#9333,19.5);
#9333 = AXIS2_PLACEMENT_3D('',#9334,#9335,#9336);
#9334 = CARTESIAN_POINT('',(-100.,0.,0.));
#9335 = DIRECTION('',(1.,0.,0.));
#9336 = DIRECTION('',(0.,-0.966568042306,-0.25641025641));
#9337 = PCURVE('',#2375,#9338);
#9338 = DEFINITIONAL_REPRESENTATION('',(#9339),#9343);
#9339 = LINE('',#9340,#9341);
#9340 = CARTESIAN_POINT('',(7.594675177702,60.));
#9341 = VECTOR('',#9342,1.);
#9342 = DIRECTION('',(-1.,-0.));
#9343 = ( GEOMETRIC_REPRESENTATION_CONTEXT(2) 
PARAMETRIC_REPRESENTATION_CONTEXT() REPRESENTATION_CONTEXT('2D SPACE',''
  ) );
#9344 = PCURVE('',#2532,#9345);
#9345 = DEFINITIONAL_REPRESENTATION('',(#9346),#9354);
#9346 = ( BOUNDED_CURVE() B_SPLINE_CURVE(2,(#9347,#9348,#9349,#9350,
#9351,#9352,#9353),.UNSPECIFIED.,.T.,.F.) B_SPLINE_CURVE_WITH_KNOTS((1,2
    ,2,2,2,1),(-2.094395102393,0.,2.094395102393,4.188790204786,
6.28318530718,8.377580409573),.UNSPECIFIED.) CURVE() 
GEOMETRIC_REPRESENTATION_ITEM() RATIONAL_B_SPLINE_CURVE((1.,0.5,1.,0.5,
1.,0.5,1.)) REPRESENTATION_ITEM('') );
#9347 = CARTESIAN_POINT('',(5.,18.848076824971));
#9348 = CARTESIAN_POINT('',(37.645826685811,10.187822787126));
#9349 = CARTESIAN_POINT('',(13.822913342905,-13.7541654314));
#9350 = CARTESIAN_POINT('',(-10.,-37.69615364994));
#9351 = CARTESIAN_POINT('',(-18.8229133429,-5.093911393563));
#9352 = CARTESIAN_POINT('',(-27.64582668581,27.508330862815));
#9353 = CARTESIAN_POINT('',(5.,18.848076824971));
#9354 = ( GEOMETRIC_REPRESENTATION_CONTEXT(2) 
PARAMETRIC_REPRESENTATION_CONTEXT() REPRESENTATION_CONTEXT('2D SPACE',''
  ) );
#9355 = ORIENTED_EDGE('',*,*,#2358,.F.);
#9356 = FACE_BOUND('',#9357,.T.);
#9357 = EDGE_LOOP('',(#9358,#9452));
#9358 = ORIENTED_EDGE('',*,*,#9359,.T.);
#9359 = EDGE_CURVE('',#9360,#9362,#9364,.T.);
#9360 = VERTEX_POINT('',#9361);
#9361 = CARTESIAN_POINT('',(-67.9,-5.143516556419E-16,-19.5));
#9362 = VERTEX_POINT('',#9363);
#9363 = CARTESIAN_POINT('',(-72.1,2.773825000069E-15,-19.5));
#9364 = SURFACE_CURVE('',#9365,(#9392,#9422),.PCURVE_S1.);
#9365 = B_SPLINE_CURVE_WITH_KNOTS('',7,(#9366,#9367,#9368,#9369,#9370,
    #9371,#9372,#9373,#9374,#9375,#9376,#9377,#9378,#9379,#9380,#9381,
    #9382,#9383,#9384,#9385,#9386,#9387,#9388,#9389,#9390,#9391),
  .UNSPECIFIED.,.F.,.F.,(8,6,6,6,8),(0.,0.245351426281,0.500010395488,
    0.754682309661,1.),.UNSPECIFIED.);
#9366 = CARTESIAN_POINT('',(-67.9,2.130885430516E-15,-19.5));
#9367 = CARTESIAN_POINT('',(-67.9,0.278902117558,-19.5));
#9368 = CARTESIAN_POINT('',(-67.94321423002,0.550347615411,
    -19.49534604792));
#9369 = CARTESIAN_POINT('',(-68.02548645317,0.80653100283,
    -19.48648657633));
#9370 = CARTESIAN_POINT('',(-68.14115936458,1.040967401936,
    -19.47462405711));
#9371 = CARTESIAN_POINT('',(-68.28314607939,1.248733918973,
    -19.46140402263));
#9372 = CARTESIAN_POINT('',(-68.44303901282,1.426939647571,
    -19.44828986519));
#9373 = CARTESIAN_POINT('',(-68.7858321437,1.729152445086,
    -19.42379670805));
#9374 = CARTESIAN_POINT('',(-68.97405959886,1.85497680487,
    -19.41216770068));
#9375 = CARTESIAN_POINT('',(-69.17143451208,1.953919220609,
    -19.40222290506));
#9376 = CARTESIAN_POINT('',(-69.37483177248,2.027184964418,
    -19.39448088218));
#9377 = CARTESIAN_POINT('',(-69.5819364995,2.075708010213,
    -19.38922464979));
#9378 = CARTESIAN_POINT('',(-69.7908914653,2.1,-19.38659330568));
#9379 = CARTESIAN_POINT('',(-70.20911916422,2.1,-19.38659330568));
#9380 = CARTESIAN_POINT('',(-70.41807191336,2.075705585948,
    -19.38922490987));
#9381 = CARTESIAN_POINT('',(-70.62517054387,2.027182827586,
    -19.39448112039));
#9382 = CARTESIAN_POINT('',(-70.82856372561,1.953919451358,
    -19.40222283277));
#9383 = CARTESIAN_POINT('',(-71.02593867163,1.854978318705,
    -19.41216758005));
#9384 = CARTESIAN_POINT('',(-71.21416791974,1.729152389148,
    -19.42379671258));
#9385 = CARTESIAN_POINT('',(-71.5569292489,1.426967628621,
    -19.44828759744));
#9386 = CARTESIAN_POINT('',(-71.71683587796,1.248763917102,
    -19.46140209607));
#9387 = CARTESIAN_POINT('',(-71.85885001694,1.040972021843,
    -19.47462451399));
#9388 = CARTESIAN_POINT('',(-71.97453966294,0.806494396873,
    -19.48648938174));
#9389 = CARTESIAN_POINT('',(-72.05680619597,0.550276993638,
    -19.49534825029));
#9390 = CARTESIAN_POINT('',(-72.1,0.278836214034,-19.5));
#9391 = CARTESIAN_POINT('',(-72.1,2.773825000069E-15,-19.5));
#9392 = PCURVE('',#2375,#9393);
#9393 = DEFINITIONAL_REPRESENTATION('',(#9394),#9421);
#9394 = B_SPLINE_CURVE_WITH_KNOTS('',7,(#9395,#9396,#9397,#9398,#9399,
    #9400,#9401,#9402,#9403,#9404,#9405,#9406,#9407,#9408,#9409,#9410,
    #9411,#9412,#9413,#9414,#9415,#9416,#9417,#9418,#9419,#9420),
  .UNSPECIFIED.,.F.,.F.,(8,6,6,6,8),(0.,0.245351426281,0.500010395488,
    0.754682309661,1.),.UNSPECIFIED.);
#9395 = CARTESIAN_POINT('',(6.28318530718,27.9));
#9396 = CARTESIAN_POINT('',(6.268882634484,27.9));
#9397 = CARTESIAN_POINT('',(6.25496234712,27.943214230029));
#9398 = CARTESIAN_POINT('',(6.241819989068,28.025486453169));
#9399 = CARTESIAN_POINT('',(6.229784331422,28.141159364585));
#9400 = CARTESIAN_POINT('',(6.219108944404,28.283146079399));
#9401 = CARTESIAN_POINT('',(6.209945733405,28.443039012829));
#9402 = CARTESIAN_POINT('',(6.194396825202,28.785832143705));
#9403 = CARTESIAN_POINT('',(6.187917206904,28.974059598868));
#9404 = CARTESIAN_POINT('',(6.182817811471,29.171434512081));
#9405 = CARTESIAN_POINT('',(6.179039692438,29.374831772485));
#9406 = CARTESIAN_POINT('',(6.176536772914,29.581936499506));
#9407 = CARTESIAN_POINT('',(6.175283742895,29.7908914653));
#9408 = CARTESIAN_POINT('',(6.175283742895,30.209119164221));
#9409 = CARTESIAN_POINT('',(6.176536897936,30.418071913362));
#9410 = CARTESIAN_POINT('',(6.179039802719,30.62517054387));
#9411 = CARTESIAN_POINT('',(6.182817799304,30.828563725616));
#9412 = CARTESIAN_POINT('',(6.187917129046,31.025938671636));
#9413 = CARTESIAN_POINT('',(6.19439682808,31.214167919745));
#9414 = CARTESIAN_POINT('',(6.209944293774,31.5569292489));
#9415 = CARTESIAN_POINT('',(6.219107402951,31.716835877965));
#9416 = CARTESIAN_POINT('',(6.229784097251,31.858850016945));
#9417 = CARTESIAN_POINT('',(6.241821869865,31.974539662941));
#9418 = CARTESIAN_POINT('',(6.254965968761,32.056806195979));
#9419 = CARTESIAN_POINT('',(6.268886014152,32.1));
#9420 = CARTESIAN_POINT('',(6.28318530718,32.1));
#9421 = ( GEOMETRIC_REPRESENTATION_CONTEXT(2) 
PARAMETRIC_REPRESENTATION_CONTEXT() REPRESENTATION_CONTEXT('2D SPACE',''
  ) );
#9422 = PCURVE('',#5599,#9423);
#9423 = DEFINITIONAL_REPRESENTATION('',(#9424),#9451);
#9424 = B_SPLINE_CURVE_WITH_KNOTS('',7,(#9425,#9426,#9427,#9428,#9429,
    #9430,#9431,#9432,#9433,#9434,#9435,#9436,#9437,#9438,#9439,#9440,
    #9441,#9442,#9443,#9444,#9445,#9446,#9447,#9448,#9449,#9450),
  .UNSPECIFIED.,.F.,.F.,(8,6,6,6,8),(0.,0.245351426281,0.500010395488,
    0.754682309661,1.),.UNSPECIFIED.);
#9425 = CARTESIAN_POINT('',(0.,0.5));
#9426 = CARTESIAN_POINT('',(0.132810532171,0.5));
#9427 = CARTESIAN_POINT('',(0.262070197497,0.504653952073));
#9428 = CARTESIAN_POINT('',(0.387888855733,0.513513423668));
#9429 = CARTESIAN_POINT('',(0.510083374301,0.525375942887));
#9430 = CARTESIAN_POINT('',(0.628216337184,0.538595977361));
#9431 = CARTESIAN_POINT('',(0.741448325317,0.551710134805));
#9432 = CARTESIAN_POINT('',(0.959062530513,0.576203291949));
#9433 = CARTESIAN_POINT('',(1.06592010747,0.58783229932));
#9434 = CARTESIAN_POINT('',(1.169802419939,0.597777094939));
#9435 = CARTESIAN_POINT('',(1.271483960506,0.605519117816));
#9436 = CARTESIAN_POINT('',(1.371718624358,0.610775350201));
#9437 = CARTESIAN_POINT('',(1.471220834081,0.613406694316));
#9438 = CARTESIAN_POINT('',(1.670376881186,0.613406694316));
#9439 = CARTESIAN_POINT('',(1.769878020026,0.61077509013));
#9440 = CARTESIAN_POINT('',(1.870110063915,0.605518879604));
#9441 = CARTESIAN_POINT('',(1.971789502461,0.597777167229));
#9442 = CARTESIAN_POINT('',(2.075671459321,0.587832419949));
#9443 = CARTESIAN_POINT('',(2.182530163356,0.576203287415));
#9444 = CARTESIAN_POINT('',(2.400124179974,0.551712402559));
#9445 = CARTESIAN_POINT('',(2.513360428721,0.538597903929));
#9446 = CARTESIAN_POINT('',(2.631510028664,0.525375486002));
#9447 = CARTESIAN_POINT('',(2.753723905876,0.513510618256));
#9448 = CARTESIAN_POINT('',(2.879556092616,0.504651749708));
#9449 = CARTESIAN_POINT('',(3.00881350405,0.5));
#9450 = CARTESIAN_POINT('',(3.14159265359,0.5));
#9451 = ( GEOMETRIC_REPRESENTATION_CONTEXT(2) 
PARAMETRIC_REPRESENTATION_CONTEXT() REPRESENTATION_CONTEXT('2D SPACE',''
  ) );
#9452 = ORIENTED_EDGE('',*,*,#9453,.T.);
#9453 = EDGE_CURVE('',#9362,#9360,#9454,.T.);
#9454 = SURFACE_CURVE('',#9455,(#9482,#9512),.PCURVE_S1.);
#9455 = B_SPLINE_CURVE_WITH_KNOTS('',7,(#9456,#9457,#9458,#9459,#9460,
    #9461,#9462,#9463,#9464,#9465,#9466,#9467,#9468,#9469,#9470,#9471,
    #9472,#9473,#9474,#9475,#9476,#9477,#9478,#9479,#9480,#9481),
  .UNSPECIFIED.,.F.,.F.,(8,6,6,6,8),(0.,0.245376523213,0.500053365173,
    0.754729392168,1.),.UNSPECIFIED.);
#9456 = CARTESIAN_POINT('',(-72.1,2.6645352591E-15,-19.5));
#9457 = CARTESIAN_POINT('',(-72.1,-0.278902117558,-19.5));
#9458 = CARTESIAN_POINT('',(-72.05678576997,-0.550347615411,
    -19.49534604792));
#9459 = CARTESIAN_POINT('',(-71.97451354683,-0.80653100283,
    -19.48648657633));
#9460 = CARTESIAN_POINT('',(-71.85884063541,-1.040967401936,
    -19.47462405711));
#9461 = CARTESIAN_POINT('',(-71.7168539206,-1.248733918973,
    -19.46140402263));
#9462 = CARTESIAN_POINT('',(-71.55696098717,-1.426939647571,
    -19.44828986519));
#9463 = CARTESIAN_POINT('',(-71.21417346112,-1.729147503762,
    -19.42379710852));
#9464 = CARTESIAN_POINT('',(-71.02594131217,-1.85497854779,
    -19.41216765124));
#9465 = CARTESIAN_POINT('',(-70.82855962908,-1.953922489121,
    -19.40222249891));
#9466 = CARTESIAN_POINT('',(-70.62516355608,-2.027184658533,
    -19.39448092167));
#9467 = CARTESIAN_POINT('',(-70.41806785823,-2.075705408627,
    -19.3892249297));
#9468 = CARTESIAN_POINT('',(-70.2091198334,-2.1,-19.38659330568));
#9469 = CARTESIAN_POINT('',(-69.79088083577,-2.1,-19.38659330568));
#9470 = CARTESIAN_POINT('',(-69.58192808663,-2.075705585949,
    -19.38922490987));
#9471 = CARTESIAN_POINT('',(-69.37482945612,-2.027182827586,
    -19.39448112039));
#9472 = CARTESIAN_POINT('',(-69.17143627438,-1.953919451359,
    -19.40222283277));
#9473 = CARTESIAN_POINT('',(-68.97406132836,-1.854978318704,
    -19.41216758005));
#9474 = CARTESIAN_POINT('',(-68.78583208025,-1.729152389148,
    -19.42379671258));
#9475 = CARTESIAN_POINT('',(-68.44310574326,-1.426998478361,
    -19.44828509719));
#9476 = CARTESIAN_POINT('',(-68.28317458456,-1.248788639172,
    -19.46140064074));
#9477 = CARTESIAN_POINT('',(-68.1411302314,-1.040961408676,
    -19.4746260573));
#9478 = CARTESIAN_POINT('',(-68.02542976192,-0.8064411002,
    -19.48649269661));
#9479 = CARTESIAN_POINT('',(-67.9431744111,-0.550199671418,
    -19.49535033335));
#9480 = CARTESIAN_POINT('',(-67.9,-0.278773611414,-19.5));
#9481 = CARTESIAN_POINT('',(-67.9,2.22044604925E-15,-19.5));
#9482 = PCURVE('',#2375,#9483);
#9483 = DEFINITIONAL_REPRESENTATION('',(#9484),#9511);
#9484 = B_SPLINE_CURVE_WITH_KNOTS('',7,(#9485,#9486,#9487,#9488,#9489,
    #9490,#9491,#9492,#9493,#9494,#9495,#9496,#9497,#9498,#9499,#9500,
    #9501,#9502,#9503,#9504,#9505,#9506,#9507,#9508,#9509,#9510),
  .UNSPECIFIED.,.F.,.F.,(8,6,6,6,8),(0.,0.245376523213,0.500053365173,
    0.754729392168,1.),.UNSPECIFIED.);
#9485 = CARTESIAN_POINT('',(6.28318530718,32.1));
#9486 = CARTESIAN_POINT('',(6.297487979875,32.1));
#9487 = CARTESIAN_POINT('',(6.311408267239,32.056785769971));
#9488 = CARTESIAN_POINT('',(6.324550625291,31.974513546831));
#9489 = CARTESIAN_POINT('',(6.336586282937,31.858840635414));
#9490 = CARTESIAN_POINT('',(6.347261669955,31.716853920601));
#9491 = CARTESIAN_POINT('',(6.356424880954,31.556960987171));
#9492 = CARTESIAN_POINT('',(6.371973534925,31.214173461127));
#9493 = CARTESIAN_POINT('',(6.378453496721,31.025941312171));
#9494 = CARTESIAN_POINT('',(6.383552971679,30.828559629089));
#9495 = CARTESIAN_POINT('',(6.387330906144,30.62516355608));
#9496 = CARTESIAN_POINT('',(6.389833707254,30.418067858238));
#9497 = CARTESIAN_POINT('',(6.391086871465,30.209119833404));
#9498 = CARTESIAN_POINT('',(6.391086871465,29.790880835778));
#9499 = CARTESIAN_POINT('',(6.389833716423,29.581928086639));
#9500 = CARTESIAN_POINT('',(6.38733081164,29.374829456128));
#9501 = CARTESIAN_POINT('',(6.383552815055,29.171436274386));
#9502 = CARTESIAN_POINT('',(6.378453485313,28.974061328363));
#9503 = CARTESIAN_POINT('',(6.371973786279,28.785832080256));
#9504 = CARTESIAN_POINT('',(6.35642790781,28.443105743261));
#9505 = CARTESIAN_POINT('',(6.347264481104,28.28317458456));
#9506 = CARTESIAN_POINT('',(6.336585968558,28.141130231402));
#9507 = CARTESIAN_POINT('',(6.324546007737,28.025429761921));
#9508 = CARTESIAN_POINT('',(6.311400680465,27.943174411101));
#9509 = CARTESIAN_POINT('',(6.297481389816,27.9));
#9510 = CARTESIAN_POINT('',(6.28318530718,27.9));
#9511 = ( GEOMETRIC_REPRESENTATION_CONTEXT(2) 
PARAMETRIC_REPRESENTATION_CONTEXT() REPRESENTATION_CONTEXT('2D SPACE',''
  ) );
#9512 = PCURVE('',#5599,#9513);
#9513 = DEFINITIONAL_REPRESENTATION('',(#9514),#9541);
#9514 = B_SPLINE_CURVE_WITH_KNOTS('',7,(#9515,#9516,#9517,#9518,#9519,
    #9520,#9521,#9522,#9523,#9524,#9525,#9526,#9527,#9528,#9529,#9530,
    #9531,#9532,#9533,#9534,#9535,#9536,#9537,#9538,#9539,#9540),
  .UNSPECIFIED.,.F.,.F.,(8,6,6,6,8),(0.,0.245376523213,0.500053365173,
    0.754729392168,1.),.UNSPECIFIED.);
#9515 = CARTESIAN_POINT('',(3.14159265359,0.5));
#9516 = CARTESIAN_POINT('',(3.27440318576,0.5));
#9517 = CARTESIAN_POINT('',(3.403662851087,0.504653952073));
#9518 = CARTESIAN_POINT('',(3.529481509322,0.513513423668));
#9519 = CARTESIAN_POINT('',(3.651676027891,0.525375942887));
#9520 = CARTESIAN_POINT('',(3.769808990774,0.538595977361));
#9521 = CARTESIAN_POINT('',(3.883040978907,0.551710134805));
#9522 = CARTESIAN_POINT('',(4.100651626007,0.576202891474));
#9523 = CARTESIAN_POINT('',(4.207512973994,0.587832348754));
#9524 = CARTESIAN_POINT('',(4.311398027072,0.59777750109));
#9525 = CARTESIAN_POINT('',(4.41307858317,0.60551907833));
#9526 = CARTESIAN_POINT('',(4.513309207389,0.6107750703));
#9527 = CARTESIAN_POINT('',(4.612808107335,0.613406694316));
#9528 = CARTESIAN_POINT('',(4.811969534776,0.613406694316));
#9529 = CARTESIAN_POINT('',(4.911470673615,0.61077509013));
#9530 = CARTESIAN_POINT('',(5.011702717506,0.605518879604));
#9531 = CARTESIAN_POINT('',(5.113382156049,0.597777167229));
#9532 = CARTESIAN_POINT('',(5.217264112911,0.587832419949));
#9533 = CARTESIAN_POINT('',(5.324122816946,0.576203287415));
#9534 = CARTESIAN_POINT('',(5.541694619608,0.551714902809));
#9535 = CARTESIAN_POINT('',(5.654941569715,0.538599359254));
#9536 = CARTESIAN_POINT('',(5.773111795483,0.525373942697));
#9537 = CARTESIAN_POINT('',(5.895344483817,0.513507303384));
#9538 = CARTESIAN_POINT('',(6.021185572061,0.504649666642));
#9539 = CARTESIAN_POINT('',(6.150435968411,0.5));
#9540 = CARTESIAN_POINT('',(6.28318530718,0.5));
#9541 = ( GEOMETRIC_REPRESENTATION_CONTEXT(2) 
PARAMETRIC_REPRESENTATION_CONTEXT() REPRESENTATION_CONTEXT('2D SPACE',''
  ) );
#9542 = ADVANCED_FACE('',(#9543),#2532,.T.);
#9543 = FACE_BOUND('',#9544,.T.);
#9544 = EDGE_LOOP('',(#9545,#9546,#9547,#9548,#9549));
#9545 = ORIENTED_EDGE('',*,*,#2606,.F.);
#9546 = ORIENTED_EDGE('',*,*,#9330,.F.);
#9547 = ORIENTED_EDGE('',*,*,#2517,.F.);
#9548 = ORIENTED_EDGE('',*,*,#5490,.F.);
#9549 = ORIENTED_EDGE('',*,*,#5863,.F.);
#9550 = ADVANCED_FACE('',(#9551),#2401,.F.);
#9551 = FACE_BOUND('',#9552,.F.);
#9552 = EDGE_LOOP('',(#9553,#9554,#9555,#9556,#9557));
#9553 = ORIENTED_EDGE('',*,*,#2386,.F.);
#9554 = ORIENTED_EDGE('',*,*,#9303,.F.);
#9555 = ORIENTED_EDGE('',*,*,#2475,.F.);
#9556 = ORIENTED_EDGE('',*,*,#5657,.F.);
#9557 = ORIENTED_EDGE('',*,*,#5749,.F.);
#9558 = ADVANCED_FACE('',(#9559,#9607),#2644,.T.);
#9559 = FACE_BOUND('',#9560,.T.);
#9560 = EDGE_LOOP('',(#9561,#9583,#9584,#9606));
#9561 = ORIENTED_EDGE('',*,*,#9562,.F.);
#9562 = EDGE_CURVE('',#2630,#2766,#9563,.T.);
#9563 = SURFACE_CURVE('',#9564,(#9569,#9576),.PCURVE_S1.);
#9564 = CIRCLE('',#9565,19.5);
#9565 = AXIS2_PLACEMENT_3D('',#9566,#9567,#9568);
#9566 = CARTESIAN_POINT('',(-50.,86.6,0.));
#9567 = DIRECTION('',(-0.500011000363,0.866019052629,0.));
#9568 = DIRECTION('',(0.866019052629,0.500011000363,0.));
#9569 = PCURVE('',#2644,#9570);
#9570 = DEFINITIONAL_REPRESENTATION('',(#9571),#9575);
#9571 = LINE('',#9572,#9573);
#9572 = CARTESIAN_POINT('',(0.,59.99867998548));
#9573 = VECTOR('',#9574,1.);
#9574 = DIRECTION('',(1.,0.));
#9575 = ( GEOMETRIC_REPRESENTATION_CONTEXT(2) 
PARAMETRIC_REPRESENTATION_CONTEXT() REPRESENTATION_CONTEXT('2D SPACE',''
  ) );
#9576 = PCURVE('',#2801,#9577);
#9577 = DEFINITIONAL_REPRESENTATION('',(#9578),#9582);
#9578 = CIRCLE('',#9579,19.5);
#9579 = AXIS2_PLACEMENT_2D('',#9580,#9581);
#9580 = CARTESIAN_POINT('',(0.,0.));
#9581 = DIRECTION('',(1.,0.));
#9582 = ( GEOMETRIC_REPRESENTATION_CONTEXT(2) 
PARAMETRIC_REPRESENTATION_CONTEXT() REPRESENTATION_CONTEXT('2D SPACE',''
  ) );
#9583 = ORIENTED_EDGE('',*,*,#2627,.F.);
#9584 = ORIENTED_EDGE('',*,*,#9585,.T.);
#9585 = EDGE_CURVE('',#2628,#2745,#9586,.T.);
#9586 = SURFACE_CURVE('',#9587,(#9592,#9599),.PCURVE_S1.);
#9587 = CIRCLE('',#9588,19.5);
#9588 = AXIS2_PLACEMENT_3D('',#9589,#9590,#9591);
#9589 = CARTESIAN_POINT('',(-20.,34.64,0.));
#9590 = DIRECTION('',(-0.500011000363,0.866019052629,0.));
#9591 = DIRECTION('',(0.866019052629,0.500011000363,0.));
#9592 = PCURVE('',#2644,#9593);
#9593 = DEFINITIONAL_REPRESENTATION('',(#9594),#9598);
#9594 = LINE('',#9595,#9596);
#9595 = CARTESIAN_POINT('',(0.,0.));
#9596 = VECTOR('',#9597,1.);
#9597 = DIRECTION('',(1.,0.));
#9598 = ( GEOMETRIC_REPRESENTATION_CONTEXT(2) 
PARAMETRIC_REPRESENTATION_CONTEXT() REPRESENTATION_CONTEXT('2D SPACE',''
  ) );
#9599 = PCURVE('',#2670,#9600);
#9600 = DEFINITIONAL_REPRESENTATION('',(#9601),#9605);
#9601 = CIRCLE('',#9602,19.5);
#9602 = AXIS2_PLACEMENT_2D('',#9603,#9604);
#9603 = CARTESIAN_POINT('',(0.,0.));
#9604 = DIRECTION('',(1.,0.));
#9605 = ( GEOMETRIC_REPRESENTATION_CONTEXT(2) 
PARAMETRIC_REPRESENTATION_CONTEXT() REPRESENTATION_CONTEXT('2D SPACE',''
  ) );
#9606 = ORIENTED_EDGE('',*,*,#2765,.T.);
#9607 = FACE_BOUND('',#9608,.T.);
#9608 = EDGE_LOOP('',(#9609));
#9609 = ORIENTED_EDGE('',*,*,#9610,.T.);
#9610 = EDGE_CURVE('',#9611,#9611,#9613,.T.);
#9611 = VERTEX_POINT('',#9612);
#9612 = CARTESIAN_POINT('',(-32.9,60.62,-19.41500833149));
#9613 = SURFACE_CURVE('',#9614,(#9673,#9735),.PCURVE_S1.);
#9614 = B_SPLINE_CURVE_WITH_KNOTS('',8,(#9615,#9616,#9617,#9618,#9619,
    #9620,#9621,#9622,#9623,#9624,#9625,#9626,#9627,#9628,#9629,#9630,
    #9631,#9632,#9633,#9634,#9635,#9636,#9637,#9638,#9639,#9640,#9641,
    #9642,#9643,#9644,#9645,#9646,#9647,#9648,#9649,#9650,#9651,#9652,
    #9653,#9654,#9655,#9656,#9657,#9658,#9659,#9660,#9661,#9662,#9663,
    #9664,#9665,#9666,#9667,#9668,#9669,#9670,#9671,#9672),
  .UNSPECIFIED.,.T.,.F.,(9,7,7,7,7,7,7,7,9),(0.,0.109595725249,
    0.279056708855,0.434792013871,0.542956158812,0.651123545045,
    0.760214035547,0.865317414087,1.),.UNSPECIFIED.);
#9615 = CARTESIAN_POINT('',(-32.9,60.62,-19.41500833149));
#9616 = CARTESIAN_POINT('',(-32.9,60.761413477655,-19.40838495379));
#9617 = CARTESIAN_POINT('',(-32.91088295474,60.900490620938,
    -19.40245694184));
#9618 = CARTESIAN_POINT('',(-32.932020482,61.03669498668,-19.39735379529
    ));
#9619 = CARTESIAN_POINT('',(-32.96288058145,61.169580143494,
    -19.39316973656));
#9620 = CARTESIAN_POINT('',(-33.0030203873,61.298759469446,
    -19.38997034271));
#9621 = CARTESIAN_POINT('',(-33.05207926104,61.423876715646,
    -19.38779742436));
#9622 = CARTESIAN_POINT('',(-33.10977222431,61.54457733576,
    -19.38667215173));
#9623 = CARTESIAN_POINT('',(-33.27810780195,61.839694487546,
    -19.38647934023));
#9624 = CARTESIAN_POINT('',(-33.40031730164,62.007191898376,
    -19.38887149289));
#9625 = CARTESIAN_POINT('',(-33.54170652382,62.161767555001,
    -19.39376819511));
#9626 = CARTESIAN_POINT('',(-33.70182644792,62.301827533301,
    -19.40106103098));
#9627 = CARTESIAN_POINT('',(-33.88037003872,62.425277696791,
    -19.41053078659));
#9628 = CARTESIAN_POINT('',(-34.07695390055,62.529395146418,
    -19.42179264576));
#9629 = CARTESIAN_POINT('',(-34.29083349653,62.610659619137,
    -19.43422827614));
#9630 = CARTESIAN_POINT('',(-34.73154357723,62.714021329441,
    -19.45862102511));
#9631 = CARTESIAN_POINT('',(-34.9636143912,62.742181519205,
    -19.47096124095));
#9632 = CARTESIAN_POINT('',(-35.2098383611,62.740775984312,
    -19.4828842171));
#9633 = CARTESIAN_POINT('',(-35.46236080262,62.704725583992,
    -19.49299641845));
#9634 = CARTESIAN_POINT('',(-35.71272111863,62.631900727233,
    -19.49988255512));
#9635 = CARTESIAN_POINT('',(-35.95260592293,62.522807651465,
    -19.50266232086));
#9636 = CARTESIAN_POINT('',(-36.1744558151,62.380367759345,
    -19.50120844568));
#9637 = CARTESIAN_POINT('',(-36.50954678833,62.091117562425,
    -19.49243212744));
#9638 = CARTESIAN_POINT('',(-36.63518073703,61.959004443951,
    -19.48704034492));
#9639 = CARTESIAN_POINT('',(-36.74753856661,61.814687896469,
    -19.48001567833));
#9640 = CARTESIAN_POINT('',(-36.84525537481,61.659728923723,
    -19.47163575624));
#9641 = CARTESIAN_POINT('',(-36.92718622926,61.495864583187,
    -19.46227352291));
#9642 = CARTESIAN_POINT('',(-36.99242794447,61.324976848046,
    -19.45236707126));
#9643 = CARTESIAN_POINT('',(-37.04034450374,61.149060216308,
    -19.44237986193));
#9644 = CARTESIAN_POINT('',(-37.10084865511,60.791310557662,
    -19.42312250683));
#9645 = CARTESIAN_POINT('',(-37.11344444085,60.609422547279,
    -19.4138498698));
#9646 = CARTESIAN_POINT('',(-37.10802611253,60.42658903651,
    -19.40537302665));
#9647 = CARTESIAN_POINT('',(-37.08453864276,60.244898485353,-19.39811117
    ));
#9648 = CARTESIAN_POINT('',(-37.0432144783,60.066423281851,
    -19.39241514774));
#9649 = CARTESIAN_POINT('',(-36.98456202321,59.893181442856,
    -19.3885336206));
#9650 = CARTESIAN_POINT('',(-36.90935747453,59.727099546908,
    -19.38659330568));
#9651 = CARTESIAN_POINT('',(-36.72714836048,59.411513361381,
    -19.38659330568));
#9652 = CARTESIAN_POINT('',(-36.61993955818,59.262268537616,
    -19.3885670089));
#9653 = CARTESIAN_POINT('',(-36.49757676588,59.123135223694,
    -19.39251004111));
#9654 = CARTESIAN_POINT('',(-36.36041364155,58.995221740313,
    -19.39835197687));
#9655 = CARTESIAN_POINT('',(-36.20870003548,58.879919757558,
    -19.40595211334));
#9656 = CARTESIAN_POINT('',(-36.0426948695,58.778984059912,
    -19.41507486247));
#9657 = CARTESIAN_POINT('',(-35.86280755024,58.694632930226,
    -19.42535603049));
#9658 = CARTESIAN_POINT('',(-35.48382554691,58.567096754117,
    -19.44678753867));
#9659 = CARTESIAN_POINT('',(-35.28155096463,58.521132473692,
    -19.45812548327));
#9660 = CARTESIAN_POINT('',(-35.0661535932,58.496867563027,
    -19.46966654418));
#9661 = CARTESIAN_POINT('',(-34.8416247794,58.498236358583,
    -19.48055531672));
#9662 = CARTESIAN_POINT('',(-34.61256895455,58.528076224876,
    -19.48980887818));
#9663 = CARTESIAN_POINT('',(-34.38402486932,58.588179821394,
    -19.49650953594));
#9664 = CARTESIAN_POINT('',(-34.1613196284,58.679337628526,-19.5));
#9665 = CARTESIAN_POINT('',(-33.67915605909,58.957723061158,-19.5));
#9666 = CARTESIAN_POINT('',(-33.44574590395,59.153940573747,
    -19.49426828118));
#9667 = CARTESIAN_POINT('',(-33.25348308072,59.37928185732,
    -19.48360631963));
#9668 = CARTESIAN_POINT('',(-33.10393028711,59.623981800607,
    -19.46963872576));
#9669 = CARTESIAN_POINT('',(-32.99685613115,59.878772796426,
    -19.45430146098));
#9670 = CARTESIAN_POINT('',(-32.93022364391,60.134898100042,
    -19.43935614173));
#9671 = CARTESIAN_POINT('',(-32.9,60.384340474872,-19.42604590776));
#9672 = CARTESIAN_POINT('',(-32.9,60.62,-19.41500833149));
#9673 = PCURVE('',#2644,#9674);
#9674 = DEFINITIONAL_REPRESENTATION('',(#9675),#9734);
#9675 = B_SPLINE_CURVE_WITH_KNOTS('',8,(#9676,#9677,#9678,#9679,#9680,
    #9681,#9682,#9683,#9684,#9685,#9686,#9687,#9688,#9689,#9690,#9691,
    #9692,#9693,#9694,#9695,#9696,#9697,#9698,#9699,#9700,#9701,#9702,
    #9703,#9704,#9705,#9706,#9707,#9708,#9709,#9710,#9711,#9712,#9713,
    #9714,#9715,#9716,#9717,#9718,#9719,#9720,#9721,#9722,#9723,#9724,
    #9725,#9726,#9727,#9728,#9729,#9730,#9731,#9732,#9733),
  .UNSPECIFIED.,.T.,.F.,(9,7,7,7,7,7,7,7,9),(0.,0.109595725249,
    0.279056708855,0.434792013871,0.542956158812,0.651123545045,
    0.760214035547,0.865317414087,1.),.UNSPECIFIED.);
#9676 = CARTESIAN_POINT('',(1.477397001923,28.949316891978));
#9677 = CARTESIAN_POINT('',(1.473755061975,29.071783657925));
#9678 = CARTESIAN_POINT('',(1.470657312539,29.197668710883));
#9679 = CARTESIAN_POINT('',(1.468090210559,29.326193282816));
#9680 = CARTESIAN_POINT('',(1.466042096303,29.456704749624));
#9681 = CARTESIAN_POINT('',(1.464503618161,29.588646851581));
#9682 = CARTESIAN_POINT('',(1.463468165386,29.72153074714));
#9683 = CARTESIAN_POINT('',(1.462932308754,29.854906900101));
#9684 = CARTESIAN_POINT('',(1.462840492492,30.194653616877));
#9685 = CARTESIAN_POINT('',(1.463979691405,30.400815660116));
#9686 = CARTESIAN_POINT('',(1.466308971966,30.605377290252));
#9687 = CARTESIAN_POINT('',(1.469848538139,30.806733623398));
#9688 = CARTESIAN_POINT('',(1.474637015239,31.002917576472));
#9689 = CARTESIAN_POINT('',(1.480724948077,31.191379364969));
#9690 = CARTESIAN_POINT('',(1.488166691443,31.368698097389));
#9691 = CARTESIAN_POINT('',(1.50513498281,31.678571196144));
#9692 = CARTESIAN_POINT('',(1.51474003405,31.818996416854));
#9693 = CARTESIAN_POINT('',(1.525727226837,31.94089389036));
#9694 = CARTESIAN_POINT('',(1.53787534659,32.035937555429));
#9695 = CARTESIAN_POINT('',(1.550862888262,32.098052754028));
#9696 = CARTESIAN_POINT('',(1.564311653835,32.123521112877));
#9697 = CARTESIAN_POINT('',(1.577815419991,32.111092838959));
#9698 = CARTESIAN_POINT('',(1.600118599862,32.028145830185));
#9699 = CARTESIAN_POINT('',(1.609089503471,31.976551708853));
#9700 = CARTESIAN_POINT('',(1.617786619823,31.907750979892));
#9701 = CARTESIAN_POINT('',(1.626110031309,31.822413036137));
#9702 = CARTESIAN_POINT('',(1.633964506427,31.721469723685));
#9703 = CARTESIAN_POINT('',(1.641261176029,31.606099264479));
#9704 = CARTESIAN_POINT('',(1.64791959588,31.477710916452));
#9705 = CARTESIAN_POINT('',(1.659820973541,31.198145637249));
#9706 = CARTESIAN_POINT('',(1.665065706052,31.04692518624));
#9707 = CARTESIAN_POINT('',(1.669534279062,30.885878658687));
#9708 = CARTESIAN_POINT('',(1.673169074064,30.716787186448));
#9709 = CARTESIAN_POINT('',(1.675925716831,30.541561722986));
#9710 = CARTESIAN_POINT('',(1.677773844515,30.362204116959));
#9711 = CARTESIAN_POINT('',(1.67869789108,30.180770929153));
#9712 = CARTESIAN_POINT('',(1.67869789108,29.816360718351));
#9713 = CARTESIAN_POINT('',(1.677758024735,29.633506276977));
#9714 = CARTESIAN_POINT('',(1.675880420769,29.45183143408));
#9715 = CARTESIAN_POINT('',(1.673052832786,29.272472849374));
#9716 = CARTESIAN_POINT('',(1.669251585799,29.096760663565));
#9717 = CARTESIAN_POINT('',(1.664444580615,28.926344017203));
#9718 = CARTESIAN_POINT('',(1.658594909375,28.76334869333));
#9719 = CARTESIAN_POINT('',(1.644989617442,28.463404764318));
#9720 = CARTESIAN_POINT('',(1.63716349232,28.322459305496));
#9721 = CARTESIAN_POINT('',(1.628200572684,28.19374437538));
#9722 = CARTESIAN_POINT('',(1.618179473729,28.082662901617));
#9723 = CARTESIAN_POINT('',(1.607233260637,27.993974362231));
#9724 = CARTESIAN_POINT('',(1.595539215013,27.931750665261));
#9725 = CARTESIAN_POINT('',(1.583311165403,27.89933999274));
#9726 = CARTESIAN_POINT('',(1.554759441497,27.89933999274));
#9727 = CARTESIAN_POINT('',(1.539362075453,27.95256045194));
#9728 = CARTESIAN_POINT('',(1.525039073141,28.051576770278));
#9729 = CARTESIAN_POINT('',(1.512105955944,28.188713541404));
#9730 = CARTESIAN_POINT('',(1.500791426785,28.355829142386));
#9731 = CARTESIAN_POINT('',(1.491234438773,28.544321558574));
#9732 = CARTESIAN_POINT('',(1.483466139411,28.745231253283));
#9733 = CARTESIAN_POINT('',(1.477397001923,28.949316891978));
#9734 = ( GEOMETRIC_REPRESENTATION_CONTEXT(2) 
PARAMETRIC_REPRESENTATION_CONTEXT() REPRESENTATION_CONTEXT('2D SPACE',''
  ) );
#9735 = PCURVE('',#6900,#9736);
#9736 = DEFINITIONAL_REPRESENTATION('',(#9737),#9796);
#9737 = B_SPLINE_CURVE_WITH_KNOTS('',8,(#9738,#9739,#9740,#9741,#9742,
    #9743,#9744,#9745,#9746,#9747,#9748,#9749,#9750,#9751,#9752,#9753,
    #9754,#9755,#9756,#9757,#9758,#9759,#9760,#9761,#9762,#9763,#9764,
    #9765,#9766,#9767,#9768,#9769,#9770,#9771,#9772,#9773,#9774,#9775,
    #9776,#9777,#9778,#9779,#9780,#9781,#9782,#9783,#9784,#9785,#9786,
    #9787,#9788,#9789,#9790,#9791,#9792,#9793,#9794,#9795),
  .UNSPECIFIED.,.F.,.F.,(9,7,7,7,7,7,7,7,9),(0.,0.109595725249,
    0.279056708855,0.434792013871,0.542956158812,0.651123545045,
    0.760214035547,0.865317414087,1.),.UNSPECIFIED.);
#9738 = CARTESIAN_POINT('',(-8.881784197001E-16,0.584991668502));
#9739 = CARTESIAN_POINT('',(6.733975126426E-02,0.591615046207));
#9740 = CARTESIAN_POINT('',(0.133567106825,0.597543058158));
#9741 = CARTESIAN_POINT('',(0.198891239351,0.602646204704));
#9742 = CARTESIAN_POINT('',(0.263501593571,0.606830263433));
#9743 = CARTESIAN_POINT('',(0.327577491474,0.610029657288));
#9744 = CARTESIAN_POINT('',(0.391295265344,0.612202575633));
#9745 = CARTESIAN_POINT('',(0.454832918601,0.613327848264));
#9746 = CARTESIAN_POINT('',(0.616619289866,0.613520659768));
#9747 = CARTESIAN_POINT('',(0.714734881592,0.611128507105));
#9748 = CARTESIAN_POINT('',(0.813477511931,0.606231804884));
#9749 = CARTESIAN_POINT('',(0.913506707691,0.598938969011));
#9750 = CARTESIAN_POINT('',(1.015487594388,0.589469213406));
#9751 = CARTESIAN_POINT('',(1.120105077734,0.578207354236));
#9752 = CARTESIAN_POINT('',(1.228098251107,0.565771723853));
#9753 = CARTESIAN_POINT('',(1.443654809854,0.541378974883));
#9754 = CARTESIAN_POINT('',(1.5543073239,0.529038759041));
#9755 = CARTESIAN_POINT('',(1.66998173552,0.517115782899));
#9756 = CARTESIAN_POINT('',(1.789179096144,0.507003581543));
#9757 = CARTESIAN_POINT('',(1.910867997311,0.500117444878));
#9758 = CARTESIAN_POINT('',(2.034216528542,0.497337679138));
#9759 = CARTESIAN_POINT('',(2.158508128532,0.498791554313));
#9760 = CARTESIAN_POINT('',(2.36930062774,0.507567872556));
#9761 = CARTESIAN_POINT('',(2.45569567634,0.512959655075));
#9762 = CARTESIAN_POINT('',(2.542085569741,0.519984321663));
#9763 = CARTESIAN_POINT('',(2.628473834412,0.528364243755));
#9764 = CARTESIAN_POINT('',(2.714866073272,0.537726477084));
#9765 = CARTESIAN_POINT('',(2.801265294534,0.54763292874));
#9766 = CARTESIAN_POINT('',(2.887666959252,0.557620138062));
#9767 = CARTESIAN_POINT('',(3.060443124591,0.576877493161));
#9768 = CARTESIAN_POINT('',(3.146843740671,0.586150130198));
#9769 = CARTESIAN_POINT('',(3.233240927123,0.594626973345));
#9770 = CARTESIAN_POINT('',(3.319631860357,0.601888829991));
#9771 = CARTESIAN_POINT('',(3.406020365471,0.607584852257));
#9772 = CARTESIAN_POINT('',(3.492411861361,0.611466379393));
#9773 = CARTESIAN_POINT('',(3.578808447353,0.613406694316));
#9774 = CARTESIAN_POINT('',(3.752337119164,0.613406694316));
#9775 = CARTESIAN_POINT('',(3.839410535262,0.611432991092));
#9776 = CARTESIAN_POINT('',(3.926930851804,0.607489958888));
#9777 = CARTESIAN_POINT('',(4.015357592408,0.601648023123));
#9778 = CARTESIAN_POINT('',(4.105153041048,0.594047886659));
#9779 = CARTESIAN_POINT('',(4.196793934518,0.584925137526));
#9780 = CARTESIAN_POINT('',(4.290792030307,0.574643969508));
#9781 = CARTESIAN_POINT('',(4.481204421444,0.55321246133));
#9782 = CARTESIAN_POINT('',(4.579476123938,0.541874516722));
#9783 = CARTESIAN_POINT('',(4.681617222772,0.530333455815));
#9784 = CARTESIAN_POINT('',(4.787014343138,0.519444683278));
#9785 = CARTESIAN_POINT('',(4.895293599261,0.51019112182));
#9786 = CARTESIAN_POINT('',(5.006245176989,0.503490464055));
#9787 = CARTESIAN_POINT('',(5.119791242505,0.5));
#9788 = CARTESIAN_POINT('',(5.384914393063,0.5));
#9789 = CARTESIAN_POINT('',(5.527891165021,0.505731718816));
#9790 = CARTESIAN_POINT('',(5.66585821772,0.516393680364));
#9791 = CARTESIAN_POINT('',(5.79922014586,0.530361274235));
#9792 = CARTESIAN_POINT('',(5.928064740699,0.54569853902));
#9793 = CARTESIAN_POINT('',(6.052185146621,0.56064385827));
#9794 = CARTESIAN_POINT('',(6.17096648569,0.573954092236));
#9795 = CARTESIAN_POINT('',(6.28318530718,0.584991668502));
#9796 = ( GEOMETRIC_REPRESENTATION_CONTEXT(2) 
PARAMETRIC_REPRESENTATION_CONTEXT() REPRESENTATION_CONTEXT('2D SPACE',''
  ) );
#9797 = ADVANCED_FACE('',(#9798),#2801,.T.);
#9798 = FACE_BOUND('',#9799,.T.);
#9799 = EDGE_LOOP('',(#9800,#9801,#9802,#9803));
#9800 = ORIENTED_EDGE('',*,*,#2875,.F.);
#9801 = ORIENTED_EDGE('',*,*,#9562,.T.);
#9802 = ORIENTED_EDGE('',*,*,#2786,.F.);
#9803 = ORIENTED_EDGE('',*,*,#6422,.F.);
#9804 = ADVANCED_FACE('',(#9805),#2670,.F.);
#9805 = FACE_BOUND('',#9806,.F.);
#9806 = EDGE_LOOP('',(#9807,#9808,#9809,#9810));
#9807 = ORIENTED_EDGE('',*,*,#2655,.F.);
#9808 = ORIENTED_EDGE('',*,*,#9585,.T.);
#9809 = ORIENTED_EDGE('',*,*,#2744,.F.);
#9810 = ORIENTED_EDGE('',*,*,#6491,.F.);
#9811 = ADVANCED_FACE('',(#9812,#9860),#2913,.T.);
#9812 = FACE_BOUND('',#9813,.T.);
#9813 = EDGE_LOOP('',(#9814,#9836,#9837,#9859));
#9814 = ORIENTED_EDGE('',*,*,#9815,.F.);
#9815 = EDGE_CURVE('',#2899,#3035,#9816,.T.);
#9816 = SURFACE_CURVE('',#9817,(#9822,#9829),.PCURVE_S1.);
#9817 = CIRCLE('',#9818,19.5);
#9818 = AXIS2_PLACEMENT_3D('',#9819,#9820,#9821);
#9819 = CARTESIAN_POINT('',(100.,0.,0.));
#9820 = DIRECTION('',(1.,0.,0.));
#9821 = DIRECTION('',(-0.,0.,1.));
#9822 = PCURVE('',#2913,#9823);
#9823 = DEFINITIONAL_REPRESENTATION('',(#9824),#9828);
#9824 = LINE('',#9825,#9826);
#9825 = CARTESIAN_POINT('',(0.,60.));
#9826 = VECTOR('',#9827,1.);
#9827 = DIRECTION('',(1.,0.));
#9828 = ( GEOMETRIC_REPRESENTATION_CONTEXT(2) 
PARAMETRIC_REPRESENTATION_CONTEXT() REPRESENTATION_CONTEXT('2D SPACE',''
  ) );
#9829 = PCURVE('',#3070,#9830);
#9830 = DEFINITIONAL_REPRESENTATION('',(#9831),#9835);
#9831 = CIRCLE('',#9832,19.5);
#9832 = AXIS2_PLACEMENT_2D('',#9833,#9834);
#9833 = CARTESIAN_POINT('',(0.,0.));
#9834 = DIRECTION('',(1.,0.));
#9835 = ( GEOMETRIC_REPRESENTATION_CONTEXT(2) 
PARAMETRIC_REPRESENTATION_CONTEXT() REPRESENTATION_CONTEXT('2D SPACE',''
  ) );
#9836 = ORIENTED_EDGE('',*,*,#2896,.F.);
#9837 = ORIENTED_EDGE('',*,*,#9838,.T.);
#9838 = EDGE_CURVE('',#2897,#3014,#9839,.T.);
#9839 = SURFACE_CURVE('',#9840,(#9845,#9852),.PCURVE_S1.);
#9840 = CIRCLE('',#9841,19.5);
#9841 = AXIS2_PLACEMENT_3D('',#9842,#9843,#9844);
#9842 = CARTESIAN_POINT('',(40.,0.,0.));
#9843 = DIRECTION('',(1.,0.,0.));
#9844 = DIRECTION('',(-0.,0.,1.));
#9845 = PCURVE('',#2913,#9846);
#9846 = DEFINITIONAL_REPRESENTATION('',(#9847),#9851);
#9847 = LINE('',#9848,#9849);
#9848 = CARTESIAN_POINT('',(0.,0.));
#9849 = VECTOR('',#9850,1.);
#9850 = DIRECTION('',(1.,0.));
#9851 = ( GEOMETRIC_REPRESENTATION_CONTEXT(2) 
PARAMETRIC_REPRESENTATION_CONTEXT() REPRESENTATION_CONTEXT('2D SPACE',''
  ) );
#9852 = PCURVE('',#2939,#9853);
#9853 = DEFINITIONAL_REPRESENTATION('',(#9854),#9858);
#9854 = CIRCLE('',#9855,19.5);
#9855 = AXIS2_PLACEMENT_2D('',#9856,#9857);
#9856 = CARTESIAN_POINT('',(0.,0.));
#9857 = DIRECTION('',(1.,0.));
#9858 = ( GEOMETRIC_REPRESENTATION_CONTEXT(2) 
PARAMETRIC_REPRESENTATION_CONTEXT() REPRESENTATION_CONTEXT('2D SPACE',''
  ) );
#9859 = ORIENTED_EDGE('',*,*,#3034,.T.);
#9860 = FACE_BOUND('',#9861,.T.);
#9861 = EDGE_LOOP('',(#9862));
#9862 = ORIENTED_EDGE('',*,*,#9863,.T.);
#9863 = EDGE_CURVE('',#9864,#9864,#9866,.T.);
#9864 = VERTEX_POINT('',#9865);
#9865 = CARTESIAN_POINT('',(72.1,-5.143516556419E-16,-19.5));
#9866 = SURFACE_CURVE('',#9867,(#9918,#9972),.PCURVE_S1.);
#9867 = B_SPLINE_CURVE_WITH_KNOTS('',7,(#9868,#9869,#9870,#9871,#9872,
    #9873,#9874,#9875,#9876,#9877,#9878,#9879,#9880,#9881,#9882,#9883,
    #9884,#9885,#9886,#9887,#9888,#9889,#9890,#9891,#9892,#9893,#9894,
    #9895,#9896,#9897,#9898,#9899,#9900,#9901,#9902,#9903,#9904,#9905,
    #9906,#9907,#9908,#9909,#9910,#9911,#9912,#9913,#9914,#9915,#9916,
    #9917),.UNSPECIFIED.,.T.,.F.,(8,6,6,6,6,6,6,6,8),(0.,0.122675920681,
    0.250005620698,0.377341797173,0.500000857524,0.622688908713,
    0.7500271113,0.877364906406,1.),.UNSPECIFIED.);
#9868 = CARTESIAN_POINT('',(72.1,-1.33226762955E-15,-19.5));
#9869 = CARTESIAN_POINT('',(72.1,0.278902117558,-19.5));
#9870 = CARTESIAN_POINT('',(72.056785769971,0.550347615411,
    -19.49534604792));
#9871 = CARTESIAN_POINT('',(71.974513546831,0.80653100283,
    -19.48648657633));
#9872 = CARTESIAN_POINT('',(71.858840635414,1.040967401937,
    -19.47462405711));
#9873 = CARTESIAN_POINT('',(71.716853920601,1.248733918973,
    -19.46140402263));
#9874 = CARTESIAN_POINT('',(71.556960987171,1.426939647571,
    -19.44828986519));
#9875 = CARTESIAN_POINT('',(71.214167856295,1.729152445086,
    -19.42379670805));
#9876 = CARTESIAN_POINT('',(71.025940401131,1.85497680487,
    -19.41216770068));
#9877 = CARTESIAN_POINT('',(70.82856548792,1.953919220609,
    -19.40222290506));
#9878 = CARTESIAN_POINT('',(70.625168227514,2.027184964419,
    -19.39448088218));
#9879 = CARTESIAN_POINT('',(70.418063500495,2.075708010212,
    -19.38922464979));
#9880 = CARTESIAN_POINT('',(70.2091085347,2.1,-19.38659330568));
#9881 = CARTESIAN_POINT('',(69.79088082927,2.1,-19.38659330568));
#9882 = CARTESIAN_POINT('',(69.581928102559,2.075705584299,
    -19.38922490998));
#9883 = CARTESIAN_POINT('',(69.374829444608,2.027182835401,
    -19.39448111979));
#9884 = CARTESIAN_POINT('',(69.17143626866,1.953919436667,
    -19.40222283396));
#9885 = CARTESIAN_POINT('',(68.974061341099,1.854978331899,
    -19.41216757896));
#9886 = CARTESIAN_POINT('',(68.785832074557,1.729152384124,
    -19.42379671299));
#9887 = CARTESIAN_POINT('',(68.443070751308,1.426967628804,
    -19.44828759742));
#9888 = CARTESIAN_POINT('',(68.283164121747,1.248763916936,
    -19.46140209608));
#9889 = CARTESIAN_POINT('',(68.141149983054,1.04097202162,-19.474624514)
  );
#9890 = CARTESIAN_POINT('',(68.025460337239,0.806494397056,
    -19.48648938172));
#9891 = CARTESIAN_POINT('',(67.943193803947,0.55027699391,-19.4953482503
    ));
#9892 = CARTESIAN_POINT('',(67.9,0.27883621378,-19.5));
#9893 = CARTESIAN_POINT('',(67.9,-0.278902117558,-19.5));
#9894 = CARTESIAN_POINT('',(67.943214230029,-0.550347615411,
    -19.49534604792));
#9895 = CARTESIAN_POINT('',(68.025486453169,-0.80653100283,
    -19.48648657633));
#9896 = CARTESIAN_POINT('',(68.141159364586,-1.040967401936,
    -19.47462405711));
#9897 = CARTESIAN_POINT('',(68.283146079399,-1.248733918973,
    -19.46140402263));
#9898 = CARTESIAN_POINT('',(68.443039012829,-1.426939647571,
    -19.44828986519));
#9899 = CARTESIAN_POINT('',(68.785826538873,-1.729147503762,
    -19.42379710852));
#9900 = CARTESIAN_POINT('',(68.974058687829,-1.85497854779,
    -19.41216765124));
#9901 = CARTESIAN_POINT('',(69.171440370911,-1.953922489121,
    -19.40222249891));
#9902 = CARTESIAN_POINT('',(69.37483644392,-2.027184658533,
    -19.39448092167));
#9903 = CARTESIAN_POINT('',(69.581932141762,-2.075705408627,
    -19.3892249297));
#9904 = CARTESIAN_POINT('',(69.790880166596,-2.1,-19.38659330568));
#9905 = CARTESIAN_POINT('',(70.209119164221,-2.1,-19.38659330568));
#9906 = CARTESIAN_POINT('',(70.418071913361,-2.075705585949,
    -19.38922490987));
#9907 = CARTESIAN_POINT('',(70.625170543872,-2.027182827586,
    -19.39448112039));
#9908 = CARTESIAN_POINT('',(70.828563725615,-1.953919451359,
    -19.40222283277));
#9909 = CARTESIAN_POINT('',(71.025938671637,-1.854978318704,
    -19.41216758005));
#9910 = CARTESIAN_POINT('',(71.214167919745,-1.729152389148,
    -19.42379671258));
#9911 = CARTESIAN_POINT('',(71.556894256746,-1.426998478355,
    -19.44828509719));
#9912 = CARTESIAN_POINT('',(71.716825415439,-1.24878863917,
    -19.46140064074));
#9913 = CARTESIAN_POINT('',(71.858869768592,-1.040961408683,
    -19.4746260573));
#9914 = CARTESIAN_POINT('',(71.974570238079,-0.806441100207,
    -19.48649269661));
#9915 = CARTESIAN_POINT('',(72.056825588901,-0.550199671417,
    -19.49535033335));
#9916 = CARTESIAN_POINT('',(72.1,-0.278773611405,-19.5));
#9917 = CARTESIAN_POINT('',(72.1,-1.33226762955E-15,-19.5));
#9918 = PCURVE('',#2913,#9919);
#9919 = DEFINITIONAL_REPRESENTATION('',(#9920),#9971);
#9920 = B_SPLINE_CURVE_WITH_KNOTS('',7,(#9921,#9922,#9923,#9924,#9925,
    #9926,#9927,#9928,#9929,#9930,#9931,#9932,#9933,#9934,#9935,#9936,
    #9937,#9938,#9939,#9940,#9941,#9942,#9943,#9944,#9945,#9946,#9947,
    #9948,#9949,#9950,#9951,#9952,#9953,#9954,#9955,#9956,#9957,#9958,
    #9959,#9960,#9961,#9962,#9963,#9964,#9965,#9966,#9967,#9968,#9969,
    #9970),.UNSPECIFIED.,.T.,.F.,(8,6,6,6,6,6,6,6,8),(0.,0.122675920681,
    0.250005620698,0.377341797173,0.500000857524,0.622688908713,
    0.7500271113,0.877364906406,1.),.UNSPECIFIED.);
#9921 = CARTESIAN_POINT('',(3.14159265359,32.1));
#9922 = CARTESIAN_POINT('',(3.155895326285,32.1));
#9923 = CARTESIAN_POINT('',(3.169815613649,32.056785769971));
#9924 = CARTESIAN_POINT('',(3.182957971702,31.974513546831));
#9925 = CARTESIAN_POINT('',(3.194993629347,31.858840635414));
#9926 = CARTESIAN_POINT('',(3.205669016365,31.716853920601));
#9927 = CARTESIAN_POINT('',(3.214832227365,31.556960987171));
#9928 = CARTESIAN_POINT('',(3.230381135567,31.214167856295));
#9929 = CARTESIAN_POINT('',(3.236860753866,31.025940401131));
#9930 = CARTESIAN_POINT('',(3.241960149299,30.82856548792));
#9931 = CARTESIAN_POINT('',(3.245738268331,30.625168227514));
#9932 = CARTESIAN_POINT('',(3.248241187856,30.418063500495));
#9933 = CARTESIAN_POINT('',(3.249494217875,30.2091085347));
#9934 = CARTESIAN_POINT('',(3.249494217875,29.79088082927));
#9935 = CARTESIAN_POINT('',(3.248241062749,29.581928102559));
#9936 = CARTESIAN_POINT('',(3.245738158453,29.374829444608));
#9937 = CARTESIAN_POINT('',(3.241960160709,29.17143626866));
#9938 = CARTESIAN_POINT('',(3.236860832402,28.974061341099));
#9939 = CARTESIAN_POINT('',(3.230381132431,28.785832074557));
#9940 = CARTESIAN_POINT('',(3.214833667005,28.443070751308));
#9941 = CARTESIAN_POINT('',(3.20567055781,28.283164121747));
#9942 = CARTESIAN_POINT('',(3.194993863507,28.141149983054));
#9943 = CARTESIAN_POINT('',(3.182956090914,28.025460337239));
#9944 = CARTESIAN_POINT('',(3.169811992022,27.943193803947));
#9945 = CARTESIAN_POINT('',(3.155891946604,27.9));
#9946 = CARTESIAN_POINT('',(3.127289980895,27.9));
#9947 = CARTESIAN_POINT('',(3.11336969353,27.943214230029));
#9948 = CARTESIAN_POINT('',(3.100227335478,28.025486453169));
#9949 = CARTESIAN_POINT('',(3.088191677832,28.141159364586));
#9950 = CARTESIAN_POINT('',(3.077516290814,28.283146079399));
#9951 = CARTESIAN_POINT('',(3.068353079815,28.443039012829));
#9952 = CARTESIAN_POINT('',(3.052804425844,28.785826538873));
#9953 = CARTESIAN_POINT('',(3.046324464048,28.974058687829));
#9954 = CARTESIAN_POINT('',(3.041224989091,29.171440370911));
#9955 = CARTESIAN_POINT('',(3.037447054625,29.37483644392));
#9956 = CARTESIAN_POINT('',(3.034944253515,29.581932141762));
#9957 = CARTESIAN_POINT('',(3.033691089305,29.790880166596));
#9958 = CARTESIAN_POINT('',(3.033691089305,30.209119164221));
#9959 = CARTESIAN_POINT('',(3.034944244346,30.418071913361));
#9960 = CARTESIAN_POINT('',(3.037447149129,30.625170543872));
#9961 = CARTESIAN_POINT('',(3.041225145714,30.828563725614));
#9962 = CARTESIAN_POINT('',(3.046324475456,31.025938671637));
#9963 = CARTESIAN_POINT('',(3.05280417449,31.214167919745));
#9964 = CARTESIAN_POINT('',(3.06835005296,31.556894256746));
#9965 = CARTESIAN_POINT('',(3.077513479666,31.716825415439));
#9966 = CARTESIAN_POINT('',(3.088191992212,31.858869768592));
#9967 = CARTESIAN_POINT('',(3.100231953032,31.974570238079));
#9968 = CARTESIAN_POINT('',(3.113377280304,32.056825588901));
#9969 = CARTESIAN_POINT('',(3.127296570954,32.1));
#9970 = CARTESIAN_POINT('',(3.14159265359,32.1));
#9971 = ( GEOMETRIC_REPRESENTATION_CONTEXT(2) 
PARAMETRIC_REPRESENTATION_CONTEXT() REPRESENTATION_CONTEXT('2D SPACE',''
  ) );
#9972 = PCURVE('',#7821,#9973);
#9973 = DEFINITIONAL_REPRESENTATION('',(#9974),#10025);
#9974 = B_SPLINE_CURVE_WITH_KNOTS('',7,(#9975,#9976,#9977,#9978,#9979,
    #9980,#9981,#9982,#9983,#9984,#9985,#9986,#9987,#9988,#9989,#9990,
    #9991,#9992,#9993,#9994,#9995,#9996,#9997,#9998,#9999,#10000,#10001,
    #10002,#10003,#10004,#10005,#10006,#10007,#10008,#10009,#10010,
    #10011,#10012,#10013,#10014,#10015,#10016,#10017,#10018,#10019,
    #10020,#10021,#10022,#10023,#10024),.UNSPECIFIED.,.F.,.F.,(8,6,6,6,6
    ,6,6,6,8),(0.,0.122675920681,0.250005620698,0.377341797173,
    0.500000857524,0.622688908713,0.7500271113,0.877364906406,1.),
  .UNSPECIFIED.);
#9975 = CARTESIAN_POINT('',(0.,0.5));
#9976 = CARTESIAN_POINT('',(0.132810532171,0.5));
#9977 = CARTESIAN_POINT('',(0.262070197497,0.504653952073));
#9978 = CARTESIAN_POINT('',(0.387888855732,0.513513423668));
#9979 = CARTESIAN_POINT('',(0.510083374302,0.525375942887));
#9980 = CARTESIAN_POINT('',(0.628216337184,0.538595977361));
#9981 = CARTESIAN_POINT('',(0.741448325317,0.551710134805));
#9982 = CARTESIAN_POINT('',(0.959062530513,0.576203291949));
#9983 = CARTESIAN_POINT('',(1.06592010747,0.58783229932));
#9984 = CARTESIAN_POINT('',(1.169802419939,0.597777094939));
#9985 = CARTESIAN_POINT('',(1.271483960506,0.605519117816));
#9986 = CARTESIAN_POINT('',(1.371718624358,0.610775350201));
#9987 = CARTESIAN_POINT('',(1.471220834081,0.613406694316));
#9988 = CARTESIAN_POINT('',(1.670376884285,0.613406694316));
#9989 = CARTESIAN_POINT('',(1.769878012835,0.610775090017));
#9990 = CARTESIAN_POINT('',(1.870110067882,0.60551888021));
#9991 = CARTESIAN_POINT('',(1.971789507805,0.597777166036));
#9992 = CARTESIAN_POINT('',(2.075671450947,0.587832421032));
#9993 = CARTESIAN_POINT('',(2.182530166974,0.576203287008));
#9994 = CARTESIAN_POINT('',(2.400124179842,0.551712402574));
#9995 = CARTESIAN_POINT('',(2.513360428877,0.538597903912));
#9996 = CARTESIAN_POINT('',(2.631510028724,0.525375485991));
#9997 = CARTESIAN_POINT('',(2.753723905798,0.51351061828));
#9998 = CARTESIAN_POINT('',(2.879556092487,0.504651749699));
#9999 = CARTESIAN_POINT('',(3.008813504171,0.5));
#10000 = CARTESIAN_POINT('',(3.27440318576,0.5));
#10001 = CARTESIAN_POINT('',(3.403662851087,0.504653952073));
#10002 = CARTESIAN_POINT('',(3.529481509322,0.513513423668));
#10003 = CARTESIAN_POINT('',(3.651676027891,0.525375942887));
#10004 = CARTESIAN_POINT('',(3.769808990774,0.538595977361));
#10005 = CARTESIAN_POINT('',(3.883040978907,0.551710134805));
#10006 = CARTESIAN_POINT('',(4.100651626007,0.576202891474));
#10007 = CARTESIAN_POINT('',(4.207512973994,0.587832348754));
#10008 = CARTESIAN_POINT('',(4.311398027072,0.59777750109));
#10009 = CARTESIAN_POINT('',(4.413078583171,0.60551907833));
#10010 = CARTESIAN_POINT('',(4.513309207389,0.6107750703));
#10011 = CARTESIAN_POINT('',(4.612808107335,0.613406694316));
#10012 = CARTESIAN_POINT('',(4.811969534776,0.613406694316));
#10013 = CARTESIAN_POINT('',(4.911470673616,0.61077509013));
#10014 = CARTESIAN_POINT('',(5.011702717505,0.605518879604));
#10015 = CARTESIAN_POINT('',(5.11338215605,0.597777167229));
#10016 = CARTESIAN_POINT('',(5.217264112911,0.587832419949));
#10017 = CARTESIAN_POINT('',(5.324122816946,0.576203287415));
#10018 = CARTESIAN_POINT('',(5.541694619612,0.551714902809));
#10019 = CARTESIAN_POINT('',(5.654941569716,0.538599359254));
#10020 = CARTESIAN_POINT('',(5.773111795479,0.525373942697));
#10021 = CARTESIAN_POINT('',(5.895344483814,0.513507303384));
#10022 = CARTESIAN_POINT('',(6.021185572061,0.504649666641));
#10023 = CARTESIAN_POINT('',(6.150435968415,0.5));
#10024 = CARTESIAN_POINT('',(6.28318530718,0.5));
#10025 = ( GEOMETRIC_REPRESENTATION_CONTEXT(2) 
PARAMETRIC_REPRESENTATION_CONTEXT() REPRESENTATION_CONTEXT('2D SPACE',''
  ) );
#10026 = ADVANCED_FACE('',(#10027),#3070,.T.);
#10027 = FACE_BOUND('',#10028,.T.);
#10028 = EDGE_LOOP('',(#10029,#10030,#10031,#10032));
#10029 = ORIENTED_EDGE('',*,*,#3144,.F.);
#10030 = ORIENTED_EDGE('',*,*,#9815,.T.);
#10031 = ORIENTED_EDGE('',*,*,#3055,.F.);
#10032 = ORIENTED_EDGE('',*,*,#7686,.F.);
#10033 = ADVANCED_FACE('',(#10034),#2939,.F.);
#10034 = FACE_BOUND('',#10035,.F.);
#10035 = EDGE_LOOP('',(#10036,#10037,#10038,#10039));
#10036 = ORIENTED_EDGE('',*,*,#2924,.F.);
#10037 = ORIENTED_EDGE('',*,*,#9838,.T.);
#10038 = ORIENTED_EDGE('',*,*,#3013,.F.);
#10039 = ORIENTED_EDGE('',*,*,#7501,.F.);
#10040 = ADVANCED_FACE('',(#10041,#10089),#3182,.T.);
#10041 = FACE_BOUND('',#10042,.T.);
#10042 = EDGE_LOOP('',(#10043,#10065,#10066,#10088));
#10043 = ORIENTED_EDGE('',*,*,#10044,.F.);
#10044 = EDGE_CURVE('',#3168,#3304,#10045,.T.);
#10045 = SURFACE_CURVE('',#10046,(#10051,#10058),.PCURVE_S1.);
#10046 = CIRCLE('',#10047,19.5);
#10047 = AXIS2_PLACEMENT_3D('',#10048,#10049,#10050);
#10048 = CARTESIAN_POINT('',(50.,86.6,0.));
#10049 = DIRECTION('',(0.500011000363,0.866019052629,0.));
#10050 = DIRECTION('',(0.866019052629,-0.500011000363,0.));
#10051 = PCURVE('',#3182,#10052);
#10052 = DEFINITIONAL_REPRESENTATION('',(#10053),#10057);
#10053 = LINE('',#10054,#10055);
#10054 = CARTESIAN_POINT('',(0.,59.99867998548));
#10055 = VECTOR('',#10056,1.);
#10056 = DIRECTION('',(1.,0.));
#10057 = ( GEOMETRIC_REPRESENTATION_CONTEXT(2) 
PARAMETRIC_REPRESENTATION_CONTEXT() REPRESENTATION_CONTEXT('2D SPACE',''
  ) );
#10058 = PCURVE('',#3339,#10059);
#10059 = DEFINITIONAL_REPRESENTATION('',(#10060),#10064);
#10060 = CIRCLE('',#10061,19.5);
#10061 = AXIS2_PLACEMENT_2D('',#10062,#10063);
#10062 = CARTESIAN_POINT('',(0.,0.));
#10063 = DIRECTION('',(1.,0.));
#10064 = ( GEOMETRIC_REPRESENTATION_CONTEXT(2) 
PARAMETRIC_REPRESENTATION_CONTEXT() REPRESENTATION_CONTEXT('2D SPACE',''
  ) );
#10065 = ORIENTED_EDGE('',*,*,#3165,.F.);
#10066 = ORIENTED_EDGE('',*,*,#10067,.T.);
#10067 = EDGE_CURVE('',#3166,#3283,#10068,.T.);
#10068 = SURFACE_CURVE('',#10069,(#10074,#10081),.PCURVE_S1.);
#10069 = CIRCLE('',#10070,19.5);
#10070 = AXIS2_PLACEMENT_3D('',#10071,#10072,#10073);
#10071 = CARTESIAN_POINT('',(20.,34.64,0.));
#10072 = DIRECTION('',(0.500011000363,0.866019052629,0.));
#10073 = DIRECTION('',(0.866019052629,-0.500011000363,0.));
#10074 = PCURVE('',#3182,#10075);
#10075 = DEFINITIONAL_REPRESENTATION('',(#10076),#10080);
#10076 = LINE('',#10077,#10078);
#10077 = CARTESIAN_POINT('',(0.,0.));
#10078 = VECTOR('',#10079,1.);
#10079 = DIRECTION('',(1.,0.));
#10080 = ( GEOMETRIC_REPRESENTATION_CONTEXT(2) 
PARAMETRIC_REPRESENTATION_CONTEXT() REPRESENTATION_CONTEXT('2D SPACE',''
  ) );
#10081 = PCURVE('',#3208,#10082);
#10082 = DEFINITIONAL_REPRESENTATION('',(#10083),#10087);
#10083 = CIRCLE('',#10084,19.5);
#10084 = AXIS2_PLACEMENT_2D('',#10085,#10086);
#10085 = CARTESIAN_POINT('',(0.,0.));
#10086 = DIRECTION('',(1.,0.));
#10087 = ( GEOMETRIC_REPRESENTATION_CONTEXT(2) 
PARAMETRIC_REPRESENTATION_CONTEXT() REPRESENTATION_CONTEXT('2D SPACE',''
  ) );
#10088 = ORIENTED_EDGE('',*,*,#3303,.T.);
#10089 = FACE_BOUND('',#10090,.T.);
#10090 = EDGE_LOOP('',(#10091));
#10091 = ORIENTED_EDGE('',*,*,#10092,.T.);
#10092 = EDGE_CURVE('',#10093,#10093,#10095,.T.);
#10093 = VERTEX_POINT('',#10094);
#10094 = CARTESIAN_POINT('',(37.1,60.62,-19.41500833149));
#10095 = SURFACE_CURVE('',#10096,(#10155,#10217),.PCURVE_S1.);
#10096 = B_SPLINE_CURVE_WITH_KNOTS('',8,(#10097,#10098,#10099,#10100,
    #10101,#10102,#10103,#10104,#10105,#10106,#10107,#10108,#10109,
    #10110,#10111,#10112,#10113,#10114,#10115,#10116,#10117,#10118,
    #10119,#10120,#10121,#10122,#10123,#10124,#10125,#10126,#10127,
    #10128,#10129,#10130,#10131,#10132,#10133,#10134,#10135,#10136,
    #10137,#10138,#10139,#10140,#10141,#10142,#10143,#10144,#10145,
    #10146,#10147,#10148,#10149,#10150,#10151,#10152,#10153,#10154),
  .UNSPECIFIED.,.T.,.F.,(9,7,7,7,7,7,7,7,9),(0.,0.125031864621,
    0.238068189428,0.336838791953,0.429952460261,0.579068919949,
    0.700312025059,0.839047762359,1.),.UNSPECIFIED.);
#10097 = CARTESIAN_POINT('',(37.1,60.62,-19.41500833149));
#10098 = CARTESIAN_POINT('',(37.1,60.811248866232,-19.42396584741));
#10099 = CARTESIAN_POINT('',(37.080094976384,61.008568964943,
    -19.43427937502));
#10100 = CARTESIAN_POINT('',(37.038071321375,61.209574342767,
    -19.445615223));
#10101 = CARTESIAN_POINT('',(36.971957477818,61.411409979991,
    -19.45745561663));
#10102 = CARTESIAN_POINT('',(36.880042975097,61.610731744282,
    -19.46910287304));
#10103 = CARTESIAN_POINT('',(36.760918591565,61.803642517114,
    -19.4797028484));
#10104 = CARTESIAN_POINT('',(36.613568958732,61.98554030124,
    -19.48832088051));
#10105 = CARTESIAN_POINT('',(36.278416224125,62.300269668032,
    -19.49933124145));
#10106 = CARTESIAN_POINT('',(36.099410662046,62.432790195171,
    -19.50212409388));
#10107 = CARTESIAN_POINT('',(35.903911072423,62.543566144258,
    -19.50197486239));
#10108 = CARTESIAN_POINT('',(35.696667700368,62.629245149259,
    -19.49870254971));
#10109 = CARTESIAN_POINT('',(35.483352607043,62.688122917587,
    -19.49261482794));
#10110 = CARTESIAN_POINT('',(35.270092349168,62.720347155015,
    -19.48442793641));
#10111 = CARTESIAN_POINT('',(35.063052041012,62.728118961629,
    -19.47505064154));
#10112 = CARTESIAN_POINT('',(34.697826615875,62.705140925534,
    -19.45685291004));
#10113 = CARTESIAN_POINT('',(34.53365067885,62.678932214252,
    -19.44795611286));
#10114 = CARTESIAN_POINT('',(34.376538087274,62.638965628664,
    -19.43902644566));
#10115 = CARTESIAN_POINT('',(34.227114682471,62.586757378685,
    -19.43037882299));
#10116 = CARTESIAN_POINT('',(34.085797149098,62.523627535477,
    -19.42226526661));
#10117 = CARTESIAN_POINT('',(33.952865259888,62.450718654246,
    -19.41487911927));
#10118 = CARTESIAN_POINT('',(33.828515373764,62.369009735671,
    -19.40836338716));
#10119 = CARTESIAN_POINT('',(33.603896969091,62.194777841361,
    -19.39760033949));
#10120 = CARTESIAN_POINT('',(33.502587193759,62.103087920735,
    -19.39324094352));
#10121 = CARTESIAN_POINT('',(33.409085248893,62.004912182263,
    -19.38983336165));
#10122 = CARTESIAN_POINT('',(33.323514914428,61.90080520389,
    -19.3874372238));
#10123 = CARTESIAN_POINT('',(33.24602074936,61.791241696626,
    -19.38608848471));
#10124 = CARTESIAN_POINT('',(33.176784515993,61.676637934087,
    -19.385802425));
#10125 = CARTESIAN_POINT('',(33.116041641765,61.5573726383,
    -19.38657461961));
#10126 = CARTESIAN_POINT('',(32.980912359689,61.235924208862,
    -19.39127088981));
#10127 = CARTESIAN_POINT('',(32.920334550541,61.027111272851,
    -19.39680960411));
#10128 = CARTESIAN_POINT('',(32.883516740539,60.808729087618,
    -19.40489126886));
#10129 = CARTESIAN_POINT('',(32.872269312778,60.582209751147,
    -19.41527665216));
#10130 = CARTESIAN_POINT('',(32.889001134337,60.349459491443,
    -19.42756231551));
#10131 = CARTESIAN_POINT('',(32.936679070836,60.113130786828,
    -19.44108570996));
#10132 = CARTESIAN_POINT('',(33.018748908323,59.877051930015,
    -19.45484423109));
#10133 = CARTESIAN_POINT('',(33.236701054186,59.460135028392,
    -19.47780347838));
#10134 = CARTESIAN_POINT('',(33.36187740113,59.27297204566,
    -19.48760960749));
#10135 = CARTESIAN_POINT('',(33.51533365059,59.095180609258,
    -19.49581904188));
#10136 = CARTESIAN_POINT('',(33.695026449398,58.934921032997,
    -19.50130012016));
#10137 = CARTESIAN_POINT('',(33.896459187359,58.79871078819,
    -19.5032201896));
#10138 = CARTESIAN_POINT('',(34.113368896689,58.690997795722,
    -19.50144742209));
#10139 = CARTESIAN_POINT('',(34.338327284926,58.613730615771,
    -19.49648455344));
#10140 = CARTESIAN_POINT('',(34.820858458319,58.511159042526,
    -19.48086257098));
#10141 = CARTESIAN_POINT('',(35.074043640891,58.495897196861,
    -19.46962741435));
#10142 = CARTESIAN_POINT('',(35.317608835193,58.5148699544,
    -19.45676261586));
#10143 = CARTESIAN_POINT('',(35.548135832286,58.563356147647,
    -19.44348903365));
#10144 = CARTESIAN_POINT('',(35.763327478853,58.637107611365,
    -19.43078449503));
#10145 = CARTESIAN_POINT('',(35.961657270816,58.732331169,
    -19.41935282778));
#10146 = CARTESIAN_POINT('',(36.142197665761,58.845678913976,
    -19.40966750014));
#10147 = CARTESIAN_POINT('',(36.492553842633,59.12336055211,
    -19.39310578497));
#10148 = CARTESIAN_POINT('',(36.657148850736,59.293844481992,
    -19.38687476348));
#10149 = CARTESIAN_POINT('',(36.797757449137,59.482308590116,
    -19.38374513296));
#10150 = CARTESIAN_POINT('',(36.913744260191,59.686388373536,
    -19.3839074978));
#10151 = CARTESIAN_POINT('',(37.004014420785,59.904155737714,
    -19.38738110795));
#10152 = CARTESIAN_POINT('',(37.066892856748,60.133809118321,
    -19.39401921196));
#10153 = CARTESIAN_POINT('',(37.1,60.373353418976,-19.40345615491));
#10154 = CARTESIAN_POINT('',(37.1,60.62,-19.41500833149));
#10155 = PCURVE('',#3182,#10156);
#10156 = DEFINITIONAL_REPRESENTATION('',(#10157),#10216);
#10157 = B_SPLINE_CURVE_WITH_KNOTS('',8,(#10158,#10159,#10160,#10161,
    #10162,#10163,#10164,#10165,#10166,#10167,#10168,#10169,#10170,
    #10171,#10172,#10173,#10174,#10175,#10176,#10177,#10178,#10179,
    #10180,#10181,#10182,#10183,#10184,#10185,#10186,#10187,#10188,
    #10189,#10190,#10191,#10192,#10193,#10194,#10195,#10196,#10197,
    #10198,#10199,#10200,#10201,#10202,#10203,#10204,#10205,#10206,
    #10207,#10208,#10209,#10210,#10211,#10212,#10213,#10214,#10215),
  .UNSPECIFIED.,.T.,.F.,(9,7,7,7,7,7,7,7,9),(0.,0.125031864621,
    0.238068189428,0.336838791953,0.429952460261,0.579068919949,
    0.700312025059,0.839047762359,1.),.UNSPECIFIED.);
#10158 = CARTESIAN_POINT('',(1.477397001923,31.049363093502));
#10159 = CARTESIAN_POINT('',(1.482322394449,31.214988255453));
#10160 = CARTESIAN_POINT('',(1.48828942586,31.375918489633));
#10161 = CARTESIAN_POINT('',(1.495333636316,31.528980686729));
#10162 = CARTESIAN_POINT('',(1.503467380573,31.67071654501));
#10163 = CARTESIAN_POINT('',(1.51267868169,31.797374728036));
#10164 = CARTESIAN_POINT('',(1.522928634018,31.904875630588));
#10165 = CARTESIAN_POINT('',(1.534144237783,31.988726139957));
#10166 = CARTESIAN_POINT('',(1.557105888745,32.093707713915));
#10167 = CARTESIAN_POINT('',(1.568453880271,32.118968265116));
#10168 = CARTESIAN_POINT('',(1.579975007132,32.11715040222));
#10169 = CARTESIAN_POINT('',(1.591374951647,32.087726087182));
#10170 = CARTESIAN_POINT('',(1.602360894388,32.032055463125));
#10171 = CARTESIAN_POINT('',(1.612665959404,31.953329791814));
#10172 = CARTESIAN_POINT('',(1.622072111747,31.85653789282));
#10173 = CARTESIAN_POINT('',(1.637730863271,31.654021745589));
#10174 = CARTESIAN_POINT('',(1.644365511262,31.549234727766));
#10175 = CARTESIAN_POINT('',(1.650335573095,31.436064879095));
#10176 = CARTESIAN_POINT('',(1.65565128432,31.316138193796));
#10177 = CARTESIAN_POINT('',(1.660327066296,31.190806225558));
#10178 = CARTESIAN_POINT('',(1.664378935364,31.061198338401));
#10179 = CARTESIAN_POINT('',(1.667822557191,30.92826054719));
#10180 = CARTESIAN_POINT('',(1.673358141012,30.665060733922));
#10181 = CARTESIAN_POINT('',(1.675517943422,30.534999513615));
#10182 = CARTESIAN_POINT('',(1.677162402531,30.403225452604));
#10183 = CARTESIAN_POINT('',(1.678299875536,30.270280717284));
#10184 = CARTESIAN_POINT('',(1.678935877325,30.136648697523));
#10185 = CARTESIAN_POINT('',(1.6790729074,30.002780777354));
#10186 = CARTESIAN_POINT('',(1.678710254218,29.869122653577));
#10187 = CARTESIAN_POINT('',(1.676456160879,29.523176061737));
#10188 = CARTESIAN_POINT('',(1.673777099967,29.312050509764));
#10189 = CARTESIAN_POINT('',(1.669790973982,29.104518066588));
#10190 = CARTESIAN_POINT('',(1.664455601828,28.902724167809));
#10191 = CARTESIAN_POINT('',(1.65771525269,28.709524103237));
#10192 = CARTESIAN_POINT('',(1.649509397944,28.52869843508));
#10193 = CARTESIAN_POINT('',(1.639786586095,28.3652854687));
#10194 = CARTESIAN_POINT('',(1.619382651462,28.113205959015));
#10195 = CARTESIAN_POINT('',(1.609012503023,28.01370880048));
#10196 = CARTESIAN_POINT('',(1.597631945662,27.936467841966));
#10197 = CARTESIAN_POINT('',(1.585541408387,27.887528371648));
#10198 = CARTESIAN_POINT('',(1.573105424315,27.870286289295));
#10199 = CARTESIAN_POINT('',(1.560711933395,27.885462026353));
#10200 = CARTESIAN_POINT('',(1.54873816448,27.931028845115));
#10201 = CARTESIAN_POINT('',(1.524664927729,28.083470803141));
#10202 = CARTESIAN_POINT('',(1.513016599217,28.196849130431));
#10203 = CARTESIAN_POINT('',(1.502666574912,28.335065176398));
#10204 = CARTESIAN_POINT('',(1.493647062822,28.492321177966));
#10205 = CARTESIAN_POINT('',(1.485953983302,28.663789541175));
#10206 = CARTESIAN_POINT('',(1.479560818502,28.845422034028));
#10207 = CARTESIAN_POINT('',(1.474425164422,29.033855524232));
#10208 = CARTESIAN_POINT('',(1.465942984941,29.449515055902));
#10209 = CARTESIAN_POINT('',(1.462987364875,29.679456702004));
#10210 = CARTESIAN_POINT('',(1.461566178397,29.912976056321));
#10211 = CARTESIAN_POINT('',(1.461648385,30.147707718443));
#10212 = CARTESIAN_POINT('',(1.463233359664,30.381434478164));
#10213 = CARTESIAN_POINT('',(1.466348164692,30.611758590937));
#10214 = CARTESIAN_POINT('',(1.471044905565,30.83576245507));
#10215 = CARTESIAN_POINT('',(1.477397001923,31.049363093502));
#10216 = ( GEOMETRIC_REPRESENTATION_CONTEXT(2) 
PARAMETRIC_REPRESENTATION_CONTEXT() REPRESENTATION_CONTEXT('2D SPACE',''
  ) );
#10217 = PCURVE('',#8728,#10218);
#10218 = DEFINITIONAL_REPRESENTATION('',(#10219),#10278);
#10219 = B_SPLINE_CURVE_WITH_KNOTS('',8,(#10220,#10221,#10222,#10223,
    #10224,#10225,#10226,#10227,#10228,#10229,#10230,#10231,#10232,
    #10233,#10234,#10235,#10236,#10237,#10238,#10239,#10240,#10241,
    #10242,#10243,#10244,#10245,#10246,#10247,#10248,#10249,#10250,
    #10251,#10252,#10253,#10254,#10255,#10256,#10257,#10258,#10259,
    #10260,#10261,#10262,#10263,#10264,#10265,#10266,#10267,#10268,
    #10269,#10270,#10271,#10272,#10273,#10274,#10275,#10276,#10277),
  .UNSPECIFIED.,.F.,.F.,(9,7,7,7,7,7,7,7,9),(0.,0.125031864621,
    0.238068189428,0.336838791953,0.429952460261,0.579068919949,
    0.700312025059,0.839047762359,1.),.UNSPECIFIED.);
#10220 = CARTESIAN_POINT('',(8.881784197001E-16,0.584991668502));
#10221 = CARTESIAN_POINT('',(9.107088868181E-02,0.576034152587));
#10222 = CARTESIAN_POINT('',(0.185032458412,0.565720624974));
#10223 = CARTESIAN_POINT('',(0.281901727531,0.554384776996));
#10224 = CARTESIAN_POINT('',(0.381771759848,0.542544383368));
#10225 = CARTESIAN_POINT('',(0.48483715398,0.530897126953));
#10226 = CARTESIAN_POINT('',(0.59138737011,0.520297151594));
#10227 = CARTESIAN_POINT('',(0.701831000479,0.511679119481));
#10228 = CARTESIAN_POINT('',(0.920765717675,0.500668758541));
#10229 = CARTESIAN_POINT('',(1.026101595959,0.497875906116));
#10230 = CARTESIAN_POINT('',(1.131787967549,0.498025137601));
#10231 = CARTESIAN_POINT('',(1.236982040189,0.501297450289));
#10232 = CARTESIAN_POINT('',(1.340853019163,0.507385172058));
#10233 = CARTESIAN_POINT('',(1.442465220117,0.515572063586));
#10234 = CARTESIAN_POINT('',(1.540629366989,0.524949358451));
#10235 = CARTESIAN_POINT('',(1.714890099853,0.543147089959));
#10236 = CARTESIAN_POINT('',(1.793698981339,0.552043887136));
#10237 = CARTESIAN_POINT('',(1.870378219669,0.560973554333));
#10238 = CARTESIAN_POINT('',(1.945199743127,0.569621177001));
#10239 = CARTESIAN_POINT('',(2.018404046874,0.577734733389));
#10240 = CARTESIAN_POINT('',(2.090215333195,0.585120880724));
#10241 = CARTESIAN_POINT('',(2.160851758068,0.591636612837));
#10242 = CARTESIAN_POINT('',(2.296219051077,0.60239966051));
#10243 = CARTESIAN_POINT('',(2.36109908582,0.606759056475));
#10244 = CARTESIAN_POINT('',(2.425365727348,0.610166638346));
#10245 = CARTESIAN_POINT('',(2.48919886804,0.612562776196));
#10246 = CARTESIAN_POINT('',(2.552770761443,0.613911515284));
#10247 = CARTESIAN_POINT('',(2.616252062491,0.614197575));
#10248 = CARTESIAN_POINT('',(2.679816600076,0.613425380382));
#10249 = CARTESIAN_POINT('',(2.845862393054,0.608729110189));
#10250 = CARTESIAN_POINT('',(2.948705401563,0.603190395882));
#10251 = CARTESIAN_POINT('',(3.05299460606,0.595108731135));
#10252 = CARTESIAN_POINT('',(3.159470754359,0.58472334784));
#10253 = CARTESIAN_POINT('',(3.268877543424,0.572437684483));
#10254 = CARTESIAN_POINT('',(3.381998103042,0.558914290039));
#10255 = CARTESIAN_POINT('',(3.499730890679,0.545155768901));
#10256 = CARTESIAN_POINT('',(3.723754517119,0.522196521612));
#10257 = CARTESIAN_POINT('',(3.830353689167,0.51239039251));
#10258 = CARTESIAN_POINT('',(3.94078074722,0.504180958112));
#10259 = CARTESIAN_POINT('',(4.053485153691,0.498699879835));
#10260 = CARTESIAN_POINT('',(4.167251811755,0.496779810391));
#10261 = CARTESIAN_POINT('',(4.280951968699,0.49855257791));
#10262 = CARTESIAN_POINT('',(4.393384365941,0.50351544656));
#10263 = CARTESIAN_POINT('',(4.628295098702,0.519137429018));
#10264 = CARTESIAN_POINT('',(4.747736547342,0.53037258565));
#10265 = CARTESIAN_POINT('',(4.862304280355,0.543237384134));
#10266 = CARTESIAN_POINT('',(4.972703891485,0.556510966343));
#10267 = CARTESIAN_POINT('',(5.079489626942,0.56921550497));
#10268 = CARTESIAN_POINT('',(5.183130782785,0.580647172214));
#10269 = CARTESIAN_POINT('',(5.284032191021,0.590332499859));
#10270 = CARTESIAN_POINT('',(5.496914656133,0.606894215024));
#10271 = CARTESIAN_POINT('',(5.608765797291,0.613125236518));
#10272 = CARTESIAN_POINT('',(5.719260507697,0.616254867035));
#10273 = CARTESIAN_POINT('',(5.829327539363,0.616092502192));
#10274 = CARTESIAN_POINT('',(5.939839173912,0.612618892045));
#10275 = CARTESIAN_POINT('',(6.051665634141,0.605980788034));
#10276 = CARTESIAN_POINT('',(6.165734554311,0.596543845089));
#10277 = CARTESIAN_POINT('',(6.28318530718,0.584991668502));
#10278 = ( GEOMETRIC_REPRESENTATION_CONTEXT(2) 
PARAMETRIC_REPRESENTATION_CONTEXT() REPRESENTATION_CONTEXT('2D SPACE',''
  ) );
#10279 = ADVANCED_FACE('',(#10280),#3339,.T.);
#10280 = FACE_BOUND('',#10281,.T.);
#10281 = EDGE_LOOP('',(#10282,#10283,#10284,#10285));
#10282 = ORIENTED_EDGE('',*,*,#3413,.F.);
#10283 = ORIENTED_EDGE('',*,*,#10044,.T.);
#10284 = ORIENTED_EDGE('',*,*,#3324,.F.);
#10285 = ORIENTED_EDGE('',*,*,#8250,.F.);
#10286 = ADVANCED_FACE('',(#10287),#3208,.F.);
#10287 = FACE_BOUND('',#10288,.F.);
#10288 = EDGE_LOOP('',(#10289,#10290,#10291,#10292));
#10289 = ORIENTED_EDGE('',*,*,#3193,.F.);
#10290 = ORIENTED_EDGE('',*,*,#10067,.T.);
#10291 = ORIENTED_EDGE('',*,*,#3282,.F.);
#10292 = ORIENTED_EDGE('',*,*,#8319,.F.);
#10293 = ADVANCED_FACE('',(#10294),#3609,.F.);
#10294 = FACE_BOUND('',#10295,.F.);
#10295 = EDGE_LOOP('',(#10296,#10297,#10318,#10319));
#10296 = ORIENTED_EDGE('',*,*,#3483,.F.);
#10297 = ORIENTED_EDGE('',*,*,#10298,.F.);
#10298 = EDGE_CURVE('',#3943,#3484,#10299,.T.);
#10299 = SEAM_CURVE('',#10300,(#10304,#10311),.PCURVE_S1.);
#10300 = LINE('',#10301,#10302);
#10301 = CARTESIAN_POINT('',(-32.9,-60.62,-20.));
#10302 = VECTOR('',#10303,1.);
#10303 = DIRECTION('',(0.,0.,1.));
#10304 = PCURVE('',#3609,#10305);
#10305 = DEFINITIONAL_REPRESENTATION('',(#10306),#10310);
#10306 = LINE('',#10307,#10308);
#10307 = CARTESIAN_POINT('',(6.28318530718,-0.));
#10308 = VECTOR('',#10309,1.);
#10309 = DIRECTION('',(0.,1.));
#10310 = ( GEOMETRIC_REPRESENTATION_CONTEXT(2) 
PARAMETRIC_REPRESENTATION_CONTEXT() REPRESENTATION_CONTEXT('2D SPACE',''
  ) );
#10311 = PCURVE('',#3609,#10312);
#10312 = DEFINITIONAL_REPRESENTATION('',(#10313),#10317);
#10313 = LINE('',#10314,#10315);
#10314 = CARTESIAN_POINT('',(0.,-0.));
#10315 = VECTOR('',#10316,1.);
#10316 = DIRECTION('',(0.,1.));
#10317 = ( GEOMETRIC_REPRESENTATION_CONTEXT(2) 
PARAMETRIC_REPRESENTATION_CONTEXT() REPRESENTATION_CONTEXT('2D SPACE',''
  ) );
#10318 = ORIENTED_EDGE('',*,*,#3942,.T.);
#10319 = ORIENTED_EDGE('',*,*,#10298,.T.);
#10320 = ADVANCED_FACE('',(#10321),#4258,.F.);
#10321 = FACE_BOUND('',#10322,.F.);
#10322 = EDGE_LOOP('',(#10323,#10324,#10345,#10346));
#10323 = ORIENTED_EDGE('',*,*,#4132,.F.);
#10324 = ORIENTED_EDGE('',*,*,#10325,.F.);
#10325 = EDGE_CURVE('',#8870,#4133,#10326,.T.);
#10326 = SEAM_CURVE('',#10327,(#10331,#10338),.PCURVE_S1.);
#10327 = LINE('',#10328,#10329);
#10328 = CARTESIAN_POINT('',(-32.9,-60.62,-20.));
#10329 = VECTOR('',#10330,1.);
#10330 = DIRECTION('',(0.,0.,1.));
#10331 = PCURVE('',#4258,#10332);
#10332 = DEFINITIONAL_REPRESENTATION('',(#10333),#10337);
#10333 = LINE('',#10334,#10335);
#10334 = CARTESIAN_POINT('',(6.28318530718,-0.));
#10335 = VECTOR('',#10336,1.);
#10336 = DIRECTION('',(0.,1.));
#10337 = ( GEOMETRIC_REPRESENTATION_CONTEXT(2) 
PARAMETRIC_REPRESENTATION_CONTEXT() REPRESENTATION_CONTEXT('2D SPACE',''
  ) );
#10338 = PCURVE('',#4258,#10339);
#10339 = DEFINITIONAL_REPRESENTATION('',(#10340),#10344);
#10340 = LINE('',#10341,#10342);
#10341 = CARTESIAN_POINT('',(0.,-0.));
#10342 = VECTOR('',#10343,1.);
#10343 = DIRECTION('',(0.,1.));
#10344 = ( GEOMETRIC_REPRESENTATION_CONTEXT(2) 
PARAMETRIC_REPRESENTATION_CONTEXT() REPRESENTATION_CONTEXT('2D SPACE',''
  ) );
#10345 = ORIENTED_EDGE('',*,*,#8869,.T.);
#10346 = ORIENTED_EDGE('',*,*,#10325,.T.);
#10347 = ADVANCED_FACE('',(#10348),#4525,.F.);
#10348 = FACE_BOUND('',#10349,.F.);
#10349 = EDGE_LOOP('',(#10350,#10351,#10372,#10373));
#10350 = ORIENTED_EDGE('',*,*,#4399,.F.);
#10351 = ORIENTED_EDGE('',*,*,#10352,.F.);
#10352 = EDGE_CURVE('',#5030,#4400,#10353,.T.);
#10353 = SEAM_CURVE('',#10354,(#10358,#10365),.PCURVE_S1.);
#10354 = LINE('',#10355,#10356);
#10355 = CARTESIAN_POINT('',(37.1,-60.62,-20.));
#10356 = VECTOR('',#10357,1.);
#10357 = DIRECTION('',(0.,0.,1.));
#10358 = PCURVE('',#4525,#10359);
#10359 = DEFINITIONAL_REPRESENTATION('',(#10360),#10364);
#10360 = LINE('',#10361,#10362);
#10361 = CARTESIAN_POINT('',(6.28318530718,-0.));
#10362 = VECTOR('',#10363,1.);
#10363 = DIRECTION('',(0.,1.));
#10364 = ( GEOMETRIC_REPRESENTATION_CONTEXT(2) 
PARAMETRIC_REPRESENTATION_CONTEXT() REPRESENTATION_CONTEXT('2D SPACE',''
  ) );
#10365 = PCURVE('',#4525,#10366);
#10366 = DEFINITIONAL_REPRESENTATION('',(#10367),#10371);
#10367 = LINE('',#10368,#10369);
#10368 = CARTESIAN_POINT('',(0.,-0.));
#10369 = VECTOR('',#10370,1.);
#10370 = DIRECTION('',(0.,1.));
#10371 = ( GEOMETRIC_REPRESENTATION_CONTEXT(2) 
PARAMETRIC_REPRESENTATION_CONTEXT() REPRESENTATION_CONTEXT('2D SPACE',''
  ) );
#10372 = ORIENTED_EDGE('',*,*,#5029,.T.);
#10373 = ORIENTED_EDGE('',*,*,#10352,.T.);
#10374 = ADVANCED_FACE('',(#10375),#4968,.F.);
#10375 = FACE_BOUND('',#10376,.F.);
#10376 = EDGE_LOOP('',(#10377,#10378,#10399,#10400));
#10377 = ORIENTED_EDGE('',*,*,#4858,.F.);
#10378 = ORIENTED_EDGE('',*,*,#10379,.F.);
#10379 = EDGE_CURVE('',#9123,#4859,#10380,.T.);
#10380 = SEAM_CURVE('',#10381,(#10385,#10392),.PCURVE_S1.);
#10381 = LINE('',#10382,#10383);
#10382 = CARTESIAN_POINT('',(37.1,-60.62,-20.));
#10383 = VECTOR('',#10384,1.);
#10384 = DIRECTION('',(0.,0.,1.));
#10385 = PCURVE('',#4968,#10386);
#10386 = DEFINITIONAL_REPRESENTATION('',(#10387),#10391);
#10387 = LINE('',#10388,#10389);
#10388 = CARTESIAN_POINT('',(6.28318530718,-0.));
#10389 = VECTOR('',#10390,1.);
#10390 = DIRECTION('',(0.,1.));
#10391 = ( GEOMETRIC_REPRESENTATION_CONTEXT(2) 
PARAMETRIC_REPRESENTATION_CONTEXT() REPRESENTATION_CONTEXT('2D SPACE',''
  ) );
#10392 = PCURVE('',#4968,#10393);
#10393 = DEFINITIONAL_REPRESENTATION('',(#10394),#10398);
#10394 = LINE('',#10395,#10396);
#10395 = CARTESIAN_POINT('',(0.,-0.));
#10396 = VECTOR('',#10397,1.);
#10397 = DIRECTION('',(0.,1.));
#10398 = ( GEOMETRIC_REPRESENTATION_CONTEXT(2) 
PARAMETRIC_REPRESENTATION_CONTEXT() REPRESENTATION_CONTEXT('2D SPACE',''
  ) );
#10399 = ORIENTED_EDGE('',*,*,#9122,.T.);
#10400 = ORIENTED_EDGE('',*,*,#10379,.T.);
#10401 = ADVANCED_FACE('',(#10402),#5377,.F.);
#10402 = FACE_BOUND('',#10403,.F.);
#10403 = EDGE_LOOP('',(#10404,#10405,#10426,#10427));
#10404 = ORIENTED_EDGE('',*,*,#5267,.F.);
#10405 = ORIENTED_EDGE('',*,*,#10406,.F.);
#10406 = EDGE_CURVE('',#5914,#5268,#10407,.T.);
#10407 = SEAM_CURVE('',#10408,(#10412,#10419),.PCURVE_S1.);
#10408 = LINE('',#10409,#10410);
#10409 = CARTESIAN_POINT('',(-67.9,-5.143516556419E-16,-20.));
#10410 = VECTOR('',#10411,1.);
#10411 = DIRECTION('',(0.,0.,1.));
#10412 = PCURVE('',#5377,#10413);
#10413 = DEFINITIONAL_REPRESENTATION('',(#10414),#10418);
#10414 = LINE('',#10415,#10416);
#10415 = CARTESIAN_POINT('',(6.28318530718,-0.));
#10416 = VECTOR('',#10417,1.);
#10417 = DIRECTION('',(0.,1.));
#10418 = ( GEOMETRIC_REPRESENTATION_CONTEXT(2) 
PARAMETRIC_REPRESENTATION_CONTEXT() REPRESENTATION_CONTEXT('2D SPACE',''
  ) );
#10419 = PCURVE('',#5377,#10420);
#10420 = DEFINITIONAL_REPRESENTATION('',(#10421),#10425);
#10421 = LINE('',#10422,#10423);
#10422 = CARTESIAN_POINT('',(0.,-0.));
#10423 = VECTOR('',#10424,1.);
#10424 = DIRECTION('',(0.,1.));
#10425 = ( GEOMETRIC_REPRESENTATION_CONTEXT(2) 
PARAMETRIC_REPRESENTATION_CONTEXT() REPRESENTATION_CONTEXT('2D SPACE',''
  ) );
#10426 = ORIENTED_EDGE('',*,*,#5913,.T.);
#10427 = ORIENTED_EDGE('',*,*,#10406,.T.);
#10428 = ADVANCED_FACE('',(#10429),#5599,.F.);
#10429 = FACE_BOUND('',#10430,.F.);
#10430 = EDGE_LOOP('',(#10431,#10432,#10453,#10454,#10455,#10456));
#10431 = ORIENTED_EDGE('',*,*,#5772,.F.);
#10432 = ORIENTED_EDGE('',*,*,#10433,.F.);
#10433 = EDGE_CURVE('',#9360,#5538,#10434,.T.);
#10434 = SEAM_CURVE('',#10435,(#10439,#10446),.PCURVE_S1.);
#10435 = LINE('',#10436,#10437);
#10436 = CARTESIAN_POINT('',(-67.9,-5.143516556419E-16,-20.));
#10437 = VECTOR('',#10438,1.);
#10438 = DIRECTION('',(0.,0.,1.));
#10439 = PCURVE('',#5599,#10440);
#10440 = DEFINITIONAL_REPRESENTATION('',(#10441),#10445);
#10441 = LINE('',#10442,#10443);
#10442 = CARTESIAN_POINT('',(6.28318530718,-0.));
#10443 = VECTOR('',#10444,1.);
#10444 = DIRECTION('',(0.,1.));
#10445 = ( GEOMETRIC_REPRESENTATION_CONTEXT(2) 
PARAMETRIC_REPRESENTATION_CONTEXT() REPRESENTATION_CONTEXT('2D SPACE',''
  ) );
#10446 = PCURVE('',#5599,#10447);
#10447 = DEFINITIONAL_REPRESENTATION('',(#10448),#10452);
#10448 = LINE('',#10449,#10450);
#10449 = CARTESIAN_POINT('',(0.,-0.));
#10450 = VECTOR('',#10451,1.);
#10451 = DIRECTION('',(0.,1.));
#10452 = ( GEOMETRIC_REPRESENTATION_CONTEXT(2) 
PARAMETRIC_REPRESENTATION_CONTEXT() REPRESENTATION_CONTEXT('2D SPACE',''
  ) );
#10453 = ORIENTED_EDGE('',*,*,#9359,.T.);
#10454 = ORIENTED_EDGE('',*,*,#9453,.T.);
#10455 = ORIENTED_EDGE('',*,*,#10433,.T.);
#10456 = ORIENTED_EDGE('',*,*,#5537,.F.);
#10457 = ADVANCED_FACE('',(#10458),#6259,.F.);
#10458 = FACE_BOUND('',#10459,.F.);
#10459 = EDGE_LOOP('',(#10460,#10461,#10482,#10483));
#10460 = ORIENTED_EDGE('',*,*,#6149,.F.);
#10461 = ORIENTED_EDGE('',*,*,#10462,.F.);
#10462 = EDGE_CURVE('',#6585,#6150,#10463,.T.);
#10463 = SEAM_CURVE('',#10464,(#10468,#10475),.PCURVE_S1.);
#10464 = LINE('',#10465,#10466);
#10465 = CARTESIAN_POINT('',(-32.9,60.62,-20.));
#10466 = VECTOR('',#10467,1.);
#10467 = DIRECTION('',(0.,0.,1.));
#10468 = PCURVE('',#6259,#10469);
#10469 = DEFINITIONAL_REPRESENTATION('',(#10470),#10474);
#10470 = LINE('',#10471,#10472);
#10471 = CARTESIAN_POINT('',(6.28318530718,-0.));
#10472 = VECTOR('',#10473,1.);
#10473 = DIRECTION('',(0.,1.));
#10474 = ( GEOMETRIC_REPRESENTATION_CONTEXT(2) 
PARAMETRIC_REPRESENTATION_CONTEXT() REPRESENTATION_CONTEXT('2D SPACE',''
  ) );
#10475 = PCURVE('',#6259,#10476);
#10476 = DEFINITIONAL_REPRESENTATION('',(#10477),#10481);
#10477 = LINE('',#10478,#10479);
#10478 = CARTESIAN_POINT('',(0.,-0.));
#10479 = VECTOR('',#10480,1.);
#10480 = DIRECTION('',(0.,1.));
#10481 = ( GEOMETRIC_REPRESENTATION_CONTEXT(2) 
PARAMETRIC_REPRESENTATION_CONTEXT() REPRESENTATION_CONTEXT('2D SPACE',''
  ) );
#10482 = ORIENTED_EDGE('',*,*,#6584,.T.);
#10483 = ORIENTED_EDGE('',*,*,#10462,.T.);
#10484 = ADVANCED_FACE('',(#10485),#6900,.F.);
#10485 = FACE_BOUND('',#10486,.F.);
#10486 = EDGE_LOOP('',(#10487,#10488,#10509,#10510));
#10487 = ORIENTED_EDGE('',*,*,#6774,.F.);
#10488 = ORIENTED_EDGE('',*,*,#10489,.F.);
#10489 = EDGE_CURVE('',#9611,#6775,#10490,.T.);
#10490 = SEAM_CURVE('',#10491,(#10495,#10502),.PCURVE_S1.);
#10491 = LINE('',#10492,#10493);
#10492 = CARTESIAN_POINT('',(-32.9,60.62,-20.));
#10493 = VECTOR('',#10494,1.);
#10494 = DIRECTION('',(0.,0.,1.));
#10495 = PCURVE('',#6900,#10496);
#10496 = DEFINITIONAL_REPRESENTATION('',(#10497),#10501);
#10497 = LINE('',#10498,#10499);
#10498 = CARTESIAN_POINT('',(6.28318530718,-0.));
#10499 = VECTOR('',#10500,1.);
#10500 = DIRECTION('',(0.,1.));
#10501 = ( GEOMETRIC_REPRESENTATION_CONTEXT(2) 
PARAMETRIC_REPRESENTATION_CONTEXT() REPRESENTATION_CONTEXT('2D SPACE',''
  ) );
#10502 = PCURVE('',#6900,#10503);
#10503 = DEFINITIONAL_REPRESENTATION('',(#10504),#10508);
#10504 = LINE('',#10505,#10506);
#10505 = CARTESIAN_POINT('',(0.,-0.));
#10506 = VECTOR('',#10507,1.);
#10507 = DIRECTION('',(0.,1.));
#10508 = ( GEOMETRIC_REPRESENTATION_CONTEXT(2) 
PARAMETRIC_REPRESENTATION_CONTEXT() REPRESENTATION_CONTEXT('2D SPACE',''
  ) );
#10509 = ORIENTED_EDGE('',*,*,#9610,.T.);
#10510 = ORIENTED_EDGE('',*,*,#10489,.T.);
#10511 = ADVANCED_FACE('',(#10512),#7113,.F.);
#10512 = FACE_BOUND('',#10513,.F.);
#10513 = EDGE_LOOP('',(#10514,#10515,#10536,#10537,#10538,#10539));
#10514 = ORIENTED_EDGE('',*,*,#7148,.F.);
#10515 = ORIENTED_EDGE('',*,*,#10516,.F.);
#10516 = EDGE_CURVE('',#7318,#7052,#10517,.T.);
#10517 = SEAM_CURVE('',#10518,(#10522,#10529),.PCURVE_S1.);
#10518 = LINE('',#10519,#10520);
#10519 = CARTESIAN_POINT('',(72.1,-5.143516556419E-16,-20.));
#10520 = VECTOR('',#10521,1.);
#10521 = DIRECTION('',(0.,0.,1.));
#10522 = PCURVE('',#7113,#10523);
#10523 = DEFINITIONAL_REPRESENTATION('',(#10524),#10528);
#10524 = LINE('',#10525,#10526);
#10525 = CARTESIAN_POINT('',(6.28318530718,-0.));
#10526 = VECTOR('',#10527,1.);
#10527 = DIRECTION('',(0.,1.));
#10528 = ( GEOMETRIC_REPRESENTATION_CONTEXT(2) 
PARAMETRIC_REPRESENTATION_CONTEXT() REPRESENTATION_CONTEXT('2D SPACE',''
  ) );
#10529 = PCURVE('',#7113,#10530);
#10530 = DEFINITIONAL_REPRESENTATION('',(#10531),#10535);
#10531 = LINE('',#10532,#10533);
#10532 = CARTESIAN_POINT('',(0.,-0.));
#10533 = VECTOR('',#10534,1.);
#10534 = DIRECTION('',(0.,1.));
#10535 = ( GEOMETRIC_REPRESENTATION_CONTEXT(2) 
PARAMETRIC_REPRESENTATION_CONTEXT() REPRESENTATION_CONTEXT('2D SPACE',''
  ) );
#10536 = ORIENTED_EDGE('',*,*,#7570,.T.);
#10537 = ORIENTED_EDGE('',*,*,#7340,.T.);
#10538 = ORIENTED_EDGE('',*,*,#10516,.T.);
#10539 = ORIENTED_EDGE('',*,*,#7049,.F.);
#10540 = ADVANCED_FACE('',(#10541),#7821,.F.);
#10541 = FACE_BOUND('',#10542,.F.);
#10542 = EDGE_LOOP('',(#10543,#10544,#10565,#10566));
#10543 = ORIENTED_EDGE('',*,*,#7711,.F.);
#10544 = ORIENTED_EDGE('',*,*,#10545,.F.);
#10545 = EDGE_CURVE('',#9864,#7712,#10546,.T.);
#10546 = SEAM_CURVE('',#10547,(#10551,#10558),.PCURVE_S1.);
#10547 = LINE('',#10548,#10549);
#10548 = CARTESIAN_POINT('',(72.1,-5.143516556419E-16,-20.));
#10549 = VECTOR('',#10550,1.);
#10550 = DIRECTION('',(0.,0.,1.));
#10551 = PCURVE('',#7821,#10552);
#10552 = DEFINITIONAL_REPRESENTATION('',(#10553),#10557);
#10553 = LINE('',#10554,#10555);
#10554 = CARTESIAN_POINT('',(6.28318530718,-0.));
#10555 = VECTOR('',#10556,1.);
#10556 = DIRECTION('',(0.,1.));
#10557 = ( GEOMETRIC_REPRESENTATION_CONTEXT(2) 
PARAMETRIC_REPRESENTATION_CONTEXT() REPRESENTATION_CONTEXT('2D SPACE',''
  ) );
#10558 = PCURVE('',#7821,#10559);
#10559 = DEFINITIONAL_REPRESENTATION('',(#10560),#10564);
#10560 = LINE('',#10561,#10562);
#10561 = CARTESIAN_POINT('',(0.,-0.));
#10562 = VECTOR('',#10563,1.);
#10563 = DIRECTION('',(0.,1.));
#10564 = ( GEOMETRIC_REPRESENTATION_CONTEXT(2) 
PARAMETRIC_REPRESENTATION_CONTEXT() REPRESENTATION_CONTEXT('2D SPACE',''
  ) );
#10565 = ORIENTED_EDGE('',*,*,#9863,.T.);
#10566 = ORIENTED_EDGE('',*,*,#10545,.T.);
#10567 = ADVANCED_FACE('',(#10568),#8079,.F.);
#10568 = FACE_BOUND('',#10569,.F.);
#10569 = EDGE_LOOP('',(#10570,#10571,#10592,#10593));
#10570 = ORIENTED_EDGE('',*,*,#7953,.F.);
#10571 = ORIENTED_EDGE('',*,*,#10572,.F.);
#10572 = EDGE_CURVE('',#8413,#7954,#10573,.T.);
#10573 = SEAM_CURVE('',#10574,(#10578,#10585),.PCURVE_S1.);
#10574 = LINE('',#10575,#10576);
#10575 = CARTESIAN_POINT('',(37.1,60.62,-20.));
#10576 = VECTOR('',#10577,1.);
#10577 = DIRECTION('',(0.,0.,1.));
#10578 = PCURVE('',#8079,#10579);
#10579 = DEFINITIONAL_REPRESENTATION('',(#10580),#10584);
#10580 = LINE('',#10581,#10582);
#10581 = CARTESIAN_POINT('',(6.28318530718,-0.));
#10582 = VECTOR('',#10583,1.);
#10583 = DIRECTION('',(0.,1.));
#10584 = ( GEOMETRIC_REPRESENTATION_CONTEXT(2) 
PARAMETRIC_REPRESENTATION_CONTEXT() REPRESENTATION_CONTEXT('2D SPACE',''
  ) );
#10585 = PCURVE('',#8079,#10586);
#10586 = DEFINITIONAL_REPRESENTATION('',(#10587),#10591);
#10587 = LINE('',#10588,#10589);
#10588 = CARTESIAN_POINT('',(0.,-0.));
#10589 = VECTOR('',#10590,1.);
#10590 = DIRECTION('',(0.,1.));
#10591 = ( GEOMETRIC_REPRESENTATION_CONTEXT(2) 
PARAMETRIC_REPRESENTATION_CONTEXT() REPRESENTATION_CONTEXT('2D SPACE',''
  ) );
#10592 = ORIENTED_EDGE('',*,*,#8412,.T.);
#10593 = ORIENTED_EDGE('',*,*,#10572,.T.);
#10594 = ADVANCED_FACE('',(#10595),#8728,.F.);
#10595 = FACE_BOUND('',#10596,.F.);
#10596 = EDGE_LOOP('',(#10597,#10598,#10619,#10620));
#10597 = ORIENTED_EDGE('',*,*,#8602,.F.);
#10598 = ORIENTED_EDGE('',*,*,#10599,.F.);
#10599 = EDGE_CURVE('',#10093,#8603,#10600,.T.);
#10600 = SEAM_CURVE('',#10601,(#10605,#10612),.PCURVE_S1.);
#10601 = LINE('',#10602,#10603);
#10602 = CARTESIAN_POINT('',(37.1,60.62,-20.));
#10603 = VECTOR('',#10604,1.);
#10604 = DIRECTION('',(0.,0.,1.));
#10605 = PCURVE('',#8728,#10606);
#10606 = DEFINITIONAL_REPRESENTATION('',(#10607),#10611);
#10607 = LINE('',#10608,#10609);
#10608 = CARTESIAN_POINT('',(6.28318530718,-0.));
#10609 = VECTOR('',#10610,1.);
#10610 = DIRECTION('',(0.,1.));
#10611 = ( GEOMETRIC_REPRESENTATION_CONTEXT(2) 
PARAMETRIC_REPRESENTATION_CONTEXT() REPRESENTATION_CONTEXT('2D SPACE',''
  ) );
#10612 = PCURVE('',#8728,#10613);
#10613 = DEFINITIONAL_REPRESENTATION('',(#10614),#10618);
#10614 = LINE('',#10615,#10616);
#10615 = CARTESIAN_POINT('',(0.,-0.));
#10616 = VECTOR('',#10617,1.);
#10617 = DIRECTION('',(0.,1.));
#10618 = ( GEOMETRIC_REPRESENTATION_CONTEXT(2) 
PARAMETRIC_REPRESENTATION_CONTEXT() REPRESENTATION_CONTEXT('2D SPACE',''
  ) );
#10619 = ORIENTED_EDGE('',*,*,#10092,.T.);
#10620 = ORIENTED_EDGE('',*,*,#10599,.T.);
#10621 = ( GEOMETRIC_REPRESENTATION_CONTEXT(3) 
GLOBAL_UNCERTAINTY_ASSIGNED_CONTEXT((#10625)) 
GLOBAL_UNIT_ASSIGNED_CONTEXT((#10622,#10623,#10624)) 
REPRESENTATION_CONTEXT('Context #1',
  '3D Context with UNIT and UNCERTAINTY') );
#10622 = ( LENGTH_UNIT() NAMED_UNIT(*) SI_UNIT(.MILLI.,.METRE.) );
#10623 = ( NAMED_UNIT(*) PLANE_ANGLE_UNIT() SI_UNIT($,.RADIAN.) );
#10624 = ( NAMED_UNIT(*) SI_UNIT($,.STERADIAN.) SOLID_ANGLE_UNIT() );
#10625 = UNCERTAINTY_MEASURE_WITH_UNIT(LENGTH_MEASURE(1.E-07),#10622,
  'distance_accuracy_value','confusion accuracy');
#10626 = PRODUCT_RELATED_PRODUCT_CATEGORY('part',$,(#7));
ENDSEC;
END-ISO-10303-21;
