ISO-10303-21;
HEADER;
FILE_NAME('Open CASCADE Shape Model','2026-09-29T01:00:34',('Author'),(
    'Open CASCADE'),'Open CASCADE STEP processor 8.0','Open CASCADE 8.0'
  ,'Unknown');
FILE_DESCRIPTION(('Open CASCADE Model'),'2;1');
FILE_SCHEMA((''));
ENDSEC;
DATA;
#1 = APPLICATION_PROTOCOL_DEFINITION('international standard',
  'automotive_design',2000,#2);
#2 = APPLICATION_CONTEXT(
  'core data for automotive mechanical design processes');
#3 = SHAPE_DEFINITION_REPRESENTATION(#4,#10);
#4 = PRODUCT_DEFINITION_SHAPE('','',#5);
#5 = PRODUCT_DEFINITION('design','',#6,#9);
#6 = PRODUCT_DEFINITION_FORMATION('','',#7);
#7 = PRODUCT('Open CASCADE STEP translator 8.0 1',
  'Open CASCADE STEP translator 8.0 1','',(#8));
#8 = PRODUCT_CONTEXT('',#2,'mechanical');
#9 = PRODUCT_DEFINITION_CONTEXT('part definition',#2,'design');
#10 = ADVANCED_BREP_SHAPE_REPRESENTATION('',(#11,#15),#2430);
#11 = AXIS2_PLACEMENT_3D('',#12,#13,#14);
#12 = CARTESIAN_POINT('',(0.,0.,0.));
#13 = DIRECTION('',(0.,0.,1.));
#14 = DIRECTION('',(1.,0.,-0.));
#15 = MANIFOLD_SOLID_BREP('',#16);
#16 = CLOSED_SHELL('',(#17,#754,#887,#967,#1063,#1098,#1156,#1186,#1212,
    #1217,#1407,#1433,#1438,#1630,#1637,#1644,#1671,#2319,#2346,#2374,
    #2402));
#17 = ADVANCED_FACE('',(#18,#285,#434,#605),#33,.T.);
#18 = FACE_BOUND('',#19,.T.);
#19 = EDGE_LOOP('',(#20,#56,#79,#106,#107,#131,#157,#186,#209,#236,#237,
    #261));
#20 = ORIENTED_EDGE('',*,*,#21,.T.);
#21 = EDGE_CURVE('',#22,#24,#26,.T.);
#22 = VERTEX_POINT('',#23);
#23 = CARTESIAN_POINT('',(20.,8.,15.));
#24 = VERTEX_POINT('',#25);
#25 = CARTESIAN_POINT('',(20.,4.163799117101E-15,17.));
#26 = SURFACE_CURVE('',#27,(#32,#44),.PCURVE_S1.);
#27 = CIRCLE('',#28,17.);
#28 = AXIS2_PLACEMENT_3D('',#29,#30,#31);
#29 = CARTESIAN_POINT('',(20.,0.,0.));
#30 = DIRECTION('',(1.,0.,0.));
#31 = DIRECTION('',(-0.,0.,1.));
#32 = PCURVE('',#33,#38);
#33 = CYLINDRICAL_SURFACE('',#34,17.);
#34 = AXIS2_PLACEMENT_3D('',#35,#36,#37);
#35 = CARTESIAN_POINT('',(-25.,0.,0.));
#36 = DIRECTION('',(1.,0.,0.));
#37 = DIRECTION('',(-0.,0.,1.));
#38 = DEFINITIONAL_REPRESENTATION('',(#39),#43);
#39 = LINE('',#40,#41);
#40 = CARTESIAN_POINT('',(0.,45.));
#41 = VECTOR('',#42,1.);
#42 = DIRECTION('',(1.,0.));
#43 = ( GEOMETRIC_REPRESENTATION_CONTEXT(2) 
PARAMETRIC_REPRESENTATION_CONTEXT() REPRESENTATION_CONTEXT('2D SPACE',''
  ) );
#44 = PCURVE('',#45,#50);
#45 = PLANE('',#46);
#46 = AXIS2_PLACEMENT_3D('',#47,#48,#49);
#47 = CARTESIAN_POINT('',(20.,-20.,15.));
#48 = DIRECTION('',(1.,0.,-0.));
#49 = DIRECTION('',(0.,0.,1.));
#50 = DEFINITIONAL_REPRESENTATION('',(#51),#55);
#51 = CIRCLE('',#52,17.);
#52 = AXIS2_PLACEMENT_2D('',#53,#54);
#53 = CARTESIAN_POINT('',(-15.,-20.));
#54 = DIRECTION('',(1.,0.));
#55 = ( GEOMETRIC_REPRESENTATION_CONTEXT(2) 
PARAMETRIC_REPRESENTATION_CONTEXT() REPRESENTATION_CONTEXT('2D SPACE',''
  ) );
#56 = ORIENTED_EDGE('',*,*,#57,.T.);
#57 = EDGE_CURVE('',#24,#58,#60,.T.);
#58 = VERTEX_POINT('',#59);
#59 = CARTESIAN_POINT('',(25.,4.163799117101E-15,17.));
#60 = SEAM_CURVE('',#61,(#65,#72),.PCURVE_S1.);
#61 = LINE('',#62,#63);
#62 = CARTESIAN_POINT('',(-25.,4.163799117101E-15,17.));
#63 = VECTOR('',#64,1.);
#64 = DIRECTION('',(1.,0.,0.));
#65 = PCURVE('',#33,#66);
#66 = DEFINITIONAL_REPRESENTATION('',(#67),#71);
#67 = LINE('',#68,#69);
#68 = CARTESIAN_POINT('',(0.,-0.));
#69 = VECTOR('',#70,1.);
#70 = DIRECTION('',(0.,1.));
#71 = ( GEOMETRIC_REPRESENTATION_CONTEXT(2) 
PARAMETRIC_REPRESENTATION_CONTEXT() REPRESENTATION_CONTEXT('2D SPACE',''
  ) );
#72 = PCURVE('',#33,#73);
#73 = DEFINITIONAL_REPRESENTATION('',(#74),#78);
#74 = LINE('',#75,#76);
#75 = CARTESIAN_POINT('',(6.28318530718,-0.));
#76 = VECTOR('',#77,1.);
#77 = DIRECTION('',(0.,1.));
#78 = ( GEOMETRIC_REPRESENTATION_CONTEXT(2) 
PARAMETRIC_REPRESENTATION_CONTEXT() REPRESENTATION_CONTEXT('2D SPACE',''
  ) );
#79 = ORIENTED_EDGE('',*,*,#80,.F.);
#80 = EDGE_CURVE('',#58,#58,#81,.T.);
#81 = SURFACE_CURVE('',#82,(#87,#94),.PCURVE_S1.);
#82 = CIRCLE('',#83,17.);
#83 = AXIS2_PLACEMENT_3D('',#84,#85,#86);
#84 = CARTESIAN_POINT('',(25.,0.,0.));
#85 = DIRECTION('',(1.,0.,0.));
#86 = DIRECTION('',(-0.,0.,1.));
#87 = PCURVE('',#33,#88);
#88 = DEFINITIONAL_REPRESENTATION('',(#89),#93);
#89 = LINE('',#90,#91);
#90 = CARTESIAN_POINT('',(0.,50.));
#91 = VECTOR('',#92,1.);
#92 = DIRECTION('',(1.,0.));
#93 = ( GEOMETRIC_REPRESENTATION_CONTEXT(2) 
PARAMETRIC_REPRESENTATION_CONTEXT() REPRESENTATION_CONTEXT('2D SPACE',''
  ) );
#94 = PCURVE('',#95,#100);
#95 = PLANE('',#96);
#96 = AXIS2_PLACEMENT_3D('',#97,#98,#99);
#97 = CARTESIAN_POINT('',(25.,0.,0.));
#98 = DIRECTION('',(1.,0.,0.));
#99 = DIRECTION('',(-0.,0.,1.));
#100 = DEFINITIONAL_REPRESENTATION('',(#101),#105);
#101 = CIRCLE('',#102,17.);
#102 = AXIS2_PLACEMENT_2D('',#103,#104);
#103 = CARTESIAN_POINT('',(0.,0.));
#104 = DIRECTION('',(1.,0.));
#105 = ( GEOMETRIC_REPRESENTATION_CONTEXT(2) 
PARAMETRIC_REPRESENTATION_CONTEXT() REPRESENTATION_CONTEXT('2D SPACE',''
  ) );
#106 = ORIENTED_EDGE('',*,*,#57,.F.);
#107 = ORIENTED_EDGE('',*,*,#108,.T.);
#108 = EDGE_CURVE('',#24,#109,#111,.T.);
#109 = VERTEX_POINT('',#110);
#110 = CARTESIAN_POINT('',(20.,-8.,15.));
#111 = SURFACE_CURVE('',#112,(#117,#124),.PCURVE_S1.);
#112 = CIRCLE('',#113,17.);
#113 = AXIS2_PLACEMENT_3D('',#114,#115,#116);
#114 = CARTESIAN_POINT('',(20.,0.,0.));
#115 = DIRECTION('',(1.,0.,0.));
#116 = DIRECTION('',(-0.,0.,1.));
#117 = PCURVE('',#33,#118);
#118 = DEFINITIONAL_REPRESENTATION('',(#119),#123);
#119 = LINE('',#120,#121);
#120 = CARTESIAN_POINT('',(0.,45.));
#121 = VECTOR('',#122,1.);
#122 = DIRECTION('',(1.,0.));
#123 = ( GEOMETRIC_REPRESENTATION_CONTEXT(2) 
PARAMETRIC_REPRESENTATION_CONTEXT() REPRESENTATION_CONTEXT('2D SPACE',''
  ) );
#124 = PCURVE('',#45,#125);
#125 = DEFINITIONAL_REPRESENTATION('',(#126),#130);
#126 = CIRCLE('',#127,17.);
#127 = AXIS2_PLACEMENT_2D('',#128,#129);
#128 = CARTESIAN_POINT('',(-15.,-20.));
#129 = DIRECTION('',(1.,0.));
#130 = ( GEOMETRIC_REPRESENTATION_CONTEXT(2) 
PARAMETRIC_REPRESENTATION_CONTEXT() REPRESENTATION_CONTEXT('2D SPACE',''
  ) );
#131 = ORIENTED_EDGE('',*,*,#132,.F.);
#132 = EDGE_CURVE('',#133,#109,#135,.T.);
#133 = VERTEX_POINT('',#134);
#134 = CARTESIAN_POINT('',(-20.,-8.,15.));
#135 = SURFACE_CURVE('',#136,(#140,#146),.PCURVE_S1.);
#136 = LINE('',#137,#138);
#137 = CARTESIAN_POINT('',(-25.,-8.,15.));
#138 = VECTOR('',#139,1.);
#139 = DIRECTION('',(1.,0.,0.));
#140 = PCURVE('',#33,#141);
#141 = DEFINITIONAL_REPRESENTATION('',(#142),#145);
#142 = B_SPLINE_CURVE_WITH_KNOTS('',1,(#143,#144),.UNSPECIFIED.,.F.,.F.,
  (2,2),(1.,49.),.PIECEWISE_BEZIER_KNOTS.);
#143 = CARTESIAN_POINT('',(0.489957326254,1.));
#144 = CARTESIAN_POINT('',(0.489957326254,49.));
#145 = ( GEOMETRIC_REPRESENTATION_CONTEXT(2) 
PARAMETRIC_REPRESENTATION_CONTEXT() REPRESENTATION_CONTEXT('2D SPACE',''
  ) );
#146 = PCURVE('',#147,#152);
#147 = PLANE('',#148);
#148 = AXIS2_PLACEMENT_3D('',#149,#150,#151);
#149 = CARTESIAN_POINT('',(-20.,-20.,15.));
#150 = DIRECTION('',(0.,0.,1.));
#151 = DIRECTION('',(1.,0.,-0.));
#152 = DEFINITIONAL_REPRESENTATION('',(#153),#156);
#153 = B_SPLINE_CURVE_WITH_KNOTS('',1,(#154,#155),.UNSPECIFIED.,.F.,.F.,
  (2,2),(1.,49.),.PIECEWISE_BEZIER_KNOTS.);
#154 = CARTESIAN_POINT('',(-4.,12.));
#155 = CARTESIAN_POINT('',(44.,12.));
#156 = ( GEOMETRIC_REPRESENTATION_CONTEXT(2) 
PARAMETRIC_REPRESENTATION_CONTEXT() REPRESENTATION_CONTEXT('2D SPACE',''
  ) );
#157 = ORIENTED_EDGE('',*,*,#158,.F.);
#158 = EDGE_CURVE('',#159,#133,#161,.T.);
#159 = VERTEX_POINT('',#160);
#160 = CARTESIAN_POINT('',(-20.,4.163799117101E-15,17.));
#161 = SURFACE_CURVE('',#162,(#167,#174),.PCURVE_S1.);
#162 = CIRCLE('',#163,17.);
#163 = AXIS2_PLACEMENT_3D('',#164,#165,#166);
#164 = CARTESIAN_POINT('',(-20.,0.,0.));
#165 = DIRECTION('',(1.,0.,0.));
#166 = DIRECTION('',(-0.,0.,1.));
#167 = PCURVE('',#33,#168);
#168 = DEFINITIONAL_REPRESENTATION('',(#169),#173);
#169 = LINE('',#170,#171);
#170 = CARTESIAN_POINT('',(0.,5.));
#171 = VECTOR('',#172,1.);
#172 = DIRECTION('',(1.,0.));
#173 = ( GEOMETRIC_REPRESENTATION_CONTEXT(2) 
PARAMETRIC_REPRESENTATION_CONTEXT() REPRESENTATION_CONTEXT('2D SPACE',''
  ) );
#174 = PCURVE('',#175,#180);
#175 = PLANE('',#176);
#176 = AXIS2_PLACEMENT_3D('',#177,#178,#179);
#177 = CARTESIAN_POINT('',(-20.,-20.,15.));
#178 = DIRECTION('',(1.,0.,-0.));
#179 = DIRECTION('',(0.,0.,1.));
#180 = DEFINITIONAL_REPRESENTATION('',(#181),#185);
#181 = CIRCLE('',#182,17.);
#182 = AXIS2_PLACEMENT_2D('',#183,#184);
#183 = CARTESIAN_POINT('',(-15.,-20.));
#184 = DIRECTION('',(1.,0.));
#185 = ( GEOMETRIC_REPRESENTATION_CONTEXT(2) 
PARAMETRIC_REPRESENTATION_CONTEXT() REPRESENTATION_CONTEXT('2D SPACE',''
  ) );
#186 = ORIENTED_EDGE('',*,*,#187,.F.);
#187 = EDGE_CURVE('',#188,#159,#190,.T.);
#188 = VERTEX_POINT('',#189);
#189 = CARTESIAN_POINT('',(-25.,4.163799117101E-15,17.));
#190 = SEAM_CURVE('',#191,(#195,#202),.PCURVE_S1.);
#191 = LINE('',#192,#193);
#192 = CARTESIAN_POINT('',(-25.,4.163799117101E-15,17.));
#193 = VECTOR('',#194,1.);
#194 = DIRECTION('',(1.,0.,0.));
#195 = PCURVE('',#33,#196);
#196 = DEFINITIONAL_REPRESENTATION('',(#197),#201);
#197 = LINE('',#198,#199);
#198 = CARTESIAN_POINT('',(6.28318530718,-0.));
#199 = VECTOR('',#200,1.);
#200 = DIRECTION('',(0.,1.));
#201 = ( GEOMETRIC_REPRESENTATION_CONTEXT(2) 
PARAMETRIC_REPRESENTATION_CONTEXT() REPRESENTATION_CONTEXT('2D SPACE',''
  ) );
#202 = PCURVE('',#33,#203);
#203 = DEFINITIONAL_REPRESENTATION('',(#204),#208);
#204 = LINE('',#205,#206);
#205 = CARTESIAN_POINT('',(0.,-0.));
#206 = VECTOR('',#207,1.);
#207 = DIRECTION('',(0.,1.));
#208 = ( GEOMETRIC_REPRESENTATION_CONTEXT(2) 
PARAMETRIC_REPRESENTATION_CONTEXT() REPRESENTATION_CONTEXT('2D SPACE',''
  ) );
#209 = ORIENTED_EDGE('',*,*,#210,.T.);
#210 = EDGE_CURVE('',#188,#188,#211,.T.);
#211 = SURFACE_CURVE('',#212,(#217,#224),.PCURVE_S1.);
#212 = CIRCLE('',#213,17.);
#213 = AXIS2_PLACEMENT_3D('',#214,#215,#216);
#214 = CARTESIAN_POINT('',(-25.,0.,0.));
#215 = DIRECTION('',(1.,0.,0.));
#216 = DIRECTION('',(-0.,0.,1.));
#217 = PCURVE('',#33,#218);
#218 = DEFINITIONAL_REPRESENTATION('',(#219),#223);
#219 = LINE('',#220,#221);
#220 = CARTESIAN_POINT('',(0.,0.));
#221 = VECTOR('',#222,1.);
#222 = DIRECTION('',(1.,0.));
#223 = ( GEOMETRIC_REPRESENTATION_CONTEXT(2) 
PARAMETRIC_REPRESENTATION_CONTEXT() REPRESENTATION_CONTEXT('2D SPACE',''
  ) );
#224 = PCURVE('',#225,#230);
#225 = PLANE('',#226);
#226 = AXIS2_PLACEMENT_3D('',#227,#228,#229);
#227 = CARTESIAN_POINT('',(-25.,0.,0.));
#228 = DIRECTION('',(1.,0.,0.));
#229 = DIRECTION('',(-0.,0.,1.));
#230 = DEFINITIONAL_REPRESENTATION('',(#231),#235);
#231 = CIRCLE('',#232,17.);
#232 = AXIS2_PLACEMENT_2D('',#233,#234);
#233 = CARTESIAN_POINT('',(0.,0.));
#234 = DIRECTION('',(1.,0.));
#235 = ( GEOMETRIC_REPRESENTATION_CONTEXT(2) 
PARAMETRIC_REPRESENTATION_CONTEXT() REPRESENTATION_CONTEXT('2D SPACE',''
  ) );
#236 = ORIENTED_EDGE('',*,*,#187,.T.);
#237 = ORIENTED_EDGE('',*,*,#238,.F.);
#238 = EDGE_CURVE('',#239,#159,#241,.T.);
#239 = VERTEX_POINT('',#240);
#240 = CARTESIAN_POINT('',(-20.,8.,15.));
#241 = SURFACE_CURVE('',#242,(#247,#254),.PCURVE_S1.);
#242 = CIRCLE('',#243,17.);
#243 = AXIS2_PLACEMENT_3D('',#244,#245,#246);
#244 = CARTESIAN_POINT('',(-20.,0.,0.));
#245 = DIRECTION('',(1.,0.,0.));
#246 = DIRECTION('',(-0.,0.,1.));
#247 = PCURVE('',#33,#248);
#248 = DEFINITIONAL_REPRESENTATION('',(#249),#253);
#249 = LINE('',#250,#251);
#250 = CARTESIAN_POINT('',(0.,5.));
#251 = VECTOR('',#252,1.);
#252 = DIRECTION('',(1.,0.));
#253 = ( GEOMETRIC_REPRESENTATION_CONTEXT(2) 
PARAMETRIC_REPRESENTATION_CONTEXT() REPRESENTATION_CONTEXT('2D SPACE',''
  ) );
#254 = PCURVE('',#175,#255);
#255 = DEFINITIONAL_REPRESENTATION('',(#256),#260);
#256 = CIRCLE('',#257,17.);
#257 = AXIS2_PLACEMENT_2D('',#258,#259);
#258 = CARTESIAN_POINT('',(-15.,-20.));
#259 = DIRECTION('',(1.,0.));
#260 = ( GEOMETRIC_REPRESENTATION_CONTEXT(2) 
PARAMETRIC_REPRESENTATION_CONTEXT() REPRESENTATION_CONTEXT('2D SPACE',''
  ) );
#261 = ORIENTED_EDGE('',*,*,#262,.T.);
#262 = EDGE_CURVE('',#239,#22,#263,.T.);
#263 = SURFACE_CURVE('',#264,(#268,#274),.PCURVE_S1.);
#264 = LINE('',#265,#266);
#265 = CARTESIAN_POINT('',(-25.,8.,15.));
#266 = VECTOR('',#267,1.);
#267 = DIRECTION('',(1.,0.,0.));
#268 = PCURVE('',#33,#269);
#269 = DEFINITIONAL_REPRESENTATION('',(#270),#273);
#270 = B_SPLINE_CURVE_WITH_KNOTS('',1,(#271,#272),.UNSPECIFIED.,.F.,.F.,
  (2,2),(1.,49.),.PIECEWISE_BEZIER_KNOTS.);
#271 = CARTESIAN_POINT('',(5.793227980926,1.));
#272 = CARTESIAN_POINT('',(5.793227980926,49.));
#273 = ( GEOMETRIC_REPRESENTATION_CONTEXT(2) 
PARAMETRIC_REPRESENTATION_CONTEXT() REPRESENTATION_CONTEXT('2D SPACE',''
  ) );
#274 = PCURVE('',#275,#280);
#275 = PLANE('',#276);
#276 = AXIS2_PLACEMENT_3D('',#277,#278,#279);
#277 = CARTESIAN_POINT('',(-20.,-20.,15.));
#278 = DIRECTION('',(0.,0.,1.));
#279 = DIRECTION('',(1.,0.,-0.));
#280 = DEFINITIONAL_REPRESENTATION('',(#281),#284);
#281 = B_SPLINE_CURVE_WITH_KNOTS('',1,(#282,#283),.UNSPECIFIED.,.F.,.F.,
  (2,2),(1.,49.),.PIECEWISE_BEZIER_KNOTS.);
#282 = CARTESIAN_POINT('',(-4.,28.));
#283 = CARTESIAN_POINT('',(44.,28.));
#284 = ( GEOMETRIC_REPRESENTATION_CONTEXT(2) 
PARAMETRIC_REPRESENTATION_CONTEXT() REPRESENTATION_CONTEXT('2D SPACE',''
  ) );
#285 = FACE_BOUND('',#286,.T.);
#286 = EDGE_LOOP('',(#287,#410));
#287 = ORIENTED_EDGE('',*,*,#288,.F.);
#288 = EDGE_CURVE('',#289,#291,#293,.T.);
#289 = VERTEX_POINT('',#290);
#290 = CARTESIAN_POINT('',(1.421716832771,-10.9544511501,13.));
#291 = VERTEX_POINT('',#292);
#292 = CARTESIAN_POINT('',(-1.421716832771,-10.9544511501,13.));
#293 = SURFACE_CURVE('',#294,(#329,#367),.PCURVE_S1.);
#294 = B_SPLINE_CURVE_WITH_KNOTS('',5,(#295,#296,#297,#298,#299,#300,
    #301,#302,#303,#304,#305,#306,#307,#308,#309,#310,#311,#312,#313,
    #314,#315,#316,#317,#318,#319,#320,#321,#322,#323,#324,#325,#326,
    #327,#328),.UNSPECIFIED.,.F.,.F.,(6,4,4,4,4,4,4,4,6),(0.,
    5.506971378884E-02,9.346422930105E-02,0.197800130493,0.338839937293,
    0.500006042692,0.661062911807,0.801520555528,1.),.UNSPECIFIED.);
#295 = CARTESIAN_POINT('',(1.421717606827,-10.95445186214,12.9999994));
#296 = CARTESIAN_POINT('',(1.397145124395,-10.9318481463,13.019046425265
    ));
#297 = CARTESIAN_POINT('',(1.372051458462,-10.90966656477,
    13.037653719506));
#298 = CARTESIAN_POINT('',(1.346447959278,-10.88792815584,13.05581047869
    ));
#299 = CARTESIAN_POINT('',(1.320347449463,-10.86665325872,
    13.073506644947));
#300 = CARTESIAN_POINT('',(1.275230442146,-10.83136554222,
    13.102743028348));
#301 = CARTESIAN_POINT('',(1.256462009853,-10.81710441192,
    13.114524741177));
#302 = CARTESIAN_POINT('',(1.237463764919,-10.80308476445,
    13.126074895718));
#303 = CARTESIAN_POINT('',(1.218240845961,-10.78931301345,
    13.137390538288));
#304 = CARTESIAN_POINT('',(1.145965245103,-10.73906149863,13.17857404361
    ));
#305 = CARTESIAN_POINT('',(1.091512401483,-10.70420369411,
    13.206927031128));
#306 = CARTESIAN_POINT('',(1.035550479725,-10.67134669487,
    13.233472677184));
#307 = CARTESIAN_POINT('',(0.978201746225,-10.64059949739,
    13.258166438457));
#308 = CARTESIAN_POINT('',(0.840383959364,-10.57346972599,
    13.311805940015));
#309 = CARTESIAN_POINT('',(0.758885911841,-10.53891340397,
    13.339188270634));
#310 = CARTESIAN_POINT('',(0.675422718423,-10.5086071029,13.363043738138
    ));
#311 = CARTESIAN_POINT('',(0.590343451758,-10.48272450339,
    13.383318721109));
#312 = CARTESIAN_POINT('',(0.405394917048,-10.43699779918,
    13.419017626854));
#313 = CARTESIAN_POINT('',(0.305141035524,-10.41854084673,
    13.433337661361));
#314 = CARTESIAN_POINT('',(0.203791750043,-10.40617979898,
    13.442897070147));
#315 = CARTESIAN_POINT('',(0.101891611125,-10.4,13.447676379211));
#316 = CARTESIAN_POINT('',(-0.10182255032,-10.4,13.447676379211));
#317 = CARTESIAN_POINT('',(-0.203653601355,-10.4061714244,
    13.442903546973));
#318 = CARTESIAN_POINT('',(-0.304934926481,-10.41851571746,
    13.433357094818));
#319 = CARTESIAN_POINT('',(-0.40512308003,-10.43694776983,
    13.419056442755));
#320 = CARTESIAN_POINT('',(-0.589656712352,-10.48253978589,
    13.383463140691));
#321 = CARTESIAN_POINT('',(-0.674394453141,-10.50828311057,
    13.363297799429));
#322 = CARTESIAN_POINT('',(-0.757531815119,-10.53841450919,
    13.339581242157));
#323 = CARTESIAN_POINT('',(-0.838723941444,-10.57276278633,
    13.312366289509));
#324 = CARTESIAN_POINT('',(-1.029199015292,-10.66529915186,
    13.238436640326));
#325 = CARTESIAN_POINT('',(-1.136238843933,-10.72747790886,
    13.188307625192));
#326 = CARTESIAN_POINT('',(-1.237807813012,-10.79699068529,
    13.131592546865));
#327 = CARTESIAN_POINT('',(-1.333147200133,-10.87297778601,
    13.068653545083));
#328 = CARTESIAN_POINT('',(-1.421717606818,-10.95445186213,
    12.999999400004));
#329 = PCURVE('',#33,#330);
#330 = DEFINITIONAL_REPRESENTATION('',(#331),#366);
#331 = B_SPLINE_CURVE_WITH_KNOTS('',5,(#332,#333,#334,#335,#336,#337,
    #338,#339,#340,#341,#342,#343,#344,#345,#346,#347,#348,#349,#350,
    #351,#352,#353,#354,#355,#356,#357,#358,#359,#360,#361,#362,#363,
    #364,#365),.UNSPECIFIED.,.F.,.F.,(6,4,4,4,4,4,4,4,6),(0.,
    5.506971378884E-02,9.346422930105E-02,0.197800130493,0.338839937293,
    0.500006042692,0.661062911807,0.801520555528,1.),.UNSPECIFIED.);
#332 = CARTESIAN_POINT('',(0.700211610306,26.421717606827));
#333 = CARTESIAN_POINT('',(0.698472862854,26.397145124395));
#334 = CARTESIAN_POINT('',(0.696769771996,26.372051458462));
#335 = CARTESIAN_POINT('',(0.695103682693,26.346447959278));
#336 = CARTESIAN_POINT('',(0.69347588281,26.320347449463));
#337 = CARTESIAN_POINT('',(0.690780257076,26.275230442146));
#338 = CARTESIAN_POINT('',(0.689692120487,26.256462009853));
#339 = CARTESIAN_POINT('',(0.688623609577,26.237463764919));
#340 = CARTESIAN_POINT('',(0.687575123455,26.218240845961));
#341 = CARTESIAN_POINT('',(0.683753270496,26.145965245103));
#342 = CARTESIAN_POINT('',(0.68111018081,26.091512401483));
#343 = CARTESIAN_POINT('',(0.678625466303,26.035550479725));
#344 = CARTESIAN_POINT('',(0.676305727706,25.978201746225));
#345 = CARTESIAN_POINT('',(0.671251145923,25.840383959364));
#346 = CARTESIAN_POINT('',(0.668657635737,25.758885911841));
#347 = CARTESIAN_POINT('',(0.666388890084,25.675422718423));
#348 = CARTESIAN_POINT('',(0.664454873924,25.590343451758));
#349 = CARTESIAN_POINT('',(0.661042428074,25.405394917048));
#350 = CARTESIAN_POINT('',(0.659668274943,25.305141035524));
#351 = CARTESIAN_POINT('',(0.658749085836,25.203791750043));
#352 = CARTESIAN_POINT('',(0.658289540318,25.101891611125));
#353 = CARTESIAN_POINT('',(0.658289540318,24.89817744968));
#354 = CARTESIAN_POINT('',(0.658748463078,24.796346398645));
#355 = CARTESIAN_POINT('',(0.659666406294,24.695065073519));
#356 = CARTESIAN_POINT('',(0.661038703298,24.59487691997));
#357 = CARTESIAN_POINT('',(0.6644410814,24.410343287648));
#358 = CARTESIAN_POINT('',(0.666364670954,24.325605546859));
#359 = CARTESIAN_POINT('',(0.668620278427,24.242468184881));
#360 = CARTESIAN_POINT('',(0.671198082568,24.161276058556));
#361 = CARTESIAN_POINT('',(0.678165275083,23.970800984708));
#362 = CARTESIAN_POINT('',(0.682863428545,23.863761156067));
#363 = CARTESIAN_POINT('',(0.688140587723,23.762192186988));
#364 = CARTESIAN_POINT('',(0.693944373392,23.666852799867));
#365 = CARTESIAN_POINT('',(0.700211610306,23.578282393182));
#366 = ( GEOMETRIC_REPRESENTATION_CONTEXT(2) 
PARAMETRIC_REPRESENTATION_CONTEXT() REPRESENTATION_CONTEXT('2D SPACE',''
  ) );
#367 = PCURVE('',#368,#373);
#368 = CYLINDRICAL_SURFACE('',#369,2.1);
#369 = AXIS2_PLACEMENT_3D('',#370,#371,#372);
#370 = CARTESIAN_POINT('',(0.,-12.5,13.));
#371 = DIRECTION('',(0.,0.,1.));
#372 = DIRECTION('',(1.,0.,-0.));
#373 = DEFINITIONAL_REPRESENTATION('',(#374),#409);
#374 = B_SPLINE_CURVE_WITH_KNOTS('',5,(#375,#376,#377,#378,#379,#380,
    #381,#382,#383,#384,#385,#386,#387,#388,#389,#390,#391,#392,#393,
    #394,#395,#396,#397,#398,#399,#400,#401,#402,#403,#404,#405,#406,
    #407,#408),.UNSPECIFIED.,.F.,.F.,(6,4,4,4,4,4,4,4,6),(0.,
    5.506971378884E-02,9.346422930105E-02,0.197800130493,0.338839937293,
    0.500006042692,0.661062911807,0.801520555528,1.),.UNSPECIFIED.);
#375 = CARTESIAN_POINT('',(0.827106163259,-6.E-07));
#376 = CARTESIAN_POINT('',(0.843005042,1.9046425265E-02));
#377 = CARTESIAN_POINT('',(0.858950482276,3.765371950625E-02));
#378 = CARTESIAN_POINT('',(0.874940116074,5.58104786903E-02));
#379 = CARTESIAN_POINT('',(0.890971530564,7.350664494659E-02));
#380 = CARTESIAN_POINT('',(0.918246760349,0.102743028348));
#381 = CARTESIAN_POINT('',(0.929470370925,0.114524741177));
#382 = CARTESIAN_POINT('',(0.94071227051,0.126074895718));
#383 = CARTESIAN_POINT('',(0.951971635543,0.137390538288));
#384 = CARTESIAN_POINT('',(0.99388986179,0.17857404361));
#385 = CARTESIAN_POINT('',(1.024655120146,0.206927031128));
#386 = CARTESIAN_POINT('',(1.055526813553,0.233472677184));
#387 = CARTESIAN_POINT('',(1.086489586212,0.258166438457));
#388 = CARTESIAN_POINT('',(1.159488434683,0.311805940015));
#389 = CARTESIAN_POINT('',(1.201584091962,0.339188270634));
#390 = CARTESIAN_POINT('',(1.243788657082,0.363043738138));
#391 = CARTESIAN_POINT('',(1.286076524148,0.383318721109));
#392 = CARTESIAN_POINT('',(1.376799110908,0.419017626854));
#393 = CARTESIAN_POINT('',(1.425253087929,0.433337661361));
#394 = CARTESIAN_POINT('',(1.473752638975,0.442897070147));
#395 = CARTESIAN_POINT('',(1.522276511974,0.447676379211));
#396 = CARTESIAN_POINT('',(1.619283255519,0.447676379211));
#397 = CARTESIAN_POINT('',(1.667774229538,0.442903546973));
#398 = CARTESIAN_POINT('',(1.716240934874,0.433357094818));
#399 = CARTESIAN_POINT('',(1.764662161639,0.419056442755));
#400 = CARTESIAN_POINT('',(1.855177558391,0.383463140691));
#401 = CARTESIAN_POINT('',(1.897291266153,0.363297799429));
#402 = CARTESIAN_POINT('',(1.93932254339,0.339581242157));
#403 = CARTESIAN_POINT('',(1.981246118616,0.312366289509));
#404 = CARTESIAN_POINT('',(2.082085827418,0.238436640326));
#405 = CARTESIAN_POINT('',(2.140871529532,0.188307625187));
#406 = CARTESIAN_POINT('',(2.199269450122,0.131592546875));
#407 = CARTESIAN_POINT('',(2.257179697663,6.865354507913E-02));
#408 = CARTESIAN_POINT('',(2.314486490325,-6.E-07));
#409 = ( GEOMETRIC_REPRESENTATION_CONTEXT(2) 
PARAMETRIC_REPRESENTATION_CONTEXT() REPRESENTATION_CONTEXT('2D SPACE',''
  ) );
#410 = ORIENTED_EDGE('',*,*,#411,.F.);
#411 = EDGE_CURVE('',#291,#289,#412,.T.);
#412 = SURFACE_CURVE('',#413,(#417,#423),.PCURVE_S1.);
#413 = LINE('',#414,#415);
#414 = CARTESIAN_POINT('',(-25.,-10.9544511501,13.));
#415 = VECTOR('',#416,1.);
#416 = DIRECTION('',(1.,0.,0.));
#417 = PCURVE('',#33,#418);
#418 = DEFINITIONAL_REPRESENTATION('',(#419),#422);
#419 = B_SPLINE_CURVE_WITH_KNOTS('',1,(#420,#421),.UNSPECIFIED.,.F.,.F.,
  (2,2),(22.48,27.52),.PIECEWISE_BEZIER_KNOTS.);
#420 = CARTESIAN_POINT('',(0.700211555534,22.48));
#421 = CARTESIAN_POINT('',(0.700211555534,27.52));
#422 = ( GEOMETRIC_REPRESENTATION_CONTEXT(2) 
PARAMETRIC_REPRESENTATION_CONTEXT() REPRESENTATION_CONTEXT('2D SPACE',''
  ) );
#423 = PCURVE('',#424,#429);
#424 = PLANE('',#425);
#425 = AXIS2_PLACEMENT_3D('',#426,#427,#428);
#426 = CARTESIAN_POINT('',(0.,-12.5,13.));
#427 = DIRECTION('',(0.,0.,1.));
#428 = DIRECTION('',(1.,0.,-0.));
#429 = DEFINITIONAL_REPRESENTATION('',(#430),#433);
#430 = B_SPLINE_CURVE_WITH_KNOTS('',1,(#431,#432),.UNSPECIFIED.,.F.,.F.,
  (2,2),(22.48,27.52),.PIECEWISE_BEZIER_KNOTS.);
#431 = CARTESIAN_POINT('',(-2.52,1.545548849897));
#432 = CARTESIAN_POINT('',(2.52,1.545548849897));
#433 = ( GEOMETRIC_REPRESENTATION_CONTEXT(2) 
PARAMETRIC_REPRESENTATION_CONTEXT() REPRESENTATION_CONTEXT('2D SPACE',''
  ) );
#434 = FACE_BOUND('',#435,.T.);
#435 = EDGE_LOOP('',(#436));
#436 = ORIENTED_EDGE('',*,*,#437,.T.);
#437 = EDGE_CURVE('',#438,#438,#440,.T.);
#438 = VERTEX_POINT('',#439);
#439 = CARTESIAN_POINT('',(2.1,-5.143516556419E-16,-17.));
#440 = SURFACE_CURVE('',#441,(#492,#546),.PCURVE_S1.);
#441 = B_SPLINE_CURVE_WITH_KNOTS('',7,(#442,#443,#444,#445,#446,#447,
    #448,#449,#450,#451,#452,#453,#454,#455,#456,#457,#458,#459,#460,
    #461,#462,#463,#464,#465,#466,#467,#468,#469,#470,#471,#472,#473,
    #474,#475,#476,#477,#478,#479,#480,#481,#482,#483,#484,#485,#486,
    #487,#488,#489,#490,#491),.UNSPECIFIED.,.T.,.F.,(8,6,6,6,6,6,6,6,8),
  (0.,0.12269431726,0.250005611115,0.377323528829,0.500000887643,
    0.62270738903,0.750027275279,0.877346800519,1.),.UNSPECIFIED.);
#442 = CARTESIAN_POINT('',(2.1,-1.33226762955E-15,-17.));
#443 = CARTESIAN_POINT('',(2.1,0.278999418449,-17.));
#444 = CARTESIAN_POINT('',(2.056755626913,0.550472901491,-16.99465790075
    ));
#445 = CARTESIAN_POINT('',(1.974463131763,0.806637734835,-16.98449316045
    ));
#446 = CARTESIAN_POINT('',(1.858790815705,1.041038338695,-16.97088438545
    ));
#447 = CARTESIAN_POINT('',(1.716819137908,1.248771335965,-16.95571380849
    ));
#448 = CARTESIAN_POINT('',(1.556945775955,1.426953058062,-16.94066062466
    ));
#449 = CARTESIAN_POINT('',(1.214235050869,1.7290932051,-16.91254311424)
  );
#450 = CARTESIAN_POINT('',(1.026060501835,1.854901793688,-16.89918942593
    ));
#451 = CARTESIAN_POINT('',(0.82871052161,1.953857542309,-16.88776350336)
  );
#452 = CARTESIAN_POINT('',(0.625305894418,2.027149266282,-16.8788642531)
  );
#453 = CARTESIAN_POINT('',(0.418166319286,2.075695874102,-16.87282091891
    ));
#454 = CARTESIAN_POINT('',(0.209160749736,2.1,-16.86979549372));
#455 = CARTESIAN_POINT('',(-0.209171632128,2.1,-16.86979549372));
#456 = CARTESIAN_POINT('',(-0.418175024607,2.075693389921,
    -16.87282122528));
#457 = CARTESIAN_POINT('',(-0.625308422804,2.027147043265,
    -16.87886453764));
#458 = CARTESIAN_POINT('',(-0.828708776622,1.953857705366,
    -16.88776342707));
#459 = CARTESIAN_POINT('',(-1.026058627963,1.854903375824,
    -16.89918927844));
#460 = CARTESIAN_POINT('',(-1.214234987154,1.729093261272,
    -16.91254310901));
#461 = CARTESIAN_POINT('',(-1.556913841393,1.426981212166,
    -16.94065800461));
#462 = CARTESIAN_POINT('',(-1.716800978252,1.248801523859,
    -16.95571158314));
#463 = CARTESIAN_POINT('',(-1.858800272502,1.04104297115,-16.970884917)
  );
#464 = CARTESIAN_POINT('',(-1.974489427278,0.806600866758,
    -16.98449640028));
#465 = CARTESIAN_POINT('',(-2.056776171408,0.550401825964,
    -16.99466044186));
#466 = CARTESIAN_POINT('',(-2.1,0.278933156591,-17.));
#467 = CARTESIAN_POINT('',(-2.1,-0.27899941845,-17.));
#468 = CARTESIAN_POINT('',(-2.056755626913,-0.550472901491,
    -16.99465790075));
#469 = CARTESIAN_POINT('',(-1.974463131763,-0.806637734835,
    -16.98449316045));
#470 = CARTESIAN_POINT('',(-1.858790815705,-1.041038338695,
    -16.97088438545));
#471 = CARTESIAN_POINT('',(-1.716819137908,-1.248771335965,
    -16.95571380849));
#472 = CARTESIAN_POINT('',(-1.556945775955,-1.426953058062,
    -16.94066062466));
#473 = CARTESIAN_POINT('',(-1.214240602409,-1.72908831076,
    -16.91254356971));
#474 = CARTESIAN_POINT('',(-1.026061333041,-1.854903581117,
    -16.89918936411));
#475 = CARTESIAN_POINT('',(-0.82870465797,-1.953860779536,
    -16.88776303931));
#476 = CARTESIAN_POINT('',(-0.625301358331,-2.027148891724,
    -16.87886430699));
#477 = CARTESIAN_POINT('',(-0.418170904514,-2.075693230289,
    -16.87282124586));
#478 = CARTESIAN_POINT('',(-0.209172225227,-2.1,-16.86979549372));
#479 = CARTESIAN_POINT('',(0.209171632129,-2.1,-16.86979549372));
#480 = CARTESIAN_POINT('',(0.418175024607,-2.075693389921,
    -16.87282122528));
#481 = CARTESIAN_POINT('',(0.625308422804,-2.027147043265,
    -16.87886453764));
#482 = CARTESIAN_POINT('',(0.828708776622,-1.953857705366,
    -16.88776342707));
#483 = CARTESIAN_POINT('',(1.026058627963,-1.854903375824,
    -16.89918927844));
#484 = CARTESIAN_POINT('',(1.214234987154,-1.729093261272,
    -16.91254310901));
#485 = CARTESIAN_POINT('',(1.556878602456,-1.427012279468,
    -16.94065511345));
#486 = CARTESIAN_POINT('',(1.716790485883,-1.248826379447,
    -16.95570990544));
#487 = CARTESIAN_POINT('',(1.858820169561,-1.041032242334,-16.9708867044
    ));
#488 = CARTESIAN_POINT('',(1.974520194976,-0.806547213783,
    -16.98450022593));
#489 = CARTESIAN_POINT('',(2.056795725325,-0.550323989137,-16.9946628512
    ));
#490 = CARTESIAN_POINT('',(2.1,-0.278870054156,-17.));
#491 = CARTESIAN_POINT('',(2.1,-1.33226762955E-15,-17.));
#492 = PCURVE('',#33,#493);
#493 = DEFINITIONAL_REPRESENTATION('',(#494),#545);
#494 = B_SPLINE_CURVE_WITH_KNOTS('',7,(#495,#496,#497,#498,#499,#500,
    #501,#502,#503,#504,#505,#506,#507,#508,#509,#510,#511,#512,#513,
    #514,#515,#516,#517,#518,#519,#520,#521,#522,#523,#524,#525,#526,
    #527,#528,#529,#530,#531,#532,#533,#534,#535,#536,#537,#538,#539,
    #540,#541,#542,#543,#544),.UNSPECIFIED.,.T.,.F.,(8,6,6,6,6,6,6,6,8),
  (0.,0.12269431726,0.250005611115,0.377323528829,0.500000887643,
    0.62270738903,0.750027275279,0.877346800519,1.),.UNSPECIFIED.);
#495 = CARTESIAN_POINT('',(3.14159265359,27.1));
#496 = CARTESIAN_POINT('',(3.158004384087,27.1));
#497 = CARTESIAN_POINT('',(3.17397342053,27.056755626913));
#498 = CARTESIAN_POINT('',(3.189049115165,26.974463131762));
#499 = CARTESIAN_POINT('',(3.202857427919,26.858790815705));
#500 = CARTESIAN_POINT('',(3.215108266398,26.716819137908));
#501 = CARTESIAN_POINT('',(3.225626493544,26.556945775955));
#502 = CARTESIAN_POINT('',(3.243476237695,26.214235050869));
#503 = CARTESIAN_POINT('',(3.250917690315,26.026060501835));
#504 = CARTESIAN_POINT('',(3.256777077428,25.82871052161));
#505 = CARTESIAN_POINT('',(3.261119994288,25.625305894418));
#506 = CARTESIAN_POINT('',(3.263997720616,25.418166319286));
#507 = CARTESIAN_POINT('',(3.265438408965,25.209160749736));
#508 = CARTESIAN_POINT('',(3.265438408965,24.790828367872));
#509 = CARTESIAN_POINT('',(3.263997573398,24.581824975393));
#510 = CARTESIAN_POINT('',(3.261119862425,24.374691577196));
#511 = CARTESIAN_POINT('',(3.256777087503,24.171291223378));
#512 = CARTESIAN_POINT('',(3.250917783755,23.973941372037));
#513 = CARTESIAN_POINT('',(3.243476241013,23.785765012846));
#514 = CARTESIAN_POINT('',(3.225628156824,23.443086158607));
#515 = CARTESIAN_POINT('',(3.215110046847,23.283199021748));
#516 = CARTESIAN_POINT('',(3.202857696237,23.141199727498));
#517 = CARTESIAN_POINT('',(3.18904694103,23.025510572722));
#518 = CARTESIAN_POINT('',(3.173969239602,22.943223828592));
#519 = CARTESIAN_POINT('',(3.15800048633,22.9));
#520 = CARTESIAN_POINT('',(3.125180923093,22.9));
#521 = CARTESIAN_POINT('',(3.10921188665,22.943244373087));
#522 = CARTESIAN_POINT('',(3.094136192015,23.025536868237));
#523 = CARTESIAN_POINT('',(3.080327879261,23.141209184295));
#524 = CARTESIAN_POINT('',(3.068077040781,23.283180862092));
#525 = CARTESIAN_POINT('',(3.057558813636,23.443054224045));
#526 = CARTESIAN_POINT('',(3.039709358631,23.785759397591));
#527 = CARTESIAN_POINT('',(3.032267511878,23.973938666959));
#528 = CARTESIAN_POINT('',(3.026408037557,24.17129534203));
#529 = CARTESIAN_POINT('',(3.022065335092,24.374698641669));
#530 = CARTESIAN_POINT('',(3.019187743277,24.581829095486));
#531 = CARTESIAN_POINT('',(3.017746898214,24.790827774773));
#532 = CARTESIAN_POINT('',(3.017746898214,25.209171632129));
#533 = CARTESIAN_POINT('',(3.019187733781,25.418175024607));
#534 = CARTESIAN_POINT('',(3.022065444754,25.625308422804));
#535 = CARTESIAN_POINT('',(3.026408219676,25.828708776622));
#536 = CARTESIAN_POINT('',(3.032267523424,26.026058627963));
#537 = CARTESIAN_POINT('',(3.039709066166,26.214234987154));
#538 = CARTESIAN_POINT('',(3.057555314971,26.556878602456));
#539 = CARTESIAN_POINT('',(3.068073795366,26.716790485883));
#540 = CARTESIAN_POINT('',(3.080328248574,26.858820169561));
#541 = CARTESIAN_POINT('',(3.094141527661,26.974520194976));
#542 = CARTESIAN_POINT('',(3.109220646054,27.056795725325));
#543 = CARTESIAN_POINT('',(3.125188532757,27.1));
#544 = CARTESIAN_POINT('',(3.14159265359,27.1));
#545 = ( GEOMETRIC_REPRESENTATION_CONTEXT(2) 
PARAMETRIC_REPRESENTATION_CONTEXT() REPRESENTATION_CONTEXT('2D SPACE',''
  ) );
#546 = PCURVE('',#547,#552);
#547 = CYLINDRICAL_SURFACE('',#548,2.1);
#548 = AXIS2_PLACEMENT_3D('',#549,#550,#551);
#549 = CARTESIAN_POINT('',(0.,0.,-20.));
#550 = DIRECTION('',(0.,0.,1.));
#551 = DIRECTION('',(1.,0.,-0.));
#552 = DEFINITIONAL_REPRESENTATION('',(#553),#604);
#553 = B_SPLINE_CURVE_WITH_KNOTS('',7,(#554,#555,#556,#557,#558,#559,
    #560,#561,#562,#563,#564,#565,#566,#567,#568,#569,#570,#571,#572,
    #573,#574,#575,#576,#577,#578,#579,#580,#581,#582,#583,#584,#585,
    #586,#587,#588,#589,#590,#591,#592,#593,#594,#595,#596,#597,#598,
    #599,#600,#601,#602,#603),.UNSPECIFIED.,.F.,.F.,(8,6,6,6,6,6,6,6,8),
  (0.,0.12269431726,0.250005611115,0.377323528829,0.500000887643,
    0.62270738903,0.750027275279,0.877346800519,1.),.UNSPECIFIED.);
#554 = CARTESIAN_POINT('',(0.,3.));
#555 = CARTESIAN_POINT('',(0.132856865928,3.));
#556 = CARTESIAN_POINT('',(0.262129859914,3.005342099247));
#557 = CARTESIAN_POINT('',(0.387943671449,3.015506839541));
#558 = CARTESIAN_POINT('',(0.510124032446,3.029115614542));
#559 = CARTESIAN_POINT('',(0.62824054874,3.044286191503));
#560 = CARTESIAN_POINT('',(0.741457981802,3.059339375333));
#561 = CARTESIAN_POINT('',(0.959019873609,3.087456885756));
#562 = CARTESIAN_POINT('',(1.065853585147,3.100810574067));
#563 = CARTESIAN_POINT('',(1.16972863053,3.112236496636));
#564 = CARTESIAN_POINT('',(1.271417201679,3.1211357469));
#565 = CARTESIAN_POINT('',(1.371669661727,3.127179081083));
#566 = CARTESIAN_POINT('',(1.471195969778,3.130204506278));
#567 = CARTESIAN_POINT('',(1.670401865904,3.130204506278));
#568 = CARTESIAN_POINT('',(1.76992712248,3.127178774719));
#569 = CARTESIAN_POINT('',(1.870176927627,3.12113546236));
#570 = CARTESIAN_POINT('',(1.971863313083,3.11223657293));
#571 = CARTESIAN_POINT('',(2.075737908855,3.100810721554));
#572 = CARTESIAN_POINT('',(2.182572739533,3.087456890983));
#573 = CARTESIAN_POINT('',(2.400114398878,3.059341995386));
#574 = CARTESIAN_POINT('',(2.513336115462,3.044288416858));
#575 = CARTESIAN_POINT('',(2.631469387111,3.029115083));
#576 = CARTESIAN_POINT('',(2.753669231281,3.01550359972));
#577 = CARTESIAN_POINT('',(2.879496646385,3.005339558135));
#578 = CARTESIAN_POINT('',(3.008767340927,3.));
#579 = CARTESIAN_POINT('',(3.274449519518,3.));
#580 = CARTESIAN_POINT('',(3.403722513504,3.005342099247));
#581 = CARTESIAN_POINT('',(3.529536325039,3.015506839541));
#582 = CARTESIAN_POINT('',(3.651716686035,3.029115614542));
#583 = CARTESIAN_POINT('',(3.76983320233,3.044286191503));
#584 = CARTESIAN_POINT('',(3.883050635392,3.059339375333));
#585 = CARTESIAN_POINT('',(4.100609002934,3.087456430283));
#586 = CARTESIAN_POINT('',(4.207446494201,3.100810635881));
#587 = CARTESIAN_POINT('',(4.311324231845,3.112236960685));
#588 = CARTESIAN_POINT('',(4.413011756179,3.121135693001));
#589 = CARTESIAN_POINT('',(4.513260136265,3.127178754131));
#590 = CARTESIAN_POINT('',(4.612783158848,3.130204506278));
#591 = CARTESIAN_POINT('',(4.811994519494,3.130204506278));
#592 = CARTESIAN_POINT('',(4.91151977607,3.127178774719));
#593 = CARTESIAN_POINT('',(5.011769581217,3.12113546236));
#594 = CARTESIAN_POINT('',(5.113455966673,3.11223657293));
#595 = CARTESIAN_POINT('',(5.217330562445,3.100810721554));
#596 = CARTESIAN_POINT('',(5.324165393123,3.087456890983));
#597 = CARTESIAN_POINT('',(5.541684681852,3.059344886545));
#598 = CARTESIAN_POINT('',(5.654917204229,3.044290094553));
#599 = CARTESIAN_POINT('',(5.773071231914,3.029113295597));
#600 = CARTESIAN_POINT('',(5.895289999872,3.015499774066));
#601 = CARTESIAN_POINT('',(6.021126371113,3.005337148795));
#602 = CARTESIAN_POINT('',(6.150390043296,3.));
#603 = CARTESIAN_POINT('',(6.28318530718,3.));
#604 = ( GEOMETRIC_REPRESENTATION_CONTEXT(2) 
PARAMETRIC_REPRESENTATION_CONTEXT() REPRESENTATION_CONTEXT('2D SPACE',''
  ) );
#605 = FACE_BOUND('',#606,.T.);
#606 = EDGE_LOOP('',(#607,#730));
#607 = ORIENTED_EDGE('',*,*,#608,.F.);
#608 = EDGE_CURVE('',#609,#611,#613,.T.);
#609 = VERTEX_POINT('',#610);
#610 = CARTESIAN_POINT('',(-1.421716832771,10.954451150103,13.));
#611 = VERTEX_POINT('',#612);
#612 = CARTESIAN_POINT('',(1.421716832771,10.954451150103,13.));
#613 = SURFACE_CURVE('',#614,(#649,#687),.PCURVE_S1.);
#614 = B_SPLINE_CURVE_WITH_KNOTS('',5,(#615,#616,#617,#618,#619,#620,
    #621,#622,#623,#624,#625,#626,#627,#628,#629,#630,#631,#632,#633,
    #634,#635,#636,#637,#638,#639,#640,#641,#642,#643,#644,#645,#646,
    #647,#648),.UNSPECIFIED.,.F.,.F.,(6,4,4,4,4,4,4,4,6),(0.,
    5.506971378883E-02,9.346422930104E-02,0.197800130493,0.338839937293,
    0.500006042692,0.661062911807,0.801520555528,1.),.UNSPECIFIED.);
#615 = CARTESIAN_POINT('',(-1.421717606827,10.954451862142,12.9999994));
#616 = CARTESIAN_POINT('',(-1.397145124395,10.931848146307,
    13.019046425265));
#617 = CARTESIAN_POINT('',(-1.372051458462,10.909666564772,
    13.037653719506));
#618 = CARTESIAN_POINT('',(-1.346447959278,10.887928155849,
    13.05581047869));
#619 = CARTESIAN_POINT('',(-1.320347449463,10.866653258722,
    13.073506644947));
#620 = CARTESIAN_POINT('',(-1.275230442146,10.831365542225,
    13.102743028348));
#621 = CARTESIAN_POINT('',(-1.256462009853,10.817104411921,
    13.114524741177));
#622 = CARTESIAN_POINT('',(-1.237463764919,10.803084764459,
    13.126074895718));
#623 = CARTESIAN_POINT('',(-1.218240845961,10.78931301345,
    13.137390538288));
#624 = CARTESIAN_POINT('',(-1.145965245103,10.739061498638,
    13.17857404361));
#625 = CARTESIAN_POINT('',(-1.091512401483,10.704203694114,
    13.206927031128));
#626 = CARTESIAN_POINT('',(-1.035550479725,10.671346694875,
    13.233472677184));
#627 = CARTESIAN_POINT('',(-0.978201746225,10.64059949739,
    13.258166438457));
#628 = CARTESIAN_POINT('',(-0.840383959364,10.573469725998,
    13.311805940015));
#629 = CARTESIAN_POINT('',(-0.758885911841,10.538913403972,
    13.339188270634));
#630 = CARTESIAN_POINT('',(-0.675422718423,10.5086071029,13.363043738138
    ));
#631 = CARTESIAN_POINT('',(-0.590343451759,10.482724503396,
    13.383318721109));
#632 = CARTESIAN_POINT('',(-0.405394917048,10.436997799181,
    13.419017626854));
#633 = CARTESIAN_POINT('',(-0.305141035524,10.418540846732,
    13.433337661361));
#634 = CARTESIAN_POINT('',(-0.203791750044,10.40617979898,
    13.442897070147));
#635 = CARTESIAN_POINT('',(-0.101891611125,10.4,13.447676379211));
#636 = CARTESIAN_POINT('',(0.10182255032,10.4,13.447676379211));
#637 = CARTESIAN_POINT('',(0.203653601356,10.406171424406,
    13.442903546973));
#638 = CARTESIAN_POINT('',(0.304934926481,10.418515717465,
    13.433357094818));
#639 = CARTESIAN_POINT('',(0.405123080029,10.43694776983,13.419056442755
    ));
#640 = CARTESIAN_POINT('',(0.589656712352,10.482539785896,
    13.383463140691));
#641 = CARTESIAN_POINT('',(0.674394453141,10.508283110579,
    13.363297799429));
#642 = CARTESIAN_POINT('',(0.757531815119,10.538414509196,
    13.339581242157));
#643 = CARTESIAN_POINT('',(0.838723941444,10.572762786335,
    13.312366289509));
#644 = CARTESIAN_POINT('',(1.029199015292,10.665299151864,
    13.238436640326));
#645 = CARTESIAN_POINT('',(1.136238843933,10.727477908862,
    13.188307625192));
#646 = CARTESIAN_POINT('',(1.237807813012,10.796990685293,
    13.131592546865));
#647 = CARTESIAN_POINT('',(1.333147200133,10.872977786016,
    13.068653545083));
#648 = CARTESIAN_POINT('',(1.421717606818,10.954451862134,
    12.999999400004));
#649 = PCURVE('',#33,#650);
#650 = DEFINITIONAL_REPRESENTATION('',(#651),#686);
#651 = B_SPLINE_CURVE_WITH_KNOTS('',5,(#652,#653,#654,#655,#656,#657,
    #658,#659,#660,#661,#662,#663,#664,#665,#666,#667,#668,#669,#670,
    #671,#672,#673,#674,#675,#676,#677,#678,#679,#680,#681,#682,#683,
    #684,#685),.UNSPECIFIED.,.F.,.F.,(6,4,4,4,4,4,4,4,6),(0.,
    5.506971378883E-02,9.346422930104E-02,0.197800130493,0.338839937293,
    0.500006042692,0.661062911807,0.801520555528,1.),.UNSPECIFIED.);
#652 = CARTESIAN_POINT('',(5.582973696873,23.578282393173));
#653 = CARTESIAN_POINT('',(5.584712444325,23.602854875605));
#654 = CARTESIAN_POINT('',(5.586415535183,23.627948541538));
#655 = CARTESIAN_POINT('',(5.588081624486,23.653552040722));
#656 = CARTESIAN_POINT('',(5.58970942437,23.679652550537));
#657 = CARTESIAN_POINT('',(5.592405050103,23.724769557854));
#658 = CARTESIAN_POINT('',(5.593493186692,23.743537990147));
#659 = CARTESIAN_POINT('',(5.594561697603,23.762536235081));
#660 = CARTESIAN_POINT('',(5.595610183725,23.781759154039));
#661 = CARTESIAN_POINT('',(5.599432036684,23.854034754897));
#662 = CARTESIAN_POINT('',(5.602075126369,23.908487598517));
#663 = CARTESIAN_POINT('',(5.604559840877,23.964449520275));
#664 = CARTESIAN_POINT('',(5.606879579473,24.021798253775));
#665 = CARTESIAN_POINT('',(5.611934161257,24.159616040636));
#666 = CARTESIAN_POINT('',(5.614527671442,24.241114088159));
#667 = CARTESIAN_POINT('',(5.616796417096,24.324577281577));
#668 = CARTESIAN_POINT('',(5.618730433255,24.409656548241));
#669 = CARTESIAN_POINT('',(5.622142879105,24.594605082952));
#670 = CARTESIAN_POINT('',(5.623517032237,24.694858964476));
#671 = CARTESIAN_POINT('',(5.624436221343,24.796208249956));
#672 = CARTESIAN_POINT('',(5.624895766861,24.898108388875));
#673 = CARTESIAN_POINT('',(5.624895766861,25.10182255032));
#674 = CARTESIAN_POINT('',(5.624436844102,25.203653601356));
#675 = CARTESIAN_POINT('',(5.623518900886,25.304934926481));
#676 = CARTESIAN_POINT('',(5.622146603881,25.405123080029));
#677 = CARTESIAN_POINT('',(5.618744225779,25.589656712352));
#678 = CARTESIAN_POINT('',(5.616820636226,25.674394453141));
#679 = CARTESIAN_POINT('',(5.614565028752,25.757531815119));
#680 = CARTESIAN_POINT('',(5.611987224612,25.838723941444));
#681 = CARTESIAN_POINT('',(5.605020032097,26.029199015292));
#682 = CARTESIAN_POINT('',(5.600321878635,26.136238843933));
#683 = CARTESIAN_POINT('',(5.595044719457,26.237807813012));
#684 = CARTESIAN_POINT('',(5.589240933787,26.333147200133));
#685 = CARTESIAN_POINT('',(5.582973696874,26.421717606818));
#686 = ( GEOMETRIC_REPRESENTATION_CONTEXT(2) 
PARAMETRIC_REPRESENTATION_CONTEXT() REPRESENTATION_CONTEXT('2D SPACE',''
  ) );
#687 = PCURVE('',#688,#693);
#688 = CYLINDRICAL_SURFACE('',#689,2.1);
#689 = AXIS2_PLACEMENT_3D('',#690,#691,#692);
#690 = CARTESIAN_POINT('',(0.,12.5,13.));
#691 = DIRECTION('',(0.,0.,1.));
#692 = DIRECTION('',(1.,0.,-0.));
#693 = DEFINITIONAL_REPRESENTATION('',(#694),#729);
#694 = B_SPLINE_CURVE_WITH_KNOTS('',5,(#695,#696,#697,#698,#699,#700,
    #701,#702,#703,#704,#705,#706,#707,#708,#709,#710,#711,#712,#713,
    #714,#715,#716,#717,#718,#719,#720,#721,#722,#723,#724,#725,#726,
    #727,#728),.UNSPECIFIED.,.F.,.F.,(6,4,4,4,4,4,4,4,6),(0.,
    5.506971378883E-02,9.346422930104E-02,0.197800130493,0.338839937293,
    0.500006042692,0.661062911807,0.801520555528,1.),.UNSPECIFIED.);
#695 = CARTESIAN_POINT('',(3.968698816849,-6.E-07));
#696 = CARTESIAN_POINT('',(3.98459769559,1.9046425265E-02));
#697 = CARTESIAN_POINT('',(4.000543135865,3.765371950625E-02));
#698 = CARTESIAN_POINT('',(4.016532769663,5.58104786903E-02));
#699 = CARTESIAN_POINT('',(4.032564184154,7.350664494659E-02));
#700 = CARTESIAN_POINT('',(4.059839413939,0.102743028348));
#701 = CARTESIAN_POINT('',(4.071063024515,0.114524741177));
#702 = CARTESIAN_POINT('',(4.0823049241,0.126074895718));
#703 = CARTESIAN_POINT('',(4.093564289133,0.137390538288));
#704 = CARTESIAN_POINT('',(4.13548251538,0.17857404361));
#705 = CARTESIAN_POINT('',(4.166247773735,0.206927031128));
#706 = CARTESIAN_POINT('',(4.197119467143,0.233472677184));
#707 = CARTESIAN_POINT('',(4.228082239802,0.258166438457));
#708 = CARTESIAN_POINT('',(4.301081088273,0.311805940015));
#709 = CARTESIAN_POINT('',(4.343176745552,0.339188270634));
#710 = CARTESIAN_POINT('',(4.385381310672,0.363043738138));
#711 = CARTESIAN_POINT('',(4.427669177738,0.383318721109));
#712 = CARTESIAN_POINT('',(4.518391764498,0.419017626854));
#713 = CARTESIAN_POINT('',(4.566845741518,0.433337661361));
#714 = CARTESIAN_POINT('',(4.615345292564,0.442897070147));
#715 = CARTESIAN_POINT('',(4.663869165563,0.447676379211));
#716 = CARTESIAN_POINT('',(4.760875909109,0.447676379211));
#717 = CARTESIAN_POINT('',(4.809366883128,0.442903546973));
#718 = CARTESIAN_POINT('',(4.857833588464,0.433357094818));
#719 = CARTESIAN_POINT('',(4.906254815229,0.419056442755));
#720 = CARTESIAN_POINT('',(4.996770211981,0.383463140691));
#721 = CARTESIAN_POINT('',(5.038883919743,0.363297799429));
#722 = CARTESIAN_POINT('',(5.08091519698,0.339581242157));
#723 = CARTESIAN_POINT('',(5.122838772206,0.312366289509));
#724 = CARTESIAN_POINT('',(5.223678481008,0.238436640326));
#725 = CARTESIAN_POINT('',(5.282464183122,0.188307625187));
#726 = CARTESIAN_POINT('',(5.340862103711,0.131592546875));
#727 = CARTESIAN_POINT('',(5.398772351253,6.865354507917E-02));
#728 = CARTESIAN_POINT('',(5.456079143914,-6.E-07));
#729 = ( GEOMETRIC_REPRESENTATION_CONTEXT(2) 
PARAMETRIC_REPRESENTATION_CONTEXT() REPRESENTATION_CONTEXT('2D SPACE',''
  ) );
#730 = ORIENTED_EDGE('',*,*,#731,.T.);
#731 = EDGE_CURVE('',#609,#611,#732,.T.);
#732 = SURFACE_CURVE('',#733,(#737,#743),.PCURVE_S1.);
#733 = LINE('',#734,#735);
#734 = CARTESIAN_POINT('',(-25.,10.954451150103,13.));
#735 = VECTOR('',#736,1.);
#736 = DIRECTION('',(1.,0.,0.));
#737 = PCURVE('',#33,#738);
#738 = DEFINITIONAL_REPRESENTATION('',(#739),#742);
#739 = B_SPLINE_CURVE_WITH_KNOTS('',1,(#740,#741),.UNSPECIFIED.,.F.,.F.,
  (2,2),(22.48,27.52),.PIECEWISE_BEZIER_KNOTS.);
#740 = CARTESIAN_POINT('',(5.582973751645,22.48));
#741 = CARTESIAN_POINT('',(5.582973751645,27.52));
#742 = ( GEOMETRIC_REPRESENTATION_CONTEXT(2) 
PARAMETRIC_REPRESENTATION_CONTEXT() REPRESENTATION_CONTEXT('2D SPACE',''
  ) );
#743 = PCURVE('',#744,#749);
#744 = PLANE('',#745);
#745 = AXIS2_PLACEMENT_3D('',#746,#747,#748);
#746 = CARTESIAN_POINT('',(0.,12.5,13.));
#747 = DIRECTION('',(0.,0.,1.));
#748 = DIRECTION('',(1.,0.,-0.));
#749 = DEFINITIONAL_REPRESENTATION('',(#750),#753);
#750 = B_SPLINE_CURVE_WITH_KNOTS('',1,(#751,#752),.UNSPECIFIED.,.F.,.F.,
  (2,2),(22.48,27.52),.PIECEWISE_BEZIER_KNOTS.);
#751 = CARTESIAN_POINT('',(-2.52,-1.545548849897));
#752 = CARTESIAN_POINT('',(2.52,-1.545548849897));
#753 = ( GEOMETRIC_REPRESENTATION_CONTEXT(2) 
PARAMETRIC_REPRESENTATION_CONTEXT() REPRESENTATION_CONTEXT('2D SPACE',''
  ) );
#754 = ADVANCED_FACE('',(#755),#45,.T.);
#755 = FACE_BOUND('',#756,.T.);
#756 = EDGE_LOOP('',(#757,#787,#815,#836,#837,#838,#861));
#757 = ORIENTED_EDGE('',*,*,#758,.F.);
#758 = EDGE_CURVE('',#759,#761,#763,.T.);
#759 = VERTEX_POINT('',#760);
#760 = CARTESIAN_POINT('',(20.,-20.,18.));
#761 = VERTEX_POINT('',#762);
#762 = CARTESIAN_POINT('',(20.,20.,18.));
#763 = SURFACE_CURVE('',#764,(#768,#775),.PCURVE_S1.);
#764 = LINE('',#765,#766);
#765 = CARTESIAN_POINT('',(20.,-20.,18.));
#766 = VECTOR('',#767,1.);
#767 = DIRECTION('',(-0.,1.,0.));
#768 = PCURVE('',#45,#769);
#769 = DEFINITIONAL_REPRESENTATION('',(#770),#774);
#770 = LINE('',#771,#772);
#771 = CARTESIAN_POINT('',(3.,0.));
#772 = VECTOR('',#773,1.);
#773 = DIRECTION('',(0.,-1.));
#774 = ( GEOMETRIC_REPRESENTATION_CONTEXT(2) 
PARAMETRIC_REPRESENTATION_CONTEXT() REPRESENTATION_CONTEXT('2D SPACE',''
  ) );
#775 = PCURVE('',#776,#781);
#776 = PLANE('',#777);
#777 = AXIS2_PLACEMENT_3D('',#778,#779,#780);
#778 = CARTESIAN_POINT('',(-20.,-20.,18.));
#779 = DIRECTION('',(0.,0.,1.));
#780 = DIRECTION('',(1.,0.,-0.));
#781 = DEFINITIONAL_REPRESENTATION('',(#782),#786);
#782 = LINE('',#783,#784);
#783 = CARTESIAN_POINT('',(40.,0.));
#784 = VECTOR('',#785,1.);
#785 = DIRECTION('',(0.,1.));
#786 = ( GEOMETRIC_REPRESENTATION_CONTEXT(2) 
PARAMETRIC_REPRESENTATION_CONTEXT() REPRESENTATION_CONTEXT('2D SPACE',''
  ) );
#787 = ORIENTED_EDGE('',*,*,#788,.F.);
#788 = EDGE_CURVE('',#789,#759,#791,.T.);
#789 = VERTEX_POINT('',#790);
#790 = CARTESIAN_POINT('',(20.,-20.,15.));
#791 = SURFACE_CURVE('',#792,(#796,#803),.PCURVE_S1.);
#792 = LINE('',#793,#794);
#793 = CARTESIAN_POINT('',(20.,-20.,15.));
#794 = VECTOR('',#795,1.);
#795 = DIRECTION('',(0.,0.,1.));
#796 = PCURVE('',#45,#797);
#797 = DEFINITIONAL_REPRESENTATION('',(#798),#802);
#798 = LINE('',#799,#800);
#799 = CARTESIAN_POINT('',(0.,0.));
#800 = VECTOR('',#801,1.);
#801 = DIRECTION('',(1.,0.));
#802 = ( GEOMETRIC_REPRESENTATION_CONTEXT(2) 
PARAMETRIC_REPRESENTATION_CONTEXT() REPRESENTATION_CONTEXT('2D SPACE',''
  ) );
#803 = PCURVE('',#804,#809);
#804 = PLANE('',#805);
#805 = AXIS2_PLACEMENT_3D('',#806,#807,#808);
#806 = CARTESIAN_POINT('',(-20.,-20.,15.));
#807 = DIRECTION('',(-0.,1.,0.));
#808 = DIRECTION('',(0.,0.,1.));
#809 = DEFINITIONAL_REPRESENTATION('',(#810),#814);
#810 = LINE('',#811,#812);
#811 = CARTESIAN_POINT('',(0.,40.));
#812 = VECTOR('',#813,1.);
#813 = DIRECTION('',(1.,0.));
#814 = ( GEOMETRIC_REPRESENTATION_CONTEXT(2) 
PARAMETRIC_REPRESENTATION_CONTEXT() REPRESENTATION_CONTEXT('2D SPACE',''
  ) );
#815 = ORIENTED_EDGE('',*,*,#816,.T.);
#816 = EDGE_CURVE('',#789,#109,#817,.T.);
#817 = SURFACE_CURVE('',#818,(#822,#829),.PCURVE_S1.);
#818 = LINE('',#819,#820);
#819 = CARTESIAN_POINT('',(20.,-20.,15.));
#820 = VECTOR('',#821,1.);
#821 = DIRECTION('',(-0.,1.,0.));
#822 = PCURVE('',#45,#823);
#823 = DEFINITIONAL_REPRESENTATION('',(#824),#828);
#824 = LINE('',#825,#826);
#825 = CARTESIAN_POINT('',(0.,0.));
#826 = VECTOR('',#827,1.);
#827 = DIRECTION('',(0.,-1.));
#828 = ( GEOMETRIC_REPRESENTATION_CONTEXT(2) 
PARAMETRIC_REPRESENTATION_CONTEXT() REPRESENTATION_CONTEXT('2D SPACE',''
  ) );
#829 = PCURVE('',#147,#830);
#830 = DEFINITIONAL_REPRESENTATION('',(#831),#835);
#831 = LINE('',#832,#833);
#832 = CARTESIAN_POINT('',(40.,0.));
#833 = VECTOR('',#834,1.);
#834 = DIRECTION('',(0.,1.));
#835 = ( GEOMETRIC_REPRESENTATION_CONTEXT(2) 
PARAMETRIC_REPRESENTATION_CONTEXT() REPRESENTATION_CONTEXT('2D SPACE',''
  ) );
#836 = ORIENTED_EDGE('',*,*,#108,.F.);
#837 = ORIENTED_EDGE('',*,*,#21,.F.);
#838 = ORIENTED_EDGE('',*,*,#839,.T.);
#839 = EDGE_CURVE('',#22,#840,#842,.T.);
#840 = VERTEX_POINT('',#841);
#841 = CARTESIAN_POINT('',(20.,20.,15.));
#842 = SURFACE_CURVE('',#843,(#847,#854),.PCURVE_S1.);
#843 = LINE('',#844,#845);
#844 = CARTESIAN_POINT('',(20.,-20.,15.));
#845 = VECTOR('',#846,1.);
#846 = DIRECTION('',(-0.,1.,0.));
#847 = PCURVE('',#45,#848);
#848 = DEFINITIONAL_REPRESENTATION('',(#849),#853);
#849 = LINE('',#850,#851);
#850 = CARTESIAN_POINT('',(0.,0.));
#851 = VECTOR('',#852,1.);
#852 = DIRECTION('',(0.,-1.));
#853 = ( GEOMETRIC_REPRESENTATION_CONTEXT(2) 
PARAMETRIC_REPRESENTATION_CONTEXT() REPRESENTATION_CONTEXT('2D SPACE',''
  ) );
#854 = PCURVE('',#275,#855);
#855 = DEFINITIONAL_REPRESENTATION('',(#856),#860);
#856 = LINE('',#857,#858);
#857 = CARTESIAN_POINT('',(40.,0.));
#858 = VECTOR('',#859,1.);
#859 = DIRECTION('',(0.,1.));
#860 = ( GEOMETRIC_REPRESENTATION_CONTEXT(2) 
PARAMETRIC_REPRESENTATION_CONTEXT() REPRESENTATION_CONTEXT('2D SPACE',''
  ) );
#861 = ORIENTED_EDGE('',*,*,#862,.T.);
#862 = EDGE_CURVE('',#840,#761,#863,.T.);
#863 = SURFACE_CURVE('',#864,(#868,#875),.PCURVE_S1.);
#864 = LINE('',#865,#866);
#865 = CARTESIAN_POINT('',(20.,20.,15.));
#866 = VECTOR('',#867,1.);
#867 = DIRECTION('',(0.,0.,1.));
#868 = PCURVE('',#45,#869);
#869 = DEFINITIONAL_REPRESENTATION('',(#870),#874);
#870 = LINE('',#871,#872);
#871 = CARTESIAN_POINT('',(0.,-40.));
#872 = VECTOR('',#873,1.);
#873 = DIRECTION('',(1.,0.));
#874 = ( GEOMETRIC_REPRESENTATION_CONTEXT(2) 
PARAMETRIC_REPRESENTATION_CONTEXT() REPRESENTATION_CONTEXT('2D SPACE',''
  ) );
#875 = PCURVE('',#876,#881);
#876 = PLANE('',#877);
#877 = AXIS2_PLACEMENT_3D('',#878,#879,#880);
#878 = CARTESIAN_POINT('',(-20.,20.,15.));
#879 = DIRECTION('',(-0.,1.,0.));
#880 = DIRECTION('',(0.,0.,1.));
#881 = DEFINITIONAL_REPRESENTATION('',(#882),#886);
#882 = LINE('',#883,#884);
#883 = CARTESIAN_POINT('',(0.,40.));
#884 = VECTOR('',#885,1.);
#885 = DIRECTION('',(1.,0.));
#886 = ( GEOMETRIC_REPRESENTATION_CONTEXT(2) 
PARAMETRIC_REPRESENTATION_CONTEXT() REPRESENTATION_CONTEXT('2D SPACE',''
  ) );
#887 = ADVANCED_FACE('',(#888,#936),#275,.F.);
#888 = FACE_BOUND('',#889,.F.);
#889 = EDGE_LOOP('',(#890,#913,#914,#915));
#890 = ORIENTED_EDGE('',*,*,#891,.F.);
#891 = EDGE_CURVE('',#239,#892,#894,.T.);
#892 = VERTEX_POINT('',#893);
#893 = CARTESIAN_POINT('',(-20.,20.,15.));
#894 = SURFACE_CURVE('',#895,(#899,#906),.PCURVE_S1.);
#895 = LINE('',#896,#897);
#896 = CARTESIAN_POINT('',(-20.,-20.,15.));
#897 = VECTOR('',#898,1.);
#898 = DIRECTION('',(-0.,1.,0.));
#899 = PCURVE('',#275,#900);
#900 = DEFINITIONAL_REPRESENTATION('',(#901),#905);
#901 = LINE('',#902,#903);
#902 = CARTESIAN_POINT('',(0.,0.));
#903 = VECTOR('',#904,1.);
#904 = DIRECTION('',(0.,1.));
#905 = ( GEOMETRIC_REPRESENTATION_CONTEXT(2) 
PARAMETRIC_REPRESENTATION_CONTEXT() REPRESENTATION_CONTEXT('2D SPACE',''
  ) );
#906 = PCURVE('',#175,#907);
#907 = DEFINITIONAL_REPRESENTATION('',(#908),#912);
#908 = LINE('',#909,#910);
#909 = CARTESIAN_POINT('',(0.,0.));
#910 = VECTOR('',#911,1.);
#911 = DIRECTION('',(0.,-1.));
#912 = ( GEOMETRIC_REPRESENTATION_CONTEXT(2) 
PARAMETRIC_REPRESENTATION_CONTEXT() REPRESENTATION_CONTEXT('2D SPACE',''
  ) );
#913 = ORIENTED_EDGE('',*,*,#262,.T.);
#914 = ORIENTED_EDGE('',*,*,#839,.T.);
#915 = ORIENTED_EDGE('',*,*,#916,.F.);
#916 = EDGE_CURVE('',#892,#840,#917,.T.);
#917 = SURFACE_CURVE('',#918,(#922,#929),.PCURVE_S1.);
#918 = LINE('',#919,#920);
#919 = CARTESIAN_POINT('',(-20.,20.,15.));
#920 = VECTOR('',#921,1.);
#921 = DIRECTION('',(1.,0.,-0.));
#922 = PCURVE('',#275,#923);
#923 = DEFINITIONAL_REPRESENTATION('',(#924),#928);
#924 = LINE('',#925,#926);
#925 = CARTESIAN_POINT('',(0.,40.));
#926 = VECTOR('',#927,1.);
#927 = DIRECTION('',(1.,0.));
#928 = ( GEOMETRIC_REPRESENTATION_CONTEXT(2) 
PARAMETRIC_REPRESENTATION_CONTEXT() REPRESENTATION_CONTEXT('2D SPACE',''
  ) );
#929 = PCURVE('',#876,#930);
#930 = DEFINITIONAL_REPRESENTATION('',(#931),#935);
#931 = LINE('',#932,#933);
#932 = CARTESIAN_POINT('',(0.,0.));
#933 = VECTOR('',#934,1.);
#934 = DIRECTION('',(0.,1.));
#935 = ( GEOMETRIC_REPRESENTATION_CONTEXT(2) 
PARAMETRIC_REPRESENTATION_CONTEXT() REPRESENTATION_CONTEXT('2D SPACE',''
  ) );
#936 = FACE_BOUND('',#937,.F.);
#937 = EDGE_LOOP('',(#938));
#938 = ORIENTED_EDGE('',*,*,#939,.F.);
#939 = EDGE_CURVE('',#940,#940,#942,.T.);
#940 = VERTEX_POINT('',#941);
#941 = CARTESIAN_POINT('',(2.1,12.5,15.));
#942 = SURFACE_CURVE('',#943,(#948,#955),.PCURVE_S1.);
#943 = CIRCLE('',#944,2.1);
#944 = AXIS2_PLACEMENT_3D('',#945,#946,#947);
#945 = CARTESIAN_POINT('',(0.,12.5,15.));
#946 = DIRECTION('',(0.,0.,1.));
#947 = DIRECTION('',(1.,0.,-0.));
#948 = PCURVE('',#275,#949);
#949 = DEFINITIONAL_REPRESENTATION('',(#950),#954);
#950 = CIRCLE('',#951,2.1);
#951 = AXIS2_PLACEMENT_2D('',#952,#953);
#952 = CARTESIAN_POINT('',(20.,32.5));
#953 = DIRECTION('',(1.,0.));
#954 = ( GEOMETRIC_REPRESENTATION_CONTEXT(2) 
PARAMETRIC_REPRESENTATION_CONTEXT() REPRESENTATION_CONTEXT('2D SPACE',''
  ) );
#955 = PCURVE('',#956,#961);
#956 = CYLINDRICAL_SURFACE('',#957,2.1);
#957 = AXIS2_PLACEMENT_3D('',#958,#959,#960);
#958 = CARTESIAN_POINT('',(0.,12.5,13.));
#959 = DIRECTION('',(0.,0.,1.));
#960 = DIRECTION('',(1.,0.,-0.));
#961 = DEFINITIONAL_REPRESENTATION('',(#962),#966);
#962 = LINE('',#963,#964);
#963 = CARTESIAN_POINT('',(0.,2.));
#964 = VECTOR('',#965,1.);
#965 = DIRECTION('',(1.,0.));
#966 = ( GEOMETRIC_REPRESENTATION_CONTEXT(2) 
PARAMETRIC_REPRESENTATION_CONTEXT() REPRESENTATION_CONTEXT('2D SPACE',''
  ) );
#967 = ADVANCED_FACE('',(#968),#175,.F.);
#968 = FACE_BOUND('',#969,.F.);
#969 = EDGE_LOOP('',(#970,#995,#1018,#1039,#1040,#1041,#1042));
#970 = ORIENTED_EDGE('',*,*,#971,.F.);
#971 = EDGE_CURVE('',#972,#974,#976,.T.);
#972 = VERTEX_POINT('',#973);
#973 = CARTESIAN_POINT('',(-20.,-20.,18.));
#974 = VERTEX_POINT('',#975);
#975 = CARTESIAN_POINT('',(-20.,20.,18.));
#976 = SURFACE_CURVE('',#977,(#981,#988),.PCURVE_S1.);
#977 = LINE('',#978,#979);
#978 = CARTESIAN_POINT('',(-20.,-20.,18.));
#979 = VECTOR('',#980,1.);
#980 = DIRECTION('',(-0.,1.,0.));
#981 = PCURVE('',#175,#982);
#982 = DEFINITIONAL_REPRESENTATION('',(#983),#987);
#983 = LINE('',#984,#985);
#984 = CARTESIAN_POINT('',(3.,0.));
#985 = VECTOR('',#986,1.);
#986 = DIRECTION('',(0.,-1.));
#987 = ( GEOMETRIC_REPRESENTATION_CONTEXT(2) 
PARAMETRIC_REPRESENTATION_CONTEXT() REPRESENTATION_CONTEXT('2D SPACE',''
  ) );
#988 = PCURVE('',#776,#989);
#989 = DEFINITIONAL_REPRESENTATION('',(#990),#994);
#990 = LINE('',#991,#992);
#991 = CARTESIAN_POINT('',(0.,0.));
#992 = VECTOR('',#993,1.);
#993 = DIRECTION('',(0.,1.));
#994 = ( GEOMETRIC_REPRESENTATION_CONTEXT(2) 
PARAMETRIC_REPRESENTATION_CONTEXT() REPRESENTATION_CONTEXT('2D SPACE',''
  ) );
#995 = ORIENTED_EDGE('',*,*,#996,.F.);
#996 = EDGE_CURVE('',#997,#972,#999,.T.);
#997 = VERTEX_POINT('',#998);
#998 = CARTESIAN_POINT('',(-20.,-20.,15.));
#999 = SURFACE_CURVE('',#1000,(#1004,#1011),.PCURVE_S1.);
#1000 = LINE('',#1001,#1002);
#1001 = CARTESIAN_POINT('',(-20.,-20.,15.));
#1002 = VECTOR('',#1003,1.);
#1003 = DIRECTION('',(0.,0.,1.));
#1004 = PCURVE('',#175,#1005);
#1005 = DEFINITIONAL_REPRESENTATION('',(#1006),#1010);
#1006 = LINE('',#1007,#1008);
#1007 = CARTESIAN_POINT('',(0.,0.));
#1008 = VECTOR('',#1009,1.);
#1009 = DIRECTION('',(1.,0.));
#1010 = ( GEOMETRIC_REPRESENTATION_CONTEXT(2) 
PARAMETRIC_REPRESENTATION_CONTEXT() REPRESENTATION_CONTEXT('2D SPACE',''
  ) );
#1011 = PCURVE('',#804,#1012);
#1012 = DEFINITIONAL_REPRESENTATION('',(#1013),#1017);
#1013 = LINE('',#1014,#1015);
#1014 = CARTESIAN_POINT('',(0.,0.));
#1015 = VECTOR('',#1016,1.);
#1016 = DIRECTION('',(1.,0.));
#1017 = ( GEOMETRIC_REPRESENTATION_CONTEXT(2) 
PARAMETRIC_REPRESENTATION_CONTEXT() REPRESENTATION_CONTEXT('2D SPACE',''
  ) );
#1018 = ORIENTED_EDGE('',*,*,#1019,.T.);
#1019 = EDGE_CURVE('',#997,#133,#1020,.T.);
#1020 = SURFACE_CURVE('',#1021,(#1025,#1032),.PCURVE_S1.);
#1021 = LINE('',#1022,#1023);
#1022 = CARTESIAN_POINT('',(-20.,-20.,15.));
#1023 = VECTOR('',#1024,1.);
#1024 = DIRECTION('',(-0.,1.,0.));
#1025 = PCURVE('',#175,#1026);
#1026 = DEFINITIONAL_REPRESENTATION('',(#1027),#1031);
#1027 = LINE('',#1028,#1029);
#1028 = CARTESIAN_POINT('',(0.,0.));
#1029 = VECTOR('',#1030,1.);
#1030 = DIRECTION('',(0.,-1.));
#1031 = ( GEOMETRIC_REPRESENTATION_CONTEXT(2) 
PARAMETRIC_REPRESENTATION_CONTEXT() REPRESENTATION_CONTEXT('2D SPACE',''
  ) );
#1032 = PCURVE('',#147,#1033);
#1033 = DEFINITIONAL_REPRESENTATION('',(#1034),#1038);
#1034 = LINE('',#1035,#1036);
#1035 = CARTESIAN_POINT('',(0.,0.));
#1036 = VECTOR('',#1037,1.);
#1037 = DIRECTION('',(0.,1.));
#1038 = ( GEOMETRIC_REPRESENTATION_CONTEXT(2) 
PARAMETRIC_REPRESENTATION_CONTEXT() REPRESENTATION_CONTEXT('2D SPACE',''
  ) );
#1039 = ORIENTED_EDGE('',*,*,#158,.F.);
#1040 = ORIENTED_EDGE('',*,*,#238,.F.);
#1041 = ORIENTED_EDGE('',*,*,#891,.T.);
#1042 = ORIENTED_EDGE('',*,*,#1043,.T.);
#1043 = EDGE_CURVE('',#892,#974,#1044,.T.);
#1044 = SURFACE_CURVE('',#1045,(#1049,#1056),.PCURVE_S1.);
#1045 = LINE('',#1046,#1047);
#1046 = CARTESIAN_POINT('',(-20.,20.,15.));
#1047 = VECTOR('',#1048,1.);
#1048 = DIRECTION('',(0.,0.,1.));
#1049 = PCURVE('',#175,#1050);
#1050 = DEFINITIONAL_REPRESENTATION('',(#1051),#1055);
#1051 = LINE('',#1052,#1053);
#1052 = CARTESIAN_POINT('',(0.,-40.));
#1053 = VECTOR('',#1054,1.);
#1054 = DIRECTION('',(1.,0.));
#1055 = ( GEOMETRIC_REPRESENTATION_CONTEXT(2) 
PARAMETRIC_REPRESENTATION_CONTEXT() REPRESENTATION_CONTEXT('2D SPACE',''
  ) );
#1056 = PCURVE('',#876,#1057);
#1057 = DEFINITIONAL_REPRESENTATION('',(#1058),#1062);
#1058 = LINE('',#1059,#1060);
#1059 = CARTESIAN_POINT('',(0.,0.));
#1060 = VECTOR('',#1061,1.);
#1061 = DIRECTION('',(1.,0.));
#1062 = ( GEOMETRIC_REPRESENTATION_CONTEXT(2) 
PARAMETRIC_REPRESENTATION_CONTEXT() REPRESENTATION_CONTEXT('2D SPACE',''
  ) );
#1063 = ADVANCED_FACE('',(#1064,#1067),#225,.F.);
#1064 = FACE_BOUND('',#1065,.F.);
#1065 = EDGE_LOOP('',(#1066));
#1066 = ORIENTED_EDGE('',*,*,#210,.T.);
#1067 = FACE_BOUND('',#1068,.F.);
#1068 = EDGE_LOOP('',(#1069));
#1069 = ORIENTED_EDGE('',*,*,#1070,.F.);
#1070 = EDGE_CURVE('',#1071,#1071,#1073,.T.);
#1071 = VERTEX_POINT('',#1072);
#1072 = CARTESIAN_POINT('',(-25.,3.673940397442E-15,15.));
#1073 = SURFACE_CURVE('',#1074,(#1079,#1086),.PCURVE_S1.);
#1074 = CIRCLE('',#1075,15.);
#1075 = AXIS2_PLACEMENT_3D('',#1076,#1077,#1078);
#1076 = CARTESIAN_POINT('',(-25.,0.,0.));
#1077 = DIRECTION('',(1.,0.,0.));
#1078 = DIRECTION('',(-0.,0.,1.));
#1079 = PCURVE('',#225,#1080);
#1080 = DEFINITIONAL_REPRESENTATION('',(#1081),#1085);
#1081 = CIRCLE('',#1082,15.);
#1082 = AXIS2_PLACEMENT_2D('',#1083,#1084);
#1083 = CARTESIAN_POINT('',(0.,0.));
#1084 = DIRECTION('',(1.,0.));
#1085 = ( GEOMETRIC_REPRESENTATION_CONTEXT(2) 
PARAMETRIC_REPRESENTATION_CONTEXT() REPRESENTATION_CONTEXT('2D SPACE',''
  ) );
#1086 = PCURVE('',#1087,#1092);
#1087 = CYLINDRICAL_SURFACE('',#1088,15.);
#1088 = AXIS2_PLACEMENT_3D('',#1089,#1090,#1091);
#1089 = CARTESIAN_POINT('',(-26.,0.,0.));
#1090 = DIRECTION('',(1.,0.,0.));
#1091 = DIRECTION('',(-0.,0.,1.));
#1092 = DEFINITIONAL_REPRESENTATION('',(#1093),#1097);
#1093 = LINE('',#1094,#1095);
#1094 = CARTESIAN_POINT('',(0.,1.));
#1095 = VECTOR('',#1096,1.);
#1096 = DIRECTION('',(1.,0.));
#1097 = ( GEOMETRIC_REPRESENTATION_CONTEXT(2) 
PARAMETRIC_REPRESENTATION_CONTEXT() REPRESENTATION_CONTEXT('2D SPACE',''
  ) );
#1098 = ADVANCED_FACE('',(#1099,#1125),#147,.F.);
#1099 = FACE_BOUND('',#1100,.F.);
#1100 = EDGE_LOOP('',(#1101,#1102,#1123,#1124));
#1101 = ORIENTED_EDGE('',*,*,#1019,.F.);
#1102 = ORIENTED_EDGE('',*,*,#1103,.T.);
#1103 = EDGE_CURVE('',#997,#789,#1104,.T.);
#1104 = SURFACE_CURVE('',#1105,(#1109,#1116),.PCURVE_S1.);
#1105 = LINE('',#1106,#1107);
#1106 = CARTESIAN_POINT('',(-20.,-20.,15.));
#1107 = VECTOR('',#1108,1.);
#1108 = DIRECTION('',(1.,0.,-0.));
#1109 = PCURVE('',#147,#1110);
#1110 = DEFINITIONAL_REPRESENTATION('',(#1111),#1115);
#1111 = LINE('',#1112,#1113);
#1112 = CARTESIAN_POINT('',(0.,0.));
#1113 = VECTOR('',#1114,1.);
#1114 = DIRECTION('',(1.,0.));
#1115 = ( GEOMETRIC_REPRESENTATION_CONTEXT(2) 
PARAMETRIC_REPRESENTATION_CONTEXT() REPRESENTATION_CONTEXT('2D SPACE',''
  ) );
#1116 = PCURVE('',#804,#1117);
#1117 = DEFINITIONAL_REPRESENTATION('',(#1118),#1122);
#1118 = LINE('',#1119,#1120);
#1119 = CARTESIAN_POINT('',(0.,0.));
#1120 = VECTOR('',#1121,1.);
#1121 = DIRECTION('',(0.,1.));
#1122 = ( GEOMETRIC_REPRESENTATION_CONTEXT(2) 
PARAMETRIC_REPRESENTATION_CONTEXT() REPRESENTATION_CONTEXT('2D SPACE',''
  ) );
#1123 = ORIENTED_EDGE('',*,*,#816,.T.);
#1124 = ORIENTED_EDGE('',*,*,#132,.F.);
#1125 = FACE_BOUND('',#1126,.F.);
#1126 = EDGE_LOOP('',(#1127));
#1127 = ORIENTED_EDGE('',*,*,#1128,.F.);
#1128 = EDGE_CURVE('',#1129,#1129,#1131,.T.);
#1129 = VERTEX_POINT('',#1130);
#1130 = CARTESIAN_POINT('',(2.1,-12.5,15.));
#1131 = SURFACE_CURVE('',#1132,(#1137,#1144),.PCURVE_S1.);
#1132 = CIRCLE('',#1133,2.1);
#1133 = AXIS2_PLACEMENT_3D('',#1134,#1135,#1136);
#1134 = CARTESIAN_POINT('',(0.,-12.5,15.));
#1135 = DIRECTION('',(0.,0.,1.));
#1136 = DIRECTION('',(1.,0.,-0.));
#1137 = PCURVE('',#147,#1138);
#1138 = DEFINITIONAL_REPRESENTATION('',(#1139),#1143);
#1139 = CIRCLE('',#1140,2.1);
#1140 = AXIS2_PLACEMENT_2D('',#1141,#1142);
#1141 = CARTESIAN_POINT('',(20.,7.5));
#1142 = DIRECTION('',(1.,0.));
#1143 = ( GEOMETRIC_REPRESENTATION_CONTEXT(2) 
PARAMETRIC_REPRESENTATION_CONTEXT() REPRESENTATION_CONTEXT('2D SPACE',''
  ) );
#1144 = PCURVE('',#1145,#1150);
#1145 = CYLINDRICAL_SURFACE('',#1146,2.1);
#1146 = AXIS2_PLACEMENT_3D('',#1147,#1148,#1149);
#1147 = CARTESIAN_POINT('',(0.,-12.5,13.));
#1148 = DIRECTION('',(0.,0.,1.));
#1149 = DIRECTION('',(1.,0.,-0.));
#1150 = DEFINITIONAL_REPRESENTATION('',(#1151),#1155);
#1151 = LINE('',#1152,#1153);
#1152 = CARTESIAN_POINT('',(0.,2.));
#1153 = VECTOR('',#1154,1.);
#1154 = DIRECTION('',(1.,0.));
#1155 = ( GEOMETRIC_REPRESENTATION_CONTEXT(2) 
PARAMETRIC_REPRESENTATION_CONTEXT() REPRESENTATION_CONTEXT('2D SPACE',''
  ) );
#1156 = ADVANCED_FACE('',(#1157,#1160),#95,.T.);
#1157 = FACE_BOUND('',#1158,.T.);
#1158 = EDGE_LOOP('',(#1159));
#1159 = ORIENTED_EDGE('',*,*,#80,.T.);
#1160 = FACE_BOUND('',#1161,.T.);
#1161 = EDGE_LOOP('',(#1162));
#1162 = ORIENTED_EDGE('',*,*,#1163,.F.);
#1163 = EDGE_CURVE('',#1164,#1164,#1166,.T.);
#1164 = VERTEX_POINT('',#1165);
#1165 = CARTESIAN_POINT('',(25.,3.673940397442E-15,15.));
#1166 = SURFACE_CURVE('',#1167,(#1172,#1179),.PCURVE_S1.);
#1167 = CIRCLE('',#1168,15.);
#1168 = AXIS2_PLACEMENT_3D('',#1169,#1170,#1171);
#1169 = CARTESIAN_POINT('',(25.,0.,0.));
#1170 = DIRECTION('',(1.,0.,0.));
#1171 = DIRECTION('',(-0.,0.,1.));
#1172 = PCURVE('',#95,#1173);
#1173 = DEFINITIONAL_REPRESENTATION('',(#1174),#1178);
#1174 = CIRCLE('',#1175,15.);
#1175 = AXIS2_PLACEMENT_2D('',#1176,#1177);
#1176 = CARTESIAN_POINT('',(0.,0.));
#1177 = DIRECTION('',(1.,0.));
#1178 = ( GEOMETRIC_REPRESENTATION_CONTEXT(2) 
PARAMETRIC_REPRESENTATION_CONTEXT() REPRESENTATION_CONTEXT('2D SPACE',''
  ) );
#1179 = PCURVE('',#1087,#1180);
#1180 = DEFINITIONAL_REPRESENTATION('',(#1181),#1185);
#1181 = LINE('',#1182,#1183);
#1182 = CARTESIAN_POINT('',(0.,51.));
#1183 = VECTOR('',#1184,1.);
#1184 = DIRECTION('',(1.,0.));
#1185 = ( GEOMETRIC_REPRESENTATION_CONTEXT(2) 
PARAMETRIC_REPRESENTATION_CONTEXT() REPRESENTATION_CONTEXT('2D SPACE',''
  ) );
#1186 = ADVANCED_FACE('',(#1187),#368,.F.);
#1187 = FACE_BOUND('',#1188,.F.);
#1188 = EDGE_LOOP('',(#1189,#1190));
#1189 = ORIENTED_EDGE('',*,*,#288,.F.);
#1190 = ORIENTED_EDGE('',*,*,#1191,.T.);
#1191 = EDGE_CURVE('',#289,#291,#1192,.T.);
#1192 = SURFACE_CURVE('',#1193,(#1198,#1205),.PCURVE_S1.);
#1193 = CIRCLE('',#1194,2.1);
#1194 = AXIS2_PLACEMENT_3D('',#1195,#1196,#1197);
#1195 = CARTESIAN_POINT('',(0.,-12.5,13.));
#1196 = DIRECTION('',(0.,0.,1.));
#1197 = DIRECTION('',(1.,0.,-0.));
#1198 = PCURVE('',#368,#1199);
#1199 = DEFINITIONAL_REPRESENTATION('',(#1200),#1204);
#1200 = LINE('',#1201,#1202);
#1201 = CARTESIAN_POINT('',(0.,0.));
#1202 = VECTOR('',#1203,1.);
#1203 = DIRECTION('',(1.,0.));
#1204 = ( GEOMETRIC_REPRESENTATION_CONTEXT(2) 
PARAMETRIC_REPRESENTATION_CONTEXT() REPRESENTATION_CONTEXT('2D SPACE',''
  ) );
#1205 = PCURVE('',#424,#1206);
#1206 = DEFINITIONAL_REPRESENTATION('',(#1207),#1211);
#1207 = CIRCLE('',#1208,2.1);
#1208 = AXIS2_PLACEMENT_2D('',#1209,#1210);
#1209 = CARTESIAN_POINT('',(0.,0.));
#1210 = DIRECTION('',(1.,0.));
#1211 = ( GEOMETRIC_REPRESENTATION_CONTEXT(2) 
PARAMETRIC_REPRESENTATION_CONTEXT() REPRESENTATION_CONTEXT('2D SPACE',''
  ) );
#1212 = ADVANCED_FACE('',(#1213),#424,.T.);
#1213 = FACE_BOUND('',#1214,.T.);
#1214 = EDGE_LOOP('',(#1215,#1216));
#1215 = ORIENTED_EDGE('',*,*,#411,.T.);
#1216 = ORIENTED_EDGE('',*,*,#1191,.T.);
#1217 = ADVANCED_FACE('',(#1218),#547,.F.);
#1218 = FACE_BOUND('',#1219,.F.);
#1219 = EDGE_LOOP('',(#1220,#1384,#1405,#1406));
#1220 = ORIENTED_EDGE('',*,*,#1221,.F.);
#1221 = EDGE_CURVE('',#1222,#1222,#1224,.T.);
#1222 = VERTEX_POINT('',#1223);
#1223 = CARTESIAN_POINT('',(2.1,-5.143516556419E-16,-15.));
#1224 = SURFACE_CURVE('',#1225,(#1276,#1330),.PCURVE_S1.);
#1225 = B_SPLINE_CURVE_WITH_KNOTS('',7,(#1226,#1227,#1228,#1229,#1230,
    #1231,#1232,#1233,#1234,#1235,#1236,#1237,#1238,#1239,#1240,#1241,
    #1242,#1243,#1244,#1245,#1246,#1247,#1248,#1249,#1250,#1251,#1252,
    #1253,#1254,#1255,#1256,#1257,#1258,#1259,#1260,#1261,#1262,#1263,
    #1264,#1265,#1266,#1267,#1268,#1269,#1270,#1271,#1272,#1273,#1274,
    #1275),.UNSPECIFIED.,.T.,.F.,(8,6,6,6,6,6,6,6,8),(0.,0.122716139953,
    0.250005595627,0.377301866714,0.500000928337,0.622729310281,
    0.750027474114,0.877325332449,1.),.UNSPECIFIED.);
#1226 = CARTESIAN_POINT('',(2.1,-1.33226762955E-15,-15.));
#1227 = CARTESIAN_POINT('',(2.1,0.279114841086,-15.));
#1228 = CARTESIAN_POINT('',(2.056719856138,0.550621833632,
    -14.99394058823));
#1229 = CARTESIAN_POINT('',(1.97440314705,0.806764978539,-14.98241728871
    ));
#1230 = CARTESIAN_POINT('',(1.858731309421,1.041123175926,
    -14.96699160453));
#1231 = CARTESIAN_POINT('',(1.716777447743,1.248816226172,
    -14.94978966022));
#1232 = CARTESIAN_POINT('',(1.556927443575,1.426969220229,-14.9327152988
    ));
#1233 = CARTESIAN_POINT('',(1.214315032154,1.729022692112,
    -14.90081861724));
#1234 = CARTESIAN_POINT('',(1.026203302003,1.854812629014,
    -14.88566483757));
#1235 = CARTESIAN_POINT('',(0.828882909752,1.953784201403,-14.8726902789
    ));
#1236 = CARTESIAN_POINT('',(0.625469654372,2.027106735307,
    -14.86257921381));
#1237 = CARTESIAN_POINT('',(0.41828888408,2.075681346836,-14.85571100596
    ));
#1238 = CARTESIAN_POINT('',(0.209223235024,2.1,-14.85227255338));
#1239 = CARTESIAN_POINT('',(-0.209234437388,2.1,-14.85227255338));
#1240 = CARTESIAN_POINT('',(-0.418298020869,2.075678787251,
    -14.85571136488));
#1241 = CARTESIAN_POINT('',(-0.625472426287,2.027104376749,
    -14.86257955539));
#1242 = CARTESIAN_POINT('',(-0.828881170036,1.953784318804,
    -14.87269019772));
#1243 = CARTESIAN_POINT('',(-1.026201274602,1.854814262741,
    -14.88566466089));
#1244 = CARTESIAN_POINT('',(-1.214314783462,1.729022911364,
    -14.90081859409));
#1245 = CARTESIAN_POINT('',(-1.556895276153,1.426997579627,
    -14.93271230406));
#1246 = CARTESIAN_POINT('',(-1.716759150151,1.248846638305,
    -14.94978711743));
#1247 = CARTESIAN_POINT('',(-1.858740856377,1.041127821908,
    -14.96699221715));
#1248 = CARTESIAN_POINT('',(-1.974429654425,0.806727799116,
    -14.98242098978));
#1249 = CARTESIAN_POINT('',(-2.056740539635,0.550550223874,
    -14.99394348792));
#1250 = CARTESIAN_POINT('',(-2.1,0.27904815939,-15.));
#1251 = CARTESIAN_POINT('',(-2.1,-0.279114841086,-15.));
#1252 = CARTESIAN_POINT('',(-2.056719856138,-0.550621833632,
    -14.99394058823));
#1253 = CARTESIAN_POINT('',(-1.97440314705,-0.806764978539,
    -14.98241728871));
#1254 = CARTESIAN_POINT('',(-1.858731309421,-1.041123175926,
    -14.96699160453));
#1255 = CARTESIAN_POINT('',(-1.716777447742,-1.248816226171,
    -14.94978966022));
#1256 = CARTESIAN_POINT('',(-1.556927443575,-1.426969220229,
    -14.9327152988));
#1257 = CARTESIAN_POINT('',(-1.214320499662,-1.729017871856,
    -14.90081912626));
#1258 = CARTESIAN_POINT('',(-1.026204030399,-1.854814467231,
    -14.88566476047));
#1259 = CARTESIAN_POINT('',(-0.828877040143,-1.953787403223,
    -14.87268975536));
#1260 = CARTESIAN_POINT('',(-0.625465293994,-2.027106265677,
    -14.86257928826));
#1261 = CARTESIAN_POINT('',(-0.418293779898,-2.075678646908,
    -14.85571138535));
#1262 = CARTESIAN_POINT('',(-0.20923494631,-2.1,-14.85227255338));
#1263 = CARTESIAN_POINT('',(0.209234444176,-2.1,-14.85227255338));
#1264 = CARTESIAN_POINT('',(0.418298004289,-2.075678785534,
    -14.85571136503));
#1265 = CARTESIAN_POINT('',(0.625472438262,-2.027104384877,
    -14.86257955456));
#1266 = CARTESIAN_POINT('',(0.828881175992,-1.953784303542,
    -14.87269019934));
#1267 = CARTESIAN_POINT('',(1.026201261388,-1.854814276428,
    -14.88566465942));
#1268 = CARTESIAN_POINT('',(1.214314789364,-1.729022906161,
    -14.90081859464));
#1269 = CARTESIAN_POINT('',(1.556859746021,-1.427028903651,
    -14.93270899626));
#1270 = CARTESIAN_POINT('',(1.71674862236,-1.248871651566,
    -14.94978520486));
#1271 = CARTESIAN_POINT('',(1.858760923558,-1.041116958035,
    -14.9669942657));
#1272 = CARTESIAN_POINT('',(1.974460649573,-0.806673727462,
    -14.98242535667));
#1273 = CARTESIAN_POINT('',(2.05676028448,-0.550471778572,
    -14.99394624532));
#1274 = CARTESIAN_POINT('',(2.1,-0.278984464686,-15.));
#1275 = CARTESIAN_POINT('',(2.1,-1.33226762955E-15,-15.));
#1276 = PCURVE('',#547,#1277);
#1277 = DEFINITIONAL_REPRESENTATION('',(#1278),#1329);
#1278 = B_SPLINE_CURVE_WITH_KNOTS('',7,(#1279,#1280,#1281,#1282,#1283,
    #1284,#1285,#1286,#1287,#1288,#1289,#1290,#1291,#1292,#1293,#1294,
    #1295,#1296,#1297,#1298,#1299,#1300,#1301,#1302,#1303,#1304,#1305,
    #1306,#1307,#1308,#1309,#1310,#1311,#1312,#1313,#1314,#1315,#1316,
    #1317,#1318,#1319,#1320,#1321,#1322,#1323,#1324,#1325,#1326,#1327,
    #1328),.UNSPECIFIED.,.F.,.F.,(8,6,6,6,6,6,6,6,8),(0.,0.122716139953,
    0.250005595627,0.377301866714,0.500000928337,0.622729310281,
    0.750027474114,0.877325332449,1.),.UNSPECIFIED.);
#1279 = CARTESIAN_POINT('',(0.,5.));
#1280 = CARTESIAN_POINT('',(0.132911829089,5.));
#1281 = CARTESIAN_POINT('',(0.262200783289,5.006059411762));
#1282 = CARTESIAN_POINT('',(0.388008999379,5.017582711289));
#1283 = CARTESIAN_POINT('',(0.51017263393,5.033008395469));
#1284 = CARTESIAN_POINT('',(0.628269582204,5.050210339774));
#1285 = CARTESIAN_POINT('',(0.741469619685,5.067284701199));
#1286 = CARTESIAN_POINT('',(0.95896909936,5.099181382754));
#1287 = CARTESIAN_POINT('',(1.065774497183,5.114335162424));
#1288 = CARTESIAN_POINT('',(1.169640913774,5.127309721099));
#1289 = CARTESIAN_POINT('',(1.271337781004,5.137420786188));
#1290 = CARTESIAN_POINT('',(1.371611295788,5.144288994037));
#1291 = CARTESIAN_POINT('',(1.471166214879,5.147727446616));
#1292 = CARTESIAN_POINT('',(1.67043177317,5.147727446616));
#1293 = CARTESIAN_POINT('',(1.769985693489,5.144288635115));
#1294 = CARTESIAN_POINT('',(1.870256473945,5.13742044461));
#1295 = CARTESIAN_POINT('',(1.971951041641,5.127309802272));
#1296 = CARTESIAN_POINT('',(2.075816925157,5.114335339108));
#1297 = CARTESIAN_POINT('',(2.182623396353,5.099181405907));
#1298 = CARTESIAN_POINT('',(2.400102613169,5.067287695936));
#1299 = CARTESIAN_POINT('',(2.51330696195,5.05021288257));
#1300 = CARTESIAN_POINT('',(2.631420806018,5.033007782845));
#1301 = CARTESIAN_POINT('',(2.753604070727,5.017579010214));
#1302 = CARTESIAN_POINT('',(2.879425977551,5.006056512078));
#1303 = CARTESIAN_POINT('',(3.00871257769,5.));
#1304 = CARTESIAN_POINT('',(3.274504482678,5.));
#1305 = CARTESIAN_POINT('',(3.403793436879,5.006059411762));
#1306 = CARTESIAN_POINT('',(3.529601652968,5.017582711289));
#1307 = CARTESIAN_POINT('',(3.651765287521,5.033008395469));
#1308 = CARTESIAN_POINT('',(3.769862235794,5.050210339774));
#1309 = CARTESIAN_POINT('',(3.883062273274,5.067284701199));
#1310 = CARTESIAN_POINT('',(4.10055828203,5.099180873737));
#1311 = CARTESIAN_POINT('',(4.207367459136,5.114335239521));
#1312 = CARTESIAN_POINT('',(4.311236508754,5.127310244634));
#1313 = CARTESIAN_POINT('',(4.41293224598,5.137420711731));
#1314 = CARTESIAN_POINT('',(4.513201622414,5.144288614644));
#1315 = CARTESIAN_POINT('',(4.612753291666,5.147727446616));
#1316 = CARTESIAN_POINT('',(4.812024429992,5.147727446616));
#1317 = CARTESIAN_POINT('',(4.911578339589,5.144288634962));
#1318 = CARTESIAN_POINT('',(5.011849131659,5.137420445431));
#1319 = CARTESIAN_POINT('',(5.113543700784,5.127309800656));
#1320 = CARTESIAN_POINT('',(5.21740957006,5.114335340572));
#1321 = CARTESIAN_POINT('',(5.32421605369,5.099181405357));
#1322 = CARTESIAN_POINT('',(5.541672711286,5.067291003736));
#1323 = CARTESIAN_POINT('',(5.654887988965,5.050214795134));
#1324 = CARTESIAN_POINT('',(5.773022741938,5.033005734295));
#1325 = CARTESIAN_POINT('',(5.89522506366,5.017574643326));
#1326 = CARTESIAN_POINT('',(6.021055992288,5.006053754678));
#1327 = CARTESIAN_POINT('',(6.150335562091,5.));
#1328 = CARTESIAN_POINT('',(6.28318530718,5.));
#1329 = ( GEOMETRIC_REPRESENTATION_CONTEXT(2) 
PARAMETRIC_REPRESENTATION_CONTEXT() REPRESENTATION_CONTEXT('2D SPACE',''
  ) );
#1330 = PCURVE('',#1087,#1331);
#1331 = DEFINITIONAL_REPRESENTATION('',(#1332),#1383);
#1332 = B_SPLINE_CURVE_WITH_KNOTS('',7,(#1333,#1334,#1335,#1336,#1337,
    #1338,#1339,#1340,#1341,#1342,#1343,#1344,#1345,#1346,#1347,#1348,
    #1349,#1350,#1351,#1352,#1353,#1354,#1355,#1356,#1357,#1358,#1359,
    #1360,#1361,#1362,#1363,#1364,#1365,#1366,#1367,#1368,#1369,#1370,
    #1371,#1372,#1373,#1374,#1375,#1376,#1377,#1378,#1379,#1380,#1381,
    #1382),.UNSPECIFIED.,.T.,.F.,(8,6,6,6,6,6,6,6,8),(0.,0.122716139953,
    0.250005595627,0.377301866714,0.500000928337,0.622729310281,
    0.750027474114,0.877325332449,1.),.UNSPECIFIED.);
#1333 = CARTESIAN_POINT('',(3.14159265359,28.1));
#1334 = CARTESIAN_POINT('',(3.160200309662,28.1));
#1335 = CARTESIAN_POINT('',(3.17830078725,28.056719856138));
#1336 = CARTESIAN_POINT('',(3.195387456318,27.97440314705));
#1337 = CARTESIAN_POINT('',(3.211040514867,27.858731309421));
#1338 = CARTESIAN_POINT('',(3.224932241537,27.716777447743));
#1339 = CARTESIAN_POINT('',(3.236862964266,27.556927443575));
#1340 = CARTESIAN_POINT('',(3.257111826859,27.214315032154));
#1341 = CARTESIAN_POINT('',(3.265557545504,27.026203302004));
#1342 = CARTESIAN_POINT('',(3.272211790023,26.828882909751));
#1343 = CARTESIAN_POINT('',(3.277146178834,26.625469654372));
#1344 = CARTESIAN_POINT('',(3.280416699794,26.41828888408));
#1345 = CARTESIAN_POINT('',(3.2820540683,26.209223235024));
#1346 = CARTESIAN_POINT('',(3.2820540683,25.790765562612));
#1347 = CARTESIAN_POINT('',(3.28041652751,25.581701979131));
#1348 = CARTESIAN_POINT('',(3.277146019915,25.374527573713));
#1349 = CARTESIAN_POINT('',(3.272211798534,25.171118829964));
#1350 = CARTESIAN_POINT('',(3.265557655012,24.973798725398));
#1351 = CARTESIAN_POINT('',(3.257111841557,24.785685216538));
#1352 = CARTESIAN_POINT('',(3.236864865405,24.443104723847));
#1353 = CARTESIAN_POINT('',(3.224934275892,24.283240849849));
#1354 = CARTESIAN_POINT('',(3.211040818457,24.141259143623));
#1355 = CARTESIAN_POINT('',(3.195384969728,24.025570345575));
#1356 = CARTESIAN_POINT('',(3.178296013251,23.943259460365));
#1357 = CARTESIAN_POINT('',(3.160195864216,23.9));
#1358 = CARTESIAN_POINT('',(3.122984997517,23.9));
#1359 = CARTESIAN_POINT('',(3.104884519929,23.943280143862));
#1360 = CARTESIAN_POINT('',(3.087797850862,24.02559685295));
#1361 = CARTESIAN_POINT('',(3.072144792312,24.141268690579));
#1362 = CARTESIAN_POINT('',(3.058253065643,24.283222552258));
#1363 = CARTESIAN_POINT('',(3.046322342914,24.443072556425));
#1364 = CARTESIAN_POINT('',(3.026073803458,24.785679500338));
#1365 = CARTESIAN_POINT('',(3.017627639325,24.973795969601));
#1366 = CARTESIAN_POINT('',(3.010973301129,25.171122959857));
#1367 = CARTESIAN_POINT('',(3.006039159958,25.374534706006));
#1368 = CARTESIAN_POINT('',(3.002768789165,25.581706220102));
#1369 = CARTESIAN_POINT('',(3.00113123888,25.79076505369));
#1370 = CARTESIAN_POINT('',(3.00113123888,26.209234444176));
#1371 = CARTESIAN_POINT('',(3.002768779785,26.418298004289));
#1372 = CARTESIAN_POINT('',(3.00603928672,26.625472438262));
#1373 = CARTESIAN_POINT('',(3.010973509668,26.828881175992));
#1374 = CARTESIAN_POINT('',(3.01762765125,27.026201261388));
#1375 = CARTESIAN_POINT('',(3.026073465971,27.214314789364));
#1376 = CARTESIAN_POINT('',(3.046318341895,27.556859746021));
#1377 = CARTESIAN_POINT('',(3.058249359539,27.71674862236));
#1378 = CARTESIAN_POINT('',(3.072145222575,27.858760923558));
#1379 = CARTESIAN_POINT('',(3.08780395022,27.974460649573));
#1380 = CARTESIAN_POINT('',(3.104894523389,28.05676028448));
#1381 = CARTESIAN_POINT('',(3.122993689277,28.1));
#1382 = CARTESIAN_POINT('',(3.14159265359,28.1));
#1383 = ( GEOMETRIC_REPRESENTATION_CONTEXT(2) 
PARAMETRIC_REPRESENTATION_CONTEXT() REPRESENTATION_CONTEXT('2D SPACE',''
  ) );
#1384 = ORIENTED_EDGE('',*,*,#1385,.F.);
#1385 = EDGE_CURVE('',#438,#1222,#1386,.T.);
#1386 = SEAM_CURVE('',#1387,(#1391,#1398),.PCURVE_S1.);
#1387 = LINE('',#1388,#1389);
#1388 = CARTESIAN_POINT('',(2.1,-5.143516556419E-16,-20.));
#1389 = VECTOR('',#1390,1.);
#1390 = DIRECTION('',(0.,0.,1.));
#1391 = PCURVE('',#547,#1392);
#1392 = DEFINITIONAL_REPRESENTATION('',(#1393),#1397);
#1393 = LINE('',#1394,#1395);
#1394 = CARTESIAN_POINT('',(6.28318530718,-0.));
#1395 = VECTOR('',#1396,1.);
#1396 = DIRECTION('',(0.,1.));
#1397 = ( GEOMETRIC_REPRESENTATION_CONTEXT(2) 
PARAMETRIC_REPRESENTATION_CONTEXT() REPRESENTATION_CONTEXT('2D SPACE',''
  ) );
#1398 = PCURVE('',#547,#1399);
#1399 = DEFINITIONAL_REPRESENTATION('',(#1400),#1404);
#1400 = LINE('',#1401,#1402);
#1401 = CARTESIAN_POINT('',(0.,-0.));
#1402 = VECTOR('',#1403,1.);
#1403 = DIRECTION('',(0.,1.));
#1404 = ( GEOMETRIC_REPRESENTATION_CONTEXT(2) 
PARAMETRIC_REPRESENTATION_CONTEXT() REPRESENTATION_CONTEXT('2D SPACE',''
  ) );
#1405 = ORIENTED_EDGE('',*,*,#437,.T.);
#1406 = ORIENTED_EDGE('',*,*,#1385,.T.);
#1407 = ADVANCED_FACE('',(#1408),#688,.F.);
#1408 = FACE_BOUND('',#1409,.F.);
#1409 = EDGE_LOOP('',(#1410,#1411));
#1410 = ORIENTED_EDGE('',*,*,#608,.F.);
#1411 = ORIENTED_EDGE('',*,*,#1412,.T.);
#1412 = EDGE_CURVE('',#609,#611,#1413,.T.);
#1413 = SURFACE_CURVE('',#1414,(#1419,#1426),.PCURVE_S1.);
#1414 = CIRCLE('',#1415,2.1);
#1415 = AXIS2_PLACEMENT_3D('',#1416,#1417,#1418);
#1416 = CARTESIAN_POINT('',(0.,12.5,13.));
#1417 = DIRECTION('',(0.,0.,1.));
#1418 = DIRECTION('',(1.,0.,-0.));
#1419 = PCURVE('',#688,#1420);
#1420 = DEFINITIONAL_REPRESENTATION('',(#1421),#1425);
#1421 = LINE('',#1422,#1423);
#1422 = CARTESIAN_POINT('',(0.,0.));
#1423 = VECTOR('',#1424,1.);
#1424 = DIRECTION('',(1.,0.));
#1425 = ( GEOMETRIC_REPRESENTATION_CONTEXT(2) 
PARAMETRIC_REPRESENTATION_CONTEXT() REPRESENTATION_CONTEXT('2D SPACE',''
  ) );
#1426 = PCURVE('',#744,#1427);
#1427 = DEFINITIONAL_REPRESENTATION('',(#1428),#1432);
#1428 = CIRCLE('',#1429,2.1);
#1429 = AXIS2_PLACEMENT_2D('',#1430,#1431);
#1430 = CARTESIAN_POINT('',(0.,0.));
#1431 = DIRECTION('',(1.,0.));
#1432 = ( GEOMETRIC_REPRESENTATION_CONTEXT(2) 
PARAMETRIC_REPRESENTATION_CONTEXT() REPRESENTATION_CONTEXT('2D SPACE',''
  ) );
#1433 = ADVANCED_FACE('',(#1434),#744,.T.);
#1434 = FACE_BOUND('',#1435,.T.);
#1435 = EDGE_LOOP('',(#1436,#1437));
#1436 = ORIENTED_EDGE('',*,*,#731,.F.);
#1437 = ORIENTED_EDGE('',*,*,#1412,.T.);
#1438 = ADVANCED_FACE('',(#1439,#1485,#1511,#1542,#1573,#1604),#776,.T.
  );
#1439 = FACE_BOUND('',#1440,.T.);
#1440 = EDGE_LOOP('',(#1441,#1442,#1463,#1464));
#1441 = ORIENTED_EDGE('',*,*,#971,.F.);
#1442 = ORIENTED_EDGE('',*,*,#1443,.T.);
#1443 = EDGE_CURVE('',#972,#759,#1444,.T.);
#1444 = SURFACE_CURVE('',#1445,(#1449,#1456),.PCURVE_S1.);
#1445 = LINE('',#1446,#1447);
#1446 = CARTESIAN_POINT('',(-20.,-20.,18.));
#1447 = VECTOR('',#1448,1.);
#1448 = DIRECTION('',(1.,0.,-0.));
#1449 = PCURVE('',#776,#1450);
#1450 = DEFINITIONAL_REPRESENTATION('',(#1451),#1455);
#1451 = LINE('',#1452,#1453);
#1452 = CARTESIAN_POINT('',(0.,0.));
#1453 = VECTOR('',#1454,1.);
#1454 = DIRECTION('',(1.,0.));
#1455 = ( GEOMETRIC_REPRESENTATION_CONTEXT(2) 
PARAMETRIC_REPRESENTATION_CONTEXT() REPRESENTATION_CONTEXT('2D SPACE',''
  ) );
#1456 = PCURVE('',#804,#1457);
#1457 = DEFINITIONAL_REPRESENTATION('',(#1458),#1462);
#1458 = LINE('',#1459,#1460);
#1459 = CARTESIAN_POINT('',(3.,0.));
#1460 = VECTOR('',#1461,1.);
#1461 = DIRECTION('',(0.,1.));
#1462 = ( GEOMETRIC_REPRESENTATION_CONTEXT(2) 
PARAMETRIC_REPRESENTATION_CONTEXT() REPRESENTATION_CONTEXT('2D SPACE',''
  ) );
#1463 = ORIENTED_EDGE('',*,*,#758,.T.);
#1464 = ORIENTED_EDGE('',*,*,#1465,.F.);
#1465 = EDGE_CURVE('',#974,#761,#1466,.T.);
#1466 = SURFACE_CURVE('',#1467,(#1471,#1478),.PCURVE_S1.);
#1467 = LINE('',#1468,#1469);
#1468 = CARTESIAN_POINT('',(-20.,20.,18.));
#1469 = VECTOR('',#1470,1.);
#1470 = DIRECTION('',(1.,0.,-0.));
#1471 = PCURVE('',#776,#1472);
#1472 = DEFINITIONAL_REPRESENTATION('',(#1473),#1477);
#1473 = LINE('',#1474,#1475);
#1474 = CARTESIAN_POINT('',(0.,40.));
#1475 = VECTOR('',#1476,1.);
#1476 = DIRECTION('',(1.,0.));
#1477 = ( GEOMETRIC_REPRESENTATION_CONTEXT(2) 
PARAMETRIC_REPRESENTATION_CONTEXT() REPRESENTATION_CONTEXT('2D SPACE',''
  ) );
#1478 = PCURVE('',#876,#1479);
#1479 = DEFINITIONAL_REPRESENTATION('',(#1480),#1484);
#1480 = LINE('',#1481,#1482);
#1481 = CARTESIAN_POINT('',(3.,0.));
#1482 = VECTOR('',#1483,1.);
#1483 = DIRECTION('',(0.,1.));
#1484 = ( GEOMETRIC_REPRESENTATION_CONTEXT(2) 
PARAMETRIC_REPRESENTATION_CONTEXT() REPRESENTATION_CONTEXT('2D SPACE',''
  ) );
#1485 = FACE_BOUND('',#1486,.T.);
#1486 = EDGE_LOOP('',(#1487));
#1487 = ORIENTED_EDGE('',*,*,#1488,.F.);
#1488 = EDGE_CURVE('',#1489,#1489,#1491,.T.);
#1489 = VERTEX_POINT('',#1490);
#1490 = CARTESIAN_POINT('',(2.1,-12.5,18.));
#1491 = SURFACE_CURVE('',#1492,(#1497,#1504),.PCURVE_S1.);
#1492 = CIRCLE('',#1493,2.1);
#1493 = AXIS2_PLACEMENT_3D('',#1494,#1495,#1496);
#1494 = CARTESIAN_POINT('',(0.,-12.5,18.));
#1495 = DIRECTION('',(0.,0.,1.));
#1496 = DIRECTION('',(1.,0.,-0.));
#1497 = PCURVE('',#776,#1498);
#1498 = DEFINITIONAL_REPRESENTATION('',(#1499),#1503);
#1499 = CIRCLE('',#1500,2.1);
#1500 = AXIS2_PLACEMENT_2D('',#1501,#1502);
#1501 = CARTESIAN_POINT('',(20.,7.5));
#1502 = DIRECTION('',(1.,0.));
#1503 = ( GEOMETRIC_REPRESENTATION_CONTEXT(2) 
PARAMETRIC_REPRESENTATION_CONTEXT() REPRESENTATION_CONTEXT('2D SPACE',''
  ) );
#1504 = PCURVE('',#1145,#1505);
#1505 = DEFINITIONAL_REPRESENTATION('',(#1506),#1510);
#1506 = LINE('',#1507,#1508);
#1507 = CARTESIAN_POINT('',(0.,5.));
#1508 = VECTOR('',#1509,1.);
#1509 = DIRECTION('',(1.,0.));
#1510 = ( GEOMETRIC_REPRESENTATION_CONTEXT(2) 
PARAMETRIC_REPRESENTATION_CONTEXT() REPRESENTATION_CONTEXT('2D SPACE',''
  ) );
#1511 = FACE_BOUND('',#1512,.T.);
#1512 = EDGE_LOOP('',(#1513));
#1513 = ORIENTED_EDGE('',*,*,#1514,.F.);
#1514 = EDGE_CURVE('',#1515,#1515,#1517,.T.);
#1515 = VERTEX_POINT('',#1516);
#1516 = CARTESIAN_POINT('',(-10.4,-5.143516556419E-16,18.));
#1517 = SURFACE_CURVE('',#1518,(#1523,#1530),.PCURVE_S1.);
#1518 = CIRCLE('',#1519,2.1);
#1519 = AXIS2_PLACEMENT_3D('',#1520,#1521,#1522);
#1520 = CARTESIAN_POINT('',(-12.5,0.,18.));
#1521 = DIRECTION('',(0.,0.,1.));
#1522 = DIRECTION('',(1.,0.,-0.));
#1523 = PCURVE('',#776,#1524);
#1524 = DEFINITIONAL_REPRESENTATION('',(#1525),#1529);
#1525 = CIRCLE('',#1526,2.1);
#1526 = AXIS2_PLACEMENT_2D('',#1527,#1528);
#1527 = CARTESIAN_POINT('',(7.5,20.));
#1528 = DIRECTION('',(1.,0.));
#1529 = ( GEOMETRIC_REPRESENTATION_CONTEXT(2) 
PARAMETRIC_REPRESENTATION_CONTEXT() REPRESENTATION_CONTEXT('2D SPACE',''
  ) );
#1530 = PCURVE('',#1531,#1536);
#1531 = CYLINDRICAL_SURFACE('',#1532,2.1);
#1532 = AXIS2_PLACEMENT_3D('',#1533,#1534,#1535);
#1533 = CARTESIAN_POINT('',(-12.5,0.,13.));
#1534 = DIRECTION('',(0.,0.,1.));
#1535 = DIRECTION('',(1.,0.,-0.));
#1536 = DEFINITIONAL_REPRESENTATION('',(#1537),#1541);
#1537 = LINE('',#1538,#1539);
#1538 = CARTESIAN_POINT('',(0.,5.));
#1539 = VECTOR('',#1540,1.);
#1540 = DIRECTION('',(1.,0.));
#1541 = ( GEOMETRIC_REPRESENTATION_CONTEXT(2) 
PARAMETRIC_REPRESENTATION_CONTEXT() REPRESENTATION_CONTEXT('2D SPACE',''
  ) );
#1542 = FACE_BOUND('',#1543,.T.);
#1543 = EDGE_LOOP('',(#1544));
#1544 = ORIENTED_EDGE('',*,*,#1545,.F.);
#1545 = EDGE_CURVE('',#1546,#1546,#1548,.T.);
#1546 = VERTEX_POINT('',#1547);
#1547 = CARTESIAN_POINT('',(2.1,-5.143516556419E-16,18.));
#1548 = SURFACE_CURVE('',#1549,(#1554,#1561),.PCURVE_S1.);
#1549 = CIRCLE('',#1550,2.1);
#1550 = AXIS2_PLACEMENT_3D('',#1551,#1552,#1553);
#1551 = CARTESIAN_POINT('',(0.,0.,18.));
#1552 = DIRECTION('',(0.,0.,1.));
#1553 = DIRECTION('',(1.,0.,-0.));
#1554 = PCURVE('',#776,#1555);
#1555 = DEFINITIONAL_REPRESENTATION('',(#1556),#1560);
#1556 = CIRCLE('',#1557,2.1);
#1557 = AXIS2_PLACEMENT_2D('',#1558,#1559);
#1558 = CARTESIAN_POINT('',(20.,20.));
#1559 = DIRECTION('',(1.,0.));
#1560 = ( GEOMETRIC_REPRESENTATION_CONTEXT(2) 
PARAMETRIC_REPRESENTATION_CONTEXT() REPRESENTATION_CONTEXT('2D SPACE',''
  ) );
#1561 = PCURVE('',#1562,#1567);
#1562 = CYLINDRICAL_SURFACE('',#1563,2.1);
#1563 = AXIS2_PLACEMENT_3D('',#1564,#1565,#1566);
#1564 = CARTESIAN_POINT('',(0.,0.,-20.));
#1565 = DIRECTION('',(0.,0.,1.));
#1566 = DIRECTION('',(1.,0.,-0.));
#1567 = DEFINITIONAL_REPRESENTATION('',(#1568),#1572);
#1568 = LINE('',#1569,#1570);
#1569 = CARTESIAN_POINT('',(0.,38.));
#1570 = VECTOR('',#1571,1.);
#1571 = DIRECTION('',(1.,0.));
#1572 = ( GEOMETRIC_REPRESENTATION_CONTEXT(2) 
PARAMETRIC_REPRESENTATION_CONTEXT() REPRESENTATION_CONTEXT('2D SPACE',''
  ) );
#1573 = FACE_BOUND('',#1574,.T.);
#1574 = EDGE_LOOP('',(#1575));
#1575 = ORIENTED_EDGE('',*,*,#1576,.F.);
#1576 = EDGE_CURVE('',#1577,#1577,#1579,.T.);
#1577 = VERTEX_POINT('',#1578);
#1578 = CARTESIAN_POINT('',(14.6,-5.143516556419E-16,18.));
#1579 = SURFACE_CURVE('',#1580,(#1585,#1592),.PCURVE_S1.);
#1580 = CIRCLE('',#1581,2.1);
#1581 = AXIS2_PLACEMENT_3D('',#1582,#1583,#1584);
#1582 = CARTESIAN_POINT('',(12.5,0.,18.));
#1583 = DIRECTION('',(0.,0.,1.));
#1584 = DIRECTION('',(1.,0.,-0.));
#1585 = PCURVE('',#776,#1586);
#1586 = DEFINITIONAL_REPRESENTATION('',(#1587),#1591);
#1587 = CIRCLE('',#1588,2.1);
#1588 = AXIS2_PLACEMENT_2D('',#1589,#1590);
#1589 = CARTESIAN_POINT('',(32.5,20.));
#1590 = DIRECTION('',(1.,0.));
#1591 = ( GEOMETRIC_REPRESENTATION_CONTEXT(2) 
PARAMETRIC_REPRESENTATION_CONTEXT() REPRESENTATION_CONTEXT('2D SPACE',''
  ) );
#1592 = PCURVE('',#1593,#1598);
#1593 = CYLINDRICAL_SURFACE('',#1594,2.1);
#1594 = AXIS2_PLACEMENT_3D('',#1595,#1596,#1597);
#1595 = CARTESIAN_POINT('',(12.5,0.,13.));
#1596 = DIRECTION('',(0.,0.,1.));
#1597 = DIRECTION('',(1.,0.,-0.));
#1598 = DEFINITIONAL_REPRESENTATION('',(#1599),#1603);
#1599 = LINE('',#1600,#1601);
#1600 = CARTESIAN_POINT('',(0.,5.));
#1601 = VECTOR('',#1602,1.);
#1602 = DIRECTION('',(1.,0.));
#1603 = ( GEOMETRIC_REPRESENTATION_CONTEXT(2) 
PARAMETRIC_REPRESENTATION_CONTEXT() REPRESENTATION_CONTEXT('2D SPACE',''
  ) );
#1604 = FACE_BOUND('',#1605,.T.);
#1605 = EDGE_LOOP('',(#1606));
#1606 = ORIENTED_EDGE('',*,*,#1607,.F.);
#1607 = EDGE_CURVE('',#1608,#1608,#1610,.T.);
#1608 = VERTEX_POINT('',#1609);
#1609 = CARTESIAN_POINT('',(2.1,12.5,18.));
#1610 = SURFACE_CURVE('',#1611,(#1616,#1623),.PCURVE_S1.);
#1611 = CIRCLE('',#1612,2.1);
#1612 = AXIS2_PLACEMENT_3D('',#1613,#1614,#1615);
#1613 = CARTESIAN_POINT('',(0.,12.5,18.));
#1614 = DIRECTION('',(0.,0.,1.));
#1615 = DIRECTION('',(1.,0.,-0.));
#1616 = PCURVE('',#776,#1617);
#1617 = DEFINITIONAL_REPRESENTATION('',(#1618),#1622);
#1618 = CIRCLE('',#1619,2.1);
#1619 = AXIS2_PLACEMENT_2D('',#1620,#1621);
#1620 = CARTESIAN_POINT('',(20.,32.5));
#1621 = DIRECTION('',(1.,0.));
#1622 = ( GEOMETRIC_REPRESENTATION_CONTEXT(2) 
PARAMETRIC_REPRESENTATION_CONTEXT() REPRESENTATION_CONTEXT('2D SPACE',''
  ) );
#1623 = PCURVE('',#956,#1624);
#1624 = DEFINITIONAL_REPRESENTATION('',(#1625),#1629);
#1625 = LINE('',#1626,#1627);
#1626 = CARTESIAN_POINT('',(0.,5.));
#1627 = VECTOR('',#1628,1.);
#1628 = DIRECTION('',(1.,0.));
#1629 = ( GEOMETRIC_REPRESENTATION_CONTEXT(2) 
PARAMETRIC_REPRESENTATION_CONTEXT() REPRESENTATION_CONTEXT('2D SPACE',''
  ) );
#1630 = ADVANCED_FACE('',(#1631),#876,.T.);
#1631 = FACE_BOUND('',#1632,.T.);
#1632 = EDGE_LOOP('',(#1633,#1634,#1635,#1636));
#1633 = ORIENTED_EDGE('',*,*,#916,.F.);
#1634 = ORIENTED_EDGE('',*,*,#1043,.T.);
#1635 = ORIENTED_EDGE('',*,*,#1465,.T.);
#1636 = ORIENTED_EDGE('',*,*,#862,.F.);
#1637 = ADVANCED_FACE('',(#1638),#804,.F.);
#1638 = FACE_BOUND('',#1639,.F.);
#1639 = EDGE_LOOP('',(#1640,#1641,#1642,#1643));
#1640 = ORIENTED_EDGE('',*,*,#1103,.F.);
#1641 = ORIENTED_EDGE('',*,*,#996,.T.);
#1642 = ORIENTED_EDGE('',*,*,#1443,.T.);
#1643 = ORIENTED_EDGE('',*,*,#788,.F.);
#1644 = ADVANCED_FACE('',(#1645),#956,.F.);
#1645 = FACE_BOUND('',#1646,.F.);
#1646 = EDGE_LOOP('',(#1647,#1648,#1669,#1670));
#1647 = ORIENTED_EDGE('',*,*,#1607,.F.);
#1648 = ORIENTED_EDGE('',*,*,#1649,.F.);
#1649 = EDGE_CURVE('',#940,#1608,#1650,.T.);
#1650 = SEAM_CURVE('',#1651,(#1655,#1662),.PCURVE_S1.);
#1651 = LINE('',#1652,#1653);
#1652 = CARTESIAN_POINT('',(2.1,12.5,13.));
#1653 = VECTOR('',#1654,1.);
#1654 = DIRECTION('',(0.,0.,1.));
#1655 = PCURVE('',#956,#1656);
#1656 = DEFINITIONAL_REPRESENTATION('',(#1657),#1661);
#1657 = LINE('',#1658,#1659);
#1658 = CARTESIAN_POINT('',(6.28318530718,-0.));
#1659 = VECTOR('',#1660,1.);
#1660 = DIRECTION('',(0.,1.));
#1661 = ( GEOMETRIC_REPRESENTATION_CONTEXT(2) 
PARAMETRIC_REPRESENTATION_CONTEXT() REPRESENTATION_CONTEXT('2D SPACE',''
  ) );
#1662 = PCURVE('',#956,#1663);
#1663 = DEFINITIONAL_REPRESENTATION('',(#1664),#1668);
#1664 = LINE('',#1665,#1666);
#1665 = CARTESIAN_POINT('',(0.,-0.));
#1666 = VECTOR('',#1667,1.);
#1667 = DIRECTION('',(0.,1.));
#1668 = ( GEOMETRIC_REPRESENTATION_CONTEXT(2) 
PARAMETRIC_REPRESENTATION_CONTEXT() REPRESENTATION_CONTEXT('2D SPACE',''
  ) );
#1669 = ORIENTED_EDGE('',*,*,#939,.T.);
#1670 = ORIENTED_EDGE('',*,*,#1649,.T.);
#1671 = ADVANCED_FACE('',(#1672,#2316),#1087,.F.);
#1672 = FACE_BOUND('',#1673,.F.);
#1673 = EDGE_LOOP('',(#1674,#1675,#1698,#1790,#1813,#1905,#1928,#2020,
    #2041,#2042,#2043,#2133,#2134,#2224,#2225,#2315));
#1674 = ORIENTED_EDGE('',*,*,#1163,.F.);
#1675 = ORIENTED_EDGE('',*,*,#1676,.F.);
#1676 = EDGE_CURVE('',#1677,#1164,#1679,.T.);
#1677 = VERTEX_POINT('',#1678);
#1678 = CARTESIAN_POINT('',(14.6,1.5797943709E-15,15.));
#1679 = SEAM_CURVE('',#1680,(#1684,#1691),.PCURVE_S1.);
#1680 = LINE('',#1681,#1682);
#1681 = CARTESIAN_POINT('',(-26.,3.673940397442E-15,15.));
#1682 = VECTOR('',#1683,1.);
#1683 = DIRECTION('',(1.,0.,0.));
#1684 = PCURVE('',#1087,#1685);
#1685 = DEFINITIONAL_REPRESENTATION('',(#1686),#1690);
#1686 = LINE('',#1687,#1688);
#1687 = CARTESIAN_POINT('',(6.28318530718,-0.));
#1688 = VECTOR('',#1689,1.);
#1689 = DIRECTION('',(0.,1.));
#1690 = ( GEOMETRIC_REPRESENTATION_CONTEXT(2) 
PARAMETRIC_REPRESENTATION_CONTEXT() REPRESENTATION_CONTEXT('2D SPACE',''
  ) );
#1691 = PCURVE('',#1087,#1692);
#1692 = DEFINITIONAL_REPRESENTATION('',(#1693),#1697);
#1693 = LINE('',#1694,#1695);
#1694 = CARTESIAN_POINT('',(0.,-0.));
#1695 = VECTOR('',#1696,1.);
#1696 = DIRECTION('',(0.,1.));
#1697 = ( GEOMETRIC_REPRESENTATION_CONTEXT(2) 
PARAMETRIC_REPRESENTATION_CONTEXT() REPRESENTATION_CONTEXT('2D SPACE',''
  ) );
#1698 = ORIENTED_EDGE('',*,*,#1699,.F.);
#1699 = EDGE_CURVE('',#1700,#1677,#1702,.T.);
#1700 = VERTEX_POINT('',#1701);
#1701 = CARTESIAN_POINT('',(10.4,3.673940397442E-15,15.));
#1702 = SURFACE_CURVE('',#1703,(#1730,#1760),.PCURVE_S1.);
#1703 = B_SPLINE_CURVE_WITH_KNOTS('',7,(#1704,#1705,#1706,#1707,#1708,
    #1709,#1710,#1711,#1712,#1713,#1714,#1715,#1716,#1717,#1718,#1719,
    #1720,#1721,#1722,#1723,#1724,#1725,#1726,#1727,#1728,#1729),
  .UNSPECIFIED.,.F.,.F.,(8,6,6,6,8),(0.,0.245457225641,0.500054032253,
    0.754650219609,1.),.UNSPECIFIED.);
#1704 = CARTESIAN_POINT('',(10.4,4.440892098501E-16,15.));
#1705 = CARTESIAN_POINT('',(10.4,-0.279114841086,15.));
#1706 = CARTESIAN_POINT('',(10.443280143862,-0.550621833632,
    14.993940588238));
#1707 = CARTESIAN_POINT('',(10.52559685295,-0.80676497854,
    14.982417288711));
#1708 = CARTESIAN_POINT('',(10.641268690579,-1.041123175926,
    14.966991604531));
#1709 = CARTESIAN_POINT('',(10.783222552258,-1.248816226172,
    14.949789660226));
#1710 = CARTESIAN_POINT('',(10.943072556425,-1.426969220229,
    14.932715298801));
#1711 = CARTESIAN_POINT('',(11.285679500338,-1.729017871856,
    14.900819126263));
#1712 = CARTESIAN_POINT('',(11.473795969601,-1.854814467231,
    14.885664760479));
#1713 = CARTESIAN_POINT('',(11.671122959856,-1.953787403223,
    14.872689755366));
#1714 = CARTESIAN_POINT('',(11.874534706006,-2.027106265677,
    14.862579288269));
#1715 = CARTESIAN_POINT('',(12.081706220102,-2.075678646908,
    14.855711385356));
#1716 = CARTESIAN_POINT('',(12.29076505369,-2.1,14.852272553384));
#1717 = CARTESIAN_POINT('',(12.709234437388,-2.1,14.852272553384));
#1718 = CARTESIAN_POINT('',(12.918298020869,-2.075678787251,
    14.855711364885));
#1719 = CARTESIAN_POINT('',(13.125472426287,-2.02710437675,
    14.86257955539));
#1720 = CARTESIAN_POINT('',(13.328881170036,-1.953784318804,
    14.872690197728));
#1721 = CARTESIAN_POINT('',(13.526201274602,-1.854814262741,
    14.885664660892));
#1722 = CARTESIAN_POINT('',(13.714314783462,-1.729022911364,
    14.900818594093));
#1723 = CARTESIAN_POINT('',(14.05685974602,-1.427028903652,
    14.932708996264));
#1724 = CARTESIAN_POINT('',(14.21674862236,-1.248871651567,
    14.949785204866));
#1725 = CARTESIAN_POINT('',(14.358760923559,-1.041116958034,
    14.966994265705));
#1726 = CARTESIAN_POINT('',(14.474460649573,-0.806673727463,
    14.982425356674));
#1727 = CARTESIAN_POINT('',(14.55676028448,-0.550471778571,
    14.993946245322));
#1728 = CARTESIAN_POINT('',(14.6,-0.278984464688,15.));
#1729 = CARTESIAN_POINT('',(14.6,-4.440892098501E-16,15.));
#1730 = PCURVE('',#1087,#1731);
#1731 = DEFINITIONAL_REPRESENTATION('',(#1732),#1759);
#1732 = B_SPLINE_CURVE_WITH_KNOTS('',7,(#1733,#1734,#1735,#1736,#1737,
    #1738,#1739,#1740,#1741,#1742,#1743,#1744,#1745,#1746,#1747,#1748,
    #1749,#1750,#1751,#1752,#1753,#1754,#1755,#1756,#1757,#1758),
  .UNSPECIFIED.,.F.,.F.,(8,6,6,6,8),(0.,0.245457225641,0.500054032253,
    0.754650219609,1.),.UNSPECIFIED.);
#1733 = CARTESIAN_POINT('',(0.,36.4));
#1734 = CARTESIAN_POINT('',(1.860765607242E-02,36.4));
#1735 = CARTESIAN_POINT('',(3.670813366069E-02,36.443280143862));
#1736 = CARTESIAN_POINT('',(5.379480272815E-02,36.52559685295));
#1737 = CARTESIAN_POINT('',(6.944786127731E-02,36.641268690579));
#1738 = CARTESIAN_POINT('',(8.333958794682E-02,36.783222552258));
#1739 = CARTESIAN_POINT('',(9.527031067627E-02,36.943072556425));
#1740 = CARTESIAN_POINT('',(0.115518850132,37.285679500338));
#1741 = CARTESIAN_POINT('',(0.123965014265,37.4737959696));
#1742 = CARTESIAN_POINT('',(0.130619352461,37.671122959857));
#1743 = CARTESIAN_POINT('',(0.135553493632,37.874534706006));
#1744 = CARTESIAN_POINT('',(0.138823864425,38.081706220102));
#1745 = CARTESIAN_POINT('',(0.14046141471,38.29076505369));
#1746 = CARTESIAN_POINT('',(0.14046141471,38.709234437388));
#1747 = CARTESIAN_POINT('',(0.13882387392,38.918298020869));
#1748 = CARTESIAN_POINT('',(0.135553366325,39.125472426286));
#1749 = CARTESIAN_POINT('',(0.130619144945,39.328881170037));
#1750 = CARTESIAN_POINT('',(0.123965001422,39.526201274602));
#1751 = CARTESIAN_POINT('',(0.115519187967,39.714314783462));
#1752 = CARTESIAN_POINT('',(9.527431169442E-02,40.05685974602));
#1753 = CARTESIAN_POINT('',(8.33432940505E-02,40.21674862236));
#1754 = CARTESIAN_POINT('',(6.944743101478E-02,40.358760923559));
#1755 = CARTESIAN_POINT('',(5.378870337011E-02,40.474460649573));
#1756 = CARTESIAN_POINT('',(3.669813020038E-02,40.55676028448));
#1757 = CARTESIAN_POINT('',(1.859896431251E-02,40.6));
#1758 = CARTESIAN_POINT('',(0.,40.6));
#1759 = ( GEOMETRIC_REPRESENTATION_CONTEXT(2) 
PARAMETRIC_REPRESENTATION_CONTEXT() REPRESENTATION_CONTEXT('2D SPACE',''
  ) );
#1760 = PCURVE('',#1593,#1761);
#1761 = DEFINITIONAL_REPRESENTATION('',(#1762),#1789);
#1762 = B_SPLINE_CURVE_WITH_KNOTS('',7,(#1763,#1764,#1765,#1766,#1767,
    #1768,#1769,#1770,#1771,#1772,#1773,#1774,#1775,#1776,#1777,#1778,
    #1779,#1780,#1781,#1782,#1783,#1784,#1785,#1786,#1787,#1788),
  .UNSPECIFIED.,.F.,.F.,(8,6,6,6,8),(0.,0.245457225641,0.500054032253,
    0.754650219609,1.),.UNSPECIFIED.);
#1763 = CARTESIAN_POINT('',(3.14159265359,2.));
#1764 = CARTESIAN_POINT('',(3.274504482679,2.));
#1765 = CARTESIAN_POINT('',(3.403793436879,1.993940588238));
#1766 = CARTESIAN_POINT('',(3.529601652969,1.982417288711));
#1767 = CARTESIAN_POINT('',(3.65176528752,1.966991604531));
#1768 = CARTESIAN_POINT('',(3.769862235794,1.949789660226));
#1769 = CARTESIAN_POINT('',(3.883062273274,1.932715298801));
#1770 = CARTESIAN_POINT('',(4.10055828203,1.900819126263));
#1771 = CARTESIAN_POINT('',(4.207367459136,1.885664760479));
#1772 = CARTESIAN_POINT('',(4.311236508755,1.872689755366));
#1773 = CARTESIAN_POINT('',(4.41293224598,1.862579288269));
#1774 = CARTESIAN_POINT('',(4.513201622414,1.855711385356));
#1775 = CARTESIAN_POINT('',(4.612753291666,1.852272553384));
#1776 = CARTESIAN_POINT('',(4.81202442676,1.852272553384));
#1777 = CARTESIAN_POINT('',(4.911578347079,1.855711364885));
#1778 = CARTESIAN_POINT('',(5.011849127534,1.86257955539));
#1779 = CARTESIAN_POINT('',(5.113543695231,1.872690197728));
#1780 = CARTESIAN_POINT('',(5.217409578746,1.885664660892));
#1781 = CARTESIAN_POINT('',(5.324216049943,1.900818594093));
#1782 = CARTESIAN_POINT('',(5.541672711285,1.932708996264));
#1783 = CARTESIAN_POINT('',(5.654887988965,1.949785204866));
#1784 = CARTESIAN_POINT('',(5.773022741939,1.966994265705));
#1785 = CARTESIAN_POINT('',(5.895225063659,1.982425356674));
#1786 = CARTESIAN_POINT('',(6.021055992288,1.993946245322));
#1787 = CARTESIAN_POINT('',(6.15033556209,2.));
#1788 = CARTESIAN_POINT('',(6.28318530718,2.));
#1789 = ( GEOMETRIC_REPRESENTATION_CONTEXT(2) 
PARAMETRIC_REPRESENTATION_CONTEXT() REPRESENTATION_CONTEXT('2D SPACE',''
  ) );
#1790 = ORIENTED_EDGE('',*,*,#1791,.F.);
#1791 = EDGE_CURVE('',#1792,#1700,#1794,.T.);
#1792 = VERTEX_POINT('',#1793);
#1793 = CARTESIAN_POINT('',(2.1,1.5797943709E-15,15.));
#1794 = SEAM_CURVE('',#1795,(#1799,#1806),.PCURVE_S1.);
#1795 = LINE('',#1796,#1797);
#1796 = CARTESIAN_POINT('',(-26.,3.673940397442E-15,15.));
#1797 = VECTOR('',#1798,1.);
#1798 = DIRECTION('',(1.,0.,0.));
#1799 = PCURVE('',#1087,#1800);
#1800 = DEFINITIONAL_REPRESENTATION('',(#1801),#1805);
#1801 = LINE('',#1802,#1803);
#1802 = CARTESIAN_POINT('',(6.28318530718,-0.));
#1803 = VECTOR('',#1804,1.);
#1804 = DIRECTION('',(0.,1.));
#1805 = ( GEOMETRIC_REPRESENTATION_CONTEXT(2) 
PARAMETRIC_REPRESENTATION_CONTEXT() REPRESENTATION_CONTEXT('2D SPACE',''
  ) );
#1806 = PCURVE('',#1087,#1807);
#1807 = DEFINITIONAL_REPRESENTATION('',(#1808),#1812);
#1808 = LINE('',#1809,#1810);
#1809 = CARTESIAN_POINT('',(0.,-0.));
#1810 = VECTOR('',#1811,1.);
#1811 = DIRECTION('',(0.,1.));
#1812 = ( GEOMETRIC_REPRESENTATION_CONTEXT(2) 
PARAMETRIC_REPRESENTATION_CONTEXT() REPRESENTATION_CONTEXT('2D SPACE',''
  ) );
#1813 = ORIENTED_EDGE('',*,*,#1814,.F.);
#1814 = EDGE_CURVE('',#1815,#1792,#1817,.T.);
#1815 = VERTEX_POINT('',#1816);
#1816 = CARTESIAN_POINT('',(-2.1,3.673940397442E-15,15.));
#1817 = SURFACE_CURVE('',#1818,(#1845,#1875),.PCURVE_S1.);
#1818 = B_SPLINE_CURVE_WITH_KNOTS('',7,(#1819,#1820,#1821,#1822,#1823,
    #1824,#1825,#1826,#1827,#1828,#1829,#1830,#1831,#1832,#1833,#1834,
    #1835,#1836,#1837,#1838,#1839,#1840,#1841,#1842,#1843,#1844),
  .UNSPECIFIED.,.F.,.F.,(8,6,6,6,8),(0.,0.245457225637,0.500054032245,
    0.754650219597,1.),.UNSPECIFIED.);
#1819 = CARTESIAN_POINT('',(-2.1,4.440892098501E-16,15.));
#1820 = CARTESIAN_POINT('',(-2.1,-0.279114841086,15.));
#1821 = CARTESIAN_POINT('',(-2.056719856138,-0.550621833631,
    14.993940588238));
#1822 = CARTESIAN_POINT('',(-1.97440314705,-0.80676497854,
    14.982417288711));
#1823 = CARTESIAN_POINT('',(-1.858731309421,-1.041123175926,
    14.966991604531));
#1824 = CARTESIAN_POINT('',(-1.716777447742,-1.248816226172,
    14.949789660226));
#1825 = CARTESIAN_POINT('',(-1.556927443575,-1.426969220229,
    14.932715298801));
#1826 = CARTESIAN_POINT('',(-1.214320499662,-1.729017871856,
    14.900819126263));
#1827 = CARTESIAN_POINT('',(-1.0262040304,-1.854814467231,
    14.885664760479));
#1828 = CARTESIAN_POINT('',(-0.828877040143,-1.953787403223,
    14.872689755366));
#1829 = CARTESIAN_POINT('',(-0.625465293994,-2.027106265677,
    14.862579288269));
#1830 = CARTESIAN_POINT('',(-0.418293779898,-2.075678646908,
    14.855711385356));
#1831 = CARTESIAN_POINT('',(-0.20923494631,-2.1,14.852272553384));
#1832 = CARTESIAN_POINT('',(0.209234437388,-2.1,14.852272553384));
#1833 = CARTESIAN_POINT('',(0.418298020869,-2.075678787251,
    14.855711364885));
#1834 = CARTESIAN_POINT('',(0.625472426287,-2.027104376749,
    14.86257955539));
#1835 = CARTESIAN_POINT('',(0.828881170036,-1.953784318804,
    14.872690197728));
#1836 = CARTESIAN_POINT('',(1.026201274602,-1.854814262741,
    14.885664660892));
#1837 = CARTESIAN_POINT('',(1.214314783462,-1.729022911364,
    14.900818594093));
#1838 = CARTESIAN_POINT('',(1.556859746031,-1.427028903642,
    14.932708996265));
#1839 = CARTESIAN_POINT('',(1.716748622357,-1.248871651564,
    14.949785204866));
#1840 = CARTESIAN_POINT('',(1.858760923551,-1.041116958043,
    14.966994265704));
#1841 = CARTESIAN_POINT('',(1.974460649571,-0.806673727474,
    14.982425356674));
#1842 = CARTESIAN_POINT('',(2.056760284484,-0.55047177857,
    14.993946245322));
#1843 = CARTESIAN_POINT('',(2.1,-0.278984464674,15.));
#1844 = CARTESIAN_POINT('',(2.1,-4.440892098501E-16,15.));
#1845 = PCURVE('',#1087,#1846);
#1846 = DEFINITIONAL_REPRESENTATION('',(#1847),#1874);
#1847 = B_SPLINE_CURVE_WITH_KNOTS('',7,(#1848,#1849,#1850,#1851,#1852,
    #1853,#1854,#1855,#1856,#1857,#1858,#1859,#1860,#1861,#1862,#1863,
    #1864,#1865,#1866,#1867,#1868,#1869,#1870,#1871,#1872,#1873),
  .UNSPECIFIED.,.F.,.F.,(8,6,6,6,8),(0.,0.245457225637,0.500054032245,
    0.754650219597,1.),.UNSPECIFIED.);
#1848 = CARTESIAN_POINT('',(0.,23.9));
#1849 = CARTESIAN_POINT('',(1.860765607243E-02,23.9));
#1850 = CARTESIAN_POINT('',(3.670813366068E-02,23.943280143862));
#1851 = CARTESIAN_POINT('',(5.379480272817E-02,24.02559685295));
#1852 = CARTESIAN_POINT('',(6.94478612773E-02,24.141268690579));
#1853 = CARTESIAN_POINT('',(8.333958794683E-02,24.283222552258));
#1854 = CARTESIAN_POINT('',(9.527031067627E-02,24.443072556425));
#1855 = CARTESIAN_POINT('',(0.115518850132,24.785679500338));
#1856 = CARTESIAN_POINT('',(0.123965014265,24.973795969601));
#1857 = CARTESIAN_POINT('',(0.130619352461,25.171122959857));
#1858 = CARTESIAN_POINT('',(0.135553493632,25.374534706006));
#1859 = CARTESIAN_POINT('',(0.138823864425,25.581706220102));
#1860 = CARTESIAN_POINT('',(0.14046141471,25.79076505369));
#1861 = CARTESIAN_POINT('',(0.14046141471,26.209234437388));
#1862 = CARTESIAN_POINT('',(0.13882387392,26.418298020869));
#1863 = CARTESIAN_POINT('',(0.135553366325,26.625472426287));
#1864 = CARTESIAN_POINT('',(0.130619144945,26.828881170036));
#1865 = CARTESIAN_POINT('',(0.123965001422,27.026201274602));
#1866 = CARTESIAN_POINT('',(0.115519187967,27.214314783462));
#1867 = CARTESIAN_POINT('',(9.527431169378E-02,27.556859746031));
#1868 = CARTESIAN_POINT('',(8.334329405034E-02,27.716748622357));
#1869 = CARTESIAN_POINT('',(6.94474310154E-02,27.858760923551));
#1870 = CARTESIAN_POINT('',(5.378870337087E-02,27.974460649571));
#1871 = CARTESIAN_POINT('',(3.669813020029E-02,28.056760284484));
#1872 = CARTESIAN_POINT('',(1.859896431159E-02,28.1));
#1873 = CARTESIAN_POINT('',(0.,28.1));
#1874 = ( GEOMETRIC_REPRESENTATION_CONTEXT(2) 
PARAMETRIC_REPRESENTATION_CONTEXT() REPRESENTATION_CONTEXT('2D SPACE',''
  ) );
#1875 = PCURVE('',#1562,#1876);
#1876 = DEFINITIONAL_REPRESENTATION('',(#1877),#1904);
#1877 = B_SPLINE_CURVE_WITH_KNOTS('',7,(#1878,#1879,#1880,#1881,#1882,
    #1883,#1884,#1885,#1886,#1887,#1888,#1889,#1890,#1891,#1892,#1893,
    #1894,#1895,#1896,#1897,#1898,#1899,#1900,#1901,#1902,#1903),
  .UNSPECIFIED.,.F.,.F.,(8,6,6,6,8),(0.,0.245457225637,0.500054032245,
    0.754650219597,1.),.UNSPECIFIED.);
#1878 = CARTESIAN_POINT('',(3.14159265359,35.));
#1879 = CARTESIAN_POINT('',(3.274504482679,35.));
#1880 = CARTESIAN_POINT('',(3.403793436879,34.993940588238));
#1881 = CARTESIAN_POINT('',(3.529601652969,34.982417288711));
#1882 = CARTESIAN_POINT('',(3.65176528752,34.966991604531));
#1883 = CARTESIAN_POINT('',(3.769862235794,34.949789660226));
#1884 = CARTESIAN_POINT('',(3.883062273274,34.932715298801));
#1885 = CARTESIAN_POINT('',(4.10055828203,34.900819126263));
#1886 = CARTESIAN_POINT('',(4.207367459136,34.885664760479));
#1887 = CARTESIAN_POINT('',(4.311236508755,34.872689755366));
#1888 = CARTESIAN_POINT('',(4.41293224598,34.862579288269));
#1889 = CARTESIAN_POINT('',(4.513201622414,34.855711385356));
#1890 = CARTESIAN_POINT('',(4.612753291666,34.852272553384));
#1891 = CARTESIAN_POINT('',(4.81202442676,34.852272553384));
#1892 = CARTESIAN_POINT('',(4.911578347078,34.855711364885));
#1893 = CARTESIAN_POINT('',(5.011849127534,34.86257955539));
#1894 = CARTESIAN_POINT('',(5.113543695231,34.872690197728));
#1895 = CARTESIAN_POINT('',(5.217409578746,34.885664660892));
#1896 = CARTESIAN_POINT('',(5.324216049943,34.900818594093));
#1897 = CARTESIAN_POINT('',(5.541672711292,34.932708996265));
#1898 = CARTESIAN_POINT('',(5.654887988965,34.949785204866));
#1899 = CARTESIAN_POINT('',(5.773022741933,34.966994265704));
#1900 = CARTESIAN_POINT('',(5.895225063654,34.982425356674));
#1901 = CARTESIAN_POINT('',(6.021055992289,34.993946245322));
#1902 = CARTESIAN_POINT('',(6.150335562097,35.));
#1903 = CARTESIAN_POINT('',(6.28318530718,35.));
#1904 = ( GEOMETRIC_REPRESENTATION_CONTEXT(2) 
PARAMETRIC_REPRESENTATION_CONTEXT() REPRESENTATION_CONTEXT('2D SPACE',''
  ) );
#1905 = ORIENTED_EDGE('',*,*,#1906,.F.);
#1906 = EDGE_CURVE('',#1907,#1815,#1909,.T.);
#1907 = VERTEX_POINT('',#1908);
#1908 = CARTESIAN_POINT('',(-10.4,1.5797943709E-15,15.));
#1909 = SEAM_CURVE('',#1910,(#1914,#1921),.PCURVE_S1.);
#1910 = LINE('',#1911,#1912);
#1911 = CARTESIAN_POINT('',(-26.,3.673940397442E-15,15.));
#1912 = VECTOR('',#1913,1.);
#1913 = DIRECTION('',(1.,0.,0.));
#1914 = PCURVE('',#1087,#1915);
#1915 = DEFINITIONAL_REPRESENTATION('',(#1916),#1920);
#1916 = LINE('',#1917,#1918);
#1917 = CARTESIAN_POINT('',(6.28318530718,-0.));
#1918 = VECTOR('',#1919,1.);
#1919 = DIRECTION('',(0.,1.));
#1920 = ( GEOMETRIC_REPRESENTATION_CONTEXT(2) 
PARAMETRIC_REPRESENTATION_CONTEXT() REPRESENTATION_CONTEXT('2D SPACE',''
  ) );
#1921 = PCURVE('',#1087,#1922);
#1922 = DEFINITIONAL_REPRESENTATION('',(#1923),#1927);
#1923 = LINE('',#1924,#1925);
#1924 = CARTESIAN_POINT('',(0.,-0.));
#1925 = VECTOR('',#1926,1.);
#1926 = DIRECTION('',(0.,1.));
#1927 = ( GEOMETRIC_REPRESENTATION_CONTEXT(2) 
PARAMETRIC_REPRESENTATION_CONTEXT() REPRESENTATION_CONTEXT('2D SPACE',''
  ) );
#1928 = ORIENTED_EDGE('',*,*,#1929,.F.);
#1929 = EDGE_CURVE('',#1930,#1907,#1932,.T.);
#1930 = VERTEX_POINT('',#1931);
#1931 = CARTESIAN_POINT('',(-14.6,3.673940397442E-15,15.));
#1932 = SURFACE_CURVE('',#1933,(#1960,#1990),.PCURVE_S1.);
#1933 = B_SPLINE_CURVE_WITH_KNOTS('',7,(#1934,#1935,#1936,#1937,#1938,
    #1939,#1940,#1941,#1942,#1943,#1944,#1945,#1946,#1947,#1948,#1949,
    #1950,#1951,#1952,#1953,#1954,#1955,#1956,#1957,#1958,#1959),
  .UNSPECIFIED.,.F.,.F.,(8,6,6,6,8),(0.,0.245457219608,0.500054019963,
    0.754650209321,1.),.UNSPECIFIED.);
#1934 = CARTESIAN_POINT('',(-14.6,4.440892098501E-16,15.));
#1935 = CARTESIAN_POINT('',(-14.6,-0.279114841086,15.));
#1936 = CARTESIAN_POINT('',(-14.55671985613,-0.550621833632,
    14.993940588238));
#1937 = CARTESIAN_POINT('',(-14.47440314705,-0.80676497854,
    14.982417288711));
#1938 = CARTESIAN_POINT('',(-14.35873130942,-1.041123175926,
    14.966991604531));
#1939 = CARTESIAN_POINT('',(-14.21677744774,-1.248816226172,
    14.949789660226));
#1940 = CARTESIAN_POINT('',(-14.05692744357,-1.426969220229,
    14.932715298801));
#1941 = CARTESIAN_POINT('',(-13.71432049966,-1.729017871856,
    14.900819126263));
#1942 = CARTESIAN_POINT('',(-13.5262040304,-1.854814467231,
    14.885664760479));
#1943 = CARTESIAN_POINT('',(-13.32887704014,-1.953787403224,
    14.872689755366));
#1944 = CARTESIAN_POINT('',(-13.12546529399,-2.027106265677,
    14.862579288269));
#1945 = CARTESIAN_POINT('',(-12.91829377989,-2.075678646908,
    14.855711385356));
#1946 = CARTESIAN_POINT('',(-12.70923494631,-2.1,14.852272553384));
#1947 = CARTESIAN_POINT('',(-12.29076555582,-2.1,14.852272553384));
#1948 = CARTESIAN_POINT('',(-12.08170199571,-2.075678785534,
    14.855711365038));
#1949 = CARTESIAN_POINT('',(-11.87452756173,-2.027104384877,
    14.862579554569));
#1950 = CARTESIAN_POINT('',(-11.671118824,-1.953784303542,
    14.872690199344));
#1951 = CARTESIAN_POINT('',(-11.47379873861,-1.854814276428,
    14.885664659428));
#1952 = CARTESIAN_POINT('',(-11.28568521063,-1.729022906161,
    14.900818594643));
#1953 = CARTESIAN_POINT('',(-10.94314025394,-1.427028903617,
    14.932708996268));
#1954 = CARTESIAN_POINT('',(-10.78325137765,-1.248871651558,
    14.949785204866));
#1955 = CARTESIAN_POINT('',(-10.64123907646,-1.041116958068,
    14.966994265701));
#1956 = CARTESIAN_POINT('',(-10.52553935043,-0.806673727504,
    14.982425356673));
#1957 = CARTESIAN_POINT('',(-10.4432397155,-0.550471778565,
    14.993946245324));
#1958 = CARTESIAN_POINT('',(-10.4,-0.278984464639,15.));
#1959 = CARTESIAN_POINT('',(-10.4,-4.440892098501E-16,15.));
#1960 = PCURVE('',#1087,#1961);
#1961 = DEFINITIONAL_REPRESENTATION('',(#1962),#1989);
#1962 = B_SPLINE_CURVE_WITH_KNOTS('',7,(#1963,#1964,#1965,#1966,#1967,
    #1968,#1969,#1970,#1971,#1972,#1973,#1974,#1975,#1976,#1977,#1978,
    #1979,#1980,#1981,#1982,#1983,#1984,#1985,#1986,#1987,#1988),
  .UNSPECIFIED.,.F.,.F.,(8,6,6,6,8),(0.,0.245457219608,0.500054019963,
    0.754650209321,1.),.UNSPECIFIED.);
#1963 = CARTESIAN_POINT('',(0.,11.4));
#1964 = CARTESIAN_POINT('',(1.860765607242E-02,11.4));
#1965 = CARTESIAN_POINT('',(3.670813366068E-02,11.443280143862));
#1966 = CARTESIAN_POINT('',(5.379480272816E-02,11.52559685295));
#1967 = CARTESIAN_POINT('',(6.944786127731E-02,11.641268690579));
#1968 = CARTESIAN_POINT('',(8.333958794682E-02,11.783222552258));
#1969 = CARTESIAN_POINT('',(9.527031067627E-02,11.943072556425));
#1970 = CARTESIAN_POINT('',(0.115518850132,12.285679500338));
#1971 = CARTESIAN_POINT('',(0.123965014265,12.4737959696));
#1972 = CARTESIAN_POINT('',(0.130619352461,12.671122959857));
#1973 = CARTESIAN_POINT('',(0.135553493632,12.874534706006));
#1974 = CARTESIAN_POINT('',(0.138823864425,13.081706220102));
#1975 = CARTESIAN_POINT('',(0.14046141471,13.29076505369));
#1976 = CARTESIAN_POINT('',(0.14046141471,13.709234444176));
#1977 = CARTESIAN_POINT('',(0.138823873805,13.918298004289));
#1978 = CARTESIAN_POINT('',(0.13555336687,14.125472438262));
#1979 = CARTESIAN_POINT('',(0.130619143921,14.328881175991));
#1980 = CARTESIAN_POINT('',(0.123965002339,14.526201261389));
#1981 = CARTESIAN_POINT('',(0.115519187619,14.714314789363));
#1982 = CARTESIAN_POINT('',(9.527431169209E-02,15.05685974606));
#1983 = CARTESIAN_POINT('',(8.334329404992E-02,15.21674862235));
#1984 = CARTESIAN_POINT('',(6.944743101707E-02,15.358760923531));
#1985 = CARTESIAN_POINT('',(5.378870337284E-02,15.474460649566));
#1986 = CARTESIAN_POINT('',(3.669813020001E-02,15.556760284495));
#1987 = CARTESIAN_POINT('',(1.859896430925E-02,15.6));
#1988 = CARTESIAN_POINT('',(0.,15.6));
#1989 = ( GEOMETRIC_REPRESENTATION_CONTEXT(2) 
PARAMETRIC_REPRESENTATION_CONTEXT() REPRESENTATION_CONTEXT('2D SPACE',''
  ) );
#1990 = PCURVE('',#1531,#1991);
#1991 = DEFINITIONAL_REPRESENTATION('',(#1992),#2019);
#1992 = B_SPLINE_CURVE_WITH_KNOTS('',7,(#1993,#1994,#1995,#1996,#1997,
    #1998,#1999,#2000,#2001,#2002,#2003,#2004,#2005,#2006,#2007,#2008,
    #2009,#2010,#2011,#2012,#2013,#2014,#2015,#2016,#2017,#2018),
  .UNSPECIFIED.,.F.,.F.,(8,6,6,6,8),(0.,0.245457219608,0.500054019963,
    0.754650209321,1.),.UNSPECIFIED.);
#1993 = CARTESIAN_POINT('',(3.14159265359,2.));
#1994 = CARTESIAN_POINT('',(3.274504482679,2.));
#1995 = CARTESIAN_POINT('',(3.403793436879,1.993940588238));
#1996 = CARTESIAN_POINT('',(3.529601652969,1.982417288711));
#1997 = CARTESIAN_POINT('',(3.65176528752,1.966991604531));
#1998 = CARTESIAN_POINT('',(3.769862235794,1.949789660226));
#1999 = CARTESIAN_POINT('',(3.883062273274,1.932715298801));
#2000 = CARTESIAN_POINT('',(4.10055828203,1.900819126263));
#2001 = CARTESIAN_POINT('',(4.207367459136,1.885664760479));
#2002 = CARTESIAN_POINT('',(4.311236508755,1.872689755366));
#2003 = CARTESIAN_POINT('',(4.41293224598,1.862579288269));
#2004 = CARTESIAN_POINT('',(4.513201622414,1.855711385356));
#2005 = CARTESIAN_POINT('',(4.612753291666,1.852272553384));
#2006 = CARTESIAN_POINT('',(4.812024429992,1.852272553384));
#2007 = CARTESIAN_POINT('',(4.911578339588,1.855711365038));
#2008 = CARTESIAN_POINT('',(5.011849131659,1.862579554569));
#2009 = CARTESIAN_POINT('',(5.113543700784,1.872690199344));
#2010 = CARTESIAN_POINT('',(5.21740957006,1.885664659428));
#2011 = CARTESIAN_POINT('',(5.32421605369,1.900818594643));
#2012 = CARTESIAN_POINT('',(5.54167271131,1.932708996268));
#2013 = CARTESIAN_POINT('',(5.654887988964,1.949785204866));
#2014 = CARTESIAN_POINT('',(5.773022741919,1.966994265701));
#2015 = CARTESIAN_POINT('',(5.895225063642,1.982425356673));
#2016 = CARTESIAN_POINT('',(6.021055992291,1.993946245324));
#2017 = CARTESIAN_POINT('',(6.150335562114,2.));
#2018 = CARTESIAN_POINT('',(6.28318530718,2.));
#2019 = ( GEOMETRIC_REPRESENTATION_CONTEXT(2) 
PARAMETRIC_REPRESENTATION_CONTEXT() REPRESENTATION_CONTEXT('2D SPACE',''
  ) );
#2020 = ORIENTED_EDGE('',*,*,#2021,.F.);
#2021 = EDGE_CURVE('',#1071,#1930,#2022,.T.);
#2022 = SEAM_CURVE('',#2023,(#2027,#2034),.PCURVE_S1.);
#2023 = LINE('',#2024,#2025);
#2024 = CARTESIAN_POINT('',(-26.,3.673940397442E-15,15.));
#2025 = VECTOR('',#2026,1.);
#2026 = DIRECTION('',(1.,0.,0.));
#2027 = PCURVE('',#1087,#2028);
#2028 = DEFINITIONAL_REPRESENTATION('',(#2029),#2033);
#2029 = LINE('',#2030,#2031);
#2030 = CARTESIAN_POINT('',(6.28318530718,-0.));
#2031 = VECTOR('',#2032,1.);
#2032 = DIRECTION('',(0.,1.));
#2033 = ( GEOMETRIC_REPRESENTATION_CONTEXT(2) 
PARAMETRIC_REPRESENTATION_CONTEXT() REPRESENTATION_CONTEXT('2D SPACE',''
  ) );
#2034 = PCURVE('',#1087,#2035);
#2035 = DEFINITIONAL_REPRESENTATION('',(#2036),#2040);
#2036 = LINE('',#2037,#2038);
#2037 = CARTESIAN_POINT('',(0.,-0.));
#2038 = VECTOR('',#2039,1.);
#2039 = DIRECTION('',(0.,1.));
#2040 = ( GEOMETRIC_REPRESENTATION_CONTEXT(2) 
PARAMETRIC_REPRESENTATION_CONTEXT() REPRESENTATION_CONTEXT('2D SPACE',''
  ) );
#2041 = ORIENTED_EDGE('',*,*,#1070,.T.);
#2042 = ORIENTED_EDGE('',*,*,#2021,.T.);
#2043 = ORIENTED_EDGE('',*,*,#2044,.F.);
#2044 = EDGE_CURVE('',#1907,#1930,#2045,.T.);
#2045 = SURFACE_CURVE('',#2046,(#2073,#2103),.PCURVE_S1.);
#2046 = B_SPLINE_CURVE_WITH_KNOTS('',7,(#2047,#2048,#2049,#2050,#2051,
    #2052,#2053,#2054,#2055,#2056,#2057,#2058,#2059,#2060,#2061,#2062,
    #2063,#2064,#2065,#2066,#2067,#2068,#2069,#2070,#2071,#2072),
  .UNSPECIFIED.,.F.,.F.,(8,6,6,6,8),(0.,0.245431824219,0.500010262898,
    0.754602332378,1.),.UNSPECIFIED.);
#2047 = CARTESIAN_POINT('',(-10.4,1.5797943709E-15,15.));
#2048 = CARTESIAN_POINT('',(-10.4,0.279114841086,15.));
#2049 = CARTESIAN_POINT('',(-10.44328014386,0.550621833632,
    14.993940588238));
#2050 = CARTESIAN_POINT('',(-10.52559685295,0.806764978539,
    14.982417288712));
#2051 = CARTESIAN_POINT('',(-10.64126869058,1.041123175927,
    14.966991604531));
#2052 = CARTESIAN_POINT('',(-10.78322255225,1.248816226171,
    14.949789660226));
#2053 = CARTESIAN_POINT('',(-10.94307255642,1.426969220229,
    14.932715298801));
#2054 = CARTESIAN_POINT('',(-11.28568496784,1.729022692112,
    14.900818617246));
#2055 = CARTESIAN_POINT('',(-11.47379669799,1.854812629014,
    14.885664837576));
#2056 = CARTESIAN_POINT('',(-11.67111709024,1.953784201403,
    14.872690278901));
#2057 = CARTESIAN_POINT('',(-11.87453034563,2.027106735307,
    14.862579213812));
#2058 = CARTESIAN_POINT('',(-12.08171111591,2.075681346837,
    14.855711005963));
#2059 = CARTESIAN_POINT('',(-12.29077676497,2.1,14.852272553384));
#2060 = CARTESIAN_POINT('',(-12.70923443738,2.1,14.852272553384));
#2061 = CARTESIAN_POINT('',(-12.91829802086,2.075678787251,
    14.855711364885));
#2062 = CARTESIAN_POINT('',(-13.12547242628,2.027104376749,
    14.86257955539));
#2063 = CARTESIAN_POINT('',(-13.32888117003,1.953784318804,
    14.872690197728));
#2064 = CARTESIAN_POINT('',(-13.5262012746,1.854814262741,
    14.885664660892));
#2065 = CARTESIAN_POINT('',(-13.71431478346,1.729022911364,
    14.900818594093));
#2066 = CARTESIAN_POINT('',(-14.05689527615,1.426997579627,
    14.932712304064));
#2067 = CARTESIAN_POINT('',(-14.21675915015,1.248846638305,
    14.94978711743));
#2068 = CARTESIAN_POINT('',(-14.35874085637,1.041127821907,
    14.966992217155));
#2069 = CARTESIAN_POINT('',(-14.47442965442,0.806727799117,
    14.982420989786));
#2070 = CARTESIAN_POINT('',(-14.55674053963,0.550550223873,
    14.993943487922));
#2071 = CARTESIAN_POINT('',(-14.6,0.27904815939,15.));
#2072 = CARTESIAN_POINT('',(-14.6,2.222733940452E-15,15.));
#2073 = PCURVE('',#1087,#2074);
#2074 = DEFINITIONAL_REPRESENTATION('',(#2075),#2102);
#2075 = B_SPLINE_CURVE_WITH_KNOTS('',7,(#2076,#2077,#2078,#2079,#2080,
    #2081,#2082,#2083,#2084,#2085,#2086,#2087,#2088,#2089,#2090,#2091,
    #2092,#2093,#2094,#2095,#2096,#2097,#2098,#2099,#2100,#2101),
  .UNSPECIFIED.,.F.,.F.,(8,6,6,6,8),(0.,0.245431824219,0.500010262898,
    0.754602332378,1.),.UNSPECIFIED.);
#2076 = CARTESIAN_POINT('',(6.28318530718,15.6));
#2077 = CARTESIAN_POINT('',(6.264577651107,15.6));
#2078 = CARTESIAN_POINT('',(6.246477173519,15.556719856138));
#2079 = CARTESIAN_POINT('',(6.229390504451,15.47440314705));
#2080 = CARTESIAN_POINT('',(6.213737445902,15.35873130942));
#2081 = CARTESIAN_POINT('',(6.199845719233,15.216777447743));
#2082 = CARTESIAN_POINT('',(6.187914996503,15.056927443575));
#2083 = CARTESIAN_POINT('',(6.16766613391,14.714315032154));
#2084 = CARTESIAN_POINT('',(6.159220415265,14.526203302003));
#2085 = CARTESIAN_POINT('',(6.152566170746,14.328882909753));
#2086 = CARTESIAN_POINT('',(6.147631781936,14.12546965437));
#2087 = CARTESIAN_POINT('',(6.144361260975,13.918288884081));
#2088 = CARTESIAN_POINT('',(6.14272389247,13.709223235024));
#2089 = CARTESIAN_POINT('',(6.14272389247,13.290765562613));
#2090 = CARTESIAN_POINT('',(6.14436143326,13.081701979131));
#2091 = CARTESIAN_POINT('',(6.147631940854,12.874527573714));
#2092 = CARTESIAN_POINT('',(6.152566162235,12.671118829963));
#2093 = CARTESIAN_POINT('',(6.159220305758,12.473798725398));
#2094 = CARTESIAN_POINT('',(6.167666119212,12.285685216538));
#2095 = CARTESIAN_POINT('',(6.187913095365,11.943104723847));
#2096 = CARTESIAN_POINT('',(6.199843684878,11.783240849849));
#2097 = CARTESIAN_POINT('',(6.213737142312,11.641259143623));
#2098 = CARTESIAN_POINT('',(6.229392991042,11.525570345575));
#2099 = CARTESIAN_POINT('',(6.246481947519,11.443259460365));
#2100 = CARTESIAN_POINT('',(6.264582096554,11.4));
#2101 = CARTESIAN_POINT('',(6.28318530718,11.4));
#2102 = ( GEOMETRIC_REPRESENTATION_CONTEXT(2) 
PARAMETRIC_REPRESENTATION_CONTEXT() REPRESENTATION_CONTEXT('2D SPACE',''
  ) );
#2103 = PCURVE('',#1531,#2104);
#2104 = DEFINITIONAL_REPRESENTATION('',(#2105),#2132);
#2105 = B_SPLINE_CURVE_WITH_KNOTS('',7,(#2106,#2107,#2108,#2109,#2110,
    #2111,#2112,#2113,#2114,#2115,#2116,#2117,#2118,#2119,#2120,#2121,
    #2122,#2123,#2124,#2125,#2126,#2127,#2128,#2129,#2130,#2131),
  .UNSPECIFIED.,.F.,.F.,(8,6,6,6,8),(0.,0.245431824219,0.500010262898,
    0.754602332378,1.),.UNSPECIFIED.);
#2106 = CARTESIAN_POINT('',(0.,2.));
#2107 = CARTESIAN_POINT('',(0.132911829089,2.));
#2108 = CARTESIAN_POINT('',(0.262200783289,1.993940588238));
#2109 = CARTESIAN_POINT('',(0.388008999379,1.982417288712));
#2110 = CARTESIAN_POINT('',(0.510172633931,1.966991604531));
#2111 = CARTESIAN_POINT('',(0.628269582204,1.949789660226));
#2112 = CARTESIAN_POINT('',(0.741469619685,1.932715298801));
#2113 = CARTESIAN_POINT('',(0.95896909936,1.900818617246));
#2114 = CARTESIAN_POINT('',(1.065774497183,1.885664837576));
#2115 = CARTESIAN_POINT('',(1.169640913773,1.872690278901));
#2116 = CARTESIAN_POINT('',(1.271337781005,1.862579213812));
#2117 = CARTESIAN_POINT('',(1.371611295788,1.855711005963));
#2118 = CARTESIAN_POINT('',(1.471166214879,1.852272553384));
#2119 = CARTESIAN_POINT('',(1.67043177317,1.852272553384));
#2120 = CARTESIAN_POINT('',(1.769985693489,1.855711364885));
#2121 = CARTESIAN_POINT('',(1.870256473944,1.86257955539));
#2122 = CARTESIAN_POINT('',(1.971951041641,1.872690197728));
#2123 = CARTESIAN_POINT('',(2.075816925156,1.885664660892));
#2124 = CARTESIAN_POINT('',(2.182623396354,1.900818594093));
#2125 = CARTESIAN_POINT('',(2.400102613169,1.932712304064));
#2126 = CARTESIAN_POINT('',(2.513306961949,1.94978711743));
#2127 = CARTESIAN_POINT('',(2.631420806018,1.966992217155));
#2128 = CARTESIAN_POINT('',(2.753604070727,1.982420989786));
#2129 = CARTESIAN_POINT('',(2.879425977551,1.993943487922));
#2130 = CARTESIAN_POINT('',(3.00871257769,2.));
#2131 = CARTESIAN_POINT('',(3.14159265359,2.));
#2132 = ( GEOMETRIC_REPRESENTATION_CONTEXT(2) 
PARAMETRIC_REPRESENTATION_CONTEXT() REPRESENTATION_CONTEXT('2D SPACE',''
  ) );
#2133 = ORIENTED_EDGE('',*,*,#1906,.T.);
#2134 = ORIENTED_EDGE('',*,*,#2135,.F.);
#2135 = EDGE_CURVE('',#1792,#1815,#2136,.T.);
#2136 = SURFACE_CURVE('',#2137,(#2164,#2194),.PCURVE_S1.);
#2137 = B_SPLINE_CURVE_WITH_KNOTS('',7,(#2138,#2139,#2140,#2141,#2142,
    #2143,#2144,#2145,#2146,#2147,#2148,#2149,#2150,#2151,#2152,#2153,
    #2154,#2155,#2156,#2157,#2158,#2159,#2160,#2161,#2162,#2163),
  .UNSPECIFIED.,.F.,.F.,(8,6,6,6,8),(0.,0.245431824219,0.500010262898,
    0.754602332378,1.),.UNSPECIFIED.);
#2138 = CARTESIAN_POINT('',(2.1,1.5797943709E-15,15.));
#2139 = CARTESIAN_POINT('',(2.1,0.279114841086,15.));
#2140 = CARTESIAN_POINT('',(2.056719856138,0.550621833632,
    14.993940588238));
#2141 = CARTESIAN_POINT('',(1.97440314705,0.806764978539,14.982417288711
    ));
#2142 = CARTESIAN_POINT('',(1.858731309421,1.041123175927,
    14.966991604531));
#2143 = CARTESIAN_POINT('',(1.716777447743,1.248816226171,
    14.949789660226));
#2144 = CARTESIAN_POINT('',(1.556927443575,1.426969220229,
    14.932715298801));
#2145 = CARTESIAN_POINT('',(1.214315032154,1.729022692112,
    14.900818617246));
#2146 = CARTESIAN_POINT('',(1.026203302003,1.854812629014,
    14.885664837576));
#2147 = CARTESIAN_POINT('',(0.828882909752,1.953784201403,
    14.872690278901));
#2148 = CARTESIAN_POINT('',(0.625469654371,2.027106735307,
    14.862579213812));
#2149 = CARTESIAN_POINT('',(0.418288884081,2.075681346837,
    14.855711005963));
#2150 = CARTESIAN_POINT('',(0.209223235024,2.1,14.852272553384));
#2151 = CARTESIAN_POINT('',(-0.209234437388,2.1,14.852272553384));
#2152 = CARTESIAN_POINT('',(-0.418298020869,2.075678787251,
    14.855711364885));
#2153 = CARTESIAN_POINT('',(-0.625472426287,2.02710437675,14.86257955539
    ));
#2154 = CARTESIAN_POINT('',(-0.828881170036,1.953784318804,
    14.872690197728));
#2155 = CARTESIAN_POINT('',(-1.026201274602,1.854814262741,
    14.885664660892));
#2156 = CARTESIAN_POINT('',(-1.214314783462,1.729022911364,
    14.900818594093));
#2157 = CARTESIAN_POINT('',(-1.556895276153,1.426997579627,
    14.932712304064));
#2158 = CARTESIAN_POINT('',(-1.716759150151,1.248846638305,
    14.94978711743));
#2159 = CARTESIAN_POINT('',(-1.858740856377,1.041127821908,
    14.966992217155));
#2160 = CARTESIAN_POINT('',(-1.974429654425,0.806727799117,
    14.982420989786));
#2161 = CARTESIAN_POINT('',(-2.056740539635,0.550550223873,
    14.993943487922));
#2162 = CARTESIAN_POINT('',(-2.1,0.27904815939,15.));
#2163 = CARTESIAN_POINT('',(-2.1,2.222733940452E-15,15.));
#2164 = PCURVE('',#1087,#2165);
#2165 = DEFINITIONAL_REPRESENTATION('',(#2166),#2193);
#2166 = B_SPLINE_CURVE_WITH_KNOTS('',7,(#2167,#2168,#2169,#2170,#2171,
    #2172,#2173,#2174,#2175,#2176,#2177,#2178,#2179,#2180,#2181,#2182,
    #2183,#2184,#2185,#2186,#2187,#2188,#2189,#2190,#2191,#2192),
  .UNSPECIFIED.,.F.,.F.,(8,6,6,6,8),(0.,0.245431824219,0.500010262898,
    0.754602332378,1.),.UNSPECIFIED.);
#2167 = CARTESIAN_POINT('',(6.28318530718,28.1));
#2168 = CARTESIAN_POINT('',(6.264577651107,28.1));
#2169 = CARTESIAN_POINT('',(6.246477173519,28.056719856138));
#2170 = CARTESIAN_POINT('',(6.229390504451,27.97440314705));
#2171 = CARTESIAN_POINT('',(6.213737445902,27.858731309421));
#2172 = CARTESIAN_POINT('',(6.199845719233,27.716777447743));
#2173 = CARTESIAN_POINT('',(6.187914996503,27.556927443575));
#2174 = CARTESIAN_POINT('',(6.16766613391,27.214315032154));
#2175 = CARTESIAN_POINT('',(6.159220415265,27.026203302003));
#2176 = CARTESIAN_POINT('',(6.152566170746,26.828882909752));
#2177 = CARTESIAN_POINT('',(6.147631781936,26.625469654371));
#2178 = CARTESIAN_POINT('',(6.144361260975,26.418288884081));
#2179 = CARTESIAN_POINT('',(6.14272389247,26.209223235024));
#2180 = CARTESIAN_POINT('',(6.14272389247,25.790765562612));
#2181 = CARTESIAN_POINT('',(6.14436143326,25.581701979131));
#2182 = CARTESIAN_POINT('',(6.147631940854,25.374527573713));
#2183 = CARTESIAN_POINT('',(6.152566162235,25.171118829964));
#2184 = CARTESIAN_POINT('',(6.159220305758,24.973798725398));
#2185 = CARTESIAN_POINT('',(6.167666119212,24.785685216538));
#2186 = CARTESIAN_POINT('',(6.187913095365,24.443104723847));
#2187 = CARTESIAN_POINT('',(6.199843684878,24.283240849849));
#2188 = CARTESIAN_POINT('',(6.213737142312,24.141259143623));
#2189 = CARTESIAN_POINT('',(6.229392991042,24.025570345575));
#2190 = CARTESIAN_POINT('',(6.246481947519,23.943259460365));
#2191 = CARTESIAN_POINT('',(6.264582096554,23.9));
#2192 = CARTESIAN_POINT('',(6.28318530718,23.9));
#2193 = ( GEOMETRIC_REPRESENTATION_CONTEXT(2) 
PARAMETRIC_REPRESENTATION_CONTEXT() REPRESENTATION_CONTEXT('2D SPACE',''
  ) );
#2194 = PCURVE('',#1562,#2195);
#2195 = DEFINITIONAL_REPRESENTATION('',(#2196),#2223);
#2196 = B_SPLINE_CURVE_WITH_KNOTS('',7,(#2197,#2198,#2199,#2200,#2201,
    #2202,#2203,#2204,#2205,#2206,#2207,#2208,#2209,#2210,#2211,#2212,
    #2213,#2214,#2215,#2216,#2217,#2218,#2219,#2220,#2221,#2222),
  .UNSPECIFIED.,.F.,.F.,(8,6,6,6,8),(0.,0.245431824219,0.500010262898,
    0.754602332378,1.),.UNSPECIFIED.);
#2197 = CARTESIAN_POINT('',(0.,35.));
#2198 = CARTESIAN_POINT('',(0.132911829089,35.));
#2199 = CARTESIAN_POINT('',(0.262200783289,34.993940588238));
#2200 = CARTESIAN_POINT('',(0.388008999379,34.982417288711));
#2201 = CARTESIAN_POINT('',(0.510172633931,34.966991604531));
#2202 = CARTESIAN_POINT('',(0.628269582204,34.949789660226));
#2203 = CARTESIAN_POINT('',(0.741469619685,34.932715298801));
#2204 = CARTESIAN_POINT('',(0.95896909936,34.900818617246));
#2205 = CARTESIAN_POINT('',(1.065774497183,34.885664837576));
#2206 = CARTESIAN_POINT('',(1.169640913773,34.872690278901));
#2207 = CARTESIAN_POINT('',(1.271337781005,34.862579213812));
#2208 = CARTESIAN_POINT('',(1.371611295788,34.855711005963));
#2209 = CARTESIAN_POINT('',(1.471166214879,34.852272553384));
#2210 = CARTESIAN_POINT('',(1.67043177317,34.852272553384));
#2211 = CARTESIAN_POINT('',(1.769985693489,34.855711364885));
#2212 = CARTESIAN_POINT('',(1.870256473944,34.86257955539));
#2213 = CARTESIAN_POINT('',(1.971951041641,34.872690197728));
#2214 = CARTESIAN_POINT('',(2.075816925156,34.885664660892));
#2215 = CARTESIAN_POINT('',(2.182623396353,34.900818594093));
#2216 = CARTESIAN_POINT('',(2.400102613169,34.932712304064));
#2217 = CARTESIAN_POINT('',(2.51330696195,34.94978711743));
#2218 = CARTESIAN_POINT('',(2.631420806018,34.966992217155));
#2219 = CARTESIAN_POINT('',(2.753604070727,34.982420989786));
#2220 = CARTESIAN_POINT('',(2.879425977551,34.993943487922));
#2221 = CARTESIAN_POINT('',(3.00871257769,35.));
#2222 = CARTESIAN_POINT('',(3.14159265359,35.));
#2223 = ( GEOMETRIC_REPRESENTATION_CONTEXT(2) 
PARAMETRIC_REPRESENTATION_CONTEXT() REPRESENTATION_CONTEXT('2D SPACE',''
  ) );
#2224 = ORIENTED_EDGE('',*,*,#1791,.T.);
#2225 = ORIENTED_EDGE('',*,*,#2226,.F.);
#2226 = EDGE_CURVE('',#1677,#1700,#2227,.T.);
#2227 = SURFACE_CURVE('',#2228,(#2255,#2285),.PCURVE_S1.);
#2228 = B_SPLINE_CURVE_WITH_KNOTS('',7,(#2229,#2230,#2231,#2232,#2233,
    #2234,#2235,#2236,#2237,#2238,#2239,#2240,#2241,#2242,#2243,#2244,
    #2245,#2246,#2247,#2248,#2249,#2250,#2251,#2252,#2253,#2254),
  .UNSPECIFIED.,.F.,.F.,(8,6,6,6,8),(0.,0.245431824219,0.500010262898,
    0.754602332378,1.),.UNSPECIFIED.);
#2229 = CARTESIAN_POINT('',(14.6,1.5797943709E-15,15.));
#2230 = CARTESIAN_POINT('',(14.6,0.279114841086,15.));
#2231 = CARTESIAN_POINT('',(14.556719856138,0.550621833631,
    14.993940588238));
#2232 = CARTESIAN_POINT('',(14.474403147049,0.80676497854,
    14.982417288711));
#2233 = CARTESIAN_POINT('',(14.358731309422,1.041123175926,
    14.966991604531));
#2234 = CARTESIAN_POINT('',(14.216777447742,1.248816226172,
    14.949789660226));
#2235 = CARTESIAN_POINT('',(14.056927443575,1.426969220229,
    14.932715298801));
#2236 = CARTESIAN_POINT('',(13.714315032154,1.729022692113,
    14.900818617246));
#2237 = CARTESIAN_POINT('',(13.526203302003,1.854812629013,
    14.885664837576));
#2238 = CARTESIAN_POINT('',(13.328882909752,1.953784201403,
    14.872690278901));
#2239 = CARTESIAN_POINT('',(13.125469654371,2.027106735307,
    14.862579213812));
#2240 = CARTESIAN_POINT('',(12.91828888408,2.075681346837,
    14.855711005963));
#2241 = CARTESIAN_POINT('',(12.709223235024,2.1,14.852272553384));
#2242 = CARTESIAN_POINT('',(12.290765562612,2.1,14.852272553384));
#2243 = CARTESIAN_POINT('',(12.081701979131,2.075678787251,
    14.855711364885));
#2244 = CARTESIAN_POINT('',(11.874527573713,2.02710437675,14.86257955539
    ));
#2245 = CARTESIAN_POINT('',(11.671118829964,1.953784318804,
    14.872690197728));
#2246 = CARTESIAN_POINT('',(11.473798725398,1.854814262741,
    14.885664660892));
#2247 = CARTESIAN_POINT('',(11.285685216538,1.729022911364,
    14.900818594093));
#2248 = CARTESIAN_POINT('',(10.943104723847,1.426997579627,
    14.932712304064));
#2249 = CARTESIAN_POINT('',(10.783240849849,1.248846638305,
    14.94978711743));
#2250 = CARTESIAN_POINT('',(10.641259143622,1.041127821907,
    14.966992217155));
#2251 = CARTESIAN_POINT('',(10.525570345575,0.806727799118,
    14.982420989786));
#2252 = CARTESIAN_POINT('',(10.443259460365,0.550550223873,
    14.993943487922));
#2253 = CARTESIAN_POINT('',(10.4,0.27904815939,15.));
#2254 = CARTESIAN_POINT('',(10.4,2.222733940452E-15,15.));
#2255 = PCURVE('',#1087,#2256);
#2256 = DEFINITIONAL_REPRESENTATION('',(#2257),#2284);
#2257 = B_SPLINE_CURVE_WITH_KNOTS('',7,(#2258,#2259,#2260,#2261,#2262,
    #2263,#2264,#2265,#2266,#2267,#2268,#2269,#2270,#2271,#2272,#2273,
    #2274,#2275,#2276,#2277,#2278,#2279,#2280,#2281,#2282,#2283),
  .UNSPECIFIED.,.F.,.F.,(8,6,6,6,8),(0.,0.245431824219,0.500010262898,
    0.754602332378,1.),.UNSPECIFIED.);
#2258 = CARTESIAN_POINT('',(6.28318530718,40.6));
#2259 = CARTESIAN_POINT('',(6.264577651107,40.6));
#2260 = CARTESIAN_POINT('',(6.246477173519,40.556719856138));
#2261 = CARTESIAN_POINT('',(6.229390504451,40.474403147049));
#2262 = CARTESIAN_POINT('',(6.213737445902,40.358731309422));
#2263 = CARTESIAN_POINT('',(6.199845719233,40.216777447742));
#2264 = CARTESIAN_POINT('',(6.187914996503,40.056927443575));
#2265 = CARTESIAN_POINT('',(6.16766613391,39.714315032154));
#2266 = CARTESIAN_POINT('',(6.159220415265,39.526203302003));
#2267 = CARTESIAN_POINT('',(6.152566170746,39.328882909752));
#2268 = CARTESIAN_POINT('',(6.147631781936,39.125469654371));
#2269 = CARTESIAN_POINT('',(6.144361260975,38.91828888408));
#2270 = CARTESIAN_POINT('',(6.14272389247,38.709223235024));
#2271 = CARTESIAN_POINT('',(6.14272389247,38.290765562612));
#2272 = CARTESIAN_POINT('',(6.14436143326,38.081701979131));
#2273 = CARTESIAN_POINT('',(6.147631940854,37.874527573713));
#2274 = CARTESIAN_POINT('',(6.152566162235,37.671118829964));
#2275 = CARTESIAN_POINT('',(6.159220305758,37.473798725398));
#2276 = CARTESIAN_POINT('',(6.167666119212,37.285685216538));
#2277 = CARTESIAN_POINT('',(6.187913095365,36.943104723847));
#2278 = CARTESIAN_POINT('',(6.199843684878,36.783240849849));
#2279 = CARTESIAN_POINT('',(6.213737142312,36.641259143622));
#2280 = CARTESIAN_POINT('',(6.229392991042,36.525570345575));
#2281 = CARTESIAN_POINT('',(6.246481947519,36.443259460365));
#2282 = CARTESIAN_POINT('',(6.264582096554,36.4));
#2283 = CARTESIAN_POINT('',(6.28318530718,36.4));
#2284 = ( GEOMETRIC_REPRESENTATION_CONTEXT(2) 
PARAMETRIC_REPRESENTATION_CONTEXT() REPRESENTATION_CONTEXT('2D SPACE',''
  ) );
#2285 = PCURVE('',#1593,#2286);
#2286 = DEFINITIONAL_REPRESENTATION('',(#2287),#2314);
#2287 = B_SPLINE_CURVE_WITH_KNOTS('',7,(#2288,#2289,#2290,#2291,#2292,
    #2293,#2294,#2295,#2296,#2297,#2298,#2299,#2300,#2301,#2302,#2303,
    #2304,#2305,#2306,#2307,#2308,#2309,#2310,#2311,#2312,#2313),
  .UNSPECIFIED.,.F.,.F.,(8,6,6,6,8),(0.,0.245431824219,0.500010262898,
    0.754602332378,1.),.UNSPECIFIED.);
#2288 = CARTESIAN_POINT('',(0.,2.));
#2289 = CARTESIAN_POINT('',(0.132911829089,2.));
#2290 = CARTESIAN_POINT('',(0.262200783289,1.993940588238));
#2291 = CARTESIAN_POINT('',(0.388008999379,1.982417288711));
#2292 = CARTESIAN_POINT('',(0.51017263393,1.966991604531));
#2293 = CARTESIAN_POINT('',(0.628269582204,1.949789660226));
#2294 = CARTESIAN_POINT('',(0.741469619685,1.932715298801));
#2295 = CARTESIAN_POINT('',(0.95896909936,1.900818617246));
#2296 = CARTESIAN_POINT('',(1.065774497183,1.885664837576));
#2297 = CARTESIAN_POINT('',(1.169640913774,1.872690278901));
#2298 = CARTESIAN_POINT('',(1.271337781005,1.862579213812));
#2299 = CARTESIAN_POINT('',(1.371611295788,1.855711005963));
#2300 = CARTESIAN_POINT('',(1.471166214879,1.852272553384));
#2301 = CARTESIAN_POINT('',(1.67043177317,1.852272553384));
#2302 = CARTESIAN_POINT('',(1.769985693489,1.855711364885));
#2303 = CARTESIAN_POINT('',(1.870256473944,1.86257955539));
#2304 = CARTESIAN_POINT('',(1.971951041641,1.872690197728));
#2305 = CARTESIAN_POINT('',(2.075816925156,1.885664660892));
#2306 = CARTESIAN_POINT('',(2.182623396353,1.900818594093));
#2307 = CARTESIAN_POINT('',(2.400102613169,1.932712304064));
#2308 = CARTESIAN_POINT('',(2.513306961949,1.94978711743));
#2309 = CARTESIAN_POINT('',(2.631420806018,1.966992217155));
#2310 = CARTESIAN_POINT('',(2.753604070727,1.982420989786));
#2311 = CARTESIAN_POINT('',(2.879425977551,1.993943487922));
#2312 = CARTESIAN_POINT('',(3.00871257769,2.));
#2313 = CARTESIAN_POINT('',(3.14159265359,2.));
#2314 = ( GEOMETRIC_REPRESENTATION_CONTEXT(2) 
PARAMETRIC_REPRESENTATION_CONTEXT() REPRESENTATION_CONTEXT('2D SPACE',''
  ) );
#2315 = ORIENTED_EDGE('',*,*,#1676,.T.);
#2316 = FACE_BOUND('',#2317,.F.);
#2317 = EDGE_LOOP('',(#2318));
#2318 = ORIENTED_EDGE('',*,*,#1221,.T.);
#2319 = ADVANCED_FACE('',(#2320),#1145,.F.);
#2320 = FACE_BOUND('',#2321,.F.);
#2321 = EDGE_LOOP('',(#2322,#2323,#2344,#2345));
#2322 = ORIENTED_EDGE('',*,*,#1488,.F.);
#2323 = ORIENTED_EDGE('',*,*,#2324,.F.);
#2324 = EDGE_CURVE('',#1129,#1489,#2325,.T.);
#2325 = SEAM_CURVE('',#2326,(#2330,#2337),.PCURVE_S1.);
#2326 = LINE('',#2327,#2328);
#2327 = CARTESIAN_POINT('',(2.1,-12.5,13.));
#2328 = VECTOR('',#2329,1.);
#2329 = DIRECTION('',(0.,0.,1.));
#2330 = PCURVE('',#1145,#2331);
#2331 = DEFINITIONAL_REPRESENTATION('',(#2332),#2336);
#2332 = LINE('',#2333,#2334);
#2333 = CARTESIAN_POINT('',(6.28318530718,-0.));
#2334 = VECTOR('',#2335,1.);
#2335 = DIRECTION('',(0.,1.));
#2336 = ( GEOMETRIC_REPRESENTATION_CONTEXT(2) 
PARAMETRIC_REPRESENTATION_CONTEXT() REPRESENTATION_CONTEXT('2D SPACE',''
  ) );
#2337 = PCURVE('',#1145,#2338);
#2338 = DEFINITIONAL_REPRESENTATION('',(#2339),#2343);
#2339 = LINE('',#2340,#2341);
#2340 = CARTESIAN_POINT('',(0.,-0.));
#2341 = VECTOR('',#2342,1.);
#2342 = DIRECTION('',(0.,1.));
#2343 = ( GEOMETRIC_REPRESENTATION_CONTEXT(2) 
PARAMETRIC_REPRESENTATION_CONTEXT() REPRESENTATION_CONTEXT('2D SPACE',''
  ) );
#2344 = ORIENTED_EDGE('',*,*,#1128,.T.);
#2345 = ORIENTED_EDGE('',*,*,#2324,.T.);
#2346 = ADVANCED_FACE('',(#2347),#1531,.F.);
#2347 = FACE_BOUND('',#2348,.F.);
#2348 = EDGE_LOOP('',(#2349,#2350,#2371,#2372,#2373));
#2349 = ORIENTED_EDGE('',*,*,#1514,.F.);
#2350 = ORIENTED_EDGE('',*,*,#2351,.F.);
#2351 = EDGE_CURVE('',#1907,#1515,#2352,.T.);
#2352 = SEAM_CURVE('',#2353,(#2357,#2364),.PCURVE_S1.);
#2353 = LINE('',#2354,#2355);
#2354 = CARTESIAN_POINT('',(-10.4,-5.143516556419E-16,13.));
#2355 = VECTOR('',#2356,1.);
#2356 = DIRECTION('',(0.,0.,1.));
#2357 = PCURVE('',#1531,#2358);
#2358 = DEFINITIONAL_REPRESENTATION('',(#2359),#2363);
#2359 = LINE('',#2360,#2361);
#2360 = CARTESIAN_POINT('',(6.28318530718,-0.));
#2361 = VECTOR('',#2362,1.);
#2362 = DIRECTION('',(0.,1.));
#2363 = ( GEOMETRIC_REPRESENTATION_CONTEXT(2) 
PARAMETRIC_REPRESENTATION_CONTEXT() REPRESENTATION_CONTEXT('2D SPACE',''
  ) );
#2364 = PCURVE('',#1531,#2365);
#2365 = DEFINITIONAL_REPRESENTATION('',(#2366),#2370);
#2366 = LINE('',#2367,#2368);
#2367 = CARTESIAN_POINT('',(0.,-0.));
#2368 = VECTOR('',#2369,1.);
#2369 = DIRECTION('',(0.,1.));
#2370 = ( GEOMETRIC_REPRESENTATION_CONTEXT(2) 
PARAMETRIC_REPRESENTATION_CONTEXT() REPRESENTATION_CONTEXT('2D SPACE',''
  ) );
#2371 = ORIENTED_EDGE('',*,*,#2044,.T.);
#2372 = ORIENTED_EDGE('',*,*,#1929,.T.);
#2373 = ORIENTED_EDGE('',*,*,#2351,.T.);
#2374 = ADVANCED_FACE('',(#2375),#1562,.F.);
#2375 = FACE_BOUND('',#2376,.F.);
#2376 = EDGE_LOOP('',(#2377,#2378,#2399,#2400,#2401));
#2377 = ORIENTED_EDGE('',*,*,#1545,.F.);
#2378 = ORIENTED_EDGE('',*,*,#2379,.F.);
#2379 = EDGE_CURVE('',#1792,#1546,#2380,.T.);
#2380 = SEAM_CURVE('',#2381,(#2385,#2392),.PCURVE_S1.);
#2381 = LINE('',#2382,#2383);
#2382 = CARTESIAN_POINT('',(2.1,-5.143516556419E-16,-20.));
#2383 = VECTOR('',#2384,1.);
#2384 = DIRECTION('',(0.,0.,1.));
#2385 = PCURVE('',#1562,#2386);
#2386 = DEFINITIONAL_REPRESENTATION('',(#2387),#2391);
#2387 = LINE('',#2388,#2389);
#2388 = CARTESIAN_POINT('',(6.28318530718,-0.));
#2389 = VECTOR('',#2390,1.);
#2390 = DIRECTION('',(0.,1.));
#2391 = ( GEOMETRIC_REPRESENTATION_CONTEXT(2) 
PARAMETRIC_REPRESENTATION_CONTEXT() REPRESENTATION_CONTEXT('2D SPACE',''
  ) );
#2392 = PCURVE('',#1562,#2393);
#2393 = DEFINITIONAL_REPRESENTATION('',(#2394),#2398);
#2394 = LINE('',#2395,#2396);
#2395 = CARTESIAN_POINT('',(0.,-0.));
#2396 = VECTOR('',#2397,1.);
#2397 = DIRECTION('',(0.,1.));
#2398 = ( GEOMETRIC_REPRESENTATION_CONTEXT(2) 
PARAMETRIC_REPRESENTATION_CONTEXT() REPRESENTATION_CONTEXT('2D SPACE',''
  ) );
#2399 = ORIENTED_EDGE('',*,*,#2135,.T.);
#2400 = ORIENTED_EDGE('',*,*,#1814,.T.);
#2401 = ORIENTED_EDGE('',*,*,#2379,.T.);
#2402 = ADVANCED_FACE('',(#2403),#1593,.F.);
#2403 = FACE_BOUND('',#2404,.F.);
#2404 = EDGE_LOOP('',(#2405,#2406,#2427,#2428,#2429));
#2405 = ORIENTED_EDGE('',*,*,#1576,.F.);
#2406 = ORIENTED_EDGE('',*,*,#2407,.F.);
#2407 = EDGE_CURVE('',#1677,#1577,#2408,.T.);
#2408 = SEAM_CURVE('',#2409,(#2413,#2420),.PCURVE_S1.);
#2409 = LINE('',#2410,#2411);
#2410 = CARTESIAN_POINT('',(14.6,-5.143516556419E-16,13.));
#2411 = VECTOR('',#2412,1.);
#2412 = DIRECTION('',(0.,0.,1.));
#2413 = PCURVE('',#1593,#2414);
#2414 = DEFINITIONAL_REPRESENTATION('',(#2415),#2419);
#2415 = LINE('',#2416,#2417);
#2416 = CARTESIAN_POINT('',(6.28318530718,-0.));
#2417 = VECTOR('',#2418,1.);
#2418 = DIRECTION('',(0.,1.));
#2419 = ( GEOMETRIC_REPRESENTATION_CONTEXT(2) 
PARAMETRIC_REPRESENTATION_CONTEXT() REPRESENTATION_CONTEXT('2D SPACE',''
  ) );
#2420 = PCURVE('',#1593,#2421);
#2421 = DEFINITIONAL_REPRESENTATION('',(#2422),#2426);
#2422 = LINE('',#2423,#2424);
#2423 = CARTESIAN_POINT('',(0.,-0.));
#2424 = VECTOR('',#2425,1.);
#2425 = DIRECTION('',(0.,1.));
#2426 = ( GEOMETRIC_REPRESENTATION_CONTEXT(2) 
PARAMETRIC_REPRESENTATION_CONTEXT() REPRESENTATION_CONTEXT('2D SPACE',''
  ) );
#2427 = ORIENTED_EDGE('',*,*,#2226,.T.);
#2428 = ORIENTED_EDGE('',*,*,#1699,.T.);
#2429 = ORIENTED_EDGE('',*,*,#2407,.T.);
#2430 = ( GEOMETRIC_REPRESENTATION_CONTEXT(3) 
GLOBAL_UNCERTAINTY_ASSIGNED_CONTEXT((#2434)) 
GLOBAL_UNIT_ASSIGNED_CONTEXT((#2431,#2432,#2433)) REPRESENTATION_CONTEXT
('Context #1','3D Context with UNIT and UNCERTAINTY') );
#2431 = ( LENGTH_UNIT() NAMED_UNIT(*) SI_UNIT(.MILLI.,.METRE.) );
#2432 = ( NAMED_UNIT(*) PLANE_ANGLE_UNIT() SI_UNIT($,.RADIAN.) );
#2433 = ( NAMED_UNIT(*) SI_UNIT($,.STERADIAN.) SOLID_ANGLE_UNIT() );
#2434 = UNCERTAINTY_MEASURE_WITH_UNIT(LENGTH_MEASURE(1.E-07),#2431,
  'distance_accuracy_value','confusion accuracy');
#2435 = PRODUCT_RELATED_PRODUCT_CATEGORY('part',$,(#7));
ENDSEC;
END-ISO-10303-21;
