ISO-10303-21;
HEADER;
FILE_NAME('Open CASCADE Shape Model','2026-09-29T04:24:15',('Author'),(
    'Open CASCADE'),'Open CASCADE STEP processor 8.0','Open CASCADE 8.0'
  ,'Unknown');
FILE_DESCRIPTION(('Open CASCADE Model'),'2;1');
FILE_SCHEMA((''));
ENDSEC;
DATA;
#1 = APPLICATION_PROTOCOL_DEFINITION('international standard',
  'automotive_design',2000,#2);
#2 = APPLICATION_CONTEXT(
  'core data for automotive mechanical design processes');
#3 = SHAPE_DEFINITION_REPRESENTATION(#4,#10);
#4 = PRODUCT_DEFINITION_SHAPE('','',#5);
#5 = PRODUCT_DEFINITION('design','',#6,#9);
#6 = PRODUCT_DEFINITION_FORMATION('','',#7);
#7 = PRODUCT('Open CASCADE STEP translator 8.0 1',
  'Open CASCADE STEP translator 8.0 1','',(#8));
#8 = PRODUCT_CONTEXT('',#2,'mechanical');
#9 = PRODUCT_DEFINITION_CONTEXT('part definition',#2,'design');
#10 = ADVANCED_BREP_SHAPE_REPRESENTATION('',(#11,#15),#9877);
#11 = AXIS2_PLACEMENT_3D('',#12,#13,#14);
#12 = CARTESIAN_POINT('',(0.,0.,0.));
#13 = DIRECTION('',(0.,0.,1.));
#14 = DIRECTION('',(1.,0.,-0.));
#15 = MANIFOLD_SOLID_BREP('',#16);
#16 = CLOSED_SHELL('',(#17,#181,#831,#2042,#2620,#3664,#3875,#3928,#3996
    ,#4024,#4054,#4244,#4348,#4355,#4383,#4883,#4891,#4940,#5495,#5523,
    #6047,#6055,#6104,#6655,#6708,#7201,#7208,#7256,#7787,#7815,#8315,
    #8323,#8372,#8867,#8895,#9419,#9427,#9454,#9481,#9508,#9535,#9542,
    #9549,#9576,#9603,#9610,#9617,#9624,#9631,#9638,#9665,#9692,#9721,
    #9728,#9755,#9762,#9789,#9816,#9823,#9850));
#17 = ADVANCED_FACE('',(#18),#39,.T.);
#18 = FACE_BOUND('',#19,.T.);
#19 = EDGE_LOOP('',(#20,#76,#105,#154));
#20 = ORIENTED_EDGE('',*,*,#21,.F.);
#21 = EDGE_CURVE('',#22,#24,#26,.T.);
#22 = VERTEX_POINT('',#23);
#23 = CARTESIAN_POINT('',(94.615009380119,-16.24807680927,5.));
#24 = VERTEX_POINT('',#25);
#25 = CARTESIAN_POINT('',(94.615009380119,-16.24807680927,-5.));
#26 = SURFACE_CURVE('',#27,(#38,#57),.PCURVE_S1.);
#27 = B_SPLINE_CURVE_WITH_KNOTS('',5,(#28,#29,#30,#31,#32,#33,#34,#35,
    #36,#37),.UNSPECIFIED.,.F.,.F.,(6,4,6),(0.,0.499999961215,1.),
  .UNSPECIFIED.);
#28 = CARTESIAN_POINT('',(94.615009411547,-16.24807662626,5.000000597359
    ));
#29 = CARTESIAN_POINT('',(94.563030075078,-16.55076016981,4.016395632513
    ));
#30 = CARTESIAN_POINT('',(94.523128007605,-16.77586431643,3.020120946645
    ));
#31 = CARTESIAN_POINT('',(94.49624726876,-16.9252818412,2.016037779263)
  );
#32 = CARTESIAN_POINT('',(94.482802667999,-17.,1.008052285941));
#33 = CARTESIAN_POINT('',(94.482802667999,-17.,-1.00805244233));
#34 = CARTESIAN_POINT('',(94.496247270911,-16.92528181769,
    -2.016037330154));
#35 = CARTESIAN_POINT('',(94.523127983415,-16.77586447068,
    -3.020120834913));
#36 = CARTESIAN_POINT('',(94.563030114114,-16.55075994248,
    -4.016396371945));
#37 = CARTESIAN_POINT('',(94.615009411416,-16.24807662702,
    -5.000000596117));
#38 = PCURVE('',#39,#44);
#39 = CYLINDRICAL_SURFACE('',#40,96.);
#40 = AXIS2_PLACEMENT_3D('',#41,#42,#43);
#41 = CARTESIAN_POINT('',(0.,0.,-5.));
#42 = DIRECTION('',(0.,0.,1.));
#43 = DIRECTION('',(1.,0.,-0.));
#44 = DEFINITIONAL_REPRESENTATION('',(#45),#56);
#45 = B_SPLINE_CURVE_WITH_KNOTS('',5,(#46,#47,#48,#49,#50,#51,#52,#53,
    #54,#55),.UNSPECIFIED.,.F.,.F.,(6,4,6),(0.,0.499999961215,1.),
  .UNSPECIFIED.);
#46 = CARTESIAN_POINT('',(6.113115856501,10.0000006));
#47 = CARTESIAN_POINT('',(6.109916749452,9.016395635154));
#48 = CARTESIAN_POINT('',(6.107535392868,8.020120939873));
#49 = CARTESIAN_POINT('',(6.105953964705,7.016037783125));
#50 = CARTESIAN_POINT('',(6.105163153056,6.008052285941));
#51 = CARTESIAN_POINT('',(6.105163153056,3.99194755767));
#52 = CARTESIAN_POINT('',(6.105953964954,2.983962664342));
#53 = CARTESIAN_POINT('',(6.107535391238,1.979879174828));
#54 = CARTESIAN_POINT('',(6.109916751854,0.983603624172));
#55 = CARTESIAN_POINT('',(6.113115856492,-6.E-07));
#56 = ( GEOMETRIC_REPRESENTATION_CONTEXT(2) 
PARAMETRIC_REPRESENTATION_CONTEXT() REPRESENTATION_CONTEXT('2D SPACE',''
  ) );
#57 = PCURVE('',#58,#63);
#58 = CYLINDRICAL_SURFACE('',#59,17.);
#59 = AXIS2_PLACEMENT_3D('',#60,#61,#62);
#60 = CARTESIAN_POINT('',(40.,0.,0.));
#61 = DIRECTION('',(1.,0.,0.));
#62 = DIRECTION('',(-0.,0.,1.));
#63 = DEFINITIONAL_REPRESENTATION('',(#64),#75);
#64 = B_SPLINE_CURVE_WITH_KNOTS('',5,(#65,#66,#67,#68,#69,#70,#71,#72,
    #73,#74),.UNSPECIFIED.,.F.,.F.,(6,4,6),(0.,0.499999961215,1.),
  .UNSPECIFIED.);
#65 = CARTESIAN_POINT('',(1.272264089008,54.615009411547));
#66 = CARTESIAN_POINT('',(1.332800790518,54.563030075078));
#67 = CARTESIAN_POINT('',(1.392707660309,54.523128007605));
#68 = CARTESIAN_POINT('',(1.452205913283,54.49624726876));
#69 = CARTESIAN_POINT('',(1.511499133504,54.482802667999));
#70 = CARTESIAN_POINT('',(1.630093529285,54.482802667999));
#71 = CARTESIAN_POINT('',(1.689386714487,54.496247270911));
#72 = CARTESIAN_POINT('',(1.748884984963,54.523127983415));
#73 = CARTESIAN_POINT('',(1.808791908507,54.563030114114));
#74 = CARTESIAN_POINT('',(1.869328564429,54.615009411416));
#75 = ( GEOMETRIC_REPRESENTATION_CONTEXT(2) 
PARAMETRIC_REPRESENTATION_CONTEXT() REPRESENTATION_CONTEXT('2D SPACE',''
  ) );
#76 = ORIENTED_EDGE('',*,*,#77,.F.);
#77 = EDGE_CURVE('',#78,#22,#80,.T.);
#78 = VERTEX_POINT('',#79);
#79 = CARTESIAN_POINT('',(61.379689574914,-73.81418364845,5.));
#80 = SURFACE_CURVE('',#81,(#86,#93),.PCURVE_S1.);
#81 = CIRCLE('',#82,96.);
#82 = AXIS2_PLACEMENT_3D('',#83,#84,#85);
#83 = CARTESIAN_POINT('',(0.,0.,5.));
#84 = DIRECTION('',(0.,0.,1.));
#85 = DIRECTION('',(1.,0.,-0.));
#86 = PCURVE('',#39,#87);
#87 = DEFINITIONAL_REPRESENTATION('',(#88),#92);
#88 = LINE('',#89,#90);
#89 = CARTESIAN_POINT('',(0.,10.));
#90 = VECTOR('',#91,1.);
#91 = DIRECTION('',(1.,0.));
#92 = ( GEOMETRIC_REPRESENTATION_CONTEXT(2) 
PARAMETRIC_REPRESENTATION_CONTEXT() REPRESENTATION_CONTEXT('2D SPACE',''
  ) );
#93 = PCURVE('',#94,#99);
#94 = PLANE('',#95);
#95 = AXIS2_PLACEMENT_3D('',#96,#97,#98);
#96 = CARTESIAN_POINT('',(0.,0.,5.));
#97 = DIRECTION('',(0.,0.,1.));
#98 = DIRECTION('',(1.,0.,-0.));
#99 = DEFINITIONAL_REPRESENTATION('',(#100),#104);
#100 = CIRCLE('',#101,96.);
#101 = AXIS2_PLACEMENT_2D('',#102,#103);
#102 = CARTESIAN_POINT('',(0.,0.));
#103 = DIRECTION('',(1.,0.));
#104 = ( GEOMETRIC_REPRESENTATION_CONTEXT(2) 
PARAMETRIC_REPRESENTATION_CONTEXT() REPRESENTATION_CONTEXT('2D SPACE',''
  ) );
#105 = ORIENTED_EDGE('',*,*,#106,.F.);
#106 = EDGE_CURVE('',#107,#78,#109,.T.);
#107 = VERTEX_POINT('',#108);
#108 = CARTESIAN_POINT('',(61.379689574914,-73.81418364845,-5.));
#109 = SURFACE_CURVE('',#110,(#121,#135),.PCURVE_S1.);
#110 = B_SPLINE_CURVE_WITH_KNOTS('',5,(#111,#112,#113,#114,#115,#116,
    #117,#118,#119,#120),.UNSPECIFIED.,.F.,.F.,(6,4,6),(0.,
    0.499999965317,1.),.UNSPECIFIED.);
#111 = CARTESIAN_POINT('',(61.379689432728,-73.81418376668,
    -5.000000596126));
#112 = CARTESIAN_POINT('',(61.615828896206,-73.61782357963,
    -4.01639568128));
#113 = CARTESIAN_POINT('',(61.790821917391,-73.47071306794,
    -3.020120993445));
#114 = CARTESIAN_POINT('',(61.906779675992,-73.37272342915,
    -2.016037673238));
#115 = CARTESIAN_POINT('',(61.964764573816,-73.32372025007,
    -1.008052330424));
#116 = CARTESIAN_POINT('',(61.964764573816,-73.32372025007,
    1.008052470272));
#117 = CARTESIAN_POINT('',(61.906779659559,-73.37272344056,
    2.016037259922));
#118 = CARTESIAN_POINT('',(61.790822025181,-73.47071298106,
    3.020120905783));
#119 = CARTESIAN_POINT('',(61.615828737328,-73.61782371175,4.01639634307
    ));
#120 = CARTESIAN_POINT('',(61.379689432733,-73.81418376668,
    5.000000596117));
#121 = PCURVE('',#39,#122);
#122 = DEFINITIONAL_REPRESENTATION('',(#123),#134);
#123 = B_SPLINE_CURVE_WITH_KNOTS('',5,(#124,#125,#126,#127,#128,#129,
    #130,#131,#132,#133),.UNSPECIFIED.,.F.,.F.,(6,4,6),(0.,
    0.499999965317,1.),.UNSPECIFIED.);
#124 = CARTESIAN_POINT('',(5.406069908842,-6.E-07));
#125 = CARTESIAN_POINT('',(5.409269015726,0.983604314846));
#126 = CARTESIAN_POINT('',(5.411650372499,1.979879016467));
#127 = CARTESIAN_POINT('',(5.413231800671,2.983962321114));
#128 = CARTESIAN_POINT('',(5.414022612278,3.991947669576));
#129 = CARTESIAN_POINT('',(5.414022612278,6.008052470272));
#130 = CARTESIAN_POINT('',(5.41323180046,7.016037265427));
#131 = CARTESIAN_POINT('',(5.411650373945,8.020120896041));
#132 = CARTESIAN_POINT('',(5.409269013574,9.016396346953));
#133 = CARTESIAN_POINT('',(5.406069908842,10.0000006));
#134 = ( GEOMETRIC_REPRESENTATION_CONTEXT(2) 
PARAMETRIC_REPRESENTATION_CONTEXT() REPRESENTATION_CONTEXT('2D SPACE',''
  ) );
#135 = PCURVE('',#136,#141);
#136 = CYLINDRICAL_SURFACE('',#137,17.);
#137 = AXIS2_PLACEMENT_3D('',#138,#139,#140);
#138 = CARTESIAN_POINT('',(20.,-34.64,0.));
#139 = DIRECTION('',(0.500011000363,-0.866019052629,0.));
#140 = DIRECTION('',(-0.866019052629,-0.500011000363,0.));
#141 = DEFINITIONAL_REPRESENTATION('',(#142),#153);
#142 = B_SPLINE_CURVE_WITH_KNOTS('',5,(#143,#144,#145,#146,#147,#148,
    #149,#150,#151,#152),.UNSPECIFIED.,.F.,.F.,(6,4,6),(0.,
    0.499999965317,1.),.UNSPECIFIED.);
#143 = CARTESIAN_POINT('',(2.843060415954,54.615889421097));
#144 = CARTESIAN_POINT('',(2.903597114385,54.563910087296));
#145 = CARTESIAN_POINT('',(2.963503984247,54.524008016908));
#146 = CARTESIAN_POINT('',(3.023002246408,54.497127277634));
#147 = CARTESIAN_POINT('',(3.082295457683,54.483682677679));
#148 = CARTESIAN_POINT('',(3.200889857723,54.483682677679));
#149 = CARTESIAN_POINT('',(3.26018303709,54.497127279296));
#150 = CARTESIAN_POINT('',(3.319681316048,54.524007995565));
#151 = CARTESIAN_POINT('',(3.379588233525,54.563910122269));
#152 = CARTESIAN_POINT('',(3.440124891224,54.615889421096));
#153 = ( GEOMETRIC_REPRESENTATION_CONTEXT(2) 
PARAMETRIC_REPRESENTATION_CONTEXT() REPRESENTATION_CONTEXT('2D SPACE',''
  ) );
#154 = ORIENTED_EDGE('',*,*,#155,.T.);
#155 = EDGE_CURVE('',#107,#24,#156,.T.);
#156 = SURFACE_CURVE('',#157,(#162,#169),.PCURVE_S1.);
#157 = CIRCLE('',#158,96.);
#158 = AXIS2_PLACEMENT_3D('',#159,#160,#161);
#159 = CARTESIAN_POINT('',(0.,0.,-5.));
#160 = DIRECTION('',(0.,0.,1.));
#161 = DIRECTION('',(1.,0.,-0.));
#162 = PCURVE('',#39,#163);
#163 = DEFINITIONAL_REPRESENTATION('',(#164),#168);
#164 = LINE('',#165,#166);
#165 = CARTESIAN_POINT('',(0.,0.));
#166 = VECTOR('',#167,1.);
#167 = DIRECTION('',(1.,0.));
#168 = ( GEOMETRIC_REPRESENTATION_CONTEXT(2) 
PARAMETRIC_REPRESENTATION_CONTEXT() REPRESENTATION_CONTEXT('2D SPACE',''
  ) );
#169 = PCURVE('',#170,#175);
#170 = PLANE('',#171);
#171 = AXIS2_PLACEMENT_3D('',#172,#173,#174);
#172 = CARTESIAN_POINT('',(0.,0.,-5.));
#173 = DIRECTION('',(0.,0.,1.));
#174 = DIRECTION('',(1.,0.,-0.));
#175 = DEFINITIONAL_REPRESENTATION('',(#176),#180);
#176 = CIRCLE('',#177,96.);
#177 = AXIS2_PLACEMENT_2D('',#178,#179);
#178 = CARTESIAN_POINT('',(0.,0.));
#179 = DIRECTION('',(1.,0.));
#180 = ( GEOMETRIC_REPRESENTATION_CONTEXT(2) 
PARAMETRIC_REPRESENTATION_CONTEXT() REPRESENTATION_CONTEXT('2D SPACE',''
  ) );
#181 = ADVANCED_FACE('',(#182,#660),#58,.T.);
#182 = FACE_BOUND('',#183,.T.);
#183 = EDGE_LOOP('',(#184,#283,#306,#333,#334,#424,#447,#476,#495,#496,
    #517,#546,#567,#616,#637,#659));
#184 = ORIENTED_EDGE('',*,*,#185,.F.);
#185 = EDGE_CURVE('',#186,#188,#190,.T.);
#186 = VERTEX_POINT('',#187);
#187 = CARTESIAN_POINT('',(72.1,1.82472373073E-15,17.));
#188 = VERTEX_POINT('',#189);
#189 = CARTESIAN_POINT('',(67.9,4.163799117101E-15,17.));
#190 = SURFACE_CURVE('',#191,(#218,#248),.PCURVE_S1.);
#191 = B_SPLINE_CURVE_WITH_KNOTS('',7,(#192,#193,#194,#195,#196,#197,
    #198,#199,#200,#201,#202,#203,#204,#205,#206,#207,#208,#209,#210,
    #211,#212,#213,#214,#215,#216,#217),.UNSPECIFIED.,.F.,.F.,(8,6,6,6,8
    ),(0.,0.245388198885,0.500010334568,0.754645717946,1.),
  .UNSPECIFIED.);
#192 = CARTESIAN_POINT('',(72.1,1.82472373073E-15,17.));
#193 = CARTESIAN_POINT('',(72.1,0.27899941845,17.));
#194 = CARTESIAN_POINT('',(72.056755626913,0.55047290149,16.994657900753
    ));
#195 = CARTESIAN_POINT('',(71.974463131762,0.806637734836,
    16.984493160459));
#196 = CARTESIAN_POINT('',(71.858790815705,1.041038338694,
    16.970884385458));
#197 = CARTESIAN_POINT('',(71.716819137908,1.248771335966,
    16.955713808497));
#198 = CARTESIAN_POINT('',(71.556945775955,1.426953058062,
    16.940660624667));
#199 = CARTESIAN_POINT('',(71.214235050869,1.7290932051,16.912543114244)
  );
#200 = CARTESIAN_POINT('',(71.026060501835,1.854901793688,
    16.899189425933));
#201 = CARTESIAN_POINT('',(70.82871052161,1.953857542309,16.887763503364
    ));
#202 = CARTESIAN_POINT('',(70.625305894419,2.027149266283,16.8788642531)
  );
#203 = CARTESIAN_POINT('',(70.418166319286,2.075695874102,
    16.872820918917));
#204 = CARTESIAN_POINT('',(70.209160749736,2.1,16.869795493722));
#205 = CARTESIAN_POINT('',(69.790828367872,2.1,16.869795493722));
#206 = CARTESIAN_POINT('',(69.581824975393,2.075693389921,
    16.872821225281));
#207 = CARTESIAN_POINT('',(69.374691577195,2.027147043265,16.87886453764
    ));
#208 = CARTESIAN_POINT('',(69.171291223379,1.953857705366,16.88776342707
    ));
#209 = CARTESIAN_POINT('',(68.973941372037,1.854903375824,
    16.899189278446));
#210 = CARTESIAN_POINT('',(68.785765012846,1.729093261272,
    16.912543109017));
#211 = CARTESIAN_POINT('',(68.443086158607,1.426981212166,
    16.940658004614));
#212 = CARTESIAN_POINT('',(68.283199021749,1.248801523859,
    16.955711583142));
#213 = CARTESIAN_POINT('',(68.141199727498,1.04104297115,16.970884917));
#214 = CARTESIAN_POINT('',(68.025510572722,0.806600866758,16.98449640028
    ));
#215 = CARTESIAN_POINT('',(67.943223828592,0.550401825964,
    16.994660441865));
#216 = CARTESIAN_POINT('',(67.9,0.278933156591,17.));
#217 = CARTESIAN_POINT('',(67.9,2.467663300282E-15,17.));
#218 = PCURVE('',#58,#219);
#219 = DEFINITIONAL_REPRESENTATION('',(#220),#247);
#220 = B_SPLINE_CURVE_WITH_KNOTS('',7,(#221,#222,#223,#224,#225,#226,
    #227,#228,#229,#230,#231,#232,#233,#234,#235,#236,#237,#238,#239,
    #240,#241,#242,#243,#244,#245,#246),.UNSPECIFIED.,.F.,.F.,(8,6,6,6,8
    ),(0.,0.245388198885,0.500010334568,0.754645717946,1.),
  .UNSPECIFIED.);
#221 = CARTESIAN_POINT('',(6.28318530718,32.1));
#222 = CARTESIAN_POINT('',(6.266773576683,32.1));
#223 = CARTESIAN_POINT('',(6.25080454024,32.056755626913));
#224 = CARTESIAN_POINT('',(6.235728845604,31.974463131762));
#225 = CARTESIAN_POINT('',(6.221920532851,31.858790815705));
#226 = CARTESIAN_POINT('',(6.209669694371,31.716819137907));
#227 = CARTESIAN_POINT('',(6.199151467225,31.556945775955));
#228 = CARTESIAN_POINT('',(6.181301723075,31.214235050869));
#229 = CARTESIAN_POINT('',(6.173860270454,31.026060501835));
#230 = CARTESIAN_POINT('',(6.168000883341,30.82871052161));
#231 = CARTESIAN_POINT('',(6.163657966482,30.625305894419));
#232 = CARTESIAN_POINT('',(6.160780240153,30.418166319286));
#233 = CARTESIAN_POINT('',(6.159339551804,30.209160749736));
#234 = CARTESIAN_POINT('',(6.159339551804,29.790828367872));
#235 = CARTESIAN_POINT('',(6.160780387371,29.581824975393));
#236 = CARTESIAN_POINT('',(6.163658098344,29.374691577195));
#237 = CARTESIAN_POINT('',(6.168000873266,29.171291223379));
#238 = CARTESIAN_POINT('',(6.173860177014,28.973941372037));
#239 = CARTESIAN_POINT('',(6.181301719756,28.785765012846));
#240 = CARTESIAN_POINT('',(6.199149803946,28.443086158607));
#241 = CARTESIAN_POINT('',(6.209667913922,28.283199021748));
#242 = CARTESIAN_POINT('',(6.221920264532,28.141199727498));
#243 = CARTESIAN_POINT('',(6.235731019739,28.025510572722));
#244 = CARTESIAN_POINT('',(6.250808721168,27.943223828592));
#245 = CARTESIAN_POINT('',(6.266777474439,27.9));
#246 = CARTESIAN_POINT('',(6.28318530718,27.9));
#247 = ( GEOMETRIC_REPRESENTATION_CONTEXT(2) 
PARAMETRIC_REPRESENTATION_CONTEXT() REPRESENTATION_CONTEXT('2D SPACE',''
  ) );
#248 = PCURVE('',#249,#254);
#249 = CYLINDRICAL_SURFACE('',#250,2.1);
#250 = AXIS2_PLACEMENT_3D('',#251,#252,#253);
#251 = CARTESIAN_POINT('',(70.,0.,-20.));
#252 = DIRECTION('',(0.,0.,1.));
#253 = DIRECTION('',(1.,0.,-0.));
#254 = DEFINITIONAL_REPRESENTATION('',(#255),#282);
#255 = B_SPLINE_CURVE_WITH_KNOTS('',7,(#256,#257,#258,#259,#260,#261,
    #262,#263,#264,#265,#266,#267,#268,#269,#270,#271,#272,#273,#274,
    #275,#276,#277,#278,#279,#280,#281),.UNSPECIFIED.,.F.,.F.,(8,6,6,6,8
    ),(0.,0.245388198885,0.500010334568,0.754645717946,1.),
  .UNSPECIFIED.);
#256 = CARTESIAN_POINT('',(0.,37.));
#257 = CARTESIAN_POINT('',(0.132856865928,37.));
#258 = CARTESIAN_POINT('',(0.262129859914,36.994657900753));
#259 = CARTESIAN_POINT('',(0.38794367145,36.984493160459));
#260 = CARTESIAN_POINT('',(0.510124032445,36.970884385458));
#261 = CARTESIAN_POINT('',(0.62824054874,36.955713808497));
#262 = CARTESIAN_POINT('',(0.741457981802,36.940660624667));
#263 = CARTESIAN_POINT('',(0.959019873609,36.912543114244));
#264 = CARTESIAN_POINT('',(1.065853585147,36.899189425933));
#265 = CARTESIAN_POINT('',(1.16972863053,36.887763503364));
#266 = CARTESIAN_POINT('',(1.271417201679,36.8788642531));
#267 = CARTESIAN_POINT('',(1.371669661727,36.872820918917));
#268 = CARTESIAN_POINT('',(1.471195969778,36.869795493722));
#269 = CARTESIAN_POINT('',(1.670401865904,36.869795493722));
#270 = CARTESIAN_POINT('',(1.76992712248,36.872821225281));
#271 = CARTESIAN_POINT('',(1.870176927627,36.87886453764));
#272 = CARTESIAN_POINT('',(1.971863313083,36.88776342707));
#273 = CARTESIAN_POINT('',(2.075737908855,36.899189278446));
#274 = CARTESIAN_POINT('',(2.182572739533,36.912543109017));
#275 = CARTESIAN_POINT('',(2.400114398878,36.940658004614));
#276 = CARTESIAN_POINT('',(2.513336115462,36.955711583142));
#277 = CARTESIAN_POINT('',(2.631469387111,36.970884917));
#278 = CARTESIAN_POINT('',(2.753669231281,36.98449640028));
#279 = CARTESIAN_POINT('',(2.879496646385,36.994660441865));
#280 = CARTESIAN_POINT('',(3.008767340927,37.));
#281 = CARTESIAN_POINT('',(3.14159265359,37.));
#282 = ( GEOMETRIC_REPRESENTATION_CONTEXT(2) 
PARAMETRIC_REPRESENTATION_CONTEXT() REPRESENTATION_CONTEXT('2D SPACE',''
  ) );
#283 = ORIENTED_EDGE('',*,*,#284,.T.);
#284 = EDGE_CURVE('',#186,#285,#287,.T.);
#285 = VERTEX_POINT('',#286);
#286 = CARTESIAN_POINT('',(100.,4.163799117101E-15,17.));
#287 = SEAM_CURVE('',#288,(#292,#299),.PCURVE_S1.);
#288 = LINE('',#289,#290);
#289 = CARTESIAN_POINT('',(40.,4.163799117101E-15,17.));
#290 = VECTOR('',#291,1.);
#291 = DIRECTION('',(1.,0.,0.));
#292 = PCURVE('',#58,#293);
#293 = DEFINITIONAL_REPRESENTATION('',(#294),#298);
#294 = LINE('',#295,#296);
#295 = CARTESIAN_POINT('',(0.,-0.));
#296 = VECTOR('',#297,1.);
#297 = DIRECTION('',(0.,1.));
#298 = ( GEOMETRIC_REPRESENTATION_CONTEXT(2) 
PARAMETRIC_REPRESENTATION_CONTEXT() REPRESENTATION_CONTEXT('2D SPACE',''
  ) );
#299 = PCURVE('',#58,#300);
#300 = DEFINITIONAL_REPRESENTATION('',(#301),#305);
#301 = LINE('',#302,#303);
#302 = CARTESIAN_POINT('',(6.28318530718,-0.));
#303 = VECTOR('',#304,1.);
#304 = DIRECTION('',(0.,1.));
#305 = ( GEOMETRIC_REPRESENTATION_CONTEXT(2) 
PARAMETRIC_REPRESENTATION_CONTEXT() REPRESENTATION_CONTEXT('2D SPACE',''
  ) );
#306 = ORIENTED_EDGE('',*,*,#307,.F.);
#307 = EDGE_CURVE('',#285,#285,#308,.T.);
#308 = SURFACE_CURVE('',#309,(#314,#321),.PCURVE_S1.);
#309 = CIRCLE('',#310,17.);
#310 = AXIS2_PLACEMENT_3D('',#311,#312,#313);
#311 = CARTESIAN_POINT('',(100.,0.,0.));
#312 = DIRECTION('',(1.,0.,0.));
#313 = DIRECTION('',(-0.,0.,1.));
#314 = PCURVE('',#58,#315);
#315 = DEFINITIONAL_REPRESENTATION('',(#316),#320);
#316 = LINE('',#317,#318);
#317 = CARTESIAN_POINT('',(0.,60.));
#318 = VECTOR('',#319,1.);
#319 = DIRECTION('',(1.,0.));
#320 = ( GEOMETRIC_REPRESENTATION_CONTEXT(2) 
PARAMETRIC_REPRESENTATION_CONTEXT() REPRESENTATION_CONTEXT('2D SPACE',''
  ) );
#321 = PCURVE('',#322,#327);
#322 = PLANE('',#323);
#323 = AXIS2_PLACEMENT_3D('',#324,#325,#326);
#324 = CARTESIAN_POINT('',(100.,0.,0.));
#325 = DIRECTION('',(1.,0.,0.));
#326 = DIRECTION('',(-0.,0.,1.));
#327 = DEFINITIONAL_REPRESENTATION('',(#328),#332);
#328 = CIRCLE('',#329,17.);
#329 = AXIS2_PLACEMENT_2D('',#330,#331);
#330 = CARTESIAN_POINT('',(0.,0.));
#331 = DIRECTION('',(1.,0.));
#332 = ( GEOMETRIC_REPRESENTATION_CONTEXT(2) 
PARAMETRIC_REPRESENTATION_CONTEXT() REPRESENTATION_CONTEXT('2D SPACE',''
  ) );
#333 = ORIENTED_EDGE('',*,*,#284,.F.);
#334 = ORIENTED_EDGE('',*,*,#335,.F.);
#335 = EDGE_CURVE('',#188,#186,#336,.T.);
#336 = SURFACE_CURVE('',#337,(#364,#394),.PCURVE_S1.);
#337 = B_SPLINE_CURVE_WITH_KNOTS('',7,(#338,#339,#340,#341,#342,#343,
    #344,#345,#346,#347,#348,#349,#350,#351,#352,#353,#354,#355,#356,
    #357,#358,#359,#360,#361,#362,#363),.UNSPECIFIED.,.F.,.F.,(8,6,6,6,8
    ),(0.,0.245413438468,0.500053663042,0.754693165596,1.),
  .UNSPECIFIED.);
#338 = CARTESIAN_POINT('',(67.9,4.440892098501E-16,17.));
#339 = CARTESIAN_POINT('',(67.9,-0.27899941845,17.));
#340 = CARTESIAN_POINT('',(67.943244373087,-0.550472901491,
    16.994657900753));
#341 = CARTESIAN_POINT('',(68.025536868238,-0.806637734836,
    16.984493160459));
#342 = CARTESIAN_POINT('',(68.141209184295,-1.041038338694,
    16.970884385458));
#343 = CARTESIAN_POINT('',(68.283180862092,-1.248771335965,
    16.955713808497));
#344 = CARTESIAN_POINT('',(68.443054224045,-1.426953058062,
    16.940660624667));
#345 = CARTESIAN_POINT('',(68.785759397591,-1.72908831076,
    16.912543569717));
#346 = CARTESIAN_POINT('',(68.973938666959,-1.854903581117,
    16.899189364119));
#347 = CARTESIAN_POINT('',(69.171295342029,-1.953860779536,
    16.887763039315));
#348 = CARTESIAN_POINT('',(69.37469864167,-2.027148891724,
    16.878864306999));
#349 = CARTESIAN_POINT('',(69.581829095486,-2.075693230289,
    16.872821245869));
#350 = CARTESIAN_POINT('',(69.790827774773,-2.1,16.869795493722));
#351 = CARTESIAN_POINT('',(70.209171632128,-2.1,16.869795493722));
#352 = CARTESIAN_POINT('',(70.418175024607,-2.075693389921,
    16.872821225281));
#353 = CARTESIAN_POINT('',(70.625308422805,-2.027147043265,
    16.87886453764));
#354 = CARTESIAN_POINT('',(70.828708776621,-1.953857705366,
    16.88776342707));
#355 = CARTESIAN_POINT('',(71.026058627963,-1.854903375824,
    16.899189278446));
#356 = CARTESIAN_POINT('',(71.214234987154,-1.729093261272,
    16.912543109017));
#357 = CARTESIAN_POINT('',(71.556878602412,-1.427012279507,
    16.940655113451));
#358 = CARTESIAN_POINT('',(71.716790485894,-1.248826379456,
    16.955709905447));
#359 = CARTESIAN_POINT('',(71.858820169591,-1.041032242297,
    16.970886704407));
#360 = CARTESIAN_POINT('',(71.974520194984,-0.806547213737,
    16.984500225935));
#361 = CARTESIAN_POINT('',(72.056795725308,-0.550323989144,
    16.994662851203));
#362 = CARTESIAN_POINT('',(72.1,-0.278870054209,17.));
#363 = CARTESIAN_POINT('',(72.1,-4.440892098501E-16,17.));
#364 = PCURVE('',#58,#365);
#365 = DEFINITIONAL_REPRESENTATION('',(#366),#393);
#366 = B_SPLINE_CURVE_WITH_KNOTS('',7,(#367,#368,#369,#370,#371,#372,
    #373,#374,#375,#376,#377,#378,#379,#380,#381,#382,#383,#384,#385,
    #386,#387,#388,#389,#390,#391,#392),.UNSPECIFIED.,.F.,.F.,(8,6,6,6,8
    ),(0.,0.245413438468,0.500053663042,0.754693165596,1.),
  .UNSPECIFIED.);
#367 = CARTESIAN_POINT('',(0.,27.9));
#368 = CARTESIAN_POINT('',(1.641173049704E-02,27.9));
#369 = CARTESIAN_POINT('',(3.238076693968E-02,27.943244373087));
#370 = CARTESIAN_POINT('',(4.745646157512E-02,28.025536868238));
#371 = CARTESIAN_POINT('',(6.126477432894E-02,28.141209184295));
#372 = CARTESIAN_POINT('',(7.351561280852E-02,28.283180862092));
#373 = CARTESIAN_POINT('',(8.403383995422E-02,28.443054224045));
#374 = CARTESIAN_POINT('',(0.101883294959,28.785759397591));
#375 = CARTESIAN_POINT('',(0.109325141712,28.973938666959));
#376 = CARTESIAN_POINT('',(0.115184616033,29.171295342029));
#377 = CARTESIAN_POINT('',(0.119527318498,29.37469864167));
#378 = CARTESIAN_POINT('',(0.122404910313,29.581829095486));
#379 = CARTESIAN_POINT('',(0.123845755375,29.790827774773));
#380 = CARTESIAN_POINT('',(0.123845755375,30.209171632128));
#381 = CARTESIAN_POINT('',(0.122404919808,30.418175024607));
#382 = CARTESIAN_POINT('',(0.119527208836,30.625308422805));
#383 = CARTESIAN_POINT('',(0.115184433914,30.828708776621));
#384 = CARTESIAN_POINT('',(0.109325130166,31.026058627963));
#385 = CARTESIAN_POINT('',(0.101883587423,31.214234987154));
#386 = CARTESIAN_POINT('',(8.40373386208E-02,31.556878602412));
#387 = CARTESIAN_POINT('',(7.351885822393E-02,31.716790485894));
#388 = CARTESIAN_POINT('',(6.126440501349E-02,31.858820169592));
#389 = CARTESIAN_POINT('',(4.745112592595E-02,31.974520194983));
#390 = CARTESIAN_POINT('',(3.237200753591E-02,32.056795725309));
#391 = CARTESIAN_POINT('',(1.640412083584E-02,32.1));
#392 = CARTESIAN_POINT('',(0.,32.1));
#393 = ( GEOMETRIC_REPRESENTATION_CONTEXT(2) 
PARAMETRIC_REPRESENTATION_CONTEXT() REPRESENTATION_CONTEXT('2D SPACE',''
  ) );
#394 = PCURVE('',#249,#395);
#395 = DEFINITIONAL_REPRESENTATION('',(#396),#423);
#396 = B_SPLINE_CURVE_WITH_KNOTS('',7,(#397,#398,#399,#400,#401,#402,
    #403,#404,#405,#406,#407,#408,#409,#410,#411,#412,#413,#414,#415,
    #416,#417,#418,#419,#420,#421,#422),.UNSPECIFIED.,.F.,.F.,(8,6,6,6,8
    ),(0.,0.245413438468,0.500053663042,0.754693165596,1.),
  .UNSPECIFIED.);
#397 = CARTESIAN_POINT('',(3.14159265359,37.));
#398 = CARTESIAN_POINT('',(3.274449519518,37.));
#399 = CARTESIAN_POINT('',(3.403722513504,36.994657900753));
#400 = CARTESIAN_POINT('',(3.529536325039,36.984493160459));
#401 = CARTESIAN_POINT('',(3.651716686035,36.970884385458));
#402 = CARTESIAN_POINT('',(3.76983320233,36.955713808497));
#403 = CARTESIAN_POINT('',(3.883050635392,36.940660624667));
#404 = CARTESIAN_POINT('',(4.100609002934,36.912543569717));
#405 = CARTESIAN_POINT('',(4.207446494201,36.899189364119));
#406 = CARTESIAN_POINT('',(4.311324231844,36.887763039315));
#407 = CARTESIAN_POINT('',(4.413011756179,36.878864306999));
#408 = CARTESIAN_POINT('',(4.513260136265,36.872821245869));
#409 = CARTESIAN_POINT('',(4.612783158848,36.869795493722));
#410 = CARTESIAN_POINT('',(4.811994519493,36.869795493722));
#411 = CARTESIAN_POINT('',(4.91151977607,36.872821225281));
#412 = CARTESIAN_POINT('',(5.011769581217,36.87886453764));
#413 = CARTESIAN_POINT('',(5.113455966672,36.88776342707));
#414 = CARTESIAN_POINT('',(5.217330562445,36.899189278446));
#415 = CARTESIAN_POINT('',(5.324165393123,36.912543109017));
#416 = CARTESIAN_POINT('',(5.541684681824,36.940655113451));
#417 = CARTESIAN_POINT('',(5.65491720423,36.955709905447));
#418 = CARTESIAN_POINT('',(5.773071231936,36.970886704407));
#419 = CARTESIAN_POINT('',(5.895289999892,36.984500225935));
#420 = CARTESIAN_POINT('',(6.02112637111,36.994662851203));
#421 = CARTESIAN_POINT('',(6.15039004327,37.));
#422 = CARTESIAN_POINT('',(6.28318530718,37.));
#423 = ( GEOMETRIC_REPRESENTATION_CONTEXT(2) 
PARAMETRIC_REPRESENTATION_CONTEXT() REPRESENTATION_CONTEXT('2D SPACE',''
  ) );
#424 = ORIENTED_EDGE('',*,*,#425,.F.);
#425 = EDGE_CURVE('',#426,#188,#428,.T.);
#426 = VERTEX_POINT('',#427);
#427 = CARTESIAN_POINT('',(40.,4.163799117101E-15,17.));
#428 = SEAM_CURVE('',#429,(#433,#440),.PCURVE_S1.);
#429 = LINE('',#430,#431);
#430 = CARTESIAN_POINT('',(40.,4.163799117101E-15,17.));
#431 = VECTOR('',#432,1.);
#432 = DIRECTION('',(1.,0.,0.));
#433 = PCURVE('',#58,#434);
#434 = DEFINITIONAL_REPRESENTATION('',(#435),#439);
#435 = LINE('',#436,#437);
#436 = CARTESIAN_POINT('',(6.28318530718,-0.));
#437 = VECTOR('',#438,1.);
#438 = DIRECTION('',(0.,1.));
#439 = ( GEOMETRIC_REPRESENTATION_CONTEXT(2) 
PARAMETRIC_REPRESENTATION_CONTEXT() REPRESENTATION_CONTEXT('2D SPACE',''
  ) );
#440 = PCURVE('',#58,#441);
#441 = DEFINITIONAL_REPRESENTATION('',(#442),#446);
#442 = LINE('',#443,#444);
#443 = CARTESIAN_POINT('',(0.,-0.));
#444 = VECTOR('',#445,1.);
#445 = DIRECTION('',(0.,1.));
#446 = ( GEOMETRIC_REPRESENTATION_CONTEXT(2) 
PARAMETRIC_REPRESENTATION_CONTEXT() REPRESENTATION_CONTEXT('2D SPACE',''
  ) );
#447 = ORIENTED_EDGE('',*,*,#448,.T.);
#448 = EDGE_CURVE('',#426,#449,#451,.T.);
#449 = VERTEX_POINT('',#450);
#450 = CARTESIAN_POINT('',(40.,-16.24807680927,5.));
#451 = SURFACE_CURVE('',#452,(#457,#464),.PCURVE_S1.);
#452 = CIRCLE('',#453,17.);
#453 = AXIS2_PLACEMENT_3D('',#454,#455,#456);
#454 = CARTESIAN_POINT('',(40.,0.,0.));
#455 = DIRECTION('',(1.,0.,0.));
#456 = DIRECTION('',(-0.,0.,1.));
#457 = PCURVE('',#58,#458);
#458 = DEFINITIONAL_REPRESENTATION('',(#459),#463);
#459 = LINE('',#460,#461);
#460 = CARTESIAN_POINT('',(0.,0.));
#461 = VECTOR('',#462,1.);
#462 = DIRECTION('',(1.,0.));
#463 = ( GEOMETRIC_REPRESENTATION_CONTEXT(2) 
PARAMETRIC_REPRESENTATION_CONTEXT() REPRESENTATION_CONTEXT('2D SPACE',''
  ) );
#464 = PCURVE('',#465,#470);
#465 = PLANE('',#466);
#466 = AXIS2_PLACEMENT_3D('',#467,#468,#469);
#467 = CARTESIAN_POINT('',(40.,0.,0.));
#468 = DIRECTION('',(1.,0.,0.));
#469 = DIRECTION('',(-0.,0.,1.));
#470 = DEFINITIONAL_REPRESENTATION('',(#471),#475);
#471 = CIRCLE('',#472,17.);
#472 = AXIS2_PLACEMENT_2D('',#473,#474);
#473 = CARTESIAN_POINT('',(0.,0.));
#474 = DIRECTION('',(1.,0.));
#475 = ( GEOMETRIC_REPRESENTATION_CONTEXT(2) 
PARAMETRIC_REPRESENTATION_CONTEXT() REPRESENTATION_CONTEXT('2D SPACE',''
  ) );
#476 = ORIENTED_EDGE('',*,*,#477,.T.);
#477 = EDGE_CURVE('',#449,#22,#478,.T.);
#478 = SURFACE_CURVE('',#479,(#483,#489),.PCURVE_S1.);
#479 = LINE('',#480,#481);
#480 = CARTESIAN_POINT('',(40.,-16.24807680927,5.));
#481 = VECTOR('',#482,1.);
#482 = DIRECTION('',(1.,0.,0.));
#483 = PCURVE('',#58,#484);
#484 = DEFINITIONAL_REPRESENTATION('',(#485),#488);
#485 = B_SPLINE_CURVE_WITH_KNOTS('',1,(#486,#487),.UNSPECIFIED.,.F.,.F.,
  (2,2),(-5.999999999062E-07,60.0000006),.PIECEWISE_BEZIER_KNOTS.);
#486 = CARTESIAN_POINT('',(1.27226412561,-5.999999999062E-07));
#487 = CARTESIAN_POINT('',(1.27226412561,60.0000006));
#488 = ( GEOMETRIC_REPRESENTATION_CONTEXT(2) 
PARAMETRIC_REPRESENTATION_CONTEXT() REPRESENTATION_CONTEXT('2D SPACE',''
  ) );
#489 = PCURVE('',#94,#490);
#490 = DEFINITIONAL_REPRESENTATION('',(#491),#494);
#491 = B_SPLINE_CURVE_WITH_KNOTS('',1,(#492,#493),.UNSPECIFIED.,.F.,.F.,
  (2,2),(-5.999999999062E-07,60.0000006),.PIECEWISE_BEZIER_KNOTS.);
#492 = CARTESIAN_POINT('',(39.9999994,-16.24807680927));
#493 = CARTESIAN_POINT('',(100.0000006,-16.24807680927));
#494 = ( GEOMETRIC_REPRESENTATION_CONTEXT(2) 
PARAMETRIC_REPRESENTATION_CONTEXT() REPRESENTATION_CONTEXT('2D SPACE',''
  ) );
#495 = ORIENTED_EDGE('',*,*,#21,.T.);
#496 = ORIENTED_EDGE('',*,*,#497,.F.);
#497 = EDGE_CURVE('',#498,#24,#500,.T.);
#498 = VERTEX_POINT('',#499);
#499 = CARTESIAN_POINT('',(40.,-16.24807680927,-5.));
#500 = SURFACE_CURVE('',#501,(#505,#511),.PCURVE_S1.);
#501 = LINE('',#502,#503);
#502 = CARTESIAN_POINT('',(40.,-16.24807680927,-5.));
#503 = VECTOR('',#504,1.);
#504 = DIRECTION('',(1.,0.,0.));
#505 = PCURVE('',#58,#506);
#506 = DEFINITIONAL_REPRESENTATION('',(#507),#510);
#507 = B_SPLINE_CURVE_WITH_KNOTS('',1,(#508,#509),.UNSPECIFIED.,.F.,.F.,
  (2,2),(-5.999999999062E-07,60.0000006),.PIECEWISE_BEZIER_KNOTS.);
#508 = CARTESIAN_POINT('',(1.86932852798,-5.999999999062E-07));
#509 = CARTESIAN_POINT('',(1.86932852798,60.0000006));
#510 = ( GEOMETRIC_REPRESENTATION_CONTEXT(2) 
PARAMETRIC_REPRESENTATION_CONTEXT() REPRESENTATION_CONTEXT('2D SPACE',''
  ) );
#511 = PCURVE('',#170,#512);
#512 = DEFINITIONAL_REPRESENTATION('',(#513),#516);
#513 = B_SPLINE_CURVE_WITH_KNOTS('',1,(#514,#515),.UNSPECIFIED.,.F.,.F.,
  (2,2),(-5.999999999062E-07,60.0000006),.PIECEWISE_BEZIER_KNOTS.);
#514 = CARTESIAN_POINT('',(39.9999994,-16.24807680927));
#515 = CARTESIAN_POINT('',(100.0000006,-16.24807680927));
#516 = ( GEOMETRIC_REPRESENTATION_CONTEXT(2) 
PARAMETRIC_REPRESENTATION_CONTEXT() REPRESENTATION_CONTEXT('2D SPACE',''
  ) );
#517 = ORIENTED_EDGE('',*,*,#518,.T.);
#518 = EDGE_CURVE('',#498,#519,#521,.T.);
#519 = VERTEX_POINT('',#520);
#520 = CARTESIAN_POINT('',(40.,16.248076809272,-5.));
#521 = SURFACE_CURVE('',#522,(#527,#534),.PCURVE_S1.);
#522 = CIRCLE('',#523,17.);
#523 = AXIS2_PLACEMENT_3D('',#524,#525,#526);
#524 = CARTESIAN_POINT('',(40.,0.,0.));
#525 = DIRECTION('',(1.,0.,0.));
#526 = DIRECTION('',(-0.,0.,1.));
#527 = PCURVE('',#58,#528);
#528 = DEFINITIONAL_REPRESENTATION('',(#529),#533);
#529 = LINE('',#530,#531);
#530 = CARTESIAN_POINT('',(0.,0.));
#531 = VECTOR('',#532,1.);
#532 = DIRECTION('',(1.,0.));
#533 = ( GEOMETRIC_REPRESENTATION_CONTEXT(2) 
PARAMETRIC_REPRESENTATION_CONTEXT() REPRESENTATION_CONTEXT('2D SPACE',''
  ) );
#534 = PCURVE('',#535,#540);
#535 = PLANE('',#536);
#536 = AXIS2_PLACEMENT_3D('',#537,#538,#539);
#537 = CARTESIAN_POINT('',(40.,0.,0.));
#538 = DIRECTION('',(1.,0.,0.));
#539 = DIRECTION('',(-0.,0.,1.));
#540 = DEFINITIONAL_REPRESENTATION('',(#541),#545);
#541 = CIRCLE('',#542,17.);
#542 = AXIS2_PLACEMENT_2D('',#543,#544);
#543 = CARTESIAN_POINT('',(0.,0.));
#544 = DIRECTION('',(1.,0.));
#545 = ( GEOMETRIC_REPRESENTATION_CONTEXT(2) 
PARAMETRIC_REPRESENTATION_CONTEXT() REPRESENTATION_CONTEXT('2D SPACE',''
  ) );
#546 = ORIENTED_EDGE('',*,*,#547,.T.);
#547 = EDGE_CURVE('',#519,#548,#550,.T.);
#548 = VERTEX_POINT('',#549);
#549 = CARTESIAN_POINT('',(94.615009380119,16.248076809272,-5.));
#550 = SURFACE_CURVE('',#551,(#555,#561),.PCURVE_S1.);
#551 = LINE('',#552,#553);
#552 = CARTESIAN_POINT('',(40.,16.248076809272,-5.));
#553 = VECTOR('',#554,1.);
#554 = DIRECTION('',(1.,0.,0.));
#555 = PCURVE('',#58,#556);
#556 = DEFINITIONAL_REPRESENTATION('',(#557),#560);
#557 = B_SPLINE_CURVE_WITH_KNOTS('',1,(#558,#559),.UNSPECIFIED.,.F.,.F.,
  (2,2),(-5.999999999062E-07,60.0000006),.PIECEWISE_BEZIER_KNOTS.);
#558 = CARTESIAN_POINT('',(4.4138567792,-5.999999999062E-07));
#559 = CARTESIAN_POINT('',(4.4138567792,60.0000006));
#560 = ( GEOMETRIC_REPRESENTATION_CONTEXT(2) 
PARAMETRIC_REPRESENTATION_CONTEXT() REPRESENTATION_CONTEXT('2D SPACE',''
  ) );
#561 = PCURVE('',#170,#562);
#562 = DEFINITIONAL_REPRESENTATION('',(#563),#566);
#563 = B_SPLINE_CURVE_WITH_KNOTS('',1,(#564,#565),.UNSPECIFIED.,.F.,.F.,
  (2,2),(-5.999999999062E-07,60.0000006),.PIECEWISE_BEZIER_KNOTS.);
#564 = CARTESIAN_POINT('',(39.9999994,16.248076809272));
#565 = CARTESIAN_POINT('',(100.0000006,16.248076809272));
#566 = ( GEOMETRIC_REPRESENTATION_CONTEXT(2) 
PARAMETRIC_REPRESENTATION_CONTEXT() REPRESENTATION_CONTEXT('2D SPACE',''
  ) );
#567 = ORIENTED_EDGE('',*,*,#568,.T.);
#568 = EDGE_CURVE('',#548,#569,#571,.T.);
#569 = VERTEX_POINT('',#570);
#570 = CARTESIAN_POINT('',(94.615009380119,16.248076809272,5.));
#571 = SURFACE_CURVE('',#572,(#583,#597),.PCURVE_S1.);
#572 = B_SPLINE_CURVE_WITH_KNOTS('',5,(#573,#574,#575,#576,#577,#578,
    #579,#580,#581,#582),.UNSPECIFIED.,.F.,.F.,(6,4,6),(0.,
    0.499999968321,1.),.UNSPECIFIED.);
#573 = CARTESIAN_POINT('',(94.615009411547,16.24807662626,
    -5.000000597359));
#574 = CARTESIAN_POINT('',(94.563030073609,16.550760178371,
    -4.01639560471));
#575 = CARTESIAN_POINT('',(94.523128010029,16.775864302367,
    -3.020121017226));
#576 = CARTESIAN_POINT('',(94.496247267473,16.925281848652,
    -2.01603770804));
#577 = CARTESIAN_POINT('',(94.482802667999,17.,-1.008052314594));
#578 = CARTESIAN_POINT('',(94.482802667999,17.,1.008052442332));
#579 = CARTESIAN_POINT('',(94.496247270911,16.925281817695,
    2.016037330154));
#580 = CARTESIAN_POINT('',(94.523127983415,16.775864470685,3.02012083491
    ));
#581 = CARTESIAN_POINT('',(94.563030114115,16.550759942488,
    4.016396371947));
#582 = CARTESIAN_POINT('',(94.615009411416,16.248076627025,
    5.000000596117));
#583 = PCURVE('',#58,#584);
#584 = DEFINITIONAL_REPRESENTATION('',(#585),#596);
#585 = B_SPLINE_CURVE_WITH_KNOTS('',5,(#586,#587,#588,#589,#590,#591,
    #592,#593,#594,#595),.UNSPECIFIED.,.F.,.F.,(6,4,6),(0.,
    0.499999968321,1.),.UNSPECIFIED.);
#586 = CARTESIAN_POINT('',(4.413856742598,54.615009411547));
#587 = CARTESIAN_POINT('',(4.474393445819,54.563030073609));
#588 = CARTESIAN_POINT('',(4.534300309629,54.523128010029));
#589 = CARTESIAN_POINT('',(4.593798571122,54.496247267473));
#590 = CARTESIAN_POINT('',(4.653091785409,54.482802667999));
#591 = CARTESIAN_POINT('',(4.771686182875,54.482802667999));
#592 = CARTESIAN_POINT('',(4.830979368077,54.496247270911));
#593 = CARTESIAN_POINT('',(4.890477638553,54.523127983415));
#594 = CARTESIAN_POINT('',(4.950384562097,54.563030114115));
#595 = CARTESIAN_POINT('',(5.010921218019,54.615009411416));
#596 = ( GEOMETRIC_REPRESENTATION_CONTEXT(2) 
PARAMETRIC_REPRESENTATION_CONTEXT() REPRESENTATION_CONTEXT('2D SPACE',''
  ) );
#597 = PCURVE('',#598,#603);
#598 = CYLINDRICAL_SURFACE('',#599,96.);
#599 = AXIS2_PLACEMENT_3D('',#600,#601,#602);
#600 = CARTESIAN_POINT('',(0.,0.,-5.));
#601 = DIRECTION('',(0.,0.,1.));
#602 = DIRECTION('',(1.,0.,-0.));
#603 = DEFINITIONAL_REPRESENTATION('',(#604),#615);
#604 = B_SPLINE_CURVE_WITH_KNOTS('',5,(#605,#606,#607,#608,#609,#610,
    #611,#612,#613,#614),.UNSPECIFIED.,.F.,.F.,(6,4,6),(0.,
    0.499999968321,1.),.UNSPECIFIED.);
#605 = CARTESIAN_POINT('',(0.170069450679,-6.E-07));
#606 = CARTESIAN_POINT('',(0.173268557819,0.983604392649));
#607 = CARTESIAN_POINT('',(0.175649914162,1.979878989547));
#608 = CARTESIAN_POINT('',(0.177231342553,2.983962288098));
#609 = CARTESIAN_POINT('',(0.178022154124,3.991947685406));
#610 = CARTESIAN_POINT('',(0.178022154124,6.008052442332));
#611 = CARTESIAN_POINT('',(0.177231342226,7.016037335658));
#612 = CARTESIAN_POINT('',(0.175649915942,8.020120825169));
#613 = CARTESIAN_POINT('',(0.173268555325,9.01639637583));
#614 = CARTESIAN_POINT('',(0.170069450687,10.0000006));
#615 = ( GEOMETRIC_REPRESENTATION_CONTEXT(2) 
PARAMETRIC_REPRESENTATION_CONTEXT() REPRESENTATION_CONTEXT('2D SPACE',''
  ) );
#616 = ORIENTED_EDGE('',*,*,#617,.F.);
#617 = EDGE_CURVE('',#618,#569,#620,.T.);
#618 = VERTEX_POINT('',#619);
#619 = CARTESIAN_POINT('',(40.,16.248076809272,5.));
#620 = SURFACE_CURVE('',#621,(#625,#631),.PCURVE_S1.);
#621 = LINE('',#622,#623);
#622 = CARTESIAN_POINT('',(40.,16.248076809272,5.));
#623 = VECTOR('',#624,1.);
#624 = DIRECTION('',(1.,0.,0.));
#625 = PCURVE('',#58,#626);
#626 = DEFINITIONAL_REPRESENTATION('',(#627),#630);
#627 = B_SPLINE_CURVE_WITH_KNOTS('',1,(#628,#629),.UNSPECIFIED.,.F.,.F.,
  (2,2),(-5.999999999062E-07,60.0000006),.PIECEWISE_BEZIER_KNOTS.);
#628 = CARTESIAN_POINT('',(5.01092118157,-5.999999999062E-07));
#629 = CARTESIAN_POINT('',(5.01092118157,60.0000006));
#630 = ( GEOMETRIC_REPRESENTATION_CONTEXT(2) 
PARAMETRIC_REPRESENTATION_CONTEXT() REPRESENTATION_CONTEXT('2D SPACE',''
  ) );
#631 = PCURVE('',#94,#632);
#632 = DEFINITIONAL_REPRESENTATION('',(#633),#636);
#633 = B_SPLINE_CURVE_WITH_KNOTS('',1,(#634,#635),.UNSPECIFIED.,.F.,.F.,
  (2,2),(-5.999999999062E-07,60.0000006),.PIECEWISE_BEZIER_KNOTS.);
#634 = CARTESIAN_POINT('',(39.9999994,16.248076809272));
#635 = CARTESIAN_POINT('',(100.0000006,16.248076809272));
#636 = ( GEOMETRIC_REPRESENTATION_CONTEXT(2) 
PARAMETRIC_REPRESENTATION_CONTEXT() REPRESENTATION_CONTEXT('2D SPACE',''
  ) );
#637 = ORIENTED_EDGE('',*,*,#638,.T.);
#638 = EDGE_CURVE('',#618,#426,#639,.T.);
#639 = SURFACE_CURVE('',#640,(#645,#652),.PCURVE_S1.);
#640 = CIRCLE('',#641,17.);
#641 = AXIS2_PLACEMENT_3D('',#642,#643,#644);
#642 = CARTESIAN_POINT('',(40.,0.,0.));
#643 = DIRECTION('',(1.,0.,0.));
#644 = DIRECTION('',(-0.,0.,1.));
#645 = PCURVE('',#58,#646);
#646 = DEFINITIONAL_REPRESENTATION('',(#647),#651);
#647 = LINE('',#648,#649);
#648 = CARTESIAN_POINT('',(0.,0.));
#649 = VECTOR('',#650,1.);
#650 = DIRECTION('',(1.,0.));
#651 = ( GEOMETRIC_REPRESENTATION_CONTEXT(2) 
PARAMETRIC_REPRESENTATION_CONTEXT() REPRESENTATION_CONTEXT('2D SPACE',''
  ) );
#652 = PCURVE('',#465,#653);
#653 = DEFINITIONAL_REPRESENTATION('',(#654),#658);
#654 = CIRCLE('',#655,17.);
#655 = AXIS2_PLACEMENT_2D('',#656,#657);
#656 = CARTESIAN_POINT('',(0.,0.));
#657 = DIRECTION('',(1.,0.));
#658 = ( GEOMETRIC_REPRESENTATION_CONTEXT(2) 
PARAMETRIC_REPRESENTATION_CONTEXT() REPRESENTATION_CONTEXT('2D SPACE',''
  ) );
#659 = ORIENTED_EDGE('',*,*,#425,.T.);
#660 = FACE_BOUND('',#661,.T.);
#661 = EDGE_LOOP('',(#662));
#662 = ORIENTED_EDGE('',*,*,#663,.T.);
#663 = EDGE_CURVE('',#664,#664,#666,.T.);
#664 = VERTEX_POINT('',#665);
#665 = CARTESIAN_POINT('',(72.1,-5.143516556419E-16,-17.));
#666 = SURFACE_CURVE('',#667,(#718,#772),.PCURVE_S1.);
#667 = B_SPLINE_CURVE_WITH_KNOTS('',7,(#668,#669,#670,#671,#672,#673,
    #674,#675,#676,#677,#678,#679,#680,#681,#682,#683,#684,#685,#686,
    #687,#688,#689,#690,#691,#692,#693,#694,#695,#696,#697,#698,#699,
    #700,#701,#702,#703,#704,#705,#706,#707,#708,#709,#710,#711,#712,
    #713,#714,#715,#716,#717),.UNSPECIFIED.,.T.,.F.,(8,6,6,6,6,6,6,6,8),
  (0.,0.122694323886,0.250005620163,0.377323536349,0.500000893689,
    0.622707393602,0.750027278323,0.877346802033,1.),.UNSPECIFIED.);
#668 = CARTESIAN_POINT('',(72.1,-1.33226762955E-15,-17.));
#669 = CARTESIAN_POINT('',(72.1,0.27899941845,-17.));
#670 = CARTESIAN_POINT('',(72.056755626913,0.550472901491,
    -16.99465790075));
#671 = CARTESIAN_POINT('',(71.974463131763,0.806637734836,
    -16.98449316045));
#672 = CARTESIAN_POINT('',(71.858790815705,1.041038338694,
    -16.97088438545));
#673 = CARTESIAN_POINT('',(71.716819137908,1.248771335965,
    -16.95571380849));
#674 = CARTESIAN_POINT('',(71.556945775955,1.426953058062,
    -16.94066062466));
#675 = CARTESIAN_POINT('',(71.214235056973,1.729093199719,
    -16.91254311474));
#676 = CARTESIAN_POINT('',(71.026060488515,1.854901807554,
    -16.89918942462));
#677 = CARTESIAN_POINT('',(70.828710527083,1.953857527286,
    -16.88776350476));
#678 = CARTESIAN_POINT('',(70.625305906626,2.027149274002,-16.8788642524
    ));
#679 = CARTESIAN_POINT('',(70.41816630343,2.075695872483,-16.87282091904
    ));
#680 = CARTESIAN_POINT('',(70.209160756228,2.1,-16.86979549372));
#681 = CARTESIAN_POINT('',(69.790828367871,2.1,-16.86979549372));
#682 = CARTESIAN_POINT('',(69.581824975393,2.075693389922,
    -16.87282122528));
#683 = CARTESIAN_POINT('',(69.374691577196,2.027147043265,
    -16.87886453764));
#684 = CARTESIAN_POINT('',(69.171291223378,1.953857705366,
    -16.88776342707));
#685 = CARTESIAN_POINT('',(68.973941372037,1.854903375824,
    -16.89918927844));
#686 = CARTESIAN_POINT('',(68.785765012846,1.729093261272,
    -16.91254310901));
#687 = CARTESIAN_POINT('',(68.443086158607,1.426981212166,
    -16.94065800461));
#688 = CARTESIAN_POINT('',(68.283199021749,1.248801523859,
    -16.95571158314));
#689 = CARTESIAN_POINT('',(68.141199727498,1.04104297115,-16.970884917)
  );
#690 = CARTESIAN_POINT('',(68.025510572722,0.806600866759,
    -16.98449640028));
#691 = CARTESIAN_POINT('',(67.943223828592,0.550401825964,
    -16.99466044186));
#692 = CARTESIAN_POINT('',(67.9,0.278933156591,-17.));
#693 = CARTESIAN_POINT('',(67.9,-0.27899941845,-17.));
#694 = CARTESIAN_POINT('',(67.943244373087,-0.550472901491,
    -16.99465790075));
#695 = CARTESIAN_POINT('',(68.025536868238,-0.806637734836,
    -16.98449316045));
#696 = CARTESIAN_POINT('',(68.141209184295,-1.041038338694,
    -16.97088438545));
#697 = CARTESIAN_POINT('',(68.283180862092,-1.248771335965,
    -16.95571380849));
#698 = CARTESIAN_POINT('',(68.443054224045,-1.426953058062,
    -16.94066062466));
#699 = CARTESIAN_POINT('',(68.785759397591,-1.72908831076,
    -16.91254356971));
#700 = CARTESIAN_POINT('',(68.973938666959,-1.854903581117,
    -16.89918936411));
#701 = CARTESIAN_POINT('',(69.171295342029,-1.953860779535,
    -16.88776303931));
#702 = CARTESIAN_POINT('',(69.37469864167,-2.027148891724,
    -16.87886430699));
#703 = CARTESIAN_POINT('',(69.581829095486,-2.075693230289,
    -16.87282124586));
#704 = CARTESIAN_POINT('',(69.790827774773,-2.1,-16.86979549372));
#705 = CARTESIAN_POINT('',(70.209171632129,-2.1,-16.86979549372));
#706 = CARTESIAN_POINT('',(70.418175024607,-2.075693389921,
    -16.87282122528));
#707 = CARTESIAN_POINT('',(70.625308422804,-2.027147043265,
    -16.87886453764));
#708 = CARTESIAN_POINT('',(70.828708776621,-1.953857705366,
    -16.88776342706));
#709 = CARTESIAN_POINT('',(71.026058627963,-1.854903375824,
    -16.89918927844));
#710 = CARTESIAN_POINT('',(71.214234987154,-1.729093261272,
    -16.91254310901));
#711 = CARTESIAN_POINT('',(71.556878602399,-1.427012279518,
    -16.94065511345));
#712 = CARTESIAN_POINT('',(71.716790485898,-1.248826379459,
    -16.95570990544));
#713 = CARTESIAN_POINT('',(71.858820169601,-1.041032242286,
    -16.9708867044));
#714 = CARTESIAN_POINT('',(71.974520194986,-0.806547213723,
    -16.98450022593));
#715 = CARTESIAN_POINT('',(72.056795725304,-0.550323989146,
    -16.9946628512));
#716 = CARTESIAN_POINT('',(72.1,-0.278870054225,-17.));
#717 = CARTESIAN_POINT('',(72.1,-1.33226762955E-15,-17.));
#718 = PCURVE('',#58,#719);
#719 = DEFINITIONAL_REPRESENTATION('',(#720),#771);
#720 = B_SPLINE_CURVE_WITH_KNOTS('',7,(#721,#722,#723,#724,#725,#726,
    #727,#728,#729,#730,#731,#732,#733,#734,#735,#736,#737,#738,#739,
    #740,#741,#742,#743,#744,#745,#746,#747,#748,#749,#750,#751,#752,
    #753,#754,#755,#756,#757,#758,#759,#760,#761,#762,#763,#764,#765,
    #766,#767,#768,#769,#770),.UNSPECIFIED.,.T.,.F.,(8,6,6,6,6,6,6,6,8),
  (0.,0.122694323886,0.250005620163,0.377323536349,0.500000893689,
    0.622707393602,0.750027278323,0.877346802033,1.),.UNSPECIFIED.);
#721 = CARTESIAN_POINT('',(3.14159265359,32.1));
#722 = CARTESIAN_POINT('',(3.158004384087,32.1));
#723 = CARTESIAN_POINT('',(3.173973420529,32.056755626913));
#724 = CARTESIAN_POINT('',(3.189049115165,31.974463131763));
#725 = CARTESIAN_POINT('',(3.202857427919,31.858790815705));
#726 = CARTESIAN_POINT('',(3.215108266398,31.716819137908));
#727 = CARTESIAN_POINT('',(3.225626493544,31.556945775955));
#728 = CARTESIAN_POINT('',(3.243476237377,31.214235056973));
#729 = CARTESIAN_POINT('',(3.250917691135,31.026060488515));
#730 = CARTESIAN_POINT('',(3.256777076541,30.828710527082));
#731 = CARTESIAN_POINT('',(3.261119994743,30.625305906626));
#732 = CARTESIAN_POINT('',(3.263997720521,30.41816630343));
#733 = CARTESIAN_POINT('',(3.265438408965,30.209160756228));
#734 = CARTESIAN_POINT('',(3.265438408965,29.790828367871));
#735 = CARTESIAN_POINT('',(3.263997573398,29.581824975393));
#736 = CARTESIAN_POINT('',(3.261119862425,29.374691577195));
#737 = CARTESIAN_POINT('',(3.256777087503,29.171291223379));
#738 = CARTESIAN_POINT('',(3.250917783755,28.973941372037));
#739 = CARTESIAN_POINT('',(3.243476241013,28.785765012846));
#740 = CARTESIAN_POINT('',(3.225628156824,28.443086158607));
#741 = CARTESIAN_POINT('',(3.215110046847,28.283199021749));
#742 = CARTESIAN_POINT('',(3.202857696237,28.141199727498));
#743 = CARTESIAN_POINT('',(3.18904694103,28.025510572722));
#744 = CARTESIAN_POINT('',(3.173969239602,27.943223828592));
#745 = CARTESIAN_POINT('',(3.15800048633,27.9));
#746 = CARTESIAN_POINT('',(3.125180923093,27.9));
#747 = CARTESIAN_POINT('',(3.10921188665,27.943244373087));
#748 = CARTESIAN_POINT('',(3.094136192015,28.025536868238));
#749 = CARTESIAN_POINT('',(3.080327879261,28.141209184295));
#750 = CARTESIAN_POINT('',(3.068077040781,28.283180862092));
#751 = CARTESIAN_POINT('',(3.057558813636,28.443054224045));
#752 = CARTESIAN_POINT('',(3.039709358631,28.785759397591));
#753 = CARTESIAN_POINT('',(3.032267511878,28.973938666959));
#754 = CARTESIAN_POINT('',(3.026408037557,29.171295342029));
#755 = CARTESIAN_POINT('',(3.022065335092,29.37469864167));
#756 = CARTESIAN_POINT('',(3.019187743277,29.581829095486));
#757 = CARTESIAN_POINT('',(3.017746898214,29.790827774773));
#758 = CARTESIAN_POINT('',(3.017746898214,30.209171632129));
#759 = CARTESIAN_POINT('',(3.019187733781,30.418175024607));
#760 = CARTESIAN_POINT('',(3.022065444754,30.625308422804));
#761 = CARTESIAN_POINT('',(3.026408219676,30.828708776622));
#762 = CARTESIAN_POINT('',(3.032267523424,31.026058627963));
#763 = CARTESIAN_POINT('',(3.039709066166,31.214234987154));
#764 = CARTESIAN_POINT('',(3.057555314968,31.556878602399));
#765 = CARTESIAN_POINT('',(3.068073795366,31.716790485898));
#766 = CARTESIAN_POINT('',(3.080328248577,31.858820169601));
#767 = CARTESIAN_POINT('',(3.094141527665,31.974520194986));
#768 = CARTESIAN_POINT('',(3.109220646054,32.056795725304));
#769 = CARTESIAN_POINT('',(3.125188532753,32.1));
#770 = CARTESIAN_POINT('',(3.14159265359,32.1));
#771 = ( GEOMETRIC_REPRESENTATION_CONTEXT(2) 
PARAMETRIC_REPRESENTATION_CONTEXT() REPRESENTATION_CONTEXT('2D SPACE',''
  ) );
#772 = PCURVE('',#773,#778);
#773 = CYLINDRICAL_SURFACE('',#774,2.1);
#774 = AXIS2_PLACEMENT_3D('',#775,#776,#777);
#775 = CARTESIAN_POINT('',(70.,0.,-20.));
#776 = DIRECTION('',(0.,0.,1.));
#777 = DIRECTION('',(1.,0.,-0.));
#778 = DEFINITIONAL_REPRESENTATION('',(#779),#830);
#779 = B_SPLINE_CURVE_WITH_KNOTS('',7,(#780,#781,#782,#783,#784,#785,
    #786,#787,#788,#789,#790,#791,#792,#793,#794,#795,#796,#797,#798,
    #799,#800,#801,#802,#803,#804,#805,#806,#807,#808,#809,#810,#811,
    #812,#813,#814,#815,#816,#817,#818,#819,#820,#821,#822,#823,#824,
    #825,#826,#827,#828,#829),.UNSPECIFIED.,.F.,.F.,(8,6,6,6,6,6,6,6,8),
  (0.,0.122694323886,0.250005620163,0.377323536349,0.500000893689,
    0.622707393602,0.750027278323,0.877346802033,1.),.UNSPECIFIED.);
#780 = CARTESIAN_POINT('',(0.,3.));
#781 = CARTESIAN_POINT('',(0.132856865928,3.));
#782 = CARTESIAN_POINT('',(0.262129859914,3.005342099247));
#783 = CARTESIAN_POINT('',(0.387943671449,3.015506839541));
#784 = CARTESIAN_POINT('',(0.510124032445,3.029115614542));
#785 = CARTESIAN_POINT('',(0.62824054874,3.044286191503));
#786 = CARTESIAN_POINT('',(0.741457981802,3.059339375333));
#787 = CARTESIAN_POINT('',(0.959019869734,3.087456885255));
#788 = CARTESIAN_POINT('',(1.065853593911,3.100810575375));
#789 = CARTESIAN_POINT('',(1.16972862526,3.112236495233));
#790 = CARTESIAN_POINT('',(1.271417197348,3.121135747591));
#791 = CARTESIAN_POINT('',(1.371669668914,3.127179080952));
#792 = CARTESIAN_POINT('',(1.471195966686,3.130204506278));
#793 = CARTESIAN_POINT('',(1.670401865904,3.130204506278));
#794 = CARTESIAN_POINT('',(1.76992712248,3.127178774719));
#795 = CARTESIAN_POINT('',(1.870176927628,3.12113546236));
#796 = CARTESIAN_POINT('',(1.971863313083,3.11223657293));
#797 = CARTESIAN_POINT('',(2.075737908855,3.100810721554));
#798 = CARTESIAN_POINT('',(2.182572739533,3.087456890983));
#799 = CARTESIAN_POINT('',(2.400114398878,3.059341995386));
#800 = CARTESIAN_POINT('',(2.513336115462,3.044288416858));
#801 = CARTESIAN_POINT('',(2.631469387111,3.029115083));
#802 = CARTESIAN_POINT('',(2.753669231281,3.01550359972));
#803 = CARTESIAN_POINT('',(2.879496646385,3.005339558135));
#804 = CARTESIAN_POINT('',(3.008767340927,3.));
#805 = CARTESIAN_POINT('',(3.274449519518,3.));
#806 = CARTESIAN_POINT('',(3.403722513504,3.005342099247));
#807 = CARTESIAN_POINT('',(3.529536325039,3.015506839541));
#808 = CARTESIAN_POINT('',(3.651716686035,3.029115614542));
#809 = CARTESIAN_POINT('',(3.76983320233,3.044286191503));
#810 = CARTESIAN_POINT('',(3.883050635392,3.059339375333));
#811 = CARTESIAN_POINT('',(4.100609002933,3.087456430283));
#812 = CARTESIAN_POINT('',(4.207446494201,3.100810635881));
#813 = CARTESIAN_POINT('',(4.311324231844,3.112236960685));
#814 = CARTESIAN_POINT('',(4.41301175618,3.121135693001));
#815 = CARTESIAN_POINT('',(4.513260136265,3.127178754131));
#816 = CARTESIAN_POINT('',(4.612783158848,3.130204506278));
#817 = CARTESIAN_POINT('',(4.811994519494,3.130204506278));
#818 = CARTESIAN_POINT('',(4.91151977607,3.127178774719));
#819 = CARTESIAN_POINT('',(5.011769581217,3.12113546236));
#820 = CARTESIAN_POINT('',(5.113455966672,3.112236572931));
#821 = CARTESIAN_POINT('',(5.217330562445,3.100810721554));
#822 = CARTESIAN_POINT('',(5.324165393123,3.087456890983));
#823 = CARTESIAN_POINT('',(5.541684681816,3.05934488655));
#824 = CARTESIAN_POINT('',(5.654917204231,3.044290094553));
#825 = CARTESIAN_POINT('',(5.773071231942,3.029113295592));
#826 = CARTESIAN_POINT('',(5.895289999898,3.015499774064));
#827 = CARTESIAN_POINT('',(6.021126371109,3.005337148798));
#828 = CARTESIAN_POINT('',(6.150390043263,3.));
#829 = CARTESIAN_POINT('',(6.28318530718,3.));
#830 = ( GEOMETRIC_REPRESENTATION_CONTEXT(2) 
PARAMETRIC_REPRESENTATION_CONTEXT() REPRESENTATION_CONTEXT('2D SPACE',''
  ) );
#831 = ADVANCED_FACE('',(#832,#1918,#1949,#1980,#2011),#170,.F.);
#832 = FACE_BOUND('',#833,.F.);
#833 = EDGE_LOOP('',(#834,#855,#856,#880,#906,#932,#958,#984,#1005,#1026
    ,#1047,#1076,#1102,#1128,#1154,#1180,#1201,#1222,#1243,#1272,#1298,
    #1324,#1350,#1376,#1397,#1418,#1439,#1468,#1494,#1520,#1546,#1572,
    #1593,#1614,#1635,#1664,#1685,#1711,#1737,#1763,#1784,#1805,#1824,
    #1825,#1826,#1847,#1873,#1899));
#834 = ORIENTED_EDGE('',*,*,#835,.T.);
#835 = EDGE_CURVE('',#836,#519,#838,.T.);
#836 = VERTEX_POINT('',#837);
#837 = CARTESIAN_POINT('',(40.,14.142135623731,-5.));
#838 = SURFACE_CURVE('',#839,(#843,#849),.PCURVE_S1.);
#839 = LINE('',#840,#841);
#840 = CARTESIAN_POINT('',(40.,0.,-5.));
#841 = VECTOR('',#842,1.);
#842 = DIRECTION('',(0.,1.,0.));
#843 = PCURVE('',#170,#844);
#844 = DEFINITIONAL_REPRESENTATION('',(#845),#848);
#845 = B_SPLINE_CURVE_WITH_KNOTS('',1,(#846,#847),.UNSPECIFIED.,.F.,.F.,
  (2,2),(-17.,17.),.PIECEWISE_BEZIER_KNOTS.);
#846 = CARTESIAN_POINT('',(40.,-17.));
#847 = CARTESIAN_POINT('',(40.,17.));
#848 = ( GEOMETRIC_REPRESENTATION_CONTEXT(2) 
PARAMETRIC_REPRESENTATION_CONTEXT() REPRESENTATION_CONTEXT('2D SPACE',''
  ) );
#849 = PCURVE('',#535,#850);
#850 = DEFINITIONAL_REPRESENTATION('',(#851),#854);
#851 = B_SPLINE_CURVE_WITH_KNOTS('',1,(#852,#853),.UNSPECIFIED.,.F.,.F.,
  (2,2),(-17.,17.),.PIECEWISE_BEZIER_KNOTS.);
#852 = CARTESIAN_POINT('',(-5.,17.));
#853 = CARTESIAN_POINT('',(-5.,-17.));
#854 = ( GEOMETRIC_REPRESENTATION_CONTEXT(2) 
PARAMETRIC_REPRESENTATION_CONTEXT() REPRESENTATION_CONTEXT('2D SPACE',''
  ) );
#855 = ORIENTED_EDGE('',*,*,#547,.T.);
#856 = ORIENTED_EDGE('',*,*,#857,.T.);
#857 = EDGE_CURVE('',#548,#858,#860,.T.);
#858 = VERTEX_POINT('',#859);
#859 = CARTESIAN_POINT('',(61.379689574914,73.814183648451,-5.));
#860 = SURFACE_CURVE('',#861,(#866,#873),.PCURVE_S1.);
#861 = CIRCLE('',#862,96.);
#862 = AXIS2_PLACEMENT_3D('',#863,#864,#865);
#863 = CARTESIAN_POINT('',(0.,0.,-5.));
#864 = DIRECTION('',(0.,0.,1.));
#865 = DIRECTION('',(1.,0.,-0.));
#866 = PCURVE('',#170,#867);
#867 = DEFINITIONAL_REPRESENTATION('',(#868),#872);
#868 = CIRCLE('',#869,96.);
#869 = AXIS2_PLACEMENT_2D('',#870,#871);
#870 = CARTESIAN_POINT('',(0.,0.));
#871 = DIRECTION('',(1.,0.));
#872 = ( GEOMETRIC_REPRESENTATION_CONTEXT(2) 
PARAMETRIC_REPRESENTATION_CONTEXT() REPRESENTATION_CONTEXT('2D SPACE',''
  ) );
#873 = PCURVE('',#598,#874);
#874 = DEFINITIONAL_REPRESENTATION('',(#875),#879);
#875 = LINE('',#876,#877);
#876 = CARTESIAN_POINT('',(0.,0.));
#877 = VECTOR('',#878,1.);
#878 = DIRECTION('',(1.,0.));
#879 = ( GEOMETRIC_REPRESENTATION_CONTEXT(2) 
PARAMETRIC_REPRESENTATION_CONTEXT() REPRESENTATION_CONTEXT('2D SPACE',''
  ) );
#880 = ORIENTED_EDGE('',*,*,#881,.F.);
#881 = EDGE_CURVE('',#882,#858,#884,.T.);
#882 = VERTEX_POINT('',#883);
#883 = CARTESIAN_POINT('',(34.071144085405,26.515782860621,-5.));
#884 = SURFACE_CURVE('',#885,(#889,#895),.PCURVE_S1.);
#885 = LINE('',#886,#887);
#886 = CARTESIAN_POINT('',(34.071144085405,26.515782860621,-5.));
#887 = VECTOR('',#888,1.);
#888 = DIRECTION('',(0.500011000363,0.866019052629,0.));
#889 = PCURVE('',#170,#890);
#890 = DEFINITIONAL_REPRESENTATION('',(#891),#894);
#891 = B_SPLINE_CURVE_WITH_KNOTS('',1,(#892,#893),.UNSPECIFIED.,.F.,.F.,
  (2,2),(-5.999999967107E-07,59.99868058548),.PIECEWISE_BEZIER_KNOTS.);
#892 = CARTESIAN_POINT('',(34.071143785398,26.515782341009));
#893 = CARTESIAN_POINT('',(64.071144385411,78.475783380232));
#894 = ( GEOMETRIC_REPRESENTATION_CONTEXT(2) 
PARAMETRIC_REPRESENTATION_CONTEXT() REPRESENTATION_CONTEXT('2D SPACE',''
  ) );
#895 = PCURVE('',#896,#901);
#896 = CYLINDRICAL_SURFACE('',#897,17.);
#897 = AXIS2_PLACEMENT_3D('',#898,#899,#900);
#898 = CARTESIAN_POINT('',(20.,34.64,0.));
#899 = DIRECTION('',(0.500011000363,0.866019052629,0.));
#900 = DIRECTION('',(0.866019052629,-0.500011000363,0.));
#901 = DEFINITIONAL_REPRESENTATION('',(#902),#905);
#902 = B_SPLINE_CURVE_WITH_KNOTS('',1,(#903,#904),.UNSPECIFIED.,.F.,.F.,
  (2,2),(-5.999999967107E-07,59.99868058548),.PIECEWISE_BEZIER_KNOTS.);
#903 = CARTESIAN_POINT('',(0.298532201185,-5.999999993753E-07));
#904 = CARTESIAN_POINT('',(0.298532201185,59.99868058548));
#905 = ( GEOMETRIC_REPRESENTATION_CONTEXT(2) 
PARAMETRIC_REPRESENTATION_CONTEXT() REPRESENTATION_CONTEXT('2D SPACE',''
  ) );
#906 = ORIENTED_EDGE('',*,*,#907,.T.);
#907 = EDGE_CURVE('',#882,#908,#910,.T.);
#908 = VERTEX_POINT('',#909);
#909 = CARTESIAN_POINT('',(32.247358895011,27.568776619509,-5.));
#910 = SURFACE_CURVE('',#911,(#915,#921),.PCURVE_S1.);
#911 = LINE('',#912,#913);
#912 = CARTESIAN_POINT('',(20.,34.64,-5.));
#913 = VECTOR('',#914,1.);
#914 = DIRECTION('',(-0.866019052629,0.500011000363,0.));
#915 = PCURVE('',#170,#916);
#916 = DEFINITIONAL_REPRESENTATION('',(#917),#920);
#917 = B_SPLINE_CURVE_WITH_KNOTS('',1,(#918,#919),.UNSPECIFIED.,.F.,.F.,
  (2,2),(-17.,17.),.PIECEWISE_BEZIER_KNOTS.);
#918 = CARTESIAN_POINT('',(34.722323894689,26.139812993829));
#919 = CARTESIAN_POINT('',(5.277676105311,43.140187006171));
#920 = ( GEOMETRIC_REPRESENTATION_CONTEXT(2) 
PARAMETRIC_REPRESENTATION_CONTEXT() REPRESENTATION_CONTEXT('2D SPACE',''
  ) );
#921 = PCURVE('',#922,#927);
#922 = PLANE('',#923);
#923 = AXIS2_PLACEMENT_3D('',#924,#925,#926);
#924 = CARTESIAN_POINT('',(20.,34.64,0.));
#925 = DIRECTION('',(0.500011000363,0.866019052629,0.));
#926 = DIRECTION('',(0.866019052629,-0.500011000363,0.));
#927 = DEFINITIONAL_REPRESENTATION('',(#928),#931);
#928 = B_SPLINE_CURVE_WITH_KNOTS('',1,(#929,#930),.UNSPECIFIED.,.F.,.F.,
  (2,2),(-17.,17.),.PIECEWISE_BEZIER_KNOTS.);
#929 = CARTESIAN_POINT('',(17.,5.));
#930 = CARTESIAN_POINT('',(-17.,5.));
#931 = ( GEOMETRIC_REPRESENTATION_CONTEXT(2) 
PARAMETRIC_REPRESENTATION_CONTEXT() REPRESENTATION_CONTEXT('2D SPACE',''
  ) );
#932 = ORIENTED_EDGE('',*,*,#933,.F.);
#933 = EDGE_CURVE('',#934,#908,#936,.T.);
#934 = VERTEX_POINT('',#935);
#935 = CARTESIAN_POINT('',(29.747358895011,23.238776619509,-5.));
#936 = SURFACE_CURVE('',#937,(#941,#947),.PCURVE_S1.);
#937 = LINE('',#938,#939);
#938 = CARTESIAN_POINT('',(29.747358895011,23.238776619509,-5.));
#939 = VECTOR('',#940,1.);
#940 = DIRECTION('',(0.500011000363,0.866019052629,0.));
#941 = PCURVE('',#170,#942);
#942 = DEFINITIONAL_REPRESENTATION('',(#943),#946);
#943 = B_SPLINE_CURVE_WITH_KNOTS('',1,(#944,#945),.UNSPECIFIED.,.F.,.F.,
  (2,2),(-5.999999984871E-07,69.99846058306),.PIECEWISE_BEZIER_KNOTS.);
#944 = CARTESIAN_POINT('',(29.747358595004,23.238776099897));
#945 = CARTESIAN_POINT('',(64.747359195017,83.85877713912));
#946 = ( GEOMETRIC_REPRESENTATION_CONTEXT(2) 
PARAMETRIC_REPRESENTATION_CONTEXT() REPRESENTATION_CONTEXT('2D SPACE',''
  ) );
#947 = PCURVE('',#948,#953);
#948 = CYLINDRICAL_SURFACE('',#949,15.);
#949 = AXIS2_PLACEMENT_3D('',#950,#951,#952);
#950 = CARTESIAN_POINT('',(17.5,30.31,0.));
#951 = DIRECTION('',(0.500011000363,0.866019052629,0.));
#952 = DIRECTION('',(0.866019052629,-0.500011000363,0.));
#953 = DEFINITIONAL_REPRESENTATION('',(#954),#957);
#954 = B_SPLINE_CURVE_WITH_KNOTS('',1,(#955,#956),.UNSPECIFIED.,.F.,.F.,
  (2,2),(-5.999999984871E-07,69.99846058306),.PIECEWISE_BEZIER_KNOTS.);
#955 = CARTESIAN_POINT('',(0.339836909454,-6.000000002635E-07));
#956 = CARTESIAN_POINT('',(0.339836909454,69.99846058306));
#957 = ( GEOMETRIC_REPRESENTATION_CONTEXT(2) 
PARAMETRIC_REPRESENTATION_CONTEXT() REPRESENTATION_CONTEXT('2D SPACE',''
  ) );
#958 = ORIENTED_EDGE('',*,*,#959,.T.);
#959 = EDGE_CURVE('',#934,#960,#962,.T.);
#960 = VERTEX_POINT('',#961);
#961 = CARTESIAN_POINT('',(5.252641104989,37.381223380491,-5.));
#962 = SURFACE_CURVE('',#963,(#967,#973),.PCURVE_S1.);
#963 = LINE('',#964,#965);
#964 = CARTESIAN_POINT('',(17.5,30.31,-5.));
#965 = VECTOR('',#966,1.);
#966 = DIRECTION('',(-0.866019052629,0.500011000363,0.));
#967 = PCURVE('',#170,#968);
#968 = DEFINITIONAL_REPRESENTATION('',(#969),#972);
#969 = B_SPLINE_CURVE_WITH_KNOTS('',1,(#970,#971),.UNSPECIFIED.,.F.,.F.,
  (2,2),(-15.,15.),.PIECEWISE_BEZIER_KNOTS.);
#970 = CARTESIAN_POINT('',(30.490285789431,22.809834994555));
#971 = CARTESIAN_POINT('',(4.509714210569,37.810165005445));
#972 = ( GEOMETRIC_REPRESENTATION_CONTEXT(2) 
PARAMETRIC_REPRESENTATION_CONTEXT() REPRESENTATION_CONTEXT('2D SPACE',''
  ) );
#973 = PCURVE('',#974,#979);
#974 = PLANE('',#975);
#975 = AXIS2_PLACEMENT_3D('',#976,#977,#978);
#976 = CARTESIAN_POINT('',(17.5,30.31,0.));
#977 = DIRECTION('',(0.500011000363,0.866019052629,0.));
#978 = DIRECTION('',(0.866019052629,-0.500011000363,0.));
#979 = DEFINITIONAL_REPRESENTATION('',(#980),#983);
#980 = B_SPLINE_CURVE_WITH_KNOTS('',1,(#981,#982),.UNSPECIFIED.,.F.,.F.,
  (2,2),(-15.,15.),.PIECEWISE_BEZIER_KNOTS.);
#981 = CARTESIAN_POINT('',(15.,5.));
#982 = CARTESIAN_POINT('',(-15.,5.));
#983 = ( GEOMETRIC_REPRESENTATION_CONTEXT(2) 
PARAMETRIC_REPRESENTATION_CONTEXT() REPRESENTATION_CONTEXT('2D SPACE',''
  ) );
#984 = ORIENTED_EDGE('',*,*,#985,.T.);
#985 = EDGE_CURVE('',#960,#986,#988,.T.);
#986 = VERTEX_POINT('',#987);
#987 = CARTESIAN_POINT('',(7.752641104989,41.711223380491,-5.));
#988 = SURFACE_CURVE('',#989,(#993,#999),.PCURVE_S1.);
#989 = LINE('',#990,#991);
#990 = CARTESIAN_POINT('',(5.252641104989,37.381223380491,-5.));
#991 = VECTOR('',#992,1.);
#992 = DIRECTION('',(0.500011000363,0.866019052629,0.));
#993 = PCURVE('',#170,#994);
#994 = DEFINITIONAL_REPRESENTATION('',(#995),#998);
#995 = B_SPLINE_CURVE_WITH_KNOTS('',1,(#996,#997),.UNSPECIFIED.,.F.,.F.,
  (2,2),(-6.000000015638E-07,69.99846058306),.PIECEWISE_BEZIER_KNOTS.);
#996 = CARTESIAN_POINT('',(5.252640804983,37.38122286088));
#997 = CARTESIAN_POINT('',(40.252641404996,98.001223900103));
#998 = ( GEOMETRIC_REPRESENTATION_CONTEXT(2) 
PARAMETRIC_REPRESENTATION_CONTEXT() REPRESENTATION_CONTEXT('2D SPACE',''
  ) );
#999 = PCURVE('',#948,#1000);
#1000 = DEFINITIONAL_REPRESENTATION('',(#1001),#1004);
#1001 = B_SPLINE_CURVE_WITH_KNOTS('',1,(#1002,#1003),.UNSPECIFIED.,.F.,
  .F.,(2,2),(-6.000000015638E-07,69.99846058306),
  .PIECEWISE_BEZIER_KNOTS.);
#1002 = CARTESIAN_POINT('',(2.801755744136,-5.999999997875E-07));
#1003 = CARTESIAN_POINT('',(2.801755744136,69.99846058306));
#1004 = ( GEOMETRIC_REPRESENTATION_CONTEXT(2) 
PARAMETRIC_REPRESENTATION_CONTEXT() REPRESENTATION_CONTEXT('2D SPACE',''
  ) );
#1005 = ORIENTED_EDGE('',*,*,#1006,.T.);
#1006 = EDGE_CURVE('',#986,#1007,#1009,.T.);
#1007 = VERTEX_POINT('',#1008);
#1008 = CARTESIAN_POINT('',(5.928855914595,42.764217139379,-5.));
#1009 = SURFACE_CURVE('',#1010,(#1014,#1020),.PCURVE_S1.);
#1010 = LINE('',#1011,#1012);
#1011 = CARTESIAN_POINT('',(20.,34.64,-5.));
#1012 = VECTOR('',#1013,1.);
#1013 = DIRECTION('',(-0.866019052629,0.500011000363,0.));
#1014 = PCURVE('',#170,#1015);
#1015 = DEFINITIONAL_REPRESENTATION('',(#1016),#1019);
#1016 = B_SPLINE_CURVE_WITH_KNOTS('',1,(#1017,#1018),.UNSPECIFIED.,.F.,
  .F.,(2,2),(-17.,17.),.PIECEWISE_BEZIER_KNOTS.);
#1017 = CARTESIAN_POINT('',(34.722323894689,26.139812993829));
#1018 = CARTESIAN_POINT('',(5.277676105311,43.140187006171));
#1019 = ( GEOMETRIC_REPRESENTATION_CONTEXT(2) 
PARAMETRIC_REPRESENTATION_CONTEXT() REPRESENTATION_CONTEXT('2D SPACE',''
  ) );
#1020 = PCURVE('',#922,#1021);
#1021 = DEFINITIONAL_REPRESENTATION('',(#1022),#1025);
#1022 = B_SPLINE_CURVE_WITH_KNOTS('',1,(#1023,#1024),.UNSPECIFIED.,.F.,
  .F.,(2,2),(-17.,17.),.PIECEWISE_BEZIER_KNOTS.);
#1023 = CARTESIAN_POINT('',(17.,5.));
#1024 = CARTESIAN_POINT('',(-17.,5.));
#1025 = ( GEOMETRIC_REPRESENTATION_CONTEXT(2) 
PARAMETRIC_REPRESENTATION_CONTEXT() REPRESENTATION_CONTEXT('2D SPACE',''
  ) );
#1026 = ORIENTED_EDGE('',*,*,#1027,.T.);
#1027 = EDGE_CURVE('',#1007,#1028,#1030,.T.);
#1028 = VERTEX_POINT('',#1029);
#1029 = CARTESIAN_POINT('',(33.237401404105,90.062617927209,-5.));
#1030 = SURFACE_CURVE('',#1031,(#1035,#1041),.PCURVE_S1.);
#1031 = LINE('',#1032,#1033);
#1032 = CARTESIAN_POINT('',(5.928855914595,42.764217139379,-5.));
#1033 = VECTOR('',#1034,1.);
#1034 = DIRECTION('',(0.500011000363,0.866019052629,0.));
#1035 = PCURVE('',#170,#1036);
#1036 = DEFINITIONAL_REPRESENTATION('',(#1037),#1040);
#1037 = B_SPLINE_CURVE_WITH_KNOTS('',1,(#1038,#1039),.UNSPECIFIED.,.F.,
  .F.,(2,2),(-6.000000015638E-07,59.99868058548),
  .PIECEWISE_BEZIER_KNOTS.);
#1038 = CARTESIAN_POINT('',(5.928855614589,42.764216619768));
#1039 = CARTESIAN_POINT('',(35.928856214602,94.724217658991));
#1040 = ( GEOMETRIC_REPRESENTATION_CONTEXT(2) 
PARAMETRIC_REPRESENTATION_CONTEXT() REPRESENTATION_CONTEXT('2D SPACE',''
  ) );
#1041 = PCURVE('',#896,#1042);
#1042 = DEFINITIONAL_REPRESENTATION('',(#1043),#1046);
#1043 = B_SPLINE_CURVE_WITH_KNOTS('',1,(#1044,#1045),.UNSPECIFIED.,.F.,
  .F.,(2,2),(-6.000000015638E-07,59.99868058548),
  .PIECEWISE_BEZIER_KNOTS.);
#1044 = CARTESIAN_POINT('',(2.843060452405,-5.999999997875E-07));
#1045 = CARTESIAN_POINT('',(2.843060452405,59.99868058548));
#1046 = ( GEOMETRIC_REPRESENTATION_CONTEXT(2) 
PARAMETRIC_REPRESENTATION_CONTEXT() REPRESENTATION_CONTEXT('2D SPACE',''
  ) );
#1047 = ORIENTED_EDGE('',*,*,#1048,.T.);
#1048 = EDGE_CURVE('',#1028,#1049,#1051,.T.);
#1049 = VERTEX_POINT('',#1050);
#1050 = CARTESIAN_POINT('',(-33.2374014041,90.062617927209,-5.));
#1051 = SURFACE_CURVE('',#1052,(#1057,#1064),.PCURVE_S1.);
#1052 = CIRCLE('',#1053,96.);
#1053 = AXIS2_PLACEMENT_3D('',#1054,#1055,#1056);
#1054 = CARTESIAN_POINT('',(0.,0.,-5.));
#1055 = DIRECTION('',(0.,0.,1.));
#1056 = DIRECTION('',(1.,0.,-0.));
#1057 = PCURVE('',#170,#1058);
#1058 = DEFINITIONAL_REPRESENTATION('',(#1059),#1063);
#1059 = CIRCLE('',#1060,96.);
#1060 = AXIS2_PLACEMENT_2D('',#1061,#1062);
#1061 = CARTESIAN_POINT('',(0.,0.));
#1062 = DIRECTION('',(1.,0.));
#1063 = ( GEOMETRIC_REPRESENTATION_CONTEXT(2) 
PARAMETRIC_REPRESENTATION_CONTEXT() REPRESENTATION_CONTEXT('2D SPACE',''
  ) );
#1064 = PCURVE('',#1065,#1070);
#1065 = CYLINDRICAL_SURFACE('',#1066,96.);
#1066 = AXIS2_PLACEMENT_3D('',#1067,#1068,#1069);
#1067 = CARTESIAN_POINT('',(0.,0.,-5.));
#1068 = DIRECTION('',(0.,0.,1.));
#1069 = DIRECTION('',(1.,0.,-0.));
#1070 = DEFINITIONAL_REPRESENTATION('',(#1071),#1075);
#1071 = LINE('',#1072,#1073);
#1072 = CARTESIAN_POINT('',(0.,0.));
#1073 = VECTOR('',#1074,1.);
#1074 = DIRECTION('',(1.,0.));
#1075 = ( GEOMETRIC_REPRESENTATION_CONTEXT(2) 
PARAMETRIC_REPRESENTATION_CONTEXT() REPRESENTATION_CONTEXT('2D SPACE',''
  ) );
#1076 = ORIENTED_EDGE('',*,*,#1077,.F.);
#1077 = EDGE_CURVE('',#1078,#1049,#1080,.T.);
#1078 = VERTEX_POINT('',#1079);
#1079 = CARTESIAN_POINT('',(-5.928855914595,42.764217139379,-5.));
#1080 = SURFACE_CURVE('',#1081,(#1085,#1091),.PCURVE_S1.);
#1081 = LINE('',#1082,#1083);
#1082 = CARTESIAN_POINT('',(-5.928855914595,42.764217139379,-5.));
#1083 = VECTOR('',#1084,1.);
#1084 = DIRECTION('',(-0.500011000363,0.866019052629,0.));
#1085 = PCURVE('',#170,#1086);
#1086 = DEFINITIONAL_REPRESENTATION('',(#1087),#1090);
#1087 = B_SPLINE_CURVE_WITH_KNOTS('',1,(#1088,#1089),.UNSPECIFIED.,.F.,
  .F.,(2,2),(-6.000000015638E-07,59.99868058548),
  .PIECEWISE_BEZIER_KNOTS.);
#1088 = CARTESIAN_POINT('',(-5.928855614589,42.764216619768));
#1089 = CARTESIAN_POINT('',(-35.9288562146,94.724217658991));
#1090 = ( GEOMETRIC_REPRESENTATION_CONTEXT(2) 
PARAMETRIC_REPRESENTATION_CONTEXT() REPRESENTATION_CONTEXT('2D SPACE',''
  ) );
#1091 = PCURVE('',#1092,#1097);
#1092 = CYLINDRICAL_SURFACE('',#1093,17.);
#1093 = AXIS2_PLACEMENT_3D('',#1094,#1095,#1096);
#1094 = CARTESIAN_POINT('',(-20.,34.64,0.));
#1095 = DIRECTION('',(-0.500011000363,0.866019052629,0.));
#1096 = DIRECTION('',(0.866019052629,0.500011000363,0.));
#1097 = DEFINITIONAL_REPRESENTATION('',(#1098),#1101);
#1098 = B_SPLINE_CURVE_WITH_KNOTS('',1,(#1099,#1100),.UNSPECIFIED.,.F.,
  .F.,(2,2),(-6.000000015638E-07,59.99868058548),
  .PIECEWISE_BEZIER_KNOTS.);
#1099 = CARTESIAN_POINT('',(0.298532201185,-5.999999997875E-07));
#1100 = CARTESIAN_POINT('',(0.298532201185,59.99868058548));
#1101 = ( GEOMETRIC_REPRESENTATION_CONTEXT(2) 
PARAMETRIC_REPRESENTATION_CONTEXT() REPRESENTATION_CONTEXT('2D SPACE',''
  ) );
#1102 = ORIENTED_EDGE('',*,*,#1103,.T.);
#1103 = EDGE_CURVE('',#1078,#1104,#1106,.T.);
#1104 = VERTEX_POINT('',#1105);
#1105 = CARTESIAN_POINT('',(-7.752641104989,41.711223380491,-5.));
#1106 = SURFACE_CURVE('',#1107,(#1111,#1117),.PCURVE_S1.);
#1107 = LINE('',#1108,#1109);
#1108 = CARTESIAN_POINT('',(-20.,34.64,-5.));
#1109 = VECTOR('',#1110,1.);
#1110 = DIRECTION('',(-0.866019052629,-0.500011000363,0.));
#1111 = PCURVE('',#170,#1112);
#1112 = DEFINITIONAL_REPRESENTATION('',(#1113),#1116);
#1113 = B_SPLINE_CURVE_WITH_KNOTS('',1,(#1114,#1115),.UNSPECIFIED.,.F.,
  .F.,(2,2),(-17.,17.),.PIECEWISE_BEZIER_KNOTS.);
#1114 = CARTESIAN_POINT('',(-5.277676105311,43.140187006171));
#1115 = CARTESIAN_POINT('',(-34.72232389468,26.139812993829));
#1116 = ( GEOMETRIC_REPRESENTATION_CONTEXT(2) 
PARAMETRIC_REPRESENTATION_CONTEXT() REPRESENTATION_CONTEXT('2D SPACE',''
  ) );
#1117 = PCURVE('',#1118,#1123);
#1118 = PLANE('',#1119);
#1119 = AXIS2_PLACEMENT_3D('',#1120,#1121,#1122);
#1120 = CARTESIAN_POINT('',(-20.,34.64,0.));
#1121 = DIRECTION('',(-0.500011000363,0.866019052629,0.));
#1122 = DIRECTION('',(0.866019052629,0.500011000363,0.));
#1123 = DEFINITIONAL_REPRESENTATION('',(#1124),#1127);
#1124 = B_SPLINE_CURVE_WITH_KNOTS('',1,(#1125,#1126),.UNSPECIFIED.,.F.,
  .F.,(2,2),(-17.,17.),.PIECEWISE_BEZIER_KNOTS.);
#1125 = CARTESIAN_POINT('',(17.,5.));
#1126 = CARTESIAN_POINT('',(-17.,5.));
#1127 = ( GEOMETRIC_REPRESENTATION_CONTEXT(2) 
PARAMETRIC_REPRESENTATION_CONTEXT() REPRESENTATION_CONTEXT('2D SPACE',''
  ) );
#1128 = ORIENTED_EDGE('',*,*,#1129,.F.);
#1129 = EDGE_CURVE('',#1130,#1104,#1132,.T.);
#1130 = VERTEX_POINT('',#1131);
#1131 = CARTESIAN_POINT('',(-5.252641104989,37.381223380491,-5.));
#1132 = SURFACE_CURVE('',#1133,(#1137,#1143),.PCURVE_S1.);
#1133 = LINE('',#1134,#1135);
#1134 = CARTESIAN_POINT('',(-5.252641104989,37.381223380491,-5.));
#1135 = VECTOR('',#1136,1.);
#1136 = DIRECTION('',(-0.500011000363,0.866019052629,0.));
#1137 = PCURVE('',#170,#1138);
#1138 = DEFINITIONAL_REPRESENTATION('',(#1139),#1142);
#1139 = B_SPLINE_CURVE_WITH_KNOTS('',1,(#1140,#1141),.UNSPECIFIED.,.F.,
  .F.,(2,2),(-6.000000015638E-07,69.99846058306),
  .PIECEWISE_BEZIER_KNOTS.);
#1140 = CARTESIAN_POINT('',(-5.252640804983,37.38122286088));
#1141 = CARTESIAN_POINT('',(-40.25264140499,98.001223900103));
#1142 = ( GEOMETRIC_REPRESENTATION_CONTEXT(2) 
PARAMETRIC_REPRESENTATION_CONTEXT() REPRESENTATION_CONTEXT('2D SPACE',''
  ) );
#1143 = PCURVE('',#1144,#1149);
#1144 = CYLINDRICAL_SURFACE('',#1145,15.);
#1145 = AXIS2_PLACEMENT_3D('',#1146,#1147,#1148);
#1146 = CARTESIAN_POINT('',(-17.5,30.31,0.));
#1147 = DIRECTION('',(-0.500011000363,0.866019052629,0.));
#1148 = DIRECTION('',(0.866019052629,0.500011000363,0.));
#1149 = DEFINITIONAL_REPRESENTATION('',(#1150),#1153);
#1150 = B_SPLINE_CURVE_WITH_KNOTS('',1,(#1151,#1152),.UNSPECIFIED.,.F.,
  .F.,(2,2),(-6.000000015638E-07,69.99846058306),
  .PIECEWISE_BEZIER_KNOTS.);
#1151 = CARTESIAN_POINT('',(0.339836909454,-5.999999997875E-07));
#1152 = CARTESIAN_POINT('',(0.339836909454,69.99846058306));
#1153 = ( GEOMETRIC_REPRESENTATION_CONTEXT(2) 
PARAMETRIC_REPRESENTATION_CONTEXT() REPRESENTATION_CONTEXT('2D SPACE',''
  ) );
#1154 = ORIENTED_EDGE('',*,*,#1155,.T.);
#1155 = EDGE_CURVE('',#1130,#1156,#1158,.T.);
#1156 = VERTEX_POINT('',#1157);
#1157 = CARTESIAN_POINT('',(-29.74735889501,23.238776619509,-5.));
#1158 = SURFACE_CURVE('',#1159,(#1163,#1169),.PCURVE_S1.);
#1159 = LINE('',#1160,#1161);
#1160 = CARTESIAN_POINT('',(-17.5,30.31,-5.));
#1161 = VECTOR('',#1162,1.);
#1162 = DIRECTION('',(-0.866019052629,-0.500011000363,0.));
#1163 = PCURVE('',#170,#1164);
#1164 = DEFINITIONAL_REPRESENTATION('',(#1165),#1168);
#1165 = B_SPLINE_CURVE_WITH_KNOTS('',1,(#1166,#1167),.UNSPECIFIED.,.F.,
  .F.,(2,2),(-15.,15.),.PIECEWISE_BEZIER_KNOTS.);
#1166 = CARTESIAN_POINT('',(-4.509714210569,37.810165005445));
#1167 = CARTESIAN_POINT('',(-30.49028578943,22.809834994555));
#1168 = ( GEOMETRIC_REPRESENTATION_CONTEXT(2) 
PARAMETRIC_REPRESENTATION_CONTEXT() REPRESENTATION_CONTEXT('2D SPACE',''
  ) );
#1169 = PCURVE('',#1170,#1175);
#1170 = PLANE('',#1171);
#1171 = AXIS2_PLACEMENT_3D('',#1172,#1173,#1174);
#1172 = CARTESIAN_POINT('',(-17.5,30.31,0.));
#1173 = DIRECTION('',(-0.500011000363,0.866019052629,0.));
#1174 = DIRECTION('',(0.866019052629,0.500011000363,0.));
#1175 = DEFINITIONAL_REPRESENTATION('',(#1176),#1179);
#1176 = B_SPLINE_CURVE_WITH_KNOTS('',1,(#1177,#1178),.UNSPECIFIED.,.F.,
  .F.,(2,2),(-15.,15.),.PIECEWISE_BEZIER_KNOTS.);
#1177 = CARTESIAN_POINT('',(15.,5.));
#1178 = CARTESIAN_POINT('',(-15.,5.));
#1179 = ( GEOMETRIC_REPRESENTATION_CONTEXT(2) 
PARAMETRIC_REPRESENTATION_CONTEXT() REPRESENTATION_CONTEXT('2D SPACE',''
  ) );
#1180 = ORIENTED_EDGE('',*,*,#1181,.T.);
#1181 = EDGE_CURVE('',#1156,#1182,#1184,.T.);
#1182 = VERTEX_POINT('',#1183);
#1183 = CARTESIAN_POINT('',(-32.24735889501,27.568776619509,-5.));
#1184 = SURFACE_CURVE('',#1185,(#1189,#1195),.PCURVE_S1.);
#1185 = LINE('',#1186,#1187);
#1186 = CARTESIAN_POINT('',(-29.74735889501,23.238776619509,-5.));
#1187 = VECTOR('',#1188,1.);
#1188 = DIRECTION('',(-0.500011000363,0.866019052629,0.));
#1189 = PCURVE('',#170,#1190);
#1190 = DEFINITIONAL_REPRESENTATION('',(#1191),#1194);
#1191 = B_SPLINE_CURVE_WITH_KNOTS('',1,(#1192,#1193),.UNSPECIFIED.,.F.,
  .F.,(2,2),(-5.999999984871E-07,69.99846058306),
  .PIECEWISE_BEZIER_KNOTS.);
#1192 = CARTESIAN_POINT('',(-29.747358595,23.238776099897));
#1193 = CARTESIAN_POINT('',(-64.74735919501,83.85877713912));
#1194 = ( GEOMETRIC_REPRESENTATION_CONTEXT(2) 
PARAMETRIC_REPRESENTATION_CONTEXT() REPRESENTATION_CONTEXT('2D SPACE',''
  ) );
#1195 = PCURVE('',#1144,#1196);
#1196 = DEFINITIONAL_REPRESENTATION('',(#1197),#1200);
#1197 = B_SPLINE_CURVE_WITH_KNOTS('',1,(#1198,#1199),.UNSPECIFIED.,.F.,
  .F.,(2,2),(-5.999999984871E-07,69.99846058306),
  .PIECEWISE_BEZIER_KNOTS.);
#1198 = CARTESIAN_POINT('',(2.801755744136,-6.000000002635E-07));
#1199 = CARTESIAN_POINT('',(2.801755744136,69.99846058306));
#1200 = ( GEOMETRIC_REPRESENTATION_CONTEXT(2) 
PARAMETRIC_REPRESENTATION_CONTEXT() REPRESENTATION_CONTEXT('2D SPACE',''
  ) );
#1201 = ORIENTED_EDGE('',*,*,#1202,.T.);
#1202 = EDGE_CURVE('',#1182,#1203,#1205,.T.);
#1203 = VERTEX_POINT('',#1204);
#1204 = CARTESIAN_POINT('',(-34.0711440854,26.515782860621,-5.));
#1205 = SURFACE_CURVE('',#1206,(#1210,#1216),.PCURVE_S1.);
#1206 = LINE('',#1207,#1208);
#1207 = CARTESIAN_POINT('',(-20.,34.64,-5.));
#1208 = VECTOR('',#1209,1.);
#1209 = DIRECTION('',(-0.866019052629,-0.500011000363,0.));
#1210 = PCURVE('',#170,#1211);
#1211 = DEFINITIONAL_REPRESENTATION('',(#1212),#1215);
#1212 = B_SPLINE_CURVE_WITH_KNOTS('',1,(#1213,#1214),.UNSPECIFIED.,.F.,
  .F.,(2,2),(-17.,17.),.PIECEWISE_BEZIER_KNOTS.);
#1213 = CARTESIAN_POINT('',(-5.277676105311,43.140187006171));
#1214 = CARTESIAN_POINT('',(-34.72232389468,26.139812993829));
#1215 = ( GEOMETRIC_REPRESENTATION_CONTEXT(2) 
PARAMETRIC_REPRESENTATION_CONTEXT() REPRESENTATION_CONTEXT('2D SPACE',''
  ) );
#1216 = PCURVE('',#1118,#1217);
#1217 = DEFINITIONAL_REPRESENTATION('',(#1218),#1221);
#1218 = B_SPLINE_CURVE_WITH_KNOTS('',1,(#1219,#1220),.UNSPECIFIED.,.F.,
  .F.,(2,2),(-17.,17.),.PIECEWISE_BEZIER_KNOTS.);
#1219 = CARTESIAN_POINT('',(17.,5.));
#1220 = CARTESIAN_POINT('',(-17.,5.));
#1221 = ( GEOMETRIC_REPRESENTATION_CONTEXT(2) 
PARAMETRIC_REPRESENTATION_CONTEXT() REPRESENTATION_CONTEXT('2D SPACE',''
  ) );
#1222 = ORIENTED_EDGE('',*,*,#1223,.T.);
#1223 = EDGE_CURVE('',#1203,#1224,#1226,.T.);
#1224 = VERTEX_POINT('',#1225);
#1225 = CARTESIAN_POINT('',(-61.37968957491,73.814183648451,-5.));
#1226 = SURFACE_CURVE('',#1227,(#1231,#1237),.PCURVE_S1.);
#1227 = LINE('',#1228,#1229);
#1228 = CARTESIAN_POINT('',(-34.0711440854,26.515782860621,-5.));
#1229 = VECTOR('',#1230,1.);
#1230 = DIRECTION('',(-0.500011000363,0.866019052629,0.));
#1231 = PCURVE('',#170,#1232);
#1232 = DEFINITIONAL_REPRESENTATION('',(#1233),#1236);
#1233 = B_SPLINE_CURVE_WITH_KNOTS('',1,(#1234,#1235),.UNSPECIFIED.,.F.,
  .F.,(2,2),(-5.999999967107E-07,59.99868058548),
  .PIECEWISE_BEZIER_KNOTS.);
#1234 = CARTESIAN_POINT('',(-34.07114378539,26.515782341009));
#1235 = CARTESIAN_POINT('',(-64.07114438541,78.475783380232));
#1236 = ( GEOMETRIC_REPRESENTATION_CONTEXT(2) 
PARAMETRIC_REPRESENTATION_CONTEXT() REPRESENTATION_CONTEXT('2D SPACE',''
  ) );
#1237 = PCURVE('',#1092,#1238);
#1238 = DEFINITIONAL_REPRESENTATION('',(#1239),#1242);
#1239 = B_SPLINE_CURVE_WITH_KNOTS('',1,(#1240,#1241),.UNSPECIFIED.,.F.,
  .F.,(2,2),(-5.999999967107E-07,59.99868058548),
  .PIECEWISE_BEZIER_KNOTS.);
#1240 = CARTESIAN_POINT('',(2.843060452405,-5.999999993753E-07));
#1241 = CARTESIAN_POINT('',(2.843060452405,59.99868058548));
#1242 = ( GEOMETRIC_REPRESENTATION_CONTEXT(2) 
PARAMETRIC_REPRESENTATION_CONTEXT() REPRESENTATION_CONTEXT('2D SPACE',''
  ) );
#1243 = ORIENTED_EDGE('',*,*,#1244,.T.);
#1244 = EDGE_CURVE('',#1224,#1245,#1247,.T.);
#1245 = VERTEX_POINT('',#1246);
#1246 = CARTESIAN_POINT('',(-94.61500938011,16.248076809272,-5.));
#1247 = SURFACE_CURVE('',#1248,(#1253,#1260),.PCURVE_S1.);
#1248 = CIRCLE('',#1249,96.);
#1249 = AXIS2_PLACEMENT_3D('',#1250,#1251,#1252);
#1250 = CARTESIAN_POINT('',(0.,0.,-5.));
#1251 = DIRECTION('',(0.,0.,1.));
#1252 = DIRECTION('',(1.,0.,-0.));
#1253 = PCURVE('',#170,#1254);
#1254 = DEFINITIONAL_REPRESENTATION('',(#1255),#1259);
#1255 = CIRCLE('',#1256,96.);
#1256 = AXIS2_PLACEMENT_2D('',#1257,#1258);
#1257 = CARTESIAN_POINT('',(0.,0.));
#1258 = DIRECTION('',(1.,0.));
#1259 = ( GEOMETRIC_REPRESENTATION_CONTEXT(2) 
PARAMETRIC_REPRESENTATION_CONTEXT() REPRESENTATION_CONTEXT('2D SPACE',''
  ) );
#1260 = PCURVE('',#1261,#1266);
#1261 = CYLINDRICAL_SURFACE('',#1262,96.);
#1262 = AXIS2_PLACEMENT_3D('',#1263,#1264,#1265);
#1263 = CARTESIAN_POINT('',(0.,0.,-5.));
#1264 = DIRECTION('',(0.,0.,1.));
#1265 = DIRECTION('',(1.,0.,-0.));
#1266 = DEFINITIONAL_REPRESENTATION('',(#1267),#1271);
#1267 = LINE('',#1268,#1269);
#1268 = CARTESIAN_POINT('',(0.,0.));
#1269 = VECTOR('',#1270,1.);
#1270 = DIRECTION('',(1.,0.));
#1271 = ( GEOMETRIC_REPRESENTATION_CONTEXT(2) 
PARAMETRIC_REPRESENTATION_CONTEXT() REPRESENTATION_CONTEXT('2D SPACE',''
  ) );
#1272 = ORIENTED_EDGE('',*,*,#1273,.F.);
#1273 = EDGE_CURVE('',#1274,#1245,#1276,.T.);
#1274 = VERTEX_POINT('',#1275);
#1275 = CARTESIAN_POINT('',(-40.,16.248076809272,-5.));
#1276 = SURFACE_CURVE('',#1277,(#1281,#1287),.PCURVE_S1.);
#1277 = LINE('',#1278,#1279);
#1278 = CARTESIAN_POINT('',(-40.,16.248076809272,-5.));
#1279 = VECTOR('',#1280,1.);
#1280 = DIRECTION('',(-1.,0.,0.));
#1281 = PCURVE('',#170,#1282);
#1282 = DEFINITIONAL_REPRESENTATION('',(#1283),#1286);
#1283 = B_SPLINE_CURVE_WITH_KNOTS('',1,(#1284,#1285),.UNSPECIFIED.,.F.,
  .F.,(2,2),(-5.999999999062E-07,60.0000006),.PIECEWISE_BEZIER_KNOTS.);
#1284 = CARTESIAN_POINT('',(-39.9999994,16.248076809272));
#1285 = CARTESIAN_POINT('',(-100.0000006,16.248076809272));
#1286 = ( GEOMETRIC_REPRESENTATION_CONTEXT(2) 
PARAMETRIC_REPRESENTATION_CONTEXT() REPRESENTATION_CONTEXT('2D SPACE',''
  ) );
#1287 = PCURVE('',#1288,#1293);
#1288 = CYLINDRICAL_SURFACE('',#1289,17.);
#1289 = AXIS2_PLACEMENT_3D('',#1290,#1291,#1292);
#1290 = CARTESIAN_POINT('',(-40.,0.,0.));
#1291 = DIRECTION('',(-1.,0.,0.));
#1292 = DIRECTION('',(0.,0.,-1.));
#1293 = DEFINITIONAL_REPRESENTATION('',(#1294),#1297);
#1294 = B_SPLINE_CURVE_WITH_KNOTS('',1,(#1295,#1296),.UNSPECIFIED.,.F.,
  .F.,(2,2),(-5.999999999062E-07,60.0000006),.PIECEWISE_BEZIER_KNOTS.);
#1295 = CARTESIAN_POINT('',(5.01092118157,-5.999999999062E-07));
#1296 = CARTESIAN_POINT('',(5.01092118157,60.0000006));
#1297 = ( GEOMETRIC_REPRESENTATION_CONTEXT(2) 
PARAMETRIC_REPRESENTATION_CONTEXT() REPRESENTATION_CONTEXT('2D SPACE',''
  ) );
#1298 = ORIENTED_EDGE('',*,*,#1299,.T.);
#1299 = EDGE_CURVE('',#1274,#1300,#1302,.T.);
#1300 = VERTEX_POINT('',#1301);
#1301 = CARTESIAN_POINT('',(-40.,14.142135623731,-5.));
#1302 = SURFACE_CURVE('',#1303,(#1307,#1313),.PCURVE_S1.);
#1303 = LINE('',#1304,#1305);
#1304 = CARTESIAN_POINT('',(-40.,0.,-5.));
#1305 = VECTOR('',#1306,1.);
#1306 = DIRECTION('',(0.,-1.,0.));
#1307 = PCURVE('',#170,#1308);
#1308 = DEFINITIONAL_REPRESENTATION('',(#1309),#1312);
#1309 = B_SPLINE_CURVE_WITH_KNOTS('',1,(#1310,#1311),.UNSPECIFIED.,.F.,
  .F.,(2,2),(-17.,17.),.PIECEWISE_BEZIER_KNOTS.);
#1310 = CARTESIAN_POINT('',(-40.,17.));
#1311 = CARTESIAN_POINT('',(-40.,-17.));
#1312 = ( GEOMETRIC_REPRESENTATION_CONTEXT(2) 
PARAMETRIC_REPRESENTATION_CONTEXT() REPRESENTATION_CONTEXT('2D SPACE',''
  ) );
#1313 = PCURVE('',#1314,#1319);
#1314 = PLANE('',#1315);
#1315 = AXIS2_PLACEMENT_3D('',#1316,#1317,#1318);
#1316 = CARTESIAN_POINT('',(-40.,0.,0.));
#1317 = DIRECTION('',(-1.,0.,0.));
#1318 = DIRECTION('',(0.,0.,-1.));
#1319 = DEFINITIONAL_REPRESENTATION('',(#1320),#1323);
#1320 = B_SPLINE_CURVE_WITH_KNOTS('',1,(#1321,#1322),.UNSPECIFIED.,.F.,
  .F.,(2,2),(-17.,17.),.PIECEWISE_BEZIER_KNOTS.);
#1321 = CARTESIAN_POINT('',(5.,-17.));
#1322 = CARTESIAN_POINT('',(5.,17.));
#1323 = ( GEOMETRIC_REPRESENTATION_CONTEXT(2) 
PARAMETRIC_REPRESENTATION_CONTEXT() REPRESENTATION_CONTEXT('2D SPACE',''
  ) );
#1324 = ORIENTED_EDGE('',*,*,#1325,.F.);
#1325 = EDGE_CURVE('',#1326,#1300,#1328,.T.);
#1326 = VERTEX_POINT('',#1327);
#1327 = CARTESIAN_POINT('',(-35.,14.142135623731,-5.));
#1328 = SURFACE_CURVE('',#1329,(#1333,#1339),.PCURVE_S1.);
#1329 = LINE('',#1330,#1331);
#1330 = CARTESIAN_POINT('',(-35.,14.142135623731,-5.));
#1331 = VECTOR('',#1332,1.);
#1332 = DIRECTION('',(-1.,0.,0.));
#1333 = PCURVE('',#170,#1334);
#1334 = DEFINITIONAL_REPRESENTATION('',(#1335),#1338);
#1335 = B_SPLINE_CURVE_WITH_KNOTS('',1,(#1336,#1337),.UNSPECIFIED.,.F.,
  .F.,(2,2),(-5.999999999062E-07,70.0000006),.PIECEWISE_BEZIER_KNOTS.);
#1336 = CARTESIAN_POINT('',(-34.9999994,14.142135623731));
#1337 = CARTESIAN_POINT('',(-105.0000006,14.142135623731));
#1338 = ( GEOMETRIC_REPRESENTATION_CONTEXT(2) 
PARAMETRIC_REPRESENTATION_CONTEXT() REPRESENTATION_CONTEXT('2D SPACE',''
  ) );
#1339 = PCURVE('',#1340,#1345);
#1340 = CYLINDRICAL_SURFACE('',#1341,15.);
#1341 = AXIS2_PLACEMENT_3D('',#1342,#1343,#1344);
#1342 = CARTESIAN_POINT('',(-35.,0.,0.));
#1343 = DIRECTION('',(-1.,0.,0.));
#1344 = DIRECTION('',(0.,0.,-1.));
#1345 = DEFINITIONAL_REPRESENTATION('',(#1346),#1349);
#1346 = B_SPLINE_CURVE_WITH_KNOTS('',1,(#1347,#1348),.UNSPECIFIED.,.F.,
  .F.,(2,2),(-5.999999999062E-07,70.0000006),.PIECEWISE_BEZIER_KNOTS.);
#1347 = CARTESIAN_POINT('',(5.052225889839,-5.999999999062E-07));
#1348 = CARTESIAN_POINT('',(5.052225889839,70.0000006));
#1349 = ( GEOMETRIC_REPRESENTATION_CONTEXT(2) 
PARAMETRIC_REPRESENTATION_CONTEXT() REPRESENTATION_CONTEXT('2D SPACE',''
  ) );
#1350 = ORIENTED_EDGE('',*,*,#1351,.T.);
#1351 = EDGE_CURVE('',#1326,#1352,#1354,.T.);
#1352 = VERTEX_POINT('',#1353);
#1353 = CARTESIAN_POINT('',(-35.,-14.14213562373,-5.));
#1354 = SURFACE_CURVE('',#1355,(#1359,#1365),.PCURVE_S1.);
#1355 = LINE('',#1356,#1357);
#1356 = CARTESIAN_POINT('',(-35.,0.,-5.));
#1357 = VECTOR('',#1358,1.);
#1358 = DIRECTION('',(0.,-1.,0.));
#1359 = PCURVE('',#170,#1360);
#1360 = DEFINITIONAL_REPRESENTATION('',(#1361),#1364);
#1361 = B_SPLINE_CURVE_WITH_KNOTS('',1,(#1362,#1363),.UNSPECIFIED.,.F.,
  .F.,(2,2),(-15.,15.),.PIECEWISE_BEZIER_KNOTS.);
#1362 = CARTESIAN_POINT('',(-35.,15.));
#1363 = CARTESIAN_POINT('',(-35.,-15.));
#1364 = ( GEOMETRIC_REPRESENTATION_CONTEXT(2) 
PARAMETRIC_REPRESENTATION_CONTEXT() REPRESENTATION_CONTEXT('2D SPACE',''
  ) );
#1365 = PCURVE('',#1366,#1371);
#1366 = PLANE('',#1367);
#1367 = AXIS2_PLACEMENT_3D('',#1368,#1369,#1370);
#1368 = CARTESIAN_POINT('',(-35.,0.,0.));
#1369 = DIRECTION('',(-1.,0.,0.));
#1370 = DIRECTION('',(0.,0.,-1.));
#1371 = DEFINITIONAL_REPRESENTATION('',(#1372),#1375);
#1372 = B_SPLINE_CURVE_WITH_KNOTS('',1,(#1373,#1374),.UNSPECIFIED.,.F.,
  .F.,(2,2),(-15.,15.),.PIECEWISE_BEZIER_KNOTS.);
#1373 = CARTESIAN_POINT('',(5.,-15.));
#1374 = CARTESIAN_POINT('',(5.,15.));
#1375 = ( GEOMETRIC_REPRESENTATION_CONTEXT(2) 
PARAMETRIC_REPRESENTATION_CONTEXT() REPRESENTATION_CONTEXT('2D SPACE',''
  ) );
#1376 = ORIENTED_EDGE('',*,*,#1377,.T.);
#1377 = EDGE_CURVE('',#1352,#1378,#1380,.T.);
#1378 = VERTEX_POINT('',#1379);
#1379 = CARTESIAN_POINT('',(-40.,-14.14213562373,-5.));
#1380 = SURFACE_CURVE('',#1381,(#1385,#1391),.PCURVE_S1.);
#1381 = LINE('',#1382,#1383);
#1382 = CARTESIAN_POINT('',(-35.,-14.14213562373,-5.));
#1383 = VECTOR('',#1384,1.);
#1384 = DIRECTION('',(-1.,0.,0.));
#1385 = PCURVE('',#170,#1386);
#1386 = DEFINITIONAL_REPRESENTATION('',(#1387),#1390);
#1387 = B_SPLINE_CURVE_WITH_KNOTS('',1,(#1388,#1389),.UNSPECIFIED.,.F.,
  .F.,(2,2),(-5.999999999062E-07,70.0000006),.PIECEWISE_BEZIER_KNOTS.);
#1388 = CARTESIAN_POINT('',(-34.9999994,-14.14213562373));
#1389 = CARTESIAN_POINT('',(-105.0000006,-14.14213562373));
#1390 = ( GEOMETRIC_REPRESENTATION_CONTEXT(2) 
PARAMETRIC_REPRESENTATION_CONTEXT() REPRESENTATION_CONTEXT('2D SPACE',''
  ) );
#1391 = PCURVE('',#1340,#1392);
#1392 = DEFINITIONAL_REPRESENTATION('',(#1393),#1396);
#1393 = B_SPLINE_CURVE_WITH_KNOTS('',1,(#1394,#1395),.UNSPECIFIED.,.F.,
  .F.,(2,2),(-5.999999999062E-07,70.0000006),.PIECEWISE_BEZIER_KNOTS.);
#1394 = CARTESIAN_POINT('',(1.230959417341,-5.999999999062E-07));
#1395 = CARTESIAN_POINT('',(1.230959417341,70.0000006));
#1396 = ( GEOMETRIC_REPRESENTATION_CONTEXT(2) 
PARAMETRIC_REPRESENTATION_CONTEXT() REPRESENTATION_CONTEXT('2D SPACE',''
  ) );
#1397 = ORIENTED_EDGE('',*,*,#1398,.T.);
#1398 = EDGE_CURVE('',#1378,#1399,#1401,.T.);
#1399 = VERTEX_POINT('',#1400);
#1400 = CARTESIAN_POINT('',(-40.,-16.24807680927,-5.));
#1401 = SURFACE_CURVE('',#1402,(#1406,#1412),.PCURVE_S1.);
#1402 = LINE('',#1403,#1404);
#1403 = CARTESIAN_POINT('',(-40.,0.,-5.));
#1404 = VECTOR('',#1405,1.);
#1405 = DIRECTION('',(0.,-1.,0.));
#1406 = PCURVE('',#170,#1407);
#1407 = DEFINITIONAL_REPRESENTATION('',(#1408),#1411);
#1408 = B_SPLINE_CURVE_WITH_KNOTS('',1,(#1409,#1410),.UNSPECIFIED.,.F.,
  .F.,(2,2),(-17.,17.),.PIECEWISE_BEZIER_KNOTS.);
#1409 = CARTESIAN_POINT('',(-40.,17.));
#1410 = CARTESIAN_POINT('',(-40.,-17.));
#1411 = ( GEOMETRIC_REPRESENTATION_CONTEXT(2) 
PARAMETRIC_REPRESENTATION_CONTEXT() REPRESENTATION_CONTEXT('2D SPACE',''
  ) );
#1412 = PCURVE('',#1314,#1413);
#1413 = DEFINITIONAL_REPRESENTATION('',(#1414),#1417);
#1414 = B_SPLINE_CURVE_WITH_KNOTS('',1,(#1415,#1416),.UNSPECIFIED.,.F.,
  .F.,(2,2),(-17.,17.),.PIECEWISE_BEZIER_KNOTS.);
#1415 = CARTESIAN_POINT('',(5.,-17.));
#1416 = CARTESIAN_POINT('',(5.,17.));
#1417 = ( GEOMETRIC_REPRESENTATION_CONTEXT(2) 
PARAMETRIC_REPRESENTATION_CONTEXT() REPRESENTATION_CONTEXT('2D SPACE',''
  ) );
#1418 = ORIENTED_EDGE('',*,*,#1419,.T.);
#1419 = EDGE_CURVE('',#1399,#1420,#1422,.T.);
#1420 = VERTEX_POINT('',#1421);
#1421 = CARTESIAN_POINT('',(-94.61500938011,-16.24807680927,-5.));
#1422 = SURFACE_CURVE('',#1423,(#1427,#1433),.PCURVE_S1.);
#1423 = LINE('',#1424,#1425);
#1424 = CARTESIAN_POINT('',(-40.,-16.24807680927,-5.));
#1425 = VECTOR('',#1426,1.);
#1426 = DIRECTION('',(-1.,0.,0.));
#1427 = PCURVE('',#170,#1428);
#1428 = DEFINITIONAL_REPRESENTATION('',(#1429),#1432);
#1429 = B_SPLINE_CURVE_WITH_KNOTS('',1,(#1430,#1431),.UNSPECIFIED.,.F.,
  .F.,(2,2),(-5.999999999062E-07,60.0000006),.PIECEWISE_BEZIER_KNOTS.);
#1430 = CARTESIAN_POINT('',(-39.9999994,-16.24807680927));
#1431 = CARTESIAN_POINT('',(-100.0000006,-16.24807680927));
#1432 = ( GEOMETRIC_REPRESENTATION_CONTEXT(2) 
PARAMETRIC_REPRESENTATION_CONTEXT() REPRESENTATION_CONTEXT('2D SPACE',''
  ) );
#1433 = PCURVE('',#1288,#1434);
#1434 = DEFINITIONAL_REPRESENTATION('',(#1435),#1438);
#1435 = B_SPLINE_CURVE_WITH_KNOTS('',1,(#1436,#1437),.UNSPECIFIED.,.F.,
  .F.,(2,2),(-5.999999999062E-07,60.0000006),.PIECEWISE_BEZIER_KNOTS.);
#1436 = CARTESIAN_POINT('',(1.27226412561,-5.999999999062E-07));
#1437 = CARTESIAN_POINT('',(1.27226412561,60.0000006));
#1438 = ( GEOMETRIC_REPRESENTATION_CONTEXT(2) 
PARAMETRIC_REPRESENTATION_CONTEXT() REPRESENTATION_CONTEXT('2D SPACE',''
  ) );
#1439 = ORIENTED_EDGE('',*,*,#1440,.T.);
#1440 = EDGE_CURVE('',#1420,#1441,#1443,.T.);
#1441 = VERTEX_POINT('',#1442);
#1442 = CARTESIAN_POINT('',(-61.37968957491,-73.81418364845,-5.));
#1443 = SURFACE_CURVE('',#1444,(#1449,#1456),.PCURVE_S1.);
#1444 = CIRCLE('',#1445,96.);
#1445 = AXIS2_PLACEMENT_3D('',#1446,#1447,#1448);
#1446 = CARTESIAN_POINT('',(0.,0.,-5.));
#1447 = DIRECTION('',(0.,0.,1.));
#1448 = DIRECTION('',(1.,0.,-0.));
#1449 = PCURVE('',#170,#1450);
#1450 = DEFINITIONAL_REPRESENTATION('',(#1451),#1455);
#1451 = CIRCLE('',#1452,96.);
#1452 = AXIS2_PLACEMENT_2D('',#1453,#1454);
#1453 = CARTESIAN_POINT('',(0.,0.));
#1454 = DIRECTION('',(1.,0.));
#1455 = ( GEOMETRIC_REPRESENTATION_CONTEXT(2) 
PARAMETRIC_REPRESENTATION_CONTEXT() REPRESENTATION_CONTEXT('2D SPACE',''
  ) );
#1456 = PCURVE('',#1457,#1462);
#1457 = CYLINDRICAL_SURFACE('',#1458,96.);
#1458 = AXIS2_PLACEMENT_3D('',#1459,#1460,#1461);
#1459 = CARTESIAN_POINT('',(0.,0.,-5.));
#1460 = DIRECTION('',(0.,0.,1.));
#1461 = DIRECTION('',(1.,0.,-0.));
#1462 = DEFINITIONAL_REPRESENTATION('',(#1463),#1467);
#1463 = LINE('',#1464,#1465);
#1464 = CARTESIAN_POINT('',(0.,0.));
#1465 = VECTOR('',#1466,1.);
#1466 = DIRECTION('',(1.,0.));
#1467 = ( GEOMETRIC_REPRESENTATION_CONTEXT(2) 
PARAMETRIC_REPRESENTATION_CONTEXT() REPRESENTATION_CONTEXT('2D SPACE',''
  ) );
#1468 = ORIENTED_EDGE('',*,*,#1469,.F.);
#1469 = EDGE_CURVE('',#1470,#1441,#1472,.T.);
#1470 = VERTEX_POINT('',#1471);
#1471 = CARTESIAN_POINT('',(-34.0711440854,-26.51578286062,-5.));
#1472 = SURFACE_CURVE('',#1473,(#1477,#1483),.PCURVE_S1.);
#1473 = LINE('',#1474,#1475);
#1474 = CARTESIAN_POINT('',(-34.0711440854,-26.51578286062,-5.));
#1475 = VECTOR('',#1476,1.);
#1476 = DIRECTION('',(-0.500011000363,-0.866019052629,0.));
#1477 = PCURVE('',#170,#1478);
#1478 = DEFINITIONAL_REPRESENTATION('',(#1479),#1482);
#1479 = B_SPLINE_CURVE_WITH_KNOTS('',1,(#1480,#1481),.UNSPECIFIED.,.F.,
  .F.,(2,2),(-5.999999967107E-07,59.99868058548),
  .PIECEWISE_BEZIER_KNOTS.);
#1480 = CARTESIAN_POINT('',(-34.07114378539,-26.515782341));
#1481 = CARTESIAN_POINT('',(-64.07114438541,-78.47578338023));
#1482 = ( GEOMETRIC_REPRESENTATION_CONTEXT(2) 
PARAMETRIC_REPRESENTATION_CONTEXT() REPRESENTATION_CONTEXT('2D SPACE',''
  ) );
#1483 = PCURVE('',#1484,#1489);
#1484 = CYLINDRICAL_SURFACE('',#1485,17.);
#1485 = AXIS2_PLACEMENT_3D('',#1486,#1487,#1488);
#1486 = CARTESIAN_POINT('',(-20.,-34.64,0.));
#1487 = DIRECTION('',(-0.500011000363,-0.866019052629,0.));
#1488 = DIRECTION('',(-0.866019052629,0.500011000363,0.));
#1489 = DEFINITIONAL_REPRESENTATION('',(#1490),#1493);
#1490 = B_SPLINE_CURVE_WITH_KNOTS('',1,(#1491,#1492),.UNSPECIFIED.,.F.,
  .F.,(2,2),(-5.999999967107E-07,59.99868058548),
  .PIECEWISE_BEZIER_KNOTS.);
#1491 = CARTESIAN_POINT('',(0.298532201185,-5.999999993753E-07));
#1492 = CARTESIAN_POINT('',(0.298532201185,59.99868058548));
#1493 = ( GEOMETRIC_REPRESENTATION_CONTEXT(2) 
PARAMETRIC_REPRESENTATION_CONTEXT() REPRESENTATION_CONTEXT('2D SPACE',''
  ) );
#1494 = ORIENTED_EDGE('',*,*,#1495,.T.);
#1495 = EDGE_CURVE('',#1470,#1496,#1498,.T.);
#1496 = VERTEX_POINT('',#1497);
#1497 = CARTESIAN_POINT('',(-32.24735889501,-27.5687766195,-5.));
#1498 = SURFACE_CURVE('',#1499,(#1503,#1509),.PCURVE_S1.);
#1499 = LINE('',#1500,#1501);
#1500 = CARTESIAN_POINT('',(-20.,-34.64,-5.));
#1501 = VECTOR('',#1502,1.);
#1502 = DIRECTION('',(0.866019052629,-0.500011000363,0.));
#1503 = PCURVE('',#170,#1504);
#1504 = DEFINITIONAL_REPRESENTATION('',(#1505),#1508);
#1505 = B_SPLINE_CURVE_WITH_KNOTS('',1,(#1506,#1507),.UNSPECIFIED.,.F.,
  .F.,(2,2),(-17.,17.),.PIECEWISE_BEZIER_KNOTS.);
#1506 = CARTESIAN_POINT('',(-34.72232389468,-26.13981299382));
#1507 = CARTESIAN_POINT('',(-5.277676105311,-43.14018700617));
#1508 = ( GEOMETRIC_REPRESENTATION_CONTEXT(2) 
PARAMETRIC_REPRESENTATION_CONTEXT() REPRESENTATION_CONTEXT('2D SPACE',''
  ) );
#1509 = PCURVE('',#1510,#1515);
#1510 = PLANE('',#1511);
#1511 = AXIS2_PLACEMENT_3D('',#1512,#1513,#1514);
#1512 = CARTESIAN_POINT('',(-20.,-34.64,0.));
#1513 = DIRECTION('',(-0.500011000363,-0.866019052629,0.));
#1514 = DIRECTION('',(-0.866019052629,0.500011000363,0.));
#1515 = DEFINITIONAL_REPRESENTATION('',(#1516),#1519);
#1516 = B_SPLINE_CURVE_WITH_KNOTS('',1,(#1517,#1518),.UNSPECIFIED.,.F.,
  .F.,(2,2),(-17.,17.),.PIECEWISE_BEZIER_KNOTS.);
#1517 = CARTESIAN_POINT('',(17.,5.));
#1518 = CARTESIAN_POINT('',(-17.,5.));
#1519 = ( GEOMETRIC_REPRESENTATION_CONTEXT(2) 
PARAMETRIC_REPRESENTATION_CONTEXT() REPRESENTATION_CONTEXT('2D SPACE',''
  ) );
#1520 = ORIENTED_EDGE('',*,*,#1521,.F.);
#1521 = EDGE_CURVE('',#1522,#1496,#1524,.T.);
#1522 = VERTEX_POINT('',#1523);
#1523 = CARTESIAN_POINT('',(-29.74735889501,-23.2387766195,-5.));
#1524 = SURFACE_CURVE('',#1525,(#1529,#1535),.PCURVE_S1.);
#1525 = LINE('',#1526,#1527);
#1526 = CARTESIAN_POINT('',(-29.74735889501,-23.2387766195,-5.));
#1527 = VECTOR('',#1528,1.);
#1528 = DIRECTION('',(-0.500011000363,-0.866019052629,0.));
#1529 = PCURVE('',#170,#1530);
#1530 = DEFINITIONAL_REPRESENTATION('',(#1531),#1534);
#1531 = B_SPLINE_CURVE_WITH_KNOTS('',1,(#1532,#1533),.UNSPECIFIED.,.F.,
  .F.,(2,2),(-5.999999984871E-07,69.99846058306),
  .PIECEWISE_BEZIER_KNOTS.);
#1532 = CARTESIAN_POINT('',(-29.747358595,-23.23877609989));
#1533 = CARTESIAN_POINT('',(-64.74735919501,-83.85877713912));
#1534 = ( GEOMETRIC_REPRESENTATION_CONTEXT(2) 
PARAMETRIC_REPRESENTATION_CONTEXT() REPRESENTATION_CONTEXT('2D SPACE',''
  ) );
#1535 = PCURVE('',#1536,#1541);
#1536 = CYLINDRICAL_SURFACE('',#1537,15.);
#1537 = AXIS2_PLACEMENT_3D('',#1538,#1539,#1540);
#1538 = CARTESIAN_POINT('',(-17.5,-30.31,0.));
#1539 = DIRECTION('',(-0.500011000363,-0.866019052629,0.));
#1540 = DIRECTION('',(-0.866019052629,0.500011000363,0.));
#1541 = DEFINITIONAL_REPRESENTATION('',(#1542),#1545);
#1542 = B_SPLINE_CURVE_WITH_KNOTS('',1,(#1543,#1544),.UNSPECIFIED.,.F.,
  .F.,(2,2),(-5.999999984871E-07,69.99846058306),
  .PIECEWISE_BEZIER_KNOTS.);
#1543 = CARTESIAN_POINT('',(0.339836909454,-6.000000002635E-07));
#1544 = CARTESIAN_POINT('',(0.339836909454,69.99846058306));
#1545 = ( GEOMETRIC_REPRESENTATION_CONTEXT(2) 
PARAMETRIC_REPRESENTATION_CONTEXT() REPRESENTATION_CONTEXT('2D SPACE',''
  ) );
#1546 = ORIENTED_EDGE('',*,*,#1547,.T.);
#1547 = EDGE_CURVE('',#1522,#1548,#1550,.T.);
#1548 = VERTEX_POINT('',#1549);
#1549 = CARTESIAN_POINT('',(-5.252641104989,-37.38122338049,-5.));
#1550 = SURFACE_CURVE('',#1551,(#1555,#1561),.PCURVE_S1.);
#1551 = LINE('',#1552,#1553);
#1552 = CARTESIAN_POINT('',(-17.5,-30.31,-5.));
#1553 = VECTOR('',#1554,1.);
#1554 = DIRECTION('',(0.866019052629,-0.500011000363,0.));
#1555 = PCURVE('',#170,#1556);
#1556 = DEFINITIONAL_REPRESENTATION('',(#1557),#1560);
#1557 = B_SPLINE_CURVE_WITH_KNOTS('',1,(#1558,#1559),.UNSPECIFIED.,.F.,
  .F.,(2,2),(-15.,15.),.PIECEWISE_BEZIER_KNOTS.);
#1558 = CARTESIAN_POINT('',(-30.49028578943,-22.80983499455));
#1559 = CARTESIAN_POINT('',(-4.509714210569,-37.81016500544));
#1560 = ( GEOMETRIC_REPRESENTATION_CONTEXT(2) 
PARAMETRIC_REPRESENTATION_CONTEXT() REPRESENTATION_CONTEXT('2D SPACE',''
  ) );
#1561 = PCURVE('',#1562,#1567);
#1562 = PLANE('',#1563);
#1563 = AXIS2_PLACEMENT_3D('',#1564,#1565,#1566);
#1564 = CARTESIAN_POINT('',(-17.5,-30.31,0.));
#1565 = DIRECTION('',(-0.500011000363,-0.866019052629,0.));
#1566 = DIRECTION('',(-0.866019052629,0.500011000363,0.));
#1567 = DEFINITIONAL_REPRESENTATION('',(#1568),#1571);
#1568 = B_SPLINE_CURVE_WITH_KNOTS('',1,(#1569,#1570),.UNSPECIFIED.,.F.,
  .F.,(2,2),(-15.,15.),.PIECEWISE_BEZIER_KNOTS.);
#1569 = CARTESIAN_POINT('',(15.,5.));
#1570 = CARTESIAN_POINT('',(-15.,5.));
#1571 = ( GEOMETRIC_REPRESENTATION_CONTEXT(2) 
PARAMETRIC_REPRESENTATION_CONTEXT() REPRESENTATION_CONTEXT('2D SPACE',''
  ) );
#1572 = ORIENTED_EDGE('',*,*,#1573,.T.);
#1573 = EDGE_CURVE('',#1548,#1574,#1576,.T.);
#1574 = VERTEX_POINT('',#1575);
#1575 = CARTESIAN_POINT('',(-7.752641104989,-41.71122338049,-5.));
#1576 = SURFACE_CURVE('',#1577,(#1581,#1587),.PCURVE_S1.);
#1577 = LINE('',#1578,#1579);
#1578 = CARTESIAN_POINT('',(-5.252641104989,-37.38122338049,-5.));
#1579 = VECTOR('',#1580,1.);
#1580 = DIRECTION('',(-0.500011000363,-0.866019052629,0.));
#1581 = PCURVE('',#170,#1582);
#1582 = DEFINITIONAL_REPRESENTATION('',(#1583),#1586);
#1583 = B_SPLINE_CURVE_WITH_KNOTS('',1,(#1584,#1585),.UNSPECIFIED.,.F.,
  .F.,(2,2),(-6.000000015638E-07,69.99846058306),
  .PIECEWISE_BEZIER_KNOTS.);
#1584 = CARTESIAN_POINT('',(-5.252640804983,-37.38122286088));
#1585 = CARTESIAN_POINT('',(-40.25264140499,-98.0012239001));
#1586 = ( GEOMETRIC_REPRESENTATION_CONTEXT(2) 
PARAMETRIC_REPRESENTATION_CONTEXT() REPRESENTATION_CONTEXT('2D SPACE',''
  ) );
#1587 = PCURVE('',#1536,#1588);
#1588 = DEFINITIONAL_REPRESENTATION('',(#1589),#1592);
#1589 = B_SPLINE_CURVE_WITH_KNOTS('',1,(#1590,#1591),.UNSPECIFIED.,.F.,
  .F.,(2,2),(-6.000000015638E-07,69.99846058306),
  .PIECEWISE_BEZIER_KNOTS.);
#1590 = CARTESIAN_POINT('',(2.801755744136,-5.999999997875E-07));
#1591 = CARTESIAN_POINT('',(2.801755744136,69.99846058306));
#1592 = ( GEOMETRIC_REPRESENTATION_CONTEXT(2) 
PARAMETRIC_REPRESENTATION_CONTEXT() REPRESENTATION_CONTEXT('2D SPACE',''
  ) );
#1593 = ORIENTED_EDGE('',*,*,#1594,.T.);
#1594 = EDGE_CURVE('',#1574,#1595,#1597,.T.);
#1595 = VERTEX_POINT('',#1596);
#1596 = CARTESIAN_POINT('',(-5.928855914595,-42.76421713937,-5.));
#1597 = SURFACE_CURVE('',#1598,(#1602,#1608),.PCURVE_S1.);
#1598 = LINE('',#1599,#1600);
#1599 = CARTESIAN_POINT('',(-20.,-34.64,-5.));
#1600 = VECTOR('',#1601,1.);
#1601 = DIRECTION('',(0.866019052629,-0.500011000363,0.));
#1602 = PCURVE('',#170,#1603);
#1603 = DEFINITIONAL_REPRESENTATION('',(#1604),#1607);
#1604 = B_SPLINE_CURVE_WITH_KNOTS('',1,(#1605,#1606),.UNSPECIFIED.,.F.,
  .F.,(2,2),(-17.,17.),.PIECEWISE_BEZIER_KNOTS.);
#1605 = CARTESIAN_POINT('',(-34.72232389468,-26.13981299382));
#1606 = CARTESIAN_POINT('',(-5.277676105311,-43.14018700617));
#1607 = ( GEOMETRIC_REPRESENTATION_CONTEXT(2) 
PARAMETRIC_REPRESENTATION_CONTEXT() REPRESENTATION_CONTEXT('2D SPACE',''
  ) );
#1608 = PCURVE('',#1510,#1609);
#1609 = DEFINITIONAL_REPRESENTATION('',(#1610),#1613);
#1610 = B_SPLINE_CURVE_WITH_KNOTS('',1,(#1611,#1612),.UNSPECIFIED.,.F.,
  .F.,(2,2),(-17.,17.),.PIECEWISE_BEZIER_KNOTS.);
#1611 = CARTESIAN_POINT('',(17.,5.));
#1612 = CARTESIAN_POINT('',(-17.,5.));
#1613 = ( GEOMETRIC_REPRESENTATION_CONTEXT(2) 
PARAMETRIC_REPRESENTATION_CONTEXT() REPRESENTATION_CONTEXT('2D SPACE',''
  ) );
#1614 = ORIENTED_EDGE('',*,*,#1615,.T.);
#1615 = EDGE_CURVE('',#1595,#1616,#1618,.T.);
#1616 = VERTEX_POINT('',#1617);
#1617 = CARTESIAN_POINT('',(-33.2374014041,-90.0626179272,-5.));
#1618 = SURFACE_CURVE('',#1619,(#1623,#1629),.PCURVE_S1.);
#1619 = LINE('',#1620,#1621);
#1620 = CARTESIAN_POINT('',(-5.928855914595,-42.76421713937,-5.));
#1621 = VECTOR('',#1622,1.);
#1622 = DIRECTION('',(-0.500011000363,-0.866019052629,0.));
#1623 = PCURVE('',#170,#1624);
#1624 = DEFINITIONAL_REPRESENTATION('',(#1625),#1628);
#1625 = B_SPLINE_CURVE_WITH_KNOTS('',1,(#1626,#1627),.UNSPECIFIED.,.F.,
  .F.,(2,2),(-6.000000015638E-07,59.99868058548),
  .PIECEWISE_BEZIER_KNOTS.);
#1626 = CARTESIAN_POINT('',(-5.928855614589,-42.76421661976));
#1627 = CARTESIAN_POINT('',(-35.9288562146,-94.72421765899));
#1628 = ( GEOMETRIC_REPRESENTATION_CONTEXT(2) 
PARAMETRIC_REPRESENTATION_CONTEXT() REPRESENTATION_CONTEXT('2D SPACE',''
  ) );
#1629 = PCURVE('',#1484,#1630);
#1630 = DEFINITIONAL_REPRESENTATION('',(#1631),#1634);
#1631 = B_SPLINE_CURVE_WITH_KNOTS('',1,(#1632,#1633),.UNSPECIFIED.,.F.,
  .F.,(2,2),(-6.000000015638E-07,59.99868058548),
  .PIECEWISE_BEZIER_KNOTS.);
#1632 = CARTESIAN_POINT('',(2.843060452405,-5.999999997875E-07));
#1633 = CARTESIAN_POINT('',(2.843060452405,59.99868058548));
#1634 = ( GEOMETRIC_REPRESENTATION_CONTEXT(2) 
PARAMETRIC_REPRESENTATION_CONTEXT() REPRESENTATION_CONTEXT('2D SPACE',''
  ) );
#1635 = ORIENTED_EDGE('',*,*,#1636,.T.);
#1636 = EDGE_CURVE('',#1616,#1637,#1639,.T.);
#1637 = VERTEX_POINT('',#1638);
#1638 = CARTESIAN_POINT('',(33.237401404105,-90.0626179272,-5.));
#1639 = SURFACE_CURVE('',#1640,(#1645,#1652),.PCURVE_S1.);
#1640 = CIRCLE('',#1641,96.);
#1641 = AXIS2_PLACEMENT_3D('',#1642,#1643,#1644);
#1642 = CARTESIAN_POINT('',(0.,0.,-5.));
#1643 = DIRECTION('',(0.,0.,1.));
#1644 = DIRECTION('',(1.,0.,-0.));
#1645 = PCURVE('',#170,#1646);
#1646 = DEFINITIONAL_REPRESENTATION('',(#1647),#1651);
#1647 = CIRCLE('',#1648,96.);
#1648 = AXIS2_PLACEMENT_2D('',#1649,#1650);
#1649 = CARTESIAN_POINT('',(0.,0.));
#1650 = DIRECTION('',(1.,0.));
#1651 = ( GEOMETRIC_REPRESENTATION_CONTEXT(2) 
PARAMETRIC_REPRESENTATION_CONTEXT() REPRESENTATION_CONTEXT('2D SPACE',''
  ) );
#1652 = PCURVE('',#1653,#1658);
#1653 = CYLINDRICAL_SURFACE('',#1654,96.);
#1654 = AXIS2_PLACEMENT_3D('',#1655,#1656,#1657);
#1655 = CARTESIAN_POINT('',(0.,0.,-5.));
#1656 = DIRECTION('',(0.,0.,1.));
#1657 = DIRECTION('',(1.,0.,-0.));
#1658 = DEFINITIONAL_REPRESENTATION('',(#1659),#1663);
#1659 = LINE('',#1660,#1661);
#1660 = CARTESIAN_POINT('',(0.,0.));
#1661 = VECTOR('',#1662,1.);
#1662 = DIRECTION('',(1.,0.));
#1663 = ( GEOMETRIC_REPRESENTATION_CONTEXT(2) 
PARAMETRIC_REPRESENTATION_CONTEXT() REPRESENTATION_CONTEXT('2D SPACE',''
  ) );
#1664 = ORIENTED_EDGE('',*,*,#1665,.F.);
#1665 = EDGE_CURVE('',#1666,#1637,#1668,.T.);
#1666 = VERTEX_POINT('',#1667);
#1667 = CARTESIAN_POINT('',(5.928855914595,-42.76421713937,-5.));
#1668 = SURFACE_CURVE('',#1669,(#1673,#1679),.PCURVE_S1.);
#1669 = LINE('',#1670,#1671);
#1670 = CARTESIAN_POINT('',(5.928855914595,-42.76421713937,-5.));
#1671 = VECTOR('',#1672,1.);
#1672 = DIRECTION('',(0.500011000363,-0.866019052629,0.));
#1673 = PCURVE('',#170,#1674);
#1674 = DEFINITIONAL_REPRESENTATION('',(#1675),#1678);
#1675 = B_SPLINE_CURVE_WITH_KNOTS('',1,(#1676,#1677),.UNSPECIFIED.,.F.,
  .F.,(2,2),(-6.000000015638E-07,59.99868058548),
  .PIECEWISE_BEZIER_KNOTS.);
#1676 = CARTESIAN_POINT('',(5.928855614589,-42.76421661976));
#1677 = CARTESIAN_POINT('',(35.928856214602,-94.72421765899));
#1678 = ( GEOMETRIC_REPRESENTATION_CONTEXT(2) 
PARAMETRIC_REPRESENTATION_CONTEXT() REPRESENTATION_CONTEXT('2D SPACE',''
  ) );
#1679 = PCURVE('',#136,#1680);
#1680 = DEFINITIONAL_REPRESENTATION('',(#1681),#1684);
#1681 = B_SPLINE_CURVE_WITH_KNOTS('',1,(#1682,#1683),.UNSPECIFIED.,.F.,
  .F.,(2,2),(-6.000000015638E-07,59.99868058548),
  .PIECEWISE_BEZIER_KNOTS.);
#1682 = CARTESIAN_POINT('',(0.298532201185,-5.999999997875E-07));
#1683 = CARTESIAN_POINT('',(0.298532201185,59.99868058548));
#1684 = ( GEOMETRIC_REPRESENTATION_CONTEXT(2) 
PARAMETRIC_REPRESENTATION_CONTEXT() REPRESENTATION_CONTEXT('2D SPACE',''
  ) );
#1685 = ORIENTED_EDGE('',*,*,#1686,.T.);
#1686 = EDGE_CURVE('',#1666,#1687,#1689,.T.);
#1687 = VERTEX_POINT('',#1688);
#1688 = CARTESIAN_POINT('',(7.752641104989,-41.71122338049,-5.));
#1689 = SURFACE_CURVE('',#1690,(#1694,#1700),.PCURVE_S1.);
#1690 = LINE('',#1691,#1692);
#1691 = CARTESIAN_POINT('',(20.,-34.64,-5.));
#1692 = VECTOR('',#1693,1.);
#1693 = DIRECTION('',(0.866019052629,0.500011000363,-0.));
#1694 = PCURVE('',#170,#1695);
#1695 = DEFINITIONAL_REPRESENTATION('',(#1696),#1699);
#1696 = B_SPLINE_CURVE_WITH_KNOTS('',1,(#1697,#1698),.UNSPECIFIED.,.F.,
  .F.,(2,2),(-17.,17.),.PIECEWISE_BEZIER_KNOTS.);
#1697 = CARTESIAN_POINT('',(5.277676105311,-43.14018700617));
#1698 = CARTESIAN_POINT('',(34.722323894689,-26.13981299382));
#1699 = ( GEOMETRIC_REPRESENTATION_CONTEXT(2) 
PARAMETRIC_REPRESENTATION_CONTEXT() REPRESENTATION_CONTEXT('2D SPACE',''
  ) );
#1700 = PCURVE('',#1701,#1706);
#1701 = PLANE('',#1702);
#1702 = AXIS2_PLACEMENT_3D('',#1703,#1704,#1705);
#1703 = CARTESIAN_POINT('',(20.,-34.64,0.));
#1704 = DIRECTION('',(0.500011000363,-0.866019052629,0.));
#1705 = DIRECTION('',(-0.866019052629,-0.500011000363,0.));
#1706 = DEFINITIONAL_REPRESENTATION('',(#1707),#1710);
#1707 = B_SPLINE_CURVE_WITH_KNOTS('',1,(#1708,#1709),.UNSPECIFIED.,.F.,
  .F.,(2,2),(-17.,17.),.PIECEWISE_BEZIER_KNOTS.);
#1708 = CARTESIAN_POINT('',(17.,5.));
#1709 = CARTESIAN_POINT('',(-17.,5.));
#1710 = ( GEOMETRIC_REPRESENTATION_CONTEXT(2) 
PARAMETRIC_REPRESENTATION_CONTEXT() REPRESENTATION_CONTEXT('2D SPACE',''
  ) );
#1711 = ORIENTED_EDGE('',*,*,#1712,.F.);
#1712 = EDGE_CURVE('',#1713,#1687,#1715,.T.);
#1713 = VERTEX_POINT('',#1714);
#1714 = CARTESIAN_POINT('',(5.252641104989,-37.38122338049,-5.));
#1715 = SURFACE_CURVE('',#1716,(#1720,#1726),.PCURVE_S1.);
#1716 = LINE('',#1717,#1718);
#1717 = CARTESIAN_POINT('',(5.252641104989,-37.38122338049,-5.));
#1718 = VECTOR('',#1719,1.);
#1719 = DIRECTION('',(0.500011000363,-0.866019052629,0.));
#1720 = PCURVE('',#170,#1721);
#1721 = DEFINITIONAL_REPRESENTATION('',(#1722),#1725);
#1722 = B_SPLINE_CURVE_WITH_KNOTS('',1,(#1723,#1724),.UNSPECIFIED.,.F.,
  .F.,(2,2),(-6.000000015638E-07,69.99846058306),
  .PIECEWISE_BEZIER_KNOTS.);
#1723 = CARTESIAN_POINT('',(5.252640804983,-37.38122286088));
#1724 = CARTESIAN_POINT('',(40.252641404996,-98.0012239001));
#1725 = ( GEOMETRIC_REPRESENTATION_CONTEXT(2) 
PARAMETRIC_REPRESENTATION_CONTEXT() REPRESENTATION_CONTEXT('2D SPACE',''
  ) );
#1726 = PCURVE('',#1727,#1732);
#1727 = CYLINDRICAL_SURFACE('',#1728,15.);
#1728 = AXIS2_PLACEMENT_3D('',#1729,#1730,#1731);
#1729 = CARTESIAN_POINT('',(17.5,-30.31,0.));
#1730 = DIRECTION('',(0.500011000363,-0.866019052629,0.));
#1731 = DIRECTION('',(-0.866019052629,-0.500011000363,0.));
#1732 = DEFINITIONAL_REPRESENTATION('',(#1733),#1736);
#1733 = B_SPLINE_CURVE_WITH_KNOTS('',1,(#1734,#1735),.UNSPECIFIED.,.F.,
  .F.,(2,2),(-6.000000015638E-07,69.99846058306),
  .PIECEWISE_BEZIER_KNOTS.);
#1734 = CARTESIAN_POINT('',(0.339836909454,-5.999999997875E-07));
#1735 = CARTESIAN_POINT('',(0.339836909454,69.99846058306));
#1736 = ( GEOMETRIC_REPRESENTATION_CONTEXT(2) 
PARAMETRIC_REPRESENTATION_CONTEXT() REPRESENTATION_CONTEXT('2D SPACE',''
  ) );
#1737 = ORIENTED_EDGE('',*,*,#1738,.T.);
#1738 = EDGE_CURVE('',#1713,#1739,#1741,.T.);
#1739 = VERTEX_POINT('',#1740);
#1740 = CARTESIAN_POINT('',(29.747358895011,-23.2387766195,-5.));
#1741 = SURFACE_CURVE('',#1742,(#1746,#1752),.PCURVE_S1.);
#1742 = LINE('',#1743,#1744);
#1743 = CARTESIAN_POINT('',(17.5,-30.31,-5.));
#1744 = VECTOR('',#1745,1.);
#1745 = DIRECTION('',(0.866019052629,0.500011000363,-0.));
#1746 = PCURVE('',#170,#1747);
#1747 = DEFINITIONAL_REPRESENTATION('',(#1748),#1751);
#1748 = B_SPLINE_CURVE_WITH_KNOTS('',1,(#1749,#1750),.UNSPECIFIED.,.F.,
  .F.,(2,2),(-15.,15.),.PIECEWISE_BEZIER_KNOTS.);
#1749 = CARTESIAN_POINT('',(4.509714210569,-37.81016500544));
#1750 = CARTESIAN_POINT('',(30.490285789431,-22.80983499455));
#1751 = ( GEOMETRIC_REPRESENTATION_CONTEXT(2) 
PARAMETRIC_REPRESENTATION_CONTEXT() REPRESENTATION_CONTEXT('2D SPACE',''
  ) );
#1752 = PCURVE('',#1753,#1758);
#1753 = PLANE('',#1754);
#1754 = AXIS2_PLACEMENT_3D('',#1755,#1756,#1757);
#1755 = CARTESIAN_POINT('',(17.5,-30.31,0.));
#1756 = DIRECTION('',(0.500011000363,-0.866019052629,0.));
#1757 = DIRECTION('',(-0.866019052629,-0.500011000363,0.));
#1758 = DEFINITIONAL_REPRESENTATION('',(#1759),#1762);
#1759 = B_SPLINE_CURVE_WITH_KNOTS('',1,(#1760,#1761),.UNSPECIFIED.,.F.,
  .F.,(2,2),(-15.,15.),.PIECEWISE_BEZIER_KNOTS.);
#1760 = CARTESIAN_POINT('',(15.,5.));
#1761 = CARTESIAN_POINT('',(-15.,5.));
#1762 = ( GEOMETRIC_REPRESENTATION_CONTEXT(2) 
PARAMETRIC_REPRESENTATION_CONTEXT() REPRESENTATION_CONTEXT('2D SPACE',''
  ) );
#1763 = ORIENTED_EDGE('',*,*,#1764,.T.);
#1764 = EDGE_CURVE('',#1739,#1765,#1767,.T.);
#1765 = VERTEX_POINT('',#1766);
#1766 = CARTESIAN_POINT('',(32.247358895011,-27.5687766195,-5.));
#1767 = SURFACE_CURVE('',#1768,(#1772,#1778),.PCURVE_S1.);
#1768 = LINE('',#1769,#1770);
#1769 = CARTESIAN_POINT('',(29.747358895011,-23.2387766195,-5.));
#1770 = VECTOR('',#1771,1.);
#1771 = DIRECTION('',(0.500011000363,-0.866019052629,0.));
#1772 = PCURVE('',#170,#1773);
#1773 = DEFINITIONAL_REPRESENTATION('',(#1774),#1777);
#1774 = B_SPLINE_CURVE_WITH_KNOTS('',1,(#1775,#1776),.UNSPECIFIED.,.F.,
  .F.,(2,2),(-5.999999984871E-07,69.99846058306),
  .PIECEWISE_BEZIER_KNOTS.);
#1775 = CARTESIAN_POINT('',(29.747358595004,-23.23877609989));
#1776 = CARTESIAN_POINT('',(64.747359195017,-83.85877713912));
#1777 = ( GEOMETRIC_REPRESENTATION_CONTEXT(2) 
PARAMETRIC_REPRESENTATION_CONTEXT() REPRESENTATION_CONTEXT('2D SPACE',''
  ) );
#1778 = PCURVE('',#1727,#1779);
#1779 = DEFINITIONAL_REPRESENTATION('',(#1780),#1783);
#1780 = B_SPLINE_CURVE_WITH_KNOTS('',1,(#1781,#1782),.UNSPECIFIED.,.F.,
  .F.,(2,2),(-5.999999984871E-07,69.99846058306),
  .PIECEWISE_BEZIER_KNOTS.);
#1781 = CARTESIAN_POINT('',(2.801755744136,-6.000000002635E-07));
#1782 = CARTESIAN_POINT('',(2.801755744136,69.99846058306));
#1783 = ( GEOMETRIC_REPRESENTATION_CONTEXT(2) 
PARAMETRIC_REPRESENTATION_CONTEXT() REPRESENTATION_CONTEXT('2D SPACE',''
  ) );
#1784 = ORIENTED_EDGE('',*,*,#1785,.T.);
#1785 = EDGE_CURVE('',#1765,#1786,#1788,.T.);
#1786 = VERTEX_POINT('',#1787);
#1787 = CARTESIAN_POINT('',(34.071144085405,-26.51578286062,-5.));
#1788 = SURFACE_CURVE('',#1789,(#1793,#1799),.PCURVE_S1.);
#1789 = LINE('',#1790,#1791);
#1790 = CARTESIAN_POINT('',(20.,-34.64,-5.));
#1791 = VECTOR('',#1792,1.);
#1792 = DIRECTION('',(0.866019052629,0.500011000363,-0.));
#1793 = PCURVE('',#170,#1794);
#1794 = DEFINITIONAL_REPRESENTATION('',(#1795),#1798);
#1795 = B_SPLINE_CURVE_WITH_KNOTS('',1,(#1796,#1797),.UNSPECIFIED.,.F.,
  .F.,(2,2),(-17.,17.),.PIECEWISE_BEZIER_KNOTS.);
#1796 = CARTESIAN_POINT('',(5.277676105311,-43.14018700617));
#1797 = CARTESIAN_POINT('',(34.722323894689,-26.13981299382));
#1798 = ( GEOMETRIC_REPRESENTATION_CONTEXT(2) 
PARAMETRIC_REPRESENTATION_CONTEXT() REPRESENTATION_CONTEXT('2D SPACE',''
  ) );
#1799 = PCURVE('',#1701,#1800);
#1800 = DEFINITIONAL_REPRESENTATION('',(#1801),#1804);
#1801 = B_SPLINE_CURVE_WITH_KNOTS('',1,(#1802,#1803),.UNSPECIFIED.,.F.,
  .F.,(2,2),(-17.,17.),.PIECEWISE_BEZIER_KNOTS.);
#1802 = CARTESIAN_POINT('',(17.,5.));
#1803 = CARTESIAN_POINT('',(-17.,5.));
#1804 = ( GEOMETRIC_REPRESENTATION_CONTEXT(2) 
PARAMETRIC_REPRESENTATION_CONTEXT() REPRESENTATION_CONTEXT('2D SPACE',''
  ) );
#1805 = ORIENTED_EDGE('',*,*,#1806,.T.);
#1806 = EDGE_CURVE('',#1786,#107,#1807,.T.);
#1807 = SURFACE_CURVE('',#1808,(#1812,#1818),.PCURVE_S1.);
#1808 = LINE('',#1809,#1810);
#1809 = CARTESIAN_POINT('',(34.071144085405,-26.51578286062,-5.));
#1810 = VECTOR('',#1811,1.);
#1811 = DIRECTION('',(0.500011000363,-0.866019052629,0.));
#1812 = PCURVE('',#170,#1813);
#1813 = DEFINITIONAL_REPRESENTATION('',(#1814),#1817);
#1814 = B_SPLINE_CURVE_WITH_KNOTS('',1,(#1815,#1816),.UNSPECIFIED.,.F.,
  .F.,(2,2),(-5.999999967107E-07,59.99868058548),
  .PIECEWISE_BEZIER_KNOTS.);
#1815 = CARTESIAN_POINT('',(34.071143785398,-26.515782341));
#1816 = CARTESIAN_POINT('',(64.071144385411,-78.47578338023));
#1817 = ( GEOMETRIC_REPRESENTATION_CONTEXT(2) 
PARAMETRIC_REPRESENTATION_CONTEXT() REPRESENTATION_CONTEXT('2D SPACE',''
  ) );
#1818 = PCURVE('',#136,#1819);
#1819 = DEFINITIONAL_REPRESENTATION('',(#1820),#1823);
#1820 = B_SPLINE_CURVE_WITH_KNOTS('',1,(#1821,#1822),.UNSPECIFIED.,.F.,
  .F.,(2,2),(-5.999999967107E-07,59.99868058548),
  .PIECEWISE_BEZIER_KNOTS.);
#1821 = CARTESIAN_POINT('',(2.843060452405,-5.999999993753E-07));
#1822 = CARTESIAN_POINT('',(2.843060452405,59.99868058548));
#1823 = ( GEOMETRIC_REPRESENTATION_CONTEXT(2) 
PARAMETRIC_REPRESENTATION_CONTEXT() REPRESENTATION_CONTEXT('2D SPACE',''
  ) );
#1824 = ORIENTED_EDGE('',*,*,#155,.T.);
#1825 = ORIENTED_EDGE('',*,*,#497,.F.);
#1826 = ORIENTED_EDGE('',*,*,#1827,.T.);
#1827 = EDGE_CURVE('',#498,#1828,#1830,.T.);
#1828 = VERTEX_POINT('',#1829);
#1829 = CARTESIAN_POINT('',(40.,-14.14213562373,-5.));
#1830 = SURFACE_CURVE('',#1831,(#1835,#1841),.PCURVE_S1.);
#1831 = LINE('',#1832,#1833);
#1832 = CARTESIAN_POINT('',(40.,0.,-5.));
#1833 = VECTOR('',#1834,1.);
#1834 = DIRECTION('',(0.,1.,0.));
#1835 = PCURVE('',#170,#1836);
#1836 = DEFINITIONAL_REPRESENTATION('',(#1837),#1840);
#1837 = B_SPLINE_CURVE_WITH_KNOTS('',1,(#1838,#1839),.UNSPECIFIED.,.F.,
  .F.,(2,2),(-17.,17.),.PIECEWISE_BEZIER_KNOTS.);
#1838 = CARTESIAN_POINT('',(40.,-17.));
#1839 = CARTESIAN_POINT('',(40.,17.));
#1840 = ( GEOMETRIC_REPRESENTATION_CONTEXT(2) 
PARAMETRIC_REPRESENTATION_CONTEXT() REPRESENTATION_CONTEXT('2D SPACE',''
  ) );
#1841 = PCURVE('',#535,#1842);
#1842 = DEFINITIONAL_REPRESENTATION('',(#1843),#1846);
#1843 = B_SPLINE_CURVE_WITH_KNOTS('',1,(#1844,#1845),.UNSPECIFIED.,.F.,
  .F.,(2,2),(-17.,17.),.PIECEWISE_BEZIER_KNOTS.);
#1844 = CARTESIAN_POINT('',(-5.,17.));
#1845 = CARTESIAN_POINT('',(-5.,-17.));
#1846 = ( GEOMETRIC_REPRESENTATION_CONTEXT(2) 
PARAMETRIC_REPRESENTATION_CONTEXT() REPRESENTATION_CONTEXT('2D SPACE',''
  ) );
#1847 = ORIENTED_EDGE('',*,*,#1848,.F.);
#1848 = EDGE_CURVE('',#1849,#1828,#1851,.T.);
#1849 = VERTEX_POINT('',#1850);
#1850 = CARTESIAN_POINT('',(35.,-14.14213562373,-5.));
#1851 = SURFACE_CURVE('',#1852,(#1856,#1862),.PCURVE_S1.);
#1852 = LINE('',#1853,#1854);
#1853 = CARTESIAN_POINT('',(35.,-14.14213562373,-5.));
#1854 = VECTOR('',#1855,1.);
#1855 = DIRECTION('',(1.,0.,0.));
#1856 = PCURVE('',#170,#1857);
#1857 = DEFINITIONAL_REPRESENTATION('',(#1858),#1861);
#1858 = B_SPLINE_CURVE_WITH_KNOTS('',1,(#1859,#1860),.UNSPECIFIED.,.F.,
  .F.,(2,2),(-5.999999999062E-07,70.0000006),.PIECEWISE_BEZIER_KNOTS.);
#1859 = CARTESIAN_POINT('',(34.9999994,-14.14213562373));
#1860 = CARTESIAN_POINT('',(105.0000006,-14.14213562373));
#1861 = ( GEOMETRIC_REPRESENTATION_CONTEXT(2) 
PARAMETRIC_REPRESENTATION_CONTEXT() REPRESENTATION_CONTEXT('2D SPACE',''
  ) );
#1862 = PCURVE('',#1863,#1868);
#1863 = CYLINDRICAL_SURFACE('',#1864,15.);
#1864 = AXIS2_PLACEMENT_3D('',#1865,#1866,#1867);
#1865 = CARTESIAN_POINT('',(35.,0.,0.));
#1866 = DIRECTION('',(1.,0.,0.));
#1867 = DIRECTION('',(-0.,0.,1.));
#1868 = DEFINITIONAL_REPRESENTATION('',(#1869),#1872);
#1869 = B_SPLINE_CURVE_WITH_KNOTS('',1,(#1870,#1871),.UNSPECIFIED.,.F.,
  .F.,(2,2),(-5.999999999062E-07,70.0000006),.PIECEWISE_BEZIER_KNOTS.);
#1870 = CARTESIAN_POINT('',(1.910633236249,-5.999999999062E-07));
#1871 = CARTESIAN_POINT('',(1.910633236249,70.0000006));
#1872 = ( GEOMETRIC_REPRESENTATION_CONTEXT(2) 
PARAMETRIC_REPRESENTATION_CONTEXT() REPRESENTATION_CONTEXT('2D SPACE',''
  ) );
#1873 = ORIENTED_EDGE('',*,*,#1874,.T.);
#1874 = EDGE_CURVE('',#1849,#1875,#1877,.T.);
#1875 = VERTEX_POINT('',#1876);
#1876 = CARTESIAN_POINT('',(35.,14.142135623731,-5.));
#1877 = SURFACE_CURVE('',#1878,(#1882,#1888),.PCURVE_S1.);
#1878 = LINE('',#1879,#1880);
#1879 = CARTESIAN_POINT('',(35.,0.,-5.));
#1880 = VECTOR('',#1881,1.);
#1881 = DIRECTION('',(0.,1.,0.));
#1882 = PCURVE('',#170,#1883);
#1883 = DEFINITIONAL_REPRESENTATION('',(#1884),#1887);
#1884 = B_SPLINE_CURVE_WITH_KNOTS('',1,(#1885,#1886),.UNSPECIFIED.,.F.,
  .F.,(2,2),(-15.,15.),.PIECEWISE_BEZIER_KNOTS.);
#1885 = CARTESIAN_POINT('',(35.,-15.));
#1886 = CARTESIAN_POINT('',(35.,15.));
#1887 = ( GEOMETRIC_REPRESENTATION_CONTEXT(2) 
PARAMETRIC_REPRESENTATION_CONTEXT() REPRESENTATION_CONTEXT('2D SPACE',''
  ) );
#1888 = PCURVE('',#1889,#1894);
#1889 = PLANE('',#1890);
#1890 = AXIS2_PLACEMENT_3D('',#1891,#1892,#1893);
#1891 = CARTESIAN_POINT('',(35.,0.,0.));
#1892 = DIRECTION('',(1.,0.,0.));
#1893 = DIRECTION('',(-0.,0.,1.));
#1894 = DEFINITIONAL_REPRESENTATION('',(#1895),#1898);
#1895 = B_SPLINE_CURVE_WITH_KNOTS('',1,(#1896,#1897),.UNSPECIFIED.,.F.,
  .F.,(2,2),(-15.,15.),.PIECEWISE_BEZIER_KNOTS.);
#1896 = CARTESIAN_POINT('',(-5.,15.));
#1897 = CARTESIAN_POINT('',(-5.,-15.));
#1898 = ( GEOMETRIC_REPRESENTATION_CONTEXT(2) 
PARAMETRIC_REPRESENTATION_CONTEXT() REPRESENTATION_CONTEXT('2D SPACE',''
  ) );
#1899 = ORIENTED_EDGE('',*,*,#1900,.T.);
#1900 = EDGE_CURVE('',#1875,#836,#1901,.T.);
#1901 = SURFACE_CURVE('',#1902,(#1906,#1912),.PCURVE_S1.);
#1902 = LINE('',#1903,#1904);
#1903 = CARTESIAN_POINT('',(35.,14.142135623731,-5.));
#1904 = VECTOR('',#1905,1.);
#1905 = DIRECTION('',(1.,0.,0.));
#1906 = PCURVE('',#170,#1907);
#1907 = DEFINITIONAL_REPRESENTATION('',(#1908),#1911);
#1908 = B_SPLINE_CURVE_WITH_KNOTS('',1,(#1909,#1910),.UNSPECIFIED.,.F.,
  .F.,(2,2),(-5.999999999062E-07,70.0000006),.PIECEWISE_BEZIER_KNOTS.);
#1909 = CARTESIAN_POINT('',(34.9999994,14.142135623731));
#1910 = CARTESIAN_POINT('',(105.0000006,14.142135623731));
#1911 = ( GEOMETRIC_REPRESENTATION_CONTEXT(2) 
PARAMETRIC_REPRESENTATION_CONTEXT() REPRESENTATION_CONTEXT('2D SPACE',''
  ) );
#1912 = PCURVE('',#1863,#1913);
#1913 = DEFINITIONAL_REPRESENTATION('',(#1914),#1917);
#1914 = B_SPLINE_CURVE_WITH_KNOTS('',1,(#1915,#1916),.UNSPECIFIED.,.F.,
  .F.,(2,2),(-5.999999999062E-07,70.0000006),.PIECEWISE_BEZIER_KNOTS.);
#1915 = CARTESIAN_POINT('',(4.372552070931,-5.999999999062E-07));
#1916 = CARTESIAN_POINT('',(4.372552070931,70.0000006));
#1917 = ( GEOMETRIC_REPRESENTATION_CONTEXT(2) 
PARAMETRIC_REPRESENTATION_CONTEXT() REPRESENTATION_CONTEXT('2D SPACE',''
  ) );
#1918 = FACE_BOUND('',#1919,.F.);
#1919 = EDGE_LOOP('',(#1920));
#1920 = ORIENTED_EDGE('',*,*,#1921,.F.);
#1921 = EDGE_CURVE('',#1922,#1922,#1924,.T.);
#1922 = VERTEX_POINT('',#1923);
#1923 = CARTESIAN_POINT('',(-19.5,-22.,-5.));
#1924 = SURFACE_CURVE('',#1925,(#1930,#1937),.PCURVE_S1.);
#1925 = CIRCLE('',#1926,2.5);
#1926 = AXIS2_PLACEMENT_3D('',#1927,#1928,#1929);
#1927 = CARTESIAN_POINT('',(-22.,-22.,-5.));
#1928 = DIRECTION('',(0.,0.,1.));
#1929 = DIRECTION('',(1.,0.,-0.));
#1930 = PCURVE('',#170,#1931);
#1931 = DEFINITIONAL_REPRESENTATION('',(#1932),#1936);
#1932 = CIRCLE('',#1933,2.5);
#1933 = AXIS2_PLACEMENT_2D('',#1934,#1935);
#1934 = CARTESIAN_POINT('',(-22.,-22.));
#1935 = DIRECTION('',(1.,0.));
#1936 = ( GEOMETRIC_REPRESENTATION_CONTEXT(2) 
PARAMETRIC_REPRESENTATION_CONTEXT() REPRESENTATION_CONTEXT('2D SPACE',''
  ) );
#1937 = PCURVE('',#1938,#1943);
#1938 = CYLINDRICAL_SURFACE('',#1939,2.5);
#1939 = AXIS2_PLACEMENT_3D('',#1940,#1941,#1942);
#1940 = CARTESIAN_POINT('',(-22.,-22.,-6.));
#1941 = DIRECTION('',(0.,0.,1.));
#1942 = DIRECTION('',(1.,0.,-0.));
#1943 = DEFINITIONAL_REPRESENTATION('',(#1944),#1948);
#1944 = LINE('',#1945,#1946);
#1945 = CARTESIAN_POINT('',(0.,1.));
#1946 = VECTOR('',#1947,1.);
#1947 = DIRECTION('',(1.,0.));
#1948 = ( GEOMETRIC_REPRESENTATION_CONTEXT(2) 
PARAMETRIC_REPRESENTATION_CONTEXT() REPRESENTATION_CONTEXT('2D SPACE',''
  ) );
#1949 = FACE_BOUND('',#1950,.F.);
#1950 = EDGE_LOOP('',(#1951));
#1951 = ORIENTED_EDGE('',*,*,#1952,.F.);
#1952 = EDGE_CURVE('',#1953,#1953,#1955,.T.);
#1953 = VERTEX_POINT('',#1954);
#1954 = CARTESIAN_POINT('',(24.5,-22.,-5.));
#1955 = SURFACE_CURVE('',#1956,(#1961,#1968),.PCURVE_S1.);
#1956 = CIRCLE('',#1957,2.5);
#1957 = AXIS2_PLACEMENT_3D('',#1958,#1959,#1960);
#1958 = CARTESIAN_POINT('',(22.,-22.,-5.));
#1959 = DIRECTION('',(0.,0.,1.));
#1960 = DIRECTION('',(1.,0.,-0.));
#1961 = PCURVE('',#170,#1962);
#1962 = DEFINITIONAL_REPRESENTATION('',(#1963),#1967);
#1963 = CIRCLE('',#1964,2.5);
#1964 = AXIS2_PLACEMENT_2D('',#1965,#1966);
#1965 = CARTESIAN_POINT('',(22.,-22.));
#1966 = DIRECTION('',(1.,0.));
#1967 = ( GEOMETRIC_REPRESENTATION_CONTEXT(2) 
PARAMETRIC_REPRESENTATION_CONTEXT() REPRESENTATION_CONTEXT('2D SPACE',''
  ) );
#1968 = PCURVE('',#1969,#1974);
#1969 = CYLINDRICAL_SURFACE('',#1970,2.5);
#1970 = AXIS2_PLACEMENT_3D('',#1971,#1972,#1973);
#1971 = CARTESIAN_POINT('',(22.,-22.,-6.));
#1972 = DIRECTION('',(0.,0.,1.));
#1973 = DIRECTION('',(1.,0.,-0.));
#1974 = DEFINITIONAL_REPRESENTATION('',(#1975),#1979);
#1975 = LINE('',#1976,#1977);
#1976 = CARTESIAN_POINT('',(0.,1.));
#1977 = VECTOR('',#1978,1.);
#1978 = DIRECTION('',(1.,0.));
#1979 = ( GEOMETRIC_REPRESENTATION_CONTEXT(2) 
PARAMETRIC_REPRESENTATION_CONTEXT() REPRESENTATION_CONTEXT('2D SPACE',''
  ) );
#1980 = FACE_BOUND('',#1981,.F.);
#1981 = EDGE_LOOP('',(#1982));
#1982 = ORIENTED_EDGE('',*,*,#1983,.F.);
#1983 = EDGE_CURVE('',#1984,#1984,#1986,.T.);
#1984 = VERTEX_POINT('',#1985);
#1985 = CARTESIAN_POINT('',(-19.5,22.,-5.));
#1986 = SURFACE_CURVE('',#1987,(#1992,#1999),.PCURVE_S1.);
#1987 = CIRCLE('',#1988,2.5);
#1988 = AXIS2_PLACEMENT_3D('',#1989,#1990,#1991);
#1989 = CARTESIAN_POINT('',(-22.,22.,-5.));
#1990 = DIRECTION('',(0.,0.,1.));
#1991 = DIRECTION('',(1.,0.,-0.));
#1992 = PCURVE('',#170,#1993);
#1993 = DEFINITIONAL_REPRESENTATION('',(#1994),#1998);
#1994 = CIRCLE('',#1995,2.5);
#1995 = AXIS2_PLACEMENT_2D('',#1996,#1997);
#1996 = CARTESIAN_POINT('',(-22.,22.));
#1997 = DIRECTION('',(1.,0.));
#1998 = ( GEOMETRIC_REPRESENTATION_CONTEXT(2) 
PARAMETRIC_REPRESENTATION_CONTEXT() REPRESENTATION_CONTEXT('2D SPACE',''
  ) );
#1999 = PCURVE('',#2000,#2005);
#2000 = CYLINDRICAL_SURFACE('',#2001,2.5);
#2001 = AXIS2_PLACEMENT_3D('',#2002,#2003,#2004);
#2002 = CARTESIAN_POINT('',(-22.,22.,-6.));
#2003 = DIRECTION('',(0.,0.,1.));
#2004 = DIRECTION('',(1.,0.,-0.));
#2005 = DEFINITIONAL_REPRESENTATION('',(#2006),#2010);
#2006 = LINE('',#2007,#2008);
#2007 = CARTESIAN_POINT('',(0.,1.));
#2008 = VECTOR('',#2009,1.);
#2009 = DIRECTION('',(1.,0.));
#2010 = ( GEOMETRIC_REPRESENTATION_CONTEXT(2) 
PARAMETRIC_REPRESENTATION_CONTEXT() REPRESENTATION_CONTEXT('2D SPACE',''
  ) );
#2011 = FACE_BOUND('',#2012,.F.);
#2012 = EDGE_LOOP('',(#2013));
#2013 = ORIENTED_EDGE('',*,*,#2014,.F.);
#2014 = EDGE_CURVE('',#2015,#2015,#2017,.T.);
#2015 = VERTEX_POINT('',#2016);
#2016 = CARTESIAN_POINT('',(24.5,22.,-5.));
#2017 = SURFACE_CURVE('',#2018,(#2023,#2030),.PCURVE_S1.);
#2018 = CIRCLE('',#2019,2.5);
#2019 = AXIS2_PLACEMENT_3D('',#2020,#2021,#2022);
#2020 = CARTESIAN_POINT('',(22.,22.,-5.));
#2021 = DIRECTION('',(0.,0.,1.));
#2022 = DIRECTION('',(1.,0.,-0.));
#2023 = PCURVE('',#170,#2024);
#2024 = DEFINITIONAL_REPRESENTATION('',(#2025),#2029);
#2025 = CIRCLE('',#2026,2.5);
#2026 = AXIS2_PLACEMENT_2D('',#2027,#2028);
#2027 = CARTESIAN_POINT('',(22.,22.));
#2028 = DIRECTION('',(1.,0.));
#2029 = ( GEOMETRIC_REPRESENTATION_CONTEXT(2) 
PARAMETRIC_REPRESENTATION_CONTEXT() REPRESENTATION_CONTEXT('2D SPACE',''
  ) );
#2030 = PCURVE('',#2031,#2036);
#2031 = CYLINDRICAL_SURFACE('',#2032,2.5);
#2032 = AXIS2_PLACEMENT_3D('',#2033,#2034,#2035);
#2033 = CARTESIAN_POINT('',(22.,22.,-6.));
#2034 = DIRECTION('',(0.,0.,1.));
#2035 = DIRECTION('',(1.,0.,-0.));
#2036 = DEFINITIONAL_REPRESENTATION('',(#2037),#2041);
#2037 = LINE('',#2038,#2039);
#2038 = CARTESIAN_POINT('',(0.,1.));
#2039 = VECTOR('',#2040,1.);
#2040 = DIRECTION('',(1.,0.));
#2041 = ( GEOMETRIC_REPRESENTATION_CONTEXT(2) 
PARAMETRIC_REPRESENTATION_CONTEXT() REPRESENTATION_CONTEXT('2D SPACE',''
  ) );
#2042 = ADVANCED_FACE('',(#2043,#2254,#2425),#136,.T.);
#2043 = FACE_BOUND('',#2044,.T.);
#2044 = EDGE_LOOP('',(#2045,#2079,#2102,#2129,#2130,#2160,#2161,#2183,
    #2184,#2185,#2206,#2235));
#2045 = ORIENTED_EDGE('',*,*,#2046,.T.);
#2046 = EDGE_CURVE('',#2047,#2049,#2051,.T.);
#2047 = VERTEX_POINT('',#2048);
#2048 = CARTESIAN_POINT('',(33.237401404105,-90.0626179272,5.));
#2049 = VERTEX_POINT('',#2050);
#2050 = CARTESIAN_POINT('',(32.520116784439,-90.32409426242,
    4.163799117101E-15));
#2051 = SURFACE_CURVE('',#2052,(#2059,#2069),.PCURVE_S1.);
#2052 = B_SPLINE_CURVE_WITH_KNOTS('',5,(#2053,#2054,#2055,#2056,#2057,
    #2058),.UNSPECIFIED.,.F.,.F.,(6,6),(0.,1.),
  .PIECEWISE_BEZIER_KNOTS.);
#2053 = CARTESIAN_POINT('',(33.237401577589,-90.06261786318,
    5.000000596126));
#2054 = CARTESIAN_POINT('',(32.949281644902,-90.16894786038,
    4.01639570919));
#2055 = CARTESIAN_POINT('',(32.734385653858,-90.24694647364,
    3.020120922817));
#2056 = CARTESIAN_POINT('',(32.591546585105,-90.29837764016,
    2.01603774439));
#2057 = CARTESIAN_POINT('',(32.520116784439,-90.32409426242,
    1.008052301828));
#2058 = CARTESIAN_POINT('',(32.520116784439,-90.32409426242,
    4.302345607801E-15));
#2059 = PCURVE('',#136,#2060);
#2060 = DEFINITIONAL_REPRESENTATION('',(#2061),#2068);
#2061 = B_SPLINE_CURVE_WITH_KNOTS('',5,(#2062,#2063,#2064,#2065,#2066,
    #2067),.UNSPECIFIED.,.F.,.F.,(6,6),(0.,1.),
  .PIECEWISE_BEZIER_KNOTS.);
#2062 = CARTESIAN_POINT('',(5.984653069544,54.615889421097));
#2063 = CARTESIAN_POINT('',(6.045189766257,54.563910088771));
#2064 = CARTESIAN_POINT('',(6.10509664211,54.524008014479));
#2065 = CARTESIAN_POINT('',(6.164594895752,54.497127278921));
#2066 = CARTESIAN_POINT('',(6.223888112954,54.483682677679));
#2067 = CARTESIAN_POINT('',(6.28318530718,54.483682677679));
#2068 = ( GEOMETRIC_REPRESENTATION_CONTEXT(2) 
PARAMETRIC_REPRESENTATION_CONTEXT() REPRESENTATION_CONTEXT('2D SPACE',''
  ) );
#2069 = PCURVE('',#1653,#2070);
#2070 = DEFINITIONAL_REPRESENTATION('',(#2071),#2078);
#2071 = B_SPLINE_CURVE_WITH_KNOTS('',5,(#2072,#2073,#2074,#2075,#2076,
    #2077),.UNSPECIFIED.,.F.,.F.,(6,6),(0.,1.),
  .PIECEWISE_BEZIER_KNOTS.);
#2072 = CARTESIAN_POINT('',(5.065931007468,10.0000006));
#2073 = CARTESIAN_POINT('',(5.062731900674,9.016395713063));
#2074 = CARTESIAN_POINT('',(5.060350543662,8.020120912904));
#2075 = CARTESIAN_POINT('',(5.058769115717,7.016037750038));
#2076 = CARTESIAN_POINT('',(5.057978304031,6.008052301828));
#2077 = CARTESIAN_POINT('',(5.057978304031,5.));
#2078 = ( GEOMETRIC_REPRESENTATION_CONTEXT(2) 
PARAMETRIC_REPRESENTATION_CONTEXT() REPRESENTATION_CONTEXT('2D SPACE',''
  ) );
#2079 = ORIENTED_EDGE('',*,*,#2080,.T.);
#2080 = EDGE_CURVE('',#2049,#2081,#2083,.T.);
#2081 = VERTEX_POINT('',#2082);
#2082 = CARTESIAN_POINT('',(35.277676105311,-95.10018700617,
    4.163799117101E-15));
#2083 = SEAM_CURVE('',#2084,(#2088,#2095),.PCURVE_S1.);
#2084 = LINE('',#2085,#2086);
#2085 = CARTESIAN_POINT('',(5.277676105311,-43.14018700617,
    4.163799117101E-15));
#2086 = VECTOR('',#2087,1.);
#2087 = DIRECTION('',(0.500011000363,-0.866019052629,0.));
#2088 = PCURVE('',#136,#2089);
#2089 = DEFINITIONAL_REPRESENTATION('',(#2090),#2094);
#2090 = LINE('',#2091,#2092);
#2091 = CARTESIAN_POINT('',(0.,-0.));
#2092 = VECTOR('',#2093,1.);
#2093 = DIRECTION('',(0.,1.));
#2094 = ( GEOMETRIC_REPRESENTATION_CONTEXT(2) 
PARAMETRIC_REPRESENTATION_CONTEXT() REPRESENTATION_CONTEXT('2D SPACE',''
  ) );
#2095 = PCURVE('',#136,#2096);
#2096 = DEFINITIONAL_REPRESENTATION('',(#2097),#2101);
#2097 = LINE('',#2098,#2099);
#2098 = CARTESIAN_POINT('',(6.28318530718,-0.));
#2099 = VECTOR('',#2100,1.);
#2100 = DIRECTION('',(0.,1.));
#2101 = ( GEOMETRIC_REPRESENTATION_CONTEXT(2) 
PARAMETRIC_REPRESENTATION_CONTEXT() REPRESENTATION_CONTEXT('2D SPACE',''
  ) );
#2102 = ORIENTED_EDGE('',*,*,#2103,.F.);
#2103 = EDGE_CURVE('',#2081,#2081,#2104,.T.);
#2104 = SURFACE_CURVE('',#2105,(#2110,#2117),.PCURVE_S1.);
#2105 = CIRCLE('',#2106,17.);
#2106 = AXIS2_PLACEMENT_3D('',#2107,#2108,#2109);
#2107 = CARTESIAN_POINT('',(50.,-86.6,0.));
#2108 = DIRECTION('',(0.500011000363,-0.866019052629,0.));
#2109 = DIRECTION('',(-0.866019052629,-0.500011000363,0.));
#2110 = PCURVE('',#136,#2111);
#2111 = DEFINITIONAL_REPRESENTATION('',(#2112),#2116);
#2112 = LINE('',#2113,#2114);
#2113 = CARTESIAN_POINT('',(0.,59.99867998548));
#2114 = VECTOR('',#2115,1.);
#2115 = DIRECTION('',(1.,0.));
#2116 = ( GEOMETRIC_REPRESENTATION_CONTEXT(2) 
PARAMETRIC_REPRESENTATION_CONTEXT() REPRESENTATION_CONTEXT('2D SPACE',''
  ) );
#2117 = PCURVE('',#2118,#2123);
#2118 = PLANE('',#2119);
#2119 = AXIS2_PLACEMENT_3D('',#2120,#2121,#2122);
#2120 = CARTESIAN_POINT('',(50.,-86.6,0.));
#2121 = DIRECTION('',(0.500011000363,-0.866019052629,0.));
#2122 = DIRECTION('',(-0.866019052629,-0.500011000363,0.));
#2123 = DEFINITIONAL_REPRESENTATION('',(#2124),#2128);
#2124 = CIRCLE('',#2125,17.);
#2125 = AXIS2_PLACEMENT_2D('',#2126,#2127);
#2126 = CARTESIAN_POINT('',(0.,0.));
#2127 = DIRECTION('',(1.,0.));
#2128 = ( GEOMETRIC_REPRESENTATION_CONTEXT(2) 
PARAMETRIC_REPRESENTATION_CONTEXT() REPRESENTATION_CONTEXT('2D SPACE',''
  ) );
#2129 = ORIENTED_EDGE('',*,*,#2080,.F.);
#2130 = ORIENTED_EDGE('',*,*,#2131,.T.);
#2131 = EDGE_CURVE('',#2049,#1637,#2132,.T.);
#2132 = SURFACE_CURVE('',#2133,(#2140,#2150),.PCURVE_S1.);
#2133 = B_SPLINE_CURVE_WITH_KNOTS('',5,(#2134,#2135,#2136,#2137,#2138,
    #2139),.UNSPECIFIED.,.F.,.F.,(6,6),(0.,1.),
  .PIECEWISE_BEZIER_KNOTS.);
#2134 = CARTESIAN_POINT('',(32.520116784439,-90.32409426242,0.));
#2135 = CARTESIAN_POINT('',(32.520116784439,-90.32409426242,
    -1.008052470273));
#2136 = CARTESIAN_POINT('',(32.591546596104,-90.29837763424,
    -2.016037259922));
#2137 = CARTESIAN_POINT('',(32.734385538146,-90.24694651861,
    -3.020120905782));
#2138 = CARTESIAN_POINT('',(32.949281830579,-90.16894779186,
    -4.016396343071));
#2139 = CARTESIAN_POINT('',(33.237401577583,-90.06261786318,
    -5.000000596117));
#2140 = PCURVE('',#136,#2141);
#2141 = DEFINITIONAL_REPRESENTATION('',(#2142),#2149);
#2142 = B_SPLINE_CURVE_WITH_KNOTS('',5,(#2143,#2144,#2145,#2146,#2147,
    #2148),.UNSPECIFIED.,.F.,.F.,(6,6),(0.,1.),
  .PIECEWISE_BEZIER_KNOTS.);
#2143 = CARTESIAN_POINT('',(0.,54.483682677679));
#2144 = CARTESIAN_POINT('',(5.92972041337E-02,54.483682677679));
#2145 = CARTESIAN_POINT('',(0.1185903835,54.497127279296));
#2146 = CARTESIAN_POINT('',(0.178088662458,54.524007995565));
#2147 = CARTESIAN_POINT('',(0.237995579935,54.563910122269));
#2148 = CARTESIAN_POINT('',(0.298532237634,54.615889421096));
#2149 = ( GEOMETRIC_REPRESENTATION_CONTEXT(2) 
PARAMETRIC_REPRESENTATION_CONTEXT() REPRESENTATION_CONTEXT('2D SPACE',''
  ) );
#2150 = PCURVE('',#1653,#2151);
#2151 = DEFINITIONAL_REPRESENTATION('',(#2152),#2159);
#2152 = B_SPLINE_CURVE_WITH_KNOTS('',5,(#2153,#2154,#2155,#2156,#2157,
    #2158),.UNSPECIFIED.,.F.,.F.,(6,6),(0.,1.),
  .PIECEWISE_BEZIER_KNOTS.);
#2153 = CARTESIAN_POINT('',(5.057978304031,5.));
#2154 = CARTESIAN_POINT('',(5.057978304031,3.991947529727));
#2155 = CARTESIAN_POINT('',(5.05876911585,2.983962734574));
#2156 = CARTESIAN_POINT('',(5.060350542364,1.979879103959));
#2157 = CARTESIAN_POINT('',(5.062731902735,0.983603653046));
#2158 = CARTESIAN_POINT('',(5.065931007468,-6.E-07));
#2159 = ( GEOMETRIC_REPRESENTATION_CONTEXT(2) 
PARAMETRIC_REPRESENTATION_CONTEXT() REPRESENTATION_CONTEXT('2D SPACE',''
  ) );
#2160 = ORIENTED_EDGE('',*,*,#1665,.F.);
#2161 = ORIENTED_EDGE('',*,*,#2162,.T.);
#2162 = EDGE_CURVE('',#1666,#1786,#2163,.T.);
#2163 = SURFACE_CURVE('',#2164,(#2169,#2176),.PCURVE_S1.);
#2164 = CIRCLE('',#2165,17.);
#2165 = AXIS2_PLACEMENT_3D('',#2166,#2167,#2168);
#2166 = CARTESIAN_POINT('',(20.,-34.64,0.));
#2167 = DIRECTION('',(0.500011000363,-0.866019052629,0.));
#2168 = DIRECTION('',(-0.866019052629,-0.500011000363,0.));
#2169 = PCURVE('',#136,#2170);
#2170 = DEFINITIONAL_REPRESENTATION('',(#2171),#2175);
#2171 = LINE('',#2172,#2173);
#2172 = CARTESIAN_POINT('',(0.,0.));
#2173 = VECTOR('',#2174,1.);
#2174 = DIRECTION('',(1.,0.));
#2175 = ( GEOMETRIC_REPRESENTATION_CONTEXT(2) 
PARAMETRIC_REPRESENTATION_CONTEXT() REPRESENTATION_CONTEXT('2D SPACE',''
  ) );
#2176 = PCURVE('',#1701,#2177);
#2177 = DEFINITIONAL_REPRESENTATION('',(#2178),#2182);
#2178 = CIRCLE('',#2179,17.);
#2179 = AXIS2_PLACEMENT_2D('',#2180,#2181);
#2180 = CARTESIAN_POINT('',(0.,0.));
#2181 = DIRECTION('',(1.,0.));
#2182 = ( GEOMETRIC_REPRESENTATION_CONTEXT(2) 
PARAMETRIC_REPRESENTATION_CONTEXT() REPRESENTATION_CONTEXT('2D SPACE',''
  ) );
#2183 = ORIENTED_EDGE('',*,*,#1806,.T.);
#2184 = ORIENTED_EDGE('',*,*,#106,.T.);
#2185 = ORIENTED_EDGE('',*,*,#2186,.F.);
#2186 = EDGE_CURVE('',#2187,#78,#2189,.T.);
#2187 = VERTEX_POINT('',#2188);
#2188 = CARTESIAN_POINT('',(34.071144085405,-26.51578286062,5.));
#2189 = SURFACE_CURVE('',#2190,(#2194,#2200),.PCURVE_S1.);
#2190 = LINE('',#2191,#2192);
#2191 = CARTESIAN_POINT('',(34.071144085405,-26.51578286062,5.));
#2192 = VECTOR('',#2193,1.);
#2193 = DIRECTION('',(0.500011000363,-0.866019052629,0.));
#2194 = PCURVE('',#136,#2195);
#2195 = DEFINITIONAL_REPRESENTATION('',(#2196),#2199);
#2196 = B_SPLINE_CURVE_WITH_KNOTS('',1,(#2197,#2198),.UNSPECIFIED.,.F.,
  .F.,(2,2),(-5.999999967107E-07,59.99868058548),
  .PIECEWISE_BEZIER_KNOTS.);
#2197 = CARTESIAN_POINT('',(3.440124854775,-5.999999993753E-07));
#2198 = CARTESIAN_POINT('',(3.440124854775,59.99868058548));
#2199 = ( GEOMETRIC_REPRESENTATION_CONTEXT(2) 
PARAMETRIC_REPRESENTATION_CONTEXT() REPRESENTATION_CONTEXT('2D SPACE',''
  ) );
#2200 = PCURVE('',#94,#2201);
#2201 = DEFINITIONAL_REPRESENTATION('',(#2202),#2205);
#2202 = B_SPLINE_CURVE_WITH_KNOTS('',1,(#2203,#2204),.UNSPECIFIED.,.F.,
  .F.,(2,2),(-5.999999967107E-07,59.99868058548),
  .PIECEWISE_BEZIER_KNOTS.);
#2203 = CARTESIAN_POINT('',(34.071143785398,-26.515782341));
#2204 = CARTESIAN_POINT('',(64.071144385411,-78.47578338023));
#2205 = ( GEOMETRIC_REPRESENTATION_CONTEXT(2) 
PARAMETRIC_REPRESENTATION_CONTEXT() REPRESENTATION_CONTEXT('2D SPACE',''
  ) );
#2206 = ORIENTED_EDGE('',*,*,#2207,.T.);
#2207 = EDGE_CURVE('',#2187,#2208,#2210,.T.);
#2208 = VERTEX_POINT('',#2209);
#2209 = CARTESIAN_POINT('',(5.928855914595,-42.76421713937,5.));
#2210 = SURFACE_CURVE('',#2211,(#2216,#2223),.PCURVE_S1.);
#2211 = CIRCLE('',#2212,17.);
#2212 = AXIS2_PLACEMENT_3D('',#2213,#2214,#2215);
#2213 = CARTESIAN_POINT('',(20.,-34.64,0.));
#2214 = DIRECTION('',(0.500011000363,-0.866019052629,0.));
#2215 = DIRECTION('',(-0.866019052629,-0.500011000363,0.));
#2216 = PCURVE('',#136,#2217);
#2217 = DEFINITIONAL_REPRESENTATION('',(#2218),#2222);
#2218 = LINE('',#2219,#2220);
#2219 = CARTESIAN_POINT('',(0.,0.));
#2220 = VECTOR('',#2221,1.);
#2221 = DIRECTION('',(1.,0.));
#2222 = ( GEOMETRIC_REPRESENTATION_CONTEXT(2) 
PARAMETRIC_REPRESENTATION_CONTEXT() REPRESENTATION_CONTEXT('2D SPACE',''
  ) );
#2223 = PCURVE('',#2224,#2229);
#2224 = PLANE('',#2225);
#2225 = AXIS2_PLACEMENT_3D('',#2226,#2227,#2228);
#2226 = CARTESIAN_POINT('',(20.,-34.64,0.));
#2227 = DIRECTION('',(0.500011000363,-0.866019052629,0.));
#2228 = DIRECTION('',(-0.866019052629,-0.500011000363,0.));
#2229 = DEFINITIONAL_REPRESENTATION('',(#2230),#2234);
#2230 = CIRCLE('',#2231,17.);
#2231 = AXIS2_PLACEMENT_2D('',#2232,#2233);
#2232 = CARTESIAN_POINT('',(0.,0.));
#2233 = DIRECTION('',(1.,0.));
#2234 = ( GEOMETRIC_REPRESENTATION_CONTEXT(2) 
PARAMETRIC_REPRESENTATION_CONTEXT() REPRESENTATION_CONTEXT('2D SPACE',''
  ) );
#2235 = ORIENTED_EDGE('',*,*,#2236,.T.);
#2236 = EDGE_CURVE('',#2208,#2047,#2237,.T.);
#2237 = SURFACE_CURVE('',#2238,(#2242,#2248),.PCURVE_S1.);
#2238 = LINE('',#2239,#2240);
#2239 = CARTESIAN_POINT('',(5.928855914595,-42.76421713937,5.));
#2240 = VECTOR('',#2241,1.);
#2241 = DIRECTION('',(0.500011000363,-0.866019052629,0.));
#2242 = PCURVE('',#136,#2243);
#2243 = DEFINITIONAL_REPRESENTATION('',(#2244),#2247);
#2244 = B_SPLINE_CURVE_WITH_KNOTS('',1,(#2245,#2246),.UNSPECIFIED.,.F.,
  .F.,(2,2),(-5.999999997874E-07,59.99868058548),
  .PIECEWISE_BEZIER_KNOTS.);
#2245 = CARTESIAN_POINT('',(5.984653105995,-5.999999980111E-07));
#2246 = CARTESIAN_POINT('',(5.984653105995,59.99868058548));
#2247 = ( GEOMETRIC_REPRESENTATION_CONTEXT(2) 
PARAMETRIC_REPRESENTATION_CONTEXT() REPRESENTATION_CONTEXT('2D SPACE',''
  ) );
#2248 = PCURVE('',#94,#2249);
#2249 = DEFINITIONAL_REPRESENTATION('',(#2250),#2253);
#2250 = B_SPLINE_CURVE_WITH_KNOTS('',1,(#2251,#2252),.UNSPECIFIED.,.F.,
  .F.,(2,2),(-5.999999997874E-07,59.99868058548),
  .PIECEWISE_BEZIER_KNOTS.);
#2251 = CARTESIAN_POINT('',(5.928855614589,-42.76421661976));
#2252 = CARTESIAN_POINT('',(35.928856214602,-94.72421765899));
#2253 = ( GEOMETRIC_REPRESENTATION_CONTEXT(2) 
PARAMETRIC_REPRESENTATION_CONTEXT() REPRESENTATION_CONTEXT('2D SPACE',''
  ) );
#2254 = FACE_BOUND('',#2255,.T.);
#2255 = EDGE_LOOP('',(#2256));
#2256 = ORIENTED_EDGE('',*,*,#2257,.T.);
#2257 = EDGE_CURVE('',#2258,#2258,#2260,.T.);
#2258 = VERTEX_POINT('',#2259);
#2259 = CARTESIAN_POINT('',(37.1,-60.62,-16.90244208722));
#2260 = SURFACE_CURVE('',#2261,(#2312,#2366),.PCURVE_S1.);
#2261 = B_SPLINE_CURVE_WITH_KNOTS('',7,(#2262,#2263,#2264,#2265,#2266,
    #2267,#2268,#2269,#2270,#2271,#2272,#2273,#2274,#2275,#2276,#2277,
    #2278,#2279,#2280,#2281,#2282,#2283,#2284,#2285,#2286,#2287,#2288,
    #2289,#2290,#2291,#2292,#2293,#2294,#2295,#2296,#2297,#2298,#2299,
    #2300,#2301,#2302,#2303,#2304,#2305,#2306,#2307,#2308,#2309,#2310,
    #2311),.UNSPECIFIED.,.T.,.F.,(8,6,6,6,6,6,6,6,8),(0.,0.103292774742,
    0.251740051755,0.382752492045,0.493699017772,0.62500826428,
    0.742241087365,0.855222387172,1.),.UNSPECIFIED.);
#2262 = CARTESIAN_POINT('',(37.1,-60.62,-16.90244208722));
#2263 = CARTESIAN_POINT('',(37.1,-60.45842672266,-16.89374955362));
#2264 = CARTESIAN_POINT('',(37.085496960682,-60.29994894466,
    -16.88611921212));
#2265 = CARTESIAN_POINT('',(37.057489674705,-60.14542656137,
    -16.87978990646));
#2266 = CARTESIAN_POINT('',(37.016785990565,-59.99554187207,
    -16.87491992593));
#2267 = CARTESIAN_POINT('',(36.964022674675,-59.85087895722,
    -16.87160667197));
#2268 = CARTESIAN_POINT('',(36.899683600985,-59.71200012378,
    -16.8698985493));
#2269 = CARTESIAN_POINT('',(36.715514627587,-59.38912468867,
    -16.86965613114));
#2270 = CARTESIAN_POINT('',(36.583862090685,-59.21218811831,
    -16.87283566549));
#2271 = CARTESIAN_POINT('',(36.430214514527,-59.05033242653,-16.8793329)
  );
#2272 = CARTESIAN_POINT('',(36.255116089398,-58.90570306117,
    -16.88895923357));
#2273 = CARTESIAN_POINT('',(36.05896239917,-58.7811895226,
    -16.90132758746));
#2274 = CARTESIAN_POINT('',(35.842386796095,-58.68070328744,
    -16.91571223708));
#2275 = CARTESIAN_POINT('',(35.399148290268,-58.546887836,
    -16.94436915314));
#2276 = CARTESIAN_POINT('',(35.171667297542,-58.5055507732,
    -16.95877882855));
#2277 = CARTESIAN_POINT('',(34.929450044024,-58.49285238217,
    -16.97307765075));
#2278 = CARTESIAN_POINT('',(34.678785965944,-58.51389964633,
    -16.98573705069));
#2279 = CARTESIAN_POINT('',(34.426855943638,-58.57179849287,
    -16.99510315327));
#2280 = CARTESIAN_POINT('',(34.181307436521,-58.66779732361,-17.));
#2281 = CARTESIAN_POINT('',(33.754077033934,-58.91446614727,-17.));
#2282 = CARTESIAN_POINT('',(33.572398773843,-59.05218711642,
    -16.99648868398));
#2283 = CARTESIAN_POINT('',(33.40866922217,-59.21236487885,
    -16.98946476444));
#2284 = CARTESIAN_POINT('',(33.266156901461,-59.39216314499,
    -16.97932906418));
#2285 = CARTESIAN_POINT('',(33.147579967738,-59.5881762809,
    -16.96686268683));
#2286 = CARTESIAN_POINT('',(33.054988568638,-59.79654213475,
    -16.95310196164));
#2287 = CARTESIAN_POINT('',(32.912256860687,-60.26931406269,
    -16.92255035944));
#2288 = CARTESIAN_POINT('',(32.876447003239,-60.52565249184,
    -16.90639966293));
#2289 = CARTESIAN_POINT('',(32.877228794981,-60.77645346902,
    -16.89227357358));
#2290 = CARTESIAN_POINT('',(32.910617472357,-61.01839634473,
    -16.88116768127));
#2291 = CARTESIAN_POINT('',(32.973621390051,-61.24923395546,
    -16.87359133334));
#2292 = CARTESIAN_POINT('',(33.064213732629,-61.46712578389,
    -16.86979549372));
#2293 = CARTESIAN_POINT('',(33.285948103186,-61.8511697137,
    -16.86979549372));
#2294 = CARTESIAN_POINT('',(33.411502095955,-62.02001708188,
    -16.87282122514));
#2295 = CARTESIAN_POINT('',(33.557113129104,-62.17512481475,
    -16.87886453834));
#2296 = CARTESIAN_POINT('',(33.722285489556,-62.31462793789,
    -16.88776342567));
#2297 = CARTESIAN_POINT('',(33.906658954866,-62.43605841796,
    -16.89918927971));
#2298 = CARTESIAN_POINT('',(34.109703135244,-62.53611628206,
    -16.91254310854));
#2299 = CARTESIAN_POINT('',(34.542721479458,-62.68183693192,
    -16.94066062466));
#2300 = CARTESIAN_POINT('',(34.776968685264,-62.73119748826,
    -16.95571380849));
#2301 = CARTESIAN_POINT('',(35.027856819401,-62.75027888239,
    -16.97088438545));
#2302 = CARTESIAN_POINT('',(35.288689638754,-62.73325043154,
    -16.98449316045));
#2303 = CARTESIAN_POINT('',(35.551680417869,-62.67643206565,
    -16.99465790075));
#2304 = CARTESIAN_POINT('',(35.808404288712,-62.57814278884,-17.));
#2305 = CARTESIAN_POINT('',(36.359640664757,-62.25987698281,-17.));
#2306 = CARTESIAN_POINT('',(36.619253933627,-62.02798876403,
    -16.99122762817));
#2307 = CARTESIAN_POINT('',(36.822964332793,-61.76019666452,
    -16.97516510313));
#2308 = CARTESIAN_POINT('',(36.969201044018,-61.47171436029,
    -16.9551657543));
#2309 = CARTESIAN_POINT('',(37.059686473207,-61.17705623776,
    -16.93490065702));
#2310 = CARTESIAN_POINT('',(37.1,-60.88937634257,-16.9169343532));
#2311 = CARTESIAN_POINT('',(37.1,-60.62,-16.90244208722));
#2312 = PCURVE('',#136,#2313);
#2313 = DEFINITIONAL_REPRESENTATION('',(#2314),#2365);
#2314 = B_SPLINE_CURVE_WITH_KNOTS('',7,(#2315,#2316,#2317,#2318,#2319,
    #2320,#2321,#2322,#2323,#2324,#2325,#2326,#2327,#2328,#2329,#2330,
    #2331,#2332,#2333,#2334,#2335,#2336,#2337,#2338,#2339,#2340,#2341,
    #2342,#2343,#2344,#2345,#2346,#2347,#2348,#2349,#2350,#2351,#2352,
    #2353,#2354,#2355,#2356,#2357,#2358,#2359,#2360,#2361,#2362,#2363,
    #2364),.UNSPECIFIED.,.T.,.F.,(8,6,6,6,6,6,6,6,8),(0.,0.103292774742,
    0.251740051755,0.382752492045,0.493699017772,0.62500826428,
    0.742241087365,0.855222387172,1.),.UNSPECIFIED.);
#2315 = CARTESIAN_POINT('',(1.677980261668,31.049363093502));
#2316 = CARTESIAN_POINT('',(1.682759950639,30.909437556932));
#2317 = CARTESIAN_POINT('',(1.686707854087,30.764941102567));
#2318 = CARTESIAN_POINT('',(1.689848086219,30.617117823506));
#2319 = CARTESIAN_POINT('',(1.692200523216,30.46696253705));
#2320 = CARTESIAN_POINT('',(1.693779596007,30.315299458219));
#2321 = CARTESIAN_POINT('',(1.694593007422,30.162857497858));
#2322 = CARTESIAN_POINT('',(1.694708446226,29.791154706798));
#2323 = CARTESIAN_POINT('',(1.693194299536,29.572096549082));
#2324 = CARTESIAN_POINT('',(1.690103978392,29.35510095797));
#2325 = CARTESIAN_POINT('',(1.685403757371,29.142298033287));
#2326 = CARTESIAN_POINT('',(1.679032078976,28.936387933698));
#2327 = CARTESIAN_POINT('',(1.670911382429,28.741074755579));
#2328 = CARTESIAN_POINT('',(1.652191577504,28.403563896395));
#2329 = CARTESIAN_POINT('',(1.641784814051,28.254022213693));
#2330 = CARTESIAN_POINT('',(1.629790937665,28.121913873883));
#2331 = CARTESIAN_POINT('',(1.616384742103,28.014806409221));
#2332 = CARTESIAN_POINT('',(1.601841604903,27.938980130971));
#2333 = CARTESIAN_POINT('',(1.586509235907,27.89933999274));
#2334 = CARTESIAN_POINT('',(1.557490012744,27.89933999274));
#2335 = CARTESIAN_POINT('',(1.544184188159,27.927767847396));
#2336 = CARTESIAN_POINT('',(1.531128407002,27.98461826455));
#2337 = CARTESIAN_POINT('',(1.518568589734,28.069069260615));
#2338 = CARTESIAN_POINT('',(1.506741589027,28.179530599629));
#2339 = CARTESIAN_POINT('',(1.495866615119,28.313682680889));
#2340 = CARTESIAN_POINT('',(1.474614049921,28.651744753955));
#2341 = CARTESIAN_POINT('',(1.465203483799,28.855833394873));
#2342 = CARTESIAN_POINT('',(1.457820163057,29.073422724003));
#2343 = CARTESIAN_POINT('',(1.452365719772,29.299644569989));
#2344 = CARTESIAN_POINT('',(1.448758157083,29.531056990862));
#2345 = CARTESIAN_POINT('',(1.44695057142,29.76505263353));
#2346 = CARTESIAN_POINT('',(1.44695057142,30.208511618226));
#2347 = CARTESIAN_POINT('',(1.448391406887,30.417515033584));
#2348 = CARTESIAN_POINT('',(1.45126911843,30.624648403805));
#2349 = CARTESIAN_POINT('',(1.455611891997,30.828048763525));
#2350 = CARTESIAN_POINT('',(1.461471197423,31.025398633669));
#2351 = CARTESIAN_POINT('',(1.46891273907,31.213574974097));
#2352 = CARTESIAN_POINT('',(1.486762486841,31.556285768695));
#2353 = CARTESIAN_POINT('',(1.497280713986,31.716159130647));
#2354 = CARTESIAN_POINT('',(1.509531552466,31.858130808445));
#2355 = CARTESIAN_POINT('',(1.52333986522,31.973803124502));
#2356 = CARTESIAN_POINT('',(1.538415559855,32.056095619653));
#2357 = CARTESIAN_POINT('',(1.554384596298,32.09933999274));
#2358 = CARTESIAN_POINT('',(1.591826808546,32.09933999274));
#2359 = CARTESIAN_POINT('',(1.611872504924,32.028329867474));
#2360 = CARTESIAN_POINT('',(1.630141533179,31.898274247631));
#2361 = CARTESIAN_POINT('',(1.646115480249,31.721563040089));
#2362 = CARTESIAN_POINT('',(1.65944378389,31.511627201936));
#2363 = CARTESIAN_POINT('',(1.670011523551,31.282648138499));
#2364 = CARTESIAN_POINT('',(1.677980261668,31.049363093502));
#2365 = ( GEOMETRIC_REPRESENTATION_CONTEXT(2) 
PARAMETRIC_REPRESENTATION_CONTEXT() REPRESENTATION_CONTEXT('2D SPACE',''
  ) );
#2366 = PCURVE('',#2367,#2372);
#2367 = CYLINDRICAL_SURFACE('',#2368,2.1);
#2368 = AXIS2_PLACEMENT_3D('',#2369,#2370,#2371);
#2369 = CARTESIAN_POINT('',(35.,-60.62,-20.));
#2370 = DIRECTION('',(0.,0.,1.));
#2371 = DIRECTION('',(1.,0.,-0.));
#2372 = DEFINITIONAL_REPRESENTATION('',(#2373),#2424);
#2373 = B_SPLINE_CURVE_WITH_KNOTS('',7,(#2374,#2375,#2376,#2377,#2378,
    #2379,#2380,#2381,#2382,#2383,#2384,#2385,#2386,#2387,#2388,#2389,
    #2390,#2391,#2392,#2393,#2394,#2395,#2396,#2397,#2398,#2399,#2400,
    #2401,#2402,#2403,#2404,#2405,#2406,#2407,#2408,#2409,#2410,#2411,
    #2412,#2413,#2414,#2415,#2416,#2417,#2418,#2419,#2420,#2421,#2422,
    #2423),.UNSPECIFIED.,.F.,.F.,(8,6,6,6,6,6,6,6,8),(0.,0.103292774742,
    0.251740051755,0.382752492045,0.493699017772,0.62500826428,
    0.742241087365,0.855222387172,1.),.UNSPECIFIED.);
#2374 = CARTESIAN_POINT('',(-8.881784197001E-16,3.097557912771));
#2375 = CARTESIAN_POINT('',(7.693965587529E-02,3.106250446372));
#2376 = CARTESIAN_POINT('',(0.152405456404,3.11388078788));
#2377 = CARTESIAN_POINT('',(0.22673074391,3.120210093535));
#2378 = CARTESIAN_POINT('',(0.300209118655,3.125080074064));
#2379 = CARTESIAN_POINT('',(0.373120125896,3.128393328022));
#2380 = CARTESIAN_POINT('',(0.445744978409,3.130101450696));
#2381 = CARTESIAN_POINT('',(0.622748736753,3.130343868858));
#2382 = CARTESIAN_POINT('',(0.726996736367,3.127164334501));
#2383 = CARTESIAN_POINT('',(0.832054940466,3.120667099998));
#2384 = CARTESIAN_POINT('',(0.938739558009,3.11104076643));
#2385 = CARTESIAN_POINT('',(1.047918813278,3.09867241254));
#2386 = CARTESIAN_POINT('',(1.160478683532,3.084287762911));
#2387 = CARTESIAN_POINT('',(1.380953818824,3.055630846858));
#2388 = CARTESIAN_POINT('',(1.49034441914,3.041221171444));
#2389 = CARTESIAN_POINT('',(1.604314080208,3.026922349242));
#2390 = CARTESIAN_POINT('',(1.722047880963,3.01426294931));
#2391 = CARTESIAN_POINT('',(1.843089059734,3.00489684673));
#2392 = CARTESIAN_POINT('',(1.96720806413,3.));
#2393 = CARTESIAN_POINT('',(2.202125584978,3.));
#2394 = CARTESIAN_POINT('',(2.309838918031,3.00351131602));
#2395 = CARTESIAN_POINT('',(2.41754059207,3.010535235557));
#2396 = CARTESIAN_POINT('',(2.525242867232,3.020670935816));
#2397 = CARTESIAN_POINT('',(2.632960470634,3.033137313163));
#2398 = CARTESIAN_POINT('',(2.740690615099,3.046898038354));
#2399 = CARTESIAN_POINT('',(2.975856227751,3.077449640555));
#2400 = CARTESIAN_POINT('',(3.097641560375,3.093600337067));
#2401 = CARTESIAN_POINT('',(3.215246448357,3.107726426415));
#2402 = CARTESIAN_POINT('',(3.329746093672,3.118832318729));
#2403 = CARTESIAN_POINT('',(3.442212685629,3.126408666652));
#2404 = CARTESIAN_POINT('',(3.553638722212,3.130204506278));
#2405 = CARTESIAN_POINT('',(3.764809667305,3.130204506278));
#2406 = CARTESIAN_POINT('',(3.864334934379,3.127178774851));
#2407 = CARTESIAN_POINT('',(3.96458472815,3.121135461651));
#2408 = CARTESIAN_POINT('',(4.066271112202,3.112236574326));
#2409 = CARTESIAN_POINT('',(4.170145721945,3.100810720288));
#2410 = CARTESIAN_POINT('',(4.276980540418,3.087456891459));
#2411 = CARTESIAN_POINT('',(4.494542476353,3.059339375333));
#2412 = CARTESIAN_POINT('',(4.607759909414,3.044286191503));
#2413 = CARTESIAN_POINT('',(4.72587642571,3.029115614542));
#2414 = CARTESIAN_POINT('',(4.848056786705,3.015506839541));
#2415 = CARTESIAN_POINT('',(4.973870598241,3.005342099247));
#2416 = CARTESIAN_POINT('',(5.103143592226,3.));
#2417 = CARTESIAN_POINT('',(5.406247215184,3.));
#2418 = CARTESIAN_POINT('',(5.568523569705,3.008772371822));
#2419 = CARTESIAN_POINT('',(5.724342085752,3.024834896862));
#2420 = CARTESIAN_POINT('',(5.874155955669,3.044834245694));
#2421 = CARTESIAN_POINT('',(6.017921462642,3.065099342976));
#2422 = CARTESIAN_POINT('',(6.154910858335,3.083065646799));
#2423 = CARTESIAN_POINT('',(6.28318530718,3.097557912771));
#2424 = ( GEOMETRIC_REPRESENTATION_CONTEXT(2) 
PARAMETRIC_REPRESENTATION_CONTEXT() REPRESENTATION_CONTEXT('2D SPACE',''
  ) );
#2425 = FACE_BOUND('',#2426,.T.);
#2426 = EDGE_LOOP('',(#2427));
#2427 = ORIENTED_EDGE('',*,*,#2428,.F.);
#2428 = EDGE_CURVE('',#2429,#2429,#2431,.T.);
#2429 = VERTEX_POINT('',#2430);
#2430 = CARTESIAN_POINT('',(37.1,-60.62,16.902442087229));
#2431 = SURFACE_CURVE('',#2432,(#2491,#2553),.PCURVE_S1.);
#2432 = B_SPLINE_CURVE_WITH_KNOTS('',8,(#2433,#2434,#2435,#2436,#2437,
    #2438,#2439,#2440,#2441,#2442,#2443,#2444,#2445,#2446,#2447,#2448,
    #2449,#2450,#2451,#2452,#2453,#2454,#2455,#2456,#2457,#2458,#2459,
    #2460,#2461,#2462,#2463,#2464,#2465,#2466,#2467,#2468,#2469,#2470,
    #2471,#2472,#2473,#2474,#2475,#2476,#2477,#2478,#2479,#2480,#2481,
    #2482,#2483,#2484,#2485,#2486,#2487,#2488,#2489,#2490),
  .UNSPECIFIED.,.T.,.F.,(9,7,7,7,7,7,7,7,9),(0.,0.109575651357,
    0.279030744639,0.434773467446,0.542911995292,0.651052652781,
    0.760143274765,0.865277659091,1.),.UNSPECIFIED.);
#2433 = CARTESIAN_POINT('',(37.1,-60.62,16.902442087229));
#2434 = CARTESIAN_POINT('',(37.1,-60.47862338232,16.894836120328));
#2435 = CARTESIAN_POINT('',(37.089122720511,-60.33956838916,
    16.888026797497));
#2436 = CARTESIAN_POINT('',(37.067992406946,-60.2033724551,
    16.882163396086));
#2437 = CARTESIAN_POINT('',(37.037137832635,-60.07048421672,
    16.877354916201));
#2438 = CARTESIAN_POINT('',(36.996999747106,-59.941293279,
    16.873677455702));
#2439 = CARTESIAN_POINT('',(36.947937906253,-59.81615924886,
    16.871179641309));
#2440 = CARTESIAN_POINT('',(36.890237684378,-59.69544003563,
    16.869886115822));
#2441 = CARTESIAN_POINT('',(36.721861701359,-59.40025204725,
    16.869664485676));
#2442 = CARTESIAN_POINT('',(36.599610553182,-59.23270953907,
    16.87241520776));
#2443 = CARTESIAN_POINT('',(36.458176107282,-59.07810888734,
    16.878045782428));
#2444 = CARTESIAN_POINT('',(36.298019593445,-58.93804942861,
    16.886429821761));
#2445 = CARTESIAN_POINT('',(36.11946137362,-58.81462319039,
    16.897312071924));
#2446 = CARTESIAN_POINT('',(35.922895628188,-58.71054408878,
    16.910247072101));
#2447 = CARTESIAN_POINT('',(35.709072400462,-58.62931831046,
    16.924523109271));
#2448 = CARTESIAN_POINT('',(35.268525521556,-58.5259948766,
    16.952516825745));
#2449 = CARTESIAN_POINT('',(35.036488270074,-58.49782534739,
    16.966679314984));
#2450 = CARTESIAN_POINT('',(34.790280107488,-58.4992152521,
    16.980361195502));
#2451 = CARTESIAN_POINT('',(34.537764563149,-58.53524862131,
    16.99196238224));
#2452 = CARTESIAN_POINT('',(34.287400739177,-58.60805464053,
    16.99986221401));
#2453 = CARTESIAN_POINT('',(34.047494615786,-58.71713425836,
    17.003053721525));
#2454 = CARTESIAN_POINT('',(33.825601987174,-58.85958234578,
    17.001388130577));
#2455 = CARTESIAN_POINT('',(33.490452144851,-59.14888335845,
    16.991318761106));
#2456 = CARTESIAN_POINT('',(33.364818806357,-59.28099632253,
    16.985133364144));
#2457 = CARTESIAN_POINT('',(33.252461801173,-59.42531197935,
    16.977074190764));
#2458 = CARTESIAN_POINT('',(33.154745236792,-59.58027015258,
    16.967458821016));
#2459 = CARTESIAN_POINT('',(33.07281402283,-59.74413448741,
    16.956714258989));
#2460 = CARTESIAN_POINT('',(33.00757187341,-59.91502311483,
    16.945342720996));
#2461 = CARTESIAN_POINT('',(32.959655339877,-60.09094070833,
    16.933876174698));
#2462 = CARTESIAN_POINT('',(32.899151812033,-60.44868668016,
    16.911762865893));
#2463 = CARTESIAN_POINT('',(32.886555248313,-60.63057593588,
    16.901112860248));
#2464 = CARTESIAN_POINT('',(32.891973578666,-60.81341147603,
    16.891374877553));
#2465 = CARTESIAN_POINT('',(32.915461577801,-60.99510303055,
    16.883031232742));
#2466 = CARTESIAN_POINT('',(32.95678601183,-61.17357785356,
    16.876485885792));
#2467 = CARTESIAN_POINT('',(33.015438167655,-61.34681867889,
    16.872025290088));
#2468 = CARTESIAN_POINT('',(33.090642299055,-61.51290006094,
    16.869795493722));
#2469 = CARTESIAN_POINT('',(33.272874591879,-61.82852639211,
    16.869795493722));
#2470 = CARTESIAN_POINT('',(33.380113593597,-61.9778052301,
    16.872064792391));
#2471 = CARTESIAN_POINT('',(33.502508988532,-62.11695941818,
    16.876598295506));
#2472 = CARTESIAN_POINT('',(33.639699316755,-62.24487638218,
    16.883313982355));
#2473 = CARTESIAN_POINT('',(33.791425542178,-62.3601643647,
    16.892048121336));
#2474 = CARTESIAN_POINT('',(33.957419988205,-62.46107288122,
    16.902527736089));
#2475 = CARTESIAN_POINT('',(34.137266591227,-62.54539202008,
    16.914332907815));
#2476 = CARTESIAN_POINT('',(34.516157636005,-62.67289758654,
    16.938935734009));
#2477 = CARTESIAN_POINT('',(34.718406883813,-62.71885734918,
    16.951950512539));
#2478 = CARTESIAN_POINT('',(34.933773769099,-62.74312335959,
    16.965195419097));
#2479 = CARTESIAN_POINT('',(35.158273229078,-62.74176465697,
    16.977688772958));
#2480 = CARTESIAN_POINT('',(35.387311180923,-62.71194354433,
    16.988304938069));
#2481 = CARTESIAN_POINT('',(35.615861385579,-62.65185974645,
    16.995993425565));
#2482 = CARTESIAN_POINT('',(35.838606640219,-62.56070494155,17.));
#2483 = CARTESIAN_POINT('',(36.320938469258,-62.28222236127,17.));
#2484 = CARTESIAN_POINT('',(36.554350616409,-62.08596081872,
    16.993420721134));
#2485 = CARTESIAN_POINT('',(36.746572933106,-61.86061870184,
    16.981188550028));
#2486 = CARTESIAN_POINT('',(36.896082688406,-61.61595551241,
    16.965165428722));
#2487 = CARTESIAN_POINT('',(37.003133079963,-61.36121756434,
    16.947566342825));
#2488 = CARTESIAN_POINT('',(37.069764854905,-61.10513626397,
    16.930409081068));
#2489 = CARTESIAN_POINT('',(37.1,-60.85570429975,16.915122819955));
#2490 = CARTESIAN_POINT('',(37.1,-60.62,16.902442087229));
#2491 = PCURVE('',#136,#2492);
#2492 = DEFINITIONAL_REPRESENTATION('',(#2493),#2552);
#2493 = B_SPLINE_CURVE_WITH_KNOTS('',8,(#2494,#2495,#2496,#2497,#2498,
    #2499,#2500,#2501,#2502,#2503,#2504,#2505,#2506,#2507,#2508,#2509,
    #2510,#2511,#2512,#2513,#2514,#2515,#2516,#2517,#2518,#2519,#2520,
    #2521,#2522,#2523,#2524,#2525,#2526,#2527,#2528,#2529,#2530,#2531,
    #2532,#2533,#2534,#2535,#2536,#2537,#2538,#2539,#2540,#2541,#2542,
    #2543,#2544,#2545,#2546,#2547,#2548,#2549,#2550,#2551),
  .UNSPECIFIED.,.T.,.F.,(9,7,7,7,7,7,7,7,9),(0.,0.109575651357,
    0.279030744639,0.434773467446,0.542911995292,0.651052652781,
    0.760143274765,0.865277659091,1.),.UNSPECIFIED.);
#2494 = CARTESIAN_POINT('',(4.605205045512,31.049363093502));
#2495 = CARTESIAN_POINT('',(4.601022817662,30.926928249003));
#2496 = CARTESIAN_POINT('',(4.597464428955,30.801065216158));
#2497 = CARTESIAN_POINT('',(4.59451480801,30.672551553154));
#2498 = CARTESIAN_POINT('',(4.592161002462,30.542040180278));
#2499 = CARTESIAN_POINT('',(4.590392631667,30.410088882488));
#2500 = CARTESIAN_POINT('',(4.589202358319,30.277188968129));
#2501 = CARTESIAN_POINT('',(4.588586378971,30.143793083793));
#2502 = CARTESIAN_POINT('',(4.588480839358,29.803964818037));
#2503 = CARTESIAN_POINT('',(4.589790795904,29.597742894935));
#2504 = CARTESIAN_POINT('',(4.592469172581,29.393137006207));
#2505 = CARTESIAN_POINT('',(4.596538407998,29.191762827751));
#2506 = CARTESIAN_POINT('',(4.602041523816,28.995592279736));
#2507 = CARTESIAN_POINT('',(4.609034849862,28.807172759755));
#2508 = CARTESIAN_POINT('',(4.617579004511,28.629915722167));
#2509 = CARTESIAN_POINT('',(4.6370522315,28.320157374236));
#2510 = CARTESIAN_POINT('',(4.648075284188,28.179740847001));
#2511 = CARTESIAN_POINT('',(4.660682800637,28.057837741284));
#2512 = CARTESIAN_POINT('',(4.674619777231,27.962782775619));
#2513 = CARTESIAN_POINT('',(4.689517383992,27.900649509331));
#2514 = CARTESIAN_POINT('',(4.704943827915,27.875158835875));
#2515 = CARTESIAN_POINT('',(4.72043540505,27.887572838388));
#2516 = CARTESIAN_POINT('',(4.74602460456,27.97053441937));
#2517 = CARTESIAN_POINT('',(4.756316083873,28.022128712103));
#2518 = CARTESIAN_POINT('',(4.766294534231,28.090929081943));
#2519 = CARTESIAN_POINT('',(4.775845674901,28.176266455219));
#2520 = CARTESIAN_POINT('',(4.784860352805,28.277209582974));
#2521 = CARTESIAN_POINT('',(4.793236428598,28.392580597798));
#2522 = CARTESIAN_POINT('',(4.800881195582,28.520969791597));
#2523 = CARTESIAN_POINT('',(4.8145476019,28.800532189715));
#2524 = CARTESIAN_POINT('',(4.820571521752,28.951753330214));
#2525 = CARTESIAN_POINT('',(4.825704997225,29.112801616264));
#2526 = CARTESIAN_POINT('',(4.829881300659,29.281894222118));
#2527 = CARTESIAN_POINT('',(4.833048987891,29.457119490855));
#2528 = CARTESIAN_POINT('',(4.835172826622,29.6364760694));
#2529 = CARTESIAN_POINT('',(4.83623473576,29.817908603513));
#2530 = CARTESIAN_POINT('',(4.83623473576,30.182365170852));
#2531 = CARTESIAN_POINT('',(4.835154109085,30.365264169227));
#2532 = CARTESIAN_POINT('',(4.832995330835,30.54697339122));
#2533 = CARTESIAN_POINT('',(4.829744801759,30.726348592453));
#2534 = CARTESIAN_POINT('',(4.825376175393,30.902054963614));
#2535 = CARTESIAN_POINT('',(4.819853724865,31.072442710501));
#2536 = CARTESIAN_POINT('',(4.813136355884,31.235389971147));
#2537 = CARTESIAN_POINT('',(4.797517826848,31.535261911348));
#2538 = CARTESIAN_POINT('',(4.78853414998,31.67619079016));
#2539 = CARTESIAN_POINT('',(4.778247819143,31.804891429271));
#2540 = CARTESIAN_POINT('',(4.766749598337,31.915966966473));
#2541 = CARTESIAN_POINT('',(4.754192056472,32.004662810184));
#2542 = CARTESIAN_POINT('',(4.740777488214,32.066906712925));
#2543 = CARTESIAN_POINT('',(4.72674924457,32.09933999274));
#2544 = CARTESIAN_POINT('',(4.693987308853,32.09933999274));
#2545 = CARTESIAN_POINT('',(4.67632422635,32.04608239879));
#2546 = CARTESIAN_POINT('',(4.659894659596,31.947045105072));
#2547 = CARTESIAN_POINT('',(4.645056800465,31.80991864386));
#2548 = CARTESIAN_POINT('',(4.632071713065,31.642837100782));
#2549 = CARTESIAN_POINT('',(4.621099588375,31.454382436077));
#2550 = CARTESIAN_POINT('',(4.612177691364,31.253487507874));
#2551 = CARTESIAN_POINT('',(4.605205045512,31.049363093502));
#2552 = ( GEOMETRIC_REPRESENTATION_CONTEXT(2) 
PARAMETRIC_REPRESENTATION_CONTEXT() REPRESENTATION_CONTEXT('2D SPACE',''
  ) );
#2553 = PCURVE('',#2554,#2559);
#2554 = CYLINDRICAL_SURFACE('',#2555,2.1);
#2555 = AXIS2_PLACEMENT_3D('',#2556,#2557,#2558);
#2556 = CARTESIAN_POINT('',(35.,-60.62,-20.));
#2557 = DIRECTION('',(0.,0.,1.));
#2558 = DIRECTION('',(1.,0.,-0.));
#2559 = DEFINITIONAL_REPRESENTATION('',(#2560),#2619);
#2560 = B_SPLINE_CURVE_WITH_KNOTS('',8,(#2561,#2562,#2563,#2564,#2565,
    #2566,#2567,#2568,#2569,#2570,#2571,#2572,#2573,#2574,#2575,#2576,
    #2577,#2578,#2579,#2580,#2581,#2582,#2583,#2584,#2585,#2586,#2587,
    #2588,#2589,#2590,#2591,#2592,#2593,#2594,#2595,#2596,#2597,#2598,
    #2599,#2600,#2601,#2602,#2603,#2604,#2605,#2606,#2607,#2608,#2609,
    #2610,#2611,#2612,#2613,#2614,#2615,#2616,#2617,#2618),
  .UNSPECIFIED.,.F.,.F.,(9,7,7,7,7,7,7,7,9),(0.,0.109575651357,
    0.279030744639,0.434773467446,0.542911995292,0.651052652781,
    0.760143274765,0.865277659091,1.),.UNSPECIFIED.);
#2561 = CARTESIAN_POINT('',(-8.881784197001E-16,36.902442087229));
#2562 = CARTESIAN_POINT('',(6.732219889087E-02,36.894836120328));
#2563 = CARTESIAN_POINT('',(0.133539006272,36.888026797497));
#2564 = CARTESIAN_POINT('',(0.198858761095,36.882163396086));
#2565 = CARTESIAN_POINT('',(0.263469931283,36.877354916201));
#2566 = CARTESIAN_POINT('',(0.327550746371,36.873677455702));
#2567 = CARTESIAN_POINT('',(0.391276339024,36.871179641309));
#2568 = CARTESIAN_POINT('',(0.454823395416,36.869886115822));
#2569 = CARTESIAN_POINT('',(0.616648600061,36.869664485676));
#2570 = CARTESIAN_POINT('',(0.714792674501,36.87241520776));
#2571 = CARTESIAN_POINT('',(0.813557598333,36.878045782428));
#2572 = CARTESIAN_POINT('',(0.913598989518,36.886429821761));
#2573 = CARTESIAN_POINT('',(1.015579178388,36.897312071924));
#2574 = CARTESIAN_POINT('',(1.120181445945,36.910247072101));
#2575 = CARTESIAN_POINT('',(1.228144278008,36.924523109271));
#2576 = CARTESIAN_POINT('',(1.443621012813,36.952516825745));
#2577 = CARTESIAN_POINT('',(1.554258984946,36.966679314984));
#2578 = CARTESIAN_POINT('',(1.669926104197,36.980361195502));
#2579 = CARTESIAN_POINT('',(1.789119212423,36.99196238224));
#2580 = CARTESIAN_POINT('',(1.910807627902,36.99986221401));
#2581 = CARTESIAN_POINT('',(2.034162208243,37.003053721525));
#2582 = CARTESIAN_POINT('',(2.1584717674,37.001388130577));
#2583 = CARTESIAN_POINT('',(2.369301298833,36.991318761106));
#2584 = CARTESIAN_POINT('',(2.455696076666,36.985133364144));
#2585 = CARTESIAN_POINT('',(2.542085425695,36.977074190764));
#2586 = CARTESIAN_POINT('',(2.628473328569,36.967458821016));
#2587 = CARTESIAN_POINT('',(2.714865625895,36.956714258989));
#2588 = CARTESIAN_POINT('',(2.8012652953,36.945342720996));
#2589 = CARTESIAN_POINT('',(2.887667405812,36.933876174698));
#2590 = CARTESIAN_POINT('',(3.060441790591,36.911762865893));
#2591 = CARTESIAN_POINT('',(3.146843041362,36.901112860248));
#2592 = CARTESIAN_POINT('',(3.233241165211,36.891374877553));
#2593 = CARTESIAN_POINT('',(3.319632561755,36.883031232742));
#2594 = CARTESIAN_POINT('',(3.406020928136,36.876485885792));
#2595 = CARTESIAN_POINT('',(3.492411965932,36.872025290088));
#2596 = CARTESIAN_POINT('',(3.578808231728,36.869795493722));
#2597 = CARTESIAN_POINT('',(3.75235897808,36.869795493722));
#2598 = CARTESIAN_POINT('',(3.839453612901,36.872064792391));
#2599 = CARTESIAN_POINT('',(3.926991055262,36.876598295506));
#2600 = CARTESIAN_POINT('',(4.01542792492,36.883313982355));
#2601 = CARTESIAN_POINT('',(4.105224091062,36.892048121336));
#2602 = CARTESIAN_POINT('',(4.19685442109,36.902527736089));
#2603 = CARTESIAN_POINT('',(4.290829281296,36.914332907815));
#2604 = CARTESIAN_POINT('',(4.481195972019,36.938935734009));
#2605 = CARTESIAN_POINT('',(4.579455551149,36.951950512539));
#2606 = CARTESIAN_POINT('',(4.681582732099,36.965195419097));
#2607 = CARTESIAN_POINT('',(4.786966606207,36.977688772958));
#2608 = CARTESIAN_POINT('',(4.895236966031,36.988304938069));
#2609 = CARTESIAN_POINT('',(5.006188846737,36.995993425565));
#2610 = CARTESIAN_POINT('',(5.119750700467,37.));
#2611 = CARTESIAN_POINT('',(5.384966370555,37.));
#2612 = CARTESIAN_POINT('',(5.527954481074,36.993420721134));
#2613 = CARTESIAN_POINT('',(5.665910142234,36.981188550028));
#2614 = CARTESIAN_POINT('',(5.799249020711,36.965165428722));
#2615 = CARTESIAN_POINT('',(5.928068020784,36.947566342825));
#2616 = CARTESIAN_POINT('',(6.052168811565,36.930409081068));
#2617 = CARTESIAN_POINT('',(6.170945164441,36.915122819955));
#2618 = CARTESIAN_POINT('',(6.28318530718,36.902442087229));
#2619 = ( GEOMETRIC_REPRESENTATION_CONTEXT(2) 
PARAMETRIC_REPRESENTATION_CONTEXT() REPRESENTATION_CONTEXT('2D SPACE',''
  ) );
#2620 = ADVANCED_FACE('',(#2621,#3560,#3586,#3612,#3638),#94,.T.);
#2621 = FACE_BOUND('',#2622,.T.);
#2622 = EDGE_LOOP('',(#2623,#2644,#2645,#2669,#2690,#2716,#2737,#2758,
    #2779,#2800,#2821,#2845,#2866,#2892,#2913,#2934,#2955,#2976,#2997,
    #3021,#3042,#3068,#3089,#3110,#3131,#3152,#3173,#3197,#3218,#3244,
    #3265,#3286,#3307,#3328,#3349,#3371,#3372,#3393,#3414,#3435,#3456,
    #3475,#3476,#3477,#3478,#3499,#3520,#3541));
#2623 = ORIENTED_EDGE('',*,*,#2624,.T.);
#2624 = EDGE_CURVE('',#2625,#618,#2627,.T.);
#2625 = VERTEX_POINT('',#2626);
#2626 = CARTESIAN_POINT('',(40.,14.142135623731,5.));
#2627 = SURFACE_CURVE('',#2628,(#2632,#2638),.PCURVE_S1.);
#2628 = LINE('',#2629,#2630);
#2629 = CARTESIAN_POINT('',(40.,0.,5.));
#2630 = VECTOR('',#2631,1.);
#2631 = DIRECTION('',(0.,1.,0.));
#2632 = PCURVE('',#94,#2633);
#2633 = DEFINITIONAL_REPRESENTATION('',(#2634),#2637);
#2634 = B_SPLINE_CURVE_WITH_KNOTS('',1,(#2635,#2636),.UNSPECIFIED.,.F.,
  .F.,(2,2),(-17.,17.),.PIECEWISE_BEZIER_KNOTS.);
#2635 = CARTESIAN_POINT('',(40.,-17.));
#2636 = CARTESIAN_POINT('',(40.,17.));
#2637 = ( GEOMETRIC_REPRESENTATION_CONTEXT(2) 
PARAMETRIC_REPRESENTATION_CONTEXT() REPRESENTATION_CONTEXT('2D SPACE',''
  ) );
#2638 = PCURVE('',#465,#2639);
#2639 = DEFINITIONAL_REPRESENTATION('',(#2640),#2643);
#2640 = B_SPLINE_CURVE_WITH_KNOTS('',1,(#2641,#2642),.UNSPECIFIED.,.F.,
  .F.,(2,2),(-17.,17.),.PIECEWISE_BEZIER_KNOTS.);
#2641 = CARTESIAN_POINT('',(5.,17.));
#2642 = CARTESIAN_POINT('',(5.,-17.));
#2643 = ( GEOMETRIC_REPRESENTATION_CONTEXT(2) 
PARAMETRIC_REPRESENTATION_CONTEXT() REPRESENTATION_CONTEXT('2D SPACE',''
  ) );
#2644 = ORIENTED_EDGE('',*,*,#617,.T.);
#2645 = ORIENTED_EDGE('',*,*,#2646,.T.);
#2646 = EDGE_CURVE('',#569,#2647,#2649,.T.);
#2647 = VERTEX_POINT('',#2648);
#2648 = CARTESIAN_POINT('',(61.379689574914,73.814183648451,5.));
#2649 = SURFACE_CURVE('',#2650,(#2655,#2662),.PCURVE_S1.);
#2650 = CIRCLE('',#2651,96.);
#2651 = AXIS2_PLACEMENT_3D('',#2652,#2653,#2654);
#2652 = CARTESIAN_POINT('',(0.,0.,5.));
#2653 = DIRECTION('',(0.,0.,1.));
#2654 = DIRECTION('',(1.,0.,-0.));
#2655 = PCURVE('',#94,#2656);
#2656 = DEFINITIONAL_REPRESENTATION('',(#2657),#2661);
#2657 = CIRCLE('',#2658,96.);
#2658 = AXIS2_PLACEMENT_2D('',#2659,#2660);
#2659 = CARTESIAN_POINT('',(0.,0.));
#2660 = DIRECTION('',(1.,0.));
#2661 = ( GEOMETRIC_REPRESENTATION_CONTEXT(2) 
PARAMETRIC_REPRESENTATION_CONTEXT() REPRESENTATION_CONTEXT('2D SPACE',''
  ) );
#2662 = PCURVE('',#598,#2663);
#2663 = DEFINITIONAL_REPRESENTATION('',(#2664),#2668);
#2664 = LINE('',#2665,#2666);
#2665 = CARTESIAN_POINT('',(0.,10.));
#2666 = VECTOR('',#2667,1.);
#2667 = DIRECTION('',(1.,0.));
#2668 = ( GEOMETRIC_REPRESENTATION_CONTEXT(2) 
PARAMETRIC_REPRESENTATION_CONTEXT() REPRESENTATION_CONTEXT('2D SPACE',''
  ) );
#2669 = ORIENTED_EDGE('',*,*,#2670,.F.);
#2670 = EDGE_CURVE('',#2671,#2647,#2673,.T.);
#2671 = VERTEX_POINT('',#2672);
#2672 = CARTESIAN_POINT('',(34.071144085405,26.515782860621,5.));
#2673 = SURFACE_CURVE('',#2674,(#2678,#2684),.PCURVE_S1.);
#2674 = LINE('',#2675,#2676);
#2675 = CARTESIAN_POINT('',(34.071144085405,26.515782860621,5.));
#2676 = VECTOR('',#2677,1.);
#2677 = DIRECTION('',(0.500011000363,0.866019052629,0.));
#2678 = PCURVE('',#94,#2679);
#2679 = DEFINITIONAL_REPRESENTATION('',(#2680),#2683);
#2680 = B_SPLINE_CURVE_WITH_KNOTS('',1,(#2681,#2682),.UNSPECIFIED.,.F.,
  .F.,(2,2),(-5.999999971868E-07,59.99868058548),
  .PIECEWISE_BEZIER_KNOTS.);
#2681 = CARTESIAN_POINT('',(34.071143785398,26.515782341009));
#2682 = CARTESIAN_POINT('',(64.071144385411,78.475783380232));
#2683 = ( GEOMETRIC_REPRESENTATION_CONTEXT(2) 
PARAMETRIC_REPRESENTATION_CONTEXT() REPRESENTATION_CONTEXT('2D SPACE',''
  ) );
#2684 = PCURVE('',#896,#2685);
#2685 = DEFINITIONAL_REPRESENTATION('',(#2686),#2689);
#2686 = B_SPLINE_CURVE_WITH_KNOTS('',1,(#2687,#2688),.UNSPECIFIED.,.F.,
  .F.,(2,2),(-5.999999971868E-07,59.99868058548),
  .PIECEWISE_BEZIER_KNOTS.);
#2687 = CARTESIAN_POINT('',(5.984653105995,-5.999999998513E-07));
#2688 = CARTESIAN_POINT('',(5.984653105995,59.99868058548));
#2689 = ( GEOMETRIC_REPRESENTATION_CONTEXT(2) 
PARAMETRIC_REPRESENTATION_CONTEXT() REPRESENTATION_CONTEXT('2D SPACE',''
  ) );
#2690 = ORIENTED_EDGE('',*,*,#2691,.T.);
#2691 = EDGE_CURVE('',#2671,#2692,#2694,.T.);
#2692 = VERTEX_POINT('',#2693);
#2693 = CARTESIAN_POINT('',(32.247358895011,27.568776619509,5.));
#2694 = SURFACE_CURVE('',#2695,(#2699,#2705),.PCURVE_S1.);
#2695 = LINE('',#2696,#2697);
#2696 = CARTESIAN_POINT('',(20.,34.64,5.));
#2697 = VECTOR('',#2698,1.);
#2698 = DIRECTION('',(-0.866019052629,0.500011000363,0.));
#2699 = PCURVE('',#94,#2700);
#2700 = DEFINITIONAL_REPRESENTATION('',(#2701),#2704);
#2701 = B_SPLINE_CURVE_WITH_KNOTS('',1,(#2702,#2703),.UNSPECIFIED.,.F.,
  .F.,(2,2),(-17.,17.),.PIECEWISE_BEZIER_KNOTS.);
#2702 = CARTESIAN_POINT('',(34.722323894689,26.139812993829));
#2703 = CARTESIAN_POINT('',(5.277676105311,43.140187006171));
#2704 = ( GEOMETRIC_REPRESENTATION_CONTEXT(2) 
PARAMETRIC_REPRESENTATION_CONTEXT() REPRESENTATION_CONTEXT('2D SPACE',''
  ) );
#2705 = PCURVE('',#2706,#2711);
#2706 = PLANE('',#2707);
#2707 = AXIS2_PLACEMENT_3D('',#2708,#2709,#2710);
#2708 = CARTESIAN_POINT('',(20.,34.64,0.));
#2709 = DIRECTION('',(0.500011000363,0.866019052629,0.));
#2710 = DIRECTION('',(0.866019052629,-0.500011000363,0.));
#2711 = DEFINITIONAL_REPRESENTATION('',(#2712),#2715);
#2712 = B_SPLINE_CURVE_WITH_KNOTS('',1,(#2713,#2714),.UNSPECIFIED.,.F.,
  .F.,(2,2),(-17.,17.),.PIECEWISE_BEZIER_KNOTS.);
#2713 = CARTESIAN_POINT('',(17.,-5.));
#2714 = CARTESIAN_POINT('',(-17.,-5.));
#2715 = ( GEOMETRIC_REPRESENTATION_CONTEXT(2) 
PARAMETRIC_REPRESENTATION_CONTEXT() REPRESENTATION_CONTEXT('2D SPACE',''
  ) );
#2716 = ORIENTED_EDGE('',*,*,#2717,.F.);
#2717 = EDGE_CURVE('',#2718,#2692,#2720,.T.);
#2718 = VERTEX_POINT('',#2719);
#2719 = CARTESIAN_POINT('',(29.747358895011,23.238776619509,5.));
#2720 = SURFACE_CURVE('',#2721,(#2725,#2731),.PCURVE_S1.);
#2721 = LINE('',#2722,#2723);
#2722 = CARTESIAN_POINT('',(29.747358895011,23.238776619509,5.));
#2723 = VECTOR('',#2724,1.);
#2724 = DIRECTION('',(0.500011000363,0.866019052629,0.));
#2725 = PCURVE('',#94,#2726);
#2726 = DEFINITIONAL_REPRESENTATION('',(#2727),#2730);
#2727 = B_SPLINE_CURVE_WITH_KNOTS('',1,(#2728,#2729),.UNSPECIFIED.,.F.,
  .F.,(2,2),(-5.999999984871E-07,69.99846058306),
  .PIECEWISE_BEZIER_KNOTS.);
#2728 = CARTESIAN_POINT('',(29.747358595004,23.238776099897));
#2729 = CARTESIAN_POINT('',(64.747359195017,83.85877713912));
#2730 = ( GEOMETRIC_REPRESENTATION_CONTEXT(2) 
PARAMETRIC_REPRESENTATION_CONTEXT() REPRESENTATION_CONTEXT('2D SPACE',''
  ) );
#2731 = PCURVE('',#948,#2732);
#2732 = DEFINITIONAL_REPRESENTATION('',(#2733),#2736);
#2733 = B_SPLINE_CURVE_WITH_KNOTS('',1,(#2734,#2735),.UNSPECIFIED.,.F.,
  .F.,(2,2),(-5.999999984871E-07,69.99846058306),
  .PIECEWISE_BEZIER_KNOTS.);
#2734 = CARTESIAN_POINT('',(5.943348397725,-6.000000002635E-07));
#2735 = CARTESIAN_POINT('',(5.943348397725,69.99846058306));
#2736 = ( GEOMETRIC_REPRESENTATION_CONTEXT(2) 
PARAMETRIC_REPRESENTATION_CONTEXT() REPRESENTATION_CONTEXT('2D SPACE',''
  ) );
#2737 = ORIENTED_EDGE('',*,*,#2738,.T.);
#2738 = EDGE_CURVE('',#2718,#2739,#2741,.T.);
#2739 = VERTEX_POINT('',#2740);
#2740 = CARTESIAN_POINT('',(5.252641104989,37.381223380491,5.));
#2741 = SURFACE_CURVE('',#2742,(#2746,#2752),.PCURVE_S1.);
#2742 = LINE('',#2743,#2744);
#2743 = CARTESIAN_POINT('',(17.5,30.31,5.));
#2744 = VECTOR('',#2745,1.);
#2745 = DIRECTION('',(-0.866019052629,0.500011000363,0.));
#2746 = PCURVE('',#94,#2747);
#2747 = DEFINITIONAL_REPRESENTATION('',(#2748),#2751);
#2748 = B_SPLINE_CURVE_WITH_KNOTS('',1,(#2749,#2750),.UNSPECIFIED.,.F.,
  .F.,(2,2),(-15.,15.),.PIECEWISE_BEZIER_KNOTS.);
#2749 = CARTESIAN_POINT('',(30.490285789431,22.809834994555));
#2750 = CARTESIAN_POINT('',(4.509714210569,37.810165005445));
#2751 = ( GEOMETRIC_REPRESENTATION_CONTEXT(2) 
PARAMETRIC_REPRESENTATION_CONTEXT() REPRESENTATION_CONTEXT('2D SPACE',''
  ) );
#2752 = PCURVE('',#974,#2753);
#2753 = DEFINITIONAL_REPRESENTATION('',(#2754),#2757);
#2754 = B_SPLINE_CURVE_WITH_KNOTS('',1,(#2755,#2756),.UNSPECIFIED.,.F.,
  .F.,(2,2),(-15.,15.),.PIECEWISE_BEZIER_KNOTS.);
#2755 = CARTESIAN_POINT('',(15.,-5.));
#2756 = CARTESIAN_POINT('',(-15.,-5.));
#2757 = ( GEOMETRIC_REPRESENTATION_CONTEXT(2) 
PARAMETRIC_REPRESENTATION_CONTEXT() REPRESENTATION_CONTEXT('2D SPACE',''
  ) );
#2758 = ORIENTED_EDGE('',*,*,#2759,.T.);
#2759 = EDGE_CURVE('',#2739,#2760,#2762,.T.);
#2760 = VERTEX_POINT('',#2761);
#2761 = CARTESIAN_POINT('',(7.752641104989,41.711223380491,5.));
#2762 = SURFACE_CURVE('',#2763,(#2767,#2773),.PCURVE_S1.);
#2763 = LINE('',#2764,#2765);
#2764 = CARTESIAN_POINT('',(5.252641104989,37.381223380491,5.));
#2765 = VECTOR('',#2766,1.);
#2766 = DIRECTION('',(0.500011000363,0.866019052629,0.));
#2767 = PCURVE('',#94,#2768);
#2768 = DEFINITIONAL_REPRESENTATION('',(#2769),#2772);
#2769 = B_SPLINE_CURVE_WITH_KNOTS('',1,(#2770,#2771),.UNSPECIFIED.,.F.,
  .F.,(2,2),(-6.00000002452E-07,69.99846058306),
  .PIECEWISE_BEZIER_KNOTS.);
#2770 = CARTESIAN_POINT('',(5.252640804983,37.38122286088));
#2771 = CARTESIAN_POINT('',(40.252641404996,98.001223900103));
#2772 = ( GEOMETRIC_REPRESENTATION_CONTEXT(2) 
PARAMETRIC_REPRESENTATION_CONTEXT() REPRESENTATION_CONTEXT('2D SPACE',''
  ) );
#2773 = PCURVE('',#948,#2774);
#2774 = DEFINITIONAL_REPRESENTATION('',(#2775),#2778);
#2775 = B_SPLINE_CURVE_WITH_KNOTS('',1,(#2776,#2777),.UNSPECIFIED.,.F.,
  .F.,(2,2),(-6.00000002452E-07,69.99846058306),
  .PIECEWISE_BEZIER_KNOTS.);
#2776 = CARTESIAN_POINT('',(3.481429563044,-6.000000006757E-07));
#2777 = CARTESIAN_POINT('',(3.481429563044,69.99846058306));
#2778 = ( GEOMETRIC_REPRESENTATION_CONTEXT(2) 
PARAMETRIC_REPRESENTATION_CONTEXT() REPRESENTATION_CONTEXT('2D SPACE',''
  ) );
#2779 = ORIENTED_EDGE('',*,*,#2780,.T.);
#2780 = EDGE_CURVE('',#2760,#2781,#2783,.T.);
#2781 = VERTEX_POINT('',#2782);
#2782 = CARTESIAN_POINT('',(5.928855914595,42.764217139379,5.));
#2783 = SURFACE_CURVE('',#2784,(#2788,#2794),.PCURVE_S1.);
#2784 = LINE('',#2785,#2786);
#2785 = CARTESIAN_POINT('',(20.,34.64,5.));
#2786 = VECTOR('',#2787,1.);
#2787 = DIRECTION('',(-0.866019052629,0.500011000363,0.));
#2788 = PCURVE('',#94,#2789);
#2789 = DEFINITIONAL_REPRESENTATION('',(#2790),#2793);
#2790 = B_SPLINE_CURVE_WITH_KNOTS('',1,(#2791,#2792),.UNSPECIFIED.,.F.,
  .F.,(2,2),(-17.,17.),.PIECEWISE_BEZIER_KNOTS.);
#2791 = CARTESIAN_POINT('',(34.722323894689,26.139812993829));
#2792 = CARTESIAN_POINT('',(5.277676105311,43.140187006171));
#2793 = ( GEOMETRIC_REPRESENTATION_CONTEXT(2) 
PARAMETRIC_REPRESENTATION_CONTEXT() REPRESENTATION_CONTEXT('2D SPACE',''
  ) );
#2794 = PCURVE('',#2706,#2795);
#2795 = DEFINITIONAL_REPRESENTATION('',(#2796),#2799);
#2796 = B_SPLINE_CURVE_WITH_KNOTS('',1,(#2797,#2798),.UNSPECIFIED.,.F.,
  .F.,(2,2),(-17.,17.),.PIECEWISE_BEZIER_KNOTS.);
#2797 = CARTESIAN_POINT('',(17.,-5.));
#2798 = CARTESIAN_POINT('',(-17.,-5.));
#2799 = ( GEOMETRIC_REPRESENTATION_CONTEXT(2) 
PARAMETRIC_REPRESENTATION_CONTEXT() REPRESENTATION_CONTEXT('2D SPACE',''
  ) );
#2800 = ORIENTED_EDGE('',*,*,#2801,.T.);
#2801 = EDGE_CURVE('',#2781,#2802,#2804,.T.);
#2802 = VERTEX_POINT('',#2803);
#2803 = CARTESIAN_POINT('',(33.237401404105,90.062617927209,5.));
#2804 = SURFACE_CURVE('',#2805,(#2809,#2815),.PCURVE_S1.);
#2805 = LINE('',#2806,#2807);
#2806 = CARTESIAN_POINT('',(5.928855914595,42.764217139379,5.));
#2807 = VECTOR('',#2808,1.);
#2808 = DIRECTION('',(0.500011000363,0.866019052629,0.));
#2809 = PCURVE('',#94,#2810);
#2810 = DEFINITIONAL_REPRESENTATION('',(#2811),#2814);
#2811 = B_SPLINE_CURVE_WITH_KNOTS('',1,(#2812,#2813),.UNSPECIFIED.,.F.,
  .F.,(2,2),(-6.000000015638E-07,59.99868058548),
  .PIECEWISE_BEZIER_KNOTS.);
#2812 = CARTESIAN_POINT('',(5.928855614589,42.764216619768));
#2813 = CARTESIAN_POINT('',(35.928856214602,94.724217658991));
#2814 = ( GEOMETRIC_REPRESENTATION_CONTEXT(2) 
PARAMETRIC_REPRESENTATION_CONTEXT() REPRESENTATION_CONTEXT('2D SPACE',''
  ) );
#2815 = PCURVE('',#896,#2816);
#2816 = DEFINITIONAL_REPRESENTATION('',(#2817),#2820);
#2817 = B_SPLINE_CURVE_WITH_KNOTS('',1,(#2818,#2819),.UNSPECIFIED.,.F.,
  .F.,(2,2),(-6.000000015638E-07,59.99868058548),
  .PIECEWISE_BEZIER_KNOTS.);
#2818 = CARTESIAN_POINT('',(3.440124854775,-5.999999997875E-07));
#2819 = CARTESIAN_POINT('',(3.440124854775,59.99868058548));
#2820 = ( GEOMETRIC_REPRESENTATION_CONTEXT(2) 
PARAMETRIC_REPRESENTATION_CONTEXT() REPRESENTATION_CONTEXT('2D SPACE',''
  ) );
#2821 = ORIENTED_EDGE('',*,*,#2822,.T.);
#2822 = EDGE_CURVE('',#2802,#2823,#2825,.T.);
#2823 = VERTEX_POINT('',#2824);
#2824 = CARTESIAN_POINT('',(-33.2374014041,90.062617927209,5.));
#2825 = SURFACE_CURVE('',#2826,(#2831,#2838),.PCURVE_S1.);
#2826 = CIRCLE('',#2827,96.);
#2827 = AXIS2_PLACEMENT_3D('',#2828,#2829,#2830);
#2828 = CARTESIAN_POINT('',(0.,0.,5.));
#2829 = DIRECTION('',(0.,0.,1.));
#2830 = DIRECTION('',(1.,0.,-0.));
#2831 = PCURVE('',#94,#2832);
#2832 = DEFINITIONAL_REPRESENTATION('',(#2833),#2837);
#2833 = CIRCLE('',#2834,96.);
#2834 = AXIS2_PLACEMENT_2D('',#2835,#2836);
#2835 = CARTESIAN_POINT('',(0.,0.));
#2836 = DIRECTION('',(1.,0.));
#2837 = ( GEOMETRIC_REPRESENTATION_CONTEXT(2) 
PARAMETRIC_REPRESENTATION_CONTEXT() REPRESENTATION_CONTEXT('2D SPACE',''
  ) );
#2838 = PCURVE('',#1065,#2839);
#2839 = DEFINITIONAL_REPRESENTATION('',(#2840),#2844);
#2840 = LINE('',#2841,#2842);
#2841 = CARTESIAN_POINT('',(0.,10.));
#2842 = VECTOR('',#2843,1.);
#2843 = DIRECTION('',(1.,0.));
#2844 = ( GEOMETRIC_REPRESENTATION_CONTEXT(2) 
PARAMETRIC_REPRESENTATION_CONTEXT() REPRESENTATION_CONTEXT('2D SPACE',''
  ) );
#2845 = ORIENTED_EDGE('',*,*,#2846,.F.);
#2846 = EDGE_CURVE('',#2847,#2823,#2849,.T.);
#2847 = VERTEX_POINT('',#2848);
#2848 = CARTESIAN_POINT('',(-5.928855914595,42.764217139379,5.));
#2849 = SURFACE_CURVE('',#2850,(#2854,#2860),.PCURVE_S1.);
#2850 = LINE('',#2851,#2852);
#2851 = CARTESIAN_POINT('',(-5.928855914595,42.764217139379,5.));
#2852 = VECTOR('',#2853,1.);
#2853 = DIRECTION('',(-0.500011000363,0.866019052629,0.));
#2854 = PCURVE('',#94,#2855);
#2855 = DEFINITIONAL_REPRESENTATION('',(#2856),#2859);
#2856 = B_SPLINE_CURVE_WITH_KNOTS('',1,(#2857,#2858),.UNSPECIFIED.,.F.,
  .F.,(2,2),(-5.999999997874E-07,59.99868058548),
  .PIECEWISE_BEZIER_KNOTS.);
#2857 = CARTESIAN_POINT('',(-5.928855614589,42.764216619768));
#2858 = CARTESIAN_POINT('',(-35.9288562146,94.724217658991));
#2859 = ( GEOMETRIC_REPRESENTATION_CONTEXT(2) 
PARAMETRIC_REPRESENTATION_CONTEXT() REPRESENTATION_CONTEXT('2D SPACE',''
  ) );
#2860 = PCURVE('',#1092,#2861);
#2861 = DEFINITIONAL_REPRESENTATION('',(#2862),#2865);
#2862 = B_SPLINE_CURVE_WITH_KNOTS('',1,(#2863,#2864),.UNSPECIFIED.,.F.,
  .F.,(2,2),(-5.999999997874E-07,59.99868058548),
  .PIECEWISE_BEZIER_KNOTS.);
#2863 = CARTESIAN_POINT('',(5.984653105995,-5.999999980111E-07));
#2864 = CARTESIAN_POINT('',(5.984653105995,59.99868058548));
#2865 = ( GEOMETRIC_REPRESENTATION_CONTEXT(2) 
PARAMETRIC_REPRESENTATION_CONTEXT() REPRESENTATION_CONTEXT('2D SPACE',''
  ) );
#2866 = ORIENTED_EDGE('',*,*,#2867,.T.);
#2867 = EDGE_CURVE('',#2847,#2868,#2870,.T.);
#2868 = VERTEX_POINT('',#2869);
#2869 = CARTESIAN_POINT('',(-7.752641104989,41.711223380491,5.));
#2870 = SURFACE_CURVE('',#2871,(#2875,#2881),.PCURVE_S1.);
#2871 = LINE('',#2872,#2873);
#2872 = CARTESIAN_POINT('',(-20.,34.64,5.));
#2873 = VECTOR('',#2874,1.);
#2874 = DIRECTION('',(-0.866019052629,-0.500011000363,0.));
#2875 = PCURVE('',#94,#2876);
#2876 = DEFINITIONAL_REPRESENTATION('',(#2877),#2880);
#2877 = B_SPLINE_CURVE_WITH_KNOTS('',1,(#2878,#2879),.UNSPECIFIED.,.F.,
  .F.,(2,2),(-17.,17.),.PIECEWISE_BEZIER_KNOTS.);
#2878 = CARTESIAN_POINT('',(-5.277676105311,43.140187006171));
#2879 = CARTESIAN_POINT('',(-34.72232389468,26.139812993829));
#2880 = ( GEOMETRIC_REPRESENTATION_CONTEXT(2) 
PARAMETRIC_REPRESENTATION_CONTEXT() REPRESENTATION_CONTEXT('2D SPACE',''
  ) );
#2881 = PCURVE('',#2882,#2887);
#2882 = PLANE('',#2883);
#2883 = AXIS2_PLACEMENT_3D('',#2884,#2885,#2886);
#2884 = CARTESIAN_POINT('',(-20.,34.64,0.));
#2885 = DIRECTION('',(-0.500011000363,0.866019052629,0.));
#2886 = DIRECTION('',(0.866019052629,0.500011000363,0.));
#2887 = DEFINITIONAL_REPRESENTATION('',(#2888),#2891);
#2888 = B_SPLINE_CURVE_WITH_KNOTS('',1,(#2889,#2890),.UNSPECIFIED.,.F.,
  .F.,(2,2),(-17.,17.),.PIECEWISE_BEZIER_KNOTS.);
#2889 = CARTESIAN_POINT('',(17.,-5.));
#2890 = CARTESIAN_POINT('',(-17.,-5.));
#2891 = ( GEOMETRIC_REPRESENTATION_CONTEXT(2) 
PARAMETRIC_REPRESENTATION_CONTEXT() REPRESENTATION_CONTEXT('2D SPACE',''
  ) );
#2892 = ORIENTED_EDGE('',*,*,#2893,.F.);
#2893 = EDGE_CURVE('',#2894,#2868,#2896,.T.);
#2894 = VERTEX_POINT('',#2895);
#2895 = CARTESIAN_POINT('',(-5.252641104989,37.381223380491,5.));
#2896 = SURFACE_CURVE('',#2897,(#2901,#2907),.PCURVE_S1.);
#2897 = LINE('',#2898,#2899);
#2898 = CARTESIAN_POINT('',(-5.252641104989,37.381223380491,5.));
#2899 = VECTOR('',#2900,1.);
#2900 = DIRECTION('',(-0.500011000363,0.866019052629,0.));
#2901 = PCURVE('',#94,#2902);
#2902 = DEFINITIONAL_REPRESENTATION('',(#2903),#2906);
#2903 = B_SPLINE_CURVE_WITH_KNOTS('',1,(#2904,#2905),.UNSPECIFIED.,.F.,
  .F.,(2,2),(-6.000000015638E-07,69.99846058306),
  .PIECEWISE_BEZIER_KNOTS.);
#2904 = CARTESIAN_POINT('',(-5.252640804983,37.38122286088));
#2905 = CARTESIAN_POINT('',(-40.25264140499,98.001223900103));
#2906 = ( GEOMETRIC_REPRESENTATION_CONTEXT(2) 
PARAMETRIC_REPRESENTATION_CONTEXT() REPRESENTATION_CONTEXT('2D SPACE',''
  ) );
#2907 = PCURVE('',#1144,#2908);
#2908 = DEFINITIONAL_REPRESENTATION('',(#2909),#2912);
#2909 = B_SPLINE_CURVE_WITH_KNOTS('',1,(#2910,#2911),.UNSPECIFIED.,.F.,
  .F.,(2,2),(-6.000000015638E-07,69.99846058306),
  .PIECEWISE_BEZIER_KNOTS.);
#2910 = CARTESIAN_POINT('',(5.943348397725,-5.999999997875E-07));
#2911 = CARTESIAN_POINT('',(5.943348397725,69.99846058306));
#2912 = ( GEOMETRIC_REPRESENTATION_CONTEXT(2) 
PARAMETRIC_REPRESENTATION_CONTEXT() REPRESENTATION_CONTEXT('2D SPACE',''
  ) );
#2913 = ORIENTED_EDGE('',*,*,#2914,.T.);
#2914 = EDGE_CURVE('',#2894,#2915,#2917,.T.);
#2915 = VERTEX_POINT('',#2916);
#2916 = CARTESIAN_POINT('',(-29.74735889501,23.238776619509,5.));
#2917 = SURFACE_CURVE('',#2918,(#2922,#2928),.PCURVE_S1.);
#2918 = LINE('',#2919,#2920);
#2919 = CARTESIAN_POINT('',(-17.5,30.31,5.));
#2920 = VECTOR('',#2921,1.);
#2921 = DIRECTION('',(-0.866019052629,-0.500011000363,0.));
#2922 = PCURVE('',#94,#2923);
#2923 = DEFINITIONAL_REPRESENTATION('',(#2924),#2927);
#2924 = B_SPLINE_CURVE_WITH_KNOTS('',1,(#2925,#2926),.UNSPECIFIED.,.F.,
  .F.,(2,2),(-15.,15.),.PIECEWISE_BEZIER_KNOTS.);
#2925 = CARTESIAN_POINT('',(-4.509714210569,37.810165005445));
#2926 = CARTESIAN_POINT('',(-30.49028578943,22.809834994555));
#2927 = ( GEOMETRIC_REPRESENTATION_CONTEXT(2) 
PARAMETRIC_REPRESENTATION_CONTEXT() REPRESENTATION_CONTEXT('2D SPACE',''
  ) );
#2928 = PCURVE('',#1170,#2929);
#2929 = DEFINITIONAL_REPRESENTATION('',(#2930),#2933);
#2930 = B_SPLINE_CURVE_WITH_KNOTS('',1,(#2931,#2932),.UNSPECIFIED.,.F.,
  .F.,(2,2),(-15.,15.),.PIECEWISE_BEZIER_KNOTS.);
#2931 = CARTESIAN_POINT('',(15.,-5.));
#2932 = CARTESIAN_POINT('',(-15.,-5.));
#2933 = ( GEOMETRIC_REPRESENTATION_CONTEXT(2) 
PARAMETRIC_REPRESENTATION_CONTEXT() REPRESENTATION_CONTEXT('2D SPACE',''
  ) );
#2934 = ORIENTED_EDGE('',*,*,#2935,.T.);
#2935 = EDGE_CURVE('',#2915,#2936,#2938,.T.);
#2936 = VERTEX_POINT('',#2937);
#2937 = CARTESIAN_POINT('',(-32.24735889501,27.568776619509,5.));
#2938 = SURFACE_CURVE('',#2939,(#2943,#2949),.PCURVE_S1.);
#2939 = LINE('',#2940,#2941);
#2940 = CARTESIAN_POINT('',(-29.74735889501,23.238776619509,5.));
#2941 = VECTOR('',#2942,1.);
#2942 = DIRECTION('',(-0.500011000363,0.866019052629,0.));
#2943 = PCURVE('',#94,#2944);
#2944 = DEFINITIONAL_REPRESENTATION('',(#2945),#2948);
#2945 = B_SPLINE_CURVE_WITH_KNOTS('',1,(#2946,#2947),.UNSPECIFIED.,.F.,
  .F.,(2,2),(-5.999999967107E-07,69.99846058306),
  .PIECEWISE_BEZIER_KNOTS.);
#2946 = CARTESIAN_POINT('',(-29.747358595,23.238776099897));
#2947 = CARTESIAN_POINT('',(-64.74735919501,83.85877713912));
#2948 = ( GEOMETRIC_REPRESENTATION_CONTEXT(2) 
PARAMETRIC_REPRESENTATION_CONTEXT() REPRESENTATION_CONTEXT('2D SPACE',''
  ) );
#2949 = PCURVE('',#1144,#2950);
#2950 = DEFINITIONAL_REPRESENTATION('',(#2951),#2954);
#2951 = B_SPLINE_CURVE_WITH_KNOTS('',1,(#2952,#2953),.UNSPECIFIED.,.F.,
  .F.,(2,2),(-5.999999967107E-07,69.99846058306),
  .PIECEWISE_BEZIER_KNOTS.);
#2952 = CARTESIAN_POINT('',(3.481429563044,-5.999999984871E-07));
#2953 = CARTESIAN_POINT('',(3.481429563044,69.99846058306));
#2954 = ( GEOMETRIC_REPRESENTATION_CONTEXT(2) 
PARAMETRIC_REPRESENTATION_CONTEXT() REPRESENTATION_CONTEXT('2D SPACE',''
  ) );
#2955 = ORIENTED_EDGE('',*,*,#2956,.T.);
#2956 = EDGE_CURVE('',#2936,#2957,#2959,.T.);
#2957 = VERTEX_POINT('',#2958);
#2958 = CARTESIAN_POINT('',(-34.0711440854,26.515782860621,5.));
#2959 = SURFACE_CURVE('',#2960,(#2964,#2970),.PCURVE_S1.);
#2960 = LINE('',#2961,#2962);
#2961 = CARTESIAN_POINT('',(-20.,34.64,5.));
#2962 = VECTOR('',#2963,1.);
#2963 = DIRECTION('',(-0.866019052629,-0.500011000363,0.));
#2964 = PCURVE('',#94,#2965);
#2965 = DEFINITIONAL_REPRESENTATION('',(#2966),#2969);
#2966 = B_SPLINE_CURVE_WITH_KNOTS('',1,(#2967,#2968),.UNSPECIFIED.,.F.,
  .F.,(2,2),(-17.,17.),.PIECEWISE_BEZIER_KNOTS.);
#2967 = CARTESIAN_POINT('',(-5.277676105311,43.140187006171));
#2968 = CARTESIAN_POINT('',(-34.72232389468,26.139812993829));
#2969 = ( GEOMETRIC_REPRESENTATION_CONTEXT(2) 
PARAMETRIC_REPRESENTATION_CONTEXT() REPRESENTATION_CONTEXT('2D SPACE',''
  ) );
#2970 = PCURVE('',#2882,#2971);
#2971 = DEFINITIONAL_REPRESENTATION('',(#2972),#2975);
#2972 = B_SPLINE_CURVE_WITH_KNOTS('',1,(#2973,#2974),.UNSPECIFIED.,.F.,
  .F.,(2,2),(-17.,17.),.PIECEWISE_BEZIER_KNOTS.);
#2973 = CARTESIAN_POINT('',(17.,-5.));
#2974 = CARTESIAN_POINT('',(-17.,-5.));
#2975 = ( GEOMETRIC_REPRESENTATION_CONTEXT(2) 
PARAMETRIC_REPRESENTATION_CONTEXT() REPRESENTATION_CONTEXT('2D SPACE',''
  ) );
#2976 = ORIENTED_EDGE('',*,*,#2977,.T.);
#2977 = EDGE_CURVE('',#2957,#2978,#2980,.T.);
#2978 = VERTEX_POINT('',#2979);
#2979 = CARTESIAN_POINT('',(-61.37968957491,73.814183648451,5.));
#2980 = SURFACE_CURVE('',#2981,(#2985,#2991),.PCURVE_S1.);
#2981 = LINE('',#2982,#2983);
#2982 = CARTESIAN_POINT('',(-34.0711440854,26.515782860621,5.));
#2983 = VECTOR('',#2984,1.);
#2984 = DIRECTION('',(-0.500011000363,0.866019052629,0.));
#2985 = PCURVE('',#94,#2986);
#2986 = DEFINITIONAL_REPRESENTATION('',(#2987),#2990);
#2987 = B_SPLINE_CURVE_WITH_KNOTS('',1,(#2988,#2989),.UNSPECIFIED.,.F.,
  .F.,(2,2),(-5.999999967107E-07,59.99868058548),
  .PIECEWISE_BEZIER_KNOTS.);
#2988 = CARTESIAN_POINT('',(-34.07114378539,26.515782341009));
#2989 = CARTESIAN_POINT('',(-64.07114438541,78.475783380232));
#2990 = ( GEOMETRIC_REPRESENTATION_CONTEXT(2) 
PARAMETRIC_REPRESENTATION_CONTEXT() REPRESENTATION_CONTEXT('2D SPACE',''
  ) );
#2991 = PCURVE('',#1092,#2992);
#2992 = DEFINITIONAL_REPRESENTATION('',(#2993),#2996);
#2993 = B_SPLINE_CURVE_WITH_KNOTS('',1,(#2994,#2995),.UNSPECIFIED.,.F.,
  .F.,(2,2),(-5.999999967107E-07,59.99868058548),
  .PIECEWISE_BEZIER_KNOTS.);
#2994 = CARTESIAN_POINT('',(3.440124854775,-5.999999993753E-07));
#2995 = CARTESIAN_POINT('',(3.440124854775,59.99868058548));
#2996 = ( GEOMETRIC_REPRESENTATION_CONTEXT(2) 
PARAMETRIC_REPRESENTATION_CONTEXT() REPRESENTATION_CONTEXT('2D SPACE',''
  ) );
#2997 = ORIENTED_EDGE('',*,*,#2998,.T.);
#2998 = EDGE_CURVE('',#2978,#2999,#3001,.T.);
#2999 = VERTEX_POINT('',#3000);
#3000 = CARTESIAN_POINT('',(-94.61500938011,16.248076809272,5.));
#3001 = SURFACE_CURVE('',#3002,(#3007,#3014),.PCURVE_S1.);
#3002 = CIRCLE('',#3003,96.);
#3003 = AXIS2_PLACEMENT_3D('',#3004,#3005,#3006);
#3004 = CARTESIAN_POINT('',(0.,0.,5.));
#3005 = DIRECTION('',(0.,0.,1.));
#3006 = DIRECTION('',(1.,0.,-0.));
#3007 = PCURVE('',#94,#3008);
#3008 = DEFINITIONAL_REPRESENTATION('',(#3009),#3013);
#3009 = CIRCLE('',#3010,96.);
#3010 = AXIS2_PLACEMENT_2D('',#3011,#3012);
#3011 = CARTESIAN_POINT('',(0.,0.));
#3012 = DIRECTION('',(1.,0.));
#3013 = ( GEOMETRIC_REPRESENTATION_CONTEXT(2) 
PARAMETRIC_REPRESENTATION_CONTEXT() REPRESENTATION_CONTEXT('2D SPACE',''
  ) );
#3014 = PCURVE('',#1261,#3015);
#3015 = DEFINITIONAL_REPRESENTATION('',(#3016),#3020);
#3016 = LINE('',#3017,#3018);
#3017 = CARTESIAN_POINT('',(0.,10.));
#3018 = VECTOR('',#3019,1.);
#3019 = DIRECTION('',(1.,0.));
#3020 = ( GEOMETRIC_REPRESENTATION_CONTEXT(2) 
PARAMETRIC_REPRESENTATION_CONTEXT() REPRESENTATION_CONTEXT('2D SPACE',''
  ) );
#3021 = ORIENTED_EDGE('',*,*,#3022,.F.);
#3022 = EDGE_CURVE('',#3023,#2999,#3025,.T.);
#3023 = VERTEX_POINT('',#3024);
#3024 = CARTESIAN_POINT('',(-40.,16.248076809272,5.));
#3025 = SURFACE_CURVE('',#3026,(#3030,#3036),.PCURVE_S1.);
#3026 = LINE('',#3027,#3028);
#3027 = CARTESIAN_POINT('',(-40.,16.248076809272,5.));
#3028 = VECTOR('',#3029,1.);
#3029 = DIRECTION('',(-1.,0.,0.));
#3030 = PCURVE('',#94,#3031);
#3031 = DEFINITIONAL_REPRESENTATION('',(#3032),#3035);
#3032 = B_SPLINE_CURVE_WITH_KNOTS('',1,(#3033,#3034),.UNSPECIFIED.,.F.,
  .F.,(2,2),(-5.999999999062E-07,60.0000006),.PIECEWISE_BEZIER_KNOTS.);
#3033 = CARTESIAN_POINT('',(-39.9999994,16.248076809272));
#3034 = CARTESIAN_POINT('',(-100.0000006,16.248076809272));
#3035 = ( GEOMETRIC_REPRESENTATION_CONTEXT(2) 
PARAMETRIC_REPRESENTATION_CONTEXT() REPRESENTATION_CONTEXT('2D SPACE',''
  ) );
#3036 = PCURVE('',#1288,#3037);
#3037 = DEFINITIONAL_REPRESENTATION('',(#3038),#3041);
#3038 = B_SPLINE_CURVE_WITH_KNOTS('',1,(#3039,#3040),.UNSPECIFIED.,.F.,
  .F.,(2,2),(-5.999999999062E-07,60.0000006),.PIECEWISE_BEZIER_KNOTS.);
#3039 = CARTESIAN_POINT('',(4.4138567792,-5.999999999062E-07));
#3040 = CARTESIAN_POINT('',(4.4138567792,60.0000006));
#3041 = ( GEOMETRIC_REPRESENTATION_CONTEXT(2) 
PARAMETRIC_REPRESENTATION_CONTEXT() REPRESENTATION_CONTEXT('2D SPACE',''
  ) );
#3042 = ORIENTED_EDGE('',*,*,#3043,.T.);
#3043 = EDGE_CURVE('',#3023,#3044,#3046,.T.);
#3044 = VERTEX_POINT('',#3045);
#3045 = CARTESIAN_POINT('',(-40.,14.142135623731,5.));
#3046 = SURFACE_CURVE('',#3047,(#3051,#3057),.PCURVE_S1.);
#3047 = LINE('',#3048,#3049);
#3048 = CARTESIAN_POINT('',(-40.,0.,5.));
#3049 = VECTOR('',#3050,1.);
#3050 = DIRECTION('',(0.,-1.,0.));
#3051 = PCURVE('',#94,#3052);
#3052 = DEFINITIONAL_REPRESENTATION('',(#3053),#3056);
#3053 = B_SPLINE_CURVE_WITH_KNOTS('',1,(#3054,#3055),.UNSPECIFIED.,.F.,
  .F.,(2,2),(-17.,17.),.PIECEWISE_BEZIER_KNOTS.);
#3054 = CARTESIAN_POINT('',(-40.,17.));
#3055 = CARTESIAN_POINT('',(-40.,-17.));
#3056 = ( GEOMETRIC_REPRESENTATION_CONTEXT(2) 
PARAMETRIC_REPRESENTATION_CONTEXT() REPRESENTATION_CONTEXT('2D SPACE',''
  ) );
#3057 = PCURVE('',#3058,#3063);
#3058 = PLANE('',#3059);
#3059 = AXIS2_PLACEMENT_3D('',#3060,#3061,#3062);
#3060 = CARTESIAN_POINT('',(-40.,0.,0.));
#3061 = DIRECTION('',(-1.,0.,0.));
#3062 = DIRECTION('',(0.,0.,-1.));
#3063 = DEFINITIONAL_REPRESENTATION('',(#3064),#3067);
#3064 = B_SPLINE_CURVE_WITH_KNOTS('',1,(#3065,#3066),.UNSPECIFIED.,.F.,
  .F.,(2,2),(-17.,17.),.PIECEWISE_BEZIER_KNOTS.);
#3065 = CARTESIAN_POINT('',(-5.,-17.));
#3066 = CARTESIAN_POINT('',(-5.,17.));
#3067 = ( GEOMETRIC_REPRESENTATION_CONTEXT(2) 
PARAMETRIC_REPRESENTATION_CONTEXT() REPRESENTATION_CONTEXT('2D SPACE',''
  ) );
#3068 = ORIENTED_EDGE('',*,*,#3069,.F.);
#3069 = EDGE_CURVE('',#3070,#3044,#3072,.T.);
#3070 = VERTEX_POINT('',#3071);
#3071 = CARTESIAN_POINT('',(-35.,14.142135623731,5.));
#3072 = SURFACE_CURVE('',#3073,(#3077,#3083),.PCURVE_S1.);
#3073 = LINE('',#3074,#3075);
#3074 = CARTESIAN_POINT('',(-35.,14.142135623731,5.));
#3075 = VECTOR('',#3076,1.);
#3076 = DIRECTION('',(-1.,0.,0.));
#3077 = PCURVE('',#94,#3078);
#3078 = DEFINITIONAL_REPRESENTATION('',(#3079),#3082);
#3079 = B_SPLINE_CURVE_WITH_KNOTS('',1,(#3080,#3081),.UNSPECIFIED.,.F.,
  .F.,(2,2),(-5.999999999062E-07,70.0000006),.PIECEWISE_BEZIER_KNOTS.);
#3080 = CARTESIAN_POINT('',(-34.9999994,14.142135623731));
#3081 = CARTESIAN_POINT('',(-105.0000006,14.142135623731));
#3082 = ( GEOMETRIC_REPRESENTATION_CONTEXT(2) 
PARAMETRIC_REPRESENTATION_CONTEXT() REPRESENTATION_CONTEXT('2D SPACE',''
  ) );
#3083 = PCURVE('',#1340,#3084);
#3084 = DEFINITIONAL_REPRESENTATION('',(#3085),#3088);
#3085 = B_SPLINE_CURVE_WITH_KNOTS('',1,(#3086,#3087),.UNSPECIFIED.,.F.,
  .F.,(2,2),(-5.999999999062E-07,70.0000006),.PIECEWISE_BEZIER_KNOTS.);
#3086 = CARTESIAN_POINT('',(4.372552070931,-5.999999999062E-07));
#3087 = CARTESIAN_POINT('',(4.372552070931,70.0000006));
#3088 = ( GEOMETRIC_REPRESENTATION_CONTEXT(2) 
PARAMETRIC_REPRESENTATION_CONTEXT() REPRESENTATION_CONTEXT('2D SPACE',''
  ) );
#3089 = ORIENTED_EDGE('',*,*,#3090,.T.);
#3090 = EDGE_CURVE('',#3070,#3091,#3093,.T.);
#3091 = VERTEX_POINT('',#3092);
#3092 = CARTESIAN_POINT('',(-35.,-14.14213562373,5.));
#3093 = SURFACE_CURVE('',#3094,(#3098,#3104),.PCURVE_S1.);
#3094 = LINE('',#3095,#3096);
#3095 = CARTESIAN_POINT('',(-35.,0.,5.));
#3096 = VECTOR('',#3097,1.);
#3097 = DIRECTION('',(0.,-1.,0.));
#3098 = PCURVE('',#94,#3099);
#3099 = DEFINITIONAL_REPRESENTATION('',(#3100),#3103);
#3100 = B_SPLINE_CURVE_WITH_KNOTS('',1,(#3101,#3102),.UNSPECIFIED.,.F.,
  .F.,(2,2),(-15.,15.),.PIECEWISE_BEZIER_KNOTS.);
#3101 = CARTESIAN_POINT('',(-35.,15.));
#3102 = CARTESIAN_POINT('',(-35.,-15.));
#3103 = ( GEOMETRIC_REPRESENTATION_CONTEXT(2) 
PARAMETRIC_REPRESENTATION_CONTEXT() REPRESENTATION_CONTEXT('2D SPACE',''
  ) );
#3104 = PCURVE('',#1366,#3105);
#3105 = DEFINITIONAL_REPRESENTATION('',(#3106),#3109);
#3106 = B_SPLINE_CURVE_WITH_KNOTS('',1,(#3107,#3108),.UNSPECIFIED.,.F.,
  .F.,(2,2),(-15.,15.),.PIECEWISE_BEZIER_KNOTS.);
#3107 = CARTESIAN_POINT('',(-5.,-15.));
#3108 = CARTESIAN_POINT('',(-5.,15.));
#3109 = ( GEOMETRIC_REPRESENTATION_CONTEXT(2) 
PARAMETRIC_REPRESENTATION_CONTEXT() REPRESENTATION_CONTEXT('2D SPACE',''
  ) );
#3110 = ORIENTED_EDGE('',*,*,#3111,.T.);
#3111 = EDGE_CURVE('',#3091,#3112,#3114,.T.);
#3112 = VERTEX_POINT('',#3113);
#3113 = CARTESIAN_POINT('',(-40.,-14.14213562373,5.));
#3114 = SURFACE_CURVE('',#3115,(#3119,#3125),.PCURVE_S1.);
#3115 = LINE('',#3116,#3117);
#3116 = CARTESIAN_POINT('',(-35.,-14.14213562373,5.));
#3117 = VECTOR('',#3118,1.);
#3118 = DIRECTION('',(-1.,0.,0.));
#3119 = PCURVE('',#94,#3120);
#3120 = DEFINITIONAL_REPRESENTATION('',(#3121),#3124);
#3121 = B_SPLINE_CURVE_WITH_KNOTS('',1,(#3122,#3123),.UNSPECIFIED.,.F.,
  .F.,(2,2),(-5.999999999062E-07,70.0000006),.PIECEWISE_BEZIER_KNOTS.);
#3122 = CARTESIAN_POINT('',(-34.9999994,-14.14213562373));
#3123 = CARTESIAN_POINT('',(-105.0000006,-14.14213562373));
#3124 = ( GEOMETRIC_REPRESENTATION_CONTEXT(2) 
PARAMETRIC_REPRESENTATION_CONTEXT() REPRESENTATION_CONTEXT('2D SPACE',''
  ) );
#3125 = PCURVE('',#1340,#3126);
#3126 = DEFINITIONAL_REPRESENTATION('',(#3127),#3130);
#3127 = B_SPLINE_CURVE_WITH_KNOTS('',1,(#3128,#3129),.UNSPECIFIED.,.F.,
  .F.,(2,2),(-5.999999999062E-07,70.0000006),.PIECEWISE_BEZIER_KNOTS.);
#3128 = CARTESIAN_POINT('',(1.910633236249,-5.999999999062E-07));
#3129 = CARTESIAN_POINT('',(1.910633236249,70.0000006));
#3130 = ( GEOMETRIC_REPRESENTATION_CONTEXT(2) 
PARAMETRIC_REPRESENTATION_CONTEXT() REPRESENTATION_CONTEXT('2D SPACE',''
  ) );
#3131 = ORIENTED_EDGE('',*,*,#3132,.T.);
#3132 = EDGE_CURVE('',#3112,#3133,#3135,.T.);
#3133 = VERTEX_POINT('',#3134);
#3134 = CARTESIAN_POINT('',(-40.,-16.24807680927,5.));
#3135 = SURFACE_CURVE('',#3136,(#3140,#3146),.PCURVE_S1.);
#3136 = LINE('',#3137,#3138);
#3137 = CARTESIAN_POINT('',(-40.,0.,5.));
#3138 = VECTOR('',#3139,1.);
#3139 = DIRECTION('',(0.,-1.,0.));
#3140 = PCURVE('',#94,#3141);
#3141 = DEFINITIONAL_REPRESENTATION('',(#3142),#3145);
#3142 = B_SPLINE_CURVE_WITH_KNOTS('',1,(#3143,#3144),.UNSPECIFIED.,.F.,
  .F.,(2,2),(-17.,17.),.PIECEWISE_BEZIER_KNOTS.);
#3143 = CARTESIAN_POINT('',(-40.,17.));
#3144 = CARTESIAN_POINT('',(-40.,-17.));
#3145 = ( GEOMETRIC_REPRESENTATION_CONTEXT(2) 
PARAMETRIC_REPRESENTATION_CONTEXT() REPRESENTATION_CONTEXT('2D SPACE',''
  ) );
#3146 = PCURVE('',#3058,#3147);
#3147 = DEFINITIONAL_REPRESENTATION('',(#3148),#3151);
#3148 = B_SPLINE_CURVE_WITH_KNOTS('',1,(#3149,#3150),.UNSPECIFIED.,.F.,
  .F.,(2,2),(-17.,17.),.PIECEWISE_BEZIER_KNOTS.);
#3149 = CARTESIAN_POINT('',(-5.,-17.));
#3150 = CARTESIAN_POINT('',(-5.,17.));
#3151 = ( GEOMETRIC_REPRESENTATION_CONTEXT(2) 
PARAMETRIC_REPRESENTATION_CONTEXT() REPRESENTATION_CONTEXT('2D SPACE',''
  ) );
#3152 = ORIENTED_EDGE('',*,*,#3153,.T.);
#3153 = EDGE_CURVE('',#3133,#3154,#3156,.T.);
#3154 = VERTEX_POINT('',#3155);
#3155 = CARTESIAN_POINT('',(-94.61500938011,-16.24807680927,5.));
#3156 = SURFACE_CURVE('',#3157,(#3161,#3167),.PCURVE_S1.);
#3157 = LINE('',#3158,#3159);
#3158 = CARTESIAN_POINT('',(-40.,-16.24807680927,5.));
#3159 = VECTOR('',#3160,1.);
#3160 = DIRECTION('',(-1.,0.,0.));
#3161 = PCURVE('',#94,#3162);
#3162 = DEFINITIONAL_REPRESENTATION('',(#3163),#3166);
#3163 = B_SPLINE_CURVE_WITH_KNOTS('',1,(#3164,#3165),.UNSPECIFIED.,.F.,
  .F.,(2,2),(-5.999999999062E-07,60.0000006),.PIECEWISE_BEZIER_KNOTS.);
#3164 = CARTESIAN_POINT('',(-39.9999994,-16.24807680927));
#3165 = CARTESIAN_POINT('',(-100.0000006,-16.24807680927));
#3166 = ( GEOMETRIC_REPRESENTATION_CONTEXT(2) 
PARAMETRIC_REPRESENTATION_CONTEXT() REPRESENTATION_CONTEXT('2D SPACE',''
  ) );
#3167 = PCURVE('',#1288,#3168);
#3168 = DEFINITIONAL_REPRESENTATION('',(#3169),#3172);
#3169 = B_SPLINE_CURVE_WITH_KNOTS('',1,(#3170,#3171),.UNSPECIFIED.,.F.,
  .F.,(2,2),(-5.999999999062E-07,60.0000006),.PIECEWISE_BEZIER_KNOTS.);
#3170 = CARTESIAN_POINT('',(1.86932852798,-5.999999999062E-07));
#3171 = CARTESIAN_POINT('',(1.86932852798,60.0000006));
#3172 = ( GEOMETRIC_REPRESENTATION_CONTEXT(2) 
PARAMETRIC_REPRESENTATION_CONTEXT() REPRESENTATION_CONTEXT('2D SPACE',''
  ) );
#3173 = ORIENTED_EDGE('',*,*,#3174,.T.);
#3174 = EDGE_CURVE('',#3154,#3175,#3177,.T.);
#3175 = VERTEX_POINT('',#3176);
#3176 = CARTESIAN_POINT('',(-61.37968957491,-73.81418364845,5.));
#3177 = SURFACE_CURVE('',#3178,(#3183,#3190),.PCURVE_S1.);
#3178 = CIRCLE('',#3179,96.);
#3179 = AXIS2_PLACEMENT_3D('',#3180,#3181,#3182);
#3180 = CARTESIAN_POINT('',(0.,0.,5.));
#3181 = DIRECTION('',(0.,0.,1.));
#3182 = DIRECTION('',(1.,0.,-0.));
#3183 = PCURVE('',#94,#3184);
#3184 = DEFINITIONAL_REPRESENTATION('',(#3185),#3189);
#3185 = CIRCLE('',#3186,96.);
#3186 = AXIS2_PLACEMENT_2D('',#3187,#3188);
#3187 = CARTESIAN_POINT('',(0.,0.));
#3188 = DIRECTION('',(1.,0.));
#3189 = ( GEOMETRIC_REPRESENTATION_CONTEXT(2) 
PARAMETRIC_REPRESENTATION_CONTEXT() REPRESENTATION_CONTEXT('2D SPACE',''
  ) );
#3190 = PCURVE('',#1457,#3191);
#3191 = DEFINITIONAL_REPRESENTATION('',(#3192),#3196);
#3192 = LINE('',#3193,#3194);
#3193 = CARTESIAN_POINT('',(0.,10.));
#3194 = VECTOR('',#3195,1.);
#3195 = DIRECTION('',(1.,0.));
#3196 = ( GEOMETRIC_REPRESENTATION_CONTEXT(2) 
PARAMETRIC_REPRESENTATION_CONTEXT() REPRESENTATION_CONTEXT('2D SPACE',''
  ) );
#3197 = ORIENTED_EDGE('',*,*,#3198,.F.);
#3198 = EDGE_CURVE('',#3199,#3175,#3201,.T.);
#3199 = VERTEX_POINT('',#3200);
#3200 = CARTESIAN_POINT('',(-34.0711440854,-26.51578286062,5.));
#3201 = SURFACE_CURVE('',#3202,(#3206,#3212),.PCURVE_S1.);
#3202 = LINE('',#3203,#3204);
#3203 = CARTESIAN_POINT('',(-34.0711440854,-26.51578286062,5.));
#3204 = VECTOR('',#3205,1.);
#3205 = DIRECTION('',(-0.500011000363,-0.866019052629,0.));
#3206 = PCURVE('',#94,#3207);
#3207 = DEFINITIONAL_REPRESENTATION('',(#3208),#3211);
#3208 = B_SPLINE_CURVE_WITH_KNOTS('',1,(#3209,#3210),.UNSPECIFIED.,.F.,
  .F.,(2,2),(-5.999999971868E-07,59.99868058548),
  .PIECEWISE_BEZIER_KNOTS.);
#3209 = CARTESIAN_POINT('',(-34.07114378539,-26.515782341));
#3210 = CARTESIAN_POINT('',(-64.07114438541,-78.47578338023));
#3211 = ( GEOMETRIC_REPRESENTATION_CONTEXT(2) 
PARAMETRIC_REPRESENTATION_CONTEXT() REPRESENTATION_CONTEXT('2D SPACE',''
  ) );
#3212 = PCURVE('',#1484,#3213);
#3213 = DEFINITIONAL_REPRESENTATION('',(#3214),#3217);
#3214 = B_SPLINE_CURVE_WITH_KNOTS('',1,(#3215,#3216),.UNSPECIFIED.,.F.,
  .F.,(2,2),(-5.999999971868E-07,59.99868058548),
  .PIECEWISE_BEZIER_KNOTS.);
#3215 = CARTESIAN_POINT('',(5.984653105995,-5.999999998513E-07));
#3216 = CARTESIAN_POINT('',(5.984653105995,59.99868058548));
#3217 = ( GEOMETRIC_REPRESENTATION_CONTEXT(2) 
PARAMETRIC_REPRESENTATION_CONTEXT() REPRESENTATION_CONTEXT('2D SPACE',''
  ) );
#3218 = ORIENTED_EDGE('',*,*,#3219,.T.);
#3219 = EDGE_CURVE('',#3199,#3220,#3222,.T.);
#3220 = VERTEX_POINT('',#3221);
#3221 = CARTESIAN_POINT('',(-32.24735889501,-27.5687766195,5.));
#3222 = SURFACE_CURVE('',#3223,(#3227,#3233),.PCURVE_S1.);
#3223 = LINE('',#3224,#3225);
#3224 = CARTESIAN_POINT('',(-20.,-34.64,5.));
#3225 = VECTOR('',#3226,1.);
#3226 = DIRECTION('',(0.866019052629,-0.500011000363,0.));
#3227 = PCURVE('',#94,#3228);
#3228 = DEFINITIONAL_REPRESENTATION('',(#3229),#3232);
#3229 = B_SPLINE_CURVE_WITH_KNOTS('',1,(#3230,#3231),.UNSPECIFIED.,.F.,
  .F.,(2,2),(-17.,17.),.PIECEWISE_BEZIER_KNOTS.);
#3230 = CARTESIAN_POINT('',(-34.72232389468,-26.13981299382));
#3231 = CARTESIAN_POINT('',(-5.277676105311,-43.14018700617));
#3232 = ( GEOMETRIC_REPRESENTATION_CONTEXT(2) 
PARAMETRIC_REPRESENTATION_CONTEXT() REPRESENTATION_CONTEXT('2D SPACE',''
  ) );
#3233 = PCURVE('',#3234,#3239);
#3234 = PLANE('',#3235);
#3235 = AXIS2_PLACEMENT_3D('',#3236,#3237,#3238);
#3236 = CARTESIAN_POINT('',(-20.,-34.64,0.));
#3237 = DIRECTION('',(-0.500011000363,-0.866019052629,0.));
#3238 = DIRECTION('',(-0.866019052629,0.500011000363,0.));
#3239 = DEFINITIONAL_REPRESENTATION('',(#3240),#3243);
#3240 = B_SPLINE_CURVE_WITH_KNOTS('',1,(#3241,#3242),.UNSPECIFIED.,.F.,
  .F.,(2,2),(-17.,17.),.PIECEWISE_BEZIER_KNOTS.);
#3241 = CARTESIAN_POINT('',(17.,-5.));
#3242 = CARTESIAN_POINT('',(-17.,-5.));
#3243 = ( GEOMETRIC_REPRESENTATION_CONTEXT(2) 
PARAMETRIC_REPRESENTATION_CONTEXT() REPRESENTATION_CONTEXT('2D SPACE',''
  ) );
#3244 = ORIENTED_EDGE('',*,*,#3245,.F.);
#3245 = EDGE_CURVE('',#3246,#3220,#3248,.T.);
#3246 = VERTEX_POINT('',#3247);
#3247 = CARTESIAN_POINT('',(-29.74735889501,-23.2387766195,5.));
#3248 = SURFACE_CURVE('',#3249,(#3253,#3259),.PCURVE_S1.);
#3249 = LINE('',#3250,#3251);
#3250 = CARTESIAN_POINT('',(-29.74735889501,-23.2387766195,5.));
#3251 = VECTOR('',#3252,1.);
#3252 = DIRECTION('',(-0.500011000363,-0.866019052629,0.));
#3253 = PCURVE('',#94,#3254);
#3254 = DEFINITIONAL_REPRESENTATION('',(#3255),#3258);
#3255 = B_SPLINE_CURVE_WITH_KNOTS('',1,(#3256,#3257),.UNSPECIFIED.,.F.,
  .F.,(2,2),(-5.999999984871E-07,69.99846058306),
  .PIECEWISE_BEZIER_KNOTS.);
#3256 = CARTESIAN_POINT('',(-29.747358595,-23.23877609989));
#3257 = CARTESIAN_POINT('',(-64.74735919501,-83.85877713912));
#3258 = ( GEOMETRIC_REPRESENTATION_CONTEXT(2) 
PARAMETRIC_REPRESENTATION_CONTEXT() REPRESENTATION_CONTEXT('2D SPACE',''
  ) );
#3259 = PCURVE('',#1536,#3260);
#3260 = DEFINITIONAL_REPRESENTATION('',(#3261),#3264);
#3261 = B_SPLINE_CURVE_WITH_KNOTS('',1,(#3262,#3263),.UNSPECIFIED.,.F.,
  .F.,(2,2),(-5.999999984871E-07,69.99846058306),
  .PIECEWISE_BEZIER_KNOTS.);
#3262 = CARTESIAN_POINT('',(5.943348397725,-6.000000002635E-07));
#3263 = CARTESIAN_POINT('',(5.943348397725,69.99846058306));
#3264 = ( GEOMETRIC_REPRESENTATION_CONTEXT(2) 
PARAMETRIC_REPRESENTATION_CONTEXT() REPRESENTATION_CONTEXT('2D SPACE',''
  ) );
#3265 = ORIENTED_EDGE('',*,*,#3266,.T.);
#3266 = EDGE_CURVE('',#3246,#3267,#3269,.T.);
#3267 = VERTEX_POINT('',#3268);
#3268 = CARTESIAN_POINT('',(-5.252641104989,-37.38122338049,5.));
#3269 = SURFACE_CURVE('',#3270,(#3274,#3280),.PCURVE_S1.);
#3270 = LINE('',#3271,#3272);
#3271 = CARTESIAN_POINT('',(-17.5,-30.31,5.));
#3272 = VECTOR('',#3273,1.);
#3273 = DIRECTION('',(0.866019052629,-0.500011000363,0.));
#3274 = PCURVE('',#94,#3275);
#3275 = DEFINITIONAL_REPRESENTATION('',(#3276),#3279);
#3276 = B_SPLINE_CURVE_WITH_KNOTS('',1,(#3277,#3278),.UNSPECIFIED.,.F.,
  .F.,(2,2),(-15.,15.),.PIECEWISE_BEZIER_KNOTS.);
#3277 = CARTESIAN_POINT('',(-30.49028578943,-22.80983499455));
#3278 = CARTESIAN_POINT('',(-4.509714210569,-37.81016500544));
#3279 = ( GEOMETRIC_REPRESENTATION_CONTEXT(2) 
PARAMETRIC_REPRESENTATION_CONTEXT() REPRESENTATION_CONTEXT('2D SPACE',''
  ) );
#3280 = PCURVE('',#1562,#3281);
#3281 = DEFINITIONAL_REPRESENTATION('',(#3282),#3285);
#3282 = B_SPLINE_CURVE_WITH_KNOTS('',1,(#3283,#3284),.UNSPECIFIED.,.F.,
  .F.,(2,2),(-15.,15.),.PIECEWISE_BEZIER_KNOTS.);
#3283 = CARTESIAN_POINT('',(15.,-5.));
#3284 = CARTESIAN_POINT('',(-15.,-5.));
#3285 = ( GEOMETRIC_REPRESENTATION_CONTEXT(2) 
PARAMETRIC_REPRESENTATION_CONTEXT() REPRESENTATION_CONTEXT('2D SPACE',''
  ) );
#3286 = ORIENTED_EDGE('',*,*,#3287,.T.);
#3287 = EDGE_CURVE('',#3267,#3288,#3290,.T.);
#3288 = VERTEX_POINT('',#3289);
#3289 = CARTESIAN_POINT('',(-7.752641104989,-41.71122338049,5.));
#3290 = SURFACE_CURVE('',#3291,(#3295,#3301),.PCURVE_S1.);
#3291 = LINE('',#3292,#3293);
#3292 = CARTESIAN_POINT('',(-5.252641104989,-37.38122338049,5.));
#3293 = VECTOR('',#3294,1.);
#3294 = DIRECTION('',(-0.500011000363,-0.866019052629,0.));
#3295 = PCURVE('',#94,#3296);
#3296 = DEFINITIONAL_REPRESENTATION('',(#3297),#3300);
#3297 = B_SPLINE_CURVE_WITH_KNOTS('',1,(#3298,#3299),.UNSPECIFIED.,.F.,
  .F.,(2,2),(-6.00000002452E-07,69.99846058306),
  .PIECEWISE_BEZIER_KNOTS.);
#3298 = CARTESIAN_POINT('',(-5.252640804983,-37.38122286088));
#3299 = CARTESIAN_POINT('',(-40.25264140499,-98.0012239001));
#3300 = ( GEOMETRIC_REPRESENTATION_CONTEXT(2) 
PARAMETRIC_REPRESENTATION_CONTEXT() REPRESENTATION_CONTEXT('2D SPACE',''
  ) );
#3301 = PCURVE('',#1536,#3302);
#3302 = DEFINITIONAL_REPRESENTATION('',(#3303),#3306);
#3303 = B_SPLINE_CURVE_WITH_KNOTS('',1,(#3304,#3305),.UNSPECIFIED.,.F.,
  .F.,(2,2),(-6.00000002452E-07,69.99846058306),
  .PIECEWISE_BEZIER_KNOTS.);
#3304 = CARTESIAN_POINT('',(3.481429563044,-6.000000006757E-07));
#3305 = CARTESIAN_POINT('',(3.481429563044,69.99846058306));
#3306 = ( GEOMETRIC_REPRESENTATION_CONTEXT(2) 
PARAMETRIC_REPRESENTATION_CONTEXT() REPRESENTATION_CONTEXT('2D SPACE',''
  ) );
#3307 = ORIENTED_EDGE('',*,*,#3308,.T.);
#3308 = EDGE_CURVE('',#3288,#3309,#3311,.T.);
#3309 = VERTEX_POINT('',#3310);
#3310 = CARTESIAN_POINT('',(-5.928855914595,-42.76421713937,5.));
#3311 = SURFACE_CURVE('',#3312,(#3316,#3322),.PCURVE_S1.);
#3312 = LINE('',#3313,#3314);
#3313 = CARTESIAN_POINT('',(-20.,-34.64,5.));
#3314 = VECTOR('',#3315,1.);
#3315 = DIRECTION('',(0.866019052629,-0.500011000363,0.));
#3316 = PCURVE('',#94,#3317);
#3317 = DEFINITIONAL_REPRESENTATION('',(#3318),#3321);
#3318 = B_SPLINE_CURVE_WITH_KNOTS('',1,(#3319,#3320),.UNSPECIFIED.,.F.,
  .F.,(2,2),(-17.,17.),.PIECEWISE_BEZIER_KNOTS.);
#3319 = CARTESIAN_POINT('',(-34.72232389468,-26.13981299382));
#3320 = CARTESIAN_POINT('',(-5.277676105311,-43.14018700617));
#3321 = ( GEOMETRIC_REPRESENTATION_CONTEXT(2) 
PARAMETRIC_REPRESENTATION_CONTEXT() REPRESENTATION_CONTEXT('2D SPACE',''
  ) );
#3322 = PCURVE('',#3234,#3323);
#3323 = DEFINITIONAL_REPRESENTATION('',(#3324),#3327);
#3324 = B_SPLINE_CURVE_WITH_KNOTS('',1,(#3325,#3326),.UNSPECIFIED.,.F.,
  .F.,(2,2),(-17.,17.),.PIECEWISE_BEZIER_KNOTS.);
#3325 = CARTESIAN_POINT('',(17.,-5.));
#3326 = CARTESIAN_POINT('',(-17.,-5.));
#3327 = ( GEOMETRIC_REPRESENTATION_CONTEXT(2) 
PARAMETRIC_REPRESENTATION_CONTEXT() REPRESENTATION_CONTEXT('2D SPACE',''
  ) );
#3328 = ORIENTED_EDGE('',*,*,#3329,.T.);
#3329 = EDGE_CURVE('',#3309,#3330,#3332,.T.);
#3330 = VERTEX_POINT('',#3331);
#3331 = CARTESIAN_POINT('',(-33.2374014041,-90.0626179272,5.));
#3332 = SURFACE_CURVE('',#3333,(#3337,#3343),.PCURVE_S1.);
#3333 = LINE('',#3334,#3335);
#3334 = CARTESIAN_POINT('',(-5.928855914595,-42.76421713937,5.));
#3335 = VECTOR('',#3336,1.);
#3336 = DIRECTION('',(-0.500011000363,-0.866019052629,0.));
#3337 = PCURVE('',#94,#3338);
#3338 = DEFINITIONAL_REPRESENTATION('',(#3339),#3342);
#3339 = B_SPLINE_CURVE_WITH_KNOTS('',1,(#3340,#3341),.UNSPECIFIED.,.F.,
  .F.,(2,2),(-6.000000015638E-07,59.99868058548),
  .PIECEWISE_BEZIER_KNOTS.);
#3340 = CARTESIAN_POINT('',(-5.928855614589,-42.76421661976));
#3341 = CARTESIAN_POINT('',(-35.9288562146,-94.72421765899));
#3342 = ( GEOMETRIC_REPRESENTATION_CONTEXT(2) 
PARAMETRIC_REPRESENTATION_CONTEXT() REPRESENTATION_CONTEXT('2D SPACE',''
  ) );
#3343 = PCURVE('',#1484,#3344);
#3344 = DEFINITIONAL_REPRESENTATION('',(#3345),#3348);
#3345 = B_SPLINE_CURVE_WITH_KNOTS('',1,(#3346,#3347),.UNSPECIFIED.,.F.,
  .F.,(2,2),(-6.000000015638E-07,59.99868058548),
  .PIECEWISE_BEZIER_KNOTS.);
#3346 = CARTESIAN_POINT('',(3.440124854775,-5.999999997875E-07));
#3347 = CARTESIAN_POINT('',(3.440124854775,59.99868058548));
#3348 = ( GEOMETRIC_REPRESENTATION_CONTEXT(2) 
PARAMETRIC_REPRESENTATION_CONTEXT() REPRESENTATION_CONTEXT('2D SPACE',''
  ) );
#3349 = ORIENTED_EDGE('',*,*,#3350,.T.);
#3350 = EDGE_CURVE('',#3330,#2047,#3351,.T.);
#3351 = SURFACE_CURVE('',#3352,(#3357,#3364),.PCURVE_S1.);
#3352 = CIRCLE('',#3353,96.);
#3353 = AXIS2_PLACEMENT_3D('',#3354,#3355,#3356);
#3354 = CARTESIAN_POINT('',(0.,0.,5.));
#3355 = DIRECTION('',(0.,0.,1.));
#3356 = DIRECTION('',(1.,0.,-0.));
#3357 = PCURVE('',#94,#3358);
#3358 = DEFINITIONAL_REPRESENTATION('',(#3359),#3363);
#3359 = CIRCLE('',#3360,96.);
#3360 = AXIS2_PLACEMENT_2D('',#3361,#3362);
#3361 = CARTESIAN_POINT('',(0.,0.));
#3362 = DIRECTION('',(1.,0.));
#3363 = ( GEOMETRIC_REPRESENTATION_CONTEXT(2) 
PARAMETRIC_REPRESENTATION_CONTEXT() REPRESENTATION_CONTEXT('2D SPACE',''
  ) );
#3364 = PCURVE('',#1653,#3365);
#3365 = DEFINITIONAL_REPRESENTATION('',(#3366),#3370);
#3366 = LINE('',#3367,#3368);
#3367 = CARTESIAN_POINT('',(0.,10.));
#3368 = VECTOR('',#3369,1.);
#3369 = DIRECTION('',(1.,0.));
#3370 = ( GEOMETRIC_REPRESENTATION_CONTEXT(2) 
PARAMETRIC_REPRESENTATION_CONTEXT() REPRESENTATION_CONTEXT('2D SPACE',''
  ) );
#3371 = ORIENTED_EDGE('',*,*,#2236,.F.);
#3372 = ORIENTED_EDGE('',*,*,#3373,.T.);
#3373 = EDGE_CURVE('',#2208,#3374,#3376,.T.);
#3374 = VERTEX_POINT('',#3375);
#3375 = CARTESIAN_POINT('',(7.752641104989,-41.71122338049,5.));
#3376 = SURFACE_CURVE('',#3377,(#3381,#3387),.PCURVE_S1.);
#3377 = LINE('',#3378,#3379);
#3378 = CARTESIAN_POINT('',(20.,-34.64,5.));
#3379 = VECTOR('',#3380,1.);
#3380 = DIRECTION('',(0.866019052629,0.500011000363,-0.));
#3381 = PCURVE('',#94,#3382);
#3382 = DEFINITIONAL_REPRESENTATION('',(#3383),#3386);
#3383 = B_SPLINE_CURVE_WITH_KNOTS('',1,(#3384,#3385),.UNSPECIFIED.,.F.,
  .F.,(2,2),(-17.,17.),.PIECEWISE_BEZIER_KNOTS.);
#3384 = CARTESIAN_POINT('',(5.277676105311,-43.14018700617));
#3385 = CARTESIAN_POINT('',(34.722323894689,-26.13981299382));
#3386 = ( GEOMETRIC_REPRESENTATION_CONTEXT(2) 
PARAMETRIC_REPRESENTATION_CONTEXT() REPRESENTATION_CONTEXT('2D SPACE',''
  ) );
#3387 = PCURVE('',#2224,#3388);
#3388 = DEFINITIONAL_REPRESENTATION('',(#3389),#3392);
#3389 = B_SPLINE_CURVE_WITH_KNOTS('',1,(#3390,#3391),.UNSPECIFIED.,.F.,
  .F.,(2,2),(-17.,17.),.PIECEWISE_BEZIER_KNOTS.);
#3390 = CARTESIAN_POINT('',(17.,-5.));
#3391 = CARTESIAN_POINT('',(-17.,-5.));
#3392 = ( GEOMETRIC_REPRESENTATION_CONTEXT(2) 
PARAMETRIC_REPRESENTATION_CONTEXT() REPRESENTATION_CONTEXT('2D SPACE',''
  ) );
#3393 = ORIENTED_EDGE('',*,*,#3394,.F.);
#3394 = EDGE_CURVE('',#3395,#3374,#3397,.T.);
#3395 = VERTEX_POINT('',#3396);
#3396 = CARTESIAN_POINT('',(5.252641104989,-37.38122338049,5.));
#3397 = SURFACE_CURVE('',#3398,(#3402,#3408),.PCURVE_S1.);
#3398 = LINE('',#3399,#3400);
#3399 = CARTESIAN_POINT('',(5.252641104989,-37.38122338049,5.));
#3400 = VECTOR('',#3401,1.);
#3401 = DIRECTION('',(0.500011000363,-0.866019052629,0.));
#3402 = PCURVE('',#94,#3403);
#3403 = DEFINITIONAL_REPRESENTATION('',(#3404),#3407);
#3404 = B_SPLINE_CURVE_WITH_KNOTS('',1,(#3405,#3406),.UNSPECIFIED.,.F.,
  .F.,(2,2),(-6.000000015638E-07,69.99846058306),
  .PIECEWISE_BEZIER_KNOTS.);
#3405 = CARTESIAN_POINT('',(5.252640804983,-37.38122286088));
#3406 = CARTESIAN_POINT('',(40.252641404996,-98.0012239001));
#3407 = ( GEOMETRIC_REPRESENTATION_CONTEXT(2) 
PARAMETRIC_REPRESENTATION_CONTEXT() REPRESENTATION_CONTEXT('2D SPACE',''
  ) );
#3408 = PCURVE('',#1727,#3409);
#3409 = DEFINITIONAL_REPRESENTATION('',(#3410),#3413);
#3410 = B_SPLINE_CURVE_WITH_KNOTS('',1,(#3411,#3412),.UNSPECIFIED.,.F.,
  .F.,(2,2),(-6.000000015638E-07,69.99846058306),
  .PIECEWISE_BEZIER_KNOTS.);
#3411 = CARTESIAN_POINT('',(5.943348397725,-5.999999997875E-07));
#3412 = CARTESIAN_POINT('',(5.943348397725,69.99846058306));
#3413 = ( GEOMETRIC_REPRESENTATION_CONTEXT(2) 
PARAMETRIC_REPRESENTATION_CONTEXT() REPRESENTATION_CONTEXT('2D SPACE',''
  ) );
#3414 = ORIENTED_EDGE('',*,*,#3415,.T.);
#3415 = EDGE_CURVE('',#3395,#3416,#3418,.T.);
#3416 = VERTEX_POINT('',#3417);
#3417 = CARTESIAN_POINT('',(29.747358895011,-23.2387766195,5.));
#3418 = SURFACE_CURVE('',#3419,(#3423,#3429),.PCURVE_S1.);
#3419 = LINE('',#3420,#3421);
#3420 = CARTESIAN_POINT('',(17.5,-30.31,5.));
#3421 = VECTOR('',#3422,1.);
#3422 = DIRECTION('',(0.866019052629,0.500011000363,-0.));
#3423 = PCURVE('',#94,#3424);
#3424 = DEFINITIONAL_REPRESENTATION('',(#3425),#3428);
#3425 = B_SPLINE_CURVE_WITH_KNOTS('',1,(#3426,#3427),.UNSPECIFIED.,.F.,
  .F.,(2,2),(-15.,15.),.PIECEWISE_BEZIER_KNOTS.);
#3426 = CARTESIAN_POINT('',(4.509714210569,-37.81016500544));
#3427 = CARTESIAN_POINT('',(30.490285789431,-22.80983499455));
#3428 = ( GEOMETRIC_REPRESENTATION_CONTEXT(2) 
PARAMETRIC_REPRESENTATION_CONTEXT() REPRESENTATION_CONTEXT('2D SPACE',''
  ) );
#3429 = PCURVE('',#1753,#3430);
#3430 = DEFINITIONAL_REPRESENTATION('',(#3431),#3434);
#3431 = B_SPLINE_CURVE_WITH_KNOTS('',1,(#3432,#3433),.UNSPECIFIED.,.F.,
  .F.,(2,2),(-15.,15.),.PIECEWISE_BEZIER_KNOTS.);
#3432 = CARTESIAN_POINT('',(15.,-5.));
#3433 = CARTESIAN_POINT('',(-15.,-5.));
#3434 = ( GEOMETRIC_REPRESENTATION_CONTEXT(2) 
PARAMETRIC_REPRESENTATION_CONTEXT() REPRESENTATION_CONTEXT('2D SPACE',''
  ) );
#3435 = ORIENTED_EDGE('',*,*,#3436,.T.);
#3436 = EDGE_CURVE('',#3416,#3437,#3439,.T.);
#3437 = VERTEX_POINT('',#3438);
#3438 = CARTESIAN_POINT('',(32.247358895011,-27.5687766195,5.));
#3439 = SURFACE_CURVE('',#3440,(#3444,#3450),.PCURVE_S1.);
#3440 = LINE('',#3441,#3442);
#3441 = CARTESIAN_POINT('',(29.747358895011,-23.2387766195,5.));
#3442 = VECTOR('',#3443,1.);
#3443 = DIRECTION('',(0.500011000363,-0.866019052629,0.));
#3444 = PCURVE('',#94,#3445);
#3445 = DEFINITIONAL_REPRESENTATION('',(#3446),#3449);
#3446 = B_SPLINE_CURVE_WITH_KNOTS('',1,(#3447,#3448),.UNSPECIFIED.,.F.,
  .F.,(2,2),(-5.999999967107E-07,69.99846058306),
  .PIECEWISE_BEZIER_KNOTS.);
#3447 = CARTESIAN_POINT('',(29.747358595004,-23.23877609989));
#3448 = CARTESIAN_POINT('',(64.747359195017,-83.85877713912));
#3449 = ( GEOMETRIC_REPRESENTATION_CONTEXT(2) 
PARAMETRIC_REPRESENTATION_CONTEXT() REPRESENTATION_CONTEXT('2D SPACE',''
  ) );
#3450 = PCURVE('',#1727,#3451);
#3451 = DEFINITIONAL_REPRESENTATION('',(#3452),#3455);
#3452 = B_SPLINE_CURVE_WITH_KNOTS('',1,(#3453,#3454),.UNSPECIFIED.,.F.,
  .F.,(2,2),(-5.999999967107E-07,69.99846058306),
  .PIECEWISE_BEZIER_KNOTS.);
#3453 = CARTESIAN_POINT('',(3.481429563044,-5.999999984871E-07));
#3454 = CARTESIAN_POINT('',(3.481429563044,69.99846058306));
#3455 = ( GEOMETRIC_REPRESENTATION_CONTEXT(2) 
PARAMETRIC_REPRESENTATION_CONTEXT() REPRESENTATION_CONTEXT('2D SPACE',''
  ) );
#3456 = ORIENTED_EDGE('',*,*,#3457,.T.);
#3457 = EDGE_CURVE('',#3437,#2187,#3458,.T.);
#3458 = SURFACE_CURVE('',#3459,(#3463,#3469),.PCURVE_S1.);
#3459 = LINE('',#3460,#3461);
#3460 = CARTESIAN_POINT('',(20.,-34.64,5.));
#3461 = VECTOR('',#3462,1.);
#3462 = DIRECTION('',(0.866019052629,0.500011000363,-0.));
#3463 = PCURVE('',#94,#3464);
#3464 = DEFINITIONAL_REPRESENTATION('',(#3465),#3468);
#3465 = B_SPLINE_CURVE_WITH_KNOTS('',1,(#3466,#3467),.UNSPECIFIED.,.F.,
  .F.,(2,2),(-17.,17.),.PIECEWISE_BEZIER_KNOTS.);
#3466 = CARTESIAN_POINT('',(5.277676105311,-43.14018700617));
#3467 = CARTESIAN_POINT('',(34.722323894689,-26.13981299382));
#3468 = ( GEOMETRIC_REPRESENTATION_CONTEXT(2) 
PARAMETRIC_REPRESENTATION_CONTEXT() REPRESENTATION_CONTEXT('2D SPACE',''
  ) );
#3469 = PCURVE('',#2224,#3470);
#3470 = DEFINITIONAL_REPRESENTATION('',(#3471),#3474);
#3471 = B_SPLINE_CURVE_WITH_KNOTS('',1,(#3472,#3473),.UNSPECIFIED.,.F.,
  .F.,(2,2),(-17.,17.),.PIECEWISE_BEZIER_KNOTS.);
#3472 = CARTESIAN_POINT('',(17.,-5.));
#3473 = CARTESIAN_POINT('',(-17.,-5.));
#3474 = ( GEOMETRIC_REPRESENTATION_CONTEXT(2) 
PARAMETRIC_REPRESENTATION_CONTEXT() REPRESENTATION_CONTEXT('2D SPACE',''
  ) );
#3475 = ORIENTED_EDGE('',*,*,#2186,.T.);
#3476 = ORIENTED_EDGE('',*,*,#77,.T.);
#3477 = ORIENTED_EDGE('',*,*,#477,.F.);
#3478 = ORIENTED_EDGE('',*,*,#3479,.T.);
#3479 = EDGE_CURVE('',#449,#3480,#3482,.T.);
#3480 = VERTEX_POINT('',#3481);
#3481 = CARTESIAN_POINT('',(40.,-14.14213562373,5.));
#3482 = SURFACE_CURVE('',#3483,(#3487,#3493),.PCURVE_S1.);
#3483 = LINE('',#3484,#3485);
#3484 = CARTESIAN_POINT('',(40.,0.,5.));
#3485 = VECTOR('',#3486,1.);
#3486 = DIRECTION('',(0.,1.,0.));
#3487 = PCURVE('',#94,#3488);
#3488 = DEFINITIONAL_REPRESENTATION('',(#3489),#3492);
#3489 = B_SPLINE_CURVE_WITH_KNOTS('',1,(#3490,#3491),.UNSPECIFIED.,.F.,
  .F.,(2,2),(-17.,17.),.PIECEWISE_BEZIER_KNOTS.);
#3490 = CARTESIAN_POINT('',(40.,-17.));
#3491 = CARTESIAN_POINT('',(40.,17.));
#3492 = ( GEOMETRIC_REPRESENTATION_CONTEXT(2) 
PARAMETRIC_REPRESENTATION_CONTEXT() REPRESENTATION_CONTEXT('2D SPACE',''
  ) );
#3493 = PCURVE('',#465,#3494);
#3494 = DEFINITIONAL_REPRESENTATION('',(#3495),#3498);
#3495 = B_SPLINE_CURVE_WITH_KNOTS('',1,(#3496,#3497),.UNSPECIFIED.,.F.,
  .F.,(2,2),(-17.,17.),.PIECEWISE_BEZIER_KNOTS.);
#3496 = CARTESIAN_POINT('',(5.,17.));
#3497 = CARTESIAN_POINT('',(5.,-17.));
#3498 = ( GEOMETRIC_REPRESENTATION_CONTEXT(2) 
PARAMETRIC_REPRESENTATION_CONTEXT() REPRESENTATION_CONTEXT('2D SPACE',''
  ) );
#3499 = ORIENTED_EDGE('',*,*,#3500,.F.);
#3500 = EDGE_CURVE('',#3501,#3480,#3503,.T.);
#3501 = VERTEX_POINT('',#3502);
#3502 = CARTESIAN_POINT('',(35.,-14.14213562373,5.));
#3503 = SURFACE_CURVE('',#3504,(#3508,#3514),.PCURVE_S1.);
#3504 = LINE('',#3505,#3506);
#3505 = CARTESIAN_POINT('',(35.,-14.14213562373,5.));
#3506 = VECTOR('',#3507,1.);
#3507 = DIRECTION('',(1.,0.,0.));
#3508 = PCURVE('',#94,#3509);
#3509 = DEFINITIONAL_REPRESENTATION('',(#3510),#3513);
#3510 = B_SPLINE_CURVE_WITH_KNOTS('',1,(#3511,#3512),.UNSPECIFIED.,.F.,
  .F.,(2,2),(-5.999999999062E-07,70.0000006),.PIECEWISE_BEZIER_KNOTS.);
#3511 = CARTESIAN_POINT('',(34.9999994,-14.14213562373));
#3512 = CARTESIAN_POINT('',(105.0000006,-14.14213562373));
#3513 = ( GEOMETRIC_REPRESENTATION_CONTEXT(2) 
PARAMETRIC_REPRESENTATION_CONTEXT() REPRESENTATION_CONTEXT('2D SPACE',''
  ) );
#3514 = PCURVE('',#1863,#3515);
#3515 = DEFINITIONAL_REPRESENTATION('',(#3516),#3519);
#3516 = B_SPLINE_CURVE_WITH_KNOTS('',1,(#3517,#3518),.UNSPECIFIED.,.F.,
  .F.,(2,2),(-5.999999999062E-07,70.0000006),.PIECEWISE_BEZIER_KNOTS.);
#3517 = CARTESIAN_POINT('',(1.230959417341,-5.999999999062E-07));
#3518 = CARTESIAN_POINT('',(1.230959417341,70.0000006));
#3519 = ( GEOMETRIC_REPRESENTATION_CONTEXT(2) 
PARAMETRIC_REPRESENTATION_CONTEXT() REPRESENTATION_CONTEXT('2D SPACE',''
  ) );
#3520 = ORIENTED_EDGE('',*,*,#3521,.T.);
#3521 = EDGE_CURVE('',#3501,#3522,#3524,.T.);
#3522 = VERTEX_POINT('',#3523);
#3523 = CARTESIAN_POINT('',(35.,14.142135623731,5.));
#3524 = SURFACE_CURVE('',#3525,(#3529,#3535),.PCURVE_S1.);
#3525 = LINE('',#3526,#3527);
#3526 = CARTESIAN_POINT('',(35.,0.,5.));
#3527 = VECTOR('',#3528,1.);
#3528 = DIRECTION('',(0.,1.,0.));
#3529 = PCURVE('',#94,#3530);
#3530 = DEFINITIONAL_REPRESENTATION('',(#3531),#3534);
#3531 = B_SPLINE_CURVE_WITH_KNOTS('',1,(#3532,#3533),.UNSPECIFIED.,.F.,
  .F.,(2,2),(-15.,15.),.PIECEWISE_BEZIER_KNOTS.);
#3532 = CARTESIAN_POINT('',(35.,-15.));
#3533 = CARTESIAN_POINT('',(35.,15.));
#3534 = ( GEOMETRIC_REPRESENTATION_CONTEXT(2) 
PARAMETRIC_REPRESENTATION_CONTEXT() REPRESENTATION_CONTEXT('2D SPACE',''
  ) );
#3535 = PCURVE('',#1889,#3536);
#3536 = DEFINITIONAL_REPRESENTATION('',(#3537),#3540);
#3537 = B_SPLINE_CURVE_WITH_KNOTS('',1,(#3538,#3539),.UNSPECIFIED.,.F.,
  .F.,(2,2),(-15.,15.),.PIECEWISE_BEZIER_KNOTS.);
#3538 = CARTESIAN_POINT('',(5.,15.));
#3539 = CARTESIAN_POINT('',(5.,-15.));
#3540 = ( GEOMETRIC_REPRESENTATION_CONTEXT(2) 
PARAMETRIC_REPRESENTATION_CONTEXT() REPRESENTATION_CONTEXT('2D SPACE',''
  ) );
#3541 = ORIENTED_EDGE('',*,*,#3542,.T.);
#3542 = EDGE_CURVE('',#3522,#2625,#3543,.T.);
#3543 = SURFACE_CURVE('',#3544,(#3548,#3554),.PCURVE_S1.);
#3544 = LINE('',#3545,#3546);
#3545 = CARTESIAN_POINT('',(35.,14.142135623731,5.));
#3546 = VECTOR('',#3547,1.);
#3547 = DIRECTION('',(1.,0.,0.));
#3548 = PCURVE('',#94,#3549);
#3549 = DEFINITIONAL_REPRESENTATION('',(#3550),#3553);
#3550 = B_SPLINE_CURVE_WITH_KNOTS('',1,(#3551,#3552),.UNSPECIFIED.,.F.,
  .F.,(2,2),(-5.999999999062E-07,70.0000006),.PIECEWISE_BEZIER_KNOTS.);
#3551 = CARTESIAN_POINT('',(34.9999994,14.142135623731));
#3552 = CARTESIAN_POINT('',(105.0000006,14.142135623731));
#3553 = ( GEOMETRIC_REPRESENTATION_CONTEXT(2) 
PARAMETRIC_REPRESENTATION_CONTEXT() REPRESENTATION_CONTEXT('2D SPACE',''
  ) );
#3554 = PCURVE('',#1863,#3555);
#3555 = DEFINITIONAL_REPRESENTATION('',(#3556),#3559);
#3556 = B_SPLINE_CURVE_WITH_KNOTS('',1,(#3557,#3558),.UNSPECIFIED.,.F.,
  .F.,(2,2),(-5.999999999062E-07,70.0000006),.PIECEWISE_BEZIER_KNOTS.);
#3557 = CARTESIAN_POINT('',(5.052225889839,-5.999999999062E-07));
#3558 = CARTESIAN_POINT('',(5.052225889839,70.0000006));
#3559 = ( GEOMETRIC_REPRESENTATION_CONTEXT(2) 
PARAMETRIC_REPRESENTATION_CONTEXT() REPRESENTATION_CONTEXT('2D SPACE',''
  ) );
#3560 = FACE_BOUND('',#3561,.T.);
#3561 = EDGE_LOOP('',(#3562));
#3562 = ORIENTED_EDGE('',*,*,#3563,.F.);
#3563 = EDGE_CURVE('',#3564,#3564,#3566,.T.);
#3564 = VERTEX_POINT('',#3565);
#3565 = CARTESIAN_POINT('',(-19.5,-22.,5.));
#3566 = SURFACE_CURVE('',#3567,(#3572,#3579),.PCURVE_S1.);
#3567 = CIRCLE('',#3568,2.5);
#3568 = AXIS2_PLACEMENT_3D('',#3569,#3570,#3571);
#3569 = CARTESIAN_POINT('',(-22.,-22.,5.));
#3570 = DIRECTION('',(0.,0.,1.));
#3571 = DIRECTION('',(1.,0.,-0.));
#3572 = PCURVE('',#94,#3573);
#3573 = DEFINITIONAL_REPRESENTATION('',(#3574),#3578);
#3574 = CIRCLE('',#3575,2.5);
#3575 = AXIS2_PLACEMENT_2D('',#3576,#3577);
#3576 = CARTESIAN_POINT('',(-22.,-22.));
#3577 = DIRECTION('',(1.,0.));
#3578 = ( GEOMETRIC_REPRESENTATION_CONTEXT(2) 
PARAMETRIC_REPRESENTATION_CONTEXT() REPRESENTATION_CONTEXT('2D SPACE',''
  ) );
#3579 = PCURVE('',#1938,#3580);
#3580 = DEFINITIONAL_REPRESENTATION('',(#3581),#3585);
#3581 = LINE('',#3582,#3583);
#3582 = CARTESIAN_POINT('',(0.,11.));
#3583 = VECTOR('',#3584,1.);
#3584 = DIRECTION('',(1.,0.));
#3585 = ( GEOMETRIC_REPRESENTATION_CONTEXT(2) 
PARAMETRIC_REPRESENTATION_CONTEXT() REPRESENTATION_CONTEXT('2D SPACE',''
  ) );
#3586 = FACE_BOUND('',#3587,.T.);
#3587 = EDGE_LOOP('',(#3588));
#3588 = ORIENTED_EDGE('',*,*,#3589,.F.);
#3589 = EDGE_CURVE('',#3590,#3590,#3592,.T.);
#3590 = VERTEX_POINT('',#3591);
#3591 = CARTESIAN_POINT('',(24.5,-22.,5.));
#3592 = SURFACE_CURVE('',#3593,(#3598,#3605),.PCURVE_S1.);
#3593 = CIRCLE('',#3594,2.5);
#3594 = AXIS2_PLACEMENT_3D('',#3595,#3596,#3597);
#3595 = CARTESIAN_POINT('',(22.,-22.,5.));
#3596 = DIRECTION('',(0.,0.,1.));
#3597 = DIRECTION('',(1.,0.,-0.));
#3598 = PCURVE('',#94,#3599);
#3599 = DEFINITIONAL_REPRESENTATION('',(#3600),#3604);
#3600 = CIRCLE('',#3601,2.5);
#3601 = AXIS2_PLACEMENT_2D('',#3602,#3603);
#3602 = CARTESIAN_POINT('',(22.,-22.));
#3603 = DIRECTION('',(1.,0.));
#3604 = ( GEOMETRIC_REPRESENTATION_CONTEXT(2) 
PARAMETRIC_REPRESENTATION_CONTEXT() REPRESENTATION_CONTEXT('2D SPACE',''
  ) );
#3605 = PCURVE('',#1969,#3606);
#3606 = DEFINITIONAL_REPRESENTATION('',(#3607),#3611);
#3607 = LINE('',#3608,#3609);
#3608 = CARTESIAN_POINT('',(0.,11.));
#3609 = VECTOR('',#3610,1.);
#3610 = DIRECTION('',(1.,0.));
#3611 = ( GEOMETRIC_REPRESENTATION_CONTEXT(2) 
PARAMETRIC_REPRESENTATION_CONTEXT() REPRESENTATION_CONTEXT('2D SPACE',''
  ) );
#3612 = FACE_BOUND('',#3613,.T.);
#3613 = EDGE_LOOP('',(#3614));
#3614 = ORIENTED_EDGE('',*,*,#3615,.F.);
#3615 = EDGE_CURVE('',#3616,#3616,#3618,.T.);
#3616 = VERTEX_POINT('',#3617);
#3617 = CARTESIAN_POINT('',(-19.5,22.,5.));
#3618 = SURFACE_CURVE('',#3619,(#3624,#3631),.PCURVE_S1.);
#3619 = CIRCLE('',#3620,2.5);
#3620 = AXIS2_PLACEMENT_3D('',#3621,#3622,#3623);
#3621 = CARTESIAN_POINT('',(-22.,22.,5.));
#3622 = DIRECTION('',(0.,0.,1.));
#3623 = DIRECTION('',(1.,0.,-0.));
#3624 = PCURVE('',#94,#3625);
#3625 = DEFINITIONAL_REPRESENTATION('',(#3626),#3630);
#3626 = CIRCLE('',#3627,2.5);
#3627 = AXIS2_PLACEMENT_2D('',#3628,#3629);
#3628 = CARTESIAN_POINT('',(-22.,22.));
#3629 = DIRECTION('',(1.,0.));
#3630 = ( GEOMETRIC_REPRESENTATION_CONTEXT(2) 
PARAMETRIC_REPRESENTATION_CONTEXT() REPRESENTATION_CONTEXT('2D SPACE',''
  ) );
#3631 = PCURVE('',#2000,#3632);
#3632 = DEFINITIONAL_REPRESENTATION('',(#3633),#3637);
#3633 = LINE('',#3634,#3635);
#3634 = CARTESIAN_POINT('',(0.,11.));
#3635 = VECTOR('',#3636,1.);
#3636 = DIRECTION('',(1.,0.));
#3637 = ( GEOMETRIC_REPRESENTATION_CONTEXT(2) 
PARAMETRIC_REPRESENTATION_CONTEXT() REPRESENTATION_CONTEXT('2D SPACE',''
  ) );
#3638 = FACE_BOUND('',#3639,.T.);
#3639 = EDGE_LOOP('',(#3640));
#3640 = ORIENTED_EDGE('',*,*,#3641,.F.);
#3641 = EDGE_CURVE('',#3642,#3642,#3644,.T.);
#3642 = VERTEX_POINT('',#3643);
#3643 = CARTESIAN_POINT('',(24.5,22.,5.));
#3644 = SURFACE_CURVE('',#3645,(#3650,#3657),.PCURVE_S1.);
#3645 = CIRCLE('',#3646,2.5);
#3646 = AXIS2_PLACEMENT_3D('',#3647,#3648,#3649);
#3647 = CARTESIAN_POINT('',(22.,22.,5.));
#3648 = DIRECTION('',(0.,0.,1.));
#3649 = DIRECTION('',(1.,0.,-0.));
#3650 = PCURVE('',#94,#3651);
#3651 = DEFINITIONAL_REPRESENTATION('',(#3652),#3656);
#3652 = CIRCLE('',#3653,2.5);
#3653 = AXIS2_PLACEMENT_2D('',#3654,#3655);
#3654 = CARTESIAN_POINT('',(22.,22.));
#3655 = DIRECTION('',(1.,0.));
#3656 = ( GEOMETRIC_REPRESENTATION_CONTEXT(2) 
PARAMETRIC_REPRESENTATION_CONTEXT() REPRESENTATION_CONTEXT('2D SPACE',''
  ) );
#3657 = PCURVE('',#2031,#3658);
#3658 = DEFINITIONAL_REPRESENTATION('',(#3659),#3663);
#3659 = LINE('',#3660,#3661);
#3660 = CARTESIAN_POINT('',(0.,11.));
#3661 = VECTOR('',#3662,1.);
#3662 = DIRECTION('',(1.,0.));
#3663 = ( GEOMETRIC_REPRESENTATION_CONTEXT(2) 
PARAMETRIC_REPRESENTATION_CONTEXT() REPRESENTATION_CONTEXT('2D SPACE',''
  ) );
#3664 = ADVANCED_FACE('',(#3665),#249,.F.);
#3665 = FACE_BOUND('',#3666,.F.);
#3666 = EDGE_LOOP('',(#3667,#3668,#3691,#3783,#3873,#3874));
#3667 = ORIENTED_EDGE('',*,*,#185,.F.);
#3668 = ORIENTED_EDGE('',*,*,#3669,.F.);
#3669 = EDGE_CURVE('',#3670,#186,#3672,.T.);
#3670 = VERTEX_POINT('',#3671);
#3671 = CARTESIAN_POINT('',(72.1,1.5797943709E-15,15.));
#3672 = SEAM_CURVE('',#3673,(#3677,#3684),.PCURVE_S1.);
#3673 = LINE('',#3674,#3675);
#3674 = CARTESIAN_POINT('',(72.1,-5.143516556419E-16,-20.));
#3675 = VECTOR('',#3676,1.);
#3676 = DIRECTION('',(0.,0.,1.));
#3677 = PCURVE('',#249,#3678);
#3678 = DEFINITIONAL_REPRESENTATION('',(#3679),#3683);
#3679 = LINE('',#3680,#3681);
#3680 = CARTESIAN_POINT('',(6.28318530718,-0.));
#3681 = VECTOR('',#3682,1.);
#3682 = DIRECTION('',(0.,1.));
#3683 = ( GEOMETRIC_REPRESENTATION_CONTEXT(2) 
PARAMETRIC_REPRESENTATION_CONTEXT() REPRESENTATION_CONTEXT('2D SPACE',''
  ) );
#3684 = PCURVE('',#249,#3685);
#3685 = DEFINITIONAL_REPRESENTATION('',(#3686),#3690);
#3686 = LINE('',#3687,#3688);
#3687 = CARTESIAN_POINT('',(0.,-0.));
#3688 = VECTOR('',#3689,1.);
#3689 = DIRECTION('',(0.,1.));
#3690 = ( GEOMETRIC_REPRESENTATION_CONTEXT(2) 
PARAMETRIC_REPRESENTATION_CONTEXT() REPRESENTATION_CONTEXT('2D SPACE',''
  ) );
#3691 = ORIENTED_EDGE('',*,*,#3692,.T.);
#3692 = EDGE_CURVE('',#3670,#3693,#3695,.T.);
#3693 = VERTEX_POINT('',#3694);
#3694 = CARTESIAN_POINT('',(67.9,3.673940397442E-15,15.));
#3695 = SURFACE_CURVE('',#3696,(#3723,#3753),.PCURVE_S1.);
#3696 = B_SPLINE_CURVE_WITH_KNOTS('',7,(#3697,#3698,#3699,#3700,#3701,
    #3702,#3703,#3704,#3705,#3706,#3707,#3708,#3709,#3710,#3711,#3712,
    #3713,#3714,#3715,#3716,#3717,#3718,#3719,#3720,#3721,#3722),
  .UNSPECIFIED.,.F.,.F.,(8,6,6,6,8),(0.,0.245431824219,0.500010262898,
    0.754602332378,1.),.UNSPECIFIED.);
#3697 = CARTESIAN_POINT('',(72.1,1.5797943709E-15,15.));
#3698 = CARTESIAN_POINT('',(72.1,0.279114841086,15.));
#3699 = CARTESIAN_POINT('',(72.056719856138,0.550621833631,
    14.993940588238));
#3700 = CARTESIAN_POINT('',(71.97440314705,0.806764978539,
    14.982417288711));
#3701 = CARTESIAN_POINT('',(71.858731309421,1.041123175926,
    14.966991604531));
#3702 = CARTESIAN_POINT('',(71.716777447743,1.248816226172,
    14.949789660226));
#3703 = CARTESIAN_POINT('',(71.556927443575,1.426969220229,
    14.932715298801));
#3704 = CARTESIAN_POINT('',(71.214315032154,1.729022692112,
    14.900818617246));
#3705 = CARTESIAN_POINT('',(71.026203302003,1.854812629013,
    14.885664837576));
#3706 = CARTESIAN_POINT('',(70.828882909752,1.953784201403,
    14.872690278901));
#3707 = CARTESIAN_POINT('',(70.625469654371,2.027106735307,
    14.862579213812));
#3708 = CARTESIAN_POINT('',(70.418288884081,2.075681346837,
    14.855711005963));
#3709 = CARTESIAN_POINT('',(70.209223235024,2.1,14.852272553384));
#3710 = CARTESIAN_POINT('',(69.790765562612,2.1,14.852272553384));
#3711 = CARTESIAN_POINT('',(69.581701979131,2.075678787251,
    14.855711364885));
#3712 = CARTESIAN_POINT('',(69.374527573713,2.027104376749,
    14.86257955539));
#3713 = CARTESIAN_POINT('',(69.171118829964,1.953784318804,
    14.872690197728));
#3714 = CARTESIAN_POINT('',(68.973798725398,1.854814262741,
    14.885664660892));
#3715 = CARTESIAN_POINT('',(68.785685216538,1.729022911364,
    14.900818594093));
#3716 = CARTESIAN_POINT('',(68.443104723847,1.426997579627,
    14.932712304064));
#3717 = CARTESIAN_POINT('',(68.283240849849,1.248846638305,
    14.94978711743));
#3718 = CARTESIAN_POINT('',(68.141259143623,1.041127821908,
    14.966992217155));
#3719 = CARTESIAN_POINT('',(68.025570345575,0.806727799117,
    14.982420989786));
#3720 = CARTESIAN_POINT('',(67.943259460365,0.550550223873,
    14.993943487922));
#3721 = CARTESIAN_POINT('',(67.9,0.27904815939,15.));
#3722 = CARTESIAN_POINT('',(67.9,2.222733940452E-15,15.));
#3723 = PCURVE('',#249,#3724);
#3724 = DEFINITIONAL_REPRESENTATION('',(#3725),#3752);
#3725 = B_SPLINE_CURVE_WITH_KNOTS('',7,(#3726,#3727,#3728,#3729,#3730,
    #3731,#3732,#3733,#3734,#3735,#3736,#3737,#3738,#3739,#3740,#3741,
    #3742,#3743,#3744,#3745,#3746,#3747,#3748,#3749,#3750,#3751),
  .UNSPECIFIED.,.F.,.F.,(8,6,6,6,8),(0.,0.245431824219,0.500010262898,
    0.754602332378,1.),.UNSPECIFIED.);
#3726 = CARTESIAN_POINT('',(0.,35.));
#3727 = CARTESIAN_POINT('',(0.132911829089,35.));
#3728 = CARTESIAN_POINT('',(0.262200783289,34.993940588238));
#3729 = CARTESIAN_POINT('',(0.388008999379,34.982417288711));
#3730 = CARTESIAN_POINT('',(0.51017263393,34.966991604531));
#3731 = CARTESIAN_POINT('',(0.628269582204,34.949789660226));
#3732 = CARTESIAN_POINT('',(0.741469619685,34.932715298801));
#3733 = CARTESIAN_POINT('',(0.95896909936,34.900818617246));
#3734 = CARTESIAN_POINT('',(1.065774497183,34.885664837576));
#3735 = CARTESIAN_POINT('',(1.169640913773,34.872690278901));
#3736 = CARTESIAN_POINT('',(1.271337781005,34.862579213812));
#3737 = CARTESIAN_POINT('',(1.371611295788,34.855711005963));
#3738 = CARTESIAN_POINT('',(1.471166214879,34.852272553384));
#3739 = CARTESIAN_POINT('',(1.67043177317,34.852272553384));
#3740 = CARTESIAN_POINT('',(1.769985693489,34.855711364885));
#3741 = CARTESIAN_POINT('',(1.870256473945,34.86257955539));
#3742 = CARTESIAN_POINT('',(1.971951041641,34.872690197728));
#3743 = CARTESIAN_POINT('',(2.075816925156,34.885664660892));
#3744 = CARTESIAN_POINT('',(2.182623396353,34.900818594093));
#3745 = CARTESIAN_POINT('',(2.400102613169,34.932712304064));
#3746 = CARTESIAN_POINT('',(2.51330696195,34.94978711743));
#3747 = CARTESIAN_POINT('',(2.631420806018,34.966992217155));
#3748 = CARTESIAN_POINT('',(2.753604070727,34.982420989786));
#3749 = CARTESIAN_POINT('',(2.879425977551,34.993943487922));
#3750 = CARTESIAN_POINT('',(3.00871257769,35.));
#3751 = CARTESIAN_POINT('',(3.14159265359,35.));
#3752 = ( GEOMETRIC_REPRESENTATION_CONTEXT(2) 
PARAMETRIC_REPRESENTATION_CONTEXT() REPRESENTATION_CONTEXT('2D SPACE',''
  ) );
#3753 = PCURVE('',#1863,#3754);
#3754 = DEFINITIONAL_REPRESENTATION('',(#3755),#3782);
#3755 = B_SPLINE_CURVE_WITH_KNOTS('',7,(#3756,#3757,#3758,#3759,#3760,
    #3761,#3762,#3763,#3764,#3765,#3766,#3767,#3768,#3769,#3770,#3771,
    #3772,#3773,#3774,#3775,#3776,#3777,#3778,#3779,#3780,#3781),
  .UNSPECIFIED.,.F.,.F.,(8,6,6,6,8),(0.,0.245431824219,0.500010262898,
    0.754602332378,1.),.UNSPECIFIED.);
#3756 = CARTESIAN_POINT('',(6.28318530718,37.1));
#3757 = CARTESIAN_POINT('',(6.264577651107,37.1));
#3758 = CARTESIAN_POINT('',(6.246477173519,37.056719856138));
#3759 = CARTESIAN_POINT('',(6.229390504451,36.97440314705));
#3760 = CARTESIAN_POINT('',(6.213737445902,36.858731309421));
#3761 = CARTESIAN_POINT('',(6.199845719233,36.716777447743));
#3762 = CARTESIAN_POINT('',(6.187914996503,36.556927443575));
#3763 = CARTESIAN_POINT('',(6.16766613391,36.214315032154));
#3764 = CARTESIAN_POINT('',(6.159220415265,36.026203302003));
#3765 = CARTESIAN_POINT('',(6.152566170746,35.828882909752));
#3766 = CARTESIAN_POINT('',(6.147631781936,35.625469654371));
#3767 = CARTESIAN_POINT('',(6.144361260975,35.418288884081));
#3768 = CARTESIAN_POINT('',(6.14272389247,35.209223235024));
#3769 = CARTESIAN_POINT('',(6.14272389247,34.790765562612));
#3770 = CARTESIAN_POINT('',(6.14436143326,34.581701979131));
#3771 = CARTESIAN_POINT('',(6.147631940855,34.374527573713));
#3772 = CARTESIAN_POINT('',(6.152566162235,34.171118829964));
#3773 = CARTESIAN_POINT('',(6.159220305758,33.973798725398));
#3774 = CARTESIAN_POINT('',(6.167666119212,33.785685216538));
#3775 = CARTESIAN_POINT('',(6.187913095365,33.443104723847));
#3776 = CARTESIAN_POINT('',(6.199843684878,33.283240849849));
#3777 = CARTESIAN_POINT('',(6.213737142312,33.141259143623));
#3778 = CARTESIAN_POINT('',(6.229392991042,33.025570345575));
#3779 = CARTESIAN_POINT('',(6.246481947519,32.943259460365));
#3780 = CARTESIAN_POINT('',(6.264582096554,32.9));
#3781 = CARTESIAN_POINT('',(6.28318530718,32.9));
#3782 = ( GEOMETRIC_REPRESENTATION_CONTEXT(2) 
PARAMETRIC_REPRESENTATION_CONTEXT() REPRESENTATION_CONTEXT('2D SPACE',''
  ) );
#3783 = ORIENTED_EDGE('',*,*,#3784,.T.);
#3784 = EDGE_CURVE('',#3693,#3670,#3785,.T.);
#3785 = SURFACE_CURVE('',#3786,(#3813,#3843),.PCURVE_S1.);
#3786 = B_SPLINE_CURVE_WITH_KNOTS('',7,(#3787,#3788,#3789,#3790,#3791,
    #3792,#3793,#3794,#3795,#3796,#3797,#3798,#3799,#3800,#3801,#3802,
    #3803,#3804,#3805,#3806,#3807,#3808,#3809,#3810,#3811,#3812),
  .UNSPECIFIED.,.F.,.F.,(8,6,6,6,8),(0.,0.245457225641,0.500054032253,
    0.75465021961,1.),.UNSPECIFIED.);
#3787 = CARTESIAN_POINT('',(67.9,4.440892098501E-16,15.));
#3788 = CARTESIAN_POINT('',(67.9,-0.279114841086,15.));
#3789 = CARTESIAN_POINT('',(67.943280143862,-0.550621833631,
    14.993940588238));
#3790 = CARTESIAN_POINT('',(68.02559685295,-0.80676497854,
    14.982417288711));
#3791 = CARTESIAN_POINT('',(68.141268690579,-1.041123175926,
    14.966991604531));
#3792 = CARTESIAN_POINT('',(68.283222552258,-1.248816226172,
    14.949789660226));
#3793 = CARTESIAN_POINT('',(68.443072556425,-1.426969220229,
    14.932715298801));
#3794 = CARTESIAN_POINT('',(68.785679500338,-1.729017871856,
    14.900819126263));
#3795 = CARTESIAN_POINT('',(68.9737959696,-1.854814467231,
    14.885664760479));
#3796 = CARTESIAN_POINT('',(69.171122959857,-1.953787403224,
    14.872689755366));
#3797 = CARTESIAN_POINT('',(69.374534706005,-2.027106265677,
    14.862579288269));
#3798 = CARTESIAN_POINT('',(69.581706220102,-2.075678646908,
    14.855711385356));
#3799 = CARTESIAN_POINT('',(69.79076505369,-2.1,14.852272553384));
#3800 = CARTESIAN_POINT('',(70.209234437388,-2.1,14.852272553384));
#3801 = CARTESIAN_POINT('',(70.418298020868,-2.075678787251,
    14.855711364885));
#3802 = CARTESIAN_POINT('',(70.625472426287,-2.027104376749,
    14.86257955539));
#3803 = CARTESIAN_POINT('',(70.828881170036,-1.953784318804,
    14.872690197728));
#3804 = CARTESIAN_POINT('',(71.026201274602,-1.854814262741,
    14.885664660892));
#3805 = CARTESIAN_POINT('',(71.214314783462,-1.729022911364,
    14.900818594093));
#3806 = CARTESIAN_POINT('',(71.55685974602,-1.427028903652,
    14.932708996264));
#3807 = CARTESIAN_POINT('',(71.716748622359,-1.248871651567,
    14.949785204866));
#3808 = CARTESIAN_POINT('',(71.85876092356,-1.041116958033,
    14.966994265705));
#3809 = CARTESIAN_POINT('',(71.974460649572,-0.806673727463,
    14.982425356674));
#3810 = CARTESIAN_POINT('',(72.05676028448,-0.550471778571,
    14.993946245322));
#3811 = CARTESIAN_POINT('',(72.1,-0.278984464688,15.));
#3812 = CARTESIAN_POINT('',(72.1,-4.440892098501E-16,15.));
#3813 = PCURVE('',#249,#3814);
#3814 = DEFINITIONAL_REPRESENTATION('',(#3815),#3842);
#3815 = B_SPLINE_CURVE_WITH_KNOTS('',7,(#3816,#3817,#3818,#3819,#3820,
    #3821,#3822,#3823,#3824,#3825,#3826,#3827,#3828,#3829,#3830,#3831,
    #3832,#3833,#3834,#3835,#3836,#3837,#3838,#3839,#3840,#3841),
  .UNSPECIFIED.,.F.,.F.,(8,6,6,6,8),(0.,0.245457225641,0.500054032253,
    0.75465021961,1.),.UNSPECIFIED.);
#3816 = CARTESIAN_POINT('',(3.14159265359,35.));
#3817 = CARTESIAN_POINT('',(3.274504482679,35.));
#3818 = CARTESIAN_POINT('',(3.403793436879,34.993940588238));
#3819 = CARTESIAN_POINT('',(3.529601652969,34.982417288711));
#3820 = CARTESIAN_POINT('',(3.65176528752,34.966991604531));
#3821 = CARTESIAN_POINT('',(3.769862235794,34.949789660226));
#3822 = CARTESIAN_POINT('',(3.883062273274,34.932715298801));
#3823 = CARTESIAN_POINT('',(4.10055828203,34.900819126263));
#3824 = CARTESIAN_POINT('',(4.207367459136,34.885664760479));
#3825 = CARTESIAN_POINT('',(4.311236508755,34.872689755366));
#3826 = CARTESIAN_POINT('',(4.412932245979,34.862579288269));
#3827 = CARTESIAN_POINT('',(4.513201622414,34.855711385356));
#3828 = CARTESIAN_POINT('',(4.612753291666,34.852272553384));
#3829 = CARTESIAN_POINT('',(4.81202442676,34.852272553384));
#3830 = CARTESIAN_POINT('',(4.911578347078,34.855711364885));
#3831 = CARTESIAN_POINT('',(5.011849127534,34.86257955539));
#3832 = CARTESIAN_POINT('',(5.113543695231,34.872690197728));
#3833 = CARTESIAN_POINT('',(5.217409578746,34.885664660892));
#3834 = CARTESIAN_POINT('',(5.324216049943,34.900818594093));
#3835 = CARTESIAN_POINT('',(5.541672711285,34.932708996264));
#3836 = CARTESIAN_POINT('',(5.654887988964,34.949785204866));
#3837 = CARTESIAN_POINT('',(5.773022741939,34.966994265705));
#3838 = CARTESIAN_POINT('',(5.895225063659,34.982425356674));
#3839 = CARTESIAN_POINT('',(6.021055992288,34.993946245322));
#3840 = CARTESIAN_POINT('',(6.15033556209,35.));
#3841 = CARTESIAN_POINT('',(6.28318530718,35.));
#3842 = ( GEOMETRIC_REPRESENTATION_CONTEXT(2) 
PARAMETRIC_REPRESENTATION_CONTEXT() REPRESENTATION_CONTEXT('2D SPACE',''
  ) );
#3843 = PCURVE('',#1863,#3844);
#3844 = DEFINITIONAL_REPRESENTATION('',(#3845),#3872);
#3845 = B_SPLINE_CURVE_WITH_KNOTS('',7,(#3846,#3847,#3848,#3849,#3850,
    #3851,#3852,#3853,#3854,#3855,#3856,#3857,#3858,#3859,#3860,#3861,
    #3862,#3863,#3864,#3865,#3866,#3867,#3868,#3869,#3870,#3871),
  .UNSPECIFIED.,.F.,.F.,(8,6,6,6,8),(0.,0.245457225641,0.500054032253,
    0.75465021961,1.),.UNSPECIFIED.);
#3846 = CARTESIAN_POINT('',(0.,32.9));
#3847 = CARTESIAN_POINT('',(1.860765607243E-02,32.9));
#3848 = CARTESIAN_POINT('',(3.670813366068E-02,32.943280143862));
#3849 = CARTESIAN_POINT('',(5.379480272815E-02,33.02559685295));
#3850 = CARTESIAN_POINT('',(6.944786127732E-02,33.141268690579));
#3851 = CARTESIAN_POINT('',(8.333958794682E-02,33.283222552258));
#3852 = CARTESIAN_POINT('',(9.527031067627E-02,33.443072556425));
#3853 = CARTESIAN_POINT('',(0.115518850132,33.785679500338));
#3854 = CARTESIAN_POINT('',(0.123965014265,33.9737959696));
#3855 = CARTESIAN_POINT('',(0.130619352461,34.171122959857));
#3856 = CARTESIAN_POINT('',(0.135553493632,34.374534706005));
#3857 = CARTESIAN_POINT('',(0.138823864425,34.581706220102));
#3858 = CARTESIAN_POINT('',(0.14046141471,34.79076505369));
#3859 = CARTESIAN_POINT('',(0.14046141471,35.209234437388));
#3860 = CARTESIAN_POINT('',(0.13882387392,35.418298020869));
#3861 = CARTESIAN_POINT('',(0.135553366325,35.625472426287));
#3862 = CARTESIAN_POINT('',(0.130619144945,35.828881170036));
#3863 = CARTESIAN_POINT('',(0.123965001422,36.026201274602));
#3864 = CARTESIAN_POINT('',(0.115519187967,36.214314783462));
#3865 = CARTESIAN_POINT('',(9.527431169445E-02,36.55685974602));
#3866 = CARTESIAN_POINT('',(8.334329405054E-02,36.716748622359));
#3867 = CARTESIAN_POINT('',(6.944743101469E-02,36.85876092356));
#3868 = CARTESIAN_POINT('',(5.378870337011E-02,36.974460649572));
#3869 = CARTESIAN_POINT('',(3.669813020037E-02,37.05676028448));
#3870 = CARTESIAN_POINT('',(1.859896431256E-02,37.1));
#3871 = CARTESIAN_POINT('',(0.,37.1));
#3872 = ( GEOMETRIC_REPRESENTATION_CONTEXT(2) 
PARAMETRIC_REPRESENTATION_CONTEXT() REPRESENTATION_CONTEXT('2D SPACE',''
  ) );
#3873 = ORIENTED_EDGE('',*,*,#3669,.T.);
#3874 = ORIENTED_EDGE('',*,*,#335,.F.);
#3875 = ADVANCED_FACE('',(#3876),#465,.F.);
#3876 = FACE_BOUND('',#3877,.F.);
#3877 = EDGE_LOOP('',(#3878,#3879,#3880,#3881,#3882,#3906));
#3878 = ORIENTED_EDGE('',*,*,#2624,.T.);
#3879 = ORIENTED_EDGE('',*,*,#638,.T.);
#3880 = ORIENTED_EDGE('',*,*,#448,.T.);
#3881 = ORIENTED_EDGE('',*,*,#3479,.T.);
#3882 = ORIENTED_EDGE('',*,*,#3883,.F.);
#3883 = EDGE_CURVE('',#3884,#3480,#3886,.T.);
#3884 = VERTEX_POINT('',#3885);
#3885 = CARTESIAN_POINT('',(40.,3.673940397442E-15,15.));
#3886 = SURFACE_CURVE('',#3887,(#3892,#3899),.PCURVE_S1.);
#3887 = CIRCLE('',#3888,15.);
#3888 = AXIS2_PLACEMENT_3D('',#3889,#3890,#3891);
#3889 = CARTESIAN_POINT('',(40.,0.,0.));
#3890 = DIRECTION('',(1.,0.,0.));
#3891 = DIRECTION('',(-0.,0.,1.));
#3892 = PCURVE('',#465,#3893);
#3893 = DEFINITIONAL_REPRESENTATION('',(#3894),#3898);
#3894 = CIRCLE('',#3895,15.);
#3895 = AXIS2_PLACEMENT_2D('',#3896,#3897);
#3896 = CARTESIAN_POINT('',(0.,0.));
#3897 = DIRECTION('',(1.,0.));
#3898 = ( GEOMETRIC_REPRESENTATION_CONTEXT(2) 
PARAMETRIC_REPRESENTATION_CONTEXT() REPRESENTATION_CONTEXT('2D SPACE',''
  ) );
#3899 = PCURVE('',#1863,#3900);
#3900 = DEFINITIONAL_REPRESENTATION('',(#3901),#3905);
#3901 = LINE('',#3902,#3903);
#3902 = CARTESIAN_POINT('',(0.,5.));
#3903 = VECTOR('',#3904,1.);
#3904 = DIRECTION('',(1.,0.));
#3905 = ( GEOMETRIC_REPRESENTATION_CONTEXT(2) 
PARAMETRIC_REPRESENTATION_CONTEXT() REPRESENTATION_CONTEXT('2D SPACE',''
  ) );
#3906 = ORIENTED_EDGE('',*,*,#3907,.F.);
#3907 = EDGE_CURVE('',#2625,#3884,#3908,.T.);
#3908 = SURFACE_CURVE('',#3909,(#3914,#3921),.PCURVE_S1.);
#3909 = CIRCLE('',#3910,15.);
#3910 = AXIS2_PLACEMENT_3D('',#3911,#3912,#3913);
#3911 = CARTESIAN_POINT('',(40.,0.,0.));
#3912 = DIRECTION('',(1.,0.,0.));
#3913 = DIRECTION('',(-0.,0.,1.));
#3914 = PCURVE('',#465,#3915);
#3915 = DEFINITIONAL_REPRESENTATION('',(#3916),#3920);
#3916 = CIRCLE('',#3917,15.);
#3917 = AXIS2_PLACEMENT_2D('',#3918,#3919);
#3918 = CARTESIAN_POINT('',(0.,0.));
#3919 = DIRECTION('',(1.,0.));
#3920 = ( GEOMETRIC_REPRESENTATION_CONTEXT(2) 
PARAMETRIC_REPRESENTATION_CONTEXT() REPRESENTATION_CONTEXT('2D SPACE',''
  ) );
#3921 = PCURVE('',#1863,#3922);
#3922 = DEFINITIONAL_REPRESENTATION('',(#3923),#3927);
#3923 = LINE('',#3924,#3925);
#3924 = CARTESIAN_POINT('',(0.,5.));
#3925 = VECTOR('',#3926,1.);
#3926 = DIRECTION('',(1.,0.));
#3927 = ( GEOMETRIC_REPRESENTATION_CONTEXT(2) 
PARAMETRIC_REPRESENTATION_CONTEXT() REPRESENTATION_CONTEXT('2D SPACE',''
  ) );
#3928 = ADVANCED_FACE('',(#3929),#598,.T.);
#3929 = FACE_BOUND('',#3930,.T.);
#3930 = EDGE_LOOP('',(#3931,#3932,#3933,#3934,#3966));
#3931 = ORIENTED_EDGE('',*,*,#2646,.F.);
#3932 = ORIENTED_EDGE('',*,*,#568,.F.);
#3933 = ORIENTED_EDGE('',*,*,#857,.T.);
#3934 = ORIENTED_EDGE('',*,*,#3935,.F.);
#3935 = EDGE_CURVE('',#3936,#858,#3938,.T.);
#3936 = VERTEX_POINT('',#3937);
#3937 = CARTESIAN_POINT('',(61.964764573816,73.323720250077,
    4.163799117101E-15));
#3938 = SURFACE_CURVE('',#3939,(#3946,#3956),.PCURVE_S1.);
#3939 = B_SPLINE_CURVE_WITH_KNOTS('',5,(#3940,#3941,#3942,#3943,#3944,
    #3945),.UNSPECIFIED.,.F.,.F.,(6,6),(0.,1.),
  .PIECEWISE_BEZIER_KNOTS.);
#3940 = CARTESIAN_POINT('',(61.964764573816,73.323720250077,
    4.440892098501E-15));
#3941 = CARTESIAN_POINT('',(61.964764573816,73.323720250077,
    -1.008052470273));
#3942 = CARTESIAN_POINT('',(61.906779659559,73.372723440564,
    -2.016037259923));
#3943 = CARTESIAN_POINT('',(61.790822025181,73.470712981066,
    -3.020120905781));
#3944 = CARTESIAN_POINT('',(61.615828737328,73.617823711752,
    -4.016396343072));
#3945 = CARTESIAN_POINT('',(61.379689432733,73.81418376668,
    -5.000000596117));
#3946 = PCURVE('',#598,#3947);
#3947 = DEFINITIONAL_REPRESENTATION('',(#3948),#3955);
#3948 = B_SPLINE_CURVE_WITH_KNOTS('',5,(#3949,#3950,#3951,#3952,#3953,
    #3954),.UNSPECIFIED.,.F.,.F.,(6,6),(0.,1.),
  .PIECEWISE_BEZIER_KNOTS.);
#3949 = CARTESIAN_POINT('',(0.869162694901,5.));
#3950 = CARTESIAN_POINT('',(0.869162694901,3.991947529727));
#3951 = CARTESIAN_POINT('',(0.86995350672,2.983962734573));
#3952 = CARTESIAN_POINT('',(0.871534933235,1.979879103961));
#3953 = CARTESIAN_POINT('',(0.873916293606,0.983603653045));
#3954 = CARTESIAN_POINT('',(0.877115398338,-6.E-07));
#3955 = ( GEOMETRIC_REPRESENTATION_CONTEXT(2) 
PARAMETRIC_REPRESENTATION_CONTEXT() REPRESENTATION_CONTEXT('2D SPACE',''
  ) );
#3956 = PCURVE('',#896,#3957);
#3957 = DEFINITIONAL_REPRESENTATION('',(#3958),#3965);
#3958 = B_SPLINE_CURVE_WITH_KNOTS('',5,(#3959,#3960,#3961,#3962,#3963,
    #3964),.UNSPECIFIED.,.F.,.F.,(6,6),(0.,1.),
  .PIECEWISE_BEZIER_KNOTS.);
#3959 = CARTESIAN_POINT('',(0.,54.483682677679));
#3960 = CARTESIAN_POINT('',(5.929720413369E-02,54.483682677679));
#3961 = CARTESIAN_POINT('',(0.1185903835,54.497127279296));
#3962 = CARTESIAN_POINT('',(0.178088662458,54.524007995564));
#3963 = CARTESIAN_POINT('',(0.237995579935,54.563910122269));
#3964 = CARTESIAN_POINT('',(0.298532237634,54.615889421096));
#3965 = ( GEOMETRIC_REPRESENTATION_CONTEXT(2) 
PARAMETRIC_REPRESENTATION_CONTEXT() REPRESENTATION_CONTEXT('2D SPACE',''
  ) );
#3966 = ORIENTED_EDGE('',*,*,#3967,.F.);
#3967 = EDGE_CURVE('',#2647,#3936,#3968,.T.);
#3968 = SURFACE_CURVE('',#3969,(#3976,#3986),.PCURVE_S1.);
#3969 = B_SPLINE_CURVE_WITH_KNOTS('',5,(#3970,#3971,#3972,#3973,#3974,
    #3975),.UNSPECIFIED.,.F.,.F.,(6,6),(0.,1.),
  .PIECEWISE_BEZIER_KNOTS.);
#3970 = CARTESIAN_POINT('',(61.379689432728,73.814183766684,
    5.000000596126));
#3971 = CARTESIAN_POINT('',(61.615828889506,73.61782358521,4.01639570919
    ));
#3972 = CARTESIAN_POINT('',(61.790821928383,73.470713058794,
    3.020120922816));
#3973 = CARTESIAN_POINT('',(61.906779670183,73.372723433997,
    2.016037744391));
#3974 = CARTESIAN_POINT('',(61.964764573816,73.323720250077,
    1.008052301828));
#3975 = CARTESIAN_POINT('',(61.964764573816,73.323720250077,
    4.302345607801E-15));
#3976 = PCURVE('',#598,#3977);
#3977 = DEFINITIONAL_REPRESENTATION('',(#3978),#3985);
#3978 = B_SPLINE_CURVE_WITH_KNOTS('',5,(#3979,#3980,#3981,#3982,#3983,
    #3984),.UNSPECIFIED.,.F.,.F.,(6,6),(0.,1.),
  .PIECEWISE_BEZIER_KNOTS.);
#3979 = CARTESIAN_POINT('',(0.877115398338,10.0000006));
#3980 = CARTESIAN_POINT('',(0.873916291544,9.016395713064));
#3981 = CARTESIAN_POINT('',(0.871534934532,8.020120912904));
#3982 = CARTESIAN_POINT('',(0.869953506588,7.016037750039));
#3983 = CARTESIAN_POINT('',(0.869162694901,6.008052301828));
#3984 = CARTESIAN_POINT('',(0.869162694901,5.));
#3985 = ( GEOMETRIC_REPRESENTATION_CONTEXT(2) 
PARAMETRIC_REPRESENTATION_CONTEXT() REPRESENTATION_CONTEXT('2D SPACE',''
  ) );
#3986 = PCURVE('',#896,#3987);
#3987 = DEFINITIONAL_REPRESENTATION('',(#3988),#3995);
#3988 = B_SPLINE_CURVE_WITH_KNOTS('',5,(#3989,#3990,#3991,#3992,#3993,
    #3994),.UNSPECIFIED.,.F.,.F.,(6,6),(0.,1.),
  .PIECEWISE_BEZIER_KNOTS.);
#3989 = CARTESIAN_POINT('',(5.984653069544,54.615889421097));
#3990 = CARTESIAN_POINT('',(6.045189766257,54.563910088771));
#3991 = CARTESIAN_POINT('',(6.10509664211,54.524008014478));
#3992 = CARTESIAN_POINT('',(6.164594895752,54.497127278921));
#3993 = CARTESIAN_POINT('',(6.223888112954,54.483682677679));
#3994 = CARTESIAN_POINT('',(6.28318530718,54.483682677679));
#3995 = ( GEOMETRIC_REPRESENTATION_CONTEXT(2) 
PARAMETRIC_REPRESENTATION_CONTEXT() REPRESENTATION_CONTEXT('2D SPACE',''
  ) );
#3996 = ADVANCED_FACE('',(#3997),#535,.F.);
#3997 = FACE_BOUND('',#3998,.F.);
#3998 = EDGE_LOOP('',(#3999,#4000,#4001,#4002));
#3999 = ORIENTED_EDGE('',*,*,#1827,.F.);
#4000 = ORIENTED_EDGE('',*,*,#518,.T.);
#4001 = ORIENTED_EDGE('',*,*,#835,.F.);
#4002 = ORIENTED_EDGE('',*,*,#4003,.F.);
#4003 = EDGE_CURVE('',#1828,#836,#4004,.T.);
#4004 = SURFACE_CURVE('',#4005,(#4010,#4017),.PCURVE_S1.);
#4005 = CIRCLE('',#4006,15.);
#4006 = AXIS2_PLACEMENT_3D('',#4007,#4008,#4009);
#4007 = CARTESIAN_POINT('',(40.,0.,0.));
#4008 = DIRECTION('',(1.,0.,0.));
#4009 = DIRECTION('',(-0.,0.,1.));
#4010 = PCURVE('',#535,#4011);
#4011 = DEFINITIONAL_REPRESENTATION('',(#4012),#4016);
#4012 = CIRCLE('',#4013,15.);
#4013 = AXIS2_PLACEMENT_2D('',#4014,#4015);
#4014 = CARTESIAN_POINT('',(0.,0.));
#4015 = DIRECTION('',(1.,0.));
#4016 = ( GEOMETRIC_REPRESENTATION_CONTEXT(2) 
PARAMETRIC_REPRESENTATION_CONTEXT() REPRESENTATION_CONTEXT('2D SPACE',''
  ) );
#4017 = PCURVE('',#1863,#4018);
#4018 = DEFINITIONAL_REPRESENTATION('',(#4019),#4023);
#4019 = LINE('',#4020,#4021);
#4020 = CARTESIAN_POINT('',(0.,5.));
#4021 = VECTOR('',#4022,1.);
#4022 = DIRECTION('',(1.,0.));
#4023 = ( GEOMETRIC_REPRESENTATION_CONTEXT(2) 
PARAMETRIC_REPRESENTATION_CONTEXT() REPRESENTATION_CONTEXT('2D SPACE',''
  ) );
#4024 = ADVANCED_FACE('',(#4025,#4028),#322,.T.);
#4025 = FACE_BOUND('',#4026,.T.);
#4026 = EDGE_LOOP('',(#4027));
#4027 = ORIENTED_EDGE('',*,*,#307,.T.);
#4028 = FACE_BOUND('',#4029,.T.);
#4029 = EDGE_LOOP('',(#4030));
#4030 = ORIENTED_EDGE('',*,*,#4031,.F.);
#4031 = EDGE_CURVE('',#4032,#4032,#4034,.T.);
#4032 = VERTEX_POINT('',#4033);
#4033 = CARTESIAN_POINT('',(100.,3.673940397442E-15,15.));
#4034 = SURFACE_CURVE('',#4035,(#4040,#4047),.PCURVE_S1.);
#4035 = CIRCLE('',#4036,15.);
#4036 = AXIS2_PLACEMENT_3D('',#4037,#4038,#4039);
#4037 = CARTESIAN_POINT('',(100.,0.,0.));
#4038 = DIRECTION('',(1.,0.,0.));
#4039 = DIRECTION('',(-0.,0.,1.));
#4040 = PCURVE('',#322,#4041);
#4041 = DEFINITIONAL_REPRESENTATION('',(#4042),#4046);
#4042 = CIRCLE('',#4043,15.);
#4043 = AXIS2_PLACEMENT_2D('',#4044,#4045);
#4044 = CARTESIAN_POINT('',(0.,0.));
#4045 = DIRECTION('',(1.,0.));
#4046 = ( GEOMETRIC_REPRESENTATION_CONTEXT(2) 
PARAMETRIC_REPRESENTATION_CONTEXT() REPRESENTATION_CONTEXT('2D SPACE',''
  ) );
#4047 = PCURVE('',#1863,#4048);
#4048 = DEFINITIONAL_REPRESENTATION('',(#4049),#4053);
#4049 = LINE('',#4050,#4051);
#4050 = CARTESIAN_POINT('',(0.,65.));
#4051 = VECTOR('',#4052,1.);
#4052 = DIRECTION('',(1.,0.));
#4053 = ( GEOMETRIC_REPRESENTATION_CONTEXT(2) 
PARAMETRIC_REPRESENTATION_CONTEXT() REPRESENTATION_CONTEXT('2D SPACE',''
  ) );
#4054 = ADVANCED_FACE('',(#4055),#773,.F.);
#4055 = FACE_BOUND('',#4056,.F.);
#4056 = EDGE_LOOP('',(#4057,#4221,#4242,#4243));
#4057 = ORIENTED_EDGE('',*,*,#4058,.F.);
#4058 = EDGE_CURVE('',#4059,#4059,#4061,.T.);
#4059 = VERTEX_POINT('',#4060);
#4060 = CARTESIAN_POINT('',(72.1,-5.143516556419E-16,-15.));
#4061 = SURFACE_CURVE('',#4062,(#4113,#4167),.PCURVE_S1.);
#4062 = B_SPLINE_CURVE_WITH_KNOTS('',7,(#4063,#4064,#4065,#4066,#4067,
    #4068,#4069,#4070,#4071,#4072,#4073,#4074,#4075,#4076,#4077,#4078,
    #4079,#4080,#4081,#4082,#4083,#4084,#4085,#4086,#4087,#4088,#4089,
    #4090,#4091,#4092,#4093,#4094,#4095,#4096,#4097,#4098,#4099,#4100,
    #4101,#4102,#4103,#4104,#4105,#4106,#4107,#4108,#4109,#4110,#4111,
    #4112),.UNSPECIFIED.,.T.,.F.,(8,6,6,6,6,6,6,6,8),(0.,0.122716135886,
    0.250005587342,0.37730185834,0.500000924029,0.622729310039,
    0.75002747809,0.877325336514,1.),.UNSPECIFIED.);
#4063 = CARTESIAN_POINT('',(72.1,-1.33226762955E-15,-15.));
#4064 = CARTESIAN_POINT('',(72.1,0.279114841086,-15.));
#4065 = CARTESIAN_POINT('',(72.056719856138,0.550621833632,
    -14.99394058823));
#4066 = CARTESIAN_POINT('',(71.97440314705,0.806764978539,
    -14.98241728871));
#4067 = CARTESIAN_POINT('',(71.858731309421,1.041123175926,
    -14.96699160453));
#4068 = CARTESIAN_POINT('',(71.716777447742,1.248816226172,
    -14.94978966022));
#4069 = CARTESIAN_POINT('',(71.556927443575,1.426969220229,
    -14.9327152988));
#4070 = CARTESIAN_POINT('',(71.214315032154,1.729022692112,
    -14.90081861724));
#4071 = CARTESIAN_POINT('',(71.026203302003,1.854812629014,
    -14.88566483757));
#4072 = CARTESIAN_POINT('',(70.828882909753,1.953784201403,
    -14.8726902789));
#4073 = CARTESIAN_POINT('',(70.62546965437,2.027106735307,
    -14.86257921381));
#4074 = CARTESIAN_POINT('',(70.418288884081,2.075681346837,
    -14.85571100596));
#4075 = CARTESIAN_POINT('',(70.209223235024,2.1,-14.85227255338));
#4076 = CARTESIAN_POINT('',(69.790765555825,2.1,-14.85227255338));
#4077 = CARTESIAN_POINT('',(69.581701995711,2.075678785534,
    -14.85571136503));
#4078 = CARTESIAN_POINT('',(69.374527561739,2.027104384878,
    -14.86257955456));
#4079 = CARTESIAN_POINT('',(69.171118824007,1.953784303542,
    -14.87269019934));
#4080 = CARTESIAN_POINT('',(68.973798738612,1.854814276428,
    -14.88566465942));
#4081 = CARTESIAN_POINT('',(68.785685210636,1.729022906161,
    -14.90081859464));
#4082 = CARTESIAN_POINT('',(68.443104723847,1.426997579627,
    -14.93271230406));
#4083 = CARTESIAN_POINT('',(68.283240849849,1.248846638305,
    -14.94978711743));
#4084 = CARTESIAN_POINT('',(68.141259143622,1.041127821907,
    -14.96699221715));
#4085 = CARTESIAN_POINT('',(68.025570345575,0.806727799118,
    -14.98242098978));
#4086 = CARTESIAN_POINT('',(67.943259460365,0.550550223873,
    -14.99394348792));
#4087 = CARTESIAN_POINT('',(67.9,0.27904815939,-15.));
#4088 = CARTESIAN_POINT('',(67.9,-0.279114841086,-15.));
#4089 = CARTESIAN_POINT('',(67.943280143862,-0.550621833631,
    -14.99394058823));
#4090 = CARTESIAN_POINT('',(68.025596852951,-0.80676497854,
    -14.98241728871));
#4091 = CARTESIAN_POINT('',(68.141268690578,-1.041123175926,
    -14.96699160453));
#4092 = CARTESIAN_POINT('',(68.283222552258,-1.248816226172,
    -14.94978966022));
#4093 = CARTESIAN_POINT('',(68.443072556425,-1.426969220229,
    -14.9327152988));
#4094 = CARTESIAN_POINT('',(68.785679500338,-1.729017871856,
    -14.90081912626));
#4095 = CARTESIAN_POINT('',(68.9737959696,-1.854814467231,
    -14.88566476047));
#4096 = CARTESIAN_POINT('',(69.171122959857,-1.953787403224,
    -14.87268975536));
#4097 = CARTESIAN_POINT('',(69.374534706006,-2.027106265677,
    -14.86257928826));
#4098 = CARTESIAN_POINT('',(69.581706220102,-2.075678646908,
    -14.85571138535));
#4099 = CARTESIAN_POINT('',(69.79076505369,-2.1,-14.85227255338));
#4100 = CARTESIAN_POINT('',(70.209234437388,-2.1,-14.85227255338));
#4101 = CARTESIAN_POINT('',(70.418298020868,-2.075678787251,
    -14.85571136488));
#4102 = CARTESIAN_POINT('',(70.625472426288,-2.027104376749,
    -14.86257955539));
#4103 = CARTESIAN_POINT('',(70.828881170035,-1.953784318804,
    -14.87269019772));
#4104 = CARTESIAN_POINT('',(71.026201274602,-1.854814262741,
    -14.88566466089));
#4105 = CARTESIAN_POINT('',(71.214314783462,-1.729022911364,
    -14.90081859409));
#4106 = CARTESIAN_POINT('',(71.556859746022,-1.42702890365,
    -14.93270899626));
#4107 = CARTESIAN_POINT('',(71.71674862236,-1.248871651566,
    -14.94978520486));
#4108 = CARTESIAN_POINT('',(71.858760923557,-1.041116958037,
    -14.9669942657));
#4109 = CARTESIAN_POINT('',(71.974460649573,-0.806673727464,
    -14.98242535667));
#4110 = CARTESIAN_POINT('',(72.05676028448,-0.550471778571,
    -14.99394624532));
#4111 = CARTESIAN_POINT('',(72.1,-0.278984464685,-15.));
#4112 = CARTESIAN_POINT('',(72.1,-1.33226762955E-15,-15.));
#4113 = PCURVE('',#773,#4114);
#4114 = DEFINITIONAL_REPRESENTATION('',(#4115),#4166);
#4115 = B_SPLINE_CURVE_WITH_KNOTS('',7,(#4116,#4117,#4118,#4119,#4120,
    #4121,#4122,#4123,#4124,#4125,#4126,#4127,#4128,#4129,#4130,#4131,
    #4132,#4133,#4134,#4135,#4136,#4137,#4138,#4139,#4140,#4141,#4142,
    #4143,#4144,#4145,#4146,#4147,#4148,#4149,#4150,#4151,#4152,#4153,
    #4154,#4155,#4156,#4157,#4158,#4159,#4160,#4161,#4162,#4163,#4164,
    #4165),.UNSPECIFIED.,.F.,.F.,(8,6,6,6,6,6,6,6,8),(0.,0.122716135886,
    0.250005587342,0.37730185834,0.500000924029,0.622729310039,
    0.75002747809,0.877325336514,1.),.UNSPECIFIED.);
#4116 = CARTESIAN_POINT('',(0.,5.));
#4117 = CARTESIAN_POINT('',(0.132911829089,5.));
#4118 = CARTESIAN_POINT('',(0.262200783289,5.006059411762));
#4119 = CARTESIAN_POINT('',(0.388008999379,5.017582711289));
#4120 = CARTESIAN_POINT('',(0.51017263393,5.033008395469));
#4121 = CARTESIAN_POINT('',(0.628269582204,5.050210339774));
#4122 = CARTESIAN_POINT('',(0.741469619685,5.067284701199));
#4123 = CARTESIAN_POINT('',(0.95896909936,5.099181382754));
#4124 = CARTESIAN_POINT('',(1.065774497183,5.114335162424));
#4125 = CARTESIAN_POINT('',(1.169640913773,5.127309721099));
#4126 = CARTESIAN_POINT('',(1.271337781005,5.137420786188));
#4127 = CARTESIAN_POINT('',(1.371611295788,5.144288994037));
#4128 = CARTESIAN_POINT('',(1.471166214879,5.147727446616));
#4129 = CARTESIAN_POINT('',(1.670431776402,5.147727446616));
#4130 = CARTESIAN_POINT('',(1.769985685999,5.144288634961));
#4131 = CARTESIAN_POINT('',(1.870256478069,5.137420445431));
#4132 = CARTESIAN_POINT('',(1.971951047195,5.127309800656));
#4133 = CARTESIAN_POINT('',(2.07581691647,5.114335340572));
#4134 = CARTESIAN_POINT('',(2.1826234001,5.099181405357));
#4135 = CARTESIAN_POINT('',(2.400102613169,5.067287695936));
#4136 = CARTESIAN_POINT('',(2.513306961949,5.05021288257));
#4137 = CARTESIAN_POINT('',(2.631420806018,5.033007782845));
#4138 = CARTESIAN_POINT('',(2.753604070727,5.017579010214));
#4139 = CARTESIAN_POINT('',(2.879425977551,5.006056512078));
#4140 = CARTESIAN_POINT('',(3.00871257769,5.));
#4141 = CARTESIAN_POINT('',(3.274504482679,5.));
#4142 = CARTESIAN_POINT('',(3.403793436878,5.006059411762));
#4143 = CARTESIAN_POINT('',(3.529601652969,5.017582711289));
#4144 = CARTESIAN_POINT('',(3.65176528752,5.033008395469));
#4145 = CARTESIAN_POINT('',(3.769862235794,5.050210339774));
#4146 = CARTESIAN_POINT('',(3.883062273274,5.067284701199));
#4147 = CARTESIAN_POINT('',(4.10055828203,5.099180873737));
#4148 = CARTESIAN_POINT('',(4.207367459136,5.114335239521));
#4149 = CARTESIAN_POINT('',(4.311236508754,5.127310244634));
#4150 = CARTESIAN_POINT('',(4.41293224598,5.137420711731));
#4151 = CARTESIAN_POINT('',(4.513201622414,5.144288614644));
#4152 = CARTESIAN_POINT('',(4.612753291666,5.147727446616));
#4153 = CARTESIAN_POINT('',(4.81202442676,5.147727446616));
#4154 = CARTESIAN_POINT('',(4.911578347078,5.144288635115));
#4155 = CARTESIAN_POINT('',(5.011849127536,5.13742044461));
#4156 = CARTESIAN_POINT('',(5.113543695229,5.127309802272));
#4157 = CARTESIAN_POINT('',(5.217409578747,5.114335339108));
#4158 = CARTESIAN_POINT('',(5.324216049943,5.099181405907));
#4159 = CARTESIAN_POINT('',(5.541672711286,5.067291003736));
#4160 = CARTESIAN_POINT('',(5.654887988965,5.050214795134));
#4161 = CARTESIAN_POINT('',(5.773022741937,5.033005734296));
#4162 = CARTESIAN_POINT('',(5.895225063659,5.017574643326));
#4163 = CARTESIAN_POINT('',(6.021055992288,5.006053754678));
#4164 = CARTESIAN_POINT('',(6.150335562091,5.));
#4165 = CARTESIAN_POINT('',(6.28318530718,5.));
#4166 = ( GEOMETRIC_REPRESENTATION_CONTEXT(2) 
PARAMETRIC_REPRESENTATION_CONTEXT() REPRESENTATION_CONTEXT('2D SPACE',''
  ) );
#4167 = PCURVE('',#1863,#4168);
#4168 = DEFINITIONAL_REPRESENTATION('',(#4169),#4220);
#4169 = B_SPLINE_CURVE_WITH_KNOTS('',7,(#4170,#4171,#4172,#4173,#4174,
    #4175,#4176,#4177,#4178,#4179,#4180,#4181,#4182,#4183,#4184,#4185,
    #4186,#4187,#4188,#4189,#4190,#4191,#4192,#4193,#4194,#4195,#4196,
    #4197,#4198,#4199,#4200,#4201,#4202,#4203,#4204,#4205,#4206,#4207,
    #4208,#4209,#4210,#4211,#4212,#4213,#4214,#4215,#4216,#4217,#4218,
    #4219),.UNSPECIFIED.,.T.,.F.,(8,6,6,6,6,6,6,6,8),(0.,0.122716135886,
    0.250005587342,0.37730185834,0.500000924029,0.622729310039,
    0.75002747809,0.877325336514,1.),.UNSPECIFIED.);
#4170 = CARTESIAN_POINT('',(3.14159265359,37.1));
#4171 = CARTESIAN_POINT('',(3.160200309662,37.1));
#4172 = CARTESIAN_POINT('',(3.17830078725,37.056719856138));
#4173 = CARTESIAN_POINT('',(3.195387456318,36.97440314705));
#4174 = CARTESIAN_POINT('',(3.211040514867,36.858731309421));
#4175 = CARTESIAN_POINT('',(3.224932241537,36.716777447743));
#4176 = CARTESIAN_POINT('',(3.236862964266,36.556927443575));
#4177 = CARTESIAN_POINT('',(3.257111826859,36.214315032154));
#4178 = CARTESIAN_POINT('',(3.265557545504,36.026203302003));
#4179 = CARTESIAN_POINT('',(3.272211790023,35.828882909753));
#4180 = CARTESIAN_POINT('',(3.277146178834,35.62546965437));
#4181 = CARTESIAN_POINT('',(3.280416699794,35.418288884081));
#4182 = CARTESIAN_POINT('',(3.2820540683,35.209223235024));
#4183 = CARTESIAN_POINT('',(3.2820540683,34.790765555825));
#4184 = CARTESIAN_POINT('',(3.280416527395,34.581701995711));
#4185 = CARTESIAN_POINT('',(3.27714602046,34.374527561739));
#4186 = CARTESIAN_POINT('',(3.272211797511,34.171118824007));
#4187 = CARTESIAN_POINT('',(3.265557655929,33.973798738612));
#4188 = CARTESIAN_POINT('',(3.257111841208,33.785685210636));
#4189 = CARTESIAN_POINT('',(3.236864865405,33.443104723847));
#4190 = CARTESIAN_POINT('',(3.224934275892,33.283240849849));
#4191 = CARTESIAN_POINT('',(3.211040818457,33.141259143622));
#4192 = CARTESIAN_POINT('',(3.195384969728,33.025570345575));
#4193 = CARTESIAN_POINT('',(3.178296013251,32.943259460365));
#4194 = CARTESIAN_POINT('',(3.160195864216,32.9));
#4195 = CARTESIAN_POINT('',(3.122984997517,32.9));
#4196 = CARTESIAN_POINT('',(3.104884519929,32.943280143862));
#4197 = CARTESIAN_POINT('',(3.087797850862,33.02559685295));
#4198 = CARTESIAN_POINT('',(3.072144792312,33.141268690579));
#4199 = CARTESIAN_POINT('',(3.058253065643,33.283222552258));
#4200 = CARTESIAN_POINT('',(3.046322342914,33.443072556425));
#4201 = CARTESIAN_POINT('',(3.026073803458,33.785679500338));
#4202 = CARTESIAN_POINT('',(3.017627639325,33.9737959696));
#4203 = CARTESIAN_POINT('',(3.010973301129,34.171122959857));
#4204 = CARTESIAN_POINT('',(3.006039159958,34.374534706006));
#4205 = CARTESIAN_POINT('',(3.002768789165,34.581706220102));
#4206 = CARTESIAN_POINT('',(3.00113123888,34.79076505369));
#4207 = CARTESIAN_POINT('',(3.00113123888,35.209234437388));
#4208 = CARTESIAN_POINT('',(3.00276877967,35.418298020868));
#4209 = CARTESIAN_POINT('',(3.006039287265,35.625472426288));
#4210 = CARTESIAN_POINT('',(3.010973508645,35.828881170035));
#4211 = CARTESIAN_POINT('',(3.017627652168,36.026201274602));
#4212 = CARTESIAN_POINT('',(3.026073465622,36.214314783462));
#4213 = CARTESIAN_POINT('',(3.046318341895,36.556859746022));
#4214 = CARTESIAN_POINT('',(3.058249359539,36.71674862236));
#4215 = CARTESIAN_POINT('',(3.072145222575,36.858760923557));
#4216 = CARTESIAN_POINT('',(3.08780395022,36.974460649573));
#4217 = CARTESIAN_POINT('',(3.104894523389,37.05676028448));
#4218 = CARTESIAN_POINT('',(3.122993689277,37.1));
#4219 = CARTESIAN_POINT('',(3.14159265359,37.1));
#4220 = ( GEOMETRIC_REPRESENTATION_CONTEXT(2) 
PARAMETRIC_REPRESENTATION_CONTEXT() REPRESENTATION_CONTEXT('2D SPACE',''
  ) );
#4221 = ORIENTED_EDGE('',*,*,#4222,.F.);
#4222 = EDGE_CURVE('',#664,#4059,#4223,.T.);
#4223 = SEAM_CURVE('',#4224,(#4228,#4235),.PCURVE_S1.);
#4224 = LINE('',#4225,#4226);
#4225 = CARTESIAN_POINT('',(72.1,-5.143516556419E-16,-20.));
#4226 = VECTOR('',#4227,1.);
#4227 = DIRECTION('',(0.,0.,1.));
#4228 = PCURVE('',#773,#4229);
#4229 = DEFINITIONAL_REPRESENTATION('',(#4230),#4234);
#4230 = LINE('',#4231,#4232);
#4231 = CARTESIAN_POINT('',(6.28318530718,-0.));
#4232 = VECTOR('',#4233,1.);
#4233 = DIRECTION('',(0.,1.));
#4234 = ( GEOMETRIC_REPRESENTATION_CONTEXT(2) 
PARAMETRIC_REPRESENTATION_CONTEXT() REPRESENTATION_CONTEXT('2D SPACE',''
  ) );
#4235 = PCURVE('',#773,#4236);
#4236 = DEFINITIONAL_REPRESENTATION('',(#4237),#4241);
#4237 = LINE('',#4238,#4239);
#4238 = CARTESIAN_POINT('',(0.,-0.));
#4239 = VECTOR('',#4240,1.);
#4240 = DIRECTION('',(0.,1.));
#4241 = ( GEOMETRIC_REPRESENTATION_CONTEXT(2) 
PARAMETRIC_REPRESENTATION_CONTEXT() REPRESENTATION_CONTEXT('2D SPACE',''
  ) );
#4242 = ORIENTED_EDGE('',*,*,#663,.T.);
#4243 = ORIENTED_EDGE('',*,*,#4222,.T.);
#4244 = ADVANCED_FACE('',(#4245,#4345),#1863,.F.);
#4245 = FACE_BOUND('',#4246,.F.);
#4246 = EDGE_LOOP('',(#4247,#4248,#4269,#4270,#4291,#4292,#4293,#4315,
    #4316,#4317,#4318,#4340,#4341,#4342,#4343,#4344));
#4247 = ORIENTED_EDGE('',*,*,#4031,.F.);
#4248 = ORIENTED_EDGE('',*,*,#4249,.F.);
#4249 = EDGE_CURVE('',#3670,#4032,#4250,.T.);
#4250 = SEAM_CURVE('',#4251,(#4255,#4262),.PCURVE_S1.);
#4251 = LINE('',#4252,#4253);
#4252 = CARTESIAN_POINT('',(35.,3.673940397442E-15,15.));
#4253 = VECTOR('',#4254,1.);
#4254 = DIRECTION('',(1.,0.,0.));
#4255 = PCURVE('',#1863,#4256);
#4256 = DEFINITIONAL_REPRESENTATION('',(#4257),#4261);
#4257 = LINE('',#4258,#4259);
#4258 = CARTESIAN_POINT('',(6.28318530718,-0.));
#4259 = VECTOR('',#4260,1.);
#4260 = DIRECTION('',(0.,1.));
#4261 = ( GEOMETRIC_REPRESENTATION_CONTEXT(2) 
PARAMETRIC_REPRESENTATION_CONTEXT() REPRESENTATION_CONTEXT('2D SPACE',''
  ) );
#4262 = PCURVE('',#1863,#4263);
#4263 = DEFINITIONAL_REPRESENTATION('',(#4264),#4268);
#4264 = LINE('',#4265,#4266);
#4265 = CARTESIAN_POINT('',(0.,-0.));
#4266 = VECTOR('',#4267,1.);
#4267 = DIRECTION('',(0.,1.));
#4268 = ( GEOMETRIC_REPRESENTATION_CONTEXT(2) 
PARAMETRIC_REPRESENTATION_CONTEXT() REPRESENTATION_CONTEXT('2D SPACE',''
  ) );
#4269 = ORIENTED_EDGE('',*,*,#3784,.F.);
#4270 = ORIENTED_EDGE('',*,*,#4271,.F.);
#4271 = EDGE_CURVE('',#3884,#3693,#4272,.T.);
#4272 = SEAM_CURVE('',#4273,(#4277,#4284),.PCURVE_S1.);
#4273 = LINE('',#4274,#4275);
#4274 = CARTESIAN_POINT('',(35.,3.673940397442E-15,15.));
#4275 = VECTOR('',#4276,1.);
#4276 = DIRECTION('',(1.,0.,0.));
#4277 = PCURVE('',#1863,#4278);
#4278 = DEFINITIONAL_REPRESENTATION('',(#4279),#4283);
#4279 = LINE('',#4280,#4281);
#4280 = CARTESIAN_POINT('',(6.28318530718,-0.));
#4281 = VECTOR('',#4282,1.);
#4282 = DIRECTION('',(0.,1.));
#4283 = ( GEOMETRIC_REPRESENTATION_CONTEXT(2) 
PARAMETRIC_REPRESENTATION_CONTEXT() REPRESENTATION_CONTEXT('2D SPACE',''
  ) );
#4284 = PCURVE('',#1863,#4285);
#4285 = DEFINITIONAL_REPRESENTATION('',(#4286),#4290);
#4286 = LINE('',#4287,#4288);
#4287 = CARTESIAN_POINT('',(0.,-0.));
#4288 = VECTOR('',#4289,1.);
#4289 = DIRECTION('',(0.,1.));
#4290 = ( GEOMETRIC_REPRESENTATION_CONTEXT(2) 
PARAMETRIC_REPRESENTATION_CONTEXT() REPRESENTATION_CONTEXT('2D SPACE',''
  ) );
#4291 = ORIENTED_EDGE('',*,*,#3883,.T.);
#4292 = ORIENTED_EDGE('',*,*,#3500,.F.);
#4293 = ORIENTED_EDGE('',*,*,#4294,.T.);
#4294 = EDGE_CURVE('',#3501,#1849,#4295,.T.);
#4295 = SURFACE_CURVE('',#4296,(#4301,#4308),.PCURVE_S1.);
#4296 = CIRCLE('',#4297,15.);
#4297 = AXIS2_PLACEMENT_3D('',#4298,#4299,#4300);
#4298 = CARTESIAN_POINT('',(35.,0.,0.));
#4299 = DIRECTION('',(1.,0.,0.));
#4300 = DIRECTION('',(-0.,0.,1.));
#4301 = PCURVE('',#1863,#4302);
#4302 = DEFINITIONAL_REPRESENTATION('',(#4303),#4307);
#4303 = LINE('',#4304,#4305);
#4304 = CARTESIAN_POINT('',(0.,0.));
#4305 = VECTOR('',#4306,1.);
#4306 = DIRECTION('',(1.,0.));
#4307 = ( GEOMETRIC_REPRESENTATION_CONTEXT(2) 
PARAMETRIC_REPRESENTATION_CONTEXT() REPRESENTATION_CONTEXT('2D SPACE',''
  ) );
#4308 = PCURVE('',#1889,#4309);
#4309 = DEFINITIONAL_REPRESENTATION('',(#4310),#4314);
#4310 = CIRCLE('',#4311,15.);
#4311 = AXIS2_PLACEMENT_2D('',#4312,#4313);
#4312 = CARTESIAN_POINT('',(0.,0.));
#4313 = DIRECTION('',(1.,0.));
#4314 = ( GEOMETRIC_REPRESENTATION_CONTEXT(2) 
PARAMETRIC_REPRESENTATION_CONTEXT() REPRESENTATION_CONTEXT('2D SPACE',''
  ) );
#4315 = ORIENTED_EDGE('',*,*,#1848,.T.);
#4316 = ORIENTED_EDGE('',*,*,#4003,.T.);
#4317 = ORIENTED_EDGE('',*,*,#1900,.F.);
#4318 = ORIENTED_EDGE('',*,*,#4319,.T.);
#4319 = EDGE_CURVE('',#1875,#3522,#4320,.T.);
#4320 = SURFACE_CURVE('',#4321,(#4326,#4333),.PCURVE_S1.);
#4321 = CIRCLE('',#4322,15.);
#4322 = AXIS2_PLACEMENT_3D('',#4323,#4324,#4325);
#4323 = CARTESIAN_POINT('',(35.,0.,0.));
#4324 = DIRECTION('',(1.,0.,0.));
#4325 = DIRECTION('',(-0.,0.,1.));
#4326 = PCURVE('',#1863,#4327);
#4327 = DEFINITIONAL_REPRESENTATION('',(#4328),#4332);
#4328 = LINE('',#4329,#4330);
#4329 = CARTESIAN_POINT('',(0.,0.));
#4330 = VECTOR('',#4331,1.);
#4331 = DIRECTION('',(1.,0.));
#4332 = ( GEOMETRIC_REPRESENTATION_CONTEXT(2) 
PARAMETRIC_REPRESENTATION_CONTEXT() REPRESENTATION_CONTEXT('2D SPACE',''
  ) );
#4333 = PCURVE('',#1889,#4334);
#4334 = DEFINITIONAL_REPRESENTATION('',(#4335),#4339);
#4335 = CIRCLE('',#4336,15.);
#4336 = AXIS2_PLACEMENT_2D('',#4337,#4338);
#4337 = CARTESIAN_POINT('',(0.,0.));
#4338 = DIRECTION('',(1.,0.));
#4339 = ( GEOMETRIC_REPRESENTATION_CONTEXT(2) 
PARAMETRIC_REPRESENTATION_CONTEXT() REPRESENTATION_CONTEXT('2D SPACE',''
  ) );
#4340 = ORIENTED_EDGE('',*,*,#3542,.T.);
#4341 = ORIENTED_EDGE('',*,*,#3907,.T.);
#4342 = ORIENTED_EDGE('',*,*,#4271,.T.);
#4343 = ORIENTED_EDGE('',*,*,#3692,.F.);
#4344 = ORIENTED_EDGE('',*,*,#4249,.T.);
#4345 = FACE_BOUND('',#4346,.F.);
#4346 = EDGE_LOOP('',(#4347));
#4347 = ORIENTED_EDGE('',*,*,#4058,.T.);
#4348 = ADVANCED_FACE('',(#4349),#1889,.T.);
#4349 = FACE_BOUND('',#4350,.T.);
#4350 = EDGE_LOOP('',(#4351,#4352,#4353,#4354));
#4351 = ORIENTED_EDGE('',*,*,#3521,.F.);
#4352 = ORIENTED_EDGE('',*,*,#4294,.T.);
#4353 = ORIENTED_EDGE('',*,*,#1874,.T.);
#4354 = ORIENTED_EDGE('',*,*,#4319,.T.);
#4355 = ADVANCED_FACE('',(#4356),#1701,.F.);
#4356 = FACE_BOUND('',#4357,.F.);
#4357 = EDGE_LOOP('',(#4358,#4359,#4360,#4361));
#4358 = ORIENTED_EDGE('',*,*,#1686,.F.);
#4359 = ORIENTED_EDGE('',*,*,#2162,.T.);
#4360 = ORIENTED_EDGE('',*,*,#1785,.F.);
#4361 = ORIENTED_EDGE('',*,*,#4362,.F.);
#4362 = EDGE_CURVE('',#1687,#1765,#4363,.T.);
#4363 = SURFACE_CURVE('',#4364,(#4369,#4376),.PCURVE_S1.);
#4364 = CIRCLE('',#4365,15.);
#4365 = AXIS2_PLACEMENT_3D('',#4366,#4367,#4368);
#4366 = CARTESIAN_POINT('',(20.,-34.64,0.));
#4367 = DIRECTION('',(0.500011000363,-0.866019052629,0.));
#4368 = DIRECTION('',(-0.866019052629,-0.500011000363,0.));
#4369 = PCURVE('',#1701,#4370);
#4370 = DEFINITIONAL_REPRESENTATION('',(#4371),#4375);
#4371 = CIRCLE('',#4372,15.);
#4372 = AXIS2_PLACEMENT_2D('',#4373,#4374);
#4373 = CARTESIAN_POINT('',(0.,0.));
#4374 = DIRECTION('',(1.,0.));
#4375 = ( GEOMETRIC_REPRESENTATION_CONTEXT(2) 
PARAMETRIC_REPRESENTATION_CONTEXT() REPRESENTATION_CONTEXT('2D SPACE',''
  ) );
#4376 = PCURVE('',#1727,#4377);
#4377 = DEFINITIONAL_REPRESENTATION('',(#4378),#4382);
#4378 = LINE('',#4379,#4380);
#4379 = CARTESIAN_POINT('',(0.,4.99988999879));
#4380 = VECTOR('',#4381,1.);
#4381 = DIRECTION('',(1.,0.));
#4382 = ( GEOMETRIC_REPRESENTATION_CONTEXT(2) 
PARAMETRIC_REPRESENTATION_CONTEXT() REPRESENTATION_CONTEXT('2D SPACE',''
  ) );
#4383 = ADVANCED_FACE('',(#4384,#4527,#4693),#1727,.F.);
#4384 = FACE_BOUND('',#4385,.F.);
#4385 = EDGE_LOOP('',(#4386,#4410,#4433,#4455,#4456,#4457,#4458,#4480,
    #4481,#4503,#4504,#4526));
#4386 = ORIENTED_EDGE('',*,*,#4387,.F.);
#4387 = EDGE_CURVE('',#4388,#4388,#4390,.T.);
#4388 = VERTEX_POINT('',#4389);
#4389 = CARTESIAN_POINT('',(37.009714210569,-94.10016500544,
    3.673940397442E-15));
#4390 = SURFACE_CURVE('',#4391,(#4396,#4403),.PCURVE_S1.);
#4391 = CIRCLE('',#4392,15.);
#4392 = AXIS2_PLACEMENT_3D('',#4393,#4394,#4395);
#4393 = CARTESIAN_POINT('',(50.,-86.6,0.));
#4394 = DIRECTION('',(0.500011000363,-0.866019052629,0.));
#4395 = DIRECTION('',(-0.866019052629,-0.500011000363,0.));
#4396 = PCURVE('',#1727,#4397);
#4397 = DEFINITIONAL_REPRESENTATION('',(#4398),#4402);
#4398 = LINE('',#4399,#4400);
#4399 = CARTESIAN_POINT('',(0.,64.99856998427));
#4400 = VECTOR('',#4401,1.);
#4401 = DIRECTION('',(1.,0.));
#4402 = ( GEOMETRIC_REPRESENTATION_CONTEXT(2) 
PARAMETRIC_REPRESENTATION_CONTEXT() REPRESENTATION_CONTEXT('2D SPACE',''
  ) );
#4403 = PCURVE('',#2118,#4404);
#4404 = DEFINITIONAL_REPRESENTATION('',(#4405),#4409);
#4405 = CIRCLE('',#4406,15.);
#4406 = AXIS2_PLACEMENT_2D('',#4407,#4408);
#4407 = CARTESIAN_POINT('',(0.,0.));
#4408 = DIRECTION('',(1.,0.));
#4409 = ( GEOMETRIC_REPRESENTATION_CONTEXT(2) 
PARAMETRIC_REPRESENTATION_CONTEXT() REPRESENTATION_CONTEXT('2D SPACE',''
  ) );
#4410 = ORIENTED_EDGE('',*,*,#4411,.F.);
#4411 = EDGE_CURVE('',#4412,#4388,#4414,.T.);
#4412 = VERTEX_POINT('',#4413);
#4413 = CARTESIAN_POINT('',(4.509714210569,-37.81016500544,
    3.673940397442E-15));
#4414 = SEAM_CURVE('',#4415,(#4419,#4426),.PCURVE_S1.);
#4415 = LINE('',#4416,#4417);
#4416 = CARTESIAN_POINT('',(4.509714210569,-37.81016500544,
    3.673940397442E-15));
#4417 = VECTOR('',#4418,1.);
#4418 = DIRECTION('',(0.500011000363,-0.866019052629,0.));
#4419 = PCURVE('',#1727,#4420);
#4420 = DEFINITIONAL_REPRESENTATION('',(#4421),#4425);
#4421 = LINE('',#4422,#4423);
#4422 = CARTESIAN_POINT('',(6.28318530718,-0.));
#4423 = VECTOR('',#4424,1.);
#4424 = DIRECTION('',(0.,1.));
#4425 = ( GEOMETRIC_REPRESENTATION_CONTEXT(2) 
PARAMETRIC_REPRESENTATION_CONTEXT() REPRESENTATION_CONTEXT('2D SPACE',''
  ) );
#4426 = PCURVE('',#1727,#4427);
#4427 = DEFINITIONAL_REPRESENTATION('',(#4428),#4432);
#4428 = LINE('',#4429,#4430);
#4429 = CARTESIAN_POINT('',(0.,-0.));
#4430 = VECTOR('',#4431,1.);
#4431 = DIRECTION('',(0.,1.));
#4432 = ( GEOMETRIC_REPRESENTATION_CONTEXT(2) 
PARAMETRIC_REPRESENTATION_CONTEXT() REPRESENTATION_CONTEXT('2D SPACE',''
  ) );
#4433 = ORIENTED_EDGE('',*,*,#4434,.T.);
#4434 = EDGE_CURVE('',#4412,#1713,#4435,.T.);
#4435 = SURFACE_CURVE('',#4436,(#4441,#4448),.PCURVE_S1.);
#4436 = CIRCLE('',#4437,15.);
#4437 = AXIS2_PLACEMENT_3D('',#4438,#4439,#4440);
#4438 = CARTESIAN_POINT('',(17.5,-30.31,0.));
#4439 = DIRECTION('',(0.500011000363,-0.866019052629,0.));
#4440 = DIRECTION('',(-0.866019052629,-0.500011000363,0.));
#4441 = PCURVE('',#1727,#4442);
#4442 = DEFINITIONAL_REPRESENTATION('',(#4443),#4447);
#4443 = LINE('',#4444,#4445);
#4444 = CARTESIAN_POINT('',(0.,0.));
#4445 = VECTOR('',#4446,1.);
#4446 = DIRECTION('',(1.,0.));
#4447 = ( GEOMETRIC_REPRESENTATION_CONTEXT(2) 
PARAMETRIC_REPRESENTATION_CONTEXT() REPRESENTATION_CONTEXT('2D SPACE',''
  ) );
#4448 = PCURVE('',#1753,#4449);
#4449 = DEFINITIONAL_REPRESENTATION('',(#4450),#4454);
#4450 = CIRCLE('',#4451,15.);
#4451 = AXIS2_PLACEMENT_2D('',#4452,#4453);
#4452 = CARTESIAN_POINT('',(0.,0.));
#4453 = DIRECTION('',(1.,0.));
#4454 = ( GEOMETRIC_REPRESENTATION_CONTEXT(2) 
PARAMETRIC_REPRESENTATION_CONTEXT() REPRESENTATION_CONTEXT('2D SPACE',''
  ) );
#4455 = ORIENTED_EDGE('',*,*,#1712,.T.);
#4456 = ORIENTED_EDGE('',*,*,#4362,.T.);
#4457 = ORIENTED_EDGE('',*,*,#1764,.F.);
#4458 = ORIENTED_EDGE('',*,*,#4459,.T.);
#4459 = EDGE_CURVE('',#1739,#3416,#4460,.T.);
#4460 = SURFACE_CURVE('',#4461,(#4466,#4473),.PCURVE_S1.);
#4461 = CIRCLE('',#4462,15.);
#4462 = AXIS2_PLACEMENT_3D('',#4463,#4464,#4465);
#4463 = CARTESIAN_POINT('',(17.5,-30.31,0.));
#4464 = DIRECTION('',(0.500011000363,-0.866019052629,0.));
#4465 = DIRECTION('',(-0.866019052629,-0.500011000363,0.));
#4466 = PCURVE('',#1727,#4467);
#4467 = DEFINITIONAL_REPRESENTATION('',(#4468),#4472);
#4468 = LINE('',#4469,#4470);
#4469 = CARTESIAN_POINT('',(0.,0.));
#4470 = VECTOR('',#4471,1.);
#4471 = DIRECTION('',(1.,0.));
#4472 = ( GEOMETRIC_REPRESENTATION_CONTEXT(2) 
PARAMETRIC_REPRESENTATION_CONTEXT() REPRESENTATION_CONTEXT('2D SPACE',''
  ) );
#4473 = PCURVE('',#1753,#4474);
#4474 = DEFINITIONAL_REPRESENTATION('',(#4475),#4479);
#4475 = CIRCLE('',#4476,15.);
#4476 = AXIS2_PLACEMENT_2D('',#4477,#4478);
#4477 = CARTESIAN_POINT('',(0.,0.));
#4478 = DIRECTION('',(1.,0.));
#4479 = ( GEOMETRIC_REPRESENTATION_CONTEXT(2) 
PARAMETRIC_REPRESENTATION_CONTEXT() REPRESENTATION_CONTEXT('2D SPACE',''
  ) );
#4480 = ORIENTED_EDGE('',*,*,#3436,.T.);
#4481 = ORIENTED_EDGE('',*,*,#4482,.T.);
#4482 = EDGE_CURVE('',#3437,#3374,#4483,.T.);
#4483 = SURFACE_CURVE('',#4484,(#4489,#4496),.PCURVE_S1.);
#4484 = CIRCLE('',#4485,15.);
#4485 = AXIS2_PLACEMENT_3D('',#4486,#4487,#4488);
#4486 = CARTESIAN_POINT('',(20.,-34.64,0.));
#4487 = DIRECTION('',(0.500011000363,-0.866019052629,0.));
#4488 = DIRECTION('',(-0.866019052629,-0.500011000363,0.));
#4489 = PCURVE('',#1727,#4490);
#4490 = DEFINITIONAL_REPRESENTATION('',(#4491),#4495);
#4491 = LINE('',#4492,#4493);
#4492 = CARTESIAN_POINT('',(0.,4.99988999879));
#4493 = VECTOR('',#4494,1.);
#4494 = DIRECTION('',(1.,0.));
#4495 = ( GEOMETRIC_REPRESENTATION_CONTEXT(2) 
PARAMETRIC_REPRESENTATION_CONTEXT() REPRESENTATION_CONTEXT('2D SPACE',''
  ) );
#4496 = PCURVE('',#2224,#4497);
#4497 = DEFINITIONAL_REPRESENTATION('',(#4498),#4502);
#4498 = CIRCLE('',#4499,15.);
#4499 = AXIS2_PLACEMENT_2D('',#4500,#4501);
#4500 = CARTESIAN_POINT('',(0.,0.));
#4501 = DIRECTION('',(1.,0.));
#4502 = ( GEOMETRIC_REPRESENTATION_CONTEXT(2) 
PARAMETRIC_REPRESENTATION_CONTEXT() REPRESENTATION_CONTEXT('2D SPACE',''
  ) );
#4503 = ORIENTED_EDGE('',*,*,#3394,.F.);
#4504 = ORIENTED_EDGE('',*,*,#4505,.T.);
#4505 = EDGE_CURVE('',#3395,#4412,#4506,.T.);
#4506 = SURFACE_CURVE('',#4507,(#4512,#4519),.PCURVE_S1.);
#4507 = CIRCLE('',#4508,15.);
#4508 = AXIS2_PLACEMENT_3D('',#4509,#4510,#4511);
#4509 = CARTESIAN_POINT('',(17.5,-30.31,0.));
#4510 = DIRECTION('',(0.500011000363,-0.866019052629,0.));
#4511 = DIRECTION('',(-0.866019052629,-0.500011000363,0.));
#4512 = PCURVE('',#1727,#4513);
#4513 = DEFINITIONAL_REPRESENTATION('',(#4514),#4518);
#4514 = LINE('',#4515,#4516);
#4515 = CARTESIAN_POINT('',(0.,0.));
#4516 = VECTOR('',#4517,1.);
#4517 = DIRECTION('',(1.,0.));
#4518 = ( GEOMETRIC_REPRESENTATION_CONTEXT(2) 
PARAMETRIC_REPRESENTATION_CONTEXT() REPRESENTATION_CONTEXT('2D SPACE',''
  ) );
#4519 = PCURVE('',#1753,#4520);
#4520 = DEFINITIONAL_REPRESENTATION('',(#4521),#4525);
#4521 = CIRCLE('',#4522,15.);
#4522 = AXIS2_PLACEMENT_2D('',#4523,#4524);
#4523 = CARTESIAN_POINT('',(0.,0.));
#4524 = DIRECTION('',(1.,0.));
#4525 = ( GEOMETRIC_REPRESENTATION_CONTEXT(2) 
PARAMETRIC_REPRESENTATION_CONTEXT() REPRESENTATION_CONTEXT('2D SPACE',''
  ) );
#4526 = ORIENTED_EDGE('',*,*,#4411,.T.);
#4527 = FACE_BOUND('',#4528,.F.);
#4528 = EDGE_LOOP('',(#4529));
#4529 = ORIENTED_EDGE('',*,*,#4530,.T.);
#4530 = EDGE_CURVE('',#4531,#4531,#4533,.T.);
#4531 = VERTEX_POINT('',#4532);
#4532 = CARTESIAN_POINT('',(37.1,-60.62,-14.8893434547));
#4533 = SURFACE_CURVE('',#4534,(#4585,#4639),.PCURVE_S1.);
#4534 = B_SPLINE_CURVE_WITH_KNOTS('',7,(#4535,#4536,#4537,#4538,#4539,
    #4540,#4541,#4542,#4543,#4544,#4545,#4546,#4547,#4548,#4549,#4550,
    #4551,#4552,#4553,#4554,#4555,#4556,#4557,#4558,#4559,#4560,#4561,
    #4562,#4563,#4564,#4565,#4566,#4567,#4568,#4569,#4570,#4571,#4572,
    #4573,#4574,#4575,#4576,#4577,#4578,#4579,#4580,#4581,#4582,#4583,
    #4584),.UNSPECIFIED.,.T.,.F.,(8,6,6,6,6,6,6,6,8),(0.,0.103297779299,
    0.251772823722,0.38285257802,0.493812379445,0.625074643235,
    0.742258619901,0.855232194209,1.),.UNSPECIFIED.);
#4535 = CARTESIAN_POINT('',(37.1,-60.62,-14.8893434547));
#4536 = CARTESIAN_POINT('',(37.1,-60.45847695606,-14.87947872379));
#4537 = CARTESIAN_POINT('',(37.085505980903,-60.30002595369,
    -14.87081602572));
#4538 = CARTESIAN_POINT('',(37.05750882772,-60.14550890434,
    -14.86362764342));
#4539 = CARTESIAN_POINT('',(37.01681070311,-59.99561290946,
    -14.85809506817));
#4540 = CARTESIAN_POINT('',(36.964045478322,-59.85092829907,
    -14.85433045541));
#4541 = CARTESIAN_POINT('',(36.899697153613,-59.71202388354,
    -14.85238962822));
#4542 = CARTESIAN_POINT('',(36.71548009603,-59.38906414974,
    -14.85211420826));
#4543 = CARTESIAN_POINT('',(36.583779660164,-59.2120778814,
    -14.85572800195));
#4544 = CARTESIAN_POINT('',(36.430081422142,-59.05019929001,
    -14.86311243328));
#4545 = CARTESIAN_POINT('',(36.254948290829,-58.90558077269,
    -14.87404984089));
#4546 = CARTESIAN_POINT('',(36.058796581799,-58.78110612294,
    -14.88809409721));
#4547 = CARTESIAN_POINT('',(35.842274932461,-58.68066951537,
    -14.90441651698));
#4548 = CARTESIAN_POINT('',(35.399179165125,-58.54689715724,
    -14.93692171144));
#4549 = CARTESIAN_POINT('',(35.171735470819,-58.50556321841,
    -14.9532649861));
#4550 = CARTESIAN_POINT('',(34.929557493749,-58.49285767221,
    -14.96947786699));
#4551 = CARTESIAN_POINT('',(34.678923832601,-58.51388433327,
    -14.9838276032));
#4552 = CARTESIAN_POINT('',(34.426995623789,-58.57175490306,
    -14.9944457299));
#4553 = CARTESIAN_POINT('',(34.181401095235,-58.66774324814,-15.));
#4554 = CARTESIAN_POINT('',(33.754074923602,-58.91446736571,-15.));
#4555 = CARTESIAN_POINT('',(33.572398305612,-59.05218810492,
    -14.99602037572));
#4556 = CARTESIAN_POINT('',(33.408670660989,-59.21236405484,
    -14.98806017587));
#4557 = CARTESIAN_POINT('',(33.266158105849,-59.39216112135,
    -14.97657155238));
#4558 = CARTESIAN_POINT('',(33.147579596228,-59.58817557936,
    -14.96243703135));
#4559 = CARTESIAN_POINT('',(33.054987920623,-59.79654428118,
    -14.94682968457));
#4560 = CARTESIAN_POINT('',(32.912294561342,-60.26918918636,
    -14.91217832644));
#4561 = CARTESIAN_POINT('',(32.876470116669,-60.52544178442,
    -14.8938551218));
#4562 = CARTESIAN_POINT('',(32.877212709336,-60.77621183123,
    -14.87781684468));
#4563 = CARTESIAN_POINT('',(32.910565436124,-61.01817916689,
    -14.86519849401));
#4564 = CARTESIAN_POINT('',(32.973558465792,-61.24908112469,
    -14.85658712194));
#4565 = CARTESIAN_POINT('',(33.064171654792,-61.46705290508,
    -14.85227255338));
#4566 = CARTESIAN_POINT('',(33.285979509828,-61.85122411,-14.85227255338
    ));
#4567 = CARTESIAN_POINT('',(33.411576234968,-62.02011628259,
    -14.85571136488));
#4568 = CARTESIAN_POINT('',(33.557232081634,-62.17524552531,
    -14.86257955539));
#4569 = CARTESIAN_POINT('',(33.722435258201,-62.31474053735,
    -14.87269019772));
#4570 = CARTESIAN_POINT('',(33.906807435266,-62.43613739063,
    -14.88566466089));
#4571 = CARTESIAN_POINT('',(34.109803965962,-62.53615021392,
    -14.90081859409));
#4572 = CARTESIAN_POINT('',(34.542698316321,-62.68182913699,
    -14.9327152988));
#4573 = CARTESIAN_POINT('',(34.77690896395,-62.73118382938,
    -14.94978966022));
#4574 = CARTESIAN_POINT('',(35.027753594944,-62.75026976837,
    -14.96699160453));
#4575 = CARTESIAN_POINT('',(35.288549450267,-62.73326210689,
    -14.98241728871));
#4576 = CARTESIAN_POINT('',(35.551533554016,-62.67647555519,
    -14.99394058823));
#4577 = CARTESIAN_POINT('',(35.80830433051,-62.57820050142,-15.));
#4578 = CARTESIAN_POINT('',(36.359768952411,-62.25980291372,-15.));
#4579 = CARTESIAN_POINT('',(36.61936442413,-62.02785705614,
    -14.99004961634));
#4580 = CARTESIAN_POINT('',(36.823005476261,-61.76008572313,
    -14.9718438042));
#4581 = CARTESIAN_POINT('',(36.969192012992,-61.47167426617,
    -14.94917505384));
#4582 = CARTESIAN_POINT('',(37.059668474332,-61.17708919801,
    -14.92618894705));
#4583 = CARTESIAN_POINT('',(37.1,-60.88943639668,-14.90579880054));
#4584 = CARTESIAN_POINT('',(37.1,-60.62,-14.8893434547));
#4585 = PCURVE('',#1727,#4586);
#4586 = DEFINITIONAL_REPRESENTATION('',(#4587),#4638);
#4587 = B_SPLINE_CURVE_WITH_KNOTS('',7,(#4588,#4589,#4590,#4591,#4592,
    #4593,#4594,#4595,#4596,#4597,#4598,#4599,#4600,#4601,#4602,#4603,
    #4604,#4605,#4606,#4607,#4608,#4609,#4610,#4611,#4612,#4613,#4614,
    #4615,#4616,#4617,#4618,#4619,#4620,#4621,#4622,#4623,#4624,#4625,
    #4626,#4627,#4628,#4629,#4630,#4631,#4632,#4633,#4634,#4635,#4636,
    #4637),.UNSPECIFIED.,.T.,.F.,(8,6,6,6,6,6,6,6,8),(0.,0.103297779299,
    0.251772823722,0.38285257802,0.493812379445,0.625074643235,
    0.742258619901,0.855232194209,1.),.UNSPECIFIED.);
#4588 = CARTESIAN_POINT('',(1.6923380166,36.049253092292));
#4589 = CARTESIAN_POINT('',(1.697762251659,35.909371058806));
#4590 = CARTESIAN_POINT('',(1.7022444903,35.764902302857));
#4591 = CARTESIAN_POINT('',(1.705811054754,35.617088709596));
#4592 = CARTESIAN_POINT('',(1.708483579443,35.466926412117));
#4593 = CARTESIAN_POINT('',(1.710277764298,35.315243590066));
#4594 = CARTESIAN_POINT('',(1.711201990829,35.162774849516));
#4595 = CARTESIAN_POINT('',(1.711333144991,34.790975011568));
#4596 = CARTESIAN_POINT('',(1.709612198292,34.57184986444));
#4597 = CARTESIAN_POINT('',(1.706099887877,34.354809110342));
#4598 = CARTESIAN_POINT('',(1.700759401956,34.141998226792));
#4599 = CARTESIAN_POINT('',(1.693523478341,33.936122796283));
#4600 = CARTESIAN_POINT('',(1.684307383743,33.740879574063));
#4601 = CARTESIAN_POINT('',(1.663073734659,33.403477405326));
#4602 = CARTESIAN_POINT('',(1.651270373751,33.253957077659));
#4603 = CARTESIAN_POINT('',(1.637670681644,33.121862179994));
#4604 = CARTESIAN_POINT('',(1.62247371257,33.014752081454));
#4605 = CARTESIAN_POINT('',(1.605990494695,32.938902221768));
#4606 = CARTESIAN_POINT('',(1.58861150036,32.89922999153));
#4607 = CARTESIAN_POINT('',(1.555715675082,32.89922999153));
#4608 = CARTESIAN_POINT('',(1.540635839415,32.927658468129));
#4609 = CARTESIAN_POINT('',(1.52583823064,32.984508269154));
#4610 = CARTESIAN_POINT('',(1.511600055062,33.068958109102));
#4611 = CARTESIAN_POINT('',(1.498189139112,33.179419805111));
#4612 = CARTESIAN_POINT('',(1.485854465091,33.313574214511));
#4613 = CARTESIAN_POINT('',(1.461749992824,33.651545458208));
#4614 = CARTESIAN_POINT('',(1.451071510874,33.85555247399));
#4615 = CARTESIAN_POINT('',(1.442687365655,34.073095416861));
#4616 = CARTESIAN_POINT('',(1.436489929037,34.299320469941));
#4617 = CARTESIAN_POINT('',(1.432389514864,34.530783172472));
#4618 = CARTESIAN_POINT('',(1.430334912085,34.764858478498));
#4619 = CARTESIAN_POINT('',(1.430334912085,35.208464428917));
#4620 = CARTESIAN_POINT('',(1.431972452875,35.417528012399));
#4621 = CARTESIAN_POINT('',(1.43524296047,35.624702417816));
#4622 = CARTESIAN_POINT('',(1.44017718185,35.828111161567));
#4623 = CARTESIAN_POINT('',(1.446831325373,36.025431266131));
#4624 = CARTESIAN_POINT('',(1.455277138827,36.213544774992));
#4625 = CARTESIAN_POINT('',(1.475526016119,36.556157435105));
#4626 = CARTESIAN_POINT('',(1.487456738848,36.716007439272));
#4627 = CARTESIAN_POINT('',(1.501348465518,36.857961300951));
#4628 = CARTESIAN_POINT('',(1.517001524067,36.97363313858));
#4629 = CARTESIAN_POINT('',(1.534088193134,37.055949847668));
#4630 = CARTESIAN_POINT('',(1.552188670722,37.09922999153));
#4631 = CARTESIAN_POINT('',(1.59464074844,37.09922999153));
#4632 = CARTESIAN_POINT('',(1.617360100598,37.028161051194));
#4633 = CARTESIAN_POINT('',(1.638065214148,36.89808874125));
#4634 = CARTESIAN_POINT('',(1.656176435957,36.721413800991));
#4635 = CARTESIAN_POINT('',(1.671295798455,36.511536745287));
#4636 = CARTESIAN_POINT('',(1.683289856575,36.282590145292));
#4637 = CARTESIAN_POINT('',(1.6923380166,36.049253092292));
#4638 = ( GEOMETRIC_REPRESENTATION_CONTEXT(2) 
PARAMETRIC_REPRESENTATION_CONTEXT() REPRESENTATION_CONTEXT('2D SPACE',''
  ) );
#4639 = PCURVE('',#2367,#4640);
#4640 = DEFINITIONAL_REPRESENTATION('',(#4641),#4692);
#4641 = B_SPLINE_CURVE_WITH_KNOTS('',7,(#4642,#4643,#4644,#4645,#4646,
    #4647,#4648,#4649,#4650,#4651,#4652,#4653,#4654,#4655,#4656,#4657,
    #4658,#4659,#4660,#4661,#4662,#4663,#4664,#4665,#4666,#4667,#4668,
    #4669,#4670,#4671,#4672,#4673,#4674,#4675,#4676,#4677,#4678,#4679,
    #4680,#4681,#4682,#4683,#4684,#4685,#4686,#4687,#4688,#4689,#4690,
    #4691),.UNSPECIFIED.,.F.,.F.,(8,6,6,6,6,6,6,6,8),(0.,0.103297779299,
    0.251772823722,0.38285257802,0.493812379445,0.625074643235,
    0.742258619901,0.855232194209,1.),.UNSPECIFIED.);
#4642 = CARTESIAN_POINT('',(-8.881784197001E-16,5.110656545296));
#4643 = CARTESIAN_POINT('',(7.691573520687E-02,5.120521276202));
#4644 = CARTESIAN_POINT('',(0.152368784523,5.129183974275));
#4645 = CARTESIAN_POINT('',(0.226690841393,5.136372356574));
#4646 = CARTESIAN_POINT('',(0.300173566696,5.141904931821));
#4647 = CARTESIAN_POINT('',(0.373094336717,5.145669544581));
#4648 = CARTESIAN_POINT('',(0.445731953054,5.147610371776));
#4649 = CARTESIAN_POINT('',(0.622781924837,5.147885791735));
#4650 = CARTESIAN_POINT('',(0.727061784916,5.144271998042));
#4651 = CARTESIAN_POINT('',(0.832143173542,5.136887566714));
#4652 = CARTESIAN_POINT('',(0.938836610426,5.125950159105));
#4653 = CARTESIAN_POINT('',(1.048005884057,5.111905902781));
#4654 = CARTESIAN_POINT('',(1.160534326599,5.095583483017));
#4655 = CARTESIAN_POINT('',(1.380938461091,5.063078288558));
#4656 = CARTESIAN_POINT('',(1.490311625251,5.046735013895));
#4657 = CARTESIAN_POINT('',(1.604263575727,5.030522133001));
#4658 = CARTESIAN_POINT('',(1.7219833051,5.016172396793));
#4659 = CARTESIAN_POINT('',(1.843021076955,5.005554270095));
#4660 = CARTESIAN_POINT('',(1.967156564815,5.));
#4661 = CARTESIAN_POINT('',(2.202126745368,5.));
#4662 = CARTESIAN_POINT('',(2.309839332381,5.003979624279));
#4663 = CARTESIAN_POINT('',(2.417539902923,5.011939824125));
#4664 = CARTESIAN_POINT('',(2.525241796668,5.023428447615));
#4665 = CARTESIAN_POINT('',(2.632960218383,5.037562968646));
#4666 = CARTESIAN_POINT('',(2.740691682772,5.053170315421));
#4667 = CARTESIAN_POINT('',(2.975794111927,5.087821673554));
#4668 = CARTESIAN_POINT('',(3.097542322546,5.1061448782));
#4669 = CARTESIAN_POINT('',(3.215133577025,5.122183155313));
#4670 = CARTESIAN_POINT('',(3.32964171207,5.134801505989));
#4671 = CARTESIAN_POINT('',(3.442134673194,5.143412878053));
#4672 = CARTESIAN_POINT('',(3.553598648964,5.147727446616));
#4673 = CARTESIAN_POINT('',(3.764839577735,5.147727446616));
#4674 = CARTESIAN_POINT('',(3.864393498054,5.144288635115));
#4675 = CARTESIAN_POINT('',(3.964664278509,5.13742044461));
#4676 = CARTESIAN_POINT('',(4.066358846207,5.127309802272));
#4677 = CARTESIAN_POINT('',(4.170224729721,5.114335339108));
#4678 = CARTESIAN_POINT('',(4.277031200918,5.099181405907));
#4679 = CARTESIAN_POINT('',(4.49453083847,5.067284701199));
#4680 = CARTESIAN_POINT('',(4.607730875951,5.050210339774));
#4681 = CARTESIAN_POINT('',(4.725827824225,5.033008395469));
#4682 = CARTESIAN_POINT('',(4.847991458775,5.017582711289));
#4683 = CARTESIAN_POINT('',(4.973799674866,5.006059411762));
#4684 = CARTESIAN_POINT('',(5.103088629066,5.));
#4685 = CARTESIAN_POINT('',(5.406317755617,5.));
#4686 = CARTESIAN_POINT('',(5.568600548168,5.009950383656));
#4687 = CARTESIAN_POINT('',(5.724395221948,5.028156195792));
#4688 = CARTESIAN_POINT('',(5.874172552774,5.050824946155));
#4689 = CARTESIAN_POINT('',(6.017905814217,5.073811052946));
#4690 = CARTESIAN_POINT('',(6.15488226114,5.094201199454));
#4691 = CARTESIAN_POINT('',(6.28318530718,5.110656545296));
#4692 = ( GEOMETRIC_REPRESENTATION_CONTEXT(2) 
PARAMETRIC_REPRESENTATION_CONTEXT() REPRESENTATION_CONTEXT('2D SPACE',''
  ) );
#4693 = FACE_BOUND('',#4694,.F.);
#4694 = EDGE_LOOP('',(#4695));
#4695 = ORIENTED_EDGE('',*,*,#4696,.F.);
#4696 = EDGE_CURVE('',#4697,#4697,#4699,.T.);
#4697 = VERTEX_POINT('',#4698);
#4698 = CARTESIAN_POINT('',(37.1,-60.62,14.889343454704));
#4699 = SURFACE_CURVE('',#4700,(#4759,#4821),.PCURVE_S1.);
#4700 = B_SPLINE_CURVE_WITH_KNOTS('',8,(#4701,#4702,#4703,#4704,#4705,
    #4706,#4707,#4708,#4709,#4710,#4711,#4712,#4713,#4714,#4715,#4716,
    #4717,#4718,#4719,#4720,#4721,#4722,#4723,#4724,#4725,#4726,#4727,
    #4728,#4729,#4730,#4731,#4732,#4733,#4734,#4735,#4736,#4737,#4738,
    #4739,#4740,#4741,#4742,#4743,#4744,#4745,#4746,#4747,#4748,#4749,
    #4750,#4751,#4752,#4753,#4754,#4755,#4756,#4757,#4758),
  .UNSPECIFIED.,.T.,.F.,(9,7,7,7,7,7,7,7,9),(0.,0.109551707008,
    0.278999829774,0.434751869718,0.542860420733,0.650969813175,
    0.760060178975,0.865230948177,1.),.UNSPECIFIED.);
#4701 = CARTESIAN_POINT('',(37.1,-60.62,14.889343454704));
#4702 = CARTESIAN_POINT('',(37.1,-60.47866733655,14.880711815162));
#4703 = CARTESIAN_POINT('',(37.089129485678,-60.33963870428,
    14.872981700243));
#4704 = CARTESIAN_POINT('',(37.068007760164,-60.20345279785,
    14.866323286788));
#4705 = CARTESIAN_POINT('',(37.037159765415,-60.0705609069,
    14.860861355802));
#4706 = CARTESIAN_POINT('',(36.997023743814,-59.94135618057,
    14.856683338394));
#4707 = CARTESIAN_POINT('',(36.947958397145,-59.81620219519,
    14.853845248621));
#4708 = CARTESIAN_POINT('',(36.890249542928,-59.69546082542,
    14.852375503253));
#4709 = CARTESIAN_POINT('',(36.721825216966,-59.40018808471,
    14.852123694753));
#4710 = CARTESIAN_POINT('',(36.59952462437,-59.23259230374,
    14.855250364298));
#4711 = CARTESIAN_POINT('',(36.458036712587,-59.07796227117,
    14.861650283793));
#4712 = CARTESIAN_POINT('',(36.297836890456,-58.93790341439,
    14.871177478079));
#4713 = CARTESIAN_POINT('',(36.119261091604,-58.814505333,
    14.883537548592));
#4714 = CARTESIAN_POINT('',(35.922716380674,-58.71047159581,
    14.898220163138));
#4715 = CARTESIAN_POINT('',(35.708959853524,-58.62929191432,
    14.914415361535));
#4716 = CARTESIAN_POINT('',(35.268607669896,-58.52601414322,
    14.946160085576));
#4717 = CARTESIAN_POINT('',(35.036610459137,-58.49783355078,
    14.962221038392));
#4718 = CARTESIAN_POINT('',(34.79042123997,-58.49920484816,
    14.977734590027));
#4719 = CARTESIAN_POINT('',(34.537913848754,-58.5352178653,
    14.990885163693));
#4720 = CARTESIAN_POINT('',(34.287545582424,-58.60800150524,
    14.999839722499));
#4721 = CARTESIAN_POINT('',(34.047613898876,-58.71706530602,
    15.003460729306));
#4722 = CARTESIAN_POINT('',(33.82567047971,-58.85952322309,
    15.001575863823));
#4723 = CARTESIAN_POINT('',(33.490450890345,-59.14888444133,
    14.990160666499));
#4724 = CARTESIAN_POINT('',(33.364818268502,-59.28099722413,
    14.983149602423));
#4725 = CARTESIAN_POINT('',(33.252462233915,-59.42531183419,
    14.974013899592));
#4726 = CARTESIAN_POINT('',(33.154745957503,-59.58026906534,
    14.963112304629));
#4727 = CARTESIAN_POINT('',(33.07281432032,-59.74413339073,
    14.950927697126));
#4728 = CARTESIAN_POINT('',(33.007571658673,-59.91502306956,
    14.938028842348));
#4729 = CARTESIAN_POINT('',(32.959655154901,-60.09094180206,
    14.925019101891));
#4730 = CARTESIAN_POINT('',(32.89915235732,-60.44868345598,
    14.899925005017));
#4731 = CARTESIAN_POINT('',(32.886554759409,-60.6305749101,
    14.887836405409));
#4732 = CARTESIAN_POINT('',(32.891973276299,-60.81341329554,
    14.87678037747));
#4733 = CARTESIAN_POINT('',(32.91546214647,-60.99510567452,
    14.867305561484));
#4734 = CARTESIAN_POINT('',(32.956786799172,-61.17357895478,
    14.859871791643));
#4735 = CARTESIAN_POINT('',(33.01543801237,-61.34681741183,
    14.854805308089));
#4736 = CARTESIAN_POINT('',(33.090641080132,-61.51289794977,
    14.852272553384));
#4737 = CARTESIAN_POINT('',(33.272902072754,-61.82857398899,
    14.852272553384));
#4738 = CARTESIAN_POINT('',(33.38017704943,-61.9778932295,
    14.854851662125));
#4739 = CARTESIAN_POINT('',(33.502611135926,-62.11707206261,
    14.860003983495));
#4740 = CARTESIAN_POINT('',(33.639833677489,-62.24499303731,
    14.867634876956));
#4741 = CARTESIAN_POINT('',(33.7915748278,-62.36026435406,
    14.877555621875));
#4742 = CARTESIAN_POINT('',(33.957556555959,-62.46114059363,
    14.889453143232));
#4743 = CARTESIAN_POINT('',(34.137354818221,-62.5454217105,
    14.902848607648));
#4744 = CARTESIAN_POINT('',(34.51613736826,-62.67289076598,
    14.930758223787));
#4745 = CARTESIAN_POINT('',(34.718356302042,-62.71884515628,
    14.94552106987));
#4746 = CARTESIAN_POINT('',(34.933686858322,-62.74311254125,
    14.960540875417));
#4747 = CARTESIAN_POINT('',(35.158151522606,-62.74176593763,
    14.974704446621));
#4748 = CARTESIAN_POINT('',(35.387168489173,-62.71196715,14.986738526034
    ));
#4749 = CARTESIAN_POINT('',(35.61572624814,-62.65190679175,
    14.995455441178));
#4750 = CARTESIAN_POINT('',(35.838519176791,-62.56075544006,15.));
#4751 = CARTESIAN_POINT('',(36.321050720955,-62.28215755082,15.));
#4752 = CARTESIAN_POINT('',(36.5544655562,-62.08584352054,
    14.992537212258));
#4753 = CARTESIAN_POINT('',(36.746640081712,-61.86049997301,
    14.978670983759));
#4754 = CARTESIAN_POINT('',(36.896098744626,-61.61587999465,
    14.960509429026));
#4755 = CARTESIAN_POINT('',(37.003120685994,-61.36120486561,
    14.940555263798));
#4756 = CARTESIAN_POINT('',(37.069751355749,-61.10517599767,
    14.921091410427));
#4757 = CARTESIAN_POINT('',(37.1,-60.85575684709,14.903741882316));
#4758 = CARTESIAN_POINT('',(37.1,-60.62,14.889343454704));
#4759 = PCURVE('',#1727,#4760);
#4760 = DEFINITIONAL_REPRESENTATION('',(#4761),#4820);
#4761 = B_SPLINE_CURVE_WITH_KNOTS('',8,(#4762,#4763,#4764,#4765,#4766,
    #4767,#4768,#4769,#4770,#4771,#4772,#4773,#4774,#4775,#4776,#4777,
    #4778,#4779,#4780,#4781,#4782,#4783,#4784,#4785,#4786,#4787,#4788,
    #4789,#4790,#4791,#4792,#4793,#4794,#4795,#4796,#4797,#4798,#4799,
    #4800,#4801,#4802,#4803,#4804,#4805,#4806,#4807,#4808,#4809,#4810,
    #4811,#4812,#4813,#4814,#4815,#4816,#4817,#4818,#4819),
  .UNSPECIFIED.,.T.,.F.,(9,7,7,7,7,7,7,7,9),(0.,0.109551707008,
    0.278999829774,0.434751869718,0.542860420733,0.650969813175,
    0.760060178975,0.865230948177,1.),.UNSPECIFIED.);
#4762 = CARTESIAN_POINT('',(4.59084729058,36.049253092292));
#4763 = CARTESIAN_POINT('',(4.586101084903,35.926856312992));
#4764 = CARTESIAN_POINT('',(4.58206137654,35.801019491844));
#4765 = CARTESIAN_POINT('',(4.578711714096,35.672518807068));
#4766 = CARTESIAN_POINT('',(4.576037990081,35.542007560856));
#4767 = CARTESIAN_POINT('',(4.574028908416,35.410045353848));
#4768 = CARTESIAN_POINT('',(4.572676486249,35.277126404929));
#4769 = CARTESIAN_POINT('',(4.571976590082,35.143707016342));
#4770 = CARTESIAN_POINT('',(4.571856679626,34.803781181455));
#4771 = CARTESIAN_POINT('',(4.573345668922,34.597488400344));
#4772 = CARTESIAN_POINT('',(4.576390017745,34.392830333725));
#4773 = CARTESIAN_POINT('',(4.581014165232,34.191435021936));
#4774 = CARTESIAN_POINT('',(4.587265143665,33.995280068572));
#4775 = CARTESIAN_POINT('',(4.595204569156,33.806910352523));
#4776 = CARTESIAN_POINT('',(4.604898791776,33.629726586692));
#4777 = CARTESIAN_POINT('',(4.62698132653,33.320105133359));
#4778 = CARTESIAN_POINT('',(4.639481504682,33.17969904596));
#4779 = CARTESIAN_POINT('',(4.653776144852,33.057789297857));
#4780 = CARTESIAN_POINT('',(4.669574561849,32.962720783565));
#4781 = CARTESIAN_POINT('',(4.686458712982,32.900565915167));
#4782 = CARTESIAN_POINT('',(4.703941929198,32.875048763488));
#4783 = CARTESIAN_POINT('',(4.721501696008,32.887445882824));
#4784 = CARTESIAN_POINT('',(4.750511035928,32.970424728695));
#4785 = CARTESIAN_POINT('',(4.762176493791,33.022019222762));
#4786 = CARTESIAN_POINT('',(4.773488558286,33.090819171397));
#4787 = CARTESIAN_POINT('',(4.78431815677,33.176155872796));
#4788 = CARTESIAN_POINT('',(4.794541696958,33.277098780765));
#4789 = CARTESIAN_POINT('',(4.804043153938,33.392470450007));
#4790 = CARTESIAN_POINT('',(4.812716880827,33.520860645085));
#4791 = CARTESIAN_POINT('',(4.828225465594,33.800419668954));
#4792 = CARTESIAN_POINT('',(4.835063266182,33.951642196201));
#4793 = CARTESIAN_POINT('',(4.840891682913,34.112693039597));
#4794 = CARTESIAN_POINT('',(4.845634227635,34.281786794976));
#4795 = CARTESIAN_POINT('',(4.849231884944,34.457010837004));
#4796 = CARTESIAN_POINT('',(4.851644205709,34.636364893242));
#4797 = CARTESIAN_POINT('',(4.852850395095,34.817796164511));
#4798 = CARTESIAN_POINT('',(4.852850395095,35.182310130183));
#4799 = CARTESIAN_POINT('',(4.851622239416,35.365262105791));
#4800 = CARTESIAN_POINT('',(4.849168787355,35.547012017051));
#4801 = CARTESIAN_POINT('',(4.84547523578,35.726406798656));
#4802 = CARTESIAN_POINT('',(4.840512821213,35.902106199546));
#4803 = CARTESIAN_POINT('',(4.834242529044,36.072459634911));
#4804 = CARTESIAN_POINT('',(4.826619461705,36.235349796871));
#4805 = CARTESIAN_POINT('',(4.808901694381,36.535135869305));
#4806 = CARTESIAN_POINT('',(4.798711249014,36.67604493823));
#4807 = CARTESIAN_POINT('',(4.787046239163,36.804728602822));
#4808 = CARTESIAN_POINT('',(4.774010312387,36.915797219765));
#4809 = CARTESIAN_POINT('',(4.759776282213,37.004501904487));
#4810 = CARTESIAN_POINT('',(4.744571994648,37.066769883634));
#4811 = CARTESIAN_POINT('',(4.728670679448,37.09922999153));
#4812 = CARTESIAN_POINT('',(4.691525111446,37.09922999153));
#4813 = CARTESIAN_POINT('',(4.671505044621,37.045928286278));
#4814 = CARTESIAN_POINT('',(4.652884510613,36.94686585748));
#4815 = CARTESIAN_POINT('',(4.636064482127,36.80975127112));
#4816 = CARTESIAN_POINT('',(4.621339110286,36.642709905101));
#4817 = CARTESIAN_POINT('',(4.608890994195,36.454300095289));
#4818 = CARTESIAN_POINT('',(4.598764430602,36.253423013666));
#4819 = CARTESIAN_POINT('',(4.59084729058,36.049253092292));
#4820 = ( GEOMETRIC_REPRESENTATION_CONTEXT(2) 
PARAMETRIC_REPRESENTATION_CONTEXT() REPRESENTATION_CONTEXT('2D SPACE',''
  ) );
#4821 = PCURVE('',#2554,#4822);
#4822 = DEFINITIONAL_REPRESENTATION('',(#4823),#4882);
#4823 = B_SPLINE_CURVE_WITH_KNOTS('',8,(#4824,#4825,#4826,#4827,#4828,
    #4829,#4830,#4831,#4832,#4833,#4834,#4835,#4836,#4837,#4838,#4839,
    #4840,#4841,#4842,#4843,#4844,#4845,#4846,#4847,#4848,#4849,#4850,
    #4851,#4852,#4853,#4854,#4855,#4856,#4857,#4858,#4859,#4860,#4861,
    #4862,#4863,#4864,#4865,#4866,#4867,#4868,#4869,#4870,#4871,#4872,
    #4873,#4874,#4875,#4876,#4877,#4878,#4879,#4880,#4881),
  .UNSPECIFIED.,.F.,.F.,(9,7,7,7,7,7,7,7,9),(0.,0.109551707008,
    0.278999829774,0.434751869718,0.542860420733,0.650969813175,
    0.760060178975,0.865230948177,1.),.UNSPECIFIED.);
#4824 = CARTESIAN_POINT('',(-8.881784197001E-16,34.889343454704));
#4825 = CARTESIAN_POINT('',(6.730126830602E-02,34.880711815162));
#4826 = CARTESIAN_POINT('',(0.133505522194,34.872981700243));
#4827 = CARTESIAN_POINT('',(0.198820070067,34.866323286788));
#4828 = CARTESIAN_POINT('',(0.263432204044,34.860861355802));
#4829 = CARTESIAN_POINT('',(0.327518855454,34.856683338394));
#4830 = CARTESIAN_POINT('',(0.391253740801,34.853845248621));
#4831 = CARTESIAN_POINT('',(0.454811998232,34.852375503253));
#4832 = CARTESIAN_POINT('',(0.616683665005,34.852123694753));
#4833 = CARTESIAN_POINT('',(0.714861443878,34.855250364298));
#4834 = CARTESIAN_POINT('',(0.813652672196,34.861650283793));
#4835 = CARTESIAN_POINT('',(0.913708510409,34.871177478079));
#4836 = CARTESIAN_POINT('',(1.015688009509,34.883537548592));
#4837 = CARTESIAN_POINT('',(1.120272430876,34.898220163138));
#4838 = CARTESIAN_POINT('',(1.228199326058,34.914415361535));
#4839 = CARTESIAN_POINT('',(1.443580833079,34.946160085576));
#4840 = CARTESIAN_POINT('',(1.554201447841,34.962221038392));
#4841 = CARTESIAN_POINT('',(1.669859831665,34.977734590027));
#4842 = CARTESIAN_POINT('',(1.789047908351,34.990885163693));
#4843 = CARTESIAN_POINT('',(1.910735852882,34.999839722499));
#4844 = CARTESIAN_POINT('',(2.034097750523,35.003460729306));
#4845 = CARTESIAN_POINT('',(2.158428681451,35.001575863823));
#4846 = CARTESIAN_POINT('',(2.369302087993,34.990160666499));
#4847 = CARTESIAN_POINT('',(2.455696547691,34.983149602423));
#4848 = CARTESIAN_POINT('',(2.542085256667,34.974013899592));
#4849 = CARTESIAN_POINT('',(2.628472733015,34.963112304629));
#4850 = CARTESIAN_POINT('',(2.714865097918,34.950927697126));
#4851 = CARTESIAN_POINT('',(2.801265295544,34.938028842348));
#4852 = CARTESIAN_POINT('',(2.88766793403,34.925019101891));
#4853 = CARTESIAN_POINT('',(3.060440233465,34.899925005017));
#4854 = CARTESIAN_POINT('',(3.146842584492,34.887836405409));
#4855 = CARTESIAN_POINT('',(3.233242012694,34.87678037747));
#4856 = CARTESIAN_POINT('',(3.319633799764,34.867305561484));
#4857 = CARTESIAN_POINT('',(3.406021513368,34.859871791643));
#4858 = CARTESIAN_POINT('',(3.492411416644,34.854805308089));
#4859 = CARTESIAN_POINT('',(3.578807070875,34.852272553384));
#4860 = CARTESIAN_POINT('',(3.752385149766,34.852272553384));
#4861 = CARTESIAN_POINT('',(3.839505013165,34.854851662125));
#4862 = CARTESIAN_POINT('',(3.927062735608,34.860003983495));
#4863 = CARTESIAN_POINT('',(4.015511567197,34.867634876956));
#4864 = CARTESIAN_POINT('',(4.105308552738,34.877555621875));
#4865 = CARTESIAN_POINT('',(4.196926341942,34.889453143232));
#4866 = CARTESIAN_POINT('',(4.290873609293,34.902848607648));
#4867 = CARTESIAN_POINT('',(4.481185788872,34.930758223787));
#4868 = CARTESIAN_POINT('',(4.57943086658,34.94552106987));
#4869 = CARTESIAN_POINT('',(4.681541468622,34.960540875417));
#4870 = CARTESIAN_POINT('',(4.7869096415,34.974704446621));
#4871 = CARTESIAN_POINT('',(4.895169539809,34.986738526034));
#4872 = CARTESIAN_POINT('',(5.006121913416,34.995455441178));
#4873 = CARTESIAN_POINT('',(5.119702607702,35.));
#4874 = CARTESIAN_POINT('',(5.385028093434,35.));
#4875 = CARTESIAN_POINT('',(5.52802985003,34.992537212258));
#4876 = CARTESIAN_POINT('',(5.66597221928,34.978670983759));
#4877 = CARTESIAN_POINT('',(5.799283887361,34.960509429026));
#4878 = CARTESIAN_POINT('',(5.928072525816,34.940555263798));
#4879 = CARTESIAN_POINT('',(6.052149925947,34.921091410427));
#4880 = CARTESIAN_POINT('',(6.170920141895,34.903741882316));
#4881 = CARTESIAN_POINT('',(6.28318530718,34.889343454704));
#4882 = ( GEOMETRIC_REPRESENTATION_CONTEXT(2) 
PARAMETRIC_REPRESENTATION_CONTEXT() REPRESENTATION_CONTEXT('2D SPACE',''
  ) );
#4883 = ADVANCED_FACE('',(#4884),#1753,.T.);
#4884 = FACE_BOUND('',#4885,.T.);
#4885 = EDGE_LOOP('',(#4886,#4887,#4888,#4889,#4890));
#4886 = ORIENTED_EDGE('',*,*,#4505,.T.);
#4887 = ORIENTED_EDGE('',*,*,#4434,.T.);
#4888 = ORIENTED_EDGE('',*,*,#1738,.T.);
#4889 = ORIENTED_EDGE('',*,*,#4459,.T.);
#4890 = ORIENTED_EDGE('',*,*,#3415,.F.);
#4891 = ADVANCED_FACE('',(#4892),#1653,.T.);
#4892 = FACE_BOUND('',#4893,.T.);
#4893 = EDGE_LOOP('',(#4894,#4895,#4896,#4938,#4939));
#4894 = ORIENTED_EDGE('',*,*,#2046,.F.);
#4895 = ORIENTED_EDGE('',*,*,#3350,.F.);
#4896 = ORIENTED_EDGE('',*,*,#4897,.F.);
#4897 = EDGE_CURVE('',#1616,#3330,#4898,.T.);
#4898 = SURFACE_CURVE('',#4899,(#4910,#4924),.PCURVE_S1.);
#4899 = B_SPLINE_CURVE_WITH_KNOTS('',5,(#4900,#4901,#4902,#4903,#4904,
    #4905,#4906,#4907,#4908,#4909),.UNSPECIFIED.,.F.,.F.,(6,4,6),(0.,
    0.499999972247,1.),.UNSPECIFIED.);
#4900 = CARTESIAN_POINT('',(-33.23740157758,-90.06261786318,
    -5.000000596126));
#4901 = CARTESIAN_POINT('',(-32.94928163672,-90.1689478634,
    -4.016395681279));
#4902 = CARTESIAN_POINT('',(-32.73438566727,-90.2469464687,
    -3.020120993445));
#4903 = CARTESIAN_POINT('',(-32.591546578,-90.29837764277,
    -2.016037673239));
#4904 = CARTESIAN_POINT('',(-32.52011678443,-90.32409426242,
    -1.008052330423));
#4905 = CARTESIAN_POINT('',(-32.52011678443,-90.32409426242,
    1.008052442329));
#4906 = CARTESIAN_POINT('',(-32.59154660324,-90.29837763161,
    2.016037330155));
#4907 = CARTESIAN_POINT('',(-32.7343855245,-90.24694652364,
    3.020120834914));
#4908 = CARTESIAN_POINT('',(-32.94928183903,-90.16894778874,
    4.016396371944));
#4909 = CARTESIAN_POINT('',(-33.23740157758,-90.06261786318,
    5.000000596117));
#4910 = PCURVE('',#1653,#4911);
#4911 = DEFINITIONAL_REPRESENTATION('',(#4912),#4923);
#4912 = B_SPLINE_CURVE_WITH_KNOTS('',5,(#4913,#4914,#4915,#4916,#4917,
    #4918,#4919,#4920,#4921,#4922),.UNSPECIFIED.,.F.,.F.,(6,4,6),(0.,
    0.499999972247,1.),.UNSPECIFIED.);
#4913 = CARTESIAN_POINT('',(4.358846953302,-6.E-07));
#4914 = CARTESIAN_POINT('',(4.362046060186,0.983604314847));
#4915 = CARTESIAN_POINT('',(4.364427416959,1.979879016467));
#4916 = CARTESIAN_POINT('',(4.366008845131,2.983962321113));
#4917 = CARTESIAN_POINT('',(4.366799656738,3.991947669577));
#4918 = CARTESIAN_POINT('',(4.366799656738,6.008052442329));
#4919 = CARTESIAN_POINT('',(4.366008844841,7.016037335659));
#4920 = CARTESIAN_POINT('',(4.364427418556,8.020120825173));
#4921 = CARTESIAN_POINT('',(4.36204605794,9.016396375827));
#4922 = CARTESIAN_POINT('',(4.358846953302,10.0000006));
#4923 = ( GEOMETRIC_REPRESENTATION_CONTEXT(2) 
PARAMETRIC_REPRESENTATION_CONTEXT() REPRESENTATION_CONTEXT('2D SPACE',''
  ) );
#4924 = PCURVE('',#1484,#4925);
#4925 = DEFINITIONAL_REPRESENTATION('',(#4926),#4937);
#4926 = B_SPLINE_CURVE_WITH_KNOTS('',5,(#4927,#4928,#4929,#4930,#4931,
    #4932,#4933,#4934,#4935,#4936),.UNSPECIFIED.,.F.,.F.,(6,4,6),(0.,
    0.499999972247,1.),.UNSPECIFIED.);
#4927 = CARTESIAN_POINT('',(2.843060415954,54.615889421097));
#4928 = CARTESIAN_POINT('',(2.903597114385,54.563910087296));
#4929 = CARTESIAN_POINT('',(2.963503984247,54.524008016908));
#4930 = CARTESIAN_POINT('',(3.023002246408,54.497127277634));
#4931 = CARTESIAN_POINT('',(3.082295457683,54.483682677679));
#4932 = CARTESIAN_POINT('',(3.20088985608,54.483682677679));
#4933 = CARTESIAN_POINT('',(3.260183041282,54.497127280591));
#4934 = CARTESIAN_POINT('',(3.319681311758,54.524007993095));
#4935 = CARTESIAN_POINT('',(3.379588235302,54.563910123795));
#4936 = CARTESIAN_POINT('',(3.440124891224,54.615889421096));
#4937 = ( GEOMETRIC_REPRESENTATION_CONTEXT(2) 
PARAMETRIC_REPRESENTATION_CONTEXT() REPRESENTATION_CONTEXT('2D SPACE',''
  ) );
#4938 = ORIENTED_EDGE('',*,*,#1636,.T.);
#4939 = ORIENTED_EDGE('',*,*,#2131,.F.);
#4940 = ADVANCED_FACE('',(#4941,#5105,#5300),#1484,.T.);
#4941 = FACE_BOUND('',#4942,.T.);
#4942 = EDGE_LOOP('',(#4943,#4975,#4998,#5025,#5026,#5056,#5057,#5079,
    #5080,#5081,#5082,#5104));
#4943 = ORIENTED_EDGE('',*,*,#4944,.T.);
#4944 = EDGE_CURVE('',#3175,#4945,#4947,.T.);
#4945 = VERTEX_POINT('',#4946);
#4946 = CARTESIAN_POINT('',(-61.96476457381,-73.32372025007,
    4.163799117101E-15));
#4947 = SURFACE_CURVE('',#4948,(#4955,#4965),.PCURVE_S1.);
#4948 = B_SPLINE_CURVE_WITH_KNOTS('',5,(#4949,#4950,#4951,#4952,#4953,
    #4954),.UNSPECIFIED.,.F.,.F.,(6,6),(0.,1.),
  .PIECEWISE_BEZIER_KNOTS.);
#4949 = CARTESIAN_POINT('',(-61.37968943272,-73.81418376668,
    5.000000596126));
#4950 = CARTESIAN_POINT('',(-61.6158288962,-73.61782357963,4.01639568128
    ));
#4951 = CARTESIAN_POINT('',(-61.79082191739,-73.47071306794,
    3.020120993445));
#4952 = CARTESIAN_POINT('',(-61.90677967599,-73.37272342915,
    2.016037673239));
#4953 = CARTESIAN_POINT('',(-61.96476457381,-73.32372025007,
    1.008052330423));
#4954 = CARTESIAN_POINT('',(-61.96476457381,-73.32372025007,
    4.302345607801E-15));
#4955 = PCURVE('',#1484,#4956);
#4956 = DEFINITIONAL_REPRESENTATION('',(#4957),#4964);
#4957 = B_SPLINE_CURVE_WITH_KNOTS('',5,(#4958,#4959,#4960,#4961,#4962,
    #4963),.UNSPECIFIED.,.F.,.F.,(6,6),(0.,1.),
  .PIECEWISE_BEZIER_KNOTS.);
#4958 = CARTESIAN_POINT('',(5.984653069544,54.615889421097));
#4959 = CARTESIAN_POINT('',(6.045189767975,54.563910087296));
#4960 = CARTESIAN_POINT('',(6.105096637836,54.524008016908));
#4961 = CARTESIAN_POINT('',(6.164594899997,54.497127277634));
#4962 = CARTESIAN_POINT('',(6.223888111272,54.483682677679));
#4963 = CARTESIAN_POINT('',(6.28318530718,54.483682677679));
#4964 = ( GEOMETRIC_REPRESENTATION_CONTEXT(2) 
PARAMETRIC_REPRESENTATION_CONTEXT() REPRESENTATION_CONTEXT('2D SPACE',''
  ) );
#4965 = PCURVE('',#1457,#4966);
#4966 = DEFINITIONAL_REPRESENTATION('',(#4967),#4974);
#4967 = B_SPLINE_CURVE_WITH_KNOTS('',5,(#4968,#4969,#4970,#4971,#4972,
    #4973),.UNSPECIFIED.,.F.,.F.,(6,6),(0.,1.),
  .PIECEWISE_BEZIER_KNOTS.);
#4968 = CARTESIAN_POINT('',(4.018708051928,10.0000006));
#4969 = CARTESIAN_POINT('',(4.015508945043,9.016395685153));
#4970 = CARTESIAN_POINT('',(4.013127588271,8.020120983533));
#4971 = CARTESIAN_POINT('',(4.011546160099,7.016037678887));
#4972 = CARTESIAN_POINT('',(4.010755348491,6.008052330423));
#4973 = CARTESIAN_POINT('',(4.010755348491,5.));
#4974 = ( GEOMETRIC_REPRESENTATION_CONTEXT(2) 
PARAMETRIC_REPRESENTATION_CONTEXT() REPRESENTATION_CONTEXT('2D SPACE',''
  ) );
#4975 = ORIENTED_EDGE('',*,*,#4976,.T.);
#4976 = EDGE_CURVE('',#4945,#4977,#4979,.T.);
#4977 = VERTEX_POINT('',#4978);
#4978 = CARTESIAN_POINT('',(-64.72232389468,-78.09981299382,
    4.163799117101E-15));
#4979 = SEAM_CURVE('',#4980,(#4984,#4991),.PCURVE_S1.);
#4980 = LINE('',#4981,#4982);
#4981 = CARTESIAN_POINT('',(-34.72232389468,-26.13981299382,
    4.163799117101E-15));
#4982 = VECTOR('',#4983,1.);
#4983 = DIRECTION('',(-0.500011000363,-0.866019052629,0.));
#4984 = PCURVE('',#1484,#4985);
#4985 = DEFINITIONAL_REPRESENTATION('',(#4986),#4990);
#4986 = LINE('',#4987,#4988);
#4987 = CARTESIAN_POINT('',(0.,-0.));
#4988 = VECTOR('',#4989,1.);
#4989 = DIRECTION('',(0.,1.));
#4990 = ( GEOMETRIC_REPRESENTATION_CONTEXT(2) 
PARAMETRIC_REPRESENTATION_CONTEXT() REPRESENTATION_CONTEXT('2D SPACE',''
  ) );
#4991 = PCURVE('',#1484,#4992);
#4992 = DEFINITIONAL_REPRESENTATION('',(#4993),#4997);
#4993 = LINE('',#4994,#4995);
#4994 = CARTESIAN_POINT('',(6.28318530718,-0.));
#4995 = VECTOR('',#4996,1.);
#4996 = DIRECTION('',(0.,1.));
#4997 = ( GEOMETRIC_REPRESENTATION_CONTEXT(2) 
PARAMETRIC_REPRESENTATION_CONTEXT() REPRESENTATION_CONTEXT('2D SPACE',''
  ) );
#4998 = ORIENTED_EDGE('',*,*,#4999,.F.);
#4999 = EDGE_CURVE('',#4977,#4977,#5000,.T.);
#5000 = SURFACE_CURVE('',#5001,(#5006,#5013),.PCURVE_S1.);
#5001 = CIRCLE('',#5002,17.);
#5002 = AXIS2_PLACEMENT_3D('',#5003,#5004,#5005);
#5003 = CARTESIAN_POINT('',(-50.,-86.6,0.));
#5004 = DIRECTION('',(-0.500011000363,-0.866019052629,0.));
#5005 = DIRECTION('',(-0.866019052629,0.500011000363,0.));
#5006 = PCURVE('',#1484,#5007);
#5007 = DEFINITIONAL_REPRESENTATION('',(#5008),#5012);
#5008 = LINE('',#5009,#5010);
#5009 = CARTESIAN_POINT('',(0.,59.99867998548));
#5010 = VECTOR('',#5011,1.);
#5011 = DIRECTION('',(1.,0.));
#5012 = ( GEOMETRIC_REPRESENTATION_CONTEXT(2) 
PARAMETRIC_REPRESENTATION_CONTEXT() REPRESENTATION_CONTEXT('2D SPACE',''
  ) );
#5013 = PCURVE('',#5014,#5019);
#5014 = PLANE('',#5015);
#5015 = AXIS2_PLACEMENT_3D('',#5016,#5017,#5018);
#5016 = CARTESIAN_POINT('',(-50.,-86.6,0.));
#5017 = DIRECTION('',(-0.500011000363,-0.866019052629,0.));
#5018 = DIRECTION('',(-0.866019052629,0.500011000363,0.));
#5019 = DEFINITIONAL_REPRESENTATION('',(#5020),#5024);
#5020 = CIRCLE('',#5021,17.);
#5021 = AXIS2_PLACEMENT_2D('',#5022,#5023);
#5022 = CARTESIAN_POINT('',(0.,0.));
#5023 = DIRECTION('',(1.,0.));
#5024 = ( GEOMETRIC_REPRESENTATION_CONTEXT(2) 
PARAMETRIC_REPRESENTATION_CONTEXT() REPRESENTATION_CONTEXT('2D SPACE',''
  ) );
#5025 = ORIENTED_EDGE('',*,*,#4976,.F.);
#5026 = ORIENTED_EDGE('',*,*,#5027,.T.);
#5027 = EDGE_CURVE('',#4945,#1441,#5028,.T.);
#5028 = SURFACE_CURVE('',#5029,(#5036,#5046),.PCURVE_S1.);
#5029 = B_SPLINE_CURVE_WITH_KNOTS('',5,(#5030,#5031,#5032,#5033,#5034,
    #5035),.UNSPECIFIED.,.F.,.F.,(6,6),(0.,1.),
  .PIECEWISE_BEZIER_KNOTS.);
#5030 = CARTESIAN_POINT('',(-61.96476457381,-73.32372025007,0.));
#5031 = CARTESIAN_POINT('',(-61.96476457381,-73.32372025007,
    -1.008052470273));
#5032 = CARTESIAN_POINT('',(-61.90677965955,-73.37272344056,
    -2.016037259922));
#5033 = CARTESIAN_POINT('',(-61.79082202518,-73.47071298106,
    -3.020120905782));
#5034 = CARTESIAN_POINT('',(-61.61582873732,-73.61782371175,
    -4.016396343071));
#5035 = CARTESIAN_POINT('',(-61.37968943273,-73.81418376668,
    -5.000000596117));
#5036 = PCURVE('',#1484,#5037);
#5037 = DEFINITIONAL_REPRESENTATION('',(#5038),#5045);
#5038 = B_SPLINE_CURVE_WITH_KNOTS('',5,(#5039,#5040,#5041,#5042,#5043,
    #5044),.UNSPECIFIED.,.F.,.F.,(6,6),(0.,1.),
  .PIECEWISE_BEZIER_KNOTS.);
#5039 = CARTESIAN_POINT('',(0.,54.483682677679));
#5040 = CARTESIAN_POINT('',(5.929720413369E-02,54.483682677679));
#5041 = CARTESIAN_POINT('',(0.1185903835,54.497127279296));
#5042 = CARTESIAN_POINT('',(0.178088662458,54.524007995565));
#5043 = CARTESIAN_POINT('',(0.237995579935,54.563910122269));
#5044 = CARTESIAN_POINT('',(0.298532237634,54.615889421096));
#5045 = ( GEOMETRIC_REPRESENTATION_CONTEXT(2) 
PARAMETRIC_REPRESENTATION_CONTEXT() REPRESENTATION_CONTEXT('2D SPACE',''
  ) );
#5046 = PCURVE('',#1457,#5047);
#5047 = DEFINITIONAL_REPRESENTATION('',(#5048),#5055);
#5048 = B_SPLINE_CURVE_WITH_KNOTS('',5,(#5049,#5050,#5051,#5052,#5053,
    #5054),.UNSPECIFIED.,.F.,.F.,(6,6),(0.,1.),
  .PIECEWISE_BEZIER_KNOTS.);
#5049 = CARTESIAN_POINT('',(4.010755348491,5.));
#5050 = CARTESIAN_POINT('',(4.010755348491,3.991947529727));
#5051 = CARTESIAN_POINT('',(4.01154616031,2.983962734573));
#5052 = CARTESIAN_POINT('',(4.013127586824,1.979879103959));
#5053 = CARTESIAN_POINT('',(4.015508947195,0.983603653046));
#5054 = CARTESIAN_POINT('',(4.018708051928,-6.E-07));
#5055 = ( GEOMETRIC_REPRESENTATION_CONTEXT(2) 
PARAMETRIC_REPRESENTATION_CONTEXT() REPRESENTATION_CONTEXT('2D SPACE',''
  ) );
#5056 = ORIENTED_EDGE('',*,*,#1469,.F.);
#5057 = ORIENTED_EDGE('',*,*,#5058,.T.);
#5058 = EDGE_CURVE('',#1470,#1595,#5059,.T.);
#5059 = SURFACE_CURVE('',#5060,(#5065,#5072),.PCURVE_S1.);
#5060 = CIRCLE('',#5061,17.);
#5061 = AXIS2_PLACEMENT_3D('',#5062,#5063,#5064);
#5062 = CARTESIAN_POINT('',(-20.,-34.64,0.));
#5063 = DIRECTION('',(-0.500011000363,-0.866019052629,0.));
#5064 = DIRECTION('',(-0.866019052629,0.500011000363,0.));
#5065 = PCURVE('',#1484,#5066);
#5066 = DEFINITIONAL_REPRESENTATION('',(#5067),#5071);
#5067 = LINE('',#5068,#5069);
#5068 = CARTESIAN_POINT('',(0.,0.));
#5069 = VECTOR('',#5070,1.);
#5070 = DIRECTION('',(1.,0.));
#5071 = ( GEOMETRIC_REPRESENTATION_CONTEXT(2) 
PARAMETRIC_REPRESENTATION_CONTEXT() REPRESENTATION_CONTEXT('2D SPACE',''
  ) );
#5072 = PCURVE('',#1510,#5073);
#5073 = DEFINITIONAL_REPRESENTATION('',(#5074),#5078);
#5074 = CIRCLE('',#5075,17.);
#5075 = AXIS2_PLACEMENT_2D('',#5076,#5077);
#5076 = CARTESIAN_POINT('',(0.,0.));
#5077 = DIRECTION('',(1.,0.));
#5078 = ( GEOMETRIC_REPRESENTATION_CONTEXT(2) 
PARAMETRIC_REPRESENTATION_CONTEXT() REPRESENTATION_CONTEXT('2D SPACE',''
  ) );
#5079 = ORIENTED_EDGE('',*,*,#1615,.T.);
#5080 = ORIENTED_EDGE('',*,*,#4897,.T.);
#5081 = ORIENTED_EDGE('',*,*,#3329,.F.);
#5082 = ORIENTED_EDGE('',*,*,#5083,.T.);
#5083 = EDGE_CURVE('',#3309,#3199,#5084,.T.);
#5084 = SURFACE_CURVE('',#5085,(#5090,#5097),.PCURVE_S1.);
#5085 = CIRCLE('',#5086,17.);
#5086 = AXIS2_PLACEMENT_3D('',#5087,#5088,#5089);
#5087 = CARTESIAN_POINT('',(-20.,-34.64,0.));
#5088 = DIRECTION('',(-0.500011000363,-0.866019052629,0.));
#5089 = DIRECTION('',(-0.866019052629,0.500011000363,0.));
#5090 = PCURVE('',#1484,#5091);
#5091 = DEFINITIONAL_REPRESENTATION('',(#5092),#5096);
#5092 = LINE('',#5093,#5094);
#5093 = CARTESIAN_POINT('',(0.,0.));
#5094 = VECTOR('',#5095,1.);
#5095 = DIRECTION('',(1.,0.));
#5096 = ( GEOMETRIC_REPRESENTATION_CONTEXT(2) 
PARAMETRIC_REPRESENTATION_CONTEXT() REPRESENTATION_CONTEXT('2D SPACE',''
  ) );
#5097 = PCURVE('',#3234,#5098);
#5098 = DEFINITIONAL_REPRESENTATION('',(#5099),#5103);
#5099 = CIRCLE('',#5100,17.);
#5100 = AXIS2_PLACEMENT_2D('',#5101,#5102);
#5101 = CARTESIAN_POINT('',(0.,0.));
#5102 = DIRECTION('',(1.,0.));
#5103 = ( GEOMETRIC_REPRESENTATION_CONTEXT(2) 
PARAMETRIC_REPRESENTATION_CONTEXT() REPRESENTATION_CONTEXT('2D SPACE',''
  ) );
#5104 = ORIENTED_EDGE('',*,*,#3198,.T.);
#5105 = FACE_BOUND('',#5106,.T.);
#5106 = EDGE_LOOP('',(#5107));
#5107 = ORIENTED_EDGE('',*,*,#5108,.F.);
#5108 = EDGE_CURVE('',#5109,#5109,#5111,.T.);
#5109 = VERTEX_POINT('',#5110);
#5110 = CARTESIAN_POINT('',(-32.9,-60.62,16.902442087229));
#5111 = SURFACE_CURVE('',#5112,(#5171,#5233),.PCURVE_S1.);
#5112 = B_SPLINE_CURVE_WITH_KNOTS('',8,(#5113,#5114,#5115,#5116,#5117,
    #5118,#5119,#5120,#5121,#5122,#5123,#5124,#5125,#5126,#5127,#5128,
    #5129,#5130,#5131,#5132,#5133,#5134,#5135,#5136,#5137,#5138,#5139,
    #5140,#5141,#5142,#5143,#5144,#5145,#5146,#5147,#5148,#5149,#5150,
    #5151,#5152,#5153,#5154,#5155,#5156,#5157,#5158,#5159,#5160,#5161,
    #5162,#5163,#5164,#5165,#5166,#5167,#5168,#5169,#5170),
  .UNSPECIFIED.,.T.,.F.,(9,7,7,7,7,7,7,7,9),(0.,0.125044463422,
    0.238089465329,0.336885764976,0.429977511844,0.579116344869,
    0.700372620012,0.839119681394,1.),.UNSPECIFIED.);
#5113 = CARTESIAN_POINT('',(-32.9,-60.62,16.902442087229));
#5114 = CARTESIAN_POINT('',(-32.9,-60.42870296226,16.912733739139));
#5115 = CARTESIAN_POINT('',(-32.91991505018,-60.23137569281,
    16.924579651964));
#5116 = CARTESIAN_POINT('',(-32.96194438627,-60.03038918321,
    16.937595260216));
#5117 = CARTESIAN_POINT('',(-33.0280532828,-59.82858322062,
    16.951185749257));
#5118 = CARTESIAN_POINT('',(-33.11995315377,-59.62928799526,
    16.964551208962));
#5119 = CARTESIAN_POINT('',(-33.23906083402,-59.43638946462,
    16.97671331913));
#5120 = CARTESIAN_POINT('',(-33.38640542368,-59.25448375526,
    16.986601440823));
#5121 = CARTESIAN_POINT('',(-33.7216031162,-58.93971217018,
    16.999233873345));
#5122 = CARTESIAN_POINT('',(-33.90063149343,-58.80717885687,
    17.002437176646));
#5123 = CARTESIAN_POINT('',(-34.09615363733,-58.69639859794,
    17.002264774779));
#5124 = CARTESIAN_POINT('',(-34.3034161481,-58.61072232228,
    16.99851024746));
#5125 = CARTESIAN_POINT('',(-34.51674412884,-58.55185349931,
    16.991525897492));
#5126 = CARTESIAN_POINT('',(-34.7300049137,-58.51964354067,
    16.982132303018));
#5127 = CARTESIAN_POINT('',(-34.93702013746,-58.51188557945,
    16.971372581785));
#5128 = CARTESIAN_POINT('',(-35.30214153741,-58.53485707084,
    16.950492905719));
#5129 = CARTESIAN_POINT('',(-35.46629166592,-58.56105822285,
    16.940282256275));
#5130 = CARTESIAN_POINT('',(-35.62338671202,-58.60101398348,
    16.930031624966));
#5131 = CARTESIAN_POINT('',(-35.77280268739,-58.65321111989,
    16.92010223715));
#5132 = CARTESIAN_POINT('',(-35.91412413754,-58.71633316396,
    16.910783595871));
#5133 = CARTESIAN_POINT('',(-36.04707168887,-58.78924168103,
    16.902298247233));
#5134 = CARTESIAN_POINT('',(-36.17144838502,-58.87096215276,
    16.894811233101));
#5135 = CARTESIAN_POINT('',(-36.39608317446,-59.04520675639,
    16.882444863429));
#5136 = CARTESIAN_POINT('',(-36.49738526565,-59.13688594006,
    16.877436059245));
#5137 = CARTESIAN_POINT('',(-36.59088812492,-59.23505709466,
    16.87351996451));
#5138 = CARTESIAN_POINT('',(-36.67646432088,-59.33916567049,
    16.870765782996));
#5139 = CARTESIAN_POINT('',(-36.75396603248,-59.44873569907,
    16.869215351684));
#5140 = CARTESIAN_POINT('',(-36.8232090004,-59.5633485984,
    16.868886468238));
#5141 = CARTESIAN_POINT('',(-36.88395634935,-59.68262258293,
    16.869773970619));
#5142 = CARTESIAN_POINT('',(-37.01912293134,-60.00415974219,
    16.87517220565));
#5143 = CARTESIAN_POINT('',(-37.07970712742,-60.21304279568,
    16.881540480286));
#5144 = CARTESIAN_POINT('',(-37.11650858268,-60.43147119039,
    16.890830928718));
#5145 = CARTESIAN_POINT('',(-37.12772683726,-60.65800583902,
    16.902765582394));
#5146 = CARTESIAN_POINT('',(-37.11096567615,-60.89073831933,
    16.916877280116));
#5147 = CARTESIAN_POINT('',(-37.06327127874,-61.12701918779,
    16.932402687433));
#5148 = CARTESIAN_POINT('',(-36.9812092739,-61.36302806247,
    16.948191239086));
#5149 = CARTESIAN_POINT('',(-36.76333699272,-61.77979219232,
    16.974531092374));
#5150 = CARTESIAN_POINT('',(-36.63818578333,-61.96694781122,
    16.985782947477));
#5151 = CARTESIAN_POINT('',(-36.48473597878,-62.14475705811,
    16.995202617126));
#5152 = CARTESIAN_POINT('',(-36.30503468643,-62.30503937079,
    17.001490688994));
#5153 = CARTESIAN_POINT('',(-36.10358483251,-62.44127001235,
    17.00369406055));
#5154 = CARTESIAN_POINT('',(-35.886653063,-62.54899696343,
    17.001661294171));
#5155 = CARTESIAN_POINT('',(-35.66167489129,-62.62626892162,
    16.995968035786));
#5156 = CARTESIAN_POINT('',(-35.17914600367,-62.72884000898,
    16.978045650565));
#5157 = CARTESIAN_POINT('',(-34.92598383508,-62.74409830084,
    16.965155504979));
#5158 = CARTESIAN_POINT('',(-34.68245213791,-62.7251305533,
    16.950393795509));
#5159 = CARTESIAN_POINT('',(-34.45195682202,-62.67666064982,
    16.935158781799));
#5160 = CARTESIAN_POINT('',(-34.23678269927,-62.60293208235,
    16.920571497597));
#5161 = CARTESIAN_POINT('',(-34.03844612294,-62.50772647336,
    16.907440492544));
#5162 = CARTESIAN_POINT('',(-33.85786858288,-62.39437359268,
    16.896311220445));
#5163 = CARTESIAN_POINT('',(-33.50746876946,-62.11665736955,
    16.877281142238));
#5164 = CARTESIAN_POINT('',(-33.34286030889,-61.94617240957,
    16.87011947171));
#5165 = CARTESIAN_POINT('',(-33.20222591084,-61.75768333157,
    16.866520774612));
#5166 = CARTESIAN_POINT('',(-33.0862210266,-61.55356416503,
    16.866707773611));
#5167 = CARTESIAN_POINT('',(-32.9959508324,-61.3357608933,
    16.870702852857));
#5168 = CARTESIAN_POINT('',(-32.93308845355,-61.10609498161,
    16.878334038352));
#5169 = CARTESIAN_POINT('',(-32.9,-60.86657697316,16.88917641199));
#5170 = CARTESIAN_POINT('',(-32.9,-60.62,16.902442087229));
#5171 = PCURVE('',#1484,#5172);
#5172 = DEFINITIONAL_REPRESENTATION('',(#5173),#5232);
#5173 = B_SPLINE_CURVE_WITH_KNOTS('',8,(#5174,#5175,#5176,#5177,#5178,
    #5179,#5180,#5181,#5182,#5183,#5184,#5185,#5186,#5187,#5188,#5189,
    #5190,#5191,#5192,#5193,#5194,#5195,#5196,#5197,#5198,#5199,#5200,
    #5201,#5202,#5203,#5204,#5205,#5206,#5207,#5208,#5209,#5210,#5211,
    #5212,#5213,#5214,#5215,#5216,#5217,#5218,#5219,#5220,#5221,#5222,
    #5223,#5224,#5225,#5226,#5227,#5228,#5229,#5230,#5231),
  .UNSPECIFIED.,.T.,.F.,(9,7,7,7,7,7,7,7,9),(0.,0.125044463422,
    0.238089465329,0.336885764976,0.429977511844,0.579116344869,
    0.700372620012,0.839119681394,1.),.UNSPECIFIED.);
#5174 = CARTESIAN_POINT('',(4.605205045512,28.949316891977));
#5175 = CARTESIAN_POINT('',(4.610864027966,28.78365001259));
#5176 = CARTESIAN_POINT('',(4.617717836717,28.622718581803));
#5177 = CARTESIAN_POINT('',(4.625806362498,28.469675565547));
#5178 = CARTESIAN_POINT('',(4.635143177398,28.327962932506));
#5179 = CARTESIAN_POINT('',(4.645714212765,28.201320416656));
#5180 = CARTESIAN_POINT('',(4.657474999695,28.09382176426));
#5181 = CARTESIAN_POINT('',(4.670342645287,28.009961869847));
#5182 = CARTESIAN_POINT('',(4.69668705924,27.904966213495));
#5183 = CARTESIAN_POINT('',(4.709705444945,27.879705997047));
#5184 = CARTESIAN_POINT('',(4.722921506872,27.88153140493));
#5185 = CARTESIAN_POINT('',(4.735998470494,27.91096765319));
#5186 = CARTESIAN_POINT('',(4.748601342674,27.966652467948));
#5187 = CARTESIAN_POINT('',(4.760424234262,28.045390768458));
#5188 = CARTESIAN_POINT('',(4.771216299906,28.142182115358));
#5189 = CARTESIAN_POINT('',(4.789182806295,28.344640581009));
#5190 = CARTESIAN_POINT('',(4.796797651708,28.449408147817));
#5191 = CARTESIAN_POINT('',(4.80365138488,28.562559848936));
#5192 = CARTESIAN_POINT('',(4.809755447959,28.682473194875));
#5193 = CARTESIAN_POINT('',(4.81512600536,28.807800367346));
#5194 = CARTESIAN_POINT('',(4.819781014928,28.937415770365));
#5195 = CARTESIAN_POINT('',(4.823738019088,29.070376972133));
#5196 = CARTESIAN_POINT('',(4.83009821352,29.333595984482));
#5197 = CARTESIAN_POINT('',(4.832579798013,29.463644064223));
#5198 = CARTESIAN_POINT('',(4.834469679646,29.595414612724));
#5199 = CARTESIAN_POINT('',(4.835777120918,29.728363662284));
#5200 = CARTESIAN_POINT('',(4.836508229175,29.862005102981));
#5201 = CARTESIAN_POINT('',(4.836665773641,29.995884303137));
#5202 = CARTESIAN_POINT('',(4.83624896696,30.12955218894));
#5203 = CARTESIAN_POINT('',(4.83365794789,30.475594272863));
#5204 = CARTESIAN_POINT('',(4.83057762705,30.686783741445));
#5205 = CARTESIAN_POINT('',(4.825995197787,30.894348025359));
#5206 = CARTESIAN_POINT('',(4.81986355043,31.096140597849));
#5207 = CARTESIAN_POINT('',(4.812120350903,31.289310595027));
#5208 = CARTESIAN_POINT('',(4.8026979229,31.470086605525));
#5209 = CARTESIAN_POINT('',(4.791538825837,31.633442882455));
#5210 = CARTESIAN_POINT('',(4.76813053906,31.885430022094));
#5211 = CARTESIAN_POINT('',(4.756232597501,31.984933372464));
#5212 = CARTESIAN_POINT('',(4.743175867477,32.062192977722));
#5213 = CARTESIAN_POINT('',(4.729305902819,32.111147891349));
#5214 = CARTESIAN_POINT('',(4.715040543623,32.128399079515));
#5215 = CARTESIAN_POINT('',(4.700823552793,32.113224400542));
#5216 = CARTESIAN_POINT('',(4.687087122585,32.067651827881));
#5217 = CARTESIAN_POINT('',(4.659469000253,31.915210591979));
#5218 = CARTESIAN_POINT('',(4.646104344343,31.801840694271));
#5219 = CARTESIAN_POINT('',(4.634226746087,31.663645735985));
#5220 = CARTESIAN_POINT('',(4.623872961909,31.506419682619));
#5221 = CARTESIAN_POINT('',(4.615038838034,31.334979910103));
#5222 = CARTESIAN_POINT('',(4.607694850305,31.153359568858));
#5223 = CARTESIAN_POINT('',(4.601793411798,30.964903058063));
#5224 = CARTESIAN_POINT('',(4.592047045719,30.549191756375));
#5225 = CARTESIAN_POINT('',(4.588649805233,30.319242491813));
#5226 = CARTESIAN_POINT('',(4.587015694636,30.085688612992));
#5227 = CARTESIAN_POINT('',(4.587110374005,29.850913807555));
#5228 = CARTESIAN_POINT('',(4.588933196113,29.617155934405));
#5229 = CARTESIAN_POINT('',(4.592514084526,29.386828998203));
#5230 = CARTESIAN_POINT('',(4.597910762332,29.16285724868));
#5231 = CARTESIAN_POINT('',(4.605205045512,28.949316891977));
#5232 = ( GEOMETRIC_REPRESENTATION_CONTEXT(2) 
PARAMETRIC_REPRESENTATION_CONTEXT() REPRESENTATION_CONTEXT('2D SPACE',''
  ) );
#5233 = PCURVE('',#5234,#5239);
#5234 = CYLINDRICAL_SURFACE('',#5235,2.1);
#5235 = AXIS2_PLACEMENT_3D('',#5236,#5237,#5238);
#5236 = CARTESIAN_POINT('',(-35.,-60.62,-20.));
#5237 = DIRECTION('',(0.,0.,1.));
#5238 = DIRECTION('',(1.,0.,-0.));
#5239 = DEFINITIONAL_REPRESENTATION('',(#5240),#5299);
#5240 = B_SPLINE_CURVE_WITH_KNOTS('',8,(#5241,#5242,#5243,#5244,#5245,
    #5246,#5247,#5248,#5249,#5250,#5251,#5252,#5253,#5254,#5255,#5256,
    #5257,#5258,#5259,#5260,#5261,#5262,#5263,#5264,#5265,#5266,#5267,
    #5268,#5269,#5270,#5271,#5272,#5273,#5274,#5275,#5276,#5277,#5278,
    #5279,#5280,#5281,#5282,#5283,#5284,#5285,#5286,#5287,#5288,#5289,
    #5290,#5291,#5292,#5293,#5294,#5295,#5296,#5297,#5298),
  .UNSPECIFIED.,.F.,.F.,(9,7,7,7,7,7,7,7,9),(0.,0.125044463422,
    0.238089465329,0.336885764976,0.429977511844,0.579116344869,
    0.700372620012,0.839119681394,1.),.UNSPECIFIED.);
#5241 = CARTESIAN_POINT('',(8.881784197001E-16,36.902442087229));
#5242 = CARTESIAN_POINT('',(9.109382749143E-02,36.912733739139));
#5243 = CARTESIAN_POINT('',(0.185058806934,36.924579651964));
#5244 = CARTESIAN_POINT('',(0.281919980088,36.937595260216));
#5245 = CARTESIAN_POINT('',(0.381776543481,36.951185749257));
#5246 = CARTESIAN_POINT('',(0.484828382761,36.964551208962));
#5247 = CARTESIAN_POINT('',(0.591369797872,36.97671331913));
#5248 = CARTESIAN_POINT('',(0.701814266086,36.986601440823));
#5249 = CARTESIAN_POINT('',(0.920778351528,36.999233873345));
#5250 = CARTESIAN_POINT('',(1.026126306713,37.002437176646));
#5251 = CARTESIAN_POINT('',(1.131822579068,37.002264774779));
#5252 = CARTESIAN_POINT('',(1.237024181641,36.99851024746));
#5253 = CARTESIAN_POINT('',(1.340899683408,36.991525897492));
#5254 = CARTESIAN_POINT('',(1.44251115655,36.982132303018));
#5255 = CARTESIAN_POINT('',(1.54066380565,36.971372581785));
#5256 = CARTESIAN_POINT('',(1.71487490477,36.950492905719));
#5257 = CARTESIAN_POINT('',(1.79367129472,36.940282256275));
#5258 = CARTESIAN_POINT('',(1.870341412602,36.930031624966));
#5259 = CARTESIAN_POINT('',(1.945158001597,36.92010223715));
#5260 = CARTESIAN_POINT('',(2.018362474509,36.910783595871));
#5261 = CARTESIAN_POINT('',(2.090180033059,36.902298247233));
#5262 = CARTESIAN_POINT('',(2.160829917138,36.894811233101));
#5263 = CARTESIAN_POINT('',(2.296207084499,36.882444863429));
#5264 = CARTESIAN_POINT('',(2.361081094054,36.877436059245));
#5265 = CARTESIAN_POINT('',(2.425346506314,36.87351996451));
#5266 = CARTESIAN_POINT('',(2.489181954941,36.870765782996));
#5267 = CARTESIAN_POINT('',(2.55275835318,36.869215351684));
#5268 = CARTESIAN_POINT('',(2.616244954104,36.868886468238));
#5269 = CARTESIAN_POINT('',(2.679814131581,36.869773970619));
#5270 = CARTESIAN_POINT('',(2.845905758393,36.87517220565));
#5271 = CARTESIAN_POINT('',(2.948780731182,36.881540480286));
#5272 = CARTESIAN_POINT('',(3.053089253798,36.890830928718));
#5273 = CARTESIAN_POINT('',(3.159571533553,36.902765582394));
#5274 = CARTESIAN_POINT('',(3.268971323225,36.916877280116));
#5275 = CARTESIAN_POINT('',(3.38207235138,36.932402687433));
#5276 = CARTESIAN_POINT('',(3.499773873363,36.948191239086));
#5277 = CARTESIAN_POINT('',(3.723715410336,36.974531092374));
#5278 = CARTESIAN_POINT('',(3.830305933425,36.985782947477));
#5279 = CARTESIAN_POINT('',(3.940737254723,36.995202617126));
#5280 = CARTESIAN_POINT('',(4.053451130218,37.001490688994));
#5281 = CARTESIAN_POINT('',(4.167229373243,37.00369406055));
#5282 = CARTESIAN_POINT('',(4.280941216166,37.001661294171));
#5283 = CARTESIAN_POINT('',(4.39338330649,36.995968035786));
#5284 = CARTESIAN_POINT('',(4.628292926468,36.978045650565));
#5285 = CARTESIAN_POINT('',(4.747723307528,36.965155504979));
#5286 = CARTESIAN_POINT('',(4.862275759962,36.950393795509));
#5287 = CARTESIAN_POINT('',(4.972660053989,36.935158781799));
#5288 = CARTESIAN_POINT('',(5.079434974977,36.920571497597));
#5289 = CARTESIAN_POINT('',(5.18307514989,36.907440492544));
#5290 = CARTESIAN_POINT('',(5.283991937202,36.896311220445));
#5291 = CARTESIAN_POINT('',(5.496900916632,36.877281142238));
#5292 = CARTESIAN_POINT('',(5.608757378457,36.87011947171));
#5293 = CARTESIAN_POINT('',(5.719268298035,36.866520774612));
#5294 = CARTESIAN_POINT('',(5.829354521756,36.866707773611));
#5295 = CARTESIAN_POINT('',(5.93988096306,36.870702852857));
#5296 = CARTESIAN_POINT('',(6.051711300851,36.878334038352));
#5297 = CARTESIAN_POINT('',(6.16576770091,36.88917641199));
#5298 = CARTESIAN_POINT('',(6.28318530718,36.902442087229));
#5299 = ( GEOMETRIC_REPRESENTATION_CONTEXT(2) 
PARAMETRIC_REPRESENTATION_CONTEXT() REPRESENTATION_CONTEXT('2D SPACE',''
  ) );
#5300 = FACE_BOUND('',#5301,.T.);
#5301 = EDGE_LOOP('',(#5302));
#5302 = ORIENTED_EDGE('',*,*,#5303,.T.);
#5303 = EDGE_CURVE('',#5304,#5304,#5306,.T.);
#5304 = VERTEX_POINT('',#5305);
#5305 = CARTESIAN_POINT('',(-32.9,-60.62,-16.90244208722));
#5306 = SURFACE_CURVE('',#5307,(#5366,#5428),.PCURVE_S1.);
#5307 = B_SPLINE_CURVE_WITH_KNOTS('',8,(#5308,#5309,#5310,#5311,#5312,
    #5313,#5314,#5315,#5316,#5317,#5318,#5319,#5320,#5321,#5322,#5323,
    #5324,#5325,#5326,#5327,#5328,#5329,#5330,#5331,#5332,#5333,#5334,
    #5335,#5336,#5337,#5338,#5339,#5340,#5341,#5342,#5343,#5344,#5345,
    #5346,#5347,#5348,#5349,#5350,#5351,#5352,#5353,#5354,#5355,#5356,
    #5357,#5358,#5359,#5360,#5361,#5362,#5363,#5364,#5365),
  .UNSPECIFIED.,.T.,.F.,(9,7,7,7,7,7,7,7,9),(0.,0.125044467112,
    0.238089472355,0.336885773185,0.429977519602,0.579116351905,
    0.70037262646,0.839119687171,1.),.UNSPECIFIED.);
#5308 = CARTESIAN_POINT('',(-32.9,-60.62,-16.90244208722));
#5309 = CARTESIAN_POINT('',(-32.9,-60.42870296226,-16.91273373913));
#5310 = CARTESIAN_POINT('',(-32.91991505018,-60.23137569281,
    -16.92457965196));
#5311 = CARTESIAN_POINT('',(-32.96194438627,-60.03038918321,
    -16.93759526021));
#5312 = CARTESIAN_POINT('',(-33.0280532828,-59.82858322062,
    -16.95118574925));
#5313 = CARTESIAN_POINT('',(-33.11995315377,-59.62928799526,
    -16.96455120896));
#5314 = CARTESIAN_POINT('',(-33.23906083402,-59.43638946462,
    -16.97671331913));
#5315 = CARTESIAN_POINT('',(-33.38640542368,-59.25448375526,
    -16.98660144082));
#5316 = CARTESIAN_POINT('',(-33.7216031162,-58.93971217018,
    -16.99923387334));
#5317 = CARTESIAN_POINT('',(-33.90063149343,-58.80717885687,
    -17.00243717664));
#5318 = CARTESIAN_POINT('',(-34.09615363733,-58.69639859794,
    -17.00226477477));
#5319 = CARTESIAN_POINT('',(-34.3034161481,-58.61072232228,
    -16.99851024746));
#5320 = CARTESIAN_POINT('',(-34.51674412884,-58.55185349931,
    -16.99152589749));
#5321 = CARTESIAN_POINT('',(-34.73000491369,-58.51964354067,
    -16.98213230301));
#5322 = CARTESIAN_POINT('',(-34.93702013746,-58.51188557945,
    -16.97137258178));
#5323 = CARTESIAN_POINT('',(-35.30214153443,-58.53485707065,
    -16.95049290589));
#5324 = CARTESIAN_POINT('',(-35.46629167048,-58.56105822404,
    -16.940282256));
#5325 = CARTESIAN_POINT('',(-35.62338671248,-58.60101398287,
    -16.93003162494));
#5326 = CARTESIAN_POINT('',(-35.77280268335,-58.65321111848,
    -16.92010223738));
#5327 = CARTESIAN_POINT('',(-35.91412413705,-58.71633316454,
    -16.9107835959));
#5328 = CARTESIAN_POINT('',(-36.04707169292,-58.78924168285,
    -16.90229824699));
#5329 = CARTESIAN_POINT('',(-36.17144838307,-58.87096215125,
    -16.8948112332));
#5330 = CARTESIAN_POINT('',(-36.39608317446,-59.04520675639,
    -16.88244486342));
#5331 = CARTESIAN_POINT('',(-36.49738526565,-59.13688594006,
    -16.87743605924));
#5332 = CARTESIAN_POINT('',(-36.59088812492,-59.23505709466,
    -16.87351996451));
#5333 = CARTESIAN_POINT('',(-36.67646432088,-59.33916567049,
    -16.87076578299));
#5334 = CARTESIAN_POINT('',(-36.75396603248,-59.44873569907,
    -16.86921535168));
#5335 = CARTESIAN_POINT('',(-36.8232090004,-59.5633485984,
    -16.86888646823));
#5336 = CARTESIAN_POINT('',(-36.88395634935,-59.68262258293,
    -16.86977397061));
#5337 = CARTESIAN_POINT('',(-37.01912293134,-60.00415974219,
    -16.87517220565));
#5338 = CARTESIAN_POINT('',(-37.07970712742,-60.21304279568,
    -16.88154048028));
#5339 = CARTESIAN_POINT('',(-37.11650858268,-60.43147119039,
    -16.89083092871));
#5340 = CARTESIAN_POINT('',(-37.12772683726,-60.65800583902,
    -16.90276558239));
#5341 = CARTESIAN_POINT('',(-37.11096567615,-60.89073831933,
    -16.91687728011));
#5342 = CARTESIAN_POINT('',(-37.06327127874,-61.12701918779,
    -16.93240268743));
#5343 = CARTESIAN_POINT('',(-36.9812092739,-61.36302806247,
    -16.94819123908));
#5344 = CARTESIAN_POINT('',(-36.76333699272,-61.77979219232,
    -16.97453109237));
#5345 = CARTESIAN_POINT('',(-36.63818578334,-61.96694781122,
    -16.98578294747));
#5346 = CARTESIAN_POINT('',(-36.48473597878,-62.14475705811,
    -16.99520261712));
#5347 = CARTESIAN_POINT('',(-36.30503468643,-62.30503937079,
    -17.00149068899));
#5348 = CARTESIAN_POINT('',(-36.10358483251,-62.44127001235,
    -17.00369406055));
#5349 = CARTESIAN_POINT('',(-35.886653063,-62.54899696343,
    -17.00166129417));
#5350 = CARTESIAN_POINT('',(-35.66167489129,-62.62626892162,
    -16.99596803578));
#5351 = CARTESIAN_POINT('',(-35.17914600367,-62.72884000898,
    -16.97804565056));
#5352 = CARTESIAN_POINT('',(-34.92598383508,-62.74409830084,
    -16.96515550497));
#5353 = CARTESIAN_POINT('',(-34.68245213791,-62.7251305533,
    -16.9503937955));
#5354 = CARTESIAN_POINT('',(-34.45195682202,-62.67666064982,
    -16.93515878179));
#5355 = CARTESIAN_POINT('',(-34.23678269928,-62.60293208235,
    -16.92057149759));
#5356 = CARTESIAN_POINT('',(-34.03844612294,-62.50772647336,
    -16.90744049254));
#5357 = CARTESIAN_POINT('',(-33.85786858288,-62.39437359268,
    -16.89631122044));
#5358 = CARTESIAN_POINT('',(-33.5074687753,-62.11665737418,
    -16.87728114255));
#5359 = CARTESIAN_POINT('',(-33.34286029793,-61.9461723959,
    -16.87011947138));
#5360 = CARTESIAN_POINT('',(-33.2022259159,-61.75768334414,
    -16.86652077441));
#5361 = CARTESIAN_POINT('',(-33.08622103039,-61.55356416658,
    -16.86670777389));
#5362 = CARTESIAN_POINT('',(-32.99595082681,-61.33576088079,
    -16.870702853));
#5363 = CARTESIAN_POINT('',(-32.93308845568,-61.10609499194,
    -16.87833403799));
#5364 = CARTESIAN_POINT('',(-32.9,-60.86657696992,-16.88917641216));
#5365 = CARTESIAN_POINT('',(-32.9,-60.62,-16.90244208722));
#5366 = PCURVE('',#1484,#5367);
#5367 = DEFINITIONAL_REPRESENTATION('',(#5368),#5427);
#5368 = B_SPLINE_CURVE_WITH_KNOTS('',8,(#5369,#5370,#5371,#5372,#5373,
    #5374,#5375,#5376,#5377,#5378,#5379,#5380,#5381,#5382,#5383,#5384,
    #5385,#5386,#5387,#5388,#5389,#5390,#5391,#5392,#5393,#5394,#5395,
    #5396,#5397,#5398,#5399,#5400,#5401,#5402,#5403,#5404,#5405,#5406,
    #5407,#5408,#5409,#5410,#5411,#5412,#5413,#5414,#5415,#5416,#5417,
    #5418,#5419,#5420,#5421,#5422,#5423,#5424,#5425,#5426),
  .UNSPECIFIED.,.T.,.F.,(9,7,7,7,7,7,7,7,9),(0.,0.125044467112,
    0.238089472355,0.336885773185,0.429977519602,0.579116351905,
    0.70037262646,0.839119687171,1.),.UNSPECIFIED.);
#5369 = CARTESIAN_POINT('',(1.677980261668,28.949316891978));
#5370 = CARTESIAN_POINT('',(1.672321279214,28.78365001259));
#5371 = CARTESIAN_POINT('',(1.665467470462,28.622718581803));
#5372 = CARTESIAN_POINT('',(1.657378944682,28.469675565547));
#5373 = CARTESIAN_POINT('',(1.648042129781,28.327962932506));
#5374 = CARTESIAN_POINT('',(1.637471094415,28.201320416656));
#5375 = CARTESIAN_POINT('',(1.625710307485,28.09382176426));
#5376 = CARTESIAN_POINT('',(1.612842661893,28.009961869847));
#5377 = CARTESIAN_POINT('',(1.58649824794,27.904966213495));
#5378 = CARTESIAN_POINT('',(1.573479862234,27.879705997047));
#5379 = CARTESIAN_POINT('',(1.560263800308,27.881531404929));
#5380 = CARTESIAN_POINT('',(1.547186836686,27.91096765319));
#5381 = CARTESIAN_POINT('',(1.534583964505,27.966652467949));
#5382 = CARTESIAN_POINT('',(1.522761072918,28.045390768457));
#5383 = CARTESIAN_POINT('',(1.511969007273,28.142182115358));
#5384 = CARTESIAN_POINT('',(1.494002501031,28.344640579353));
#5385 = CARTESIAN_POINT('',(1.486387655274,28.449408151127));
#5386 = CARTESIAN_POINT('',(1.479533922258,28.562559848642));
#5387 = CARTESIAN_POINT('',(1.473429859385,28.682473191635));
#5388 = CARTESIAN_POINT('',(1.468059301862,28.807800367605));
#5389 = CARTESIAN_POINT('',(1.463404292098,28.937415773962));
#5390 = CARTESIAN_POINT('',(1.459447288147,29.070376969853));
#5391 = CARTESIAN_POINT('',(1.45308709366,29.333595984482));
#5392 = CARTESIAN_POINT('',(1.450605509166,29.463644064223));
#5393 = CARTESIAN_POINT('',(1.448715627533,29.595414612724));
#5394 = CARTESIAN_POINT('',(1.447408186261,29.728363662284));
#5395 = CARTESIAN_POINT('',(1.446677078005,29.862005102981));
#5396 = CARTESIAN_POINT('',(1.446519533538,29.995884303137));
#5397 = CARTESIAN_POINT('',(1.44693634022,30.12955218894));
#5398 = CARTESIAN_POINT('',(1.449527359289,30.475594272863));
#5399 = CARTESIAN_POINT('',(1.45260768013,30.686783741445));
#5400 = CARTESIAN_POINT('',(1.457190109393,30.894348025359));
#5401 = CARTESIAN_POINT('',(1.46332175675,31.096140597849));
#5402 = CARTESIAN_POINT('',(1.471064956277,31.289310595027));
#5403 = CARTESIAN_POINT('',(1.480487384279,31.470086605525));
#5404 = CARTESIAN_POINT('',(1.491646481343,31.633442882455));
#5405 = CARTESIAN_POINT('',(1.51505476812,31.885430022094));
#5406 = CARTESIAN_POINT('',(1.526952709678,31.984933372463));
#5407 = CARTESIAN_POINT('',(1.540009439702,32.062192977723));
#5408 = CARTESIAN_POINT('',(1.55387940436,32.111147891348));
#5409 = CARTESIAN_POINT('',(1.568144763557,32.128399079516));
#5410 = CARTESIAN_POINT('',(1.582361754387,32.113224400542));
#5411 = CARTESIAN_POINT('',(1.596098184595,32.067651827881));
#5412 = CARTESIAN_POINT('',(1.623716306926,31.915210591979));
#5413 = CARTESIAN_POINT('',(1.637080962836,31.801840694271));
#5414 = CARTESIAN_POINT('',(1.648958561093,31.663645735985));
#5415 = CARTESIAN_POINT('',(1.659312345271,31.506419682619));
#5416 = CARTESIAN_POINT('',(1.668146469145,31.334979910104));
#5417 = CARTESIAN_POINT('',(1.675490456874,31.153359568858));
#5418 = CARTESIAN_POINT('',(1.681391895381,30.964903058063));
#5419 = CARTESIAN_POINT('',(1.691138261298,30.549191763309));
#5420 = CARTESIAN_POINT('',(1.694535502103,30.319242474495));
#5421 = CARTESIAN_POINT('',(1.696169612656,30.085688626415));
#5422 = CARTESIAN_POINT('',(1.696074933027,29.850913810784));
#5423 = CARTESIAN_POINT('',(1.694252110983,29.617155920777));
#5424 = CARTESIAN_POINT('',(1.69067122285,29.386829008218));
#5425 = CARTESIAN_POINT('',(1.685274544752,29.162857245875));
#5426 = CARTESIAN_POINT('',(1.677980261668,28.949316891978));
#5427 = ( GEOMETRIC_REPRESENTATION_CONTEXT(2) 
PARAMETRIC_REPRESENTATION_CONTEXT() REPRESENTATION_CONTEXT('2D SPACE',''
  ) );
#5428 = PCURVE('',#5429,#5434);
#5429 = CYLINDRICAL_SURFACE('',#5430,2.1);
#5430 = AXIS2_PLACEMENT_3D('',#5431,#5432,#5433);
#5431 = CARTESIAN_POINT('',(-35.,-60.62,-20.));
#5432 = DIRECTION('',(0.,0.,1.));
#5433 = DIRECTION('',(1.,0.,-0.));
#5434 = DEFINITIONAL_REPRESENTATION('',(#5435),#5494);
#5435 = B_SPLINE_CURVE_WITH_KNOTS('',8,(#5436,#5437,#5438,#5439,#5440,
    #5441,#5442,#5443,#5444,#5445,#5446,#5447,#5448,#5449,#5450,#5451,
    #5452,#5453,#5454,#5455,#5456,#5457,#5458,#5459,#5460,#5461,#5462,
    #5463,#5464,#5465,#5466,#5467,#5468,#5469,#5470,#5471,#5472,#5473,
    #5474,#5475,#5476,#5477,#5478,#5479,#5480,#5481,#5482,#5483,#5484,
    #5485,#5486,#5487,#5488,#5489,#5490,#5491,#5492,#5493),
  .UNSPECIFIED.,.F.,.F.,(9,7,7,7,7,7,7,7,9),(0.,0.125044467112,
    0.238089472355,0.336885773185,0.429977519602,0.579116351905,
    0.70037262646,0.839119687171,1.),.UNSPECIFIED.);
#5436 = CARTESIAN_POINT('',(8.881784197001E-16,3.097557912771));
#5437 = CARTESIAN_POINT('',(9.109382749143E-02,3.087266260861));
#5438 = CARTESIAN_POINT('',(0.185058806934,3.075420348036));
#5439 = CARTESIAN_POINT('',(0.281919980088,3.062404739784));
#5440 = CARTESIAN_POINT('',(0.381776543481,3.048814250743));
#5441 = CARTESIAN_POINT('',(0.484828382761,3.035448791038));
#5442 = CARTESIAN_POINT('',(0.591369797872,3.02328668087));
#5443 = CARTESIAN_POINT('',(0.701814266086,3.013398559177));
#5444 = CARTESIAN_POINT('',(0.920778351529,3.000766126655));
#5445 = CARTESIAN_POINT('',(1.026126306713,2.997562823354));
#5446 = CARTESIAN_POINT('',(1.131822579068,2.997735225221));
#5447 = CARTESIAN_POINT('',(1.237024181641,3.00148975254));
#5448 = CARTESIAN_POINT('',(1.340899683408,3.008474102508));
#5449 = CARTESIAN_POINT('',(1.44251115655,3.017867696982));
#5450 = CARTESIAN_POINT('',(1.54066380565,3.028627418215));
#5451 = CARTESIAN_POINT('',(1.714874903345,3.04950709411));
#5452 = CARTESIAN_POINT('',(1.793671297035,3.059717743991));
#5453 = CARTESIAN_POINT('',(1.870341412714,3.06996837506));
#5454 = CARTESIAN_POINT('',(1.945157999491,3.079897762614));
#5455 = CARTESIAN_POINT('',(2.018362474388,3.089216404097));
#5456 = CARTESIAN_POINT('',(2.090180035247,3.097701753001));
#5457 = CARTESIAN_POINT('',(2.160829915966,3.105188766792));
#5458 = CARTESIAN_POINT('',(2.296207084499,3.117555136571));
#5459 = CARTESIAN_POINT('',(2.361081094054,3.122563940755));
#5460 = CARTESIAN_POINT('',(2.425346506314,3.12648003549));
#5461 = CARTESIAN_POINT('',(2.489181954941,3.129234217004));
#5462 = CARTESIAN_POINT('',(2.55275835318,3.130784648316));
#5463 = CARTESIAN_POINT('',(2.616244954104,3.131113531762));
#5464 = CARTESIAN_POINT('',(2.679814131581,3.130226029381));
#5465 = CARTESIAN_POINT('',(2.845905758393,3.12482779435));
#5466 = CARTESIAN_POINT('',(2.948780731182,3.118459519714));
#5467 = CARTESIAN_POINT('',(3.053089253798,3.109169071282));
#5468 = CARTESIAN_POINT('',(3.159571533553,3.097234417606));
#5469 = CARTESIAN_POINT('',(3.268971323225,3.083122719884));
#5470 = CARTESIAN_POINT('',(3.38207235138,3.067597312567));
#5471 = CARTESIAN_POINT('',(3.499773873363,3.051808760914));
#5472 = CARTESIAN_POINT('',(3.723715410336,3.025468907626));
#5473 = CARTESIAN_POINT('',(3.830305933424,3.014217052523));
#5474 = CARTESIAN_POINT('',(3.940737254724,3.004797382874));
#5475 = CARTESIAN_POINT('',(4.053451130218,2.998509311007));
#5476 = CARTESIAN_POINT('',(4.167229373244,2.99630593945));
#5477 = CARTESIAN_POINT('',(4.280941216165,2.998338705829));
#5478 = CARTESIAN_POINT('',(4.39338330649,3.004031964214));
#5479 = CARTESIAN_POINT('',(4.628292926468,3.021954349435));
#5480 = CARTESIAN_POINT('',(4.747723307528,3.034844495021));
#5481 = CARTESIAN_POINT('',(4.862275759962,3.049606204491));
#5482 = CARTESIAN_POINT('',(4.972660053989,3.064841218201));
#5483 = CARTESIAN_POINT('',(5.079434974977,3.079428502403));
#5484 = CARTESIAN_POINT('',(5.18307514989,3.092559507456));
#5485 = CARTESIAN_POINT('',(5.283991937202,3.103688779555));
#5486 = CARTESIAN_POINT('',(5.496900913081,3.122718857445));
#5487 = CARTESIAN_POINT('',(5.608757387328,3.129880528611));
#5488 = CARTESIAN_POINT('',(5.719268291071,3.133479225585));
#5489 = CARTESIAN_POINT('',(5.829354520188,3.133292226105));
#5490 = CARTESIAN_POINT('',(5.939880970126,3.129297146999));
#5491 = CARTESIAN_POINT('',(6.051711295528,3.121665962004));
#5492 = CARTESIAN_POINT('',(6.165767702452,3.110823587836));
#5493 = CARTESIAN_POINT('',(6.28318530718,3.097557912771));
#5494 = ( GEOMETRIC_REPRESENTATION_CONTEXT(2) 
PARAMETRIC_REPRESENTATION_CONTEXT() REPRESENTATION_CONTEXT('2D SPACE',''
  ) );
#5495 = ADVANCED_FACE('',(#5496),#1510,.F.);
#5496 = FACE_BOUND('',#5497,.F.);
#5497 = EDGE_LOOP('',(#5498,#5499,#5500,#5501));
#5498 = ORIENTED_EDGE('',*,*,#1495,.F.);
#5499 = ORIENTED_EDGE('',*,*,#5058,.T.);
#5500 = ORIENTED_EDGE('',*,*,#1594,.F.);
#5501 = ORIENTED_EDGE('',*,*,#5502,.F.);
#5502 = EDGE_CURVE('',#1496,#1574,#5503,.T.);
#5503 = SURFACE_CURVE('',#5504,(#5509,#5516),.PCURVE_S1.);
#5504 = CIRCLE('',#5505,15.);
#5505 = AXIS2_PLACEMENT_3D('',#5506,#5507,#5508);
#5506 = CARTESIAN_POINT('',(-20.,-34.64,0.));
#5507 = DIRECTION('',(-0.500011000363,-0.866019052629,0.));
#5508 = DIRECTION('',(-0.866019052629,0.500011000363,0.));
#5509 = PCURVE('',#1510,#5510);
#5510 = DEFINITIONAL_REPRESENTATION('',(#5511),#5515);
#5511 = CIRCLE('',#5512,15.);
#5512 = AXIS2_PLACEMENT_2D('',#5513,#5514);
#5513 = CARTESIAN_POINT('',(0.,0.));
#5514 = DIRECTION('',(1.,0.));
#5515 = ( GEOMETRIC_REPRESENTATION_CONTEXT(2) 
PARAMETRIC_REPRESENTATION_CONTEXT() REPRESENTATION_CONTEXT('2D SPACE',''
  ) );
#5516 = PCURVE('',#1536,#5517);
#5517 = DEFINITIONAL_REPRESENTATION('',(#5518),#5522);
#5518 = LINE('',#5519,#5520);
#5519 = CARTESIAN_POINT('',(0.,4.99988999879));
#5520 = VECTOR('',#5521,1.);
#5521 = DIRECTION('',(1.,0.));
#5522 = ( GEOMETRIC_REPRESENTATION_CONTEXT(2) 
PARAMETRIC_REPRESENTATION_CONTEXT() REPRESENTATION_CONTEXT('2D SPACE',''
  ) );
#5523 = ADVANCED_FACE('',(#5524,#5667,#5857),#1536,.F.);
#5524 = FACE_BOUND('',#5525,.F.);
#5525 = EDGE_LOOP('',(#5526,#5550,#5573,#5595,#5596,#5597,#5598,#5620,
    #5621,#5643,#5644,#5666));
#5526 = ORIENTED_EDGE('',*,*,#5527,.F.);
#5527 = EDGE_CURVE('',#5528,#5528,#5530,.T.);
#5528 = VERTEX_POINT('',#5529);
#5529 = CARTESIAN_POINT('',(-62.99028578943,-79.09983499455,
    3.673940397442E-15));
#5530 = SURFACE_CURVE('',#5531,(#5536,#5543),.PCURVE_S1.);
#5531 = CIRCLE('',#5532,15.);
#5532 = AXIS2_PLACEMENT_3D('',#5533,#5534,#5535);
#5533 = CARTESIAN_POINT('',(-50.,-86.6,0.));
#5534 = DIRECTION('',(-0.500011000363,-0.866019052629,0.));
#5535 = DIRECTION('',(-0.866019052629,0.500011000363,0.));
#5536 = PCURVE('',#1536,#5537);
#5537 = DEFINITIONAL_REPRESENTATION('',(#5538),#5542);
#5538 = LINE('',#5539,#5540);
#5539 = CARTESIAN_POINT('',(0.,64.99856998427));
#5540 = VECTOR('',#5541,1.);
#5541 = DIRECTION('',(1.,0.));
#5542 = ( GEOMETRIC_REPRESENTATION_CONTEXT(2) 
PARAMETRIC_REPRESENTATION_CONTEXT() REPRESENTATION_CONTEXT('2D SPACE',''
  ) );
#5543 = PCURVE('',#5014,#5544);
#5544 = DEFINITIONAL_REPRESENTATION('',(#5545),#5549);
#5545 = CIRCLE('',#5546,15.);
#5546 = AXIS2_PLACEMENT_2D('',#5547,#5548);
#5547 = CARTESIAN_POINT('',(0.,0.));
#5548 = DIRECTION('',(1.,0.));
#5549 = ( GEOMETRIC_REPRESENTATION_CONTEXT(2) 
PARAMETRIC_REPRESENTATION_CONTEXT() REPRESENTATION_CONTEXT('2D SPACE',''
  ) );
#5550 = ORIENTED_EDGE('',*,*,#5551,.F.);
#5551 = EDGE_CURVE('',#5552,#5528,#5554,.T.);
#5552 = VERTEX_POINT('',#5553);
#5553 = CARTESIAN_POINT('',(-30.49028578943,-22.80983499455,
    3.673940397442E-15));
#5554 = SEAM_CURVE('',#5555,(#5559,#5566),.PCURVE_S1.);
#5555 = LINE('',#5556,#5557);
#5556 = CARTESIAN_POINT('',(-30.49028578943,-22.80983499455,
    3.673940397442E-15));
#5557 = VECTOR('',#5558,1.);
#5558 = DIRECTION('',(-0.500011000363,-0.866019052629,0.));
#5559 = PCURVE('',#1536,#5560);
#5560 = DEFINITIONAL_REPRESENTATION('',(#5561),#5565);
#5561 = LINE('',#5562,#5563);
#5562 = CARTESIAN_POINT('',(6.28318530718,-0.));
#5563 = VECTOR('',#5564,1.);
#5564 = DIRECTION('',(0.,1.));
#5565 = ( GEOMETRIC_REPRESENTATION_CONTEXT(2) 
PARAMETRIC_REPRESENTATION_CONTEXT() REPRESENTATION_CONTEXT('2D SPACE',''
  ) );
#5566 = PCURVE('',#1536,#5567);
#5567 = DEFINITIONAL_REPRESENTATION('',(#5568),#5572);
#5568 = LINE('',#5569,#5570);
#5569 = CARTESIAN_POINT('',(0.,-0.));
#5570 = VECTOR('',#5571,1.);
#5571 = DIRECTION('',(0.,1.));
#5572 = ( GEOMETRIC_REPRESENTATION_CONTEXT(2) 
PARAMETRIC_REPRESENTATION_CONTEXT() REPRESENTATION_CONTEXT('2D SPACE',''
  ) );
#5573 = ORIENTED_EDGE('',*,*,#5574,.T.);
#5574 = EDGE_CURVE('',#5552,#1522,#5575,.T.);
#5575 = SURFACE_CURVE('',#5576,(#5581,#5588),.PCURVE_S1.);
#5576 = CIRCLE('',#5577,15.);
#5577 = AXIS2_PLACEMENT_3D('',#5578,#5579,#5580);
#5578 = CARTESIAN_POINT('',(-17.5,-30.31,0.));
#5579 = DIRECTION('',(-0.500011000363,-0.866019052629,0.));
#5580 = DIRECTION('',(-0.866019052629,0.500011000363,0.));
#5581 = PCURVE('',#1536,#5582);
#5582 = DEFINITIONAL_REPRESENTATION('',(#5583),#5587);
#5583 = LINE('',#5584,#5585);
#5584 = CARTESIAN_POINT('',(0.,0.));
#5585 = VECTOR('',#5586,1.);
#5586 = DIRECTION('',(1.,0.));
#5587 = ( GEOMETRIC_REPRESENTATION_CONTEXT(2) 
PARAMETRIC_REPRESENTATION_CONTEXT() REPRESENTATION_CONTEXT('2D SPACE',''
  ) );
#5588 = PCURVE('',#1562,#5589);
#5589 = DEFINITIONAL_REPRESENTATION('',(#5590),#5594);
#5590 = CIRCLE('',#5591,15.);
#5591 = AXIS2_PLACEMENT_2D('',#5592,#5593);
#5592 = CARTESIAN_POINT('',(0.,0.));
#5593 = DIRECTION('',(1.,0.));
#5594 = ( GEOMETRIC_REPRESENTATION_CONTEXT(2) 
PARAMETRIC_REPRESENTATION_CONTEXT() REPRESENTATION_CONTEXT('2D SPACE',''
  ) );
#5595 = ORIENTED_EDGE('',*,*,#1521,.T.);
#5596 = ORIENTED_EDGE('',*,*,#5502,.T.);
#5597 = ORIENTED_EDGE('',*,*,#1573,.F.);
#5598 = ORIENTED_EDGE('',*,*,#5599,.T.);
#5599 = EDGE_CURVE('',#1548,#3267,#5600,.T.);
#5600 = SURFACE_CURVE('',#5601,(#5606,#5613),.PCURVE_S1.);
#5601 = CIRCLE('',#5602,15.);
#5602 = AXIS2_PLACEMENT_3D('',#5603,#5604,#5605);
#5603 = CARTESIAN_POINT('',(-17.5,-30.31,0.));
#5604 = DIRECTION('',(-0.500011000363,-0.866019052629,0.));
#5605 = DIRECTION('',(-0.866019052629,0.500011000363,0.));
#5606 = PCURVE('',#1536,#5607);
#5607 = DEFINITIONAL_REPRESENTATION('',(#5608),#5612);
#5608 = LINE('',#5609,#5610);
#5609 = CARTESIAN_POINT('',(0.,0.));
#5610 = VECTOR('',#5611,1.);
#5611 = DIRECTION('',(1.,0.));
#5612 = ( GEOMETRIC_REPRESENTATION_CONTEXT(2) 
PARAMETRIC_REPRESENTATION_CONTEXT() REPRESENTATION_CONTEXT('2D SPACE',''
  ) );
#5613 = PCURVE('',#1562,#5614);
#5614 = DEFINITIONAL_REPRESENTATION('',(#5615),#5619);
#5615 = CIRCLE('',#5616,15.);
#5616 = AXIS2_PLACEMENT_2D('',#5617,#5618);
#5617 = CARTESIAN_POINT('',(0.,0.));
#5618 = DIRECTION('',(1.,0.));
#5619 = ( GEOMETRIC_REPRESENTATION_CONTEXT(2) 
PARAMETRIC_REPRESENTATION_CONTEXT() REPRESENTATION_CONTEXT('2D SPACE',''
  ) );
#5620 = ORIENTED_EDGE('',*,*,#3287,.T.);
#5621 = ORIENTED_EDGE('',*,*,#5622,.T.);
#5622 = EDGE_CURVE('',#3288,#3220,#5623,.T.);
#5623 = SURFACE_CURVE('',#5624,(#5629,#5636),.PCURVE_S1.);
#5624 = CIRCLE('',#5625,15.);
#5625 = AXIS2_PLACEMENT_3D('',#5626,#5627,#5628);
#5626 = CARTESIAN_POINT('',(-20.,-34.64,0.));
#5627 = DIRECTION('',(-0.500011000363,-0.866019052629,0.));
#5628 = DIRECTION('',(-0.866019052629,0.500011000363,0.));
#5629 = PCURVE('',#1536,#5630);
#5630 = DEFINITIONAL_REPRESENTATION('',(#5631),#5635);
#5631 = LINE('',#5632,#5633);
#5632 = CARTESIAN_POINT('',(0.,4.99988999879));
#5633 = VECTOR('',#5634,1.);
#5634 = DIRECTION('',(1.,0.));
#5635 = ( GEOMETRIC_REPRESENTATION_CONTEXT(2) 
PARAMETRIC_REPRESENTATION_CONTEXT() REPRESENTATION_CONTEXT('2D SPACE',''
  ) );
#5636 = PCURVE('',#3234,#5637);
#5637 = DEFINITIONAL_REPRESENTATION('',(#5638),#5642);
#5638 = CIRCLE('',#5639,15.);
#5639 = AXIS2_PLACEMENT_2D('',#5640,#5641);
#5640 = CARTESIAN_POINT('',(0.,0.));
#5641 = DIRECTION('',(1.,0.));
#5642 = ( GEOMETRIC_REPRESENTATION_CONTEXT(2) 
PARAMETRIC_REPRESENTATION_CONTEXT() REPRESENTATION_CONTEXT('2D SPACE',''
  ) );
#5643 = ORIENTED_EDGE('',*,*,#3245,.F.);
#5644 = ORIENTED_EDGE('',*,*,#5645,.T.);
#5645 = EDGE_CURVE('',#3246,#5552,#5646,.T.);
#5646 = SURFACE_CURVE('',#5647,(#5652,#5659),.PCURVE_S1.);
#5647 = CIRCLE('',#5648,15.);
#5648 = AXIS2_PLACEMENT_3D('',#5649,#5650,#5651);
#5649 = CARTESIAN_POINT('',(-17.5,-30.31,0.));
#5650 = DIRECTION('',(-0.500011000363,-0.866019052629,0.));
#5651 = DIRECTION('',(-0.866019052629,0.500011000363,0.));
#5652 = PCURVE('',#1536,#5653);
#5653 = DEFINITIONAL_REPRESENTATION('',(#5654),#5658);
#5654 = LINE('',#5655,#5656);
#5655 = CARTESIAN_POINT('',(0.,0.));
#5656 = VECTOR('',#5657,1.);
#5657 = DIRECTION('',(1.,0.));
#5658 = ( GEOMETRIC_REPRESENTATION_CONTEXT(2) 
PARAMETRIC_REPRESENTATION_CONTEXT() REPRESENTATION_CONTEXT('2D SPACE',''
  ) );
#5659 = PCURVE('',#1562,#5660);
#5660 = DEFINITIONAL_REPRESENTATION('',(#5661),#5665);
#5661 = CIRCLE('',#5662,15.);
#5662 = AXIS2_PLACEMENT_2D('',#5663,#5664);
#5663 = CARTESIAN_POINT('',(0.,0.));
#5664 = DIRECTION('',(1.,0.));
#5665 = ( GEOMETRIC_REPRESENTATION_CONTEXT(2) 
PARAMETRIC_REPRESENTATION_CONTEXT() REPRESENTATION_CONTEXT('2D SPACE',''
  ) );
#5666 = ORIENTED_EDGE('',*,*,#5551,.T.);
#5667 = FACE_BOUND('',#5668,.F.);
#5668 = EDGE_LOOP('',(#5669));
#5669 = ORIENTED_EDGE('',*,*,#5670,.F.);
#5670 = EDGE_CURVE('',#5671,#5671,#5673,.T.);
#5671 = VERTEX_POINT('',#5672);
#5672 = CARTESIAN_POINT('',(-32.9,-60.62,14.889343454704));
#5673 = SURFACE_CURVE('',#5674,(#5733,#5795),.PCURVE_S1.);
#5674 = B_SPLINE_CURVE_WITH_KNOTS('',8,(#5675,#5676,#5677,#5678,#5679,
    #5680,#5681,#5682,#5683,#5684,#5685,#5686,#5687,#5688,#5689,#5690,
    #5691,#5692,#5693,#5694,#5695,#5696,#5697,#5698,#5699,#5700,#5701,
    #5702,#5703,#5704,#5705,#5706,#5707,#5708,#5709,#5710,#5711,#5712,
    #5713,#5714,#5715,#5716,#5717,#5718,#5719,#5720,#5721,#5722,#5723,
    #5724,#5725,#5726,#5727,#5728,#5729,#5730,#5731,#5732),
  .UNSPECIFIED.,.T.,.F.,(9,7,7,7,7,7,7,7,9),(0.,0.125059441933,
    0.238114567454,0.336941385663,0.430007013221,0.579172396429,
    0.700444122578,0.839204748703,1.),.UNSPECIFIED.);
#5675 = CARTESIAN_POINT('',(-32.9,-60.62,14.889343454704));
#5676 = CARTESIAN_POINT('',(-32.9,-60.42864619552,14.901030045936));
#5677 = CARTESIAN_POINT('',(-32.9199268689,-60.23131071163,
    14.914476550018));
#5678 = CARTESIAN_POINT('',(-32.9619628112,-60.03034676932,
    14.92924469884));
#5679 = CARTESIAN_POINT('',(-33.02806569168,-59.82857605287,
    14.944659174103));
#5680 = CARTESIAN_POINT('',(-33.11994810749,-59.62931220007,
    14.959813930346));
#5681 = CARTESIAN_POINT('',(-33.23903598797,-59.43642795646,
    14.97360213709));
#5682 = CARTESIAN_POINT('',(-33.38637475508,-59.254512555,
    14.984812370564));
#5683 = CARTESIAN_POINT('',(-33.72162603011,-58.93969065259,
    14.999133037816));
#5684 = CARTESIAN_POINT('',(-33.90068148795,-58.80714214585,
    15.002763096333));
#5685 = CARTESIAN_POINT('',(-34.09623046769,-58.69635671142,
    15.002566064561));
#5686 = CARTESIAN_POINT('',(-34.30351578235,-58.61068366809,
    14.998309592064));
#5687 = CARTESIAN_POINT('',(-34.51685906655,-58.55182550494,
    14.990392139838));
#5688 = CARTESIAN_POINT('',(-34.73012038059,-58.51963251664,
    14.979742375801));
#5689 = CARTESIAN_POINT('',(-34.9371057617,-58.51189096647,
    14.967543439205));
#5690 = CARTESIAN_POINT('',(-35.30210403713,-58.53485471152,
    14.943871973792));
#5691 = CARTESIAN_POINT('',(-35.46622367551,-58.56104695734,
    14.932292489607));
#5692 = CARTESIAN_POINT('',(-35.62329790708,-58.60098993129,
    14.920664631585));
#5693 = CARTESIAN_POINT('',(-35.77270497849,-58.65317390043,
    14.909397781797));
#5694 = CARTESIAN_POINT('',(-35.91403094102,-58.71628666016,
    14.898820600266));
#5695 = CARTESIAN_POINT('',(-36.04699694581,-58.78919467724,
    14.889186338083));
#5696 = CARTESIAN_POINT('',(-36.17140537557,-58.87092879121,
    14.880683396372));
#5697 = CARTESIAN_POINT('',(-36.39605945592,-59.04518835841,
    14.866640476678));
#5698 = CARTESIAN_POINT('',(-36.4973524034,-59.13685474542,
    14.860952592094));
#5699 = CARTESIAN_POINT('',(-36.59085636667,-59.23502044792,
    14.856504352346));
#5700 = CARTESIAN_POINT('',(-36.67643954829,-59.33913092924,
    14.853375279995));
#5701 = CARTESIAN_POINT('',(-36.75395024833,-59.44870871819,
    14.851613596445));
#5702 = CARTESIAN_POINT('',(-36.82320124308,-59.56333249414,
    14.85123983835));
#5703 = CARTESIAN_POINT('',(-36.88395393607,-59.68261684216,
    14.852248039147));
#5704 = CARTESIAN_POINT('',(-37.01916497498,-60.00425975652,
    14.858381367045));
#5705 = CARTESIAN_POINT('',(-37.07975664642,-60.21322605542,
    14.865619084169));
#5706 = CARTESIAN_POINT('',(-37.11653855491,-60.43170905243,
    14.876175682661));
#5707 = CARTESIAN_POINT('',(-37.12772215923,-60.65826152777,
    14.889731305695));
#5708 = CARTESIAN_POINT('',(-37.1109262741,-60.89097262593,
    14.905750579979));
#5709 = CARTESIAN_POINT('',(-37.0632124862,-61.12719663164,
    14.923363906735));
#5710 = CARTESIAN_POINT('',(-36.98115984886,-61.36312260678,
    14.941266651214));
#5711 = CARTESIAN_POINT('',(-36.76338211815,-61.77970587267,
    14.971124222022));
#5712 = CARTESIAN_POINT('',(-36.63826075778,-61.96685267103,
    14.983881227466));
#5713 = CARTESIAN_POINT('',(-36.48481868438,-62.14468296923,
    14.994560833335));
#5714 = CARTESIAN_POINT('',(-36.30510735663,-62.30499231412,
    15.001688607001));
#5715 = CARTESIAN_POINT('',(-36.10363711594,-62.44124722671,
    15.004187027278));
#5716 = CARTESIAN_POINT('',(-35.88667910305,-62.54899075255,
    15.001884165347));
#5717 = CARTESIAN_POINT('',(-35.66167745679,-62.62626837628,
    14.995431058231));
#5718 = CARTESIAN_POINT('',(-35.17915070411,-62.72883900981,
    14.97511489462));
#5719 = CARTESIAN_POINT('',(-34.92601547309,-62.74409298564,
    14.960502319346));
#5720 = CARTESIAN_POINT('',(-34.68252341425,-62.72513100036,
    14.943765600802));
#5721 = CARTESIAN_POINT('',(-34.45206580814,-62.67668027727,
    14.926486564589));
#5722 = CARTESIAN_POINT('',(-34.23691273947,-62.6029788352,
    14.909934893147));
#5723 = CARTESIAN_POINT('',(-34.03856841137,-62.50779460026,
    14.895028552791));
#5724 = CARTESIAN_POINT('',(-33.85794703777,-62.39443577364,
    14.882388898776));
#5725 = CARTESIAN_POINT('',(-33.50749572072,-62.11667873029,
    14.860777178934));
#5726 = CARTESIAN_POINT('',(-33.34287104194,-61.94619238652,
    14.852641249728));
#5727 = CARTESIAN_POINT('',(-33.20220596638,-61.75767349995,
    14.848550792274));
#5728 = CARTESIAN_POINT('',(-33.0861796846,-61.5535075159,
    14.848763758352));
#5729 = CARTESIAN_POINT('',(-32.99590947699,-61.33566162046,
    14.853305913639));
#5730 = CARTESIAN_POINT('',(-32.93306617613,-61.10598080508,
    14.861977419746));
#5731 = CARTESIAN_POINT('',(-32.9,-60.86649396517,14.874289276817));
#5732 = CARTESIAN_POINT('',(-32.9,-60.62,14.889343454704));
#5733 = PCURVE('',#1536,#5734);
#5734 = DEFINITIONAL_REPRESENTATION('',(#5735),#5794);
#5735 = B_SPLINE_CURVE_WITH_KNOTS('',8,(#5736,#5737,#5738,#5739,#5740,
    #5741,#5742,#5743,#5744,#5745,#5746,#5747,#5748,#5749,#5750,#5751,
    #5752,#5753,#5754,#5755,#5756,#5757,#5758,#5759,#5760,#5761,#5762,
    #5763,#5764,#5765,#5766,#5767,#5768,#5769,#5770,#5771,#5772,#5773,
    #5774,#5775,#5776,#5777,#5778,#5779,#5780,#5781,#5782,#5783,#5784,
    #5785,#5786,#5787,#5788,#5789,#5790,#5791,#5792,#5793),
  .UNSPECIFIED.,.T.,.F.,(9,7,7,7,7,7,7,7,9),(0.,0.125059441933,
    0.238114567454,0.336941385663,0.430007013221,0.579172396429,
    0.700444122578,0.839204748703,1.),.UNSPECIFIED.);
#5736 = CARTESIAN_POINT('',(4.59084729058,33.949206890767));
#5737 = CARTESIAN_POINT('',(4.597273296367,33.783490850295));
#5738 = CARTESIAN_POINT('',(4.605053437523,33.622558215146));
#5739 = CARTESIAN_POINT('',(4.614231742458,33.469538045775));
#5740 = CARTESIAN_POINT('',(4.624822788373,33.32785292846));
#5741 = CARTESIAN_POINT('',(4.636810195511,33.20122885408));
#5742 = CARTESIAN_POINT('',(4.650143787383,33.093732674415));
#5743 = CARTESIAN_POINT('',(4.664730752447,33.009861475116));
#5744 = CARTESIAN_POINT('',(4.694595909889,32.904849034848));
#5745 = CARTESIAN_POINT('',(4.70935219437,32.879589201212));
#5746 = CARTESIAN_POINT('',(4.724331281336,32.881423545214));
#5747 = CARTESIAN_POINT('',(4.739152595345,32.910873994939));
#5748 = CARTESIAN_POINT('',(4.753437664119,32.966575693208));
#5749 = CARTESIAN_POINT('',(4.766840128913,33.045328954941));
#5750 = CARTESIAN_POINT('',(4.779074705299,33.14211959247));
#5751 = CARTESIAN_POINT('',(4.799443485602,33.344509786031));
#5752 = CARTESIAN_POINT('',(4.808079725524,33.449254394509));
#5753 = CARTESIAN_POINT('',(4.815854993414,33.562384614623));
#5754 = CARTESIAN_POINT('',(4.822781860299,33.682282105383));
#5755 = CARTESIAN_POINT('',(4.82887814106,33.807603493673));
#5756 = CARTESIAN_POINT('',(4.83416363222,33.937227690626));
#5757 = CARTESIAN_POINT('',(4.838657639183,34.070216573988));
#5758 = CARTESIAN_POINT('',(4.845880106408,34.333458190736));
#5759 = CARTESIAN_POINT('',(4.848698194187,34.46349061638));
#5760 = CARTESIAN_POINT('',(4.850844912848,34.595256995267));
#5761 = CARTESIAN_POINT('',(4.8523303204,34.728211187921));
#5762 = CARTESIAN_POINT('',(4.853161042156,34.861863843561));
#5763 = CARTESIAN_POINT('',(4.853340083818,34.995756476582));
#5764 = CARTESIAN_POINT('',(4.852866591773,35.129436009446));
#5765 = CARTESIAN_POINT('',(4.84992274634,35.475591908251));
#5766 = CARTESIAN_POINT('',(4.846421872623,35.686857206708));
#5767 = CARTESIAN_POINT('',(4.841214799453,35.894459003646));
#5768 = CARTESIAN_POINT('',(4.834249866893,36.096249688902));
#5769 = CARTESIAN_POINT('',(4.82545858264,36.289383806342));
#5770 = CARTESIAN_POINT('',(4.814766603431,36.470100877148));
#5771 = CARTESIAN_POINT('',(4.802110933988,36.633390045353));
#5772 = CARTESIAN_POINT('',(4.77557644375,36.885267829634));
#5773 = CARTESIAN_POINT('',(4.76208838575,36.984778466082));
#5774 = CARTESIAN_POINT('',(4.747287322142,37.062060167842));
#5775 = CARTESIAN_POINT('',(4.731566138546,37.111033474067));
#5776 = CARTESIAN_POINT('',(4.715397977188,37.128295487791));
#5777 = CARTESIAN_POINT('',(4.699284136325,37.11312204091));
#5778 = CARTESIAN_POINT('',(4.683713745483,37.067542637166));
#5779 = CARTESIAN_POINT('',(4.652406847155,36.915102075738));
#5780 = CARTESIAN_POINT('',(4.637255732285,36.801741909343));
#5781 = CARTESIAN_POINT('',(4.623787042668,36.663571760894));
#5782 = CARTESIAN_POINT('',(4.612042168911,36.506381173413));
#5783 = CARTESIAN_POINT('',(4.602017095996,36.334975419272));
#5784 = CARTESIAN_POINT('',(4.593679557589,36.153369712401));
#5785 = CARTESIAN_POINT('',(4.586977042395,35.964886135059));
#5786 = CARTESIAN_POINT('',(4.575908473423,35.549113729904));
#5787 = CARTESIAN_POINT('',(4.572048840093,35.319155157657));
#5788 = CARTESIAN_POINT('',(4.570191540362,35.085560124963));
#5789 = CARTESIAN_POINT('',(4.57029936726,34.850734075659));
#5790 = CARTESIAN_POINT('',(4.572371675101,34.616939282861));
#5791 = CARTESIAN_POINT('',(4.576440861259,34.386608978986));
#5792 = CARTESIAN_POINT('',(4.582569578773,34.162675360966));
#5793 = CARTESIAN_POINT('',(4.59084729058,33.949206890767));
#5794 = ( GEOMETRIC_REPRESENTATION_CONTEXT(2) 
PARAMETRIC_REPRESENTATION_CONTEXT() REPRESENTATION_CONTEXT('2D SPACE',''
  ) );
#5795 = PCURVE('',#5234,#5796);
#5796 = DEFINITIONAL_REPRESENTATION('',(#5797),#5856);
#5797 = B_SPLINE_CURVE_WITH_KNOTS('',8,(#5798,#5799,#5800,#5801,#5802,
    #5803,#5804,#5805,#5806,#5807,#5808,#5809,#5810,#5811,#5812,#5813,
    #5814,#5815,#5816,#5817,#5818,#5819,#5820,#5821,#5822,#5823,#5824,
    #5825,#5826,#5827,#5828,#5829,#5830,#5831,#5832,#5833,#5834,#5835,
    #5836,#5837,#5838,#5839,#5840,#5841,#5842,#5843,#5844,#5845,#5846,
    #5847,#5848,#5849,#5850,#5851,#5852,#5853,#5854,#5855),
  .UNSPECIFIED.,.F.,.F.,(9,7,7,7,7,7,7,7,9),(0.,0.125059441933,
    0.238114567454,0.336941385663,0.430007013221,0.579172396429,
    0.700444122578,0.839204748703,1.),.UNSPECIFIED.);
#5798 = CARTESIAN_POINT('',(8.881784197001E-16,34.889343454704));
#5799 = CARTESIAN_POINT('',(9.11208592762E-02,34.901030045936));
#5800 = CARTESIAN_POINT('',(0.185089744513,34.914476550018));
#5801 = CARTESIAN_POINT('',(0.281941219502,34.92924469884));
#5802 = CARTESIAN_POINT('',(0.38178176607,34.944659174103));
#5803 = CARTESIAN_POINT('',(0.484817551636,34.959813930346));
#5804 = CARTESIAN_POINT('',(0.591348619789,34.97360213709));
#5805 = CARTESIAN_POINT('',(0.701794232171,34.984812370564));
#5806 = CARTESIAN_POINT('',(0.920793319776,34.999133037816));
#5807 = CARTESIAN_POINT('',(1.026155615689,35.002763096333));
#5808 = CARTESIAN_POINT('',(1.131863678739,35.002566064561));
#5809 = CARTESIAN_POINT('',(1.237074255867,34.998309592064));
#5810 = CARTESIAN_POINT('',(1.340955123884,34.990392139838));
#5811 = CARTESIAN_POINT('',(1.442565691537,34.979742375801));
#5812 = CARTESIAN_POINT('',(1.540704659712,34.967543439205));
#5813 = CARTESIAN_POINT('',(1.714857012186,34.943871973792));
#5814 = CARTESIAN_POINT('',(1.793638645439,34.932292489607));
#5815 = CARTESIAN_POINT('',(1.87029794932,34.920664631585));
#5816 = CARTESIAN_POINT('',(1.945108648016,34.909397781797));
#5817 = CARTESIAN_POINT('',(2.018313259423,34.898820600266));
#5818 = CARTESIAN_POINT('',(2.090138191721,34.889186338083));
#5819 = CARTESIAN_POINT('',(2.1608039973,34.880683396372));
#5820 = CARTESIAN_POINT('',(2.296192790414,34.866640476678));
#5821 = CARTESIAN_POINT('',(2.361059624293,34.860952592094));
#5822 = CARTESIAN_POINT('',(2.425323579882,34.856504352346));
#5823 = CARTESIAN_POINT('',(2.489161779442,34.853375279995));
#5824 = CARTESIAN_POINT('',(2.552743540634,34.851613596445));
#5825 = CARTESIAN_POINT('',(2.61623645337,34.85123983835));
#5826 = CARTESIAN_POINT('',(2.679811166158,34.852248039147));
#5827 = CARTESIAN_POINT('',(2.845957421293,34.858381367045));
#5828 = CARTESIAN_POINT('',(2.948870322916,34.865619084169));
#5829 = CARTESIAN_POINT('',(3.053201654584,34.876175682661));
#5830 = CARTESIAN_POINT('',(3.159691057977,34.889731305695));
#5831 = CARTESIAN_POINT('',(3.269082415059,34.905750579979));
#5832 = CARTESIAN_POINT('',(3.382160209475,34.923363906735));
#5833 = CARTESIAN_POINT('',(3.499824675234,34.941266651214));
#5834 = CARTESIAN_POINT('',(3.723669027854,34.971124222022));
#5835 = CARTESIAN_POINT('',(3.830249248499,34.983881227466));
#5836 = CARTESIAN_POINT('',(3.940685578847,34.994560833335));
#5837 = CARTESIAN_POINT('',(4.053410694303,35.001688607001));
#5838 = CARTESIAN_POINT('',(4.167202724196,35.004187027278));
#5839 = CARTESIAN_POINT('',(4.280928466167,35.001884165347));
#5840 = CARTESIAN_POINT('',(4.39338205753,34.995431058231));
#5841 = CARTESIAN_POINT('',(4.628290638153,34.97511489462));
#5842 = CARTESIAN_POINT('',(4.747708049333,34.960502319346));
#5843 = CARTESIAN_POINT('',(4.862242423464,34.943765600802));
#5844 = CARTESIAN_POINT('',(4.972608504776,34.926486564589));
#5845 = CARTESIAN_POINT('',(5.079370490373,34.909934893147));
#5846 = CARTESIAN_POINT('',(5.183009364955,34.895028552791));
#5847 = CARTESIAN_POINT('',(5.283944266653,34.882388898776));
#5848 = CARTESIAN_POINT('',(5.496884540582,34.860777178934));
#5849 = CARTESIAN_POINT('',(5.608747459588,34.852641249728));
#5850 = CARTESIAN_POINT('',(5.719277684845,34.848550792274));
#5851 = CARTESIAN_POINT('',(5.829386708022,34.848763758352));
#5852 = CARTESIAN_POINT('',(5.93993072698,34.853305913639));
#5853 = CARTESIAN_POINT('',(6.051765670247,34.861977419746));
#5854 = CARTESIAN_POINT('',(6.165807228525,34.874289276817));
#5855 = CARTESIAN_POINT('',(6.28318530718,34.889343454704));
#5856 = ( GEOMETRIC_REPRESENTATION_CONTEXT(2) 
PARAMETRIC_REPRESENTATION_CONTEXT() REPRESENTATION_CONTEXT('2D SPACE',''
  ) );
#5857 = FACE_BOUND('',#5858,.F.);
#5858 = EDGE_LOOP('',(#5859));
#5859 = ORIENTED_EDGE('',*,*,#5860,.T.);
#5860 = EDGE_CURVE('',#5861,#5861,#5863,.T.);
#5861 = VERTEX_POINT('',#5862);
#5862 = CARTESIAN_POINT('',(-32.9,-60.62,-14.8893434547));
#5863 = SURFACE_CURVE('',#5864,(#5923,#5985),.PCURVE_S1.);
#5864 = B_SPLINE_CURVE_WITH_KNOTS('',8,(#5865,#5866,#5867,#5868,#5869,
    #5870,#5871,#5872,#5873,#5874,#5875,#5876,#5877,#5878,#5879,#5880,
    #5881,#5882,#5883,#5884,#5885,#5886,#5887,#5888,#5889,#5890,#5891,
    #5892,#5893,#5894,#5895,#5896,#5897,#5898,#5899,#5900,#5901,#5902,
    #5903,#5904,#5905,#5906,#5907,#5908,#5909,#5910,#5911,#5912,#5913,
    #5914,#5915,#5916,#5917,#5918,#5919,#5920,#5921,#5922),
  .UNSPECIFIED.,.T.,.F.,(9,7,7,7,7,7,7,7,9),(0.,0.125059441871,
    0.2381145674,0.336941385616,0.43000701318,0.579172396399,
    0.700444122556,0.839204748691,1.),.UNSPECIFIED.);
#5865 = CARTESIAN_POINT('',(-32.9,-60.62,-14.8893434547));
#5866 = CARTESIAN_POINT('',(-32.9,-60.42864619537,-14.90103004594));
#5867 = CARTESIAN_POINT('',(-32.91992686893,-60.23131071159,
    -14.91447655002));
#5868 = CARTESIAN_POINT('',(-32.9619628112,-60.03034676941,
    -14.92924469883));
#5869 = CARTESIAN_POINT('',(-33.02806569163,-59.82857605299,
    -14.94465917409));
#5870 = CARTESIAN_POINT('',(-33.11994810744,-59.62931220011,
    -14.95981393034));
#5871 = CARTESIAN_POINT('',(-33.23903598799,-59.43642795639,
    -14.97360213709));
#5872 = CARTESIAN_POINT('',(-33.38637475518,-59.2545125549,
    -14.98481237056));
#5873 = CARTESIAN_POINT('',(-33.72162603011,-58.93969065259,
    -14.99913303781));
#5874 = CARTESIAN_POINT('',(-33.90068148795,-58.80714214585,
    -15.00276309633));
#5875 = CARTESIAN_POINT('',(-34.09623046769,-58.69635671142,
    -15.00256606456));
#5876 = CARTESIAN_POINT('',(-34.30351578235,-58.61068366809,
    -14.99830959206));
#5877 = CARTESIAN_POINT('',(-34.51685906655,-58.55182550494,
    -14.99039213983));
#5878 = CARTESIAN_POINT('',(-34.73012038059,-58.51963251664,
    -14.9797423758));
#5879 = CARTESIAN_POINT('',(-34.9371057617,-58.51189096647,
    -14.9675434392));
#5880 = CARTESIAN_POINT('',(-35.30210403713,-58.53485471152,
    -14.94387197379));
#5881 = CARTESIAN_POINT('',(-35.46622367551,-58.56104695734,
    -14.9322924896));
#5882 = CARTESIAN_POINT('',(-35.62329790708,-58.60098993129,
    -14.92066463158));
#5883 = CARTESIAN_POINT('',(-35.77270497849,-58.65317390043,
    -14.90939778179));
#5884 = CARTESIAN_POINT('',(-35.91403094102,-58.71628666016,
    -14.89882060026));
#5885 = CARTESIAN_POINT('',(-36.04699694581,-58.78919467724,
    -14.88918633808));
#5886 = CARTESIAN_POINT('',(-36.17140537557,-58.87092879121,
    -14.88068339637));
#5887 = CARTESIAN_POINT('',(-36.39605945592,-59.04518835841,
    -14.86664047667));
#5888 = CARTESIAN_POINT('',(-36.4973524034,-59.13685474542,
    -14.86095259209));
#5889 = CARTESIAN_POINT('',(-36.59085636667,-59.23502044792,
    -14.85650435234));
#5890 = CARTESIAN_POINT('',(-36.67643954829,-59.33913092924,
    -14.85337527999));
#5891 = CARTESIAN_POINT('',(-36.75395024833,-59.44870871819,
    -14.85161359644));
#5892 = CARTESIAN_POINT('',(-36.82320124308,-59.56333249414,
    -14.85123983835));
#5893 = CARTESIAN_POINT('',(-36.88395393607,-59.68261684216,
    -14.85224803914));
#5894 = CARTESIAN_POINT('',(-37.01916497498,-60.00425975652,
    -14.85838136704));
#5895 = CARTESIAN_POINT('',(-37.07975664642,-60.21322605542,
    -14.86561908416));
#5896 = CARTESIAN_POINT('',(-37.11653855491,-60.43170905243,
    -14.87617568266));
#5897 = CARTESIAN_POINT('',(-37.12772215923,-60.65826152777,
    -14.88973130569));
#5898 = CARTESIAN_POINT('',(-37.1109262741,-60.89097262593,
    -14.90575057997));
#5899 = CARTESIAN_POINT('',(-37.0632124862,-61.12719663164,
    -14.92336390673));
#5900 = CARTESIAN_POINT('',(-36.98115984886,-61.36312260678,
    -14.94126665121));
#5901 = CARTESIAN_POINT('',(-36.76338211815,-61.77970587267,
    -14.97112422202));
#5902 = CARTESIAN_POINT('',(-36.63826075778,-61.96685267103,
    -14.98388122746));
#5903 = CARTESIAN_POINT('',(-36.48481868438,-62.14468296923,
    -14.99456083333));
#5904 = CARTESIAN_POINT('',(-36.30510735663,-62.30499231412,
    -15.001688607));
#5905 = CARTESIAN_POINT('',(-36.10363711594,-62.44124722671,
    -15.00418702727));
#5906 = CARTESIAN_POINT('',(-35.88667910305,-62.54899075255,
    -15.00188416534));
#5907 = CARTESIAN_POINT('',(-35.66167745679,-62.62626837628,
    -14.99543105823));
#5908 = CARTESIAN_POINT('',(-35.17915070411,-62.72883900981,
    -14.97511489462));
#5909 = CARTESIAN_POINT('',(-34.92601547309,-62.74409298564,
    -14.96050231934));
#5910 = CARTESIAN_POINT('',(-34.68252341425,-62.72513100036,
    -14.9437656008));
#5911 = CARTESIAN_POINT('',(-34.45206580814,-62.67668027727,
    -14.92648656458));
#5912 = CARTESIAN_POINT('',(-34.23691273947,-62.6029788352,
    -14.90993489314));
#5913 = CARTESIAN_POINT('',(-34.03856841137,-62.50779460026,
    -14.89502855279));
#5914 = CARTESIAN_POINT('',(-33.85794703777,-62.39443577364,
    -14.88238889877));
#5915 = CARTESIAN_POINT('',(-33.50749572072,-62.11667873029,
    -14.86077717893));
#5916 = CARTESIAN_POINT('',(-33.34287104194,-61.94619238652,
    -14.85264124972));
#5917 = CARTESIAN_POINT('',(-33.20220596638,-61.75767349995,
    -14.84855079227));
#5918 = CARTESIAN_POINT('',(-33.0861796846,-61.5535075159,
    -14.84876375835));
#5919 = CARTESIAN_POINT('',(-32.99590947699,-61.33566162046,
    -14.85330591363));
#5920 = CARTESIAN_POINT('',(-32.93306617612,-61.10598080508,
    -14.86197741974));
#5921 = CARTESIAN_POINT('',(-32.9,-60.86649396517,-14.87428927681));
#5922 = CARTESIAN_POINT('',(-32.9,-60.62,-14.8893434547));
#5923 = PCURVE('',#1536,#5924);
#5924 = DEFINITIONAL_REPRESENTATION('',(#5925),#5984);
#5925 = B_SPLINE_CURVE_WITH_KNOTS('',8,(#5926,#5927,#5928,#5929,#5930,
    #5931,#5932,#5933,#5934,#5935,#5936,#5937,#5938,#5939,#5940,#5941,
    #5942,#5943,#5944,#5945,#5946,#5947,#5948,#5949,#5950,#5951,#5952,
    #5953,#5954,#5955,#5956,#5957,#5958,#5959,#5960,#5961,#5962,#5963,
    #5964,#5965,#5966,#5967,#5968,#5969,#5970,#5971,#5972,#5973,#5974,
    #5975,#5976,#5977,#5978,#5979,#5980,#5981,#5982,#5983),
  .UNSPECIFIED.,.T.,.F.,(9,7,7,7,7,7,7,7,9),(0.,0.125059441871,
    0.2381145674,0.336941385616,0.43000701318,0.579172396399,
    0.700444122556,0.839204748691,1.),.UNSPECIFIED.);
#5926 = CARTESIAN_POINT('',(1.6923380166,33.949206890767));
#5927 = CARTESIAN_POINT('',(1.685912010808,33.783490850172));
#5928 = CARTESIAN_POINT('',(1.678131869654,33.622558215128));
#5929 = CARTESIAN_POINT('',(1.668953564724,33.469538045853));
#5930 = CARTESIAN_POINT('',(1.658362518814,33.327852928537));
#5931 = CARTESIAN_POINT('',(1.646375111673,33.201228854088));
#5932 = CARTESIAN_POINT('',(1.633041519793,33.093732674366));
#5933 = CARTESIAN_POINT('',(1.618454554724,33.009861475085));
#5934 = CARTESIAN_POINT('',(1.58858939729,32.904849034848));
#5935 = CARTESIAN_POINT('',(1.57383311281,32.879589201212));
#5936 = CARTESIAN_POINT('',(1.558854025844,32.881423545214));
#5937 = CARTESIAN_POINT('',(1.544032711835,32.910873994939));
#5938 = CARTESIAN_POINT('',(1.529747643061,32.966575693208));
#5939 = CARTESIAN_POINT('',(1.516345178266,33.045328954941));
#5940 = CARTESIAN_POINT('',(1.504110601881,33.14211959247));
#5941 = CARTESIAN_POINT('',(1.483741821578,33.344509786032));
#5942 = CARTESIAN_POINT('',(1.475105581656,33.449254394509));
#5943 = CARTESIAN_POINT('',(1.467330313766,33.562384614623));
#5944 = CARTESIAN_POINT('',(1.460403446881,33.682282105383));
#5945 = CARTESIAN_POINT('',(1.45430716612,33.807603493673));
#5946 = CARTESIAN_POINT('',(1.44902167496,33.937227690626));
#5947 = CARTESIAN_POINT('',(1.444527667997,34.070216573988));
#5948 = CARTESIAN_POINT('',(1.437305200772,34.333458190736));
#5949 = CARTESIAN_POINT('',(1.434487112992,34.46349061638));
#5950 = CARTESIAN_POINT('',(1.432340394331,34.595256995267));
#5951 = CARTESIAN_POINT('',(1.430854986779,34.728211187921));
#5952 = CARTESIAN_POINT('',(1.430024265023,34.861863843561));
#5953 = CARTESIAN_POINT('',(1.429845223362,34.995756476582));
#5954 = CARTESIAN_POINT('',(1.430318715407,35.129436009446));
#5955 = CARTESIAN_POINT('',(1.43326256084,35.47559190825));
#5956 = CARTESIAN_POINT('',(1.436763434557,35.686857206708));
#5957 = CARTESIAN_POINT('',(1.441970507726,35.894459003646));
#5958 = CARTESIAN_POINT('',(1.448935440287,36.096249688902));
#5959 = CARTESIAN_POINT('',(1.45772672454,36.289383806342));
#5960 = CARTESIAN_POINT('',(1.468418703749,36.470100877148));
#5961 = CARTESIAN_POINT('',(1.481074373191,36.633390045353));
#5962 = CARTESIAN_POINT('',(1.507608863429,36.885267829634));
#5963 = CARTESIAN_POINT('',(1.52109692143,36.984778466081));
#5964 = CARTESIAN_POINT('',(1.535897985038,37.062060167844));
#5965 = CARTESIAN_POINT('',(1.551619168634,37.111033474065));
#5966 = CARTESIAN_POINT('',(1.567787329992,37.128295487793));
#5967 = CARTESIAN_POINT('',(1.583901170855,37.113122040909));
#5968 = CARTESIAN_POINT('',(1.599471561697,37.067542637166));
#5969 = CARTESIAN_POINT('',(1.630778460024,36.915102075738));
#5970 = CARTESIAN_POINT('',(1.645929574894,36.801741909343));
#5971 = CARTESIAN_POINT('',(1.659398264511,36.663571760895));
#5972 = CARTESIAN_POINT('',(1.671143138269,36.506381173413));
#5973 = CARTESIAN_POINT('',(1.681168211183,36.334975419272));
#5974 = CARTESIAN_POINT('',(1.689505749591,36.153369712401));
#5975 = CARTESIAN_POINT('',(1.696208264784,35.964886135059));
#5976 = CARTESIAN_POINT('',(1.707276833757,35.549113729903));
#5977 = CARTESIAN_POINT('',(1.711136467086,35.319155157659));
#5978 = CARTESIAN_POINT('',(1.712993766818,35.085560124964));
#5979 = CARTESIAN_POINT('',(1.71288593992,34.850734075658));
#5980 = CARTESIAN_POINT('',(1.710813632079,34.61693928286));
#5981 = CARTESIAN_POINT('',(1.706744445921,34.386608978987));
#5982 = CARTESIAN_POINT('',(1.700615728406,34.162675360966));
#5983 = CARTESIAN_POINT('',(1.6923380166,33.949206890767));
#5984 = ( GEOMETRIC_REPRESENTATION_CONTEXT(2) 
PARAMETRIC_REPRESENTATION_CONTEXT() REPRESENTATION_CONTEXT('2D SPACE',''
  ) );
#5985 = PCURVE('',#5429,#5986);
#5986 = DEFINITIONAL_REPRESENTATION('',(#5987),#6046);
#5987 = B_SPLINE_CURVE_WITH_KNOTS('',8,(#5988,#5989,#5990,#5991,#5992,
    #5993,#5994,#5995,#5996,#5997,#5998,#5999,#6000,#6001,#6002,#6003,
    #6004,#6005,#6006,#6007,#6008,#6009,#6010,#6011,#6012,#6013,#6014,
    #6015,#6016,#6017,#6018,#6019,#6020,#6021,#6022,#6023,#6024,#6025,
    #6026,#6027,#6028,#6029,#6030,#6031,#6032,#6033,#6034,#6035,#6036,
    #6037,#6038,#6039,#6040,#6041,#6042,#6043,#6044,#6045),
  .UNSPECIFIED.,.F.,.F.,(9,7,7,7,7,7,7,7,9),(0.,0.125059441871,
    0.2381145674,0.336941385616,0.43000701318,0.579172396399,
    0.700444122556,0.839204748691,1.),.UNSPECIFIED.);
#5988 = CARTESIAN_POINT('',(8.881784197001E-16,5.110656545296));
#5989 = CARTESIAN_POINT('',(9.112085934353E-02,5.098969954056));
#5990 = CARTESIAN_POINT('',(0.185089744531,5.085523449977));
#5991 = CARTESIAN_POINT('',(0.281941219462,5.070755301166));
#5992 = CARTESIAN_POINT('',(0.381781766012,5.055340825907));
#5993 = CARTESIAN_POINT('',(0.484817551608,5.040186069656));
#5994 = CARTESIAN_POINT('',(0.591348619818,5.026397862903));
#5995 = CARTESIAN_POINT('',(0.701794232236,5.015187629431));
#5996 = CARTESIAN_POINT('',(0.920793319776,5.000866962184));
#5997 = CARTESIAN_POINT('',(1.026155615688,4.997236903667));
#5998 = CARTESIAN_POINT('',(1.131863678739,4.997433935439));
#5999 = CARTESIAN_POINT('',(1.237074255867,5.001690407936));
#6000 = CARTESIAN_POINT('',(1.340955123884,5.009607860162));
#6001 = CARTESIAN_POINT('',(1.442565691537,5.020257624199));
#6002 = CARTESIAN_POINT('',(1.540704659712,5.032456560795));
#6003 = CARTESIAN_POINT('',(1.714857012186,5.056128026208));
#6004 = CARTESIAN_POINT('',(1.793638645439,5.067707510393));
#6005 = CARTESIAN_POINT('',(1.87029794932,5.079335368415));
#6006 = CARTESIAN_POINT('',(1.945108648016,5.090602218203));
#6007 = CARTESIAN_POINT('',(2.018313259423,5.101179399734));
#6008 = CARTESIAN_POINT('',(2.090138191721,5.110813661917));
#6009 = CARTESIAN_POINT('',(2.1608039973,5.119316603628));
#6010 = CARTESIAN_POINT('',(2.296192790414,5.133359523322));
#6011 = CARTESIAN_POINT('',(2.361059624293,5.139047407906));
#6012 = CARTESIAN_POINT('',(2.425323579882,5.143495647654));
#6013 = CARTESIAN_POINT('',(2.489161779442,5.146624720005));
#6014 = CARTESIAN_POINT('',(2.552743540634,5.148386403555));
#6015 = CARTESIAN_POINT('',(2.61623645337,5.14876016165));
#6016 = CARTESIAN_POINT('',(2.679811166158,5.147751960853));
#6017 = CARTESIAN_POINT('',(2.845957421293,5.141618632955));
#6018 = CARTESIAN_POINT('',(2.948870322916,5.134380915831));
#6019 = CARTESIAN_POINT('',(3.053201654584,5.123824317339));
#6020 = CARTESIAN_POINT('',(3.159691057977,5.110268694305));
#6021 = CARTESIAN_POINT('',(3.269082415059,5.094249420021));
#6022 = CARTESIAN_POINT('',(3.382160209475,5.076636093265));
#6023 = CARTESIAN_POINT('',(3.499824675234,5.058733348786));
#6024 = CARTESIAN_POINT('',(3.723669027854,5.028875777978));
#6025 = CARTESIAN_POINT('',(3.830249248499,5.016118772534));
#6026 = CARTESIAN_POINT('',(3.940685578847,5.005439166665));
#6027 = CARTESIAN_POINT('',(4.053410694304,4.998311392999));
#6028 = CARTESIAN_POINT('',(4.167202724195,4.995812972722));
#6029 = CARTESIAN_POINT('',(4.280928466167,4.998115834653));
#6030 = CARTESIAN_POINT('',(4.39338205753,5.004568941769));
#6031 = CARTESIAN_POINT('',(4.628290638153,5.02488510538));
#6032 = CARTESIAN_POINT('',(4.747708049333,5.039497680654));
#6033 = CARTESIAN_POINT('',(4.862242423463,5.056234399198));
#6034 = CARTESIAN_POINT('',(4.972608504776,5.073513435411));
#6035 = CARTESIAN_POINT('',(5.079370490373,5.090065106853));
#6036 = CARTESIAN_POINT('',(5.183009364955,5.104971447209));
#6037 = CARTESIAN_POINT('',(5.283944266653,5.117611101224));
#6038 = CARTESIAN_POINT('',(5.496884540582,5.139222821066));
#6039 = CARTESIAN_POINT('',(5.608747459587,5.147358750271));
#6040 = CARTESIAN_POINT('',(5.719277684846,5.151449207726));
#6041 = CARTESIAN_POINT('',(5.829386708022,5.151236241648));
#6042 = CARTESIAN_POINT('',(5.939930726979,5.146694086361));
#6043 = CARTESIAN_POINT('',(6.051765670247,5.138022580254));
#6044 = CARTESIAN_POINT('',(6.165807228525,5.125710723183));
#6045 = CARTESIAN_POINT('',(6.28318530718,5.110656545296));
#6046 = ( GEOMETRIC_REPRESENTATION_CONTEXT(2) 
PARAMETRIC_REPRESENTATION_CONTEXT() REPRESENTATION_CONTEXT('2D SPACE',''
  ) );
#6047 = ADVANCED_FACE('',(#6048),#1562,.T.);
#6048 = FACE_BOUND('',#6049,.T.);
#6049 = EDGE_LOOP('',(#6050,#6051,#6052,#6053,#6054));
#6050 = ORIENTED_EDGE('',*,*,#5645,.T.);
#6051 = ORIENTED_EDGE('',*,*,#5574,.T.);
#6052 = ORIENTED_EDGE('',*,*,#1547,.T.);
#6053 = ORIENTED_EDGE('',*,*,#5599,.T.);
#6054 = ORIENTED_EDGE('',*,*,#3266,.F.);
#6055 = ADVANCED_FACE('',(#6056),#1457,.T.);
#6056 = FACE_BOUND('',#6057,.T.);
#6057 = EDGE_LOOP('',(#6058,#6059,#6060,#6102,#6103));
#6058 = ORIENTED_EDGE('',*,*,#4944,.F.);
#6059 = ORIENTED_EDGE('',*,*,#3174,.F.);
#6060 = ORIENTED_EDGE('',*,*,#6061,.F.);
#6061 = EDGE_CURVE('',#1420,#3154,#6062,.T.);
#6062 = SURFACE_CURVE('',#6063,(#6074,#6088),.PCURVE_S1.);
#6063 = B_SPLINE_CURVE_WITH_KNOTS('',5,(#6064,#6065,#6066,#6067,#6068,
    #6069,#6070,#6071,#6072,#6073),.UNSPECIFIED.,.F.,.F.,(6,4,6),(0.,
    0.499999968321,1.),.UNSPECIFIED.);
#6064 = CARTESIAN_POINT('',(-94.61500941154,-16.24807662626,
    -5.000000597359));
#6065 = CARTESIAN_POINT('',(-94.5630300736,-16.55076017837,
    -4.016395604711));
#6066 = CARTESIAN_POINT('',(-94.52312801002,-16.77586430236,
    -3.020121017225));
#6067 = CARTESIAN_POINT('',(-94.49624726747,-16.92528184865,
    -2.016037708038));
#6068 = CARTESIAN_POINT('',(-94.48280266799,-17.,-1.008052314596));
#6069 = CARTESIAN_POINT('',(-94.48280266799,-17.,1.008052442333));
#6070 = CARTESIAN_POINT('',(-94.49624727091,-16.92528181769,
    2.016037330152));
#6071 = CARTESIAN_POINT('',(-94.52312798341,-16.77586447068,
    3.020120834911));
#6072 = CARTESIAN_POINT('',(-94.56303011411,-16.55075994248,
    4.016396371948));
#6073 = CARTESIAN_POINT('',(-94.61500941141,-16.24807662702,
    5.000000596117));
#6074 = PCURVE('',#1457,#6075);
#6075 = DEFINITIONAL_REPRESENTATION('',(#6076),#6087);
#6076 = B_SPLINE_CURVE_WITH_KNOTS('',5,(#6077,#6078,#6079,#6080,#6081,
    #6082,#6083,#6084,#6085,#6086),.UNSPECIFIED.,.F.,.F.,(6,4,6),(0.,
    0.499999968321,1.),.UNSPECIFIED.);
#6077 = CARTESIAN_POINT('',(3.311662104269,-6.E-07));
#6078 = CARTESIAN_POINT('',(3.314861211408,0.983604392648));
#6079 = CARTESIAN_POINT('',(3.317242567752,1.979878989547));
#6080 = CARTESIAN_POINT('',(3.318823996143,2.983962288099));
#6081 = CARTESIAN_POINT('',(3.319614807714,3.991947685404));
#6082 = CARTESIAN_POINT('',(3.319614807714,6.008052442333));
#6083 = CARTESIAN_POINT('',(3.318823995816,7.016037335657));
#6084 = CARTESIAN_POINT('',(3.317242569532,8.020120825169));
#6085 = CARTESIAN_POINT('',(3.314861208915,9.016396375831));
#6086 = CARTESIAN_POINT('',(3.311662104277,10.0000006));
#6087 = ( GEOMETRIC_REPRESENTATION_CONTEXT(2) 
PARAMETRIC_REPRESENTATION_CONTEXT() REPRESENTATION_CONTEXT('2D SPACE',''
  ) );
#6088 = PCURVE('',#1288,#6089);
#6089 = DEFINITIONAL_REPRESENTATION('',(#6090),#6101);
#6090 = B_SPLINE_CURVE_WITH_KNOTS('',5,(#6091,#6092,#6093,#6094,#6095,
    #6096,#6097,#6098,#6099,#6100),.UNSPECIFIED.,.F.,.F.,(6,4,6),(0.,
    0.499999968321,1.),.UNSPECIFIED.);
#6091 = CARTESIAN_POINT('',(1.272264089008,54.615009411547));
#6092 = CARTESIAN_POINT('',(1.332800792229,54.563030073609));
#6093 = CARTESIAN_POINT('',(1.392707656039,54.523128010029));
#6094 = CARTESIAN_POINT('',(1.452205917532,54.496247267473));
#6095 = CARTESIAN_POINT('',(1.511499131819,54.482802667999));
#6096 = CARTESIAN_POINT('',(1.630093529285,54.482802667999));
#6097 = CARTESIAN_POINT('',(1.689386714487,54.496247270911));
#6098 = CARTESIAN_POINT('',(1.748884984963,54.523127983415));
#6099 = CARTESIAN_POINT('',(1.808791908507,54.563030114115));
#6100 = CARTESIAN_POINT('',(1.869328564429,54.615009411416));
#6101 = ( GEOMETRIC_REPRESENTATION_CONTEXT(2) 
PARAMETRIC_REPRESENTATION_CONTEXT() REPRESENTATION_CONTEXT('2D SPACE',''
  ) );
#6102 = ORIENTED_EDGE('',*,*,#1440,.T.);
#6103 = ORIENTED_EDGE('',*,*,#5027,.F.);
#6104 = ADVANCED_FACE('',(#6105,#6484),#1288,.T.);
#6105 = FACE_BOUND('',#6106,.T.);
#6106 = EDGE_LOOP('',(#6107,#6131,#6154,#6251,#6274,#6301,#6302,#6392,
    #6393,#6415,#6416,#6417,#6418,#6440,#6441,#6483));
#6107 = ORIENTED_EDGE('',*,*,#6108,.T.);
#6108 = EDGE_CURVE('',#1274,#6109,#6111,.T.);
#6109 = VERTEX_POINT('',#6110);
#6110 = CARTESIAN_POINT('',(-40.,4.163799117101E-15,-17.));
#6111 = SURFACE_CURVE('',#6112,(#6117,#6124),.PCURVE_S1.);
#6112 = CIRCLE('',#6113,17.);
#6113 = AXIS2_PLACEMENT_3D('',#6114,#6115,#6116);
#6114 = CARTESIAN_POINT('',(-40.,0.,0.));
#6115 = DIRECTION('',(-1.,0.,0.));
#6116 = DIRECTION('',(0.,0.,-1.));
#6117 = PCURVE('',#1288,#6118);
#6118 = DEFINITIONAL_REPRESENTATION('',(#6119),#6123);
#6119 = LINE('',#6120,#6121);
#6120 = CARTESIAN_POINT('',(0.,0.));
#6121 = VECTOR('',#6122,1.);
#6122 = DIRECTION('',(1.,0.));
#6123 = ( GEOMETRIC_REPRESENTATION_CONTEXT(2) 
PARAMETRIC_REPRESENTATION_CONTEXT() REPRESENTATION_CONTEXT('2D SPACE',''
  ) );
#6124 = PCURVE('',#1314,#6125);
#6125 = DEFINITIONAL_REPRESENTATION('',(#6126),#6130);
#6126 = CIRCLE('',#6127,17.);
#6127 = AXIS2_PLACEMENT_2D('',#6128,#6129);
#6128 = CARTESIAN_POINT('',(0.,0.));
#6129 = DIRECTION('',(1.,0.));
#6130 = ( GEOMETRIC_REPRESENTATION_CONTEXT(2) 
PARAMETRIC_REPRESENTATION_CONTEXT() REPRESENTATION_CONTEXT('2D SPACE',''
  ) );
#6131 = ORIENTED_EDGE('',*,*,#6132,.T.);
#6132 = EDGE_CURVE('',#6109,#6133,#6135,.T.);
#6133 = VERTEX_POINT('',#6134);
#6134 = CARTESIAN_POINT('',(-67.9,1.82472373073E-15,-17.));
#6135 = SEAM_CURVE('',#6136,(#6140,#6147),.PCURVE_S1.);
#6136 = LINE('',#6137,#6138);
#6137 = CARTESIAN_POINT('',(-40.,4.163799117101E-15,-17.));
#6138 = VECTOR('',#6139,1.);
#6139 = DIRECTION('',(-1.,0.,0.));
#6140 = PCURVE('',#1288,#6141);
#6141 = DEFINITIONAL_REPRESENTATION('',(#6142),#6146);
#6142 = LINE('',#6143,#6144);
#6143 = CARTESIAN_POINT('',(0.,-0.));
#6144 = VECTOR('',#6145,1.);
#6145 = DIRECTION('',(0.,1.));
#6146 = ( GEOMETRIC_REPRESENTATION_CONTEXT(2) 
PARAMETRIC_REPRESENTATION_CONTEXT() REPRESENTATION_CONTEXT('2D SPACE',''
  ) );
#6147 = PCURVE('',#1288,#6148);
#6148 = DEFINITIONAL_REPRESENTATION('',(#6149),#6153);
#6149 = LINE('',#6150,#6151);
#6150 = CARTESIAN_POINT('',(6.28318530718,-0.));
#6151 = VECTOR('',#6152,1.);
#6152 = DIRECTION('',(0.,1.));
#6153 = ( GEOMETRIC_REPRESENTATION_CONTEXT(2) 
PARAMETRIC_REPRESENTATION_CONTEXT() REPRESENTATION_CONTEXT('2D SPACE',''
  ) );
#6154 = ORIENTED_EDGE('',*,*,#6155,.T.);
#6155 = EDGE_CURVE('',#6133,#6156,#6158,.T.);
#6156 = VERTEX_POINT('',#6157);
#6157 = CARTESIAN_POINT('',(-72.1,4.163799117101E-15,-17.));
#6158 = SURFACE_CURVE('',#6159,(#6186,#6216),.PCURVE_S1.);
#6159 = B_SPLINE_CURVE_WITH_KNOTS('',7,(#6160,#6161,#6162,#6163,#6164,
    #6165,#6166,#6167,#6168,#6169,#6170,#6171,#6172,#6173,#6174,#6175,
    #6176,#6177,#6178,#6179,#6180,#6181,#6182,#6183,#6184,#6185),
  .UNSPECIFIED.,.F.,.F.,(8,6,6,6,8),(0.,0.245388204781,0.500010346582,
    0.754645727992,1.),.UNSPECIFIED.);
#6160 = CARTESIAN_POINT('',(-67.9,1.82472373073E-15,-17.));
#6161 = CARTESIAN_POINT('',(-67.9,0.27899941845,-17.));
#6162 = CARTESIAN_POINT('',(-67.94324437308,0.550472901491,
    -16.99465790075));
#6163 = CARTESIAN_POINT('',(-68.02553686823,0.806637734836,
    -16.98449316045));
#6164 = CARTESIAN_POINT('',(-68.14120918429,1.041038338695,
    -16.97088438545));
#6165 = CARTESIAN_POINT('',(-68.28318086209,1.248771335965,
    -16.95571380849));
#6166 = CARTESIAN_POINT('',(-68.44305422404,1.426953058062,
    -16.94066062466));
#6167 = CARTESIAN_POINT('',(-68.78576494913,1.7290932051,-16.91254311424
    ));
#6168 = CARTESIAN_POINT('',(-68.97393949816,1.854901793689,
    -16.89918942593));
#6169 = CARTESIAN_POINT('',(-69.17128947839,1.953857542309,
    -16.88776350336));
#6170 = CARTESIAN_POINT('',(-69.37469410558,2.027149266283,
    -16.8788642531));
#6171 = CARTESIAN_POINT('',(-69.58183368071,2.075695874102,
    -16.87282091891));
#6172 = CARTESIAN_POINT('',(-69.79083925026,2.1,-16.86979549372));
#6173 = CARTESIAN_POINT('',(-70.20917162548,2.1,-16.86979549372));
#6174 = CARTESIAN_POINT('',(-70.41817504084,2.075693391604,
    -16.87282122514));
#6175 = CARTESIAN_POINT('',(-70.62530841106,2.027147035299,
    -16.87886453834));
#6176 = CARTESIAN_POINT('',(-70.82870877078,1.953857720333,
    -16.88776342567));
#6177 = CARTESIAN_POINT('',(-71.02605864093,1.854903362392,
    -16.89918927971));
#6178 = CARTESIAN_POINT('',(-71.21423498135,1.729093266383,
    -16.91254310854));
#6179 = CARTESIAN_POINT('',(-71.55691384139,1.426981212166,
    -16.94065800461));
#6180 = CARTESIAN_POINT('',(-71.71680097825,1.248801523859,
    -16.95571158314));
#6181 = CARTESIAN_POINT('',(-71.8588002725,1.04104297115,-16.970884917)
  );
#6182 = CARTESIAN_POINT('',(-71.97448942727,0.806600866758,
    -16.98449640028));
#6183 = CARTESIAN_POINT('',(-72.0567761714,0.550401825964,
    -16.99466044186));
#6184 = CARTESIAN_POINT('',(-72.1,0.278933156591,-17.));
#6185 = CARTESIAN_POINT('',(-72.1,2.467663300282E-15,-17.));
#6186 = PCURVE('',#1288,#6187);
#6187 = DEFINITIONAL_REPRESENTATION('',(#6188),#6215);
#6188 = B_SPLINE_CURVE_WITH_KNOTS('',7,(#6189,#6190,#6191,#6192,#6193,
    #6194,#6195,#6196,#6197,#6198,#6199,#6200,#6201,#6202,#6203,#6204,
    #6205,#6206,#6207,#6208,#6209,#6210,#6211,#6212,#6213,#6214),
  .UNSPECIFIED.,.F.,.F.,(8,6,6,6,8),(0.,0.245388204781,0.500010346582,
    0.754645727992,1.),.UNSPECIFIED.);
#6189 = CARTESIAN_POINT('',(6.28318530718,27.9));
#6190 = CARTESIAN_POINT('',(6.266773576683,27.9));
#6191 = CARTESIAN_POINT('',(6.25080454024,27.943244373087));
#6192 = CARTESIAN_POINT('',(6.235728845604,28.025536868237));
#6193 = CARTESIAN_POINT('',(6.221920532851,28.141209184295));
#6194 = CARTESIAN_POINT('',(6.209669694371,28.283180862092));
#6195 = CARTESIAN_POINT('',(6.199151467225,28.443054224045));
#6196 = CARTESIAN_POINT('',(6.181301723075,28.785764949131));
#6197 = CARTESIAN_POINT('',(6.173860270454,28.973939498165));
#6198 = CARTESIAN_POINT('',(6.168000883341,29.17128947839));
#6199 = CARTESIAN_POINT('',(6.163657966482,29.374694105582));
#6200 = CARTESIAN_POINT('',(6.160780240153,29.581833680714));
#6201 = CARTESIAN_POINT('',(6.159339551804,29.790839250264));
#6202 = CARTESIAN_POINT('',(6.159339551804,30.209171625486));
#6203 = CARTESIAN_POINT('',(6.160780387272,30.418175040844));
#6204 = CARTESIAN_POINT('',(6.163658098814,30.625308411066));
#6205 = CARTESIAN_POINT('',(6.168000872382,30.828708770784));
#6206 = CARTESIAN_POINT('',(6.173860177808,31.02605864093));
#6207 = CARTESIAN_POINT('',(6.181301719454,31.214234981357));
#6208 = CARTESIAN_POINT('',(6.199149803946,31.556913841393));
#6209 = CARTESIAN_POINT('',(6.209667913922,31.716800978252));
#6210 = CARTESIAN_POINT('',(6.221920264532,31.858800272502));
#6211 = CARTESIAN_POINT('',(6.235731019739,31.974489427278));
#6212 = CARTESIAN_POINT('',(6.250808721168,32.056776171408));
#6213 = CARTESIAN_POINT('',(6.266777474439,32.1));
#6214 = CARTESIAN_POINT('',(6.28318530718,32.1));
#6215 = ( GEOMETRIC_REPRESENTATION_CONTEXT(2) 
PARAMETRIC_REPRESENTATION_CONTEXT() REPRESENTATION_CONTEXT('2D SPACE',''
  ) );
#6216 = PCURVE('',#6217,#6222);
#6217 = CYLINDRICAL_SURFACE('',#6218,2.1);
#6218 = AXIS2_PLACEMENT_3D('',#6219,#6220,#6221);
#6219 = CARTESIAN_POINT('',(-70.,0.,-20.));
#6220 = DIRECTION('',(0.,0.,1.));
#6221 = DIRECTION('',(1.,0.,-0.));
#6222 = DEFINITIONAL_REPRESENTATION('',(#6223),#6250);
#6223 = B_SPLINE_CURVE_WITH_KNOTS('',7,(#6224,#6225,#6226,#6227,#6228,
    #6229,#6230,#6231,#6232,#6233,#6234,#6235,#6236,#6237,#6238,#6239,
    #6240,#6241,#6242,#6243,#6244,#6245,#6246,#6247,#6248,#6249),
  .UNSPECIFIED.,.F.,.F.,(8,6,6,6,8),(0.,0.245388204781,0.500010346582,
    0.754645727992,1.),.UNSPECIFIED.);
#6224 = CARTESIAN_POINT('',(0.,3.));
#6225 = CARTESIAN_POINT('',(0.132856865928,3.));
#6226 = CARTESIAN_POINT('',(0.262129859914,3.005342099247));
#6227 = CARTESIAN_POINT('',(0.387943671449,3.015506839541));
#6228 = CARTESIAN_POINT('',(0.510124032445,3.029115614542));
#6229 = CARTESIAN_POINT('',(0.62824054874,3.044286191503));
#6230 = CARTESIAN_POINT('',(0.741457981802,3.059339375333));
#6231 = CARTESIAN_POINT('',(0.959019873609,3.087456885756));
#6232 = CARTESIAN_POINT('',(1.065853585147,3.100810574068));
#6233 = CARTESIAN_POINT('',(1.16972863053,3.112236496636));
#6234 = CARTESIAN_POINT('',(1.271417201679,3.1211357469));
#6235 = CARTESIAN_POINT('',(1.371669661727,3.127179081083));
#6236 = CARTESIAN_POINT('',(1.471195969778,3.130204506278));
#6237 = CARTESIAN_POINT('',(1.670401862741,3.130204506278));
#6238 = CARTESIAN_POINT('',(1.769927129814,3.127178774851));
#6239 = CARTESIAN_POINT('',(1.870176923585,3.121135461651));
#6240 = CARTESIAN_POINT('',(1.971863307637,3.112236574326));
#6241 = CARTESIAN_POINT('',(2.075737917381,3.100810720288));
#6242 = CARTESIAN_POINT('',(2.182572735853,3.087456891459));
#6243 = CARTESIAN_POINT('',(2.400114398878,3.059341995386));
#6244 = CARTESIAN_POINT('',(2.513336115462,3.044288416858));
#6245 = CARTESIAN_POINT('',(2.631469387111,3.029115083));
#6246 = CARTESIAN_POINT('',(2.753669231281,3.01550359972));
#6247 = CARTESIAN_POINT('',(2.879496646385,3.005339558135));
#6248 = CARTESIAN_POINT('',(3.008767340927,3.));
#6249 = CARTESIAN_POINT('',(3.14159265359,3.));
#6250 = ( GEOMETRIC_REPRESENTATION_CONTEXT(2) 
PARAMETRIC_REPRESENTATION_CONTEXT() REPRESENTATION_CONTEXT('2D SPACE',''
  ) );
#6251 = ORIENTED_EDGE('',*,*,#6252,.T.);
#6252 = EDGE_CURVE('',#6156,#6253,#6255,.T.);
#6253 = VERTEX_POINT('',#6254);
#6254 = CARTESIAN_POINT('',(-100.,4.163799117101E-15,-17.));
#6255 = SEAM_CURVE('',#6256,(#6260,#6267),.PCURVE_S1.);
#6256 = LINE('',#6257,#6258);
#6257 = CARTESIAN_POINT('',(-40.,4.163799117101E-15,-17.));
#6258 = VECTOR('',#6259,1.);
#6259 = DIRECTION('',(-1.,0.,0.));
#6260 = PCURVE('',#1288,#6261);
#6261 = DEFINITIONAL_REPRESENTATION('',(#6262),#6266);
#6262 = LINE('',#6263,#6264);
#6263 = CARTESIAN_POINT('',(0.,-0.));
#6264 = VECTOR('',#6265,1.);
#6265 = DIRECTION('',(0.,1.));
#6266 = ( GEOMETRIC_REPRESENTATION_CONTEXT(2) 
PARAMETRIC_REPRESENTATION_CONTEXT() REPRESENTATION_CONTEXT('2D SPACE',''
  ) );
#6267 = PCURVE('',#1288,#6268);
#6268 = DEFINITIONAL_REPRESENTATION('',(#6269),#6273);
#6269 = LINE('',#6270,#6271);
#6270 = CARTESIAN_POINT('',(6.28318530718,-0.));
#6271 = VECTOR('',#6272,1.);
#6272 = DIRECTION('',(0.,1.));
#6273 = ( GEOMETRIC_REPRESENTATION_CONTEXT(2) 
PARAMETRIC_REPRESENTATION_CONTEXT() REPRESENTATION_CONTEXT('2D SPACE',''
  ) );
#6274 = ORIENTED_EDGE('',*,*,#6275,.F.);
#6275 = EDGE_CURVE('',#6253,#6253,#6276,.T.);
#6276 = SURFACE_CURVE('',#6277,(#6282,#6289),.PCURVE_S1.);
#6277 = CIRCLE('',#6278,17.);
#6278 = AXIS2_PLACEMENT_3D('',#6279,#6280,#6281);
#6279 = CARTESIAN_POINT('',(-100.,0.,0.));
#6280 = DIRECTION('',(-1.,0.,0.));
#6281 = DIRECTION('',(0.,0.,-1.));
#6282 = PCURVE('',#1288,#6283);
#6283 = DEFINITIONAL_REPRESENTATION('',(#6284),#6288);
#6284 = LINE('',#6285,#6286);
#6285 = CARTESIAN_POINT('',(0.,60.));
#6286 = VECTOR('',#6287,1.);
#6287 = DIRECTION('',(1.,0.));
#6288 = ( GEOMETRIC_REPRESENTATION_CONTEXT(2) 
PARAMETRIC_REPRESENTATION_CONTEXT() REPRESENTATION_CONTEXT('2D SPACE',''
  ) );
#6289 = PCURVE('',#6290,#6295);
#6290 = PLANE('',#6291);
#6291 = AXIS2_PLACEMENT_3D('',#6292,#6293,#6294);
#6292 = CARTESIAN_POINT('',(-100.,0.,0.));
#6293 = DIRECTION('',(-1.,0.,0.));
#6294 = DIRECTION('',(0.,0.,-1.));
#6295 = DEFINITIONAL_REPRESENTATION('',(#6296),#6300);
#6296 = CIRCLE('',#6297,17.);
#6297 = AXIS2_PLACEMENT_2D('',#6298,#6299);
#6298 = CARTESIAN_POINT('',(0.,0.));
#6299 = DIRECTION('',(1.,0.));
#6300 = ( GEOMETRIC_REPRESENTATION_CONTEXT(2) 
PARAMETRIC_REPRESENTATION_CONTEXT() REPRESENTATION_CONTEXT('2D SPACE',''
  ) );
#6301 = ORIENTED_EDGE('',*,*,#6252,.F.);
#6302 = ORIENTED_EDGE('',*,*,#6303,.T.);
#6303 = EDGE_CURVE('',#6156,#6133,#6304,.T.);
#6304 = SURFACE_CURVE('',#6305,(#6332,#6362),.PCURVE_S1.);
#6305 = B_SPLINE_CURVE_WITH_KNOTS('',7,(#6306,#6307,#6308,#6309,#6310,
    #6311,#6312,#6313,#6314,#6315,#6316,#6317,#6318,#6319,#6320,#6321,
    #6322,#6323,#6324,#6325,#6326,#6327,#6328,#6329,#6330,#6331),
  .UNSPECIFIED.,.F.,.F.,(8,6,6,6,8),(0.,0.245413444364,0.500053675057,
    0.754693175642,1.),.UNSPECIFIED.);
#6306 = CARTESIAN_POINT('',(-72.1,4.440892098501E-16,-17.));
#6307 = CARTESIAN_POINT('',(-72.1,-0.27899941845,-17.));
#6308 = CARTESIAN_POINT('',(-72.05675562691,-0.550472901491,
    -16.99465790075));
#6309 = CARTESIAN_POINT('',(-71.97446313176,-0.806637734835,
    -16.98449316045));
#6310 = CARTESIAN_POINT('',(-71.8587908157,-1.041038338695,
    -16.97088438545));
#6311 = CARTESIAN_POINT('',(-71.7168191379,-1.248771335965,
    -16.95571380849));
#6312 = CARTESIAN_POINT('',(-71.55694577595,-1.426953058062,
    -16.94066062466));
#6313 = CARTESIAN_POINT('',(-71.2142406024,-1.72908831076,
    -16.91254356971));
#6314 = CARTESIAN_POINT('',(-71.02606133304,-1.854903581117,
    -16.89918936411));
#6315 = CARTESIAN_POINT('',(-70.82870465797,-1.953860779536,
    -16.88776303931));
#6316 = CARTESIAN_POINT('',(-70.62530135833,-2.027148891724,
    -16.87886430699));
#6317 = CARTESIAN_POINT('',(-70.41817090451,-2.075693230289,
    -16.87282124586));
#6318 = CARTESIAN_POINT('',(-70.20917222522,-2.1,-16.86979549372));
#6319 = CARTESIAN_POINT('',(-69.79082837451,-2.1,-16.86979549372));
#6320 = CARTESIAN_POINT('',(-69.58182495915,-2.075693391604,
    -16.87282122514));
#6321 = CARTESIAN_POINT('',(-69.37469158893,-2.027147035299,
    -16.87886453834));
#6322 = CARTESIAN_POINT('',(-69.17129122921,-1.953857720333,
    -16.88776342567));
#6323 = CARTESIAN_POINT('',(-68.97394135907,-1.854903362392,
    -16.89918927971));
#6324 = CARTESIAN_POINT('',(-68.78576501864,-1.729093266383,
    -16.91254310854));
#6325 = CARTESIAN_POINT('',(-68.44312139758,-1.427012279508,
    -16.94065511345));
#6326 = CARTESIAN_POINT('',(-68.2832095141,-1.248826379457,
    -16.95570990544));
#6327 = CARTESIAN_POINT('',(-68.1411798304,-1.041032242295,
    -16.9708867044));
#6328 = CARTESIAN_POINT('',(-68.02547980501,-0.806547213737,
    -16.98450022593));
#6329 = CARTESIAN_POINT('',(-67.94320427469,-0.550323989144,
    -16.9946628512));
#6330 = CARTESIAN_POINT('',(-67.9,-0.278870054211,-17.));
#6331 = CARTESIAN_POINT('',(-67.9,-4.440892098501E-16,-17.));
#6332 = PCURVE('',#1288,#6333);
#6333 = DEFINITIONAL_REPRESENTATION('',(#6334),#6361);
#6334 = B_SPLINE_CURVE_WITH_KNOTS('',7,(#6335,#6336,#6337,#6338,#6339,
    #6340,#6341,#6342,#6343,#6344,#6345,#6346,#6347,#6348,#6349,#6350,
    #6351,#6352,#6353,#6354,#6355,#6356,#6357,#6358,#6359,#6360),
  .UNSPECIFIED.,.F.,.F.,(8,6,6,6,8),(0.,0.245413444364,0.500053675057,
    0.754693175642,1.),.UNSPECIFIED.);
#6335 = CARTESIAN_POINT('',(0.,32.1));
#6336 = CARTESIAN_POINT('',(1.641173049704E-02,32.1));
#6337 = CARTESIAN_POINT('',(3.238076693969E-02,32.056755626913));
#6338 = CARTESIAN_POINT('',(4.745646157511E-02,31.974463131763));
#6339 = CARTESIAN_POINT('',(6.126477432896E-02,31.858790815704));
#6340 = CARTESIAN_POINT('',(7.351561280851E-02,31.716819137908));
#6341 = CARTESIAN_POINT('',(8.403383995422E-02,31.556945775955));
#6342 = CARTESIAN_POINT('',(0.101883294959,31.214240602408));
#6343 = CARTESIAN_POINT('',(0.109325141712,31.026061333041));
#6344 = CARTESIAN_POINT('',(0.115184616033,30.82870465797));
#6345 = CARTESIAN_POINT('',(0.119527318498,30.625301358331));
#6346 = CARTESIAN_POINT('',(0.122404910313,30.418170904514));
#6347 = CARTESIAN_POINT('',(0.123845755375,30.209172225227));
#6348 = CARTESIAN_POINT('',(0.123845755375,29.790828374514));
#6349 = CARTESIAN_POINT('',(0.122404919908,29.581824959156));
#6350 = CARTESIAN_POINT('',(0.119527208365,29.374691588934));
#6351 = CARTESIAN_POINT('',(0.115184434798,29.171291229215));
#6352 = CARTESIAN_POINT('',(0.109325129372,28.97394135907));
#6353 = CARTESIAN_POINT('',(0.101883587725,28.785765018643));
#6354 = CARTESIAN_POINT('',(8.403733862085E-02,28.443121397589));
#6355 = CARTESIAN_POINT('',(7.351885822398E-02,28.283209514106));
#6356 = CARTESIAN_POINT('',(6.126440501336E-02,28.141179830407));
#6357 = CARTESIAN_POINT('',(4.745112592594E-02,28.025479805017));
#6358 = CARTESIAN_POINT('',(3.237200753589E-02,27.943204274692));
#6359 = CARTESIAN_POINT('',(1.640412083593E-02,27.9));
#6360 = CARTESIAN_POINT('',(0.,27.9));
#6361 = ( GEOMETRIC_REPRESENTATION_CONTEXT(2) 
PARAMETRIC_REPRESENTATION_CONTEXT() REPRESENTATION_CONTEXT('2D SPACE',''
  ) );
#6362 = PCURVE('',#6217,#6363);
#6363 = DEFINITIONAL_REPRESENTATION('',(#6364),#6391);
#6364 = B_SPLINE_CURVE_WITH_KNOTS('',7,(#6365,#6366,#6367,#6368,#6369,
    #6370,#6371,#6372,#6373,#6374,#6375,#6376,#6377,#6378,#6379,#6380,
    #6381,#6382,#6383,#6384,#6385,#6386,#6387,#6388,#6389,#6390),
  .UNSPECIFIED.,.F.,.F.,(8,6,6,6,8),(0.,0.245413444364,0.500053675057,
    0.754693175642,1.),.UNSPECIFIED.);
#6365 = CARTESIAN_POINT('',(3.14159265359,3.));
#6366 = CARTESIAN_POINT('',(3.274449519518,3.));
#6367 = CARTESIAN_POINT('',(3.403722513504,3.005342099247));
#6368 = CARTESIAN_POINT('',(3.529536325039,3.015506839541));
#6369 = CARTESIAN_POINT('',(3.651716686035,3.029115614542));
#6370 = CARTESIAN_POINT('',(3.76983320233,3.044286191503));
#6371 = CARTESIAN_POINT('',(3.883050635392,3.059339375333));
#6372 = CARTESIAN_POINT('',(4.100609002934,3.087456430283));
#6373 = CARTESIAN_POINT('',(4.207446494201,3.100810635881));
#6374 = CARTESIAN_POINT('',(4.311324231844,3.112236960685));
#6375 = CARTESIAN_POINT('',(4.413011756179,3.121135693001));
#6376 = CARTESIAN_POINT('',(4.513260136265,3.127178754131));
#6377 = CARTESIAN_POINT('',(4.612783158848,3.130204506278));
#6378 = CARTESIAN_POINT('',(4.81199451633,3.130204506278));
#6379 = CARTESIAN_POINT('',(4.911519783404,3.127178774851));
#6380 = CARTESIAN_POINT('',(5.011769577175,3.121135461651));
#6381 = CARTESIAN_POINT('',(5.113455961227,3.112236574326));
#6382 = CARTESIAN_POINT('',(5.21733057097,3.100810720288));
#6383 = CARTESIAN_POINT('',(5.324165389443,3.087456891459));
#6384 = CARTESIAN_POINT('',(5.541684681824,3.059344886549));
#6385 = CARTESIAN_POINT('',(5.65491720423,3.044290094553));
#6386 = CARTESIAN_POINT('',(5.773071231937,3.029113295593));
#6387 = CARTESIAN_POINT('',(5.895289999892,3.015499774065));
#6388 = CARTESIAN_POINT('',(6.02112637111,3.005337148797));
#6389 = CARTESIAN_POINT('',(6.15039004327,3.));
#6390 = CARTESIAN_POINT('',(6.28318530718,3.));
#6391 = ( GEOMETRIC_REPRESENTATION_CONTEXT(2) 
PARAMETRIC_REPRESENTATION_CONTEXT() REPRESENTATION_CONTEXT('2D SPACE',''
  ) );
#6392 = ORIENTED_EDGE('',*,*,#6132,.F.);
#6393 = ORIENTED_EDGE('',*,*,#6394,.T.);
#6394 = EDGE_CURVE('',#6109,#1399,#6395,.T.);
#6395 = SURFACE_CURVE('',#6396,(#6401,#6408),.PCURVE_S1.);
#6396 = CIRCLE('',#6397,17.);
#6397 = AXIS2_PLACEMENT_3D('',#6398,#6399,#6400);
#6398 = CARTESIAN_POINT('',(-40.,0.,0.));
#6399 = DIRECTION('',(-1.,0.,0.));
#6400 = DIRECTION('',(0.,0.,-1.));
#6401 = PCURVE('',#1288,#6402);
#6402 = DEFINITIONAL_REPRESENTATION('',(#6403),#6407);
#6403 = LINE('',#6404,#6405);
#6404 = CARTESIAN_POINT('',(0.,0.));
#6405 = VECTOR('',#6406,1.);
#6406 = DIRECTION('',(1.,0.));
#6407 = ( GEOMETRIC_REPRESENTATION_CONTEXT(2) 
PARAMETRIC_REPRESENTATION_CONTEXT() REPRESENTATION_CONTEXT('2D SPACE',''
  ) );
#6408 = PCURVE('',#1314,#6409);
#6409 = DEFINITIONAL_REPRESENTATION('',(#6410),#6414);
#6410 = CIRCLE('',#6411,17.);
#6411 = AXIS2_PLACEMENT_2D('',#6412,#6413);
#6412 = CARTESIAN_POINT('',(0.,0.));
#6413 = DIRECTION('',(1.,0.));
#6414 = ( GEOMETRIC_REPRESENTATION_CONTEXT(2) 
PARAMETRIC_REPRESENTATION_CONTEXT() REPRESENTATION_CONTEXT('2D SPACE',''
  ) );
#6415 = ORIENTED_EDGE('',*,*,#1419,.T.);
#6416 = ORIENTED_EDGE('',*,*,#6061,.T.);
#6417 = ORIENTED_EDGE('',*,*,#3153,.F.);
#6418 = ORIENTED_EDGE('',*,*,#6419,.T.);
#6419 = EDGE_CURVE('',#3133,#3023,#6420,.T.);
#6420 = SURFACE_CURVE('',#6421,(#6426,#6433),.PCURVE_S1.);
#6421 = CIRCLE('',#6422,17.);
#6422 = AXIS2_PLACEMENT_3D('',#6423,#6424,#6425);
#6423 = CARTESIAN_POINT('',(-40.,0.,0.));
#6424 = DIRECTION('',(-1.,0.,0.));
#6425 = DIRECTION('',(0.,0.,-1.));
#6426 = PCURVE('',#1288,#6427);
#6427 = DEFINITIONAL_REPRESENTATION('',(#6428),#6432);
#6428 = LINE('',#6429,#6430);
#6429 = CARTESIAN_POINT('',(0.,0.));
#6430 = VECTOR('',#6431,1.);
#6431 = DIRECTION('',(1.,0.));
#6432 = ( GEOMETRIC_REPRESENTATION_CONTEXT(2) 
PARAMETRIC_REPRESENTATION_CONTEXT() REPRESENTATION_CONTEXT('2D SPACE',''
  ) );
#6433 = PCURVE('',#3058,#6434);
#6434 = DEFINITIONAL_REPRESENTATION('',(#6435),#6439);
#6435 = CIRCLE('',#6436,17.);
#6436 = AXIS2_PLACEMENT_2D('',#6437,#6438);
#6437 = CARTESIAN_POINT('',(0.,0.));
#6438 = DIRECTION('',(1.,0.));
#6439 = ( GEOMETRIC_REPRESENTATION_CONTEXT(2) 
PARAMETRIC_REPRESENTATION_CONTEXT() REPRESENTATION_CONTEXT('2D SPACE',''
  ) );
#6440 = ORIENTED_EDGE('',*,*,#3022,.T.);
#6441 = ORIENTED_EDGE('',*,*,#6442,.T.);
#6442 = EDGE_CURVE('',#2999,#1245,#6443,.T.);
#6443 = SURFACE_CURVE('',#6444,(#6455,#6469),.PCURVE_S1.);
#6444 = B_SPLINE_CURVE_WITH_KNOTS('',5,(#6445,#6446,#6447,#6448,#6449,
    #6450,#6451,#6452,#6453,#6454),.UNSPECIFIED.,.F.,.F.,(6,4,6),(0.,
    0.499999961391,1.),.UNSPECIFIED.);
#6445 = CARTESIAN_POINT('',(-94.61500941154,16.24807662626,
    5.000000597359));
#6446 = CARTESIAN_POINT('',(-94.5630300736,16.550760178372,
    4.016395604709));
#6447 = CARTESIAN_POINT('',(-94.52312801002,16.775864302367,
    3.020121017226));
#6448 = CARTESIAN_POINT('',(-94.49624726747,16.925281848652,
    2.01603770804));
#6449 = CARTESIAN_POINT('',(-94.48280266799,17.,1.008052314594));
#6450 = CARTESIAN_POINT('',(-94.48280266799,17.,-1.008052470273));
#6451 = CARTESIAN_POINT('',(-94.49624726961,16.925281825192,
    -2.016037259922));
#6452 = CARTESIAN_POINT('',(-94.52312798588,16.775864456352,
    -3.020120905781));
#6453 = CARTESIAN_POINT('',(-94.56303011258,16.550759951374,
    -4.016396343072));
#6454 = CARTESIAN_POINT('',(-94.61500941141,16.248076627025,
    -5.000000596117));
#6455 = PCURVE('',#1288,#6456);
#6456 = DEFINITIONAL_REPRESENTATION('',(#6457),#6468);
#6457 = B_SPLINE_CURVE_WITH_KNOTS('',5,(#6458,#6459,#6460,#6461,#6462,
    #6463,#6464,#6465,#6466,#6467),.UNSPECIFIED.,.F.,.F.,(6,4,6),(0.,
    0.499999961391,1.),.UNSPECIFIED.);
#6458 = CARTESIAN_POINT('',(4.413856742598,54.615009411547));
#6459 = CARTESIAN_POINT('',(4.474393445819,54.563030073609));
#6460 = CARTESIAN_POINT('',(4.534300309629,54.523128010029));
#6461 = CARTESIAN_POINT('',(4.593798571122,54.496247267473));
#6462 = CARTESIAN_POINT('',(4.653091785409,54.482802667999));
#6463 = CARTESIAN_POINT('',(4.771686184518,54.482802667999));
#6464 = CARTESIAN_POINT('',(4.830979363885,54.496247269616));
#6465 = CARTESIAN_POINT('',(4.890477642843,54.523127985884));
#6466 = CARTESIAN_POINT('',(4.95038456032,54.563030112589));
#6467 = CARTESIAN_POINT('',(5.010921218019,54.615009411416));
#6468 = ( GEOMETRIC_REPRESENTATION_CONTEXT(2) 
PARAMETRIC_REPRESENTATION_CONTEXT() REPRESENTATION_CONTEXT('2D SPACE',''
  ) );
#6469 = PCURVE('',#1261,#6470);
#6470 = DEFINITIONAL_REPRESENTATION('',(#6471),#6482);
#6471 = B_SPLINE_CURVE_WITH_KNOTS('',5,(#6472,#6473,#6474,#6475,#6476,
    #6477,#6478,#6479,#6480,#6481),.UNSPECIFIED.,.F.,.F.,(6,4,6),(0.,
    0.499999961391,1.),.UNSPECIFIED.);
#6472 = CARTESIAN_POINT('',(2.971523202911,10.0000006));
#6473 = CARTESIAN_POINT('',(2.968324095771,9.016395607351));
#6474 = CARTESIAN_POINT('',(2.965942739427,8.020121010454));
#6475 = CARTESIAN_POINT('',(2.964361311036,7.016037711902));
#6476 = CARTESIAN_POINT('',(2.963570499466,6.008052314594));
#6477 = CARTESIAN_POINT('',(2.963570499466,3.991947529727));
#6478 = CARTESIAN_POINT('',(2.964361311285,2.983962734573));
#6479 = CARTESIAN_POINT('',(2.9659427378,1.979879103961));
#6480 = CARTESIAN_POINT('',(2.96832409817,0.983603653045));
#6481 = CARTESIAN_POINT('',(2.971523202903,-6.E-07));
#6482 = ( GEOMETRIC_REPRESENTATION_CONTEXT(2) 
PARAMETRIC_REPRESENTATION_CONTEXT() REPRESENTATION_CONTEXT('2D SPACE',''
  ) );
#6483 = ORIENTED_EDGE('',*,*,#1273,.F.);
#6484 = FACE_BOUND('',#6485,.T.);
#6485 = EDGE_LOOP('',(#6486));
#6486 = ORIENTED_EDGE('',*,*,#6487,.F.);
#6487 = EDGE_CURVE('',#6488,#6488,#6490,.T.);
#6488 = VERTEX_POINT('',#6489);
#6489 = CARTESIAN_POINT('',(-67.9,-5.143516556419E-16,17.));
#6490 = SURFACE_CURVE('',#6491,(#6542,#6596),.PCURVE_S1.);
#6491 = B_SPLINE_CURVE_WITH_KNOTS('',7,(#6492,#6493,#6494,#6495,#6496,
    #6497,#6498,#6499,#6500,#6501,#6502,#6503,#6504,#6505,#6506,#6507,
    #6508,#6509,#6510,#6511,#6512,#6513,#6514,#6515,#6516,#6517,#6518,
    #6519,#6520,#6521,#6522,#6523,#6524,#6525,#6526,#6527,#6528,#6529,
    #6530,#6531,#6532,#6533,#6534,#6535,#6536,#6537,#6538,#6539,#6540,
    #6541),.UNSPECIFIED.,.T.,.F.,(8,6,6,6,6,6,6,6,8),(0.,0.122694318738,
    0.250005614126,0.377323533374,0.500000893666,0.622707396531,
    0.750027284314,0.877346807044,1.),.UNSPECIFIED.);
#6492 = CARTESIAN_POINT('',(-67.9,-1.33226762955E-15,17.));
#6493 = CARTESIAN_POINT('',(-67.9,0.27899941845,17.));
#6494 = CARTESIAN_POINT('',(-67.94324437308,0.550472901491,
    16.994657900753));
#6495 = CARTESIAN_POINT('',(-68.02553686823,0.806637734836,
    16.984493160459));
#6496 = CARTESIAN_POINT('',(-68.14120918429,1.041038338695,
    16.970884385458));
#6497 = CARTESIAN_POINT('',(-68.28318086209,1.248771335965,
    16.955713808497));
#6498 = CARTESIAN_POINT('',(-68.44305422404,1.426953058062,
    16.940660624667));
#6499 = CARTESIAN_POINT('',(-68.78576494913,1.7290932051,16.912543114244
    ));
#6500 = CARTESIAN_POINT('',(-68.97393949816,1.854901793688,
    16.899189425933));
#6501 = CARTESIAN_POINT('',(-69.17128947839,1.953857542309,
    16.887763503364));
#6502 = CARTESIAN_POINT('',(-69.37469410558,2.027149266282,16.8788642531
    ));
#6503 = CARTESIAN_POINT('',(-69.58183368071,2.075695874102,
    16.872820918917));
#6504 = CARTESIAN_POINT('',(-69.79083925026,2.1,16.869795493722));
#6505 = CARTESIAN_POINT('',(-70.20917163212,2.1,16.869795493722));
#6506 = CARTESIAN_POINT('',(-70.4181750246,2.075693389921,
    16.872821225281));
#6507 = CARTESIAN_POINT('',(-70.6253084228,2.027147043265,16.87886453764
    ));
#6508 = CARTESIAN_POINT('',(-70.82870877662,1.953857705366,
    16.887763427069));
#6509 = CARTESIAN_POINT('',(-71.02605862796,1.854903375824,
    16.899189278446));
#6510 = CARTESIAN_POINT('',(-71.21423498715,1.729093261273,
    16.912543109017));
#6511 = CARTESIAN_POINT('',(-71.55691384139,1.426981212166,
    16.940658004614));
#6512 = CARTESIAN_POINT('',(-71.71680097825,1.248801523859,
    16.955711583142));
#6513 = CARTESIAN_POINT('',(-71.8588002725,1.041042971151,16.970884917)
  );
#6514 = CARTESIAN_POINT('',(-71.97448942727,0.806600866758,
    16.98449640028));
#6515 = CARTESIAN_POINT('',(-72.0567761714,0.550401825964,
    16.994660441865));
#6516 = CARTESIAN_POINT('',(-72.1,0.278933156591,17.));
#6517 = CARTESIAN_POINT('',(-72.1,-0.27899941845,17.));
#6518 = CARTESIAN_POINT('',(-72.05675562691,-0.55047290149,
    16.994657900753));
#6519 = CARTESIAN_POINT('',(-71.97446313176,-0.806637734836,
    16.984493160459));
#6520 = CARTESIAN_POINT('',(-71.8587908157,-1.041038338694,
    16.970884385458));
#6521 = CARTESIAN_POINT('',(-71.7168191379,-1.248771335965,
    16.955713808497));
#6522 = CARTESIAN_POINT('',(-71.55694577595,-1.426953058062,
    16.940660624667));
#6523 = CARTESIAN_POINT('',(-71.2142406024,-1.72908831076,
    16.912543569717));
#6524 = CARTESIAN_POINT('',(-71.02606133304,-1.854903581117,
    16.899189364119));
#6525 = CARTESIAN_POINT('',(-70.82870465797,-1.953860779536,
    16.887763039315));
#6526 = CARTESIAN_POINT('',(-70.62530135833,-2.027148891724,
    16.878864306999));
#6527 = CARTESIAN_POINT('',(-70.41817090451,-2.075693230289,
    16.872821245869));
#6528 = CARTESIAN_POINT('',(-70.20917222522,-2.1,16.869795493722));
#6529 = CARTESIAN_POINT('',(-69.79082837451,-2.1,16.869795493722));
#6530 = CARTESIAN_POINT('',(-69.58182495915,-2.075693391604,
    16.872821225149));
#6531 = CARTESIAN_POINT('',(-69.37469158893,-2.027147035299,
    16.878864538349));
#6532 = CARTESIAN_POINT('',(-69.17129122921,-1.953857720332,
    16.887763425674));
#6533 = CARTESIAN_POINT('',(-68.97394135907,-1.854903362392,
    16.899189279712));
#6534 = CARTESIAN_POINT('',(-68.78576501864,-1.729093266383,
    16.912543108541));
#6535 = CARTESIAN_POINT('',(-68.44312139759,-1.427012279509,
    16.940655113451));
#6536 = CARTESIAN_POINT('',(-68.2832095141,-1.248826379457,
    16.955709905447));
#6537 = CARTESIAN_POINT('',(-68.1411798304,-1.041032242294,
    16.970886704407));
#6538 = CARTESIAN_POINT('',(-68.02547980501,-0.806547213734,
    16.984500225935));
#6539 = CARTESIAN_POINT('',(-67.94320427469,-0.550323989145,
    16.994662851203));
#6540 = CARTESIAN_POINT('',(-67.9,-0.278870054212,17.));
#6541 = CARTESIAN_POINT('',(-67.9,-1.33226762955E-15,17.));
#6542 = PCURVE('',#1288,#6543);
#6543 = DEFINITIONAL_REPRESENTATION('',(#6544),#6595);
#6544 = B_SPLINE_CURVE_WITH_KNOTS('',7,(#6545,#6546,#6547,#6548,#6549,
    #6550,#6551,#6552,#6553,#6554,#6555,#6556,#6557,#6558,#6559,#6560,
    #6561,#6562,#6563,#6564,#6565,#6566,#6567,#6568,#6569,#6570,#6571,
    #6572,#6573,#6574,#6575,#6576,#6577,#6578,#6579,#6580,#6581,#6582,
    #6583,#6584,#6585,#6586,#6587,#6588,#6589,#6590,#6591,#6592,#6593,
    #6594),.UNSPECIFIED.,.T.,.F.,(8,6,6,6,6,6,6,6,8),(0.,0.122694318738,
    0.250005614126,0.377323533374,0.500000893666,0.622707396531,
    0.750027284314,0.877346807044,1.),.UNSPECIFIED.);
#6545 = CARTESIAN_POINT('',(3.14159265359,27.9));
#6546 = CARTESIAN_POINT('',(3.158004384087,27.9));
#6547 = CARTESIAN_POINT('',(3.173973420529,27.943244373087));
#6548 = CARTESIAN_POINT('',(3.189049115165,28.025536868237));
#6549 = CARTESIAN_POINT('',(3.202857427919,28.141209184295));
#6550 = CARTESIAN_POINT('',(3.215108266398,28.283180862092));
#6551 = CARTESIAN_POINT('',(3.225626493544,28.443054224045));
#6552 = CARTESIAN_POINT('',(3.243476237695,28.785764949131));
#6553 = CARTESIAN_POINT('',(3.250917690315,28.973939498165));
#6554 = CARTESIAN_POINT('',(3.256777077428,29.17128947839));
#6555 = CARTESIAN_POINT('',(3.261119994288,29.374694105581));
#6556 = CARTESIAN_POINT('',(3.263997720616,29.581833680714));
#6557 = CARTESIAN_POINT('',(3.265438408965,29.790839250264));
#6558 = CARTESIAN_POINT('',(3.265438408965,30.209171632129));
#6559 = CARTESIAN_POINT('',(3.263997573398,30.418175024607));
#6560 = CARTESIAN_POINT('',(3.261119862425,30.625308422805));
#6561 = CARTESIAN_POINT('',(3.256777087503,30.828708776621));
#6562 = CARTESIAN_POINT('',(3.250917783755,31.026058627963));
#6563 = CARTESIAN_POINT('',(3.243476241013,31.214234987154));
#6564 = CARTESIAN_POINT('',(3.225628156824,31.556913841393));
#6565 = CARTESIAN_POINT('',(3.215110046847,31.716800978251));
#6566 = CARTESIAN_POINT('',(3.202857696237,31.858800272502));
#6567 = CARTESIAN_POINT('',(3.18904694103,31.974489427277));
#6568 = CARTESIAN_POINT('',(3.173969239602,32.056776171408));
#6569 = CARTESIAN_POINT('',(3.15800048633,32.1));
#6570 = CARTESIAN_POINT('',(3.125180923093,32.1));
#6571 = CARTESIAN_POINT('',(3.10921188665,32.056755626913));
#6572 = CARTESIAN_POINT('',(3.094136192015,31.974463131763));
#6573 = CARTESIAN_POINT('',(3.080327879261,31.858790815704));
#6574 = CARTESIAN_POINT('',(3.068077040781,31.716819137908));
#6575 = CARTESIAN_POINT('',(3.057558813636,31.556945775955));
#6576 = CARTESIAN_POINT('',(3.039709358631,31.214240602408));
#6577 = CARTESIAN_POINT('',(3.032267511878,31.026061333041));
#6578 = CARTESIAN_POINT('',(3.026408037557,30.82870465797));
#6579 = CARTESIAN_POINT('',(3.022065335092,30.625301358331));
#6580 = CARTESIAN_POINT('',(3.019187743277,30.418170904514));
#6581 = CARTESIAN_POINT('',(3.017746898214,30.209172225227));
#6582 = CARTESIAN_POINT('',(3.017746898214,29.790828374514));
#6583 = CARTESIAN_POINT('',(3.019187733682,29.581824959155));
#6584 = CARTESIAN_POINT('',(3.022065445225,29.374691588934));
#6585 = CARTESIAN_POINT('',(3.026408218792,29.171291229215));
#6586 = CARTESIAN_POINT('',(3.032267524218,28.973941359071));
#6587 = CARTESIAN_POINT('',(3.039709065864,28.785765018643));
#6588 = CARTESIAN_POINT('',(3.057555314969,28.443121397591));
#6589 = CARTESIAN_POINT('',(3.068073795366,28.283209514105));
#6590 = CARTESIAN_POINT('',(3.080328248576,28.141179830406));
#6591 = CARTESIAN_POINT('',(3.094141527664,28.025479805016));
#6592 = CARTESIAN_POINT('',(3.109220646054,27.943204274692));
#6593 = CARTESIAN_POINT('',(3.125188532754,27.9));
#6594 = CARTESIAN_POINT('',(3.14159265359,27.9));
#6595 = ( GEOMETRIC_REPRESENTATION_CONTEXT(2) 
PARAMETRIC_REPRESENTATION_CONTEXT() REPRESENTATION_CONTEXT('2D SPACE',''
  ) );
#6596 = PCURVE('',#6597,#6602);
#6597 = CYLINDRICAL_SURFACE('',#6598,2.1);
#6598 = AXIS2_PLACEMENT_3D('',#6599,#6600,#6601);
#6599 = CARTESIAN_POINT('',(-70.,0.,-20.));
#6600 = DIRECTION('',(0.,0.,1.));
#6601 = DIRECTION('',(1.,0.,-0.));
#6602 = DEFINITIONAL_REPRESENTATION('',(#6603),#6654);
#6603 = B_SPLINE_CURVE_WITH_KNOTS('',7,(#6604,#6605,#6606,#6607,#6608,
    #6609,#6610,#6611,#6612,#6613,#6614,#6615,#6616,#6617,#6618,#6619,
    #6620,#6621,#6622,#6623,#6624,#6625,#6626,#6627,#6628,#6629,#6630,
    #6631,#6632,#6633,#6634,#6635,#6636,#6637,#6638,#6639,#6640,#6641,
    #6642,#6643,#6644,#6645,#6646,#6647,#6648,#6649,#6650,#6651,#6652,
    #6653),.UNSPECIFIED.,.F.,.F.,(8,6,6,6,6,6,6,6,8),(0.,0.122694318738,
    0.250005614126,0.377323533374,0.500000893666,0.622707396531,
    0.750027284314,0.877346807044,1.),.UNSPECIFIED.);
#6604 = CARTESIAN_POINT('',(0.,37.));
#6605 = CARTESIAN_POINT('',(0.132856865928,37.));
#6606 = CARTESIAN_POINT('',(0.262129859914,36.994657900753));
#6607 = CARTESIAN_POINT('',(0.387943671449,36.984493160459));
#6608 = CARTESIAN_POINT('',(0.510124032445,36.970884385458));
#6609 = CARTESIAN_POINT('',(0.62824054874,36.955713808497));
#6610 = CARTESIAN_POINT('',(0.741457981802,36.940660624667));
#6611 = CARTESIAN_POINT('',(0.959019873609,36.912543114244));
#6612 = CARTESIAN_POINT('',(1.065853585147,36.899189425933));
#6613 = CARTESIAN_POINT('',(1.16972863053,36.887763503364));
#6614 = CARTESIAN_POINT('',(1.271417201679,36.8788642531));
#6615 = CARTESIAN_POINT('',(1.371669661727,36.872820918917));
#6616 = CARTESIAN_POINT('',(1.471195969778,36.869795493722));
#6617 = CARTESIAN_POINT('',(1.670401865904,36.869795493722));
#6618 = CARTESIAN_POINT('',(1.76992712248,36.872821225281));
#6619 = CARTESIAN_POINT('',(1.870176927628,36.87886453764));
#6620 = CARTESIAN_POINT('',(1.971863313083,36.887763427069));
#6621 = CARTESIAN_POINT('',(2.075737908855,36.899189278446));
#6622 = CARTESIAN_POINT('',(2.182572739533,36.912543109017));
#6623 = CARTESIAN_POINT('',(2.400114398878,36.940658004614));
#6624 = CARTESIAN_POINT('',(2.513336115462,36.955711583142));
#6625 = CARTESIAN_POINT('',(2.631469387111,36.970884917));
#6626 = CARTESIAN_POINT('',(2.753669231281,36.98449640028));
#6627 = CARTESIAN_POINT('',(2.879496646385,36.994660441865));
#6628 = CARTESIAN_POINT('',(3.008767340927,37.));
#6629 = CARTESIAN_POINT('',(3.274449519518,37.));
#6630 = CARTESIAN_POINT('',(3.403722513503,36.994657900753));
#6631 = CARTESIAN_POINT('',(3.52953632504,36.984493160459));
#6632 = CARTESIAN_POINT('',(3.651716686035,36.970884385458));
#6633 = CARTESIAN_POINT('',(3.76983320233,36.955713808497));
#6634 = CARTESIAN_POINT('',(3.883050635392,36.940660624667));
#6635 = CARTESIAN_POINT('',(4.100609002934,36.912543569717));
#6636 = CARTESIAN_POINT('',(4.2074464942,36.899189364119));
#6637 = CARTESIAN_POINT('',(4.311324231845,36.887763039315));
#6638 = CARTESIAN_POINT('',(4.413011756179,36.878864306999));
#6639 = CARTESIAN_POINT('',(4.513260136265,36.872821245869));
#6640 = CARTESIAN_POINT('',(4.612783158848,36.869795493722));
#6641 = CARTESIAN_POINT('',(4.81199451633,36.869795493722));
#6642 = CARTESIAN_POINT('',(4.911519783404,36.872821225149));
#6643 = CARTESIAN_POINT('',(5.011769577175,36.878864538349));
#6644 = CARTESIAN_POINT('',(5.113455961227,36.887763425674));
#6645 = CARTESIAN_POINT('',(5.21733057097,36.899189279712));
#6646 = CARTESIAN_POINT('',(5.324165389443,36.912543108541));
#6647 = CARTESIAN_POINT('',(5.541684681823,36.940655113451));
#6648 = CARTESIAN_POINT('',(5.65491720423,36.955709905447));
#6649 = CARTESIAN_POINT('',(5.773071231937,36.970886704407));
#6650 = CARTESIAN_POINT('',(5.895289999893,36.984500225935));
#6651 = CARTESIAN_POINT('',(6.021126371109,36.994662851203));
#6652 = CARTESIAN_POINT('',(6.150390043269,37.));
#6653 = CARTESIAN_POINT('',(6.28318530718,37.));
#6654 = ( GEOMETRIC_REPRESENTATION_CONTEXT(2) 
PARAMETRIC_REPRESENTATION_CONTEXT() REPRESENTATION_CONTEXT('2D SPACE',''
  ) );
#6655 = ADVANCED_FACE('',(#6656),#1314,.F.);
#6656 = FACE_BOUND('',#6657,.F.);
#6657 = EDGE_LOOP('',(#6658,#6659,#6660,#6661,#6662,#6686));
#6658 = ORIENTED_EDGE('',*,*,#1299,.F.);
#6659 = ORIENTED_EDGE('',*,*,#6108,.T.);
#6660 = ORIENTED_EDGE('',*,*,#6394,.T.);
#6661 = ORIENTED_EDGE('',*,*,#1398,.F.);
#6662 = ORIENTED_EDGE('',*,*,#6663,.F.);
#6663 = EDGE_CURVE('',#6664,#1378,#6666,.T.);
#6664 = VERTEX_POINT('',#6665);
#6665 = CARTESIAN_POINT('',(-40.,3.673940397442E-15,-15.));
#6666 = SURFACE_CURVE('',#6667,(#6672,#6679),.PCURVE_S1.);
#6667 = CIRCLE('',#6668,15.);
#6668 = AXIS2_PLACEMENT_3D('',#6669,#6670,#6671);
#6669 = CARTESIAN_POINT('',(-40.,0.,0.));
#6670 = DIRECTION('',(-1.,0.,0.));
#6671 = DIRECTION('',(0.,0.,-1.));
#6672 = PCURVE('',#1314,#6673);
#6673 = DEFINITIONAL_REPRESENTATION('',(#6674),#6678);
#6674 = CIRCLE('',#6675,15.);
#6675 = AXIS2_PLACEMENT_2D('',#6676,#6677);
#6676 = CARTESIAN_POINT('',(0.,0.));
#6677 = DIRECTION('',(1.,0.));
#6678 = ( GEOMETRIC_REPRESENTATION_CONTEXT(2) 
PARAMETRIC_REPRESENTATION_CONTEXT() REPRESENTATION_CONTEXT('2D SPACE',''
  ) );
#6679 = PCURVE('',#1340,#6680);
#6680 = DEFINITIONAL_REPRESENTATION('',(#6681),#6685);
#6681 = LINE('',#6682,#6683);
#6682 = CARTESIAN_POINT('',(0.,5.));
#6683 = VECTOR('',#6684,1.);
#6684 = DIRECTION('',(1.,0.));
#6685 = ( GEOMETRIC_REPRESENTATION_CONTEXT(2) 
PARAMETRIC_REPRESENTATION_CONTEXT() REPRESENTATION_CONTEXT('2D SPACE',''
  ) );
#6686 = ORIENTED_EDGE('',*,*,#6687,.F.);
#6687 = EDGE_CURVE('',#1300,#6664,#6688,.T.);
#6688 = SURFACE_CURVE('',#6689,(#6694,#6701),.PCURVE_S1.);
#6689 = CIRCLE('',#6690,15.);
#6690 = AXIS2_PLACEMENT_3D('',#6691,#6692,#6693);
#6691 = CARTESIAN_POINT('',(-40.,0.,0.));
#6692 = DIRECTION('',(-1.,0.,0.));
#6693 = DIRECTION('',(0.,0.,-1.));
#6694 = PCURVE('',#1314,#6695);
#6695 = DEFINITIONAL_REPRESENTATION('',(#6696),#6700);
#6696 = CIRCLE('',#6697,15.);
#6697 = AXIS2_PLACEMENT_2D('',#6698,#6699);
#6698 = CARTESIAN_POINT('',(0.,0.));
#6699 = DIRECTION('',(1.,0.));
#6700 = ( GEOMETRIC_REPRESENTATION_CONTEXT(2) 
PARAMETRIC_REPRESENTATION_CONTEXT() REPRESENTATION_CONTEXT('2D SPACE',''
  ) );
#6701 = PCURVE('',#1340,#6702);
#6702 = DEFINITIONAL_REPRESENTATION('',(#6703),#6707);
#6703 = LINE('',#6704,#6705);
#6704 = CARTESIAN_POINT('',(0.,5.));
#6705 = VECTOR('',#6706,1.);
#6706 = DIRECTION('',(1.,0.));
#6707 = ( GEOMETRIC_REPRESENTATION_CONTEXT(2) 
PARAMETRIC_REPRESENTATION_CONTEXT() REPRESENTATION_CONTEXT('2D SPACE',''
  ) );
#6708 = ADVANCED_FACE('',(#6709,#7035),#1340,.F.);
#6709 = FACE_BOUND('',#6710,.F.);
#6710 = EDGE_LOOP('',(#6711,#6735,#6758,#6850,#6871,#6872,#6873,#6895,
    #6896,#6918,#6919,#6941,#6942,#6943,#6944,#7034));
#6711 = ORIENTED_EDGE('',*,*,#6712,.F.);
#6712 = EDGE_CURVE('',#6713,#6713,#6715,.T.);
#6713 = VERTEX_POINT('',#6714);
#6714 = CARTESIAN_POINT('',(-100.,3.673940397442E-15,-15.));
#6715 = SURFACE_CURVE('',#6716,(#6721,#6728),.PCURVE_S1.);
#6716 = CIRCLE('',#6717,15.);
#6717 = AXIS2_PLACEMENT_3D('',#6718,#6719,#6720);
#6718 = CARTESIAN_POINT('',(-100.,0.,0.));
#6719 = DIRECTION('',(-1.,0.,0.));
#6720 = DIRECTION('',(0.,0.,-1.));
#6721 = PCURVE('',#1340,#6722);
#6722 = DEFINITIONAL_REPRESENTATION('',(#6723),#6727);
#6723 = LINE('',#6724,#6725);
#6724 = CARTESIAN_POINT('',(0.,65.));
#6725 = VECTOR('',#6726,1.);
#6726 = DIRECTION('',(1.,0.));
#6727 = ( GEOMETRIC_REPRESENTATION_CONTEXT(2) 
PARAMETRIC_REPRESENTATION_CONTEXT() REPRESENTATION_CONTEXT('2D SPACE',''
  ) );
#6728 = PCURVE('',#6290,#6729);
#6729 = DEFINITIONAL_REPRESENTATION('',(#6730),#6734);
#6730 = CIRCLE('',#6731,15.);
#6731 = AXIS2_PLACEMENT_2D('',#6732,#6733);
#6732 = CARTESIAN_POINT('',(0.,0.));
#6733 = DIRECTION('',(1.,0.));
#6734 = ( GEOMETRIC_REPRESENTATION_CONTEXT(2) 
PARAMETRIC_REPRESENTATION_CONTEXT() REPRESENTATION_CONTEXT('2D SPACE',''
  ) );
#6735 = ORIENTED_EDGE('',*,*,#6736,.F.);
#6736 = EDGE_CURVE('',#6737,#6713,#6739,.T.);
#6737 = VERTEX_POINT('',#6738);
#6738 = CARTESIAN_POINT('',(-72.1,3.673940397442E-15,-15.));
#6739 = SEAM_CURVE('',#6740,(#6744,#6751),.PCURVE_S1.);
#6740 = LINE('',#6741,#6742);
#6741 = CARTESIAN_POINT('',(-35.,3.673940397442E-15,-15.));
#6742 = VECTOR('',#6743,1.);
#6743 = DIRECTION('',(-1.,0.,0.));
#6744 = PCURVE('',#1340,#6745);
#6745 = DEFINITIONAL_REPRESENTATION('',(#6746),#6750);
#6746 = LINE('',#6747,#6748);
#6747 = CARTESIAN_POINT('',(6.28318530718,-0.));
#6748 = VECTOR('',#6749,1.);
#6749 = DIRECTION('',(0.,1.));
#6750 = ( GEOMETRIC_REPRESENTATION_CONTEXT(2) 
PARAMETRIC_REPRESENTATION_CONTEXT() REPRESENTATION_CONTEXT('2D SPACE',''
  ) );
#6751 = PCURVE('',#1340,#6752);
#6752 = DEFINITIONAL_REPRESENTATION('',(#6753),#6757);
#6753 = LINE('',#6754,#6755);
#6754 = CARTESIAN_POINT('',(0.,-0.));
#6755 = VECTOR('',#6756,1.);
#6756 = DIRECTION('',(0.,1.));
#6757 = ( GEOMETRIC_REPRESENTATION_CONTEXT(2) 
PARAMETRIC_REPRESENTATION_CONTEXT() REPRESENTATION_CONTEXT('2D SPACE',''
  ) );
#6758 = ORIENTED_EDGE('',*,*,#6759,.T.);
#6759 = EDGE_CURVE('',#6737,#6760,#6762,.T.);
#6760 = VERTEX_POINT('',#6761);
#6761 = CARTESIAN_POINT('',(-67.9,1.5797943709E-15,-15.));
#6762 = SURFACE_CURVE('',#6763,(#6790,#6820),.PCURVE_S1.);
#6763 = B_SPLINE_CURVE_WITH_KNOTS('',7,(#6764,#6765,#6766,#6767,#6768,
    #6769,#6770,#6771,#6772,#6773,#6774,#6775,#6776,#6777,#6778,#6779,
    #6780,#6781,#6782,#6783,#6784,#6785,#6786,#6787,#6788,#6789),
  .UNSPECIFIED.,.F.,.F.,(8,6,6,6,8),(0.,0.24545722564,0.500054032253,
    0.754650219609,1.),.UNSPECIFIED.);
#6764 = CARTESIAN_POINT('',(-72.1,4.440892098501E-16,-15.));
#6765 = CARTESIAN_POINT('',(-72.1,-0.279114841086,-15.));
#6766 = CARTESIAN_POINT('',(-72.05671985613,-0.550621833632,
    -14.99394058823));
#6767 = CARTESIAN_POINT('',(-71.97440314705,-0.806764978539,
    -14.98241728871));
#6768 = CARTESIAN_POINT('',(-71.85873130942,-1.041123175926,
    -14.96699160453));
#6769 = CARTESIAN_POINT('',(-71.71677744774,-1.248816226171,
    -14.94978966022));
#6770 = CARTESIAN_POINT('',(-71.55692744357,-1.426969220229,
    -14.9327152988));
#6771 = CARTESIAN_POINT('',(-71.21432049966,-1.729017871856,
    -14.90081912626));
#6772 = CARTESIAN_POINT('',(-71.0262040304,-1.854814467231,
    -14.88566476047));
#6773 = CARTESIAN_POINT('',(-70.82887704014,-1.953787403224,
    -14.87268975536));
#6774 = CARTESIAN_POINT('',(-70.62546529399,-2.027106265677,
    -14.86257928826));
#6775 = CARTESIAN_POINT('',(-70.41829377989,-2.075678646908,
    -14.85571138535));
#6776 = CARTESIAN_POINT('',(-70.20923494631,-2.1,-14.85227255338));
#6777 = CARTESIAN_POINT('',(-69.79076556261,-2.1,-14.85227255338));
#6778 = CARTESIAN_POINT('',(-69.58170197913,-2.075678787251,
    -14.85571136488));
#6779 = CARTESIAN_POINT('',(-69.37452757371,-2.02710437675,
    -14.86257955539));
#6780 = CARTESIAN_POINT('',(-69.17111882996,-1.953784318804,
    -14.87269019772));
#6781 = CARTESIAN_POINT('',(-68.97379872539,-1.854814262741,
    -14.88566466089));
#6782 = CARTESIAN_POINT('',(-68.78568521653,-1.729022911364,
    -14.90081859409));
#6783 = CARTESIAN_POINT('',(-68.44314025397,-1.427028903651,
    -14.93270899626));
#6784 = CARTESIAN_POINT('',(-68.28325137764,-1.248871651566,
    -14.94978520486));
#6785 = CARTESIAN_POINT('',(-68.14123907644,-1.041116958034,
    -14.9669942657));
#6786 = CARTESIAN_POINT('',(-68.02553935042,-0.806673727463,
    -14.98242535667));
#6787 = CARTESIAN_POINT('',(-67.94323971552,-0.550471778571,
    -14.99394624532));
#6788 = CARTESIAN_POINT('',(-67.9,-0.278984464687,-15.));
#6789 = CARTESIAN_POINT('',(-67.9,-4.440892098501E-16,-15.));
#6790 = PCURVE('',#1340,#6791);
#6791 = DEFINITIONAL_REPRESENTATION('',(#6792),#6819);
#6792 = B_SPLINE_CURVE_WITH_KNOTS('',7,(#6793,#6794,#6795,#6796,#6797,
    #6798,#6799,#6800,#6801,#6802,#6803,#6804,#6805,#6806,#6807,#6808,
    #6809,#6810,#6811,#6812,#6813,#6814,#6815,#6816,#6817,#6818),
  .UNSPECIFIED.,.F.,.F.,(8,6,6,6,8),(0.,0.24545722564,0.500054032253,
    0.754650219609,1.),.UNSPECIFIED.);
#6793 = CARTESIAN_POINT('',(0.,37.1));
#6794 = CARTESIAN_POINT('',(1.860765607243E-02,37.1));
#6795 = CARTESIAN_POINT('',(3.670813366069E-02,37.056719856138));
#6796 = CARTESIAN_POINT('',(5.379480272813E-02,36.97440314705));
#6797 = CARTESIAN_POINT('',(6.944786127734E-02,36.858731309421));
#6798 = CARTESIAN_POINT('',(8.333958794681E-02,36.716777447743));
#6799 = CARTESIAN_POINT('',(9.527031067627E-02,36.556927443575));
#6800 = CARTESIAN_POINT('',(0.115518850132,36.214320499662));
#6801 = CARTESIAN_POINT('',(0.123965014265,36.0262040304));
#6802 = CARTESIAN_POINT('',(0.130619352461,35.828877040142));
#6803 = CARTESIAN_POINT('',(0.135553493632,35.625465293995));
#6804 = CARTESIAN_POINT('',(0.138823864425,35.418293779898));
#6805 = CARTESIAN_POINT('',(0.14046141471,35.20923494631));
#6806 = CARTESIAN_POINT('',(0.14046141471,34.790765562613));
#6807 = CARTESIAN_POINT('',(0.13882387392,34.581701979131));
#6808 = CARTESIAN_POINT('',(0.135553366325,34.374527573714));
#6809 = CARTESIAN_POINT('',(0.130619144945,34.171118829963));
#6810 = CARTESIAN_POINT('',(0.123965001422,33.973798725399));
#6811 = CARTESIAN_POINT('',(0.115519187967,33.785685216538));
#6812 = CARTESIAN_POINT('',(9.527431169439E-02,33.443140253979));
#6813 = CARTESIAN_POINT('',(8.334329405049E-02,33.28325137764));
#6814 = CARTESIAN_POINT('',(6.94474310148E-02,33.141239076441));
#6815 = CARTESIAN_POINT('',(5.378870337015E-02,33.025539350428));
#6816 = CARTESIAN_POINT('',(3.66981302004E-02,32.94323971552));
#6817 = CARTESIAN_POINT('',(1.859896431244E-02,32.9));
#6818 = CARTESIAN_POINT('',(0.,32.9));
#6819 = ( GEOMETRIC_REPRESENTATION_CONTEXT(2) 
PARAMETRIC_REPRESENTATION_CONTEXT() REPRESENTATION_CONTEXT('2D SPACE',''
  ) );
#6820 = PCURVE('',#6217,#6821);
#6821 = DEFINITIONAL_REPRESENTATION('',(#6822),#6849);
#6822 = B_SPLINE_CURVE_WITH_KNOTS('',7,(#6823,#6824,#6825,#6826,#6827,
    #6828,#6829,#6830,#6831,#6832,#6833,#6834,#6835,#6836,#6837,#6838,
    #6839,#6840,#6841,#6842,#6843,#6844,#6845,#6846,#6847,#6848),
  .UNSPECIFIED.,.F.,.F.,(8,6,6,6,8),(0.,0.24545722564,0.500054032253,
    0.754650219609,1.),.UNSPECIFIED.);
#6823 = CARTESIAN_POINT('',(3.14159265359,5.));
#6824 = CARTESIAN_POINT('',(3.274504482679,5.));
#6825 = CARTESIAN_POINT('',(3.403793436879,5.006059411762));
#6826 = CARTESIAN_POINT('',(3.529601652969,5.017582711289));
#6827 = CARTESIAN_POINT('',(3.65176528752,5.033008395469));
#6828 = CARTESIAN_POINT('',(3.769862235794,5.050210339774));
#6829 = CARTESIAN_POINT('',(3.883062273274,5.067284701199));
#6830 = CARTESIAN_POINT('',(4.10055828203,5.099180873737));
#6831 = CARTESIAN_POINT('',(4.207367459136,5.114335239521));
#6832 = CARTESIAN_POINT('',(4.311236508755,5.127310244634));
#6833 = CARTESIAN_POINT('',(4.412932245979,5.137420711731));
#6834 = CARTESIAN_POINT('',(4.513201622414,5.144288614644));
#6835 = CARTESIAN_POINT('',(4.612753291666,5.147727446616));
#6836 = CARTESIAN_POINT('',(4.81202442676,5.147727446616));
#6837 = CARTESIAN_POINT('',(4.911578347079,5.144288635115));
#6838 = CARTESIAN_POINT('',(5.011849127534,5.13742044461));
#6839 = CARTESIAN_POINT('',(5.113543695231,5.127309802272));
#6840 = CARTESIAN_POINT('',(5.217409578746,5.114335339108));
#6841 = CARTESIAN_POINT('',(5.324216049943,5.099181405907));
#6842 = CARTESIAN_POINT('',(5.541672711285,5.067291003736));
#6843 = CARTESIAN_POINT('',(5.654887988965,5.050214795134));
#6844 = CARTESIAN_POINT('',(5.773022741938,5.033005734295));
#6845 = CARTESIAN_POINT('',(5.895225063659,5.017574643326));
#6846 = CARTESIAN_POINT('',(6.021055992288,5.006053754678));
#6847 = CARTESIAN_POINT('',(6.150335562091,5.));
#6848 = CARTESIAN_POINT('',(6.28318530718,5.));
#6849 = ( GEOMETRIC_REPRESENTATION_CONTEXT(2) 
PARAMETRIC_REPRESENTATION_CONTEXT() REPRESENTATION_CONTEXT('2D SPACE',''
  ) );
#6850 = ORIENTED_EDGE('',*,*,#6851,.F.);
#6851 = EDGE_CURVE('',#6664,#6760,#6852,.T.);
#6852 = SEAM_CURVE('',#6853,(#6857,#6864),.PCURVE_S1.);
#6853 = LINE('',#6854,#6855);
#6854 = CARTESIAN_POINT('',(-35.,3.673940397442E-15,-15.));
#6855 = VECTOR('',#6856,1.);
#6856 = DIRECTION('',(-1.,0.,0.));
#6857 = PCURVE('',#1340,#6858);
#6858 = DEFINITIONAL_REPRESENTATION('',(#6859),#6863);
#6859 = LINE('',#6860,#6861);
#6860 = CARTESIAN_POINT('',(6.28318530718,-0.));
#6861 = VECTOR('',#6862,1.);
#6862 = DIRECTION('',(0.,1.));
#6863 = ( GEOMETRIC_REPRESENTATION_CONTEXT(2) 
PARAMETRIC_REPRESENTATION_CONTEXT() REPRESENTATION_CONTEXT('2D SPACE',''
  ) );
#6864 = PCURVE('',#1340,#6865);
#6865 = DEFINITIONAL_REPRESENTATION('',(#6866),#6870);
#6866 = LINE('',#6867,#6868);
#6867 = CARTESIAN_POINT('',(0.,-0.));
#6868 = VECTOR('',#6869,1.);
#6869 = DIRECTION('',(0.,1.));
#6870 = ( GEOMETRIC_REPRESENTATION_CONTEXT(2) 
PARAMETRIC_REPRESENTATION_CONTEXT() REPRESENTATION_CONTEXT('2D SPACE',''
  ) );
#6871 = ORIENTED_EDGE('',*,*,#6663,.T.);
#6872 = ORIENTED_EDGE('',*,*,#1377,.F.);
#6873 = ORIENTED_EDGE('',*,*,#6874,.T.);
#6874 = EDGE_CURVE('',#1352,#3091,#6875,.T.);
#6875 = SURFACE_CURVE('',#6876,(#6881,#6888),.PCURVE_S1.);
#6876 = CIRCLE('',#6877,15.);
#6877 = AXIS2_PLACEMENT_3D('',#6878,#6879,#6880);
#6878 = CARTESIAN_POINT('',(-35.,0.,0.));
#6879 = DIRECTION('',(-1.,0.,0.));
#6880 = DIRECTION('',(0.,0.,-1.));
#6881 = PCURVE('',#1340,#6882);
#6882 = DEFINITIONAL_REPRESENTATION('',(#6883),#6887);
#6883 = LINE('',#6884,#6885);
#6884 = CARTESIAN_POINT('',(0.,0.));
#6885 = VECTOR('',#6886,1.);
#6886 = DIRECTION('',(1.,0.));
#6887 = ( GEOMETRIC_REPRESENTATION_CONTEXT(2) 
PARAMETRIC_REPRESENTATION_CONTEXT() REPRESENTATION_CONTEXT('2D SPACE',''
  ) );
#6888 = PCURVE('',#1366,#6889);
#6889 = DEFINITIONAL_REPRESENTATION('',(#6890),#6894);
#6890 = CIRCLE('',#6891,15.);
#6891 = AXIS2_PLACEMENT_2D('',#6892,#6893);
#6892 = CARTESIAN_POINT('',(0.,0.));
#6893 = DIRECTION('',(1.,0.));
#6894 = ( GEOMETRIC_REPRESENTATION_CONTEXT(2) 
PARAMETRIC_REPRESENTATION_CONTEXT() REPRESENTATION_CONTEXT('2D SPACE',''
  ) );
#6895 = ORIENTED_EDGE('',*,*,#3111,.T.);
#6896 = ORIENTED_EDGE('',*,*,#6897,.T.);
#6897 = EDGE_CURVE('',#3112,#3044,#6898,.T.);
#6898 = SURFACE_CURVE('',#6899,(#6904,#6911),.PCURVE_S1.);
#6899 = CIRCLE('',#6900,15.);
#6900 = AXIS2_PLACEMENT_3D('',#6901,#6902,#6903);
#6901 = CARTESIAN_POINT('',(-40.,0.,0.));
#6902 = DIRECTION('',(-1.,0.,0.));
#6903 = DIRECTION('',(0.,0.,-1.));
#6904 = PCURVE('',#1340,#6905);
#6905 = DEFINITIONAL_REPRESENTATION('',(#6906),#6910);
#6906 = LINE('',#6907,#6908);
#6907 = CARTESIAN_POINT('',(0.,5.));
#6908 = VECTOR('',#6909,1.);
#6909 = DIRECTION('',(1.,0.));
#6910 = ( GEOMETRIC_REPRESENTATION_CONTEXT(2) 
PARAMETRIC_REPRESENTATION_CONTEXT() REPRESENTATION_CONTEXT('2D SPACE',''
  ) );
#6911 = PCURVE('',#3058,#6912);
#6912 = DEFINITIONAL_REPRESENTATION('',(#6913),#6917);
#6913 = CIRCLE('',#6914,15.);
#6914 = AXIS2_PLACEMENT_2D('',#6915,#6916);
#6915 = CARTESIAN_POINT('',(0.,0.));
#6916 = DIRECTION('',(1.,0.));
#6917 = ( GEOMETRIC_REPRESENTATION_CONTEXT(2) 
PARAMETRIC_REPRESENTATION_CONTEXT() REPRESENTATION_CONTEXT('2D SPACE',''
  ) );
#6918 = ORIENTED_EDGE('',*,*,#3069,.F.);
#6919 = ORIENTED_EDGE('',*,*,#6920,.T.);
#6920 = EDGE_CURVE('',#3070,#1326,#6921,.T.);
#6921 = SURFACE_CURVE('',#6922,(#6927,#6934),.PCURVE_S1.);
#6922 = CIRCLE('',#6923,15.);
#6923 = AXIS2_PLACEMENT_3D('',#6924,#6925,#6926);
#6924 = CARTESIAN_POINT('',(-35.,0.,0.));
#6925 = DIRECTION('',(-1.,0.,0.));
#6926 = DIRECTION('',(0.,0.,-1.));
#6927 = PCURVE('',#1340,#6928);
#6928 = DEFINITIONAL_REPRESENTATION('',(#6929),#6933);
#6929 = LINE('',#6930,#6931);
#6930 = CARTESIAN_POINT('',(0.,0.));
#6931 = VECTOR('',#6932,1.);
#6932 = DIRECTION('',(1.,0.));
#6933 = ( GEOMETRIC_REPRESENTATION_CONTEXT(2) 
PARAMETRIC_REPRESENTATION_CONTEXT() REPRESENTATION_CONTEXT('2D SPACE',''
  ) );
#6934 = PCURVE('',#1366,#6935);
#6935 = DEFINITIONAL_REPRESENTATION('',(#6936),#6940);
#6936 = CIRCLE('',#6937,15.);
#6937 = AXIS2_PLACEMENT_2D('',#6938,#6939);
#6938 = CARTESIAN_POINT('',(0.,0.));
#6939 = DIRECTION('',(1.,0.));
#6940 = ( GEOMETRIC_REPRESENTATION_CONTEXT(2) 
PARAMETRIC_REPRESENTATION_CONTEXT() REPRESENTATION_CONTEXT('2D SPACE',''
  ) );
#6941 = ORIENTED_EDGE('',*,*,#1325,.T.);
#6942 = ORIENTED_EDGE('',*,*,#6687,.T.);
#6943 = ORIENTED_EDGE('',*,*,#6851,.T.);
#6944 = ORIENTED_EDGE('',*,*,#6945,.T.);
#6945 = EDGE_CURVE('',#6760,#6737,#6946,.T.);
#6946 = SURFACE_CURVE('',#6947,(#6974,#7004),.PCURVE_S1.);
#6947 = B_SPLINE_CURVE_WITH_KNOTS('',7,(#6948,#6949,#6950,#6951,#6952,
    #6953,#6954,#6955,#6956,#6957,#6958,#6959,#6960,#6961,#6962,#6963,
    #6964,#6965,#6966,#6967,#6968,#6969,#6970,#6971,#6972,#6973),
  .UNSPECIFIED.,.F.,.F.,(8,6,6,6,8),(0.,0.245431824219,0.500010262898,
    0.754602332378,1.),.UNSPECIFIED.);
#6948 = CARTESIAN_POINT('',(-67.9,1.5797943709E-15,-15.));
#6949 = CARTESIAN_POINT('',(-67.9,0.279114841086,-15.));
#6950 = CARTESIAN_POINT('',(-67.94328014386,0.550621833631,
    -14.99394058823));
#6951 = CARTESIAN_POINT('',(-68.02559685295,0.80676497854,
    -14.98241728871));
#6952 = CARTESIAN_POINT('',(-68.14126869057,1.041123175926,
    -14.96699160453));
#6953 = CARTESIAN_POINT('',(-68.28322255225,1.248816226172,
    -14.94978966022));
#6954 = CARTESIAN_POINT('',(-68.44307255642,1.426969220229,
    -14.9327152988));
#6955 = CARTESIAN_POINT('',(-68.78568496784,1.729022692113,
    -14.90081861724));
#6956 = CARTESIAN_POINT('',(-68.97379669799,1.854812629013,
    -14.88566483757));
#6957 = CARTESIAN_POINT('',(-69.17111709024,1.953784201403,
    -14.8726902789));
#6958 = CARTESIAN_POINT('',(-69.37453034562,2.027106735307,
    -14.86257921381));
#6959 = CARTESIAN_POINT('',(-69.58171111592,2.075681346837,
    -14.85571100596));
#6960 = CARTESIAN_POINT('',(-69.79077676497,2.1,-14.85227255338));
#6961 = CARTESIAN_POINT('',(-70.20923443738,2.1,-14.85227255338));
#6962 = CARTESIAN_POINT('',(-70.41829802086,2.075678787251,
    -14.85571136488));
#6963 = CARTESIAN_POINT('',(-70.62547242628,2.027104376749,
    -14.86257955539));
#6964 = CARTESIAN_POINT('',(-70.82888117003,1.953784318804,
    -14.87269019772));
#6965 = CARTESIAN_POINT('',(-71.0262012746,1.854814262741,
    -14.88566466089));
#6966 = CARTESIAN_POINT('',(-71.21431478346,1.729022911364,
    -14.90081859409));
#6967 = CARTESIAN_POINT('',(-71.55689527615,1.426997579627,
    -14.93271230406));
#6968 = CARTESIAN_POINT('',(-71.71675915015,1.248846638305,
    -14.94978711743));
#6969 = CARTESIAN_POINT('',(-71.85874085637,1.041127821907,
    -14.96699221715));
#6970 = CARTESIAN_POINT('',(-71.97442965442,0.806727799118,
    -14.98242098978));
#6971 = CARTESIAN_POINT('',(-72.05674053963,0.550550223873,
    -14.99394348792));
#6972 = CARTESIAN_POINT('',(-72.1,0.27904815939,-15.));
#6973 = CARTESIAN_POINT('',(-72.1,2.222733940452E-15,-15.));
#6974 = PCURVE('',#1340,#6975);
#6975 = DEFINITIONAL_REPRESENTATION('',(#6976),#7003);
#6976 = B_SPLINE_CURVE_WITH_KNOTS('',7,(#6977,#6978,#6979,#6980,#6981,
    #6982,#6983,#6984,#6985,#6986,#6987,#6988,#6989,#6990,#6991,#6992,
    #6993,#6994,#6995,#6996,#6997,#6998,#6999,#7000,#7001,#7002),
  .UNSPECIFIED.,.F.,.F.,(8,6,6,6,8),(0.,0.245431824219,0.500010262898,
    0.754602332378,1.),.UNSPECIFIED.);
#6977 = CARTESIAN_POINT('',(6.28318530718,32.9));
#6978 = CARTESIAN_POINT('',(6.264577651107,32.9));
#6979 = CARTESIAN_POINT('',(6.246477173519,32.943280143862));
#6980 = CARTESIAN_POINT('',(6.229390504451,33.025596852951));
#6981 = CARTESIAN_POINT('',(6.213737445902,33.141268690578));
#6982 = CARTESIAN_POINT('',(6.199845719233,33.283222552258));
#6983 = CARTESIAN_POINT('',(6.187914996503,33.443072556425));
#6984 = CARTESIAN_POINT('',(6.16766613391,33.785684967846));
#6985 = CARTESIAN_POINT('',(6.159220415265,33.973796697997));
#6986 = CARTESIAN_POINT('',(6.152566170746,34.171117090248));
#6987 = CARTESIAN_POINT('',(6.147631781936,34.374530345629));
#6988 = CARTESIAN_POINT('',(6.144361260975,34.58171111592));
#6989 = CARTESIAN_POINT('',(6.14272389247,34.790776764976));
#6990 = CARTESIAN_POINT('',(6.14272389247,35.209234437387));
#6991 = CARTESIAN_POINT('',(6.14436143326,35.418298020869));
#6992 = CARTESIAN_POINT('',(6.147631940854,35.625472426286));
#6993 = CARTESIAN_POINT('',(6.152566162235,35.828881170037));
#6994 = CARTESIAN_POINT('',(6.159220305758,36.026201274601));
#6995 = CARTESIAN_POINT('',(6.167666119212,36.214314783462));
#6996 = CARTESIAN_POINT('',(6.187913095365,36.556895276153));
#6997 = CARTESIAN_POINT('',(6.199843684878,36.716759150151));
#6998 = CARTESIAN_POINT('',(6.213737142312,36.858740856377));
#6999 = CARTESIAN_POINT('',(6.229392991042,36.974429654425));
#7000 = CARTESIAN_POINT('',(6.246481947519,37.056740539635));
#7001 = CARTESIAN_POINT('',(6.264582096554,37.1));
#7002 = CARTESIAN_POINT('',(6.28318530718,37.1));
#7003 = ( GEOMETRIC_REPRESENTATION_CONTEXT(2) 
PARAMETRIC_REPRESENTATION_CONTEXT() REPRESENTATION_CONTEXT('2D SPACE',''
  ) );
#7004 = PCURVE('',#6217,#7005);
#7005 = DEFINITIONAL_REPRESENTATION('',(#7006),#7033);
#7006 = B_SPLINE_CURVE_WITH_KNOTS('',7,(#7007,#7008,#7009,#7010,#7011,
    #7012,#7013,#7014,#7015,#7016,#7017,#7018,#7019,#7020,#7021,#7022,
    #7023,#7024,#7025,#7026,#7027,#7028,#7029,#7030,#7031,#7032),
  .UNSPECIFIED.,.F.,.F.,(8,6,6,6,8),(0.,0.245431824219,0.500010262898,
    0.754602332378,1.),.UNSPECIFIED.);
#7007 = CARTESIAN_POINT('',(0.,5.));
#7008 = CARTESIAN_POINT('',(0.132911829089,5.));
#7009 = CARTESIAN_POINT('',(0.262200783289,5.006059411762));
#7010 = CARTESIAN_POINT('',(0.388008999379,5.017582711289));
#7011 = CARTESIAN_POINT('',(0.51017263393,5.033008395469));
#7012 = CARTESIAN_POINT('',(0.628269582204,5.050210339774));
#7013 = CARTESIAN_POINT('',(0.741469619685,5.067284701199));
#7014 = CARTESIAN_POINT('',(0.95896909936,5.099181382754));
#7015 = CARTESIAN_POINT('',(1.065774497183,5.114335162424));
#7016 = CARTESIAN_POINT('',(1.169640913774,5.127309721099));
#7017 = CARTESIAN_POINT('',(1.271337781005,5.137420786188));
#7018 = CARTESIAN_POINT('',(1.371611295788,5.144288994037));
#7019 = CARTESIAN_POINT('',(1.471166214879,5.147727446616));
#7020 = CARTESIAN_POINT('',(1.67043177317,5.147727446616));
#7021 = CARTESIAN_POINT('',(1.769985693489,5.144288635115));
#7022 = CARTESIAN_POINT('',(1.870256473944,5.13742044461));
#7023 = CARTESIAN_POINT('',(1.971951041641,5.127309802272));
#7024 = CARTESIAN_POINT('',(2.075816925156,5.114335339108));
#7025 = CARTESIAN_POINT('',(2.182623396354,5.099181405907));
#7026 = CARTESIAN_POINT('',(2.400102613169,5.067287695936));
#7027 = CARTESIAN_POINT('',(2.513306961949,5.05021288257));
#7028 = CARTESIAN_POINT('',(2.631420806018,5.033007782845));
#7029 = CARTESIAN_POINT('',(2.753604070727,5.017579010214));
#7030 = CARTESIAN_POINT('',(2.879425977551,5.006056512078));
#7031 = CARTESIAN_POINT('',(3.00871257769,5.));
#7032 = CARTESIAN_POINT('',(3.14159265359,5.));
#7033 = ( GEOMETRIC_REPRESENTATION_CONTEXT(2) 
PARAMETRIC_REPRESENTATION_CONTEXT() REPRESENTATION_CONTEXT('2D SPACE',''
  ) );
#7034 = ORIENTED_EDGE('',*,*,#6736,.T.);
#7035 = FACE_BOUND('',#7036,.F.);
#7036 = EDGE_LOOP('',(#7037));
#7037 = ORIENTED_EDGE('',*,*,#7038,.F.);
#7038 = EDGE_CURVE('',#7039,#7039,#7041,.T.);
#7039 = VERTEX_POINT('',#7040);
#7040 = CARTESIAN_POINT('',(-67.9,-5.143516556419E-16,15.));
#7041 = SURFACE_CURVE('',#7042,(#7093,#7147),.PCURVE_S1.);
#7042 = B_SPLINE_CURVE_WITH_KNOTS('',7,(#7043,#7044,#7045,#7046,#7047,
    #7048,#7049,#7050,#7051,#7052,#7053,#7054,#7055,#7056,#7057,#7058,
    #7059,#7060,#7061,#7062,#7063,#7064,#7065,#7066,#7067,#7068,#7069,
    #7070,#7071,#7072,#7073,#7074,#7075,#7076,#7077,#7078,#7079,#7080,
    #7081,#7082,#7083,#7084,#7085,#7086,#7087,#7088,#7089,#7090,#7091,
    #7092),.UNSPECIFIED.,.T.,.F.,(8,6,6,6,6,6,6,6,8),(0.,0.122716142367,
    0.250005600545,0.377301874136,0.500000938173,0.622729322531,
    0.750027484462,0.877325337522,1.),.UNSPECIFIED.);
#7043 = CARTESIAN_POINT('',(-67.9,-1.33226762955E-15,15.));
#7044 = CARTESIAN_POINT('',(-67.9,0.279114841086,15.));
#7045 = CARTESIAN_POINT('',(-67.94328014386,0.550621833632,
    14.993940588238));
#7046 = CARTESIAN_POINT('',(-68.02559685295,0.806764978539,
    14.982417288711));
#7047 = CARTESIAN_POINT('',(-68.14126869057,1.041123175926,
    14.966991604531));
#7048 = CARTESIAN_POINT('',(-68.28322255225,1.248816226172,
    14.949789660226));
#7049 = CARTESIAN_POINT('',(-68.44307255642,1.426969220229,
    14.932715298801));
#7050 = CARTESIAN_POINT('',(-68.78568496784,1.729022692112,
    14.900818617246));
#7051 = CARTESIAN_POINT('',(-68.97379669799,1.854812629014,
    14.885664837576));
#7052 = CARTESIAN_POINT('',(-69.17111709024,1.953784201403,
    14.872690278901));
#7053 = CARTESIAN_POINT('',(-69.37453034562,2.027106735307,
    14.862579213812));
#7054 = CARTESIAN_POINT('',(-69.58171111592,2.075681346837,
    14.855711005963));
#7055 = CARTESIAN_POINT('',(-69.79077676497,2.1,14.852272553384));
#7056 = CARTESIAN_POINT('',(-70.20923443738,2.1,14.852272553384));
#7057 = CARTESIAN_POINT('',(-70.41829802086,2.075678787251,
    14.855711364885));
#7058 = CARTESIAN_POINT('',(-70.62547242628,2.02710437675,14.86257955539
    ));
#7059 = CARTESIAN_POINT('',(-70.82888117003,1.953784318804,
    14.872690197728));
#7060 = CARTESIAN_POINT('',(-71.0262012746,1.854814262741,
    14.885664660892));
#7061 = CARTESIAN_POINT('',(-71.21431478346,1.729022911364,
    14.900818594093));
#7062 = CARTESIAN_POINT('',(-71.55689527615,1.426997579627,
    14.932712304064));
#7063 = CARTESIAN_POINT('',(-71.71675915015,1.248846638305,
    14.94978711743));
#7064 = CARTESIAN_POINT('',(-71.85874085637,1.041127821908,
    14.966992217155));
#7065 = CARTESIAN_POINT('',(-71.97442965442,0.806727799116,
    14.982420989786));
#7066 = CARTESIAN_POINT('',(-72.05674053963,0.550550223874,
    14.993943487922));
#7067 = CARTESIAN_POINT('',(-72.1,0.27904815939,15.));
#7068 = CARTESIAN_POINT('',(-72.1,-0.279114841087,15.));
#7069 = CARTESIAN_POINT('',(-72.05671985613,-0.550621833631,
    14.993940588238));
#7070 = CARTESIAN_POINT('',(-71.97440314704,-0.806764978541,
    14.982417288711));
#7071 = CARTESIAN_POINT('',(-71.85873130942,-1.041123175925,
    14.966991604531));
#7072 = CARTESIAN_POINT('',(-71.71677744774,-1.248816226172,
    14.949789660226));
#7073 = CARTESIAN_POINT('',(-71.55692744357,-1.426969220229,
    14.932715298801));
#7074 = CARTESIAN_POINT('',(-71.21432050569,-1.729017866534,
    14.900819126825));
#7075 = CARTESIAN_POINT('',(-71.02620401719,-1.854814480956,
    14.885664759014));
#7076 = CARTESIAN_POINT('',(-70.82887704564,-1.95378738837,
    14.872689756926));
#7077 = CARTESIAN_POINT('',(-70.62546530596,-2.027106273203,
    14.862579287524));
#7078 = CARTESIAN_POINT('',(-70.41829376457,-2.075678645466,
    14.855711385475));
#7079 = CARTESIAN_POINT('',(-70.20923495185,-2.1,14.852272553384));
#7080 = CARTESIAN_POINT('',(-69.79076555582,-2.1,14.852272553384));
#7081 = CARTESIAN_POINT('',(-69.58170199571,-2.075678785534,
    14.855711365038));
#7082 = CARTESIAN_POINT('',(-69.37452756173,-2.027104384878,
    14.862579554569));
#7083 = CARTESIAN_POINT('',(-69.171118824,-1.953784303542,
    14.872690199344));
#7084 = CARTESIAN_POINT('',(-68.97379873861,-1.854814276428,
    14.885664659428));
#7085 = CARTESIAN_POINT('',(-68.78568521063,-1.729022906161,
    14.900818594643));
#7086 = CARTESIAN_POINT('',(-68.44314025396,-1.427028903638,
    14.932708996266));
#7087 = CARTESIAN_POINT('',(-68.28325137764,-1.248871651563,
    14.949785204866));
#7088 = CARTESIAN_POINT('',(-68.14123907645,-1.041116958048,
    14.966994265703));
#7089 = CARTESIAN_POINT('',(-68.02553935043,-0.806673727479,
    14.982425356674));
#7090 = CARTESIAN_POINT('',(-67.94323971551,-0.550471778569,
    14.993946245323));
#7091 = CARTESIAN_POINT('',(-67.9,-0.278984464668,15.));
#7092 = CARTESIAN_POINT('',(-67.9,-1.33226762955E-15,15.));
#7093 = PCURVE('',#1340,#7094);
#7094 = DEFINITIONAL_REPRESENTATION('',(#7095),#7146);
#7095 = B_SPLINE_CURVE_WITH_KNOTS('',7,(#7096,#7097,#7098,#7099,#7100,
    #7101,#7102,#7103,#7104,#7105,#7106,#7107,#7108,#7109,#7110,#7111,
    #7112,#7113,#7114,#7115,#7116,#7117,#7118,#7119,#7120,#7121,#7122,
    #7123,#7124,#7125,#7126,#7127,#7128,#7129,#7130,#7131,#7132,#7133,
    #7134,#7135,#7136,#7137,#7138,#7139,#7140,#7141,#7142,#7143,#7144,
    #7145),.UNSPECIFIED.,.T.,.F.,(8,6,6,6,6,6,6,6,8),(0.,0.122716142367,
    0.250005600545,0.377301874136,0.500000938173,0.622729322531,
    0.750027484462,0.877325337522,1.),.UNSPECIFIED.);
#7096 = CARTESIAN_POINT('',(3.14159265359,32.9));
#7097 = CARTESIAN_POINT('',(3.160200309662,32.9));
#7098 = CARTESIAN_POINT('',(3.17830078725,32.943280143862));
#7099 = CARTESIAN_POINT('',(3.195387456318,33.02559685295));
#7100 = CARTESIAN_POINT('',(3.211040514867,33.141268690579));
#7101 = CARTESIAN_POINT('',(3.224932241537,33.283222552258));
#7102 = CARTESIAN_POINT('',(3.236862964266,33.443072556425));
#7103 = CARTESIAN_POINT('',(3.257111826859,33.785684967846));
#7104 = CARTESIAN_POINT('',(3.265557545504,33.973796697997));
#7105 = CARTESIAN_POINT('',(3.272211790023,34.171117090248));
#7106 = CARTESIAN_POINT('',(3.277146178834,34.374530345629));
#7107 = CARTESIAN_POINT('',(3.280416699794,34.58171111592));
#7108 = CARTESIAN_POINT('',(3.2820540683,34.790776764976));
#7109 = CARTESIAN_POINT('',(3.2820540683,35.209234437388));
#7110 = CARTESIAN_POINT('',(3.28041652751,35.418298020869));
#7111 = CARTESIAN_POINT('',(3.277146019915,35.625472426286));
#7112 = CARTESIAN_POINT('',(3.272211798534,35.828881170036));
#7113 = CARTESIAN_POINT('',(3.265557655012,36.026201274602));
#7114 = CARTESIAN_POINT('',(3.257111841557,36.214314783462));
#7115 = CARTESIAN_POINT('',(3.236864865405,36.556895276153));
#7116 = CARTESIAN_POINT('',(3.224934275892,36.716759150151));
#7117 = CARTESIAN_POINT('',(3.211040818457,36.858740856377));
#7118 = CARTESIAN_POINT('',(3.195384969728,36.974429654425));
#7119 = CARTESIAN_POINT('',(3.178296013251,37.056740539635));
#7120 = CARTESIAN_POINT('',(3.160195864216,37.1));
#7121 = CARTESIAN_POINT('',(3.122984997517,37.1));
#7122 = CARTESIAN_POINT('',(3.104884519929,37.056719856138));
#7123 = CARTESIAN_POINT('',(3.087797850862,36.97440314705));
#7124 = CARTESIAN_POINT('',(3.072144792313,36.858731309422));
#7125 = CARTESIAN_POINT('',(3.058253065643,36.716777447742));
#7126 = CARTESIAN_POINT('',(3.046322342914,36.556927443575));
#7127 = CARTESIAN_POINT('',(3.026073803814,36.214320505699));
#7128 = CARTESIAN_POINT('',(3.017627638405,36.02620401719));
#7129 = CARTESIAN_POINT('',(3.010973302125,35.828877045644));
#7130 = CARTESIAN_POINT('',(3.006039159453,35.625465305965));
#7131 = CARTESIAN_POINT('',(3.002768789262,35.418293764571));
#7132 = CARTESIAN_POINT('',(3.00113123888,35.209234951855));
#7133 = CARTESIAN_POINT('',(3.00113123888,34.790765555824));
#7134 = CARTESIAN_POINT('',(3.002768779785,34.581701995711));
#7135 = CARTESIAN_POINT('',(3.00603928672,34.374527561739));
#7136 = CARTESIAN_POINT('',(3.010973509668,34.171118824007));
#7137 = CARTESIAN_POINT('',(3.01762765125,33.973798738612));
#7138 = CARTESIAN_POINT('',(3.026073465971,33.785685210636));
#7139 = CARTESIAN_POINT('',(3.046318341896,33.443140253964));
#7140 = CARTESIAN_POINT('',(3.05824935954,33.283251377644));
#7141 = CARTESIAN_POINT('',(3.072145222574,33.141239076452));
#7142 = CARTESIAN_POINT('',(3.087803950219,33.02553935043));
#7143 = CARTESIAN_POINT('',(3.10489452339,32.943239715514));
#7144 = CARTESIAN_POINT('',(3.122993689279,32.9));
#7145 = CARTESIAN_POINT('',(3.14159265359,32.9));
#7146 = ( GEOMETRIC_REPRESENTATION_CONTEXT(2) 
PARAMETRIC_REPRESENTATION_CONTEXT() REPRESENTATION_CONTEXT('2D SPACE',''
  ) );
#7147 = PCURVE('',#6597,#7148);
#7148 = DEFINITIONAL_REPRESENTATION('',(#7149),#7200);
#7149 = B_SPLINE_CURVE_WITH_KNOTS('',7,(#7150,#7151,#7152,#7153,#7154,
    #7155,#7156,#7157,#7158,#7159,#7160,#7161,#7162,#7163,#7164,#7165,
    #7166,#7167,#7168,#7169,#7170,#7171,#7172,#7173,#7174,#7175,#7176,
    #7177,#7178,#7179,#7180,#7181,#7182,#7183,#7184,#7185,#7186,#7187,
    #7188,#7189,#7190,#7191,#7192,#7193,#7194,#7195,#7196,#7197,#7198,
    #7199),.UNSPECIFIED.,.F.,.F.,(8,6,6,6,6,6,6,6,8),(0.,0.122716142367,
    0.250005600545,0.377301874136,0.500000938173,0.622729322531,
    0.750027484462,0.877325337522,1.),.UNSPECIFIED.);
#7150 = CARTESIAN_POINT('',(0.,35.));
#7151 = CARTESIAN_POINT('',(0.132911829089,35.));
#7152 = CARTESIAN_POINT('',(0.262200783289,34.993940588238));
#7153 = CARTESIAN_POINT('',(0.388008999379,34.982417288711));
#7154 = CARTESIAN_POINT('',(0.51017263393,34.966991604531));
#7155 = CARTESIAN_POINT('',(0.628269582204,34.949789660226));
#7156 = CARTESIAN_POINT('',(0.741469619685,34.932715298801));
#7157 = CARTESIAN_POINT('',(0.95896909936,34.900818617246));
#7158 = CARTESIAN_POINT('',(1.065774497183,34.885664837576));
#7159 = CARTESIAN_POINT('',(1.169640913773,34.872690278901));
#7160 = CARTESIAN_POINT('',(1.271337781005,34.862579213812));
#7161 = CARTESIAN_POINT('',(1.371611295788,34.855711005963));
#7162 = CARTESIAN_POINT('',(1.471166214879,34.852272553384));
#7163 = CARTESIAN_POINT('',(1.67043177317,34.852272553384));
#7164 = CARTESIAN_POINT('',(1.769985693489,34.855711364885));
#7165 = CARTESIAN_POINT('',(1.870256473944,34.86257955539));
#7166 = CARTESIAN_POINT('',(1.971951041641,34.872690197728));
#7167 = CARTESIAN_POINT('',(2.075816925156,34.885664660892));
#7168 = CARTESIAN_POINT('',(2.182623396353,34.900818594093));
#7169 = CARTESIAN_POINT('',(2.400102613169,34.932712304064));
#7170 = CARTESIAN_POINT('',(2.51330696195,34.94978711743));
#7171 = CARTESIAN_POINT('',(2.631420806017,34.966992217155));
#7172 = CARTESIAN_POINT('',(2.753604070727,34.982420989786));
#7173 = CARTESIAN_POINT('',(2.879425977551,34.993943487922));
#7174 = CARTESIAN_POINT('',(3.00871257769,35.));
#7175 = CARTESIAN_POINT('',(3.274504482679,35.));
#7176 = CARTESIAN_POINT('',(3.403793436878,34.993940588238));
#7177 = CARTESIAN_POINT('',(3.52960165297,34.982417288711));
#7178 = CARTESIAN_POINT('',(3.651765287519,34.966991604531));
#7179 = CARTESIAN_POINT('',(3.769862235794,34.949789660226));
#7180 = CARTESIAN_POINT('',(3.883062273274,34.932715298801));
#7181 = CARTESIAN_POINT('',(4.100558278198,34.900819126825));
#7182 = CARTESIAN_POINT('',(4.20736746784,34.885664759014));
#7183 = CARTESIAN_POINT('',(4.311236503448,34.872689756926));
#7184 = CARTESIAN_POINT('',(4.4129322418,34.862579287524));
#7185 = CARTESIAN_POINT('',(4.513201629335,34.855711385475));
#7186 = CARTESIAN_POINT('',(4.612753289025,34.852272553384));
#7187 = CARTESIAN_POINT('',(4.812024429992,34.852272553384));
#7188 = CARTESIAN_POINT('',(4.911578339589,34.855711365038));
#7189 = CARTESIAN_POINT('',(5.011849131658,34.862579554569));
#7190 = CARTESIAN_POINT('',(5.113543700785,34.872690199344));
#7191 = CARTESIAN_POINT('',(5.217409570059,34.885664659428));
#7192 = CARTESIAN_POINT('',(5.32421605369,34.900818594643));
#7193 = CARTESIAN_POINT('',(5.541672711295,34.932708996266));
#7194 = CARTESIAN_POINT('',(5.654887988965,34.949785204866));
#7195 = CARTESIAN_POINT('',(5.773022741931,34.966994265703));
#7196 = CARTESIAN_POINT('',(5.895225063652,34.982425356674));
#7197 = CARTESIAN_POINT('',(6.021055992289,34.993946245323));
#7198 = CARTESIAN_POINT('',(6.1503355621,35.));
#7199 = CARTESIAN_POINT('',(6.28318530718,35.));
#7200 = ( GEOMETRIC_REPRESENTATION_CONTEXT(2) 
PARAMETRIC_REPRESENTATION_CONTEXT() REPRESENTATION_CONTEXT('2D SPACE',''
  ) );
#7201 = ADVANCED_FACE('',(#7202),#1366,.T.);
#7202 = FACE_BOUND('',#7203,.T.);
#7203 = EDGE_LOOP('',(#7204,#7205,#7206,#7207));
#7204 = ORIENTED_EDGE('',*,*,#1351,.T.);
#7205 = ORIENTED_EDGE('',*,*,#6874,.T.);
#7206 = ORIENTED_EDGE('',*,*,#3090,.F.);
#7207 = ORIENTED_EDGE('',*,*,#6920,.T.);
#7208 = ADVANCED_FACE('',(#7209),#1261,.T.);
#7209 = FACE_BOUND('',#7210,.T.);
#7210 = EDGE_LOOP('',(#7211,#7212,#7254,#7255));
#7211 = ORIENTED_EDGE('',*,*,#2998,.F.);
#7212 = ORIENTED_EDGE('',*,*,#7213,.F.);
#7213 = EDGE_CURVE('',#1224,#2978,#7214,.T.);
#7214 = SURFACE_CURVE('',#7215,(#7226,#7240),.PCURVE_S1.);
#7215 = B_SPLINE_CURVE_WITH_KNOTS('',5,(#7216,#7217,#7218,#7219,#7220,
    #7221,#7222,#7223,#7224,#7225),.UNSPECIFIED.,.F.,.F.,(6,4,6),(0.,
    0.499999958225,1.),.UNSPECIFIED.);
#7216 = CARTESIAN_POINT('',(-61.37968943272,73.814183766684,
    -5.000000596126));
#7217 = CARTESIAN_POINT('',(-61.6158288895,73.61782358521,
    -4.016395709189));
#7218 = CARTESIAN_POINT('',(-61.79082192838,73.470713058794,
    -3.020120922816));
#7219 = CARTESIAN_POINT('',(-61.90677967018,73.372723433997,
    -2.01603774439));
#7220 = CARTESIAN_POINT('',(-61.96476457381,73.323720250077,
    -1.008052301828));
#7221 = CARTESIAN_POINT('',(-61.96476457381,73.323720250077,
    1.008052470272));
#7222 = CARTESIAN_POINT('',(-61.90677965955,73.372723440563,
    2.016037259923));
#7223 = CARTESIAN_POINT('',(-61.79082202518,73.470712981066,
    3.020120905783));
#7224 = CARTESIAN_POINT('',(-61.61582873732,73.617823711752,
    4.01639634307));
#7225 = CARTESIAN_POINT('',(-61.37968943273,73.81418376668,
    5.000000596117));
#7226 = PCURVE('',#1261,#7227);
#7227 = DEFINITIONAL_REPRESENTATION('',(#7228),#7239);
#7228 = B_SPLINE_CURVE_WITH_KNOTS('',5,(#7229,#7230,#7231,#7232,#7233,
    #7234,#7235,#7236,#7237,#7238),.UNSPECIFIED.,.F.,.F.,(6,4,6),(0.,
    0.499999958225,1.),.UNSPECIFIED.);
#7229 = CARTESIAN_POINT('',(2.264477255252,-6.E-07));
#7230 = CARTESIAN_POINT('',(2.267676362046,0.983604286937));
#7231 = CARTESIAN_POINT('',(2.270057719058,1.979879087096));
#7232 = CARTESIAN_POINT('',(2.271639147002,2.983962249961));
#7233 = CARTESIAN_POINT('',(2.272429958689,3.991947698172));
#7234 = CARTESIAN_POINT('',(2.272429958689,6.008052470272));
#7235 = CARTESIAN_POINT('',(2.27163914687,7.016037265428));
#7236 = CARTESIAN_POINT('',(2.270057720355,8.020120896041));
#7237 = CARTESIAN_POINT('',(2.267676359984,9.016396346953));
#7238 = CARTESIAN_POINT('',(2.264477255252,10.0000006));
#7239 = ( GEOMETRIC_REPRESENTATION_CONTEXT(2) 
PARAMETRIC_REPRESENTATION_CONTEXT() REPRESENTATION_CONTEXT('2D SPACE',''
  ) );
#7240 = PCURVE('',#1092,#7241);
#7241 = DEFINITIONAL_REPRESENTATION('',(#7242),#7253);
#7242 = B_SPLINE_CURVE_WITH_KNOTS('',5,(#7243,#7244,#7245,#7246,#7247,
    #7248,#7249,#7250,#7251,#7252),.UNSPECIFIED.,.F.,.F.,(6,4,6),(0.,
    0.499999958225,1.),.UNSPECIFIED.);
#7243 = CARTESIAN_POINT('',(2.843060415954,54.615889421097));
#7244 = CARTESIAN_POINT('',(2.903597112667,54.563910088771));
#7245 = CARTESIAN_POINT('',(2.96350398852,54.524008014479));
#7246 = CARTESIAN_POINT('',(3.023002242162,54.497127278921));
#7247 = CARTESIAN_POINT('',(3.082295459365,54.483682677679));
#7248 = CARTESIAN_POINT('',(3.200889857723,54.483682677679));
#7249 = CARTESIAN_POINT('',(3.26018303709,54.497127279296));
#7250 = CARTESIAN_POINT('',(3.319681316048,54.524007995565));
#7251 = CARTESIAN_POINT('',(3.379588233525,54.563910122269));
#7252 = CARTESIAN_POINT('',(3.440124891224,54.615889421096));
#7253 = ( GEOMETRIC_REPRESENTATION_CONTEXT(2) 
PARAMETRIC_REPRESENTATION_CONTEXT() REPRESENTATION_CONTEXT('2D SPACE',''
  ) );
#7254 = ORIENTED_EDGE('',*,*,#1244,.T.);
#7255 = ORIENTED_EDGE('',*,*,#6442,.F.);
#7256 = ADVANCED_FACE('',(#7257,#7421,#7616),#1092,.T.);
#7257 = FACE_BOUND('',#7258,.T.);
#7258 = EDGE_LOOP('',(#7259,#7291,#7314,#7341,#7342,#7372,#7373,#7395,
    #7396,#7397,#7398,#7420));
#7259 = ORIENTED_EDGE('',*,*,#7260,.T.);
#7260 = EDGE_CURVE('',#2823,#7261,#7263,.T.);
#7261 = VERTEX_POINT('',#7262);
#7262 = CARTESIAN_POINT('',(-32.52011678443,90.32409426242,
    4.163799117101E-15));
#7263 = SURFACE_CURVE('',#7264,(#7271,#7281),.PCURVE_S1.);
#7264 = B_SPLINE_CURVE_WITH_KNOTS('',5,(#7265,#7266,#7267,#7268,#7269,
    #7270),.UNSPECIFIED.,.F.,.F.,(6,6),(0.,1.),
  .PIECEWISE_BEZIER_KNOTS.);
#7265 = CARTESIAN_POINT('',(-33.23740157758,90.062617863185,
    5.000000596126));
#7266 = CARTESIAN_POINT('',(-32.94928163672,90.168947863402,
    4.01639568128));
#7267 = CARTESIAN_POINT('',(-32.73438566727,90.246946468703,
    3.020120993445));
#7268 = CARTESIAN_POINT('',(-32.591546578,90.298377642772,2.01603767324)
  );
#7269 = CARTESIAN_POINT('',(-32.52011678443,90.32409426242,
    1.008052330422));
#7270 = CARTESIAN_POINT('',(-32.52011678443,90.32409426242,
    4.302345607801E-15));
#7271 = PCURVE('',#1092,#7272);
#7272 = DEFINITIONAL_REPRESENTATION('',(#7273),#7280);
#7273 = B_SPLINE_CURVE_WITH_KNOTS('',5,(#7274,#7275,#7276,#7277,#7278,
    #7279),.UNSPECIFIED.,.F.,.F.,(6,6),(0.,1.),
  .PIECEWISE_BEZIER_KNOTS.);
#7274 = CARTESIAN_POINT('',(5.984653069544,54.615889421097));
#7275 = CARTESIAN_POINT('',(6.045189767975,54.563910087296));
#7276 = CARTESIAN_POINT('',(6.105096637836,54.524008016908));
#7277 = CARTESIAN_POINT('',(6.164594899997,54.497127277634));
#7278 = CARTESIAN_POINT('',(6.223888111272,54.483682677679));
#7279 = CARTESIAN_POINT('',(6.28318530718,54.483682677679));
#7280 = ( GEOMETRIC_REPRESENTATION_CONTEXT(2) 
PARAMETRIC_REPRESENTATION_CONTEXT() REPRESENTATION_CONTEXT('2D SPACE',''
  ) );
#7281 = PCURVE('',#1065,#7282);
#7282 = DEFINITIONAL_REPRESENTATION('',(#7283),#7290);
#7283 = B_SPLINE_CURVE_WITH_KNOTS('',5,(#7284,#7285,#7286,#7287,#7288,
    #7289),.UNSPECIFIED.,.F.,.F.,(6,6),(0.,1.),
  .PIECEWISE_BEZIER_KNOTS.);
#7284 = CARTESIAN_POINT('',(1.924338353878,10.0000006));
#7285 = CARTESIAN_POINT('',(1.921139246993,9.016395685153));
#7286 = CARTESIAN_POINT('',(1.918757890221,8.020120983533));
#7287 = CARTESIAN_POINT('',(1.917176462049,7.016037678888));
#7288 = CARTESIAN_POINT('',(1.916385650441,6.008052330422));
#7289 = CARTESIAN_POINT('',(1.916385650441,5.));
#7290 = ( GEOMETRIC_REPRESENTATION_CONTEXT(2) 
PARAMETRIC_REPRESENTATION_CONTEXT() REPRESENTATION_CONTEXT('2D SPACE',''
  ) );
#7291 = ORIENTED_EDGE('',*,*,#7292,.T.);
#7292 = EDGE_CURVE('',#7261,#7293,#7295,.T.);
#7293 = VERTEX_POINT('',#7294);
#7294 = CARTESIAN_POINT('',(-35.27767610531,95.100187006171,
    4.163799117101E-15));
#7295 = SEAM_CURVE('',#7296,(#7300,#7307),.PCURVE_S1.);
#7296 = LINE('',#7297,#7298);
#7297 = CARTESIAN_POINT('',(-5.277676105311,43.140187006171,
    4.163799117101E-15));
#7298 = VECTOR('',#7299,1.);
#7299 = DIRECTION('',(-0.500011000363,0.866019052629,0.));
#7300 = PCURVE('',#1092,#7301);
#7301 = DEFINITIONAL_REPRESENTATION('',(#7302),#7306);
#7302 = LINE('',#7303,#7304);
#7303 = CARTESIAN_POINT('',(0.,-0.));
#7304 = VECTOR('',#7305,1.);
#7305 = DIRECTION('',(0.,1.));
#7306 = ( GEOMETRIC_REPRESENTATION_CONTEXT(2) 
PARAMETRIC_REPRESENTATION_CONTEXT() REPRESENTATION_CONTEXT('2D SPACE',''
  ) );
#7307 = PCURVE('',#1092,#7308);
#7308 = DEFINITIONAL_REPRESENTATION('',(#7309),#7313);
#7309 = LINE('',#7310,#7311);
#7310 = CARTESIAN_POINT('',(6.28318530718,-0.));
#7311 = VECTOR('',#7312,1.);
#7312 = DIRECTION('',(0.,1.));
#7313 = ( GEOMETRIC_REPRESENTATION_CONTEXT(2) 
PARAMETRIC_REPRESENTATION_CONTEXT() REPRESENTATION_CONTEXT('2D SPACE',''
  ) );
#7314 = ORIENTED_EDGE('',*,*,#7315,.F.);
#7315 = EDGE_CURVE('',#7293,#7293,#7316,.T.);
#7316 = SURFACE_CURVE('',#7317,(#7322,#7329),.PCURVE_S1.);
#7317 = CIRCLE('',#7318,17.);
#7318 = AXIS2_PLACEMENT_3D('',#7319,#7320,#7321);
#7319 = CARTESIAN_POINT('',(-50.,86.6,0.));
#7320 = DIRECTION('',(-0.500011000363,0.866019052629,0.));
#7321 = DIRECTION('',(0.866019052629,0.500011000363,0.));
#7322 = PCURVE('',#1092,#7323);
#7323 = DEFINITIONAL_REPRESENTATION('',(#7324),#7328);
#7324 = LINE('',#7325,#7326);
#7325 = CARTESIAN_POINT('',(0.,59.99867998548));
#7326 = VECTOR('',#7327,1.);
#7327 = DIRECTION('',(1.,0.));
#7328 = ( GEOMETRIC_REPRESENTATION_CONTEXT(2) 
PARAMETRIC_REPRESENTATION_CONTEXT() REPRESENTATION_CONTEXT('2D SPACE',''
  ) );
#7329 = PCURVE('',#7330,#7335);
#7330 = PLANE('',#7331);
#7331 = AXIS2_PLACEMENT_3D('',#7332,#7333,#7334);
#7332 = CARTESIAN_POINT('',(-50.,86.6,0.));
#7333 = DIRECTION('',(-0.500011000363,0.866019052629,0.));
#7334 = DIRECTION('',(0.866019052629,0.500011000363,0.));
#7335 = DEFINITIONAL_REPRESENTATION('',(#7336),#7340);
#7336 = CIRCLE('',#7337,17.);
#7337 = AXIS2_PLACEMENT_2D('',#7338,#7339);
#7338 = CARTESIAN_POINT('',(0.,0.));
#7339 = DIRECTION('',(1.,0.));
#7340 = ( GEOMETRIC_REPRESENTATION_CONTEXT(2) 
PARAMETRIC_REPRESENTATION_CONTEXT() REPRESENTATION_CONTEXT('2D SPACE',''
  ) );
#7341 = ORIENTED_EDGE('',*,*,#7292,.F.);
#7342 = ORIENTED_EDGE('',*,*,#7343,.T.);
#7343 = EDGE_CURVE('',#7261,#1049,#7344,.T.);
#7344 = SURFACE_CURVE('',#7345,(#7352,#7362),.PCURVE_S1.);
#7345 = B_SPLINE_CURVE_WITH_KNOTS('',5,(#7346,#7347,#7348,#7349,#7350,
    #7351),.UNSPECIFIED.,.F.,.F.,(6,6),(0.,1.),
  .PIECEWISE_BEZIER_KNOTS.);
#7346 = CARTESIAN_POINT('',(-32.52011678443,90.32409426242,
    4.440892098501E-15));
#7347 = CARTESIAN_POINT('',(-32.52011678443,90.32409426242,
    -1.008052470273));
#7348 = CARTESIAN_POINT('',(-32.5915465961,90.298377634244,
    -2.016037259923));
#7349 = CARTESIAN_POINT('',(-32.73438553814,90.246946518615,
    -3.020120905781));
#7350 = CARTESIAN_POINT('',(-32.94928183057,90.168947791861,
    -4.016396343072));
#7351 = CARTESIAN_POINT('',(-33.23740157758,90.062617863187,
    -5.000000596117));
#7352 = PCURVE('',#1092,#7353);
#7353 = DEFINITIONAL_REPRESENTATION('',(#7354),#7361);
#7354 = B_SPLINE_CURVE_WITH_KNOTS('',5,(#7355,#7356,#7357,#7358,#7359,
    #7360),.UNSPECIFIED.,.F.,.F.,(6,6),(0.,1.),
  .PIECEWISE_BEZIER_KNOTS.);
#7355 = CARTESIAN_POINT('',(0.,54.483682677679));
#7356 = CARTESIAN_POINT('',(5.929720413369E-02,54.483682677679));
#7357 = CARTESIAN_POINT('',(0.1185903835,54.497127279296));
#7358 = CARTESIAN_POINT('',(0.178088662458,54.524007995565));
#7359 = CARTESIAN_POINT('',(0.237995579935,54.563910122269));
#7360 = CARTESIAN_POINT('',(0.298532237634,54.615889421096));
#7361 = ( GEOMETRIC_REPRESENTATION_CONTEXT(2) 
PARAMETRIC_REPRESENTATION_CONTEXT() REPRESENTATION_CONTEXT('2D SPACE',''
  ) );
#7362 = PCURVE('',#1065,#7363);
#7363 = DEFINITIONAL_REPRESENTATION('',(#7364),#7371);
#7364 = B_SPLINE_CURVE_WITH_KNOTS('',5,(#7365,#7366,#7367,#7368,#7369,
    #7370),.UNSPECIFIED.,.F.,.F.,(6,6),(0.,1.),
  .PIECEWISE_BEZIER_KNOTS.);
#7365 = CARTESIAN_POINT('',(1.916385650441,5.));
#7366 = CARTESIAN_POINT('',(1.916385650441,3.991947529727));
#7367 = CARTESIAN_POINT('',(1.91717646226,2.983962734573));
#7368 = CARTESIAN_POINT('',(1.918757888775,1.97987910396));
#7369 = CARTESIAN_POINT('',(1.921139249146,0.983603653045));
#7370 = CARTESIAN_POINT('',(1.924338353878,-6.E-07));
#7371 = ( GEOMETRIC_REPRESENTATION_CONTEXT(2) 
PARAMETRIC_REPRESENTATION_CONTEXT() REPRESENTATION_CONTEXT('2D SPACE',''
  ) );
#7372 = ORIENTED_EDGE('',*,*,#1077,.F.);
#7373 = ORIENTED_EDGE('',*,*,#7374,.T.);
#7374 = EDGE_CURVE('',#1078,#1203,#7375,.T.);
#7375 = SURFACE_CURVE('',#7376,(#7381,#7388),.PCURVE_S1.);
#7376 = CIRCLE('',#7377,17.);
#7377 = AXIS2_PLACEMENT_3D('',#7378,#7379,#7380);
#7378 = CARTESIAN_POINT('',(-20.,34.64,0.));
#7379 = DIRECTION('',(-0.500011000363,0.866019052629,0.));
#7380 = DIRECTION('',(0.866019052629,0.500011000363,0.));
#7381 = PCURVE('',#1092,#7382);
#7382 = DEFINITIONAL_REPRESENTATION('',(#7383),#7387);
#7383 = LINE('',#7384,#7385);
#7384 = CARTESIAN_POINT('',(0.,0.));
#7385 = VECTOR('',#7386,1.);
#7386 = DIRECTION('',(1.,0.));
#7387 = ( GEOMETRIC_REPRESENTATION_CONTEXT(2) 
PARAMETRIC_REPRESENTATION_CONTEXT() REPRESENTATION_CONTEXT('2D SPACE',''
  ) );
#7388 = PCURVE('',#1118,#7389);
#7389 = DEFINITIONAL_REPRESENTATION('',(#7390),#7394);
#7390 = CIRCLE('',#7391,17.);
#7391 = AXIS2_PLACEMENT_2D('',#7392,#7393);
#7392 = CARTESIAN_POINT('',(0.,0.));
#7393 = DIRECTION('',(1.,0.));
#7394 = ( GEOMETRIC_REPRESENTATION_CONTEXT(2) 
PARAMETRIC_REPRESENTATION_CONTEXT() REPRESENTATION_CONTEXT('2D SPACE',''
  ) );
#7395 = ORIENTED_EDGE('',*,*,#1223,.T.);
#7396 = ORIENTED_EDGE('',*,*,#7213,.T.);
#7397 = ORIENTED_EDGE('',*,*,#2977,.F.);
#7398 = ORIENTED_EDGE('',*,*,#7399,.T.);
#7399 = EDGE_CURVE('',#2957,#2847,#7400,.T.);
#7400 = SURFACE_CURVE('',#7401,(#7406,#7413),.PCURVE_S1.);
#7401 = CIRCLE('',#7402,17.);
#7402 = AXIS2_PLACEMENT_3D('',#7403,#7404,#7405);
#7403 = CARTESIAN_POINT('',(-20.,34.64,0.));
#7404 = DIRECTION('',(-0.500011000363,0.866019052629,0.));
#7405 = DIRECTION('',(0.866019052629,0.500011000363,0.));
#7406 = PCURVE('',#1092,#7407);
#7407 = DEFINITIONAL_REPRESENTATION('',(#7408),#7412);
#7408 = LINE('',#7409,#7410);
#7409 = CARTESIAN_POINT('',(0.,0.));
#7410 = VECTOR('',#7411,1.);
#7411 = DIRECTION('',(1.,0.));
#7412 = ( GEOMETRIC_REPRESENTATION_CONTEXT(2) 
PARAMETRIC_REPRESENTATION_CONTEXT() REPRESENTATION_CONTEXT('2D SPACE',''
  ) );
#7413 = PCURVE('',#2882,#7414);
#7414 = DEFINITIONAL_REPRESENTATION('',(#7415),#7419);
#7415 = CIRCLE('',#7416,17.);
#7416 = AXIS2_PLACEMENT_2D('',#7417,#7418);
#7417 = CARTESIAN_POINT('',(0.,0.));
#7418 = DIRECTION('',(1.,0.));
#7419 = ( GEOMETRIC_REPRESENTATION_CONTEXT(2) 
PARAMETRIC_REPRESENTATION_CONTEXT() REPRESENTATION_CONTEXT('2D SPACE',''
  ) );
#7420 = ORIENTED_EDGE('',*,*,#2846,.T.);
#7421 = FACE_BOUND('',#7422,.T.);
#7422 = EDGE_LOOP('',(#7423));
#7423 = ORIENTED_EDGE('',*,*,#7424,.T.);
#7424 = EDGE_CURVE('',#7425,#7425,#7427,.T.);
#7425 = VERTEX_POINT('',#7426);
#7426 = CARTESIAN_POINT('',(-32.9,60.62,-16.90244208722));
#7427 = SURFACE_CURVE('',#7428,(#7487,#7549),.PCURVE_S1.);
#7428 = B_SPLINE_CURVE_WITH_KNOTS('',8,(#7429,#7430,#7431,#7432,#7433,
    #7434,#7435,#7436,#7437,#7438,#7439,#7440,#7441,#7442,#7443,#7444,
    #7445,#7446,#7447,#7448,#7449,#7450,#7451,#7452,#7453,#7454,#7455,
    #7456,#7457,#7458,#7459,#7460,#7461,#7462,#7463,#7464,#7465,#7466,
    #7467,#7468,#7469,#7470,#7471,#7472,#7473,#7474,#7475,#7476,#7477,
    #7478,#7479,#7480,#7481,#7482,#7483,#7484,#7485,#7486),
  .UNSPECIFIED.,.T.,.F.,(9,7,7,7,7,7,7,7,9),(0.,0.109575653444,
    0.279030749955,0.434773475728,0.542912005634,0.651052665183,
    0.760143285781,0.865277665278,1.),.UNSPECIFIED.);
#7429 = CARTESIAN_POINT('',(-32.9,60.62,-16.90244208722));
#7430 = CARTESIAN_POINT('',(-32.9,60.761376617671,-16.89483612032));
#7431 = CARTESIAN_POINT('',(-32.91087727948,60.900431610838,
    -16.88802679749));
#7432 = CARTESIAN_POINT('',(-32.93200759305,61.036627544892,
    -16.88216339608));
#7433 = CARTESIAN_POINT('',(-32.96286216736,61.169515783274,
    -16.8773549162));
#7434 = CARTESIAN_POINT('',(-33.00300025289,61.298706720993,
    -16.8736774557));
#7435 = CARTESIAN_POINT('',(-33.05206209374,61.423840751134,
    -16.8711796413));
#7436 = CARTESIAN_POINT('',(-33.10976231562,61.544559964364,
    -16.86988611582));
#7437 = CARTESIAN_POINT('',(-33.27813829864,61.83974795275,
    -16.86966448567));
#7438 = CARTESIAN_POINT('',(-33.40038944681,62.007290460927,
    -16.87241520776));
#7439 = CARTESIAN_POINT('',(-33.54182389271,62.161891112657,
    -16.87804578242));
#7440 = CARTESIAN_POINT('',(-33.70198040655,62.301950571383,
    -16.88642982176));
#7441 = CARTESIAN_POINT('',(-33.88053862638,62.425376809609,
    -16.89731207192));
#7442 = CARTESIAN_POINT('',(-34.07710437181,62.529455911213,
    -16.9102470721));
#7443 = CARTESIAN_POINT('',(-34.29092759953,62.610681689536,
    -16.92452310927));
#7444 = CARTESIAN_POINT('',(-34.73147447844,62.714005123392,
    -16.95251682574));
#7445 = CARTESIAN_POINT('',(-34.96351172992,62.742174652603,
    -16.96667931498));
#7446 = CARTESIAN_POINT('',(-35.20971989251,62.740784747899,
    -16.9803611955));
#7447 = CARTESIAN_POINT('',(-35.46223543685,62.704751378689,
    -16.99196238224));
#7448 = CARTESIAN_POINT('',(-35.71259926082,62.631945359467,
    -16.99986221401));
#7449 = CARTESIAN_POINT('',(-35.95250538421,62.522865741639,
    -17.00305372152));
#7450 = CARTESIAN_POINT('',(-36.17439801282,62.380417654215,
    -17.00138813057));
#7451 = CARTESIAN_POINT('',(-36.50954785514,62.091116641549,
    -16.9913187611));
#7452 = CARTESIAN_POINT('',(-36.63518119364,61.95900367747,
    -16.98513336414));
#7453 = CARTESIAN_POINT('',(-36.74753819882,61.814688020649,
    -16.97707419076));
#7454 = CARTESIAN_POINT('',(-36.8452547632,61.659729847411,
    -16.96745882101));
#7455 = CARTESIAN_POINT('',(-36.92718597717,61.495865512581,
    -16.95671425898));
#7456 = CARTESIAN_POINT('',(-36.99242812659,61.324976885163,
    -16.94534272099));
#7457 = CARTESIAN_POINT('',(-37.04034466012,61.149059291662,
    -16.93387617469));
#7458 = CARTESIAN_POINT('',(-37.10084818796,60.791313319838,
    -16.91176286589));
#7459 = CARTESIAN_POINT('',(-37.11344475168,60.609424064113,
    -16.90111286024));
#7460 = CARTESIAN_POINT('',(-37.10802642133,60.426588523961,
    -16.89137487755));
#7461 = CARTESIAN_POINT('',(-37.08453842219,60.244896969448,
    -16.88303123274));
#7462 = CARTESIAN_POINT('',(-37.04321398817,60.06642214644,
    -16.87648588579));
#7463 = CARTESIAN_POINT('',(-36.98456183234,59.893181321101,
    -16.87202529008));
#7464 = CARTESIAN_POINT('',(-36.90935770094,59.727099939053,
    -16.86979549372));
#7465 = CARTESIAN_POINT('',(-36.72712541102,59.411473612915,
    -16.86979549372));
#7466 = CARTESIAN_POINT('',(-36.61988640223,59.262194760159,
    -16.87206479229));
#7467 = CARTESIAN_POINT('',(-36.49749100832,59.12304058507,
    -16.87659829589));
#7468 = CARTESIAN_POINT('',(-36.36030069067,58.995123623677,
    -16.88331398201));
#7469 = CARTESIAN_POINT('',(-36.20857446095,58.879835632081,
    -16.89204812093));
#7470 = CARTESIAN_POINT('',(-36.04258000003,58.778927116009,
    -16.90252773691));
#7471 = CARTESIAN_POINT('',(-35.86273341518,58.69460798207,
    -16.91433290739));
#7472 = CARTESIAN_POINT('',(-35.48384236399,58.567102413451,
    -16.938935734));
#7473 = CARTESIAN_POINT('',(-35.28159311618,58.52114265082,
    -16.95195051253));
#7474 = CARTESIAN_POINT('',(-35.0662262309,58.496876640401,
    -16.96519541909));
#7475 = CARTESIAN_POINT('',(-34.84172677092,58.498235343028,
    -16.97768877295));
#7476 = CARTESIAN_POINT('',(-34.61268881907,58.528056455664,
    -16.98830493806));
#7477 = CARTESIAN_POINT('',(-34.38413861442,58.588140253549,
    -16.99599342556));
#7478 = CARTESIAN_POINT('',(-34.16139335978,58.67929505845,-17.));
#7479 = CARTESIAN_POINT('',(-33.67906153074,58.957777638726,-17.));
#7480 = CARTESIAN_POINT('',(-33.44564938359,59.154039181273,
    -16.99342072113));
#7481 = CARTESIAN_POINT('',(-33.25342706689,59.379381298158,
    -16.98118855002));
#7482 = CARTESIAN_POINT('',(-33.10391731159,59.624044487588,
    -16.96516542872));
#7483 = CARTESIAN_POINT('',(-32.99686692003,59.878782435651,
    -16.94756634282));
#7484 = CARTESIAN_POINT('',(-32.93023514509,60.134863736029,
    -16.93040908106));
#7485 = CARTESIAN_POINT('',(-32.9,60.384295700248,-16.91512281995));
#7486 = CARTESIAN_POINT('',(-32.9,60.62,-16.90244208722));
#7487 = PCURVE('',#1092,#7488);
#7488 = DEFINITIONAL_REPRESENTATION('',(#7489),#7548);
#7489 = B_SPLINE_CURVE_WITH_KNOTS('',8,(#7490,#7491,#7492,#7493,#7494,
    #7495,#7496,#7497,#7498,#7499,#7500,#7501,#7502,#7503,#7504,#7505,
    #7506,#7507,#7508,#7509,#7510,#7511,#7512,#7513,#7514,#7515,#7516,
    #7517,#7518,#7519,#7520,#7521,#7522,#7523,#7524,#7525,#7526,#7527,
    #7528,#7529,#7530,#7531,#7532,#7533,#7534,#7535,#7536,#7537,#7538,
    #7539,#7540,#7541,#7542,#7543,#7544,#7545,#7546,#7547),
  .UNSPECIFIED.,.T.,.F.,(9,7,7,7,7,7,7,7,9),(0.,0.109575653444,
    0.279030749955,0.434773475728,0.542912005634,0.651052665183,
    0.760143285781,0.865277665278,1.),.UNSPECIFIED.);
#7490 = CARTESIAN_POINT('',(1.463612391922,28.949316891978));
#7491 = CARTESIAN_POINT('',(1.459430164072,29.071751736477));
#7492 = CARTESIAN_POINT('',(1.455871775365,29.197614769321));
#7493 = CARTESIAN_POINT('',(1.45292215442,29.326128432326));
#7494 = CARTESIAN_POINT('',(1.450568348872,29.456639805202));
#7495 = CARTESIAN_POINT('',(1.448799978077,29.588591102992));
#7496 = CARTESIAN_POINT('',(1.447609704729,29.721491017351));
#7497 = CARTESIAN_POINT('',(1.446993725381,29.854886901687));
#7498 = CARTESIAN_POINT('',(1.446888185768,30.194715167443));
#7499 = CARTESIAN_POINT('',(1.448198142314,30.400937090545));
#7500 = CARTESIAN_POINT('',(1.450876518991,30.605542979272));
#7501 = CARTESIAN_POINT('',(1.454945754408,30.806917157728));
#7502 = CARTESIAN_POINT('',(1.460448870226,31.003087705745));
#7503 = CARTESIAN_POINT('',(1.467442196273,31.191507225724));
#7504 = CARTESIAN_POINT('',(1.475986350922,31.368764263312));
#7505 = CARTESIAN_POINT('',(1.495459577911,31.678522611244));
#7506 = CARTESIAN_POINT('',(1.506482630598,31.818939138479));
#7507 = CARTESIAN_POINT('',(1.519090147047,31.940842244196));
#7508 = CARTESIAN_POINT('',(1.533027123641,32.035897209861));
#7509 = CARTESIAN_POINT('',(1.547924730402,32.098030476149));
#7510 = CARTESIAN_POINT('',(1.563351174325,32.123521149605));
#7511 = CARTESIAN_POINT('',(1.57884275146,32.111107147092));
#7512 = CARTESIAN_POINT('',(1.60443195097,32.02814556611));
#7513 = CARTESIAN_POINT('',(1.614723430284,31.976551273377));
#7514 = CARTESIAN_POINT('',(1.624701880641,31.907750903537));
#7515 = CARTESIAN_POINT('',(1.634253021311,31.822413530261));
#7516 = CARTESIAN_POINT('',(1.643267699215,31.721470402506));
#7517 = CARTESIAN_POINT('',(1.651643775009,31.606099387681));
#7518 = CARTESIAN_POINT('',(1.659288541992,31.477710193883));
#7519 = CARTESIAN_POINT('',(1.672954948311,31.198147795765));
#7520 = CARTESIAN_POINT('',(1.678978868163,31.046926655265));
#7521 = CARTESIAN_POINT('',(1.684112343636,30.885878369216));
#7522 = CARTESIAN_POINT('',(1.688288647069,30.716785763362));
#7523 = CARTESIAN_POINT('',(1.691456334301,30.541560494624));
#7524 = CARTESIAN_POINT('',(1.693580173032,30.362203916079));
#7525 = CARTESIAN_POINT('',(1.69464208217,30.180771381967));
#7526 = CARTESIAN_POINT('',(1.69464208217,29.81631482044));
#7527 = CARTESIAN_POINT('',(1.69356145557,29.633415805735));
#7528 = CARTESIAN_POINT('',(1.691402676988,29.451706595507));
#7529 = CARTESIAN_POINT('',(1.688152148376,29.272331401814));
#7530 = CARTESIAN_POINT('',(1.683783522058,29.096625020651));
#7531 = CARTESIAN_POINT('',(1.678261070755,28.926237266703));
#7532 = CARTESIAN_POINT('',(1.671543702558,28.763290019405));
#7533 = CARTESIAN_POINT('',(1.655925173258,28.463418074132));
#7534 = CARTESIAN_POINT('',(1.64694149639,28.322489195321));
#7535 = CARTESIAN_POINT('',(1.636655165554,28.193788556209));
#7536 = CARTESIAN_POINT('',(1.625156944747,28.082713019006));
#7537 = CARTESIAN_POINT('',(1.612599402882,27.994017175296));
#7538 = CARTESIAN_POINT('',(1.599184834624,27.931773272555));
#7539 = CARTESIAN_POINT('',(1.58515659098,27.89933999274));
#7540 = CARTESIAN_POINT('',(1.552394655263,27.89933999274));
#7541 = CARTESIAN_POINT('',(1.53473157276,27.95259758669));
#7542 = CARTESIAN_POINT('',(1.518302006007,28.051634880408));
#7543 = CARTESIAN_POINT('',(1.503464146876,28.18876134162));
#7544 = CARTESIAN_POINT('',(1.490479059475,28.355842884698));
#7545 = CARTESIAN_POINT('',(1.479506934785,28.544297549402));
#7546 = CARTESIAN_POINT('',(1.470585037774,28.745192477606));
#7547 = CARTESIAN_POINT('',(1.463612391922,28.949316891978));
#7548 = ( GEOMETRIC_REPRESENTATION_CONTEXT(2) 
PARAMETRIC_REPRESENTATION_CONTEXT() REPRESENTATION_CONTEXT('2D SPACE',''
  ) );
#7549 = PCURVE('',#7550,#7555);
#7550 = CYLINDRICAL_SURFACE('',#7551,2.1);
#7551 = AXIS2_PLACEMENT_3D('',#7552,#7553,#7554);
#7552 = CARTESIAN_POINT('',(-35.,60.62,-20.));
#7553 = DIRECTION('',(0.,0.,1.));
#7554 = DIRECTION('',(1.,0.,-0.));
#7555 = DEFINITIONAL_REPRESENTATION('',(#7556),#7615);
#7556 = B_SPLINE_CURVE_WITH_KNOTS('',8,(#7557,#7558,#7559,#7560,#7561,
    #7562,#7563,#7564,#7565,#7566,#7567,#7568,#7569,#7570,#7571,#7572,
    #7573,#7574,#7575,#7576,#7577,#7578,#7579,#7580,#7581,#7582,#7583,
    #7584,#7585,#7586,#7587,#7588,#7589,#7590,#7591,#7592,#7593,#7594,
    #7595,#7596,#7597,#7598,#7599,#7600,#7601,#7602,#7603,#7604,#7605,
    #7606,#7607,#7608,#7609,#7610,#7611,#7612,#7613,#7614),
  .UNSPECIFIED.,.F.,.F.,(9,7,7,7,7,7,7,7,9),(0.,0.109575653444,
    0.279030749955,0.434773475728,0.542912005634,0.651052665183,
    0.760143285781,0.865277665278,1.),.UNSPECIFIED.);
#7557 = CARTESIAN_POINT('',(-8.881784197001E-16,3.097557912771));
#7558 = CARTESIAN_POINT('',(6.73221988908E-02,3.105163879672));
#7559 = CARTESIAN_POINT('',(0.133539006272,3.111973202503));
#7560 = CARTESIAN_POINT('',(0.198858761095,3.117836603914));
#7561 = CARTESIAN_POINT('',(0.263469931283,3.122645083799));
#7562 = CARTESIAN_POINT('',(0.327550746371,3.126322544298));
#7563 = CARTESIAN_POINT('',(0.391276339024,3.128820358691));
#7564 = CARTESIAN_POINT('',(0.454823395416,3.130113884178));
#7565 = CARTESIAN_POINT('',(0.616648600061,3.130335514324));
#7566 = CARTESIAN_POINT('',(0.714792674502,3.12758479224));
#7567 = CARTESIAN_POINT('',(0.813557598333,3.121954217572));
#7568 = CARTESIAN_POINT('',(0.913598989518,3.113570178239));
#7569 = CARTESIAN_POINT('',(1.015579178388,3.102687928076));
#7570 = CARTESIAN_POINT('',(1.120181445945,3.089752927899));
#7571 = CARTESIAN_POINT('',(1.228144278008,3.075476890729));
#7572 = CARTESIAN_POINT('',(1.443621012813,3.047483174255));
#7573 = CARTESIAN_POINT('',(1.554258984945,3.033320685016));
#7574 = CARTESIAN_POINT('',(1.669926104198,3.019638804498));
#7575 = CARTESIAN_POINT('',(1.789119212422,3.00803761776));
#7576 = CARTESIAN_POINT('',(1.910807627903,3.00013778599));
#7577 = CARTESIAN_POINT('',(2.034162208242,2.996946278475));
#7578 = CARTESIAN_POINT('',(2.158471767401,2.998611869423));
#7579 = CARTESIAN_POINT('',(2.369301298833,3.008681238894));
#7580 = CARTESIAN_POINT('',(2.455696076666,3.014866635856));
#7581 = CARTESIAN_POINT('',(2.542085425695,3.022925809236));
#7582 = CARTESIAN_POINT('',(2.628473328569,3.032541178984));
#7583 = CARTESIAN_POINT('',(2.714865625895,3.043285741011));
#7584 = CARTESIAN_POINT('',(2.8012652953,3.054657279004));
#7585 = CARTESIAN_POINT('',(2.887667405812,3.066123825302));
#7586 = CARTESIAN_POINT('',(3.060441790591,3.088237134107));
#7587 = CARTESIAN_POINT('',(3.146843041362,3.098887139752));
#7588 = CARTESIAN_POINT('',(3.233241165211,3.108625122447));
#7589 = CARTESIAN_POINT('',(3.319632561755,3.116968767258));
#7590 = CARTESIAN_POINT('',(3.406020928136,3.123514114208));
#7591 = CARTESIAN_POINT('',(3.492411965932,3.127974709912));
#7592 = CARTESIAN_POINT('',(3.578808231728,3.130204506278));
#7593 = CARTESIAN_POINT('',(3.752358975312,3.130204506278));
#7594 = CARTESIAN_POINT('',(3.839453617611,3.127935207708));
#7595 = CARTESIAN_POINT('',(3.926991055486,3.123401704101));
#7596 = CARTESIAN_POINT('',(4.015427920176,3.116686017988));
#7597 = CARTESIAN_POINT('',(4.105224090856,3.107951879062));
#7598 = CARTESIAN_POINT('',(4.196854426563,3.097472263081));
#7599 = CARTESIAN_POINT('',(4.290829278076,3.085667092601));
#7600 = CARTESIAN_POINT('',(4.481195972019,3.061064265991));
#7601 = CARTESIAN_POINT('',(4.579455551149,3.048049487461));
#7602 = CARTESIAN_POINT('',(4.681582732099,3.034804580903));
#7603 = CARTESIAN_POINT('',(4.786966606207,3.022311227042));
#7604 = CARTESIAN_POINT('',(4.895236966031,3.011695061931));
#7605 = CARTESIAN_POINT('',(5.006188846737,3.004006574435));
#7606 = CARTESIAN_POINT('',(5.119750700467,3.));
#7607 = CARTESIAN_POINT('',(5.384966370555,3.));
#7608 = CARTESIAN_POINT('',(5.527954481075,3.006579278866));
#7609 = CARTESIAN_POINT('',(5.665910142234,3.018811449972));
#7610 = CARTESIAN_POINT('',(5.79924902071,3.034834571278));
#7611 = CARTESIAN_POINT('',(5.928068020784,3.052433657175));
#7612 = CARTESIAN_POINT('',(6.052168811565,3.069590918932));
#7613 = CARTESIAN_POINT('',(6.170945164441,3.084877180045));
#7614 = CARTESIAN_POINT('',(6.28318530718,3.097557912771));
#7615 = ( GEOMETRIC_REPRESENTATION_CONTEXT(2) 
PARAMETRIC_REPRESENTATION_CONTEXT() REPRESENTATION_CONTEXT('2D SPACE',''
  ) );
#7616 = FACE_BOUND('',#7617,.T.);
#7617 = EDGE_LOOP('',(#7618));
#7618 = ORIENTED_EDGE('',*,*,#7619,.F.);
#7619 = EDGE_CURVE('',#7620,#7620,#7622,.T.);
#7620 = VERTEX_POINT('',#7621);
#7621 = CARTESIAN_POINT('',(-32.9,60.62,16.902442087229));
#7622 = SURFACE_CURVE('',#7623,(#7674,#7728),.PCURVE_S1.);
#7623 = B_SPLINE_CURVE_WITH_KNOTS('',7,(#7624,#7625,#7626,#7627,#7628,
    #7629,#7630,#7631,#7632,#7633,#7634,#7635,#7636,#7637,#7638,#7639,
    #7640,#7641,#7642,#7643,#7644,#7645,#7646,#7647,#7648,#7649,#7650,
    #7651,#7652,#7653,#7654,#7655,#7656,#7657,#7658,#7659,#7660,#7661,
    #7662,#7663,#7664,#7665,#7666,#7667,#7668,#7669,#7670,#7671,#7672,
    #7673),.UNSPECIFIED.,.T.,.F.,(8,6,6,6,6,6,6,6,8),(0.,0.103292772628,
    0.251740046601,0.38275248421,0.493699007666,0.625008251486,
    0.742241075894,0.855222380729,1.),.UNSPECIFIED.);
#7624 = CARTESIAN_POINT('',(-32.9,60.62,16.902442087229));
#7625 = CARTESIAN_POINT('',(-32.9,60.781573277338,16.893749553628));
#7626 = CARTESIAN_POINT('',(-32.91450303931,60.940051055339,
    16.88611921212));
#7627 = CARTESIAN_POINT('',(-32.94251032529,61.094573438624,
    16.879789906465));
#7628 = CARTESIAN_POINT('',(-32.98321400943,61.244458127924,
    16.874919925936));
#7629 = CARTESIAN_POINT('',(-33.03597732532,61.389121042775,
    16.871606671978));
#7630 = CARTESIAN_POINT('',(-33.10031639901,61.527999876211,
    16.869898549304));
#7631 = CARTESIAN_POINT('',(-33.28448537241,61.850875311327,
    16.869656131142));
#7632 = CARTESIAN_POINT('',(-33.41613790931,62.027811881687,
    16.872835665499));
#7633 = CARTESIAN_POINT('',(-33.56978548547,62.189667573462,
    16.879332900002));
#7634 = CARTESIAN_POINT('',(-33.7448839106,62.334296938823,
    16.88895923357));
#7635 = CARTESIAN_POINT('',(-33.94103760083,62.458810477395,
    16.90132758746));
#7636 = CARTESIAN_POINT('',(-34.1576132039,62.559296712551,
    16.915712237089));
#7637 = CARTESIAN_POINT('',(-34.60085170973,62.693112163993,
    16.944369153142));
#7638 = CARTESIAN_POINT('',(-34.82833270245,62.734449226795,
    16.958778828556));
#7639 = CARTESIAN_POINT('',(-35.07054995597,62.747147617829,
    16.973077650758));
#7640 = CARTESIAN_POINT('',(-35.32121403405,62.726100353663,
    16.98573705069));
#7641 = CARTESIAN_POINT('',(-35.57314405636,62.668201507128,
    16.99510315327));
#7642 = CARTESIAN_POINT('',(-35.81869256348,62.572202676388,17.));
#7643 = CARTESIAN_POINT('',(-36.24592296606,62.325533852724,17.));
#7644 = CARTESIAN_POINT('',(-36.42760122615,62.187812883576,
    16.99648868398));
#7645 = CARTESIAN_POINT('',(-36.59133077783,62.027635121143,
    16.989464764443));
#7646 = CARTESIAN_POINT('',(-36.73384309853,61.847836855003,
    16.979329064184));
#7647 = CARTESIAN_POINT('',(-36.85242003226,61.651823719091,
    16.966862686837));
#7648 = CARTESIAN_POINT('',(-36.94501143136,61.443457865244,
    16.953101961646));
#7649 = CARTESIAN_POINT('',(-37.08774313931,60.970685937305,
    16.922550359445));
#7650 = CARTESIAN_POINT('',(-37.12355299676,60.714347508158,
    16.906399662933));
#7651 = CARTESIAN_POINT('',(-37.12277120501,60.463546530974,
    16.892273573585));
#7652 = CARTESIAN_POINT('',(-37.08938252764,60.221603655266,
    16.881167681271));
#7653 = CARTESIAN_POINT('',(-37.02637860994,59.990766044531,
    16.873591333348));
#7654 = CARTESIAN_POINT('',(-36.93578626737,59.772874216103,
    16.869795493722));
#7655 = CARTESIAN_POINT('',(-36.71405189349,59.388830280545,
    16.869795493722));
#7656 = CARTESIAN_POINT('',(-36.5884979107,59.219982933015,
    16.872821225281));
#7657 = CARTESIAN_POINT('',(-36.44288687192,59.064875171096,
    16.87886453764));
#7658 = CARTESIAN_POINT('',(-36.27771449456,58.925372064538,
    16.887763427069));
#7659 = CARTESIAN_POINT('',(-36.09334106325,58.803941586548,
    16.899189278446));
#7660 = CARTESIAN_POINT('',(-35.89029685743,58.703883715466,
    16.912543109017));
#7661 = CARTESIAN_POINT('',(-35.45727852054,58.55816306808,
    16.940660624667));
#7662 = CARTESIAN_POINT('',(-35.22303131473,58.508802511734,
    16.955713808497));
#7663 = CARTESIAN_POINT('',(-34.9721431806,58.489721117601,
    16.970884385458));
#7664 = CARTESIAN_POINT('',(-34.71131036124,58.506749568455,
    16.984493160459));
#7665 = CARTESIAN_POINT('',(-34.44831958213,58.563567934345,
    16.994657900753));
#7666 = CARTESIAN_POINT('',(-34.19159571128,58.66185721116,17.));
#7667 = CARTESIAN_POINT('',(-33.64035933524,58.98012301719,17.));
#7668 = CARTESIAN_POINT('',(-33.38074606637,59.212011235968,
    16.991227628178));
#7669 = CARTESIAN_POINT('',(-33.1770356672,59.479803335472,
    16.975165103138));
#7670 = CARTESIAN_POINT('',(-33.03079895598,59.768285639704,
    16.955165754306));
#7671 = CARTESIAN_POINT('',(-32.94031352679,60.06294376223,
    16.934900657024));
#7672 = CARTESIAN_POINT('',(-32.9,60.350623657426,16.916934353201));
#7673 = CARTESIAN_POINT('',(-32.9,60.62,16.902442087229));
#7674 = PCURVE('',#1092,#7675);
#7675 = DEFINITIONAL_REPRESENTATION('',(#7676),#7727);
#7676 = B_SPLINE_CURVE_WITH_KNOTS('',7,(#7677,#7678,#7679,#7680,#7681,
    #7682,#7683,#7684,#7685,#7686,#7687,#7688,#7689,#7690,#7691,#7692,
    #7693,#7694,#7695,#7696,#7697,#7698,#7699,#7700,#7701,#7702,#7703,
    #7704,#7705,#7706,#7707,#7708,#7709,#7710,#7711,#7712,#7713,#7714,
    #7715,#7716,#7717,#7718,#7719,#7720,#7721,#7722,#7723,#7724,#7725,
    #7726),.UNSPECIFIED.,.T.,.F.,(8,6,6,6,6,6,6,6,8),(0.,0.103292772628,
    0.251740046601,0.38275248421,0.493699007666,0.625008251486,
    0.742241075894,0.855222380729,1.),.UNSPECIFIED.);
#7677 = CARTESIAN_POINT('',(4.819572915257,28.949316891978));
#7678 = CARTESIAN_POINT('',(4.824352604229,29.089242428548));
#7679 = CARTESIAN_POINT('',(4.828300507676,29.233738882912));
#7680 = CARTESIAN_POINT('',(4.831440739809,29.381562161974));
#7681 = CARTESIAN_POINT('',(4.833793176806,29.53171744843));
#7682 = CARTESIAN_POINT('',(4.835372249596,29.683380527261));
#7683 = CARTESIAN_POINT('',(4.836185661011,29.835822487622));
#7684 = CARTESIAN_POINT('',(4.836301099816,30.207525278682));
#7685 = CARTESIAN_POINT('',(4.834786953126,30.426583436398));
#7686 = CARTESIAN_POINT('',(4.831696631982,30.64357902751));
#7687 = CARTESIAN_POINT('',(4.826996410961,30.856381952193));
#7688 = CARTESIAN_POINT('',(4.820624732566,31.062292051781));
#7689 = CARTESIAN_POINT('',(4.812504036019,31.257605229901));
#7690 = CARTESIAN_POINT('',(4.793784231094,31.595116089084));
#7691 = CARTESIAN_POINT('',(4.783377467641,31.744657771787));
#7692 = CARTESIAN_POINT('',(4.771383591255,31.876766111597));
#7693 = CARTESIAN_POINT('',(4.757977395693,31.983873576259));
#7694 = CARTESIAN_POINT('',(4.743434258493,32.059699854509));
#7695 = CARTESIAN_POINT('',(4.728101889497,32.09933999274));
#7696 = CARTESIAN_POINT('',(4.699082666334,32.09933999274));
#7697 = CARTESIAN_POINT('',(4.685776841749,32.070912138084));
#7698 = CARTESIAN_POINT('',(4.672721060592,32.01406172093));
#7699 = CARTESIAN_POINT('',(4.660161243324,31.929610724865));
#7700 = CARTESIAN_POINT('',(4.648334242617,31.81914938585));
#7701 = CARTESIAN_POINT('',(4.637459268709,31.684997304591));
#7702 = CARTESIAN_POINT('',(4.61620670351,31.346935231524));
#7703 = CARTESIAN_POINT('',(4.606796137388,31.142846590607));
#7704 = CARTESIAN_POINT('',(4.599412816647,30.925257261477));
#7705 = CARTESIAN_POINT('',(4.593958373362,30.699035415491));
#7706 = CARTESIAN_POINT('',(4.590350810672,30.467622994618));
#7707 = CARTESIAN_POINT('',(4.588543225009,30.233627351949));
#7708 = CARTESIAN_POINT('',(4.588543225009,29.790168360611));
#7709 = CARTESIAN_POINT('',(4.589984060576,29.581164968133));
#7710 = CARTESIAN_POINT('',(4.592861771549,29.374031569935));
#7711 = CARTESIAN_POINT('',(4.597204546471,29.170631216119));
#7712 = CARTESIAN_POINT('',(4.603063850219,28.973281364777));
#7713 = CARTESIAN_POINT('',(4.610505392961,28.785105005586));
#7714 = CARTESIAN_POINT('',(4.62835514043,28.442394216785));
#7715 = CARTESIAN_POINT('',(4.638873367576,28.282520854832));
#7716 = CARTESIAN_POINT('',(4.651124206056,28.140549177035));
#7717 = CARTESIAN_POINT('',(4.66493251881,28.024876860977));
#7718 = CARTESIAN_POINT('',(4.680008213445,27.942584365827));
#7719 = CARTESIAN_POINT('',(4.695977249888,27.89933999274));
#7720 = CARTESIAN_POINT('',(4.733419462135,27.89933999274));
#7721 = CARTESIAN_POINT('',(4.753465158514,27.970350118006));
#7722 = CARTESIAN_POINT('',(4.771734186768,28.100405737849));
#7723 = CARTESIAN_POINT('',(4.787708133839,28.277116945391));
#7724 = CARTESIAN_POINT('',(4.801036437479,28.487052783543));
#7725 = CARTESIAN_POINT('',(4.811604177141,28.716031846981));
#7726 = CARTESIAN_POINT('',(4.819572915257,28.949316891978));
#7727 = ( GEOMETRIC_REPRESENTATION_CONTEXT(2) 
PARAMETRIC_REPRESENTATION_CONTEXT() REPRESENTATION_CONTEXT('2D SPACE',''
  ) );
#7728 = PCURVE('',#7729,#7734);
#7729 = CYLINDRICAL_SURFACE('',#7730,2.1);
#7730 = AXIS2_PLACEMENT_3D('',#7731,#7732,#7733);
#7731 = CARTESIAN_POINT('',(-35.,60.62,-20.));
#7732 = DIRECTION('',(0.,0.,1.));
#7733 = DIRECTION('',(1.,0.,-0.));
#7734 = DEFINITIONAL_REPRESENTATION('',(#7735),#7786);
#7735 = B_SPLINE_CURVE_WITH_KNOTS('',7,(#7736,#7737,#7738,#7739,#7740,
    #7741,#7742,#7743,#7744,#7745,#7746,#7747,#7748,#7749,#7750,#7751,
    #7752,#7753,#7754,#7755,#7756,#7757,#7758,#7759,#7760,#7761,#7762,
    #7763,#7764,#7765,#7766,#7767,#7768,#7769,#7770,#7771,#7772,#7773,
    #7774,#7775,#7776,#7777,#7778,#7779,#7780,#7781,#7782,#7783,#7784,
    #7785),.UNSPECIFIED.,.F.,.F.,(8,6,6,6,6,6,6,6,8),(0.,0.103292772628,
    0.251740046601,0.38275248421,0.493699007666,0.625008251486,
    0.742241075894,0.855222380729,1.),.UNSPECIFIED.);
#7736 = CARTESIAN_POINT('',(-8.881784197001E-16,36.902442087229));
#7737 = CARTESIAN_POINT('',(7.69396558752E-02,36.893749553628));
#7738 = CARTESIAN_POINT('',(0.152405456404,36.88611921212));
#7739 = CARTESIAN_POINT('',(0.22673074391,36.879789906465));
#7740 = CARTESIAN_POINT('',(0.300209118655,36.874919925936));
#7741 = CARTESIAN_POINT('',(0.373120125896,36.871606671978));
#7742 = CARTESIAN_POINT('',(0.445744978409,36.869898549304));
#7743 = CARTESIAN_POINT('',(0.622748736753,36.869656131142));
#7744 = CARTESIAN_POINT('',(0.726996736367,36.872835665499));
#7745 = CARTESIAN_POINT('',(0.832054940466,36.879332900002));
#7746 = CARTESIAN_POINT('',(0.938739558009,36.88895923357));
#7747 = CARTESIAN_POINT('',(1.047918813278,36.90132758746));
#7748 = CARTESIAN_POINT('',(1.160478683532,36.915712237089));
#7749 = CARTESIAN_POINT('',(1.380953818824,36.944369153142));
#7750 = CARTESIAN_POINT('',(1.49034441914,36.958778828556));
#7751 = CARTESIAN_POINT('',(1.604314080208,36.973077650758));
#7752 = CARTESIAN_POINT('',(1.722047880964,36.98573705069));
#7753 = CARTESIAN_POINT('',(1.843089059733,36.99510315327));
#7754 = CARTESIAN_POINT('',(1.96720806413,37.));
#7755 = CARTESIAN_POINT('',(2.202125584978,37.));
#7756 = CARTESIAN_POINT('',(2.309838918031,36.99648868398));
#7757 = CARTESIAN_POINT('',(2.41754059207,36.989464764443));
#7758 = CARTESIAN_POINT('',(2.525242867232,36.979329064184));
#7759 = CARTESIAN_POINT('',(2.632960470634,36.966862686837));
#7760 = CARTESIAN_POINT('',(2.740690615099,36.953101961646));
#7761 = CARTESIAN_POINT('',(2.975856227751,36.922550359445));
#7762 = CARTESIAN_POINT('',(3.097641560375,36.906399662933));
#7763 = CARTESIAN_POINT('',(3.215246448357,36.892273573585));
#7764 = CARTESIAN_POINT('',(3.329746093672,36.881167681271));
#7765 = CARTESIAN_POINT('',(3.442212685629,36.873591333348));
#7766 = CARTESIAN_POINT('',(3.553638722212,36.869795493722));
#7767 = CARTESIAN_POINT('',(3.764809670469,36.869795493722));
#7768 = CARTESIAN_POINT('',(3.864334927044,36.872821225281));
#7769 = CARTESIAN_POINT('',(3.964584732193,36.87886453764));
#7770 = CARTESIAN_POINT('',(4.066271117647,36.887763427069));
#7771 = CARTESIAN_POINT('',(4.170145713421,36.899189278446));
#7772 = CARTESIAN_POINT('',(4.276980544098,36.912543109017));
#7773 = CARTESIAN_POINT('',(4.494542476353,36.940660624667));
#7774 = CARTESIAN_POINT('',(4.607759909414,36.955713808497));
#7775 = CARTESIAN_POINT('',(4.72587642571,36.970884385458));
#7776 = CARTESIAN_POINT('',(4.848056786705,36.984493160459));
#7777 = CARTESIAN_POINT('',(4.973870598241,36.994657900753));
#7778 = CARTESIAN_POINT('',(5.103143592226,37.));
#7779 = CARTESIAN_POINT('',(5.406247215184,37.));
#7780 = CARTESIAN_POINT('',(5.568523569705,36.991227628178));
#7781 = CARTESIAN_POINT('',(5.724342085751,36.975165103138));
#7782 = CARTESIAN_POINT('',(5.87415595567,36.955165754306));
#7783 = CARTESIAN_POINT('',(6.017921462642,36.934900657024));
#7784 = CARTESIAN_POINT('',(6.154910858335,36.916934353201));
#7785 = CARTESIAN_POINT('',(6.28318530718,36.902442087229));
#7786 = ( GEOMETRIC_REPRESENTATION_CONTEXT(2) 
PARAMETRIC_REPRESENTATION_CONTEXT() REPRESENTATION_CONTEXT('2D SPACE',''
  ) );
#7787 = ADVANCED_FACE('',(#7788),#1118,.F.);
#7788 = FACE_BOUND('',#7789,.F.);
#7789 = EDGE_LOOP('',(#7790,#7791,#7792,#7793));
#7790 = ORIENTED_EDGE('',*,*,#1103,.F.);
#7791 = ORIENTED_EDGE('',*,*,#7374,.T.);
#7792 = ORIENTED_EDGE('',*,*,#1202,.F.);
#7793 = ORIENTED_EDGE('',*,*,#7794,.F.);
#7794 = EDGE_CURVE('',#1104,#1182,#7795,.T.);
#7795 = SURFACE_CURVE('',#7796,(#7801,#7808),.PCURVE_S1.);
#7796 = CIRCLE('',#7797,15.);
#7797 = AXIS2_PLACEMENT_3D('',#7798,#7799,#7800);
#7798 = CARTESIAN_POINT('',(-20.,34.64,0.));
#7799 = DIRECTION('',(-0.500011000363,0.866019052629,0.));
#7800 = DIRECTION('',(0.866019052629,0.500011000363,0.));
#7801 = PCURVE('',#1118,#7802);
#7802 = DEFINITIONAL_REPRESENTATION('',(#7803),#7807);
#7803 = CIRCLE('',#7804,15.);
#7804 = AXIS2_PLACEMENT_2D('',#7805,#7806);
#7805 = CARTESIAN_POINT('',(0.,0.));
#7806 = DIRECTION('',(1.,0.));
#7807 = ( GEOMETRIC_REPRESENTATION_CONTEXT(2) 
PARAMETRIC_REPRESENTATION_CONTEXT() REPRESENTATION_CONTEXT('2D SPACE',''
  ) );
#7808 = PCURVE('',#1144,#7809);
#7809 = DEFINITIONAL_REPRESENTATION('',(#7810),#7814);
#7810 = LINE('',#7811,#7812);
#7811 = CARTESIAN_POINT('',(0.,4.99988999879));
#7812 = VECTOR('',#7813,1.);
#7813 = DIRECTION('',(1.,0.));
#7814 = ( GEOMETRIC_REPRESENTATION_CONTEXT(2) 
PARAMETRIC_REPRESENTATION_CONTEXT() REPRESENTATION_CONTEXT('2D SPACE',''
  ) );
#7815 = ADVANCED_FACE('',(#7816,#7959,#8125),#1144,.F.);
#7816 = FACE_BOUND('',#7817,.F.);
#7817 = EDGE_LOOP('',(#7818,#7842,#7865,#7887,#7888,#7889,#7890,#7912,
    #7913,#7935,#7936,#7958));
#7818 = ORIENTED_EDGE('',*,*,#7819,.F.);
#7819 = EDGE_CURVE('',#7820,#7820,#7822,.T.);
#7820 = VERTEX_POINT('',#7821);
#7821 = CARTESIAN_POINT('',(-37.00971421056,94.100165005445,
    3.673940397442E-15));
#7822 = SURFACE_CURVE('',#7823,(#7828,#7835),.PCURVE_S1.);
#7823 = CIRCLE('',#7824,15.);
#7824 = AXIS2_PLACEMENT_3D('',#7825,#7826,#7827);
#7825 = CARTESIAN_POINT('',(-50.,86.6,0.));
#7826 = DIRECTION('',(-0.500011000363,0.866019052629,0.));
#7827 = DIRECTION('',(0.866019052629,0.500011000363,0.));
#7828 = PCURVE('',#1144,#7829);
#7829 = DEFINITIONAL_REPRESENTATION('',(#7830),#7834);
#7830 = LINE('',#7831,#7832);
#7831 = CARTESIAN_POINT('',(0.,64.99856998427));
#7832 = VECTOR('',#7833,1.);
#7833 = DIRECTION('',(1.,0.));
#7834 = ( GEOMETRIC_REPRESENTATION_CONTEXT(2) 
PARAMETRIC_REPRESENTATION_CONTEXT() REPRESENTATION_CONTEXT('2D SPACE',''
  ) );
#7835 = PCURVE('',#7330,#7836);
#7836 = DEFINITIONAL_REPRESENTATION('',(#7837),#7841);
#7837 = CIRCLE('',#7838,15.);
#7838 = AXIS2_PLACEMENT_2D('',#7839,#7840);
#7839 = CARTESIAN_POINT('',(0.,0.));
#7840 = DIRECTION('',(1.,0.));
#7841 = ( GEOMETRIC_REPRESENTATION_CONTEXT(2) 
PARAMETRIC_REPRESENTATION_CONTEXT() REPRESENTATION_CONTEXT('2D SPACE',''
  ) );
#7842 = ORIENTED_EDGE('',*,*,#7843,.F.);
#7843 = EDGE_CURVE('',#7844,#7820,#7846,.T.);
#7844 = VERTEX_POINT('',#7845);
#7845 = CARTESIAN_POINT('',(-4.509714210569,37.810165005445,
    3.673940397442E-15));
#7846 = SEAM_CURVE('',#7847,(#7851,#7858),.PCURVE_S1.);
#7847 = LINE('',#7848,#7849);
#7848 = CARTESIAN_POINT('',(-4.509714210569,37.810165005445,
    3.673940397442E-15));
#7849 = VECTOR('',#7850,1.);
#7850 = DIRECTION('',(-0.500011000363,0.866019052629,0.));
#7851 = PCURVE('',#1144,#7852);
#7852 = DEFINITIONAL_REPRESENTATION('',(#7853),#7857);
#7853 = LINE('',#7854,#7855);
#7854 = CARTESIAN_POINT('',(6.28318530718,-0.));
#7855 = VECTOR('',#7856,1.);
#7856 = DIRECTION('',(0.,1.));
#7857 = ( GEOMETRIC_REPRESENTATION_CONTEXT(2) 
PARAMETRIC_REPRESENTATION_CONTEXT() REPRESENTATION_CONTEXT('2D SPACE',''
  ) );
#7858 = PCURVE('',#1144,#7859);
#7859 = DEFINITIONAL_REPRESENTATION('',(#7860),#7864);
#7860 = LINE('',#7861,#7862);
#7861 = CARTESIAN_POINT('',(0.,-0.));
#7862 = VECTOR('',#7863,1.);
#7863 = DIRECTION('',(0.,1.));
#7864 = ( GEOMETRIC_REPRESENTATION_CONTEXT(2) 
PARAMETRIC_REPRESENTATION_CONTEXT() REPRESENTATION_CONTEXT('2D SPACE',''
  ) );
#7865 = ORIENTED_EDGE('',*,*,#7866,.T.);
#7866 = EDGE_CURVE('',#7844,#1130,#7867,.T.);
#7867 = SURFACE_CURVE('',#7868,(#7873,#7880),.PCURVE_S1.);
#7868 = CIRCLE('',#7869,15.);
#7869 = AXIS2_PLACEMENT_3D('',#7870,#7871,#7872);
#7870 = CARTESIAN_POINT('',(-17.5,30.31,0.));
#7871 = DIRECTION('',(-0.500011000363,0.866019052629,0.));
#7872 = DIRECTION('',(0.866019052629,0.500011000363,0.));
#7873 = PCURVE('',#1144,#7874);
#7874 = DEFINITIONAL_REPRESENTATION('',(#7875),#7879);
#7875 = LINE('',#7876,#7877);
#7876 = CARTESIAN_POINT('',(0.,0.));
#7877 = VECTOR('',#7878,1.);
#7878 = DIRECTION('',(1.,0.));
#7879 = ( GEOMETRIC_REPRESENTATION_CONTEXT(2) 
PARAMETRIC_REPRESENTATION_CONTEXT() REPRESENTATION_CONTEXT('2D SPACE',''
  ) );
#7880 = PCURVE('',#1170,#7881);
#7881 = DEFINITIONAL_REPRESENTATION('',(#7882),#7886);
#7882 = CIRCLE('',#7883,15.);
#7883 = AXIS2_PLACEMENT_2D('',#7884,#7885);
#7884 = CARTESIAN_POINT('',(0.,0.));
#7885 = DIRECTION('',(1.,0.));
#7886 = ( GEOMETRIC_REPRESENTATION_CONTEXT(2) 
PARAMETRIC_REPRESENTATION_CONTEXT() REPRESENTATION_CONTEXT('2D SPACE',''
  ) );
#7887 = ORIENTED_EDGE('',*,*,#1129,.T.);
#7888 = ORIENTED_EDGE('',*,*,#7794,.T.);
#7889 = ORIENTED_EDGE('',*,*,#1181,.F.);
#7890 = ORIENTED_EDGE('',*,*,#7891,.T.);
#7891 = EDGE_CURVE('',#1156,#2915,#7892,.T.);
#7892 = SURFACE_CURVE('',#7893,(#7898,#7905),.PCURVE_S1.);
#7893 = CIRCLE('',#7894,15.);
#7894 = AXIS2_PLACEMENT_3D('',#7895,#7896,#7897);
#7895 = CARTESIAN_POINT('',(-17.5,30.31,0.));
#7896 = DIRECTION('',(-0.500011000363,0.866019052629,0.));
#7897 = DIRECTION('',(0.866019052629,0.500011000363,0.));
#7898 = PCURVE('',#1144,#7899);
#7899 = DEFINITIONAL_REPRESENTATION('',(#7900),#7904);
#7900 = LINE('',#7901,#7902);
#7901 = CARTESIAN_POINT('',(0.,0.));
#7902 = VECTOR('',#7903,1.);
#7903 = DIRECTION('',(1.,0.));
#7904 = ( GEOMETRIC_REPRESENTATION_CONTEXT(2) 
PARAMETRIC_REPRESENTATION_CONTEXT() REPRESENTATION_CONTEXT('2D SPACE',''
  ) );
#7905 = PCURVE('',#1170,#7906);
#7906 = DEFINITIONAL_REPRESENTATION('',(#7907),#7911);
#7907 = CIRCLE('',#7908,15.);
#7908 = AXIS2_PLACEMENT_2D('',#7909,#7910);
#7909 = CARTESIAN_POINT('',(0.,0.));
#7910 = DIRECTION('',(1.,0.));
#7911 = ( GEOMETRIC_REPRESENTATION_CONTEXT(2) 
PARAMETRIC_REPRESENTATION_CONTEXT() REPRESENTATION_CONTEXT('2D SPACE',''
  ) );
#7912 = ORIENTED_EDGE('',*,*,#2935,.T.);
#7913 = ORIENTED_EDGE('',*,*,#7914,.T.);
#7914 = EDGE_CURVE('',#2936,#2868,#7915,.T.);
#7915 = SURFACE_CURVE('',#7916,(#7921,#7928),.PCURVE_S1.);
#7916 = CIRCLE('',#7917,15.);
#7917 = AXIS2_PLACEMENT_3D('',#7918,#7919,#7920);
#7918 = CARTESIAN_POINT('',(-20.,34.64,0.));
#7919 = DIRECTION('',(-0.500011000363,0.866019052629,0.));
#7920 = DIRECTION('',(0.866019052629,0.500011000363,0.));
#7921 = PCURVE('',#1144,#7922);
#7922 = DEFINITIONAL_REPRESENTATION('',(#7923),#7927);
#7923 = LINE('',#7924,#7925);
#7924 = CARTESIAN_POINT('',(0.,4.99988999879));
#7925 = VECTOR('',#7926,1.);
#7926 = DIRECTION('',(1.,0.));
#7927 = ( GEOMETRIC_REPRESENTATION_CONTEXT(2) 
PARAMETRIC_REPRESENTATION_CONTEXT() REPRESENTATION_CONTEXT('2D SPACE',''
  ) );
#7928 = PCURVE('',#2882,#7929);
#7929 = DEFINITIONAL_REPRESENTATION('',(#7930),#7934);
#7930 = CIRCLE('',#7931,15.);
#7931 = AXIS2_PLACEMENT_2D('',#7932,#7933);
#7932 = CARTESIAN_POINT('',(0.,0.));
#7933 = DIRECTION('',(1.,0.));
#7934 = ( GEOMETRIC_REPRESENTATION_CONTEXT(2) 
PARAMETRIC_REPRESENTATION_CONTEXT() REPRESENTATION_CONTEXT('2D SPACE',''
  ) );
#7935 = ORIENTED_EDGE('',*,*,#2893,.F.);
#7936 = ORIENTED_EDGE('',*,*,#7937,.T.);
#7937 = EDGE_CURVE('',#2894,#7844,#7938,.T.);
#7938 = SURFACE_CURVE('',#7939,(#7944,#7951),.PCURVE_S1.);
#7939 = CIRCLE('',#7940,15.);
#7940 = AXIS2_PLACEMENT_3D('',#7941,#7942,#7943);
#7941 = CARTESIAN_POINT('',(-17.5,30.31,0.));
#7942 = DIRECTION('',(-0.500011000363,0.866019052629,0.));
#7943 = DIRECTION('',(0.866019052629,0.500011000363,0.));
#7944 = PCURVE('',#1144,#7945);
#7945 = DEFINITIONAL_REPRESENTATION('',(#7946),#7950);
#7946 = LINE('',#7947,#7948);
#7947 = CARTESIAN_POINT('',(0.,0.));
#7948 = VECTOR('',#7949,1.);
#7949 = DIRECTION('',(1.,0.));
#7950 = ( GEOMETRIC_REPRESENTATION_CONTEXT(2) 
PARAMETRIC_REPRESENTATION_CONTEXT() REPRESENTATION_CONTEXT('2D SPACE',''
  ) );
#7951 = PCURVE('',#1170,#7952);
#7952 = DEFINITIONAL_REPRESENTATION('',(#7953),#7957);
#7953 = CIRCLE('',#7954,15.);
#7954 = AXIS2_PLACEMENT_2D('',#7955,#7956);
#7955 = CARTESIAN_POINT('',(0.,0.));
#7956 = DIRECTION('',(1.,0.));
#7957 = ( GEOMETRIC_REPRESENTATION_CONTEXT(2) 
PARAMETRIC_REPRESENTATION_CONTEXT() REPRESENTATION_CONTEXT('2D SPACE',''
  ) );
#7958 = ORIENTED_EDGE('',*,*,#7843,.T.);
#7959 = FACE_BOUND('',#7960,.F.);
#7960 = EDGE_LOOP('',(#7961));
#7961 = ORIENTED_EDGE('',*,*,#7962,.F.);
#7962 = EDGE_CURVE('',#7963,#7963,#7965,.T.);
#7963 = VERTEX_POINT('',#7964);
#7964 = CARTESIAN_POINT('',(-32.9,60.62,14.889343454704));
#7965 = SURFACE_CURVE('',#7966,(#8017,#8071),.PCURVE_S1.);
#7966 = B_SPLINE_CURVE_WITH_KNOTS('',7,(#7967,#7968,#7969,#7970,#7971,
    #7972,#7973,#7974,#7975,#7976,#7977,#7978,#7979,#7980,#7981,#7982,
    #7983,#7984,#7985,#7986,#7987,#7988,#7989,#7990,#7991,#7992,#7993,
    #7994,#7995,#7996,#7997,#7998,#7999,#8000,#8001,#8002,#8003,#8004,
    #8005,#8006,#8007,#8008,#8009,#8010,#8011,#8012,#8013,#8014,#8015,
    #8016),.UNSPECIFIED.,.T.,.F.,(8,6,6,6,6,6,6,6,8),(0.,0.103297779298,
    0.251772823718,0.382852578022,0.493812379447,0.625074643236,
    0.742258619902,0.855232194209,1.),.UNSPECIFIED.);
#7967 = CARTESIAN_POINT('',(-32.9,60.62,14.889343454704));
#7968 = CARTESIAN_POINT('',(-32.9,60.781523043934,14.879478723798));
#7969 = CARTESIAN_POINT('',(-32.91449401909,60.939974046306,
    14.870816025725));
#7970 = CARTESIAN_POINT('',(-32.94249117228,61.094491095653,
    14.863627643426));
#7971 = CARTESIAN_POINT('',(-32.98318929689,61.244387090533,
    14.858095068179));
#7972 = CARTESIAN_POINT('',(-33.03595452167,61.389071700925,
    14.854330455419));
#7973 = CARTESIAN_POINT('',(-33.10030284638,61.527976116451,
    14.852389628224));
#7974 = CARTESIAN_POINT('',(-33.28451990397,61.850935850251,
    14.852114208265));
#7975 = CARTESIAN_POINT('',(-33.41622033983,62.027922118597,
    14.855728001958));
#7976 = CARTESIAN_POINT('',(-33.56991857785,62.189800709981,
    14.863112433286));
#7977 = CARTESIAN_POINT('',(-33.74505170917,62.334419227304,
    14.874049840895));
#7978 = CARTESIAN_POINT('',(-33.9412034182,62.458893877057,
    14.888094097219));
#7979 = CARTESIAN_POINT('',(-34.15772506753,62.559330484623,
    14.904416516983));
#7980 = CARTESIAN_POINT('',(-34.60082083488,62.693102842756,
    14.936921711443));
#7981 = CARTESIAN_POINT('',(-34.82826452916,62.734436781579,
    14.953264986104));
#7982 = CARTESIAN_POINT('',(-35.07044250624,62.747142327794,
    14.969477866998));
#7983 = CARTESIAN_POINT('',(-35.32107616741,62.726115666726,
    14.983827603208));
#7984 = CARTESIAN_POINT('',(-35.57300437622,62.668245096927,
    14.994445729904));
#7985 = CARTESIAN_POINT('',(-35.81859890475,62.572256751865,15.));
#7986 = CARTESIAN_POINT('',(-36.24592507639,62.325532634287,15.));
#7987 = CARTESIAN_POINT('',(-36.42760169438,62.187811895072,
    14.996020375721));
#7988 = CARTESIAN_POINT('',(-36.59132933901,62.027635945155,
    14.988060175875));
#7989 = CARTESIAN_POINT('',(-36.73384189415,61.847838878642,
    14.976571552385));
#7990 = CARTESIAN_POINT('',(-36.85242040377,61.651824420633,
    14.962437031354));
#7991 = CARTESIAN_POINT('',(-36.94501207937,61.443455718816,
    14.946829684579));
#7992 = CARTESIAN_POINT('',(-37.08770543865,60.970810813634,
    14.912178326446));
#7993 = CARTESIAN_POINT('',(-37.12352988333,60.714558215579,
    14.8938551218));
#7994 = CARTESIAN_POINT('',(-37.12278729066,60.463788168767,
    14.877816844687));
#7995 = CARTESIAN_POINT('',(-37.08943456387,60.221820833109,
    14.865198494011));
#7996 = CARTESIAN_POINT('',(-37.0264415342,59.990918875301,
    14.856587121947));
#7997 = CARTESIAN_POINT('',(-36.9358283452,59.772947094917,
    14.852272553384));
#7998 = CARTESIAN_POINT('',(-36.71402049017,59.388775889994,
    14.852272553384));
#7999 = CARTESIAN_POINT('',(-36.58842376503,59.219883717405,
    14.855711364885));
#8000 = CARTESIAN_POINT('',(-36.44276791836,59.064754474683,
    14.86257955539));
#8001 = CARTESIAN_POINT('',(-36.27756474179,58.925259462645,
    14.872690197728));
#8002 = CARTESIAN_POINT('',(-36.09319256473,58.803862609362,
    14.885664660892));
#8003 = CARTESIAN_POINT('',(-35.89019603403,58.703849786072,
    14.900818594093));
#8004 = CARTESIAN_POINT('',(-35.45730168367,58.55817086301,
    14.932715298801));
#8005 = CARTESIAN_POINT('',(-35.22309103605,58.508816170614,
    14.949789660226));
#8006 = CARTESIAN_POINT('',(-34.97224640505,58.489730231628,
    14.966991604531));
#8007 = CARTESIAN_POINT('',(-34.71145054973,58.506737893107,
    14.982417288711));
#8008 = CARTESIAN_POINT('',(-34.44846644598,58.563524444809,
    14.993940588238));
#8009 = CARTESIAN_POINT('',(-34.19169566949,58.661799498572,15.));
#8010 = CARTESIAN_POINT('',(-33.64023104758,58.980197086275,15.));
#8011 = CARTESIAN_POINT('',(-33.38063557587,59.21214294385,
    14.990049616344));
#8012 = CARTESIAN_POINT('',(-33.17699452373,59.479914276862,
    14.971843804208));
#8013 = CARTESIAN_POINT('',(-33.030807987,59.768325733828,
    14.949175053845));
#8014 = CARTESIAN_POINT('',(-32.94033152566,60.06291080199,
    14.926188947054));
#8015 = CARTESIAN_POINT('',(-32.9,60.350563603317,14.905798800546));
#8016 = CARTESIAN_POINT('',(-32.9,60.62,14.889343454704));
#8017 = PCURVE('',#1144,#8018);
#8018 = DEFINITIONAL_REPRESENTATION('',(#8019),#8070);
#8019 = B_SPLINE_CURVE_WITH_KNOTS('',7,(#8020,#8021,#8022,#8023,#8024,
    #8025,#8026,#8027,#8028,#8029,#8030,#8031,#8032,#8033,#8034,#8035,
    #8036,#8037,#8038,#8039,#8040,#8041,#8042,#8043,#8044,#8045,#8046,
    #8047,#8048,#8049,#8050,#8051,#8052,#8053,#8054,#8055,#8056,#8057,
    #8058,#8059,#8060,#8061,#8062,#8063,#8064,#8065,#8066,#8067,#8068,
    #8069),.UNSPECIFIED.,.T.,.F.,(8,6,6,6,6,6,6,6,8),(0.,0.103297779298,
    0.251772823718,0.382852578022,0.493812379447,0.625074643236,
    0.742258619902,0.855232194209,1.),.UNSPECIFIED.);
#8020 = CARTESIAN_POINT('',(4.833930670189,33.949206890767));
#8021 = CARTESIAN_POINT('',(4.839354905249,34.089088924253));
#8022 = CARTESIAN_POINT('',(4.84383714389,34.233557680203));
#8023 = CARTESIAN_POINT('',(4.847403708343,34.381371273464));
#8024 = CARTESIAN_POINT('',(4.850076233033,34.531533570943));
#8025 = CARTESIAN_POINT('',(4.851870417888,34.683216392994));
#8026 = CARTESIAN_POINT('',(4.852794644419,34.835685133543));
#8027 = CARTESIAN_POINT('',(4.85292579858,35.207484971492));
#8028 = CARTESIAN_POINT('',(4.851204851882,35.426610118619));
#8029 = CARTESIAN_POINT('',(4.847692541467,35.643650872718));
#8030 = CARTESIAN_POINT('',(4.842352055546,35.856461756267));
#8031 = CARTESIAN_POINT('',(4.835116131931,36.062337186777));
#8032 = CARTESIAN_POINT('',(4.825900037333,36.257580408997));
#8033 = CARTESIAN_POINT('',(4.804666388248,36.594982577743));
#8034 = CARTESIAN_POINT('',(4.792863027341,36.744502905387));
#8035 = CARTESIAN_POINT('',(4.779263335234,36.876597803066));
#8036 = CARTESIAN_POINT('',(4.764066366159,36.983707901614));
#8037 = CARTESIAN_POINT('',(4.747583148284,37.059557761288));
#8038 = CARTESIAN_POINT('',(4.730204153951,37.09922999153));
#8039 = CARTESIAN_POINT('',(4.697308328672,37.09922999153));
#8040 = CARTESIAN_POINT('',(4.682228493005,37.070801514931));
#8041 = CARTESIAN_POINT('',(4.66743088423,37.013951713905));
#8042 = CARTESIAN_POINT('',(4.653192708652,36.929501873958));
#8043 = CARTESIAN_POINT('',(4.639781792701,36.819040177949));
#8044 = CARTESIAN_POINT('',(4.62744711868,36.684885768548));
#8045 = CARTESIAN_POINT('',(4.603342646414,36.346914524852));
#8046 = CARTESIAN_POINT('',(4.592664164464,36.142907509069));
#8047 = CARTESIAN_POINT('',(4.584280019245,35.925364566199));
#8048 = CARTESIAN_POINT('',(4.578082582626,35.699139513119));
#8049 = CARTESIAN_POINT('',(4.573982168454,35.467676810588));
#8050 = CARTESIAN_POINT('',(4.571927565675,35.233601504562));
#8051 = CARTESIAN_POINT('',(4.571927565675,34.789995554142));
#8052 = CARTESIAN_POINT('',(4.573565106465,34.580931970661));
#8053 = CARTESIAN_POINT('',(4.57683561406,34.373757565243));
#8054 = CARTESIAN_POINT('',(4.58176983544,34.170348821494));
#8055 = CARTESIAN_POINT('',(4.588423978963,33.973028716928));
#8056 = CARTESIAN_POINT('',(4.596869792417,33.784915208068));
#8057 = CARTESIAN_POINT('',(4.617118669708,33.442302547955));
#8058 = CARTESIAN_POINT('',(4.629049392438,33.282452543788));
#8059 = CARTESIAN_POINT('',(4.642941119107,33.140498682108));
#8060 = CARTESIAN_POINT('',(4.658594177657,33.02482684448));
#8061 = CARTESIAN_POINT('',(4.675680846724,32.942510135392));
#8062 = CARTESIAN_POINT('',(4.693781324312,32.89922999153));
#8063 = CARTESIAN_POINT('',(4.736233402029,32.89922999153));
#8064 = CARTESIAN_POINT('',(4.758952754187,32.970298931865));
#8065 = CARTESIAN_POINT('',(4.779657867738,33.100371241809));
#8066 = CARTESIAN_POINT('',(4.797769089546,33.277046182069));
#8067 = CARTESIAN_POINT('',(4.812888452045,33.486923237772));
#8068 = CARTESIAN_POINT('',(4.824882510165,33.715869837768));
#8069 = CARTESIAN_POINT('',(4.833930670189,33.949206890767));
#8070 = ( GEOMETRIC_REPRESENTATION_CONTEXT(2) 
PARAMETRIC_REPRESENTATION_CONTEXT() REPRESENTATION_CONTEXT('2D SPACE',''
  ) );
#8071 = PCURVE('',#7729,#8072);
#8072 = DEFINITIONAL_REPRESENTATION('',(#8073),#8124);
#8073 = B_SPLINE_CURVE_WITH_KNOTS('',7,(#8074,#8075,#8076,#8077,#8078,
    #8079,#8080,#8081,#8082,#8083,#8084,#8085,#8086,#8087,#8088,#8089,
    #8090,#8091,#8092,#8093,#8094,#8095,#8096,#8097,#8098,#8099,#8100,
    #8101,#8102,#8103,#8104,#8105,#8106,#8107,#8108,#8109,#8110,#8111,
    #8112,#8113,#8114,#8115,#8116,#8117,#8118,#8119,#8120,#8121,#8122,
    #8123),.UNSPECIFIED.,.F.,.F.,(8,6,6,6,6,6,6,6,8),(0.,0.103297779298,
    0.251772823718,0.382852578022,0.493812379447,0.625074643236,
    0.742258619902,0.855232194209,1.),.UNSPECIFIED.);
#8074 = CARTESIAN_POINT('',(-8.881784197001E-16,34.889343454704));
#8075 = CARTESIAN_POINT('',(7.691573520686E-02,34.879478723798));
#8076 = CARTESIAN_POINT('',(0.152368784523,34.870816025725));
#8077 = CARTESIAN_POINT('',(0.226690841393,34.863627643426));
#8078 = CARTESIAN_POINT('',(0.300173566696,34.858095068179));
#8079 = CARTESIAN_POINT('',(0.373094336717,34.854330455419));
#8080 = CARTESIAN_POINT('',(0.445731953054,34.852389628224));
#8081 = CARTESIAN_POINT('',(0.622781924837,34.852114208265));
#8082 = CARTESIAN_POINT('',(0.727061784916,34.855728001958));
#8083 = CARTESIAN_POINT('',(0.832143173542,34.863112433286));
#8084 = CARTESIAN_POINT('',(0.938836610426,34.874049840895));
#8085 = CARTESIAN_POINT('',(1.048005884057,34.888094097219));
#8086 = CARTESIAN_POINT('',(1.160534326599,34.904416516983));
#8087 = CARTESIAN_POINT('',(1.380938461098,34.936921711443));
#8088 = CARTESIAN_POINT('',(1.490311625243,34.953264986104));
#8089 = CARTESIAN_POINT('',(1.604263575724,34.969477866998));
#8090 = CARTESIAN_POINT('',(1.721983305103,34.983827603208));
#8091 = CARTESIAN_POINT('',(1.843021076961,34.994445729904));
#8092 = CARTESIAN_POINT('',(1.967156564809,35.));
#8093 = CARTESIAN_POINT('',(2.202126745368,35.));
#8094 = CARTESIAN_POINT('',(2.309839332381,34.996020375721));
#8095 = CARTESIAN_POINT('',(2.417539902923,34.988060175875));
#8096 = CARTESIAN_POINT('',(2.525241796668,34.976571552385));
#8097 = CARTESIAN_POINT('',(2.632960218383,34.962437031354));
#8098 = CARTESIAN_POINT('',(2.740691682772,34.946829684579));
#8099 = CARTESIAN_POINT('',(2.975794111927,34.912178326446));
#8100 = CARTESIAN_POINT('',(3.097542322546,34.8938551218));
#8101 = CARTESIAN_POINT('',(3.215133577025,34.877816844687));
#8102 = CARTESIAN_POINT('',(3.32964171207,34.865198494011));
#8103 = CARTESIAN_POINT('',(3.442134673194,34.856587121947));
#8104 = CARTESIAN_POINT('',(3.553598648964,34.852272553384));
#8105 = CARTESIAN_POINT('',(3.764839577735,34.852272553384));
#8106 = CARTESIAN_POINT('',(3.864393498054,34.855711364885));
#8107 = CARTESIAN_POINT('',(3.964664278509,34.86257955539));
#8108 = CARTESIAN_POINT('',(4.066358846206,34.872690197728));
#8109 = CARTESIAN_POINT('',(4.170224729721,34.885664660892));
#8110 = CARTESIAN_POINT('',(4.277031200918,34.900818594093));
#8111 = CARTESIAN_POINT('',(4.49453083847,34.932715298801));
#8112 = CARTESIAN_POINT('',(4.60773087595,34.949789660226));
#8113 = CARTESIAN_POINT('',(4.725827824225,34.966991604531));
#8114 = CARTESIAN_POINT('',(4.847991458775,34.982417288711));
#8115 = CARTESIAN_POINT('',(4.973799674866,34.993940588238));
#8116 = CARTESIAN_POINT('',(5.103088629066,35.));
#8117 = CARTESIAN_POINT('',(5.406317755617,35.));
#8118 = CARTESIAN_POINT('',(5.568600548167,34.990049616344));
#8119 = CARTESIAN_POINT('',(5.724395221948,34.971843804208));
#8120 = CARTESIAN_POINT('',(5.874172552775,34.949175053845));
#8121 = CARTESIAN_POINT('',(6.017905814216,34.926188947054));
#8122 = CARTESIAN_POINT('',(6.15488226114,34.905798800546));
#8123 = CARTESIAN_POINT('',(6.28318530718,34.889343454704));
#8124 = ( GEOMETRIC_REPRESENTATION_CONTEXT(2) 
PARAMETRIC_REPRESENTATION_CONTEXT() REPRESENTATION_CONTEXT('2D SPACE',''
  ) );
#8125 = FACE_BOUND('',#8126,.F.);
#8126 = EDGE_LOOP('',(#8127));
#8127 = ORIENTED_EDGE('',*,*,#8128,.T.);
#8128 = EDGE_CURVE('',#8129,#8129,#8131,.T.);
#8129 = VERTEX_POINT('',#8130);
#8130 = CARTESIAN_POINT('',(-32.9,60.62,-14.8893434547));
#8131 = SURFACE_CURVE('',#8132,(#8191,#8253),.PCURVE_S1.);
#8132 = B_SPLINE_CURVE_WITH_KNOTS('',8,(#8133,#8134,#8135,#8136,#8137,
    #8138,#8139,#8140,#8141,#8142,#8143,#8144,#8145,#8146,#8147,#8148,
    #8149,#8150,#8151,#8152,#8153,#8154,#8155,#8156,#8157,#8158,#8159,
    #8160,#8161,#8162,#8163,#8164,#8165,#8166,#8167,#8168,#8169,#8170,
    #8171,#8172,#8173,#8174,#8175,#8176,#8177,#8178,#8179,#8180,#8181,
    #8182,#8183,#8184,#8185,#8186,#8187,#8188,#8189,#8190),
  .UNSPECIFIED.,.T.,.F.,(9,7,7,7,7,7,7,7,9),(0.,0.109551709138,
    0.278999835199,0.434751878171,0.542860431287,0.650969825831,
    0.760060190213,0.865230954488,1.),.UNSPECIFIED.);
#8133 = CARTESIAN_POINT('',(-32.9,60.62,-14.8893434547));
#8134 = CARTESIAN_POINT('',(-32.9,60.761332663442,-14.88071181516));
#8135 = CARTESIAN_POINT('',(-32.91087051432,60.900361295713,
    -14.87298170024));
#8136 = CARTESIAN_POINT('',(-32.93199223983,61.036547202148,
    -14.86632328678));
#8137 = CARTESIAN_POINT('',(-32.96284023458,61.169439093093,
    -14.8608613558));
#8138 = CARTESIAN_POINT('',(-33.00297625618,61.29864381943,
    -14.85668333839));
#8139 = CARTESIAN_POINT('',(-33.05204160285,61.423797804806,
    -14.85384524862));
#8140 = CARTESIAN_POINT('',(-33.10975045707,61.544539174574,
    -14.85237550325));
#8141 = CARTESIAN_POINT('',(-33.27817478303,61.839811915284,
    -14.85212369475));
#8142 = CARTESIAN_POINT('',(-33.40047537563,62.007407696257,
    -14.85525036429));
#8143 = CARTESIAN_POINT('',(-33.54196328741,62.162037728821,
    -14.86165028379));
#8144 = CARTESIAN_POINT('',(-33.70216310954,62.302096585609,
    -14.87117747807));
#8145 = CARTESIAN_POINT('',(-33.88073890839,62.425494666996,
    -14.88353754859));
#8146 = CARTESIAN_POINT('',(-34.07728361932,62.529528404184,
    -14.89822016313));
#8147 = CARTESIAN_POINT('',(-34.29104014647,62.610708085673,
    -14.91441536153));
#8148 = CARTESIAN_POINT('',(-34.7313923301,62.713985856774,
    -14.94616008557));
#8149 = CARTESIAN_POINT('',(-34.96338954086,62.742166449212,
    -14.96222103839));
#8150 = CARTESIAN_POINT('',(-35.20957876003,62.740795151839,
    -14.97773459002));
#8151 = CARTESIAN_POINT('',(-35.46208615124,62.704782134696,
    -14.99088516369));
#8152 = CARTESIAN_POINT('',(-35.71245441757,62.631998494755,
    -14.99983972249));
#8153 = CARTESIAN_POINT('',(-35.95238610112,62.52293469397,
    -15.0034607293));
#8154 = CARTESIAN_POINT('',(-36.17432952028,62.380476776905,
    -15.00157586382));
#8155 = CARTESIAN_POINT('',(-36.50954910965,62.091115558661,
    -14.99016066649));
#8156 = CARTESIAN_POINT('',(-36.63518173149,61.959002775869,
    -14.98314960242));
#8157 = CARTESIAN_POINT('',(-36.74753776608,61.814688165809,
    -14.97401389959));
#8158 = CARTESIAN_POINT('',(-36.84525404249,61.659730934658,
    -14.96311230462));
#8159 = CARTESIAN_POINT('',(-36.92718567968,61.495866609263,
    -14.95092769712));
#8160 = CARTESIAN_POINT('',(-36.99242834132,61.32497693044,
    -14.93802884234));
#8161 = CARTESIAN_POINT('',(-37.04034484509,61.149058197936,
    -14.92501910189));
#8162 = CARTESIAN_POINT('',(-37.10084764268,60.791316544017,
    -14.89992500501));
#8163 = CARTESIAN_POINT('',(-37.11344524059,60.609425089894,
    -14.8878364054));
#8164 = CARTESIAN_POINT('',(-37.1080267237,60.426586704452,
    -14.87678037747));
#8165 = CARTESIAN_POINT('',(-37.08453785353,60.244894325479,
    -14.86730556148));
#8166 = CARTESIAN_POINT('',(-37.04321320082,60.066421045219,
    -14.85987179164));
#8167 = CARTESIAN_POINT('',(-36.98456198763,59.893182588167,
    -14.85480530808));
#8168 = CARTESIAN_POINT('',(-36.90935891986,59.727102050227,
    -14.85227255338));
#8169 = CARTESIAN_POINT('',(-36.72709793021,59.41142601615,
    -14.85227255338));
#8170 = CARTESIAN_POINT('',(-36.61982294631,59.262106760552,
    -14.85485166201));
#8171 = CARTESIAN_POINT('',(-36.49738886086,59.122927940704,
    -14.86000398395));
#8172 = CARTESIAN_POINT('',(-36.36016633008,58.995006968664,
    -14.86763487655));
#8173 = CARTESIAN_POINT('',(-36.2084251754,58.879735642664,
    -14.87755562141));
#8174 = CARTESIAN_POINT('',(-36.04244343206,58.77885940354,
    -14.88945314419));
#8175 = CARTESIAN_POINT('',(-35.8626451883,58.694578291693,
    -14.90284860716));
#8176 = CARTESIAN_POINT('',(-35.48386263174,58.567109234013,
    -14.93075822378));
#8177 = CARTESIAN_POINT('',(-35.28164369795,58.521154843713,
    -14.94552106987));
#8178 = CARTESIAN_POINT('',(-35.06631314167,58.496887458748,
    -14.96054087541));
#8179 = CARTESIAN_POINT('',(-34.84184847739,58.498234062368,
    -14.97470444662));
#8180 = CARTESIAN_POINT('',(-34.61283151082,58.528032849995,
    -14.98673852603));
#8181 = CARTESIAN_POINT('',(-34.38427375186,58.58809320825,
    -14.99545544117));
#8182 = CARTESIAN_POINT('',(-34.1614808232,58.679244559935,-15.));
#8183 = CARTESIAN_POINT('',(-33.67894927904,58.957842449175,-15.));
#8184 = CARTESIAN_POINT('',(-33.4455344438,59.154156479456,
    -14.99253721225));
#8185 = CARTESIAN_POINT('',(-33.25335991828,59.379500026983,
    -14.97867098375));
#8186 = CARTESIAN_POINT('',(-33.10390125537,59.624120005345,
    -14.96050942902));
#8187 = CARTESIAN_POINT('',(-32.996879314,59.878795134389,
    -14.94055526379));
#8188 = CARTESIAN_POINT('',(-32.93024864425,60.134824002321,
    -14.92109141042));
#8189 = CARTESIAN_POINT('',(-32.9,60.384243152902,-14.90374188231));
#8190 = CARTESIAN_POINT('',(-32.9,60.62,-14.8893434547));
#8191 = PCURVE('',#1144,#8192);
#8192 = DEFINITIONAL_REPRESENTATION('',(#8193),#8252);
#8193 = B_SPLINE_CURVE_WITH_KNOTS('',8,(#8194,#8195,#8196,#8197,#8198,
    #8199,#8200,#8201,#8202,#8203,#8204,#8205,#8206,#8207,#8208,#8209,
    #8210,#8211,#8212,#8213,#8214,#8215,#8216,#8217,#8218,#8219,#8220,
    #8221,#8222,#8223,#8224,#8225,#8226,#8227,#8228,#8229,#8230,#8231,
    #8232,#8233,#8234,#8235,#8236,#8237,#8238,#8239,#8240,#8241,#8242,
    #8243,#8244,#8245,#8246,#8247,#8248,#8249,#8250,#8251),
  .UNSPECIFIED.,.T.,.F.,(9,7,7,7,7,7,7,7,9),(0.,0.109551709138,
    0.278999835199,0.434751878171,0.542860431287,0.650969825831,
    0.760060190213,0.865230954488,1.),.UNSPECIFIED.);
#8194 = CARTESIAN_POINT('',(1.44925463699,33.949206890767));
#8195 = CARTESIAN_POINT('',(1.444508431313,34.071603670067));
#8196 = CARTESIAN_POINT('',(1.44046872295,34.197440491215));
#8197 = CARTESIAN_POINT('',(1.437119060506,34.325941175991));
#8198 = CARTESIAN_POINT('',(1.434445336491,34.456452422203));
#8199 = CARTESIAN_POINT('',(1.432436254826,34.588414629212));
#8200 = CARTESIAN_POINT('',(1.431083832659,34.721333578131));
#8201 = CARTESIAN_POINT('',(1.430383936492,34.854752966717));
#8202 = CARTESIAN_POINT('',(1.430264026037,35.194678801604));
#8203 = CARTESIAN_POINT('',(1.431753015332,35.400971582716));
#8204 = CARTESIAN_POINT('',(1.434797364155,35.605629649335));
#8205 = CARTESIAN_POINT('',(1.439421511642,35.807024961124));
#8206 = CARTESIAN_POINT('',(1.445672490075,36.003179914487));
#8207 = CARTESIAN_POINT('',(1.453611915566,36.191549630537));
#8208 = CARTESIAN_POINT('',(1.463306138186,36.368733396367));
#8209 = CARTESIAN_POINT('',(1.485388672941,36.678354849701));
#8210 = CARTESIAN_POINT('',(1.497888851092,36.818760937099));
#8211 = CARTESIAN_POINT('',(1.512183491262,36.940670685204));
#8212 = CARTESIAN_POINT('',(1.527981908259,37.035739199493));
#8213 = CARTESIAN_POINT('',(1.544866059392,37.097894067894));
#8214 = CARTESIAN_POINT('',(1.562349275608,37.123411219571));
#8215 = CARTESIAN_POINT('',(1.579909042418,37.111014100236));
#8216 = CARTESIAN_POINT('',(1.608918382338,37.028035254365));
#8217 = CARTESIAN_POINT('',(1.620583840202,36.976440760297));
#8218 = CARTESIAN_POINT('',(1.631895904696,36.907640811662));
#8219 = CARTESIAN_POINT('',(1.64272550318,36.822304110264));
#8220 = CARTESIAN_POINT('',(1.652949043368,36.721361202295));
#8221 = CARTESIAN_POINT('',(1.662450500348,36.605989533053));
#8222 = CARTESIAN_POINT('',(1.671124227237,36.477599337975));
#8223 = CARTESIAN_POINT('',(1.686632812004,36.198040314106));
#8224 = CARTESIAN_POINT('',(1.693470612592,36.046817786859));
#8225 = CARTESIAN_POINT('',(1.699299029324,35.885766943463));
#8226 = CARTESIAN_POINT('',(1.704041574046,35.716673188083));
#8227 = CARTESIAN_POINT('',(1.707639231355,35.541449146056));
#8228 = CARTESIAN_POINT('',(1.710051552119,35.362095089818));
#8229 = CARTESIAN_POINT('',(1.711257741505,35.180663818549));
#8230 = CARTESIAN_POINT('',(1.711257741505,34.816149858816));
#8231 = CARTESIAN_POINT('',(1.710029585912,34.633197866531));
#8232 = CARTESIAN_POINT('',(1.707576133468,34.451447967275));
#8233 = CARTESIAN_POINT('',(1.70388258243,34.272053193368));
#8234 = CARTESIAN_POINT('',(1.698920167918,34.096353782281));
#8235 = CARTESIAN_POINT('',(1.692649874853,33.926000339713));
#8236 = CARTESIAN_POINT('',(1.685026808421,33.763110191353));
#8237 = CARTESIAN_POINT('',(1.667309040791,33.463324113754));
#8238 = CARTESIAN_POINT('',(1.657118595424,33.322415044829));
#8239 = CARTESIAN_POINT('',(1.645453585573,33.193731380238));
#8240 = CARTESIAN_POINT('',(1.632417658798,33.082662763294));
#8241 = CARTESIAN_POINT('',(1.618183628623,32.993958078572));
#8242 = CARTESIAN_POINT('',(1.602979341059,32.931690099426));
#8243 = CARTESIAN_POINT('',(1.587078025858,32.89922999153));
#8244 = CARTESIAN_POINT('',(1.549932457856,32.89922999153));
#8245 = CARTESIAN_POINT('',(1.529912391032,32.952531696782));
#8246 = CARTESIAN_POINT('',(1.511291857023,33.05159412558));
#8247 = CARTESIAN_POINT('',(1.494471828537,33.188708711939));
#8248 = CARTESIAN_POINT('',(1.479746456696,33.355750077958));
#8249 = CARTESIAN_POINT('',(1.467298340605,33.544159887771));
#8250 = CARTESIAN_POINT('',(1.457171777012,33.745036969393));
#8251 = CARTESIAN_POINT('',(1.44925463699,33.949206890767));
#8252 = ( GEOMETRIC_REPRESENTATION_CONTEXT(2) 
PARAMETRIC_REPRESENTATION_CONTEXT() REPRESENTATION_CONTEXT('2D SPACE',''
  ) );
#8253 = PCURVE('',#7550,#8254);
#8254 = DEFINITIONAL_REPRESENTATION('',(#8255),#8314);
#8255 = B_SPLINE_CURVE_WITH_KNOTS('',8,(#8256,#8257,#8258,#8259,#8260,
    #8261,#8262,#8263,#8264,#8265,#8266,#8267,#8268,#8269,#8270,#8271,
    #8272,#8273,#8274,#8275,#8276,#8277,#8278,#8279,#8280,#8281,#8282,
    #8283,#8284,#8285,#8286,#8287,#8288,#8289,#8290,#8291,#8292,#8293,
    #8294,#8295,#8296,#8297,#8298,#8299,#8300,#8301,#8302,#8303,#8304,
    #8305,#8306,#8307,#8308,#8309,#8310,#8311,#8312,#8313),
  .UNSPECIFIED.,.F.,.F.,(9,7,7,7,7,7,7,7,9),(0.,0.109551709138,
    0.278999835199,0.434751878171,0.542860431287,0.650969825831,
    0.760060190213,0.865230954488,1.),.UNSPECIFIED.);
#8256 = CARTESIAN_POINT('',(-8.881784197001E-16,5.110656545296));
#8257 = CARTESIAN_POINT('',(6.730126830592E-02,5.119288184838));
#8258 = CARTESIAN_POINT('',(0.133505522194,5.127018299757));
#8259 = CARTESIAN_POINT('',(0.198820070067,5.133676713212));
#8260 = CARTESIAN_POINT('',(0.263432204044,5.139138644198));
#8261 = CARTESIAN_POINT('',(0.327518855454,5.143316661606));
#8262 = CARTESIAN_POINT('',(0.391253740801,5.146154751379));
#8263 = CARTESIAN_POINT('',(0.454811998231,5.147624496747));
#8264 = CARTESIAN_POINT('',(0.616683665005,5.147876305247));
#8265 = CARTESIAN_POINT('',(0.714861443878,5.144749635702));
#8266 = CARTESIAN_POINT('',(0.813652672196,5.138349716207));
#8267 = CARTESIAN_POINT('',(0.913708510409,5.128822521921));
#8268 = CARTESIAN_POINT('',(1.015688009509,5.116462451408));
#8269 = CARTESIAN_POINT('',(1.120272430876,5.101779836862));
#8270 = CARTESIAN_POINT('',(1.228199326058,5.085584638465));
#8271 = CARTESIAN_POINT('',(1.443580833079,5.053839914424));
#8272 = CARTESIAN_POINT('',(1.554201447841,5.037778961608));
#8273 = CARTESIAN_POINT('',(1.669859831666,5.022265409973));
#8274 = CARTESIAN_POINT('',(1.78904790835,5.009114836307));
#8275 = CARTESIAN_POINT('',(1.910735852883,5.000160277501));
#8276 = CARTESIAN_POINT('',(2.034097750523,4.996539270694));
#8277 = CARTESIAN_POINT('',(2.15842868145,4.998424136177));
#8278 = CARTESIAN_POINT('',(2.369302087993,5.009839333501));
#8279 = CARTESIAN_POINT('',(2.455696547691,5.016850397577));
#8280 = CARTESIAN_POINT('',(2.542085256667,5.025986100408));
#8281 = CARTESIAN_POINT('',(2.628472733015,5.036887695371));
#8282 = CARTESIAN_POINT('',(2.714865097918,5.049072302874));
#8283 = CARTESIAN_POINT('',(2.801265295544,5.061971157652));
#8284 = CARTESIAN_POINT('',(2.88766793403,5.074980898109));
#8285 = CARTESIAN_POINT('',(3.060440233465,5.100074994983));
#8286 = CARTESIAN_POINT('',(3.146842584492,5.112163594591));
#8287 = CARTESIAN_POINT('',(3.233242012694,5.12321962253));
#8288 = CARTESIAN_POINT('',(3.319633799764,5.132694438516));
#8289 = CARTESIAN_POINT('',(3.406021513369,5.140128208357));
#8290 = CARTESIAN_POINT('',(3.492411416644,5.145194691911));
#8291 = CARTESIAN_POINT('',(3.578807070875,5.147727446616));
#8292 = CARTESIAN_POINT('',(3.752385146938,5.147727446616));
#8293 = CARTESIAN_POINT('',(3.839505017974,5.14514833799));
#8294 = CARTESIAN_POINT('',(3.927062735838,5.139996016049));
#8295 = CARTESIAN_POINT('',(4.015511562358,5.132365123441));
#8296 = CARTESIAN_POINT('',(4.105308552524,5.122444378585));
#8297 = CARTESIAN_POINT('',(4.19692634752,5.110546855808));
#8298 = CARTESIAN_POINT('',(4.290873606014,5.097151392833));
#8299 = CARTESIAN_POINT('',(4.481185788872,5.069241776213));
#8300 = CARTESIAN_POINT('',(4.57943086658,5.05447893013));
#8301 = CARTESIAN_POINT('',(4.681541468622,5.039459124583));
#8302 = CARTESIAN_POINT('',(4.7869096415,5.025295553379));
#8303 = CARTESIAN_POINT('',(4.895169539809,5.013261473966));
#8304 = CARTESIAN_POINT('',(5.006121913416,5.004544558822));
#8305 = CARTESIAN_POINT('',(5.119702607702,5.));
#8306 = CARTESIAN_POINT('',(5.385028093434,5.));
#8307 = CARTESIAN_POINT('',(5.52802985003,5.007462787742));
#8308 = CARTESIAN_POINT('',(5.66597221928,5.021329016241));
#8309 = CARTESIAN_POINT('',(5.799283887361,5.039490570974));
#8310 = CARTESIAN_POINT('',(5.928072525815,5.059444736201));
#8311 = CARTESIAN_POINT('',(6.052149925947,5.078908589573));
#8312 = CARTESIAN_POINT('',(6.170920141895,5.096258117684));
#8313 = CARTESIAN_POINT('',(6.28318530718,5.110656545296));
#8314 = ( GEOMETRIC_REPRESENTATION_CONTEXT(2) 
PARAMETRIC_REPRESENTATION_CONTEXT() REPRESENTATION_CONTEXT('2D SPACE',''
  ) );
#8315 = ADVANCED_FACE('',(#8316),#1170,.T.);
#8316 = FACE_BOUND('',#8317,.T.);
#8317 = EDGE_LOOP('',(#8318,#8319,#8320,#8321,#8322));
#8318 = ORIENTED_EDGE('',*,*,#7937,.T.);
#8319 = ORIENTED_EDGE('',*,*,#7866,.T.);
#8320 = ORIENTED_EDGE('',*,*,#1155,.T.);
#8321 = ORIENTED_EDGE('',*,*,#7891,.T.);
#8322 = ORIENTED_EDGE('',*,*,#2914,.F.);
#8323 = ADVANCED_FACE('',(#8324),#1065,.T.);
#8324 = FACE_BOUND('',#8325,.T.);
#8325 = EDGE_LOOP('',(#8326,#8327,#8369,#8370,#8371));
#8326 = ORIENTED_EDGE('',*,*,#2822,.F.);
#8327 = ORIENTED_EDGE('',*,*,#8328,.F.);
#8328 = EDGE_CURVE('',#1028,#2802,#8329,.T.);
#8329 = SURFACE_CURVE('',#8330,(#8341,#8355),.PCURVE_S1.);
#8330 = B_SPLINE_CURVE_WITH_KNOTS('',5,(#8331,#8332,#8333,#8334,#8335,
    #8336,#8337,#8338,#8339,#8340),.UNSPECIFIED.,.F.,.F.,(6,4,6),(0.,
    0.499999965155,1.),.UNSPECIFIED.);
#8331 = CARTESIAN_POINT('',(33.237401577589,90.062617863185,
    -5.000000596126));
#8332 = CARTESIAN_POINT('',(32.949281644902,90.168947860385,
    -4.016395709189));
#8333 = CARTESIAN_POINT('',(32.734385653858,90.246946473647,
    -3.020120922816));
#8334 = CARTESIAN_POINT('',(32.591546585105,90.298377640162,
    -2.016037744391));
#8335 = CARTESIAN_POINT('',(32.520116784439,90.32409426242,
    -1.008052301828));
#8336 = CARTESIAN_POINT('',(32.520116784439,90.32409426242,
    1.008052442329));
#8337 = CARTESIAN_POINT('',(32.591546603244,90.298377631617,
    2.016037330155));
#8338 = CARTESIAN_POINT('',(32.734385524499,90.246946523643,
    3.020120834914));
#8339 = CARTESIAN_POINT('',(32.949281839036,90.16894778874,
    4.016396371943));
#8340 = CARTESIAN_POINT('',(33.237401577583,90.062617863187,
    5.000000596117));
#8341 = PCURVE('',#1065,#8342);
#8342 = DEFINITIONAL_REPRESENTATION('',(#8343),#8354);
#8343 = B_SPLINE_CURVE_WITH_KNOTS('',5,(#8344,#8345,#8346,#8347,#8348,
    #8349,#8350,#8351,#8352,#8353),.UNSPECIFIED.,.F.,.F.,(6,4,6),(0.,
    0.499999965155,1.),.UNSPECIFIED.);
#8344 = CARTESIAN_POINT('',(1.217254299712,-6.E-07));
#8345 = CARTESIAN_POINT('',(1.220453406506,0.983604286937));
#8346 = CARTESIAN_POINT('',(1.222834763518,1.979879087096));
#8347 = CARTESIAN_POINT('',(1.224416191462,2.983962249961));
#8348 = CARTESIAN_POINT('',(1.225207003149,3.991947698172));
#8349 = CARTESIAN_POINT('',(1.225207003149,6.008052442329));
#8350 = CARTESIAN_POINT('',(1.224416191251,7.016037335659));
#8351 = CARTESIAN_POINT('',(1.222834764967,8.020120825173));
#8352 = CARTESIAN_POINT('',(1.22045340435,9.016396375826));
#8353 = CARTESIAN_POINT('',(1.217254299712,10.0000006));
#8354 = ( GEOMETRIC_REPRESENTATION_CONTEXT(2) 
PARAMETRIC_REPRESENTATION_CONTEXT() REPRESENTATION_CONTEXT('2D SPACE',''
  ) );
#8355 = PCURVE('',#896,#8356);
#8356 = DEFINITIONAL_REPRESENTATION('',(#8357),#8368);
#8357 = B_SPLINE_CURVE_WITH_KNOTS('',5,(#8358,#8359,#8360,#8361,#8362,
    #8363,#8364,#8365,#8366,#8367),.UNSPECIFIED.,.F.,.F.,(6,4,6),(0.,
    0.499999965155,1.),.UNSPECIFIED.);
#8358 = CARTESIAN_POINT('',(2.843060415954,54.615889421097));
#8359 = CARTESIAN_POINT('',(2.903597112667,54.563910088771));
#8360 = CARTESIAN_POINT('',(2.96350398852,54.524008014479));
#8361 = CARTESIAN_POINT('',(3.023002242162,54.497127278921));
#8362 = CARTESIAN_POINT('',(3.082295459365,54.483682677679));
#8363 = CARTESIAN_POINT('',(3.20088985608,54.483682677679));
#8364 = CARTESIAN_POINT('',(3.260183041282,54.497127280591));
#8365 = CARTESIAN_POINT('',(3.319681311758,54.524007993095));
#8366 = CARTESIAN_POINT('',(3.379588235302,54.563910123795));
#8367 = CARTESIAN_POINT('',(3.440124891224,54.615889421096));
#8368 = ( GEOMETRIC_REPRESENTATION_CONTEXT(2) 
PARAMETRIC_REPRESENTATION_CONTEXT() REPRESENTATION_CONTEXT('2D SPACE',''
  ) );
#8369 = ORIENTED_EDGE('',*,*,#1048,.T.);
#8370 = ORIENTED_EDGE('',*,*,#7343,.F.);
#8371 = ORIENTED_EDGE('',*,*,#7260,.F.);
#8372 = ADVANCED_FACE('',(#8373,#8477,#8672),#896,.T.);
#8373 = FACE_BOUND('',#8374,.T.);
#8374 = EDGE_LOOP('',(#8375,#8376,#8399,#8426,#8427,#8428,#8429,#8451,
    #8452,#8453,#8454,#8476));
#8375 = ORIENTED_EDGE('',*,*,#3967,.T.);
#8376 = ORIENTED_EDGE('',*,*,#8377,.T.);
#8377 = EDGE_CURVE('',#3936,#8378,#8380,.T.);
#8378 = VERTEX_POINT('',#8379);
#8379 = CARTESIAN_POINT('',(64.722323894689,78.099812993829,
    4.163799117101E-15));
#8380 = SEAM_CURVE('',#8381,(#8385,#8392),.PCURVE_S1.);
#8381 = LINE('',#8382,#8383);
#8382 = CARTESIAN_POINT('',(34.722323894689,26.139812993829,
    4.163799117101E-15));
#8383 = VECTOR('',#8384,1.);
#8384 = DIRECTION('',(0.500011000363,0.866019052629,0.));
#8385 = PCURVE('',#896,#8386);
#8386 = DEFINITIONAL_REPRESENTATION('',(#8387),#8391);
#8387 = LINE('',#8388,#8389);
#8388 = CARTESIAN_POINT('',(0.,-0.));
#8389 = VECTOR('',#8390,1.);
#8390 = DIRECTION('',(0.,1.));
#8391 = ( GEOMETRIC_REPRESENTATION_CONTEXT(2) 
PARAMETRIC_REPRESENTATION_CONTEXT() REPRESENTATION_CONTEXT('2D SPACE',''
  ) );
#8392 = PCURVE('',#896,#8393);
#8393 = DEFINITIONAL_REPRESENTATION('',(#8394),#8398);
#8394 = LINE('',#8395,#8396);
#8395 = CARTESIAN_POINT('',(6.28318530718,-0.));
#8396 = VECTOR('',#8397,1.);
#8397 = DIRECTION('',(0.,1.));
#8398 = ( GEOMETRIC_REPRESENTATION_CONTEXT(2) 
PARAMETRIC_REPRESENTATION_CONTEXT() REPRESENTATION_CONTEXT('2D SPACE',''
  ) );
#8399 = ORIENTED_EDGE('',*,*,#8400,.F.);
#8400 = EDGE_CURVE('',#8378,#8378,#8401,.T.);
#8401 = SURFACE_CURVE('',#8402,(#8407,#8414),.PCURVE_S1.);
#8402 = CIRCLE('',#8403,17.);
#8403 = AXIS2_PLACEMENT_3D('',#8404,#8405,#8406);
#8404 = CARTESIAN_POINT('',(50.,86.6,0.));
#8405 = DIRECTION('',(0.500011000363,0.866019052629,0.));
#8406 = DIRECTION('',(0.866019052629,-0.500011000363,0.));
#8407 = PCURVE('',#896,#8408);
#8408 = DEFINITIONAL_REPRESENTATION('',(#8409),#8413);
#8409 = LINE('',#8410,#8411);
#8410 = CARTESIAN_POINT('',(0.,59.99867998548));
#8411 = VECTOR('',#8412,1.);
#8412 = DIRECTION('',(1.,0.));
#8413 = ( GEOMETRIC_REPRESENTATION_CONTEXT(2) 
PARAMETRIC_REPRESENTATION_CONTEXT() REPRESENTATION_CONTEXT('2D SPACE',''
  ) );
#8414 = PCURVE('',#8415,#8420);
#8415 = PLANE('',#8416);
#8416 = AXIS2_PLACEMENT_3D('',#8417,#8418,#8419);
#8417 = CARTESIAN_POINT('',(50.,86.6,0.));
#8418 = DIRECTION('',(0.500011000363,0.866019052629,0.));
#8419 = DIRECTION('',(0.866019052629,-0.500011000363,0.));
#8420 = DEFINITIONAL_REPRESENTATION('',(#8421),#8425);
#8421 = CIRCLE('',#8422,17.);
#8422 = AXIS2_PLACEMENT_2D('',#8423,#8424);
#8423 = CARTESIAN_POINT('',(0.,0.));
#8424 = DIRECTION('',(1.,0.));
#8425 = ( GEOMETRIC_REPRESENTATION_CONTEXT(2) 
PARAMETRIC_REPRESENTATION_CONTEXT() REPRESENTATION_CONTEXT('2D SPACE',''
  ) );
#8426 = ORIENTED_EDGE('',*,*,#8377,.F.);
#8427 = ORIENTED_EDGE('',*,*,#3935,.T.);
#8428 = ORIENTED_EDGE('',*,*,#881,.F.);
#8429 = ORIENTED_EDGE('',*,*,#8430,.T.);
#8430 = EDGE_CURVE('',#882,#1007,#8431,.T.);
#8431 = SURFACE_CURVE('',#8432,(#8437,#8444),.PCURVE_S1.);
#8432 = CIRCLE('',#8433,17.);
#8433 = AXIS2_PLACEMENT_3D('',#8434,#8435,#8436);
#8434 = CARTESIAN_POINT('',(20.,34.64,0.));
#8435 = DIRECTION('',(0.500011000363,0.866019052629,0.));
#8436 = DIRECTION('',(0.866019052629,-0.500011000363,0.));
#8437 = PCURVE('',#896,#8438);
#8438 = DEFINITIONAL_REPRESENTATION('',(#8439),#8443);
#8439 = LINE('',#8440,#8441);
#8440 = CARTESIAN_POINT('',(0.,0.));
#8441 = VECTOR('',#8442,1.);
#8442 = DIRECTION('',(1.,0.));
#8443 = ( GEOMETRIC_REPRESENTATION_CONTEXT(2) 
PARAMETRIC_REPRESENTATION_CONTEXT() REPRESENTATION_CONTEXT('2D SPACE',''
  ) );
#8444 = PCURVE('',#922,#8445);
#8445 = DEFINITIONAL_REPRESENTATION('',(#8446),#8450);
#8446 = CIRCLE('',#8447,17.);
#8447 = AXIS2_PLACEMENT_2D('',#8448,#8449);
#8448 = CARTESIAN_POINT('',(0.,0.));
#8449 = DIRECTION('',(1.,0.));
#8450 = ( GEOMETRIC_REPRESENTATION_CONTEXT(2) 
PARAMETRIC_REPRESENTATION_CONTEXT() REPRESENTATION_CONTEXT('2D SPACE',''
  ) );
#8451 = ORIENTED_EDGE('',*,*,#1027,.T.);
#8452 = ORIENTED_EDGE('',*,*,#8328,.T.);
#8453 = ORIENTED_EDGE('',*,*,#2801,.F.);
#8454 = ORIENTED_EDGE('',*,*,#8455,.T.);
#8455 = EDGE_CURVE('',#2781,#2671,#8456,.T.);
#8456 = SURFACE_CURVE('',#8457,(#8462,#8469),.PCURVE_S1.);
#8457 = CIRCLE('',#8458,17.);
#8458 = AXIS2_PLACEMENT_3D('',#8459,#8460,#8461);
#8459 = CARTESIAN_POINT('',(20.,34.64,0.));
#8460 = DIRECTION('',(0.500011000363,0.866019052629,0.));
#8461 = DIRECTION('',(0.866019052629,-0.500011000363,0.));
#8462 = PCURVE('',#896,#8463);
#8463 = DEFINITIONAL_REPRESENTATION('',(#8464),#8468);
#8464 = LINE('',#8465,#8466);
#8465 = CARTESIAN_POINT('',(0.,0.));
#8466 = VECTOR('',#8467,1.);
#8467 = DIRECTION('',(1.,0.));
#8468 = ( GEOMETRIC_REPRESENTATION_CONTEXT(2) 
PARAMETRIC_REPRESENTATION_CONTEXT() REPRESENTATION_CONTEXT('2D SPACE',''
  ) );
#8469 = PCURVE('',#2706,#8470);
#8470 = DEFINITIONAL_REPRESENTATION('',(#8471),#8475);
#8471 = CIRCLE('',#8472,17.);
#8472 = AXIS2_PLACEMENT_2D('',#8473,#8474);
#8473 = CARTESIAN_POINT('',(0.,0.));
#8474 = DIRECTION('',(1.,0.));
#8475 = ( GEOMETRIC_REPRESENTATION_CONTEXT(2) 
PARAMETRIC_REPRESENTATION_CONTEXT() REPRESENTATION_CONTEXT('2D SPACE',''
  ) );
#8476 = ORIENTED_EDGE('',*,*,#2670,.T.);
#8477 = FACE_BOUND('',#8478,.T.);
#8478 = EDGE_LOOP('',(#8479));
#8479 = ORIENTED_EDGE('',*,*,#8480,.T.);
#8480 = EDGE_CURVE('',#8481,#8481,#8483,.T.);
#8481 = VERTEX_POINT('',#8482);
#8482 = CARTESIAN_POINT('',(37.1,60.62,-16.90244208722));
#8483 = SURFACE_CURVE('',#8484,(#8543,#8605),.PCURVE_S1.);
#8484 = B_SPLINE_CURVE_WITH_KNOTS('',8,(#8485,#8486,#8487,#8488,#8489,
    #8490,#8491,#8492,#8493,#8494,#8495,#8496,#8497,#8498,#8499,#8500,
    #8501,#8502,#8503,#8504,#8505,#8506,#8507,#8508,#8509,#8510,#8511,
    #8512,#8513,#8514,#8515,#8516,#8517,#8518,#8519,#8520,#8521,#8522,
    #8523,#8524,#8525,#8526,#8527,#8528,#8529,#8530,#8531,#8532,#8533,
    #8534,#8535,#8536,#8537,#8538,#8539,#8540,#8541,#8542),
  .UNSPECIFIED.,.T.,.F.,(9,7,7,7,7,7,7,7,9),(0.,0.125044467112,
    0.238089472356,0.336885773185,0.429977519603,0.579116351905,
    0.700372626461,0.839119687171,1.),.UNSPECIFIED.);
#8485 = CARTESIAN_POINT('',(37.1,60.62,-16.90244208722));
#8486 = CARTESIAN_POINT('',(37.1,60.811297037732,-16.91273373913));
#8487 = CARTESIAN_POINT('',(37.080084949813,61.00862430719,
    -16.92457965196));
#8488 = CARTESIAN_POINT('',(37.038055613729,61.20961081679,
    -16.93759526021));
#8489 = CARTESIAN_POINT('',(36.971946717194,61.411416779373,
    -16.95118574925));
#8490 = CARTESIAN_POINT('',(36.880046846226,61.61071200474,
    -16.96455120896));
#8491 = CARTESIAN_POINT('',(36.760939165973,61.803610535371,
    -16.97671331913));
#8492 = CARTESIAN_POINT('',(36.613594576313,61.985516244731,
    -16.98660144082));
#8493 = CARTESIAN_POINT('',(36.278396883791,62.300287829814,
    -16.99923387334));
#8494 = CARTESIAN_POINT('',(36.099368506567,62.432821143128,
    -17.00243717664));
#8495 = CARTESIAN_POINT('',(35.903846362661,62.543601402053,
    -17.00226477477));
#8496 = CARTESIAN_POINT('',(35.696583851897,62.629277677719,
    -16.99851024746));
#8497 = CARTESIAN_POINT('',(35.483255871158,62.688146500687,
    -16.99152589749));
#8498 = CARTESIAN_POINT('',(35.2699950863,62.720356459326,
    -16.98213230301));
#8499 = CARTESIAN_POINT('',(35.062979862535,62.728114420544,
    -16.97137258178));
#8500 = CARTESIAN_POINT('',(34.697858465569,62.705142929347,
    -16.95049290589));
#8501 = CARTESIAN_POINT('',(34.533708329516,62.678941775957,
    -16.940282256));
#8502 = CARTESIAN_POINT('',(34.376613287515,62.638986017124,
    -16.93003162494));
#8503 = CARTESIAN_POINT('',(34.227197316642,62.586788881519,
    -16.92010223738));
#8504 = CARTESIAN_POINT('',(34.085875862948,62.523666835451,
    -16.9107835959));
#8505 = CARTESIAN_POINT('',(33.952928307076,62.450758317148,
    -16.90229824699));
#8506 = CARTESIAN_POINT('',(33.828551616922,62.369037848746,
    -16.8948112332));
#8507 = CARTESIAN_POINT('',(33.60391682554,62.194793243601,
    -16.88244486342));
#8508 = CARTESIAN_POINT('',(33.502614734346,62.103114059935,
    -16.87743605924));
#8509 = CARTESIAN_POINT('',(33.409111875074,62.004942905337,
    -16.87351996451));
#8510 = CARTESIAN_POINT('',(33.323535679115,61.900834329507,
    -16.87076578299));
#8511 = CARTESIAN_POINT('',(33.246033967511,61.791264300927,
    -16.86921535168));
#8512 = CARTESIAN_POINT('',(33.176790999592,61.676651401595,
    -16.86888646823));
#8513 = CARTESIAN_POINT('',(33.116043650644,61.557377417064,
    -16.86977397061));
#8514 = CARTESIAN_POINT('',(32.980877068658,61.235840257803,
    -16.87517220565));
#8515 = CARTESIAN_POINT('',(32.920292872571,61.026957204316,
    -16.88154048028));
#8516 = CARTESIAN_POINT('',(32.883491417315,60.808528809604,
    -16.89083092871));
#8517 = CARTESIAN_POINT('',(32.872273162735,60.581994160972,
    -16.90276558239));
#8518 = CARTESIAN_POINT('',(32.889034323842,60.349261680667,
    -16.91687728011));
#8519 = CARTESIAN_POINT('',(32.936728721256,60.112980812204,
    -16.93240268743));
#8520 = CARTESIAN_POINT('',(33.018790726092,59.876971937527,
    -16.94819123908));
#8521 = CARTESIAN_POINT('',(33.236663007274,59.460207807674,
    -16.97453109237));
#8522 = CARTESIAN_POINT('',(33.361814216661,59.273052188776,
    -16.98578294747));
#8523 = CARTESIAN_POINT('',(33.515264021215,59.095242941888,
    -16.99520261712));
#8524 = CARTESIAN_POINT('',(33.694965313566,58.934960629207,
    -17.00149068899));
#8525 = CARTESIAN_POINT('',(33.896415167484,58.798729987642,
    -17.00369406055));
#8526 = CARTESIAN_POINT('',(34.113346936998,58.691003036567,
    -17.00166129417));
#8527 = CARTESIAN_POINT('',(34.338325108701,58.613731078371,
    -16.99596803578));
#8528 = CARTESIAN_POINT('',(34.820853996324,58.511159991012,
    -16.97804565056));
#8529 = CARTESIAN_POINT('',(35.074016164911,58.495901699151,
    -16.96515550497));
#8530 = CARTESIAN_POINT('',(35.317547862088,58.514869446697,
    -16.9503937955));
#8531 = CARTESIAN_POINT('',(35.548043177975,58.563339350174,
    -16.93515878179));
#8532 = CARTESIAN_POINT('',(35.76321730072,58.637067917641,
    -16.92057149759));
#8533 = CARTESIAN_POINT('',(35.961553877057,58.732273526632,
    -16.90744049254));
#8534 = CARTESIAN_POINT('',(36.142131417119,58.845626407319,
    -16.89631122044));
#8535 = CARTESIAN_POINT('',(36.492531224691,59.123342625817,
    -16.87728114255));
#8536 = CARTESIAN_POINT('',(36.657139702064,59.293827604094,
    -16.87011947138));
#8537 = CARTESIAN_POINT('',(36.797774084091,59.482316655855,
    -16.86652077441));
#8538 = CARTESIAN_POINT('',(36.913778969607,59.686435833417,
    -16.86670777389));
#8539 = CARTESIAN_POINT('',(37.004049173182,59.904239119203,
    -16.870702853));
#8540 = CARTESIAN_POINT('',(37.066911544313,60.133905008056,
    -16.87833403799));
#8541 = CARTESIAN_POINT('',(37.1,60.373423030071,-16.88917641216));
#8542 = CARTESIAN_POINT('',(37.1,60.62,-16.90244208722));
#8543 = PCURVE('',#896,#8544);
#8544 = DEFINITIONAL_REPRESENTATION('',(#8545),#8604);
#8545 = B_SPLINE_CURVE_WITH_KNOTS('',8,(#8546,#8547,#8548,#8549,#8550,
    #8551,#8552,#8553,#8554,#8555,#8556,#8557,#8558,#8559,#8560,#8561,
    #8562,#8563,#8564,#8565,#8566,#8567,#8568,#8569,#8570,#8571,#8572,
    #8573,#8574,#8575,#8576,#8577,#8578,#8579,#8580,#8581,#8582,#8583,
    #8584,#8585,#8586,#8587,#8588,#8589,#8590,#8591,#8592,#8593,#8594,
    #8595,#8596,#8597,#8598,#8599,#8600,#8601,#8602,#8603),
  .UNSPECIFIED.,.T.,.F.,(9,7,7,7,7,7,7,7,9),(0.,0.125044467112,
    0.238089472356,0.336885773185,0.429977519603,0.579116351905,
    0.700372626461,0.839119687171,1.),.UNSPECIFIED.);
#8546 = CARTESIAN_POINT('',(1.463612391922,31.049363093502));
#8547 = CARTESIAN_POINT('',(1.469271374376,31.21502997289));
#8548 = CARTESIAN_POINT('',(1.476125183127,31.375961403677));
#8549 = CARTESIAN_POINT('',(1.484213708908,31.529004419933));
#8550 = CARTESIAN_POINT('',(1.493550523808,31.670717052973));
#8551 = CARTESIAN_POINT('',(1.504121559175,31.797359568823));
#8552 = CARTESIAN_POINT('',(1.515882346105,31.90485822122));
#8553 = CARTESIAN_POINT('',(1.528749991697,31.988718115633));
#8554 = CARTESIAN_POINT('',(1.55509440565,32.093713771985));
#8555 = CARTESIAN_POINT('',(1.568112791355,32.118973988433));
#8556 = CARTESIAN_POINT('',(1.581328853282,32.11714858055));
#8557 = CARTESIAN_POINT('',(1.594405816904,32.08771233229));
#8558 = CARTESIAN_POINT('',(1.607008689085,32.032027517531));
#8559 = CARTESIAN_POINT('',(1.618831580672,31.953289217022));
#8560 = CARTESIAN_POINT('',(1.629623646317,31.856497870121));
#8561 = CARTESIAN_POINT('',(1.647590152559,31.654039406127));
#8562 = CARTESIAN_POINT('',(1.655204998316,31.549271834353));
#8563 = CARTESIAN_POINT('',(1.662058731332,31.436120136838));
#8564 = CARTESIAN_POINT('',(1.668162794205,31.316206793844));
#8565 = CARTESIAN_POINT('',(1.673533351728,31.190879617874));
#8566 = CARTESIAN_POINT('',(1.678188361492,31.061264211518));
#8567 = CARTESIAN_POINT('',(1.682145365443,30.928303015626));
#8568 = CARTESIAN_POINT('',(1.68850555993,30.665084000998));
#8569 = CARTESIAN_POINT('',(1.690987144423,30.535035921257));
#8570 = CARTESIAN_POINT('',(1.692877026056,30.403265372755));
#8571 = CARTESIAN_POINT('',(1.694184467329,30.270316323195));
#8572 = CARTESIAN_POINT('',(1.694915575585,30.136674882499));
#8573 = CARTESIAN_POINT('',(1.695073120052,30.002795682343));
#8574 = CARTESIAN_POINT('',(1.69465631337,29.86912779654));
#8575 = CARTESIAN_POINT('',(1.6920652943,29.523085712617));
#8576 = CARTESIAN_POINT('',(1.68898497346,29.311896244034));
#8577 = CARTESIAN_POINT('',(1.684402544197,29.104331960121));
#8578 = CARTESIAN_POINT('',(1.67827089684,28.90253938763));
#8579 = CARTESIAN_POINT('',(1.670527697313,28.709369390453));
#8580 = CARTESIAN_POINT('',(1.661105269311,28.528593379955));
#8581 = CARTESIAN_POINT('',(1.649946172247,28.365237103025));
#8582 = CARTESIAN_POINT('',(1.62653788547,28.113249963386));
#8583 = CARTESIAN_POINT('',(1.614639943911,28.013746613016));
#8584 = CARTESIAN_POINT('',(1.601583213888,27.936487007758));
#8585 = CARTESIAN_POINT('',(1.58771324923,27.887532094131));
#8586 = CARTESIAN_POINT('',(1.573447890033,27.870280905964));
#8587 = CARTESIAN_POINT('',(1.559230899203,27.885455584938));
#8588 = CARTESIAN_POINT('',(1.545494468995,27.931028157599));
#8589 = CARTESIAN_POINT('',(1.517876346664,28.083469393501));
#8590 = CARTESIAN_POINT('',(1.504511690754,28.196839291209));
#8591 = CARTESIAN_POINT('',(1.492634092497,28.335034249495));
#8592 = CARTESIAN_POINT('',(1.482280308319,28.49226030286));
#8593 = CARTESIAN_POINT('',(1.473446184445,28.663700075376));
#8594 = CARTESIAN_POINT('',(1.466102196716,28.845320416621));
#8595 = CARTESIAN_POINT('',(1.460200758209,29.033776927417));
#8596 = CARTESIAN_POINT('',(1.450454392292,29.449488222171));
#8597 = CARTESIAN_POINT('',(1.447057151486,29.679437510985));
#8598 = CARTESIAN_POINT('',(1.445423040934,29.912991359065));
#8599 = CARTESIAN_POINT('',(1.445517720563,30.147766174695));
#8600 = CARTESIAN_POINT('',(1.447340542607,30.381524064702));
#8601 = CARTESIAN_POINT('',(1.45092143074,30.611850977263));
#8602 = CARTESIAN_POINT('',(1.456318108838,30.835822739604));
#8603 = CARTESIAN_POINT('',(1.463612391922,31.049363093502));
#8604 = ( GEOMETRIC_REPRESENTATION_CONTEXT(2) 
PARAMETRIC_REPRESENTATION_CONTEXT() REPRESENTATION_CONTEXT('2D SPACE',''
  ) );
#8605 = PCURVE('',#8606,#8611);
#8606 = CYLINDRICAL_SURFACE('',#8607,2.1);
#8607 = AXIS2_PLACEMENT_3D('',#8608,#8609,#8610);
#8608 = CARTESIAN_POINT('',(35.,60.62,-20.));
#8609 = DIRECTION('',(0.,0.,1.));
#8610 = DIRECTION('',(1.,0.,-0.));
#8611 = DEFINITIONAL_REPRESENTATION('',(#8612),#8671);
#8612 = B_SPLINE_CURVE_WITH_KNOTS('',8,(#8613,#8614,#8615,#8616,#8617,
    #8618,#8619,#8620,#8621,#8622,#8623,#8624,#8625,#8626,#8627,#8628,
    #8629,#8630,#8631,#8632,#8633,#8634,#8635,#8636,#8637,#8638,#8639,
    #8640,#8641,#8642,#8643,#8644,#8645,#8646,#8647,#8648,#8649,#8650,
    #8651,#8652,#8653,#8654,#8655,#8656,#8657,#8658,#8659,#8660,#8661,
    #8662,#8663,#8664,#8665,#8666,#8667,#8668,#8669,#8670),
  .UNSPECIFIED.,.F.,.F.,(9,7,7,7,7,7,7,7,9),(0.,0.125044467112,
    0.238089472356,0.336885773185,0.429977519603,0.579116351905,
    0.700372626461,0.839119687171,1.),.UNSPECIFIED.);
#8613 = CARTESIAN_POINT('',(8.881784197001E-16,3.097557912771));
#8614 = CARTESIAN_POINT('',(9.109382749153E-02,3.087266260861));
#8615 = CARTESIAN_POINT('',(0.185058806934,3.075420348036));
#8616 = CARTESIAN_POINT('',(0.281919980088,3.062404739784));
#8617 = CARTESIAN_POINT('',(0.381776543481,3.048814250743));
#8618 = CARTESIAN_POINT('',(0.484828382761,3.035448791038));
#8619 = CARTESIAN_POINT('',(0.591369797872,3.02328668087));
#8620 = CARTESIAN_POINT('',(0.701814266086,3.013398559177));
#8621 = CARTESIAN_POINT('',(0.920778351528,3.000766126655));
#8622 = CARTESIAN_POINT('',(1.026126306713,2.997562823354));
#8623 = CARTESIAN_POINT('',(1.131822579068,2.997735225221));
#8624 = CARTESIAN_POINT('',(1.237024181641,3.00148975254));
#8625 = CARTESIAN_POINT('',(1.340899683408,3.008474102508));
#8626 = CARTESIAN_POINT('',(1.44251115655,3.017867696982));
#8627 = CARTESIAN_POINT('',(1.54066380565,3.028627418215));
#8628 = CARTESIAN_POINT('',(1.714874903345,3.04950709411));
#8629 = CARTESIAN_POINT('',(1.793671297035,3.059717743991));
#8630 = CARTESIAN_POINT('',(1.870341412714,3.06996837506));
#8631 = CARTESIAN_POINT('',(1.945157999491,3.079897762614));
#8632 = CARTESIAN_POINT('',(2.018362474388,3.089216404097));
#8633 = CARTESIAN_POINT('',(2.090180035247,3.097701753001));
#8634 = CARTESIAN_POINT('',(2.160829915966,3.105188766792));
#8635 = CARTESIAN_POINT('',(2.296207084499,3.117555136571));
#8636 = CARTESIAN_POINT('',(2.361081094054,3.122563940755));
#8637 = CARTESIAN_POINT('',(2.425346506314,3.12648003549));
#8638 = CARTESIAN_POINT('',(2.489181954941,3.129234217004));
#8639 = CARTESIAN_POINT('',(2.55275835318,3.130784648316));
#8640 = CARTESIAN_POINT('',(2.616244954104,3.131113531762));
#8641 = CARTESIAN_POINT('',(2.679814131581,3.130226029381));
#8642 = CARTESIAN_POINT('',(2.845905758393,3.12482779435));
#8643 = CARTESIAN_POINT('',(2.948780731182,3.118459519714));
#8644 = CARTESIAN_POINT('',(3.053089253798,3.109169071282));
#8645 = CARTESIAN_POINT('',(3.159571533553,3.097234417606));
#8646 = CARTESIAN_POINT('',(3.268971323225,3.083122719884));
#8647 = CARTESIAN_POINT('',(3.38207235138,3.067597312567));
#8648 = CARTESIAN_POINT('',(3.499773873363,3.051808760914));
#8649 = CARTESIAN_POINT('',(3.723715410336,3.025468907626));
#8650 = CARTESIAN_POINT('',(3.830305933425,3.014217052523));
#8651 = CARTESIAN_POINT('',(3.940737254722,3.004797382874));
#8652 = CARTESIAN_POINT('',(4.053451130219,2.998509311006));
#8653 = CARTESIAN_POINT('',(4.167229373243,2.99630593945));
#8654 = CARTESIAN_POINT('',(4.280941216166,2.998338705829));
#8655 = CARTESIAN_POINT('',(4.39338330649,3.004031964214));
#8656 = CARTESIAN_POINT('',(4.628292926468,3.021954349435));
#8657 = CARTESIAN_POINT('',(4.747723307528,3.034844495021));
#8658 = CARTESIAN_POINT('',(4.862275759962,3.049606204491));
#8659 = CARTESIAN_POINT('',(4.972660053989,3.064841218201));
#8660 = CARTESIAN_POINT('',(5.079434974977,3.079428502403));
#8661 = CARTESIAN_POINT('',(5.18307514989,3.092559507456));
#8662 = CARTESIAN_POINT('',(5.283991937202,3.103688779555));
#8663 = CARTESIAN_POINT('',(5.496900913081,3.122718857445));
#8664 = CARTESIAN_POINT('',(5.608757387328,3.129880528611));
#8665 = CARTESIAN_POINT('',(5.719268291071,3.133479225584));
#8666 = CARTESIAN_POINT('',(5.829354520187,3.133292226105));
#8667 = CARTESIAN_POINT('',(5.939880970125,3.129297146999));
#8668 = CARTESIAN_POINT('',(6.051711295529,3.121665962004));
#8669 = CARTESIAN_POINT('',(6.165767702451,3.110823587836));
#8670 = CARTESIAN_POINT('',(6.28318530718,3.097557912771));
#8671 = ( GEOMETRIC_REPRESENTATION_CONTEXT(2) 
PARAMETRIC_REPRESENTATION_CONTEXT() REPRESENTATION_CONTEXT('2D SPACE',''
  ) );
#8672 = FACE_BOUND('',#8673,.T.);
#8673 = EDGE_LOOP('',(#8674));
#8674 = ORIENTED_EDGE('',*,*,#8675,.F.);
#8675 = EDGE_CURVE('',#8676,#8676,#8678,.T.);
#8676 = VERTEX_POINT('',#8677);
#8677 = CARTESIAN_POINT('',(37.1,60.62,16.902442087229));
#8678 = SURFACE_CURVE('',#8679,(#8738,#8800),.PCURVE_S1.);
#8679 = B_SPLINE_CURVE_WITH_KNOTS('',8,(#8680,#8681,#8682,#8683,#8684,
    #8685,#8686,#8687,#8688,#8689,#8690,#8691,#8692,#8693,#8694,#8695,
    #8696,#8697,#8698,#8699,#8700,#8701,#8702,#8703,#8704,#8705,#8706,
    #8707,#8708,#8709,#8710,#8711,#8712,#8713,#8714,#8715,#8716,#8717,
    #8718,#8719,#8720,#8721,#8722,#8723,#8724,#8725,#8726,#8727,#8728,
    #8729,#8730,#8731,#8732,#8733,#8734,#8735,#8736,#8737),
  .UNSPECIFIED.,.T.,.F.,(9,7,7,7,7,7,7,7,9),(0.,0.125044464047,
    0.238089466519,0.336885766659,0.429977513992,0.579116347763,
    0.700372623511,0.839119685587,1.),.UNSPECIFIED.);
#8680 = CARTESIAN_POINT('',(37.1,60.62,16.902442087229));
#8681 = CARTESIAN_POINT('',(37.1,60.811297037732,16.912733739139));
#8682 = CARTESIAN_POINT('',(37.080084949813,61.00862430719,
    16.924579651964));
#8683 = CARTESIAN_POINT('',(37.038055613729,61.20961081679,
    16.937595260216));
#8684 = CARTESIAN_POINT('',(36.971946717194,61.411416779373,
    16.951185749257));
#8685 = CARTESIAN_POINT('',(36.880046846226,61.61071200474,
    16.964551208962));
#8686 = CARTESIAN_POINT('',(36.760939165973,61.803610535372,
    16.97671331913));
#8687 = CARTESIAN_POINT('',(36.613594576313,61.985516244731,
    16.986601440823));
#8688 = CARTESIAN_POINT('',(36.278396883791,62.300287829814,
    16.999233873345));
#8689 = CARTESIAN_POINT('',(36.099368506567,62.432821143128,
    17.002437176646));
#8690 = CARTESIAN_POINT('',(35.903846362661,62.543601402053,
    17.002264774779));
#8691 = CARTESIAN_POINT('',(35.696583851897,62.629277677719,
    16.99851024746));
#8692 = CARTESIAN_POINT('',(35.483255871158,62.688146500687,
    16.991525897492));
#8693 = CARTESIAN_POINT('',(35.2699950863,62.720356459326,
    16.982132303018));
#8694 = CARTESIAN_POINT('',(35.062979862535,62.728114420544,
    16.971372581785));
#8695 = CARTESIAN_POINT('',(34.697858462583,62.705142929159,
    16.950492905719));
#8696 = CARTESIAN_POINT('',(34.533708334076,62.678941777146,
    16.940282256275));
#8697 = CARTESIAN_POINT('',(34.376613287976,62.638986016518,
    16.930031624966));
#8698 = CARTESIAN_POINT('',(34.227197312608,62.586788880106,
    16.92010223715));
#8699 = CARTESIAN_POINT('',(34.085875862455,62.523666836035,
    16.910783595871));
#8700 = CARTESIAN_POINT('',(33.952928311128,62.450758318962,
    16.902298247233));
#8701 = CARTESIAN_POINT('',(33.828551614977,62.369037847237,
    16.894811233101));
#8702 = CARTESIAN_POINT('',(33.60391682554,62.194793243602,
    16.882444863429));
#8703 = CARTESIAN_POINT('',(33.502614734346,62.103114059935,
    16.877436059245));
#8704 = CARTESIAN_POINT('',(33.409111875074,62.004942905337,
    16.87351996451));
#8705 = CARTESIAN_POINT('',(33.323535679115,61.900834329507,
    16.870765782996));
#8706 = CARTESIAN_POINT('',(33.246033967511,61.791264300927,
    16.869215351684));
#8707 = CARTESIAN_POINT('',(33.176790999592,61.676651401595,
    16.868886468238));
#8708 = CARTESIAN_POINT('',(33.116043650644,61.557377417065,
    16.869773970619));
#8709 = CARTESIAN_POINT('',(32.980877068658,61.235840257803,
    16.87517220565));
#8710 = CARTESIAN_POINT('',(32.920292872571,61.026957204316,
    16.881540480286));
#8711 = CARTESIAN_POINT('',(32.883491417315,60.808528809604,
    16.890830928718));
#8712 = CARTESIAN_POINT('',(32.872273162735,60.581994160972,
    16.902765582394));
#8713 = CARTESIAN_POINT('',(32.889034323842,60.349261680667,
    16.916877280116));
#8714 = CARTESIAN_POINT('',(32.936728721256,60.112980812204,
    16.932402687433));
#8715 = CARTESIAN_POINT('',(33.018790726092,59.876971937527,
    16.948191239086));
#8716 = CARTESIAN_POINT('',(33.236663007274,59.460207807674,
    16.974531092374));
#8717 = CARTESIAN_POINT('',(33.361814216661,59.273052188777,
    16.985782947477));
#8718 = CARTESIAN_POINT('',(33.515264021216,59.095242941887,
    16.995202617126));
#8719 = CARTESIAN_POINT('',(33.694965313564,58.934960629207,
    17.001490688994));
#8720 = CARTESIAN_POINT('',(33.896415167486,58.798729987641,
    17.00369406055));
#8721 = CARTESIAN_POINT('',(34.113346936998,58.691003036567,
    17.001661294172));
#8722 = CARTESIAN_POINT('',(34.338325108702,58.613731078371,
    16.995968035786));
#8723 = CARTESIAN_POINT('',(34.820853996324,58.511159991012,
    16.978045650565));
#8724 = CARTESIAN_POINT('',(35.074016164911,58.495901699151,
    16.965155504979));
#8725 = CARTESIAN_POINT('',(35.317547862088,58.514869446697,
    16.950393795509));
#8726 = CARTESIAN_POINT('',(35.548043177975,58.563339350174,
    16.935158781799));
#8727 = CARTESIAN_POINT('',(35.763217300721,58.637067917641,
    16.920571497597));
#8728 = CARTESIAN_POINT('',(35.961553877056,58.732273526632,
    16.907440492544));
#8729 = CARTESIAN_POINT('',(36.142131417119,58.845626407319,
    16.896311220445));
#8730 = CARTESIAN_POINT('',(36.492531224692,59.123342625818,
    16.877281142555));
#8731 = CARTESIAN_POINT('',(36.657139702062,59.293827604092,
    16.870119471389));
#8732 = CARTESIAN_POINT('',(36.797774084092,59.482316655855,
    16.866520774415));
#8733 = CARTESIAN_POINT('',(36.913778969608,59.686435833418,
    16.866707773895));
#8734 = CARTESIAN_POINT('',(37.004049173181,59.904239119202,
    16.870702853001));
#8735 = CARTESIAN_POINT('',(37.066911544313,60.133905008055,
    16.878334037996));
#8736 = CARTESIAN_POINT('',(37.1,60.373423030071,16.889176412164));
#8737 = CARTESIAN_POINT('',(37.1,60.62,16.902442087229));
#8738 = PCURVE('',#896,#8739);
#8739 = DEFINITIONAL_REPRESENTATION('',(#8740),#8799);
#8740 = B_SPLINE_CURVE_WITH_KNOTS('',8,(#8741,#8742,#8743,#8744,#8745,
    #8746,#8747,#8748,#8749,#8750,#8751,#8752,#8753,#8754,#8755,#8756,
    #8757,#8758,#8759,#8760,#8761,#8762,#8763,#8764,#8765,#8766,#8767,
    #8768,#8769,#8770,#8771,#8772,#8773,#8774,#8775,#8776,#8777,#8778,
    #8779,#8780,#8781,#8782,#8783,#8784,#8785,#8786,#8787,#8788,#8789,
    #8790,#8791,#8792,#8793,#8794,#8795,#8796,#8797,#8798),
  .UNSPECIFIED.,.T.,.F.,(9,7,7,7,7,7,7,7,9),(0.,0.125044464047,
    0.238089466519,0.336885766659,0.429977513992,0.579116347763,
    0.700372623511,0.839119685587,1.),.UNSPECIFIED.);
#8741 = CARTESIAN_POINT('',(4.819572915257,31.049363093502));
#8742 = CARTESIAN_POINT('',(4.813913932803,31.21502997289));
#8743 = CARTESIAN_POINT('',(4.807060124052,31.375961403677));
#8744 = CARTESIAN_POINT('',(4.798971598272,31.529004419932));
#8745 = CARTESIAN_POINT('',(4.789634783371,31.670717052973));
#8746 = CARTESIAN_POINT('',(4.779063748005,31.797359568823));
#8747 = CARTESIAN_POINT('',(4.767302961075,31.90485822122));
#8748 = CARTESIAN_POINT('',(4.754435315483,31.988718115633));
#8749 = CARTESIAN_POINT('',(4.72809090153,32.093713771984));
#8750 = CARTESIAN_POINT('',(4.715072515824,32.118973988433));
#8751 = CARTESIAN_POINT('',(4.701856453898,32.11714858055));
#8752 = CARTESIAN_POINT('',(4.688779490276,32.08771233229));
#8753 = CARTESIAN_POINT('',(4.676176618095,32.032027517531));
#8754 = CARTESIAN_POINT('',(4.664353726508,31.953289217022));
#8755 = CARTESIAN_POINT('',(4.653561660863,31.856497870121));
#8756 = CARTESIAN_POINT('',(4.635595154474,31.654039404471));
#8757 = CARTESIAN_POINT('',(4.627980309061,31.549271837662));
#8758 = CARTESIAN_POINT('',(4.621126575889,31.436120136544));
#8759 = CARTESIAN_POINT('',(4.61502251281,31.316206790604));
#8760 = CARTESIAN_POINT('',(4.609651955409,31.190879618134));
#8761 = CARTESIAN_POINT('',(4.604996945842,31.061264215115));
#8762 = CARTESIAN_POINT('',(4.601039941681,30.928303013347));
#8763 = CARTESIAN_POINT('',(4.594679747249,30.665084000998));
#8764 = CARTESIAN_POINT('',(4.592198162756,30.535035921257));
#8765 = CARTESIAN_POINT('',(4.590308281123,30.403265372755));
#8766 = CARTESIAN_POINT('',(4.589000839851,30.270316323195));
#8767 = CARTESIAN_POINT('',(4.588269731595,30.136674882499));
#8768 = CARTESIAN_POINT('',(4.588112187128,30.002795682343));
#8769 = CARTESIAN_POINT('',(4.58852899381,29.86912779654));
#8770 = CARTESIAN_POINT('',(4.591120012879,29.523085712617));
#8771 = CARTESIAN_POINT('',(4.59420033372,29.311896244034));
#8772 = CARTESIAN_POINT('',(4.598782762983,29.104331960121));
#8773 = CARTESIAN_POINT('',(4.60491441034,28.902539387631));
#8774 = CARTESIAN_POINT('',(4.612657609867,28.709369390453));
#8775 = CARTESIAN_POINT('',(4.622080037869,28.528593379955));
#8776 = CARTESIAN_POINT('',(4.633239134932,28.365237103025));
#8777 = CARTESIAN_POINT('',(4.65664742171,28.113249963385));
#8778 = CARTESIAN_POINT('',(4.668545363268,28.013746613016));
#8779 = CARTESIAN_POINT('',(4.681602093292,27.936487007757));
#8780 = CARTESIAN_POINT('',(4.69547205795,27.887532094131));
#8781 = CARTESIAN_POINT('',(4.709737417146,27.870280905965));
#8782 = CARTESIAN_POINT('',(4.723954407977,27.885455584937));
#8783 = CARTESIAN_POINT('',(4.737690838185,27.931028157599));
#8784 = CARTESIAN_POINT('',(4.765308960516,28.083469393501));
#8785 = CARTESIAN_POINT('',(4.778673616426,28.196839291209));
#8786 = CARTESIAN_POINT('',(4.790551214682,28.335034249494));
#8787 = CARTESIAN_POINT('',(4.800904998861,28.492260302861));
#8788 = CARTESIAN_POINT('',(4.809739122735,28.663700075376));
#8789 = CARTESIAN_POINT('',(4.817083110464,28.845320416621));
#8790 = CARTESIAN_POINT('',(4.822984548971,29.033776927417));
#8791 = CARTESIAN_POINT('',(4.832730914888,29.449488222172));
#8792 = CARTESIAN_POINT('',(4.836128155693,29.679437510982));
#8793 = CARTESIAN_POINT('',(4.837762266246,29.912991359065));
#8794 = CARTESIAN_POINT('',(4.837667586617,30.147766174696));
#8795 = CARTESIAN_POINT('',(4.835844764573,30.381524064702));
#8796 = CARTESIAN_POINT('',(4.83226387644,30.611850977262));
#8797 = CARTESIAN_POINT('',(4.826867198342,30.835822739604));
#8798 = CARTESIAN_POINT('',(4.819572915257,31.049363093502));
#8799 = ( GEOMETRIC_REPRESENTATION_CONTEXT(2) 
PARAMETRIC_REPRESENTATION_CONTEXT() REPRESENTATION_CONTEXT('2D SPACE',''
  ) );
#8800 = PCURVE('',#8801,#8806);
#8801 = CYLINDRICAL_SURFACE('',#8802,2.1);
#8802 = AXIS2_PLACEMENT_3D('',#8803,#8804,#8805);
#8803 = CARTESIAN_POINT('',(35.,60.62,-20.));
#8804 = DIRECTION('',(0.,0.,1.));
#8805 = DIRECTION('',(1.,0.,-0.));
#8806 = DEFINITIONAL_REPRESENTATION('',(#8807),#8866);
#8807 = B_SPLINE_CURVE_WITH_KNOTS('',8,(#8808,#8809,#8810,#8811,#8812,
    #8813,#8814,#8815,#8816,#8817,#8818,#8819,#8820,#8821,#8822,#8823,
    #8824,#8825,#8826,#8827,#8828,#8829,#8830,#8831,#8832,#8833,#8834,
    #8835,#8836,#8837,#8838,#8839,#8840,#8841,#8842,#8843,#8844,#8845,
    #8846,#8847,#8848,#8849,#8850,#8851,#8852,#8853,#8854,#8855,#8856,
    #8857,#8858,#8859,#8860,#8861,#8862,#8863,#8864,#8865),
  .UNSPECIFIED.,.F.,.F.,(9,7,7,7,7,7,7,7,9),(0.,0.125044464047,
    0.238089466519,0.336885766659,0.429977513992,0.579116347763,
    0.700372623511,0.839119685587,1.),.UNSPECIFIED.);
#8808 = CARTESIAN_POINT('',(8.881784197001E-16,36.902442087229));
#8809 = CARTESIAN_POINT('',(9.109382749165E-02,36.912733739139));
#8810 = CARTESIAN_POINT('',(0.185058806934,36.924579651964));
#8811 = CARTESIAN_POINT('',(0.281919980088,36.937595260216));
#8812 = CARTESIAN_POINT('',(0.381776543481,36.951185749257));
#8813 = CARTESIAN_POINT('',(0.484828382761,36.964551208962));
#8814 = CARTESIAN_POINT('',(0.591369797872,36.97671331913));
#8815 = CARTESIAN_POINT('',(0.701814266086,36.986601440823));
#8816 = CARTESIAN_POINT('',(0.920778351528,36.999233873345));
#8817 = CARTESIAN_POINT('',(1.026126306713,37.002437176646));
#8818 = CARTESIAN_POINT('',(1.131822579068,37.002264774779));
#8819 = CARTESIAN_POINT('',(1.237024181641,36.99851024746));
#8820 = CARTESIAN_POINT('',(1.340899683408,36.991525897492));
#8821 = CARTESIAN_POINT('',(1.44251115655,36.982132303018));
#8822 = CARTESIAN_POINT('',(1.54066380565,36.971372581785));
#8823 = CARTESIAN_POINT('',(1.71487490477,36.950492905719));
#8824 = CARTESIAN_POINT('',(1.79367129472,36.940282256275));
#8825 = CARTESIAN_POINT('',(1.870341412602,36.930031624966));
#8826 = CARTESIAN_POINT('',(1.945158001597,36.92010223715));
#8827 = CARTESIAN_POINT('',(2.018362474509,36.910783595871));
#8828 = CARTESIAN_POINT('',(2.090180033059,36.902298247233));
#8829 = CARTESIAN_POINT('',(2.160829917138,36.894811233101));
#8830 = CARTESIAN_POINT('',(2.296207084499,36.882444863429));
#8831 = CARTESIAN_POINT('',(2.361081094054,36.877436059245));
#8832 = CARTESIAN_POINT('',(2.425346506314,36.87351996451));
#8833 = CARTESIAN_POINT('',(2.489181954941,36.870765782996));
#8834 = CARTESIAN_POINT('',(2.55275835318,36.869215351684));
#8835 = CARTESIAN_POINT('',(2.616244954104,36.868886468238));
#8836 = CARTESIAN_POINT('',(2.679814131581,36.869773970619));
#8837 = CARTESIAN_POINT('',(2.845905758393,36.87517220565));
#8838 = CARTESIAN_POINT('',(2.948780731182,36.881540480286));
#8839 = CARTESIAN_POINT('',(3.053089253798,36.890830928718));
#8840 = CARTESIAN_POINT('',(3.159571533553,36.902765582394));
#8841 = CARTESIAN_POINT('',(3.268971323225,36.916877280116));
#8842 = CARTESIAN_POINT('',(3.38207235138,36.932402687433));
#8843 = CARTESIAN_POINT('',(3.499773873363,36.948191239086));
#8844 = CARTESIAN_POINT('',(3.723715410336,36.974531092374));
#8845 = CARTESIAN_POINT('',(3.830305933424,36.985782947477));
#8846 = CARTESIAN_POINT('',(3.940737254724,36.995202617126));
#8847 = CARTESIAN_POINT('',(4.053451130217,37.001490688994));
#8848 = CARTESIAN_POINT('',(4.167229373245,37.00369406055));
#8849 = CARTESIAN_POINT('',(4.280941216165,37.001661294171));
#8850 = CARTESIAN_POINT('',(4.39338330649,36.995968035786));
#8851 = CARTESIAN_POINT('',(4.628292926468,36.978045650565));
#8852 = CARTESIAN_POINT('',(4.747723307529,36.965155504979));
#8853 = CARTESIAN_POINT('',(4.862275759961,36.950393795509));
#8854 = CARTESIAN_POINT('',(4.972660053989,36.935158781799));
#8855 = CARTESIAN_POINT('',(5.079434974977,36.920571497597));
#8856 = CARTESIAN_POINT('',(5.18307514989,36.907440492544));
#8857 = CARTESIAN_POINT('',(5.283991937202,36.896311220445));
#8858 = CARTESIAN_POINT('',(5.496900913081,36.877281142555));
#8859 = CARTESIAN_POINT('',(5.608757387326,36.870119471389));
#8860 = CARTESIAN_POINT('',(5.719268291071,36.866520774415));
#8861 = CARTESIAN_POINT('',(5.829354520188,36.866707773895));
#8862 = CARTESIAN_POINT('',(5.939880970125,36.870702853001));
#8863 = CARTESIAN_POINT('',(6.051711295529,36.878334037996));
#8864 = CARTESIAN_POINT('',(6.165767702452,36.889176412164));
#8865 = CARTESIAN_POINT('',(6.28318530718,36.902442087229));
#8866 = ( GEOMETRIC_REPRESENTATION_CONTEXT(2) 
PARAMETRIC_REPRESENTATION_CONTEXT() REPRESENTATION_CONTEXT('2D SPACE',''
  ) );
#8867 = ADVANCED_FACE('',(#8868),#922,.F.);
#8868 = FACE_BOUND('',#8869,.F.);
#8869 = EDGE_LOOP('',(#8870,#8871,#8872,#8873));
#8870 = ORIENTED_EDGE('',*,*,#907,.F.);
#8871 = ORIENTED_EDGE('',*,*,#8430,.T.);
#8872 = ORIENTED_EDGE('',*,*,#1006,.F.);
#8873 = ORIENTED_EDGE('',*,*,#8874,.F.);
#8874 = EDGE_CURVE('',#908,#986,#8875,.T.);
#8875 = SURFACE_CURVE('',#8876,(#8881,#8888),.PCURVE_S1.);
#8876 = CIRCLE('',#8877,15.);
#8877 = AXIS2_PLACEMENT_3D('',#8878,#8879,#8880);
#8878 = CARTESIAN_POINT('',(20.,34.64,0.));
#8879 = DIRECTION('',(0.500011000363,0.866019052629,0.));
#8880 = DIRECTION('',(0.866019052629,-0.500011000363,0.));
#8881 = PCURVE('',#922,#8882);
#8882 = DEFINITIONAL_REPRESENTATION('',(#8883),#8887);
#8883 = CIRCLE('',#8884,15.);
#8884 = AXIS2_PLACEMENT_2D('',#8885,#8886);
#8885 = CARTESIAN_POINT('',(0.,0.));
#8886 = DIRECTION('',(1.,0.));
#8887 = ( GEOMETRIC_REPRESENTATION_CONTEXT(2) 
PARAMETRIC_REPRESENTATION_CONTEXT() REPRESENTATION_CONTEXT('2D SPACE',''
  ) );
#8888 = PCURVE('',#948,#8889);
#8889 = DEFINITIONAL_REPRESENTATION('',(#8890),#8894);
#8890 = LINE('',#8891,#8892);
#8891 = CARTESIAN_POINT('',(0.,4.99988999879));
#8892 = VECTOR('',#8893,1.);
#8893 = DIRECTION('',(1.,0.));
#8894 = ( GEOMETRIC_REPRESENTATION_CONTEXT(2) 
PARAMETRIC_REPRESENTATION_CONTEXT() REPRESENTATION_CONTEXT('2D SPACE',''
  ) );
#8895 = ADVANCED_FACE('',(#8896,#9039,#9229),#948,.F.);
#8896 = FACE_BOUND('',#8897,.F.);
#8897 = EDGE_LOOP('',(#8898,#8922,#8945,#8967,#8968,#8969,#8970,#8992,
    #8993,#9015,#9016,#9038));
#8898 = ORIENTED_EDGE('',*,*,#8899,.F.);
#8899 = EDGE_CURVE('',#8900,#8900,#8902,.T.);
#8900 = VERTEX_POINT('',#8901);
#8901 = CARTESIAN_POINT('',(62.990285789431,79.099834994555,
    3.673940397442E-15));
#8902 = SURFACE_CURVE('',#8903,(#8908,#8915),.PCURVE_S1.);
#8903 = CIRCLE('',#8904,15.);
#8904 = AXIS2_PLACEMENT_3D('',#8905,#8906,#8907);
#8905 = CARTESIAN_POINT('',(50.,86.6,0.));
#8906 = DIRECTION('',(0.500011000363,0.866019052629,0.));
#8907 = DIRECTION('',(0.866019052629,-0.500011000363,0.));
#8908 = PCURVE('',#948,#8909);
#8909 = DEFINITIONAL_REPRESENTATION('',(#8910),#8914);
#8910 = LINE('',#8911,#8912);
#8911 = CARTESIAN_POINT('',(0.,64.99856998427));
#8912 = VECTOR('',#8913,1.);
#8913 = DIRECTION('',(1.,0.));
#8914 = ( GEOMETRIC_REPRESENTATION_CONTEXT(2) 
PARAMETRIC_REPRESENTATION_CONTEXT() REPRESENTATION_CONTEXT('2D SPACE',''
  ) );
#8915 = PCURVE('',#8415,#8916);
#8916 = DEFINITIONAL_REPRESENTATION('',(#8917),#8921);
#8917 = CIRCLE('',#8918,15.);
#8918 = AXIS2_PLACEMENT_2D('',#8919,#8920);
#8919 = CARTESIAN_POINT('',(0.,0.));
#8920 = DIRECTION('',(1.,0.));
#8921 = ( GEOMETRIC_REPRESENTATION_CONTEXT(2) 
PARAMETRIC_REPRESENTATION_CONTEXT() REPRESENTATION_CONTEXT('2D SPACE',''
  ) );
#8922 = ORIENTED_EDGE('',*,*,#8923,.F.);
#8923 = EDGE_CURVE('',#8924,#8900,#8926,.T.);
#8924 = VERTEX_POINT('',#8925);
#8925 = CARTESIAN_POINT('',(30.490285789431,22.809834994555,
    3.673940397442E-15));
#8926 = SEAM_CURVE('',#8927,(#8931,#8938),.PCURVE_S1.);
#8927 = LINE('',#8928,#8929);
#8928 = CARTESIAN_POINT('',(30.490285789431,22.809834994555,
    3.673940397442E-15));
#8929 = VECTOR('',#8930,1.);
#8930 = DIRECTION('',(0.500011000363,0.866019052629,0.));
#8931 = PCURVE('',#948,#8932);
#8932 = DEFINITIONAL_REPRESENTATION('',(#8933),#8937);
#8933 = LINE('',#8934,#8935);
#8934 = CARTESIAN_POINT('',(6.28318530718,-0.));
#8935 = VECTOR('',#8936,1.);
#8936 = DIRECTION('',(0.,1.));
#8937 = ( GEOMETRIC_REPRESENTATION_CONTEXT(2) 
PARAMETRIC_REPRESENTATION_CONTEXT() REPRESENTATION_CONTEXT('2D SPACE',''
  ) );
#8938 = PCURVE('',#948,#8939);
#8939 = DEFINITIONAL_REPRESENTATION('',(#8940),#8944);
#8940 = LINE('',#8941,#8942);
#8941 = CARTESIAN_POINT('',(0.,-0.));
#8942 = VECTOR('',#8943,1.);
#8943 = DIRECTION('',(0.,1.));
#8944 = ( GEOMETRIC_REPRESENTATION_CONTEXT(2) 
PARAMETRIC_REPRESENTATION_CONTEXT() REPRESENTATION_CONTEXT('2D SPACE',''
  ) );
#8945 = ORIENTED_EDGE('',*,*,#8946,.T.);
#8946 = EDGE_CURVE('',#8924,#934,#8947,.T.);
#8947 = SURFACE_CURVE('',#8948,(#8953,#8960),.PCURVE_S1.);
#8948 = CIRCLE('',#8949,15.);
#8949 = AXIS2_PLACEMENT_3D('',#8950,#8951,#8952);
#8950 = CARTESIAN_POINT('',(17.5,30.31,0.));
#8951 = DIRECTION('',(0.500011000363,0.866019052629,0.));
#8952 = DIRECTION('',(0.866019052629,-0.500011000363,0.));
#8953 = PCURVE('',#948,#8954);
#8954 = DEFINITIONAL_REPRESENTATION('',(#8955),#8959);
#8955 = LINE('',#8956,#8957);
#8956 = CARTESIAN_POINT('',(0.,0.));
#8957 = VECTOR('',#8958,1.);
#8958 = DIRECTION('',(1.,0.));
#8959 = ( GEOMETRIC_REPRESENTATION_CONTEXT(2) 
PARAMETRIC_REPRESENTATION_CONTEXT() REPRESENTATION_CONTEXT('2D SPACE',''
  ) );
#8960 = PCURVE('',#974,#8961);
#8961 = DEFINITIONAL_REPRESENTATION('',(#8962),#8966);
#8962 = CIRCLE('',#8963,15.);
#8963 = AXIS2_PLACEMENT_2D('',#8964,#8965);
#8964 = CARTESIAN_POINT('',(0.,0.));
#8965 = DIRECTION('',(1.,0.));
#8966 = ( GEOMETRIC_REPRESENTATION_CONTEXT(2) 
PARAMETRIC_REPRESENTATION_CONTEXT() REPRESENTATION_CONTEXT('2D SPACE',''
  ) );
#8967 = ORIENTED_EDGE('',*,*,#933,.T.);
#8968 = ORIENTED_EDGE('',*,*,#8874,.T.);
#8969 = ORIENTED_EDGE('',*,*,#985,.F.);
#8970 = ORIENTED_EDGE('',*,*,#8971,.T.);
#8971 = EDGE_CURVE('',#960,#2739,#8972,.T.);
#8972 = SURFACE_CURVE('',#8973,(#8978,#8985),.PCURVE_S1.);
#8973 = CIRCLE('',#8974,15.);
#8974 = AXIS2_PLACEMENT_3D('',#8975,#8976,#8977);
#8975 = CARTESIAN_POINT('',(17.5,30.31,0.));
#8976 = DIRECTION('',(0.500011000363,0.866019052629,0.));
#8977 = DIRECTION('',(0.866019052629,-0.500011000363,0.));
#8978 = PCURVE('',#948,#8979);
#8979 = DEFINITIONAL_REPRESENTATION('',(#8980),#8984);
#8980 = LINE('',#8981,#8982);
#8981 = CARTESIAN_POINT('',(0.,0.));
#8982 = VECTOR('',#8983,1.);
#8983 = DIRECTION('',(1.,0.));
#8984 = ( GEOMETRIC_REPRESENTATION_CONTEXT(2) 
PARAMETRIC_REPRESENTATION_CONTEXT() REPRESENTATION_CONTEXT('2D SPACE',''
  ) );
#8985 = PCURVE('',#974,#8986);
#8986 = DEFINITIONAL_REPRESENTATION('',(#8987),#8991);
#8987 = CIRCLE('',#8988,15.);
#8988 = AXIS2_PLACEMENT_2D('',#8989,#8990);
#8989 = CARTESIAN_POINT('',(0.,0.));
#8990 = DIRECTION('',(1.,0.));
#8991 = ( GEOMETRIC_REPRESENTATION_CONTEXT(2) 
PARAMETRIC_REPRESENTATION_CONTEXT() REPRESENTATION_CONTEXT('2D SPACE',''
  ) );
#8992 = ORIENTED_EDGE('',*,*,#2759,.T.);
#8993 = ORIENTED_EDGE('',*,*,#8994,.T.);
#8994 = EDGE_CURVE('',#2760,#2692,#8995,.T.);
#8995 = SURFACE_CURVE('',#8996,(#9001,#9008),.PCURVE_S1.);
#8996 = CIRCLE('',#8997,15.);
#8997 = AXIS2_PLACEMENT_3D('',#8998,#8999,#9000);
#8998 = CARTESIAN_POINT('',(20.,34.64,0.));
#8999 = DIRECTION('',(0.500011000363,0.866019052629,0.));
#9000 = DIRECTION('',(0.866019052629,-0.500011000363,0.));
#9001 = PCURVE('',#948,#9002);
#9002 = DEFINITIONAL_REPRESENTATION('',(#9003),#9007);
#9003 = LINE('',#9004,#9005);
#9004 = CARTESIAN_POINT('',(0.,4.99988999879));
#9005 = VECTOR('',#9006,1.);
#9006 = DIRECTION('',(1.,0.));
#9007 = ( GEOMETRIC_REPRESENTATION_CONTEXT(2) 
PARAMETRIC_REPRESENTATION_CONTEXT() REPRESENTATION_CONTEXT('2D SPACE',''
  ) );
#9008 = PCURVE('',#2706,#9009);
#9009 = DEFINITIONAL_REPRESENTATION('',(#9010),#9014);
#9010 = CIRCLE('',#9011,15.);
#9011 = AXIS2_PLACEMENT_2D('',#9012,#9013);
#9012 = CARTESIAN_POINT('',(0.,0.));
#9013 = DIRECTION('',(1.,0.));
#9014 = ( GEOMETRIC_REPRESENTATION_CONTEXT(2) 
PARAMETRIC_REPRESENTATION_CONTEXT() REPRESENTATION_CONTEXT('2D SPACE',''
  ) );
#9015 = ORIENTED_EDGE('',*,*,#2717,.F.);
#9016 = ORIENTED_EDGE('',*,*,#9017,.T.);
#9017 = EDGE_CURVE('',#2718,#8924,#9018,.T.);
#9018 = SURFACE_CURVE('',#9019,(#9024,#9031),.PCURVE_S1.);
#9019 = CIRCLE('',#9020,15.);
#9020 = AXIS2_PLACEMENT_3D('',#9021,#9022,#9023);
#9021 = CARTESIAN_POINT('',(17.5,30.31,0.));
#9022 = DIRECTION('',(0.500011000363,0.866019052629,0.));
#9023 = DIRECTION('',(0.866019052629,-0.500011000363,0.));
#9024 = PCURVE('',#948,#9025);
#9025 = DEFINITIONAL_REPRESENTATION('',(#9026),#9030);
#9026 = LINE('',#9027,#9028);
#9027 = CARTESIAN_POINT('',(0.,0.));
#9028 = VECTOR('',#9029,1.);
#9029 = DIRECTION('',(1.,0.));
#9030 = ( GEOMETRIC_REPRESENTATION_CONTEXT(2) 
PARAMETRIC_REPRESENTATION_CONTEXT() REPRESENTATION_CONTEXT('2D SPACE',''
  ) );
#9031 = PCURVE('',#974,#9032);
#9032 = DEFINITIONAL_REPRESENTATION('',(#9033),#9037);
#9033 = CIRCLE('',#9034,15.);
#9034 = AXIS2_PLACEMENT_2D('',#9035,#9036);
#9035 = CARTESIAN_POINT('',(0.,0.));
#9036 = DIRECTION('',(1.,0.));
#9037 = ( GEOMETRIC_REPRESENTATION_CONTEXT(2) 
PARAMETRIC_REPRESENTATION_CONTEXT() REPRESENTATION_CONTEXT('2D SPACE',''
  ) );
#9038 = ORIENTED_EDGE('',*,*,#8923,.T.);
#9039 = FACE_BOUND('',#9040,.F.);
#9040 = EDGE_LOOP('',(#9041));
#9041 = ORIENTED_EDGE('',*,*,#9042,.T.);
#9042 = EDGE_CURVE('',#9043,#9043,#9045,.T.);
#9043 = VERTEX_POINT('',#9044);
#9044 = CARTESIAN_POINT('',(37.1,60.62,-14.8893434547));
#9045 = SURFACE_CURVE('',#9046,(#9105,#9167),.PCURVE_S1.);
#9046 = B_SPLINE_CURVE_WITH_KNOTS('',8,(#9047,#9048,#9049,#9050,#9051,
    #9052,#9053,#9054,#9055,#9056,#9057,#9058,#9059,#9060,#9061,#9062,
    #9063,#9064,#9065,#9066,#9067,#9068,#9069,#9070,#9071,#9072,#9073,
    #9074,#9075,#9076,#9077,#9078,#9079,#9080,#9081,#9082,#9083,#9084,
    #9085,#9086,#9087,#9088,#9089,#9090,#9091,#9092,#9093,#9094,#9095,
    #9096,#9097,#9098,#9099,#9100,#9101,#9102,#9103,#9104),
  .UNSPECIFIED.,.T.,.F.,(9,7,7,7,7,7,7,7,9),(0.,0.125059442494,
    0.238114568587,0.336941387296,0.430007015324,0.579172399287,
    0.700444126049,0.839204752876,1.),.UNSPECIFIED.);
#9047 = CARTESIAN_POINT('',(37.1,60.62,-14.8893434547));
#9048 = CARTESIAN_POINT('',(37.1,60.811353804621,-14.90103004594));
#9049 = CARTESIAN_POINT('',(37.080073131064,61.008689288404,
    -14.91447655002));
#9050 = CARTESIAN_POINT('',(37.038037188795,61.209653230585,
    -14.92924469883));
#9051 = CARTESIAN_POINT('',(36.971934308369,61.411423947007,
    -14.94465917409));
#9052 = CARTESIAN_POINT('',(36.880051892558,61.610687799888,
    -14.95981393034));
#9053 = CARTESIAN_POINT('',(36.760964012006,61.803572043601,
    -14.97360213709));
#9054 = CARTESIAN_POINT('',(36.613625244813,61.985487445092,
    -14.98481237056));
#9055 = CARTESIAN_POINT('',(36.278373969886,62.300309347403,
    -14.99913303781));
#9056 = CARTESIAN_POINT('',(36.099318512041,62.432857854142,
    -15.00276309633));
#9057 = CARTESIAN_POINT('',(35.903769532307,62.543643288577,
    -15.00256606456));
#9058 = CARTESIAN_POINT('',(35.696484217649,62.629316331904,
    -14.99830959206));
#9059 = CARTESIAN_POINT('',(35.483140933443,62.68817449505,
    -14.99039213983));
#9060 = CARTESIAN_POINT('',(35.269879619408,62.720367483359,
    -14.9797423758));
#9061 = CARTESIAN_POINT('',(35.062894238298,62.728109033524,
    -14.9675434392));
#9062 = CARTESIAN_POINT('',(34.697895962865,62.705145288477,
    -14.94387197379));
#9063 = CARTESIAN_POINT('',(34.533776324487,62.678953042654,
    -14.9322924896));
#9064 = CARTESIAN_POINT('',(34.37670209292,62.639010068708,
    -14.92066463158));
#9065 = CARTESIAN_POINT('',(34.227295021502,62.586826099565,
    -14.90939778179));
#9066 = CARTESIAN_POINT('',(34.085969058972,62.523713339838,
    -14.89882060026));
#9067 = CARTESIAN_POINT('',(33.953003054184,62.450805322753,
    -14.88918633808));
#9068 = CARTESIAN_POINT('',(33.828594624426,62.369071208785,
    -14.88068339637));
#9069 = CARTESIAN_POINT('',(33.603940544079,62.194811641587,
    -14.86664047667));
#9070 = CARTESIAN_POINT('',(33.502647596591,62.103145254572,
    -14.86095259209));
#9071 = CARTESIAN_POINT('',(33.409143633328,62.004979552073,
    -14.85650435234));
#9072 = CARTESIAN_POINT('',(33.323560451709,61.900869070757,
    -14.85337527999));
#9073 = CARTESIAN_POINT('',(33.246049751666,61.791291281809,
    -14.85161359644));
#9074 = CARTESIAN_POINT('',(33.176798756914,61.676667505858,
    -14.85123983835));
#9075 = CARTESIAN_POINT('',(33.116046063927,61.557383157834,
    -14.85224803914));
#9076 = CARTESIAN_POINT('',(32.980835025012,61.235740243477,
    -14.85838136704));
#9077 = CARTESIAN_POINT('',(32.920243353574,61.026773944574,
    -14.86561908416));
#9078 = CARTESIAN_POINT('',(32.883461445088,60.808290947568,
    -14.87617568266));
#9079 = CARTESIAN_POINT('',(32.872277840763,60.581738472223,
    -14.88973130569));
#9080 = CARTESIAN_POINT('',(32.889073725891,60.349027374063,
    -14.90575057997));
#9081 = CARTESIAN_POINT('',(32.936787513799,60.112803368358,
    -14.92336390673));
#9082 = CARTESIAN_POINT('',(33.018840151133,59.876877393218,
    -14.94126665121));
#9083 = CARTESIAN_POINT('',(33.236617881849,59.460294127322,
    -14.97112422202));
#9084 = CARTESIAN_POINT('',(33.361739242216,59.273147328969,
    -14.98388122746));
#9085 = CARTESIAN_POINT('',(33.515181315614,59.095317030765,
    -14.99456083333));
#9086 = CARTESIAN_POINT('',(33.694892643362,58.935007685878,
    -15.001688607));
#9087 = CARTESIAN_POINT('',(33.896362884058,58.798752773285,
    -15.00418702727));
#9088 = CARTESIAN_POINT('',(34.113320896945,58.691009247442,
    -15.00188416534));
#9089 = CARTESIAN_POINT('',(34.338322543208,58.613731623717,
    -14.99543105823));
#9090 = CARTESIAN_POINT('',(34.820849295886,58.511160990183,
    -14.97511489462));
#9091 = CARTESIAN_POINT('',(35.073984526908,58.495907014355,
    -14.96050231934));
#9092 = CARTESIAN_POINT('',(35.317476585748,58.514868999634,
    -14.9437656008));
#9093 = CARTESIAN_POINT('',(35.547934191856,58.563319722724,
    -14.92648656458));
#9094 = CARTESIAN_POINT('',(35.76308726053,58.637021164799,
    -14.90993489314));
#9095 = CARTESIAN_POINT('',(35.961431588629,58.732205399731,
    -14.89502855279));
#9096 = CARTESIAN_POINT('',(36.142052962225,58.845564226359,
    -14.88238889877));
#9097 = CARTESIAN_POINT('',(36.492504273444,59.123321265079,
    -14.86077717929));
#9098 = CARTESIAN_POINT('',(36.657128969,59.29380762713,-14.85264124936)
  );
#9099 = CARTESIAN_POINT('',(36.797794028557,59.482326487488,
    -14.84855079205));
#9100 = CARTESIAN_POINT('',(36.913820311616,59.686492482557,
    -14.84876375867));
#9101 = CARTESIAN_POINT('',(37.004090528586,59.904338392032,
    -14.8533059138));
#9102 = CARTESIAN_POINT('',(37.066933821739,60.134019184596,
    -14.86197741934));
#9103 = CARTESIAN_POINT('',(37.1,60.37350603806,-14.87428927701));
#9104 = CARTESIAN_POINT('',(37.1,60.62,-14.8893434547));
#9105 = PCURVE('',#948,#9106);
#9106 = DEFINITIONAL_REPRESENTATION('',(#9107),#9166);
#9107 = B_SPLINE_CURVE_WITH_KNOTS('',8,(#9108,#9109,#9110,#9111,#9112,
    #9113,#9114,#9115,#9116,#9117,#9118,#9119,#9120,#9121,#9122,#9123,
    #9124,#9125,#9126,#9127,#9128,#9129,#9130,#9131,#9132,#9133,#9134,
    #9135,#9136,#9137,#9138,#9139,#9140,#9141,#9142,#9143,#9144,#9145,
    #9146,#9147,#9148,#9149,#9150,#9151,#9152,#9153,#9154,#9155,#9156,
    #9157,#9158,#9159,#9160,#9161,#9162,#9163,#9164,#9165),
  .UNSPECIFIED.,.T.,.F.,(9,7,7,7,7,7,7,7,9),(0.,0.125059442494,
    0.238114568587,0.336941387296,0.430007015324,0.579172399287,
    0.700444126049,0.839204752876,1.),.UNSPECIFIED.);
#9108 = CARTESIAN_POINT('',(1.44925463699,36.049253092292));
#9109 = CARTESIAN_POINT('',(1.455680642782,36.214969132887));
#9110 = CARTESIAN_POINT('',(1.463460783936,36.375901767932));
#9111 = CARTESIAN_POINT('',(1.472639088866,36.528921937207));
#9112 = CARTESIAN_POINT('',(1.483230134776,36.670607054522));
#9113 = CARTESIAN_POINT('',(1.495217541916,36.797231128972));
#9114 = CARTESIAN_POINT('',(1.508551133797,36.904727308693));
#9115 = CARTESIAN_POINT('',(1.523138098866,36.988598507975));
#9116 = CARTESIAN_POINT('',(1.553003256299,37.093610948212));
#9117 = CARTESIAN_POINT('',(1.56775954078,37.118870781847));
#9118 = CARTESIAN_POINT('',(1.582738627746,37.117036437846));
#9119 = CARTESIAN_POINT('',(1.597559941755,37.087585988121));
#9120 = CARTESIAN_POINT('',(1.611845010529,37.031884289851));
#9121 = CARTESIAN_POINT('',(1.625247475323,36.953131028119));
#9122 = CARTESIAN_POINT('',(1.637482051709,36.856340390589));
#9123 = CARTESIAN_POINT('',(1.657850832012,36.653950197028));
#9124 = CARTESIAN_POINT('',(1.666487071934,36.54920558855));
#9125 = CARTESIAN_POINT('',(1.674262339824,36.436075368437));
#9126 = CARTESIAN_POINT('',(1.681189206709,36.316177877676));
#9127 = CARTESIAN_POINT('',(1.68728548747,36.190856489387));
#9128 = CARTESIAN_POINT('',(1.69257097863,36.061232292434));
#9129 = CARTESIAN_POINT('',(1.697064985593,35.928243409071));
#9130 = CARTESIAN_POINT('',(1.704287452818,35.665001792324));
#9131 = CARTESIAN_POINT('',(1.707105540597,35.53496936668));
#9132 = CARTESIAN_POINT('',(1.709252259259,35.403202987792));
#9133 = CARTESIAN_POINT('',(1.710737666811,35.270248795139));
#9134 = CARTESIAN_POINT('',(1.711568388567,35.136596139498));
#9135 = CARTESIAN_POINT('',(1.711747430228,35.002703506478));
#9136 = CARTESIAN_POINT('',(1.711273938183,34.869023973614));
#9137 = CARTESIAN_POINT('',(1.70833009275,34.522868074809));
#9138 = CARTESIAN_POINT('',(1.704829219033,34.311602776352));
#9139 = CARTESIAN_POINT('',(1.699622145863,34.104000979413));
#9140 = CARTESIAN_POINT('',(1.692657213303,33.902210294158));
#9141 = CARTESIAN_POINT('',(1.68386592905,33.709076176718));
#9142 = CARTESIAN_POINT('',(1.673173949841,33.528359105912));
#9143 = CARTESIAN_POINT('',(1.660518280399,33.365069937707));
#9144 = CARTESIAN_POINT('',(1.633983790161,33.113192153426));
#9145 = CARTESIAN_POINT('',(1.62049573216,33.013681516978));
#9146 = CARTESIAN_POINT('',(1.605694668552,32.936399815217));
#9147 = CARTESIAN_POINT('',(1.589973484956,32.887426508993));
#9148 = CARTESIAN_POINT('',(1.573805323598,32.870164495268));
#9149 = CARTESIAN_POINT('',(1.557691482735,32.88533794215));
#9150 = CARTESIAN_POINT('',(1.542121091893,32.930917345894));
#9151 = CARTESIAN_POINT('',(1.510814193566,33.083357907322));
#9152 = CARTESIAN_POINT('',(1.495663078696,33.196718073717));
#9153 = CARTESIAN_POINT('',(1.482194389079,33.334888222165));
#9154 = CARTESIAN_POINT('',(1.470449515321,33.492078809646));
#9155 = CARTESIAN_POINT('',(1.460424442407,33.663484563788));
#9156 = CARTESIAN_POINT('',(1.452086903999,33.845090270659));
#9157 = CARTESIAN_POINT('',(1.445384388806,34.033573848001));
#9158 = CARTESIAN_POINT('',(1.434315820017,34.449346246235));
#9159 = CARTESIAN_POINT('',(1.430456186325,34.679304842694));
#9160 = CARTESIAN_POINT('',(1.428598886645,34.912899844689));
#9161 = CARTESIAN_POINT('',(1.428706713838,35.147725904178));
#9162 = CARTESIAN_POINT('',(1.430779021606,35.381520713811));
#9163 = CARTESIAN_POINT('',(1.434848207447,35.611850994069));
#9164 = CARTESIAN_POINT('',(1.440976925292,35.835784624894));
#9165 = CARTESIAN_POINT('',(1.44925463699,36.049253092292));
#9166 = ( GEOMETRIC_REPRESENTATION_CONTEXT(2) 
PARAMETRIC_REPRESENTATION_CONTEXT() REPRESENTATION_CONTEXT('2D SPACE',''
  ) );
#9167 = PCURVE('',#8606,#9168);
#9168 = DEFINITIONAL_REPRESENTATION('',(#9169),#9228);
#9169 = B_SPLINE_CURVE_WITH_KNOTS('',8,(#9170,#9171,#9172,#9173,#9174,
    #9175,#9176,#9177,#9178,#9179,#9180,#9181,#9182,#9183,#9184,#9185,
    #9186,#9187,#9188,#9189,#9190,#9191,#9192,#9193,#9194,#9195,#9196,
    #9197,#9198,#9199,#9200,#9201,#9202,#9203,#9204,#9205,#9206,#9207,
    #9208,#9209,#9210,#9211,#9212,#9213,#9214,#9215,#9216,#9217,#9218,
    #9219,#9220,#9221,#9222,#9223,#9224,#9225,#9226,#9227),
  .UNSPECIFIED.,.F.,.F.,(9,7,7,7,7,7,7,7,9),(0.,0.125059442494,
    0.238114568587,0.336941387296,0.430007015324,0.579172399287,
    0.700444126049,0.839204752876,1.),.UNSPECIFIED.);
#9170 = CARTESIAN_POINT('',(8.881784197001E-16,5.110656545296));
#9171 = CARTESIAN_POINT('',(9.11208593434E-02,5.098969954056));
#9172 = CARTESIAN_POINT('',(0.185089744531,5.085523449977));
#9173 = CARTESIAN_POINT('',(0.281941219461,5.070755301166));
#9174 = CARTESIAN_POINT('',(0.381781766012,5.055340825907));
#9175 = CARTESIAN_POINT('',(0.484817551608,5.040186069656));
#9176 = CARTESIAN_POINT('',(0.591348619818,5.026397862903));
#9177 = CARTESIAN_POINT('',(0.701794232236,5.015187629431));
#9178 = CARTESIAN_POINT('',(0.920793319776,5.000866962184));
#9179 = CARTESIAN_POINT('',(1.026155615688,4.997236903667));
#9180 = CARTESIAN_POINT('',(1.131863678739,4.997433935439));
#9181 = CARTESIAN_POINT('',(1.237074255867,5.001690407936));
#9182 = CARTESIAN_POINT('',(1.340955123884,5.009607860162));
#9183 = CARTESIAN_POINT('',(1.442565691536,5.020257624199));
#9184 = CARTESIAN_POINT('',(1.540704659712,5.032456560795));
#9185 = CARTESIAN_POINT('',(1.714857012186,5.056128026208));
#9186 = CARTESIAN_POINT('',(1.793638645439,5.067707510393));
#9187 = CARTESIAN_POINT('',(1.87029794932,5.079335368415));
#9188 = CARTESIAN_POINT('',(1.945108648016,5.090602218203));
#9189 = CARTESIAN_POINT('',(2.018313259423,5.101179399734));
#9190 = CARTESIAN_POINT('',(2.090138191721,5.110813661917));
#9191 = CARTESIAN_POINT('',(2.1608039973,5.119316603628));
#9192 = CARTESIAN_POINT('',(2.296192790414,5.133359523322));
#9193 = CARTESIAN_POINT('',(2.361059624293,5.139047407906));
#9194 = CARTESIAN_POINT('',(2.425323579882,5.143495647654));
#9195 = CARTESIAN_POINT('',(2.489161779442,5.146624720005));
#9196 = CARTESIAN_POINT('',(2.552743540634,5.148386403555));
#9197 = CARTESIAN_POINT('',(2.61623645337,5.14876016165));
#9198 = CARTESIAN_POINT('',(2.679811166158,5.147751960853));
#9199 = CARTESIAN_POINT('',(2.845957421293,5.141618632955));
#9200 = CARTESIAN_POINT('',(2.948870322916,5.134380915831));
#9201 = CARTESIAN_POINT('',(3.053201654584,5.123824317339));
#9202 = CARTESIAN_POINT('',(3.159691057977,5.110268694305));
#9203 = CARTESIAN_POINT('',(3.269082415059,5.094249420021));
#9204 = CARTESIAN_POINT('',(3.382160209475,5.076636093265));
#9205 = CARTESIAN_POINT('',(3.499824675234,5.058733348786));
#9206 = CARTESIAN_POINT('',(3.723669027854,5.028875777978));
#9207 = CARTESIAN_POINT('',(3.830249248499,5.016118772534));
#9208 = CARTESIAN_POINT('',(3.940685578846,5.005439166665));
#9209 = CARTESIAN_POINT('',(4.053410694304,4.998311392999));
#9210 = CARTESIAN_POINT('',(4.167202724195,4.995812972722));
#9211 = CARTESIAN_POINT('',(4.280928466167,4.998115834653));
#9212 = CARTESIAN_POINT('',(4.39338205753,5.004568941769));
#9213 = CARTESIAN_POINT('',(4.628290638153,5.02488510538));
#9214 = CARTESIAN_POINT('',(4.747708049334,5.039497680654));
#9215 = CARTESIAN_POINT('',(4.862242423463,5.056234399198));
#9216 = CARTESIAN_POINT('',(4.972608504776,5.073513435411));
#9217 = CARTESIAN_POINT('',(5.079370490373,5.090065106853));
#9218 = CARTESIAN_POINT('',(5.183009364955,5.104971447209));
#9219 = CARTESIAN_POINT('',(5.283944266653,5.117611101224));
#9220 = CARTESIAN_POINT('',(5.496884537037,5.139222820706));
#9221 = CARTESIAN_POINT('',(5.608747468445,5.147358750635));
#9222 = CARTESIAN_POINT('',(5.71927767789,5.151449207949));
#9223 = CARTESIAN_POINT('',(5.829386706457,5.151236241326));
#9224 = CARTESIAN_POINT('',(5.939930734036,5.146694086199));
#9225 = CARTESIAN_POINT('',(6.051765664931,5.138022580658));
#9226 = CARTESIAN_POINT('',(6.165807230065,5.125710722986));
#9227 = CARTESIAN_POINT('',(6.28318530718,5.110656545296));
#9228 = ( GEOMETRIC_REPRESENTATION_CONTEXT(2) 
PARAMETRIC_REPRESENTATION_CONTEXT() REPRESENTATION_CONTEXT('2D SPACE',''
  ) );
#9229 = FACE_BOUND('',#9230,.F.);
#9230 = EDGE_LOOP('',(#9231));
#9231 = ORIENTED_EDGE('',*,*,#9232,.F.);
#9232 = EDGE_CURVE('',#9233,#9233,#9235,.T.);
#9233 = VERTEX_POINT('',#9234);
#9234 = CARTESIAN_POINT('',(37.1,60.62,14.889343454704));
#9235 = SURFACE_CURVE('',#9236,(#9295,#9357),.PCURVE_S1.);
#9236 = B_SPLINE_CURVE_WITH_KNOTS('',8,(#9237,#9238,#9239,#9240,#9241,
    #9242,#9243,#9244,#9245,#9246,#9247,#9248,#9249,#9250,#9251,#9252,
    #9253,#9254,#9255,#9256,#9257,#9258,#9259,#9260,#9261,#9262,#9263,
    #9264,#9265,#9266,#9267,#9268,#9269,#9270,#9271,#9272,#9273,#9274,
    #9275,#9276,#9277,#9278,#9279,#9280,#9281,#9282,#9283,#9284,#9285,
    #9286,#9287,#9288,#9289,#9290,#9291,#9292,#9293,#9294),
  .UNSPECIFIED.,.T.,.F.,(9,7,7,7,7,7,7,7,9),(0.,0.125059444918,
    0.238114573201,0.336941392105,0.430007018758,0.579172400517,
    0.700444125488,0.839204750265,1.),.UNSPECIFIED.);
#9237 = CARTESIAN_POINT('',(37.1,60.62,14.889343454704));
#9238 = CARTESIAN_POINT('',(37.1,60.811353804622,14.901030045944));
#9239 = CARTESIAN_POINT('',(37.080073131064,61.008689288403,
    14.914476550023));
#9240 = CARTESIAN_POINT('',(37.038037188795,61.209653230585,
    14.929244698834));
#9241 = CARTESIAN_POINT('',(36.971934308369,61.411423947007,
    14.944659174093));
#9242 = CARTESIAN_POINT('',(36.880051892558,61.610687799888,
    14.959813930344));
#9243 = CARTESIAN_POINT('',(36.760964012006,61.803572043601,
    14.973602137097));
#9244 = CARTESIAN_POINT('',(36.613625244813,61.985487445092,
    14.984812370569));
#9245 = CARTESIAN_POINT('',(36.278373969887,62.300309347403,
    14.999133037816));
#9246 = CARTESIAN_POINT('',(36.099318512041,62.432857854142,
    15.002763096333));
#9247 = CARTESIAN_POINT('',(35.903769532307,62.543643288577,
    15.002566064561));
#9248 = CARTESIAN_POINT('',(35.69648421765,62.629316331904,
    14.998309592064));
#9249 = CARTESIAN_POINT('',(35.483140933443,62.688174495051,
    14.990392139838));
#9250 = CARTESIAN_POINT('',(35.269879619408,62.720367483359,
    14.979742375801));
#9251 = CARTESIAN_POINT('',(35.062894238299,62.728109033524,
    14.967543439205));
#9252 = CARTESIAN_POINT('',(34.697895965828,62.705145288663,
    14.943871973984));
#9253 = CARTESIAN_POINT('',(34.533776319959,62.678953041472,
    14.932292489308));
#9254 = CARTESIAN_POINT('',(34.376702092466,62.639010069312,
    14.920664631555));
#9255 = CARTESIAN_POINT('',(34.227295025511,62.58682610097,
    14.909397782063));
#9256 = CARTESIAN_POINT('',(34.085969059458,62.523713339255,
    14.898820600301));
#9257 = CARTESIAN_POINT('',(33.953003050156,62.450805320948,
    14.889186337819));
#9258 = CARTESIAN_POINT('',(33.828594626363,62.369071210288,
    14.880683396493));
#9259 = CARTESIAN_POINT('',(33.603940544079,62.194811641587,
    14.866640476678));
#9260 = CARTESIAN_POINT('',(33.502647596591,62.103145254572,
    14.860952592094));
#9261 = CARTESIAN_POINT('',(33.409143633328,62.004979552073,
    14.856504352346));
#9262 = CARTESIAN_POINT('',(33.323560451709,61.900869070757,
    14.853375279995));
#9263 = CARTESIAN_POINT('',(33.246049751666,61.791291281809,
    14.851613596445));
#9264 = CARTESIAN_POINT('',(33.176798756914,61.676667505858,
    14.85123983835));
#9265 = CARTESIAN_POINT('',(33.116046063927,61.557383157834,
    14.852248039147));
#9266 = CARTESIAN_POINT('',(32.980835025012,61.235740243477,
    14.858381367045));
#9267 = CARTESIAN_POINT('',(32.920243353574,61.026773944573,
    14.865619084169));
#9268 = CARTESIAN_POINT('',(32.883461445088,60.808290947569,
    14.876175682661));
#9269 = CARTESIAN_POINT('',(32.872277840763,60.581738472223,
    14.889731305695));
#9270 = CARTESIAN_POINT('',(32.889073725891,60.349027374063,
    14.905750579979));
#9271 = CARTESIAN_POINT('',(32.936787513799,60.112803368358,
    14.923363906735));
#9272 = CARTESIAN_POINT('',(33.018840151133,59.876877393218,
    14.941266651214));
#9273 = CARTESIAN_POINT('',(33.236617881849,59.460294127322,
    14.971124222022));
#9274 = CARTESIAN_POINT('',(33.361739242217,59.273147328968,
    14.983881227466));
#9275 = CARTESIAN_POINT('',(33.515181315613,59.095317030766,
    14.994560833335));
#9276 = CARTESIAN_POINT('',(33.694892643365,58.935007685877,
    15.001688607001));
#9277 = CARTESIAN_POINT('',(33.896362884056,58.798752773286,
    15.004187027278));
#9278 = CARTESIAN_POINT('',(34.113320896946,58.691009247441,
    15.001884165347));
#9279 = CARTESIAN_POINT('',(34.338322543208,58.613731623717,
    14.995431058231));
#9280 = CARTESIAN_POINT('',(34.820849295886,58.511160990183,
    14.97511489462));
#9281 = CARTESIAN_POINT('',(35.073984526908,58.495907014355,
    14.960502319346));
#9282 = CARTESIAN_POINT('',(35.317476585748,58.514868999634,
    14.943765600802));
#9283 = CARTESIAN_POINT('',(35.547934191856,58.563319722724,
    14.926486564589));
#9284 = CARTESIAN_POINT('',(35.76308726053,58.6370211648,14.909934893147
    ));
#9285 = CARTESIAN_POINT('',(35.961431588629,58.732205399731,
    14.895028552791));
#9286 = CARTESIAN_POINT('',(36.142052962225,58.84556422636,
    14.882388898776));
#9287 = CARTESIAN_POINT('',(36.492504279278,59.123321269703,
    14.860777178934));
#9288 = CARTESIAN_POINT('',(36.657128958059,59.293807613479,
    14.852641249729));
#9289 = CARTESIAN_POINT('',(36.797794033619,59.482326500047,
    14.848550792274));
#9290 = CARTESIAN_POINT('',(36.913820315394,59.686492484097,
    14.848763758352));
#9291 = CARTESIAN_POINT('',(37.004090523009,59.904338379534,
    14.853305913639));
#9292 = CARTESIAN_POINT('',(37.06693382387,60.134019194917,
    14.861977419746));
#9293 = CARTESIAN_POINT('',(37.1,60.373506034826,14.874289276817));
#9294 = CARTESIAN_POINT('',(37.1,60.62,14.889343454704));
#9295 = PCURVE('',#948,#9296);
#9296 = DEFINITIONAL_REPRESENTATION('',(#9297),#9356);
#9297 = B_SPLINE_CURVE_WITH_KNOTS('',8,(#9298,#9299,#9300,#9301,#9302,
    #9303,#9304,#9305,#9306,#9307,#9308,#9309,#9310,#9311,#9312,#9313,
    #9314,#9315,#9316,#9317,#9318,#9319,#9320,#9321,#9322,#9323,#9324,
    #9325,#9326,#9327,#9328,#9329,#9330,#9331,#9332,#9333,#9334,#9335,
    #9336,#9337,#9338,#9339,#9340,#9341,#9342,#9343,#9344,#9345,#9346,
    #9347,#9348,#9349,#9350,#9351,#9352,#9353,#9354,#9355),
  .UNSPECIFIED.,.T.,.F.,(9,7,7,7,7,7,7,7,9),(0.,0.125059444918,
    0.238114573201,0.336941392105,0.430007018758,0.579172400517,
    0.700444125488,0.839204750265,1.),.UNSPECIFIED.);
#9298 = CARTESIAN_POINT('',(4.833930670189,36.049253092292));
#9299 = CARTESIAN_POINT('',(4.827504664398,36.214969132887));
#9300 = CARTESIAN_POINT('',(4.819724523243,36.375901767931));
#9301 = CARTESIAN_POINT('',(4.810546218314,36.528921937207));
#9302 = CARTESIAN_POINT('',(4.799955172404,36.670607054522));
#9303 = CARTESIAN_POINT('',(4.787967765263,36.797231128972));
#9304 = CARTESIAN_POINT('',(4.774634173383,36.904727308693));
#9305 = CARTESIAN_POINT('',(4.760047208314,36.988598507975));
#9306 = CARTESIAN_POINT('',(4.73018205088,37.093610948212));
#9307 = CARTESIAN_POINT('',(4.7154257664,37.118870781847));
#9308 = CARTESIAN_POINT('',(4.700446679434,37.117036437846));
#9309 = CARTESIAN_POINT('',(4.685625365424,37.087585988121));
#9310 = CARTESIAN_POINT('',(4.671340296651,37.031884289852));
#9311 = CARTESIAN_POINT('',(4.657937831856,36.953131028118));
#9312 = CARTESIAN_POINT('',(4.645703255471,36.856340390589));
#9313 = CARTESIAN_POINT('',(4.625334475333,36.653950198671));
#9314 = CARTESIAN_POINT('',(4.616698235023,36.549205585262));
#9315 = CARTESIAN_POINT('',(4.608922967309,36.436075368733));
#9316 = CARTESIAN_POINT('',(4.601996100656,36.316177880897));
#9317 = CARTESIAN_POINT('',(4.595899819757,36.190856489125));
#9318 = CARTESIAN_POINT('',(4.590614328376,36.061232288856));
#9319 = CARTESIAN_POINT('',(4.586120321649,35.928243411341));
#9320 = CARTESIAN_POINT('',(4.578897854362,35.665001792324));
#9321 = CARTESIAN_POINT('',(4.576079766582,35.53496936668));
#9322 = CARTESIAN_POINT('',(4.573933047921,35.403202987792));
#9323 = CARTESIAN_POINT('',(4.572447640369,35.270248795139));
#9324 = CARTESIAN_POINT('',(4.571616918613,35.136596139498));
#9325 = CARTESIAN_POINT('',(4.571437876951,35.002703506478));
#9326 = CARTESIAN_POINT('',(4.571911368997,34.869023973614));
#9327 = CARTESIAN_POINT('',(4.574855214429,34.522868074809));
#9328 = CARTESIAN_POINT('',(4.578356088147,34.311602776352));
#9329 = CARTESIAN_POINT('',(4.583563161316,34.104000979413));
#9330 = CARTESIAN_POINT('',(4.590528093877,33.902210294158));
#9331 = CARTESIAN_POINT('',(4.599319378129,33.709076176718));
#9332 = CARTESIAN_POINT('',(4.610011357338,33.528359105912));
#9333 = CARTESIAN_POINT('',(4.622667026781,33.365069937707));
#9334 = CARTESIAN_POINT('',(4.649201517019,33.113192153426));
#9335 = CARTESIAN_POINT('',(4.66268957502,33.013681516978));
#9336 = CARTESIAN_POINT('',(4.677490638627,32.936399815217));
#9337 = CARTESIAN_POINT('',(4.693211822224,32.887426508993));
#9338 = CARTESIAN_POINT('',(4.709379983581,32.870164495267));
#9339 = CARTESIAN_POINT('',(4.725493824445,32.88533794215));
#9340 = CARTESIAN_POINT('',(4.741064215287,32.930917345894));
#9341 = CARTESIAN_POINT('',(4.772371113614,33.083357907322));
#9342 = CARTESIAN_POINT('',(4.787522228484,33.196718073717));
#9343 = CARTESIAN_POINT('',(4.800990918101,33.334888222165));
#9344 = CARTESIAN_POINT('',(4.812735791859,33.492078809647));
#9345 = CARTESIAN_POINT('',(4.822760864773,33.663484563788));
#9346 = CARTESIAN_POINT('',(4.831098403181,33.845090270658));
#9347 = CARTESIAN_POINT('',(4.837800918374,34.033573848001));
#9348 = CARTESIAN_POINT('',(4.848869487346,34.449346253156));
#9349 = CARTESIAN_POINT('',(4.852729120676,34.679304825401));
#9350 = CARTESIAN_POINT('',(4.854586420408,34.912899858096));
#9351 = CARTESIAN_POINT('',(4.85447859351,35.147725907401));
#9352 = CARTESIAN_POINT('',(4.852406285669,35.381520700199));
#9353 = CARTESIAN_POINT('',(4.84833709951,35.611851004073));
#9354 = CARTESIAN_POINT('',(4.842208381996,35.835784622093));
#9355 = CARTESIAN_POINT('',(4.833930670189,36.049253092292));
#9356 = ( GEOMETRIC_REPRESENTATION_CONTEXT(2) 
PARAMETRIC_REPRESENTATION_CONTEXT() REPRESENTATION_CONTEXT('2D SPACE',''
  ) );
#9357 = PCURVE('',#8801,#9358);
#9358 = DEFINITIONAL_REPRESENTATION('',(#9359),#9418);
#9359 = B_SPLINE_CURVE_WITH_KNOTS('',8,(#9360,#9361,#9362,#9363,#9364,
    #9365,#9366,#9367,#9368,#9369,#9370,#9371,#9372,#9373,#9374,#9375,
    #9376,#9377,#9378,#9379,#9380,#9381,#9382,#9383,#9384,#9385,#9386,
    #9387,#9388,#9389,#9390,#9391,#9392,#9393,#9394,#9395,#9396,#9397,
    #9398,#9399,#9400,#9401,#9402,#9403,#9404,#9405,#9406,#9407,#9408,
    #9409,#9410,#9411,#9412,#9413,#9414,#9415,#9416,#9417),
  .UNSPECIFIED.,.F.,.F.,(9,7,7,7,7,7,7,7,9),(0.,0.125059444918,
    0.238114573201,0.336941392105,0.430007018758,0.579172400517,
    0.700444125488,0.839204750265,1.),.UNSPECIFIED.);
#9360 = CARTESIAN_POINT('',(8.881784197001E-16,34.889343454704));
#9361 = CARTESIAN_POINT('',(9.11208593436E-02,34.901030045944));
#9362 = CARTESIAN_POINT('',(0.185089744531,34.914476550023));
#9363 = CARTESIAN_POINT('',(0.281941219462,34.929244698834));
#9364 = CARTESIAN_POINT('',(0.381781766012,34.944659174093));
#9365 = CARTESIAN_POINT('',(0.484817551608,34.959813930344));
#9366 = CARTESIAN_POINT('',(0.591348619818,34.973602137097));
#9367 = CARTESIAN_POINT('',(0.701794232236,34.984812370569));
#9368 = CARTESIAN_POINT('',(0.920793319776,34.999133037816));
#9369 = CARTESIAN_POINT('',(1.026155615689,35.002763096333));
#9370 = CARTESIAN_POINT('',(1.131863678739,35.002566064561));
#9371 = CARTESIAN_POINT('',(1.237074255867,34.998309592064));
#9372 = CARTESIAN_POINT('',(1.340955123884,34.990392139838));
#9373 = CARTESIAN_POINT('',(1.442565691537,34.979742375801));
#9374 = CARTESIAN_POINT('',(1.540704659712,34.967543439205));
#9375 = CARTESIAN_POINT('',(1.714857010772,34.943871973984));
#9376 = CARTESIAN_POINT('',(1.793638647737,34.932292489308));
#9377 = CARTESIAN_POINT('',(1.870297949429,34.920664631555));
#9378 = CARTESIAN_POINT('',(1.945108645923,34.909397782063));
#9379 = CARTESIAN_POINT('',(2.018313259305,34.898820600301));
#9380 = CARTESIAN_POINT('',(2.090138193898,34.889186337819));
#9381 = CARTESIAN_POINT('',(2.160803996133,34.880683396493));
#9382 = CARTESIAN_POINT('',(2.296192790414,34.866640476678));
#9383 = CARTESIAN_POINT('',(2.361059624293,34.860952592094));
#9384 = CARTESIAN_POINT('',(2.425323579882,34.856504352346));
#9385 = CARTESIAN_POINT('',(2.489161779442,34.853375279995));
#9386 = CARTESIAN_POINT('',(2.552743540634,34.851613596445));
#9387 = CARTESIAN_POINT('',(2.61623645337,34.85123983835));
#9388 = CARTESIAN_POINT('',(2.679811166158,34.852248039147));
#9389 = CARTESIAN_POINT('',(2.845957421293,34.858381367045));
#9390 = CARTESIAN_POINT('',(2.948870322916,34.865619084169));
#9391 = CARTESIAN_POINT('',(3.053201654584,34.876175682662));
#9392 = CARTESIAN_POINT('',(3.159691057977,34.889731305695));
#9393 = CARTESIAN_POINT('',(3.269082415059,34.905750579979));
#9394 = CARTESIAN_POINT('',(3.382160209475,34.923363906735));
#9395 = CARTESIAN_POINT('',(3.499824675234,34.941266651214));
#9396 = CARTESIAN_POINT('',(3.723669027854,34.971124222022));
#9397 = CARTESIAN_POINT('',(3.8302492485,34.983881227466));
#9398 = CARTESIAN_POINT('',(3.940685578844,34.994560833335));
#9399 = CARTESIAN_POINT('',(4.053410694307,35.001688607001));
#9400 = CARTESIAN_POINT('',(4.167202724192,35.004187027278));
#9401 = CARTESIAN_POINT('',(4.280928466168,35.001884165347));
#9402 = CARTESIAN_POINT('',(4.39338205753,34.995431058231));
#9403 = CARTESIAN_POINT('',(4.628290638153,34.97511489462));
#9404 = CARTESIAN_POINT('',(4.747708049333,34.960502319346));
#9405 = CARTESIAN_POINT('',(4.862242423463,34.943765600802));
#9406 = CARTESIAN_POINT('',(4.972608504776,34.926486564589));
#9407 = CARTESIAN_POINT('',(5.079370490373,34.909934893147));
#9408 = CARTESIAN_POINT('',(5.183009364955,34.895028552791));
#9409 = CARTESIAN_POINT('',(5.283944266653,34.882388898776));
#9410 = CARTESIAN_POINT('',(5.496884540582,34.860777178934));
#9411 = CARTESIAN_POINT('',(5.608747459588,34.852641249729));
#9412 = CARTESIAN_POINT('',(5.719277684845,34.848550792274));
#9413 = CARTESIAN_POINT('',(5.829386708022,34.848763758352));
#9414 = CARTESIAN_POINT('',(5.93993072698,34.853305913639));
#9415 = CARTESIAN_POINT('',(6.051765670247,34.861977419746));
#9416 = CARTESIAN_POINT('',(6.165807228525,34.874289276817));
#9417 = CARTESIAN_POINT('',(6.28318530718,34.889343454704));
#9418 = ( GEOMETRIC_REPRESENTATION_CONTEXT(2) 
PARAMETRIC_REPRESENTATION_CONTEXT() REPRESENTATION_CONTEXT('2D SPACE',''
  ) );
#9419 = ADVANCED_FACE('',(#9420),#974,.T.);
#9420 = FACE_BOUND('',#9421,.T.);
#9421 = EDGE_LOOP('',(#9422,#9423,#9424,#9425,#9426));
#9422 = ORIENTED_EDGE('',*,*,#9017,.T.);
#9423 = ORIENTED_EDGE('',*,*,#8946,.T.);
#9424 = ORIENTED_EDGE('',*,*,#959,.T.);
#9425 = ORIENTED_EDGE('',*,*,#8971,.T.);
#9426 = ORIENTED_EDGE('',*,*,#2738,.F.);
#9427 = ADVANCED_FACE('',(#9428),#1938,.F.);
#9428 = FACE_BOUND('',#9429,.F.);
#9429 = EDGE_LOOP('',(#9430,#9431,#9452,#9453));
#9430 = ORIENTED_EDGE('',*,*,#3563,.F.);
#9431 = ORIENTED_EDGE('',*,*,#9432,.F.);
#9432 = EDGE_CURVE('',#1922,#3564,#9433,.T.);
#9433 = SEAM_CURVE('',#9434,(#9438,#9445),.PCURVE_S1.);
#9434 = LINE('',#9435,#9436);
#9435 = CARTESIAN_POINT('',(-19.5,-22.,-6.));
#9436 = VECTOR('',#9437,1.);
#9437 = DIRECTION('',(0.,0.,1.));
#9438 = PCURVE('',#1938,#9439);
#9439 = DEFINITIONAL_REPRESENTATION('',(#9440),#9444);
#9440 = LINE('',#9441,#9442);
#9441 = CARTESIAN_POINT('',(6.28318530718,-0.));
#9442 = VECTOR('',#9443,1.);
#9443 = DIRECTION('',(0.,1.));
#9444 = ( GEOMETRIC_REPRESENTATION_CONTEXT(2) 
PARAMETRIC_REPRESENTATION_CONTEXT() REPRESENTATION_CONTEXT('2D SPACE',''
  ) );
#9445 = PCURVE('',#1938,#9446);
#9446 = DEFINITIONAL_REPRESENTATION('',(#9447),#9451);
#9447 = LINE('',#9448,#9449);
#9448 = CARTESIAN_POINT('',(0.,-0.));
#9449 = VECTOR('',#9450,1.);
#9450 = DIRECTION('',(0.,1.));
#9451 = ( GEOMETRIC_REPRESENTATION_CONTEXT(2) 
PARAMETRIC_REPRESENTATION_CONTEXT() REPRESENTATION_CONTEXT('2D SPACE',''
  ) );
#9452 = ORIENTED_EDGE('',*,*,#1921,.T.);
#9453 = ORIENTED_EDGE('',*,*,#9432,.T.);
#9454 = ADVANCED_FACE('',(#9455),#1969,.F.);
#9455 = FACE_BOUND('',#9456,.F.);
#9456 = EDGE_LOOP('',(#9457,#9458,#9479,#9480));
#9457 = ORIENTED_EDGE('',*,*,#3589,.F.);
#9458 = ORIENTED_EDGE('',*,*,#9459,.F.);
#9459 = EDGE_CURVE('',#1953,#3590,#9460,.T.);
#9460 = SEAM_CURVE('',#9461,(#9465,#9472),.PCURVE_S1.);
#9461 = LINE('',#9462,#9463);
#9462 = CARTESIAN_POINT('',(24.5,-22.,-6.));
#9463 = VECTOR('',#9464,1.);
#9464 = DIRECTION('',(0.,0.,1.));
#9465 = PCURVE('',#1969,#9466);
#9466 = DEFINITIONAL_REPRESENTATION('',(#9467),#9471);
#9467 = LINE('',#9468,#9469);
#9468 = CARTESIAN_POINT('',(6.28318530718,-0.));
#9469 = VECTOR('',#9470,1.);
#9470 = DIRECTION('',(0.,1.));
#9471 = ( GEOMETRIC_REPRESENTATION_CONTEXT(2) 
PARAMETRIC_REPRESENTATION_CONTEXT() REPRESENTATION_CONTEXT('2D SPACE',''
  ) );
#9472 = PCURVE('',#1969,#9473);
#9473 = DEFINITIONAL_REPRESENTATION('',(#9474),#9478);
#9474 = LINE('',#9475,#9476);
#9475 = CARTESIAN_POINT('',(0.,-0.));
#9476 = VECTOR('',#9477,1.);
#9477 = DIRECTION('',(0.,1.));
#9478 = ( GEOMETRIC_REPRESENTATION_CONTEXT(2) 
PARAMETRIC_REPRESENTATION_CONTEXT() REPRESENTATION_CONTEXT('2D SPACE',''
  ) );
#9479 = ORIENTED_EDGE('',*,*,#1952,.T.);
#9480 = ORIENTED_EDGE('',*,*,#9459,.T.);
#9481 = ADVANCED_FACE('',(#9482),#2000,.F.);
#9482 = FACE_BOUND('',#9483,.F.);
#9483 = EDGE_LOOP('',(#9484,#9485,#9506,#9507));
#9484 = ORIENTED_EDGE('',*,*,#3615,.F.);
#9485 = ORIENTED_EDGE('',*,*,#9486,.F.);
#9486 = EDGE_CURVE('',#1984,#3616,#9487,.T.);
#9487 = SEAM_CURVE('',#9488,(#9492,#9499),.PCURVE_S1.);
#9488 = LINE('',#9489,#9490);
#9489 = CARTESIAN_POINT('',(-19.5,22.,-6.));
#9490 = VECTOR('',#9491,1.);
#9491 = DIRECTION('',(0.,0.,1.));
#9492 = PCURVE('',#2000,#9493);
#9493 = DEFINITIONAL_REPRESENTATION('',(#9494),#9498);
#9494 = LINE('',#9495,#9496);
#9495 = CARTESIAN_POINT('',(6.28318530718,-0.));
#9496 = VECTOR('',#9497,1.);
#9497 = DIRECTION('',(0.,1.));
#9498 = ( GEOMETRIC_REPRESENTATION_CONTEXT(2) 
PARAMETRIC_REPRESENTATION_CONTEXT() REPRESENTATION_CONTEXT('2D SPACE',''
  ) );
#9499 = PCURVE('',#2000,#9500);
#9500 = DEFINITIONAL_REPRESENTATION('',(#9501),#9505);
#9501 = LINE('',#9502,#9503);
#9502 = CARTESIAN_POINT('',(0.,-0.));
#9503 = VECTOR('',#9504,1.);
#9504 = DIRECTION('',(0.,1.));
#9505 = ( GEOMETRIC_REPRESENTATION_CONTEXT(2) 
PARAMETRIC_REPRESENTATION_CONTEXT() REPRESENTATION_CONTEXT('2D SPACE',''
  ) );
#9506 = ORIENTED_EDGE('',*,*,#1983,.T.);
#9507 = ORIENTED_EDGE('',*,*,#9486,.T.);
#9508 = ADVANCED_FACE('',(#9509),#2031,.F.);
#9509 = FACE_BOUND('',#9510,.F.);
#9510 = EDGE_LOOP('',(#9511,#9512,#9533,#9534));
#9511 = ORIENTED_EDGE('',*,*,#3641,.F.);
#9512 = ORIENTED_EDGE('',*,*,#9513,.F.);
#9513 = EDGE_CURVE('',#2015,#3642,#9514,.T.);
#9514 = SEAM_CURVE('',#9515,(#9519,#9526),.PCURVE_S1.);
#9515 = LINE('',#9516,#9517);
#9516 = CARTESIAN_POINT('',(24.5,22.,-6.));
#9517 = VECTOR('',#9518,1.);
#9518 = DIRECTION('',(0.,0.,1.));
#9519 = PCURVE('',#2031,#9520);
#9520 = DEFINITIONAL_REPRESENTATION('',(#9521),#9525);
#9521 = LINE('',#9522,#9523);
#9522 = CARTESIAN_POINT('',(6.28318530718,-0.));
#9523 = VECTOR('',#9524,1.);
#9524 = DIRECTION('',(0.,1.));
#9525 = ( GEOMETRIC_REPRESENTATION_CONTEXT(2) 
PARAMETRIC_REPRESENTATION_CONTEXT() REPRESENTATION_CONTEXT('2D SPACE',''
  ) );
#9526 = PCURVE('',#2031,#9527);
#9527 = DEFINITIONAL_REPRESENTATION('',(#9528),#9532);
#9528 = LINE('',#9529,#9530);
#9529 = CARTESIAN_POINT('',(0.,-0.));
#9530 = VECTOR('',#9531,1.);
#9531 = DIRECTION('',(0.,1.));
#9532 = ( GEOMETRIC_REPRESENTATION_CONTEXT(2) 
PARAMETRIC_REPRESENTATION_CONTEXT() REPRESENTATION_CONTEXT('2D SPACE',''
  ) );
#9533 = ORIENTED_EDGE('',*,*,#2014,.T.);
#9534 = ORIENTED_EDGE('',*,*,#9513,.T.);
#9535 = ADVANCED_FACE('',(#9536),#2224,.F.);
#9536 = FACE_BOUND('',#9537,.F.);
#9537 = EDGE_LOOP('',(#9538,#9539,#9540,#9541));
#9538 = ORIENTED_EDGE('',*,*,#3457,.T.);
#9539 = ORIENTED_EDGE('',*,*,#2207,.T.);
#9540 = ORIENTED_EDGE('',*,*,#3373,.T.);
#9541 = ORIENTED_EDGE('',*,*,#4482,.F.);
#9542 = ADVANCED_FACE('',(#9543,#9546),#2118,.T.);
#9543 = FACE_BOUND('',#9544,.T.);
#9544 = EDGE_LOOP('',(#9545));
#9545 = ORIENTED_EDGE('',*,*,#2103,.T.);
#9546 = FACE_BOUND('',#9547,.T.);
#9547 = EDGE_LOOP('',(#9548));
#9548 = ORIENTED_EDGE('',*,*,#4387,.F.);
#9549 = ADVANCED_FACE('',(#9550),#2367,.F.);
#9550 = FACE_BOUND('',#9551,.F.);
#9551 = EDGE_LOOP('',(#9552,#9553,#9574,#9575));
#9552 = ORIENTED_EDGE('',*,*,#4530,.F.);
#9553 = ORIENTED_EDGE('',*,*,#9554,.F.);
#9554 = EDGE_CURVE('',#2258,#4531,#9555,.T.);
#9555 = SEAM_CURVE('',#9556,(#9560,#9567),.PCURVE_S1.);
#9556 = LINE('',#9557,#9558);
#9557 = CARTESIAN_POINT('',(37.1,-60.62,-20.));
#9558 = VECTOR('',#9559,1.);
#9559 = DIRECTION('',(0.,0.,1.));
#9560 = PCURVE('',#2367,#9561);
#9561 = DEFINITIONAL_REPRESENTATION('',(#9562),#9566);
#9562 = LINE('',#9563,#9564);
#9563 = CARTESIAN_POINT('',(6.28318530718,-0.));
#9564 = VECTOR('',#9565,1.);
#9565 = DIRECTION('',(0.,1.));
#9566 = ( GEOMETRIC_REPRESENTATION_CONTEXT(2) 
PARAMETRIC_REPRESENTATION_CONTEXT() REPRESENTATION_CONTEXT('2D SPACE',''
  ) );
#9567 = PCURVE('',#2367,#9568);
#9568 = DEFINITIONAL_REPRESENTATION('',(#9569),#9573);
#9569 = LINE('',#9570,#9571);
#9570 = CARTESIAN_POINT('',(0.,-0.));
#9571 = VECTOR('',#9572,1.);
#9572 = DIRECTION('',(0.,1.));
#9573 = ( GEOMETRIC_REPRESENTATION_CONTEXT(2) 
PARAMETRIC_REPRESENTATION_CONTEXT() REPRESENTATION_CONTEXT('2D SPACE',''
  ) );
#9574 = ORIENTED_EDGE('',*,*,#2257,.T.);
#9575 = ORIENTED_EDGE('',*,*,#9554,.T.);
#9576 = ADVANCED_FACE('',(#9577),#2554,.F.);
#9577 = FACE_BOUND('',#9578,.F.);
#9578 = EDGE_LOOP('',(#9579,#9580,#9601,#9602));
#9579 = ORIENTED_EDGE('',*,*,#2428,.F.);
#9580 = ORIENTED_EDGE('',*,*,#9581,.F.);
#9581 = EDGE_CURVE('',#4697,#2429,#9582,.T.);
#9582 = SEAM_CURVE('',#9583,(#9587,#9594),.PCURVE_S1.);
#9583 = LINE('',#9584,#9585);
#9584 = CARTESIAN_POINT('',(37.1,-60.62,-20.));
#9585 = VECTOR('',#9586,1.);
#9586 = DIRECTION('',(0.,0.,1.));
#9587 = PCURVE('',#2554,#9588);
#9588 = DEFINITIONAL_REPRESENTATION('',(#9589),#9593);
#9589 = LINE('',#9590,#9591);
#9590 = CARTESIAN_POINT('',(6.28318530718,-0.));
#9591 = VECTOR('',#9592,1.);
#9592 = DIRECTION('',(0.,1.));
#9593 = ( GEOMETRIC_REPRESENTATION_CONTEXT(2) 
PARAMETRIC_REPRESENTATION_CONTEXT() REPRESENTATION_CONTEXT('2D SPACE',''
  ) );
#9594 = PCURVE('',#2554,#9595);
#9595 = DEFINITIONAL_REPRESENTATION('',(#9596),#9600);
#9596 = LINE('',#9597,#9598);
#9597 = CARTESIAN_POINT('',(0.,-0.));
#9598 = VECTOR('',#9599,1.);
#9599 = DIRECTION('',(0.,1.));
#9600 = ( GEOMETRIC_REPRESENTATION_CONTEXT(2) 
PARAMETRIC_REPRESENTATION_CONTEXT() REPRESENTATION_CONTEXT('2D SPACE',''
  ) );
#9601 = ORIENTED_EDGE('',*,*,#4696,.T.);
#9602 = ORIENTED_EDGE('',*,*,#9581,.T.);
#9603 = ADVANCED_FACE('',(#9604),#3234,.F.);
#9604 = FACE_BOUND('',#9605,.F.);
#9605 = EDGE_LOOP('',(#9606,#9607,#9608,#9609));
#9606 = ORIENTED_EDGE('',*,*,#3308,.T.);
#9607 = ORIENTED_EDGE('',*,*,#5083,.T.);
#9608 = ORIENTED_EDGE('',*,*,#3219,.T.);
#9609 = ORIENTED_EDGE('',*,*,#5622,.F.);
#9610 = ADVANCED_FACE('',(#9611),#3058,.F.);
#9611 = FACE_BOUND('',#9612,.F.);
#9612 = EDGE_LOOP('',(#9613,#9614,#9615,#9616));
#9613 = ORIENTED_EDGE('',*,*,#6419,.T.);
#9614 = ORIENTED_EDGE('',*,*,#3043,.T.);
#9615 = ORIENTED_EDGE('',*,*,#6897,.F.);
#9616 = ORIENTED_EDGE('',*,*,#3132,.T.);
#9617 = ADVANCED_FACE('',(#9618),#2882,.F.);
#9618 = FACE_BOUND('',#9619,.F.);
#9619 = EDGE_LOOP('',(#9620,#9621,#9622,#9623));
#9620 = ORIENTED_EDGE('',*,*,#2956,.T.);
#9621 = ORIENTED_EDGE('',*,*,#7399,.T.);
#9622 = ORIENTED_EDGE('',*,*,#2867,.T.);
#9623 = ORIENTED_EDGE('',*,*,#7914,.F.);
#9624 = ADVANCED_FACE('',(#9625),#2706,.F.);
#9625 = FACE_BOUND('',#9626,.F.);
#9626 = EDGE_LOOP('',(#9627,#9628,#9629,#9630));
#9627 = ORIENTED_EDGE('',*,*,#2780,.T.);
#9628 = ORIENTED_EDGE('',*,*,#8455,.T.);
#9629 = ORIENTED_EDGE('',*,*,#2691,.T.);
#9630 = ORIENTED_EDGE('',*,*,#8994,.F.);
#9631 = ADVANCED_FACE('',(#9632,#9635),#5014,.T.);
#9632 = FACE_BOUND('',#9633,.T.);
#9633 = EDGE_LOOP('',(#9634));
#9634 = ORIENTED_EDGE('',*,*,#4999,.T.);
#9635 = FACE_BOUND('',#9636,.T.);
#9636 = EDGE_LOOP('',(#9637));
#9637 = ORIENTED_EDGE('',*,*,#5527,.F.);
#9638 = ADVANCED_FACE('',(#9639),#5234,.F.);
#9639 = FACE_BOUND('',#9640,.F.);
#9640 = EDGE_LOOP('',(#9641,#9642,#9663,#9664));
#9641 = ORIENTED_EDGE('',*,*,#5108,.F.);
#9642 = ORIENTED_EDGE('',*,*,#9643,.F.);
#9643 = EDGE_CURVE('',#5671,#5109,#9644,.T.);
#9644 = SEAM_CURVE('',#9645,(#9649,#9656),.PCURVE_S1.);
#9645 = LINE('',#9646,#9647);
#9646 = CARTESIAN_POINT('',(-32.9,-60.62,-20.));
#9647 = VECTOR('',#9648,1.);
#9648 = DIRECTION('',(0.,0.,1.));
#9649 = PCURVE('',#5234,#9650);
#9650 = DEFINITIONAL_REPRESENTATION('',(#9651),#9655);
#9651 = LINE('',#9652,#9653);
#9652 = CARTESIAN_POINT('',(6.28318530718,-0.));
#9653 = VECTOR('',#9654,1.);
#9654 = DIRECTION('',(0.,1.));
#9655 = ( GEOMETRIC_REPRESENTATION_CONTEXT(2) 
PARAMETRIC_REPRESENTATION_CONTEXT() REPRESENTATION_CONTEXT('2D SPACE',''
  ) );
#9656 = PCURVE('',#5234,#9657);
#9657 = DEFINITIONAL_REPRESENTATION('',(#9658),#9662);
#9658 = LINE('',#9659,#9660);
#9659 = CARTESIAN_POINT('',(0.,-0.));
#9660 = VECTOR('',#9661,1.);
#9661 = DIRECTION('',(0.,1.));
#9662 = ( GEOMETRIC_REPRESENTATION_CONTEXT(2) 
PARAMETRIC_REPRESENTATION_CONTEXT() REPRESENTATION_CONTEXT('2D SPACE',''
  ) );
#9663 = ORIENTED_EDGE('',*,*,#5670,.T.);
#9664 = ORIENTED_EDGE('',*,*,#9643,.T.);
#9665 = ADVANCED_FACE('',(#9666),#5429,.F.);
#9666 = FACE_BOUND('',#9667,.F.);
#9667 = EDGE_LOOP('',(#9668,#9669,#9690,#9691));
#9668 = ORIENTED_EDGE('',*,*,#5860,.F.);
#9669 = ORIENTED_EDGE('',*,*,#9670,.F.);
#9670 = EDGE_CURVE('',#5304,#5861,#9671,.T.);
#9671 = SEAM_CURVE('',#9672,(#9676,#9683),.PCURVE_S1.);
#9672 = LINE('',#9673,#9674);
#9673 = CARTESIAN_POINT('',(-32.9,-60.62,-20.));
#9674 = VECTOR('',#9675,1.);
#9675 = DIRECTION('',(0.,0.,1.));
#9676 = PCURVE('',#5429,#9677);
#9677 = DEFINITIONAL_REPRESENTATION('',(#9678),#9682);
#9678 = LINE('',#9679,#9680);
#9679 = CARTESIAN_POINT('',(6.28318530718,-0.));
#9680 = VECTOR('',#9681,1.);
#9681 = DIRECTION('',(0.,1.));
#9682 = ( GEOMETRIC_REPRESENTATION_CONTEXT(2) 
PARAMETRIC_REPRESENTATION_CONTEXT() REPRESENTATION_CONTEXT('2D SPACE',''
  ) );
#9683 = PCURVE('',#5429,#9684);
#9684 = DEFINITIONAL_REPRESENTATION('',(#9685),#9689);
#9685 = LINE('',#9686,#9687);
#9686 = CARTESIAN_POINT('',(0.,-0.));
#9687 = VECTOR('',#9688,1.);
#9688 = DIRECTION('',(0.,1.));
#9689 = ( GEOMETRIC_REPRESENTATION_CONTEXT(2) 
PARAMETRIC_REPRESENTATION_CONTEXT() REPRESENTATION_CONTEXT('2D SPACE',''
  ) );
#9690 = ORIENTED_EDGE('',*,*,#5303,.T.);
#9691 = ORIENTED_EDGE('',*,*,#9670,.T.);
#9692 = ADVANCED_FACE('',(#9693),#6217,.F.);
#9693 = FACE_BOUND('',#9694,.F.);
#9694 = EDGE_LOOP('',(#9695,#9696,#9717,#9718,#9719,#9720));
#9695 = ORIENTED_EDGE('',*,*,#6945,.F.);
#9696 = ORIENTED_EDGE('',*,*,#9697,.F.);
#9697 = EDGE_CURVE('',#6133,#6760,#9698,.T.);
#9698 = SEAM_CURVE('',#9699,(#9703,#9710),.PCURVE_S1.);
#9699 = LINE('',#9700,#9701);
#9700 = CARTESIAN_POINT('',(-67.9,-5.143516556419E-16,-20.));
#9701 = VECTOR('',#9702,1.);
#9702 = DIRECTION('',(0.,0.,1.));
#9703 = PCURVE('',#6217,#9704);
#9704 = DEFINITIONAL_REPRESENTATION('',(#9705),#9709);
#9705 = LINE('',#9706,#9707);
#9706 = CARTESIAN_POINT('',(6.28318530718,-0.));
#9707 = VECTOR('',#9708,1.);
#9708 = DIRECTION('',(0.,1.));
#9709 = ( GEOMETRIC_REPRESENTATION_CONTEXT(2) 
PARAMETRIC_REPRESENTATION_CONTEXT() REPRESENTATION_CONTEXT('2D SPACE',''
  ) );
#9710 = PCURVE('',#6217,#9711);
#9711 = DEFINITIONAL_REPRESENTATION('',(#9712),#9716);
#9712 = LINE('',#9713,#9714);
#9713 = CARTESIAN_POINT('',(0.,-0.));
#9714 = VECTOR('',#9715,1.);
#9715 = DIRECTION('',(0.,1.));
#9716 = ( GEOMETRIC_REPRESENTATION_CONTEXT(2) 
PARAMETRIC_REPRESENTATION_CONTEXT() REPRESENTATION_CONTEXT('2D SPACE',''
  ) );
#9717 = ORIENTED_EDGE('',*,*,#6155,.T.);
#9718 = ORIENTED_EDGE('',*,*,#6303,.T.);
#9719 = ORIENTED_EDGE('',*,*,#9697,.T.);
#9720 = ORIENTED_EDGE('',*,*,#6759,.F.);
#9721 = ADVANCED_FACE('',(#9722,#9725),#6290,.T.);
#9722 = FACE_BOUND('',#9723,.T.);
#9723 = EDGE_LOOP('',(#9724));
#9724 = ORIENTED_EDGE('',*,*,#6275,.T.);
#9725 = FACE_BOUND('',#9726,.T.);
#9726 = EDGE_LOOP('',(#9727));
#9727 = ORIENTED_EDGE('',*,*,#6712,.F.);
#9728 = ADVANCED_FACE('',(#9729),#6597,.F.);
#9729 = FACE_BOUND('',#9730,.F.);
#9730 = EDGE_LOOP('',(#9731,#9732,#9753,#9754));
#9731 = ORIENTED_EDGE('',*,*,#6487,.F.);
#9732 = ORIENTED_EDGE('',*,*,#9733,.F.);
#9733 = EDGE_CURVE('',#7039,#6488,#9734,.T.);
#9734 = SEAM_CURVE('',#9735,(#9739,#9746),.PCURVE_S1.);
#9735 = LINE('',#9736,#9737);
#9736 = CARTESIAN_POINT('',(-67.9,-5.143516556419E-16,-20.));
#9737 = VECTOR('',#9738,1.);
#9738 = DIRECTION('',(0.,0.,1.));
#9739 = PCURVE('',#6597,#9740);
#9740 = DEFINITIONAL_REPRESENTATION('',(#9741),#9745);
#9741 = LINE('',#9742,#9743);
#9742 = CARTESIAN_POINT('',(6.28318530718,-0.));
#9743 = VECTOR('',#9744,1.);
#9744 = DIRECTION('',(0.,1.));
#9745 = ( GEOMETRIC_REPRESENTATION_CONTEXT(2) 
PARAMETRIC_REPRESENTATION_CONTEXT() REPRESENTATION_CONTEXT('2D SPACE',''
  ) );
#9746 = PCURVE('',#6597,#9747);
#9747 = DEFINITIONAL_REPRESENTATION('',(#9748),#9752);
#9748 = LINE('',#9749,#9750);
#9749 = CARTESIAN_POINT('',(0.,-0.));
#9750 = VECTOR('',#9751,1.);
#9751 = DIRECTION('',(0.,1.));
#9752 = ( GEOMETRIC_REPRESENTATION_CONTEXT(2) 
PARAMETRIC_REPRESENTATION_CONTEXT() REPRESENTATION_CONTEXT('2D SPACE',''
  ) );
#9753 = ORIENTED_EDGE('',*,*,#7038,.T.);
#9754 = ORIENTED_EDGE('',*,*,#9733,.T.);
#9755 = ADVANCED_FACE('',(#9756,#9759),#7330,.T.);
#9756 = FACE_BOUND('',#9757,.T.);
#9757 = EDGE_LOOP('',(#9758));
#9758 = ORIENTED_EDGE('',*,*,#7315,.T.);
#9759 = FACE_BOUND('',#9760,.T.);
#9760 = EDGE_LOOP('',(#9761));
#9761 = ORIENTED_EDGE('',*,*,#7819,.F.);
#9762 = ADVANCED_FACE('',(#9763),#7550,.F.);
#9763 = FACE_BOUND('',#9764,.F.);
#9764 = EDGE_LOOP('',(#9765,#9766,#9787,#9788));
#9765 = ORIENTED_EDGE('',*,*,#8128,.F.);
#9766 = ORIENTED_EDGE('',*,*,#9767,.F.);
#9767 = EDGE_CURVE('',#7425,#8129,#9768,.T.);
#9768 = SEAM_CURVE('',#9769,(#9773,#9780),.PCURVE_S1.);
#9769 = LINE('',#9770,#9771);
#9770 = CARTESIAN_POINT('',(-32.9,60.62,-20.));
#9771 = VECTOR('',#9772,1.);
#9772 = DIRECTION('',(0.,0.,1.));
#9773 = PCURVE('',#7550,#9774);
#9774 = DEFINITIONAL_REPRESENTATION('',(#9775),#9779);
#9775 = LINE('',#9776,#9777);
#9776 = CARTESIAN_POINT('',(6.28318530718,-0.));
#9777 = VECTOR('',#9778,1.);
#9778 = DIRECTION('',(0.,1.));
#9779 = ( GEOMETRIC_REPRESENTATION_CONTEXT(2) 
PARAMETRIC_REPRESENTATION_CONTEXT() REPRESENTATION_CONTEXT('2D SPACE',''
  ) );
#9780 = PCURVE('',#7550,#9781);
#9781 = DEFINITIONAL_REPRESENTATION('',(#9782),#9786);
#9782 = LINE('',#9783,#9784);
#9783 = CARTESIAN_POINT('',(0.,-0.));
#9784 = VECTOR('',#9785,1.);
#9785 = DIRECTION('',(0.,1.));
#9786 = ( GEOMETRIC_REPRESENTATION_CONTEXT(2) 
PARAMETRIC_REPRESENTATION_CONTEXT() REPRESENTATION_CONTEXT('2D SPACE',''
  ) );
#9787 = ORIENTED_EDGE('',*,*,#7424,.T.);
#9788 = ORIENTED_EDGE('',*,*,#9767,.T.);
#9789 = ADVANCED_FACE('',(#9790),#7729,.F.);
#9790 = FACE_BOUND('',#9791,.F.);
#9791 = EDGE_LOOP('',(#9792,#9793,#9814,#9815));
#9792 = ORIENTED_EDGE('',*,*,#7619,.F.);
#9793 = ORIENTED_EDGE('',*,*,#9794,.F.);
#9794 = EDGE_CURVE('',#7963,#7620,#9795,.T.);
#9795 = SEAM_CURVE('',#9796,(#9800,#9807),.PCURVE_S1.);
#9796 = LINE('',#9797,#9798);
#9797 = CARTESIAN_POINT('',(-32.9,60.62,-20.));
#9798 = VECTOR('',#9799,1.);
#9799 = DIRECTION('',(0.,0.,1.));
#9800 = PCURVE('',#7729,#9801);
#9801 = DEFINITIONAL_REPRESENTATION('',(#9802),#9806);
#9802 = LINE('',#9803,#9804);
#9803 = CARTESIAN_POINT('',(6.28318530718,-0.));
#9804 = VECTOR('',#9805,1.);
#9805 = DIRECTION('',(0.,1.));
#9806 = ( GEOMETRIC_REPRESENTATION_CONTEXT(2) 
PARAMETRIC_REPRESENTATION_CONTEXT() REPRESENTATION_CONTEXT('2D SPACE',''
  ) );
#9807 = PCURVE('',#7729,#9808);
#9808 = DEFINITIONAL_REPRESENTATION('',(#9809),#9813);
#9809 = LINE('',#9810,#9811);
#9810 = CARTESIAN_POINT('',(0.,-0.));
#9811 = VECTOR('',#9812,1.);
#9812 = DIRECTION('',(0.,1.));
#9813 = ( GEOMETRIC_REPRESENTATION_CONTEXT(2) 
PARAMETRIC_REPRESENTATION_CONTEXT() REPRESENTATION_CONTEXT('2D SPACE',''
  ) );
#9814 = ORIENTED_EDGE('',*,*,#7962,.T.);
#9815 = ORIENTED_EDGE('',*,*,#9794,.T.);
#9816 = ADVANCED_FACE('',(#9817,#9820),#8415,.T.);
#9817 = FACE_BOUND('',#9818,.T.);
#9818 = EDGE_LOOP('',(#9819));
#9819 = ORIENTED_EDGE('',*,*,#8400,.T.);
#9820 = FACE_BOUND('',#9821,.T.);
#9821 = EDGE_LOOP('',(#9822));
#9822 = ORIENTED_EDGE('',*,*,#8899,.F.);
#9823 = ADVANCED_FACE('',(#9824),#8606,.F.);
#9824 = FACE_BOUND('',#9825,.F.);
#9825 = EDGE_LOOP('',(#9826,#9827,#9848,#9849));
#9826 = ORIENTED_EDGE('',*,*,#9042,.F.);
#9827 = ORIENTED_EDGE('',*,*,#9828,.F.);
#9828 = EDGE_CURVE('',#8481,#9043,#9829,.T.);
#9829 = SEAM_CURVE('',#9830,(#9834,#9841),.PCURVE_S1.);
#9830 = LINE('',#9831,#9832);
#9831 = CARTESIAN_POINT('',(37.1,60.62,-20.));
#9832 = VECTOR('',#9833,1.);
#9833 = DIRECTION('',(0.,0.,1.));
#9834 = PCURVE('',#8606,#9835);
#9835 = DEFINITIONAL_REPRESENTATION('',(#9836),#9840);
#9836 = LINE('',#9837,#9838);
#9837 = CARTESIAN_POINT('',(6.28318530718,-0.));
#9838 = VECTOR('',#9839,1.);
#9839 = DIRECTION('',(0.,1.));
#9840 = ( GEOMETRIC_REPRESENTATION_CONTEXT(2) 
PARAMETRIC_REPRESENTATION_CONTEXT() REPRESENTATION_CONTEXT('2D SPACE',''
  ) );
#9841 = PCURVE('',#8606,#9842);
#9842 = DEFINITIONAL_REPRESENTATION('',(#9843),#9847);
#9843 = LINE('',#9844,#9845);
#9844 = CARTESIAN_POINT('',(0.,-0.));
#9845 = VECTOR('',#9846,1.);
#9846 = DIRECTION('',(0.,1.));
#9847 = ( GEOMETRIC_REPRESENTATION_CONTEXT(2) 
PARAMETRIC_REPRESENTATION_CONTEXT() REPRESENTATION_CONTEXT('2D SPACE',''
  ) );
#9848 = ORIENTED_EDGE('',*,*,#8480,.T.);
#9849 = ORIENTED_EDGE('',*,*,#9828,.T.);
#9850 = ADVANCED_FACE('',(#9851),#8801,.F.);
#9851 = FACE_BOUND('',#9852,.F.);
#9852 = EDGE_LOOP('',(#9853,#9854,#9875,#9876));
#9853 = ORIENTED_EDGE('',*,*,#8675,.F.);
#9854 = ORIENTED_EDGE('',*,*,#9855,.F.);
#9855 = EDGE_CURVE('',#9233,#8676,#9856,.T.);
#9856 = SEAM_CURVE('',#9857,(#9861,#9868),.PCURVE_S1.);
#9857 = LINE('',#9858,#9859);
#9858 = CARTESIAN_POINT('',(37.1,60.62,-20.));
#9859 = VECTOR('',#9860,1.);
#9860 = DIRECTION('',(0.,0.,1.));
#9861 = PCURVE('',#8801,#9862);
#9862 = DEFINITIONAL_REPRESENTATION('',(#9863),#9867);
#9863 = LINE('',#9864,#9865);
#9864 = CARTESIAN_POINT('',(6.28318530718,-0.));
#9865 = VECTOR('',#9866,1.);
#9866 = DIRECTION('',(0.,1.));
#9867 = ( GEOMETRIC_REPRESENTATION_CONTEXT(2) 
PARAMETRIC_REPRESENTATION_CONTEXT() REPRESENTATION_CONTEXT('2D SPACE',''
  ) );
#9868 = PCURVE('',#8801,#9869);
#9869 = DEFINITIONAL_REPRESENTATION('',(#9870),#9874);
#9870 = LINE('',#9871,#9872);
#9871 = CARTESIAN_POINT('',(0.,-0.));
#9872 = VECTOR('',#9873,1.);
#9873 = DIRECTION('',(0.,1.));
#9874 = ( GEOMETRIC_REPRESENTATION_CONTEXT(2) 
PARAMETRIC_REPRESENTATION_CONTEXT() REPRESENTATION_CONTEXT('2D SPACE',''
  ) );
#9875 = ORIENTED_EDGE('',*,*,#9232,.T.);
#9876 = ORIENTED_EDGE('',*,*,#9855,.T.);
#9877 = ( GEOMETRIC_REPRESENTATION_CONTEXT(3) 
GLOBAL_UNCERTAINTY_ASSIGNED_CONTEXT((#9881)) 
GLOBAL_UNIT_ASSIGNED_CONTEXT((#9878,#9879,#9880)) REPRESENTATION_CONTEXT
('Context #1','3D Context with UNIT and UNCERTAINTY') );
#9878 = ( LENGTH_UNIT() NAMED_UNIT(*) SI_UNIT(.MILLI.,.METRE.) );
#9879 = ( NAMED_UNIT(*) PLANE_ANGLE_UNIT() SI_UNIT($,.RADIAN.) );
#9880 = ( NAMED_UNIT(*) SI_UNIT($,.STERADIAN.) SOLID_ANGLE_UNIT() );
#9881 = UNCERTAINTY_MEASURE_WITH_UNIT(LENGTH_MEASURE(1.E-07),#9878,
  'distance_accuracy_value','confusion accuracy');
#9882 = PRODUCT_RELATED_PRODUCT_CATEGORY('part',$,(#7));
ENDSEC;
END-ISO-10303-21;
